unit_id	biological_sample_id	library_id	clade_name	taxon_level	ncbi_tax_id	relative_abundance_percent	relative_abundance_fraction	status	host_adjustment_eligibility
SID31160	SID31160	donor_combined_disjoint_clean_reads	UNCLASSIFIED	unclassified	-1	19.612954	0.19612954	assessed	provisional
SID31160	SID31160	donor_combined_disjoint_clean_reads	k__Bacteria|p__Firmicutes|c__Clostridia|o__Lachnospirales|f__Lachnospiraceae|g__Blautia|s__Blautia_obeum	species	2|1239|186801|3085636|186803|572511|40520	5.223761	0.05223761	assessed	provisional
SID31160	SID31160	donor_combined_disjoint_clean_reads	k__Bacteria|p__Firmicutes|c__Clostridia|o__Lachnospirales|f__Lachnospiraceae|g__Anaerostipes|s__Anaerostipes_hadrus	species	2|1239|186801|3085636|186803|207244|649756	4.53452	0.045345199999999995	assessed	provisional
SID31160	SID31160	donor_combined_disjoint_clean_reads	k__Bacteria|p__Firmicutes|c__Clostridia|o__Eubacteriales|f__Eubacteriales_incertae_sedis|g__Candidatus_Cibionibacter|s__Candidatus_Cibionibacter_quicibialis	species	2|1239|186801|186802|538999|2527773|2500537	4.397149	0.043971489999999995	assessed	provisional
SID31160	SID31160	donor_combined_disjoint_clean_reads	k__Bacteria|p__Firmicutes|c__Clostridia|o__Eubacteriales|f__Oscillospiraceae|g__Ruminococcus|s__Ruminococcus_bromii	species	2|1239|186801|186802|216572|1263|40518	3.818697	0.03818697	assessed	provisional
SID31160	SID31160	donor_combined_disjoint_clean_reads	k__Bacteria|p__Firmicutes|c__Clostridia|o__Eubacteriales|f__Oscillospiraceae|g__Faecalibacterium|s__Faecalibacterium_prausnitzii	species	2|1239|186801|186802|216572|216851|853	3.6149	0.036149	assessed	provisional
SID31160	SID31160	donor_combined_disjoint_clean_reads	k__Bacteria|p__Firmicutes|c__Clostridia|o__Lachnospirales|f__Lachnospiraceae|g__Blautia|s__Blautia_wexlerae	species	2|1239|186801|3085636|186803|572511|418240	2.310227	0.023102269999999998	assessed	provisional
SID31160	SID31160	donor_combined_disjoint_clean_reads	k__Bacteria|p__Firmicutes|c__CFGB8140|o__OFGB8140|f__FGB8140|g__GGB3755|s__GGB3755_SGB5104	species	2|1239|||||	2.290681	0.022906810000000003	assessed	provisional
SID31160	SID31160	donor_combined_disjoint_clean_reads	k__Bacteria|p__Firmicutes|c__Clostridia|o__Lachnospirales|f__Lachnospiraceae|g__Dorea|s__Dorea_longicatena	species	2|1239|186801|3085636|186803|189330|88431	2.098557	0.02098557	assessed	provisional
SID31160	SID31160	donor_combined_disjoint_clean_reads	k__Bacteria|p__Firmicutes|c__Clostridia|o__Lachnospirales|f__Lachnospiraceae|g__Blautia|s__Blautia_massiliensis_ex_Durand_et_al_2017	species	2|1239|186801|3085636|186803|572511|1737424	2.088636	0.020886360000000003	assessed	provisional
SID31160	SID31160	donor_combined_disjoint_clean_reads	k__Bacteria|p__Firmicutes|c__Clostridia|o__Lachnospirales|f__Lachnospiraceae|g__Anaerobutyricum|s__Anaerobutyricum_hallii	species	2|1239|186801|3085636|186803|2569097|39488	2.026214	0.020262139999999998	assessed	provisional
SID31160	SID31160	donor_combined_disjoint_clean_reads	k__Bacteria|p__Firmicutes|c__Clostridia|o__Lachnospirales|f__Lachnospiraceae|g__Fusicatenibacter|s__Fusicatenibacter_saccharivorans	species	2|1239|186801|3085636|186803|1407607|1150298	1.987612	0.01987612	assessed	provisional
SID31160	SID31160	donor_combined_disjoint_clean_reads	k__Bacteria|p__Firmicutes|c__Clostridia|o__Eubacteriales|f__Oscillospiraceae|g__Oscillospiraceae_unclassified|s__Oscillospiraceae_unclassified_SGB4196	species	2|1239|186801|186802|216572||	1.55563	0.0155563	assessed	provisional
SID31160	SID31160	donor_combined_disjoint_clean_reads	k__Bacteria|p__Firmicutes|c__CFGB94588|o__OFGB94588|f__FGB94588|g__GGB51647|s__GGB51647_SGB4348	species	2|1239|||||	1.437399	0.014373990000000001	assessed	provisional
SID31160	SID31160	donor_combined_disjoint_clean_reads	k__Bacteria|p__Firmicutes|c__Clostridia|o__Lachnospirales|f__Lachnospiraceae|g__Coprococcus|s__Coprococcus_comes	species	2|1239|186801|3085636|186803|33042|410072	1.42738	0.014273800000000001	assessed	provisional
SID31160	SID31160	donor_combined_disjoint_clean_reads	k__Bacteria|p__Firmicutes|c__CFGB3237|o__OFGB3237|f__FGB3237|g__GGB3236|s__GGB3236_SGB4274	species	2|1239|||||	1.408921	0.014089210000000001	assessed	provisional
SID31160	SID31160	donor_combined_disjoint_clean_reads	k__Bacteria|p__Firmicutes|c__Negativicutes|o__Acidaminococcales|f__Acidaminococcaceae|g__Phascolarctobacterium|s__Phascolarctobacterium_succinatutens	species	2|1239|909932|1843488|909930|33024|626940	1.071508	0.010715079999999998	assessed	provisional
SID31160	SID31160	donor_combined_disjoint_clean_reads	k__Bacteria|p__Firmicutes|c__Clostridia|o__Eubacteriales|f__Oscillospiraceae|g__Faecalibacterium|s__Faecalibacterium_SGB15346	species	2|1239|186801|186802|216572|216851|	1.028148	0.01028148	assessed	provisional
SID31160	SID31160	donor_combined_disjoint_clean_reads	k__Bacteria|p__Firmicutes|c__CFGB1765|o__OFGB1765|f__FGB1765|g__GGB4578|s__GGB4578_SGB6328	species	2|1239|||||	0.972083	0.00972083	assessed	provisional
SID31160	SID31160	donor_combined_disjoint_clean_reads	k__Bacteria|p__Firmicutes|c__CFGB31455|o__OFGB31455|f__FGB31455|g__GGB4699|s__GGB4699_SGB6503	species	2|1239|||||	0.905433	0.009054330000000001	assessed	provisional
SID31160	SID31160	donor_combined_disjoint_clean_reads	k__Bacteria|p__Firmicutes|c__Clostridia|o__Lachnospirales|f__Lachnospiraceae|g__Lachnospiraceae_unclassified|s__Lachnospiraceae_bacterium_AM53_6	species	2|1239|186801|3085636|186803||2998021	0.901432	0.00901432	assessed	provisional
SID31160	SID31160	donor_combined_disjoint_clean_reads	k__Bacteria|p__Firmicutes|c__Erysipelotrichia|o__Erysipelotrichales|f__Erysipelotrichaceae|g__Holdemanella|s__Holdemanella_porci	species	2|1239|526524|526525|128827|1573535|2652276	0.859173	0.008591729999999999	assessed	provisional
SID31160	SID31160	donor_combined_disjoint_clean_reads	k__Bacteria|p__Actinomycetota|c__CFGB84115|o__OFGB84115|f__FGB84115|g__GGB9362|s__GGB9362_SGB14337	species	2|201174|||||	0.855687	0.00855687	assessed	provisional
SID31160	SID31160	donor_combined_disjoint_clean_reads	k__Bacteria|p__Firmicutes|c__Clostridia|o__Eubacteriales|f__Oscillospiraceae|g__Faecalibacterium|s__Faecalibacterium_wellingii	species	2|1239|186801|186802|216572|216851|2929491	0.848889	0.00848889	assessed	provisional
SID31160	SID31160	donor_combined_disjoint_clean_reads	k__Bacteria|p__Firmicutes|c__Clostridia|o__Lachnospirales|f__Lachnospiraceae|g__Anthropogastromicrobium|s__Anthropogastromicrobium_aceti	species	2|1239|186801|3085636|186803|2981630|2981768	0.780272	0.00780272	assessed	provisional
SID31160	SID31160	donor_combined_disjoint_clean_reads	k__Bacteria|p__Firmicutes|c__Clostridia|o__Eubacteriales|f__Oscillospiraceae|g__GGB9603|s__GGB9603_SGB15035	species	2|1239|186801|186802|216572||	0.745978	0.00745978	assessed	provisional
SID31160	SID31160	donor_combined_disjoint_clean_reads	k__Bacteria|p__Actinomycetota|c__Coriobacteriia|o__Eggerthellales|f__Eggerthellaceae|g__GGB9420|s__GGB9420_SGB14786	species	2|201174|84998|1643822|1643826||	0.723184	0.007231840000000001	assessed	provisional
SID31160	SID31160	donor_combined_disjoint_clean_reads	k__Bacteria|p__Firmicutes|c__Clostridia|o__Eubacteriales|f__Oscillospiraceae|g__Vescimonas|s__Vescimonas_SGB15087	species	2|1239|186801|186802|216572|2892396|	0.715052	0.0071505200000000005	assessed	provisional
SID31160	SID31160	donor_combined_disjoint_clean_reads	k__Bacteria|p__Actinomycetota|c__Coriobacteriia|o__Eggerthellales|f__Eggerthellaceae|g__Slackia|s__Slackia_isoflavoniconvertens	species	2|201174|84998|1643822|1643826|84108|572010	0.709364	0.00709364	assessed	provisional
SID31160	SID31160	donor_combined_disjoint_clean_reads	k__Bacteria|p__Actinomycetota|c__Coriobacteriia|o__Coriobacteriales|f__Coriobacteriaceae|g__Collinsella|s__Collinsella_aerofaciens	species	2|201174|84998|84999|84107|102106|74426	0.706777	0.00706777	assessed	provisional
SID31160	SID31160	donor_combined_disjoint_clean_reads	k__Bacteria|p__Firmicutes|c__Clostridia|o__Eubacteriales|f__Eubacteriales_unclassified|g__Gemmiger|s__Gemmiger_SGB15295	species	2|1239|186801|186802||204475|	0.63601	0.0063601	assessed	provisional
SID31160	SID31160	donor_combined_disjoint_clean_reads	k__Bacteria|p__Firmicutes|c__CFGB1765|o__OFGB1765|f__FGB1765|g__GGB4567|s__GGB4567_SGB6308	species	2|1239|||||	0.626543	0.00626543	assessed	provisional
SID31160	SID31160	donor_combined_disjoint_clean_reads	k__Bacteria|p__Firmicutes|c__CFGB3054|o__OFGB3054|f__FGB3054|g__GGB9690|s__GGB9690_SGB15196	species	2|1239|||||	0.622369	0.00622369	assessed	provisional
SID31160	SID31160	donor_combined_disjoint_clean_reads	k__Bacteria|p__Firmicutes|c__Clostridia|o__Eubacteriales|f__Butyricicoccaceae|g__Butyricicoccus|s__Butyricicoccus_intestinisimiae	species	2|1239|186801|186802|3085642|580596|2841509	0.61214	0.0061214	assessed	provisional
SID31160	SID31160	donor_combined_disjoint_clean_reads	k__Bacteria|p__Firmicutes|c__Clostridia|o__Eubacteriales|f__Oscillospiraceae|g__GGB9642|s__GGB9642_SGB15119	species	2|1239|186801|186802|216572||	0.601878	0.0060187800000000005	assessed	provisional
SID31160	SID31160	donor_combined_disjoint_clean_reads	k__Bacteria|p__Firmicutes|c__Clostridia|o__Eubacteriales|f__Beduinellaceae|g__GGB9760|s__GGB9760_SGB15374	species	2|1239|186801|186802|3151707||	0.582094	0.00582094	assessed	provisional
SID31160	SID31160	donor_combined_disjoint_clean_reads	k__Bacteria|p__Firmicutes|c__CFGB79315|o__OFGB79315|f__FGB79315|g__GGB9758|s__GGB9758_SGB15368	species	2|1239|||||	0.561837	0.00561837	assessed	provisional
SID31160	SID31160	donor_combined_disjoint_clean_reads	k__Bacteria|p__Actinomycetota|c__CFGB77988|o__OFGB77988|f__FGB77988|g__GGB9355|s__GGB9355_SGB14328	species	2|201174|||||	0.560655	0.00560655	assessed	provisional
SID31160	SID31160	donor_combined_disjoint_clean_reads	k__Bacteria|p__Bacteroidota|c__CFGB658|o__OFGB658|f__FGB658|g__GGB1627|s__GGB1627_SGB2230	species	2|976|||||	0.534185	0.00534185	assessed	provisional
SID31160	SID31160	donor_combined_disjoint_clean_reads	k__Bacteria|p__Firmicutes|c__Clostridia|o__Lachnospirales|f__Lachnospiraceae|g__GGB3588|s__GGB3588_SGB4808	species	2|1239|186801|3085636|186803||	0.530879	0.00530879	assessed	provisional
SID31160	SID31160	donor_combined_disjoint_clean_reads	k__Bacteria|p__Actinomycetota|c__Coriobacteriia|o__Eggerthellales|f__Eggerthellaceae|g__Ellagibacter|s__Ellagibacter_isourolithinifaciens	species	2|201174|84998|1643822|1643826|2137577|2137581	0.507113	0.00507113	assessed	provisional
SID31160	SID31160	donor_combined_disjoint_clean_reads	k__Bacteria|p__Firmicutes|c__Clostridia|o__Eubacteriales|f__Oscillospiraceae|g__GGB9602|s__GGB9602_SGB15031	species	2|1239|186801|186802|216572||	0.491839	0.00491839	assessed	provisional
SID31160	SID31160	donor_combined_disjoint_clean_reads	k__Bacteria|p__Firmicutes|c__CFGB3054|o__OFGB3054|f__FGB3054|g__GGB9677|s__GGB9677_SGB15180	species	2|1239|||||	0.483385	0.00483385	assessed	provisional
SID31160	SID31160	donor_combined_disjoint_clean_reads	k__Bacteria|p__Firmicutes|c__Clostridia|o__Lachnospirales|f__Lachnospiraceae|g__Oliverpabstia|s__Oliverpabstia_intestinalis	species	2|1239|186801|3085636|186803|2815777|2606633	0.447895	0.00447895	assessed	provisional
SID31160	SID31160	donor_combined_disjoint_clean_reads	k__Bacteria|p__Firmicutes|c__Clostridia|o__Lachnospirales|f__Lachnospiraceae|g__Lachnospiraceae_unclassified|s__Lachnospiraceae_bacterium	species	2|1239|186801|3085636|186803||1898203	0.445818	0.00445818	assessed	provisional
SID31160	SID31160	donor_combined_disjoint_clean_reads	k__Bacteria|p__Firmicutes|c__Clostridia|o__Lachnospirales|f__Lachnospiraceae|g__Roseburia|s__Roseburia_faecis	species	2|1239|186801|3085636|186803|841|301302	0.438284	0.00438284	assessed	provisional
SID31160	SID31160	donor_combined_disjoint_clean_reads	k__Bacteria|p__Firmicutes|c__Clostridia|o__Eubacteriales|f__Eubacteriaceae|g__GGB3278|s__GGB3278_SGB4328	species	2|1239|186801|186802|186806||	0.438045	0.00438045	assessed	provisional
SID31160	SID31160	donor_combined_disjoint_clean_reads	k__Bacteria|p__Firmicutes|c__CFGB2984|o__OFGB2984|f__FGB2984|g__GGB9347|s__GGB9347_SGB14313	species	2|1239|||||	0.407368	0.00407368	assessed	provisional
SID31160	SID31160	donor_combined_disjoint_clean_reads	k__Bacteria|p__Firmicutes|c__Clostridia|o__Eubacteriales|f__Oscillospiraceae|g__Ruminococcus|s__Ruminococcus_callidus	species	2|1239|186801|186802|216572|1263|40519	0.407268	0.00407268	assessed	provisional
SID31160	SID31160	donor_combined_disjoint_clean_reads	k__Archaea|p__Methanobacteriota|c__Methanobacteria|o__Methanobacteriales|f__Methanobacteriaceae|g__Methanobrevibacter|s__Methanobrevibacter_smithii	species	2157|28890|183925|2158|2159|2172|2173	0.40492	0.0040492	assessed	provisional
SID31160	SID31160	donor_combined_disjoint_clean_reads	k__Bacteria|p__Firmicutes|c__CFGB3054|o__OFGB3054|f__FGB3054|g__GGB9715|s__GGB9715_SGB15260	species	2|1239|||||	0.379509	0.0037950899999999997	assessed	provisional
SID31160	SID31160	donor_combined_disjoint_clean_reads	k__Bacteria|p__Firmicutes|c__Clostridia|o__Eubacteriales|f__Butyricicoccaceae|g__Agathobaculum|s__Agathobaculum_butyriciproducens	species	2|1239|186801|186802|3085642|2048137|1628085	0.364854	0.00364854	assessed	provisional
SID31160	SID31160	donor_combined_disjoint_clean_reads	k__Bacteria|p__Spirochaetota|c__Spirochaetia|o__Spirochaetales|f__Treponemataceae|g__Treponema|s__Treponema_berlinense	species	2|203691|203692|136|2845253|157|225004	0.34949	0.0034949000000000004	assessed	provisional
SID31160	SID31160	donor_combined_disjoint_clean_reads	k__Bacteria|p__Firmicutes|c__Clostridia|o__Lachnospirales|f__Lachnospiraceae|g__GGB99810|s__GGB99810_SGB4966	species	2|1239|186801|3085636|186803||	0.345663	0.00345663	assessed	provisional
SID31160	SID31160	donor_combined_disjoint_clean_reads	k__Bacteria|p__Firmicutes|c__Clostridia|o__Lachnospirales|f__Lachnospiraceae|g__Dorea|s__Dorea_SGB74345	species	2|1239|186801|3085636|186803|189330|	0.345171	0.00345171	assessed	provisional
SID31160	SID31160	donor_combined_disjoint_clean_reads	k__Bacteria|p__Firmicutes|c__Clostridia|o__Lachnospirales|f__Lachnospiraceae|g__Gallintestinimicrobium|s__Gallintestinimicrobium_propionicum	species	2|1239|186801|3085636|186803|2981633|2981770	0.330998	0.00330998	assessed	provisional
SID31160	SID31160	donor_combined_disjoint_clean_reads	k__Bacteria|p__Firmicutes|c__Clostridia|o__Lachnospirales|f__Lachnospiraceae|g__Faecalicatena|s__Faecalicatena_SGB4872	species	2|1239|186801|3085636|186803|2005359|	0.3187	0.0031869999999999997	assessed	provisional
SID31160	SID31160	donor_combined_disjoint_clean_reads	k__Bacteria|p__Firmicutes|c__Clostridia|o__Lachnospirales|f__Lachnospiraceae|g__Jingyaoa|s__Jingyaoa_SGB47657	species	2|1239|186801|3085636|186803|2944197|	0.318403	0.00318403	assessed	provisional
SID31160	SID31160	donor_combined_disjoint_clean_reads	k__Bacteria|p__Firmicutes|c__Clostridia|o__Eubacteriales|f__Oscillospiraceae|g__Hominenteromicrobium|s__Hominenteromicrobium_mulieris	species	2|1239|186801|186802|216572|3073575|2885357	0.314678	0.00314678	assessed	provisional
SID31160	SID31160	donor_combined_disjoint_clean_reads	k__Bacteria|p__Firmicutes|c__Clostridia|o__Lachnospirales|f__Lachnospiraceae|g__Dorea|s__Dorea_formicigenerans	species	2|1239|186801|3085636|186803|189330|39486	0.289767	0.0028976699999999998	assessed	provisional
SID31160	SID31160	donor_combined_disjoint_clean_reads	k__Bacteria|p__Firmicutes|c__CFGB9989|o__OFGB9989|f__FGB9989|g__GGB9712|s__GGB9712_SGB15244	species	2|1239|||||	0.288842	0.00288842	assessed	provisional
SID31160	SID31160	donor_combined_disjoint_clean_reads	k__Bacteria|p__Firmicutes|c__Clostridia|o__Lachnospirales|f__Lachnospiraceae|g__Dorea|s__Dorea_sp_AF36_15AT	species	2|1239|186801|3085636|186803|189330|2292041	0.275083	0.00275083	assessed	provisional
SID31160	SID31160	donor_combined_disjoint_clean_reads	k__Bacteria|p__Firmicutes|c__CFGB14936|o__OFGB14936|f__FGB14936|g__GGB3256|s__GGB3256_SGB4303	species	2|1239|||||	0.273145	0.0027314500000000003	assessed	provisional
SID31160	SID31160	donor_combined_disjoint_clean_reads	k__Bacteria|p__Firmicutes|c__Clostridia|o__Eubacteriales|f__Oscillospiraceae|g__GGB143497|s__GGB143497_SGB15224	species	2|1239|186801|186802|216572||	0.266104	0.00266104	assessed	provisional
SID31160	SID31160	donor_combined_disjoint_clean_reads	k__Bacteria|p__Firmicutes|c__CFGB3062|o__OFGB3062|f__FGB3062|g__GGB9747|s__GGB9747_SGB15356	species	2|1239|||||	0.245017	0.00245017	assessed	provisional
SID31160	SID31160	donor_combined_disjoint_clean_reads	k__Bacteria|p__Firmicutes|c__CFGB1473|o__OFGB1473|f__FGB1473|g__GGB3730|s__GGB3730_SGB5060	species	2|1239|||||	0.232789	0.00232789	assessed	provisional
SID31160	SID31160	donor_combined_disjoint_clean_reads	k__Bacteria|p__Bacteroidota|c__Bacteroidia|o__Bacteroidales|f__Prevotellaceae|g__Hallella|s__Hallella_faecis	species	2|976|200643|171549|171552|52228|2841596	0.229431	0.00229431	assessed	provisional
SID31160	SID31160	donor_combined_disjoint_clean_reads	k__Bacteria|p__Bacteroidota|c__Bacteroidia|o__Bacteroidales|f__Bacteroidaceae|g__Bacteroides|s__Bacteroides_uniformis	species	2|976|200643|171549|815|816|820	0.225517	0.00225517	assessed	provisional
SID31160	SID31160	donor_combined_disjoint_clean_reads	k__Bacteria|p__Firmicutes|c__CFGB9989|o__OFGB9989|f__FGB9989|g__GGB9711|s__GGB9711_SGB15240	species	2|1239|||||	0.21802	0.0021801999999999998	assessed	provisional
SID31160	SID31160	donor_combined_disjoint_clean_reads	k__Bacteria|p__Firmicutes|c__Clostridia|o__Lachnospirales|f__Lachnospiraceae|g__Blautia|s__Blautia_faecis	species	2|1239|186801|3085636|186803|572511|871665	0.212537	0.00212537	assessed	provisional
SID31160	SID31160	donor_combined_disjoint_clean_reads	k__Bacteria|p__Actinomycetota|c__Coriobacteriia|o__Eggerthellales|f__Eggerthellaceae|g__Adlercreutzia|s__Adlercreutzia_equolifaciens	species	2|201174|84998|1643822|1643826|447020|446660	0.204241	0.00204241	assessed	provisional
SID31160	SID31160	donor_combined_disjoint_clean_reads	k__Bacteria|p__Firmicutes|c__CFGB79291|o__OFGB79291|f__FGB79291|g__GGB9522|s__GGB9522_SGB14921	species	2|1239|||||	0.201104	0.00201104	assessed	provisional
SID31160	SID31160	donor_combined_disjoint_clean_reads	k__Bacteria|p__Actinomycetota|c__Coriobacteriia|o__Coriobacteriales|f__Coriobacteriaceae|g__Senegalimassilia|s__Senegalimassilia_anaerobia	species	2|201174|84998|84999|84107|1473205|1473216	0.200936	0.00200936	assessed	provisional
SID31160	SID31160	donor_combined_disjoint_clean_reads	k__Bacteria|p__Firmicutes|c__Clostridia|o__Lachnospirales|f__Lachnospiraceae|g__Lachnospiraceae_unclassified|s__Lachnospiraceae_bacterium_OM04_12BH	species	2|1239|186801|3085636|186803||2292272	0.188021	0.00188021	assessed	provisional
SID31160	SID31160	donor_combined_disjoint_clean_reads	k__Bacteria|p__Firmicutes|c__Clostridia|o__Eubacteriales|f__Oscillospiraceae|g__GGB3169|s__GGB3169_SGB4183	species	2|1239|186801|186802|216572||	0.186311	0.00186311	assessed	provisional
SID31160	SID31160	donor_combined_disjoint_clean_reads	k__Bacteria|p__Firmicutes|c__Clostridia|o__Lachnospirales|f__Lachnospiraceae|g__Blautia|s__Blautia_sp_OF03_15BH	species	2|1239|186801|3085636|186803|572511|2292287	0.183551	0.0018355099999999998	assessed	provisional
SID31160	SID31160	donor_combined_disjoint_clean_reads	k__Bacteria|p__Firmicutes|c__Clostridia|o__Lachnospirales|f__Lachnospiraceae|g__Lachnospiraceae_unclassified|s__Lachnospiraceae_bacterium_OM14_6A	species	2|1239|186801|3085636|186803||2998047	0.183184	0.0018318400000000002	assessed	provisional
SID31160	SID31160	donor_combined_disjoint_clean_reads	k__Bacteria|p__Firmicutes|c__Clostridia|o__Lachnospirales|f__Lachnospiraceae|g__GGB3619|s__GGB3619_SGB4894	species	2|1239|186801|3085636|186803||	0.172031	0.0017203099999999999	assessed	provisional
SID31160	SID31160	donor_combined_disjoint_clean_reads	k__Bacteria|p__Firmicutes|c__CFGB9660|o__OFGB9660|f__FGB9660|g__GGB3490|s__GGB3490_SGB4664	species	2|1239|||||	0.171821	0.00171821	assessed	provisional
SID31160	SID31160	donor_combined_disjoint_clean_reads	k__Bacteria|p__Firmicutes|c__CFGB9345|o__OFGB9345|f__FGB9345|g__GGB9345|s__GGB9345_SGB14311	species	2|1239|||||	0.164508	0.00164508	assessed	provisional
SID31160	SID31160	donor_combined_disjoint_clean_reads	k__Bacteria|p__Firmicutes|c__Clostridia|o__Eubacteriales|f__Oscillospiraceae|g__GGB81330|s__GGB81330_SGB15022	species	2|1239|186801|186802|216572||	0.160466	0.00160466	assessed	provisional
SID31160	SID31160	donor_combined_disjoint_clean_reads	k__Bacteria|p__Firmicutes|c__Clostridia|o__Eubacteriales|f__Oscillospiraceae|g__GGB9634|s__GGB9634_SGB15106	species	2|1239|186801|186802|216572||	0.154626	0.00154626	assessed	provisional
SID31160	SID31160	donor_combined_disjoint_clean_reads	k__Bacteria|p__Firmicutes|c__Clostridia|o__Eubacteriales|f__Oscillospiraceae|g__Oscillibacter|s__Oscillibacter_sp_ER4	species	2|1239|186801|186802|216572|459786|1519439	0.151115	0.00151115	assessed	provisional
SID31160	SID31160	donor_combined_disjoint_clean_reads	k__Bacteria|p__Firmicutes|c__CFGB3048|o__OFGB3048|f__FGB3048|g__GGB9561|s__GGB9561_SGB14972	species	2|1239|||||	0.146408	0.0014640800000000002	assessed	provisional
SID31160	SID31160	donor_combined_disjoint_clean_reads	k__Bacteria|p__Firmicutes|c__Clostridia|o__Eubacteriales|f__Oscillospiraceae|g__GGB9730|s__GGB9730_SGB15291	species	2|1239|186801|186802|216572||	0.143229	0.00143229	assessed	provisional
SID31160	SID31160	donor_combined_disjoint_clean_reads	k__Bacteria|p__Firmicutes|c__CFGB94751|o__OFGB94751|f__FGB94751|g__GGB4672|s__GGB4672_SGB6461	species	2|1239|||||	0.141389	0.00141389	assessed	provisional
SID31160	SID31160	donor_combined_disjoint_clean_reads	k__Bacteria|p__Firmicutes|c__Clostridia|o__Lachnospirales|f__Lachnospiraceae|g__Coprococcus|s__Coprococcus_eutactus	species	2|1239|186801|3085636|186803|33042|33043	0.138587	0.00138587	assessed	provisional
SID31160	SID31160	donor_combined_disjoint_clean_reads	k__Bacteria|p__Bacteroidota|c__Bacteroidia|o__Bacteroidales|f__Prevotellaceae|g__GGB1239|s__GGB1239_SGB1657	species	2|976|200643|171549|171552||	0.138573	0.00138573	assessed	provisional
SID31160	SID31160	donor_combined_disjoint_clean_reads	k__Bacteria|p__Firmicutes|c__Clostridia|o__Eubacteriales|f__Eubacteriales_Family_XIII_Incertae_Sedis|g__Lentihominibacter|s__Lentihominibacter_faecis	species	2|1239|186801|186802|543314|2944200|2764712	0.135166	0.0013516600000000002	assessed	provisional
SID31160	SID31160	donor_combined_disjoint_clean_reads	k__Bacteria|p__Firmicutes|c__CFGB1474|o__OFGB1474|f__FGB1474|g__GGB115571|s__GGB115571_SGB5062	species	2|1239|||||	0.132592	0.00132592	assessed	provisional
SID31160	SID31160	donor_combined_disjoint_clean_reads	k__Bacteria|p__Firmicutes|c__CFGB1218|o__OFGB1218|f__FGB1218|g__GGB2983|s__GGB2983_SGB3965	species	2|1239|||||	0.131949	0.0013194900000000002	assessed	provisional
SID31160	SID31160	donor_combined_disjoint_clean_reads	k__Bacteria|p__Firmicutes|c__CFGB1258|o__OFGB1258|f__FGB1258|g__GGB3051|s__GGB3051_SGB4051	species	2|1239|||||	0.131918	0.00131918	assessed	provisional
SID31160	SID31160	donor_combined_disjoint_clean_reads	k__Bacteria|p__Firmicutes|c__CFGB6280|o__OFGB6280|f__FGB6280|g__GGB3102|s__GGB3102_SGB4110	species	2|1239|||||	0.130624	0.00130624	assessed	provisional
SID31160	SID31160	donor_combined_disjoint_clean_reads	k__Bacteria|p__Firmicutes|c__CFGB3048|o__OFGB3048|f__FGB3048|g__GGB9559|s__GGB9559_SGB14968	species	2|1239|||||	0.130243	0.00130243	assessed	provisional
SID31160	SID31160	donor_combined_disjoint_clean_reads	k__Bacteria|p__Bacteroidota|c__Bacteroidia|o__Bacteroidales|f__Bacteroidaceae|g__Phocaeicola|s__Phocaeicola_vulgatus	species	2|976|200643|171549|815|909656|821	0.128125	0.0012812499999999998	assessed	provisional
SID31160	SID31160	donor_combined_disjoint_clean_reads	k__Bacteria|p__Firmicutes|c__CFGB58251|o__OFGB58251|f__FGB58251|g__GGB9762|s__GGB9762_SGB15377	species	2|1239|||||	0.127938	0.0012793799999999999	assessed	provisional
SID31160	SID31160	donor_combined_disjoint_clean_reads	k__Bacteria|p__Firmicutes|c__Clostridia|o__Eubacteriales|f__Oscillospiraceae|g__GGB9634|s__GGB9634_SGB15097	species	2|1239|186801|186802|216572||	0.123168	0.00123168	assessed	provisional
SID31160	SID31160	donor_combined_disjoint_clean_reads	k__Bacteria|p__Firmicutes|c__Clostridia|o__Lachnospirales|f__Lachnospiraceae|g__Hominifimenecus|s__Hominifimenecus_microfluidus	species	2|1239|186801|3085636|186803|3073585|2885348	0.121037	0.0012103700000000001	assessed	provisional
SID31160	SID31160	donor_combined_disjoint_clean_reads	k__Bacteria|p__Firmicutes|c__CFGB3062|o__OFGB3062|f__FGB3062|g__GGB9747|s__GGB9747_SGB15355	species	2|1239|||||	0.118091	0.00118091	assessed	provisional
SID31160	SID31160	donor_combined_disjoint_clean_reads	k__Bacteria|p__Firmicutes|c__CFGB1201|o__OFGB1201|f__FGB1201|g__GGB2958|s__GGB2958_SGB3940	species	2|1239|||||	0.117842	0.0011784200000000001	assessed	provisional
SID31160	SID31160	donor_combined_disjoint_clean_reads	k__Bacteria|p__Firmicutes|c__CFGB3054|o__OFGB3054|f__FGB3054|g__GGB9687|s__GGB9687_SGB15191	species	2|1239|||||	0.117457	0.00117457	assessed	provisional
SID31160	SID31160	donor_combined_disjoint_clean_reads	k__Bacteria|p__Firmicutes|c__Clostridia|o__Lachnospirales|f__Lachnospiraceae|g__Blautia|s__Blautia_intestinalis	species	2|1239|186801|3085636|186803|572511|2763028	0.115786	0.00115786	assessed	provisional
SID31160	SID31160	donor_combined_disjoint_clean_reads	k__Bacteria|p__Firmicutes|c__CFGB4616|o__OFGB4616|f__FGB4616|g__GGB3126|s__GGB3126_SGB4139	species	2|1239|||||	0.115393	0.00115393	assessed	provisional
SID31160	SID31160	donor_combined_disjoint_clean_reads	k__Bacteria|p__Firmicutes|c__Clostridia|o__Lachnospirales|f__Lachnospiraceae|g__Fusicatenibacter|s__Fusicatenibacter_faecihominis	species	2|1239|186801|3085636|186803|1407607|2881276	0.113983	0.00113983	assessed	provisional
SID31160	SID31160	donor_combined_disjoint_clean_reads	k__Bacteria|p__Firmicutes|c__Clostridia|o__Peptostreptococcales|f__Anaerovoracaceae|g__Mogibacterium|s__Mogibacterium_kristiansenii	species	2|1239|186801|3082720|3030910|86331|2606708	0.112237	0.0011223700000000001	assessed	provisional
SID31160	SID31160	donor_combined_disjoint_clean_reads	k__Bacteria|p__Firmicutes|c__Clostridia|o__Lachnospirales|f__Lachnospiraceae|g__Simiaoa|s__Simiaoa_sunii	species	2|1239|186801|3085636|186803|2944193|2763672	0.111054	0.00111054	assessed	provisional
SID31160	SID31160	donor_combined_disjoint_clean_reads	k__Bacteria|p__Firmicutes|c__CFGB1780|o__OFGB1780|f__FGB1780|g__GGB4723|s__GGB4723_SGB6540	species	2|1239|||||	0.109671	0.00109671	assessed	provisional
SID31160	SID31160	donor_combined_disjoint_clean_reads	k__Bacteria|p__Firmicutes|c__Clostridia|o__Lachnospirales|f__Lachnospiraceae|g__Faecalicatena|s__Faecalicatena_fissicatena	species	2|1239|186801|3085636|186803|2005359|290055	0.105124	0.00105124	assessed	provisional
SID31160	SID31160	donor_combined_disjoint_clean_reads	k__Bacteria|p__Firmicutes|c__CFGB2952|o__OFGB2952|f__FGB2952|g__GGB9293|s__GGB9293_SGB14250	species	2|1239|||||	0.10288	0.0010288	assessed	provisional
SID31160	SID31160	donor_combined_disjoint_clean_reads	k__Bacteria|p__Firmicutes|c__CFGB3054|o__OFGB3054|f__FGB3054|g__GGB9673|s__GGB9673_SGB15172	species	2|1239|||||	0.101862	0.00101862	assessed	provisional
SID31160	SID31160	donor_combined_disjoint_clean_reads	k__Bacteria|p__Firmicutes|c__Clostridia|o__Lachnospirales|f__Lachnospiraceae|g__GGB51441|s__GGB51441_SGB71759	species	2|1239|186801|3085636|186803||	0.101229	0.0010122899999999999	assessed	provisional
SID31160	SID31160	donor_combined_disjoint_clean_reads	k__Bacteria|p__Firmicutes|c__Clostridia|o__Eubacteriales|f__Oscillospiraceae|g__GGB9696|s__GGB9696_SGB15212	species	2|1239|186801|186802|216572||	0.099402	0.00099402	assessed	provisional
SID31160	SID31160	donor_combined_disjoint_clean_reads	k__Bacteria|p__Firmicutes|c__Clostridia|o__Eubacteriales|f__Oscillospiraceae|g__GGB9591|s__GGB9591_SGB15013	species	2|1239|186801|186802|216572||	0.097901	0.00097901	assessed	provisional
SID31160	SID31160	donor_combined_disjoint_clean_reads	k__Bacteria|p__Firmicutes|c__CFGB1470|o__OFGB1470|f__FGB1470|g__GGB3717|s__GGB3717_SGB5040	species	2|1239|||||	0.097412	0.00097412	assessed	provisional
SID31160	SID31160	donor_combined_disjoint_clean_reads	k__Bacteria|p__Firmicutes|c__CFGB1765|o__OFGB1765|f__FGB1765|g__GGB4585|s__GGB4585_SGB6340	species	2|1239|||||	0.094891	0.0009489100000000001	assessed	provisional
SID31160	SID31160	donor_combined_disjoint_clean_reads	k__Bacteria|p__Firmicutes|c__Clostridia|o__Lachnospirales|f__Lachnospiraceae|g__Roseburia|s__Roseburia_lenta	species	2|1239|186801|3085636|186803|841|2763061	0.093826	0.0009382600000000001	assessed	provisional
SID31160	SID31160	donor_combined_disjoint_clean_reads	k__Bacteria|p__Bacteroidota|c__Bacteroidia|o__Bacteroidales|f__Bacteroidaceae|g__Bacteroides|s__Bacteroides_togonis	species	2|976|200643|171549|815|816|1917883	0.091257	0.00091257	assessed	provisional
SID31160	SID31160	donor_combined_disjoint_clean_reads	k__Bacteria|p__Firmicutes|c__Clostridia|o__Lachnospirales|f__Lachnospiraceae|g__Blautia|s__Blautia_luti	species	2|1239|186801|3085636|186803|572511|89014	0.091039	0.00091039	assessed	provisional
SID31160	SID31160	donor_combined_disjoint_clean_reads	k__Bacteria|p__Firmicutes|c__CFGB73185|o__OFGB73185|f__FGB73185|g__GGB9785|s__GGB9785_SGB15408	species	2|1239|||||	0.090336	0.00090336	assessed	provisional
SID31160	SID31160	donor_combined_disjoint_clean_reads	k__Bacteria|p__Bacteroidota|c__Bacteroidia|o__Bacteroidales|f__Bacteroidaceae|g__Bacteroides|s__Bacteroides_ndongoniae	species	2|976|200643|171549|815|816|1903262	0.087927	0.00087927	assessed	provisional
SID31160	SID31160	donor_combined_disjoint_clean_reads	k__Bacteria|p__Firmicutes|c__Clostridia|o__Eubacteriales|f__Eubacteriaceae|g__Eubacterium|s__Eubacterium_SGB5112	species	2|1239|186801|186802|186806|1730|	0.084476	0.00084476	assessed	provisional
SID31160	SID31160	donor_combined_disjoint_clean_reads	k__Bacteria|p__Firmicutes|c__CFGB3054|o__OFGB3054|f__FGB3054|g__GGB9691|s__GGB9691_SGB15197	species	2|1239|||||	0.084083	0.0008408300000000001	assessed	provisional
SID31160	SID31160	donor_combined_disjoint_clean_reads	k__Bacteria|p__Firmicutes|c__CFGB88649|o__OFGB88649|f__FGB88649|g__GGB3491|s__GGB3491_SGB4665	species	2|1239|||||	0.083881	0.00083881	assessed	provisional
SID31160	SID31160	donor_combined_disjoint_clean_reads	k__Bacteria|p__Firmicutes|c__Clostridia|o__Eubacteriales|f__Oscillospiraceae|g__Oscillospiraceae_unclassified|s__Oscillospiraceae_unclassified_SGB15256	species	2|1239|186801|186802|216572||	0.082366	0.0008236599999999999	assessed	provisional
SID31160	SID31160	donor_combined_disjoint_clean_reads	k__Bacteria|p__Firmicutes|c__CFGB74971|o__OFGB74971|f__FGB74971|g__GGB9332|s__GGB9332_SGB14295	species	2|1239|||||	0.082215	0.00082215	assessed	provisional
SID31160	SID31160	donor_combined_disjoint_clean_reads	k__Bacteria|p__Firmicutes|c__CFGB1765|o__OFGB1765|f__FGB1765|g__GGB4605|s__GGB4605_SGB6376	species	2|1239|||||	0.081914	0.00081914	assessed	provisional
SID31160	SID31160	donor_combined_disjoint_clean_reads	k__Bacteria|p__Firmicutes|c__CFGB78317|o__OFGB78317|f__FGB78317|g__GGB3128|s__GGB3128_SGB4141	species	2|1239|||||	0.081464	0.0008146399999999999	assessed	provisional
SID31160	SID31160	donor_combined_disjoint_clean_reads	k__Bacteria|p__Firmicutes|c__Clostridia|o__Eubacteriales|f__Eubacteriaceae|g__Eubacterium|s__Eubacterium_ramulus	species	2|1239|186801|186802|186806|1730|39490	0.081153	0.00081153	assessed	provisional
SID31160	SID31160	donor_combined_disjoint_clean_reads	k__Bacteria|p__Firmicutes|c__Clostridia|o__Lachnospirales|f__Lachnospiraceae|g__GGB74412|s__GGB74412_SGB5075	species	2|1239|186801|3085636|186803||	0.078384	0.00078384	assessed	provisional
SID31160	SID31160	donor_combined_disjoint_clean_reads	k__Bacteria|p__Firmicutes|c__Clostridia|o__Eubacteriales|f__Beduinellaceae|g__GGB9760|s__GGB9760_SGB15373	species	2|1239|186801|186802|3151707||	0.078032	0.00078032	assessed	provisional
SID31160	SID31160	donor_combined_disjoint_clean_reads	k__Bacteria|p__Bacteroidota|c__Bacteroidia|o__Bacteroidales|f__Rikenellaceae|g__Alistipes|s__Alistipes_shahii	species	2|976|200643|171549|171550|239759|328814	0.075572	0.00075572	assessed	provisional
SID31160	SID31160	donor_combined_disjoint_clean_reads	k__Bacteria|p__Firmicutes|c__Clostridia|o__Eubacteriales|f__Oscillospiraceae|g__Vescimonas|s__Vescimonas_coprocola	species	2|1239|186801|186802|216572|2892396|2714355	0.074912	0.00074912	assessed	provisional
SID31160	SID31160	donor_combined_disjoint_clean_reads	k__Bacteria|p__Chloroflexota|c__CFGB2941|o__OFGB2941|f__FGB2941|g__GGB9275|s__GGB9275_SGB14227	species	2|200795|||||	0.074563	0.0007456300000000001	assessed	provisional
SID31160	SID31160	donor_combined_disjoint_clean_reads	k__Bacteria|p__Firmicutes|c__Clostridia|o__Eubacteriales|f__Oscillospiraceae|g__GGB9608|s__GGB9608_SGB15042	species	2|1239|186801|186802|216572||	0.071393	0.00071393	assessed	provisional
SID31160	SID31160	donor_combined_disjoint_clean_reads	k__Bacteria|p__Firmicutes|c__Clostridia|o__Eubacteriales|f__Oscillospiraceae|g__Oscillibacter|s__Oscillibacter_sp_MSJ_31	species	2|1239|186801|186802|216572|459786|2841526	0.071092	0.00071092	assessed	provisional
SID31160	SID31160	donor_combined_disjoint_clean_reads	k__Bacteria|p__Firmicutes|c__Clostridia|o__Lachnospirales|f__Lachnospiraceae|g__Dorea|s__Dorea_hominis	species	2|1239|186801|3085636|186803|189330|2763040	0.069467	0.00069467	assessed	provisional
SID31160	SID31160	donor_combined_disjoint_clean_reads	k__Bacteria|p__Firmicutes|c__Clostridia|o__Eubacteriales|f__Oscillospiraceae|g__GGB9786|s__GGB9786_SGB63164	species	2|1239|186801|186802|216572||	0.069106	0.00069106	assessed	provisional
SID31160	SID31160	donor_combined_disjoint_clean_reads	k__Bacteria|p__Firmicutes|c__Clostridia|o__Eubacteriales|f__Oscillospiraceae|g__GGB9708|s__GGB9708_SGB15233	species	2|1239|186801|186802|216572||	0.066591	0.00066591	assessed	provisional
SID31160	SID31160	donor_combined_disjoint_clean_reads	k__Bacteria|p__Firmicutes|c__CFGB2830|o__OFGB2830|f__FGB2830|g__GGB9046|s__GGB9046_SGB13948	species	2|1239|||||	0.066162	0.00066162	assessed	provisional
SID31160	SID31160	donor_combined_disjoint_clean_reads	k__Bacteria|p__Firmicutes|c__CFGB1776|o__OFGB1776|f__FGB1776|g__GGB4683|s__GGB4683_SGB6473	species	2|1239|||||	0.065435	0.0006543499999999999	assessed	provisional
SID31160	SID31160	donor_combined_disjoint_clean_reads	k__Bacteria|p__Bacteroidota|c__Bacteroidia|o__Bacteroidales|f__Bacteroidaceae|g__Bacteroides|s__Bacteroides_intestinalis	species	2|976|200643|171549|815|816|329854	0.06468	0.0006468	assessed	provisional
SID31160	SID31160	donor_combined_disjoint_clean_reads	k__Bacteria|p__Firmicutes|c__Clostridia|o__Eubacteriales|f__Oscillospiraceae|g__Dysosmobacter|s__Dysosmobacter_segnis	species	2|1239|186801|186802|216572|2591381|2763042	0.063744	0.00063744	assessed	provisional
SID31160	SID31160	donor_combined_disjoint_clean_reads	k__Bacteria|p__Firmicutes|c__CFGB1354|o__OFGB1354|f__FGB1354|g__GGB3304|s__GGB3304_SGB4367	species	2|1239|||||	0.062619	0.00062619	assessed	provisional
SID31160	SID31160	donor_combined_disjoint_clean_reads	k__Bacteria|p__Firmicutes|c__CFGB3054|o__OFGB3054|f__FGB3054|g__GGB9691|s__GGB9691_SGB15198	species	2|1239|||||	0.058361	0.00058361	assessed	provisional
SID31160	SID31160	donor_combined_disjoint_clean_reads	k__Bacteria|p__Firmicutes|c__Clostridia|o__Lachnospirales|f__Lachnospiraceae|g__Blautia|s__Blautia_sp_MCC283	species	2|1239|186801|3085636|186803|572511|2592640	0.058161	0.00058161	assessed	provisional
SID31160	SID31160	donor_combined_disjoint_clean_reads	k__Bacteria|p__Firmicutes|c__Clostridia|o__Lachnospirales|f__Lachnospiraceae|g__Roseburia|s__Roseburia_inulinivorans	species	2|1239|186801|3085636|186803|841|360807	0.057504	0.00057504	assessed	provisional
SID31160	SID31160	donor_combined_disjoint_clean_reads	k__Bacteria|p__Firmicutes|c__Clostridia|o__Eubacteriales|f__Eubacteriales_Family_XIII_Incertae_Sedis|g__GGB2977|s__GGB2977_SGB3959	species	2|1239|186801|186802|543314||	0.057452	0.00057452	assessed	provisional
SID31160	SID31160	donor_combined_disjoint_clean_reads	k__Bacteria|p__Firmicutes|c__CFGB91968|o__OFGB91968|f__FGB91968|g__GGB79087|s__GGB79087_SGB105683	species	2|1239|||||	0.057276	0.00057276	assessed	provisional
SID31160	SID31160	donor_combined_disjoint_clean_reads	k__Bacteria|p__Firmicutes|c__Clostridia|o__Peptostreptococcales|f__Peptostreptococcaceae|g__Romboutsia|s__Romboutsia_timonensis	species	2|1239|186801|3082720|186804|1501226|1776391	0.056645	0.00056645	assessed	provisional
SID31160	SID31160	donor_combined_disjoint_clean_reads	k__Bacteria|p__Firmicutes|c__Clostridia|o__Eubacteriales|f__Oscillospiraceae|g__GGB9787|s__GGB9787_SGB15410	species	2|1239|186801|186802|216572||	0.055483	0.00055483	assessed	provisional
SID31160	SID31160	donor_combined_disjoint_clean_reads	k__Bacteria|p__Firmicutes|c__Clostridia|o__Eubacteriales|f__Eubacteriaceae|g__Eubacteriaceae_unclassified|s__Eubacteriaceae_bacterium	species	2|1239|186801|186802|186806||2049045	0.053625	0.0005362499999999999	assessed	provisional
SID31160	SID31160	donor_combined_disjoint_clean_reads	k__Bacteria|p__Firmicutes|c__Clostridia|o__Lachnospirales|f__Lachnospiraceae|g__GGB49409|s__GGB49409_SGB69322	species	2|1239|186801|3085636|186803||	0.053203	0.00053203	assessed	provisional
SID31160	SID31160	donor_combined_disjoint_clean_reads	k__Bacteria|p__Bacteroidota|c__Bacteroidia|o__Bacteroidales|f__Bacteroidaceae|g__Phocaeicola|s__Phocaeicola_plebeius	species	2|976|200643|171549|815|909656|310297	0.052881	0.00052881	assessed	provisional
SID31160	SID31160	donor_combined_disjoint_clean_reads	k__Bacteria|p__Firmicutes|c__CFGB1838|o__OFGB1838|f__FGB1838|g__GGB4884|s__GGB4884_SGB6823	species	2|1239|||||	0.051827	0.0005182699999999999	assessed	provisional
SID31160	SID31160	donor_combined_disjoint_clean_reads	k__Bacteria|p__Bacteroidota|c__CFGB544|o__OFGB544|f__FGB544|g__GGB1123|s__GGB1123_SGB1437	species	2|976|||||	0.051162	0.00051162	assessed	provisional
SID31160	SID31160	donor_combined_disjoint_clean_reads	k__Bacteria|p__Firmicutes|c__Clostridia|o__Lachnospirales|f__Lachnospiraceae|g__Roseburia|s__Roseburia_hominis	species	2|1239|186801|3085636|186803|841|301301	0.048828	0.00048828	assessed	provisional
SID31160	SID31160	donor_combined_disjoint_clean_reads	k__Bacteria|p__Firmicutes|c__Erysipelotrichia|o__Erysipelotrichales|f__Coprobacillaceae|g__Catenibacterium|s__Catenibacterium_mitsuokai	species	2|1239|526524|526525|2810280|135858|100886	0.048751	0.00048751	assessed	provisional
SID31160	SID31160	donor_combined_disjoint_clean_reads	k__Bacteria|p__Firmicutes|c__CFGB89404|o__OFGB89404|f__FGB89404|g__GGB4751|s__GGB4751_SGB6580	species	2|1239|||||	0.048591	0.00048591000000000004	assessed	provisional
SID31160	SID31160	donor_combined_disjoint_clean_reads	k__Bacteria|p__Firmicutes|c__Clostridia|o__Eubacteriales|f__Clostridiaceae|g__Clostridium|s__Clostridium_sp_AM22_11AC	species	2|1239|186801|186802|31979|1485|2293024	0.04637	0.0004637	assessed	provisional
SID31160	SID31160	donor_combined_disjoint_clean_reads	k__Bacteria|p__Firmicutes|c__Bacillota_unclassified|o__Bacillota_unclassified|f__Bacillota_unclassified|g__Bacillota_unclassified|s__Bacillota_unclassified_SGB3983	species	2|1239|||||	0.045478	0.00045477999999999995	assessed	provisional
SID31160	SID31160	donor_combined_disjoint_clean_reads	k__Bacteria|p__Firmicutes|c__CFGB4507|o__OFGB4507|f__FGB4507|g__GGB55599|s__GGB55599_SGB76890	species	2|1239|||||	0.045227	0.00045227000000000006	assessed	provisional
SID31160	SID31160	donor_combined_disjoint_clean_reads	k__Bacteria|p__Firmicutes|c__CFGB52309|o__OFGB52309|f__FGB52309|g__GGB53380|s__GGB53380_SGB74412	species	2|1239|||||	0.045181	0.00045180999999999997	assessed	provisional
SID31160	SID31160	donor_combined_disjoint_clean_reads	k__Bacteria|p__Firmicutes|c__Clostridia|o__Eubacteriales|f__Eubacteriaceae|g__GGB3277|s__GGB3277_SGB4327	species	2|1239|186801|186802|186806||	0.043292	0.00043292	assessed	provisional
SID31160	SID31160	donor_combined_disjoint_clean_reads	k__Bacteria|p__Bacteroidota|c__Bacteroidia|o__Bacteroidales|f__Bacteroidaceae|g__Bacteroides|s__Bacteroides_cellulosilyticus	species	2|976|200643|171549|815|816|246787	0.042959	0.00042959	assessed	provisional
SID31160	SID31160	donor_combined_disjoint_clean_reads	k__Bacteria|p__Firmicutes|c__CFGB1474|o__OFGB1474|f__FGB1474|g__GGB115571|s__GGB115571_SGB5061	species	2|1239|||||	0.041414	0.00041414	assessed	provisional
SID31160	SID31160	donor_combined_disjoint_clean_reads	k__Bacteria|p__Candidatus_Melainabacteria|c__Candidatus_Melainabacteria_unclassified|o__Candidatus_Gastranaerophilales|f__Candidatus_Gastranaerophilales_unclassified|g__GGB6012|s__GGB6012_SGB8640	species	2|1798710||1906119|||	0.040778	0.00040778	assessed	provisional
SID31160	SID31160	donor_combined_disjoint_clean_reads	k__Bacteria|p__Firmicutes|c__Bacilli|o__Lactobacillales|f__Streptococcaceae|g__Lactococcus|s__Lactococcus_cremoris	species	2|1239|91061|186826|1300|1357|1359	0.040756	0.00040756	assessed	provisional
SID31160	SID31160	donor_combined_disjoint_clean_reads	k__Bacteria|p__Firmicutes|c__CFGB1374|o__OFGB1374|f__FGB1374|g__GGB3351|s__GGB3351_SGB4435	species	2|1239|||||	0.039669	0.00039669000000000005	assessed	provisional
SID31160	SID31160	donor_combined_disjoint_clean_reads	k__Bacteria|p__Firmicutes|c__Clostridia|o__Eubacteriales|f__Eubacteriales_unclassified|g__Gemmiger|s__Gemmiger_formicilis	species	2|1239|186801|186802||204475|745368	0.039341	0.00039341	assessed	provisional
SID31160	SID31160	donor_combined_disjoint_clean_reads	k__Bacteria|p__Actinomycetota|c__Coriobacteriia|o__Coriobacteriales|f__Coriobacteriaceae|g__GGB51960|s__GGB51960_SGB72480	species	2|201174|84998|84999|84107||	0.039223	0.00039223000000000003	assessed	provisional
SID31160	SID31160	donor_combined_disjoint_clean_reads	k__Bacteria|p__Firmicutes|c__CFGB79315|o__OFGB79315|f__FGB79315|g__GGB9765|s__GGB9765_SGB15382	species	2|1239|||||	0.039122	0.00039121999999999996	assessed	provisional
SID31160	SID31160	donor_combined_disjoint_clean_reads	k__Bacteria|p__Firmicutes|c__CFGB1262|o__OFGB1262|f__FGB1262|g__GGB79050|s__GGB79050_SGB105563	species	2|1239|||||	0.038424	0.00038424	assessed	provisional
SID31160	SID31160	donor_combined_disjoint_clean_reads	k__Bacteria|p__Firmicutes|c__CFGB79315|o__OFGB79315|f__FGB79315|g__GGB9766|s__GGB9766_SGB15383	species	2|1239|||||	0.03824	0.0003824	assessed	provisional
SID31160	SID31160	donor_combined_disjoint_clean_reads	k__Bacteria|p__Firmicutes|c__Clostridia|o__Eubacteriales|f__Oscillospiraceae|g__GGB13493|s__GGB13493_SGB15238	species	2|1239|186801|186802|216572||	0.038197	0.00038197000000000003	assessed	provisional
SID31160	SID31160	donor_combined_disjoint_clean_reads	k__Bacteria|p__Firmicutes|c__Clostridia|o__Eubacteriales|f__Eubacteriaceae|g__Eubacterium|s__Eubacterium_segne	species	2|1239|186801|186802|186806|1730|2763045	0.038155	0.00038155000000000003	assessed	provisional
SID31160	SID31160	donor_combined_disjoint_clean_reads	k__Bacteria|p__Firmicutes|c__CFGB2918|o__OFGB2918|f__FGB2918|g__GGB9240|s__GGB9240_SGB14182	species	2|1239|||||	0.037631	0.00037631	assessed	provisional
SID31160	SID31160	donor_combined_disjoint_clean_reads	k__Bacteria|p__Firmicutes|c__Bacilli|o__Lactobacillales|f__Streptococcaceae|g__Streptococcus|s__Streptococcus_salivarius	species	2|1239|91061|186826|1300|1301|1304	0.035667	0.00035666999999999996	assessed	provisional
SID31160	SID31160	donor_combined_disjoint_clean_reads	k__Bacteria|p__Bacteroidota|c__CFGB629|o__OFGB629|f__FGB629|g__GGB1495|s__GGB1495_SGB2071	species	2|976|||||	0.035635	0.00035635	assessed	provisional
SID31160	SID31160	donor_combined_disjoint_clean_reads	k__Bacteria|p__Firmicutes|c__Clostridia|o__Lachnospirales|f__Lachnospiraceae|g__Waltera|s__Waltera_acetigignens	species	2|1239|186801|3085636|186803|2815781|2981769	0.035623	0.00035623	assessed	provisional
SID31160	SID31160	donor_combined_disjoint_clean_reads	k__Bacteria|p__Firmicutes|c__Clostridia|o__Eubacteriales|f__Clostridiaceae|g__Clostridium|s__Clostridium_sp_AM49_4BH	species	2|1239|186801|186802|31979|1485|2293035	0.033209	0.00033209	assessed	provisional
SID31160	SID31160	donor_combined_disjoint_clean_reads	k__Bacteria|p__Firmicutes|c__CFGB2936|o__OFGB2936|f__FGB2936|g__GGB9266|s__GGB9266_SGB14216	species	2|1239|||||	0.032423	0.00032423	assessed	provisional
SID31160	SID31160	donor_combined_disjoint_clean_reads	k__Bacteria|p__Firmicutes|c__Erysipelotrichia|o__Erysipelotrichales|f__Coprobacillaceae|g__Faecalibacillus|s__Faecalibacillus_intestinalis	species	2|1239|526524|526525|2810280|2678885|1982626	0.029985	0.00029985	assessed	provisional
SID31160	SID31160	donor_combined_disjoint_clean_reads	k__Bacteria|p__Bacteroidota|c__Bacteroidia|o__Bacteroidales|f__Prevotellaceae|g__Prevotella|s__Prevotella_pectinovora	species	2|976|200643|171549|171552|838|1602169	0.029505	0.00029505	assessed	provisional
SID31160	SID31160	donor_combined_disjoint_clean_reads	k__Bacteria|p__Firmicutes|c__Bacillota_unclassified|o__Bacillota_unclassified|f__Bacillota_unclassified|g__GGB2998|s__GGB2998_SGB3989	species	2|1239|||||	0.029353	0.00029353	assessed	provisional
SID31160	SID31160	donor_combined_disjoint_clean_reads	k__Bacteria|p__Firmicutes|c__CFGB9593|o__OFGB9593|f__FGB9593|g__GGB3727|s__GGB3727_SGB5057	species	2|1239|||||	0.028893	0.00028892999999999996	assessed	provisional
SID31160	SID31160	donor_combined_disjoint_clean_reads	k__Bacteria|p__Firmicutes|c__CFGB77603|o__OFGB77603|f__FGB77603|g__GGB794|s__GGB794_SGB1037	species	2|1239|||||	0.028393	0.00028393	assessed	provisional
SID31160	SID31160	donor_combined_disjoint_clean_reads	k__Bacteria|p__Firmicutes|c__CFGB84123|o__OFGB84123|f__FGB84123|g__GGB3142|s__GGB3142_SGB4155	species	2|1239|||||	0.028237	0.00028237	assessed	provisional
SID31160	SID31160	donor_combined_disjoint_clean_reads	k__Bacteria|p__Firmicutes|c__Clostridia|o__Eubacteriales|f__Oscillospiraceae|g__Oscillospiraceae_unclassified|s__Oscillospiraceae_bacterium_Marseille_Q3528	species	2|1239|186801|186802|216572||2830655	0.028013	0.00028013	assessed	provisional
SID31160	SID31160	donor_combined_disjoint_clean_reads	k__Bacteria|p__Firmicutes|c__Clostridia|o__Lachnospirales|f__Lachnospiraceae|g__Kineothrix|s__Kineothrix_SGB4886	species	2|1239|186801|3085636|186803|2163168|	0.027764	0.00027764	assessed	provisional
SID31160	SID31160	donor_combined_disjoint_clean_reads	k__Bacteria|p__Bacteroidota|c__Bacteroidia|o__Bacteroidales|f__Prevotellaceae|g__Leyella|s__Leyella_stercorea	species	2|976|200643|171549|171552|2974265|363265	0.027242	0.00027242	assessed	provisional
SID31160	SID31160	donor_combined_disjoint_clean_reads	k__Bacteria|p__Firmicutes|c__Clostridia|o__Eubacteriales|f__Oscillospiraceae|g__GGB9618|s__GGB9618_SGB15064	species	2|1239|186801|186802|216572||	0.027108	0.00027108	assessed	provisional
SID31160	SID31160	donor_combined_disjoint_clean_reads	k__Bacteria|p__Firmicutes|c__Clostridia|o__Lachnospirales|f__Lachnospiraceae|g__Lachnospiraceae_unclassified|s__Lachnospiraceae_bacterium_TF08_3AC	species	2|1239|186801|3085636|186803||2997132	0.026774	0.00026774	assessed	provisional
SID31160	SID31160	donor_combined_disjoint_clean_reads	k__Bacteria|p__Firmicutes|c__CFGB78785|o__OFGB78785|f__FGB78785|g__GGB99724|s__GGB99724_SGB143445	species	2|1239|||||	0.026608	0.00026608	assessed	provisional
SID31160	SID31160	donor_combined_disjoint_clean_reads	k__Bacteria|p__Firmicutes|c__Clostridia|o__Eubacteriales|f__Clostridiaceae|g__Clostridiaceae_unclassified|s__Clostridiaceae_unclassified_SGB4771	species	2|1239|186801|186802|31979||	0.026252	0.00026252000000000003	assessed	provisional
SID31160	SID31160	donor_combined_disjoint_clean_reads	k__Bacteria|p__Firmicutes|c__Clostridia|o__Lachnospirales|f__Lachnospiraceae|g__Roseburia|s__Roseburia_intestinalis	species	2|1239|186801|3085636|186803|841|166486	0.026143	0.00026143	assessed	provisional
SID31160	SID31160	donor_combined_disjoint_clean_reads	k__Bacteria|p__Firmicutes|c__Clostridia|o__Eubacteriales|f__Oscillospiraceae|g__Oscillospiraceae_unclassified|s__Oscillospiraceae_unclassified_SGB79854	species	2|1239|186801|186802|216572||	0.026025	0.00026025	assessed	provisional
SID31160	SID31160	donor_combined_disjoint_clean_reads	k__Bacteria|p__Firmicutes|c__Clostridia|o__Eubacteriales|f__Oscillospiraceae|g__GGB9783|s__GGB9783_SGB15405	species	2|1239|186801|186802|216572||	0.025728	0.00025728000000000003	assessed	provisional
SID31160	SID31160	donor_combined_disjoint_clean_reads	k__Bacteria|p__Firmicutes|c__Clostridia|o__Eubacteriales|f__Oscillospiraceae|g__GGB9621|s__GGB9621_SGB15073	species	2|1239|186801|186802|216572||	0.025366	0.00025366	assessed	provisional
SID31160	SID31160	donor_combined_disjoint_clean_reads	k__Archaea|p__Thermoplasmatota|c__Thermoplasmata|o__Methanomassiliicoccales|f__Methanomethylophilaceae|g__Methanomethylophilus|s__Methanomethylophilus_alvi	species	2157|2283796|183967|1235850|2517203|1291539|1291540	0.024988	0.00024988	assessed	provisional
SID31160	SID31160	donor_combined_disjoint_clean_reads	k__Bacteria|p__Firmicutes|c__Clostridia|o__Eubacteriales|f__Oscillospiraceae|g__GGB9707|s__GGB9707_SGB15229	species	2|1239|186801|186802|216572||	0.023686	0.00023685999999999998	assessed	provisional
SID31160	SID31160	donor_combined_disjoint_clean_reads	k__Bacteria|p__Firmicutes|c__CFGB8179|o__OFGB8179|f__FGB8179|g__GGB58067|s__GGB58067_SGB79698	species	2|1239|||||	0.023684	0.00023684	assessed	provisional
SID31160	SID31160	donor_combined_disjoint_clean_reads	k__Bacteria|p__Firmicutes|c__Clostridia|o__Lachnospirales|f__Lachnospiraceae|g__Coprococcus|s__Coprococcus_catus	species	2|1239|186801|3085636|186803|33042|116085	0.023597	0.00023597	assessed	provisional
SID31160	SID31160	donor_combined_disjoint_clean_reads	k__Bacteria|p__Firmicutes|c__CFGB1479|o__OFGB1479|f__FGB1479|g__GGB3751|s__GGB3751_SGB5099	species	2|1239|||||	0.023288	0.00023288	assessed	provisional
SID31160	SID31160	donor_combined_disjoint_clean_reads	k__Bacteria|p__Firmicutes|c__Clostridia|o__Eubacteriales|f__Oscillospiraceae|g__GGB9699|s__GGB9699_SGB15216	species	2|1239|186801|186802|216572||	0.023277	0.00023276999999999998	assessed	provisional
SID31160	SID31160	donor_combined_disjoint_clean_reads	k__Bacteria|p__Firmicutes|c__Clostridia|o__Eubacteriales|f__Beduinellaceae|g__GGB9759|s__GGB9759_SGB15370	species	2|1239|186801|186802|3151707||	0.023069	0.00023069	assessed	provisional
SID31160	SID31160	donor_combined_disjoint_clean_reads	k__Bacteria|p__Pseudomonadota|c__Betaproteobacteria|o__Burkholderiales|f__Sutterellaceae|g__Sutterella|s__Sutterella_SGB9281	species	2|1224|28216|80840|995019|40544|	0.0228	0.000228	assessed	provisional
SID31160	SID31160	donor_combined_disjoint_clean_reads	k__Bacteria|p__Firmicutes|c__Clostridia|o__Eubacteriales|f__Oscillospiraceae|g__Oscillospiraceae_unclassified|s__Oscillospiraceae_unclassified_SGB15251	species	2|1239|186801|186802|216572||	0.022522	0.00022522000000000002	assessed	provisional
SID31160	SID31160	donor_combined_disjoint_clean_reads	k__Bacteria|p__Firmicutes|c__Bacilli|o__Lactobacillales|f__Streptococcaceae|g__Streptococcus|s__Streptococcus_parasanguinis	species	2|1239|91061|186826|1300|1301|1318	0.022128	0.00022128	assessed	provisional
SID31160	SID31160	donor_combined_disjoint_clean_reads	k__Bacteria|p__Firmicutes|c__Clostridia|o__Eubacteriales|f__Clostridiaceae|g__Clostridiaceae_unclassified|s__Clostridiaceae_unclassified_SGB4769	species	2|1239|186801|186802|31979||	0.021759	0.00021759	assessed	provisional
SID31160	SID31160	donor_combined_disjoint_clean_reads	k__Bacteria|p__Firmicutes|c__Clostridia|o__Eubacteriales|f__Oscillospiraceae|g__GGB9640|s__GGB9640_SGB15115	species	2|1239|186801|186802|216572||	0.021747	0.00021747	assessed	provisional
SID31160	SID31160	donor_combined_disjoint_clean_reads	k__Bacteria|p__Firmicutes|c__Clostridia|o__Eubacteriales|f__Oscillospiraceae|g__GGB9788|s__GGB9788_SGB15411	species	2|1239|186801|186802|216572||	0.021233	0.00021233	assessed	provisional
SID31160	SID31160	donor_combined_disjoint_clean_reads	k__Bacteria|p__Firmicutes|c__Clostridia|o__Eubacteriales|f__Oscillospiraceae|g__GGB52283|s__GGB52283_SGB73075	species	2|1239|186801|186802|216572||	0.020964	0.00020964	assessed	provisional
SID31160	SID31160	donor_combined_disjoint_clean_reads	k__Bacteria|p__Firmicutes|c__Clostridia|o__Lachnospirales|f__Lachnospiraceae|g__Mediterraneibacter|s__Mediterraneibacter_butyricigenes	species	2|1239|186801|3085636|186803|2316020|2316025	0.020784	0.00020784000000000002	assessed	provisional
SID31160	SID31160	donor_combined_disjoint_clean_reads	k__Bacteria|p__Firmicutes|c__CFGB9120|o__OFGB9120|f__FGB9120|g__GGB4642|s__GGB4642_SGB6422	species	2|1239|||||	0.020666	0.00020666	assessed	provisional
SID31160	SID31160	donor_combined_disjoint_clean_reads	k__Bacteria|p__Firmicutes|c__CFGB78461|o__OFGB78461|f__FGB78461|g__GGB9260|s__GGB9260_SGB14208	species	2|1239|||||	0.020283	0.00020282999999999998	assessed	provisional
SID31160	SID31160	donor_combined_disjoint_clean_reads	k__Bacteria|p__Firmicutes|c__CFGB36777|o__OFGB36777|f__FGB36777|g__GGB36777|s__GGB36777_SGB49178	species	2|1239|||||	0.020257	0.00020257	assessed	provisional
SID31160	SID31160	donor_combined_disjoint_clean_reads	k__Bacteria|p__Firmicutes|c__CFGB8294|o__OFGB8294|f__FGB8294|g__GGB9328|s__GGB9328_SGB14291	species	2|1239|||||	0.020218	0.00020218	assessed	provisional
SID31160	SID31160	donor_combined_disjoint_clean_reads	k__Bacteria|p__Firmicutes|c__CFGB1347|o__OFGB1347|f__FGB1347|g__GGB3288|s__GGB3288_SGB4342	species	2|1239|||||	0.02016	0.00020160000000000002	assessed	provisional
SID31160	SID31160	donor_combined_disjoint_clean_reads	k__Bacteria|p__Firmicutes|c__Clostridia|o__Lachnospirales|f__Lachnospiraceae|g__Jutongia|s__Jutongia_SGB4657	species	2|1239|186801|3085636|186803|2944194|	0.020011	0.00020011	assessed	provisional
SID31160	SID31160	donor_combined_disjoint_clean_reads	k__Bacteria|p__Firmicutes|c__Erysipelotrichia|o__Erysipelotrichales|f__Erysipelotrichaceae|g__GGB4891|s__GGB4891_SGB6840	species	2|1239|526524|526525|128827||	0.019784	0.00019784	assessed	provisional
SID31160	SID31160	donor_combined_disjoint_clean_reads	k__Bacteria|p__Firmicutes|c__CFGB3054|o__OFGB3054|f__FGB3054|g__GGB9690|s__GGB9690_SGB15195	species	2|1239|||||	0.019736	0.00019736	assessed	provisional
SID31160	SID31160	donor_combined_disjoint_clean_reads	k__Bacteria|p__Firmicutes|c__Clostridia|o__Eubacteriales|f__Clostridiaceae|g__Clostridium|s__Clostridium_fessum	species	2|1239|186801|186802|31979|1485|2126740	0.019196	0.00019196000000000003	assessed	provisional
SID31160	SID31160	donor_combined_disjoint_clean_reads	k__Bacteria|p__Firmicutes|c__Clostridia|o__Lachnospirales|f__Lachnospiraceae|g__Anaerobutyricum|s__Anaerobutyricum_soehngenii	species	2|1239|186801|3085636|186803|2569097|105843	0.018997	0.00018997	assessed	provisional
SID31160	SID31160	donor_combined_disjoint_clean_reads	k__Bacteria|p__Firmicutes|c__CFGB51794|o__OFGB51794|f__FGB51794|g__GGB3328|s__GGB3328_SGB4406	species	2|1239|||||	0.018916	0.00018915999999999998	assessed	provisional
SID31160	SID31160	donor_combined_disjoint_clean_reads	k__Bacteria|p__Firmicutes|c__Clostridia|o__Eubacteriales|f__Oscillospiraceae|g__Vescimonas|s__Vescimonas_fastidiosa	species	2|1239|186801|186802|216572|2892396|2714353	0.018854	0.00018853999999999998	assessed	provisional
SID31160	SID31160	donor_combined_disjoint_clean_reads	k__Bacteria|p__Firmicutes|c__CFGB31455|o__OFGB31455|f__FGB31455|g__GGB4699|s__GGB4699_SGB6502	species	2|1239|||||	0.018669	0.00018669000000000002	assessed	provisional
SID31160	SID31160	donor_combined_disjoint_clean_reads	k__Bacteria|p__Firmicutes|c__Bacilli|o__Lactobacillales|f__Streptococcaceae|g__Streptococcus|s__Streptococcus_thermophilus	species	2|1239|91061|186826|1300|1301|1308	0.018646	0.00018646	assessed	provisional
SID31160	SID31160	donor_combined_disjoint_clean_reads	k__Bacteria|p__Firmicutes|c__Clostridia|o__Lachnospirales|f__Lachnospiraceae|g__GGB51491|s__GGB51491_SGB71859	species	2|1239|186801|3085636|186803||	0.018598	0.00018598	assessed	provisional
SID31160	SID31160	donor_combined_disjoint_clean_reads	k__Bacteria|p__Firmicutes|c__CFGB1011|o__OFGB1011|f__FGB1011|g__GGB2652|s__GGB2652_SGB3573	species	2|1239|||||	0.018499	0.00018499	assessed	provisional
SID31160	SID31160	donor_combined_disjoint_clean_reads	k__Bacteria|p__Bacteroidota|c__Bacteroidia|o__Bacteroidales|f__Tannerellaceae|g__Parabacteroides|s__Parabacteroides_faecalis	species	2|976|200643|171549|2005525|375288|2924040	0.018427	0.00018427	assessed	provisional
SID31160	SID31160	donor_combined_disjoint_clean_reads	k__Bacteria|p__Firmicutes|c__Clostridia|o__Eubacteriales|f__Oscillospiraceae|g__Ruthenibacterium|s__Ruthenibacterium_lactatiformans	species	2|1239|186801|186802|216572|1905344|1550024	0.01816	0.0001816	assessed	provisional
SID31160	SID31160	donor_combined_disjoint_clean_reads	k__Bacteria|p__Firmicutes|c__CFGB2881|o__OFGB2881|f__FGB2881|g__GGB9189|s__GGB9189_SGB14128	species	2|1239|||||	0.018063	0.00018062999999999998	assessed	provisional
SID31160	SID31160	donor_combined_disjoint_clean_reads	k__Bacteria|p__Firmicutes|c__Clostridia|o__Eubacteriales|f__Oscillospiraceae|g__GGB9708|s__GGB9708_SGB15236	species	2|1239|186801|186802|216572||	0.01796	0.0001796	assessed	provisional
SID31160	SID31160	donor_combined_disjoint_clean_reads	k__Bacteria|p__Firmicutes|c__CFGB2936|o__OFGB2936|f__FGB2936|g__GGB9266|s__GGB9266_SGB14215	species	2|1239|||||	0.017898	0.00017898	assessed	provisional
SID31160	SID31160	donor_combined_disjoint_clean_reads	k__Bacteria|p__Firmicutes|c__Clostridia|o__Lachnospirales|f__Lachnospiraceae|g__Mediterraneibacter|s__Mediterraneibacter_faecis	species	2|1239|186801|3085636|186803|2316020|592978	0.017806	0.00017805999999999999	assessed	provisional
SID31160	SID31160	donor_combined_disjoint_clean_reads	k__Bacteria|p__Bacteroidota|c__CFGB27697|o__OFGB27697|f__FGB27697|g__GGB1633|s__GGB1633_SGB2241	species	2|976|||||	0.017492	0.00017492	assessed	provisional
SID31160	SID31160	donor_combined_disjoint_clean_reads	k__Bacteria|p__Firmicutes|c__Clostridia|o__Lachnospirales|f__Lachnospiraceae|g__GGB3617|s__GGB3617_SGB4891	species	2|1239|186801|3085636|186803||	0.017303	0.00017303	assessed	provisional
SID31160	SID31160	donor_combined_disjoint_clean_reads	k__Bacteria|p__Firmicutes|c__CFGB2960|o__OFGB2960|f__FGB2960|g__GGB9302|s__GGB9302_SGB14263	species	2|1239|||||	0.017207	0.00017207	assessed	provisional
SID31160	SID31160	donor_combined_disjoint_clean_reads	k__Bacteria|p__Firmicutes|c__Clostridia|o__Eubacteriales|f__Oscillospiraceae|g__Faecalibacterium|s__Faecalibacterium_butyricigenerans	species	2|1239|186801|186802|216572|216851|1851427	0.016957	0.00016957	assessed	provisional
SID31160	SID31160	donor_combined_disjoint_clean_reads	k__Bacteria|p__Firmicutes|c__Clostridia|o__Eubacteriales|f__Clostridiaceae|g__Clostridium|s__Clostridium_sp_AM33_3	species	2|1239|186801|186802|31979|1485|2292304	0.016663	0.00016663	assessed	provisional
SID31160	SID31160	donor_combined_disjoint_clean_reads	k__Bacteria|p__Firmicutes|c__Clostridia|o__Eubacteriales|f__Oscillospiraceae|g__GGB9781|s__GGB9781_SGB66170	species	2|1239|186801|186802|216572||	0.016066	0.00016066	assessed	provisional
SID31160	SID31160	donor_combined_disjoint_clean_reads	k__Bacteria|p__Bacteroidota|c__Bacteroidia|o__Bacteroidales|f__Bacteroidaceae|g__Bacteroides|s__Bacteroides_clarus	species	2|976|200643|171549|815|816|626929	0.016044	0.00016044	assessed	provisional
SID31160	SID31160	donor_combined_disjoint_clean_reads	k__Bacteria|p__Firmicutes|c__Clostridia|o__Lachnospirales|f__Anaerotignaceae|g__Anaerotignum|s__Anaerotignum_sp_MSJ_24	species	2|1239|186801|3085636|3118652|2039240|2841521	0.015511	0.00015511	assessed	provisional
SID31160	SID31160	donor_combined_disjoint_clean_reads	k__Bacteria|p__Firmicutes|c__CFGB38642|o__OFGB38642|f__FGB38642|g__GGB9773|s__GGB9773_SGB15393	species	2|1239|||||	0.0152	0.000152	assessed	provisional
SID31160	SID31160	donor_combined_disjoint_clean_reads	k__Bacteria|p__Firmicutes|c__CFGB31455|o__OFGB31455|f__FGB31455|g__GGB4700|s__GGB4700_SGB6506	species	2|1239|||||	0.014808	0.00014808	assessed	provisional
SID31160	SID31160	donor_combined_disjoint_clean_reads	k__Bacteria|p__Firmicutes|c__CFGB2833|o__OFGB2833|f__FGB2833|g__GGB9057|s__GGB9057_SGB13972	species	2|1239|||||	0.014807	0.00014807	assessed	provisional
SID31160	SID31160	donor_combined_disjoint_clean_reads	k__Bacteria|p__Firmicutes|c__CFGB92055|o__OFGB92055|f__FGB92055|g__GGB79251|s__GGB79251_SGB105671	species	2|1239|||||	0.014332	0.00014332	assessed	provisional
SID31160	SID31160	donor_combined_disjoint_clean_reads	k__Bacteria|p__Firmicutes|c__CFGB58251|o__OFGB58251|f__FGB58251|g__GGB9764|s__GGB9764_SGB15381	species	2|1239|||||	0.014323	0.00014323	assessed	provisional
SID31160	SID31160	donor_combined_disjoint_clean_reads	k__Bacteria|p__Firmicutes|c__Clostridia|o__Lachnospirales|f__Lachnospiraceae|g__Blautia|s__Blautia_glucerasea	species	2|1239|186801|3085636|186803|572511|536633	0.014278	0.00014278	assessed	provisional
SID31160	SID31160	donor_combined_disjoint_clean_reads	k__Bacteria|p__Firmicutes|c__Clostridia|o__Lachnospirales|f__Lachnospiraceae|g__Wansuia|s__Wansuia_hejianensis	species	2|1239|186801|3085636|186803|2944198|2763667	0.014246	0.00014246	assessed	provisional
SID31160	SID31160	donor_combined_disjoint_clean_reads	k__Bacteria|p__Firmicutes|c__CFGB3070|o__OFGB3070|f__FGB3070|g__GGB9774|s__GGB9774_SGB15394	species	2|1239|||||	0.014015	0.00014015	assessed	provisional
SID31160	SID31160	donor_combined_disjoint_clean_reads	k__Bacteria|p__Firmicutes|c__Clostridia|o__Eubacteriales|f__Oscillospiraceae|g__Oscillospiraceae_unclassified|s__Oscillospiraceae_bacterium	species	2|1239|186801|186802|216572||2485925	0.013877	0.00013877	assessed	provisional
SID31160	SID31160	donor_combined_disjoint_clean_reads	k__Bacteria|p__Firmicutes|c__Clostridia|o__Eubacteriales|f__Oscillospiraceae|g__GGB9634|s__GGB9634_SGB15101	species	2|1239|186801|186802|216572||	0.013846	0.00013846	assessed	provisional
SID31160	SID31160	donor_combined_disjoint_clean_reads	k__Bacteria|p__Firmicutes|c__Clostridia|o__Eubacteriales|f__Oscillospiraceae|g__GGB9627|s__GGB9627_SGB15081	species	2|1239|186801|186802|216572||	0.013435	0.00013435	assessed	provisional
SID31160	SID31160	donor_combined_disjoint_clean_reads	k__Bacteria|p__Firmicutes|c__CFGB10312|o__OFGB10312|f__FGB10312|g__GGB4644|s__GGB4644_SGB6428	species	2|1239|||||	0.013105	0.00013105000000000001	assessed	provisional
SID31160	SID31160	donor_combined_disjoint_clean_reads	k__Bacteria|p__Firmicutes|c__Clostridia|o__Eubacteriales|f__Oscillospiraceae|g__GGB9708|s__GGB9708_SGB15234	species	2|1239|186801|186802|216572||	0.012922	0.00012921999999999999	assessed	provisional
SID31160	SID31160	donor_combined_disjoint_clean_reads	k__Bacteria|p__Firmicutes|c__Clostridia|o__Lachnospirales|f__Lachnospiraceae|g__Lachnospira|s__Lachnospira_pectinoschiza	species	2|1239|186801|3085636|186803|28050|28052	0.012208	0.00012208	assessed	provisional
SID31160	SID31160	donor_combined_disjoint_clean_reads	k__Bacteria|p__Bacteroidota|c__Bacteroidia|o__Bacteroidales|f__Prevotellaceae|g__Paraprevotella|s__Paraprevotella_clara	species	2|976|200643|171549|171552|577309|454154	0.012185	0.00012185	assessed	provisional
SID31160	SID31160	donor_combined_disjoint_clean_reads	k__Bacteria|p__Firmicutes|c__CFGB3023|o__OFGB3023|f__FGB3023|g__GGB9502|s__GGB9502_SGB14899	species	2|1239|||||	0.011919	0.00011919	assessed	provisional
SID31160	SID31160	donor_combined_disjoint_clean_reads	k__Bacteria|p__Firmicutes|c__Clostridia|o__Eubacteriales|f__Oscillospiraceae|g__GGB9708|s__GGB9708_SGB15237	species	2|1239|186801|186802|216572||	0.0117	0.000117	assessed	provisional
SID31160	SID31160	donor_combined_disjoint_clean_reads	k__Bacteria|p__Bacteroidota|c__CFGB9414|o__OFGB9414|f__FGB9414|g__GGB1101|s__GGB1101_SGB1415	species	2|976|||||	0.01142	0.0001142	assessed	provisional
SID31160	SID31160	donor_combined_disjoint_clean_reads	k__Bacteria|p__Firmicutes|c__Clostridia|o__Lachnospirales|f__Lachnospiraceae|g__Lachnospiraceae_unclassified|s__Lachnospiraceae_bacterium_AF58_1A	species	2|1239|186801|3085636|186803||2998012	0.010641	0.00010640999999999999	assessed	provisional
SID31160	SID31160	donor_combined_disjoint_clean_reads	k__Bacteria|p__Firmicutes|c__CFGB1298|o__OFGB1298|f__FGB1298|g__GGB3118|s__GGB3118_SGB4130	species	2|1239|||||	0.01033	0.0001033	assessed	provisional
SID31160	SID31160	donor_combined_disjoint_clean_reads	k__Bacteria|p__Firmicutes|c__CFGB3054|o__OFGB3054|f__FGB3054|g__GGB58198|s__GGB58198_SGB105808	species	2|1239|||||	0.010293	0.00010293	assessed	provisional
SID31160	SID31160	donor_combined_disjoint_clean_reads	k__Bacteria|p__Firmicutes|c__Clostridia|o__Eubacteriales|f__Oscillospiraceae|g__GGB9737|s__GGB9737_SGB15309	species	2|1239|186801|186802|216572||	0.01011	0.00010109999999999999	assessed	provisional
SID31160	SID31160	donor_combined_disjoint_clean_reads	k__Bacteria|p__Firmicutes|c__CFGB10290|o__OFGB10290|f__FGB10290|g__GGB101013|s__GGB101013_SGB6521	species	2|1239|||||	0.010047	0.00010047	assessed	provisional
SID31160	SID31160	donor_combined_disjoint_clean_reads	k__Bacteria|p__Firmicutes|c__Clostridia|o__Eubacteriales|f__Oscillospiraceae|g__GGB9618|s__GGB9618_SGB15065	species	2|1239|186801|186802|216572||	0.009977	9.977e-05	assessed	provisional
SID31160	SID31160	donor_combined_disjoint_clean_reads	k__Bacteria|p__Firmicutes|c__Clostridia|o__Lachnospirales|f__Lachnospiraceae|g__Roseburia|s__Roseburia_yibonii	species	2|1239|186801|3085636|186803|841|2763063	0.00988	9.88e-05	assessed	provisional
SID31160	SID31160	donor_combined_disjoint_clean_reads	k__Bacteria|p__Firmicutes|c__Clostridia|o__Eubacteriales|f__Oscillospiraceae|g__GGB9786|s__GGB9786_SGB15409	species	2|1239|186801|186802|216572||	0.009589	9.589e-05	assessed	provisional
SID31160	SID31160	donor_combined_disjoint_clean_reads	k__Bacteria|p__Firmicutes|c__Clostridia|o__Eubacteriales|f__Oscillospiraceae|g__GGB9237|s__GGB9237_SGB14179	species	2|1239|186801|186802|216572||	0.009431	9.431e-05	assessed	provisional
SID31160	SID31160	donor_combined_disjoint_clean_reads	k__Bacteria|p__Firmicutes|c__Clostridia|o__Eubacteriales|f__Oscillospiraceae|g__GGB9779|s__GGB9779_SGB15399	species	2|1239|186801|186802|216572||	0.009361	9.360999999999999e-05	assessed	provisional
SID31160	SID31160	donor_combined_disjoint_clean_reads	k__Bacteria|p__Firmicutes|c__Clostridia|o__Eubacteriales|f__Butyricicoccaceae|g__GGB128043|s__GGB128043_SGB158949	species	2|1239|186801|186802|3085642||	0.009054	9.054e-05	assessed	provisional
SID31160	SID31160	donor_combined_disjoint_clean_reads	k__Bacteria|p__Bacteroidota|c__Bacteroidia|o__Bacteroidales|f__Tannerellaceae|g__Parabacteroides|s__Parabacteroides_distasonis	species	2|976|200643|171549|2005525|375288|823	0.008993	8.992999999999999e-05	assessed	provisional
SID31160	SID31160	donor_combined_disjoint_clean_reads	k__Bacteria|p__Firmicutes|c__Clostridia|o__Eubacteriales|f__Oscillospiraceae|g__Brotocaccenecus|s__Brotocaccenecus_cirricatena	species	2|1239|186801|186802|216572|3064194|3064195	0.008976	8.976e-05	assessed	provisional
SID31160	SID31160	donor_combined_disjoint_clean_reads	k__Bacteria|p__Firmicutes|c__CFGB78502|o__OFGB78502|f__FGB78502|g__GGB9280|s__GGB9280_SGB14233	species	2|1239|||||	0.008882	8.882e-05	assessed	provisional
SID31160	SID31160	donor_combined_disjoint_clean_reads	k__Bacteria|p__Actinomycetota|c__Coriobacteriia|o__Coriobacteriales|f__Coriobacteriaceae|g__GGB9370|s__GGB9370_SGB14351	species	2|201174|84998|84999|84107||	0.008675	8.675000000000001e-05	assessed	provisional
SID31160	SID31160	donor_combined_disjoint_clean_reads	k__Bacteria|p__Firmicutes|c__CFGB4507|o__OFGB4507|f__FGB4507|g__GGB55600|s__GGB55600_SGB76891	species	2|1239|||||	0.008604	8.604000000000001e-05	assessed	provisional
SID31160	SID31160	donor_combined_disjoint_clean_reads	k__Bacteria|p__Firmicutes|c__CFGB2889|o__OFGB2889|f__FGB2889|g__GGB9197|s__GGB9197_SGB14136	species	2|1239|||||	0.00857	8.57e-05	assessed	provisional
SID31160	SID31160	donor_combined_disjoint_clean_reads	k__Bacteria|p__Bacteroidota|c__Bacteroidia|o__Bacteroidales|f__Bacteroidaceae|g__Bacteroides|s__Bacteroides_finegoldii	species	2|976|200643|171549|815|816|338188	0.00855	8.55e-05	assessed	provisional
SID31160	SID31160	donor_combined_disjoint_clean_reads	k__Bacteria|p__Firmicutes|c__CFGB45503|o__OFGB45503|f__FGB45503|g__GGB9790|s__GGB9790_SGB15413	species	2|1239|||||	0.008193	8.193000000000001e-05	assessed	provisional
SID31160	SID31160	donor_combined_disjoint_clean_reads	k__Bacteria|p__Firmicutes|c__Clostridia|o__Eubacteriales|f__Oscillospiraceae|g__GGB9784|s__GGB9784_SGB15407	species	2|1239|186801|186802|216572||	0.008125	8.125e-05	assessed	provisional
SID31160	SID31160	donor_combined_disjoint_clean_reads	k__Bacteria|p__Firmicutes|c__Clostridia|o__Eubacteriales|f__Clostridiaceae|g__Massilioclostridium|s__Massilioclostridium_coli	species	2|1239|186801|186802|31979|1935927|1870991	0.008059	8.059e-05	assessed	provisional
SID31160	SID31160	donor_combined_disjoint_clean_reads	k__Bacteria|p__Firmicutes|c__Clostridia|o__Eubacteriales|f__Clostridiaceae|g__Clostridium|s__Clostridium_sp_AF36_4	species	2|1239|186801|186802|31979|1485|2293015	0.008035	8.035e-05	assessed	provisional
SID31160	SID31160	donor_combined_disjoint_clean_reads	k__Bacteria|p__Firmicutes|c__Clostridia|o__Eubacteriales|f__Oscillospiraceae|g__GGB37777|s__GGB37777_SGB53475	species	2|1239|186801|186802|216572||	0.007817	7.816999999999999e-05	assessed	provisional
SID31160	SID31160	donor_combined_disjoint_clean_reads	k__Bacteria|p__Firmicutes|c__Clostridia|o__Eubacteriales|f__Oscillospiraceae|g__GGB9701|s__GGB9701_SGB15218	species	2|1239|186801|186802|216572||	0.007638	7.638e-05	assessed	provisional
SID31160	SID31160	donor_combined_disjoint_clean_reads	k__Bacteria|p__Firmicutes|c__Clostridia|o__Eubacteriales|f__Clostridiaceae|g__Clostridiaceae_unclassified|s__Clostridiaceae_bacterium_AF18_31LB	species	2|1239|186801|186802|31979||2292182	0.00758	7.58e-05	assessed	provisional
SID31160	SID31160	donor_combined_disjoint_clean_reads	k__Bacteria|p__Firmicutes|c__CFGB10314|o__OFGB10314|f__FGB10314|g__GGB4702|s__GGB4702_SGB6509	species	2|1239|||||	0.00757	7.57e-05	assessed	provisional
SID31160	SID31160	donor_combined_disjoint_clean_reads	k__Bacteria|p__Bacteroidota|c__Bacteroidia|o__Bacteroidales|f__Prevotellaceae|g__Segatella|s__Segatella_brasiliensis	species	2|976|200643|171549|171552|2974251|165179	0.007399	7.399e-05	assessed	provisional
SID31160	SID31160	donor_combined_disjoint_clean_reads	k__Archaea|p__Thermoplasmatota|c__Thermoplasmata|o__Methanomassiliicoccales|f__Methanomassiliicoccaceae|g__GGB267|s__GGB267_SGB372	species	2157|2283796|183967|1235850|1577788||	0.007293	7.293e-05	assessed	provisional
SID31160	SID31160	donor_combined_disjoint_clean_reads	k__Bacteria|p__Bacteroidota|c__Bacteroidia|o__Bacteroidales|f__Prevotellaceae|g__Prevotella|s__Prevotella_dentalis	species	2|976|200643|171549|171552|838|52227	0.007225	7.225e-05	assessed	provisional
SID31160	SID31160	donor_combined_disjoint_clean_reads	k__Bacteria|p__Firmicutes|c__CFGB94658|o__OFGB94658|f__FGB94658|g__GGB32726|s__GGB32726_SGB47427	species	2|1239|||||	0.007028	7.028e-05	assessed	provisional
SID31160	SID31160	donor_combined_disjoint_clean_reads	k__Bacteria|p__Firmicutes|c__CFGB3054|o__OFGB3054|f__FGB3054|g__GGB9686|s__GGB9686_SGB15190	species	2|1239|||||	0.006968	6.968e-05	assessed	provisional
SID31160	SID31160	donor_combined_disjoint_clean_reads	k__Bacteria|p__Firmicutes|c__Clostridia|o__Eubacteriales|f__Oscillospiraceae|g__Lawsonibacter|s__Lawsonibacter_hominis	species	2|1239|186801|186802|216572|2172004|2763053	0.006667	6.667e-05	assessed	provisional
SID31160	SID31160	donor_combined_disjoint_clean_reads	k__Bacteria|p__Firmicutes|c__Clostridia|o__Eubacteriales|f__Oscillospiraceae|g__GGB9637|s__GGB9637_SGB15111	species	2|1239|186801|186802|216572||	0.006661	6.661e-05	assessed	provisional
SID31160	SID31160	donor_combined_disjoint_clean_reads	k__Bacteria|p__Firmicutes|c__CFGB48199|o__OFGB48199|f__FGB48199|g__GGB85011|s__GGB85011_SGB118821	species	2|1239|||||	0.006348	6.348000000000001e-05	assessed	provisional
SID31160	SID31160	donor_combined_disjoint_clean_reads	k__Bacteria|p__Firmicutes|c__CFGB3054|o__OFGB3054|f__FGB3054|g__GGB52123|s__GGB52123_SGB119595	species	2|1239|||||	0.006286	6.286e-05	assessed	provisional
SID31160	SID31160	donor_combined_disjoint_clean_reads	k__Bacteria|p__Firmicutes|c__Clostridia|o__Eubacteriales|f__Yeguiaceae|g__Yeguia|s__Yeguia_hominis	species	2|1239|186801|186802|2944140|2944143|2763662	0.006285	6.285e-05	assessed	provisional
SID31160	SID31160	donor_combined_disjoint_clean_reads	k__Bacteria|p__Firmicutes|c__Clostridia|o__Eubacteriales|f__Oscillospiraceae|g__GGB13494|s__GGB13494_SGB74405	species	2|1239|186801|186802|216572||	0.006075	6.075e-05	assessed	provisional
SID31160	SID31160	donor_combined_disjoint_clean_reads	k__Bacteria|p__Firmicutes|c__CFGB2982|o__OFGB2982|f__FGB2982|g__GGB9342|s__GGB9342_SGB14306	species	2|1239|||||	0.006071	6.071e-05	assessed	provisional
SID31160	SID31160	donor_combined_disjoint_clean_reads	k__Bacteria|p__Firmicutes|c__CFGB3047|o__OFGB3047|f__FGB3047|g__GGB52130|s__GGB52130_SGB14966	species	2|1239|||||	0.005976	5.9760000000000004e-05	assessed	provisional
SID31160	SID31160	donor_combined_disjoint_clean_reads	k__Bacteria|p__Firmicutes|c__CFGB82250|o__OFGB82250|f__FGB82250|g__GGB9350|s__GGB9350_SGB14317	species	2|1239|||||	0.005975	5.975e-05	assessed	provisional
SID31160	SID31160	donor_combined_disjoint_clean_reads	k__Bacteria|p__Firmicutes|c__Bacilli|o__Lactobacillales|f__Streptococcaceae|g__Streptococcus|s__Streptococcus_oralis	species	2|1239|91061|186826|1300|1301|1303	0.00589	5.89e-05	assessed	provisional
SID31160	SID31160	donor_combined_disjoint_clean_reads	k__Bacteria|p__Firmicutes|c__Clostridia|o__Eubacteriales|f__Oscillospiraceae|g__GGB52084|s__GGB52084_SGB72786	species	2|1239|186801|186802|216572||	0.00558	5.58e-05	assessed	provisional
SID31160	SID31160	donor_combined_disjoint_clean_reads	k__Bacteria|p__Firmicutes|c__Clostridia|o__Eubacteriales|f__Eubacteriales_unclassified|g__Intestinimonas|s__Intestinimonas_massiliensis_ex_Afouda_et_al_2020	species	2|1239|186801|186802||1392389|1673721	0.005518	5.5180000000000004e-05	assessed	provisional
SID31160	SID31160	donor_combined_disjoint_clean_reads	k__Bacteria|p__Firmicutes|c__Clostridia|o__Eubacteriales|f__Maliibacteriaceae|g__GGB9778|s__GGB9778_SGB15398	species	2|1239|186801|186802|3047432||	0.005457	5.457e-05	assessed	provisional
SID31160	SID31160	donor_combined_disjoint_clean_reads	k__Bacteria|p__Firmicutes|c__Clostridia|o__Eubacteriales|f__Maliibacteriaceae|g__GGB9778|s__GGB9778_SGB53486	species	2|1239|186801|186802|3047432||	0.005429	5.429e-05	assessed	provisional
SID31160	SID31160	donor_combined_disjoint_clean_reads	k__Bacteria|p__Firmicutes|c__Bacilli|o__Lactobacillales|f__Streptococcaceae|g__Streptococcus|s__Streptococcus_sanguinis	species	2|1239|91061|186826|1300|1301|1305	0.005374	5.3740000000000004e-05	assessed	provisional
SID31160	SID31160	donor_combined_disjoint_clean_reads	k__Bacteria|p__Firmicutes|c__Clostridia|o__Eubacteriales|f__Oscillospiraceae|g__GGB9781|s__GGB9781_SGB15402	species	2|1239|186801|186802|216572||	0.005301	5.301e-05	assessed	provisional
SID31160	SID31160	donor_combined_disjoint_clean_reads	k__Bacteria|p__Firmicutes|c__Clostridia|o__Eubacteriales|f__Clostridiaceae|g__GGB3478|s__GGB3478_SGB4643	species	2|1239|186801|186802|31979||	0.005233	5.2329999999999995e-05	assessed	provisional
SID31160	SID31160	donor_combined_disjoint_clean_reads	k__Bacteria|p__Firmicutes|c__Clostridia|o__Eubacteriales|f__Oscillospiraceae|g__Oscillospiraceae_unclassified|s__Clostridium_leptum	species	2|1239|186801|186802|216572||1535	0.005088	5.0879999999999994e-05	assessed	provisional
SID31160	SID31160	donor_combined_disjoint_clean_reads	k__Bacteria|p__Firmicutes|c__CFGB8301|o__OFGB8301|f__FGB8301|g__GGB25400|s__GGB25400_SGB37351	species	2|1239|||||	0.004856	4.856e-05	assessed	provisional
SID31160	SID31160	donor_combined_disjoint_clean_reads	k__Bacteria|p__Firmicutes|c__Clostridia|o__Christensenellales|f__Christensenellaceae|g__Guopingia|s__Guopingia_tenuis	species	2|1239|186801|3082768|990719|2944148|2763656	0.004708	4.708e-05	assessed	provisional
SID31160	SID31160	donor_combined_disjoint_clean_reads	k__Bacteria|p__Firmicutes|c__Clostridia|o__Lachnospirales|f__Lachnospiraceae|g__GGB13283|s__GGB13283_SGB4948	species	2|1239|186801|3085636|186803||	0.00465	4.65e-05	assessed	provisional
SID31160	SID31160	donor_combined_disjoint_clean_reads	k__Bacteria|p__Firmicutes|c__Clostridia|o__Lachnospirales|f__Lachnospiraceae|g__GGB49418|s__GGB49418_SGB69331	species	2|1239|186801|3085636|186803||	0.004614	4.614e-05	assessed	provisional
SID31160	SID31160	donor_combined_disjoint_clean_reads	k__Bacteria|p__Firmicutes|c__Clostridia|o__Eubacteriales|f__Clostridiaceae|g__Clostridium|s__Clostridium_SGB4750	species	2|1239|186801|186802|31979|1485|	0.004609	4.609e-05	assessed	provisional
SID31160	SID31160	donor_combined_disjoint_clean_reads	k__Bacteria|p__Firmicutes|c__CFGB32310|o__OFGB32310|f__FGB32310|g__GGB32310|s__GGB32310_SGB53819	species	2|1239|||||	0.004366	4.366e-05	assessed	provisional
SID31160	SID31160	donor_combined_disjoint_clean_reads	k__Bacteria|p__Firmicutes|c__CFGB73197|o__OFGB73197|f__FGB73197|g__GGB33550|s__GGB33550_SGB47441	species	2|1239|||||	0.004336	4.336e-05	assessed	provisional
SID31160	SID31160	donor_combined_disjoint_clean_reads	k__Bacteria|p__Firmicutes|c__CFGB38642|o__OFGB38642|f__FGB38642|g__GGB9770|s__GGB9770_SGB15390	species	2|1239|||||	0.004283	4.283e-05	assessed	provisional
SID31160	SID31160	donor_combined_disjoint_clean_reads	k__Bacteria|p__Actinomycetota|c__Coriobacteriia|o__Eggerthellales|f__Eggerthellaceae|g__GGB45432|s__GGB45432_SGB63101	species	2|201174|84998|1643822|1643826||	0.004235	4.235e-05	assessed	provisional
SID31160	SID31160	donor_combined_disjoint_clean_reads	k__Bacteria|p__Firmicutes|c__CFGB4761|o__OFGB4761|f__FGB4761|g__GGB50913|s__GGB50913_SGB71122	species	2|1239|||||	0.00418	4.18e-05	assessed	provisional
SID31160	SID31160	donor_combined_disjoint_clean_reads	k__Bacteria|p__Actinomycetota|c__Coriobacteriia|o__Eggerthellales|f__Eggerthellaceae|g__GGB45432|s__GGB45432_SGB63100	species	2|201174|84998|1643822|1643826||	0.00394	3.94e-05	assessed	provisional
SID31160	SID31160	donor_combined_disjoint_clean_reads	k__Bacteria|p__Firmicutes|c__Clostridia|o__Eubacteriales|f__Oscillospiraceae|g__GGB9646|s__GGB9646_SGB15123	species	2|1239|186801|186802|216572||	0.003915	3.915e-05	assessed	provisional
SID31160	SID31160	donor_combined_disjoint_clean_reads	k__Bacteria|p__Firmicutes|c__CFGB2832|o__OFGB2832|f__FGB2832|g__GGB9054|s__GGB9054_SGB13959	species	2|1239|||||	0.003885	3.885e-05	assessed	provisional
SID31160	SID31160	donor_combined_disjoint_clean_reads	k__Bacteria|p__Firmicutes|c__Clostridia|o__Eubacteriales|f__Oscillospiraceae|g__GGB53378|s__GGB53378_SGB74410	species	2|1239|186801|186802|216572||	0.003835	3.835e-05	assessed	provisional
SID31160	SID31160	donor_combined_disjoint_clean_reads	k__Bacteria|p__Firmicutes|c__CFGB2876|o__OFGB2876|f__FGB2876|g__GGB9178|s__GGB9178_SGB14116	species	2|1239|||||	0.003805	3.8049999999999997e-05	assessed	provisional
SID31160	SID31160	donor_combined_disjoint_clean_reads	k__Bacteria|p__Firmicutes|c__CFGB2924|o__OFGB2924|f__FGB2924|g__GGB9247|s__GGB9247_SGB14191	species	2|1239|||||	0.003781	3.781e-05	assessed	provisional
SID31160	SID31160	donor_combined_disjoint_clean_reads	k__Bacteria|p__Firmicutes|c__CFGB10309|o__OFGB10309|f__FGB10309|g__GGB4676|s__GGB4676_SGB6465	species	2|1239|||||	0.003733	3.7330000000000003e-05	assessed	provisional
SID31160	SID31160	donor_combined_disjoint_clean_reads	k__Bacteria|p__Firmicutes|c__Clostridia|o__Eubacteriales|f__Oscillospiraceae|g__GGB128262|s__GGB128262_SGB160038	species	2|1239|186801|186802|216572||	0.003594	3.594e-05	assessed	provisional
SID31160	SID31160	donor_combined_disjoint_clean_reads	k__Bacteria|p__Firmicutes|c__Clostridia|o__Lachnospirales|f__Lachnospiraceae|g__Lachnospira|s__Lachnospira_hominis_ex_Liu_et_al_2021	species	2|1239|186801|3085636|186803|28050|2763051	0.003586	3.586e-05	assessed	provisional
SID31160	SID31160	donor_combined_disjoint_clean_reads	k__Bacteria|p__Firmicutes|c__Clostridia|o__Lachnospirales|f__Lachnospiraceae|g__GGB3733|s__GGB3733_SGB5066	species	2|1239|186801|3085636|186803||	0.003584	3.584e-05	assessed	provisional
SID31160	SID31160	donor_combined_disjoint_clean_reads	k__Bacteria|p__Firmicutes|c__Clostridia|o__Eubacteriales|f__Oscillospiraceae|g__GGB9602|s__GGB9602_SGB20832	species	2|1239|186801|186802|216572||	0.00352	3.52e-05	assessed	provisional
SID31160	SID31160	donor_combined_disjoint_clean_reads	k__Bacteria|p__Firmicutes|c__Bacillota_unclassified|o__Bacillota_unclassified|f__Bacillota_unclassified|g__GGB58485|s__GGB58485_SGB80143	species	2|1239|||||	0.003511	3.511e-05	assessed	provisional
SID31160	SID31160	donor_combined_disjoint_clean_reads	k__Bacteria|p__Firmicutes|c__CFGB1311|o__OFGB1311|f__FGB1311|g__GGB101497|s__GGB101497_SGB144779	species	2|1239|||||	0.003445	3.4450000000000004e-05	assessed	provisional
SID31160	SID31160	donor_combined_disjoint_clean_reads	k__Bacteria|p__Firmicutes|c__Clostridia|o__Lachnospirales|f__Lachnospiraceae|g__Roseburia|s__Roseburia_zhanii	species	2|1239|186801|3085636|186803|841|2763064	0.003432	3.4320000000000003e-05	assessed	provisional
SID31160	SID31160	donor_combined_disjoint_clean_reads	k__Bacteria|p__Firmicutes|c__CFGB38642|o__OFGB38642|f__FGB38642|g__GGB9767|s__GGB9767_SGB15384	species	2|1239|||||	0.003146	3.146e-05	assessed	provisional
SID31160	SID31160	donor_combined_disjoint_clean_reads	k__Bacteria|p__Firmicutes|c__Clostridia|o__Eubacteriales|f__Clostridiaceae|g__Clostridium|s__Clostridium_sp_AF27_2AA	species	2|1239|186801|186802|31979|1485|2292206	0.003056	3.056e-05	assessed	provisional
SID31160	SID31160	donor_combined_disjoint_clean_reads	k__Bacteria|p__Firmicutes|c__Clostridia|o__Eubacteriales|f__Oscillospiraceae|g__GGB9697|s__GGB9697_SGB15213	species	2|1239|186801|186802|216572||	0.002832	2.832e-05	assessed	provisional
SID31160	SID31160	donor_combined_disjoint_clean_reads	k__Bacteria|p__Firmicutes|c__CFGB94833|o__OFGB94833|f__FGB94833|g__GGB101072|s__GGB101072_SGB144111	species	2|1239|||||	0.002692	2.692e-05	assessed	provisional
SID31160	SID31160	donor_combined_disjoint_clean_reads	k__Bacteria|p__Firmicutes|c__CFGB58251|o__OFGB58251|f__FGB58251|g__GGB74446|s__GGB74446_SGB53492	species	2|1239|||||	0.002601	2.601e-05	assessed	provisional
SID31160	SID31160	donor_combined_disjoint_clean_reads	k__Bacteria|p__Firmicutes|c__Clostridia|o__Eubacteriales|f__Feifaniaceae|g__Feifania|s__Feifania_hominis	species	2|1239|186801|186802|2944141|2944145|2763660	0.002595	2.595e-05	assessed	provisional
SID31160	SID31160	donor_combined_disjoint_clean_reads	k__Bacteria|p__Firmicutes|c__CFGB2915|o__OFGB2915|f__FGB2915|g__GGB36267|s__GGB36267_SGB14177	species	2|1239|||||	0.002492	2.492e-05	assessed	provisional
SID31160	SID31160	donor_combined_disjoint_clean_reads	k__Bacteria|p__Bacteroidota|c__Bacteroidia|o__Bacteroidales|f__Bacteroidaceae|g__Bacteroides|s__Bacteroides_ovatus	species	2|976|200643|171549|815|816|28116	0.002435	2.4350000000000002e-05	assessed	provisional
SID31160	SID31160	donor_combined_disjoint_clean_reads	k__Bacteria|p__Firmicutes|c__Clostridia|o__Eubacteriales|f__Eubacteriaceae|g__Eubacterium|s__Eubacterium_ventriosum	species	2|1239|186801|186802|186806|1730|39496	0.002389	2.389e-05	assessed	provisional
SID31160	SID31160	donor_combined_disjoint_clean_reads	k__Bacteria|p__Firmicutes|c__Clostridia|o__Eubacteriales|f__Oscillospiraceae|g__GGB45495|s__GGB45495_SGB63167	species	2|1239|186801|186802|216572||	0.00237	2.37e-05	assessed	provisional
SID31160	SID31160	donor_combined_disjoint_clean_reads	k__Bacteria|p__Firmicutes|c__CFGB38642|o__OFGB38642|f__FGB38642|g__GGB9767|s__GGB9767_SGB15385	species	2|1239|||||	0.0023	2.3e-05	assessed	provisional
SID31160	SID31160	donor_combined_disjoint_clean_reads	k__Bacteria|p__Firmicutes|c__Clostridia|o__Eubacteriales|f__Oscillospiraceae|g__GGB9781|s__GGB9781_SGB15401	species	2|1239|186801|186802|216572||	0.002209	2.209e-05	assessed	provisional
SID31160	SID31160	donor_combined_disjoint_clean_reads	k__Bacteria|p__Pseudomonadota|c__Gammaproteobacteria|o__Lysobacterales|f__Lysobacteraceae|g__Stenotrophomonas|s__Stenotrophomonas_maltophilia	species	2|1224|1236|135614|32033|40323|40324	0.002148	2.148e-05	assessed	provisional
SID31160	SID31160	donor_combined_disjoint_clean_reads	k__Bacteria|p__Firmicutes|c__CFGB9629|o__OFGB9629|f__FGB9629|g__GGB3615|s__GGB3615_SGB4887	species	2|1239|||||	0.002127	2.127e-05	assessed	provisional
SID31160	SID31160	donor_combined_disjoint_clean_reads	k__Bacteria|p__Firmicutes|c__CFGB10021|o__OFGB10021|f__FGB10021|g__GGB48148|s__GGB48148_SGB66151	species	2|1239|||||	0.002054	2.054e-05	assessed	provisional
SID31160	SID31160	donor_combined_disjoint_clean_reads	k__Bacteria|p__Firmicutes|c__CFGB10314|o__OFGB10314|f__FGB10314|g__GGB50720|s__GGB50720_SGB70876	species	2|1239|||||	0.001899	1.899e-05	assessed	provisional
SID31160	SID31160	donor_combined_disjoint_clean_reads	k__Bacteria|p__Firmicutes|c__Bacilli|o__Lactobacillales|f__Lactobacillaceae|g__Leuconostoc|s__Leuconostoc_falkenbergense	species	2|1239|91061|186826|33958|1243|2766470	0.001828	1.828e-05	assessed	provisional
SID31160	SID31160	donor_combined_disjoint_clean_reads	k__Bacteria|p__Actinomycetota|c__Actinomycetes|o__Micrococcales|f__Micrococcaceae|g__Rothia|s__Rothia_dentocariosa	species	2|201174|1760|85006|1268|32207|2047	0.001721	1.721e-05	assessed	provisional
SID31160	SID31160	donor_combined_disjoint_clean_reads	k__Bacteria|p__Firmicutes|c__CFGB330|o__OFGB330|f__FGB330|g__GGB756|s__GGB756_SGB993	species	2|1239|||||	0.00172	1.7199999999999998e-05	assessed	provisional
SID31160	SID31160	donor_combined_disjoint_clean_reads	k__Bacteria|p__Firmicutes|c__Clostridia|o__Eubacteriales|f__Oscillospiraceae|g__Lawsonibacter|s__Lawsonibacter_asaccharolyticus	species	2|1239|186801|186802|216572|2172004|2108523	0.001663	1.663e-05	assessed	provisional
SID31160	SID31160	donor_combined_disjoint_clean_reads	k__Bacteria|p__Firmicutes|c__Clostridia|o__Eubacteriales|f__Oscillospiraceae|g__Massiliimalia|s__Massiliimalia_massiliensis	species	2|1239|186801|186802|216572|2895461|1852384	0.001662	1.662e-05	assessed	provisional
SID31160	SID31160	donor_combined_disjoint_clean_reads	k__Bacteria|p__Bacteroidota|c__Bacteroidia|o__Bacteroidales|f__Bacteroidaceae|g__Bacteroides|s__Bacteroides_thetaiotaomicron	species	2|976|200643|171549|815|816|818	0.001623	1.6230000000000002e-05	assessed	provisional
SID31160	SID31160	donor_combined_disjoint_clean_reads	k__Bacteria|p__Firmicutes|c__CFGB78645|o__OFGB78645|f__FGB78645|g__GGB33539|s__GGB33539_SGB53381	species	2|1239|||||	0.001309	1.309e-05	assessed	provisional
SID31160	SID31160	donor_combined_disjoint_clean_reads	k__Bacteria|p__Firmicutes|c__Clostridia|o__Eubacteriales|f__Oscillospiraceae|g__GGB9781|s__GGB9781_SGB63161	species	2|1239|186801|186802|216572||	0.001071	1.0709999999999999e-05	assessed	provisional
SID31160	SID31160	donor_combined_disjoint_clean_reads	k__Bacteria|p__Firmicutes|c__Clostridia|o__Lachnospirales|f__Lachnospiraceae|g__GGB3627|s__GGB3627_SGB4906	species	2|1239|186801|3085636|186803||	0.000926	9.26e-06	assessed	provisional
SID31160	SID31160	donor_combined_disjoint_clean_reads	k__Bacteria|p__Bacteroidota|c__Bacteroidia|o__Bacteroidales|f__Bacteroidaceae|g__Phocaeicola|s__Phocaeicola_dorei	species	2|976|200643|171549|815|909656|357276	0.000785	7.85e-06	assessed	provisional
SID31160	SID31160	donor_combined_disjoint_clean_reads	k__Bacteria|p__Firmicutes|c__Clostridia|o__Eubacteriales|f__Oscillospiraceae|g__Oscillibacter|s__Oscillibacter_hominis	species	2|1239|186801|186802|216572|459786|2763056	0.000761	7.61e-06	assessed	provisional
SID31160	SID31160	donor_combined_disjoint_clean_reads	k__Bacteria|p__Firmicutes|c__Clostridia|o__Eubacteriales|f__Oscillospiraceae|g__GGB71575|s__GGB71575_SGB98320	species	2|1239|186801|186802|216572||	0.000642	6.4199999999999995e-06	assessed	provisional
SID31160	SID31160	donor_combined_disjoint_clean_reads	k__Bacteria|p__Firmicutes|c__Clostridia|o__Christensenellales|f__Christensenellaceae|g__Gehongia|s__Gehongia_tenuis	species	2|1239|186801|3082768|990719|2944147|2763655	0.000612	6.12e-06	assessed	provisional
SID31160	SID31160	donor_combined_disjoint_clean_reads	k__Bacteria|p__Actinomycetota|c__Coriobacteriia|o__Eggerthellales|f__Eggerthellaceae|g__Adlercreutzia|s__Adlercreutzia_SGB74491	species	2|201174|84998|1643822|1643826|447020|	0.000589	5.89e-06	assessed	provisional
SID31160	SID31160	donor_combined_disjoint_clean_reads	k__Bacteria|p__Firmicutes|c__Clostridia|o__Eubacteriales|f__Oscillospiraceae|g__Lawsonibacter|s__Lawsonibacter_celer	species	2|1239|186801|186802|216572|2172004|2986526	0.000562	5.62e-06	assessed	provisional
SID31160	SID31160	donor_combined_disjoint_clean_reads	k__Bacteria|p__Firmicutes|c__Clostridia|o__Lachnospirales|f__Lachnospiraceae|g__Cuneatibacter|s__Cuneatibacter_sp_NSJ_177	species	2|1239|186801|3085636|186803|1918450|2931401	0.000526	5.26e-06	assessed	provisional
SID31160	SID31160	donor_combined_disjoint_clean_reads	k__Bacteria|p__Firmicutes|c__Bacilli|o__Lactobacillales|f__Carnobacteriaceae|g__Granulicatella|s__Granulicatella_sp_UMB5615A	species	2|1239|91061|186826|186828|117563|3050606	0.000523	5.23e-06	assessed	provisional
SID31160	SID31160	donor_combined_disjoint_clean_reads	k__Bacteria|p__Firmicutes|c__CFGB38642|o__OFGB38642|f__FGB38642|g__GGB9769|s__GGB9769_SGB15388	species	2|1239|||||	0.000519	5.19e-06	assessed	provisional
SID31160	SID31160	donor_combined_disjoint_clean_reads	k__Bacteria|p__Firmicutes|c__Clostridia|o__Eubacteriales|f__Oscillospiraceae|g__Dysosmobacter|s__Dysosmobacter_SGB15051	species	2|1239|186801|186802|216572|2591381|	0.000472	4.72e-06	assessed	provisional
SID31160	SID31160	donor_combined_disjoint_clean_reads	k__Bacteria|p__Firmicutes|c__CFGB89158|o__OFGB89158|f__FGB89158|g__GGB117624|s__GGB117624_SGB150756	species	2|1239|||||	0.000418	4.180000000000001e-06	assessed	provisional
SID31160	SID31160	donor_combined_disjoint_clean_reads	k__Bacteria|p__Firmicutes|c__Bacilli|o__Lactobacillales|f__Streptococcaceae|g__Lactococcus|s__Lactococcus_lactis	species	2|1239|91061|186826|1300|1357|1358	0.000385	3.8499999999999996e-06	assessed	provisional
SID31160	SID31160	donor_combined_disjoint_clean_reads	k__Bacteria|p__Firmicutes|c__CFGB10318|o__OFGB10318|f__FGB10318|g__GGB13787|s__GGB13787_SGB146465	species	2|1239|||||	0.000367	3.6699999999999996e-06	assessed	provisional
SID31160	SID31160	donor_combined_disjoint_clean_reads	k__Bacteria|p__Firmicutes|c__Clostridia|o__Lachnospirales|f__Lachnospiraceae|g__Hominiventricola|s__Hominiventricola_filiformis	species	2|1239|186801|3085636|186803|3073584|2885352	0.000301	3.01e-06	assessed	provisional
SID31160	SID31160	donor_combined_disjoint_clean_reads	k__Bacteria|p__Firmicutes|c__CFGB3004|o__OFGB3004|f__FGB3004|g__GGB58158|s__GGB58158_SGB79798	species	2|1239|||||	0.000299	2.99e-06	assessed	provisional
SID31160	SID31160	donor_combined_disjoint_clean_reads	k__Bacteria|p__Firmicutes|c__Clostridia|o__Christensenellales|f__Christensenellaceae|g__GGB20071|s__GGB20071_SGB29339	species	2|1239|186801|3082768|990719||	0.000282	2.82e-06	assessed	provisional
SID31160	SID31160	donor_combined_disjoint_clean_reads	k__Bacteria|p__Firmicutes|c__Clostridia|o__Lachnospirales|f__Lachnospiraceae|g__GGB3444|s__GGB3444_SGB4594	species	2|1239|186801|3085636|186803||	0.000274	2.74e-06	assessed	provisional
SID31160	SID31160	donor_combined_disjoint_clean_reads	k__Bacteria|p__Firmicutes|c__Erysipelotrichia|o__Erysipelotrichales|f__Erysipelotrichaceae|g__GGB3033|s__GGB3033_SGB4029	species	2|1239|526524|526525|128827||	0.00026	2.5999999999999997e-06	assessed	provisional
SID31160	SID31160	donor_combined_disjoint_clean_reads	k__Bacteria|p__Firmicutes|c__CFGB2893|o__OFGB2893|f__FGB2893|g__GGB9205|s__GGB9205_SGB14144	species	2|1239|||||	0.000249	2.49e-06	assessed	provisional
SID31160	SID31160	donor_combined_disjoint_clean_reads	k__Bacteria|p__Firmicutes|c__Clostridia|o__Eubacteriales|f__Clostridiaceae|g__Clostridium|s__Clostridium_SGB4714	species	2|1239|186801|186802|31979|1485|	0.000144	1.44e-06	assessed	provisional
SID31160	SID31160	donor_combined_disjoint_clean_reads	k__Bacteria|p__Bacteroidota|c__Bacteroidia|o__Bacteroidales|f__Odoribacteraceae|g__Odoribacter|s__Odoribacter_splanchnicus	species	2|976|200643|171549|1853231|283168|28118	7.6e-05	7.6e-07	assessed	provisional
SID31512	SID31512	donor_combined_disjoint_clean_reads	UNCLASSIFIED	unclassified	-1	15.980064	0.15980064	assessed	provisional
SID31512	SID31512	donor_combined_disjoint_clean_reads	k__Bacteria|p__Firmicutes|c__Clostridia|o__Lachnospirales|f__Lachnospiraceae|g__Blautia|s__Blautia_wexlerae	species	2|1239|186801|3085636|186803|572511|418240	8.979545	0.08979545	assessed	provisional
SID31512	SID31512	donor_combined_disjoint_clean_reads	k__Bacteria|p__Firmicutes|c__Clostridia|o__Eubacteriales|f__Oscillospiraceae|g__Ruminococcus|s__Ruminococcus_bromii	species	2|1239|186801|186802|216572|1263|40518	8.29046	0.0829046	assessed	provisional
SID31512	SID31512	donor_combined_disjoint_clean_reads	k__Bacteria|p__Actinomycetota|c__Actinomycetes|o__Bifidobacteriales|f__Bifidobacteriaceae|g__Bifidobacterium|s__Bifidobacterium_catenulatum	species	2|201174|1760|85004|31953|1678|1686	6.930089	0.06930089	assessed	provisional
SID31512	SID31512	donor_combined_disjoint_clean_reads	k__Bacteria|p__Firmicutes|c__Clostridia|o__Eubacteriales|f__Eubacteriales_unclassified|g__Gemmiger|s__Gemmiger_formicilis	species	2|1239|186801|186802||204475|745368	6.509154	0.06509154	assessed	provisional
SID31512	SID31512	donor_combined_disjoint_clean_reads	k__Bacteria|p__Firmicutes|c__Clostridia|o__Lachnospirales|f__Lachnospiraceae|g__Agathobacter|s__Agathobacter_rectalis	species	2|1239|186801|3085636|186803|1766253|39491	5.710649	0.05710649	assessed	provisional
SID31512	SID31512	donor_combined_disjoint_clean_reads	k__Bacteria|p__Actinomycetota|c__Actinomycetes|o__Bifidobacteriales|f__Bifidobacteriaceae|g__Bifidobacterium|s__Bifidobacterium_adolescentis	species	2|201174|1760|85004|31953|1678|1680	4.466904	0.04466904000000001	assessed	provisional
SID31512	SID31512	donor_combined_disjoint_clean_reads	k__Bacteria|p__Firmicutes|c__Clostridia|o__Eubacteriales|f__Eubacteriales_incertae_sedis|g__Candidatus_Cibionibacter|s__Candidatus_Cibionibacter_quicibialis	species	2|1239|186801|186802|538999|2527773|2500537	4.116702	0.04116702	assessed	provisional
SID31512	SID31512	donor_combined_disjoint_clean_reads	k__Bacteria|p__Firmicutes|c__Clostridia|o__Eubacteriales|f__Oscillospiraceae|g__Faecalibacterium|s__Faecalibacterium_prausnitzii	species	2|1239|186801|186802|216572|216851|853	3.456338	0.034563380000000005	assessed	provisional
SID31512	SID31512	donor_combined_disjoint_clean_reads	k__Bacteria|p__Firmicutes|c__Negativicutes|o__Veillonellales|f__Veillonellaceae|g__Dialister|s__Dialister_invisus	species	2|1239|909932|1843489|31977|39948|218538	3.330715	0.03330715	assessed	provisional
SID31512	SID31512	donor_combined_disjoint_clean_reads	k__Bacteria|p__Firmicutes|c__Clostridia|o__Lachnospirales|f__Lachnospiraceae|g__Anaerobutyricum|s__Anaerobutyricum_hallii	species	2|1239|186801|3085636|186803|2569097|39488	2.600917	0.026009169999999998	assessed	provisional
SID31512	SID31512	donor_combined_disjoint_clean_reads	k__Bacteria|p__Firmicutes|c__Clostridia|o__Lachnospirales|f__Lachnospiraceae|g__Dorea|s__Dorea_longicatena	species	2|1239|186801|3085636|186803|189330|88431	2.441138	0.02441138	assessed	provisional
SID31512	SID31512	donor_combined_disjoint_clean_reads	k__Bacteria|p__Firmicutes|c__Clostridia|o__Lachnospirales|f__Lachnospiraceae|g__Fusicatenibacter|s__Fusicatenibacter_saccharivorans	species	2|1239|186801|3085636|186803|1407607|1150298	2.13545	0.021354500000000002	assessed	provisional
SID31512	SID31512	donor_combined_disjoint_clean_reads	k__Bacteria|p__Firmicutes|c__Clostridia|o__Lachnospirales|f__Lachnospiraceae|g__Oliverpabstia|s__Oliverpabstia_intestinalis	species	2|1239|186801|3085636|186803|2815777|2606633	1.860826	0.01860826	assessed	provisional
SID31512	SID31512	donor_combined_disjoint_clean_reads	k__Bacteria|p__Firmicutes|c__Clostridia|o__Lachnospirales|f__Lachnospiraceae|g__Coprococcus|s__Coprococcus_comes	species	2|1239|186801|3085636|186803|33042|410072	1.759757	0.01759757	assessed	provisional
SID31512	SID31512	donor_combined_disjoint_clean_reads	k__Bacteria|p__Firmicutes|c__Clostridia|o__Lachnospirales|f__Lachnospiraceae|g__Blautia|s__Blautia_obeum	species	2|1239|186801|3085636|186803|572511|40520	1.605396	0.01605396	assessed	provisional
SID31512	SID31512	donor_combined_disjoint_clean_reads	k__Bacteria|p__Firmicutes|c__Clostridia|o__Lachnospirales|f__Lachnospiraceae|g__Dorea|s__Dorea_formicigenerans	species	2|1239|186801|3085636|186803|189330|39486	1.590113	0.01590113	assessed	provisional
SID31512	SID31512	donor_combined_disjoint_clean_reads	k__Bacteria|p__Actinomycetota|c__Actinomycetes|o__Bifidobacteriales|f__Bifidobacteriaceae|g__Bifidobacterium|s__Bifidobacterium_pseudocatenulatum	species	2|201174|1760|85004|31953|1678|28026	1.371528	0.013715280000000002	assessed	provisional
SID31512	SID31512	donor_combined_disjoint_clean_reads	k__Bacteria|p__Actinomycetota|c__Coriobacteriia|o__Eggerthellales|f__Eggerthellaceae|g__Adlercreutzia|s__Adlercreutzia_equolifaciens	species	2|201174|84998|1643822|1643826|447020|446660	1.36971	0.0136971	assessed	provisional
SID31512	SID31512	donor_combined_disjoint_clean_reads	k__Bacteria|p__Firmicutes|c__Clostridia|o__Lachnospirales|f__Lachnospiraceae|g__Anaerostipes|s__Anaerostipes_hadrus	species	2|1239|186801|3085636|186803|207244|649756	1.349795	0.013497950000000002	assessed	provisional
SID31512	SID31512	donor_combined_disjoint_clean_reads	k__Bacteria|p__Firmicutes|c__Clostridia|o__Eubacteriales|f__Butyricicoccaceae|g__Agathobaculum|s__Agathobaculum_butyriciproducens	species	2|1239|186801|186802|3085642|2048137|1628085	1.25031	0.0125031	assessed	provisional
SID31512	SID31512	donor_combined_disjoint_clean_reads	k__Bacteria|p__Actinomycetota|c__Actinomycetes|o__Bifidobacteriales|f__Bifidobacteriaceae|g__Bifidobacterium|s__Bifidobacterium_longum	species	2|201174|1760|85004|31953|1678|216816	1.152173	0.011521729999999999	assessed	provisional
SID31512	SID31512	donor_combined_disjoint_clean_reads	k__Bacteria|p__Firmicutes|c__Clostridia|o__Eubacteriales|f__Oscillospiraceae|g__Hominilimicola|s__Hominilimicola_fabiformis	species	2|1239|186801|186802|216572|3073565|2885356	0.970028	0.00970028	assessed	provisional
SID31512	SID31512	donor_combined_disjoint_clean_reads	k__Bacteria|p__Firmicutes|c__Clostridia|o__Lachnospirales|f__Lachnospiraceae|g__Blautia|s__Blautia_faecis	species	2|1239|186801|3085636|186803|572511|871665	0.796284	0.00796284	assessed	provisional
SID31512	SID31512	donor_combined_disjoint_clean_reads	k__Bacteria|p__Firmicutes|c__Clostridia|o__Lachnospirales|f__Lachnospiraceae|g__Blautia|s__Blautia_massiliensis_ex_Durand_et_al_2017	species	2|1239|186801|3085636|186803|572511|1737424	0.781939	0.00781939	assessed	provisional
SID31512	SID31512	donor_combined_disjoint_clean_reads	k__Bacteria|p__Firmicutes|c__Clostridia|o__Eubacteriales|f__Oscillospiraceae|g__GGB9730|s__GGB9730_SGB15291	species	2|1239|186801|186802|216572||	0.541168	0.0054116799999999994	assessed	provisional
SID31512	SID31512	donor_combined_disjoint_clean_reads	k__Bacteria|p__Firmicutes|c__Clostridia|o__Lachnospirales|f__Lachnospiraceae|g__Mediterraneibacter|s__Ruminococcus_lactaris	species	2|1239|186801|3085636|186803|2316020|46228	0.434015	0.00434015	assessed	provisional
SID31512	SID31512	donor_combined_disjoint_clean_reads	k__Bacteria|p__Firmicutes|c__Clostridia|o__Lachnospirales|f__Lachnospiraceae|g__Mediterraneibacter|s__Mediterraneibacter_faecis	species	2|1239|186801|3085636|186803|2316020|592978	0.40845	0.0040845	assessed	provisional
SID31512	SID31512	donor_combined_disjoint_clean_reads	k__Bacteria|p__Firmicutes|c__Erysipelotrichia|o__Erysipelotrichales|f__Coprobacillaceae|g__Faecalibacillus|s__Faecalibacillus_intestinalis	species	2|1239|526524|526525|2810280|2678885|1982626	0.403094	0.00403094	assessed	provisional
SID31512	SID31512	donor_combined_disjoint_clean_reads	k__Bacteria|p__Firmicutes|c__CFGB1380|o__OFGB1380|f__FGB1380|g__GGB3363|s__GGB3363_SGB4447	species	2|1239|||||	0.401791	0.00401791	assessed	provisional
SID31512	SID31512	donor_combined_disjoint_clean_reads	k__Bacteria|p__Firmicutes|c__Clostridia|o__Lachnospirales|f__Lachnospiraceae|g__Dorea|s__Dorea_sp_AF36_15AT	species	2|1239|186801|3085636|186803|189330|2292041	0.348025	0.00348025	assessed	provisional
SID31512	SID31512	donor_combined_disjoint_clean_reads	k__Bacteria|p__Firmicutes|c__Clostridia|o__Lachnospirales|f__Lachnospiraceae|g__Coprococcus|s__Coprococcus_catus	species	2|1239|186801|3085636|186803|33042|116085	0.325363	0.00325363	assessed	provisional
SID31512	SID31512	donor_combined_disjoint_clean_reads	k__Bacteria|p__Actinomycetota|c__Coriobacteriia|o__Eggerthellales|f__Eggerthellaceae|g__Gordonibacter|s__Gordonibacter_pamelaeae	species	2|201174|84998|1643822|1643826|644652|471189	0.304862	0.00304862	assessed	provisional
SID31512	SID31512	donor_combined_disjoint_clean_reads	k__Bacteria|p__Actinomycetota|c__Coriobacteriia|o__Eggerthellales|f__Eggerthellaceae|g__Eggerthella|s__Eggerthella_lenta	species	2|201174|84998|1643822|1643826|84111|84112	0.304209	0.00304209	assessed	provisional
SID31512	SID31512	donor_combined_disjoint_clean_reads	k__Bacteria|p__Firmicutes|c__Clostridia|o__Eubacteriales|f__Beduinellaceae|g__GGB9760|s__GGB9760_SGB15373	species	2|1239|186801|186802|3151707||	0.284315	0.00284315	assessed	provisional
SID31512	SID31512	donor_combined_disjoint_clean_reads	k__Bacteria|p__Actinomycetota|c__Coriobacteriia|o__Eggerthellales|f__Eggerthellaceae|g__GGB9365|s__GGB9365_SGB14341	species	2|201174|84998|1643822|1643826||	0.278112	0.00278112	assessed	provisional
SID31512	SID31512	donor_combined_disjoint_clean_reads	k__Bacteria|p__Firmicutes|c__Clostridia|o__Eubacteriales|f__Beduinellaceae|g__GGB9759|s__GGB9759_SGB15372	species	2|1239|186801|186802|3151707||	0.245416	0.00245416	assessed	provisional
SID31512	SID31512	donor_combined_disjoint_clean_reads	k__Bacteria|p__Firmicutes|c__Clostridia|o__Lachnospirales|f__Lachnospiraceae|g__Blautia|s__Blautia_glucerasea	species	2|1239|186801|3085636|186803|572511|536633	0.24205	0.0024205	assessed	provisional
SID31512	SID31512	donor_combined_disjoint_clean_reads	k__Bacteria|p__Firmicutes|c__Clostridia|o__Lachnospirales|f__Lachnospiraceae|g__Lachnospiraceae_unclassified|s__Lachnospiraceae_bacterium	species	2|1239|186801|3085636|186803||1898203	0.218402	0.00218402	assessed	provisional
SID31512	SID31512	donor_combined_disjoint_clean_reads	k__Bacteria|p__Firmicutes|c__Clostridia|o__Eubacteriales|f__Eubacteriales_unclassified|g__Evtepia|s__Evtepia_gabavorous	species	2|1239|186801|186802||2211178|2211183	0.214486	0.00214486	assessed	provisional
SID31512	SID31512	donor_combined_disjoint_clean_reads	k__Bacteria|p__Firmicutes|c__Erysipelotrichia|o__Erysipelotrichales|f__Erysipelotrichaceae|g__Holdemanella|s__Holdemanella_porci	species	2|1239|526524|526525|128827|1573535|2652276	0.195369	0.0019536899999999997	assessed	provisional
SID31512	SID31512	donor_combined_disjoint_clean_reads	k__Bacteria|p__Firmicutes|c__Clostridia|o__Eubacteriales|f__Oscillospiraceae|g__Faecalibacterium|s__Faecalibacterium_SGB15346	species	2|1239|186801|186802|216572|216851|	0.190857	0.00190857	assessed	provisional
SID31512	SID31512	donor_combined_disjoint_clean_reads	k__Bacteria|p__Firmicutes|c__Clostridia|o__Lachnospirales|f__Lachnospiraceae|g__Gallintestinimicrobium|s__Gallintestinimicrobium_propionicum	species	2|1239|186801|3085636|186803|2981633|2981770	0.180349	0.00180349	assessed	provisional
SID31512	SID31512	donor_combined_disjoint_clean_reads	k__Bacteria|p__Verrucomicrobiota|c__Verrucomicrobiia|o__Verrucomicrobiales|f__Akkermansiaceae|g__Akkermansia|s__Akkermansia_biwaensis	species	2|74201|203494|48461|1647988|239934|2946555	0.17041	0.0017041	assessed	provisional
SID31512	SID31512	donor_combined_disjoint_clean_reads	k__Bacteria|p__Firmicutes|c__Erysipelotrichia|o__Erysipelotrichales|f__Erysipelotrichaceae|g__Longicatena|s__Longicatena_caecimuris	species	2|1239|526524|526525|128827|1918536|1796635	0.161735	0.0016173499999999998	assessed	provisional
SID31512	SID31512	donor_combined_disjoint_clean_reads	k__Bacteria|p__Firmicutes|c__Clostridia|o__Eubacteriales|f__Eubacteriaceae|g__Eubacterium|s__Eubacterium_ramulus	species	2|1239|186801|186802|186806|1730|39490	0.144443	0.0014444299999999998	assessed	provisional
SID31512	SID31512	donor_combined_disjoint_clean_reads	k__Bacteria|p__Firmicutes|c__Clostridia|o__Peptostreptococcales|f__Peptostreptococcaceae|g__Romboutsia|s__Romboutsia_timonensis	species	2|1239|186801|3082720|186804|1501226|1776391	0.13261	0.0013261	assessed	provisional
SID31512	SID31512	donor_combined_disjoint_clean_reads	k__Bacteria|p__Firmicutes|c__CFGB3057|o__OFGB3057|f__FGB3057|g__GGB9719|s__GGB9719_SGB15272	species	2|1239|||||	0.131643	0.0013164300000000002	assessed	provisional
SID31512	SID31512	donor_combined_disjoint_clean_reads	k__Bacteria|p__Bacteroidota|c__Bacteroidia|o__Bacteroidales|f__Bacteroidaceae|g__Phocaeicola|s__Phocaeicola_vulgatus	species	2|976|200643|171549|815|909656|821	0.115538	0.0011553800000000001	assessed	provisional
SID31512	SID31512	donor_combined_disjoint_clean_reads	k__Bacteria|p__Firmicutes|c__Clostridia|o__Eubacteriales|f__Eubacteriales_Family_XIII_Incertae_Sedis|g__Lentihominibacter|s__Lentihominibacter_faecis	species	2|1239|186801|186802|543314|2944200|2764712	0.105407	0.00105407	assessed	provisional
SID31512	SID31512	donor_combined_disjoint_clean_reads	k__Bacteria|p__Firmicutes|c__Clostridia|o__Lachnospirales|f__Lachnospiraceae|g__Roseburia|s__Roseburia_faecis	species	2|1239|186801|3085636|186803|841|301302	0.102926	0.00102926	assessed	provisional
SID31512	SID31512	donor_combined_disjoint_clean_reads	k__Bacteria|p__Firmicutes|c__Clostridia|o__Lachnospirales|f__Lachnospiraceae|g__Roseburia|s__Roseburia_intestinalis	species	2|1239|186801|3085636|186803|841|166486	0.094705	0.00094705	assessed	provisional
SID31512	SID31512	donor_combined_disjoint_clean_reads	k__Bacteria|p__Firmicutes|c__Clostridia|o__Eubacteriales|f__Butyricicoccaceae|g__Butyricicoccus|s__Butyricicoccus_intestinisimiae	species	2|1239|186801|186802|3085642|580596|2841509	0.08965	0.0008964999999999999	assessed	provisional
SID31512	SID31512	donor_combined_disjoint_clean_reads	k__Bacteria|p__Firmicutes|c__Clostridia|o__Eubacteriales|f__Eubacteriaceae|g__Eubacteriaceae_unclassified|s__Eubacteriaceae_bacterium	species	2|1239|186801|186802|186806||2049045	0.086959	0.00086959	assessed	provisional
SID31512	SID31512	donor_combined_disjoint_clean_reads	k__Bacteria|p__Firmicutes|c__Clostridia|o__Lachnospirales|f__Lachnospiraceae|g__Mediterraneibacter|s__Mediterraneibacter_glycyrrhizinilyticus	species	2|1239|186801|3085636|186803|2316020|342942	0.08429	0.0008429	assessed	provisional
SID31512	SID31512	donor_combined_disjoint_clean_reads	k__Bacteria|p__Firmicutes|c__Clostridia|o__Lachnospirales|f__Lachnospiraceae|g__Fusicatenibacter|s__Fusicatenibacter_faecihominis	species	2|1239|186801|3085636|186803|1407607|2881276	0.071282	0.00071282	assessed	provisional
SID31512	SID31512	donor_combined_disjoint_clean_reads	k__Bacteria|p__Firmicutes|c__Erysipelotrichia|o__Erysipelotrichales|f__Coprobacillaceae|g__Faecalibacillus|s__Faecalibacillus_faecis	species	2|1239|526524|526525|2810280|2678885|1982628	0.071096	0.0007109600000000001	assessed	provisional
SID31512	SID31512	donor_combined_disjoint_clean_reads	k__Bacteria|p__Firmicutes|c__CFGB79315|o__OFGB79315|f__FGB79315|g__GGB9758|s__GGB9758_SGB15368	species	2|1239|||||	0.069918	0.00069918	assessed	provisional
SID31512	SID31512	donor_combined_disjoint_clean_reads	k__Bacteria|p__Firmicutes|c__CFGB3054|o__OFGB3054|f__FGB3054|g__GGB9715|s__GGB9715_SGB15260	species	2|1239|||||	0.063663	0.00063663	assessed	provisional
SID31512	SID31512	donor_combined_disjoint_clean_reads	k__Bacteria|p__Firmicutes|c__Clostridia|o__Lachnospirales|f__Lachnospiraceae|g__Faecalicatena|s__Faecalicatena_fissicatena	species	2|1239|186801|3085636|186803|2005359|290055	0.062195	0.00062195	assessed	provisional
SID31512	SID31512	donor_combined_disjoint_clean_reads	k__Bacteria|p__Actinomycetota|c__CFGB2992|o__OFGB2992|f__FGB2992|g__GGB9412|s__GGB9412_SGB14770	species	2|201174|||||	0.059163	0.00059163	assessed	provisional
SID31512	SID31512	donor_combined_disjoint_clean_reads	k__Bacteria|p__Candidatus_Melainabacteria|c__Candidatus_Melainabacteria_unclassified|o__Candidatus_Gastranaerophilales|f__Candidatus_Gastranaerophilales_unclassified|g__GGB6007|s__GGB6007_SGB8634	species	2|1798710||1906119|||	0.058061	0.0005806100000000001	assessed	provisional
SID31512	SID31512	donor_combined_disjoint_clean_reads	k__Bacteria|p__Firmicutes|c__Clostridia|o__Eubacteriales|f__Clostridiaceae|g__Clostridium|s__Clostridium_fessum	species	2|1239|186801|186802|31979|1485|2126740	0.053687	0.00053687	assessed	provisional
SID31512	SID31512	donor_combined_disjoint_clean_reads	k__Bacteria|p__Actinomycetota|c__Coriobacteriia|o__Eggerthellales|f__Eggerthellaceae|g__Rubneribacter|s__Rubneribacter_badeniensis	species	2|201174|84998|1643822|1643826|2126002|2070688	0.052111	0.00052111	assessed	provisional
SID31512	SID31512	donor_combined_disjoint_clean_reads	k__Bacteria|p__Firmicutes|c__Clostridia|o__Eubacteriales|f__Oscillospiraceae|g__Ruthenibacterium|s__Ruthenibacterium_lactatiformans	species	2|1239|186801|186802|216572|1905344|1550024	0.051058	0.00051058	assessed	provisional
SID31512	SID31512	donor_combined_disjoint_clean_reads	k__Bacteria|p__Firmicutes|c__Clostridia|o__Lachnospirales|f__Lachnospiraceae|g__Blautia|s__Blautia_luti	species	2|1239|186801|3085636|186803|572511|89014	0.051034	0.0005103400000000001	assessed	provisional
SID31512	SID31512	donor_combined_disjoint_clean_reads	k__Bacteria|p__Firmicutes|c__Clostridia|o__Monoglobales|f__Monoglobaceae|g__Monoglobus|s__Monoglobus_pectinilyticus	species	2|1239|186801|3085656|3085657|2039302|1981510	0.0495	0.000495	assessed	provisional
SID31512	SID31512	donor_combined_disjoint_clean_reads	k__Bacteria|p__Firmicutes|c__CFGB45503|o__OFGB45503|f__FGB45503|g__GGB9790|s__GGB9790_SGB15413	species	2|1239|||||	0.049296	0.00049296	assessed	provisional
SID31512	SID31512	donor_combined_disjoint_clean_reads	k__Bacteria|p__Firmicutes|c__Clostridia|o__Eubacteriales|f__Oscillospiraceae|g__GGB9788|s__GGB9788_SGB15411	species	2|1239|186801|186802|216572||	0.049147	0.00049147	assessed	provisional
SID31512	SID31512	donor_combined_disjoint_clean_reads	k__Bacteria|p__Firmicutes|c__Clostridia|o__Eubacteriales|f__Oscillospiraceae|g__Vescimonas|s__Vescimonas_coprocola	species	2|1239|186801|186802|216572|2892396|2714355	0.048418	0.00048418	assessed	provisional
SID31512	SID31512	donor_combined_disjoint_clean_reads	k__Bacteria|p__Firmicutes|c__Clostridia|o__Eubacteriales|f__Oscillospiraceae|g__Oscillospiraceae_unclassified|s__Ruminococcaceae_bacterium_AF68_02b2A	species	2|1239|186801|186802|216572||2997158	0.047523	0.00047523000000000004	assessed	provisional
SID31512	SID31512	donor_combined_disjoint_clean_reads	k__Bacteria|p__Firmicutes|c__Clostridia|o__Eubacteriales|f__Oscillospiraceae|g__Oscillibacter|s__Oscillibacter_sp_ER4	species	2|1239|186801|186802|216572|459786|1519439	0.046509	0.00046509000000000003	assessed	provisional
SID31512	SID31512	donor_combined_disjoint_clean_reads	k__Bacteria|p__Firmicutes|c__Clostridia|o__Lachnospirales|f__Lachnospiraceae|g__Mediterraneibacter|s__Ruminococcus_torques	species	2|1239|186801|3085636|186803|2316020|33039	0.044441	0.00044441	assessed	provisional
SID31512	SID31512	donor_combined_disjoint_clean_reads	k__Bacteria|p__Firmicutes|c__CFGB84486|o__OFGB84486|f__FGB84486|g__GGB3653|s__GGB3653_SGB4964	species	2|1239|||||	0.044028	0.00044028	assessed	provisional
SID31512	SID31512	donor_combined_disjoint_clean_reads	k__Bacteria|p__Firmicutes|c__Erysipelotrichia|o__Erysipelotrichales|f__Coprobacillaceae|g__Thomasclavelia|s__Thomasclavelia_saccharogumia	species	2|1239|526524|526525|2810280|3025755|341225	0.041914	0.00041914	assessed	provisional
SID31512	SID31512	donor_combined_disjoint_clean_reads	k__Bacteria|p__Firmicutes|c__CFGB79330|o__OFGB79330|f__FGB79330|g__GGB3005|s__GGB3005_SGB3996	species	2|1239|||||	0.038409	0.00038408999999999996	assessed	provisional
SID31512	SID31512	donor_combined_disjoint_clean_reads	k__Bacteria|p__Firmicutes|c__Clostridia|o__Lachnospirales|f__Lachnospiraceae|g__GGB51491|s__GGB51491_SGB71859	species	2|1239|186801|3085636|186803||	0.037821	0.00037821	assessed	provisional
SID31512	SID31512	donor_combined_disjoint_clean_reads	k__Bacteria|p__Firmicutes|c__Clostridia|o__Eubacteriales|f__Oscillospiraceae|g__GGB9786|s__GGB9786_SGB63164	species	2|1239|186801|186802|216572||	0.03752	0.00037519999999999996	assessed	provisional
SID31512	SID31512	donor_combined_disjoint_clean_reads	k__Bacteria|p__Actinomycetota|c__Actinomycetes|o__Actinomycetales|f__Actinomycetaceae|g__Actinomyces|s__Actinomyces_sp_ICM47	species	2|201174|1760|2037|2049|1654|936548	0.036627	0.00036627	assessed	provisional
SID31512	SID31512	donor_combined_disjoint_clean_reads	k__Bacteria|p__Firmicutes|c__Clostridia|o__Lachnospirales|f__Lachnospiraceae|g__Waltera|s__Waltera_acetigignens	species	2|1239|186801|3085636|186803|2815781|2981769	0.03542	0.0003542	assessed	provisional
SID31512	SID31512	donor_combined_disjoint_clean_reads	k__Bacteria|p__Bacteroidota|c__Bacteroidia|o__Bacteroidales|f__Bacteroidaceae|g__Bacteroides|s__Bacteroides_uniformis	species	2|976|200643|171549|815|816|820	0.032305	0.00032305	assessed	provisional
SID31512	SID31512	donor_combined_disjoint_clean_reads	k__Bacteria|p__Firmicutes|c__Clostridia|o__Eubacteriales|f__Eubacteriales_Family_XIII_Incertae_Sedis|g__GGB2980|s__GGB2980_SGB3962	species	2|1239|186801|186802|543314||	0.032015	0.00032015	assessed	provisional
SID31512	SID31512	donor_combined_disjoint_clean_reads	k__Bacteria|p__Bacteroidota|c__Bacteroidia|o__Bacteroidales|f__Bacteroidaceae|g__Bacteroides|s__Bacteroides_ovatus	species	2|976|200643|171549|815|816|28116	0.030837	0.00030837	assessed	provisional
SID31512	SID31512	donor_combined_disjoint_clean_reads	k__Bacteria|p__Firmicutes|c__Clostridia|o__Eubacteriales|f__Oscillospiraceae|g__GGB9787|s__GGB9787_SGB15410	species	2|1239|186801|186802|216572||	0.030654	0.00030654	assessed	provisional
SID31512	SID31512	donor_combined_disjoint_clean_reads	k__Bacteria|p__Firmicutes|c__Bacilli|o__Lactobacillales|f__Streptococcaceae|g__Streptococcus|s__Streptococcus_salivarius	species	2|1239|91061|186826|1300|1301|1304	0.02963	0.0002963	assessed	provisional
SID31512	SID31512	donor_combined_disjoint_clean_reads	k__Bacteria|p__Firmicutes|c__Clostridia|o__Lachnospirales|f__Lachnospiraceae|g__Wansuia|s__Wansuia_hejianensis	species	2|1239|186801|3085636|186803|2944198|2763667	0.029227	0.00029227	assessed	provisional
SID31512	SID31512	donor_combined_disjoint_clean_reads	k__Bacteria|p__Firmicutes|c__Clostridia|o__Eubacteriales|f__Oscillospiraceae|g__GGB9602|s__GGB9602_SGB15031	species	2|1239|186801|186802|216572||	0.028434	0.00028434	assessed	provisional
SID31512	SID31512	donor_combined_disjoint_clean_reads	k__Bacteria|p__Firmicutes|c__CFGB1354|o__OFGB1354|f__FGB1354|g__GGB3304|s__GGB3304_SGB4367	species	2|1239|||||	0.028316	0.00028316	assessed	provisional
SID31512	SID31512	donor_combined_disjoint_clean_reads	k__Bacteria|p__Firmicutes|c__Clostridia|o__Lachnospirales|f__Lachnospiraceae|g__Blautia|s__Blautia_caecimuris	species	2|1239|186801|3085636|186803|572511|1796615	0.026576	0.00026576	assessed	provisional
SID31512	SID31512	donor_combined_disjoint_clean_reads	k__Bacteria|p__Firmicutes|c__Clostridia|o__Lachnospirales|f__Lachnospiraceae|g__Sellimonas|s__Sellimonas_intestinalis	species	2|1239|186801|3085636|186803|1769710|1653434	0.026093	0.00026093000000000004	assessed	provisional
SID31512	SID31512	donor_combined_disjoint_clean_reads	k__Bacteria|p__Firmicutes|c__Clostridia|o__Eubacteriales|f__Oscillospiraceae|g__Oscillospiraceae_unclassified|s__Oscillospiraceae_bacterium_Marseille_Q3528	species	2|1239|186801|186802|216572||2830655	0.026052	0.00026052	assessed	provisional
SID31512	SID31512	donor_combined_disjoint_clean_reads	k__Bacteria|p__Firmicutes|c__CFGB3048|o__OFGB3048|f__FGB3048|g__GGB9559|s__GGB9559_SGB14968	species	2|1239|||||	0.025257	0.00025257000000000003	assessed	provisional
SID31512	SID31512	donor_combined_disjoint_clean_reads	k__Bacteria|p__Firmicutes|c__CFGB79315|o__OFGB79315|f__FGB79315|g__GGB9766|s__GGB9766_SGB15383	species	2|1239|||||	0.024957	0.00024957	assessed	provisional
SID31512	SID31512	donor_combined_disjoint_clean_reads	k__Bacteria|p__Actinomycetota|c__Actinomycetes|o__Actinomycetales|f__Actinomycetaceae|g__Actinomyces|s__Actinomyces_oris	species	2|201174|1760|2037|2049|1654|544580	0.024667	0.00024667	assessed	provisional
SID31512	SID31512	donor_combined_disjoint_clean_reads	k__Bacteria|p__Firmicutes|c__Clostridia|o__Eubacteriales|f__Eubacteriaceae|g__Eubacterium|s__Eubacterium_SGB5054	species	2|1239|186801|186802|186806|1730|	0.024194	0.00024194	assessed	provisional
SID31512	SID31512	donor_combined_disjoint_clean_reads	k__Bacteria|p__Firmicutes|c__Clostridia|o__Eubacteriales|f__Oscillospiraceae|g__Ruminococcus|s__Ruminococcus_bicirculans_ex_Wegman_et_al_2014	species	2|1239|186801|186802|216572|1263|1160721	0.023524	0.00023524	assessed	provisional
SID31512	SID31512	donor_combined_disjoint_clean_reads	k__Bacteria|p__Actinomycetota|c__Coriobacteriia|o__Eggerthellales|f__Eggerthellaceae|g__GGB45432|s__GGB45432_SGB63101	species	2|201174|84998|1643822|1643826||	0.02327	0.0002327	assessed	provisional
SID31512	SID31512	donor_combined_disjoint_clean_reads	k__Bacteria|p__Bacteroidota|c__Bacteroidia|o__Bacteroidales|f__Rikenellaceae|g__Alistipes|s__Alistipes_putredinis	species	2|976|200643|171549|171550|239759|28117	0.021575	0.00021575	assessed	provisional
SID31512	SID31512	donor_combined_disjoint_clean_reads	k__Bacteria|p__Firmicutes|c__Clostridia|o__Lachnospirales|f__Lachnospiraceae|g__Jingyaoa|s__Jingyaoa_shaoxingensis	species	2|1239|186801|3085636|186803|2944197|2763671	0.018881	0.00018880999999999998	assessed	provisional
SID31512	SID31512	donor_combined_disjoint_clean_reads	k__Bacteria|p__Firmicutes|c__Clostridia|o__Eubacteriales|f__Clostridiaceae|g__Clostridium|s__Clostridium_SGB4750	species	2|1239|186801|186802|31979|1485|	0.018708	0.00018707999999999998	assessed	provisional
SID31512	SID31512	donor_combined_disjoint_clean_reads	k__Bacteria|p__Firmicutes|c__Bacillota_unclassified|o__Bacillota_unclassified|f__Bacillota_unclassified|g__GGB9512|s__GGB9512_SGB14909	species	2|1239|||||	0.018562	0.00018561999999999997	assessed	provisional
SID31512	SID31512	donor_combined_disjoint_clean_reads	k__Bacteria|p__Firmicutes|c__Clostridia|o__Lachnospirales|f__Lachnospiraceae|g__GGB51441|s__GGB51441_SGB71759	species	2|1239|186801|3085636|186803||	0.018499	0.00018499	assessed	provisional
SID31512	SID31512	donor_combined_disjoint_clean_reads	k__Bacteria|p__Firmicutes|c__Clostridia|o__Eubacteriales|f__Oscillospiraceae|g__GGB9640|s__GGB9640_SGB15115	species	2|1239|186801|186802|216572||	0.01836	0.00018360000000000002	assessed	provisional
SID31512	SID31512	donor_combined_disjoint_clean_reads	k__Bacteria|p__Firmicutes|c__Clostridia|o__Lachnospirales|f__Lachnospiraceae|g__Coprococcus|s__Coprococcus_eutactus	species	2|1239|186801|3085636|186803|33042|33043	0.017597	0.00017597	assessed	provisional
SID31512	SID31512	donor_combined_disjoint_clean_reads	k__Bacteria|p__Firmicutes|c__Clostridia|o__Eubacteriales|f__Eubacteriaceae|g__Eubacterium|s__Eubacterium_ventriosum	species	2|1239|186801|186802|186806|1730|39496	0.017545	0.00017545	assessed	provisional
SID31512	SID31512	donor_combined_disjoint_clean_reads	k__Bacteria|p__Firmicutes|c__Clostridia|o__Eubacteriales|f__Eubacteriales_Family_XIII_Incertae_Sedis|g__Zhenpiania|s__Zhenpiania_hominis	species	2|1239|186801|186802|543314|2944199|2763644	0.016699	0.00016699	assessed	provisional
SID31512	SID31512	donor_combined_disjoint_clean_reads	k__Bacteria|p__Firmicutes|c__Erysipelotrichia|o__Erysipelotrichales|f__Turicibacteraceae|g__Turicibacter|s__Turicibacter_bilis	species	2|1239|526524|526525|2810281|191303|2735723	0.01564	0.0001564	assessed	provisional
SID31512	SID31512	donor_combined_disjoint_clean_reads	k__Bacteria|p__Firmicutes|c__Clostridia|o__Eubacteriales|f__Acutalibacteraceae|g__Anaeromassilibacillus|s__Anaeromassilibacillus_senegalensis	species	2|1239|186801|186802|3082771|1924093|1673717	0.0151	0.000151	assessed	provisional
SID31512	SID31512	donor_combined_disjoint_clean_reads	k__Bacteria|p__Firmicutes|c__Bacilli|o__Bacillales|f__Staphylococcaceae|g__Staphylococcus|s__Staphylococcus_carnosus	species	2|1239|91061|1385|90964|1279|1281	0.014701	0.00014701000000000002	assessed	provisional
SID31512	SID31512	donor_combined_disjoint_clean_reads	k__Bacteria|p__Bacteroidota|c__Bacteroidia|o__Bacteroidales|f__Bacteroidaceae|g__Bacteroides|s__Bacteroides_thetaiotaomicron	species	2|976|200643|171549|815|816|818	0.013645	0.00013644999999999998	assessed	provisional
SID31512	SID31512	donor_combined_disjoint_clean_reads	k__Bacteria|p__Candidatus_Melainabacteria|c__Candidatus_Melainabacteria_unclassified|o__Candidatus_Gastranaerophilales|f__Candidatus_Gastranaerophilales_unclassified|g__Candidatus_Gastranaerophilales_unclassified|s__Candidatus_Gastranaerophilales_bacterium	species	2|1798710||1906119|||2137880	0.012581	0.00012581	assessed	provisional
SID31512	SID31512	donor_combined_disjoint_clean_reads	k__Bacteria|p__Firmicutes|c__Clostridia|o__Lachnospirales|f__Lachnospiraceae|g__Blautia|s__Blautia_sp_OF03_15BH	species	2|1239|186801|3085636|186803|572511|2292287	0.012464	0.00012464	assessed	provisional
SID31512	SID31512	donor_combined_disjoint_clean_reads	k__Bacteria|p__Firmicutes|c__Clostridia|o__Eubacteriales|f__Oscillospiraceae|g__Flavonifractor|s__Flavonifractor_plautii	species	2|1239|186801|186802|216572|946234|292800	0.012419	0.00012419	assessed	provisional
SID31512	SID31512	donor_combined_disjoint_clean_reads	k__Bacteria|p__Firmicutes|c__Bacilli|o__Lactobacillales|f__Lactobacillaceae|g__Limosilactobacillus|s__Limosilactobacillus_pontis	species	2|1239|91061|186826|33958|2742598|35787	0.010709	0.00010708999999999999	assessed	provisional
SID31512	SID31512	donor_combined_disjoint_clean_reads	k__Bacteria|p__Actinomycetota|c__Actinomycetes|o__Actinomycetales|f__Actinomycetaceae|g__Schaalia|s__Schaalia_odontolytica	species	2|201174|1760|2037|2049|2529408|1660	0.010484	0.00010484	assessed	provisional
SID31512	SID31512	donor_combined_disjoint_clean_reads	k__Bacteria|p__Firmicutes|c__Clostridia|o__Eubacteriales|f__Oscillospiraceae|g__GGB9708|s__GGB9708_SGB15234	species	2|1239|186801|186802|216572||	0.010247	0.00010246999999999999	assessed	provisional
SID31512	SID31512	donor_combined_disjoint_clean_reads	k__Bacteria|p__Candidatus_Melainabacteria|c__CFGB2106|o__OFGB2106|f__FGB2106|g__GGB142619|s__GGB142619_SGB8599	species	2|1798710|||||	0.010154	0.00010154	assessed	provisional
SID31512	SID31512	donor_combined_disjoint_clean_reads	k__Bacteria|p__Actinomycetota|c__Actinomycetes|o__Mycobacteriales|f__Corynebacteriaceae|g__Corynebacterium|s__Corynebacterium_casei	species	2|201174|1760|85007|1653|1716|160386	0.009665	9.665e-05	assessed	provisional
SID31512	SID31512	donor_combined_disjoint_clean_reads	k__Bacteria|p__Bacteroidota|c__Bacteroidia|o__Bacteroidales|f__Rikenellaceae|g__Alistipes|s__Alistipes_onderdonkii	species	2|976|200643|171549|171550|239759|328813	0.009633	9.633e-05	assessed	provisional
SID31512	SID31512	donor_combined_disjoint_clean_reads	k__Bacteria|p__Firmicutes|c__Bacilli|o__Lactobacillales|f__Streptococcaceae|g__Streptococcus|s__Streptococcus_sanguinis	species	2|1239|91061|186826|1300|1301|1305	0.009523	9.523000000000001e-05	assessed	provisional
SID31512	SID31512	donor_combined_disjoint_clean_reads	k__Bacteria|p__Firmicutes|c__CFGB1292|o__OFGB1292|f__FGB1292|g__GGB3109|s__GGB3109_SGB4121	species	2|1239|||||	0.009271	9.271e-05	assessed	provisional
SID31512	SID31512	donor_combined_disjoint_clean_reads	k__Bacteria|p__Bacteroidota|c__Bacteroidia|o__Bacteroidales|f__Bacteroidaceae|g__Bacteroides|s__Bacteroides_fragilis	species	2|976|200643|171549|815|816|817	0.00909	9.090000000000001e-05	assessed	provisional
SID31512	SID31512	donor_combined_disjoint_clean_reads	k__Bacteria|p__Firmicutes|c__Clostridia|o__Eubacteriales|f__Oscillospiraceae|g__Ruminococcus|s__Ruminococcus_hominis	species	2|1239|186801|186802|216572|1263|2763065	0.009083	9.083000000000001e-05	assessed	provisional
SID31512	SID31512	donor_combined_disjoint_clean_reads	k__Bacteria|p__Actinomycetota|c__Actinomycetes|o__Actinomycetales|f__Actinomycetaceae|g__Actinomyces|s__Actinomyces_sp_HMSC035G02	species	2|201174|1760|2037|2049|1654|1739406	0.008848	8.847999999999999e-05	assessed	provisional
SID31512	SID31512	donor_combined_disjoint_clean_reads	k__Bacteria|p__Firmicutes|c__Erysipelotrichia|o__Erysipelotrichales|f__Erysipelotrichaceae|g__Erysipelotrichaceae_unclassified|s__Clostridium_innocuum	species	2|1239|526524|526525|128827||1522	0.008221	8.220999999999999e-05	assessed	provisional
SID31512	SID31512	donor_combined_disjoint_clean_reads	k__Bacteria|p__Firmicutes|c__Clostridia|o__Lachnospirales|f__Lachnospiraceae|g__Roseburia|s__Roseburia_inulinivorans	species	2|1239|186801|3085636|186803|841|360807	0.007947	7.947e-05	assessed	provisional
SID31512	SID31512	donor_combined_disjoint_clean_reads	k__Bacteria|p__Firmicutes|c__Clostridia|o__Eubacteriales|f__Clostridiaceae|g__Clostridium|s__Clostridium_sp_AM22_11AC	species	2|1239|186801|186802|31979|1485|2293024	0.007835	7.835e-05	assessed	provisional
SID31512	SID31512	donor_combined_disjoint_clean_reads	k__Bacteria|p__Firmicutes|c__Clostridia|o__Eubacteriales|f__Oscillospiraceae|g__Dysosmobacter|s__Dysosmobacter_segnis	species	2|1239|186801|186802|216572|2591381|2763042	0.007737	7.737e-05	assessed	provisional
SID31512	SID31512	donor_combined_disjoint_clean_reads	k__Bacteria|p__Bacteroidota|c__CFGB1670|o__OFGB1670|f__FGB1670|g__GGB47687|s__GGB47687_SGB2286	species	2|976|||||	0.007267	7.267e-05	assessed	provisional
SID31512	SID31512	donor_combined_disjoint_clean_reads	k__Bacteria|p__Firmicutes|c__Clostridia|o__Eubacteriales|f__Eubacteriaceae|g__Eubacterium|s__Eubacterium_album	species	2|1239|186801|186802|186806|1730|2978477	0.006861	6.861e-05	assessed	provisional
SID31512	SID31512	donor_combined_disjoint_clean_reads	k__Bacteria|p__Firmicutes|c__Clostridia|o__Lachnospirales|f__Lachnospiraceae|g__GGB42688|s__GGB42688_SGB59891	species	2|1239|186801|3085636|186803||	0.005936	5.936e-05	assessed	provisional
SID31512	SID31512	donor_combined_disjoint_clean_reads	k__Bacteria|p__Firmicutes|c__Clostridia|o__Lachnospirales|f__Lachnospiraceae|g__GGB74412|s__GGB74412_SGB5075	species	2|1239|186801|3085636|186803||	0.005443	5.443e-05	assessed	provisional
SID31512	SID31512	donor_combined_disjoint_clean_reads	k__Bacteria|p__Actinomycetota|c__Actinomycetes|o__Actinomycetales|f__Actinomycetaceae|g__Actinomyces|s__Actinomyces_sp_S6_Spd3	species	2|201174|1760|2037|2049|1654|1284680	0.005105	5.105e-05	assessed	provisional
SID31512	SID31512	donor_combined_disjoint_clean_reads	k__Bacteria|p__Firmicutes|c__Clostridia|o__Eubacteriales|f__Oscillospiraceae|g__Faecalibacterium|s__Faecalibacterium_butyricigenerans	species	2|1239|186801|186802|216572|216851|1851427	0.005053	5.053e-05	assessed	provisional
SID31512	SID31512	donor_combined_disjoint_clean_reads	k__Bacteria|p__Firmicutes|c__Clostridia|o__Eubacteriales|f__Oscillospiraceae|g__Lawsonibacter|s__Lawsonibacter_asaccharolyticus	species	2|1239|186801|186802|216572|2172004|2108523	0.004563	4.563e-05	assessed	provisional
SID31512	SID31512	donor_combined_disjoint_clean_reads	k__Bacteria|p__Actinomycetota|c__Actinomycetes|o__Actinomycetales|f__Actinomycetaceae|g__Schaalia|s__Schaalia_SGB17157	species	2|201174|1760|2037|2049|2529408|	0.00414	4.14e-05	assessed	provisional
SID31512	SID31512	donor_combined_disjoint_clean_reads	k__Bacteria|p__Firmicutes|c__Clostridia|o__Eubacteriales|f__Clostridiaceae|g__Pilosibacter|s__Pilosibacter_fragilis	species	2|1239|186801|186802|31979|3144345|3078042	0.004116	4.116e-05	assessed	provisional
SID31512	SID31512	donor_combined_disjoint_clean_reads	k__Bacteria|p__Firmicutes|c__Clostridia|o__Eubacteriales|f__Eubacteriales_Family_XIII_Incertae_Sedis|g__Eubacteriales_Family_XIII_Incertae_Sedis_unclassified|s__Eubacteriales_Family_XIII_Incertae_Sedis_unclassified_SGB3934	species	2|1239|186801|186802|543314||	0.003795	3.795e-05	assessed	provisional
SID31512	SID31512	donor_combined_disjoint_clean_reads	k__Bacteria|p__Firmicutes|c__Bacilli|o__Lactobacillales|f__Streptococcaceae|g__Streptococcus|s__Streptococcus_australis	species	2|1239|91061|186826|1300|1301|113107	0.00375	3.75e-05	assessed	provisional
SID31512	SID31512	donor_combined_disjoint_clean_reads	k__Bacteria|p__Firmicutes|c__Clostridia|o__Eubacteriales|f__Oscillospiraceae|g__Hominenteromicrobium|s__Hominenteromicrobium_mulieris	species	2|1239|186801|186802|216572|3073575|2885357	0.003539	3.539e-05	assessed	provisional
SID31512	SID31512	donor_combined_disjoint_clean_reads	k__Bacteria|p__Firmicutes|c__Clostridia|o__Eubacteriales|f__Oscillospiraceae|g__GGB9608|s__GGB9608_SGB15041	species	2|1239|186801|186802|216572||	0.003408	3.408e-05	assessed	provisional
SID31512	SID31512	donor_combined_disjoint_clean_reads	k__Bacteria|p__Actinomycetota|c__Actinomycetes|o__Bifidobacteriales|f__Bifidobacteriaceae|g__Bifidobacterium|s__Bifidobacterium_bifidum	species	2|201174|1760|85004|31953|1678|1681	0.003285	3.285e-05	assessed	provisional
SID31512	SID31512	donor_combined_disjoint_clean_reads	k__Bacteria|p__Actinomycetota|c__Actinomycetes|o__Mycobacteriales|f__Corynebacteriaceae|g__GGB129573|s__GGB129573_SGB66234	species	2|201174|1760|85007|1653||	0.003172	3.172e-05	assessed	provisional
SID31512	SID31512	donor_combined_disjoint_clean_reads	k__Bacteria|p__Firmicutes|c__Clostridia|o__Eubacteriales|f__Oscillospiraceae|g__GGB9707|s__GGB9707_SGB15229	species	2|1239|186801|186802|216572||	0.003002	3.002e-05	assessed	provisional
SID31512	SID31512	donor_combined_disjoint_clean_reads	k__Bacteria|p__Firmicutes|c__Clostridia|o__Peptostreptococcales|f__Peptostreptococcaceae|g__GGB4456|s__GGB4456_SGB146207	species	2|1239|186801|3082720|186804||	0.002859	2.859e-05	assessed	provisional
SID31512	SID31512	donor_combined_disjoint_clean_reads	k__Bacteria|p__Firmicutes|c__Erysipelotrichia|o__Erysipelotrichales|f__Erysipelotrichaceae|g__Holdemania|s__Holdemania_filiformis	species	2|1239|526524|526525|128827|61170|61171	0.002613	2.613e-05	assessed	provisional
SID31512	SID31512	donor_combined_disjoint_clean_reads	k__Bacteria|p__Firmicutes|c__Clostridia|o__Eubacteriales|f__Clostridiaceae|g__Clostridium|s__Clostridium_sp_AF36_4	species	2|1239|186801|186802|31979|1485|2293015	0.002589	2.589e-05	assessed	provisional
SID31512	SID31512	donor_combined_disjoint_clean_reads	k__Bacteria|p__Firmicutes|c__Clostridia|o__Eubacteriales|f__Butyricicoccaceae|g__Agathobaculum|s__Agathobaculum_faecis	species	2|1239|186801|186802|3085642|2048137|2763013	0.002419	2.419e-05	assessed	provisional
SID31512	SID31512	donor_combined_disjoint_clean_reads	k__Bacteria|p__Firmicutes|c__Clostridia|o__Lachnospirales|f__Lachnospiraceae|g__Lachnospiraceae_unclassified|s__Lachnospiraceae_bacterium_AF58_1A	species	2|1239|186801|3085636|186803||2998012	0.00239	2.39e-05	assessed	provisional
SID31512	SID31512	donor_combined_disjoint_clean_reads	k__Bacteria|p__Firmicutes|c__Bacilli|o__Lactobacillales|f__Streptococcaceae|g__Streptococcus|s__Streptococcus_parasanguinis	species	2|1239|91061|186826|1300|1301|1318	0.002273	2.2729999999999998e-05	assessed	provisional
SID31512	SID31512	donor_combined_disjoint_clean_reads	k__Bacteria|p__Firmicutes|c__CFGB3054|o__OFGB3054|f__FGB3054|g__GGB9715|s__GGB9715_SGB15265	species	2|1239|||||	0.002232	2.232e-05	assessed	provisional
SID31512	SID31512	donor_combined_disjoint_clean_reads	k__Bacteria|p__Actinomycetota|c__Actinomycetes|o__Actinomycetales|f__Actinomycetaceae|g__Schaalia|s__Schaalia_dentiphila	species	2|201174|1760|2037|2049|2529408|3050224	0.002128	2.128e-05	assessed	provisional
SID31512	SID31512	donor_combined_disjoint_clean_reads	k__Bacteria|p__Firmicutes|c__Clostridia|o__Lachnospirales|f__Lachnospiraceae|g__GGB49409|s__GGB49409_SGB69322	species	2|1239|186801|3085636|186803||	0.001906	1.906e-05	assessed	provisional
SID31512	SID31512	donor_combined_disjoint_clean_reads	k__Bacteria|p__Firmicutes|c__Bacilli|o__Lactobacillales|f__Lactobacillaceae|g__Pediococcus|s__Pediococcus_pentosaceus	species	2|1239|91061|186826|33958|1253|1255	0.001856	1.856e-05	assessed	provisional
SID31512	SID31512	donor_combined_disjoint_clean_reads	k__Bacteria|p__Firmicutes|c__Clostridia|o__Eubacteriales|f__Clostridiaceae|g__Clostridium|s__Clostridium_sp_AM49_4BH	species	2|1239|186801|186802|31979|1485|2293035	0.001743	1.743e-05	assessed	provisional
SID31512	SID31512	donor_combined_disjoint_clean_reads	k__Bacteria|p__Firmicutes|c__Erysipelotrichia|o__Erysipelotrichales|f__Erysipelotrichaceae|g__Massilimicrobiota|s__Massilimicrobiota_timonensis	species	2|1239|526524|526525|128827|1924110|1776392	0.001435	1.4350000000000002e-05	assessed	provisional
SID31512	SID31512	donor_combined_disjoint_clean_reads	k__Bacteria|p__Firmicutes|c__Clostridia|o__Lachnospirales|f__Lachnospiraceae|g__Roseburia|s__Roseburia_hominis	species	2|1239|186801|3085636|186803|841|301301	0.001431	1.431e-05	assessed	provisional
SID31512	SID31512	donor_combined_disjoint_clean_reads	k__Bacteria|p__Firmicutes|c__Clostridia|o__Peptostreptococcales|f__Anaerovoracaceae|g__Mogibacterium|s__Mogibacterium_diversum	species	2|1239|186801|3082720|3030910|86331|114527	0.001427	1.427e-05	assessed	provisional
SID31512	SID31512	donor_combined_disjoint_clean_reads	k__Bacteria|p__Firmicutes|c__Clostridia|o__Eubacteriales|f__Clostridiaceae|g__Clostridium|s__Clostridium_saudiense	species	2|1239|186801|186802|31979|1485|1414720	0.001394	1.394e-05	assessed	provisional
SID31512	SID31512	donor_combined_disjoint_clean_reads	k__Bacteria|p__Actinomycetota|c__Actinomycetes|o__Micrococcales|f__Microbacteriaceae|g__Leifsonia|s__Leifsonia_sp_Root227	species	2|201174|1760|85006|85023|110932|1736496	0.001376	1.376e-05	assessed	provisional
SID31512	SID31512	donor_combined_disjoint_clean_reads	k__Bacteria|p__Actinomycetota|c__Coriobacteriia|o__Coriobacteriales|f__Coriobacteriaceae|g__Collinsella|s__Collinsella_aerofaciens	species	2|201174|84998|84999|84107|102106|74426	0.001354	1.3539999999999999e-05	assessed	provisional
SID31512	SID31512	donor_combined_disjoint_clean_reads	k__Bacteria|p__Firmicutes|c__Clostridia|o__Eubacteriales|f__Eubacteriales_unclassified|g__Gemmiger|s__Gemmiger_SGB15295	species	2|1239|186801|186802||204475|	0.001289	1.289e-05	assessed	provisional
SID31512	SID31512	donor_combined_disjoint_clean_reads	k__Bacteria|p__Firmicutes|c__Bacilli|o__Lactobacillales|f__Carnobacteriaceae|g__Granulicatella|s__Granulicatella_sp_UMB5615A	species	2|1239|91061|186826|186828|117563|3050606	0.001121	1.1210000000000001e-05	assessed	provisional
SID31512	SID31512	donor_combined_disjoint_clean_reads	k__Bacteria|p__Firmicutes|c__CFGB2952|o__OFGB2952|f__FGB2952|g__GGB9293|s__GGB9293_SGB14250	species	2|1239|||||	0.001034	1.034e-05	assessed	provisional
SID31512	SID31512	donor_combined_disjoint_clean_reads	k__Bacteria|p__Firmicutes|c__Bacilli|o__Lactobacillales|f__Lactobacillaceae|g__Latilactobacillus|s__Latilactobacillus_sakei	species	2|1239|91061|186826|33958|2767885|1599	0.000966	9.659999999999999e-06	assessed	provisional
SID31512	SID31512	donor_combined_disjoint_clean_reads	k__Bacteria|p__Firmicutes|c__Clostridia|o__Eubacteriales|f__Butyricicoccaceae|g__GGB9580|s__GGB9580_SGB14997	species	2|1239|186801|186802|3085642||	0.000886	8.86e-06	assessed	provisional
SID31512	SID31512	donor_combined_disjoint_clean_reads	k__Bacteria|p__Firmicutes|c__Clostridia|o__Eubacteriales|f__Oscillospiraceae|g__Dysosmobacter|s__Dysosmobacter_welbionis	species	2|1239|186801|186802|216572|2591381|2093857	0.000709	7.09e-06	assessed	provisional
SID31512	SID31512	donor_combined_disjoint_clean_reads	k__Bacteria|p__Firmicutes|c__Clostridia|o__Lachnospirales|f__Lachnospiraceae|g__Claveliimonas|s__Claveliimonas_bilis	species	2|1239|186801|3085636|186803|3076670|3028070	0.00062	6.2e-06	assessed	provisional
SID31512	SID31512	donor_combined_disjoint_clean_reads	k__Bacteria|p__Firmicutes|c__Clostridia|o__Peptostreptococcales|f__Peptostreptococcaceae|g__GGB4456|s__GGB4456_SGB6141	species	2|1239|186801|3082720|186804||	0.000618	6.179999999999999e-06	assessed	provisional
SID31512	SID31512	donor_combined_disjoint_clean_reads	k__Bacteria|p__Thermodesulfobacteriota|c__Desulfovibrionia|o__Desulfovibrionales|f__Desulfovibrionaceae|g__Bilophila|s__Bilophila_wadsworthia	species	2|200940|3031449|213115|194924|35832|35833	0.000547	5.469999999999999e-06	assessed	provisional
SID31512	SID31512	donor_combined_disjoint_clean_reads	k__Bacteria|p__Firmicutes|c__Clostridia|o__Eubacteriales|f__Oscillospiraceae|g__Neobittarella_ex_Bilen_et_al_2018|s__Neobittarella_massiliensis_ex_Bilen_et_al_2018	species	2|1239|186801|186802|216572|2126544|2041842	0.000544	5.44e-06	assessed	provisional
SID31512	SID31512	donor_combined_disjoint_clean_reads	k__Bacteria|p__Firmicutes|c__Clostridia|o__Lachnospirales|f__Lachnospiraceae|g__Lachnospira|s__Lachnospira_pectinoschiza	species	2|1239|186801|3085636|186803|28050|28052	0.000496	4.96e-06	assessed	provisional
SID31512	SID31512	donor_combined_disjoint_clean_reads	k__Bacteria|p__Firmicutes|c__Clostridia|o__Lachnospirales|f__Lachnospiraceae|g__Blautia|s__Blautia_SGB118435	species	2|1239|186801|3085636|186803|572511|	0.00036	3.6000000000000003e-06	assessed	provisional
SID31512	SID31512	donor_combined_disjoint_clean_reads	k__Bacteria|p__Firmicutes|c__Erysipelotrichia|o__Erysipelotrichales|f__Coprobacillaceae|g__Thomasclavelia|s__Thomasclavelia_ramosa	species	2|1239|526524|526525|2810280|3025755|1547	0.000261	2.61e-06	assessed	provisional
SID31512	SID31512	donor_combined_disjoint_clean_reads	k__Bacteria|p__Actinomycetota|c__Actinomycetes|o__Bifidobacteriales|f__Bifidobacteriaceae|g__Bifidobacterium|s__Bifidobacterium_breve	species	2|201174|1760|85004|31953|1678|1685	0.00023	2.3e-06	assessed	provisional
SID31512	SID31512	donor_combined_disjoint_clean_reads	k__Bacteria|p__Firmicutes|c__Clostridia|o__Eubacteriales|f__Oscillospiraceae|g__Oscillospiraceae_unclassified|s__Clostridium_leptum	species	2|1239|186801|186802|216572||1535	0.000173	1.73e-06	assessed	provisional
SID31512	SID31512	donor_combined_disjoint_clean_reads	k__Bacteria|p__Firmicutes|c__Clostridia|o__Lachnospirales|f__Lachnospiraceae|g__Mediterraneibacter|s__Mediterraneibacter_butyricigenes	species	2|1239|186801|3085636|186803|2316020|2316025	0.000169	1.69e-06	assessed	provisional
SID31512	SID31512	donor_combined_disjoint_clean_reads	k__Bacteria|p__Firmicutes|c__Clostridia|o__Lachnospirales|f__Lachnospiraceae|g__Mediterraneibacter|s__Mediterraneibacter_gnavus	species	2|1239|186801|3085636|186803|2316020|33038	0.00015	1.4999999999999998e-06	assessed	provisional
SID31512	SID31512	donor_combined_disjoint_clean_reads	k__Bacteria|p__Actinomycetota|c__Actinomycetes|o__Bifidobacteriales|f__Bifidobacteriaceae|g__Bifidobacterium|s__Bifidobacterium_ruminantium	species	2|201174|1760|85004|31953|1678|78346	6e-05	6e-07	assessed	provisional
SID31866	SID31866	donor_combined_disjoint_clean_reads	UNCLASSIFIED	unclassified	-1	12.886299	0.12886298999999998	assessed	provisional
SID31866	SID31866	donor_combined_disjoint_clean_reads	k__Bacteria|p__Verrucomicrobiota|c__Verrucomicrobiia|o__Verrucomicrobiales|f__Akkermansiaceae|g__Akkermansia|s__Akkermansia_muciniphila	species	2|74201|203494|48461|1647988|239934|239935	17.531334	0.17531334	assessed	provisional
SID31866	SID31866	donor_combined_disjoint_clean_reads	k__Bacteria|p__Firmicutes|c__CFGB1765|o__OFGB1765|f__FGB1765|g__GGB4569|s__GGB4569_SGB6312	species	2|1239|||||	10.413067	0.10413067	assessed	provisional
SID31866	SID31866	donor_combined_disjoint_clean_reads	k__Archaea|p__Methanobacteriota|c__Methanobacteria|o__Methanobacteriales|f__Methanobacteriaceae|g__Methanobrevibacter|s__Methanobrevibacter_smithii	species	2157|28890|183925|2158|2159|2172|2173	6.873369	0.06873369	assessed	provisional
SID31866	SID31866	donor_combined_disjoint_clean_reads	k__Bacteria|p__Bacteroidota|c__Bacteroidia|o__Bacteroidales|f__Rikenellaceae|g__Alistipes|s__Alistipes_onderdonkii	species	2|976|200643|171549|171550|239759|328813	2.351677	0.02351677	assessed	provisional
SID31866	SID31866	donor_combined_disjoint_clean_reads	k__Bacteria|p__Firmicutes|c__Clostridia|o__Eubacteriales|f__Oscillospiraceae|g__Vescimonas|s__Vescimonas_SGB15084	species	2|1239|186801|186802|216572|2892396|	1.901552	0.019015519999999998	assessed	provisional
SID31866	SID31866	donor_combined_disjoint_clean_reads	k__Bacteria|p__Firmicutes|c__CFGB14936|o__OFGB14936|f__FGB14936|g__GGB3256|s__GGB3256_SGB4303	species	2|1239|||||	1.579046	0.01579046	assessed	provisional
SID31866	SID31866	donor_combined_disjoint_clean_reads	k__Bacteria|p__Firmicutes|c__CFGB2982|o__OFGB2982|f__FGB2982|g__GGB9342|s__GGB9342_SGB14306	species	2|1239|||||	1.514013	0.01514013	assessed	provisional
SID31866	SID31866	donor_combined_disjoint_clean_reads	k__Bacteria|p__Firmicutes|c__CFGB3054|o__OFGB3054|f__FGB3054|g__GGB9715|s__GGB9715_SGB15267	species	2|1239|||||	1.443111	0.01443111	assessed	provisional
SID31866	SID31866	donor_combined_disjoint_clean_reads	k__Bacteria|p__Firmicutes|c__CFGB1765|o__OFGB1765|f__FGB1765|g__GGB4569|s__GGB4569_SGB6310	species	2|1239|||||	1.268677	0.01268677	assessed	provisional
SID31866	SID31866	donor_combined_disjoint_clean_reads	k__Bacteria|p__Firmicutes|c__Clostridia|o__Eubacteriales|f__Oscillospiraceae|g__GGB9730|s__GGB9730_SGB15291	species	2|1239|186801|186802|216572||	1.251392	0.012513920000000001	assessed	provisional
SID31866	SID31866	donor_combined_disjoint_clean_reads	k__Bacteria|p__Firmicutes|c__Clostridia|o__Eubacteriales|f__Eubacteriales_unclassified|g__Evtepia|s__Evtepia_gabavorous	species	2|1239|186801|186802||2211178|2211183	1.24795	0.0124795	assessed	provisional
SID31866	SID31866	donor_combined_disjoint_clean_reads	k__Bacteria|p__Actinomycetota|c__Coriobacteriia|o__Eggerthellales|f__Eggerthellaceae|g__GGB9365|s__GGB9365_SGB14341	species	2|201174|84998|1643822|1643826||	1.216813	0.01216813	assessed	provisional
SID31866	SID31866	donor_combined_disjoint_clean_reads	k__Bacteria|p__Firmicutes|c__Clostridia|o__Lachnospirales|f__Lachnospiraceae|g__Dorea|s__Dorea_longicatena	species	2|1239|186801|3085636|186803|189330|88431	1.135773	0.01135773	assessed	provisional
SID31866	SID31866	donor_combined_disjoint_clean_reads	k__Bacteria|p__Firmicutes|c__Clostridia|o__Eubacteriales|f__Oscillospiraceae|g__Oscillospiraceae_unclassified|s__Oscillospiraceae_unclassified_SGB15256	species	2|1239|186801|186802|216572||	1.123531	0.01123531	assessed	provisional
SID31866	SID31866	donor_combined_disjoint_clean_reads	k__Bacteria|p__Firmicutes|c__CFGB79315|o__OFGB79315|f__FGB79315|g__GGB9758|s__GGB9758_SGB15368	species	2|1239|||||	1.10644	0.0110644	assessed	provisional
SID31866	SID31866	donor_combined_disjoint_clean_reads	k__Bacteria|p__Firmicutes|c__CFGB31455|o__OFGB31455|f__FGB31455|g__GGB4700|s__GGB4700_SGB6506	species	2|1239|||||	1.101401	0.011014010000000001	assessed	provisional
SID31866	SID31866	donor_combined_disjoint_clean_reads	k__Bacteria|p__Firmicutes|c__Clostridia|o__Eubacteriales|f__Eubacteriales_unclassified|g__Gemmiger|s__Gemmiger_formicilis	species	2|1239|186801|186802||204475|745368	0.955585	0.00955585	assessed	provisional
SID31866	SID31866	donor_combined_disjoint_clean_reads	k__Bacteria|p__Firmicutes|c__Clostridia|o__Eubacteriales|f__Oscillospiraceae|g__GGB9636|s__GGB9636_SGB15109	species	2|1239|186801|186802|216572||	0.912519	0.00912519	assessed	provisional
SID31866	SID31866	donor_combined_disjoint_clean_reads	k__Bacteria|p__Firmicutes|c__Clostridia|o__Lachnospirales|f__Lachnospiraceae|g__Anaerobutyricum|s__Anaerobutyricum_hallii	species	2|1239|186801|3085636|186803|2569097|39488	0.805955	0.00805955	assessed	provisional
SID31866	SID31866	donor_combined_disjoint_clean_reads	k__Bacteria|p__Bacteroidota|c__Bacteroidia|o__Bacteroidales|f__Bacteroidaceae|g__Bacteroides|s__Bacteroides_uniformis	species	2|976|200643|171549|815|816|820	0.777976	0.00777976	assessed	provisional
SID31866	SID31866	donor_combined_disjoint_clean_reads	k__Bacteria|p__Firmicutes|c__Clostridia|o__Lachnospirales|f__Lachnospiraceae|g__Agathobacter|s__Agathobacter_rectalis	species	2|1239|186801|3085636|186803|1766253|39491	0.775938	0.00775938	assessed	provisional
SID31866	SID31866	donor_combined_disjoint_clean_reads	k__Bacteria|p__Firmicutes|c__CFGB3054|o__OFGB3054|f__FGB3054|g__GGB9583|s__GGB9583_SGB15004	species	2|1239|||||	0.775853	0.0077585300000000005	assessed	provisional
SID31866	SID31866	donor_combined_disjoint_clean_reads	k__Bacteria|p__Firmicutes|c__Negativicutes|o__Veillonellales|f__Veillonellaceae|g__Dialister|s__Dialister_invisus	species	2|1239|909932|1843489|31977|39948|218538	0.713775	0.007137750000000001	assessed	provisional
SID31866	SID31866	donor_combined_disjoint_clean_reads	k__Bacteria|p__Bacteroidota|c__Bacteroidia|o__Bacteroidales|f__Bacteroidaceae|g__Phocaeicola|s__Phocaeicola_vulgatus	species	2|976|200643|171549|815|909656|821	0.705724	0.00705724	assessed	provisional
SID31866	SID31866	donor_combined_disjoint_clean_reads	k__Bacteria|p__Firmicutes|c__Clostridia|o__Lachnospirales|f__Lachnospiraceae|g__Mediterraneibacter|s__Mediterraneibacter_faecis	species	2|1239|186801|3085636|186803|2316020|592978	0.650012	0.006500120000000001	assessed	provisional
SID31866	SID31866	donor_combined_disjoint_clean_reads	k__Bacteria|p__Firmicutes|c__Clostridia|o__Lachnospirales|f__Lachnospiraceae|g__Anaerostipes|s__Anaerostipes_hadrus	species	2|1239|186801|3085636|186803|207244|649756	0.633038	0.00633038	assessed	provisional
SID31866	SID31866	donor_combined_disjoint_clean_reads	k__Bacteria|p__Firmicutes|c__CFGB3062|o__OFGB3062|f__FGB3062|g__GGB9747|s__GGB9747_SGB15356	species	2|1239|||||	0.59827	0.0059827	assessed	provisional
SID31866	SID31866	donor_combined_disjoint_clean_reads	k__Bacteria|p__Firmicutes|c__CFGB1776|o__OFGB1776|f__FGB1776|g__GGB4683|s__GGB4683_SGB6473	species	2|1239|||||	0.559718	0.00559718	assessed	provisional
SID31866	SID31866	donor_combined_disjoint_clean_reads	k__Bacteria|p__Firmicutes|c__Erysipelotrichia|o__Erysipelotrichales|f__Coprobacillaceae|g__Faecalibacillus|s__Faecalibacillus_intestinalis	species	2|1239|526524|526525|2810280|2678885|1982626	0.551271	0.00551271	assessed	provisional
SID31866	SID31866	donor_combined_disjoint_clean_reads	k__Bacteria|p__Firmicutes|c__Clostridia|o__Lachnospirales|f__Lachnospiraceae|g__Blautia|s__Blautia_faecis	species	2|1239|186801|3085636|186803|572511|871665	0.490453	0.00490453	assessed	provisional
SID31866	SID31866	donor_combined_disjoint_clean_reads	k__Bacteria|p__Firmicutes|c__Clostridia|o__Eubacteriales|f__Acutalibacteraceae|g__Pseudoruminococcus|s__Pseudoruminococcus_massiliensis	species	2|1239|186801|186802|3082771|2721119|2086583	0.479511	0.00479511	assessed	provisional
SID31866	SID31866	donor_combined_disjoint_clean_reads	k__Bacteria|p__Firmicutes|c__Clostridia|o__Monoglobales|f__Monoglobaceae|g__Monoglobus|s__Monoglobus_pectinilyticus	species	2|1239|186801|3085656|3085657|2039302|1981510	0.471836	0.00471836	assessed	provisional
SID31866	SID31866	donor_combined_disjoint_clean_reads	k__Bacteria|p__Firmicutes|c__CFGB9345|o__OFGB9345|f__FGB9345|g__GGB9345|s__GGB9345_SGB14311	species	2|1239|||||	0.454938	0.0045493800000000004	assessed	provisional
SID31866	SID31866	donor_combined_disjoint_clean_reads	k__Bacteria|p__Firmicutes|c__Clostridia|o__Eubacteriales|f__Eubacteriales_incertae_sedis|g__Candidatus_Cibionibacter|s__Candidatus_Cibionibacter_quicibialis	species	2|1239|186801|186802|538999|2527773|2500537	0.444724	0.00444724	assessed	provisional
SID31866	SID31866	donor_combined_disjoint_clean_reads	k__Bacteria|p__Firmicutes|c__CFGB84486|o__OFGB84486|f__FGB84486|g__GGB3653|s__GGB3653_SGB4964	species	2|1239|||||	0.444267	0.00444267	assessed	provisional
SID31866	SID31866	donor_combined_disjoint_clean_reads	k__Bacteria|p__Firmicutes|c__Clostridia|o__Lachnospirales|f__Lachnospiraceae|g__Blautia|s__Blautia_obeum	species	2|1239|186801|3085636|186803|572511|40520	0.436959	0.00436959	assessed	provisional
SID31866	SID31866	donor_combined_disjoint_clean_reads	k__Bacteria|p__Actinomycetota|c__Coriobacteriia|o__Eggerthellales|f__Eggerthellaceae|g__Adlercreutzia|s__Adlercreutzia_equolifaciens	species	2|201174|84998|1643822|1643826|447020|446660	0.428364	0.00428364	assessed	provisional
SID31866	SID31866	donor_combined_disjoint_clean_reads	k__Bacteria|p__Firmicutes|c__Bacilli|o__Lactobacillales|f__Streptococcaceae|g__Streptococcus|s__Streptococcus_thermophilus	species	2|1239|91061|186826|1300|1301|1308	0.422173	0.00422173	assessed	provisional
SID31866	SID31866	donor_combined_disjoint_clean_reads	k__Bacteria|p__Firmicutes|c__Clostridia|o__Lachnospirales|f__Lachnospiraceae|g__Blautia|s__Blautia_wexlerae	species	2|1239|186801|3085636|186803|572511|418240	0.409222	0.00409222	assessed	provisional
SID31866	SID31866	donor_combined_disjoint_clean_reads	k__Bacteria|p__Firmicutes|c__Clostridia|o__Eubacteriales|f__Oscillospiraceae|g__GGB9634|s__GGB9634_SGB15106	species	2|1239|186801|186802|216572||	0.405777	0.00405777	assessed	provisional
SID31866	SID31866	donor_combined_disjoint_clean_reads	k__Bacteria|p__Firmicutes|c__Bacilli|o__Lactobacillales|f__Streptococcaceae|g__Streptococcus|s__Streptococcus_salivarius	species	2|1239|91061|186826|1300|1301|1304	0.396871	0.003968709999999999	assessed	provisional
SID31866	SID31866	donor_combined_disjoint_clean_reads	k__Bacteria|p__Firmicutes|c__Clostridia|o__Eubacteriales|f__Clostridiaceae|g__Clostridiaceae_unclassified|s__Clostridiaceae_bacterium	species	2|1239|186801|186802|31979||1898204	0.393086	0.0039308599999999996	assessed	provisional
SID31866	SID31866	donor_combined_disjoint_clean_reads	k__Bacteria|p__Firmicutes|c__CFGB1765|o__OFGB1765|f__FGB1765|g__GGB4570|s__GGB4570_SGB6313	species	2|1239|||||	0.387509	0.00387509	assessed	provisional
SID31866	SID31866	donor_combined_disjoint_clean_reads	k__Bacteria|p__Firmicutes|c__CFGB38642|o__OFGB38642|f__FGB38642|g__GGB9770|s__GGB9770_SGB15389	species	2|1239|||||	0.385917	0.0038591700000000003	assessed	provisional
SID31866	SID31866	donor_combined_disjoint_clean_reads	k__Bacteria|p__Firmicutes|c__CFGB3054|o__OFGB3054|f__FGB3054|g__GGB33512|s__GGB33512_SGB15202	species	2|1239|||||	0.368145	0.00368145	assessed	provisional
SID31866	SID31866	donor_combined_disjoint_clean_reads	k__Bacteria|p__Pseudomonadota|c__Gammaproteobacteria|o__Enterobacterales|f__Enterobacteriaceae|g__Escherichia|s__Escherichia_coli	species	2|1224|1236|91347|543|561|562	0.358815	0.00358815	assessed	provisional
SID31866	SID31866	donor_combined_disjoint_clean_reads	k__Bacteria|p__Firmicutes|c__Clostridia|o__Eubacteriales|f__Oscillospiraceae|g__Faecalibacterium|s__Faecalibacterium_prausnitzii	species	2|1239|186801|186802|216572|216851|853	0.332314	0.00332314	assessed	provisional
SID31866	SID31866	donor_combined_disjoint_clean_reads	k__Bacteria|p__Bacteroidota|c__Bacteroidia|o__Bacteroidales|f__Prevotellaceae|g__Segatella|s__Segatella_copri	species	2|976|200643|171549|171552|2974251|165179	0.31109	0.0031108999999999998	assessed	provisional
SID31866	SID31866	donor_combined_disjoint_clean_reads	k__Bacteria|p__Firmicutes|c__CFGB1765|o__OFGB1765|f__FGB1765|g__GGB4552|s__GGB4552_SGB6276	species	2|1239|||||	0.310832	0.00310832	assessed	provisional
SID31866	SID31866	donor_combined_disjoint_clean_reads	k__Bacteria|p__Bacteroidota|c__Bacteroidia|o__Bacteroidales|f__Tannerellaceae|g__Parabacteroides|s__Parabacteroides_distasonis	species	2|976|200643|171549|2005525|375288|823	0.298814	0.0029881400000000002	assessed	provisional
SID31866	SID31866	donor_combined_disjoint_clean_reads	k__Bacteria|p__Firmicutes|c__Erysipelotrichia|o__Erysipelotrichales|f__Coprobacillaceae|g__Coprobacillus|s__Coprobacillus_cateniformis	species	2|1239|526524|526525|2810280|100883|100884	0.292947	0.00292947	assessed	provisional
SID31866	SID31866	donor_combined_disjoint_clean_reads	k__Bacteria|p__Firmicutes|c__Clostridia|o__Eubacteriales|f__Beduinellaceae|g__GGB9760|s__GGB9760_SGB15374	species	2|1239|186801|186802|3151707||	0.290525	0.00290525	assessed	provisional
SID31866	SID31866	donor_combined_disjoint_clean_reads	k__Bacteria|p__Firmicutes|c__Clostridia|o__Eubacteriales|f__Oscillospiraceae|g__GGB9708|s__GGB9708_SGB15236	species	2|1239|186801|186802|216572||	0.288444	0.00288444	assessed	provisional
SID31866	SID31866	donor_combined_disjoint_clean_reads	k__Bacteria|p__Firmicutes|c__Clostridia|o__Lachnospirales|f__Lachnospiraceae|g__Blautia|s__Blautia_sp_MCC283	species	2|1239|186801|3085636|186803|572511|2592640	0.280111	0.00280111	assessed	provisional
SID31866	SID31866	donor_combined_disjoint_clean_reads	k__Bacteria|p__Firmicutes|c__Clostridia|o__Eubacteriales|f__Oscillospiraceae|g__GGB9634|s__GGB9634_SGB15103	species	2|1239|186801|186802|216572||	0.261029	0.00261029	assessed	provisional
SID31866	SID31866	donor_combined_disjoint_clean_reads	k__Bacteria|p__Firmicutes|c__CFGB10290|o__OFGB10290|f__FGB10290|g__GGB4710|s__GGB4710_SGB6522	species	2|1239|||||	0.26002	0.0026001999999999996	assessed	provisional
SID31866	SID31866	donor_combined_disjoint_clean_reads	k__Bacteria|p__Firmicutes|c__Clostridia|o__Eubacteriales|f__Oscillospiraceae|g__GGB9602|s__GGB9602_SGB15031	species	2|1239|186801|186802|216572||	0.248029	0.00248029	assessed	provisional
SID31866	SID31866	donor_combined_disjoint_clean_reads	k__Bacteria|p__Firmicutes|c__Clostridia|o__Lachnospirales|f__Lachnospiraceae|g__Mediterraneibacter|s__Ruminococcus_torques	species	2|1239|186801|3085636|186803|2316020|33039	0.247904	0.00247904	assessed	provisional
SID31866	SID31866	donor_combined_disjoint_clean_reads	k__Bacteria|p__Bacteroidota|c__Bacteroidia|o__Bacteroidales|f__Bacteroidaceae|g__Bacteroides|s__Bacteroides_caccae	species	2|976|200643|171549|815|816|47678	0.244944	0.0024494399999999998	assessed	provisional
SID31866	SID31866	donor_combined_disjoint_clean_reads	k__Bacteria|p__Firmicutes|c__Clostridia|o__Lachnospirales|f__Lachnospiraceae|g__GGB3619|s__GGB3619_SGB4894	species	2|1239|186801|3085636|186803||	0.242797	0.00242797	assessed	provisional
SID31866	SID31866	donor_combined_disjoint_clean_reads	k__Bacteria|p__Firmicutes|c__CFGB1776|o__OFGB1776|f__FGB1776|g__GGB4671|s__GGB4671_SGB6460	species	2|1239|||||	0.241704	0.00241704	assessed	provisional
SID31866	SID31866	donor_combined_disjoint_clean_reads	k__Bacteria|p__Firmicutes|c__Clostridia|o__Eubacteriales|f__Oscillospiraceae|g__Oscillibacter|s__Oscillibacter_sp_MSJ_31	species	2|1239|186801|186802|216572|459786|2841526	0.238012	0.00238012	assessed	provisional
SID31866	SID31866	donor_combined_disjoint_clean_reads	k__Bacteria|p__Firmicutes|c__Clostridia|o__Lachnospirales|f__Lachnospiraceae|g__Coprococcus|s__Coprococcus_comes	species	2|1239|186801|3085636|186803|33042|410072	0.235468	0.00235468	assessed	provisional
SID31866	SID31866	donor_combined_disjoint_clean_reads	k__Bacteria|p__Firmicutes|c__Clostridia|o__Eubacteriales|f__Eubacteriaceae|g__GGB3281|s__GGB3281_SGB4335	species	2|1239|186801|186802|186806||	0.234711	0.00234711	assessed	provisional
SID31866	SID31866	donor_combined_disjoint_clean_reads	k__Bacteria|p__Firmicutes|c__Clostridia|o__Eubacteriales|f__Oscillospiraceae|g__GGB143497|s__GGB143497_SGB15224	species	2|1239|186801|186802|216572||	0.229214	0.00229214	assessed	provisional
SID31866	SID31866	donor_combined_disjoint_clean_reads	k__Bacteria|p__Firmicutes|c__Clostridia|o__Eubacteriales|f__Oscillospiraceae|g__Brotocaccenecus|s__Brotocaccenecus_cirricatena	species	2|1239|186801|186802|216572|3064194|3064195	0.224035	0.0022403500000000003	assessed	provisional
SID31866	SID31866	donor_combined_disjoint_clean_reads	k__Bacteria|p__Firmicutes|c__CFGB3048|o__OFGB3048|f__FGB3048|g__GGB9559|s__GGB9559_SGB14968	species	2|1239|||||	0.218969	0.0021896899999999998	assessed	provisional
SID31866	SID31866	donor_combined_disjoint_clean_reads	k__Bacteria|p__Firmicutes|c__CFGB73062|o__OFGB73062|f__FGB73062|g__GGB9059|s__GGB9059_SGB13976	species	2|1239|||||	0.215984	0.00215984	assessed	provisional
SID31866	SID31866	donor_combined_disjoint_clean_reads	k__Bacteria|p__Firmicutes|c__Clostridia|o__Eubacteriales|f__Oscillospiraceae|g__GGB9708|s__GGB9708_SGB15234	species	2|1239|186801|186802|216572||	0.21422	0.0021422	assessed	provisional
SID31866	SID31866	donor_combined_disjoint_clean_reads	k__Bacteria|p__Firmicutes|c__CFGB1765|o__OFGB1765|f__FGB1765|g__GGB4584|s__GGB4584_SGB6338	species	2|1239|||||	0.210089	0.00210089	assessed	provisional
SID31866	SID31866	donor_combined_disjoint_clean_reads	k__Bacteria|p__Firmicutes|c__Clostridia|o__Eubacteriales|f__Oscillospiraceae|g__GGB3167|s__GGB3167_SGB4181	species	2|1239|186801|186802|216572||	0.209119	0.00209119	assessed	provisional
SID31866	SID31866	donor_combined_disjoint_clean_reads	k__Bacteria|p__Firmicutes|c__Clostridia|o__Eubacteriales|f__Eubacteriaceae|g__Eubacterium|s__Eubacterium_ramulus	species	2|1239|186801|186802|186806|1730|39490	0.206473	0.00206473	assessed	provisional
SID31866	SID31866	donor_combined_disjoint_clean_reads	k__Bacteria|p__Bacteroidota|c__Bacteroidia|o__Bacteroidales|f__Rikenellaceae|g__Alistipes|s__Alistipes_putredinis	species	2|976|200643|171549|171550|239759|28117	0.202415	0.00202415	assessed	provisional
SID31866	SID31866	donor_combined_disjoint_clean_reads	k__Bacteria|p__Firmicutes|c__Erysipelotrichia|o__Erysipelotrichales|f__Coprobacillaceae|g__Faecalibacillus|s__Faecalibacillus_faecis	species	2|1239|526524|526525|2810280|2678885|1982628	0.184792	0.00184792	assessed	provisional
SID31866	SID31866	donor_combined_disjoint_clean_reads	k__Bacteria|p__Firmicutes|c__Clostridia|o__Eubacteriales|f__Oscillospiraceae|g__Ruthenibacterium|s__Ruthenibacterium_lactatiformans	species	2|1239|186801|186802|216572|1905344|1550024	0.184514	0.00184514	assessed	provisional
SID31866	SID31866	donor_combined_disjoint_clean_reads	k__Bacteria|p__Firmicutes|c__Clostridia|o__Eubacteriales|f__Eubacteriaceae|g__Eubacterium|s__Eubacterium_ventriosum	species	2|1239|186801|186802|186806|1730|39496	0.18429	0.0018429000000000002	assessed	provisional
SID31866	SID31866	donor_combined_disjoint_clean_reads	k__Bacteria|p__Firmicutes|c__Clostridia|o__Lachnospirales|f__Lachnospiraceae|g__Coprococcus|s__Coprococcus_catus	species	2|1239|186801|3085636|186803|33042|116085	0.182285	0.00182285	assessed	provisional
SID31866	SID31866	donor_combined_disjoint_clean_reads	k__Bacteria|p__Firmicutes|c__Clostridia|o__Lachnospirales|f__Lachnospiraceae|g__Dorea|s__Dorea_sp_AF36_15AT	species	2|1239|186801|3085636|186803|189330|2292041	0.172749	0.0017274900000000001	assessed	provisional
SID31866	SID31866	donor_combined_disjoint_clean_reads	k__Bacteria|p__Firmicutes|c__Clostridia|o__Lachnospirales|f__Lachnospiraceae|g__Fusicatenibacter|s__Fusicatenibacter_saccharivorans	species	2|1239|186801|3085636|186803|1407607|1150298	0.172551	0.0017255100000000002	assessed	provisional
SID31866	SID31866	donor_combined_disjoint_clean_reads	k__Bacteria|p__Firmicutes|c__Clostridia|o__Lachnospirales|f__Lachnospiraceae|g__Faecalicatena|s__Faecalicatena_fissicatena	species	2|1239|186801|3085636|186803|2005359|290055	0.166167	0.00166167	assessed	provisional
SID31866	SID31866	donor_combined_disjoint_clean_reads	k__Bacteria|p__Firmicutes|c__Clostridia|o__Lachnospirales|f__Lachnospiraceae|g__Frisingicoccus|s__Frisingicoccus_SGB4674	species	2|1239|186801|3085636|186803|1918511|	0.161982	0.00161982	assessed	provisional
SID31866	SID31866	donor_combined_disjoint_clean_reads	k__Bacteria|p__Firmicutes|c__CFGB38642|o__OFGB38642|f__FGB38642|g__GGB9767|s__GGB9767_SGB15385	species	2|1239|||||	0.161427	0.00161427	assessed	provisional
SID31866	SID31866	donor_combined_disjoint_clean_reads	k__Bacteria|p__Firmicutes|c__CFGB1776|o__OFGB1776|f__FGB1776|g__GGB4686|s__GGB4686_SGB6483	species	2|1239|||||	0.152826	0.0015282599999999998	assessed	provisional
SID31866	SID31866	donor_combined_disjoint_clean_reads	k__Bacteria|p__Firmicutes|c__Clostridia|o__Lachnospirales|f__Lachnospiraceae|g__Oliverpabstia|s__Oliverpabstia_intestinalis	species	2|1239|186801|3085636|186803|2815777|2606633	0.151922	0.00151922	assessed	provisional
SID31866	SID31866	donor_combined_disjoint_clean_reads	k__Bacteria|p__Chloroflexota|c__CFGB94700|o__OFGB94700|f__FGB94700|g__GGB9288|s__GGB9288_SGB14243	species	2|200795|||||	0.144453	0.00144453	assessed	provisional
SID31866	SID31866	donor_combined_disjoint_clean_reads	k__Bacteria|p__Actinomycetota|c__Coriobacteriia|o__Eggerthellales|f__Eggerthellaceae|g__Eggerthella|s__Eggerthella_lenta	species	2|201174|84998|1643822|1643826|84111|84112	0.128991	0.00128991	assessed	provisional
SID31866	SID31866	donor_combined_disjoint_clean_reads	k__Bacteria|p__Firmicutes|c__Clostridia|o__Lachnospirales|f__Lachnospiraceae|g__Lachnospira|s__Lachnospira_eligens	species	2|1239|186801|3085636|186803|28050|39485	0.127393	0.0012739300000000002	assessed	provisional
SID31866	SID31866	donor_combined_disjoint_clean_reads	k__Bacteria|p__Firmicutes|c__Clostridia|o__Eubacteriales|f__Clostridiaceae|g__Clostridium|s__Clostridium_lentum	species	2|1239|186801|186802|31979|1485|2763037	0.123206	0.0012320599999999999	assessed	provisional
SID31866	SID31866	donor_combined_disjoint_clean_reads	k__Bacteria|p__Firmicutes|c__CFGB31455|o__OFGB31455|f__FGB31455|g__GGB4711|s__GGB4711_SGB6524	species	2|1239|||||	0.11959	0.0011959	assessed	provisional
SID31866	SID31866	donor_combined_disjoint_clean_reads	k__Bacteria|p__Firmicutes|c__Clostridia|o__Eubacteriales|f__Oscillospiraceae|g__GGB9237|s__GGB9237_SGB14179	species	2|1239|186801|186802|216572||	0.11911	0.0011910999999999998	assessed	provisional
SID31866	SID31866	donor_combined_disjoint_clean_reads	k__Bacteria|p__Firmicutes|c__Clostridia|o__Lachnospirales|f__Lachnospiraceae|g__Blautia|s__Blautia_luti	species	2|1239|186801|3085636|186803|572511|89014	0.118957	0.00118957	assessed	provisional
SID31866	SID31866	donor_combined_disjoint_clean_reads	k__Bacteria|p__Firmicutes|c__Clostridia|o__Eubacteriales|f__Eubacteriales_Family_XIII_Incertae_Sedis|g__Zhenpiania|s__Zhenpiania_hominis	species	2|1239|186801|186802|543314|2944199|2763644	0.116974	0.0011697399999999998	assessed	provisional
SID31866	SID31866	donor_combined_disjoint_clean_reads	k__Bacteria|p__Firmicutes|c__Clostridia|o__Lachnospirales|f__Anaerotignaceae|g__Anaerotignum|s__Anaerotignum_faecicola	species	2|1239|186801|3085636|3118652|2039240|2358141	0.115071	0.00115071	assessed	provisional
SID31866	SID31866	donor_combined_disjoint_clean_reads	k__Bacteria|p__Firmicutes|c__Clostridia|o__Eubacteriales|f__Oscillospiraceae|g__Oscillospiraceae_unclassified|s__Eubacterium_siraeum	species	2|1239|186801|186802|216572||39492	0.114766	0.00114766	assessed	provisional
SID31866	SID31866	donor_combined_disjoint_clean_reads	k__Bacteria|p__Firmicutes|c__Clostridia|o__Eubacteriales|f__Oscillospiraceae|g__Dysosmobacter|s__Dysosmobacter_segnis	species	2|1239|186801|186802|216572|2591381|2763042	0.113781	0.00113781	assessed	provisional
SID31866	SID31866	donor_combined_disjoint_clean_reads	k__Bacteria|p__Actinomycetota|c__Coriobacteriia|o__Eggerthellales|f__Eggerthellaceae|g__Gordonibacter|s__Gordonibacter_pamelaeae	species	2|201174|84998|1643822|1643826|644652|471189	0.109814	0.00109814	assessed	provisional
SID31866	SID31866	donor_combined_disjoint_clean_reads	k__Bacteria|p__Firmicutes|c__CFGB31455|o__OFGB31455|f__FGB31455|g__GGB4699|s__GGB4699_SGB6502	species	2|1239|||||	0.10884	0.0010884	assessed	provisional
SID31866	SID31866	donor_combined_disjoint_clean_reads	k__Bacteria|p__Firmicutes|c__Clostridia|o__Eubacteriales|f__Oscillospiraceae|g__Lawsonibacter|s__Lawsonibacter_hominis	species	2|1239|186801|186802|216572|2172004|2763053	0.106581	0.00106581	assessed	provisional
SID31866	SID31866	donor_combined_disjoint_clean_reads	k__Bacteria|p__Firmicutes|c__Clostridia|o__Lachnospirales|f__Lachnospiraceae|g__Dorea|s__Dorea_formicigenerans	species	2|1239|186801|3085636|186803|189330|39486	0.103904	0.00103904	assessed	provisional
SID31866	SID31866	donor_combined_disjoint_clean_reads	k__Bacteria|p__Firmicutes|c__Clostridia|o__Lachnospirales|f__Lachnospiraceae|g__Lachnospiraceae_unclassified|s__Lachnospiraceae_bacterium_KGMB03038	species	2|1239|186801|3085636|186803||2594789	0.102922	0.00102922	assessed	provisional
SID31866	SID31866	donor_combined_disjoint_clean_reads	k__Bacteria|p__Firmicutes|c__CFGB31455|o__OFGB31455|f__FGB31455|g__GGB4699|s__GGB4699_SGB6503	species	2|1239|||||	0.101017	0.00101017	assessed	provisional
SID31866	SID31866	donor_combined_disjoint_clean_reads	k__Bacteria|p__Actinomycetota|c__Actinomycetes|o__Bifidobacteriales|f__Bifidobacteriaceae|g__Bifidobacterium|s__Bifidobacterium_breve	species	2|201174|1760|85004|31953|1678|1685	0.100792	0.00100792	assessed	provisional
SID31866	SID31866	donor_combined_disjoint_clean_reads	k__Bacteria|p__Firmicutes|c__Clostridia|o__Lachnospirales|f__Lachnospiraceae|g__GGB3429|s__GGB3429_SGB71706	species	2|1239|186801|3085636|186803||	0.096386	0.00096386	assessed	provisional
SID31866	SID31866	donor_combined_disjoint_clean_reads	k__Bacteria|p__Firmicutes|c__Bacillota_unclassified|o__Bacillota_unclassified|f__Bacillota_unclassified|g__GGB2998|s__GGB2998_SGB3989	species	2|1239|||||	0.095635	0.00095635	assessed	provisional
SID31866	SID31866	donor_combined_disjoint_clean_reads	k__Bacteria|p__Bacteroidota|c__Bacteroidia|o__Bacteroidales|f__Rikenellaceae|g__Alistipes|s__Alistipes_communis	species	2|976|200643|171549|171550|239759|2585118	0.094917	0.00094917	assessed	provisional
SID31866	SID31866	donor_combined_disjoint_clean_reads	k__Bacteria|p__Firmicutes|c__CFGB3054|o__OFGB3054|f__FGB3054|g__GGB33512|s__GGB33512_SGB15201	species	2|1239|||||	0.092872	0.00092872	assessed	provisional
SID31866	SID31866	donor_combined_disjoint_clean_reads	k__Bacteria|p__Firmicutes|c__Clostridia|o__Eubacteriales|f__Eubacteriaceae|g__Eubacterium|s__Eubacterium_sp_AF34_35BH	species	2|1239|186801|186802|186806|1730|2293107	0.0921	0.000921	assessed	provisional
SID31866	SID31866	donor_combined_disjoint_clean_reads	k__Bacteria|p__Firmicutes|c__Clostridia|o__Lachnospirales|f__Lachnospiraceae|g__Blautia|s__Blautia_intestinalis	species	2|1239|186801|3085636|186803|572511|2763028	0.089694	0.0008969399999999999	assessed	provisional
SID31866	SID31866	donor_combined_disjoint_clean_reads	k__Bacteria|p__Firmicutes|c__Clostridia|o__Lachnospirales|f__Lachnospiraceae|g__Blautia|s__Blautia_glucerasea	species	2|1239|186801|3085636|186803|572511|536633	0.087025	0.00087025	assessed	provisional
SID31866	SID31866	donor_combined_disjoint_clean_reads	k__Bacteria|p__Bacteroidota|c__Bacteroidia|o__Bacteroidales|f__Tannerellaceae|g__Parabacteroides|s__Parabacteroides_merdae	species	2|976|200643|171549|2005525|375288|46503	0.086151	0.00086151	assessed	provisional
SID31866	SID31866	donor_combined_disjoint_clean_reads	k__Bacteria|p__Firmicutes|c__Clostridia|o__Lachnospirales|f__Lachnospiraceae|g__GGB3733|s__GGB3733_SGB5066	species	2|1239|186801|3085636|186803||	0.086083	0.00086083	assessed	provisional
SID31866	SID31866	donor_combined_disjoint_clean_reads	k__Bacteria|p__Firmicutes|c__CFGB10318|o__OFGB10318|f__FGB10318|g__GGB4637|s__GGB4637_SGB6416	species	2|1239|||||	0.081318	0.00081318	assessed	provisional
SID31866	SID31866	donor_combined_disjoint_clean_reads	k__Bacteria|p__Bacteroidota|c__Bacteroidia|o__Bacteroidales|f__Muribaculaceae|g__GGB1582|s__GGB1582_SGB2173	species	2|976|200643|171549|2005473||	0.079297	0.00079297	assessed	provisional
SID31866	SID31866	donor_combined_disjoint_clean_reads	k__Bacteria|p__Firmicutes|c__Clostridia|o__Eubacteriales|f__Clostridiaceae|g__Clostridium|s__Clostridium_sp_AF36_4	species	2|1239|186801|186802|31979|1485|2293015	0.078677	0.00078677	assessed	provisional
SID31866	SID31866	donor_combined_disjoint_clean_reads	k__Bacteria|p__Firmicutes|c__CFGB1765|o__OFGB1765|f__FGB1765|g__GGB4605|s__GGB4605_SGB6376	species	2|1239|||||	0.078502	0.00078502	assessed	provisional
SID31866	SID31866	donor_combined_disjoint_clean_reads	k__Bacteria|p__Firmicutes|c__Clostridia|o__Eubacteriales|f__Beduinellaceae|g__GGB9760|s__GGB9760_SGB15373	species	2|1239|186801|186802|3151707||	0.077482	0.00077482	assessed	provisional
SID31866	SID31866	donor_combined_disjoint_clean_reads	k__Bacteria|p__Firmicutes|c__Clostridia|o__Lachnospirales|f__Lachnospiraceae|g__Roseburia|s__Roseburia_faecis	species	2|1239|186801|3085636|186803|841|301302	0.077368	0.0007736800000000001	assessed	provisional
SID31866	SID31866	donor_combined_disjoint_clean_reads	k__Bacteria|p__Bacteroidota|c__Bacteroidia|o__Bacteroidales|f__Bacteroidaceae|g__Bacteroides|s__Bacteroides_finegoldii	species	2|976|200643|171549|815|816|338188	0.074238	0.00074238	assessed	provisional
SID31866	SID31866	donor_combined_disjoint_clean_reads	k__Bacteria|p__Firmicutes|c__Clostridia|o__Lachnospirales|f__Lachnospiraceae|g__GGB3537|s__GGB3537_SGB4727	species	2|1239|186801|3085636|186803||	0.073176	0.00073176	assessed	provisional
SID31866	SID31866	donor_combined_disjoint_clean_reads	k__Bacteria|p__Firmicutes|c__CFGB79291|o__OFGB79291|f__FGB79291|g__GGB9522|s__GGB9522_SGB14921	species	2|1239|||||	0.072867	0.0007286700000000001	assessed	provisional
SID31866	SID31866	donor_combined_disjoint_clean_reads	k__Bacteria|p__Firmicutes|c__Clostridia|o__Peptostreptococcales|f__Peptostreptococcaceae|g__Peptostreptococcus|s__Peptostreptococcus_stomatis	species	2|1239|186801|3082720|186804|1257|341694	0.072121	0.00072121	assessed	provisional
SID31866	SID31866	donor_combined_disjoint_clean_reads	k__Bacteria|p__Firmicutes|c__Clostridia|o__Eubacteriales|f__Oscillospiraceae|g__GGB9707|s__GGB9707_SGB15229	species	2|1239|186801|186802|216572||	0.070791	0.0007079100000000001	assessed	provisional
SID31866	SID31866	donor_combined_disjoint_clean_reads	k__Bacteria|p__Bacteroidota|c__Bacteroidia|o__Bacteroidales|f__Bacteroidaceae|g__Bacteroides|s__Bacteroides_fragilis	species	2|976|200643|171549|815|816|817	0.070323	0.00070323	assessed	provisional
SID31866	SID31866	donor_combined_disjoint_clean_reads	k__Bacteria|p__Firmicutes|c__Erysipelotrichia|o__Erysipelotrichales|f__Coprobacillaceae|g__Thomasclavelia|s__Thomasclavelia_saccharogumia	species	2|1239|526524|526525|2810280|3025755|341225	0.069177	0.00069177	assessed	provisional
SID31866	SID31866	donor_combined_disjoint_clean_reads	k__Bacteria|p__Firmicutes|c__Clostridia|o__Eubacteriales|f__Oscillospiraceae|g__Lawsonibacter|s__Lawsonibacter_asaccharolyticus	species	2|1239|186801|186802|216572|2172004|2108523	0.068486	0.00068486	assessed	provisional
SID31866	SID31866	donor_combined_disjoint_clean_reads	k__Bacteria|p__Firmicutes|c__Clostridia|o__Eubacteriales|f__Oscillospiraceae|g__Hominenteromicrobium|s__Hominenteromicrobium_mulieris	species	2|1239|186801|186802|216572|3073575|2885357	0.067778	0.00067778	assessed	provisional
SID31866	SID31866	donor_combined_disjoint_clean_reads	k__Bacteria|p__Bacteroidota|c__Bacteroidia|o__Bacteroidales|f__Bacteroidaceae|g__Bacteroides|s__Bacteroides_cellulosilyticus	species	2|976|200643|171549|815|816|246787	0.064868	0.00064868	assessed	provisional
SID31866	SID31866	donor_combined_disjoint_clean_reads	k__Bacteria|p__Firmicutes|c__Clostridia|o__Eubacteriales|f__Eubacteriales_Family_XIII_Incertae_Sedis|g__Lentihominibacter|s__Lentihominibacter_faecis	species	2|1239|186801|186802|543314|2944200|2764712	0.064489	0.0006448900000000001	assessed	provisional
SID31866	SID31866	donor_combined_disjoint_clean_reads	k__Bacteria|p__Firmicutes|c__CFGB2875|o__OFGB2875|f__FGB2875|g__GGB9176|s__GGB9176_SGB14114	species	2|1239|||||	0.063943	0.00063943	assessed	provisional
SID31866	SID31866	donor_combined_disjoint_clean_reads	k__Bacteria|p__Firmicutes|c__CFGB93792|o__OFGB93792|f__FGB93792|g__GGB9524|s__GGB9524_SGB14924	species	2|1239|||||	0.063087	0.0006308700000000001	assessed	provisional
SID31866	SID31866	donor_combined_disjoint_clean_reads	k__Bacteria|p__Bacteroidota|c__Bacteroidia|o__Bacteroidales|f__Bacteroidaceae|g__Bacteroides|s__Bacteroides_xylanisolvens	species	2|976|200643|171549|815|816|371601	0.063013	0.00063013	assessed	provisional
SID31866	SID31866	donor_combined_disjoint_clean_reads	k__Bacteria|p__Firmicutes|c__Clostridia|o__Lachnospirales|f__Lachnospiraceae|g__Gallintestinimicrobium|s__Gallintestinimicrobium_propionicum	species	2|1239|186801|3085636|186803|2981633|2981770	0.063	0.00063	assessed	provisional
SID31866	SID31866	donor_combined_disjoint_clean_reads	k__Bacteria|p__Firmicutes|c__Bacilli|o__Lactobacillales|f__Streptococcaceae|g__Streptococcus|s__Streptococcus_raffinosi	species	2|1239|91061|186826|1300|1301|3053355	0.062551	0.0006255099999999999	assessed	provisional
SID31866	SID31866	donor_combined_disjoint_clean_reads	k__Bacteria|p__Firmicutes|c__CFGB1765|o__OFGB1765|f__FGB1765|g__GGB4587|s__GGB4587_SGB6346	species	2|1239|||||	0.057937	0.0005793700000000001	assessed	provisional
SID31866	SID31866	donor_combined_disjoint_clean_reads	k__Bacteria|p__Firmicutes|c__CFGB72904|o__OFGB72904|f__FGB72904|g__GGB47150|s__GGB47150_SGB65079	species	2|1239|||||	0.055813	0.00055813	assessed	provisional
SID31866	SID31866	donor_combined_disjoint_clean_reads	k__Bacteria|p__Firmicutes|c__Clostridia|o__Eubacteriales|f__Oscillospiraceae|g__GGB9786|s__GGB9786_SGB15409	species	2|1239|186801|186802|216572||	0.055238	0.00055238	assessed	provisional
SID31866	SID31866	donor_combined_disjoint_clean_reads	k__Bacteria|p__Firmicutes|c__Clostridia|o__Lachnospirales|f__Lachnospiraceae|g__Lachnospiraceae_unclassified|s__Lachnospiraceae_bacterium_OM04_12BH	species	2|1239|186801|3085636|186803||2292272	0.053982	0.00053982	assessed	provisional
SID31866	SID31866	donor_combined_disjoint_clean_reads	k__Bacteria|p__Firmicutes|c__Clostridia|o__Eubacteriales|f__Oscillospiraceae|g__Oscillospiraceae_unclassified|s__Clostridium_leptum	species	2|1239|186801|186802|216572||1535	0.053897	0.00053897	assessed	provisional
SID31866	SID31866	donor_combined_disjoint_clean_reads	k__Bacteria|p__Firmicutes|c__Tissierellia|o__Tissierellales|f__Peptoniphilaceae|g__Parvimonas|s__Parvimonas_micra	species	2|1239|1737404|1737405|1570339|543311|33033	0.052913	0.00052913	assessed	provisional
SID31866	SID31866	donor_combined_disjoint_clean_reads	k__Bacteria|p__Firmicutes|c__Clostridia|o__Eubacteriales|f__Oscillospiraceae|g__GGB45495|s__GGB45495_SGB63167	species	2|1239|186801|186802|216572||	0.052844	0.00052844	assessed	provisional
SID31866	SID31866	donor_combined_disjoint_clean_reads	k__Bacteria|p__Firmicutes|c__CFGB94588|o__OFGB94588|f__FGB94588|g__GGB51647|s__GGB51647_SGB4348	species	2|1239|||||	0.052113	0.00052113	assessed	provisional
SID31866	SID31866	donor_combined_disjoint_clean_reads	k__Bacteria|p__Firmicutes|c__Clostridia|o__Peptostreptococcales|f__Peptostreptococcaceae|g__Romboutsia|s__Romboutsia_timonensis	species	2|1239|186801|3082720|186804|1501226|1776391	0.05066	0.0005066	assessed	provisional
SID31866	SID31866	donor_combined_disjoint_clean_reads	k__Bacteria|p__Firmicutes|c__CFGB1292|o__OFGB1292|f__FGB1292|g__GGB3109|s__GGB3109_SGB4121	species	2|1239|||||	0.050627	0.00050627	assessed	provisional
SID31866	SID31866	donor_combined_disjoint_clean_reads	k__Bacteria|p__Firmicutes|c__Clostridia|o__Lachnospirales|f__Lachnospiraceae|g__Lachnospiraceae_unclassified|s__Lachnospiraceae_bacterium_AM53_6	species	2|1239|186801|3085636|186803||2998021	0.049861	0.00049861	assessed	provisional
SID31866	SID31866	donor_combined_disjoint_clean_reads	k__Bacteria|p__Firmicutes|c__Clostridia|o__Eubacteriales|f__Oscillospiraceae|g__GGB9781|s__GGB9781_SGB66170	species	2|1239|186801|186802|216572||	0.049125	0.00049125	assessed	provisional
SID31866	SID31866	donor_combined_disjoint_clean_reads	k__Bacteria|p__Firmicutes|c__Clostridia|o__Eubacteriales|f__Oscillospiraceae|g__Oscillibacter|s__Oscillibacter_sp_ER4	species	2|1239|186801|186802|216572|459786|1519439	0.047123	0.00047123	assessed	provisional
SID31866	SID31866	donor_combined_disjoint_clean_reads	k__Bacteria|p__Firmicutes|c__CFGB1474|o__OFGB1474|f__FGB1474|g__GGB115571|s__GGB115571_SGB5062	species	2|1239|||||	0.047119	0.00047119	assessed	provisional
SID31866	SID31866	donor_combined_disjoint_clean_reads	k__Bacteria|p__Firmicutes|c__Clostridia|o__Lachnospirales|f__Lachnospiraceae|g__Fusicatenibacter|s__Fusicatenibacter_faecihominis	species	2|1239|186801|3085636|186803|1407607|2881276	0.046407	0.00046406999999999997	assessed	provisional
SID31866	SID31866	donor_combined_disjoint_clean_reads	k__Bacteria|p__Firmicutes|c__Clostridia|o__Lachnospirales|f__Lachnospiraceae|g__Lachnospiraceae_unclassified|s__Lachnospiraceae_bacterium	species	2|1239|186801|3085636|186803||1898203	0.046002	0.00046002	assessed	provisional
SID31866	SID31866	donor_combined_disjoint_clean_reads	k__Bacteria|p__Bacteroidota|c__Bacteroidia|o__Bacteroidales|f__Bacteroidaceae|g__Bacteroides|s__Bacteroides_ovatus	species	2|976|200643|171549|815|816|28116	0.045999	0.00045998999999999996	assessed	provisional
SID31866	SID31866	donor_combined_disjoint_clean_reads	k__Bacteria|p__Firmicutes|c__Negativicutes|o__Veillonellales|f__Veillonellaceae|g__GGB4266|s__GGB4266_SGB5805	species	2|1239|909932|1843489|31977||	0.045339	0.00045338999999999997	assessed	provisional
SID31866	SID31866	donor_combined_disjoint_clean_reads	k__Bacteria|p__Firmicutes|c__Clostridia|o__Lachnospirales|f__Lachnospiraceae|g__Merdimonas|s__Merdimonas_faecis	species	2|1239|186801|3085636|186803|2023266|1653435	0.044883	0.00044883	assessed	provisional
SID31866	SID31866	donor_combined_disjoint_clean_reads	k__Bacteria|p__Firmicutes|c__Clostridia|o__Eubacteriales|f__Oscillospiraceae|g__Vescimonas|s__Vescimonas_coprocola	species	2|1239|186801|186802|216572|2892396|2714355	0.044437	0.00044437	assessed	provisional
SID31866	SID31866	donor_combined_disjoint_clean_reads	k__Bacteria|p__Firmicutes|c__CFGB82363|o__OFGB82363|f__FGB82363|g__GGB9545|s__GGB9545_SGB14951	species	2|1239|||||	0.043787	0.00043787	assessed	provisional
SID31866	SID31866	donor_combined_disjoint_clean_reads	k__Bacteria|p__Firmicutes|c__CFGB79315|o__OFGB79315|f__FGB79315|g__GGB9766|s__GGB9766_SGB15383	species	2|1239|||||	0.043638	0.00043638000000000005	assessed	provisional
SID31866	SID31866	donor_combined_disjoint_clean_reads	k__Bacteria|p__Firmicutes|c__Clostridia|o__Lachnospirales|f__Lachnospiraceae|g__Dorea|s__Dorea_hominis	species	2|1239|186801|3085636|186803|189330|2763040	0.042702	0.00042701999999999996	assessed	provisional
SID31866	SID31866	donor_combined_disjoint_clean_reads	k__Bacteria|p__Firmicutes|c__CFGB2960|o__OFGB2960|f__FGB2960|g__GGB9302|s__GGB9302_SGB14263	species	2|1239|||||	0.042505	0.00042505	assessed	provisional
SID31866	SID31866	donor_combined_disjoint_clean_reads	k__Bacteria|p__Bacteroidota|c__Bacteroidia|o__Bacteroidales|f__Odoribacteraceae|g__Odoribacter|s__Odoribacter_splanchnicus	species	2|976|200643|171549|1853231|283168|28118	0.041963	0.00041963	assessed	provisional
SID31866	SID31866	donor_combined_disjoint_clean_reads	k__Bacteria|p__Firmicutes|c__CFGB1262|o__OFGB1262|f__FGB1262|g__GGB3061|s__GGB3061_SGB4063	species	2|1239|||||	0.041275	0.00041275	assessed	provisional
SID31866	SID31866	donor_combined_disjoint_clean_reads	k__Bacteria|p__Firmicutes|c__Clostridia|o__Lachnospirales|f__Lachnospiraceae|g__Blautia|s__Blautia_massiliensis_ex_Durand_et_al_2017	species	2|1239|186801|3085636|186803|572511|1737424	0.040029	0.00040029000000000003	assessed	provisional
SID31866	SID31866	donor_combined_disjoint_clean_reads	k__Bacteria|p__Firmicutes|c__Bacilli|o__Lactobacillales|f__Streptococcaceae|g__Streptococcus|s__Streptococcus_parasanguinis	species	2|1239|91061|186826|1300|1301|1318	0.03928	0.0003928	assessed	provisional
SID31866	SID31866	donor_combined_disjoint_clean_reads	k__Bacteria|p__Firmicutes|c__Clostridia|o__Eubacteriales|f__Oscillospiraceae|g__GGB9708|s__GGB9708_SGB15233	species	2|1239|186801|186802|216572||	0.039277	0.00039276999999999997	assessed	provisional
SID31866	SID31866	donor_combined_disjoint_clean_reads	k__Bacteria|p__Firmicutes|c__Clostridia|o__Eubacteriales|f__Eubacteriaceae|g__Eubacterium|s__Eubacterium_SGB4961	species	2|1239|186801|186802|186806|1730|	0.0387	0.000387	assessed	provisional
SID31866	SID31866	donor_combined_disjoint_clean_reads	k__Bacteria|p__Firmicutes|c__Clostridia|o__Eubacteriales|f__Eubacteriales_Family_XIII_Incertae_Sedis|g__GGB2980|s__GGB2980_SGB3962	species	2|1239|186801|186802|543314||	0.038247	0.00038247000000000004	assessed	provisional
SID31866	SID31866	donor_combined_disjoint_clean_reads	k__Bacteria|p__Firmicutes|c__Clostridia|o__Eubacteriales|f__Oscillospiraceae|g__GGB9781|s__GGB9781_SGB15402	species	2|1239|186801|186802|216572||	0.036636	0.00036636000000000004	assessed	provisional
SID31866	SID31866	donor_combined_disjoint_clean_reads	k__Bacteria|p__Firmicutes|c__Clostridia|o__Eubacteriales|f__Butyricicoccaceae|g__Agathobaculum|s__Agathobaculum_butyriciproducens	species	2|1239|186801|186802|3085642|2048137|1628085	0.035797	0.00035797000000000004	assessed	provisional
SID31866	SID31866	donor_combined_disjoint_clean_reads	k__Bacteria|p__Firmicutes|c__CFGB78785|o__OFGB78785|f__FGB78785|g__GGB99724|s__GGB99724_SGB143445	species	2|1239|||||	0.034551	0.00034551	assessed	provisional
SID31866	SID31866	donor_combined_disjoint_clean_reads	k__Bacteria|p__Actinomycetota|c__Coriobacteriia|o__Coriobacteriales|f__Coriobacteriaceae|g__GGB51959|s__GGB51959_SGB72479	species	2|201174|84998|84999|84107||	0.034493	0.00034493	assessed	provisional
SID31866	SID31866	donor_combined_disjoint_clean_reads	k__Bacteria|p__Firmicutes|c__Clostridia|o__Lachnospirales|f__Lachnospiraceae|g__Roseburia|s__Roseburia_hominis	species	2|1239|186801|3085636|186803|841|301301	0.034131	0.00034131	assessed	provisional
SID31866	SID31866	donor_combined_disjoint_clean_reads	k__Bacteria|p__Firmicutes|c__Clostridia|o__Lachnospirales|f__Lachnospiraceae|g__Lachnospiraceae_unclassified|s__Lachnospiraceae_bacterium_OF27_8pH9A	species	2|1239|186801|3085636|186803||2998044	0.031985	0.00031985	assessed	provisional
SID31866	SID31866	donor_combined_disjoint_clean_reads	k__Bacteria|p__Actinomycetota|c__Coriobacteriia|o__Eggerthellales|f__Eggerthellaceae|g__Gordonibacter|s__Gordonibacter_urolithinfaciens	species	2|201174|84998|1643822|1643826|644652|1335613	0.031719	0.00031718999999999996	assessed	provisional
SID31866	SID31866	donor_combined_disjoint_clean_reads	k__Bacteria|p__Firmicutes|c__Clostridia|o__Lachnospirales|f__Lachnospiraceae|g__Simiaoa|s__Simiaoa_sunii	species	2|1239|186801|3085636|186803|2944193|2763672	0.031446	0.00031446	assessed	provisional
SID31866	SID31866	donor_combined_disjoint_clean_reads	k__Bacteria|p__Firmicutes|c__Clostridia|o__Eubacteriales|f__Oscillospiraceae|g__GGB9667|s__GGB9667_SGB15164	species	2|1239|186801|186802|216572||	0.030145	0.00030145000000000004	assessed	provisional
SID31866	SID31866	donor_combined_disjoint_clean_reads	k__Bacteria|p__Firmicutes|c__CFGB88649|o__OFGB88649|f__FGB88649|g__GGB3491|s__GGB3491_SGB4665	species	2|1239|||||	0.029907	0.00029907	assessed	provisional
SID31866	SID31866	donor_combined_disjoint_clean_reads	k__Bacteria|p__Firmicutes|c__CFGB2997|o__OFGB2997|f__FGB2997|g__GGB9445|s__GGB9445_SGB14835	species	2|1239|||||	0.02905	0.0002905	assessed	provisional
SID31866	SID31866	donor_combined_disjoint_clean_reads	k__Bacteria|p__Firmicutes|c__Clostridia|o__Eubacteriales|f__Oscillospiraceae|g__Yanshouia|s__Yanshouia_SGB14960	species	2|1239|186801|186802|216572|2983247|	0.028967	0.00028967	assessed	provisional
SID31866	SID31866	donor_combined_disjoint_clean_reads	k__Bacteria|p__Firmicutes|c__Clostridia|o__Lachnospirales|f__Lachnospiraceae|g__Roseburia|s__Roseburia_inulinivorans	species	2|1239|186801|3085636|186803|841|360807	0.028608	0.00028608	assessed	provisional
SID31866	SID31866	donor_combined_disjoint_clean_reads	k__Bacteria|p__Firmicutes|c__Clostridia|o__Eubacteriales|f__Oscillospiraceae|g__GGB9640|s__GGB9640_SGB15115	species	2|1239|186801|186802|216572||	0.028483	0.00028483	assessed	provisional
SID31866	SID31866	donor_combined_disjoint_clean_reads	k__Bacteria|p__Firmicutes|c__Clostridia|o__Peptostreptococcales|f__Peptostreptococcaceae|g__GGB4456|s__GGB4456_SGB6141	species	2|1239|186801|3082720|186804||	0.028378	0.00028378	assessed	provisional
SID31866	SID31866	donor_combined_disjoint_clean_reads	k__Bacteria|p__Firmicutes|c__Erysipelotrichia|o__Erysipelotrichales|f__Erysipelotrichaceae|g__Holdemania|s__Holdemania_sp_1001095H_141210_F2	species	2|1239|526524|526525|128827|61170|2787149	0.027807	0.00027807	assessed	provisional
SID31866	SID31866	donor_combined_disjoint_clean_reads	k__Bacteria|p__Actinomycetota|c__Coriobacteriia|o__Eggerthellales|f__Eggerthellaceae|g__GGB45432|s__GGB45432_SGB63101	species	2|201174|84998|1643822|1643826||	0.027333	0.00027333	assessed	provisional
SID31866	SID31866	donor_combined_disjoint_clean_reads	k__Bacteria|p__Firmicutes|c__Clostridia|o__Eubacteriales|f__Clostridiaceae|g__Clostridium|s__Clostridium_sp_1001270J_160509_D11	species	2|1239|186801|186802|31979|1485|2787103	0.027026	0.00027026000000000003	assessed	provisional
SID31866	SID31866	donor_combined_disjoint_clean_reads	k__Bacteria|p__Firmicutes|c__CFGB2898|o__OFGB2898|f__FGB2898|g__GGB9211|s__GGB9211_SGB14151	species	2|1239|||||	0.027019	0.00027019	assessed	provisional
SID31866	SID31866	donor_combined_disjoint_clean_reads	k__Bacteria|p__Firmicutes|c__Clostridia|o__Lachnospirales|f__Lachnospiraceae|g__Anaerobutyricum|s__Anaerobutyricum_soehngenii	species	2|1239|186801|3085636|186803|2569097|105843	0.026994	0.00026994	assessed	provisional
SID31866	SID31866	donor_combined_disjoint_clean_reads	k__Bacteria|p__Firmicutes|c__CFGB2918|o__OFGB2918|f__FGB2918|g__GGB9240|s__GGB9240_SGB14182	species	2|1239|||||	0.026869	0.00026869000000000003	assessed	provisional
SID31866	SID31866	donor_combined_disjoint_clean_reads	k__Bacteria|p__Firmicutes|c__Clostridia|o__Eubacteriales|f__Oscillospiraceae|g__Faecalibacterium|s__Faecalibacterium_SGB15346	species	2|1239|186801|186802|216572|216851|	0.0268	0.000268	assessed	provisional
SID31866	SID31866	donor_combined_disjoint_clean_reads	k__Bacteria|p__Candidatus_Melainabacteria|c__Candidatus_Melainabacteria_unclassified|o__Candidatus_Gastranaerophilales|f__Candidatus_Gastranaerophilales_unclassified|g__Candidatus_Gastranaerophilales_unclassified|s__Candidatus_Gastranaerophilales_bacterium	species	2|1798710||1906119|||2137880	0.026334	0.00026334	assessed	provisional
SID31866	SID31866	donor_combined_disjoint_clean_reads	k__Bacteria|p__Firmicutes|c__Clostridia|o__Eubacteriales|f__Oscillospiraceae|g__GGB9781|s__GGB9781_SGB15401	species	2|1239|186801|186802|216572||	0.026044	0.00026044	assessed	provisional
SID31866	SID31866	donor_combined_disjoint_clean_reads	k__Bacteria|p__Bacteroidota|c__Bacteroidia|o__Bacteroidales|f__Porphyromonadaceae|g__Porphyromonas|s__Porphyromonas_SGB1983	species	2|976|200643|171549|171551|836|	0.025641	0.00025641	assessed	provisional
SID31866	SID31866	donor_combined_disjoint_clean_reads	k__Bacteria|p__Firmicutes|c__Clostridia|o__Eubacteriales|f__Oscillospiraceae|g__Oscillospiraceae_unclassified|s__Ruminococcaceae_bacterium_AM53_2BH	species	2|1239|186801|186802|216572||2998069	0.025452	0.00025452	assessed	provisional
SID31866	SID31866	donor_combined_disjoint_clean_reads	k__Bacteria|p__Firmicutes|c__CFGB3054|o__OFGB3054|f__FGB3054|g__GGB33512|s__GGB33512_SGB15203	species	2|1239|||||	0.025284	0.00025284	assessed	provisional
SID31866	SID31866	donor_combined_disjoint_clean_reads	k__Bacteria|p__Firmicutes|c__CFGB94730|o__OFGB94730|f__FGB94730|g__GGB4750|s__GGB4750_SGB6579	species	2|1239|||||	0.025176	0.00025176	assessed	provisional
SID31866	SID31866	donor_combined_disjoint_clean_reads	k__Bacteria|p__Firmicutes|c__CFGB1765|o__OFGB1765|f__FGB1765|g__GGB4603|s__GGB4603_SGB6367	species	2|1239|||||	0.024852	0.00024852	assessed	provisional
SID31866	SID31866	donor_combined_disjoint_clean_reads	k__Bacteria|p__Firmicutes|c__Clostridia|o__Eubacteriales|f__Eubacteriales_unclassified|g__Intestinimonas|s__Intestinimonas_massiliensis_ex_Afouda_et_al_2020	species	2|1239|186801|186802||1392389|1673721	0.024679	0.00024679	assessed	provisional
SID31866	SID31866	donor_combined_disjoint_clean_reads	k__Bacteria|p__Firmicutes|c__CFGB79330|o__OFGB79330|f__FGB79330|g__GGB3005|s__GGB3005_SGB3996	species	2|1239|||||	0.02443	0.00024430000000000003	assessed	provisional
SID31866	SID31866	donor_combined_disjoint_clean_reads	k__Bacteria|p__Fusobacteriota|c__Fusobacteriia|o__Fusobacteriales|f__Fusobacteriaceae|g__Fusobacterium|s__Fusobacterium_animalis	species	2|32066|203490|203491|203492|848|76859	0.023475	0.00023475	assessed	provisional
SID31866	SID31866	donor_combined_disjoint_clean_reads	k__Bacteria|p__Firmicutes|c__CFGB1306|o__OFGB1306|f__FGB1306|g__GGB5196|s__GGB5196_SGB7255	species	2|1239|||||	0.023435	0.00023435	assessed	provisional
SID31866	SID31866	donor_combined_disjoint_clean_reads	k__Bacteria|p__Firmicutes|c__Clostridia|o__Eubacteriales|f__Oscillospiraceae|g__GGB53378|s__GGB53378_SGB74410	species	2|1239|186801|186802|216572||	0.02335	0.00023349999999999998	assessed	provisional
SID31866	SID31866	donor_combined_disjoint_clean_reads	k__Bacteria|p__Firmicutes|c__CFGB3023|o__OFGB3023|f__FGB3023|g__GGB9502|s__GGB9502_SGB14899	species	2|1239|||||	0.023225	0.00023224999999999998	assessed	provisional
SID31866	SID31866	donor_combined_disjoint_clean_reads	k__Bacteria|p__Firmicutes|c__CFGB88346|o__OFGB88346|f__FGB88346|g__GGB43675|s__GGB43675_SGB61016	species	2|1239|||||	0.023033	0.00023033000000000003	assessed	provisional
SID31866	SID31866	donor_combined_disjoint_clean_reads	k__Bacteria|p__Firmicutes|c__Bacilli|o__Lactobacillales|f__Enterococcaceae|g__Enterococcus|s__Enterococcus_faecium	species	2|1239|91061|186826|81852|1350|1352	0.022614	0.00022614	assessed	provisional
SID31866	SID31866	donor_combined_disjoint_clean_reads	k__Bacteria|p__Bacteroidota|c__Bacteroidia|o__Bacteroidales|f__Barnesiellaceae|g__Barnesiella|s__Barnesiella_intestinihominis	species	2|976|200643|171549|2005519|397864|487174	0.022271	0.00022271	assessed	provisional
SID31866	SID31866	donor_combined_disjoint_clean_reads	k__Bacteria|p__Firmicutes|c__CFGB2915|o__OFGB2915|f__FGB2915|g__GGB36267|s__GGB36267_SGB53790	species	2|1239|||||	0.022237	0.00022237	assessed	provisional
SID31866	SID31866	donor_combined_disjoint_clean_reads	k__Bacteria|p__Firmicutes|c__Clostridia|o__Lachnospirales|f__Lachnospiraceae|g__GGB51441|s__GGB51441_SGB71759	species	2|1239|186801|3085636|186803||	0.022225	0.00022225	assessed	provisional
SID31866	SID31866	donor_combined_disjoint_clean_reads	k__Bacteria|p__Firmicutes|c__CFGB3054|o__OFGB3054|f__FGB3054|g__GGB35551|s__GGB35551_SGB53794	species	2|1239|||||	0.022172	0.00022172	assessed	provisional
SID31866	SID31866	donor_combined_disjoint_clean_reads	k__Bacteria|p__Firmicutes|c__CFGB38642|o__OFGB38642|f__FGB38642|g__GGB9770|s__GGB9770_SGB15390	species	2|1239|||||	0.022166	0.00022166000000000002	assessed	provisional
SID31866	SID31866	donor_combined_disjoint_clean_reads	k__Bacteria|p__Firmicutes|c__CFGB3054|o__OFGB3054|f__FGB3054|g__GGB33512|s__GGB33512_SGB15206	species	2|1239|||||	0.021346	0.00021346	assessed	provisional
SID31866	SID31866	donor_combined_disjoint_clean_reads	k__Bacteria|p__Actinomycetota|c__Coriobacteriia|o__Coriobacteriales|f__Coriobacteriaceae|g__Collinsella|s__Collinsella_aerofaciens	species	2|201174|84998|84999|84107|102106|74426	0.021233	0.00021233	assessed	provisional
SID31866	SID31866	donor_combined_disjoint_clean_reads	k__Bacteria|p__Firmicutes|c__Clostridia|o__Eubacteriales|f__Oscillospiraceae|g__GGB9634|s__GGB9634_SGB15097	species	2|1239|186801|186802|216572||	0.020921	0.00020920999999999998	assessed	provisional
SID31866	SID31866	donor_combined_disjoint_clean_reads	k__Bacteria|p__Firmicutes|c__Clostridia|o__Eubacteriales|f__Oscillospiraceae|g__Ruminococcus|s__Ruminococcus_bovis	species	2|1239|186801|186802|216572|1263|2564099	0.020622	0.00020622000000000001	assessed	provisional
SID31866	SID31866	donor_combined_disjoint_clean_reads	k__Bacteria|p__Firmicutes|c__Clostridia|o__Lachnospirales|f__Lachnospiraceae|g__Anthropogastromicrobium|s__Anthropogastromicrobium_aceti	species	2|1239|186801|3085636|186803|2981630|2981768	0.020599	0.00020599	assessed	provisional
SID31866	SID31866	donor_combined_disjoint_clean_reads	k__Bacteria|p__Firmicutes|c__Clostridia|o__Lachnospirales|f__Lachnospiraceae|g__Mediterraneibacter|s__Mediterraneibacter_butyricigenes	species	2|1239|186801|3085636|186803|2316020|2316025	0.020072	0.00020072	assessed	provisional
SID31866	SID31866	donor_combined_disjoint_clean_reads	k__Bacteria|p__Pseudomonadota|c__CFGB10055|o__OFGB10055|f__FGB10055|g__GGB6606|s__GGB6606_SGB9340	species	2|1224|||||	0.019638	0.00019638	assessed	provisional
SID31866	SID31866	donor_combined_disjoint_clean_reads	k__Bacteria|p__Firmicutes|c__Bacilli|o__Lactobacillales|f__Streptococcaceae|g__Streptococcus|s__Streptococcus_intermedius	species	2|1239|91061|186826|1300|1301|1338	0.019064	0.00019064	assessed	provisional
SID31866	SID31866	donor_combined_disjoint_clean_reads	k__Bacteria|p__Firmicutes|c__CFGB2915|o__OFGB2915|f__FGB2915|g__GGB36267|s__GGB36267_SGB14177	species	2|1239|||||	0.01882	0.0001882	assessed	provisional
SID31866	SID31866	donor_combined_disjoint_clean_reads	k__Bacteria|p__Firmicutes|c__CFGB45631|o__OFGB45631|f__FGB45631|g__GGB45631|s__GGB45631_SGB63345	species	2|1239|||||	0.018428	0.00018428	assessed	provisional
SID31866	SID31866	donor_combined_disjoint_clean_reads	k__Bacteria|p__Bacteroidota|c__Bacteroidia|o__Bacteroidales|f__Bacteroidaceae|g__Bacteroides|s__Bacteroides_eggerthii	species	2|976|200643|171549|815|816|28111	0.018083	0.00018083	assessed	provisional
SID31866	SID31866	donor_combined_disjoint_clean_reads	k__Bacteria|p__Firmicutes|c__CFGB3070|o__OFGB3070|f__FGB3070|g__GGB9775|s__GGB9775_SGB15395	species	2|1239|||||	0.018056	0.00018056	assessed	provisional
SID31866	SID31866	donor_combined_disjoint_clean_reads	k__Bacteria|p__Firmicutes|c__Clostridia|o__Lachnospirales|f__Lachnospiraceae|g__Eisenbergiella|s__Eisenbergiella_tayi	species	2|1239|186801|3085636|186803|1432051|1432052	0.017998	0.00017998	assessed	provisional
SID31866	SID31866	donor_combined_disjoint_clean_reads	k__Bacteria|p__Firmicutes|c__Clostridia|o__Lachnospirales|f__Lachnospiraceae|g__GGB13283|s__GGB13283_SGB4948	species	2|1239|186801|3085636|186803||	0.017974	0.00017974	assessed	provisional
SID31866	SID31866	donor_combined_disjoint_clean_reads	k__Bacteria|p__Firmicutes|c__CFGB36777|o__OFGB36777|f__FGB36777|g__GGB36777|s__GGB36777_SGB49178	species	2|1239|||||	0.017803	0.00017803	assessed	provisional
SID31866	SID31866	donor_combined_disjoint_clean_reads	k__Bacteria|p__Firmicutes|c__CFGB1311|o__OFGB1311|f__FGB1311|g__GGB3233|s__GGB3233_SGB71936	species	2|1239|||||	0.01765	0.00017649999999999998	assessed	provisional
SID31866	SID31866	donor_combined_disjoint_clean_reads	k__Bacteria|p__Firmicutes|c__Clostridia|o__Lachnospirales|f__Lachnospiraceae|g__Wansuia|s__Wansuia_hejianensis	species	2|1239|186801|3085636|186803|2944198|2763667	0.017282	0.00017282	assessed	provisional
SID31866	SID31866	donor_combined_disjoint_clean_reads	k__Bacteria|p__Firmicutes|c__CFGB1217|o__OFGB1217|f__FGB1217|g__GGB2982|s__GGB2982_SGB3964	species	2|1239|||||	0.017158	0.00017158	assessed	provisional
SID31866	SID31866	donor_combined_disjoint_clean_reads	k__Bacteria|p__Bacteroidota|c__Bacteroidia|o__Bacteroidales|f__Porphyromonadaceae|g__Porphyromonas|s__Porphyromonas_somerae	species	2|976|200643|171549|171551|836|322095	0.017108	0.00017108000000000002	assessed	provisional
SID31866	SID31866	donor_combined_disjoint_clean_reads	k__Bacteria|p__Firmicutes|c__Clostridia|o__Eubacteriales|f__Eubacteriaceae|g__Eubacteriaceae_unclassified|s__Eubacteriaceae_bacterium	species	2|1239|186801|186802|186806||2049045	0.016996	0.00016996	assessed	provisional
SID31866	SID31866	donor_combined_disjoint_clean_reads	k__Bacteria|p__Firmicutes|c__CFGB9491|o__OFGB9491|f__FGB9491|g__GGB75072|s__GGB75072_SGB105696	species	2|1239|||||	0.016972	0.00016972000000000002	assessed	provisional
SID31866	SID31866	donor_combined_disjoint_clean_reads	k__Bacteria|p__Firmicutes|c__Clostridia|o__Eubacteriales|f__Clostridiaceae|g__GGB3478|s__GGB3478_SGB4643	species	2|1239|186801|186802|31979||	0.016777	0.00016777	assessed	provisional
SID31866	SID31866	donor_combined_disjoint_clean_reads	k__Bacteria|p__Bacteroidota|c__Bacteroidia|o__Bacteroidales|f__Prevotellaceae|g__Segatella|s__Segatella_sinensis	species	2|976|200643|171549|171552|2974251|165179	0.016682	0.00016681999999999998	assessed	provisional
SID31866	SID31866	donor_combined_disjoint_clean_reads	k__Bacteria|p__Firmicutes|c__CFGB3038|o__OFGB3038|f__FGB3038|g__GGB9537|s__GGB9537_SGB14940	species	2|1239|||||	0.016421	0.00016421000000000003	assessed	provisional
SID31866	SID31866	donor_combined_disjoint_clean_reads	k__Bacteria|p__Firmicutes|c__Clostridia|o__Eubacteriales|f__Clostridiaceae|g__Clostridium|s__Clostridium_sp_Marseille_P3244	species	2|1239|186801|186802|31979|1485|1871020	0.01606	0.0001606	assessed	provisional
SID31866	SID31866	donor_combined_disjoint_clean_reads	k__Bacteria|p__Firmicutes|c__Clostridia|o__Lachnospirales|f__Lachnospiraceae|g__Waltera|s__Waltera_acetigignens	species	2|1239|186801|3085636|186803|2815781|2981769	0.015693	0.00015692999999999998	assessed	provisional
SID31866	SID31866	donor_combined_disjoint_clean_reads	k__Bacteria|p__Firmicutes|c__Bacilli|o__Lactobacillales|f__Lactobacillaceae|g__Lactobacillus|s__Lactobacillus_crispatus	species	2|1239|91061|186826|33958|1578|47770	0.015584	0.00015584	assessed	provisional
SID31866	SID31866	donor_combined_disjoint_clean_reads	k__Bacteria|p__Firmicutes|c__CFGB3054|o__OFGB3054|f__FGB3054|g__GGB9715|s__GGB9715_SGB15265	species	2|1239|||||	0.015466	0.00015466	assessed	provisional
SID31866	SID31866	donor_combined_disjoint_clean_reads	k__Bacteria|p__Firmicutes|c__Clostridia|o__Eubacteriales|f__Oscillospiraceae|g__GGB9788|s__GGB9788_SGB15411	species	2|1239|186801|186802|216572||	0.015454	0.00015454	assessed	provisional
SID31866	SID31866	donor_combined_disjoint_clean_reads	k__Bacteria|p__Firmicutes|c__Clostridia|o__Eubacteriales|f__Acutalibacteraceae|g__Anaeromassilibacillus|s__Anaeromassilibacillus_senegalensis	species	2|1239|186801|186802|3082771|1924093|1673717	0.015424	0.00015424000000000001	assessed	provisional
SID31866	SID31866	donor_combined_disjoint_clean_reads	k__Bacteria|p__Firmicutes|c__Clostridia|o__Lachnospirales|f__Lachnospiraceae|g__GGB51491|s__GGB51491_SGB71859	species	2|1239|186801|3085636|186803||	0.015392	0.00015392	assessed	provisional
SID31866	SID31866	donor_combined_disjoint_clean_reads	k__Bacteria|p__Firmicutes|c__Erysipelotrichia|o__Erysipelotrichales|f__Turicibacteraceae|g__Turicibacter|s__Turicibacter_sanguinis	species	2|1239|526524|526525|2810281|191303|154288	0.015262	0.00015261999999999999	assessed	provisional
SID31866	SID31866	donor_combined_disjoint_clean_reads	k__Bacteria|p__Firmicutes|c__Erysipelotrichia|o__Erysipelotrichales|f__Erysipelotrichaceae|g__Massilicoli|s__Massilicoli_timonensis	species	2|1239|526524|526525|128827|2683202|2015901	0.015205	0.00015205	assessed	provisional
SID31866	SID31866	donor_combined_disjoint_clean_reads	k__Bacteria|p__Firmicutes|c__CFGB1765|o__OFGB1765|f__FGB1765|g__GGB4586|s__GGB4586_SGB6344	species	2|1239|||||	0.015185	0.00015185	assessed	provisional
SID31866	SID31866	donor_combined_disjoint_clean_reads	k__Bacteria|p__Firmicutes|c__Clostridia|o__Lachnospirales|f__Lachnospiraceae|g__Lachnoclostridium|s__Clostridium_scindens	species	2|1239|186801|3085636|186803|1506553|29347	0.015105	0.00015105	assessed	provisional
SID31866	SID31866	donor_combined_disjoint_clean_reads	k__Bacteria|p__Firmicutes|c__Clostridia|o__Eubacteriales|f__Clostridiaceae|g__Clostridium|s__Clostridium_SGB6179	species	2|1239|186801|186802|31979|1485|	0.014891	0.00014891	assessed	provisional
SID31866	SID31866	donor_combined_disjoint_clean_reads	k__Bacteria|p__Actinomycetota|c__Actinomycetes|o__Bifidobacteriales|f__Bifidobacteriaceae|g__Bifidobacterium|s__Bifidobacterium_adolescentis	species	2|201174|1760|85004|31953|1678|1680	0.014863	0.00014863	assessed	provisional
SID31866	SID31866	donor_combined_disjoint_clean_reads	k__Bacteria|p__Bacteroidota|c__Bacteroidia|o__Bacteroidales|f__Muribaculaceae|g__GGB74469|s__GGB74469_SGB48267	species	2|976|200643|171549|2005473||	0.014741	0.00014741	assessed	provisional
SID31866	SID31866	donor_combined_disjoint_clean_reads	k__Bacteria|p__Firmicutes|c__Clostridia|o__Eubacteriales|f__Oscillospiraceae|g__GGB9634|s__GGB9634_SGB15093	species	2|1239|186801|186802|216572||	0.014731	0.00014731	assessed	provisional
SID31866	SID31866	donor_combined_disjoint_clean_reads	k__Bacteria|p__Firmicutes|c__CFGB1354|o__OFGB1354|f__FGB1354|g__GGB3304|s__GGB3304_SGB4367	species	2|1239|||||	0.014528	0.00014528	assessed	provisional
SID31866	SID31866	donor_combined_disjoint_clean_reads	k__Bacteria|p__Firmicutes|c__Clostridia|o__Lachnospirales|f__Lachnospiraceae|g__Mediterraneibacter|s__Ruminococcus_lactaris	species	2|1239|186801|3085636|186803|2316020|46228	0.014221	0.00014220999999999998	assessed	provisional
SID31866	SID31866	donor_combined_disjoint_clean_reads	k__Bacteria|p__Firmicutes|c__CFGB94810|o__OFGB94810|f__FGB94810|g__GGB40495|s__GGB40495_SGB53479	species	2|1239|||||	0.013661	0.00013661	assessed	provisional
SID31866	SID31866	donor_combined_disjoint_clean_reads	k__Bacteria|p__Firmicutes|c__Bacilli|o__Lactobacillales|f__Streptococcaceae|g__Streptococcus|s__Streptococcus_mutans	species	2|1239|91061|186826|1300|1301|1309	0.01365	0.0001365	assessed	provisional
SID31866	SID31866	donor_combined_disjoint_clean_reads	k__Bacteria|p__Firmicutes|c__Clostridia|o__Eubacteriales|f__Acutalibacteraceae|g__Acutalibacter|s__Acutalibacter_SGB14844	species	2|1239|186801|186802|3082771|1918385|	0.013551	0.00013551	assessed	provisional
SID31866	SID31866	donor_combined_disjoint_clean_reads	k__Bacteria|p__Firmicutes|c__Clostridia|o__Eubacteriales|f__Oscillospiraceae|g__Harryflintia|s__Harryflintia_acetispora	species	2|1239|186801|186802|216572|1892380|1849041	0.013381	0.00013381	assessed	provisional
SID31866	SID31866	donor_combined_disjoint_clean_reads	k__Bacteria|p__Bacteroidota|c__Bacteroidia|o__Bacteroidales|f__Bacteroidaceae|g__Bacteroides|s__Bacteroides_SGB1879	species	2|976|200643|171549|815|816|	0.013363	0.00013363	assessed	provisional
SID31866	SID31866	donor_combined_disjoint_clean_reads	k__Bacteria|p__Firmicutes|c__Clostridia|o__Eubacteriales|f__Oscillospiraceae|g__Ruminococcus|s__Ruminococcus_bromii	species	2|1239|186801|186802|216572|1263|40518	0.013345	0.00013345	assessed	provisional
SID31866	SID31866	donor_combined_disjoint_clean_reads	k__Bacteria|p__Firmicutes|c__CFGB3054|o__OFGB3054|f__FGB3054|g__GGB35551|s__GGB35551_SGB66195	species	2|1239|||||	0.013292	0.00013292	assessed	provisional
SID31866	SID31866	donor_combined_disjoint_clean_reads	k__Bacteria|p__Firmicutes|c__Bacilli|o__Lactobacillales|f__Streptococcaceae|g__Lactococcus|s__Lactococcus_lactis	species	2|1239|91061|186826|1300|1357|1358	0.013286	0.00013286	assessed	provisional
SID31866	SID31866	donor_combined_disjoint_clean_reads	k__Bacteria|p__Firmicutes|c__Clostridia|o__Christensenellales|f__Christensenellaceae|g__Christensenella|s__Christensenella_hongkongensis	species	2|1239|186801|3082768|990719|990721|270498	0.013097	0.00013097	assessed	provisional
SID31866	SID31866	donor_combined_disjoint_clean_reads	k__Bacteria|p__Firmicutes|c__Clostridia|o__Eubacteriales|f__Clostridiaceae|g__Clostridium|s__Clostridium_sp_AM22_11AC	species	2|1239|186801|186802|31979|1485|2293024	0.012662	0.00012662	assessed	provisional
SID31866	SID31866	donor_combined_disjoint_clean_reads	k__Bacteria|p__Firmicutes|c__Clostridia|o__Lachnospirales|f__Lachnospiraceae|g__GGB74412|s__GGB74412_SGB5075	species	2|1239|186801|3085636|186803||	0.012277	0.00012277	assessed	provisional
SID31866	SID31866	donor_combined_disjoint_clean_reads	k__Bacteria|p__Firmicutes|c__Clostridia|o__Eubacteriales|f__Oscillospiraceae|g__GGB3343|s__GGB3343_SGB4423	species	2|1239|186801|186802|216572||	0.012212	0.00012212	assessed	provisional
SID31866	SID31866	donor_combined_disjoint_clean_reads	k__Bacteria|p__Firmicutes|c__Bacilli|o__Lactobacillales|f__Enterococcaceae|g__Enterococcus|s__Enterococcus_durans	species	2|1239|91061|186826|81852|1350|53345	0.012174	0.00012174000000000001	assessed	provisional
SID31866	SID31866	donor_combined_disjoint_clean_reads	k__Bacteria|p__Firmicutes|c__CFGB3057|o__OFGB3057|f__FGB3057|g__GGB32376|s__GGB32376_SGB53512	species	2|1239|||||	0.012094	0.00012094	assessed	provisional
SID31866	SID31866	donor_combined_disjoint_clean_reads	k__Bacteria|p__Actinomycetota|c__Actinomycetes|o__Bifidobacteriales|f__Bifidobacteriaceae|g__Bifidobacterium|s__Bifidobacterium_longum	species	2|201174|1760|85004|31953|1678|216816	0.012056	0.00012056000000000001	assessed	provisional
SID31866	SID31866	donor_combined_disjoint_clean_reads	k__Bacteria|p__Firmicutes|c__Clostridia|o__Eubacteriales|f__Clostridiaceae|g__Clostridium|s__Clostridium_sp_AM49_4BH	species	2|1239|186801|186802|31979|1485|2293035	0.01201	0.00012009999999999999	assessed	provisional
SID31866	SID31866	donor_combined_disjoint_clean_reads	k__Bacteria|p__Firmicutes|c__Clostridia|o__Eubacteriales|f__Oscillospiraceae|g__Vescimonas|s__Vescimonas_SGB15087	species	2|1239|186801|186802|216572|2892396|	0.011897	0.00011897	assessed	provisional
SID31866	SID31866	donor_combined_disjoint_clean_reads	k__Bacteria|p__Bacteroidota|c__Bacteroidia|o__Bacteroidales|f__Rikenellaceae|g__Alistipes|s__Alistipes_ihumii	species	2|976|200643|171549|171550|239759|1470347	0.011632	0.00011632	assessed	provisional
SID31866	SID31866	donor_combined_disjoint_clean_reads	k__Bacteria|p__Firmicutes|c__Clostridia|o__Lachnospirales|f__Lachnospiraceae|g__GGB49409|s__GGB49409_SGB69322	species	2|1239|186801|3085636|186803||	0.011584	0.00011584	assessed	provisional
SID31866	SID31866	donor_combined_disjoint_clean_reads	k__Bacteria|p__Firmicutes|c__Clostridia|o__Eubacteriales|f__Beduinellaceae|g__Beduinella|s__Beduinella_massiliensis	species	2|1239|186801|186802|3151707|3151708|1852363	0.01152	0.00011520000000000001	assessed	provisional
SID31866	SID31866	donor_combined_disjoint_clean_reads	k__Bacteria|p__Firmicutes|c__CFGB3038|o__OFGB3038|f__FGB3038|g__GGB9534|s__GGB9534_SGB14937	species	2|1239|||||	0.011426	0.00011426000000000001	assessed	provisional
SID31866	SID31866	donor_combined_disjoint_clean_reads	k__Bacteria|p__Firmicutes|c__Clostridia|o__Lachnospirales|f__Lachnospiraceae|g__Marvinbryantia|s__Marvinbryantia_SGB4691	species	2|1239|186801|3085636|186803|248744|	0.011397	0.00011397	assessed	provisional
SID31866	SID31866	donor_combined_disjoint_clean_reads	k__Bacteria|p__Firmicutes|c__Clostridia|o__Lachnospirales|f__Lachnospiraceae|g__Hungatella|s__Hungatella_hathewayi	species	2|1239|186801|3085636|186803|1649459|154046	0.011391	0.00011391	assessed	provisional
SID31866	SID31866	donor_combined_disjoint_clean_reads	k__Bacteria|p__Firmicutes|c__Clostridia|o__Lachnospirales|f__Lachnospiraceae|g__Blautia|s__Blautia_schinkii	species	2|1239|186801|3085636|186803|572511|180164	0.011142	0.00011142000000000001	assessed	provisional
SID31866	SID31866	donor_combined_disjoint_clean_reads	k__Bacteria|p__Firmicutes|c__Clostridia|o__Eubacteriales|f__Oscillospiraceae|g__Oscillospiraceae_unclassified|s__Oscillospiraceae_bacterium	species	2|1239|186801|186802|216572||2485925	0.010875	0.00010874999999999999	assessed	provisional
SID31866	SID31866	donor_combined_disjoint_clean_reads	k__Bacteria|p__Firmicutes|c__Clostridia|o__Lachnospirales|f__Lachnospiraceae|g__GGB3593|s__GGB3593_SGB4817	species	2|1239|186801|3085636|186803||	0.010689	0.00010689	assessed	provisional
SID31866	SID31866	donor_combined_disjoint_clean_reads	k__Bacteria|p__Actinomycetota|c__Actinomycetes|o__Micrococcales|f__Promicromonosporaceae|g__Isoptericola|s__Isoptericola_variabilis	species	2|201174|1760|85006|85017|254250|139208	0.010641	0.00010640999999999999	assessed	provisional
SID31866	SID31866	donor_combined_disjoint_clean_reads	k__Bacteria|p__Firmicutes|c__Clostridia|o__Eubacteriales|f__Oscillospiraceae|g__GGB9787|s__GGB9787_SGB15410	species	2|1239|186801|186802|216572||	0.010633	0.00010633000000000001	assessed	provisional
SID31866	SID31866	donor_combined_disjoint_clean_reads	k__Bacteria|p__Firmicutes|c__Bacilli|o__Lactobacillales|f__Lactobacillaceae|g__Lactobacillus|s__Lactobacillus_paragasseri	species	2|1239|91061|186826|33958|1578|2107999	0.010628	0.00010628	assessed	provisional
SID31866	SID31866	donor_combined_disjoint_clean_reads	k__Bacteria|p__Firmicutes|c__Clostridia|o__Eubacteriales|f__Oscillospiraceae|g__GGB9699|s__GGB9699_SGB15216	species	2|1239|186801|186802|216572||	0.010456	0.00010456	assessed	provisional
SID31866	SID31866	donor_combined_disjoint_clean_reads	k__Bacteria|p__Firmicutes|c__Bacilli|o__Lactobacillales|f__Streptococcaceae|g__Streptococcus|s__Streptococcus_vestibularis	species	2|1239|91061|186826|1300|1301|1343	0.010385	0.00010385	assessed	provisional
SID31866	SID31866	donor_combined_disjoint_clean_reads	k__Bacteria|p__Firmicutes|c__Clostridia|o__Eubacteriales|f__Beduinellaceae|g__GGB9759|s__GGB9759_SGB15370	species	2|1239|186801|186802|3151707||	0.010226	0.00010226000000000001	assessed	provisional
SID31866	SID31866	donor_combined_disjoint_clean_reads	k__Bacteria|p__Firmicutes|c__Clostridia|o__Lachnospirales|f__Lachnospiraceae|g__Roseburia|s__Roseburia_amylophila	species	2|1239|186801|3085636|186803|841|2981794	0.010032	0.00010031999999999999	assessed	provisional
SID31866	SID31866	donor_combined_disjoint_clean_reads	k__Bacteria|p__Firmicutes|c__Clostridia|o__Eubacteriales|f__Oscillospiraceae|g__Oscillospiraceae_unclassified|s__Oscillospiraceae_bacterium_Marseille_Q3528	species	2|1239|186801|186802|216572||2830655	0.009989	9.989e-05	assessed	provisional
SID31866	SID31866	donor_combined_disjoint_clean_reads	k__Bacteria|p__Firmicutes|c__Clostridia|o__Eubacteriales|f__Bianqueaceae|g__Bianquea|s__Bianquea_SGB71281	species	2|1239|186801|186802|2944142|2944146|	0.009836	9.835999999999999e-05	assessed	provisional
SID31866	SID31866	donor_combined_disjoint_clean_reads	k__Bacteria|p__Firmicutes|c__CFGB2984|o__OFGB2984|f__FGB2984|g__GGB9347|s__GGB9347_SGB14313	species	2|1239|||||	0.00983	9.83e-05	assessed	provisional
SID31866	SID31866	donor_combined_disjoint_clean_reads	k__Bacteria|p__Firmicutes|c__CFGB72728|o__OFGB72728|f__FGB72728|g__GGB74463|s__GGB74463_SGB54347	species	2|1239|||||	0.009543	9.543e-05	assessed	provisional
SID31866	SID31866	donor_combined_disjoint_clean_reads	k__Bacteria|p__Bacteroidota|c__Bacteroidia|o__Bacteroidales|f__Bacteroidaceae|g__Bacteroides|s__Bacteroides_faecis	species	2|976|200643|171549|815|816|674529	0.009511	9.511e-05	assessed	provisional
SID31866	SID31866	donor_combined_disjoint_clean_reads	k__Bacteria|p__Pseudomonadota|c__Gammaproteobacteria|o__Enterobacterales|f__Enterobacteriaceae|g__Klebsiella|s__Klebsiella_pneumoniae	species	2|1224|1236|91347|543|570|573	0.009272	9.272e-05	assessed	provisional
SID31866	SID31866	donor_combined_disjoint_clean_reads	k__Bacteria|p__Firmicutes|c__Bacilli|o__Lactobacillales|f__Lactobacillaceae|g__Lacticaseibacillus|s__Lacticaseibacillus_rhamnosus	species	2|1239|91061|186826|33958|2759736|47715	0.009222	9.222e-05	assessed	provisional
SID31866	SID31866	donor_combined_disjoint_clean_reads	k__Bacteria|p__Mycoplasmatota|c__CFGB94683|o__OFGB94683|f__FGB94683|g__GGB4768|s__GGB4768_SGB6601	species	2|544448|||||	0.009085	9.085e-05	assessed	provisional
SID31866	SID31866	donor_combined_disjoint_clean_reads	k__Bacteria|p__Bacteroidota|c__Bacteroidia|o__Bacteroidales|f__Odoribacteraceae|g__Butyricimonas|s__Butyricimonas_paravirosa	species	2|976|200643|171549|1853231|574697|1472417	0.008942	8.942000000000001e-05	assessed	provisional
SID31866	SID31866	donor_combined_disjoint_clean_reads	k__Bacteria|p__Firmicutes|c__Clostridia|o__Lachnospirales|f__Lachnospiraceae|g__GGB3627|s__GGB3627_SGB4906	species	2|1239|186801|3085636|186803||	0.008745	8.745e-05	assessed	provisional
SID31866	SID31866	donor_combined_disjoint_clean_reads	k__Bacteria|p__Firmicutes|c__Bacillota_unclassified|o__Bacillota_unclassified|f__Bacillota_unclassified|g__Bacillota_unclassified|s__Bacillota_unclassified_SGB3983	species	2|1239|||||	0.008739	8.739e-05	assessed	provisional
SID31866	SID31866	donor_combined_disjoint_clean_reads	k__Bacteria|p__Firmicutes|c__Erysipelotrichia|o__Erysipelotrichales|f__Coprobacillaceae|g__Thomasclavelia|s__Thomasclavelia_ramosa	species	2|1239|526524|526525|2810280|3025755|1547	0.008668	8.668e-05	assessed	provisional
SID31866	SID31866	donor_combined_disjoint_clean_reads	k__Bacteria|p__Firmicutes|c__Clostridia|o__Eubacteriales|f__Oscillospiraceae|g__GGB9781|s__GGB9781_SGB63161	species	2|1239|186801|186802|216572||	0.008441	8.441e-05	assessed	provisional
SID31866	SID31866	donor_combined_disjoint_clean_reads	k__Bacteria|p__Firmicutes|c__Clostridia|o__Lachnospirales|f__Lachnospiraceae|g__Coprococcus|s__Coprococcus_eutactus	species	2|1239|186801|3085636|186803|33042|33043	0.008381	8.381e-05	assessed	provisional
SID31866	SID31866	donor_combined_disjoint_clean_reads	k__Bacteria|p__Firmicutes|c__Clostridia|o__Lachnospirales|f__Lachnospiraceae|g__Roseburia|s__Roseburia_intestinalis	species	2|1239|186801|3085636|186803|841|166486	0.008299	8.299e-05	assessed	provisional
SID31866	SID31866	donor_combined_disjoint_clean_reads	k__Bacteria|p__Firmicutes|c__Clostridia|o__Eubacteriales|f__Oscillospiraceae|g__GGB128262|s__GGB128262_SGB160038	species	2|1239|186801|186802|216572||	0.008255	8.255e-05	assessed	provisional
SID31866	SID31866	donor_combined_disjoint_clean_reads	k__Bacteria|p__Firmicutes|c__Erysipelotrichia|o__Erysipelotrichales|f__Erysipelotrichaceae|g__Erysipelotrichaceae_unclassified|s__Clostridium_innocuum	species	2|1239|526524|526525|128827||1522	0.008254	8.253999999999999e-05	assessed	provisional
SID31866	SID31866	donor_combined_disjoint_clean_reads	k__Bacteria|p__Candidatus_Melainabacteria|c__CFGB2106|o__OFGB2106|f__FGB2106|g__GGB5979|s__GGB5979_SGB8597	species	2|1798710|||||	0.008186	8.186e-05	assessed	provisional
SID31866	SID31866	donor_combined_disjoint_clean_reads	k__Bacteria|p__Firmicutes|c__Erysipelotrichia|o__Erysipelotrichales|f__Erysipelotrichaceae|g__Holdemanella|s__Holdemanella_porci	species	2|1239|526524|526525|128827|1573535|2652276	0.007969	7.969e-05	assessed	provisional
SID31866	SID31866	donor_combined_disjoint_clean_reads	k__Bacteria|p__Firmicutes|c__Clostridia|o__Eubacteriales|f__Eubacteriaceae|g__Eubacterium|s__Eubacterium_segne	species	2|1239|186801|186802|186806|1730|2763045	0.007921	7.921e-05	assessed	provisional
SID31866	SID31866	donor_combined_disjoint_clean_reads	k__Bacteria|p__Firmicutes|c__Clostridia|o__Eubacteriales|f__Oscillospiraceae|g__Hydrogenoanaerobacterium|s__Hydrogenoanaerobacterium_saccharovorans	species	2|1239|186801|186802|216572|596767|474960	0.007801	7.801e-05	assessed	provisional
SID31866	SID31866	donor_combined_disjoint_clean_reads	k__Bacteria|p__Firmicutes|c__Erysipelotrichia|o__Erysipelotrichales|f__Erysipelotrichaceae|g__Holdemania|s__Holdemania_filiformis	species	2|1239|526524|526525|128827|61170|61171	0.007781	7.781e-05	assessed	provisional
SID31866	SID31866	donor_combined_disjoint_clean_reads	k__Bacteria|p__Firmicutes|c__Clostridia|o__Eubacteriales|f__Clostridiaceae|g__GGB42639|s__GGB42639_SGB59836	species	2|1239|186801|186802|31979||	0.0077	7.7e-05	assessed	provisional
SID31866	SID31866	donor_combined_disjoint_clean_reads	k__Bacteria|p__Firmicutes|c__CFGB1776|o__OFGB1776|f__FGB1776|g__GGB4684|s__GGB4684_SGB6478	species	2|1239|||||	0.007503	7.503e-05	assessed	provisional
SID31866	SID31866	donor_combined_disjoint_clean_reads	k__Bacteria|p__Firmicutes|c__Clostridia|o__Eubacteriales|f__Clostridiaceae|g__Clostridium|s__Clostridium_SGB6173	species	2|1239|186801|186802|31979|1485|	0.007442	7.442e-05	assessed	provisional
SID31866	SID31866	donor_combined_disjoint_clean_reads	k__Bacteria|p__Firmicutes|c__CFGB72924|o__OFGB72924|f__FGB72924|g__GGB3612|s__GGB3612_SGB4882	species	2|1239|||||	0.007396	7.396e-05	assessed	provisional
SID31866	SID31866	donor_combined_disjoint_clean_reads	k__Bacteria|p__Firmicutes|c__Bacilli|o__Lactobacillales|f__Lactobacillaceae|g__Ligilactobacillus|s__Ligilactobacillus_salivarius	species	2|1239|91061|186826|33958|2767887|1624	0.007276	7.276e-05	assessed	provisional
SID31866	SID31866	donor_combined_disjoint_clean_reads	k__Bacteria|p__Firmicutes|c__Negativicutes|o__Selenomonadales|f__Selenomonadaceae|g__Megamonas|s__Megamonas_funiformis	species	2|1239|909932|909929|1843491|158846|437897	0.00726	7.26e-05	assessed	provisional
SID31866	SID31866	donor_combined_disjoint_clean_reads	k__Bacteria|p__Bacteroidota|c__Bacteroidia|o__Bacteroidales|f__Muribaculaceae|g__GGB27923|s__GGB27923_SGB40361	species	2|976|200643|171549|2005473||	0.007239	7.239e-05	assessed	provisional
SID31866	SID31866	donor_combined_disjoint_clean_reads	k__Bacteria|p__Firmicutes|c__Clostridia|o__Eubacteriales|f__Oscillospiraceae|g__Lawsonibacter|s__Lawsonibacter_celer	species	2|1239|186801|186802|216572|2172004|2986526	0.007232	7.232e-05	assessed	provisional
SID31866	SID31866	donor_combined_disjoint_clean_reads	k__Bacteria|p__Firmicutes|c__CFGB82250|o__OFGB82250|f__FGB82250|g__GGB9350|s__GGB9350_SGB14317	species	2|1239|||||	0.007195	7.195e-05	assessed	provisional
SID31866	SID31866	donor_combined_disjoint_clean_reads	k__Bacteria|p__Firmicutes|c__Clostridia|o__Eubacteriales|f__Eubacteriales_unclassified|g__Gemmiger|s__Gemmiger_SGB15295	species	2|1239|186801|186802||204475|	0.007175	7.175e-05	assessed	provisional
SID31866	SID31866	donor_combined_disjoint_clean_reads	k__Bacteria|p__Firmicutes|c__CFGB1320|o__OFGB1320|f__FGB1320|g__GGB3160|s__GGB3160_SGB4174	species	2|1239|||||	0.007127	7.127e-05	assessed	provisional
SID31866	SID31866	donor_combined_disjoint_clean_reads	k__Bacteria|p__Firmicutes|c__Clostridia|o__Eubacteriales|f__Eubacteriaceae|g__Eubacterium|s__Eubacterium_album	species	2|1239|186801|186802|186806|1730|2978477	0.006951	6.951e-05	assessed	provisional
SID31866	SID31866	donor_combined_disjoint_clean_reads	k__Bacteria|p__Firmicutes|c__Clostridia|o__Lachnospirales|f__Lachnospiraceae|g__Mediterraneibacter|s__Mediterraneibacter_gnavus	species	2|1239|186801|3085636|186803|2316020|33038	0.006867	6.867e-05	assessed	provisional
SID31866	SID31866	donor_combined_disjoint_clean_reads	k__Bacteria|p__Firmicutes|c__CFGB2952|o__OFGB2952|f__FGB2952|g__GGB9293|s__GGB9293_SGB14250	species	2|1239|||||	0.006687	6.687e-05	assessed	provisional
SID31866	SID31866	donor_combined_disjoint_clean_reads	k__Bacteria|p__Firmicutes|c__Negativicutes|o__Acidaminococcales|f__Acidaminococcaceae|g__Phascolarctobacterium|s__Phascolarctobacterium_succinatutens	species	2|1239|909932|1843488|909930|33024|626940	0.006623	6.623000000000001e-05	assessed	provisional
SID31866	SID31866	donor_combined_disjoint_clean_reads	k__Bacteria|p__Firmicutes|c__Erysipelotrichia|o__Erysipelotrichales|f__Turicibacteraceae|g__Turicibacter|s__Turicibacter_bilis	species	2|1239|526524|526525|2810281|191303|2735723	0.006572	6.572e-05	assessed	provisional
SID31866	SID31866	donor_combined_disjoint_clean_reads	k__Bacteria|p__Firmicutes|c__Bacilli|o__Lactobacillales|f__Enterococcaceae|g__Enterococcus|s__Enterococcus_faecalis	species	2|1239|91061|186826|81852|1350|1351	0.006493	6.492999999999999e-05	assessed	provisional
SID31866	SID31866	donor_combined_disjoint_clean_reads	k__Bacteria|p__Firmicutes|c__Clostridia|o__Eubacteriales|f__Oscillospiraceae|g__GGB79104|s__GGB79104_SGB105821	species	2|1239|186801|186802|216572||	0.006179	6.178999999999999e-05	assessed	provisional
SID31866	SID31866	donor_combined_disjoint_clean_reads	k__Bacteria|p__Firmicutes|c__CFGB1011|o__OFGB1011|f__FGB1011|g__GGB2653|s__GGB2653_SGB3574	species	2|1239|||||	0.005949	5.949e-05	assessed	provisional
SID31866	SID31866	donor_combined_disjoint_clean_reads	k__Bacteria|p__Firmicutes|c__CFGB49665|o__OFGB49665|f__FGB49665|g__GGB52022|s__GGB52022_SGB72690	species	2|1239|||||	0.00589	5.89e-05	assessed	provisional
SID31866	SID31866	donor_combined_disjoint_clean_reads	k__Bacteria|p__Firmicutes|c__CFGB2920|o__OFGB2920|f__FGB2920|g__GGB9242|s__GGB9242_SGB14184	species	2|1239|||||	0.005868	5.868e-05	assessed	provisional
SID31866	SID31866	donor_combined_disjoint_clean_reads	k__Bacteria|p__Firmicutes|c__CFGB1380|o__OFGB1380|f__FGB1380|g__GGB3363|s__GGB3363_SGB4447	species	2|1239|||||	0.005773	5.7730000000000005e-05	assessed	provisional
SID31866	SID31866	donor_combined_disjoint_clean_reads	k__Bacteria|p__Firmicutes|c__Clostridia|o__Eubacteriales|f__Acutalibacteraceae|g__GGB38744|s__GGB38744_SGB14842	species	2|1239|186801|186802|3082771||	0.005692	5.692e-05	assessed	provisional
SID31866	SID31866	donor_combined_disjoint_clean_reads	k__Bacteria|p__Bacteroidota|c__Bacteroidia|o__Bacteroidales|f__Prevotellaceae|g__Prevotella|s__Prevotella_intermedia	species	2|976|200643|171549|171552|838|28131	0.00566	5.66e-05	assessed	provisional
SID31866	SID31866	donor_combined_disjoint_clean_reads	k__Bacteria|p__Firmicutes|c__Clostridia|o__Peptostreptococcales|f__Peptostreptococcaceae|g__Intestinibacter|s__Intestinibacter_bartlettii	species	2|1239|186801|3082720|186804|1505657|261299	0.005566	5.566e-05	assessed	provisional
SID31866	SID31866	donor_combined_disjoint_clean_reads	k__Bacteria|p__Firmicutes|c__Clostridia|o__Eubacteriales|f__Oscillospiraceae|g__Faecalibacterium|s__Faecalibacterium_wellingii	species	2|1239|186801|186802|216572|216851|2929491	0.005538	5.538e-05	assessed	provisional
SID31866	SID31866	donor_combined_disjoint_clean_reads	k__Bacteria|p__Firmicutes|c__Clostridia|o__Lachnospirales|f__Lachnospiraceae|g__Faecalicatena|s__Faecalicatena_contorta	species	2|1239|186801|3085636|186803|2005359|39482	0.005446	5.4460000000000004e-05	assessed	provisional
SID31866	SID31866	donor_combined_disjoint_clean_reads	k__Bacteria|p__Firmicutes|c__Clostridia|o__Lachnospirales|f__Lachnospiraceae|g__Hominifimenecus|s__Hominifimenecus_microfluidus	species	2|1239|186801|3085636|186803|3073585|2885348	0.005446	5.4460000000000004e-05	assessed	provisional
SID31866	SID31866	donor_combined_disjoint_clean_reads	k__Bacteria|p__Firmicutes|c__Clostridia|o__Eubacteriales|f__Oscillospiraceae|g__GGB9634|s__GGB9634_SGB15095	species	2|1239|186801|186802|216572||	0.005435	5.435e-05	assessed	provisional
SID31866	SID31866	donor_combined_disjoint_clean_reads	k__Bacteria|p__Firmicutes|c__Clostridia|o__Eubacteriales|f__Eubacteriales_Family_XIII_Incertae_Sedis|g__GGB41963|s__GGB41963_SGB59071	species	2|1239|186801|186802|543314||	0.005256	5.2560000000000005e-05	assessed	provisional
SID31866	SID31866	donor_combined_disjoint_clean_reads	k__Bacteria|p__Bacteroidota|c__Bacteroidia|o__Bacteroidales|f__Muribaculaceae|g__GGB1497|s__GGB1497_SGB2076	species	2|976|200643|171549|2005473||	0.005197	5.1970000000000006e-05	assessed	provisional
SID31866	SID31866	donor_combined_disjoint_clean_reads	k__Bacteria|p__Firmicutes|c__Bacillota_unclassified|o__Bacillota_unclassified|f__Bacillota_unclassified|g__Negativibacillus|s__Negativibacillus_massiliensis	species	2|1239||||1980693|1871035	0.005133	5.1330000000000005e-05	assessed	provisional
SID31866	SID31866	donor_combined_disjoint_clean_reads	k__Bacteria|p__Verrucomicrobiota|c__Verrucomicrobiia|o__Verrucomicrobiales|f__Akkermansiaceae|g__Akkermansia|s__Akkermansia_biwaensis	species	2|74201|203494|48461|1647988|239934|2946555	0.005089	5.0889999999999996e-05	assessed	provisional
SID31866	SID31866	donor_combined_disjoint_clean_reads	k__Bacteria|p__Firmicutes|c__Clostridia|o__Eubacteriales|f__Clostridiaceae|g__Clostridiaceae_unclassified|s__Clostridiaceae_bacterium_AF18_31LB	species	2|1239|186801|186802|31979||2292182	0.004987	4.987e-05	assessed	provisional
SID31866	SID31866	donor_combined_disjoint_clean_reads	k__Bacteria|p__Bacteroidota|c__Bacteroidia|o__Bacteroidales|f__Bacteroidaceae|g__Phocaeicola|s__Phocaeicola_plebeius	species	2|976|200643|171549|815|909656|310297	0.00495	4.9500000000000004e-05	assessed	provisional
SID31866	SID31866	donor_combined_disjoint_clean_reads	k__Bacteria|p__Firmicutes|c__Clostridia|o__Lachnospirales|f__Lachnospiraceae|g__Lachnospira|s__Lachnospira_hominis_ex_Liu_et_al_2021	species	2|1239|186801|3085636|186803|28050|2763051	0.004875	4.875e-05	assessed	provisional
SID31866	SID31866	donor_combined_disjoint_clean_reads	k__Bacteria|p__Firmicutes|c__CFGB93863|o__OFGB93863|f__FGB93863|g__GGB45613|s__GGB45613_SGB63326	species	2|1239|||||	0.004851	4.851e-05	assessed	provisional
SID31866	SID31866	donor_combined_disjoint_clean_reads	k__Bacteria|p__Firmicutes|c__Bacilli|o__Lactobacillales|f__Streptococcaceae|g__Streptococcus|s__Streptococcus_sanguinis	species	2|1239|91061|186826|1300|1301|1305	0.004762	4.7619999999999995e-05	assessed	provisional
SID31866	SID31866	donor_combined_disjoint_clean_reads	k__Bacteria|p__Firmicutes|c__Clostridia|o__Peptostreptococcales|f__Anaerovoracaceae|g__Bacilliculturomica|s__Bacilliculturomica_massiliensis	species	2|1239|186801|3082720|3030910|2005387|1917867	0.004644	4.6439999999999996e-05	assessed	provisional
SID31866	SID31866	donor_combined_disjoint_clean_reads	k__Bacteria|p__Firmicutes|c__Bacilli|o__Lactobacillales|f__Lactobacillaceae|g__Lactobacillus|s__Lactobacillus_delbrueckii	species	2|1239|91061|186826|33958|1578|1584	0.004643	4.643e-05	assessed	provisional
SID31866	SID31866	donor_combined_disjoint_clean_reads	k__Bacteria|p__Actinomycetota|c__Actinomycetes|o__Actinomycetales|f__Actinomycetaceae|g__Actinomyces|s__Actinomyces_oris	species	2|201174|1760|2037|2049|1654|544580	0.004536	4.536e-05	assessed	provisional
SID31866	SID31866	donor_combined_disjoint_clean_reads	k__Bacteria|p__Pseudomonadota|c__Betaproteobacteria|o__Burkholderiales|f__Sutterellaceae|g__Parasutterella|s__Parasutterella_excrementihominis	species	2|1224|28216|80840|995019|577310|487175	0.004462	4.4619999999999996e-05	assessed	provisional
SID31866	SID31866	donor_combined_disjoint_clean_reads	k__Bacteria|p__Firmicutes|c__CFGB8294|o__OFGB8294|f__FGB8294|g__GGB9328|s__GGB9328_SGB14291	species	2|1239|||||	0.004434	4.434e-05	assessed	provisional
SID31866	SID31866	donor_combined_disjoint_clean_reads	k__Bacteria|p__Firmicutes|c__Clostridia|o__Eubacteriales|f__Clostridiaceae|g__Clostridium|s__Clostridium_saudiense	species	2|1239|186801|186802|31979|1485|1414720	0.004373	4.373e-05	assessed	provisional
SID31866	SID31866	donor_combined_disjoint_clean_reads	k__Bacteria|p__Firmicutes|c__CFGB8301|o__OFGB8301|f__FGB8301|g__GGB25400|s__GGB25400_SGB37351	species	2|1239|||||	0.004295	4.295e-05	assessed	provisional
SID31866	SID31866	donor_combined_disjoint_clean_reads	k__Bacteria|p__Firmicutes|c__Bacilli|o__Lactobacillales|f__Carnobacteriaceae|g__Granulicatella|s__Granulicatella_adiacens	species	2|1239|91061|186826|186828|117563|46124	0.004293	4.293e-05	assessed	provisional
SID31866	SID31866	donor_combined_disjoint_clean_reads	k__Bacteria|p__Actinomycetota|c__Coriobacteriia|o__Eggerthellales|f__Eggerthellaceae|g__GGB45432|s__GGB45432_SGB63100	species	2|201174|84998|1643822|1643826||	0.004161	4.1609999999999996e-05	assessed	provisional
SID31866	SID31866	donor_combined_disjoint_clean_reads	k__Bacteria|p__Firmicutes|c__Clostridia|o__Eubacteriales|f__Eubacteriales_unclassified|g__Intestinimonas|s__Intestinimonas_butyriciproducens	species	2|1239|186801|186802||1392389|1297617	0.004029	4.0289999999999995e-05	assessed	provisional
SID31866	SID31866	donor_combined_disjoint_clean_reads	k__Bacteria|p__Firmicutes|c__Clostridia|o__Lachnospirales|f__Lachnospiraceae|g__Lachnoclostridium|s__Lachnoclostridium_sp_An131	species	2|1239|186801|3085636|186803|1506553|1965555	0.004009	4.0090000000000004e-05	assessed	provisional
SID31866	SID31866	donor_combined_disjoint_clean_reads	k__Bacteria|p__Firmicutes|c__Clostridia|o__Eubacteriales|f__Oscillospiraceae|g__GGB9646|s__GGB9646_SGB15123	species	2|1239|186801|186802|216572||	0.003964	3.963999999999999e-05	assessed	provisional
SID31866	SID31866	donor_combined_disjoint_clean_reads	k__Bacteria|p__Firmicutes|c__Clostridia|o__Eubacteriales|f__Clostridiaceae|g__Clostridium|s__Clostridium_fessum	species	2|1239|186801|186802|31979|1485|2126740	0.003814	3.8140000000000004e-05	assessed	provisional
SID31866	SID31866	donor_combined_disjoint_clean_reads	k__Bacteria|p__Firmicutes|c__Clostridia|o__Eubacteriales|f__Oscillospiraceae|g__Hominilimicola|s__Hominilimicola_fabiformis	species	2|1239|186801|186802|216572|3073565|2885356	0.003795	3.795e-05	assessed	provisional
SID31866	SID31866	donor_combined_disjoint_clean_reads	k__Bacteria|p__Firmicutes|c__Clostridia|o__Eubacteriales|f__Eubacteriales_Family_XIII_Incertae_Sedis|g__Hominibacterium|s__Hominibacterium_faecale	species	2|1239|186801|186802|543314|3016626|2839743	0.003726	3.726e-05	assessed	provisional
SID31866	SID31866	donor_combined_disjoint_clean_reads	k__Bacteria|p__Firmicutes|c__Clostridia|o__Eubacteriales|f__Butyricicoccaceae|g__Agathobaculum|s__Agathobaculum_faecis	species	2|1239|186801|186802|3085642|2048137|2763013	0.003669	3.669e-05	assessed	provisional
SID31866	SID31866	donor_combined_disjoint_clean_reads	k__Bacteria|p__Firmicutes|c__CFGB3057|o__OFGB3057|f__FGB3057|g__GGB9719|s__GGB9719_SGB15272	species	2|1239|||||	0.003584	3.584e-05	assessed	provisional
SID31866	SID31866	donor_combined_disjoint_clean_reads	k__Bacteria|p__Firmicutes|c__Clostridia|o__Eubacteriales|f__Clostridiaceae|g__GGB3550|s__GGB3550_SGB4746	species	2|1239|186801|186802|31979||	0.00352	3.52e-05	assessed	provisional
SID31866	SID31866	donor_combined_disjoint_clean_reads	k__Bacteria|p__Firmicutes|c__CFGB73178|o__OFGB73178|f__FGB73178|g__GGB38029|s__GGB38029_SGB49188	species	2|1239|||||	0.003504	3.504e-05	assessed	provisional
SID31866	SID31866	donor_combined_disjoint_clean_reads	k__Bacteria|p__Firmicutes|c__Clostridia|o__Eubacteriales|f__Oscillospiraceae|g__Dysosmobacter|s__Dysosmobacter_welbionis	species	2|1239|186801|186802|216572|2591381|2093857	0.003394	3.394e-05	assessed	provisional
SID31866	SID31866	donor_combined_disjoint_clean_reads	k__Bacteria|p__Firmicutes|c__Clostridia|o__Peptostreptococcales|f__Anaerovoracaceae|g__GGB2987|s__GGB2987_SGB3969	species	2|1239|186801|3082720|3030910||	0.003394	3.394e-05	assessed	provisional
SID31866	SID31866	donor_combined_disjoint_clean_reads	k__Bacteria|p__Firmicutes|c__CFGB2942|o__OFGB2942|f__FGB2942|g__GGB9278|s__GGB9278_SGB14230	species	2|1239|||||	0.003379	3.379e-05	assessed	provisional
SID31866	SID31866	donor_combined_disjoint_clean_reads	k__Bacteria|p__Firmicutes|c__Clostridia|o__Eubacteriales|f__Oscillospiraceae|g__Bittarella_ex_Durand_et_al_2017|s__Bittarella_massiliensis_ex_Durand_et_al_2017	species	2|1239|186801|186802|216572|1929297|1720313	0.003355	3.355e-05	assessed	provisional
SID31866	SID31866	donor_combined_disjoint_clean_reads	k__Bacteria|p__Firmicutes|c__CFGB3057|o__OFGB3057|f__FGB3057|g__GGB9719|s__GGB9719_SGB15273	species	2|1239|||||	0.003303	3.303e-05	assessed	provisional
SID31866	SID31866	donor_combined_disjoint_clean_reads	k__Bacteria|p__Firmicutes|c__CFGB88483|o__OFGB88483|f__FGB88483|g__GGB9291|s__GGB9291_SGB14248	species	2|1239|||||	0.00315	3.15e-05	assessed	provisional
SID31866	SID31866	donor_combined_disjoint_clean_reads	k__Bacteria|p__Actinomycetota|c__Actinomycetes|o__Bifidobacteriales|f__Bifidobacteriaceae|g__Bifidobacterium|s__Bifidobacterium_dentium	species	2|201174|1760|85004|31953|1678|1689	0.003134	3.134e-05	assessed	provisional
SID31866	SID31866	donor_combined_disjoint_clean_reads	k__Bacteria|p__Bacteroidota|c__Bacteroidia|o__Bacteroidales|f__Rikenellaceae|g__Alistipes|s__Alistipes_dispar	species	2|976|200643|171549|171550|239759|2585119	0.002986	2.986e-05	assessed	provisional
SID31866	SID31866	donor_combined_disjoint_clean_reads	k__Bacteria|p__Thermodesulfobacteriota|c__Desulfovibrionia|o__Desulfovibrionales|f__Desulfovibrionaceae|g__GGB9818|s__GGB9818_SGB15459	species	2|200940|3031449|213115|194924||	0.002932	2.932e-05	assessed	provisional
SID31866	SID31866	donor_combined_disjoint_clean_reads	k__Bacteria|p__Firmicutes|c__Bacilli|o__Lactobacillales|f__Streptococcaceae|g__Streptococcus|s__Streptococcus_oralis	species	2|1239|91061|186826|1300|1301|1303	0.002856	2.856e-05	assessed	provisional
SID31866	SID31866	donor_combined_disjoint_clean_reads	k__Bacteria|p__Firmicutes|c__Clostridia|o__Eubacteriales|f__Oscillospiraceae|g__GGB9697|s__GGB9697_SGB15213	species	2|1239|186801|186802|216572||	0.00282	2.82e-05	assessed	provisional
SID31866	SID31866	donor_combined_disjoint_clean_reads	k__Bacteria|p__Firmicutes|c__Clostridia|o__Eubacteriales|f__Oscillospiraceae|g__Qingrenia|s__Qingrenia_yutianensis	species	2|1239|186801|186802|216572|2983459|2763676	0.002785	2.7850000000000003e-05	assessed	provisional
SID31866	SID31866	donor_combined_disjoint_clean_reads	k__Bacteria|p__Bacteroidota|c__Bacteroidia|o__Bacteroidales|f__Porphyromonadaceae|g__Porphyromonas|s__Porphyromonas_vaginalis	species	2|976|200643|171549|171551|836|3044325	0.002698	2.698e-05	assessed	provisional
SID31866	SID31866	donor_combined_disjoint_clean_reads	k__Bacteria|p__Firmicutes|c__CFGB3054|o__OFGB3054|f__FGB3054|g__GGB9715|s__GGB9715_SGB15260	species	2|1239|||||	0.0026	2.6e-05	assessed	provisional
SID31866	SID31866	donor_combined_disjoint_clean_reads	k__Bacteria|p__Firmicutes|c__Negativicutes|o__Veillonellales|f__Veillonellaceae|g__Veillonella|s__Veillonella_parvula	species	2|1239|909932|1843489|31977|29465|29466	0.002543	2.5430000000000002e-05	assessed	provisional
SID31866	SID31866	donor_combined_disjoint_clean_reads	k__Bacteria|p__Firmicutes|c__Clostridia|o__Eubacteriales|f__Oscillospiraceae|g__Ruminococcus|s__Ruminococcus_bicirculans_ex_Wegman_et_al_2014	species	2|1239|186801|186802|216572|1263|1160721	0.002516	2.516e-05	assessed	provisional
SID31866	SID31866	donor_combined_disjoint_clean_reads	k__Bacteria|p__Firmicutes|c__Erysipelotrichia|o__Erysipelotrichales|f__Erysipelotrichaceae|g__Erysipelotrichaceae_unclassified|s__Erysipelotrichaceae_bacterium_7770_A6	species	2|1239|526524|526525|128827||2290870	0.002309	2.3089999999999997e-05	assessed	provisional
SID31866	SID31866	donor_combined_disjoint_clean_reads	k__Bacteria|p__Firmicutes|c__Clostridia|o__Eubacteriales|f__Oscillospiraceae|g__Anaerotruncus|s__Anaerotruncus_SGB14964	species	2|1239|186801|186802|216572|244127|	0.002239	2.239e-05	assessed	provisional
SID31866	SID31866	donor_combined_disjoint_clean_reads	k__Bacteria|p__Bacteroidota|c__CFGB658|o__OFGB658|f__FGB658|g__GGB1627|s__GGB1627_SGB2230	species	2|976|||||	0.002233	2.233e-05	assessed	provisional
SID31866	SID31866	donor_combined_disjoint_clean_reads	k__Bacteria|p__Firmicutes|c__CFGB73902|o__OFGB73902|f__FGB73902|g__GGB4689|s__GGB4689_SGB6486	species	2|1239|||||	0.002183	2.183e-05	assessed	provisional
SID31866	SID31866	donor_combined_disjoint_clean_reads	k__Bacteria|p__Firmicutes|c__Clostridia|o__Lachnospirales|f__Lachnospiraceae|g__Butyribacter|s__Butyribacter_intestini	species	2|1239|186801|3085636|186803|2822463|1703332	0.002176	2.176e-05	assessed	provisional
SID31866	SID31866	donor_combined_disjoint_clean_reads	k__Bacteria|p__Firmicutes|c__Clostridia|o__Eubacteriales|f__Eubacteriaceae|g__GGB3277|s__GGB3277_SGB4327	species	2|1239|186801|186802|186806||	0.002156	2.156e-05	assessed	provisional
SID31866	SID31866	donor_combined_disjoint_clean_reads	k__Bacteria|p__Actinomycetota|c__Actinomycetes|o__Bifidobacteriales|f__Bifidobacteriaceae|g__Bifidobacterium|s__Bifidobacterium_bifidum	species	2|201174|1760|85004|31953|1678|1681	0.002137	2.137e-05	assessed	provisional
SID31866	SID31866	donor_combined_disjoint_clean_reads	k__Bacteria|p__Firmicutes|c__CFGB3034|o__OFGB3034|f__FGB3034|g__GGB45614|s__GGB45614_SGB63327	species	2|1239|||||	0.002102	2.1020000000000002e-05	assessed	provisional
SID31866	SID31866	donor_combined_disjoint_clean_reads	k__Bacteria|p__Firmicutes|c__Erysipelotrichia|o__Erysipelotrichales|f__Coprobacillaceae|g__Thomasclavelia|s__Thomasclavelia_spiroformis	species	2|1239|526524|526525|2810280|3025755|29348	0.002101	2.101e-05	assessed	provisional
SID31866	SID31866	donor_combined_disjoint_clean_reads	k__Bacteria|p__Firmicutes|c__Clostridia|o__Eubacteriales|f__Oscillospiraceae|g__GGB140943|s__GGB140943_SGB105863	species	2|1239|186801|186802|216572||	0.00206	2.0600000000000003e-05	assessed	provisional
SID31866	SID31866	donor_combined_disjoint_clean_reads	k__Bacteria|p__Firmicutes|c__Clostridia|o__Eubacteriales|f__Maliibacteriaceae|g__Maliibacterium|s__Maliibacterium_massiliense	species	2|1239|186801|186802|3047432|3047433|2086585	0.002045	2.045e-05	assessed	provisional
SID31866	SID31866	donor_combined_disjoint_clean_reads	k__Bacteria|p__Firmicutes|c__Bacilli|o__Lactobacillales|f__Lactobacillaceae|g__Latilactobacillus|s__Latilactobacillus_sakei	species	2|1239|91061|186826|33958|2767885|1599	0.002041	2.041e-05	assessed	provisional
SID31866	SID31866	donor_combined_disjoint_clean_reads	k__Bacteria|p__Firmicutes|c__Clostridia|o__Eubacteriales|f__Oscillospiraceae|g__Anaerotruncus|s__Anaerotruncus_rubiinfantis	species	2|1239|186801|186802|216572|244127|1720200	0.001965	1.9650000000000003e-05	assessed	provisional
SID31866	SID31866	donor_combined_disjoint_clean_reads	k__Bacteria|p__Firmicutes|c__Clostridia|o__Eubacteriales|f__Oscillospiraceae|g__Oscillibacter|s__Oscillibacter_valericigenes	species	2|1239|186801|186802|216572|459786|351091	0.001938	1.938e-05	assessed	provisional
SID31866	SID31866	donor_combined_disjoint_clean_reads	k__Bacteria|p__Bacteroidota|c__Bacteroidia|o__Bacteroidales|f__Rikenellaceae|g__Alistipes|s__Alistipes_finegoldii	species	2|976|200643|171549|171550|239759|214856	0.001937	1.937e-05	assessed	provisional
SID31866	SID31866	donor_combined_disjoint_clean_reads	k__Bacteria|p__Firmicutes|c__Clostridia|o__Eubacteriales|f__Clostridiaceae|g__GGB3548|s__GGB3548_SGB4744	species	2|1239|186801|186802|31979||	0.001911	1.9109999999999998e-05	assessed	provisional
SID31866	SID31866	donor_combined_disjoint_clean_reads	k__Bacteria|p__Pseudomonadota|c__Betaproteobacteria|o__Burkholderiales|f__Sutterellaceae|g__Sutterella|s__Sutterella_wadsworthensis	species	2|1224|28216|80840|995019|40544|40545	0.001835	1.835e-05	assessed	provisional
SID31866	SID31866	donor_combined_disjoint_clean_reads	k__Bacteria|p__Firmicutes|c__Clostridia|o__Lachnospirales|f__Lachnospiraceae|g__Lachnospiraceae_unclassified|s__Lachnospiraceae_bacterium_AF58_1A	species	2|1239|186801|3085636|186803||2998012	0.001826	1.8259999999999998e-05	assessed	provisional
SID31866	SID31866	donor_combined_disjoint_clean_reads	k__Bacteria|p__Bacteroidota|c__Bacteroidia|o__Bacteroidales|f__Rikenellaceae|g__Alistipes|s__Alistipes_shahii	species	2|976|200643|171549|171550|239759|328814	0.001782	1.782e-05	assessed	provisional
SID31866	SID31866	donor_combined_disjoint_clean_reads	k__Bacteria|p__Firmicutes|c__Clostridia|o__Eubacteriales|f__Oscillospiraceae|g__GGB9708|s__GGB9708_SGB15237	species	2|1239|186801|186802|216572||	0.001741	1.7409999999999998e-05	assessed	provisional
SID31866	SID31866	donor_combined_disjoint_clean_reads	k__Bacteria|p__Bacteroidota|c__CFGB1670|o__OFGB1670|f__FGB1670|g__GGB47687|s__GGB47687_SGB2286	species	2|976|||||	0.0017	1.7e-05	assessed	provisional
SID31866	SID31866	donor_combined_disjoint_clean_reads	k__Bacteria|p__Firmicutes|c__CFGB32310|o__OFGB32310|f__FGB32310|g__GGB128561|s__GGB128561_SGB156440	species	2|1239|||||	0.001696	1.696e-05	assessed	provisional
SID31866	SID31866	donor_combined_disjoint_clean_reads	k__Bacteria|p__Firmicutes|c__CFGB9119|o__OFGB9119|f__FGB9119|g__GGB4651|s__GGB4651_SGB6438	species	2|1239|||||	0.001666	1.666e-05	assessed	provisional
SID31866	SID31866	donor_combined_disjoint_clean_reads	k__Bacteria|p__Firmicutes|c__CFGB3054|o__OFGB3054|f__FGB3054|g__GGB9677|s__GGB9677_SGB15179	species	2|1239|||||	0.001627	1.627e-05	assessed	provisional
SID31866	SID31866	donor_combined_disjoint_clean_reads	k__Bacteria|p__Firmicutes|c__Clostridia|o__Eubacteriales|f__Yeguiaceae|g__Yeguia|s__Yeguia_hominis	species	2|1239|186801|186802|2944140|2944143|2763662	0.001577	1.577e-05	assessed	provisional
SID31866	SID31866	donor_combined_disjoint_clean_reads	k__Bacteria|p__Firmicutes|c__Clostridia|o__Lachnospirales|f__Lachnospiraceae|g__Lachnospira|s__Lachnospira_pectinoschiza	species	2|1239|186801|3085636|186803|28050|28052	0.001513	1.513e-05	assessed	provisional
SID31866	SID31866	donor_combined_disjoint_clean_reads	k__Bacteria|p__Firmicutes|c__CFGB2936|o__OFGB2936|f__FGB2936|g__GGB9266|s__GGB9266_SGB14215	species	2|1239|||||	0.001477	1.4770000000000001e-05	assessed	provisional
SID31866	SID31866	donor_combined_disjoint_clean_reads	k__Bacteria|p__Firmicutes|c__Clostridia|o__Eubacteriales|f__Oscillospiraceae|g__GGB9724|s__GGB9724_SGB15278	species	2|1239|186801|186802|216572||	0.001474	1.4740000000000001e-05	assessed	provisional
SID31866	SID31866	donor_combined_disjoint_clean_reads	k__Bacteria|p__Firmicutes|c__CFGB2930|o__OFGB2930|f__FGB2930|g__GGB9253|s__GGB9253_SGB14199	species	2|1239|||||	0.001468	1.4679999999999998e-05	assessed	provisional
SID31866	SID31866	donor_combined_disjoint_clean_reads	k__Bacteria|p__Firmicutes|c__CFGB3038|o__OFGB3038|f__FGB3038|g__GGB9531|s__GGB9531_SGB14932	species	2|1239|||||	0.001438	1.4380000000000001e-05	assessed	provisional
SID31866	SID31866	donor_combined_disjoint_clean_reads	k__Bacteria|p__Actinomycetota|c__CFGB12107|o__OFGB12107|f__FGB12107|g__GGB34797|s__GGB34797_SGB14322	species	2|201174|||||	0.00143	1.43e-05	assessed	provisional
SID31866	SID31866	donor_combined_disjoint_clean_reads	k__Bacteria|p__Firmicutes|c__CFGB9660|o__OFGB9660|f__FGB9660|g__GGB3490|s__GGB3490_SGB4664	species	2|1239|||||	0.001415	1.415e-05	assessed	provisional
SID31866	SID31866	donor_combined_disjoint_clean_reads	k__Bacteria|p__Firmicutes|c__Clostridia|o__Eubacteriales|f__Clostridiaceae|g__Massilioclostridium|s__Massilioclostridium_coli	species	2|1239|186801|186802|31979|1935927|1870991	0.001384	1.384e-05	assessed	provisional
SID31866	SID31866	donor_combined_disjoint_clean_reads	k__Bacteria|p__Firmicutes|c__Clostridia|o__Eubacteriales|f__Oscillospiraceae|g__Anaerofilum|s__Anaerofilum_hominis	species	2|1239|186801|186802|216572|52784|2763016	0.001346	1.346e-05	assessed	provisional
SID31866	SID31866	donor_combined_disjoint_clean_reads	k__Bacteria|p__Firmicutes|c__Bacilli|o__Lactobacillales|f__Lactobacillaceae|g__Limosilactobacillus|s__Limosilactobacillus_antri	species	2|1239|91061|186826|33958|2742598|227943	0.001321	1.3209999999999999e-05	assessed	provisional
SID31866	SID31866	donor_combined_disjoint_clean_reads	k__Bacteria|p__Bacteroidota|c__Bacteroidia|o__Bacteroidales|f__Prevotellaceae|g__GGB1248|s__GGB1248_SGB1669	species	2|976|200643|171549|171552||	0.001311	1.3110000000000002e-05	assessed	provisional
SID31866	SID31866	donor_combined_disjoint_clean_reads	k__Bacteria|p__Bacteroidota|c__Bacteroidia|o__Bacteroidales|f__Rikenellaceae|g__Alistipes|s__Alistipes_SGB104723	species	2|976|200643|171549|171550|239759|	0.001285	1.2849999999999999e-05	assessed	provisional
SID31866	SID31866	donor_combined_disjoint_clean_reads	k__Bacteria|p__Bacteroidota|c__Bacteroidia|o__Bacteroidales|f__Muribaculaceae|g__GGB1550|s__GGB1550_SGB2135	species	2|976|200643|171549|2005473||	0.001213	1.213e-05	assessed	provisional
SID31866	SID31866	donor_combined_disjoint_clean_reads	k__Bacteria|p__Firmicutes|c__CFGB93803|o__OFGB93803|f__FGB93803|g__GGB3124|s__GGB3124_SGB4136	species	2|1239|||||	0.001211	1.2110000000000001e-05	assessed	provisional
SID31866	SID31866	donor_combined_disjoint_clean_reads	k__Bacteria|p__Firmicutes|c__Clostridia|o__Eubacteriales|f__Clostridiaceae|g__Clostridium|s__Clostridium_sp_AM33_3	species	2|1239|186801|186802|31979|1485|2292304	0.001197	1.1969999999999999e-05	assessed	provisional
SID31866	SID31866	donor_combined_disjoint_clean_reads	k__Bacteria|p__Firmicutes|c__Clostridia|o__Eubacteriales|f__Oscillospiraceae|g__Lawsonibacter|s__Lawsonibacter_faecis	species	2|1239|186801|186802|216572|2172004|2763052	0.001193	1.1930000000000001e-05	assessed	provisional
SID31866	SID31866	donor_combined_disjoint_clean_reads	k__Bacteria|p__Firmicutes|c__Bacilli|o__Lactobacillales|f__Lactobacillaceae|g__Limosilactobacillus|s__Limosilactobacillus_reuteri	species	2|1239|91061|186826|33958|2742598|1598	0.001172	1.1720000000000001e-05	assessed	provisional
SID31866	SID31866	donor_combined_disjoint_clean_reads	k__Bacteria|p__Firmicutes|c__CFGB41334|o__OFGB41334|f__FGB41334|g__GGB42392|s__GGB42392_SGB71394	species	2|1239|||||	0.001132	1.132e-05	assessed	provisional
SID31866	SID31866	donor_combined_disjoint_clean_reads	k__Bacteria|p__Firmicutes|c__CFGB2881|o__OFGB2881|f__FGB2881|g__GGB9185|s__GGB9185_SGB14124	species	2|1239|||||	0.001117	1.117e-05	assessed	provisional
SID31866	SID31866	donor_combined_disjoint_clean_reads	k__Bacteria|p__Firmicutes|c__Negativicutes|o__Veillonellales|f__Veillonellaceae|g__Dialister|s__Dialister_pneumosintes	species	2|1239|909932|1843489|31977|39948|39950	0.001074	1.074e-05	assessed	provisional
SID31866	SID31866	donor_combined_disjoint_clean_reads	k__Bacteria|p__Firmicutes|c__Bacilli|o__Lactobacillales|f__Enterococcaceae|g__Enterococcus|s__Enterococcus_casseliflavus	species	2|1239|91061|186826|81852|1350|37734	0.001046	1.046e-05	assessed	provisional
SID31866	SID31866	donor_combined_disjoint_clean_reads	k__Bacteria|p__Firmicutes|c__CFGB79225|o__OFGB79225|f__FGB79225|g__GGB3287|s__GGB3287_SGB4341	species	2|1239|||||	0.000928	9.28e-06	assessed	provisional
SID31866	SID31866	donor_combined_disjoint_clean_reads	k__Bacteria|p__Firmicutes|c__Clostridia|o__Eubacteriales|f__Oscillospiraceae|g__GGB9730|s__GGB9730_SGB15290	species	2|1239|186801|186802|216572||	0.000887	8.87e-06	assessed	provisional
SID31866	SID31866	donor_combined_disjoint_clean_reads	k__Bacteria|p__Firmicutes|c__Clostridia|o__Eubacteriales|f__Oscillospiraceae|g__Flavonifractor|s__Flavonifractor_plautii	species	2|1239|186801|186802|216572|946234|292800	0.000829	8.29e-06	assessed	provisional
SID31866	SID31866	donor_combined_disjoint_clean_reads	k__Bacteria|p__Firmicutes|c__Clostridia|o__Eubacteriales|f__Clostridiaceae|g__Clostridiaceae_unclassified|s__Clostridiaceae_unclassified_SGB4771	species	2|1239|186801|186802|31979||	0.000823	8.229999999999999e-06	assessed	provisional
SID31866	SID31866	donor_combined_disjoint_clean_reads	k__Bacteria|p__Fusobacteriota|c__Fusobacteriia|o__Fusobacteriales|f__Fusobacteriaceae|g__Fusobacterium|s__Fusobacterium_necrophorum	species	2|32066|203490|203491|203492|848|859	0.000778	7.78e-06	assessed	provisional
SID31866	SID31866	donor_combined_disjoint_clean_reads	k__Bacteria|p__Firmicutes|c__Clostridia|o__Eubacteriales|f__Oscillospiraceae|g__GGB9781|s__GGB9781_SGB98327	species	2|1239|186801|186802|216572||	0.000743	7.429999999999999e-06	assessed	provisional
SID31866	SID31866	donor_combined_disjoint_clean_reads	k__Bacteria|p__Firmicutes|c__Clostridia|o__Eubacteriales|f__Clostridiaceae|g__Pilosibacter|s__Pilosibacter_fragilis	species	2|1239|186801|186802|31979|3144345|3078042	0.000709	7.09e-06	assessed	provisional
SID31866	SID31866	donor_combined_disjoint_clean_reads	k__Bacteria|p__Firmicutes|c__Clostridia|o__Lachnospirales|f__Lachnospiraceae|g__Eisenbergiella|s__Eisenbergiella_massiliensis	species	2|1239|186801|3085636|186803|1432051|1720294	0.000707	7.069999999999999e-06	assessed	provisional
SID31866	SID31866	donor_combined_disjoint_clean_reads	k__Bacteria|p__Firmicutes|c__Clostridia|o__Eubacteriales|f__Oscillospiraceae|g__GGB45491|s__GGB45491_SGB63163	species	2|1239|186801|186802|216572||	0.000705	7.05e-06	assessed	provisional
SID31866	SID31866	donor_combined_disjoint_clean_reads	k__Bacteria|p__Firmicutes|c__CFGB78645|o__OFGB78645|f__FGB78645|g__GGB33539|s__GGB33539_SGB53381	species	2|1239|||||	0.000692	6.92e-06	assessed	provisional
SID31866	SID31866	donor_combined_disjoint_clean_reads	k__Bacteria|p__Firmicutes|c__Clostridia|o__Eubacteriales|f__Eubacteriaceae|g__Anaerofustis|s__Anaerofustis_stercorihominis	species	2|1239|186801|186802|186806|264995|214853	0.00069	6.9e-06	assessed	provisional
SID31866	SID31866	donor_combined_disjoint_clean_reads	k__Bacteria|p__Firmicutes|c__Bacilli|o__Bacillales|f__Gemellaceae|g__Gemella|s__Gemella_sanguinis	species	2|1239|91061|1385|539738|1378|84135	0.000688	6.88e-06	assessed	provisional
SID31866	SID31866	donor_combined_disjoint_clean_reads	k__Bacteria|p__Actinomycetota|c__Coriobacteriia|o__Eggerthellales|f__Eggerthellaceae|g__Enteroscipio|s__Enteroscipio_rubneri	species	2|201174|84998|1643822|1643826|2126006|2070686	0.000681	6.81e-06	assessed	provisional
SID31866	SID31866	donor_combined_disjoint_clean_reads	k__Bacteria|p__Firmicutes|c__Clostridia|o__Eubacteriales|f__Eubacteriales_unclassified|g__Flintibacter|s__Flintibacter_hominis	species	2|1239|186801|186802||1918454|2763048	0.000679	6.79e-06	assessed	provisional
SID31866	SID31866	donor_combined_disjoint_clean_reads	k__Bacteria|p__Firmicutes|c__Clostridia|o__Eubacteriales|f__Oscillospiraceae|g__Pseudoflavonifractor|s__Pseudoflavonifractor_phocaeensis	species	2|1239|186801|186802|216572|1017280|1870988	0.000669	6.69e-06	assessed	provisional
SID31866	SID31866	donor_combined_disjoint_clean_reads	k__Bacteria|p__Firmicutes|c__Bacilli|o__Lactobacillales|f__Lactobacillaceae|g__Leuconostoc|s__Leuconostoc_mesenteroides	species	2|1239|91061|186826|33958|1243|1245	0.000575	5.75e-06	assessed	provisional
SID31866	SID31866	donor_combined_disjoint_clean_reads	k__Bacteria|p__Firmicutes|c__Clostridia|o__Lachnospirales|f__Lachnospiraceae|g__Sellimonas|s__Sellimonas_intestinalis	species	2|1239|186801|3085636|186803|1769710|1653434	0.000565	5.649999999999999e-06	assessed	provisional
SID31866	SID31866	donor_combined_disjoint_clean_reads	k__Bacteria|p__Firmicutes|c__Clostridia|o__Eubacteriales|f__Eubacteriales_unclassified|g__Eubacteriales_unclassified|s__Clostridiales_bacterium	species	2|1239|186801|186802|||1898207	0.00055	5.500000000000001e-06	assessed	provisional
SID31866	SID31866	donor_combined_disjoint_clean_reads	k__Bacteria|p__Firmicutes|c__Clostridia|o__Clostridia_unclassified|f__Clostridia_unclassified|g__GGB3567|s__GGB3567_SGB4773	species	2|1239|186801||||	0.000512	5.12e-06	assessed	provisional
SID31866	SID31866	donor_combined_disjoint_clean_reads	k__Bacteria|p__Bacteroidota|c__Bacteroidia|o__Bacteroidales|f__Bacteroidaceae|g__Phocaeicola|s__Phocaeicola_coprocola	species	2|976|200643|171549|815|909656|310298	0.000488	4.88e-06	assessed	provisional
SID31866	SID31866	donor_combined_disjoint_clean_reads	k__Bacteria|p__Firmicutes|c__Clostridia|o__Eubacteriales|f__Oscillospiraceae|g__Massiliimalia|s__Massiliimalia_massiliensis	species	2|1239|186801|186802|216572|2895461|1852384	0.000469	4.69e-06	assessed	provisional
SID31866	SID31866	donor_combined_disjoint_clean_reads	k__Bacteria|p__Firmicutes|c__Clostridia|o__Lachnospirales|f__Lachnospiraceae|g__Enterocloster|s__Enterocloster_lavalensis	species	2|1239|186801|3085636|186803|2719313|460384	0.000457	4.57e-06	assessed	provisional
SID31866	SID31866	donor_combined_disjoint_clean_reads	k__Bacteria|p__Bacteroidota|c__Bacteroidia|o__Bacteroidales|f__Rikenellaceae|g__Alistipes|s__Alistipes_SGB2302	species	2|976|200643|171549|171550|239759|	0.000427	4.270000000000001e-06	assessed	provisional
SID31866	SID31866	donor_combined_disjoint_clean_reads	k__Bacteria|p__Firmicutes|c__Clostridia|o__Eubacteriales|f__Oscillospiraceae|g__Oscillospiraceae_unclassified|s__Clostridium_methylpentosum	species	2|1239|186801|186802|216572||84026	0.000407	4.07e-06	assessed	provisional
SID31866	SID31866	donor_combined_disjoint_clean_reads	k__Bacteria|p__Firmicutes|c__Clostridia|o__Eubacteriales|f__Oscillospiraceae|g__GGB9642|s__GGB9642_SGB15119	species	2|1239|186801|186802|216572||	0.000396	3.959999999999999e-06	assessed	provisional
SID31866	SID31866	donor_combined_disjoint_clean_reads	k__Bacteria|p__Pseudomonadota|c__Gammaproteobacteria|o__Enterobacterales|f__Enterobacteriaceae|g__Klebsiella|s__Klebsiella_variicola	species	2|1224|1236|91347|543|570|244366	0.00039	3.9e-06	assessed	provisional
SID31866	SID31866	donor_combined_disjoint_clean_reads	k__Bacteria|p__Firmicutes|c__Clostridia|o__Lachnospirales|f__Lachnospiraceae|g__Roseburia|s__Roseburia_zhanii	species	2|1239|186801|3085636|186803|841|2763064	0.000328	3.28e-06	assessed	provisional
SID31866	SID31866	donor_combined_disjoint_clean_reads	k__Bacteria|p__Actinomycetota|c__Actinomycetes|o__Bifidobacteriales|f__Bifidobacteriaceae|g__Bifidobacterium|s__Bifidobacterium_pseudocatenulatum	species	2|201174|1760|85004|31953|1678|28026	0.000314	3.14e-06	assessed	provisional
SID31866	SID31866	donor_combined_disjoint_clean_reads	k__Bacteria|p__Pseudomonadota|c__CFGB2394|o__OFGB2394|f__FGB2394|g__GGB6544|s__GGB6544_SGB9242	species	2|1224|||||	0.000308	3.08e-06	assessed	provisional
SID31866	SID31866	donor_combined_disjoint_clean_reads	k__Bacteria|p__Firmicutes|c__CFGB1780|o__OFGB1780|f__FGB1780|g__GGB4723|s__GGB4723_SGB6540	species	2|1239|||||	0.000302	3.0200000000000003e-06	assessed	provisional
SID31866	SID31866	donor_combined_disjoint_clean_reads	k__Bacteria|p__Firmicutes|c__CFGB3038|o__OFGB3038|f__FGB3038|g__GGB33586|s__GGB33586_SGB53517	species	2|1239|||||	0.000301	3.01e-06	assessed	provisional
SID31866	SID31866	donor_combined_disjoint_clean_reads	k__Bacteria|p__Firmicutes|c__CFGB10021|o__OFGB10021|f__FGB10021|g__GGB71580|s__GGB71580_SGB98325	species	2|1239|||||	0.0003	2.9999999999999997e-06	assessed	provisional
SID31866	SID31866	donor_combined_disjoint_clean_reads	k__Bacteria|p__Mycoplasmatota|c__CFGB4690|o__OFGB4690|f__FGB4690|g__GGB781|s__GGB781_SGB1024	species	2|544448|||||	0.000274	2.74e-06	assessed	provisional
SID31866	SID31866	donor_combined_disjoint_clean_reads	k__Bacteria|p__Bacteroidota|c__Bacteroidia|o__Bacteroidales|f__Bacteroidaceae|g__Bacteroides|s__Bacteroides_salyersiae	species	2|976|200643|171549|815|816|291644	0.00025	2.5e-06	assessed	provisional
SID31866	SID31866	donor_combined_disjoint_clean_reads	k__Bacteria|p__Firmicutes|c__Clostridia|o__Eubacteriales|f__Oscillospiraceae|g__Faecalibacterium|s__Faecalibacterium_butyricigenerans	species	2|1239|186801|186802|216572|216851|1851427	0.000249	2.49e-06	assessed	provisional
SID31866	SID31866	donor_combined_disjoint_clean_reads	k__Bacteria|p__Firmicutes|c__Clostridia|o__Eubacteriales|f__Oscillospiraceae|g__Ruminococcus|s__Ruminococcus_gauvreauii	species	2|1239|186801|186802|216572|1263|438033	0.000246	2.46e-06	assessed	provisional
SID31866	SID31866	donor_combined_disjoint_clean_reads	k__Bacteria|p__Firmicutes|c__Clostridia|o__Eubacteriales|f__Oscillospiraceae|g__GGB36331|s__GGB36331_SGB15121	species	2|1239|186801|186802|216572||	0.000235	2.35e-06	assessed	provisional
SID31866	SID31866	donor_combined_disjoint_clean_reads	k__Bacteria|p__Firmicutes|c__CFGB77202|o__OFGB77202|f__FGB77202|g__GGB34900|s__GGB34900_SGB14891	species	2|1239|||||	0.00023	2.3e-06	assessed	provisional
SID31866	SID31866	donor_combined_disjoint_clean_reads	k__Bacteria|p__Bacteroidota|c__Bacteroidia|o__Bacteroidales|f__Bacteroidaceae|g__Phocaeicola|s__Phocaeicola_sartorii	species	2|976|200643|171549|815|909656|671267	0.000194	1.94e-06	assessed	provisional
SID31866	SID31866	donor_combined_disjoint_clean_reads	k__Bacteria|p__Firmicutes|c__Clostridia|o__Eubacteriales|f__Syntrophomonadaceae|g__GGB26772|s__GGB26772_SGB38957	species	2|1239|186801|186802|68298||	0.000182	1.8200000000000002e-06	assessed	provisional
SID31866	SID31866	donor_combined_disjoint_clean_reads	k__Bacteria|p__Firmicutes|c__Clostridia|o__Eubacteriales|f__Oscillospiraceae|g__GGB9608|s__GGB9608_SGB15043	species	2|1239|186801|186802|216572||	0.000178	1.78e-06	assessed	provisional
SID31866	SID31866	donor_combined_disjoint_clean_reads	k__Bacteria|p__Firmicutes|c__Clostridia|o__Eubacteriales|f__Oscillospiraceae|g__Dysosmobacter|s__Dysosmobacter_SGB15051	species	2|1239|186801|186802|216572|2591381|	0.000177	1.77e-06	assessed	provisional
SID31866	SID31866	donor_combined_disjoint_clean_reads	k__Bacteria|p__Thermodesulfobacteriota|c__Desulfovibrionia|o__Desulfovibrionales|f__Desulfovibrionaceae|g__GGB9815|s__GGB9815_SGB15449	species	2|200940|3031449|213115|194924||	0.000176	1.7599999999999999e-06	assessed	provisional
SID31866	SID31866	donor_combined_disjoint_clean_reads	k__Bacteria|p__Firmicutes|c__Bacilli|o__Lactobacillales|f__Lactobacillaceae|g__Lentilactobacillus|s__Lentilactobacillus_parabuchneri	species	2|1239|91061|186826|33958|2767893|152331	0.000176	1.7599999999999999e-06	assessed	provisional
SID31866	SID31866	donor_combined_disjoint_clean_reads	k__Bacteria|p__Firmicutes|c__CFGB78183|o__OFGB78183|f__FGB78183|g__GGB9109|s__GGB9109_SGB14042	species	2|1239|||||	0.000175	1.75e-06	assessed	provisional
SID31866	SID31866	donor_combined_disjoint_clean_reads	k__Bacteria|p__Bacteroidota|c__Bacteroidia|o__Bacteroidales|f__Rikenellaceae|g__Alistipes|s__Alistipes_SGB48121	species	2|976|200643|171549|171550|239759|	0.00016	1.6000000000000001e-06	assessed	provisional
SID31866	SID31866	donor_combined_disjoint_clean_reads	k__Bacteria|p__Firmicutes|c__Clostridia|o__Eubacteriales|f__Oscillospiraceae|g__Vescimonas|s__Vescimonas_SGB15086	species	2|1239|186801|186802|216572|2892396|	0.000152	1.52e-06	assessed	provisional
SID31866	SID31866	donor_combined_disjoint_clean_reads	k__Bacteria|p__Firmicutes|c__Clostridia|o__Eubacteriales|f__Oscillospiraceae|g__Brotocaccenecus|s__Brotocaccenecus_SGB15090	species	2|1239|186801|186802|216572|3064194|	0.000136	1.36e-06	assessed	provisional
SID31866	SID31866	donor_combined_disjoint_clean_reads	k__Bacteria|p__Firmicutes|c__CFGB14936|o__OFGB14936|f__FGB14936|g__GGB3256|s__GGB3256_SGB158995	species	2|1239|||||	0.000131	1.3100000000000002e-06	assessed	provisional
SID31866	SID31866	donor_combined_disjoint_clean_reads	k__Bacteria|p__Firmicutes|c__Clostridia|o__Lachnospirales|f__Lachnospiraceae|g__Cuneatibacter|s__Cuneatibacter_sp_NSJ_177	species	2|1239|186801|3085636|186803|1918450|2931401	0.000121	1.21e-06	assessed	provisional
SID31866	SID31866	donor_combined_disjoint_clean_reads	k__Bacteria|p__Firmicutes|c__Clostridia|o__Clostridia_unclassified|f__Clostridia_unclassified|g__GGB42694|s__GGB42694_SGB59898	species	2|1239|186801||||	0.000119	1.19e-06	assessed	provisional
SID31866	SID31866	donor_combined_disjoint_clean_reads	k__Bacteria|p__Firmicutes|c__CFGB84123|o__OFGB84123|f__FGB84123|g__GGB3142|s__GGB3142_SGB4155	species	2|1239|||||	0.000111	1.11e-06	assessed	provisional
SID31866	SID31866	donor_combined_disjoint_clean_reads	k__Bacteria|p__Firmicutes|c__CFGB10318|o__OFGB10318|f__FGB10318|g__GGB4659|s__GGB4659_SGB6447	species	2|1239|||||	9.2e-05	9.2e-07	assessed	provisional
SID31866	SID31866	donor_combined_disjoint_clean_reads	k__Bacteria|p__Firmicutes|c__Clostridia|o__Lachnospirales|f__Lachnospiraceae|g__Hominiventricola|s__Hominiventricola_filiformis	species	2|1239|186801|3085636|186803|3073584|2885352	8.8e-05	8.799999999999999e-07	assessed	provisional
SID31866	SID31866	donor_combined_disjoint_clean_reads	k__Bacteria|p__Firmicutes|c__Clostridia|o__Lachnospirales|f__Lachnospiraceae|g__Lachnotalea|s__Lachnotalea_sp_AF33_28	species	2|1239|186801|3085636|186803|1763508|2292046	8.2e-05	8.2e-07	assessed	provisional
SID31866	SID31866	donor_combined_disjoint_clean_reads	k__Bacteria|p__Firmicutes|c__CFGB4605|o__OFGB4605|f__FGB4605|g__GGB13404|s__GGB13404_SGB14252	species	2|1239|||||	8e-05	8.000000000000001e-07	assessed	provisional
SID31866	SID31866	donor_combined_disjoint_clean_reads	k__Bacteria|p__Firmicutes|c__CFGB1354|o__OFGB1354|f__FGB1354|g__GGB3304|s__GGB3304_SGB4365	species	2|1239|||||	5.6e-05	5.6e-07	assessed	provisional
SID31866	SID31866	donor_combined_disjoint_clean_reads	k__Bacteria|p__Firmicutes|c__Clostridia|o__Eubacteriales|f__Clostridiaceae|g__Clostridium|s__Clostridium_SGB4714	species	2|1239|186801|186802|31979|1485|	5.3e-05	5.3e-07	assessed	provisional
SID31866	SID31866	donor_combined_disjoint_clean_reads	k__Bacteria|p__Firmicutes|c__Clostridia|o__Lachnospirales|f__Lachnospiraceae|g__Extibacter|s__Extibacter_muris	species	2|1239|186801|3085636|186803|1918452|1796622	4.8e-05	4.800000000000001e-07	assessed	provisional
SID530295	SID530295	donor_combined_disjoint_clean_reads	UNCLASSIFIED	unclassified	-1	9.156829	0.09156829	assessed	provisional
SID530295	SID530295	donor_combined_disjoint_clean_reads	k__Bacteria|p__Bacteroidota|c__CFGB658|o__OFGB658|f__FGB658|g__GGB1627|s__GGB1627_SGB2230	species	2|976|||||	6.550328	0.06550328	assessed	provisional
SID530295	SID530295	donor_combined_disjoint_clean_reads	k__Bacteria|p__Firmicutes|c__Clostridia|o__Eubacteriales|f__Oscillospiraceae|g__GGB9634|s__GGB9634_SGB15100	species	2|1239|186801|186802|216572||	4.396997	0.04396997	assessed	provisional
SID530295	SID530295	donor_combined_disjoint_clean_reads	k__Archaea|p__Methanobacteriota|c__Methanobacteria|o__Methanobacteriales|f__Methanobacteriaceae|g__Methanobrevibacter|s__Methanobrevibacter_smithii	species	2157|28890|183925|2158|2159|2172|2173	3.727404	0.03727404	assessed	provisional
SID530295	SID530295	donor_combined_disjoint_clean_reads	k__Bacteria|p__Actinomycetota|c__Actinomycetes|o__Bifidobacteriales|f__Bifidobacteriaceae|g__Bifidobacterium|s__Bifidobacterium_pseudocatenulatum	species	2|201174|1760|85004|31953|1678|28026	3.6253	0.036253	assessed	provisional
SID530295	SID530295	donor_combined_disjoint_clean_reads	k__Bacteria|p__Firmicutes|c__CFGB8294|o__OFGB8294|f__FGB8294|g__GGB9328|s__GGB9328_SGB14291	species	2|1239|||||	3.434822	0.03434822	assessed	provisional
SID530295	SID530295	donor_combined_disjoint_clean_reads	k__Bacteria|p__Firmicutes|c__CFGB1765|o__OFGB1765|f__FGB1765|g__GGB140868|s__GGB140868_SGB6307	species	2|1239|||||	2.797381	0.02797381	assessed	provisional
SID530295	SID530295	donor_combined_disjoint_clean_reads	k__Bacteria|p__Firmicutes|c__Clostridia|o__Eubacteriales|f__Oscillospiraceae|g__Vescimonas|s__Vescimonas_SGB15084	species	2|1239|186801|186802|216572|2892396|	2.528919	0.025289190000000003	assessed	provisional
SID530295	SID530295	donor_combined_disjoint_clean_reads	k__Bacteria|p__Firmicutes|c__CFGB3054|o__OFGB3054|f__FGB3054|g__GGB9677|s__GGB9677_SGB53522	species	2|1239|||||	2.220102	0.02220102	assessed	provisional
SID530295	SID530295	donor_combined_disjoint_clean_reads	k__Bacteria|p__Firmicutes|c__CFGB2982|o__OFGB2982|f__FGB2982|g__GGB9341|s__GGB9341_SGB14305	species	2|1239|||||	2.177319	0.021773189999999998	assessed	provisional
SID530295	SID530295	donor_combined_disjoint_clean_reads	k__Bacteria|p__Firmicutes|c__CFGB1765|o__OFGB1765|f__FGB1765|g__GGB4569|s__GGB4569_SGB6312	species	2|1239|||||	2.133336	0.02133336	assessed	provisional
SID530295	SID530295	donor_combined_disjoint_clean_reads	k__Bacteria|p__Firmicutes|c__Clostridia|o__Lachnospirales|f__Lachnospiraceae|g__Anaerostipes|s__Anaerostipes_hadrus	species	2|1239|186801|3085636|186803|207244|649756	2.082703	0.02082703	assessed	provisional
SID530295	SID530295	donor_combined_disjoint_clean_reads	k__Bacteria|p__Firmicutes|c__Clostridia|o__Eubacteriales|f__Oscillospiraceae|g__Ruminococcus|s__Ruminococcus_bromii	species	2|1239|186801|186802|216572|1263|40518	1.985074	0.01985074	assessed	provisional
SID530295	SID530295	donor_combined_disjoint_clean_reads	k__Bacteria|p__Firmicutes|c__CFGB1765|o__OFGB1765|f__FGB1765|g__GGB4558|s__GGB4558_SGB6289	species	2|1239|||||	1.928662	0.01928662	assessed	provisional
SID530295	SID530295	donor_combined_disjoint_clean_reads	k__Bacteria|p__Firmicutes|c__Clostridia|o__Eubacteriales|f__Oscillospiraceae|g__Ruminococcus|s__Ruminococcus_bovis	species	2|1239|186801|186802|216572|1263|2564099	1.811144	0.01811144	assessed	provisional
SID530295	SID530295	donor_combined_disjoint_clean_reads	k__Bacteria|p__Firmicutes|c__CFGB9345|o__OFGB9345|f__FGB9345|g__GGB9345|s__GGB9345_SGB14311	species	2|1239|||||	1.686203	0.01686203	assessed	provisional
SID530295	SID530295	donor_combined_disjoint_clean_reads	k__Bacteria|p__Firmicutes|c__Clostridia|o__Eubacteriales|f__Oscillospiraceae|g__GGB9708|s__GGB9708_SGB15236	species	2|1239|186801|186802|216572||	1.574476	0.01574476	assessed	provisional
SID530295	SID530295	donor_combined_disjoint_clean_reads	k__Bacteria|p__Firmicutes|c__Clostridia|o__Eubacteriales|f__Oscillospiraceae|g__Oscillibacter|s__Oscillibacter_sp_ER4	species	2|1239|186801|186802|216572|459786|1519439	1.427063	0.01427063	assessed	provisional
SID530295	SID530295	donor_combined_disjoint_clean_reads	k__Bacteria|p__Firmicutes|c__Clostridia|o__Eubacteriales|f__Oscillospiraceae|g__Faecalibacterium|s__Faecalibacterium_prausnitzii	species	2|1239|186801|186802|216572|216851|853	1.348978	0.01348978	assessed	provisional
SID530295	SID530295	donor_combined_disjoint_clean_reads	k__Bacteria|p__Firmicutes|c__CFGB10309|o__OFGB10309|f__FGB10309|g__GGB4676|s__GGB4676_SGB6465	species	2|1239|||||	1.32038	0.013203800000000002	assessed	provisional
SID530295	SID530295	donor_combined_disjoint_clean_reads	k__Bacteria|p__Firmicutes|c__CFGB1765|o__OFGB1765|f__FGB1765|g__GGB4548|s__GGB4548_SGB6270	species	2|1239|||||	1.282622	0.01282622	assessed	provisional
SID530295	SID530295	donor_combined_disjoint_clean_reads	k__Bacteria|p__Firmicutes|c__Negativicutes|o__Acidaminococcales|f__Acidaminococcaceae|g__Phascolarctobacterium|s__Phascolarctobacterium_succinatutens	species	2|1239|909932|1843488|909930|33024|626940	1.28041	0.0128041	assessed	provisional
SID530295	SID530295	donor_combined_disjoint_clean_reads	k__Bacteria|p__Firmicutes|c__Clostridia|o__Lachnospirales|f__Lachnospiraceae|g__Wujia|s__Wujia_chipingensis	species	2|1239|186801|3085636|186803|2944152|2763670	1.134684	0.01134684	assessed	provisional
SID530295	SID530295	donor_combined_disjoint_clean_reads	k__Bacteria|p__Firmicutes|c__CFGB73185|o__OFGB73185|f__FGB73185|g__GGB9785|s__GGB9785_SGB15408	species	2|1239|||||	1.080287	0.01080287	assessed	provisional
SID530295	SID530295	donor_combined_disjoint_clean_reads	k__Bacteria|p__Firmicutes|c__Clostridia|o__Eubacteriales|f__Eubacteriales_unclassified|g__Gemmiger|s__Gemmiger_formicilis	species	2|1239|186801|186802||204475|745368	0.972101	0.00972101	assessed	provisional
SID530295	SID530295	donor_combined_disjoint_clean_reads	k__Bacteria|p__Firmicutes|c__Clostridia|o__Lachnospirales|f__Lachnospiraceae|g__Agathobacter|s__Agathobacter_rectalis	species	2|1239|186801|3085636|186803|1766253|39491	0.912184	0.009121839999999999	assessed	provisional
SID530295	SID530295	donor_combined_disjoint_clean_reads	k__Bacteria|p__Firmicutes|c__CFGB3062|o__OFGB3062|f__FGB3062|g__GGB9747|s__GGB9747_SGB15356	species	2|1239|||||	0.885158	0.00885158	assessed	provisional
SID530295	SID530295	donor_combined_disjoint_clean_reads	k__Bacteria|p__Firmicutes|c__Clostridia|o__Eubacteriales|f__Eubacteriaceae|g__GGB3277|s__GGB3277_SGB4327	species	2|1239|186801|186802|186806||	0.846697	0.00846697	assessed	provisional
SID530295	SID530295	donor_combined_disjoint_clean_reads	k__Bacteria|p__Firmicutes|c__Clostridia|o__Lachnospirales|f__Lachnospiraceae|g__Roseburia|s__Roseburia_hominis	species	2|1239|186801|3085636|186803|841|301301	0.809245	0.00809245	assessed	provisional
SID530295	SID530295	donor_combined_disjoint_clean_reads	k__Bacteria|p__Firmicutes|c__Erysipelotrichia|o__Erysipelotrichales|f__Erysipelotrichaceae|g__Holdemanella|s__Holdemanella_porci	species	2|1239|526524|526525|128827|1573535|2652276	0.807411	0.00807411	assessed	provisional
SID530295	SID530295	donor_combined_disjoint_clean_reads	k__Bacteria|p__Firmicutes|c__Clostridia|o__Eubacteriales|f__Oscillospiraceae|g__Vescimonas|s__Vescimonas_coprocola	species	2|1239|186801|186802|216572|2892396|2714355	0.705635	0.00705635	assessed	provisional
SID530295	SID530295	donor_combined_disjoint_clean_reads	k__Bacteria|p__Firmicutes|c__CFGB1765|o__OFGB1765|f__FGB1765|g__GGB37149|s__GGB37149_SGB47291	species	2|1239|||||	0.694971	0.0069497100000000004	assessed	provisional
SID530295	SID530295	donor_combined_disjoint_clean_reads	k__Bacteria|p__Firmicutes|c__CFGB73062|o__OFGB73062|f__FGB73062|g__GGB9059|s__GGB9059_SGB13976	species	2|1239|||||	0.693296	0.00693296	assessed	provisional
SID530295	SID530295	donor_combined_disjoint_clean_reads	k__Bacteria|p__Firmicutes|c__CFGB58251|o__OFGB58251|f__FGB58251|g__GGB9762|s__GGB9762_SGB15377	species	2|1239|||||	0.66443	0.0066443	assessed	provisional
SID530295	SID530295	donor_combined_disjoint_clean_reads	k__Bacteria|p__Firmicutes|c__Clostridia|o__Lachnospirales|f__Lachnospiraceae|g__Blautia|s__Blautia_intestinalis	species	2|1239|186801|3085636|186803|572511|2763028	0.642388	0.00642388	assessed	provisional
SID530295	SID530295	donor_combined_disjoint_clean_reads	k__Bacteria|p__Firmicutes|c__Clostridia|o__Lachnospirales|f__Lachnospiraceae|g__Blautia|s__Blautia_obeum	species	2|1239|186801|3085636|186803|572511|40520	0.56651	0.005665099999999999	assessed	provisional
SID530295	SID530295	donor_combined_disjoint_clean_reads	k__Bacteria|p__Firmicutes|c__CFGB1765|o__OFGB1765|f__FGB1765|g__GGB4559|s__GGB4559_SGB6293	species	2|1239|||||	0.560568	0.005605679999999999	assessed	provisional
SID530295	SID530295	donor_combined_disjoint_clean_reads	k__Bacteria|p__Firmicutes|c__CFGB1355|o__OFGB1355|f__FGB1355|g__GGB3305|s__GGB3305_SGB4368	species	2|1239|||||	0.551549	0.00551549	assessed	provisional
SID530295	SID530295	donor_combined_disjoint_clean_reads	k__Bacteria|p__Firmicutes|c__CFGB1776|o__OFGB1776|f__FGB1776|g__GGB4671|s__GGB4671_SGB47360	species	2|1239|||||	0.528728	0.00528728	assessed	provisional
SID530295	SID530295	donor_combined_disjoint_clean_reads	k__Bacteria|p__Firmicutes|c__CFGB3054|o__OFGB3054|f__FGB3054|g__GGB9674|s__GGB9674_SGB15173	species	2|1239|||||	0.521629	0.00521629	assessed	provisional
SID530295	SID530295	donor_combined_disjoint_clean_reads	k__Bacteria|p__Firmicutes|c__Clostridia|o__Lachnospirales|f__Lachnospiraceae|g__Simiaoa|s__Simiaoa_sunii	species	2|1239|186801|3085636|186803|2944193|2763672	0.521608	0.00521608	assessed	provisional
SID530295	SID530295	donor_combined_disjoint_clean_reads	k__Bacteria|p__Firmicutes|c__CFGB3054|o__OFGB3054|f__FGB3054|g__GGB9691|s__GGB9691_SGB15198	species	2|1239|||||	0.509205	0.00509205	assessed	provisional
SID530295	SID530295	donor_combined_disjoint_clean_reads	k__Bacteria|p__Firmicutes|c__CFGB73902|o__OFGB73902|f__FGB73902|g__GGB4689|s__GGB4689_SGB6486	species	2|1239|||||	0.505165	0.0050516499999999995	assessed	provisional
SID530295	SID530295	donor_combined_disjoint_clean_reads	k__Bacteria|p__Firmicutes|c__Clostridia|o__Eubacteriales|f__Eubacteriales_unclassified|g__Intestinimonas|s__Intestinimonas_massiliensis_ex_Afouda_et_al_2020	species	2|1239|186801|186802||1392389|1673721	0.503817	0.00503817	assessed	provisional
SID530295	SID530295	donor_combined_disjoint_clean_reads	k__Bacteria|p__Firmicutes|c__Clostridia|o__Eubacteriales|f__Oscillospiraceae|g__GGB143485|s__GGB143485_SGB15220	species	2|1239|186801|186802|216572||	0.496232	0.00496232	assessed	provisional
SID530295	SID530295	donor_combined_disjoint_clean_reads	k__Bacteria|p__Firmicutes|c__Clostridia|o__Eubacteriales|f__Clostridiaceae|g__Clostridium|s__Clostridium_sp_AF15_41	species	2|1239|186801|186802|31979|1485|2292996	0.475953	0.0047595300000000005	assessed	provisional
SID530295	SID530295	donor_combined_disjoint_clean_reads	k__Bacteria|p__Firmicutes|c__CFGB79330|o__OFGB79330|f__FGB79330|g__GGB3003|s__GGB3003_SGB3994	species	2|1239|||||	0.458024	0.00458024	assessed	provisional
SID530295	SID530295	donor_combined_disjoint_clean_reads	k__Bacteria|p__Firmicutes|c__CFGB94475|o__OFGB94475|f__FGB94475|g__GGB3140|s__GGB3140_SGB4153	species	2|1239|||||	0.400494	0.00400494	assessed	provisional
SID530295	SID530295	donor_combined_disjoint_clean_reads	k__Bacteria|p__Firmicutes|c__CFGB9989|o__OFGB9989|f__FGB9989|g__GGB9712|s__GGB9712_SGB15242	species	2|1239|||||	0.396602	0.00396602	assessed	provisional
SID530295	SID530295	donor_combined_disjoint_clean_reads	k__Bacteria|p__Firmicutes|c__Clostridia|o__Eubacteriales|f__Oscillospiraceae|g__GGB36331|s__GGB36331_SGB15121	species	2|1239|186801|186802|216572||	0.392474	0.0039247399999999995	assessed	provisional
SID530295	SID530295	donor_combined_disjoint_clean_reads	k__Bacteria|p__Firmicutes|c__CFGB1763|o__OFGB1763|f__FGB1763|g__GGB4535|s__GGB4535_SGB6249	species	2|1239|||||	0.35408	0.0035408	assessed	provisional
SID530295	SID530295	donor_combined_disjoint_clean_reads	k__Bacteria|p__Firmicutes|c__CFGB1765|o__OFGB1765|f__FGB1765|g__GGB4585|s__GGB4585_SGB6340	species	2|1239|||||	0.327747	0.00327747	assessed	provisional
SID530295	SID530295	donor_combined_disjoint_clean_reads	k__Bacteria|p__Firmicutes|c__Clostridia|o__Eubacteriales|f__Eubacteriales_incertae_sedis|g__Candidatus_Cibionibacter|s__Candidatus_Cibionibacter_quicibialis	species	2|1239|186801|186802|538999|2527773|2500537	0.32068	0.0032068	assessed	provisional
SID530295	SID530295	donor_combined_disjoint_clean_reads	k__Bacteria|p__Firmicutes|c__Clostridia|o__Eubacteriales|f__Oscillospiraceae|g__Yanshouia|s__Yanshouia_SGB14960	species	2|1239|186801|186802|216572|2983247|	0.317214	0.00317214	assessed	provisional
SID530295	SID530295	donor_combined_disjoint_clean_reads	k__Bacteria|p__Firmicutes|c__Clostridia|o__Lachnospirales|f__Lachnospiraceae|g__GGB3619|s__GGB3619_SGB4894	species	2|1239|186801|3085636|186803||	0.313682	0.0031368200000000002	assessed	provisional
SID530295	SID530295	donor_combined_disjoint_clean_reads	k__Bacteria|p__Firmicutes|c__CFGB2984|o__OFGB2984|f__FGB2984|g__GGB9347|s__GGB9347_SGB14313	species	2|1239|||||	0.313514	0.0031351400000000002	assessed	provisional
SID530295	SID530295	donor_combined_disjoint_clean_reads	k__Bacteria|p__Firmicutes|c__CFGB1359|o__OFGB1359|f__FGB1359|g__GGB3321|s__GGB3321_SGB4394	species	2|1239|||||	0.307612	0.00307612	assessed	provisional
SID530295	SID530295	donor_combined_disjoint_clean_reads	k__Bacteria|p__Actinomycetota|c__Coriobacteriia|o__Eggerthellales|f__Eggerthellaceae|g__Ellagibacter|s__Ellagibacter_isourolithinifaciens	species	2|201174|84998|1643822|1643826|2137577|2137581	0.301019	0.00301019	assessed	provisional
SID530295	SID530295	donor_combined_disjoint_clean_reads	k__Bacteria|p__Firmicutes|c__Clostridia|o__Eubacteriales|f__Oscillospiraceae|g__Hominenteromicrobium|s__Hominenteromicrobium_mulieris	species	2|1239|186801|186802|216572|3073575|2885357	0.298871	0.00298871	assessed	provisional
SID530295	SID530295	donor_combined_disjoint_clean_reads	k__Bacteria|p__Firmicutes|c__CFGB10314|o__OFGB10314|f__FGB10314|g__GGB4703|s__GGB4703_SGB6510	species	2|1239|||||	0.289667	0.00289667	assessed	provisional
SID530295	SID530295	donor_combined_disjoint_clean_reads	k__Bacteria|p__Bacteroidota|c__Bacteroidia|o__Bacteroidales|f__Bacteroidaceae|g__Bacteroides|s__Bacteroides_cellulosilyticus	species	2|976|200643|171549|815|816|246787	0.282201	0.00282201	assessed	provisional
SID530295	SID530295	donor_combined_disjoint_clean_reads	k__Bacteria|p__Firmicutes|c__CFGB1473|o__OFGB1473|f__FGB1473|g__GGB3730|s__GGB3730_SGB5060	species	2|1239|||||	0.27972	0.0027972	assessed	provisional
SID530295	SID530295	donor_combined_disjoint_clean_reads	k__Bacteria|p__Firmicutes|c__Clostridia|o__Lachnospirales|f__Lachnospiraceae|g__Dorea|s__Dorea_longicatena	species	2|1239|186801|3085636|186803|189330|88431	0.277842	0.0027784199999999998	assessed	provisional
SID530295	SID530295	donor_combined_disjoint_clean_reads	k__Bacteria|p__Actinomycetota|c__Coriobacteriia|o__Eggerthellales|f__Eggerthellaceae|g__Adlercreutzia|s__Adlercreutzia_equolifaciens	species	2|201174|84998|1643822|1643826|447020|446660	0.276768	0.0027676800000000002	assessed	provisional
SID530295	SID530295	donor_combined_disjoint_clean_reads	k__Bacteria|p__Bacteroidota|c__Bacteroidia|o__Bacteroidales|f__Bacteroidaceae|g__Bacteroides|s__Bacteroides_uniformis	species	2|976|200643|171549|815|816|820	0.264712	0.00264712	assessed	provisional
SID530295	SID530295	donor_combined_disjoint_clean_reads	k__Bacteria|p__Firmicutes|c__CFGB2952|o__OFGB2952|f__FGB2952|g__GGB9293|s__GGB9293_SGB14250	species	2|1239|||||	0.261598	0.00261598	assessed	provisional
SID530295	SID530295	donor_combined_disjoint_clean_reads	k__Bacteria|p__Firmicutes|c__CFGB1776|o__OFGB1776|f__FGB1776|g__GGB4684|s__GGB4684_SGB6478	species	2|1239|||||	0.261155	0.0026115500000000002	assessed	provisional
SID530295	SID530295	donor_combined_disjoint_clean_reads	k__Bacteria|p__Firmicutes|c__Clostridia|o__Lachnospirales|f__Lachnospiraceae|g__Anaerobutyricum|s__Anaerobutyricum_hallii	species	2|1239|186801|3085636|186803|2569097|39488	0.258304	0.00258304	assessed	provisional
SID530295	SID530295	donor_combined_disjoint_clean_reads	k__Bacteria|p__Firmicutes|c__Negativicutes|o__Selenomonadales|f__Selenomonadaceae|g__Mitsuokella|s__Mitsuokella_jalaludinii	species	2|1239|909932|909929|1843491|52225|187979	0.255345	0.00255345	assessed	provisional
SID530295	SID530295	donor_combined_disjoint_clean_reads	k__Bacteria|p__Firmicutes|c__Clostridia|o__Eubacteriales|f__Oscillospiraceae|g__Ruminococcus|s__Ruminococcus_callidus	species	2|1239|186801|186802|216572|1263|40519	0.254991	0.0025499100000000003	assessed	provisional
SID530295	SID530295	donor_combined_disjoint_clean_reads	k__Bacteria|p__Firmicutes|c__Clostridia|o__Eubacteriales|f__Oscillospiraceae|g__Dysosmobacter|s__Dysosmobacter_segnis	species	2|1239|186801|186802|216572|2591381|2763042	0.25249	0.0025249	assessed	provisional
SID530295	SID530295	donor_combined_disjoint_clean_reads	k__Bacteria|p__Firmicutes|c__CFGB38642|o__OFGB38642|f__FGB38642|g__GGB9770|s__GGB9770_SGB15390	species	2|1239|||||	0.250872	0.00250872	assessed	provisional
SID530295	SID530295	donor_combined_disjoint_clean_reads	k__Bacteria|p__Bacteroidota|c__CFGB74620|o__OFGB74620|f__FGB74620|g__GGB1617|s__GGB1617_SGB2214	species	2|976|||||	0.249276	0.00249276	assessed	provisional
SID530295	SID530295	donor_combined_disjoint_clean_reads	k__Bacteria|p__Firmicutes|c__CFGB1778|o__OFGB1778|f__FGB1778|g__GGB4714|s__GGB4714_SGB6528	species	2|1239|||||	0.220185	0.00220185	assessed	provisional
SID530295	SID530295	donor_combined_disjoint_clean_reads	k__Bacteria|p__Firmicutes|c__CFGB1380|o__OFGB1380|f__FGB1380|g__GGB3363|s__GGB3363_SGB4448	species	2|1239|||||	0.216052	0.00216052	assessed	provisional
SID530295	SID530295	donor_combined_disjoint_clean_reads	k__Bacteria|p__Firmicutes|c__Bacillota_unclassified|o__Bacillota_unclassified|f__Bacillota_unclassified|g__Bacillota_unclassified|s__Bacillota_unclassified_SGB3983	species	2|1239|||||	0.211199	0.00211199	assessed	provisional
SID530295	SID530295	donor_combined_disjoint_clean_reads	k__Bacteria|p__Bacteroidota|c__Bacteroidia|o__Bacteroidales|f__Muribaculaceae|g__GGB1458|s__GGB1458_SGB2021	species	2|976|200643|171549|2005473||	0.209814	0.00209814	assessed	provisional
SID530295	SID530295	donor_combined_disjoint_clean_reads	k__Bacteria|p__Firmicutes|c__Clostridia|o__Lachnospirales|f__Lachnospiraceae|g__Frisingicoccus|s__Frisingicoccus_SGB47112	species	2|1239|186801|3085636|186803|1918511|	0.209588	0.00209588	assessed	provisional
SID530295	SID530295	donor_combined_disjoint_clean_reads	k__Bacteria|p__Firmicutes|c__Clostridia|o__Eubacteriales|f__Oscillospiraceae|g__GGB9788|s__GGB9788_SGB15411	species	2|1239|186801|186802|216572||	0.209571	0.00209571	assessed	provisional
SID530295	SID530295	donor_combined_disjoint_clean_reads	k__Bacteria|p__Firmicutes|c__CFGB31455|o__OFGB31455|f__FGB31455|g__GGB4700|s__GGB4700_SGB6506	species	2|1239|||||	0.201373	0.00201373	assessed	provisional
SID530295	SID530295	donor_combined_disjoint_clean_reads	k__Bacteria|p__Firmicutes|c__Clostridia|o__Lachnospirales|f__Lachnospiraceae|g__Oliverpabstia|s__Oliverpabstia_intestinalis	species	2|1239|186801|3085636|186803|2815777|2606633	0.199277	0.00199277	assessed	provisional
SID530295	SID530295	donor_combined_disjoint_clean_reads	k__Bacteria|p__Firmicutes|c__Clostridia|o__Eubacteriales|f__Eubacteriaceae|g__Eubacterium|s__Eubacterium_ramulus	species	2|1239|186801|186802|186806|1730|39490	0.196438	0.00196438	assessed	provisional
SID530295	SID530295	donor_combined_disjoint_clean_reads	k__Bacteria|p__Firmicutes|c__Clostridia|o__Eubacteriales|f__Eubacteriaceae|g__Eubacterium|s__Eubacterium_segne	species	2|1239|186801|186802|186806|1730|2763045	0.190434	0.00190434	assessed	provisional
SID530295	SID530295	donor_combined_disjoint_clean_reads	k__Bacteria|p__Actinomycetota|c__Coriobacteriia|o__Coriobacteriales|f__Coriobacteriaceae|g__Collinsella|s__Collinsella_aerofaciens	species	2|201174|84998|84999|84107|102106|74426	0.188405	0.00188405	assessed	provisional
SID530295	SID530295	donor_combined_disjoint_clean_reads	k__Bacteria|p__Firmicutes|c__Clostridia|o__Lachnospirales|f__Lachnospiraceae|g__Lachnospira|s__Lachnospira_eligens	species	2|1239|186801|3085636|186803|28050|39485	0.188303	0.00188303	assessed	provisional
SID530295	SID530295	donor_combined_disjoint_clean_reads	k__Bacteria|p__Firmicutes|c__Clostridia|o__Eubacteriales|f__Oscillospiraceae|g__Dysosmobacter|s__Dysosmobacter_welbionis	species	2|1239|186801|186802|216572|2591381|2093857	0.18426	0.0018426	assessed	provisional
SID530295	SID530295	donor_combined_disjoint_clean_reads	k__Bacteria|p__Firmicutes|c__CFGB92044|o__OFGB92044|f__FGB92044|g__GGB9547|s__GGB9547_SGB14954	species	2|1239|||||	0.181125	0.0018112500000000001	assessed	provisional
SID530295	SID530295	donor_combined_disjoint_clean_reads	k__Bacteria|p__Firmicutes|c__Clostridia|o__Eubacteriales|f__Oscillospiraceae|g__Oscillospiraceae_unclassified|s__Oscillospiraceae_unclassified_SGB4196	species	2|1239|186801|186802|216572||	0.18099	0.0018099000000000001	assessed	provisional
SID530295	SID530295	donor_combined_disjoint_clean_reads	k__Bacteria|p__Actinomycetota|c__Actinomycetes|o__Bifidobacteriales|f__Bifidobacteriaceae|g__Bifidobacterium|s__Bifidobacterium_animalis	species	2|201174|1760|85004|31953|1678|28025	0.180143	0.00180143	assessed	provisional
SID530295	SID530295	donor_combined_disjoint_clean_reads	k__Bacteria|p__Firmicutes|c__Clostridia|o__Lachnospirales|f__Lachnospiraceae|g__Mediterraneibacter|s__Ruminococcus_lactaris	species	2|1239|186801|3085636|186803|2316020|46228	0.179673	0.00179673	assessed	provisional
SID530295	SID530295	donor_combined_disjoint_clean_reads	k__Bacteria|p__Spirochaetota|c__Spirochaetia|o__Spirochaetales|f__Treponemataceae|g__Treponema|s__Treponema_porcinum	species	2|203691|203692|136|2845253|157|261392	0.175997	0.0017599699999999998	assessed	provisional
SID530295	SID530295	donor_combined_disjoint_clean_reads	k__Bacteria|p__Firmicutes|c__Clostridia|o__Lachnospirales|f__Lachnospiraceae|g__Blautia|s__Blautia_sp_MCC283	species	2|1239|186801|3085636|186803|572511|2592640	0.175515	0.00175515	assessed	provisional
SID530295	SID530295	donor_combined_disjoint_clean_reads	k__Bacteria|p__Firmicutes|c__CFGB3054|o__OFGB3054|f__FGB3054|g__GGB85626|s__GGB85626_SGB119609	species	2|1239|||||	0.174795	0.00174795	assessed	provisional
SID530295	SID530295	donor_combined_disjoint_clean_reads	k__Bacteria|p__Firmicutes|c__CFGB1354|o__OFGB1354|f__FGB1354|g__GGB3304|s__GGB3304_SGB4367	species	2|1239|||||	0.171453	0.00171453	assessed	provisional
SID530295	SID530295	donor_combined_disjoint_clean_reads	k__Bacteria|p__Bacteroidota|c__Bacteroidia|o__Bacteroidales|f__Prevotellaceae|g__GGB32423|s__GGB32423_SGB104791	species	2|976|200643|171549|171552||	0.169034	0.0016903399999999998	assessed	provisional
SID530295	SID530295	donor_combined_disjoint_clean_reads	k__Bacteria|p__Firmicutes|c__Clostridia|o__Eubacteriales|f__Oscillospiraceae|g__Faecalibacterium|s__Faecalibacterium_SGB15346	species	2|1239|186801|186802|216572|216851|	0.165007	0.0016500699999999998	assessed	provisional
SID530295	SID530295	donor_combined_disjoint_clean_reads	k__Bacteria|p__Firmicutes|c__CFGB82250|o__OFGB82250|f__FGB82250|g__GGB9350|s__GGB9350_SGB14317	species	2|1239|||||	0.151933	0.0015193300000000002	assessed	provisional
SID530295	SID530295	donor_combined_disjoint_clean_reads	k__Bacteria|p__Firmicutes|c__CFGB3023|o__OFGB3023|f__FGB3023|g__GGB9502|s__GGB9502_SGB14899	species	2|1239|||||	0.15088	0.0015087999999999998	assessed	provisional
SID530295	SID530295	donor_combined_disjoint_clean_reads	k__Bacteria|p__Firmicutes|c__CFGB13532|o__OFGB13532|f__FGB13532|g__GGB13532|s__GGB13532_SGB14832	species	2|1239|||||	0.146305	0.0014630499999999998	assessed	provisional
SID530295	SID530295	donor_combined_disjoint_clean_reads	k__Bacteria|p__Firmicutes|c__Clostridia|o__Eubacteriales|f__Oscillospiraceae|g__Hominilimicola|s__Hominilimicola_fabiformis	species	2|1239|186801|186802|216572|3073565|2885356	0.142339	0.0014233899999999999	assessed	provisional
SID530295	SID530295	donor_combined_disjoint_clean_reads	k__Bacteria|p__Firmicutes|c__CFGB10318|o__OFGB10318|f__FGB10318|g__GGB4659|s__GGB4659_SGB6447	species	2|1239|||||	0.137978	0.00137978	assessed	provisional
SID530295	SID530295	donor_combined_disjoint_clean_reads	k__Bacteria|p__Firmicutes|c__Clostridia|o__Lachnospirales|f__Lachnospiraceae|g__Coprococcus|s__Coprococcus_comes	species	2|1239|186801|3085636|186803|33042|410072	0.132754	0.00132754	assessed	provisional
SID530295	SID530295	donor_combined_disjoint_clean_reads	k__Bacteria|p__Firmicutes|c__Clostridia|o__Eubacteriales|f__Oscillospiraceae|g__GGB9602|s__GGB9602_SGB15031	species	2|1239|186801|186802|216572||	0.130771	0.00130771	assessed	provisional
SID530295	SID530295	donor_combined_disjoint_clean_reads	k__Bacteria|p__Firmicutes|c__Clostridia|o__Eubacteriales|f__Oscillospiraceae|g__Oscillibacter|s__Oscillibacter_sp_MSJ_31	species	2|1239|186801|186802|216572|459786|2841526	0.12837	0.0012837	assessed	provisional
SID530295	SID530295	donor_combined_disjoint_clean_reads	k__Bacteria|p__Firmicutes|c__CFGB72728|o__OFGB72728|f__FGB72728|g__GGB74463|s__GGB74463_SGB54347	species	2|1239|||||	0.127088	0.00127088	assessed	provisional
SID530295	SID530295	donor_combined_disjoint_clean_reads	k__Bacteria|p__Bacteroidota|c__CFGB4405|o__OFGB4405|f__FGB4405|g__GGB1266|s__GGB1266_SGB1699	species	2|976|||||	0.126972	0.00126972	assessed	provisional
SID530295	SID530295	donor_combined_disjoint_clean_reads	k__Bacteria|p__Thermodesulfobacteriota|c__Desulfovibrionia|o__Desulfovibrionales|f__Desulfovibrionaceae|g__Desulfovibrio|s__Desulfovibrio_piger	species	2|200940|3031449|213115|194924|872|901	0.123809	0.00123809	assessed	provisional
SID530295	SID530295	donor_combined_disjoint_clean_reads	k__Bacteria|p__Firmicutes|c__Clostridia|o__Lachnospirales|f__Lachnospiraceae|g__Coprococcus|s__Coprococcus_eutactus	species	2|1239|186801|3085636|186803|33042|33043	0.120331	0.00120331	assessed	provisional
SID530295	SID530295	donor_combined_disjoint_clean_reads	k__Bacteria|p__Firmicutes|c__Clostridia|o__Lachnospirales|f__Lachnospiraceae|g__Fusicatenibacter|s__Fusicatenibacter_saccharivorans	species	2|1239|186801|3085636|186803|1407607|1150298	0.119111	0.00119111	assessed	provisional
SID530295	SID530295	donor_combined_disjoint_clean_reads	k__Bacteria|p__Actinomycetota|c__Coriobacteriia|o__Coriobacteriales|f__Coriobacteriaceae|g__Senegalimassilia|s__Senegalimassilia_anaerobia	species	2|201174|84998|84999|84107|1473205|1473216	0.117731	0.00117731	assessed	provisional
SID530295	SID530295	donor_combined_disjoint_clean_reads	k__Bacteria|p__Firmicutes|c__CFGB1776|o__OFGB1776|f__FGB1776|g__GGB4673|s__GGB4673_SGB6462	species	2|1239|||||	0.114897	0.00114897	assessed	provisional
SID530295	SID530295	donor_combined_disjoint_clean_reads	k__Bacteria|p__Firmicutes|c__CFGB93792|o__OFGB93792|f__FGB93792|g__GGB9524|s__GGB9524_SGB14924	species	2|1239|||||	0.114327	0.00114327	assessed	provisional
SID530295	SID530295	donor_combined_disjoint_clean_reads	k__Bacteria|p__Firmicutes|c__CFGB79315|o__OFGB79315|f__FGB79315|g__GGB9758|s__GGB9758_SGB15368	species	2|1239|||||	0.1143	0.001143	assessed	provisional
SID530295	SID530295	donor_combined_disjoint_clean_reads	k__Bacteria|p__Firmicutes|c__CFGB92040|o__OFGB92040|f__FGB92040|g__GGB10692|s__GGB10692_SGB17347	species	2|1239|||||	0.113561	0.00113561	assessed	provisional
SID530295	SID530295	donor_combined_disjoint_clean_reads	k__Bacteria|p__Firmicutes|c__Clostridia|o__Eubacteriales|f__Oscillospiraceae|g__Ruthenibacterium|s__Ruthenibacterium_lactatiformans	species	2|1239|186801|186802|216572|1905344|1550024	0.112706	0.00112706	assessed	provisional
SID530295	SID530295	donor_combined_disjoint_clean_reads	k__Bacteria|p__Firmicutes|c__Clostridia|o__Lachnospirales|f__Lachnospiraceae|g__Blautia|s__Blautia_luti	species	2|1239|186801|3085636|186803|572511|89014	0.111589	0.00111589	assessed	provisional
SID530295	SID530295	donor_combined_disjoint_clean_reads	k__Bacteria|p__Firmicutes|c__Clostridia|o__Eubacteriales|f__Oscillospiraceae|g__Brotocaccenecus|s__Brotocaccenecus_cirricatena	species	2|1239|186801|186802|216572|3064194|3064195	0.102517	0.00102517	assessed	provisional
SID530295	SID530295	donor_combined_disjoint_clean_reads	k__Bacteria|p__Firmicutes|c__Clostridia|o__Peptostreptococcales|f__Peptostreptococcaceae|g__Romboutsia|s__Romboutsia_timonensis	species	2|1239|186801|3082720|186804|1501226|1776391	0.101366	0.00101366	assessed	provisional
SID530295	SID530295	donor_combined_disjoint_clean_reads	k__Bacteria|p__Thermodesulfobacteriota|c__Desulfovibrionia|o__Desulfovibrionales|f__Desulfovibrionaceae|g__Bilophila|s__Bilophila_wadsworthia	species	2|200940|3031449|213115|194924|35832|35833	0.098831	0.00098831	assessed	provisional
SID530295	SID530295	donor_combined_disjoint_clean_reads	k__Bacteria|p__Firmicutes|c__Clostridia|o__Eubacteriales|f__Oscillospiraceae|g__GGB9730|s__GGB9730_SGB15291	species	2|1239|186801|186802|216572||	0.098692	0.00098692	assessed	provisional
SID530295	SID530295	donor_combined_disjoint_clean_reads	k__Bacteria|p__Actinomycetota|c__Coriobacteriia|o__Coriobacteriales|f__Coriobacteriaceae|g__Collinsella|s__Collinsella_bouchesdurhonensis	species	2|201174|84998|84999|84107|102106|1907654	0.097304	0.00097304	assessed	provisional
SID530295	SID530295	donor_combined_disjoint_clean_reads	k__Bacteria|p__Firmicutes|c__Clostridia|o__Eubacteriales|f__Oscillospiraceae|g__GGB9634|s__GGB9634_SGB15106	species	2|1239|186801|186802|216572||	0.096648	0.00096648	assessed	provisional
SID530295	SID530295	donor_combined_disjoint_clean_reads	k__Bacteria|p__Firmicutes|c__Clostridia|o__Eubacteriales|f__Oscillospiraceae|g__GGB9707|s__GGB9707_SGB15229	species	2|1239|186801|186802|216572||	0.096421	0.0009642100000000001	assessed	provisional
SID530295	SID530295	donor_combined_disjoint_clean_reads	k__Bacteria|p__Firmicutes|c__Clostridia|o__Eubacteriales|f__Maliibacteriaceae|g__GGB9778|s__GGB9778_SGB15398	species	2|1239|186801|186802|3047432||	0.096156	0.0009615600000000001	assessed	provisional
SID530295	SID530295	donor_combined_disjoint_clean_reads	k__Bacteria|p__Firmicutes|c__Clostridia|o__Lachnospirales|f__Lachnospiraceae|g__Lachnospiraceae_unclassified|s__Lachnospiraceae_bacterium_OM14_6A	species	2|1239|186801|3085636|186803||2998047	0.095612	0.00095612	assessed	provisional
SID530295	SID530295	donor_combined_disjoint_clean_reads	k__Bacteria|p__Firmicutes|c__CFGB1262|o__OFGB1262|f__FGB1262|g__GGB3061|s__GGB3061_SGB4063	species	2|1239|||||	0.095341	0.0009534099999999999	assessed	provisional
SID530295	SID530295	donor_combined_disjoint_clean_reads	k__Bacteria|p__Firmicutes|c__Clostridia|o__Eubacteriales|f__Eubacteriales_Family_XIII_Incertae_Sedis|g__Lentihominibacter|s__Lentihominibacter_faecis	species	2|1239|186801|186802|543314|2944200|2764712	0.094701	0.00094701	assessed	provisional
SID530295	SID530295	donor_combined_disjoint_clean_reads	k__Bacteria|p__Firmicutes|c__Clostridia|o__Lachnospirales|f__Lachnospiraceae|g__Waltera|s__Waltera_acetigignens	species	2|1239|186801|3085636|186803|2815781|2981769	0.092338	0.00092338	assessed	provisional
SID530295	SID530295	donor_combined_disjoint_clean_reads	k__Bacteria|p__Firmicutes|c__Clostridia|o__Eubacteriales|f__Oscillospiraceae|g__GGB9779|s__GGB9779_SGB15399	species	2|1239|186801|186802|216572||	0.092131	0.0009213100000000001	assessed	provisional
SID530295	SID530295	donor_combined_disjoint_clean_reads	k__Bacteria|p__Firmicutes|c__Clostridia|o__Lachnospirales|f__Lachnospiraceae|g__GGB74412|s__GGB74412_SGB5075	species	2|1239|186801|3085636|186803||	0.091401	0.0009140099999999999	assessed	provisional
SID530295	SID530295	donor_combined_disjoint_clean_reads	k__Bacteria|p__Firmicutes|c__Clostridia|o__Eubacteriales|f__Oscillospiraceae|g__GGB9237|s__GGB9237_SGB14179	species	2|1239|186801|186802|216572||	0.089466	0.00089466	assessed	provisional
SID530295	SID530295	donor_combined_disjoint_clean_reads	k__Bacteria|p__Firmicutes|c__CFGB84123|o__OFGB84123|f__FGB84123|g__GGB3142|s__GGB3142_SGB4155	species	2|1239|||||	0.089163	0.00089163	assessed	provisional
SID530295	SID530295	donor_combined_disjoint_clean_reads	k__Bacteria|p__Firmicutes|c__Clostridia|o__Lachnospirales|f__Lachnospiraceae|g__Dorea|s__Dorea_formicigenerans	species	2|1239|186801|3085636|186803|189330|39486	0.088735	0.00088735	assessed	provisional
SID530295	SID530295	donor_combined_disjoint_clean_reads	k__Bacteria|p__Firmicutes|c__Clostridia|o__Lachnospirales|f__Lachnospiraceae|g__Blautia|s__Blautia_massiliensis_ex_Durand_et_al_2017	species	2|1239|186801|3085636|186803|572511|1737424	0.088675	0.0008867500000000001	assessed	provisional
SID530295	SID530295	donor_combined_disjoint_clean_reads	k__Bacteria|p__Firmicutes|c__CFGB1765|o__OFGB1765|f__FGB1765|g__GGB4603|s__GGB4603_SGB6367	species	2|1239|||||	0.084917	0.0008491700000000001	assessed	provisional
SID530295	SID530295	donor_combined_disjoint_clean_reads	k__Bacteria|p__Bacteroidota|c__Bacteroidia|o__Bacteroidales|f__Bacteroidaceae|g__Phocaeicola|s__Phocaeicola_dorei	species	2|976|200643|171549|815|909656|357276	0.084579	0.00084579	assessed	provisional
SID530295	SID530295	donor_combined_disjoint_clean_reads	k__Bacteria|p__Firmicutes|c__Clostridia|o__Eubacteriales|f__Oscillospiraceae|g__Lawsonibacter|s__Lawsonibacter_hominis	species	2|1239|186801|186802|216572|2172004|2763053	0.080942	0.00080942	assessed	provisional
SID530295	SID530295	donor_combined_disjoint_clean_reads	k__Bacteria|p__Firmicutes|c__Clostridia|o__Eubacteriales|f__Oscillospiraceae|g__GGB9781|s__GGB9781_SGB15401	species	2|1239|186801|186802|216572||	0.08081	0.0008081000000000001	assessed	provisional
SID530295	SID530295	donor_combined_disjoint_clean_reads	k__Bacteria|p__Firmicutes|c__Clostridia|o__Eubacteriales|f__Oscillospiraceae|g__Congzhengia|s__Congzhengia_minquanensis	species	2|1239|186801|186802|216572|2944150|2763657	0.080545	0.0008054500000000001	assessed	provisional
SID530295	SID530295	donor_combined_disjoint_clean_reads	k__Bacteria|p__Firmicutes|c__CFGB3043|o__OFGB3043|f__FGB3043|g__GGB9551|s__GGB9551_SGB14958	species	2|1239|||||	0.079231	0.00079231	assessed	provisional
SID530295	SID530295	donor_combined_disjoint_clean_reads	k__Bacteria|p__Firmicutes|c__CFGB1778|o__OFGB1778|f__FGB1778|g__GGB4715|s__GGB4715_SGB6529	species	2|1239|||||	0.077273	0.0007727299999999999	assessed	provisional
SID530295	SID530295	donor_combined_disjoint_clean_reads	k__Bacteria|p__Firmicutes|c__CFGB2919|o__OFGB2919|f__FGB2919|g__GGB9241|s__GGB9241_SGB14183	species	2|1239|||||	0.074198	0.00074198	assessed	provisional
SID530295	SID530295	donor_combined_disjoint_clean_reads	k__Bacteria|p__Firmicutes|c__Clostridia|o__Eubacteriales|f__Clostridiaceae|g__Clostridium|s__Clostridium_sp_AM22_11AC	species	2|1239|186801|186802|31979|1485|2293024	0.071144	0.00071144	assessed	provisional
SID530295	SID530295	donor_combined_disjoint_clean_reads	k__Bacteria|p__Firmicutes|c__Clostridia|o__Lachnospirales|f__Lachnospiraceae|g__Kineothrix|s__Kineothrix_SGB4886	species	2|1239|186801|3085636|186803|2163168|	0.070191	0.00070191	assessed	provisional
SID530295	SID530295	donor_combined_disjoint_clean_reads	k__Bacteria|p__Firmicutes|c__Clostridia|o__Eubacteriales|f__Oscillospiraceae|g__GGB3189|s__GGB3189_SGB4212	species	2|1239|186801|186802|216572||	0.069244	0.00069244	assessed	provisional
SID530295	SID530295	donor_combined_disjoint_clean_reads	k__Bacteria|p__Firmicutes|c__CFGB1311|o__OFGB1311|f__FGB1311|g__GGB3230|s__GGB3230_SGB47411	species	2|1239|||||	0.06856	0.0006856	assessed	provisional
SID530295	SID530295	donor_combined_disjoint_clean_reads	k__Bacteria|p__Bacteroidota|c__Bacteroidia|o__Bacteroidales|f__Bacteroidaceae|g__Phocaeicola|s__Phocaeicola_vulgatus	species	2|976|200643|171549|815|909656|821	0.068473	0.00068473	assessed	provisional
SID530295	SID530295	donor_combined_disjoint_clean_reads	k__Bacteria|p__Firmicutes|c__Clostridia|o__Eubacteriales|f__Clostridiaceae|g__GGB27106|s__GGB27106_SGB6188	species	2|1239|186801|186802|31979||	0.068023	0.00068023	assessed	provisional
SID530295	SID530295	donor_combined_disjoint_clean_reads	k__Bacteria|p__Firmicutes|c__CFGB9120|o__OFGB9120|f__FGB9120|g__GGB4642|s__GGB4642_SGB6422	species	2|1239|||||	0.067986	0.00067986	assessed	provisional
SID530295	SID530295	donor_combined_disjoint_clean_reads	k__Bacteria|p__Firmicutes|c__Clostridia|o__Eubacteriales|f__Oscillospiraceae|g__Pusillibacter|s__Pusillibacter_faecalis	species	2|1239|186801|186802|216572|2892397|2714358	0.067902	0.00067902	assessed	provisional
SID530295	SID530295	donor_combined_disjoint_clean_reads	k__Bacteria|p__Firmicutes|c__Clostridia|o__Lachnospirales|f__Anaerotignaceae|g__Anaerotignum|s__Anaerotignum_faecicola	species	2|1239|186801|3085636|3118652|2039240|2358141	0.066861	0.00066861	assessed	provisional
SID530295	SID530295	donor_combined_disjoint_clean_reads	k__Bacteria|p__Firmicutes|c__Clostridia|o__Eubacteriales|f__Oscillospiraceae|g__Lawsonibacter|s__Lawsonibacter_asaccharolyticus	species	2|1239|186801|186802|216572|2172004|2108523	0.065256	0.0006525599999999999	assessed	provisional
SID530295	SID530295	donor_combined_disjoint_clean_reads	k__Bacteria|p__Bacteroidota|c__Bacteroidia|o__Bacteroidales|f__Tannerellaceae|g__Parabacteroides|s__Parabacteroides_distasonis	species	2|976|200643|171549|2005525|375288|823	0.064661	0.0006466099999999999	assessed	provisional
SID530295	SID530295	donor_combined_disjoint_clean_reads	k__Bacteria|p__Firmicutes|c__Clostridia|o__Christensenellales|f__Christensenellaceae|g__Guopingia|s__Guopingia_tenuis	species	2|1239|186801|3082768|990719|2944148|2763656	0.064167	0.00064167	assessed	provisional
SID530295	SID530295	donor_combined_disjoint_clean_reads	k__Bacteria|p__Firmicutes|c__Clostridia|o__Lachnospirales|f__Lachnospiraceae|g__Roseburia|s__Roseburia_faecis	species	2|1239|186801|3085636|186803|841|301302	0.064059	0.00064059	assessed	provisional
SID530295	SID530295	donor_combined_disjoint_clean_reads	k__Bacteria|p__Actinomycetota|c__Coriobacteriia|o__Eggerthellales|f__Eggerthellaceae|g__Slackia|s__Slackia_isoflavoniconvertens	species	2|201174|84998|1643822|1643826|84108|572010	0.063545	0.0006354500000000001	assessed	provisional
SID530295	SID530295	donor_combined_disjoint_clean_reads	k__Bacteria|p__Firmicutes|c__Clostridia|o__Eubacteriales|f__Oscillospiraceae|g__Oscillospiraceae_unclassified|s__Clostridium_leptum	species	2|1239|186801|186802|216572||1535	0.063191	0.00063191	assessed	provisional
SID530295	SID530295	donor_combined_disjoint_clean_reads	k__Bacteria|p__Firmicutes|c__Clostridia|o__Lachnospirales|f__Lachnospiraceae|g__Anthropogastromicrobium|s__Anthropogastromicrobium_aceti	species	2|1239|186801|3085636|186803|2981630|2981768	0.061803	0.00061803	assessed	provisional
SID530295	SID530295	donor_combined_disjoint_clean_reads	k__Bacteria|p__Candidatus_Melainabacteria|c__Candidatus_Melainabacteria_unclassified|o__Candidatus_Gastranaerophilales|f__Candidatus_Gastranaerophilales_unclassified|g__GGB5988|s__GGB5988_SGB8608	species	2|1798710||1906119|||	0.061561	0.0006156099999999999	assessed	provisional
SID530295	SID530295	donor_combined_disjoint_clean_reads	k__Bacteria|p__Firmicutes|c__Clostridia|o__Eubacteriales|f__Oscillospiraceae|g__GGB9608|s__GGB9608_SGB15042	species	2|1239|186801|186802|216572||	0.06078	0.0006078	assessed	provisional
SID530295	SID530295	donor_combined_disjoint_clean_reads	k__Bacteria|p__Firmicutes|c__Clostridia|o__Eubacteriales|f__Oscillospiraceae|g__GGB9697|s__GGB9697_SGB15213	species	2|1239|186801|186802|216572||	0.059177	0.00059177	assessed	provisional
SID530295	SID530295	donor_combined_disjoint_clean_reads	k__Bacteria|p__Firmicutes|c__CFGB3054|o__OFGB3054|f__FGB3054|g__GGB9582|s__GGB9582_SGB15001	species	2|1239|||||	0.058845	0.00058845	assessed	provisional
SID530295	SID530295	donor_combined_disjoint_clean_reads	k__Bacteria|p__Bacteroidota|c__Bacteroidia|o__Bacteroidales|f__Muribaculaceae|g__GGB1547|s__GGB1547_SGB2131	species	2|976|200643|171549|2005473||	0.057453	0.00057453	assessed	provisional
SID530295	SID530295	donor_combined_disjoint_clean_reads	k__Bacteria|p__Firmicutes|c__CFGB94588|o__OFGB94588|f__FGB94588|g__GGB51647|s__GGB51647_SGB4348	species	2|1239|||||	0.056601	0.00056601	assessed	provisional
SID530295	SID530295	donor_combined_disjoint_clean_reads	k__Bacteria|p__Firmicutes|c__Erysipelotrichia|o__Erysipelotrichales|f__Coprobacillaceae|g__Faecalibacillus|s__Faecalibacillus_intestinalis	species	2|1239|526524|526525|2810280|2678885|1982626	0.05637	0.0005637	assessed	provisional
SID530295	SID530295	donor_combined_disjoint_clean_reads	k__Bacteria|p__Firmicutes|c__CFGB3054|o__OFGB3054|f__FGB3054|g__GGB9690|s__GGB9690_SGB15196	species	2|1239|||||	0.055515	0.00055515	assessed	provisional
SID530295	SID530295	donor_combined_disjoint_clean_reads	k__Bacteria|p__Firmicutes|c__CFGB10318|o__OFGB10318|f__FGB10318|g__GGB4637|s__GGB4637_SGB6416	species	2|1239|||||	0.054126	0.00054126	assessed	provisional
SID530295	SID530295	donor_combined_disjoint_clean_reads	k__Bacteria|p__Firmicutes|c__Clostridia|o__Lachnospirales|f__Lachnospiraceae|g__Blautia|s__Blautia_wexlerae	species	2|1239|186801|3085636|186803|572511|418240	0.054093	0.00054093	assessed	provisional
SID530295	SID530295	donor_combined_disjoint_clean_reads	k__Bacteria|p__Firmicutes|c__CFGB10318|o__OFGB10318|f__FGB10318|g__GGB4638|s__GGB4638_SGB6417	species	2|1239|||||	0.053173	0.00053173	assessed	provisional
SID530295	SID530295	donor_combined_disjoint_clean_reads	k__Bacteria|p__Firmicutes|c__Clostridia|o__Eubacteriales|f__Oscillospiraceae|g__Oscillospiraceae_unclassified|s__Oscillospiraceae_bacterium	species	2|1239|186801|186802|216572||2485925	0.052744	0.00052744	assessed	provisional
SID530295	SID530295	donor_combined_disjoint_clean_reads	k__Bacteria|p__Firmicutes|c__Clostridia|o__Lachnospirales|f__Lachnospiraceae|g__Blautia|s__Blautia_faecis	species	2|1239|186801|3085636|186803|572511|871665	0.052695	0.00052695	assessed	provisional
SID530295	SID530295	donor_combined_disjoint_clean_reads	k__Bacteria|p__Firmicutes|c__Clostridia|o__Eubacteriales|f__Eubacteriaceae|g__Eubacteriaceae_unclassified|s__Eubacteriaceae_bacterium	species	2|1239|186801|186802|186806||2049045	0.051164	0.0005116400000000001	assessed	provisional
SID530295	SID530295	donor_combined_disjoint_clean_reads	k__Bacteria|p__Bacteroidota|c__Bacteroidia|o__Bacteroidales|f__Bacteroidaceae|g__Phocaeicola|s__Phocaeicola_massiliensis	species	2|976|200643|171549|815|909656|204516	0.04967	0.0004967	assessed	provisional
SID530295	SID530295	donor_combined_disjoint_clean_reads	k__Bacteria|p__Firmicutes|c__CFGB2959|o__OFGB2959|f__FGB2959|g__GGB9301|s__GGB9301_SGB14262	species	2|1239|||||	0.046863	0.00046863000000000004	assessed	provisional
SID530295	SID530295	donor_combined_disjoint_clean_reads	k__Bacteria|p__Firmicutes|c__CFGB58251|o__OFGB58251|f__FGB58251|g__GGB9763|s__GGB9763_SGB15380	species	2|1239|||||	0.046499	0.00046499	assessed	provisional
SID530295	SID530295	donor_combined_disjoint_clean_reads	k__Bacteria|p__Firmicutes|c__Clostridia|o__Eubacteriales|f__Oscillospiraceae|g__GGB9667|s__GGB9667_SGB15164	species	2|1239|186801|186802|216572||	0.045485	0.00045484999999999997	assessed	provisional
SID530295	SID530295	donor_combined_disjoint_clean_reads	k__Bacteria|p__Firmicutes|c__Clostridia|o__Lachnospirales|f__Lachnospiraceae|g__Blautia|s__Blautia_glucerasea	species	2|1239|186801|3085636|186803|572511|536633	0.044789	0.00044789000000000005	assessed	provisional
SID530295	SID530295	donor_combined_disjoint_clean_reads	k__Bacteria|p__Firmicutes|c__Clostridia|o__Eubacteriales|f__Oscillospiraceae|g__GGB9784|s__GGB9784_SGB15407	species	2|1239|186801|186802|216572||	0.044428	0.00044428	assessed	provisional
SID530295	SID530295	donor_combined_disjoint_clean_reads	k__Bacteria|p__Firmicutes|c__CFGB88346|o__OFGB88346|f__FGB88346|g__GGB43675|s__GGB43675_SGB61016	species	2|1239|||||	0.044056	0.00044056	assessed	provisional
SID530295	SID530295	donor_combined_disjoint_clean_reads	k__Bacteria|p__Firmicutes|c__CFGB52309|o__OFGB52309|f__FGB52309|g__GGB53380|s__GGB53380_SGB74412	species	2|1239|||||	0.043662	0.00043662	assessed	provisional
SID530295	SID530295	donor_combined_disjoint_clean_reads	k__Bacteria|p__Firmicutes|c__Clostridia|o__Lachnospirales|f__Lachnospiraceae|g__Lachnospiraceae_unclassified|s__Lachnospiraceae_bacterium	species	2|1239|186801|3085636|186803||1898203	0.041571	0.00041570999999999996	assessed	provisional
SID530295	SID530295	donor_combined_disjoint_clean_reads	k__Bacteria|p__Firmicutes|c__CFGB3034|o__OFGB3034|f__FGB3034|g__GGB45614|s__GGB45614_SGB63327	species	2|1239|||||	0.041548	0.00041548	assessed	provisional
SID530295	SID530295	donor_combined_disjoint_clean_reads	k__Bacteria|p__Firmicutes|c__CFGB2833|o__OFGB2833|f__FGB2833|g__GGB9057|s__GGB9057_SGB13972	species	2|1239|||||	0.041459	0.00041459000000000005	assessed	provisional
SID530295	SID530295	donor_combined_disjoint_clean_reads	k__Bacteria|p__Firmicutes|c__CFGB84486|o__OFGB84486|f__FGB84486|g__GGB3653|s__GGB3653_SGB4964	species	2|1239|||||	0.04142	0.0004142	assessed	provisional
SID530295	SID530295	donor_combined_disjoint_clean_reads	k__Bacteria|p__Firmicutes|c__Clostridia|o__Eubacteriales|f__Oscillospiraceae|g__GGB9634|s__GGB9634_SGB15103	species	2|1239|186801|186802|216572||	0.041364	0.00041364	assessed	provisional
SID530295	SID530295	donor_combined_disjoint_clean_reads	k__Bacteria|p__Firmicutes|c__Clostridia|o__Lachnospirales|f__Anaerotignaceae|g__GGB3816|s__GGB3816_SGB5181	species	2|1239|186801|3085636|3118652||	0.041315	0.00041315	assessed	provisional
SID530295	SID530295	donor_combined_disjoint_clean_reads	k__Bacteria|p__Firmicutes|c__Clostridia|o__Lachnospirales|f__Lachnospiraceae|g__Dorea|s__Dorea_sp_AF36_15AT	species	2|1239|186801|3085636|186803|189330|2292041	0.041258	0.00041258	assessed	provisional
SID530295	SID530295	donor_combined_disjoint_clean_reads	k__Bacteria|p__Firmicutes|c__CFGB3038|o__OFGB3038|f__FGB3038|g__GGB9531|s__GGB9531_SGB14932	species	2|1239|||||	0.041242	0.00041242	assessed	provisional
SID530295	SID530295	donor_combined_disjoint_clean_reads	k__Bacteria|p__Firmicutes|c__Clostridia|o__Eubacteriales|f__Oscillospiraceae|g__GGB9781|s__GGB9781_SGB15402	species	2|1239|186801|186802|216572||	0.040713	0.00040713	assessed	provisional
SID530295	SID530295	donor_combined_disjoint_clean_reads	k__Bacteria|p__Firmicutes|c__Clostridia|o__Eubacteriales|f__Clostridiaceae|g__Clostridium|s__Clostridium_fessum	species	2|1239|186801|186802|31979|1485|2126740	0.040538	0.00040538	assessed	provisional
SID530295	SID530295	donor_combined_disjoint_clean_reads	k__Bacteria|p__Firmicutes|c__CFGB51793|o__OFGB51793|f__FGB51793|g__GGB3317|s__GGB3317_SGB4386	species	2|1239|||||	0.040488	0.00040488000000000004	assessed	provisional
SID530295	SID530295	donor_combined_disjoint_clean_reads	k__Bacteria|p__Firmicutes|c__CFGB1776|o__OFGB1776|f__FGB1776|g__GGB4683|s__GGB4683_SGB6473	species	2|1239|||||	0.040362	0.00040362000000000004	assessed	provisional
SID530295	SID530295	donor_combined_disjoint_clean_reads	k__Bacteria|p__Firmicutes|c__Clostridia|o__Eubacteriales|f__Eubacteriales_unclassified|g__Intestinimonas|s__Intestinimonas_butyriciproducens	species	2|1239|186801|186802||1392389|1297617	0.040347	0.00040347	assessed	provisional
SID530295	SID530295	donor_combined_disjoint_clean_reads	k__Bacteria|p__Firmicutes|c__CFGB2936|o__OFGB2936|f__FGB2936|g__GGB9267|s__GGB9267_SGB14218	species	2|1239|||||	0.040184	0.00040184	assessed	provisional
SID530295	SID530295	donor_combined_disjoint_clean_reads	k__Bacteria|p__Firmicutes|c__CFGB36777|o__OFGB36777|f__FGB36777|g__GGB36777|s__GGB36777_SGB49178	species	2|1239|||||	0.040055	0.00040055	assessed	provisional
SID530295	SID530295	donor_combined_disjoint_clean_reads	k__Bacteria|p__Firmicutes|c__Clostridia|o__Eubacteriales|f__Butyricicoccaceae|g__Agathobaculum|s__Agathobaculum_butyriciproducens	species	2|1239|186801|186802|3085642|2048137|1628085	0.039374	0.00039374	assessed	provisional
SID530295	SID530295	donor_combined_disjoint_clean_reads	k__Bacteria|p__Firmicutes|c__CFGB3054|o__OFGB3054|f__FGB3054|g__GGB33512|s__GGB33512_SGB15203	species	2|1239|||||	0.038211	0.00038211	assessed	provisional
SID530295	SID530295	donor_combined_disjoint_clean_reads	k__Bacteria|p__Firmicutes|c__Clostridia|o__Eubacteriales|f__Oscillospiraceae|g__GGB9634|s__GGB9634_SGB15093	species	2|1239|186801|186802|216572||	0.037511	0.00037511	assessed	provisional
SID530295	SID530295	donor_combined_disjoint_clean_reads	k__Bacteria|p__Firmicutes|c__CFGB79291|o__OFGB79291|f__FGB79291|g__GGB9522|s__GGB9522_SGB14921	species	2|1239|||||	0.037387	0.00037386999999999994	assessed	provisional
SID530295	SID530295	donor_combined_disjoint_clean_reads	k__Bacteria|p__Firmicutes|c__CFGB1217|o__OFGB1217|f__FGB1217|g__GGB2982|s__GGB2982_SGB3964	species	2|1239|||||	0.0371	0.000371	assessed	provisional
SID530295	SID530295	donor_combined_disjoint_clean_reads	k__Bacteria|p__Firmicutes|c__Clostridia|o__Eubacteriales|f__Oscillospiraceae|g__GGB9641|s__GGB9641_SGB15117	species	2|1239|186801|186802|216572||	0.035181	0.00035181	assessed	provisional
SID530295	SID530295	donor_combined_disjoint_clean_reads	k__Bacteria|p__Firmicutes|c__Clostridia|o__Eubacteriales|f__Clostridiaceae|g__Clostridium|s__Clostridium_SGB6179	species	2|1239|186801|186802|31979|1485|	0.034186	0.00034186000000000004	assessed	provisional
SID530295	SID530295	donor_combined_disjoint_clean_reads	k__Bacteria|p__Firmicutes|c__CFGB3230|o__OFGB3230|f__FGB3230|g__GGB42064|s__GGB42064_SGB59204	species	2|1239|||||	0.033697	0.00033696999999999997	assessed	provisional
SID530295	SID530295	donor_combined_disjoint_clean_reads	k__Bacteria|p__Firmicutes|c__Clostridia|o__Eubacteriales|f__Oscillospiraceae|g__GGB9708|s__GGB9708_SGB15234	species	2|1239|186801|186802|216572||	0.03345	0.0003345	assessed	provisional
SID530295	SID530295	donor_combined_disjoint_clean_reads	k__Bacteria|p__Firmicutes|c__Clostridia|o__Lachnospirales|f__Lachnospiraceae|g__Fusicatenibacter|s__Fusicatenibacter_faecihominis	species	2|1239|186801|3085636|186803|1407607|2881276	0.032884	0.00032883999999999995	assessed	provisional
SID530295	SID530295	donor_combined_disjoint_clean_reads	k__Bacteria|p__Firmicutes|c__CFGB38642|o__OFGB38642|f__FGB38642|g__GGB9770|s__GGB9770_SGB15389	species	2|1239|||||	0.03264	0.0003264	assessed	provisional
SID530295	SID530295	donor_combined_disjoint_clean_reads	k__Bacteria|p__Firmicutes|c__Clostridia|o__Eubacteriales|f__Beduinellaceae|g__GGB9760|s__GGB9760_SGB15373	species	2|1239|186801|186802|3151707||	0.03249	0.0003249	assessed	provisional
SID530295	SID530295	donor_combined_disjoint_clean_reads	k__Bacteria|p__Firmicutes|c__Clostridia|o__Eubacteriales|f__Clostridiaceae|g__Clostridiaceae_unclassified|s__Clostridiaceae_bacterium	species	2|1239|186801|186802|31979||1898204	0.032477	0.00032477	assessed	provisional
SID530295	SID530295	donor_combined_disjoint_clean_reads	k__Bacteria|p__Firmicutes|c__Clostridia|o__Eubacteriales|f__Clostridiaceae|g__GGB3478|s__GGB3478_SGB4643	species	2|1239|186801|186802|31979||	0.032099	0.00032099	assessed	provisional
SID530295	SID530295	donor_combined_disjoint_clean_reads	k__Bacteria|p__Firmicutes|c__CFGB1765|o__OFGB1765|f__FGB1765|g__GGB4552|s__GGB4552_SGB6276	species	2|1239|||||	0.031079	0.00031078999999999997	assessed	provisional
SID530295	SID530295	donor_combined_disjoint_clean_reads	k__Bacteria|p__Firmicutes|c__Clostridia|o__Lachnospirales|f__Lachnospiraceae|g__GGB3627|s__GGB3627_SGB4906	species	2|1239|186801|3085636|186803||	0.03074	0.0003074	assessed	provisional
SID530295	SID530295	donor_combined_disjoint_clean_reads	k__Bacteria|p__Firmicutes|c__Clostridia|o__Eubacteriales|f__Oscillospiraceae|g__GGB13493|s__GGB13493_SGB15238	species	2|1239|186801|186802|216572||	0.030646	0.00030646	assessed	provisional
SID530295	SID530295	donor_combined_disjoint_clean_reads	k__Bacteria|p__Actinomycetota|c__Coriobacteriia|o__Coriobacteriales|f__Coriobacteriaceae|g__GGB9370|s__GGB9370_SGB14351	species	2|201174|84998|84999|84107||	0.030448	0.00030448	assessed	provisional
SID530295	SID530295	donor_combined_disjoint_clean_reads	k__Bacteria|p__Actinomycetota|c__Coriobacteriia|o__Coriobacteriales|f__Coriobacteriaceae|g__GGB9383|s__GGB9383_SGB14382	species	2|201174|84998|84999|84107||	0.030091	0.00030091	assessed	provisional
SID530295	SID530295	donor_combined_disjoint_clean_reads	k__Bacteria|p__Firmicutes|c__Bacillota_unclassified|o__Bacillota_unclassified|f__Bacillota_unclassified|g__GGB2998|s__GGB2998_SGB3988	species	2|1239|||||	0.029935	0.00029935	assessed	provisional
SID530295	SID530295	donor_combined_disjoint_clean_reads	k__Bacteria|p__Firmicutes|c__Clostridia|o__Lachnospirales|f__Lachnospiraceae|g__Coprococcus|s__Coprococcus_catus	species	2|1239|186801|3085636|186803|33042|116085	0.029031	0.00029031	assessed	provisional
SID530295	SID530295	donor_combined_disjoint_clean_reads	k__Bacteria|p__Firmicutes|c__CFGB2890|o__OFGB2890|f__FGB2890|g__GGB9198|s__GGB9198_SGB14137	species	2|1239|||||	0.028693	0.00028693	assessed	provisional
SID530295	SID530295	donor_combined_disjoint_clean_reads	k__Bacteria|p__Firmicutes|c__Clostridia|o__Eubacteriales|f__Eubacteriales_Family_XIII_Incertae_Sedis|g__Zhenpiania|s__Zhenpiania_hominis	species	2|1239|186801|186802|543314|2944199|2763644	0.028306	0.00028306	assessed	provisional
SID530295	SID530295	donor_combined_disjoint_clean_reads	k__Bacteria|p__Firmicutes|c__Clostridia|o__Eubacteriales|f__Oscillospiraceae|g__GGB9627|s__GGB9627_SGB15081	species	2|1239|186801|186802|216572||	0.027808	0.00027808	assessed	provisional
SID530295	SID530295	donor_combined_disjoint_clean_reads	k__Bacteria|p__Firmicutes|c__CFGB58251|o__OFGB58251|f__FGB58251|g__GGB74446|s__GGB74446_SGB53492	species	2|1239|||||	0.027578	0.00027578	assessed	provisional
SID530295	SID530295	donor_combined_disjoint_clean_reads	k__Bacteria|p__Firmicutes|c__Clostridia|o__Lachnospirales|f__Lachnospiraceae|g__Faecalicatena|s__Faecalicatena_fissicatena	species	2|1239|186801|3085636|186803|2005359|290055	0.026981	0.00026981	assessed	provisional
SID530295	SID530295	donor_combined_disjoint_clean_reads	k__Bacteria|p__Bacteroidota|c__Bacteroidia|o__Bacteroidales|f__Bacteroidaceae|g__Bacteroides|s__Bacteroides_caccae	species	2|976|200643|171549|815|816|47678	0.026246	0.00026246	assessed	provisional
SID530295	SID530295	donor_combined_disjoint_clean_reads	k__Bacteria|p__Firmicutes|c__CFGB2982|o__OFGB2982|f__FGB2982|g__GGB9342|s__GGB9342_SGB14306	species	2|1239|||||	0.026166	0.00026166	assessed	provisional
SID530295	SID530295	donor_combined_disjoint_clean_reads	k__Bacteria|p__Firmicutes|c__CFGB73223|o__OFGB73223|f__FGB73223|g__GGB9249|s__GGB9249_SGB14193	species	2|1239|||||	0.025997	0.00025997	assessed	provisional
SID530295	SID530295	donor_combined_disjoint_clean_reads	k__Bacteria|p__Firmicutes|c__Clostridia|o__Lachnospirales|f__Lachnospiraceae|g__Roseburia|s__Roseburia_amylophila	species	2|1239|186801|3085636|186803|841|2981794	0.025744	0.00025744	assessed	provisional
SID530295	SID530295	donor_combined_disjoint_clean_reads	k__Bacteria|p__Actinomycetota|c__Coriobacteriia|o__Coriobacteriales|f__Atopobiaceae|g__Paratractidigestivibacter|s__Paratractidigestivibacter_faecalis	species	2|201174|84998|84999|1643824|2847314|2292441	0.025615	0.00025614999999999996	assessed	provisional
SID530295	SID530295	donor_combined_disjoint_clean_reads	k__Bacteria|p__Firmicutes|c__CFGB3054|o__OFGB3054|f__FGB3054|g__GGB33512|s__GGB33512_SGB15204	species	2|1239|||||	0.025395	0.00025395	assessed	provisional
SID530295	SID530295	donor_combined_disjoint_clean_reads	k__Bacteria|p__Firmicutes|c__Clostridia|o__Lachnospirales|f__Lachnospiraceae|g__Eisenbergiella|s__Eisenbergiella_tayi	species	2|1239|186801|3085636|186803|1432051|1432052	0.024707	0.00024707	assessed	provisional
SID530295	SID530295	donor_combined_disjoint_clean_reads	k__Bacteria|p__Firmicutes|c__Clostridia|o__Eubacteriales|f__Eubacteriales_Family_XIII_Incertae_Sedis|g__GGB2980|s__GGB2980_SGB3962	species	2|1239|186801|186802|543314||	0.024302	0.00024302000000000001	assessed	provisional
SID530295	SID530295	donor_combined_disjoint_clean_reads	k__Bacteria|p__Firmicutes|c__Clostridia|o__Eubacteriales|f__Oscillospiraceae|g__Hydrogenoanaerobacterium|s__Hydrogenoanaerobacterium_saccharovorans	species	2|1239|186801|186802|216572|596767|474960	0.024159	0.00024159	assessed	provisional
SID530295	SID530295	donor_combined_disjoint_clean_reads	k__Bacteria|p__Firmicutes|c__CFGB1011|o__OFGB1011|f__FGB1011|g__GGB2653|s__GGB2653_SGB3574	species	2|1239|||||	0.024014	0.00024014000000000001	assessed	provisional
SID530295	SID530295	donor_combined_disjoint_clean_reads	k__Bacteria|p__Bacteroidota|c__Bacteroidia|o__Bacteroidales|f__Barnesiellaceae|g__Barnesiella|s__Barnesiella_intestinihominis	species	2|976|200643|171549|2005519|397864|487174	0.02387	0.0002387	assessed	provisional
SID530295	SID530295	donor_combined_disjoint_clean_reads	k__Bacteria|p__Bacteroidota|c__Bacteroidia|o__Bacteroidales|f__Tannerellaceae|g__Parabacteroides|s__Parabacteroides_merdae	species	2|976|200643|171549|2005525|375288|46503	0.023771	0.00023771	assessed	provisional
SID530295	SID530295	donor_combined_disjoint_clean_reads	k__Bacteria|p__Firmicutes|c__CFGB1374|o__OFGB1374|f__FGB1374|g__GGB3351|s__GGB3351_SGB4435	species	2|1239|||||	0.023566	0.00023566	assessed	provisional
SID530295	SID530295	donor_combined_disjoint_clean_reads	k__Bacteria|p__Firmicutes|c__CFGB91968|o__OFGB91968|f__FGB91968|g__GGB79087|s__GGB79087_SGB105683	species	2|1239|||||	0.022285	0.00022285	assessed	provisional
SID530295	SID530295	donor_combined_disjoint_clean_reads	k__Bacteria|p__Bacteroidota|c__Bacteroidia|o__Bacteroidales|f__Bacteroidaceae|g__Bacteroides|s__Bacteroides_ovatus	species	2|976|200643|171549|815|816|28116	0.022144	0.00022144	assessed	provisional
SID530295	SID530295	donor_combined_disjoint_clean_reads	k__Bacteria|p__Firmicutes|c__CFGB3054|o__OFGB3054|f__FGB3054|g__GGB45577|s__GGB45577_SGB63275	species	2|1239|||||	0.022143	0.00022143	assessed	provisional
SID530295	SID530295	donor_combined_disjoint_clean_reads	k__Bacteria|p__Firmicutes|c__Clostridia|o__Eubacteriales|f__Eubacteriales_Family_XIII_Incertae_Sedis|g__GGB96306|s__GGB96306_SGB123796	species	2|1239|186801|186802|543314||	0.021857	0.00021857000000000002	assessed	provisional
SID530295	SID530295	donor_combined_disjoint_clean_reads	k__Bacteria|p__Firmicutes|c__Clostridia|o__Eubacteriales|f__Oscillospiraceae|g__GGB9781|s__GGB9781_SGB66170	species	2|1239|186801|186802|216572||	0.021473	0.00021473	assessed	provisional
SID530295	SID530295	donor_combined_disjoint_clean_reads	k__Bacteria|p__Firmicutes|c__Clostridia|o__Eubacteriales|f__Clostridiaceae|g__Pilosibacter|s__Pilosibacter_fragilis	species	2|1239|186801|186802|31979|3144345|3078042	0.021243	0.00021243000000000002	assessed	provisional
SID530295	SID530295	donor_combined_disjoint_clean_reads	k__Bacteria|p__Firmicutes|c__CFGB49665|o__OFGB49665|f__FGB49665|g__GGB52022|s__GGB52022_SGB72690	species	2|1239|||||	0.020712	0.00020712	assessed	provisional
SID530295	SID530295	donor_combined_disjoint_clean_reads	k__Bacteria|p__Firmicutes|c__Clostridia|o__Lachnospirales|f__Lachnospiraceae|g__Roseburia|s__Roseburia_inulinivorans	species	2|1239|186801|3085636|186803|841|360807	0.020503	0.00020503	assessed	provisional
SID530295	SID530295	donor_combined_disjoint_clean_reads	k__Bacteria|p__Actinomycetota|c__Actinomycetes|o__Propionibacteriales|f__Propionibacteriaceae|g__Propionibacterium|s__Propionibacterium_freudenreichii	species	2|201174|1760|85009|31957|1743|1744	0.01995	0.0001995	assessed	provisional
SID530295	SID530295	donor_combined_disjoint_clean_reads	k__Bacteria|p__Firmicutes|c__Clostridia|o__Lachnospirales|f__Lachnospiraceae|g__Lacrimispora|s__Lacrimispora_sp_210928_DFI_3_58	species	2|1239|186801|3085636|186803|2719231|2883214	0.019681	0.00019681	assessed	provisional
SID530295	SID530295	donor_combined_disjoint_clean_reads	k__Bacteria|p__Firmicutes|c__Clostridia|o__Eubacteriales|f__Oscillospiraceae|g__Faecalibacterium|s__Faecalibacterium_butyricigenerans	species	2|1239|186801|186802|216572|216851|1851427	0.019259	0.00019258999999999997	assessed	provisional
SID530295	SID530295	donor_combined_disjoint_clean_reads	k__Bacteria|p__Firmicutes|c__CFGB9272|o__OFGB9272|f__FGB9272|g__GGB9296|s__GGB9296_SGB14253	species	2|1239|||||	0.018708	0.00018707999999999998	assessed	provisional
SID530295	SID530295	donor_combined_disjoint_clean_reads	k__Bacteria|p__Firmicutes|c__CFGB82363|o__OFGB82363|f__FGB82363|g__GGB9545|s__GGB9545_SGB14951	species	2|1239|||||	0.018555	0.00018554999999999998	assessed	provisional
SID530295	SID530295	donor_combined_disjoint_clean_reads	k__Bacteria|p__Firmicutes|c__Clostridia|o__Eubacteriales|f__Eubacteriales_unclassified|g__GGB9563|s__GGB9563_SGB14975	species	2|1239|186801|186802|||	0.018324	0.00018324	assessed	provisional
SID530295	SID530295	donor_combined_disjoint_clean_reads	k__Bacteria|p__Firmicutes|c__Bacilli|o__Lactobacillales|f__Streptococcaceae|g__Lactococcus|s__Lactococcus_lactis	species	2|1239|91061|186826|1300|1357|1358	0.018216	0.00018216	assessed	provisional
SID530295	SID530295	donor_combined_disjoint_clean_reads	k__Bacteria|p__Firmicutes|c__CFGB2918|o__OFGB2918|f__FGB2918|g__GGB9240|s__GGB9240_SGB14182	species	2|1239|||||	0.01812	0.0001812	assessed	provisional
SID530295	SID530295	donor_combined_disjoint_clean_reads	k__Bacteria|p__Firmicutes|c__Clostridia|o__Eubacteriales|f__Oscillospiraceae|g__Ruminococcus|s__Ruminococcus_bicirculans_ex_Wegman_et_al_2014	species	2|1239|186801|186802|216572|1263|1160721	0.017675	0.00017675	assessed	provisional
SID530295	SID530295	donor_combined_disjoint_clean_reads	k__Bacteria|p__Firmicutes|c__Clostridia|o__Eubacteriales|f__Oscillospiraceae|g__GGB9786|s__GGB9786_SGB63164	species	2|1239|186801|186802|216572||	0.017607	0.00017607	assessed	provisional
SID530295	SID530295	donor_combined_disjoint_clean_reads	k__Bacteria|p__Bacteroidota|c__Bacteroidia|o__Bacteroidales|f__Rikenellaceae|g__Alistipes|s__Alistipes_shahii	species	2|976|200643|171549|171550|239759|328814	0.017124	0.00017124	assessed	provisional
SID530295	SID530295	donor_combined_disjoint_clean_reads	k__Bacteria|p__Firmicutes|c__CFGB84669|o__OFGB84669|f__FGB84669|g__GGB100505|s__GGB100505_SGB209407	species	2|1239|||||	0.016328	0.00016328	assessed	provisional
SID530295	SID530295	donor_combined_disjoint_clean_reads	k__Bacteria|p__Firmicutes|c__Clostridia|o__Lachnospirales|f__Lachnospiraceae|g__Mediterraneibacter|s__Mediterraneibacter_hominis	species	2|1239|186801|3085636|186803|2316020|2763054	0.015993	0.00015993	assessed	provisional
SID530295	SID530295	donor_combined_disjoint_clean_reads	k__Bacteria|p__Firmicutes|c__Clostridia|o__Lachnospirales|f__Lachnospiraceae|g__Dorea|s__Dorea_hominis	species	2|1239|186801|3085636|186803|189330|2763040	0.01593	0.0001593	assessed	provisional
SID530295	SID530295	donor_combined_disjoint_clean_reads	k__Bacteria|p__Firmicutes|c__Clostridia|o__Eubacteriales|f__Oscillospiraceae|g__Qingrenia|s__Qingrenia_yutianensis	species	2|1239|186801|186802|216572|2983459|2763676	0.015554	0.00015554	assessed	provisional
SID530295	SID530295	donor_combined_disjoint_clean_reads	k__Bacteria|p__Firmicutes|c__CFGB84306|o__OFGB84306|f__FGB84306|g__GGB79227|s__GGB79227_SGB105547	species	2|1239|||||	0.015484	0.00015484	assessed	provisional
SID530295	SID530295	donor_combined_disjoint_clean_reads	k__Bacteria|p__Firmicutes|c__CFGB73144|o__OFGB73144|f__FGB73144|g__GGB9500|s__GGB9500_SGB105422	species	2|1239|||||	0.015241	0.00015240999999999999	assessed	provisional
SID530295	SID530295	donor_combined_disjoint_clean_reads	k__Bacteria|p__Firmicutes|c__Clostridia|o__Eubacteriales|f__Eubacteriales_unclassified|g__Gemmiger|s__Gemmiger_SGB15295	species	2|1239|186801|186802||204475|	0.014922	0.00014921999999999998	assessed	provisional
SID530295	SID530295	donor_combined_disjoint_clean_reads	k__Bacteria|p__Firmicutes|c__CFGB38642|o__OFGB38642|f__FGB38642|g__GGB9773|s__GGB9773_SGB15393	species	2|1239|||||	0.014904	0.00014904	assessed	provisional
SID530295	SID530295	donor_combined_disjoint_clean_reads	k__Bacteria|p__Firmicutes|c__Clostridia|o__Eubacteriales|f__Oscillospiraceae|g__Oscillibacter|s__Oscillibacter_SGB15077	species	2|1239|186801|186802|216572|459786|	0.014858	0.00014858	assessed	provisional
SID530295	SID530295	donor_combined_disjoint_clean_reads	k__Bacteria|p__Firmicutes|c__Clostridia|o__Eubacteriales|f__Beduinellaceae|g__GGB9759|s__GGB9759_SGB15370	species	2|1239|186801|186802|3151707||	0.014823	0.00014822999999999998	assessed	provisional
SID530295	SID530295	donor_combined_disjoint_clean_reads	k__Bacteria|p__Bacteria_unclassified|c__Bacteria_unclassified|o__Bacteria_unclassified|f__Bacteria_unclassified|g__Bacteria_unclassified|s__bacterium_210917_DFI_7_65	species	2||||||2883295	0.013937	0.00013937	assessed	provisional
SID530295	SID530295	donor_combined_disjoint_clean_reads	k__Bacteria|p__Firmicutes|c__Clostridia|o__Lachnospirales|f__Lachnospiraceae|g__Blautia|s__Blautia_sp_OF03_15BH	species	2|1239|186801|3085636|186803|572511|2292287	0.013909	0.00013909	assessed	provisional
SID530295	SID530295	donor_combined_disjoint_clean_reads	k__Bacteria|p__Thermodesulfobacteriota|c__Desulfovibrionia|o__Desulfovibrionales|f__Desulfovibrionaceae|g__GGB9819|s__GGB9819_SGB15460	species	2|200940|3031449|213115|194924||	0.013414	0.00013414	assessed	provisional
SID530295	SID530295	donor_combined_disjoint_clean_reads	k__Bacteria|p__Firmicutes|c__Clostridia|o__Lachnospirales|f__Lachnospiraceae|g__Lachnospira|s__Lachnospira_pectinoschiza	species	2|1239|186801|3085636|186803|28050|28052	0.013216	0.00013216	assessed	provisional
SID530295	SID530295	donor_combined_disjoint_clean_reads	k__Bacteria|p__Firmicutes|c__CFGB3038|o__OFGB3038|f__FGB3038|g__GGB33586|s__GGB33586_SGB53517	species	2|1239|||||	0.013159	0.00013159	assessed	provisional
SID530295	SID530295	donor_combined_disjoint_clean_reads	k__Bacteria|p__Actinomycetota|c__Actinomycetes|o__Actinomycetales|f__Actinomycetaceae|g__Schaalia|s__Schaalia_SGB17154	species	2|201174|1760|2037|2049|2529408|	0.013144	0.00013144	assessed	provisional
SID530295	SID530295	donor_combined_disjoint_clean_reads	k__Bacteria|p__Firmicutes|c__CFGB8301|o__OFGB8301|f__FGB8301|g__GGB25400|s__GGB25400_SGB37351	species	2|1239|||||	0.013099	0.00013099	assessed	provisional
SID530295	SID530295	donor_combined_disjoint_clean_reads	k__Bacteria|p__Verrucomicrobiota|c__Opitutia|o__Opitutales|f__Intestinicryptomonaceae|g__Intestinicryptomonas|s__Intestinicryptomonas_porci	species	2|74201|414999|415000|3242731|3242732|2926320	0.012868	0.00012868	assessed	provisional
SID530295	SID530295	donor_combined_disjoint_clean_reads	k__Bacteria|p__Firmicutes|c__Clostridia|o__Eubacteriales|f__Oscillospiraceae|g__Anaerotruncus|s__Anaerotruncus_rubiinfantis	species	2|1239|186801|186802|216572|244127|1720200	0.012856	0.00012856	assessed	provisional
SID530295	SID530295	donor_combined_disjoint_clean_reads	k__Bacteria|p__Bacteria_unclassified|c__Bacteria_unclassified|o__Bacteria_unclassified|f__Bacteria_unclassified|g__GGB45552|s__GGB45552_SGB63238	species	2||||||	0.012822	0.00012822	assessed	provisional
SID530295	SID530295	donor_combined_disjoint_clean_reads	k__Bacteria|p__Firmicutes|c__CFGB3048|o__OFGB3048|f__FGB3048|g__GGB9559|s__GGB9559_SGB14969	species	2|1239|||||	0.012679	0.00012679	assessed	provisional
SID530295	SID530295	donor_combined_disjoint_clean_reads	k__Bacteria|p__Firmicutes|c__Clostridia|o__Eubacteriales|f__Oscillospiraceae|g__Oscillospiraceae_unclassified|s__Oscillospiraceae_bacterium_Marseille_Q3528	species	2|1239|186801|186802|216572||2830655	0.012671	0.00012671	assessed	provisional
SID530295	SID530295	donor_combined_disjoint_clean_reads	k__Bacteria|p__Firmicutes|c__CFGB3057|o__OFGB3057|f__FGB3057|g__GGB32376|s__GGB32376_SGB53512	species	2|1239|||||	0.012639	0.00012639	assessed	provisional
SID530295	SID530295	donor_combined_disjoint_clean_reads	k__Archaea|p__Thermoplasmatota|c__Thermoplasmata|o__Methanomassiliicoccales|f__Methanomethylophilaceae|g__Methanomethylophilus|s__Methanomethylophilus_alvi	species	2157|2283796|183967|1235850|2517203|1291539|1291540	0.012547	0.00012547	assessed	provisional
SID530295	SID530295	donor_combined_disjoint_clean_reads	k__Bacteria|p__Firmicutes|c__CFGB94730|o__OFGB94730|f__FGB94730|g__GGB4750|s__GGB4750_SGB6579	species	2|1239|||||	0.012536	0.00012536	assessed	provisional
SID530295	SID530295	donor_combined_disjoint_clean_reads	k__Bacteria|p__Firmicutes|c__Bacilli|o__Lactobacillales|f__Lactobacillaceae|g__Lactobacillus|s__Lactobacillus_acidophilus	species	2|1239|91061|186826|33958|1578|1579	0.012494	0.00012494	assessed	provisional
SID530295	SID530295	donor_combined_disjoint_clean_reads	k__Bacteria|p__Firmicutes|c__Clostridia|o__Eubacteriales|f__Eubacteriaceae|g__Eubacterium|s__Eubacterium_ventriosum	species	2|1239|186801|186802|186806|1730|39496	0.012219	0.00012219	assessed	provisional
SID530295	SID530295	donor_combined_disjoint_clean_reads	k__Bacteria|p__Firmicutes|c__CFGB330|o__OFGB330|f__FGB330|g__GGB756|s__GGB756_SGB993	species	2|1239|||||	0.01129	0.00011289999999999999	assessed	provisional
SID530295	SID530295	donor_combined_disjoint_clean_reads	k__Bacteria|p__Actinomycetota|c__Actinomycetes|o__Actinomycetales|f__Actinomycetaceae|g__Schaalia|s__Schaalia_SGB17168	species	2|201174|1760|2037|2049|2529408|	0.011139	0.00011139	assessed	provisional
SID530295	SID530295	donor_combined_disjoint_clean_reads	k__Bacteria|p__Firmicutes|c__Clostridia|o__Eubacteriales|f__Oscillospiraceae|g__Oscillibacter|s__Oscillibacter_valericigenes	species	2|1239|186801|186802|216572|459786|351091	0.011097	0.00011096999999999999	assessed	provisional
SID530295	SID530295	donor_combined_disjoint_clean_reads	k__Bacteria|p__Firmicutes|c__Clostridia|o__Eubacteriales|f__Eubacteriales_unclassified|g__Massilistercora|s__Massilistercora_timonensis	species	2|1239|186801|186802||2717089|2086584	0.010962	0.00010962	assessed	provisional
SID530295	SID530295	donor_combined_disjoint_clean_reads	k__Bacteria|p__Firmicutes|c__Clostridia|o__Eubacteriales|f__Clostridiaceae|g__Clostridiaceae_unclassified|s__Clostridiaceae_bacterium_AF18_31LB	species	2|1239|186801|186802|31979||2292182	0.010763	0.00010763	assessed	provisional
SID530295	SID530295	donor_combined_disjoint_clean_reads	k__Bacteria|p__Bacteroidota|c__Bacteroidia|o__Bacteroidales|f__Prevotellaceae|g__Segatella|s__Segatella_brasiliensis	species	2|976|200643|171549|171552|2974251|165179	0.010711	0.00010711	assessed	provisional
SID530295	SID530295	donor_combined_disjoint_clean_reads	k__Bacteria|p__Firmicutes|c__Clostridia|o__Lachnospirales|f__Lachnospiraceae|g__GGB49409|s__GGB49409_SGB69322	species	2|1239|186801|3085636|186803||	0.01062	0.00010619999999999999	assessed	provisional
SID530295	SID530295	donor_combined_disjoint_clean_reads	k__Bacteria|p__Bacteroidota|c__Bacteroidia|o__Bacteroidales|f__Odoribacteraceae|g__Odoribacter|s__Odoribacter_splanchnicus	species	2|976|200643|171549|1853231|283168|28118	0.010132	0.00010132	assessed	provisional
SID530295	SID530295	donor_combined_disjoint_clean_reads	k__Bacteria|p__Firmicutes|c__CFGB3057|o__OFGB3057|f__FGB3057|g__GGB9719|s__GGB9719_SGB15273	species	2|1239|||||	0.00999	9.99e-05	assessed	provisional
SID530295	SID530295	donor_combined_disjoint_clean_reads	k__Bacteria|p__Actinomycetota|c__Actinomycetes|o__Actinomycetales|f__Actinomycetaceae|g__Actinomyces|s__Actinomyces_sp_ICM47	species	2|201174|1760|2037|2049|1654|936548	0.009909	9.908999999999999e-05	assessed	provisional
SID530295	SID530295	donor_combined_disjoint_clean_reads	k__Bacteria|p__Firmicutes|c__CFGB79315|o__OFGB79315|f__FGB79315|g__GGB9765|s__GGB9765_SGB15382	species	2|1239|||||	0.009315	9.315e-05	assessed	provisional
SID530295	SID530295	donor_combined_disjoint_clean_reads	k__Bacteria|p__Bacteroidota|c__Bacteroidia|o__Bacteroidales|f__Rikenellaceae|g__Alistipes|s__Alistipes_putredinis	species	2|976|200643|171549|171550|239759|28117	0.008851	8.850999999999999e-05	assessed	provisional
SID530295	SID530295	donor_combined_disjoint_clean_reads	k__Bacteria|p__Firmicutes|c__Clostridia|o__Eubacteriales|f__Oscillospiraceae|g__Yanshouia|s__Yanshouia_hominis	species	2|1239|186801|186802|216572|2983247|2763673	0.008839	8.839e-05	assessed	provisional
SID530295	SID530295	donor_combined_disjoint_clean_reads	k__Bacteria|p__Firmicutes|c__CFGB1306|o__OFGB1306|f__FGB1306|g__GGB5196|s__GGB5196_SGB7255	species	2|1239|||||	0.008805	8.805e-05	assessed	provisional
SID530295	SID530295	donor_combined_disjoint_clean_reads	k__Bacteria|p__Firmicutes|c__Clostridia|o__Eubacteriales|f__Clostridiaceae|g__Clostridium|s__Clostridium_SGB6173	species	2|1239|186801|186802|31979|1485|	0.008644	8.644e-05	assessed	provisional
SID530295	SID530295	donor_combined_disjoint_clean_reads	k__Bacteria|p__Firmicutes|c__Erysipelotrichia|o__Erysipelotrichales|f__Erysipelotrichaceae|g__Holdemania|s__Holdemania_sp_1001095H_141210_F2	species	2|1239|526524|526525|128827|61170|2787149	0.008588	8.588e-05	assessed	provisional
SID530295	SID530295	donor_combined_disjoint_clean_reads	k__Bacteria|p__Firmicutes|c__Clostridia|o__Eubacteriales|f__Oscillospiraceae|g__GGB9634|s__GGB9634_SGB15101	species	2|1239|186801|186802|216572||	0.008554	8.554000000000001e-05	assessed	provisional
SID530295	SID530295	donor_combined_disjoint_clean_reads	k__Bacteria|p__Firmicutes|c__Clostridia|o__Christensenellales|f__Christensenellaceae|g__GGB20071|s__GGB20071_SGB29339	species	2|1239|186801|3082768|990719||	0.00855	8.55e-05	assessed	provisional
SID530295	SID530295	donor_combined_disjoint_clean_reads	k__Bacteria|p__Firmicutes|c__Clostridia|o__Lachnospirales|f__Lachnospiraceae|g__Wansuia|s__Wansuia_hejianensis	species	2|1239|186801|3085636|186803|2944198|2763667	0.008539	8.539e-05	assessed	provisional
SID530295	SID530295	donor_combined_disjoint_clean_reads	k__Bacteria|p__Firmicutes|c__Clostridia|o__Eubacteriales|f__Oscillospiraceae|g__GGB9724|s__GGB9724_SGB15278	species	2|1239|186801|186802|216572||	0.008535	8.534999999999999e-05	assessed	provisional
SID530295	SID530295	donor_combined_disjoint_clean_reads	k__Bacteria|p__Pseudomonadota|c__Betaproteobacteria|o__Burkholderiales|f__Oxalobacteraceae|g__Oxalobacter|s__Oxalobacter_paeniformigenes	species	2|1224|28216|80840|75682|846|2946594	0.008517	8.517e-05	assessed	provisional
SID530295	SID530295	donor_combined_disjoint_clean_reads	k__Bacteria|p__Firmicutes|c__Clostridia|o__Lachnospirales|f__Lachnospiraceae|g__Hominiventricola|s__Hominiventricola_filiformis	species	2|1239|186801|3085636|186803|3073584|2885352	0.008466	8.465999999999999e-05	assessed	provisional
SID530295	SID530295	donor_combined_disjoint_clean_reads	k__Bacteria|p__Firmicutes|c__Clostridia|o__Eubacteriales|f__Oscillospiraceae|g__GGB45541|s__GGB45541_SGB63221	species	2|1239|186801|186802|216572||	0.00846	8.460000000000001e-05	assessed	provisional
SID530295	SID530295	donor_combined_disjoint_clean_reads	k__Bacteria|p__Firmicutes|c__CFGB38642|o__OFGB38642|f__FGB38642|g__GGB9767|s__GGB9767_SGB15384	species	2|1239|||||	0.008137	8.137e-05	assessed	provisional
SID530295	SID530295	donor_combined_disjoint_clean_reads	k__Bacteria|p__Firmicutes|c__Bacilli|o__Lactobacillales|f__Lactobacillaceae|g__Leuconostoc|s__Leuconostoc_falkenbergense	species	2|1239|91061|186826|33958|1243|2766470	0.007838	7.837999999999999e-05	assessed	provisional
SID530295	SID530295	donor_combined_disjoint_clean_reads	k__Bacteria|p__Firmicutes|c__Clostridia|o__Eubacteriales|f__Oscillospiraceae|g__GGB9699|s__GGB9699_SGB15216	species	2|1239|186801|186802|216572||	0.00777	7.77e-05	assessed	provisional
SID530295	SID530295	donor_combined_disjoint_clean_reads	k__Bacteria|p__Firmicutes|c__Clostridia|o__Eubacteriales|f__Clostridiaceae|g__Clostridium|s__Clostridium_lentum	species	2|1239|186801|186802|31979|1485|2763037	0.007495	7.495e-05	assessed	provisional
SID530295	SID530295	donor_combined_disjoint_clean_reads	k__Bacteria|p__Firmicutes|c__CFGB3070|o__OFGB3070|f__FGB3070|g__GGB9775|s__GGB9775_SGB15395	species	2|1239|||||	0.007437	7.437e-05	assessed	provisional
SID530295	SID530295	donor_combined_disjoint_clean_reads	k__Bacteria|p__Firmicutes|c__Clostridia|o__Eubacteriales|f__Butyricicoccaceae|g__GGB9574|s__GGB9574_SGB14987	species	2|1239|186801|186802|3085642||	0.007372	7.372e-05	assessed	provisional
SID530295	SID530295	donor_combined_disjoint_clean_reads	k__Bacteria|p__Firmicutes|c__Bacilli|o__Lactobacillales|f__Streptococcaceae|g__Streptococcus|s__Streptococcus_salivarius	species	2|1239|91061|186826|1300|1301|1304	0.007351	7.350999999999999e-05	assessed	provisional
SID530295	SID530295	donor_combined_disjoint_clean_reads	k__Bacteria|p__Firmicutes|c__Clostridia|o__Eubacteriales|f__Oscillospiraceae|g__GGB9730|s__GGB9730_SGB15290	species	2|1239|186801|186802|216572||	0.007268	7.268e-05	assessed	provisional
SID530295	SID530295	donor_combined_disjoint_clean_reads	k__Bacteria|p__Firmicutes|c__Clostridia|o__Lachnospirales|f__Lachnospiraceae|g__GGB51491|s__GGB51491_SGB71859	species	2|1239|186801|3085636|186803||	0.007224	7.224e-05	assessed	provisional
SID530295	SID530295	donor_combined_disjoint_clean_reads	k__Bacteria|p__Firmicutes|c__Clostridia|o__Eubacteriales|f__Clostridiaceae|g__Clostridium|s__Clostridium_sp_AM49_4BH	species	2|1239|186801|186802|31979|1485|2293035	0.007126	7.126e-05	assessed	provisional
SID530295	SID530295	donor_combined_disjoint_clean_reads	k__Bacteria|p__Bacteroidota|c__Bacteroidia|o__Bacteroidales|f__Prevotellaceae|g__Prevotella|s__Prevotella_pectinovora	species	2|976|200643|171549|171552|838|1602169	0.006966	6.966e-05	assessed	provisional
SID530295	SID530295	donor_combined_disjoint_clean_reads	k__Bacteria|p__Verrucomicrobiota|c__Opitutia|o__Puniceicoccales|f__Puniceicoccaceae|g__GGB6126|s__GGB6126_SGB8772	species	2|74201|414999|415001|415002||	0.006943	6.943e-05	assessed	provisional
SID530295	SID530295	donor_combined_disjoint_clean_reads	k__Bacteria|p__Bacteroidota|c__Bacteroidia|o__Bacteroidales|f__Prevotellaceae|g__Prevotella|s__Prevotella_sp_P3_122	species	2|976|200643|171549|171552|838|2024223	0.00692	6.92e-05	assessed	provisional
SID530295	SID530295	donor_combined_disjoint_clean_reads	k__Bacteria|p__Firmicutes|c__Clostridia|o__Lachnospirales|f__Lachnospiraceae|g__Roseburia|s__Roseburia_yibonii	species	2|1239|186801|3085636|186803|841|2763063	0.006873	6.873e-05	assessed	provisional
SID530295	SID530295	donor_combined_disjoint_clean_reads	k__Bacteria|p__Firmicutes|c__CFGB3054|o__OFGB3054|f__FGB3054|g__GGB9582|s__GGB9582_SGB15000	species	2|1239|||||	0.006788	6.788e-05	assessed	provisional
SID530295	SID530295	donor_combined_disjoint_clean_reads	k__Bacteria|p__Firmicutes|c__CFGB3038|o__OFGB3038|f__FGB3038|g__GGB9529|s__GGB9529_SGB53518	species	2|1239|||||	0.006579	6.578999999999999e-05	assessed	provisional
SID530295	SID530295	donor_combined_disjoint_clean_reads	k__Bacteria|p__Firmicutes|c__Bacilli|o__Lactobacillales|f__Streptococcaceae|g__Streptococcus|s__Streptococcus_australis	species	2|1239|91061|186826|1300|1301|113107	0.006554	6.554e-05	assessed	provisional
SID530295	SID530295	donor_combined_disjoint_clean_reads	k__Bacteria|p__Firmicutes|c__Clostridia|o__Lachnospirales|f__Lachnospiraceae|g__Cuneatibacter|s__Cuneatibacter_sp_NSJ_177	species	2|1239|186801|3085636|186803|1918450|2931401	0.006547	6.547e-05	assessed	provisional
SID530295	SID530295	donor_combined_disjoint_clean_reads	k__Bacteria|p__Firmicutes|c__Clostridia|o__Eubacteriales|f__Feifaniaceae|g__Feifania|s__Feifania_hominis	species	2|1239|186801|186802|2944141|2944145|2763660	0.00645	6.45e-05	assessed	provisional
SID530295	SID530295	donor_combined_disjoint_clean_reads	k__Bacteria|p__Firmicutes|c__CFGB93863|o__OFGB93863|f__FGB93863|g__GGB45613|s__GGB45613_SGB63326	species	2|1239|||||	0.006345	6.345e-05	assessed	provisional
SID530295	SID530295	donor_combined_disjoint_clean_reads	k__Bacteria|p__Firmicutes|c__CFGB73178|o__OFGB73178|f__FGB73178|g__GGB38029|s__GGB38029_SGB49188	species	2|1239|||||	0.006115	6.115e-05	assessed	provisional
SID530295	SID530295	donor_combined_disjoint_clean_reads	k__Bacteria|p__Firmicutes|c__Clostridia|o__Christensenellales|f__Christensenellaceae|g__Christensenellaceae_unclassified|s__Christensenellaceae_bacterium	species	2|1239|186801|3082768|990719||2054177	0.005809	5.809e-05	assessed	provisional
SID530295	SID530295	donor_combined_disjoint_clean_reads	k__Bacteria|p__Firmicutes|c__Clostridia|o__Eubacteriales|f__Clostridiaceae|g__Clostridium|s__Clostridium_sp_Marseille_P3244	species	2|1239|186801|186802|31979|1485|1871020	0.005722	5.722e-05	assessed	provisional
SID530295	SID530295	donor_combined_disjoint_clean_reads	k__Bacteria|p__Firmicutes|c__CFGB2930|o__OFGB2930|f__FGB2930|g__GGB3123|s__GGB3123_SGB4135	species	2|1239|||||	0.005623	5.623e-05	assessed	provisional
SID530295	SID530295	donor_combined_disjoint_clean_reads	k__Bacteria|p__Firmicutes|c__Clostridia|o__Eubacteriales|f__Oscillospiraceae|g__Bittarella_ex_Durand_et_al_2017|s__Bittarella_massiliensis_ex_Durand_et_al_2017	species	2|1239|186801|186802|216572|1929297|1720313	0.005611	5.6109999999999996e-05	assessed	provisional
SID530295	SID530295	donor_combined_disjoint_clean_reads	k__Bacteria|p__Firmicutes|c__Clostridia|o__Eubacteriales|f__Oscillospiraceae|g__GGB37777|s__GGB37777_SGB53475	species	2|1239|186801|186802|216572||	0.005545	5.544999999999999e-05	assessed	provisional
SID530295	SID530295	donor_combined_disjoint_clean_reads	k__Bacteria|p__Firmicutes|c__CFGB41726|o__OFGB41726|f__FGB41726|g__GGB9343|s__GGB9343_SGB14307	species	2|1239|||||	0.005466	5.466e-05	assessed	provisional
SID530295	SID530295	donor_combined_disjoint_clean_reads	k__Bacteria|p__Lentisphaerota|c__Lentisphaeria|o__Victivallales|f__Victivallaceae|g__Victivallis|s__Victivallis_lenta	species	2|256845|1313211|278082|255528|172900|2606640	0.005439	5.439e-05	assessed	provisional
SID530295	SID530295	donor_combined_disjoint_clean_reads	k__Bacteria|p__Firmicutes|c__CFGB79315|o__OFGB79315|f__FGB79315|g__GGB38642|s__GGB38642_SGB118948	species	2|1239|||||	0.005427	5.427000000000001e-05	assessed	provisional
SID530295	SID530295	donor_combined_disjoint_clean_reads	k__Eukaryota|p__Eukaryota_unclassified|c__Bigyra|o__Opalinata|f__Blastocystidae|g__Blastocystis|s__Blastocystis_sp_subtype_4	species	2759||2683628|42740|2547934|12967|944170	0.005423	5.423e-05	assessed	provisional
SID530295	SID530295	donor_combined_disjoint_clean_reads	k__Bacteria|p__Bacteroidota|c__Bacteroidia|o__Bacteroidales|f__Bacteroidaceae|g__Bacteroides|s__Bacteroides_xylanisolvens	species	2|976|200643|171549|815|816|371601	0.005399	5.399e-05	assessed	provisional
SID530295	SID530295	donor_combined_disjoint_clean_reads	k__Bacteria|p__Firmicutes|c__Clostridia|o__Lachnospirales|f__Lachnospiraceae|g__Enterocloster|s__Enterocloster_bolteae	species	2|1239|186801|3085636|186803|2719313|208479	0.005169	5.169e-05	assessed	provisional
SID530295	SID530295	donor_combined_disjoint_clean_reads	k__Bacteria|p__Firmicutes|c__CFGB1012|o__OFGB1012|f__FGB1012|g__GGB2657|s__GGB2657_SGB3578	species	2|1239|||||	0.004957	4.9569999999999995e-05	assessed	provisional
SID530295	SID530295	donor_combined_disjoint_clean_reads	k__Bacteria|p__Bacteroidota|c__Bacteroidia|o__Bacteroidales|f__Prevotellaceae|g__Segatella|s__Segatella_sinensis	species	2|976|200643|171549|171552|2974251|165179	0.004951	4.951e-05	assessed	provisional
SID530295	SID530295	donor_combined_disjoint_clean_reads	k__Bacteria|p__Firmicutes|c__CFGB79225|o__OFGB79225|f__FGB79225|g__GGB3287|s__GGB3287_SGB4341	species	2|1239|||||	0.004898	4.8979999999999995e-05	assessed	provisional
SID530295	SID530295	donor_combined_disjoint_clean_reads	k__Bacteria|p__Firmicutes|c__CFGB2917|o__OFGB2917|f__FGB2917|g__GGB9238|s__GGB9238_SGB14180	species	2|1239|||||	0.00481	4.8100000000000004e-05	assessed	provisional
SID530295	SID530295	donor_combined_disjoint_clean_reads	k__Bacteria|p__Firmicutes|c__Clostridia|o__Lachnospirales|f__Lachnospiraceae|g__Gallintestinimicrobium|s__Gallintestinimicrobium_propionicum	species	2|1239|186801|3085636|186803|2981633|2981770	0.004763	4.7629999999999996e-05	assessed	provisional
SID530295	SID530295	donor_combined_disjoint_clean_reads	k__Bacteria|p__Verrucomicrobiota|c__Opitutia|o__Puniceicoccales|f__Puniceicoccaceae|g__GGB6125|s__GGB6125_SGB8771	species	2|74201|414999|415001|415002||	0.004762	4.7619999999999995e-05	assessed	provisional
SID530295	SID530295	donor_combined_disjoint_clean_reads	k__Bacteria|p__Firmicutes|c__CFGB2932|o__OFGB2932|f__FGB2932|g__GGB9261|s__GGB9261_SGB14209	species	2|1239|||||	0.004741	4.741e-05	assessed	provisional
SID530295	SID530295	donor_combined_disjoint_clean_reads	k__Bacteria|p__Actinomycetota|c__Actinomycetes|o__Bifidobacteriales|f__Bifidobacteriaceae|g__Bifidobacterium|s__Bifidobacterium_catenulatum	species	2|201174|1760|85004|31953|1678|1686	0.00474	4.74e-05	assessed	provisional
SID530295	SID530295	donor_combined_disjoint_clean_reads	k__Bacteria|p__Firmicutes|c__Clostridia|o__Lachnospirales|f__Lachnospiraceae|g__Mediterraneibacter|s__Mediterraneibacter_faecis	species	2|1239|186801|3085636|186803|2316020|592978	0.004573	4.573e-05	assessed	provisional
SID530295	SID530295	donor_combined_disjoint_clean_reads	k__Bacteria|p__Bacteroidota|c__Bacteroidia|o__Bacteroidales|f__Prevotellaceae|g__Prevotella|s__Prevotella_dentalis	species	2|976|200643|171549|171552|838|52227	0.004489	4.489e-05	assessed	provisional
SID530295	SID530295	donor_combined_disjoint_clean_reads	k__Bacteria|p__Lentisphaerota|c__CFGB2378|o__OFGB2378|f__FGB2378|g__GGB6519|s__GGB6519_SGB9207	species	2|256845|||||	0.00447	4.47e-05	assessed	provisional
SID530295	SID530295	donor_combined_disjoint_clean_reads	k__Bacteria|p__Firmicutes|c__Erysipelotrichia|o__Erysipelotrichales|f__Coprobacillaceae|g__Thomasclavelia|s__Thomasclavelia_ramosa	species	2|1239|526524|526525|2810280|3025755|1547	0.00435	4.35e-05	assessed	provisional
SID530295	SID530295	donor_combined_disjoint_clean_reads	k__Bacteria|p__Actinomycetota|c__Actinomycetes|o__Actinomycetales|f__Actinomycetaceae|g__Actinomyces|s__Actinomyces_sp_HMSC035G02	species	2|201174|1760|2037|2049|1654|1739406	0.004323	4.323e-05	assessed	provisional
SID530295	SID530295	donor_combined_disjoint_clean_reads	k__Bacteria|p__Firmicutes|c__Clostridia|o__Eubacteriales|f__Oscillospiraceae|g__Oscillospiraceae_unclassified|s__Eubacterium_siraeum	species	2|1239|186801|186802|216572||39492	0.004139	4.139e-05	assessed	provisional
SID530295	SID530295	donor_combined_disjoint_clean_reads	k__Bacteria|p__Firmicutes|c__Clostridia|o__Eubacteriales|f__Oscillospiraceae|g__GGB45491|s__GGB45491_SGB63163	species	2|1239|186801|186802|216572||	0.004131	4.131e-05	assessed	provisional
SID530295	SID530295	donor_combined_disjoint_clean_reads	k__Bacteria|p__Firmicutes|c__CFGB4617|o__OFGB4617|f__FGB4617|g__GGB3130|s__GGB3130_SGB4143	species	2|1239|||||	0.003957	3.9569999999999996e-05	assessed	provisional
SID530295	SID530295	donor_combined_disjoint_clean_reads	k__Bacteria|p__Firmicutes|c__Clostridia|o__Eubacteriales|f__Oscillospiraceae|g__Harryflintia|s__Harryflintia_acetispora	species	2|1239|186801|186802|216572|1892380|1849041	0.003921	3.921e-05	assessed	provisional
SID530295	SID530295	donor_combined_disjoint_clean_reads	k__Bacteria|p__Firmicutes|c__Clostridia|o__Eubacteriales|f__Clostridiaceae|g__Clostridium|s__Clostridium_sp_1001270J_160509_D11	species	2|1239|186801|186802|31979|1485|2787103	0.003892	3.892e-05	assessed	provisional
SID530295	SID530295	donor_combined_disjoint_clean_reads	k__Bacteria|p__Firmicutes|c__Clostridia|o__Eubacteriales|f__Oscillospiraceae|g__Youxingia|s__Youxingia_wuxianensis	species	2|1239|186801|186802|216572|2983250|2763678	0.003852	3.852e-05	assessed	provisional
SID530295	SID530295	donor_combined_disjoint_clean_reads	k__Bacteria|p__Firmicutes|c__CFGB78645|o__OFGB78645|f__FGB78645|g__GGB33539|s__GGB33539_SGB53381	species	2|1239|||||	0.00379	3.79e-05	assessed	provisional
SID530295	SID530295	donor_combined_disjoint_clean_reads	k__Bacteria|p__Firmicutes|c__CFGB79330|o__OFGB79330|f__FGB79330|g__GGB3002|s__GGB3002_SGB3993	species	2|1239|||||	0.003751	3.751e-05	assessed	provisional
SID530295	SID530295	donor_combined_disjoint_clean_reads	k__Bacteria|p__Firmicutes|c__Clostridia|o__Eubacteriales|f__Eubacteriales_unclassified|g__Flintibacter|s__Flintibacter_hominis	species	2|1239|186801|186802||1918454|2763048	0.003745	3.745e-05	assessed	provisional
SID530295	SID530295	donor_combined_disjoint_clean_reads	k__Bacteria|p__Firmicutes|c__Clostridia|o__Eubacteriales|f__Oscillospiraceae|g__GGB9621|s__GGB9621_SGB15073	species	2|1239|186801|186802|216572||	0.00362	3.62e-05	assessed	provisional
SID530295	SID530295	donor_combined_disjoint_clean_reads	k__Bacteria|p__Firmicutes|c__Clostridia|o__Eubacteriales|f__Oscillospiraceae|g__Massiliimalia|s__Massiliimalia_massiliensis	species	2|1239|186801|186802|216572|2895461|1852384	0.003601	3.601e-05	assessed	provisional
SID530295	SID530295	donor_combined_disjoint_clean_reads	k__Bacteria|p__Firmicutes|c__Clostridia|o__Eubacteriales|f__Oscillospiraceae|g__GGB9783|s__GGB9783_SGB15405	species	2|1239|186801|186802|216572||	0.003565	3.565e-05	assessed	provisional
SID530295	SID530295	donor_combined_disjoint_clean_reads	k__Bacteria|p__Firmicutes|c__CFGB1359|o__OFGB1359|f__FGB1359|g__GGB3318|s__GGB3318_SGB4387	species	2|1239|||||	0.003509	3.509e-05	assessed	provisional
SID530295	SID530295	donor_combined_disjoint_clean_reads	k__Bacteria|p__Firmicutes|c__CFGB4761|o__OFGB4761|f__FGB4761|g__GGB50913|s__GGB50913_SGB71122	species	2|1239|||||	0.0035	3.5000000000000004e-05	assessed	provisional
SID530295	SID530295	donor_combined_disjoint_clean_reads	k__Bacteria|p__Firmicutes|c__CFGB77202|o__OFGB77202|f__FGB77202|g__GGB34900|s__GGB34900_SGB14891	species	2|1239|||||	0.003429	3.429e-05	assessed	provisional
SID530295	SID530295	donor_combined_disjoint_clean_reads	k__Bacteria|p__Firmicutes|c__Clostridia|o__Eubacteriales|f__Eubacteriaceae|g__Eubacterium|s__Eubacterium_sp_AF34_35BH	species	2|1239|186801|186802|186806|1730|2293107	0.00336	3.3600000000000004e-05	assessed	provisional
SID530295	SID530295	donor_combined_disjoint_clean_reads	k__Bacteria|p__Bacteroidota|c__Bacteroidia|o__Bacteroidales|f__Prevotellaceae|g__Segatella|s__Segatella_copri	species	2|976|200643|171549|171552|2974251|165179	0.003186	3.186e-05	assessed	provisional
SID530295	SID530295	donor_combined_disjoint_clean_reads	k__Bacteria|p__Firmicutes|c__CFGB10318|o__OFGB10318|f__FGB10318|g__GGB34225|s__GGB34225_SGB47371	species	2|1239|||||	0.003152	3.1519999999999996e-05	assessed	provisional
SID530295	SID530295	donor_combined_disjoint_clean_reads	k__Bacteria|p__Firmicutes|c__Clostridia|o__Lachnospirales|f__Lachnospiraceae|g__Faecalicatena|s__Faecalicatena_contorta	species	2|1239|186801|3085636|186803|2005359|39482	0.003128	3.128e-05	assessed	provisional
SID530295	SID530295	donor_combined_disjoint_clean_reads	k__Bacteria|p__Firmicutes|c__CFGB31223|o__OFGB31223|f__FGB31223|g__GGB3100|s__GGB3100_SGB4108	species	2|1239|||||	0.003125	3.125e-05	assessed	provisional
SID530295	SID530295	donor_combined_disjoint_clean_reads	k__Bacteria|p__Actinomycetota|c__Actinomycetes|o__Actinomycetales|f__Actinomycetaceae|g__Actinomyces|s__Actinomyces_sp_S6_Spd3	species	2|201174|1760|2037|2049|1654|1284680	0.00312	3.12e-05	assessed	provisional
SID530295	SID530295	donor_combined_disjoint_clean_reads	k__Bacteria|p__Firmicutes|c__Clostridia|o__Peptostreptococcales|f__Peptostreptococcaceae|g__Intestinibacter|s__Intestinibacter_bartlettii	species	2|1239|186801|3082720|186804|1505657|261299	0.003115	3.115e-05	assessed	provisional
SID530295	SID530295	donor_combined_disjoint_clean_reads	k__Bacteria|p__Bacteroidota|c__Bacteroidia|o__Bacteroidales|f__Rikenellaceae|g__Alistipes|s__Alistipes_senegalensis	species	2|976|200643|171549|171550|239759|1288121	0.003113	3.113e-05	assessed	provisional
SID530295	SID530295	donor_combined_disjoint_clean_reads	k__Bacteria|p__Firmicutes|c__Clostridia|o__Eubacteriales|f__Oscillospiraceae|g__GGB45628|s__GGB45628_SGB63342	species	2|1239|186801|186802|216572||	0.003109	3.1089999999999995e-05	assessed	provisional
SID530295	SID530295	donor_combined_disjoint_clean_reads	k__Bacteria|p__Firmicutes|c__CFGB88483|o__OFGB88483|f__FGB88483|g__GGB9224|s__GGB9224_SGB14165	species	2|1239|||||	0.003095	3.095e-05	assessed	provisional
SID530295	SID530295	donor_combined_disjoint_clean_reads	k__Bacteria|p__Actinomycetota|c__Coriobacteriia|o__Eggerthellales|f__Eggerthellaceae|g__Gordonibacter|s__Gordonibacter_pamelaeae	species	2|201174|84998|1643822|1643826|644652|471189	0.003088	3.088e-05	assessed	provisional
SID530295	SID530295	donor_combined_disjoint_clean_reads	k__Bacteria|p__Firmicutes|c__Clostridia|o__Eubacteriales|f__Oscillospiraceae|g__GGB9787|s__GGB9787_SGB15410	species	2|1239|186801|186802|216572||	0.003075	3.075e-05	assessed	provisional
SID530295	SID530295	donor_combined_disjoint_clean_reads	k__Bacteria|p__Firmicutes|c__CFGB94728|o__OFGB94728|f__FGB94728|g__GGB9297|s__GGB9297_SGB14255	species	2|1239|||||	0.003057	3.057e-05	assessed	provisional
SID530295	SID530295	donor_combined_disjoint_clean_reads	k__Bacteria|p__Thermodesulfobacteriota|c__Desulfovibrionia|o__Desulfovibrionales|f__Desulfovibrionaceae|g__GGB9818|s__GGB9818_SGB15459	species	2|200940|3031449|213115|194924||	0.003041	3.041e-05	assessed	provisional
SID530295	SID530295	donor_combined_disjoint_clean_reads	k__Bacteria|p__Actinomycetota|c__Coriobacteriia|o__Eggerthellales|f__Eggerthellaceae|g__Eggerthella|s__Eggerthella_lenta	species	2|201174|84998|1643822|1643826|84111|84112	0.003006	3.006e-05	assessed	provisional
SID530295	SID530295	donor_combined_disjoint_clean_reads	k__Bacteria|p__Pseudomonadota|c__CFGB30823|o__OFGB30823|f__FGB30823|g__GGB30824|s__GGB30824_SGB44036	species	2|1224|||||	0.002915	2.915e-05	assessed	provisional
SID530295	SID530295	donor_combined_disjoint_clean_reads	k__Bacteria|p__Firmicutes|c__Clostridia|o__Eubacteriales|f__Oscillospiraceae|g__Anaerotruncus|s__Anaerotruncus_massiliensis_ex_Liu_et_al_2021	species	2|1239|186801|186802|216572|244127|2321404	0.002868	2.868e-05	assessed	provisional
SID530295	SID530295	donor_combined_disjoint_clean_reads	k__Bacteria|p__Bacteroidota|c__Bacteroidia|o__Bacteroidales|f__Barnesiellaceae|g__Coprobacter|s__Coprobacter_secundus	species	2|976|200643|171549|2005519|1348911|1501392	0.002818	2.818e-05	assessed	provisional
SID530295	SID530295	donor_combined_disjoint_clean_reads	k__Bacteria|p__Firmicutes|c__CFGB3054|o__OFGB3054|f__FGB3054|g__GGB9695|s__GGB9695_SGB15210	species	2|1239|||||	0.002808	2.8080000000000002e-05	assessed	provisional
SID530295	SID530295	donor_combined_disjoint_clean_reads	k__Bacteria|p__Firmicutes|c__CFGB2893|o__OFGB2893|f__FGB2893|g__GGB9205|s__GGB9205_SGB14144	species	2|1239|||||	0.00275	2.7499999999999998e-05	assessed	provisional
SID530295	SID530295	donor_combined_disjoint_clean_reads	k__Bacteria|p__Firmicutes|c__Erysipelotrichia|o__Erysipelotrichales|f__Erysipelotrichaceae|g__Solobacterium|s__Solobacterium_SGB6829	species	2|1239|526524|526525|128827|123375|	0.002649	2.649e-05	assessed	provisional
SID530295	SID530295	donor_combined_disjoint_clean_reads	k__Bacteria|p__Firmicutes|c__CFGB2957|o__OFGB2957|f__FGB2957|g__GGB9299|s__GGB9299_SGB14259	species	2|1239|||||	0.002612	2.612e-05	assessed	provisional
SID530295	SID530295	donor_combined_disjoint_clean_reads	k__Bacteria|p__Pseudomonadota|c__Gammaproteobacteria|o__Enterobacterales|f__Enterobacteriaceae|g__Escherichia|s__Escherichia_coli	species	2|1224|1236|91347|543|561|562	0.002594	2.594e-05	assessed	provisional
SID530295	SID530295	donor_combined_disjoint_clean_reads	k__Bacteria|p__Firmicutes|c__Clostridia|o__Eubacteriales|f__Oscillospiraceae|g__GGB53378|s__GGB53378_SGB74410	species	2|1239|186801|186802|216572||	0.002534	2.5339999999999998e-05	assessed	provisional
SID530295	SID530295	donor_combined_disjoint_clean_reads	k__Bacteria|p__Firmicutes|c__Clostridia|o__Lachnospirales|f__Lachnospiraceae|g__Oribacterium|s__Oribacterium_sinus	species	2|1239|186801|3085636|186803|265975|237576	0.002452	2.4520000000000002e-05	assessed	provisional
SID530295	SID530295	donor_combined_disjoint_clean_reads	k__Bacteria|p__Pseudomonadota|c__CFGB2404|o__OFGB2404|f__FGB2404|g__GGB9174|s__GGB9174_SGB14112	species	2|1224|||||	0.002431	2.431e-05	assessed	provisional
SID530295	SID530295	donor_combined_disjoint_clean_reads	k__Bacteria|p__Firmicutes|c__Clostridia|o__Eubacteriales|f__Beduinellaceae|g__GGB48169|s__GGB48169_SGB66172	species	2|1239|186801|186802|3151707||	0.002413	2.413e-05	assessed	provisional
SID530295	SID530295	donor_combined_disjoint_clean_reads	k__Bacteria|p__Firmicutes|c__CFGB2834|o__OFGB2834|f__FGB2834|g__GGB9064|s__GGB9064_SGB13983	species	2|1239|||||	0.002403	2.4030000000000002e-05	assessed	provisional
SID530295	SID530295	donor_combined_disjoint_clean_reads	k__Bacteria|p__Firmicutes|c__Clostridia|o__Lachnospirales|f__Lachnospiraceae|g__Lachnospiraceae_unclassified|s__Lachnospiraceae_bacterium_AF58_1A	species	2|1239|186801|3085636|186803||2998012	0.002397	2.397e-05	assessed	provisional
SID530295	SID530295	donor_combined_disjoint_clean_reads	k__Bacteria|p__Firmicutes|c__Bacilli|o__Lactobacillales|f__Streptococcaceae|g__Streptococcus|s__Streptococcus_parasanguinis	species	2|1239|91061|186826|1300|1301|1318	0.002347	2.347e-05	assessed	provisional
SID530295	SID530295	donor_combined_disjoint_clean_reads	k__Bacteria|p__Firmicutes|c__Clostridia|o__Eubacteriales|f__Oscillospiraceae|g__GGB9781|s__GGB9781_SGB63161	species	2|1239|186801|186802|216572||	0.002343	2.343e-05	assessed	provisional
SID530295	SID530295	donor_combined_disjoint_clean_reads	k__Bacteria|p__Firmicutes|c__Clostridia|o__Eubacteriales|f__Oscillospiraceae|g__Vescimonas|s__Vescimonas_SGB15086	species	2|1239|186801|186802|216572|2892396|	0.002309	2.3089999999999997e-05	assessed	provisional
SID530295	SID530295	donor_combined_disjoint_clean_reads	k__Bacteria|p__Firmicutes|c__CFGB1126|o__OFGB1126|f__FGB1126|g__GGB2848|s__GGB2848_SGB3813	species	2|1239|||||	0.0023	2.3e-05	assessed	provisional
SID530295	SID530295	donor_combined_disjoint_clean_reads	k__Bacteria|p__Firmicutes|c__CFGB2920|o__OFGB2920|f__FGB2920|g__GGB9242|s__GGB9242_SGB14184	species	2|1239|||||	0.002292	2.292e-05	assessed	provisional
SID530295	SID530295	donor_combined_disjoint_clean_reads	k__Bacteria|p__Firmicutes|c__Clostridia|o__Eubacteriales|f__Oscillospiraceae|g__GGB9646|s__GGB9646_SGB15123	species	2|1239|186801|186802|216572||	0.002258	2.258e-05	assessed	provisional
SID530295	SID530295	donor_combined_disjoint_clean_reads	k__Bacteria|p__Firmicutes|c__CFGB89158|o__OFGB89158|f__FGB89158|g__GGB117624|s__GGB117624_SGB150756	species	2|1239|||||	0.002191	2.191e-05	assessed	provisional
SID530295	SID530295	donor_combined_disjoint_clean_reads	k__Bacteria|p__Firmicutes|c__Clostridia|o__Eubacteriales|f__Oscillospiraceae|g__Anaerotruncus|s__Anaerotruncus_colihominis	species	2|1239|186801|186802|216572|244127|169435	0.00213	2.13e-05	assessed	provisional
SID530295	SID530295	donor_combined_disjoint_clean_reads	k__Bacteria|p__Firmicutes|c__CFGB2997|o__OFGB2997|f__FGB2997|g__GGB9445|s__GGB9445_SGB14835	species	2|1239|||||	0.002097	2.0969999999999997e-05	assessed	provisional
SID530295	SID530295	donor_combined_disjoint_clean_reads	k__Bacteria|p__Firmicutes|c__Clostridia|o__Eubacteriales|f__Oscillospiraceae|g__GGB140943|s__GGB140943_SGB105863	species	2|1239|186801|186802|216572||	0.002032	2.032e-05	assessed	provisional
SID530295	SID530295	donor_combined_disjoint_clean_reads	k__Bacteria|p__Actinomycetota|c__Coriobacteriia|o__Eggerthellales|f__Eggerthellaceae|g__Gordonibacter|s__Gordonibacter_urolithinfaciens	species	2|201174|84998|1643822|1643826|644652|1335613	0.002016	2.016e-05	assessed	provisional
SID530295	SID530295	donor_combined_disjoint_clean_reads	k__Bacteria|p__Bacteroidota|c__Bacteroidia|o__Bacteroidales|f__Bacteroidaceae|g__Bacteroides|s__Bacteroides_stercoris	species	2|976|200643|171549|815|816|46506	0.001928	1.9280000000000002e-05	assessed	provisional
SID530295	SID530295	donor_combined_disjoint_clean_reads	k__Bacteria|p__Bacteroidota|c__CFGB27697|o__OFGB27697|f__FGB27697|g__GGB81727|s__GGB81727_SGB112999	species	2|976|||||	0.001903	1.903e-05	assessed	provisional
SID530295	SID530295	donor_combined_disjoint_clean_reads	k__Bacteria|p__Firmicutes|c__Clostridia|o__Eubacteriales|f__Acutalibacteraceae|g__GGB45634|s__GGB45634_SGB63348	species	2|1239|186801|186802|3082771||	0.001877	1.8769999999999998e-05	assessed	provisional
SID530295	SID530295	donor_combined_disjoint_clean_reads	k__Bacteria|p__Firmicutes|c__Clostridia|o__Lachnospirales|f__Lachnospiraceae|g__GGB51441|s__GGB51441_SGB71759	species	2|1239|186801|3085636|186803||	0.001857	1.857e-05	assessed	provisional
SID530295	SID530295	donor_combined_disjoint_clean_reads	k__Bacteria|p__Firmicutes|c__Clostridia|o__Lachnospirales|f__Lachnospiraceae|g__Lachnotalea|s__Lachnotalea_sp_AF33_28	species	2|1239|186801|3085636|186803|1763508|2292046	0.001849	1.849e-05	assessed	provisional
SID530295	SID530295	donor_combined_disjoint_clean_reads	k__Bacteria|p__Firmicutes|c__Clostridia|o__Lachnospirales|f__Lachnospiraceae|g__GGB115904|s__GGB115904_SGB161383	species	2|1239|186801|3085636|186803||	0.00183	1.83e-05	assessed	provisional
SID530295	SID530295	donor_combined_disjoint_clean_reads	k__Bacteria|p__Firmicutes|c__CFGB3047|o__OFGB3047|f__FGB3047|g__GGB52130|s__GGB52130_SGB14966	species	2|1239|||||	0.001731	1.731e-05	assessed	provisional
SID530295	SID530295	donor_combined_disjoint_clean_reads	k__Bacteria|p__Firmicutes|c__Clostridia|o__Peptostreptococcales|f__Anaerovoracaceae|g__Mogibacterium|s__Mogibacterium_diversum	species	2|1239|186801|3082720|3030910|86331|114527	0.001702	1.702e-05	assessed	provisional
SID530295	SID530295	donor_combined_disjoint_clean_reads	k__Bacteria|p__Firmicutes|c__Negativicutes|o__Selenomonadales|f__Selenomonadaceae|g__Anaerovibrio|s__Anaerovibrio_lipolyticus	species	2|1239|909932|909929|1843491|82373|82374	0.001647	1.647e-05	assessed	provisional
SID530295	SID530295	donor_combined_disjoint_clean_reads	k__Bacteria|p__Firmicutes|c__Clostridia|o__Eubacteriales|f__Clostridiaceae|g__Clostridium|s__Clostridium_SGB4714	species	2|1239|186801|186802|31979|1485|	0.001635	1.635e-05	assessed	provisional
SID530295	SID530295	donor_combined_disjoint_clean_reads	k__Bacteria|p__Firmicutes|c__Clostridia|o__Peptostreptococcales|f__Peptostreptococcaceae|g__GGB4456|s__GGB4456_SGB6141	species	2|1239|186801|3082720|186804||	0.001635	1.635e-05	assessed	provisional
SID530295	SID530295	donor_combined_disjoint_clean_reads	k__Bacteria|p__Firmicutes|c__CFGB38642|o__OFGB38642|f__FGB38642|g__GGB9770|s__GGB9770_SGB73065	species	2|1239|||||	0.001593	1.593e-05	assessed	provisional
SID530295	SID530295	donor_combined_disjoint_clean_reads	k__Bacteria|p__Firmicutes|c__Clostridia|o__Eubacteriales|f__Oscillospiraceae|g__Lawsonibacter|s__Lawsonibacter_celer	species	2|1239|186801|186802|216572|2172004|2986526	0.00152	1.52e-05	assessed	provisional
SID530295	SID530295	donor_combined_disjoint_clean_reads	k__Bacteria|p__Firmicutes|c__Clostridia|o__Eubacteriales|f__Beduinellaceae|g__GGB9761|s__GGB9761_SGB15376	species	2|1239|186801|186802|3151707||	0.001486	1.4859999999999998e-05	assessed	provisional
SID530295	SID530295	donor_combined_disjoint_clean_reads	k__Bacteria|p__Firmicutes|c__CFGB3038|o__OFGB3038|f__FGB3038|g__GGB9533|s__GGB9533_SGB14936	species	2|1239|||||	0.001398	1.398e-05	assessed	provisional
SID530295	SID530295	donor_combined_disjoint_clean_reads	k__Bacteria|p__Firmicutes|c__CFGB3009|o__OFGB3009|f__FGB3009|g__GGB31234|s__GGB31234_SGB14869	species	2|1239|||||	0.001337	1.337e-05	assessed	provisional
SID530295	SID530295	donor_combined_disjoint_clean_reads	k__Bacteria|p__Firmicutes|c__CFGB3057|o__OFGB3057|f__FGB3057|g__GGB9719|s__GGB9719_SGB15272	species	2|1239|||||	0.001293	1.2930000000000002e-05	assessed	provisional
SID530295	SID530295	donor_combined_disjoint_clean_reads	k__Bacteria|p__Firmicutes|c__Clostridia|o__Lachnospirales|f__Lachnospiraceae|g__GGB3677|s__GGB3677_SGB4990	species	2|1239|186801|3085636|186803||	0.001253	1.253e-05	assessed	provisional
SID530295	SID530295	donor_combined_disjoint_clean_reads	k__Bacteria|p__Firmicutes|c__Clostridia|o__Eubacteriales|f__Oscillospiraceae|g__GGB9602|s__GGB9602_SGB20832	species	2|1239|186801|186802|216572||	0.001236	1.2359999999999999e-05	assessed	provisional
SID530295	SID530295	donor_combined_disjoint_clean_reads	k__Bacteria|p__Firmicutes|c__Clostridia|o__Eubacteriales|f__Clostridiaceae|g__Clostridium|s__Clostridium_sp_1001271st1_H5	species	2|1239|186801|186802|31979|1485|2559708	0.001197	1.1969999999999999e-05	assessed	provisional
SID530295	SID530295	donor_combined_disjoint_clean_reads	k__Bacteria|p__Actinomycetota|c__CFGB30079|o__OFGB30079|f__FGB30079|g__GGB9421|s__GGB9421_SGB14789	species	2|201174|||||	0.001172	1.1720000000000001e-05	assessed	provisional
SID530295	SID530295	donor_combined_disjoint_clean_reads	k__Bacteria|p__Firmicutes|c__CFGB79315|o__OFGB79315|f__FGB79315|g__GGB85077|s__GGB85077_SGB118947	species	2|1239|||||	0.001156	1.156e-05	assessed	provisional
SID530295	SID530295	donor_combined_disjoint_clean_reads	k__Bacteria|p__Firmicutes|c__Clostridia|o__Lachnospirales|f__Lachnospiraceae|g__Lachnospiraceae_unclassified|s__Lachnospiraceae_bacterium_KGMB03038	species	2|1239|186801|3085636|186803||2594789	0.001137	1.137e-05	assessed	provisional
SID530295	SID530295	donor_combined_disjoint_clean_reads	k__Bacteria|p__Firmicutes|c__CFGB1359|o__OFGB1359|f__FGB1359|g__GGB3323|s__GGB3323_SGB4400	species	2|1239|||||	0.001122	1.122e-05	assessed	provisional
SID530295	SID530295	donor_combined_disjoint_clean_reads	k__Bacteria|p__Firmicutes|c__Clostridia|o__Eubacteriales|f__Clostridiaceae|g__Clostridium|s__Clostridium_sp_AF36_4	species	2|1239|186801|186802|31979|1485|2293015	0.001121	1.1210000000000001e-05	assessed	provisional
SID530295	SID530295	donor_combined_disjoint_clean_reads	k__Bacteria|p__Firmicutes|c__Clostridia|o__Lachnospirales|f__Lachnospiraceae|g__GGB79452|s__GGB79452_SGB105678	species	2|1239|186801|3085636|186803||	0.001115	1.1150000000000002e-05	assessed	provisional
SID530295	SID530295	donor_combined_disjoint_clean_reads	k__Bacteria|p__Firmicutes|c__CFGB3004|o__OFGB3004|f__FGB3004|g__GGB58158|s__GGB58158_SGB79798	species	2|1239|||||	0.001106	1.1059999999999999e-05	assessed	provisional
SID530295	SID530295	donor_combined_disjoint_clean_reads	k__Bacteria|p__Firmicutes|c__Clostridia|o__Lachnospirales|f__Lachnospiraceae|g__GGB3537|s__GGB3537_SGB4727	species	2|1239|186801|3085636|186803||	0.001049	1.049e-05	assessed	provisional
SID530295	SID530295	donor_combined_disjoint_clean_reads	k__Bacteria|p__Firmicutes|c__Clostridia|o__Lachnospirales|f__Lachnospiraceae|g__Catenibacillus|s__Catenibacillus_scindens	species	2|1239|186801|3085636|186803|2316203|673271	0.001041	1.041e-05	assessed	provisional
SID530295	SID530295	donor_combined_disjoint_clean_reads	k__Bacteria|p__Actinomycetota|c__Coriobacteriia|o__Eggerthellales|f__Eggerthellaceae|g__GGB45432|s__GGB45432_SGB63101	species	2|201174|84998|1643822|1643826||	0.000867	8.67e-06	assessed	provisional
SID530295	SID530295	donor_combined_disjoint_clean_reads	k__Bacteria|p__Firmicutes|c__Clostridia|o__Lachnospirales|f__Lachnospiraceae|g__Lachnospiraceae_unclassified|s__Lachnospiraceae_bacterium_TF08_3AC	species	2|1239|186801|3085636|186803||2997132	0.000848	8.48e-06	assessed	provisional
SID530295	SID530295	donor_combined_disjoint_clean_reads	k__Bacteria|p__Firmicutes|c__Clostridia|o__Lachnospirales|f__Lachnospiraceae|g__Anaerobutyricum|s__Anaerobutyricum_soehngenii	species	2|1239|186801|3085636|186803|2569097|105843	0.000825	8.25e-06	assessed	provisional
SID530295	SID530295	donor_combined_disjoint_clean_reads	k__Bacteria|p__Candidatus_Saccharibacteria|c__Candidatus_Saccharibacteria_unclassified|o__Candidatus_Saccharibacteria_unclassified|f__Candidatus_Saccharibacteria_unclassified|g__Candidatus_Saccharibacteria_unclassified|s__TM7_phylum_sp_oral_taxon_352	species	2|95818|||||713054	0.000819	8.19e-06	assessed	provisional
SID530295	SID530295	donor_combined_disjoint_clean_reads	k__Bacteria|p__Firmicutes|c__CFGB3054|o__OFGB3054|f__FGB3054|g__GGB35551|s__GGB35551_SGB53794	species	2|1239|||||	0.000727	7.27e-06	assessed	provisional
SID530295	SID530295	donor_combined_disjoint_clean_reads	k__Bacteria|p__Firmicutes|c__Clostridia|o__Eubacteriales|f__Acutalibacteraceae|g__GGB38744|s__GGB38744_SGB14842	species	2|1239|186801|186802|3082771||	0.000711	7.1100000000000005e-06	assessed	provisional
SID530295	SID530295	donor_combined_disjoint_clean_reads	k__Bacteria|p__Firmicutes|c__Clostridia|o__Eubacteriales|f__Oscillospiraceae|g__Vescimonas|s__Vescimonas_fastidiosa	species	2|1239|186801|186802|216572|2892396|2714353	0.000671	6.71e-06	assessed	provisional
SID530295	SID530295	donor_combined_disjoint_clean_reads	k__Bacteria|p__Pseudomonadota|c__CFGB2394|o__OFGB2394|f__FGB2394|g__GGB6544|s__GGB6544_SGB9242	species	2|1224|||||	0.00062	6.2e-06	assessed	provisional
SID530295	SID530295	donor_combined_disjoint_clean_reads	k__Bacteria|p__Firmicutes|c__Clostridia|o__Lachnospirales|f__Lachnospiraceae|g__Diplocloster|s__Diplocloster_modestus	species	2|1239|186801|3085636|186803|2918511|2850322	0.000582	5.82e-06	assessed	provisional
SID530295	SID530295	donor_combined_disjoint_clean_reads	k__Bacteria|p__Firmicutes|c__Clostridia|o__Eubacteriales|f__Oscillospiraceae|g__Pseudoflavonifractor|s__Pseudoflavonifractor_sp_AF19_9AC	species	2|1239|186801|186802|216572|1017280|2292244	0.000522	5.22e-06	assessed	provisional
SID530295	SID530295	donor_combined_disjoint_clean_reads	k__Bacteria|p__Firmicutes|c__Clostridia|o__Eubacteriales|f__Oscillospiraceae|g__GGB128262|s__GGB128262_SGB160038	species	2|1239|186801|186802|216572||	0.000518	5.18e-06	assessed	provisional
SID530295	SID530295	donor_combined_disjoint_clean_reads	k__Bacteria|p__Firmicutes|c__Clostridia|o__Eubacteriales|f__Clostridiaceae|g__Clostridiaceae_unclassified|s__Clostridiaceae_unclassified_SGB4771	species	2|1239|186801|186802|31979||	0.000512	5.12e-06	assessed	provisional
SID530295	SID530295	donor_combined_disjoint_clean_reads	k__Bacteria|p__Firmicutes|c__Clostridia|o__Lachnospirales|f__Lachnospiraceae|g__Roseburia|s__Roseburia_intestinalis	species	2|1239|186801|3085636|186803|841|166486	0.000506	5.060000000000001e-06	assessed	provisional
SID530295	SID530295	donor_combined_disjoint_clean_reads	k__Bacteria|p__Firmicutes|c__Clostridia|o__Lachnospirales|f__Lachnospiraceae|g__Hungatella|s__Hungatella_hathewayi	species	2|1239|186801|3085636|186803|1649459|154046	0.000503	5.03e-06	assessed	provisional
SID530295	SID530295	donor_combined_disjoint_clean_reads	k__Bacteria|p__Firmicutes|c__Clostridia|o__Eubacteriales|f__Clostridiaceae|g__Massilioclostridium|s__Massilioclostridium_coli	species	2|1239|186801|186802|31979|1935927|1870991	0.000503	5.03e-06	assessed	provisional
SID530295	SID530295	donor_combined_disjoint_clean_reads	k__Bacteria|p__Firmicutes|c__Clostridia|o__Eubacteriales|f__Oscillospiraceae|g__GGB45495|s__GGB45495_SGB63167	species	2|1239|186801|186802|216572||	0.000498	4.98e-06	assessed	provisional
SID530295	SID530295	donor_combined_disjoint_clean_reads	k__Bacteria|p__Firmicutes|c__Erysipelotrichia|o__Erysipelotrichales|f__Erysipelotrichaceae|g__Holdemania|s__Holdemania_massiliensis	species	2|1239|526524|526525|128827|61170|1468449	0.000447	4.47e-06	assessed	provisional
SID530295	SID530295	donor_combined_disjoint_clean_reads	k__Bacteria|p__Firmicutes|c__Clostridia|o__Lachnospirales|f__Lachnospiraceae|g__Enterocloster|s__Enterocloster_clostridioformis	species	2|1239|186801|3085636|186803|2719313|1531	0.000425	4.25e-06	assessed	provisional
SID530295	SID530295	donor_combined_disjoint_clean_reads	k__Bacteria|p__Firmicutes|c__CFGB1765|o__OFGB1765|f__FGB1765|g__GGB4557|s__GGB4557_SGB6288	species	2|1239|||||	0.000412	4.1199999999999995e-06	assessed	provisional
SID530295	SID530295	donor_combined_disjoint_clean_reads	k__Bacteria|p__Firmicutes|c__Clostridia|o__Eubacteriales|f__Oscillospiraceae|g__Massiliimalia|s__Massiliimalia_timonensis	species	2|1239|186801|186802|216572|2895461|1987501	0.000387	3.869999999999999e-06	assessed	provisional
SID530295	SID530295	donor_combined_disjoint_clean_reads	k__Bacteria|p__Firmicutes|c__CFGB79330|o__OFGB79330|f__FGB79330|g__GGB3000|s__GGB3000_SGB3991	species	2|1239|||||	0.000362	3.62e-06	assessed	provisional
SID530295	SID530295	donor_combined_disjoint_clean_reads	k__Bacteria|p__Firmicutes|c__Clostridia|o__Lachnospirales|f__Lachnospiraceae|g__Enterocloster|s__Enterocloster_lavalensis	species	2|1239|186801|3085636|186803|2719313|460384	0.000353	3.53e-06	assessed	provisional
SID530295	SID530295	donor_combined_disjoint_clean_reads	k__Bacteria|p__Firmicutes|c__CFGB3054|o__OFGB3054|f__FGB3054|g__GGB9674|s__GGB9674_SGB72855	species	2|1239|||||	0.000333	3.3300000000000003e-06	assessed	provisional
SID530295	SID530295	donor_combined_disjoint_clean_reads	k__Bacteria|p__Actinomycetota|c__Actinomycetes|o__Bifidobacteriales|f__Bifidobacteriaceae|g__Bifidobacterium|s__Bifidobacterium_longum	species	2|201174|1760|85004|31953|1678|216816	0.000329	3.29e-06	assessed	provisional
SID530295	SID530295	donor_combined_disjoint_clean_reads	k__Bacteria|p__Pseudomonadota|c__Betaproteobacteria|o__Burkholderiales|f__Sutterellaceae|g__Mesosutterella|s__Mesosutterella_faecium	species	2|1224|28216|80840|995019|2494213|2925194	0.000305	3.05e-06	assessed	provisional
SID530295	SID530295	donor_combined_disjoint_clean_reads	k__Bacteria|p__Firmicutes|c__CFGB84085|o__OFGB84085|f__FGB84085|g__GGB3129|s__GGB3129_SGB4142	species	2|1239|||||	0.000272	2.72e-06	assessed	provisional
SID530295	SID530295	donor_combined_disjoint_clean_reads	k__Bacteria|p__Firmicutes|c__Clostridia|o__Eubacteriales|f__Oscillospiraceae|g__GGB3343|s__GGB3343_SGB4423	species	2|1239|186801|186802|216572||	0.000254	2.54e-06	assessed	provisional
SID530295	SID530295	donor_combined_disjoint_clean_reads	k__Bacteria|p__Actinomycetota|c__Actinomycetes|o__Micrococcales|f__Micrococcaceae|g__Rothia|s__Rothia_mucilaginosa	species	2|201174|1760|85006|1268|32207|43675	0.0002	2e-06	assessed	provisional
SID530295	SID530295	donor_combined_disjoint_clean_reads	k__Bacteria|p__Firmicutes|c__Clostridia|o__Eubacteriales|f__Oscillospiraceae|g__Faecalibacterium|s__Faecalibacterium_wellingii	species	2|1239|186801|186802|216572|216851|2929491	0.000199	1.99e-06	assessed	provisional
SID530295	SID530295	donor_combined_disjoint_clean_reads	k__Bacteria|p__Firmicutes|c__Clostridia|o__Eubacteriales|f__Oscillospiraceae|g__Oscillospiraceae_unclassified|s__Ruminococcaceae_bacterium_Marseille_P2935	species	2|1239|186801|186802|216572||1852383	0.000175	1.75e-06	assessed	provisional
SID530295	SID530295	donor_combined_disjoint_clean_reads	k__Bacteria|p__Firmicutes|c__CFGB1765|o__OFGB1765|f__FGB1765|g__GGB4559|s__GGB4559_SGB6292	species	2|1239|||||	0.000175	1.75e-06	assessed	provisional
SID530295	SID530295	donor_combined_disjoint_clean_reads	k__Bacteria|p__Firmicutes|c__Clostridia|o__Eubacteriales|f__Oscillospiraceae|g__GGB45629|s__GGB45629_SGB63343	species	2|1239|186801|186802|216572||	0.000171	1.7100000000000001e-06	assessed	provisional
SID530295	SID530295	donor_combined_disjoint_clean_reads	k__Bacteria|p__Firmicutes|c__Clostridia|o__Eubacteriales|f__Oscillospiraceae|g__GGB45596|s__GGB45596_SGB63306	species	2|1239|186801|186802|216572||	0.000157	1.57e-06	assessed	provisional
SID530295	SID530295	donor_combined_disjoint_clean_reads	k__Bacteria|p__Firmicutes|c__Clostridia|o__Eubacteriales|f__Clostridiaceae|g__Clostridium|s__Clostridium_sp_AF27_2AA	species	2|1239|186801|186802|31979|1485|2292206	0.000142	1.4200000000000002e-06	assessed	provisional
SID530295	SID530295	donor_combined_disjoint_clean_reads	k__Bacteria|p__Firmicutes|c__CFGB3038|o__OFGB3038|f__FGB3038|g__GGB9538|s__GGB9538_SGB14941	species	2|1239|||||	0.000125	1.25e-06	assessed	provisional
SID530295	SID530295	donor_combined_disjoint_clean_reads	k__Bacteria|p__Firmicutes|c__Clostridia|o__Eubacteriales|f__Oscillospiraceae|g__Oscillibacter|s__Oscillibacter_sp_PC13	species	2|1239|186801|186802|216572|459786|1855299	0.000116	1.16e-06	assessed	provisional
SID530295	SID530295	donor_combined_disjoint_clean_reads	k__Bacteria|p__Firmicutes|c__Clostridia|o__Eubacteriales|f__Oscillospiraceae|g__Anaerofilum|s__Anaerofilum_hominis	species	2|1239|186801|186802|216572|52784|2763016	9.7e-05	9.7e-07	assessed	provisional
SID530295	SID530295	donor_combined_disjoint_clean_reads	k__Bacteria|p__Firmicutes|c__CFGB79330|o__OFGB79330|f__FGB79330|g__GGB3005|s__GGB3005_SGB3996	species	2|1239|||||	6.4e-05	6.4e-07	assessed	provisional
SID530295	SID530295	donor_combined_disjoint_clean_reads	k__Bacteria|p__Firmicutes|c__Clostridia|o__Christensenellales|f__Christensenellaceae|g__Gehongia|s__Gehongia_tenuis	species	2|1239|186801|3082768|990719|2944147|2763655	6.1e-05	6.1e-07	assessed	provisional
SID530368	SID530368	donor_combined_disjoint_clean_reads	UNCLASSIFIED	unclassified	-1	15.901679	0.15901679	assessed	provisional
SID530368	SID530368	donor_combined_disjoint_clean_reads	k__Bacteria|p__Firmicutes|c__Clostridia|o__Eubacteriales|f__Eubacteriales_incertae_sedis|g__Candidatus_Cibionibacter|s__Candidatus_Cibionibacter_quicibialis	species	2|1239|186801|186802|538999|2527773|2500537	9.903413	0.09903413	assessed	provisional
SID530368	SID530368	donor_combined_disjoint_clean_reads	k__Bacteria|p__Firmicutes|c__Clostridia|o__Lachnospirales|f__Lachnospiraceae|g__Blautia|s__Blautia_wexlerae	species	2|1239|186801|3085636|186803|572511|418240	8.636819	0.08636819	assessed	provisional
SID530368	SID530368	donor_combined_disjoint_clean_reads	k__Bacteria|p__Actinomycetota|c__Actinomycetes|o__Bifidobacteriales|f__Bifidobacteriaceae|g__Bifidobacterium|s__Bifidobacterium_longum	species	2|201174|1760|85004|31953|1678|216816	8.248524	0.08248524	assessed	provisional
SID530368	SID530368	donor_combined_disjoint_clean_reads	k__Bacteria|p__Actinomycetota|c__Coriobacteriia|o__Eggerthellales|f__Eggerthellaceae|g__Eggerthella|s__Eggerthella_lenta	species	2|201174|84998|1643822|1643826|84111|84112	7.398335	0.07398335	assessed	provisional
SID530368	SID530368	donor_combined_disjoint_clean_reads	k__Bacteria|p__Firmicutes|c__Clostridia|o__Eubacteriales|f__Oscillospiraceae|g__Ruminococcus|s__Ruminococcus_bromii	species	2|1239|186801|186802|216572|1263|40518	4.918012	0.04918012	assessed	provisional
SID530368	SID530368	donor_combined_disjoint_clean_reads	k__Bacteria|p__Firmicutes|c__Clostridia|o__Lachnospirales|f__Lachnospiraceae|g__Anaerostipes|s__Anaerostipes_hadrus	species	2|1239|186801|3085636|186803|207244|649756	4.857696	0.048576959999999995	assessed	provisional
SID530368	SID530368	donor_combined_disjoint_clean_reads	k__Bacteria|p__Verrucomicrobiota|c__Verrucomicrobiia|o__Verrucomicrobiales|f__Akkermansiaceae|g__Akkermansia|s__Akkermansia_muciniphila	species	2|74201|203494|48461|1647988|239934|239935	3.777834	0.03777834	assessed	provisional
SID530368	SID530368	donor_combined_disjoint_clean_reads	k__Bacteria|p__Actinomycetota|c__Coriobacteriia|o__Coriobacteriales|f__Coriobacteriaceae|g__Collinsella|s__Collinsella_aerofaciens	species	2|201174|84998|84999|84107|102106|74426	3.716722	0.03716722	assessed	provisional
SID530368	SID530368	donor_combined_disjoint_clean_reads	k__Bacteria|p__Firmicutes|c__Clostridia|o__Eubacteriales|f__Eubacteriales_unclassified|g__Gemmiger|s__Gemmiger_formicilis	species	2|1239|186801|186802||204475|745368	2.54469	0.0254469	assessed	provisional
SID530368	SID530368	donor_combined_disjoint_clean_reads	k__Bacteria|p__Firmicutes|c__Clostridia|o__Lachnospirales|f__Lachnospiraceae|g__Fusicatenibacter|s__Fusicatenibacter_saccharivorans	species	2|1239|186801|3085636|186803|1407607|1150298	2.260936	0.022609360000000002	assessed	provisional
SID530368	SID530368	donor_combined_disjoint_clean_reads	k__Bacteria|p__Firmicutes|c__Clostridia|o__Lachnospirales|f__Lachnospiraceae|g__Dorea|s__Dorea_longicatena	species	2|1239|186801|3085636|186803|189330|88431	1.923579	0.01923579	assessed	provisional
SID530368	SID530368	donor_combined_disjoint_clean_reads	k__Bacteria|p__Firmicutes|c__Clostridia|o__Lachnospirales|f__Lachnospiraceae|g__Blautia|s__Blautia_massiliensis_ex_Durand_et_al_2017	species	2|1239|186801|3085636|186803|572511|1737424	1.647678	0.01647678	assessed	provisional
SID530368	SID530368	donor_combined_disjoint_clean_reads	k__Bacteria|p__Firmicutes|c__Clostridia|o__Lachnospirales|f__Lachnospiraceae|g__Blautia|s__Blautia_faecis	species	2|1239|186801|3085636|186803|572511|871665	1.411432	0.01411432	assessed	provisional
SID530368	SID530368	donor_combined_disjoint_clean_reads	k__Bacteria|p__Firmicutes|c__Clostridia|o__Lachnospirales|f__Lachnospiraceae|g__Oliverpabstia|s__Oliverpabstia_intestinalis	species	2|1239|186801|3085636|186803|2815777|2606633	1.386618	0.013866179999999999	assessed	provisional
SID530368	SID530368	donor_combined_disjoint_clean_reads	k__Bacteria|p__Firmicutes|c__Clostridia|o__Lachnospirales|f__Lachnospiraceae|g__Mediterraneibacter|s__Mediterraneibacter_faecis	species	2|1239|186801|3085636|186803|2316020|592978	1.348606	0.01348606	assessed	provisional
SID530368	SID530368	donor_combined_disjoint_clean_reads	k__Bacteria|p__Firmicutes|c__Clostridia|o__Lachnospirales|f__Lachnospiraceae|g__Agathobacter|s__Agathobacter_rectalis	species	2|1239|186801|3085636|186803|1766253|39491	1.172783	0.01172783	assessed	provisional
SID530368	SID530368	donor_combined_disjoint_clean_reads	k__Bacteria|p__Firmicutes|c__Clostridia|o__Lachnospirales|f__Lachnospiraceae|g__Blautia|s__Blautia_sp_MCC283	species	2|1239|186801|3085636|186803|572511|2592640	1.090019	0.01090019	assessed	provisional
SID530368	SID530368	donor_combined_disjoint_clean_reads	k__Bacteria|p__Firmicutes|c__Clostridia|o__Eubacteriales|f__Oscillospiraceae|g__Hominenteromicrobium|s__Hominenteromicrobium_mulieris	species	2|1239|186801|186802|216572|3073575|2885357	1.061707	0.01061707	assessed	provisional
SID530368	SID530368	donor_combined_disjoint_clean_reads	k__Bacteria|p__Firmicutes|c__Clostridia|o__Lachnospirales|f__Lachnospiraceae|g__Anaerobutyricum|s__Anaerobutyricum_soehngenii	species	2|1239|186801|3085636|186803|2569097|105843	1.04837	0.0104837	assessed	provisional
SID530368	SID530368	donor_combined_disjoint_clean_reads	k__Bacteria|p__Firmicutes|c__Clostridia|o__Eubacteriales|f__Oscillospiraceae|g__Vescimonas|s__Vescimonas_coprocola	species	2|1239|186801|186802|216572|2892396|2714355	0.97418	0.0097418	assessed	provisional
SID530368	SID530368	donor_combined_disjoint_clean_reads	k__Bacteria|p__Firmicutes|c__Clostridia|o__Lachnospirales|f__Lachnospiraceae|g__Anaerobutyricum|s__Anaerobutyricum_hallii	species	2|1239|186801|3085636|186803|2569097|39488	0.878679	0.00878679	assessed	provisional
SID530368	SID530368	donor_combined_disjoint_clean_reads	k__Bacteria|p__Firmicutes|c__Clostridia|o__Lachnospirales|f__Lachnospiraceae|g__Coprococcus|s__Coprococcus_comes	species	2|1239|186801|3085636|186803|33042|410072	0.732367	0.00732367	assessed	provisional
SID530368	SID530368	donor_combined_disjoint_clean_reads	k__Bacteria|p__Firmicutes|c__Clostridia|o__Eubacteriales|f__Beduinellaceae|g__GGB9760|s__GGB9760_SGB15374	species	2|1239|186801|186802|3151707||	0.662048	0.00662048	assessed	provisional
SID530368	SID530368	donor_combined_disjoint_clean_reads	k__Bacteria|p__Firmicutes|c__Bacilli|o__Lactobacillales|f__Streptococcaceae|g__Streptococcus|s__Streptococcus_raffinosi	species	2|1239|91061|186826|1300|1301|3053355	0.602036	0.00602036	assessed	provisional
SID530368	SID530368	donor_combined_disjoint_clean_reads	k__Bacteria|p__Firmicutes|c__Clostridia|o__Eubacteriales|f__Oscillospiraceae|g__Ruminococcus|s__Ruminococcus_bicirculans_ex_Wegman_et_al_2014	species	2|1239|186801|186802|216572|1263|1160721	0.59843	0.0059843000000000006	assessed	provisional
SID530368	SID530368	donor_combined_disjoint_clean_reads	k__Bacteria|p__Actinomycetota|c__Coriobacteriia|o__Eggerthellales|f__Eggerthellaceae|g__GGB45432|s__GGB45432_SGB63101	species	2|201174|84998|1643822|1643826||	0.551835	0.00551835	assessed	provisional
SID530368	SID530368	donor_combined_disjoint_clean_reads	k__Bacteria|p__Firmicutes|c__Clostridia|o__Eubacteriales|f__Oscillospiraceae|g__Faecalibacterium|s__Faecalibacterium_prausnitzii	species	2|1239|186801|186802|216572|216851|853	0.514352	0.00514352	assessed	provisional
SID530368	SID530368	donor_combined_disjoint_clean_reads	k__Bacteria|p__Firmicutes|c__Negativicutes|o__Veillonellales|f__Veillonellaceae|g__Dialister|s__Dialister_invisus	species	2|1239|909932|1843489|31977|39948|218538	0.464949	0.00464949	assessed	provisional
SID530368	SID530368	donor_combined_disjoint_clean_reads	k__Bacteria|p__Firmicutes|c__Bacilli|o__Lactobacillales|f__Streptococcaceae|g__Streptococcus|s__Streptococcus_salivarius	species	2|1239|91061|186826|1300|1301|1304	0.431138	0.00431138	assessed	provisional
SID530368	SID530368	donor_combined_disjoint_clean_reads	k__Bacteria|p__Firmicutes|c__Clostridia|o__Lachnospirales|f__Lachnospiraceae|g__Roseburia|s__Roseburia_faecis	species	2|1239|186801|3085636|186803|841|301302	0.408423	0.0040842299999999995	assessed	provisional
SID530368	SID530368	donor_combined_disjoint_clean_reads	k__Bacteria|p__Bacteroidota|c__Bacteroidia|o__Bacteroidales|f__Bacteroidaceae|g__Bacteroides|s__Bacteroides_uniformis	species	2|976|200643|171549|815|816|820	0.406815	0.0040681499999999995	assessed	provisional
SID530368	SID530368	donor_combined_disjoint_clean_reads	k__Bacteria|p__Firmicutes|c__Clostridia|o__Lachnospirales|f__Lachnospiraceae|g__Coprococcus|s__Coprococcus_catus	species	2|1239|186801|3085636|186803|33042|116085	0.402977	0.004029769999999999	assessed	provisional
SID530368	SID530368	donor_combined_disjoint_clean_reads	k__Bacteria|p__Firmicutes|c__Clostridia|o__Lachnospirales|f__Lachnospiraceae|g__Dorea|s__Dorea_formicigenerans	species	2|1239|186801|3085636|186803|189330|39486	0.391165	0.00391165	assessed	provisional
SID530368	SID530368	donor_combined_disjoint_clean_reads	k__Bacteria|p__Firmicutes|c__Clostridia|o__Lachnospirales|f__Lachnospiraceae|g__Blautia|s__Blautia_obeum	species	2|1239|186801|3085636|186803|572511|40520	0.344462	0.00344462	assessed	provisional
SID530368	SID530368	donor_combined_disjoint_clean_reads	k__Bacteria|p__Firmicutes|c__Clostridia|o__Lachnospirales|f__Lachnospiraceae|g__Blautia|s__Blautia_glucerasea	species	2|1239|186801|3085636|186803|572511|536633	0.343545	0.00343545	assessed	provisional
SID530368	SID530368	donor_combined_disjoint_clean_reads	k__Bacteria|p__Firmicutes|c__Clostridia|o__Lachnospirales|f__Lachnospiraceae|g__Fusicatenibacter|s__Fusicatenibacter_faecihominis	species	2|1239|186801|3085636|186803|1407607|2881276	0.292786	0.00292786	assessed	provisional
SID530368	SID530368	donor_combined_disjoint_clean_reads	k__Bacteria|p__Firmicutes|c__CFGB79315|o__OFGB79315|f__FGB79315|g__GGB9758|s__GGB9758_SGB15368	species	2|1239|||||	0.272065	0.00272065	assessed	provisional
SID530368	SID530368	donor_combined_disjoint_clean_reads	k__Bacteria|p__Firmicutes|c__CFGB3012|o__OFGB3012|f__FGB3012|g__GGB9480|s__GGB9480_SGB14874	species	2|1239|||||	0.256268	0.00256268	assessed	provisional
SID530368	SID530368	donor_combined_disjoint_clean_reads	k__Bacteria|p__Firmicutes|c__Clostridia|o__Lachnospirales|f__Lachnospiraceae|g__Lachnospira|s__Lachnospira_pectinoschiza	species	2|1239|186801|3085636|186803|28050|28052	0.225336	0.0022533600000000003	assessed	provisional
SID530368	SID530368	donor_combined_disjoint_clean_reads	k__Bacteria|p__Firmicutes|c__Clostridia|o__Peptostreptococcales|f__Peptostreptococcaceae|g__Romboutsia|s__Romboutsia_timonensis	species	2|1239|186801|3082720|186804|1501226|1776391	0.218674	0.00218674	assessed	provisional
SID530368	SID530368	donor_combined_disjoint_clean_reads	k__Bacteria|p__Firmicutes|c__Clostridia|o__Lachnospirales|f__Lachnospiraceae|g__GGB51441|s__GGB51441_SGB71759	species	2|1239|186801|3085636|186803||	0.218134	0.00218134	assessed	provisional
SID530368	SID530368	donor_combined_disjoint_clean_reads	k__Bacteria|p__Firmicutes|c__Bacilli|o__Lactobacillales|f__Streptococcaceae|g__Streptococcus|s__Streptococcus_thermophilus	species	2|1239|91061|186826|1300|1301|1308	0.207711	0.00207711	assessed	provisional
SID530368	SID530368	donor_combined_disjoint_clean_reads	k__Bacteria|p__Firmicutes|c__Clostridia|o__Peptostreptococcales|f__Peptostreptococcaceae|g__Intestinibacter|s__Intestinibacter_bartlettii	species	2|1239|186801|3082720|186804|1505657|261299	0.197144	0.00197144	assessed	provisional
SID530368	SID530368	donor_combined_disjoint_clean_reads	k__Bacteria|p__Firmicutes|c__Clostridia|o__Eubacteriales|f__Butyricicoccaceae|g__Butyricicoccus|s__Butyricicoccus_intestinisimiae	species	2|1239|186801|186802|3085642|580596|2841509	0.196236	0.00196236	assessed	provisional
SID530368	SID530368	donor_combined_disjoint_clean_reads	k__Bacteria|p__Firmicutes|c__Clostridia|o__Lachnospirales|f__Lachnospiraceae|g__Faecalicatena|s__Faecalicatena_fissicatena	species	2|1239|186801|3085636|186803|2005359|290055	0.195973	0.0019597300000000002	assessed	provisional
SID530368	SID530368	donor_combined_disjoint_clean_reads	k__Bacteria|p__Firmicutes|c__Clostridia|o__Eubacteriales|f__Butyricicoccaceae|g__Agathobaculum|s__Agathobaculum_faecis	species	2|1239|186801|186802|3085642|2048137|2763013	0.192816	0.00192816	assessed	provisional
SID530368	SID530368	donor_combined_disjoint_clean_reads	k__Bacteria|p__Bacteroidota|c__Bacteroidia|o__Bacteroidales|f__Rikenellaceae|g__Alistipes|s__Alistipes_onderdonkii	species	2|976|200643|171549|171550|239759|328813	0.189373	0.0018937300000000002	assessed	provisional
SID530368	SID530368	donor_combined_disjoint_clean_reads	k__Bacteria|p__Firmicutes|c__Clostridia|o__Lachnospirales|f__Lachnospiraceae|g__Lachnospiraceae_unclassified|s__Lachnospiraceae_bacterium	species	2|1239|186801|3085636|186803||1898203	0.186915	0.00186915	assessed	provisional
SID530368	SID530368	donor_combined_disjoint_clean_reads	k__Bacteria|p__Actinomycetota|c__Actinomycetes|o__Propionibacteriales|f__Propionibacteriaceae|g__Propionibacterium|s__Propionibacterium_freudenreichii	species	2|201174|1760|85009|31957|1743|1744	0.165051	0.00165051	assessed	provisional
SID530368	SID530368	donor_combined_disjoint_clean_reads	k__Bacteria|p__Firmicutes|c__Clostridia|o__Eubacteriales|f__Clostridiaceae|g__Clostridium|s__Clostridium_sp_1001270J_160509_D11	species	2|1239|186801|186802|31979|1485|2787103	0.163674	0.0016367399999999998	assessed	provisional
SID530368	SID530368	donor_combined_disjoint_clean_reads	k__Bacteria|p__Firmicutes|c__Bacilli|o__Lactobacillales|f__Streptococcaceae|g__Streptococcus|s__Streptococcus_parasanguinis	species	2|1239|91061|186826|1300|1301|1318	0.15711	0.0015711	assessed	provisional
SID530368	SID530368	donor_combined_disjoint_clean_reads	k__Bacteria|p__Firmicutes|c__Clostridia|o__Eubacteriales|f__Eubacteriaceae|g__Eubacterium|s__Eubacterium_ramulus	species	2|1239|186801|186802|186806|1730|39490	0.146975	0.00146975	assessed	provisional
SID530368	SID530368	donor_combined_disjoint_clean_reads	k__Bacteria|p__Firmicutes|c__Clostridia|o__Lachnospirales|f__Lachnospiraceae|g__Dorea|s__Dorea_sp_AF36_15AT	species	2|1239|186801|3085636|186803|189330|2292041	0.141075	0.0014107500000000001	assessed	provisional
SID530368	SID530368	donor_combined_disjoint_clean_reads	k__Bacteria|p__Firmicutes|c__Clostridia|o__Eubacteriales|f__Eubacteriaceae|g__Eubacterium|s__Eubacterium_sp_AF34_35BH	species	2|1239|186801|186802|186806|1730|2293107	0.13293	0.0013292999999999998	assessed	provisional
SID530368	SID530368	donor_combined_disjoint_clean_reads	k__Bacteria|p__Firmicutes|c__Clostridia|o__Lachnospirales|f__Lachnospiraceae|g__Lachnospira|s__Lachnospira_eligens	species	2|1239|186801|3085636|186803|28050|39485	0.128166	0.00128166	assessed	provisional
SID530368	SID530368	donor_combined_disjoint_clean_reads	k__Bacteria|p__Firmicutes|c__Clostridia|o__Eubacteriales|f__Oscillospiraceae|g__Oscillospiraceae_unclassified|s__Oscillospiraceae_bacterium	species	2|1239|186801|186802|216572||2485925	0.122667	0.00122667	assessed	provisional
SID530368	SID530368	donor_combined_disjoint_clean_reads	k__Bacteria|p__Firmicutes|c__Clostridia|o__Lachnospirales|f__Lachnospiraceae|g__Lachnoclostridium|s__Clostridium_scindens	species	2|1239|186801|3085636|186803|1506553|29347	0.119982	0.00119982	assessed	provisional
SID530368	SID530368	donor_combined_disjoint_clean_reads	k__Bacteria|p__Firmicutes|c__Clostridia|o__Eubacteriales|f__Oscillospiraceae|g__Hominilimicola|s__Hominilimicola_fabiformis	species	2|1239|186801|186802|216572|3073565|2885356	0.118107	0.00118107	assessed	provisional
SID530368	SID530368	donor_combined_disjoint_clean_reads	k__Bacteria|p__Firmicutes|c__Erysipelotrichia|o__Erysipelotrichales|f__Erysipelotrichaceae|g__Erysipelotrichaceae_unclassified|s__Clostridium_innocuum	species	2|1239|526524|526525|128827||1522	0.112337	0.00112337	assessed	provisional
SID530368	SID530368	donor_combined_disjoint_clean_reads	k__Bacteria|p__Firmicutes|c__Clostridia|o__Lachnospirales|f__Lachnospiraceae|g__Wansuia|s__Wansuia_hejianensis	species	2|1239|186801|3085636|186803|2944198|2763667	0.11034	0.0011034	assessed	provisional
SID530368	SID530368	donor_combined_disjoint_clean_reads	k__Bacteria|p__Firmicutes|c__Clostridia|o__Eubacteriales|f__Oscillospiraceae|g__Oscillospiraceae_unclassified|s__Eubacterium_siraeum	species	2|1239|186801|186802|216572||39492	0.110166	0.00110166	assessed	provisional
SID530368	SID530368	donor_combined_disjoint_clean_reads	k__Bacteria|p__Firmicutes|c__Clostridia|o__Peptostreptococcales|f__Peptostreptococcaceae|g__GGB4456|s__GGB4456_SGB6141	species	2|1239|186801|3082720|186804||	0.109463	0.00109463	assessed	provisional
SID530368	SID530368	donor_combined_disjoint_clean_reads	k__Bacteria|p__Firmicutes|c__CFGB3057|o__OFGB3057|f__FGB3057|g__GGB9719|s__GGB9719_SGB15273	species	2|1239|||||	0.104417	0.0010441699999999999	assessed	provisional
SID530368	SID530368	donor_combined_disjoint_clean_reads	k__Bacteria|p__Firmicutes|c__CFGB84486|o__OFGB84486|f__FGB84486|g__GGB3653|s__GGB3653_SGB4964	species	2|1239|||||	0.098385	0.00098385	assessed	provisional
SID530368	SID530368	donor_combined_disjoint_clean_reads	k__Bacteria|p__Firmicutes|c__Clostridia|o__Eubacteriales|f__Oscillospiraceae|g__Ruthenibacterium|s__Ruthenibacterium_lactatiformans	species	2|1239|186801|186802|216572|1905344|1550024	0.088336	0.00088336	assessed	provisional
SID530368	SID530368	donor_combined_disjoint_clean_reads	k__Bacteria|p__Actinomycetota|c__Actinomycetes|o__Bifidobacteriales|f__Bifidobacteriaceae|g__Bifidobacterium|s__Bifidobacterium_animalis	species	2|201174|1760|85004|31953|1678|28025	0.087751	0.00087751	assessed	provisional
SID530368	SID530368	donor_combined_disjoint_clean_reads	k__Bacteria|p__Firmicutes|c__Bacilli|o__Lactobacillales|f__Streptococcaceae|g__Streptococcus|s__Streptococcus_sobrinus	species	2|1239|91061|186826|1300|1301|1310	0.087076	0.00087076	assessed	provisional
SID530368	SID530368	donor_combined_disjoint_clean_reads	k__Bacteria|p__Firmicutes|c__Clostridia|o__Lachnospirales|f__Lachnospiraceae|g__Roseburia|s__Roseburia_intestinalis	species	2|1239|186801|3085636|186803|841|166486	0.086404	0.00086404	assessed	provisional
SID530368	SID530368	donor_combined_disjoint_clean_reads	k__Bacteria|p__Firmicutes|c__Clostridia|o__Lachnospirales|f__Lachnospiraceae|g__Mediterraneibacter|s__Mediterraneibacter_gnavus	species	2|1239|186801|3085636|186803|2316020|33038	0.085485	0.0008548500000000001	assessed	provisional
SID530368	SID530368	donor_combined_disjoint_clean_reads	k__Bacteria|p__Firmicutes|c__Clostridia|o__Lachnospirales|f__Lachnospiraceae|g__Roseburia|s__Roseburia_hominis	species	2|1239|186801|3085636|186803|841|301301	0.085327	0.00085327	assessed	provisional
SID530368	SID530368	donor_combined_disjoint_clean_reads	k__Bacteria|p__Firmicutes|c__Bacilli|o__Lactobacillales|f__Streptococcaceae|g__Streptococcus|s__Streptococcus_mutans	species	2|1239|91061|186826|1300|1301|1309	0.083099	0.0008309900000000001	assessed	provisional
SID530368	SID530368	donor_combined_disjoint_clean_reads	k__Bacteria|p__Firmicutes|c__Clostridia|o__Eubacteriales|f__Clostridiaceae|g__Clostridium|s__Clostridium_sp_AF36_4	species	2|1239|186801|186802|31979|1485|2293015	0.082788	0.00082788	assessed	provisional
SID530368	SID530368	donor_combined_disjoint_clean_reads	k__Bacteria|p__Firmicutes|c__Clostridia|o__Lachnospirales|f__Lachnospiraceae|g__Mediterraneibacter|s__Ruminococcus_lactaris	species	2|1239|186801|3085636|186803|2316020|46228	0.078789	0.00078789	assessed	provisional
SID530368	SID530368	donor_combined_disjoint_clean_reads	k__Bacteria|p__Firmicutes|c__Erysipelotrichia|o__Erysipelotrichales|f__Turicibacteraceae|g__Turicibacter|s__Turicibacter_bilis	species	2|1239|526524|526525|2810281|191303|2735723	0.074341	0.00074341	assessed	provisional
SID530368	SID530368	donor_combined_disjoint_clean_reads	k__Bacteria|p__Firmicutes|c__Bacilli|o__Lactobacillales|f__Lactobacillaceae|g__Lactiplantibacillus|s__Lactiplantibacillus_plantarum	species	2|1239|91061|186826|33958|2767842|1590	0.069967	0.00069967	assessed	provisional
SID530368	SID530368	donor_combined_disjoint_clean_reads	k__Bacteria|p__Firmicutes|c__Clostridia|o__Eubacteriales|f__Oscillospiraceae|g__GGB9469|s__GGB9469_SGB14862	species	2|1239|186801|186802|216572||	0.063501	0.00063501	assessed	provisional
SID530368	SID530368	donor_combined_disjoint_clean_reads	k__Bacteria|p__Bacteroidota|c__Bacteroidia|o__Bacteroidales|f__Tannerellaceae|g__Parabacteroides|s__Parabacteroides_merdae	species	2|976|200643|171549|2005525|375288|46503	0.061064	0.00061064	assessed	provisional
SID530368	SID530368	donor_combined_disjoint_clean_reads	k__Bacteria|p__Firmicutes|c__Clostridia|o__Eubacteriales|f__Clostridiaceae|g__Clostridium|s__Clostridium_SGB6173	species	2|1239|186801|186802|31979|1485|	0.0548	0.000548	assessed	provisional
SID530368	SID530368	donor_combined_disjoint_clean_reads	k__Bacteria|p__Firmicutes|c__CFGB1292|o__OFGB1292|f__FGB1292|g__GGB3109|s__GGB3109_SGB4121	species	2|1239|||||	0.053047	0.00053047	assessed	provisional
SID530368	SID530368	donor_combined_disjoint_clean_reads	k__Bacteria|p__Firmicutes|c__Clostridia|o__Eubacteriales|f__Clostridiaceae|g__Clostridium|s__Clostridium_lentum	species	2|1239|186801|186802|31979|1485|2763037	0.050985	0.0005098500000000001	assessed	provisional
SID530368	SID530368	donor_combined_disjoint_clean_reads	k__Bacteria|p__Bacteroidota|c__Bacteroidia|o__Bacteroidales|f__Bacteroidaceae|g__Bacteroides|s__Bacteroides_ovatus	species	2|976|200643|171549|815|816|28116	0.04612	0.0004612	assessed	provisional
SID530368	SID530368	donor_combined_disjoint_clean_reads	k__Bacteria|p__Firmicutes|c__Erysipelotrichia|o__Erysipelotrichales|f__Erysipelotrichaceae|g__Holdemania|s__Holdemania_sp_1001095H_141210_F2	species	2|1239|526524|526525|128827|61170|2787149	0.04215	0.0004215	assessed	provisional
SID530368	SID530368	donor_combined_disjoint_clean_reads	k__Bacteria|p__Firmicutes|c__Clostridia|o__Eubacteriales|f__Oscillospiraceae|g__Oscillospiraceae_unclassified|s__Ruminococcaceae_bacterium_AM53_2BH	species	2|1239|186801|186802|216572||2998069	0.042088	0.00042088	assessed	provisional
SID530368	SID530368	donor_combined_disjoint_clean_reads	k__Bacteria|p__Firmicutes|c__Clostridia|o__Lachnospirales|f__Lachnospiraceae|g__Gallintestinimicrobium|s__Gallintestinimicrobium_propionicum	species	2|1239|186801|3085636|186803|2981633|2981770	0.040586	0.00040585999999999997	assessed	provisional
SID530368	SID530368	donor_combined_disjoint_clean_reads	k__Bacteria|p__Firmicutes|c__Clostridia|o__Lachnospirales|f__Lachnospiraceae|g__Mediterraneibacter|s__Mediterraneibacter_butyricigenes	species	2|1239|186801|3085636|186803|2316020|2316025	0.039316	0.00039316	assessed	provisional
SID530368	SID530368	donor_combined_disjoint_clean_reads	k__Bacteria|p__Firmicutes|c__Clostridia|o__Eubacteriales|f__Oscillospiraceae|g__Dysosmobacter|s__Dysosmobacter_welbionis	species	2|1239|186801|186802|216572|2591381|2093857	0.038254	0.00038254	assessed	provisional
SID530368	SID530368	donor_combined_disjoint_clean_reads	k__Bacteria|p__Firmicutes|c__Clostridia|o__Lachnospirales|f__Lachnospiraceae|g__Lachnospiraceae_unclassified|s__Lachnospiraceae_bacterium_AM73_11pH9A	species	2|1239|186801|3085636|186803||2997100	0.036543	0.00036543	assessed	provisional
SID530368	SID530368	donor_combined_disjoint_clean_reads	k__Bacteria|p__Firmicutes|c__Erysipelotrichia|o__Erysipelotrichales|f__Coprobacillaceae|g__Thomasclavelia|s__Thomasclavelia_spiroformis	species	2|1239|526524|526525|2810280|3025755|29348	0.034999	0.00034999	assessed	provisional
SID530368	SID530368	donor_combined_disjoint_clean_reads	k__Bacteria|p__Firmicutes|c__Bacilli|o__Lactobacillales|f__Lactobacillaceae|g__Ligilactobacillus|s__Ligilactobacillus_salivarius	species	2|1239|91061|186826|33958|2767887|1624	0.033607	0.00033607	assessed	provisional
SID530368	SID530368	donor_combined_disjoint_clean_reads	k__Bacteria|p__Firmicutes|c__Erysipelotrichia|o__Erysipelotrichales|f__Erysipelotrichaceae|g__Massilimicrobiota|s__Massilimicrobiota_timonensis	species	2|1239|526524|526525|128827|1924110|1776392	0.031455	0.00031455	assessed	provisional
SID530368	SID530368	donor_combined_disjoint_clean_reads	k__Bacteria|p__Firmicutes|c__Clostridia|o__Lachnospirales|f__Lachnospiraceae|g__GGB51491|s__GGB51491_SGB71859	species	2|1239|186801|3085636|186803||	0.02883	0.0002883	assessed	provisional
SID530368	SID530368	donor_combined_disjoint_clean_reads	k__Bacteria|p__Firmicutes|c__Clostridia|o__Eubacteriales|f__Acutalibacteraceae|g__Anaeromassilibacillus|s__Anaeromassilibacillus_senegalensis	species	2|1239|186801|186802|3082771|1924093|1673717	0.02839	0.00028389999999999996	assessed	provisional
SID530368	SID530368	donor_combined_disjoint_clean_reads	k__Bacteria|p__Bacteroidota|c__Bacteroidia|o__Bacteroidales|f__Bacteroidaceae|g__Bacteroides|s__Bacteroides_fragilis	species	2|976|200643|171549|815|816|817	0.028185	0.00028185	assessed	provisional
SID530368	SID530368	donor_combined_disjoint_clean_reads	k__Bacteria|p__Firmicutes|c__Bacilli|o__Lactobacillales|f__Lactobacillaceae|g__Lactobacillus|s__Lactobacillus_gasseri	species	2|1239|91061|186826|33958|1578|1596	0.025819	0.00025819	assessed	provisional
SID530368	SID530368	donor_combined_disjoint_clean_reads	k__Bacteria|p__Firmicutes|c__Bacilli|o__Lactobacillales|f__Streptococcaceae|g__Streptococcus|s__Streptococcus_sanguinis	species	2|1239|91061|186826|1300|1301|1305	0.025228	0.00025228	assessed	provisional
SID530368	SID530368	donor_combined_disjoint_clean_reads	k__Bacteria|p__Firmicutes|c__Clostridia|o__Lachnospirales|f__Lachnospiraceae|g__Anthropogastromicrobium|s__Anthropogastromicrobium_aceti	species	2|1239|186801|3085636|186803|2981630|2981768	0.024466	0.00024466	assessed	provisional
SID530368	SID530368	donor_combined_disjoint_clean_reads	k__Bacteria|p__Firmicutes|c__Negativicutes|o__Veillonellales|f__Veillonellaceae|g__Veillonella|s__Veillonella_parvula	species	2|1239|909932|1843489|31977|29465|29466	0.0243	0.000243	assessed	provisional
SID530368	SID530368	donor_combined_disjoint_clean_reads	k__Bacteria|p__Firmicutes|c__Bacilli|o__Lactobacillales|f__Streptococcaceae|g__Streptococcus|s__Streptococcus_anginosus	species	2|1239|91061|186826|1300|1301|1328	0.022974	0.00022974	assessed	provisional
SID530368	SID530368	donor_combined_disjoint_clean_reads	k__Bacteria|p__Firmicutes|c__Clostridia|o__Lachnospirales|f__Lachnospiraceae|g__Faecalicatena|s__Faecalicatena_contorta	species	2|1239|186801|3085636|186803|2005359|39482	0.02281	0.00022810000000000001	assessed	provisional
SID530368	SID530368	donor_combined_disjoint_clean_reads	k__Bacteria|p__Firmicutes|c__Clostridia|o__Lachnospirales|f__Lachnospiraceae|g__Roseburia|s__Roseburia_inulinivorans	species	2|1239|186801|3085636|186803|841|360807	0.021463	0.00021463	assessed	provisional
SID530368	SID530368	donor_combined_disjoint_clean_reads	k__Bacteria|p__Firmicutes|c__Clostridia|o__Eubacteriales|f__Acutalibacteraceae|g__Acutalibacter|s__Acutalibacter_SGB14844	species	2|1239|186801|186802|3082771|1918385|	0.018894	0.00018894000000000002	assessed	provisional
SID530368	SID530368	donor_combined_disjoint_clean_reads	k__Bacteria|p__Firmicutes|c__Clostridia|o__Lachnospirales|f__Lachnospiraceae|g__GGB42677|s__GGB42677_SGB59879	species	2|1239|186801|3085636|186803||	0.016961	0.00016961	assessed	provisional
SID530368	SID530368	donor_combined_disjoint_clean_reads	k__Bacteria|p__Firmicutes|c__Clostridia|o__Lachnospirales|f__Lachnospiraceae|g__Sellimonas|s__Sellimonas_intestinalis	species	2|1239|186801|3085636|186803|1769710|1653434	0.016434	0.00016434000000000002	assessed	provisional
SID530368	SID530368	donor_combined_disjoint_clean_reads	k__Bacteria|p__Firmicutes|c__Clostridia|o__Eubacteriales|f__Oscillospiraceae|g__Pusillibacter|s__Pusillibacter_faecalis	species	2|1239|186801|186802|216572|2892397|2714358	0.016264	0.00016264	assessed	provisional
SID530368	SID530368	donor_combined_disjoint_clean_reads	k__Bacteria|p__Firmicutes|c__Clostridia|o__Lachnospirales|f__Lachnospiraceae|g__Simiaoa|s__Simiaoa_sunii	species	2|1239|186801|3085636|186803|2944193|2763672	0.015692	0.00015692	assessed	provisional
SID530368	SID530368	donor_combined_disjoint_clean_reads	k__Bacteria|p__Firmicutes|c__Clostridia|o__Eubacteriales|f__Oscillospiraceae|g__Lawsonibacter|s__Lawsonibacter_asaccharolyticus	species	2|1239|186801|186802|216572|2172004|2108523	0.014265	0.00014265	assessed	provisional
SID530368	SID530368	donor_combined_disjoint_clean_reads	k__Bacteria|p__Firmicutes|c__Erysipelotrichia|o__Erysipelotrichales|f__Coprobacillaceae|g__Thomasclavelia|s__Thomasclavelia_ramosa	species	2|1239|526524|526525|2810280|3025755|1547	0.013447	0.00013447	assessed	provisional
SID530368	SID530368	donor_combined_disjoint_clean_reads	k__Bacteria|p__Firmicutes|c__Bacilli|o__Lactobacillales|f__Lactobacillaceae|g__Limosilactobacillus|s__Limosilactobacillus_fermentum	species	2|1239|91061|186826|33958|2742598|1613	0.01271	0.0001271	assessed	provisional
SID530368	SID530368	donor_combined_disjoint_clean_reads	k__Bacteria|p__Firmicutes|c__Bacilli|o__Lactobacillales|f__Streptococcaceae|g__Streptococcus|s__Streptococcus_gordonii	species	2|1239|91061|186826|1300|1301|1302	0.012253	0.00012253	assessed	provisional
SID530368	SID530368	donor_combined_disjoint_clean_reads	k__Bacteria|p__Firmicutes|c__Clostridia|o__Lachnospirales|f__Lachnospiraceae|g__Eisenbergiella|s__Eisenbergiella_tayi	species	2|1239|186801|3085636|186803|1432051|1432052	0.011775	0.00011775	assessed	provisional
SID530368	SID530368	donor_combined_disjoint_clean_reads	k__Bacteria|p__Actinomycetota|c__Actinomycetes|o__Actinomycetales|f__Actinomycetaceae|g__Actinomyces|s__Actinomyces_oris	species	2|201174|1760|2037|2049|1654|544580	0.011332	0.00011332	assessed	provisional
SID530368	SID530368	donor_combined_disjoint_clean_reads	k__Bacteria|p__Firmicutes|c__Clostridia|o__Lachnospirales|f__Lachnospiraceae|g__GGB42687|s__GGB42687_SGB59890	species	2|1239|186801|3085636|186803||	0.009507	9.507e-05	assessed	provisional
SID530368	SID530368	donor_combined_disjoint_clean_reads	k__Bacteria|p__Firmicutes|c__Clostridia|o__Eubacteriales|f__Clostridiaceae|g__Clostridium|s__Clostridium_SGB6179	species	2|1239|186801|186802|31979|1485|	0.009147	9.147e-05	assessed	provisional
SID530368	SID530368	donor_combined_disjoint_clean_reads	k__Bacteria|p__Firmicutes|c__Bacillota_unclassified|o__Bacillota_unclassified|f__Bacillota_unclassified|g__GGB2998|s__GGB2998_SGB3988	species	2|1239|||||	0.008042	8.042e-05	assessed	provisional
SID530368	SID530368	donor_combined_disjoint_clean_reads	k__Bacteria|p__Firmicutes|c__Bacilli|o__Lactobacillales|f__Streptococcaceae|g__Lactococcus|s__Lactococcus_lactis	species	2|1239|91061|186826|1300|1357|1358	0.007691	7.691e-05	assessed	provisional
SID530368	SID530368	donor_combined_disjoint_clean_reads	k__Bacteria|p__Firmicutes|c__Erysipelotrichia|o__Erysipelotrichales|f__Turicibacteraceae|g__Turicibacter|s__Turicibacter_sanguinis	species	2|1239|526524|526525|2810281|191303|154288	0.007481	7.481e-05	assessed	provisional
SID530368	SID530368	donor_combined_disjoint_clean_reads	k__Bacteria|p__Firmicutes|c__Bacilli|o__Lactobacillales|f__Streptococcaceae|g__Lactococcus|s__Lactococcus_cremoris	species	2|1239|91061|186826|1300|1357|1359	0.007201	7.201e-05	assessed	provisional
SID530368	SID530368	donor_combined_disjoint_clean_reads	k__Bacteria|p__Firmicutes|c__CFGB3047|o__OFGB3047|f__FGB3047|g__GGB52130|s__GGB52130_SGB14966	species	2|1239|||||	0.006871	6.871e-05	assessed	provisional
SID530368	SID530368	donor_combined_disjoint_clean_reads	k__Bacteria|p__Firmicutes|c__Clostridia|o__Lachnospirales|f__Lachnospiraceae|g__Lachnospiraceae_unclassified|s__Lachnospiraceae_bacterium_TF08_3AC	species	2|1239|186801|3085636|186803||2997132	0.006828	6.828e-05	assessed	provisional
SID530368	SID530368	donor_combined_disjoint_clean_reads	k__Bacteria|p__Firmicutes|c__Clostridia|o__Eubacteriales|f__Eubacteriales_unclassified|g__Intestinimonas|s__Intestinimonas_massiliensis_ex_Afouda_et_al_2020	species	2|1239|186801|186802||1392389|1673721	0.005981	5.9810000000000005e-05	assessed	provisional
SID530368	SID530368	donor_combined_disjoint_clean_reads	k__Bacteria|p__Firmicutes|c__Clostridia|o__Lachnospirales|f__Lachnospiraceae|g__Roseburia|s__Roseburia_amylophila	species	2|1239|186801|3085636|186803|841|2981794	0.005205	5.2050000000000005e-05	assessed	provisional
SID530368	SID530368	donor_combined_disjoint_clean_reads	k__Bacteria|p__Actinomycetota|c__Actinomycetes|o__Actinomycetales|f__Actinomycetaceae|g__Actinomyces|s__Actinomyces_sp_oral_taxon_448	species	2|201174|1760|2037|2049|1654|712124	0.005024	5.024e-05	assessed	provisional
SID530368	SID530368	donor_combined_disjoint_clean_reads	k__Bacteria|p__Firmicutes|c__Clostridia|o__Lachnospirales|f__Lachnospiraceae|g__Mediterraneibacter|s__Ruminococcus_torques	species	2|1239|186801|3085636|186803|2316020|33039	0.004811	4.811e-05	assessed	provisional
SID530368	SID530368	donor_combined_disjoint_clean_reads	k__Bacteria|p__Firmicutes|c__Clostridia|o__Eubacteriales|f__Oscillospiraceae|g__Flavonifractor|s__Flavonifractor_plautii	species	2|1239|186801|186802|216572|946234|292800	0.004798	4.7980000000000005e-05	assessed	provisional
SID530368	SID530368	donor_combined_disjoint_clean_reads	k__Bacteria|p__Firmicutes|c__Clostridia|o__Eubacteriales|f__Butyricicoccaceae|g__Agathobaculum|s__Agathobaculum_butyriciproducens	species	2|1239|186801|186802|3085642|2048137|1628085	0.004767	4.767e-05	assessed	provisional
SID530368	SID530368	donor_combined_disjoint_clean_reads	k__Bacteria|p__Pseudomonadota|c__Gammaproteobacteria|o__Pasteurellales|f__Pasteurellaceae|g__Haemophilus|s__Haemophilus_parainfluenzae	species	2|1224|1236|135625|712|724|729	0.004761	4.760999999999999e-05	assessed	provisional
SID530368	SID530368	donor_combined_disjoint_clean_reads	k__Bacteria|p__Firmicutes|c__Clostridia|o__Eubacteriales|f__Clostridiaceae|g__Clostridium|s__Clostridium_saudiense	species	2|1239|186801|186802|31979|1485|1414720	0.004689	4.688999999999999e-05	assessed	provisional
SID530368	SID530368	donor_combined_disjoint_clean_reads	k__Bacteria|p__Actinomycetota|c__Actinomycetes|o__Micrococcales|f__Promicromonosporaceae|g__Isoptericola|s__Isoptericola_variabilis	species	2|201174|1760|85006|85017|254250|139208	0.004685	4.685e-05	assessed	provisional
SID530368	SID530368	donor_combined_disjoint_clean_reads	k__Bacteria|p__Actinomycetota|c__Actinomycetes|o__Micrococcales|f__Micrococcaceae|g__Rothia|s__Rothia_mucilaginosa	species	2|201174|1760|85006|1268|32207|43675	0.003999	3.999e-05	assessed	provisional
SID530368	SID530368	donor_combined_disjoint_clean_reads	k__Bacteria|p__Firmicutes|c__Clostridia|o__Lachnospirales|f__Lachnospiraceae|g__Lachnospiraceae_unclassified|s__Lachnospiraceae_bacterium_OF27_8pH9A	species	2|1239|186801|3085636|186803||2998044	0.003478	3.478e-05	assessed	provisional
SID530368	SID530368	donor_combined_disjoint_clean_reads	k__Bacteria|p__Firmicutes|c__Erysipelotrichia|o__Erysipelotrichales|f__Erysipelotrichaceae|g__Amedibacillus|s__Amedibacillus_dolichus	species	2|1239|526524|526525|128827|2749846|31971	0.003356	3.356e-05	assessed	provisional
SID530368	SID530368	donor_combined_disjoint_clean_reads	k__Bacteria|p__Firmicutes|c__Clostridia|o__Lachnospirales|f__Lachnospiraceae|g__Enterocloster|s__Enterocloster_bolteae	species	2|1239|186801|3085636|186803|2719313|208479	0.002872	2.872e-05	assessed	provisional
SID530368	SID530368	donor_combined_disjoint_clean_reads	k__Bacteria|p__Firmicutes|c__Clostridia|o__Eubacteriales|f__Eubacteriales_unclassified|g__Intestinimonas|s__Intestinimonas_butyriciproducens	species	2|1239|186801|186802||1392389|1297617	0.002685	2.685e-05	assessed	provisional
SID530368	SID530368	donor_combined_disjoint_clean_reads	k__Bacteria|p__Firmicutes|c__Clostridia|o__Lachnospirales|f__Lachnospiraceae|g__Waltera|s__Waltera_acetigignens	species	2|1239|186801|3085636|186803|2815781|2981769	0.002603	2.603e-05	assessed	provisional
SID530368	SID530368	donor_combined_disjoint_clean_reads	k__Bacteria|p__Firmicutes|c__Clostridia|o__Eubacteriales|f__Clostridiaceae|g__Clostridium|s__Clostridium_fessum	species	2|1239|186801|186802|31979|1485|2126740	0.002483	2.483e-05	assessed	provisional
SID530368	SID530368	donor_combined_disjoint_clean_reads	k__Bacteria|p__Firmicutes|c__Clostridia|o__Eubacteriales|f__Oscillospiraceae|g__Oscillospiraceae_unclassified|s__Clostridium_methylpentosum	species	2|1239|186801|186802|216572||84026	0.002375	2.3749999999999998e-05	assessed	provisional
SID530368	SID530368	donor_combined_disjoint_clean_reads	k__Bacteria|p__Actinomycetota|c__Actinomycetes|o__Bifidobacteriales|f__Bifidobacteriaceae|g__Scardovia|s__Scardovia_wiggsiae	species	2|201174|1760|85004|31953|196081|230143	0.002306	2.306e-05	assessed	provisional
SID530368	SID530368	donor_combined_disjoint_clean_reads	k__Bacteria|p__Firmicutes|c__Clostridia|o__Lachnospirales|f__Lachnospiraceae|g__Blautia|s__Blautia_producta	species	2|1239|186801|3085636|186803|572511|33035	0.002036	2.036e-05	assessed	provisional
SID530368	SID530368	donor_combined_disjoint_clean_reads	k__Bacteria|p__Firmicutes|c__Clostridia|o__Eubacteriales|f__Clostridiaceae|g__Clostridium|s__Clostridium_sp_AF27_2AA	species	2|1239|186801|186802|31979|1485|2292206	0.001842	1.842e-05	assessed	provisional
SID530368	SID530368	donor_combined_disjoint_clean_reads	k__Bacteria|p__Bacteroidota|c__CFGB658|o__OFGB658|f__FGB658|g__GGB1627|s__GGB1627_SGB2230	species	2|976|||||	0.001577	1.577e-05	assessed	provisional
SID530368	SID530368	donor_combined_disjoint_clean_reads	k__Bacteria|p__Firmicutes|c__Negativicutes|o__Veillonellales|f__Veillonellaceae|g__GGB4964|s__GGB4964_SGB6927	species	2|1239|909932|1843489|31977||	0.001457	1.457e-05	assessed	provisional
SID530368	SID530368	donor_combined_disjoint_clean_reads	k__Bacteria|p__Pseudomonadota|c__Gammaproteobacteria|o__Enterobacterales|f__Enterobacteriaceae|g__Escherichia|s__Escherichia_coli	species	2|1224|1236|91347|543|561|562	0.001443	1.443e-05	assessed	provisional
SID530368	SID530368	donor_combined_disjoint_clean_reads	k__Bacteria|p__Firmicutes|c__Bacilli|o__Lactobacillales|f__Streptococcaceae|g__Streptococcus|s__Streptococcus_oralis	species	2|1239|91061|186826|1300|1301|1303	0.001368	1.3680000000000001e-05	assessed	provisional
SID530368	SID530368	donor_combined_disjoint_clean_reads	k__Bacteria|p__Firmicutes|c__Clostridia|o__Eubacteriales|f__Clostridiaceae|g__Lactonifactor|s__Lactonifactor_longoviformis	species	2|1239|186801|186802|31979|420345|341220	0.001355	1.355e-05	assessed	provisional
SID530368	SID530368	donor_combined_disjoint_clean_reads	k__Bacteria|p__Firmicutes|c__CFGB1126|o__OFGB1126|f__FGB1126|g__GGB2848|s__GGB2848_SGB3813	species	2|1239|||||	0.001289	1.289e-05	assessed	provisional
SID530368	SID530368	donor_combined_disjoint_clean_reads	k__Bacteria|p__Firmicutes|c__Clostridia|o__Eubacteriales|f__Clostridiaceae|g__Clostridiaceae_unclassified|s__Clostridiaceae_bacterium_AF18_31LB	species	2|1239|186801|186802|31979||2292182	0.001227	1.227e-05	assessed	provisional
SID530368	SID530368	donor_combined_disjoint_clean_reads	k__Bacteria|p__Firmicutes|c__Clostridia|o__Eubacteriales|f__Clostridiaceae|g__Clostridium|s__Clostridium_SGB4714	species	2|1239|186801|186802|31979|1485|	0.001188	1.188e-05	assessed	provisional
SID530368	SID530368	donor_combined_disjoint_clean_reads	k__Bacteria|p__Firmicutes|c__Negativicutes|o__Veillonellales|f__Veillonellaceae|g__Veillonella|s__Veillonella_atypica	species	2|1239|909932|1843489|31977|29465|39777	0.001101	1.101e-05	assessed	provisional
SID530368	SID530368	donor_combined_disjoint_clean_reads	k__Bacteria|p__Firmicutes|c__Clostridia|o__Eubacteriales|f__Clostridiaceae|g__Pilosibacter|s__Pilosibacter_fragilis	species	2|1239|186801|186802|31979|3144345|3078042	0.001088	1.088e-05	assessed	provisional
SID530368	SID530368	donor_combined_disjoint_clean_reads	k__Bacteria|p__Actinomycetota|c__Actinomycetes|o__Micrococcales|f__Micrococcaceae|g__Rothia|s__Rothia_dentocariosa	species	2|201174|1760|85006|1268|32207|2047	0.001065	1.065e-05	assessed	provisional
SID530368	SID530368	donor_combined_disjoint_clean_reads	k__Bacteria|p__Firmicutes|c__Clostridia|o__Eubacteriales|f__Clostridiaceae|g__Clostridiaceae_unclassified|s__Clostridiaceae_bacterium	species	2|1239|186801|186802|31979||1898204	0.000853	8.53e-06	assessed	provisional
SID530368	SID530368	donor_combined_disjoint_clean_reads	k__Bacteria|p__Firmicutes|c__Bacilli|o__Lactobacillales|f__Lactobacillaceae|g__Leuconostoc|s__Leuconostoc_mesenteroides	species	2|1239|91061|186826|33958|1243|1245	0.000853	8.53e-06	assessed	provisional
SID530368	SID530368	donor_combined_disjoint_clean_reads	k__Bacteria|p__Bacteroidota|c__Bacteroidia|o__Bacteroidales|f__Bacteroidaceae|g__Bacteroides|s__Bacteroides_stercoris	species	2|976|200643|171549|815|816|46506	0.000825	8.25e-06	assessed	provisional
SID530368	SID530368	donor_combined_disjoint_clean_reads	k__Bacteria|p__Firmicutes|c__Clostridia|o__Eubacteriales|f__Clostridiaceae|g__Clostridium|s__Clostridium_sp_D5	species	2|1239|186801|186802|31979|1485|556261	0.000774	7.739999999999999e-06	assessed	provisional
SID530368	SID530368	donor_combined_disjoint_clean_reads	k__Bacteria|p__Firmicutes|c__Clostridia|o__Lachnospirales|f__Lachnospiraceae|g__Lachnotalea|s__Lachnotalea_sp_AF33_28	species	2|1239|186801|3085636|186803|1763508|2292046	0.000521	5.21e-06	assessed	provisional
SID530368	SID530368	donor_combined_disjoint_clean_reads	k__Bacteria|p__Actinomycetota|c__Actinomycetes|o__Bifidobacteriales|f__Bifidobacteriaceae|g__Bifidobacterium|s__Bifidobacterium_catenulatum	species	2|201174|1760|85004|31953|1678|1686	0.000272	2.72e-06	assessed	provisional
SID530368	SID530368	donor_combined_disjoint_clean_reads	k__Bacteria|p__Firmicutes|c__Bacilli|o__Lactobacillales|f__Lactobacillaceae|g__Lacticaseibacillus|s__Lacticaseibacillus_rhamnosus	species	2|1239|91061|186826|33958|2759736|47715	0.000222	2.22e-06	assessed	provisional
SID530368	SID530368	donor_combined_disjoint_clean_reads	k__Bacteria|p__Firmicutes|c__Bacilli|o__Lactobacillales|f__Lactobacillaceae|g__Lacticaseibacillus|s__Lacticaseibacillus_paracasei	species	2|1239|91061|186826|33958|2759736|1597	0.000221	2.21e-06	assessed	provisional
SID530368	SID530368	donor_combined_disjoint_clean_reads	k__Bacteria|p__Firmicutes|c__Bacilli|o__Lactobacillales|f__Lactobacillaceae|g__Leuconostoc|s__Leuconostoc_falkenbergense	species	2|1239|91061|186826|33958|1243|2766470	0.000158	1.58e-06	assessed	provisional
SID530368	SID530368	donor_combined_disjoint_clean_reads	k__Bacteria|p__Firmicutes|c__CFGB3034|o__OFGB3034|f__FGB3034|g__GGB45614|s__GGB45614_SGB63327	species	2|1239|||||	0.000123	1.23e-06	assessed	provisional
SID530373	SID530373	donor_combined_disjoint_clean_reads	UNCLASSIFIED	unclassified	-1	14.771559	0.14771559	assessed	provisional
SID530373	SID530373	donor_combined_disjoint_clean_reads	k__Bacteria|p__Verrucomicrobiota|c__Verrucomicrobiia|o__Verrucomicrobiales|f__Akkermansiaceae|g__Akkermansia|s__Akkermansia_muciniphila	species	2|74201|203494|48461|1647988|239934|239935	5.371574	0.05371574	assessed	provisional
SID530373	SID530373	donor_combined_disjoint_clean_reads	k__Bacteria|p__Firmicutes|c__Clostridia|o__Eubacteriales|f__Oscillospiraceae|g__Ruminococcus|s__Ruminococcus_bromii	species	2|1239|186801|186802|216572|1263|40518	4.855756	0.04855756000000001	assessed	provisional
SID530373	SID530373	donor_combined_disjoint_clean_reads	k__Bacteria|p__Firmicutes|c__Clostridia|o__Eubacteriales|f__Oscillospiraceae|g__Faecalibacterium|s__Faecalibacterium_prausnitzii	species	2|1239|186801|186802|216572|216851|853	4.287624	0.04287624	assessed	provisional
SID530373	SID530373	donor_combined_disjoint_clean_reads	k__Bacteria|p__Firmicutes|c__Clostridia|o__Eubacteriales|f__Oscillospiraceae|g__Brotocaccenecus|s__Brotocaccenecus_SGB15090	species	2|1239|186801|186802|216572|3064194|	4.240904	0.042409039999999995	assessed	provisional
SID530373	SID530373	donor_combined_disjoint_clean_reads	k__Archaea|p__Methanobacteriota|c__Methanobacteria|o__Methanobacteriales|f__Methanobacteriaceae|g__Methanobrevibacter|s__Methanobrevibacter_smithii	species	2157|28890|183925|2158|2159|2172|2173	4.146716	0.041467159999999996	assessed	provisional
SID530373	SID530373	donor_combined_disjoint_clean_reads	k__Bacteria|p__Firmicutes|c__CFGB3054|o__OFGB3054|f__FGB3054|g__GGB33512|s__GGB33512_SGB15203	species	2|1239|||||	3.844369	0.03844369	assessed	provisional
SID530373	SID530373	donor_combined_disjoint_clean_reads	k__Bacteria|p__Firmicutes|c__Clostridia|o__Lachnospirales|f__Lachnospiraceae|g__Lachnospira|s__Lachnospira_eligens	species	2|1239|186801|3085636|186803|28050|39485	3.7416	0.037416	assessed	provisional
SID530373	SID530373	donor_combined_disjoint_clean_reads	k__Bacteria|p__Firmicutes|c__Clostridia|o__Lachnospirales|f__Lachnospiraceae|g__Roseburia|s__Roseburia_faecis	species	2|1239|186801|3085636|186803|841|301302	3.582523	0.03582523	assessed	provisional
SID530373	SID530373	donor_combined_disjoint_clean_reads	k__Bacteria|p__Actinomycetota|c__Actinomycetes|o__Bifidobacteriales|f__Bifidobacteriaceae|g__Bifidobacterium|s__Bifidobacterium_longum	species	2|201174|1760|85004|31953|1678|216816	3.434419	0.034344190000000004	assessed	provisional
SID530373	SID530373	donor_combined_disjoint_clean_reads	k__Bacteria|p__Firmicutes|c__Clostridia|o__Eubacteriales|f__Oscillospiraceae|g__Ruminococcus|s__Ruminococcus_bicirculans_ex_Wegman_et_al_2014	species	2|1239|186801|186802|216572|1263|1160721	2.854403	0.02854403	assessed	provisional
SID530373	SID530373	donor_combined_disjoint_clean_reads	k__Bacteria|p__Firmicutes|c__Clostridia|o__Lachnospirales|f__Lachnospiraceae|g__GGB74412|s__GGB74412_SGB5075	species	2|1239|186801|3085636|186803||	2.391042	0.02391042	assessed	provisional
SID530373	SID530373	donor_combined_disjoint_clean_reads	k__Bacteria|p__Mycoplasmatota|c__CFGB4690|o__OFGB4690|f__FGB4690|g__GGB781|s__GGB781_SGB1024	species	2|544448|||||	2.267818	0.022678180000000003	assessed	provisional
SID530373	SID530373	donor_combined_disjoint_clean_reads	k__Bacteria|p__Firmicutes|c__Erysipelotrichia|o__Erysipelotrichales|f__Erysipelotrichaceae|g__Holdemanella|s__Holdemanella_biformis	species	2|1239|526524|526525|128827|1573535|1735	1.962016	0.01962016	assessed	provisional
SID530373	SID530373	donor_combined_disjoint_clean_reads	k__Bacteria|p__Firmicutes|c__Clostridia|o__Lachnospirales|f__Lachnospiraceae|g__Agathobacter|s__Agathobacter_rectalis	species	2|1239|186801|3085636|186803|1766253|39491	1.600472	0.01600472	assessed	provisional
SID530373	SID530373	donor_combined_disjoint_clean_reads	k__Bacteria|p__Bacteroidota|c__Bacteroidia|o__Bacteroidales|f__Rikenellaceae|g__Alistipes|s__Alistipes_onderdonkii	species	2|976|200643|171549|171550|239759|328813	1.40977	0.0140977	assessed	provisional
SID530373	SID530373	donor_combined_disjoint_clean_reads	k__Bacteria|p__Firmicutes|c__Clostridia|o__Lachnospirales|f__Lachnospiraceae|g__Coprococcus|s__Coprococcus_eutactus	species	2|1239|186801|3085636|186803|33042|33043	1.3399	0.013399000000000001	assessed	provisional
SID530373	SID530373	donor_combined_disjoint_clean_reads	k__Bacteria|p__Firmicutes|c__CFGB14936|o__OFGB14936|f__FGB14936|g__GGB3256|s__GGB3256_SGB4303	species	2|1239|||||	1.323259	0.013232589999999999	assessed	provisional
SID530373	SID530373	donor_combined_disjoint_clean_reads	k__Bacteria|p__Fusobacteriota|c__Fusobacteriia|o__Fusobacteriales|f__Fusobacteriaceae|g__Fusobacterium|s__Fusobacterium_sp_oral_taxon_370	species	2|32066|203490|203491|203492|848|712288	1.130477	0.011304769999999999	assessed	provisional
SID530373	SID530373	donor_combined_disjoint_clean_reads	k__Bacteria|p__Bacteroidota|c__Bacteroidia|o__Bacteroidales|f__Prevotellaceae|g__Prevotella|s__Prevotella_intermedia	species	2|976|200643|171549|171552|838|28131	1.118696	0.01118696	assessed	provisional
SID530373	SID530373	donor_combined_disjoint_clean_reads	k__Bacteria|p__Bacteroidota|c__CFGB1670|o__OFGB1670|f__FGB1670|g__GGB47687|s__GGB47687_SGB2286	species	2|976|||||	1.062327	0.01062327	assessed	provisional
SID530373	SID530373	donor_combined_disjoint_clean_reads	k__Bacteria|p__Firmicutes|c__Clostridia|o__Peptostreptococcales|f__Peptostreptococcaceae|g__Peptostreptococcus|s__Peptostreptococcus_SGB749	species	2|1239|186801|3082720|186804|1257|	1.009914	0.01009914	assessed	provisional
SID530373	SID530373	donor_combined_disjoint_clean_reads	k__Bacteria|p__Firmicutes|c__Clostridia|o__Lachnospirales|f__Lachnospiraceae|g__Blautia|s__Blautia_wexlerae	species	2|1239|186801|3085636|186803|572511|418240	0.865929	0.00865929	assessed	provisional
SID530373	SID530373	donor_combined_disjoint_clean_reads	k__Bacteria|p__Firmicutes|c__CFGB2982|o__OFGB2982|f__FGB2982|g__GGB9342|s__GGB9342_SGB14306	species	2|1239|||||	0.822747	0.00822747	assessed	provisional
SID530373	SID530373	donor_combined_disjoint_clean_reads	k__Bacteria|p__Bacteroidota|c__Bacteroidia|o__Bacteroidales|f__Bacteroidaceae|g__Phocaeicola|s__Phocaeicola_dorei	species	2|976|200643|171549|815|909656|357276	0.714253	0.00714253	assessed	provisional
SID530373	SID530373	donor_combined_disjoint_clean_reads	k__Bacteria|p__Bacteroidota|c__Bacteroidia|o__Bacteroidales|f__Bacteroidaceae|g__Bacteroides|s__Bacteroides_fragilis	species	2|976|200643|171549|815|816|817	0.680257	0.00680257	assessed	provisional
SID530373	SID530373	donor_combined_disjoint_clean_reads	k__Bacteria|p__Firmicutes|c__Clostridia|o__Lachnospirales|f__Lachnospiraceae|g__Anaerobutyricum|s__Anaerobutyricum_hallii	species	2|1239|186801|3085636|186803|2569097|39488	0.663401	0.00663401	assessed	provisional
SID530373	SID530373	donor_combined_disjoint_clean_reads	k__Bacteria|p__Firmicutes|c__Clostridia|o__Lachnospirales|f__Lachnospiraceae|g__Fusicatenibacter|s__Fusicatenibacter_saccharivorans	species	2|1239|186801|3085636|186803|1407607|1150298	0.624322	0.006243220000000001	assessed	provisional
SID530373	SID530373	donor_combined_disjoint_clean_reads	k__Bacteria|p__Firmicutes|c__Clostridia|o__Eubacteriales|f__Eubacteriales_incertae_sedis|g__Candidatus_Cibionibacter|s__Candidatus_Cibionibacter_quicibialis	species	2|1239|186801|186802|538999|2527773|2500537	0.579788	0.00579788	assessed	provisional
SID530373	SID530373	donor_combined_disjoint_clean_reads	k__Bacteria|p__Firmicutes|c__Bacilli|o__Lactobacillales|f__Streptococcaceae|g__Streptococcus|s__Streptococcus_thermophilus	species	2|1239|91061|186826|1300|1301|1308	0.567076	0.00567076	assessed	provisional
SID530373	SID530373	donor_combined_disjoint_clean_reads	k__Bacteria|p__Firmicutes|c__CFGB3054|o__OFGB3054|f__FGB3054|g__GGB9715|s__GGB9715_SGB15265	species	2|1239|||||	0.539256	0.005392559999999999	assessed	provisional
SID530373	SID530373	donor_combined_disjoint_clean_reads	k__Bacteria|p__Actinomycetota|c__Coriobacteriia|o__Eggerthellales|f__Eggerthellaceae|g__Rubneribacter|s__Rubneribacter_badeniensis	species	2|201174|84998|1643822|1643826|2126002|2070688	0.527867	0.00527867	assessed	provisional
SID530373	SID530373	donor_combined_disjoint_clean_reads	k__Bacteria|p__Firmicutes|c__Clostridia|o__Eubacteriales|f__Oscillospiraceae|g__Hominilimicola|s__Hominilimicola_fabiformis	species	2|1239|186801|186802|216572|3073565|2885356	0.522379	0.005223790000000001	assessed	provisional
SID530373	SID530373	donor_combined_disjoint_clean_reads	k__Bacteria|p__Firmicutes|c__CFGB84486|o__OFGB84486|f__FGB84486|g__GGB3653|s__GGB3653_SGB4964	species	2|1239|||||	0.50325	0.0050325	assessed	provisional
SID530373	SID530373	donor_combined_disjoint_clean_reads	k__Bacteria|p__Firmicutes|c__Negativicutes|o__Veillonellales|f__Veillonellaceae|g__Dialister|s__Dialister_invisus	species	2|1239|909932|1843489|31977|39948|218538	0.497283	0.00497283	assessed	provisional
SID530373	SID530373	donor_combined_disjoint_clean_reads	k__Bacteria|p__Firmicutes|c__Clostridia|o__Eubacteriales|f__Oscillospiraceae|g__Oscillospiraceae_unclassified|s__Ruminococcaceae_bacterium_AF68_02b2A	species	2|1239|186801|186802|216572||2997158	0.4878	0.004878	assessed	provisional
SID530373	SID530373	donor_combined_disjoint_clean_reads	k__Bacteria|p__Firmicutes|c__CFGB2889|o__OFGB2889|f__FGB2889|g__GGB9197|s__GGB9197_SGB14136	species	2|1239|||||	0.455305	0.00455305	assessed	provisional
SID530373	SID530373	donor_combined_disjoint_clean_reads	k__Bacteria|p__Firmicutes|c__Clostridia|o__Lachnospirales|f__Lachnospiraceae|g__Mediterraneibacter|s__Ruminococcus_torques	species	2|1239|186801|3085636|186803|2316020|33039	0.428323	0.00428323	assessed	provisional
SID530373	SID530373	donor_combined_disjoint_clean_reads	k__Bacteria|p__Bacteroidota|c__Bacteroidia|o__Bacteroidales|f__Bacteroidaceae|g__Bacteroides|s__Bacteroides_ovatus	species	2|976|200643|171549|815|816|28116	0.406404	0.00406404	assessed	provisional
SID530373	SID530373	donor_combined_disjoint_clean_reads	k__Bacteria|p__Firmicutes|c__Clostridia|o__Lachnospirales|f__Lachnospiraceae|g__Roseburia|s__Roseburia_hominis	species	2|1239|186801|3085636|186803|841|301301	0.397355	0.00397355	assessed	provisional
SID530373	SID530373	donor_combined_disjoint_clean_reads	k__Bacteria|p__Firmicutes|c__CFGB79315|o__OFGB79315|f__FGB79315|g__GGB9758|s__GGB9758_SGB15368	species	2|1239|||||	0.394048	0.00394048	assessed	provisional
SID530373	SID530373	donor_combined_disjoint_clean_reads	k__Bacteria|p__Firmicutes|c__Bacillota_unclassified|o__Bacillota_unclassified|f__Bacillota_unclassified|g__GGB143098|s__GGB143098_SGB14906	species	2|1239|||||	0.385779	0.00385779	assessed	provisional
SID530373	SID530373	donor_combined_disjoint_clean_reads	k__Bacteria|p__Firmicutes|c__Clostridia|o__Eubacteriales|f__Oscillospiraceae|g__GGB36331|s__GGB36331_SGB15121	species	2|1239|186801|186802|216572||	0.384847	0.00384847	assessed	provisional
SID530373	SID530373	donor_combined_disjoint_clean_reads	k__Bacteria|p__Firmicutes|c__Erysipelotrichia|o__Erysipelotrichales|f__Coprobacillaceae|g__Catenibacterium|s__Catenibacterium_mitsuokai	species	2|1239|526524|526525|2810280|135858|100886	0.36984	0.0036984	assessed	provisional
SID530373	SID530373	donor_combined_disjoint_clean_reads	k__Bacteria|p__Actinomycetota|c__Coriobacteriia|o__Eggerthellales|f__Eggerthellaceae|g__GGB9366|s__GGB9366_SGB14345	species	2|201174|84998|1643822|1643826||	0.343011	0.00343011	assessed	provisional
SID530373	SID530373	donor_combined_disjoint_clean_reads	k__Bacteria|p__Firmicutes|c__Clostridia|o__Eubacteriales|f__Acutalibacteraceae|g__Acutalibacter|s__Acutalibacter_SGB14844	species	2|1239|186801|186802|3082771|1918385|	0.340305	0.0034030500000000003	assessed	provisional
SID530373	SID530373	donor_combined_disjoint_clean_reads	k__Bacteria|p__Firmicutes|c__CFGB93803|o__OFGB93803|f__FGB93803|g__GGB3124|s__GGB3124_SGB4136	species	2|1239|||||	0.332932	0.00332932	assessed	provisional
SID530373	SID530373	donor_combined_disjoint_clean_reads	k__Bacteria|p__Firmicutes|c__Clostridia|o__Lachnospirales|f__Lachnospiraceae|g__Merdimonas|s__Merdimonas_faecis	species	2|1239|186801|3085636|186803|2023266|1653435	0.317275	0.00317275	assessed	provisional
SID530373	SID530373	donor_combined_disjoint_clean_reads	k__Bacteria|p__Firmicutes|c__Clostridia|o__Lachnospirales|f__Lachnospiraceae|g__Lachnospiraceae_unclassified|s__Lachnospiraceae_bacterium_OF27_8pH9A	species	2|1239|186801|3085636|186803||2998044	0.313191	0.00313191	assessed	provisional
SID530373	SID530373	donor_combined_disjoint_clean_reads	k__Bacteria|p__Firmicutes|c__Clostridia|o__Lachnospirales|f__Lachnospiraceae|g__Blautia|s__Blautia_faecis	species	2|1239|186801|3085636|186803|572511|871665	0.309232	0.00309232	assessed	provisional
SID530373	SID530373	donor_combined_disjoint_clean_reads	k__Bacteria|p__Firmicutes|c__Bacilli|o__Lactobacillales|f__Streptococcaceae|g__Streptococcus|s__Streptococcus_salivarius	species	2|1239|91061|186826|1300|1301|1304	0.299595	0.00299595	assessed	provisional
SID530373	SID530373	donor_combined_disjoint_clean_reads	k__Bacteria|p__Bacteroidota|c__Bacteroidia|o__Bacteroidales|f__Barnesiellaceae|g__Barnesiella|s__Barnesiella_intestinihominis	species	2|976|200643|171549|2005519|397864|487174	0.299434	0.00299434	assessed	provisional
SID530373	SID530373	donor_combined_disjoint_clean_reads	k__Bacteria|p__Firmicutes|c__Clostridia|o__Lachnospirales|f__Lachnospiraceae|g__Blautia|s__Blautia_massiliensis_ex_Durand_et_al_2017	species	2|1239|186801|3085636|186803|572511|1737424	0.293707	0.00293707	assessed	provisional
SID530373	SID530373	donor_combined_disjoint_clean_reads	k__Bacteria|p__Bacteroidota|c__Bacteroidia|o__Bacteroidales|f__Bacteroidaceae|g__Bacteroides|s__Bacteroides_cellulosilyticus	species	2|976|200643|171549|815|816|246787	0.290843	0.00290843	assessed	provisional
SID530373	SID530373	donor_combined_disjoint_clean_reads	k__Bacteria|p__Bacteroidota|c__Bacteroidia|o__Bacteroidales|f__Rikenellaceae|g__Alistipes|s__Alistipes_shahii	species	2|976|200643|171549|171550|239759|328814	0.289785	0.00289785	assessed	provisional
SID530373	SID530373	donor_combined_disjoint_clean_reads	k__Bacteria|p__Firmicutes|c__Clostridia|o__Eubacteriales|f__Eubacteriales_unclassified|g__Gemmiger|s__Gemmiger_formicilis	species	2|1239|186801|186802||204475|745368	0.272375	0.0027237499999999996	assessed	provisional
SID530373	SID530373	donor_combined_disjoint_clean_reads	k__Bacteria|p__Firmicutes|c__Clostridia|o__Eubacteriales|f__Oscillospiraceae|g__Hominenteromicrobium|s__Hominenteromicrobium_mulieris	species	2|1239|186801|186802|216572|3073575|2885357	0.270939	0.00270939	assessed	provisional
SID530373	SID530373	donor_combined_disjoint_clean_reads	k__Bacteria|p__Firmicutes|c__Clostridia|o__Eubacteriales|f__Oscillospiraceae|g__Faecalibacterium|s__Faecalibacterium_SGB15346	species	2|1239|186801|186802|216572|216851|	0.270548	0.00270548	assessed	provisional
SID530373	SID530373	donor_combined_disjoint_clean_reads	k__Bacteria|p__Firmicutes|c__Clostridia|o__Lachnospirales|f__Lachnospiraceae|g__Lachnospira|s__Lachnospira_pectinoschiza	species	2|1239|186801|3085636|186803|28050|28052	0.263683	0.00263683	assessed	provisional
SID530373	SID530373	donor_combined_disjoint_clean_reads	k__Bacteria|p__Firmicutes|c__CFGB2918|o__OFGB2918|f__FGB2918|g__GGB9240|s__GGB9240_SGB14182	species	2|1239|||||	0.242438	0.00242438	assessed	provisional
SID530373	SID530373	donor_combined_disjoint_clean_reads	k__Bacteria|p__Firmicutes|c__Clostridia|o__Lachnospirales|f__Lachnospiraceae|g__Anaerostipes|s__Anaerostipes_hadrus	species	2|1239|186801|3085636|186803|207244|649756	0.230971	0.00230971	assessed	provisional
SID530373	SID530373	donor_combined_disjoint_clean_reads	k__Bacteria|p__Firmicutes|c__Clostridia|o__Eubacteriales|f__Oscillospiraceae|g__GGB3176|s__GGB3176_SGB4194	species	2|1239|186801|186802|216572||	0.220582	0.00220582	assessed	provisional
SID530373	SID530373	donor_combined_disjoint_clean_reads	k__Bacteria|p__Firmicutes|c__Clostridia|o__Lachnospirales|f__Lachnospiraceae|g__Waltera|s__Waltera_SGB4909	species	2|1239|186801|3085636|186803|2815781|	0.218488	0.0021848799999999997	assessed	provisional
SID530373	SID530373	donor_combined_disjoint_clean_reads	k__Bacteria|p__Bacteroidota|c__Bacteroidia|o__Bacteroidales|f__Bacteroidaceae|g__Bacteroides|s__Bacteroides_xylanisolvens	species	2|976|200643|171549|815|816|371601	0.217185	0.00217185	assessed	provisional
SID530373	SID530373	donor_combined_disjoint_clean_reads	k__Bacteria|p__Firmicutes|c__Clostridia|o__Lachnospirales|f__Lachnospiraceae|g__Dorea|s__Dorea_formicigenerans	species	2|1239|186801|3085636|186803|189330|39486	0.213931	0.00213931	assessed	provisional
SID530373	SID530373	donor_combined_disjoint_clean_reads	k__Bacteria|p__Firmicutes|c__CFGB93743|o__OFGB93743|f__FGB93743|g__GGB39399|s__GGB39399_SGB47610	species	2|1239|||||	0.200375	0.00200375	assessed	provisional
SID530373	SID530373	donor_combined_disjoint_clean_reads	k__Bacteria|p__Firmicutes|c__CFGB38642|o__OFGB38642|f__FGB38642|g__GGB9770|s__GGB9770_SGB15390	species	2|1239|||||	0.199575	0.00199575	assessed	provisional
SID530373	SID530373	donor_combined_disjoint_clean_reads	k__Bacteria|p__Firmicutes|c__CFGB3054|o__OFGB3054|f__FGB3054|g__GGB33512|s__GGB33512_SGB15201	species	2|1239|||||	0.191433	0.00191433	assessed	provisional
SID530373	SID530373	donor_combined_disjoint_clean_reads	k__Bacteria|p__Firmicutes|c__Bacilli|o__Bacillales|f__Gemellaceae|g__Gemella|s__Gemella_morbillorum	species	2|1239|91061|1385|539738|1378|29391	0.189066	0.0018906600000000002	assessed	provisional
SID530373	SID530373	donor_combined_disjoint_clean_reads	k__Bacteria|p__Pseudomonadota|c__CFGB2404|o__OFGB2404|f__FGB2404|g__GGB6613|s__GGB6613_SGB9347	species	2|1224|||||	0.188062	0.0018806200000000002	assessed	provisional
SID530373	SID530373	donor_combined_disjoint_clean_reads	k__Bacteria|p__Firmicutes|c__Clostridia|o__Eubacteriales|f__Oscillospiraceae|g__Oscillibacter|s__Oscillibacter_sp_MSJ_31	species	2|1239|186801|186802|216572|459786|2841526	0.187366	0.00187366	assessed	provisional
SID530373	SID530373	donor_combined_disjoint_clean_reads	k__Bacteria|p__Bacteroidota|c__Bacteroidia|o__Bacteroidales|f__Rikenellaceae|g__Alistipes|s__Alistipes_communis	species	2|976|200643|171549|171550|239759|2585118	0.182471	0.00182471	assessed	provisional
SID530373	SID530373	donor_combined_disjoint_clean_reads	k__Bacteria|p__Firmicutes|c__CFGB82250|o__OFGB82250|f__FGB82250|g__GGB9348|s__GGB9348_SGB14315	species	2|1239|||||	0.18217	0.0018216999999999999	assessed	provisional
SID530373	SID530373	donor_combined_disjoint_clean_reads	k__Bacteria|p__Firmicutes|c__Clostridia|o__Eubacteriales|f__Oscillospiraceae|g__Oscillospiraceae_unclassified|s__Eubacterium_siraeum	species	2|1239|186801|186802|216572||39492	0.181657	0.0018165700000000002	assessed	provisional
SID530373	SID530373	donor_combined_disjoint_clean_reads	k__Bacteria|p__Firmicutes|c__Clostridia|o__Eubacteriales|f__Butyricicoccaceae|g__Agathobaculum|s__Agathobaculum_butyriciproducens	species	2|1239|186801|186802|3085642|2048137|1628085	0.179377	0.00179377	assessed	provisional
SID530373	SID530373	donor_combined_disjoint_clean_reads	k__Bacteria|p__Firmicutes|c__Clostridia|o__Lachnospirales|f__Lachnospiraceae|g__Coprococcus|s__Coprococcus_catus	species	2|1239|186801|3085636|186803|33042|116085	0.173354	0.00173354	assessed	provisional
SID530373	SID530373	donor_combined_disjoint_clean_reads	k__Bacteria|p__Firmicutes|c__Clostridia|o__Eubacteriales|f__Acutalibacteraceae|g__Anaeromassilibacillus|s__Anaeromassilibacillus_senegalensis	species	2|1239|186801|186802|3082771|1924093|1673717	0.152262	0.0015226200000000001	assessed	provisional
SID530373	SID530373	donor_combined_disjoint_clean_reads	k__Bacteria|p__Firmicutes|c__Clostridia|o__Eubacteriales|f__Clostridiaceae|g__Pilosibacter|s__Pilosibacter_fragilis	species	2|1239|186801|186802|31979|3144345|3078042	0.151569	0.00151569	assessed	provisional
SID530373	SID530373	donor_combined_disjoint_clean_reads	k__Bacteria|p__Firmicutes|c__CFGB1217|o__OFGB1217|f__FGB1217|g__GGB51131|s__GGB51131_SGB71352	species	2|1239|||||	0.151441	0.0015144099999999999	assessed	provisional
SID530373	SID530373	donor_combined_disjoint_clean_reads	k__Bacteria|p__Firmicutes|c__Clostridia|o__Eubacteriales|f__Clostridiaceae|g__GGB3478|s__GGB3478_SGB4643	species	2|1239|186801|186802|31979||	0.149929	0.0014992900000000001	assessed	provisional
SID530373	SID530373	donor_combined_disjoint_clean_reads	k__Bacteria|p__Firmicutes|c__Clostridia|o__Peptostreptococcales|f__Peptostreptococcaceae|g__Peptostreptococcus|s__Peptostreptococcus_stomatis	species	2|1239|186801|3082720|186804|1257|341694	0.149848	0.0014984800000000002	assessed	provisional
SID530373	SID530373	donor_combined_disjoint_clean_reads	k__Bacteria|p__Firmicutes|c__CFGB1776|o__OFGB1776|f__FGB1776|g__GGB4684|s__GGB4684_SGB6478	species	2|1239|||||	0.14602	0.0014602	assessed	provisional
SID530373	SID530373	donor_combined_disjoint_clean_reads	k__Bacteria|p__Firmicutes|c__Clostridia|o__Eubacteriales|f__Oscillospiraceae|g__Vescimonas|s__Vescimonas_SGB15087	species	2|1239|186801|186802|216572|2892396|	0.144725	0.00144725	assessed	provisional
SID530373	SID530373	donor_combined_disjoint_clean_reads	k__Bacteria|p__Firmicutes|c__Clostridia|o__Eubacteriales|f__Oscillospiraceae|g__Lawsonibacter|s__Lawsonibacter_asaccharolyticus	species	2|1239|186801|186802|216572|2172004|2108523	0.141959	0.00141959	assessed	provisional
SID530373	SID530373	donor_combined_disjoint_clean_reads	k__Bacteria|p__Firmicutes|c__Clostridia|o__Eubacteriales|f__Clostridiaceae|g__Clostridium|s__Clostridium_sp_AF36_4	species	2|1239|186801|186802|31979|1485|2293015	0.137972	0.00137972	assessed	provisional
SID530373	SID530373	donor_combined_disjoint_clean_reads	k__Bacteria|p__Firmicutes|c__Clostridia|o__Lachnospirales|f__Lachnospiraceae|g__Gallintestinimicrobium|s__Gallintestinimicrobium_propionicum	species	2|1239|186801|3085636|186803|2981633|2981770	0.136039	0.00136039	assessed	provisional
SID530373	SID530373	donor_combined_disjoint_clean_reads	k__Bacteria|p__Firmicutes|c__Clostridia|o__Lachnospirales|f__Lachnospiraceae|g__Eisenbergiella|s__Eisenbergiella_tayi	species	2|1239|186801|3085636|186803|1432051|1432052	0.135534	0.0013553399999999998	assessed	provisional
SID530373	SID530373	donor_combined_disjoint_clean_reads	k__Bacteria|p__Firmicutes|c__Clostridia|o__Eubacteriales|f__Clostridiaceae|g__Clostridium|s__Clostridium_sp_AM49_4BH	species	2|1239|186801|186802|31979|1485|2293035	0.134886	0.0013488600000000001	assessed	provisional
SID530373	SID530373	donor_combined_disjoint_clean_reads	k__Bacteria|p__Firmicutes|c__Clostridia|o__Eubacteriales|f__Clostridiaceae|g__Clostridium|s__Clostridium_SGB4750	species	2|1239|186801|186802|31979|1485|	0.1318	0.001318	assessed	provisional
SID530373	SID530373	donor_combined_disjoint_clean_reads	k__Bacteria|p__Firmicutes|c__Clostridia|o__Eubacteriales|f__Oscillospiraceae|g__Hydrogenoanaerobacterium|s__Hydrogenoanaerobacterium_saccharovorans	species	2|1239|186801|186802|216572|596767|474960	0.124625	0.00124625	assessed	provisional
SID530373	SID530373	donor_combined_disjoint_clean_reads	k__Bacteria|p__Firmicutes|c__Clostridia|o__Lachnospirales|f__Lachnospiraceae|g__Claveliimonas|s__Claveliimonas_bilis	species	2|1239|186801|3085636|186803|3076670|3028070	0.123841	0.0012384100000000001	assessed	provisional
SID530373	SID530373	donor_combined_disjoint_clean_reads	k__Bacteria|p__Thermodesulfobacteriota|c__Desulfovibrionia|o__Desulfovibrionales|f__Desulfovibrionaceae|g__GGB9815|s__GGB9815_SGB15449	species	2|200940|3031449|213115|194924||	0.116153	0.00116153	assessed	provisional
SID530373	SID530373	donor_combined_disjoint_clean_reads	k__Bacteria|p__Firmicutes|c__Clostridia|o__Eubacteriales|f__Oscillospiraceae|g__GGB9782|s__GGB9782_SGB15403	species	2|1239|186801|186802|216572||	0.111776	0.00111776	assessed	provisional
SID530373	SID530373	donor_combined_disjoint_clean_reads	k__Bacteria|p__Firmicutes|c__CFGB3023|o__OFGB3023|f__FGB3023|g__GGB9501|s__GGB9501_SGB14898	species	2|1239|||||	0.109317	0.00109317	assessed	provisional
SID530373	SID530373	donor_combined_disjoint_clean_reads	k__Bacteria|p__Firmicutes|c__CFGB3057|o__OFGB3057|f__FGB3057|g__GGB9719|s__GGB9719_SGB15272	species	2|1239|||||	0.105299	0.00105299	assessed	provisional
SID530373	SID530373	donor_combined_disjoint_clean_reads	k__Bacteria|p__Bacteroidota|c__Bacteroidia|o__Bacteroidales|f__Bacteroidaceae|g__Bacteroides|s__Bacteroides_eggerthii	species	2|976|200643|171549|815|816|28111	0.103247	0.00103247	assessed	provisional
SID530373	SID530373	donor_combined_disjoint_clean_reads	k__Bacteria|p__Firmicutes|c__Clostridia|o__Eubacteriales|f__Eubacteriales_Family_XIII_Incertae_Sedis|g__Baileyella|s__Baileyella_intestinalis	species	2|1239|186801|186802|543314|2815773|2606709	0.101563	0.00101563	assessed	provisional
SID530373	SID530373	donor_combined_disjoint_clean_reads	k__Bacteria|p__Firmicutes|c__Negativicutes|o__Veillonellales|f__Veillonellaceae|g__Dialister|s__Dialister_micraerophilus	species	2|1239|909932|1843489|31977|39948|309120	0.098692	0.00098692	assessed	provisional
SID530373	SID530373	donor_combined_disjoint_clean_reads	k__Bacteria|p__Firmicutes|c__Clostridia|o__Eubacteriales|f__Oscillospiraceae|g__Oscillibacter|s__Oscillibacter_SGB15077	species	2|1239|186801|186802|216572|459786|	0.097838	0.00097838	assessed	provisional
SID530373	SID530373	donor_combined_disjoint_clean_reads	k__Bacteria|p__Firmicutes|c__Clostridia|o__Lachnospirales|f__Lachnospiraceae|g__Roseburia|s__Roseburia_intestinalis	species	2|1239|186801|3085636|186803|841|166486	0.096211	0.0009621100000000001	assessed	provisional
SID530373	SID530373	donor_combined_disjoint_clean_reads	k__Bacteria|p__Firmicutes|c__Clostridia|o__Eubacteriales|f__Oscillospiraceae|g__Dysosmobacter|s__Dysosmobacter_welbionis	species	2|1239|186801|186802|216572|2591381|2093857	0.09389	0.0009389	assessed	provisional
SID530373	SID530373	donor_combined_disjoint_clean_reads	k__Bacteria|p__Firmicutes|c__Clostridia|o__Lachnospirales|f__Lachnospiraceae|g__Anthropogastromicrobium|s__Anthropogastromicrobium_aceti	species	2|1239|186801|3085636|186803|2981630|2981768	0.090451	0.0009045100000000001	assessed	provisional
SID530373	SID530373	donor_combined_disjoint_clean_reads	k__Bacteria|p__Firmicutes|c__Clostridia|o__Eubacteriales|f__Acutalibacteraceae|g__GGB9454|s__GGB9454_SGB14846	species	2|1239|186801|186802|3082771||	0.088818	0.0008881799999999999	assessed	provisional
SID530373	SID530373	donor_combined_disjoint_clean_reads	k__Bacteria|p__Firmicutes|c__Erysipelotrichia|o__Erysipelotrichales|f__Erysipelotrichaceae|g__GGB3032|s__GGB3032_SGB4027	species	2|1239|526524|526525|128827||	0.086289	0.0008628900000000001	assessed	provisional
SID530373	SID530373	donor_combined_disjoint_clean_reads	k__Bacteria|p__Pseudomonadota|c__Gammaproteobacteria|o__Enterobacterales|f__Enterobacteriaceae|g__Enterobacter|s__Enterobacter_hormaechei	species	2|1224|1236|91347|543|547|158836	0.085839	0.00085839	assessed	provisional
SID530373	SID530373	donor_combined_disjoint_clean_reads	k__Bacteria|p__Firmicutes|c__Clostridia|o__Eubacteriales|f__Oscillospiraceae|g__Lawsonibacter|s__Lawsonibacter_hominis	species	2|1239|186801|186802|216572|2172004|2763053	0.085619	0.0008561900000000001	assessed	provisional
SID530373	SID530373	donor_combined_disjoint_clean_reads	k__Bacteria|p__Firmicutes|c__Clostridia|o__Eubacteriales|f__Eubacteriaceae|g__Eubacterium|s__Eubacterium_ramulus	species	2|1239|186801|186802|186806|1730|39490	0.085312	0.00085312	assessed	provisional
SID530373	SID530373	donor_combined_disjoint_clean_reads	k__Bacteria|p__Firmicutes|c__Clostridia|o__Lachnospirales|f__Anaerotignaceae|g__Anaerotignum|s__Anaerotignum_lactatifermentans	species	2|1239|186801|3085636|3118652|2039240|160404	0.085079	0.00085079	assessed	provisional
SID530373	SID530373	donor_combined_disjoint_clean_reads	k__Bacteria|p__Firmicutes|c__Clostridia|o__Eubacteriales|f__Oscillospiraceae|g__Pseudoflavonifractor|s__Pseudoflavonifractor_capillosus	species	2|1239|186801|186802|216572|1017280|106588	0.085005	0.00085005	assessed	provisional
SID530373	SID530373	donor_combined_disjoint_clean_reads	k__Bacteria|p__Firmicutes|c__CFGB1011|o__OFGB1011|f__FGB1011|g__GGB2653|s__GGB2653_SGB3574	species	2|1239|||||	0.084369	0.00084369	assessed	provisional
SID530373	SID530373	donor_combined_disjoint_clean_reads	k__Bacteria|p__Firmicutes|c__Clostridia|o__Lachnospirales|f__Lachnospiraceae|g__Blautia|s__Blautia_glucerasea	species	2|1239|186801|3085636|186803|572511|536633	0.082674	0.00082674	assessed	provisional
SID530373	SID530373	donor_combined_disjoint_clean_reads	k__Bacteria|p__Firmicutes|c__Clostridia|o__Eubacteriales|f__Beduinellaceae|g__GGB9760|s__GGB9760_SGB15373	species	2|1239|186801|186802|3151707||	0.081441	0.00081441	assessed	provisional
SID530373	SID530373	donor_combined_disjoint_clean_reads	k__Bacteria|p__Firmicutes|c__CFGB3038|o__OFGB3038|f__FGB3038|g__GGB9530|s__GGB9530_SGB14930	species	2|1239|||||	0.080427	0.0008042699999999999	assessed	provisional
SID530373	SID530373	donor_combined_disjoint_clean_reads	k__Bacteria|p__Firmicutes|c__Clostridia|o__Lachnospirales|f__Lachnospiraceae|g__Faecalicatena|s__Faecalicatena_contorta	species	2|1239|186801|3085636|186803|2005359|39482	0.080165	0.00080165	assessed	provisional
SID530373	SID530373	donor_combined_disjoint_clean_reads	k__Bacteria|p__Pseudomonadota|c__Gammaproteobacteria|o__Enterobacterales|f__Enterobacteriaceae|g__Citrobacter|s__Citrobacter_freundii	species	2|1224|1236|91347|543|544|546	0.073514	0.00073514	assessed	provisional
SID530373	SID530373	donor_combined_disjoint_clean_reads	k__Bacteria|p__Firmicutes|c__CFGB3054|o__OFGB3054|f__FGB3054|g__GGB9582|s__GGB9582_SGB15001	species	2|1239|||||	0.072667	0.00072667	assessed	provisional
SID530373	SID530373	donor_combined_disjoint_clean_reads	k__Bacteria|p__Pseudomonadota|c__Gammaproteobacteria|o__Enterobacterales|f__Enterobacteriaceae|g__Klebsiella|s__Klebsiella_grimontii	species	2|1224|1236|91347|543|570|2058152	0.072037	0.00072037	assessed	provisional
SID530373	SID530373	donor_combined_disjoint_clean_reads	k__Bacteria|p__Actinomycetota|c__Actinomycetes|o__Bifidobacteriales|f__Bifidobacteriaceae|g__Bifidobacterium|s__Bifidobacterium_pullorum	species	2|201174|1760|85004|31953|1678|78448	0.069896	0.00069896	assessed	provisional
SID530373	SID530373	donor_combined_disjoint_clean_reads	k__Bacteria|p__Actinomycetota|c__Coriobacteriia|o__Eggerthellales|f__Eggerthellaceae|g__GGB45432|s__GGB45432_SGB63101	species	2|201174|84998|1643822|1643826||	0.069645	0.0006964499999999999	assessed	provisional
SID530373	SID530373	donor_combined_disjoint_clean_reads	k__Bacteria|p__Pseudomonadota|c__Gammaproteobacteria|o__Enterobacterales|f__Enterobacteriaceae|g__Escherichia|s__Escherichia_coli	species	2|1224|1236|91347|543|561|562	0.069462	0.00069462	assessed	provisional
SID530373	SID530373	donor_combined_disjoint_clean_reads	k__Bacteria|p__Firmicutes|c__Clostridia|o__Eubacteriales|f__Oscillospiraceae|g__GGB9623|s__GGB9623_SGB15075	species	2|1239|186801|186802|216572||	0.065123	0.00065123	assessed	provisional
SID530373	SID530373	donor_combined_disjoint_clean_reads	k__Bacteria|p__Firmicutes|c__Clostridia|o__Lachnospirales|f__Lachnospiraceae|g__GGB115891|s__GGB115891_SGB161424	species	2|1239|186801|3085636|186803||	0.064234	0.00064234	assessed	provisional
SID530373	SID530373	donor_combined_disjoint_clean_reads	k__Bacteria|p__Firmicutes|c__Tissierellia|o__Tissierellales|f__Peptoniphilaceae|g__Anaerococcus|s__Anaerococcus_vaginalis	species	2|1239|1737404|1737405|1570339|165779|33037	0.063585	0.00063585	assessed	provisional
SID530373	SID530373	donor_combined_disjoint_clean_reads	k__Bacteria|p__Firmicutes|c__Clostridia|o__Eubacteriales|f__Oscillospiraceae|g__Oscillospiraceae_unclassified|s__Oscillospiraceae_bacterium_Marseille_Q3528	species	2|1239|186801|186802|216572||2830655	0.062777	0.00062777	assessed	provisional
SID530373	SID530373	donor_combined_disjoint_clean_reads	k__Bacteria|p__Firmicutes|c__CFGB82363|o__OFGB82363|f__FGB82363|g__GGB9545|s__GGB9545_SGB14952	species	2|1239|||||	0.056314	0.0005631400000000001	assessed	provisional
SID530373	SID530373	donor_combined_disjoint_clean_reads	k__Bacteria|p__Firmicutes|c__Clostridia|o__Eubacteriales|f__Oscillospiraceae|g__GGB9781|s__GGB9781_SGB15401	species	2|1239|186801|186802|216572||	0.055246	0.0005524600000000001	assessed	provisional
SID530373	SID530373	donor_combined_disjoint_clean_reads	k__Bacteria|p__Firmicutes|c__Clostridia|o__Peptostreptococcales|f__Peptostreptococcaceae|g__Romboutsia|s__Romboutsia_timonensis	species	2|1239|186801|3082720|186804|1501226|1776391	0.054626	0.00054626	assessed	provisional
SID530373	SID530373	donor_combined_disjoint_clean_reads	k__Bacteria|p__Firmicutes|c__CFGB94479|o__OFGB94479|f__FGB94479|g__GGB3892|s__GGB3892_SGB5290	species	2|1239|||||	0.053319	0.00053319	assessed	provisional
SID530373	SID530373	donor_combined_disjoint_clean_reads	k__Bacteria|p__Firmicutes|c__Bacilli|o__Lactobacillales|f__Streptococcaceae|g__Streptococcus|s__Streptococcus_parasanguinis	species	2|1239|91061|186826|1300|1301|1318	0.053269	0.0005326899999999999	assessed	provisional
SID530373	SID530373	donor_combined_disjoint_clean_reads	k__Bacteria|p__Firmicutes|c__Erysipelotrichia|o__Erysipelotrichales|f__Erysipelotrichaceae|g__Solobacterium|s__Solobacterium_moorei	species	2|1239|526524|526525|128827|123375|102148	0.052691	0.00052691	assessed	provisional
SID530373	SID530373	donor_combined_disjoint_clean_reads	k__Bacteria|p__Firmicutes|c__CFGB1262|o__OFGB1262|f__FGB1262|g__GGB3061|s__GGB3061_SGB4063	species	2|1239|||||	0.052552	0.00052552	assessed	provisional
SID530373	SID530373	donor_combined_disjoint_clean_reads	k__Bacteria|p__Firmicutes|c__Clostridia|o__Eubacteriales|f__Oscillospiraceae|g__Dysosmobacter|s__Dysosmobacter_segnis	species	2|1239|186801|186802|216572|2591381|2763042	0.052535	0.00052535	assessed	provisional
SID530373	SID530373	donor_combined_disjoint_clean_reads	k__Bacteria|p__Firmicutes|c__CFGB3043|o__OFGB3043|f__FGB3043|g__GGB9551|s__GGB9551_SGB14958	species	2|1239|||||	0.052291	0.00052291	assessed	provisional
SID530373	SID530373	donor_combined_disjoint_clean_reads	k__Bacteria|p__Firmicutes|c__Clostridia|o__Lachnospirales|f__Anaerotignaceae|g__GGB3816|s__GGB3816_SGB5181	species	2|1239|186801|3085636|3118652||	0.050913	0.00050913	assessed	provisional
SID530373	SID530373	donor_combined_disjoint_clean_reads	k__Bacteria|p__Firmicutes|c__Clostridia|o__Eubacteriales|f__Eubacteriales_Family_XIII_Incertae_Sedis|g__Zhenpiania|s__Zhenpiania_hominis	species	2|1239|186801|186802|543314|2944199|2763644	0.049852	0.00049852	assessed	provisional
SID530373	SID530373	donor_combined_disjoint_clean_reads	k__Bacteria|p__Firmicutes|c__CFGB2930|o__OFGB2930|f__FGB2930|g__GGB3123|s__GGB3123_SGB4135	species	2|1239|||||	0.049438	0.00049438	assessed	provisional
SID530373	SID530373	donor_combined_disjoint_clean_reads	k__Bacteria|p__Firmicutes|c__CFGB3038|o__OFGB3038|f__FGB3038|g__GGB9534|s__GGB9534_SGB14937	species	2|1239|||||	0.047443	0.00047442999999999997	assessed	provisional
SID530373	SID530373	donor_combined_disjoint_clean_reads	k__Bacteria|p__Firmicutes|c__Clostridia|o__Eubacteriales|f__Oscillospiraceae|g__GGB9640|s__GGB9640_SGB15115	species	2|1239|186801|186802|216572||	0.04626	0.0004626	assessed	provisional
SID530373	SID530373	donor_combined_disjoint_clean_reads	k__Bacteria|p__Firmicutes|c__Bacilli|o__Lactobacillales|f__Lactobacillaceae|g__Limosilactobacillus|s__Limosilactobacillus_mucosae	species	2|1239|91061|186826|33958|2742598|97478	0.044589	0.00044588999999999995	assessed	provisional
SID530373	SID530373	donor_combined_disjoint_clean_reads	k__Bacteria|p__Firmicutes|c__CFGB92044|o__OFGB92044|f__FGB92044|g__GGB9547|s__GGB9547_SGB14953	species	2|1239|||||	0.044342	0.00044342	assessed	provisional
SID530373	SID530373	donor_combined_disjoint_clean_reads	k__Bacteria|p__Firmicutes|c__CFGB11739|o__OFGB11739|f__FGB11739|g__GGB9210|s__GGB9210_SGB14150	species	2|1239|||||	0.043131	0.00043131	assessed	provisional
SID530373	SID530373	donor_combined_disjoint_clean_reads	k__Bacteria|p__Firmicutes|c__Clostridia|o__Eubacteriales|f__Eubacteriales_Family_XIII_Incertae_Sedis|g__GGB32387|s__GGB32387_SGB47381	species	2|1239|186801|186802|543314||	0.042138	0.00042138	assessed	provisional
SID530373	SID530373	donor_combined_disjoint_clean_reads	k__Bacteria|p__Firmicutes|c__CFGB88346|o__OFGB88346|f__FGB88346|g__GGB43675|s__GGB43675_SGB61016	species	2|1239|||||	0.042079	0.00042079	assessed	provisional
SID530373	SID530373	donor_combined_disjoint_clean_reads	k__Bacteria|p__Firmicutes|c__CFGB3054|o__OFGB3054|f__FGB3054|g__GGB33512|s__GGB33512_SGB15207	species	2|1239|||||	0.041872	0.00041872	assessed	provisional
SID530373	SID530373	donor_combined_disjoint_clean_reads	k__Bacteria|p__Bacteroidota|c__Bacteroidia|o__Bacteroidales|f__Rikenellaceae|g__Alistipes|s__Alistipes_ihumii	species	2|976|200643|171549|171550|239759|1470347	0.041823	0.00041823	assessed	provisional
SID530373	SID530373	donor_combined_disjoint_clean_reads	k__Bacteria|p__Firmicutes|c__Clostridia|o__Eubacteriales|f__Acutalibacteraceae|g__Acutalibacter|s__Acutalibacter_sp_LFL_21	species	2|1239|186801|186802|3082771|1918385|2983399	0.041721	0.00041721	assessed	provisional
SID530373	SID530373	donor_combined_disjoint_clean_reads	k__Bacteria|p__Firmicutes|c__Clostridia|o__Christensenellales|f__Christensenellaceae|g__GGB9186|s__GGB9186_SGB14125	species	2|1239|186801|3082768|990719||	0.040174	0.00040174000000000004	assessed	provisional
SID530373	SID530373	donor_combined_disjoint_clean_reads	k__Bacteria|p__Firmicutes|c__Clostridia|o__Lachnospirales|f__Lachnospiraceae|g__Lachnoclostridium|s__Clostridium_symbiosum	species	2|1239|186801|3085636|186803|1506553|1512	0.039983	0.00039983	assessed	provisional
SID530373	SID530373	donor_combined_disjoint_clean_reads	k__Bacteria|p__Firmicutes|c__Clostridia|o__Lachnospirales|f__Lachnospiraceae|g__GGB42632|s__GGB42632_SGB59829	species	2|1239|186801|3085636|186803||	0.039734	0.00039734	assessed	provisional
SID530373	SID530373	donor_combined_disjoint_clean_reads	k__Bacteria|p__Bacteroidota|c__Bacteroidia|o__Bacteroidales|f__Odoribacteraceae|g__Odoribacter|s__Odoribacter_splanchnicus	species	2|976|200643|171549|1853231|283168|28118	0.038229	0.00038229	assessed	provisional
SID530373	SID530373	donor_combined_disjoint_clean_reads	k__Bacteria|p__Firmicutes|c__CFGB30287|o__OFGB30287|f__FGB30287|g__GGB42378|s__GGB42378_SGB59548	species	2|1239|||||	0.035914	0.00035914000000000003	assessed	provisional
SID530373	SID530373	donor_combined_disjoint_clean_reads	k__Bacteria|p__Firmicutes|c__Clostridia|o__Eubacteriales|f__Oscillospiraceae|g__GGB9781|s__GGB9781_SGB66170	species	2|1239|186801|186802|216572||	0.035337	0.00035337	assessed	provisional
SID530373	SID530373	donor_combined_disjoint_clean_reads	k__Bacteria|p__Firmicutes|c__CFGB49665|o__OFGB49665|f__FGB49665|g__GGB52022|s__GGB52022_SGB72690	species	2|1239|||||	0.034626	0.00034626	assessed	provisional
SID530373	SID530373	donor_combined_disjoint_clean_reads	k__Bacteria|p__Firmicutes|c__CFGB3070|o__OFGB3070|f__FGB3070|g__GGB9775|s__GGB9775_SGB15395	species	2|1239|||||	0.034508	0.00034508	assessed	provisional
SID530373	SID530373	donor_combined_disjoint_clean_reads	k__Bacteria|p__Firmicutes|c__Clostridia|o__Eubacteriales|f__Eubacteriales_unclassified|g__GGB9563|s__GGB9563_SGB14975	species	2|1239|186801|186802|||	0.03441	0.0003441	assessed	provisional
SID530373	SID530373	donor_combined_disjoint_clean_reads	k__Bacteria|p__Firmicutes|c__Clostridia|o__Eubacteriales|f__Oscillospiraceae|g__GGB45491|s__GGB45491_SGB63163	species	2|1239|186801|186802|216572||	0.034322	0.00034322	assessed	provisional
SID530373	SID530373	donor_combined_disjoint_clean_reads	k__Bacteria|p__Firmicutes|c__CFGB1292|o__OFGB1292|f__FGB1292|g__GGB3109|s__GGB3109_SGB4119	species	2|1239|||||	0.034303	0.00034303000000000003	assessed	provisional
SID530373	SID530373	donor_combined_disjoint_clean_reads	k__Bacteria|p__Firmicutes|c__Clostridia|o__Lachnospirales|f__Lachnospiraceae|g__GGB3444|s__GGB3444_SGB4594	species	2|1239|186801|3085636|186803||	0.034194	0.00034194	assessed	provisional
SID530373	SID530373	donor_combined_disjoint_clean_reads	k__Bacteria|p__Bacteroidota|c__Bacteroidia|o__Bacteroidales|f__Rikenellaceae|g__Rikenella|s__Rikenella_microfusus	species	2|976|200643|171549|171550|28138|28139	0.032877	0.00032877000000000004	assessed	provisional
SID530373	SID530373	donor_combined_disjoint_clean_reads	k__Bacteria|p__Firmicutes|c__Clostridia|o__Peptostreptococcales|f__Anaerovoracaceae|g__GGB2987|s__GGB2987_SGB3969	species	2|1239|186801|3082720|3030910||	0.032791	0.00032791	assessed	provisional
SID530373	SID530373	donor_combined_disjoint_clean_reads	k__Bacteria|p__Bacteroidota|c__Bacteroidia|o__Bacteroidales|f__Prevotellaceae|g__Hoylesella|s__Hoylesella_buccalis	species	2|976|200643|171549|171552|2974257|28127	0.032681	0.00032681	assessed	provisional
SID530373	SID530373	donor_combined_disjoint_clean_reads	k__Bacteria|p__Pseudomonadota|c__Betaproteobacteria|o__Neisseriales|f__Neisseriaceae|g__Eikenella|s__Eikenella_corrodens	species	2|1224|28216|206351|481|538|539	0.03165	0.0003165	assessed	provisional
SID530373	SID530373	donor_combined_disjoint_clean_reads	k__Bacteria|p__Firmicutes|c__Erysipelotrichia|o__Erysipelotrichales|f__Turicibacteraceae|g__Turicibacter|s__Turicibacter_bilis	species	2|1239|526524|526525|2810281|191303|2735723	0.031295	0.00031295000000000004	assessed	provisional
SID530373	SID530373	donor_combined_disjoint_clean_reads	k__Bacteria|p__Pseudomonadota|c__Betaproteobacteria|o__Burkholderiales|f__Sutterellaceae|g__GGB6565|s__GGB6565_SGB9274	species	2|1224|28216|80840|995019||	0.030527	0.00030527	assessed	provisional
SID530373	SID530373	donor_combined_disjoint_clean_reads	k__Bacteria|p__Firmicutes|c__CFGB1374|o__OFGB1374|f__FGB1374|g__GGB3352|s__GGB3352_SGB4436	species	2|1239|||||	0.030441	0.00030440999999999997	assessed	provisional
SID530373	SID530373	donor_combined_disjoint_clean_reads	k__Bacteria|p__Firmicutes|c__Bacilli|o__Lactobacillales|f__Enterococcaceae|g__Enterococcus|s__Enterococcus_faecalis	species	2|1239|91061|186826|81852|1350|1351	0.028565	0.00028565	assessed	provisional
SID530373	SID530373	donor_combined_disjoint_clean_reads	k__Bacteria|p__Firmicutes|c__Clostridia|o__Eubacteriales|f__Eubacteriales_unclassified|g__Massilistercora|s__Massilistercora_timonensis	species	2|1239|186801|186802||2717089|2086584	0.028416	0.00028416	assessed	provisional
SID530373	SID530373	donor_combined_disjoint_clean_reads	k__Bacteria|p__Firmicutes|c__CFGB79330|o__OFGB79330|f__FGB79330|g__GGB3002|s__GGB3002_SGB3993	species	2|1239|||||	0.027875	0.00027875	assessed	provisional
SID530373	SID530373	donor_combined_disjoint_clean_reads	k__Bacteria|p__Firmicutes|c__Clostridia|o__Peptostreptococcales|f__Peptostreptococcaceae|g__Intestinibacter|s__Intestinibacter_bartlettii	species	2|1239|186801|3082720|186804|1505657|261299	0.027194	0.00027194	assessed	provisional
SID530373	SID530373	donor_combined_disjoint_clean_reads	k__Bacteria|p__Firmicutes|c__CFGB94730|o__OFGB94730|f__FGB94730|g__GGB4745|s__GGB4745_SGB6571	species	2|1239|||||	0.02644	0.00026440000000000003	assessed	provisional
SID530373	SID530373	donor_combined_disjoint_clean_reads	k__Bacteria|p__Firmicutes|c__Clostridia|o__Eubacteriales|f__Clostridiaceae|g__Massilioclostridium|s__Massilioclostridium_coli	species	2|1239|186801|186802|31979|1935927|1870991	0.026421	0.00026421	assessed	provisional
SID530373	SID530373	donor_combined_disjoint_clean_reads	k__Bacteria|p__Firmicutes|c__Clostridia|o__Eubacteriales|f__Oscillospiraceae|g__GGB9781|s__GGB9781_SGB15402	species	2|1239|186801|186802|216572||	0.026179	0.00026179	assessed	provisional
SID530373	SID530373	donor_combined_disjoint_clean_reads	k__Bacteria|p__Firmicutes|c__CFGB3054|o__OFGB3054|f__FGB3054|g__GGB9715|s__GGB9715_SGB15266	species	2|1239|||||	0.026115	0.00026115	assessed	provisional
SID530373	SID530373	donor_combined_disjoint_clean_reads	k__Bacteria|p__Firmicutes|c__Clostridia|o__Eubacteriales|f__Oscillospiraceae|g__GGB33690|s__GGB33690_SGB15045	species	2|1239|186801|186802|216572||	0.026019	0.00026019	assessed	provisional
SID530373	SID530373	donor_combined_disjoint_clean_reads	k__Bacteria|p__Firmicutes|c__Erysipelotrichia|o__Erysipelotrichales|f__Erysipelotrichaceae|g__Holdemania|s__Holdemania_filiformis	species	2|1239|526524|526525|128827|61170|61171	0.025713	0.00025713	assessed	provisional
SID530373	SID530373	donor_combined_disjoint_clean_reads	k__Bacteria|p__Firmicutes|c__Clostridia|o__Eubacteriales|f__Eubacteriales_Family_XIII_Incertae_Sedis|g__GGB2980|s__GGB2980_SGB3962	species	2|1239|186801|186802|543314||	0.025299	0.00025299	assessed	provisional
SID530373	SID530373	donor_combined_disjoint_clean_reads	k__Bacteria|p__Firmicutes|c__Erysipelotrichia|o__Erysipelotrichales|f__Erysipelotrichaceae|g__Amedibacillus|s__Amedibacillus_dolichus	species	2|1239|526524|526525|128827|2749846|31971	0.024617	0.00024617	assessed	provisional
SID530373	SID530373	donor_combined_disjoint_clean_reads	k__Bacteria|p__Firmicutes|c__CFGB3038|o__OFGB3038|f__FGB3038|g__GGB33586|s__GGB33586_SGB53517	species	2|1239|||||	0.02422	0.00024219999999999998	assessed	provisional
SID530373	SID530373	donor_combined_disjoint_clean_reads	k__Bacteria|p__Firmicutes|c__Clostridia|o__Eubacteriales|f__Clostridiaceae|g__GGB42639|s__GGB42639_SGB59836	species	2|1239|186801|186802|31979||	0.024079	0.00024079	assessed	provisional
SID530373	SID530373	donor_combined_disjoint_clean_reads	k__Bacteria|p__Firmicutes|c__CFGB38642|o__OFGB38642|f__FGB38642|g__GGB9770|s__GGB9770_SGB15389	species	2|1239|||||	0.023682	0.00023682000000000003	assessed	provisional
SID530373	SID530373	donor_combined_disjoint_clean_reads	k__Bacteria|p__Firmicutes|c__CFGB1012|o__OFGB1012|f__FGB1012|g__GGB2657|s__GGB2657_SGB3578	species	2|1239|||||	0.023498	0.00023498	assessed	provisional
SID530373	SID530373	donor_combined_disjoint_clean_reads	k__Bacteria|p__Firmicutes|c__CFGB79330|o__OFGB79330|f__FGB79330|g__GGB3000|s__GGB3000_SGB3991	species	2|1239|||||	0.022774	0.00022773999999999998	assessed	provisional
SID530373	SID530373	donor_combined_disjoint_clean_reads	k__Bacteria|p__Firmicutes|c__Clostridia|o__Eubacteriales|f__Oscillospiraceae|g__Anaerotruncus|s__Anaerotruncus_SGB14964	species	2|1239|186801|186802|216572|244127|	0.022296	0.00022296	assessed	provisional
SID530373	SID530373	donor_combined_disjoint_clean_reads	k__Bacteria|p__Firmicutes|c__Clostridia|o__Eubacteriales|f__Clostridiaceae|g__Clostridium|s__Clostridium_lentum	species	2|1239|186801|186802|31979|1485|2763037	0.022129	0.00022129	assessed	provisional
SID530373	SID530373	donor_combined_disjoint_clean_reads	k__Bacteria|p__Firmicutes|c__Clostridia|o__Eubacteriales|f__Oscillospiraceae|g__GGB33690|s__GGB33690_SGB63223	species	2|1239|186801|186802|216572||	0.022065	0.00022065000000000002	assessed	provisional
SID530373	SID530373	donor_combined_disjoint_clean_reads	k__Bacteria|p__Firmicutes|c__Clostridia|o__Lachnospirales|f__Lachnospiraceae|g__Blautia|s__Blautia_obeum	species	2|1239|186801|3085636|186803|572511|40520	0.022048	0.00022048	assessed	provisional
SID530373	SID530373	donor_combined_disjoint_clean_reads	k__Bacteria|p__Firmicutes|c__Clostridia|o__Eubacteriales|f__Oscillospiraceae|g__Harryflintia|s__Harryflintia_acetispora	species	2|1239|186801|186802|216572|1892380|1849041	0.021757	0.00021757	assessed	provisional
SID530373	SID530373	donor_combined_disjoint_clean_reads	k__Bacteria|p__Firmicutes|c__Clostridia|o__Lachnospirales|f__Lachnospiraceae|g__GGB115904|s__GGB115904_SGB161383	species	2|1239|186801|3085636|186803||	0.021373	0.00021373	assessed	provisional
SID530373	SID530373	donor_combined_disjoint_clean_reads	k__Bacteria|p__Firmicutes|c__CFGB79330|o__OFGB79330|f__FGB79330|g__GGB2999|s__GGB2999_SGB3990	species	2|1239|||||	0.021237	0.00021237	assessed	provisional
SID530373	SID530373	donor_combined_disjoint_clean_reads	k__Bacteria|p__Bacteroidota|c__Bacteroidia|o__Bacteroidales|f__Rikenellaceae|g__Alistipes|s__Alistipes_finegoldii	species	2|976|200643|171549|171550|239759|214856	0.020124	0.00020124	assessed	provisional
SID530373	SID530373	donor_combined_disjoint_clean_reads	k__Bacteria|p__Firmicutes|c__Clostridia|o__Lachnospirales|f__Lachnospiraceae|g__Hungatella|s__Hungatella_hathewayi	species	2|1239|186801|3085636|186803|1649459|154046	0.019771	0.00019771	assessed	provisional
SID530373	SID530373	donor_combined_disjoint_clean_reads	k__Bacteria|p__Firmicutes|c__Clostridia|o__Lachnospirales|f__Lachnospiraceae|g__Hominifimenecus|s__Hominifimenecus_microfluidus	species	2|1239|186801|3085636|186803|3073585|2885348	0.019753	0.00019753	assessed	provisional
SID530373	SID530373	donor_combined_disjoint_clean_reads	k__Bacteria|p__Firmicutes|c__Bacilli|o__Lactobacillales|f__Streptococcaceae|g__Lactococcus|s__Lactococcus_petauri	species	2|1239|91061|186826|1300|1357|1940789	0.019688	0.00019688	assessed	provisional
SID530373	SID530373	donor_combined_disjoint_clean_reads	k__Bacteria|p__Firmicutes|c__CFGB45503|o__OFGB45503|f__FGB45503|g__GGB48165|s__GGB48165_SGB66168	species	2|1239|||||	0.019682	0.00019682	assessed	provisional
SID530373	SID530373	donor_combined_disjoint_clean_reads	k__Bacteria|p__Firmicutes|c__CFGB72728|o__OFGB72728|f__FGB72728|g__GGB74463|s__GGB74463_SGB54347	species	2|1239|||||	0.019635	0.00019635	assessed	provisional
SID530373	SID530373	donor_combined_disjoint_clean_reads	k__Bacteria|p__Firmicutes|c__CFGB88649|o__OFGB88649|f__FGB88649|g__GGB3491|s__GGB3491_SGB4665	species	2|1239|||||	0.01951	0.0001951	assessed	provisional
SID530373	SID530373	donor_combined_disjoint_clean_reads	k__Bacteria|p__Firmicutes|c__CFGB36777|o__OFGB36777|f__FGB36777|g__GGB36777|s__GGB36777_SGB49178	species	2|1239|||||	0.019505	0.00019505000000000002	assessed	provisional
SID530373	SID530373	donor_combined_disjoint_clean_reads	k__Bacteria|p__Firmicutes|c__CFGB1539|o__OFGB1539|f__FGB1539|g__GGB3893|s__GGB3893_SGB5291	species	2|1239|||||	0.019292	0.00019292	assessed	provisional
SID530373	SID530373	donor_combined_disjoint_clean_reads	k__Bacteria|p__Firmicutes|c__CFGB3034|o__OFGB3034|f__FGB3034|g__GGB45614|s__GGB45614_SGB63327	species	2|1239|||||	0.019264	0.00019264	assessed	provisional
SID530373	SID530373	donor_combined_disjoint_clean_reads	k__Bacteria|p__Firmicutes|c__CFGB3038|o__OFGB3038|f__FGB3038|g__GGB9538|s__GGB9538_SGB14941	species	2|1239|||||	0.018644	0.00018644	assessed	provisional
SID530373	SID530373	donor_combined_disjoint_clean_reads	k__Bacteria|p__Firmicutes|c__CFGB2919|o__OFGB2919|f__FGB2919|g__GGB9241|s__GGB9241_SGB58519	species	2|1239|||||	0.018593	0.00018592999999999998	assessed	provisional
SID530373	SID530373	donor_combined_disjoint_clean_reads	k__Bacteria|p__Firmicutes|c__Clostridia|o__Lachnospirales|f__Lachnospiraceae|g__Mediterraneibacter|s__Mediterraneibacter_gnavus	species	2|1239|186801|3085636|186803|2316020|33038	0.018522	0.00018522	assessed	provisional
SID530373	SID530373	donor_combined_disjoint_clean_reads	k__Bacteria|p__Firmicutes|c__CFGB41726|o__OFGB41726|f__FGB41726|g__GGB9343|s__GGB9343_SGB14307	species	2|1239|||||	0.017751	0.00017751	assessed	provisional
SID530373	SID530373	donor_combined_disjoint_clean_reads	k__Bacteria|p__Firmicutes|c__CFGB3038|o__OFGB3038|f__FGB3038|g__GGB9537|s__GGB9537_SGB14940	species	2|1239|||||	0.017742	0.00017742000000000002	assessed	provisional
SID530373	SID530373	donor_combined_disjoint_clean_reads	k__Bacteria|p__Firmicutes|c__Clostridia|o__Eubacteriales|f__Oscillospiraceae|g__Pusillibacter|s__Pusillibacter_faecalis	species	2|1239|186801|186802|216572|2892397|2714358	0.017574	0.00017574	assessed	provisional
SID530373	SID530373	donor_combined_disjoint_clean_reads	k__Bacteria|p__Firmicutes|c__Clostridia|o__Lachnospirales|f__Lachnospiraceae|g__GGB3537|s__GGB3537_SGB4727	species	2|1239|186801|3085636|186803||	0.017195	0.00017194999999999998	assessed	provisional
SID530373	SID530373	donor_combined_disjoint_clean_reads	k__Bacteria|p__Pseudomonadota|c__Betaproteobacteria|o__Burkholderiales|f__Sutterellaceae|g__Sutterella|s__Sutterella_wadsworthensis	species	2|1224|28216|80840|995019|40544|40545	0.016374	0.00016374	assessed	provisional
SID530373	SID530373	donor_combined_disjoint_clean_reads	k__Bacteria|p__Firmicutes|c__CFGB2959|o__OFGB2959|f__FGB2959|g__GGB9301|s__GGB9301_SGB14262	species	2|1239|||||	0.016165	0.00016165	assessed	provisional
SID530373	SID530373	donor_combined_disjoint_clean_reads	k__Bacteria|p__Firmicutes|c__CFGB3048|o__OFGB3048|f__FGB3048|g__GGB9559|s__GGB9559_SGB14969	species	2|1239|||||	0.015699	0.00015699	assessed	provisional
SID530373	SID530373	donor_combined_disjoint_clean_reads	k__Bacteria|p__Firmicutes|c__Erysipelotrichia|o__Erysipelotrichales|f__Erysipelotrichaceae|g__GGB3033|s__GGB3033_SGB4028	species	2|1239|526524|526525|128827||	0.015112	0.00015112	assessed	provisional
SID530373	SID530373	donor_combined_disjoint_clean_reads	k__Bacteria|p__Firmicutes|c__Clostridia|o__Lachnospirales|f__Lachnospiraceae|g__Enterocloster|s__Enterocloster_aldenensis	species	2|1239|186801|3085636|186803|2719313|358742	0.015034	0.00015034	assessed	provisional
SID530373	SID530373	donor_combined_disjoint_clean_reads	k__Bacteria|p__Firmicutes|c__Clostridia|o__Lachnospirales|f__Lachnospiraceae|g__Lachnoclostridium|s__Lachnoclostridium_sp_An138	species	2|1239|186801|3085636|186803|1506553|1965560	0.014937	0.00014937000000000001	assessed	provisional
SID530373	SID530373	donor_combined_disjoint_clean_reads	k__Bacteria|p__Firmicutes|c__CFGB1765|o__OFGB1765|f__FGB1765|g__GGB4566|s__GGB4566_SGB6305	species	2|1239|||||	0.014846	0.00014846	assessed	provisional
SID530373	SID530373	donor_combined_disjoint_clean_reads	k__Bacteria|p__Firmicutes|c__Clostridia|o__Eubacteriales|f__Acutalibacteraceae|g__Acutalibacter|s__Acutalibacter_SGB72747	species	2|1239|186801|186802|3082771|1918385|	0.014831	0.00014831	assessed	provisional
SID530373	SID530373	donor_combined_disjoint_clean_reads	k__Bacteria|p__Firmicutes|c__Clostridia|o__Eubacteriales|f__Clostridiaceae|g__Clostridiaceae_unclassified|s__Clostridiaceae_bacterium_AF18_31LB	species	2|1239|186801|186802|31979||2292182	0.014651	0.00014651	assessed	provisional
SID530373	SID530373	donor_combined_disjoint_clean_reads	k__Bacteria|p__Firmicutes|c__Clostridia|o__Christensenellales|f__Christensenellaceae|g__GGB9105|s__GGB9105_SGB14038	species	2|1239|186801|3082768|990719||	0.014552	0.00014552	assessed	provisional
SID530373	SID530373	donor_combined_disjoint_clean_reads	k__Bacteria|p__Actinomycetota|c__Coriobacteriia|o__Eggerthellales|f__Eggerthellaceae|g__Eggerthella|s__Eggerthella_lenta	species	2|201174|84998|1643822|1643826|84111|84112	0.014532	0.00014532	assessed	provisional
SID530373	SID530373	donor_combined_disjoint_clean_reads	k__Bacteria|p__Firmicutes|c__CFGB3054|o__OFGB3054|f__FGB3054|g__GGB9715|s__GGB9715_SGB15267	species	2|1239|||||	0.01453	0.0001453	assessed	provisional
SID530373	SID530373	donor_combined_disjoint_clean_reads	k__Bacteria|p__Firmicutes|c__Clostridia|o__Lachnospirales|f__Lachnospiraceae|g__Lachnospiraceae_unclassified|s__Lachnospiraceae_bacterium	species	2|1239|186801|3085636|186803||1898203	0.014529	0.00014529	assessed	provisional
SID530373	SID530373	donor_combined_disjoint_clean_reads	k__Bacteria|p__Firmicutes|c__Clostridia|o__Lachnospirales|f__Lachnospiraceae|g__GGB3538|s__GGB3538_SGB4728	species	2|1239|186801|3085636|186803||	0.014045	0.00014045	assessed	provisional
SID530373	SID530373	donor_combined_disjoint_clean_reads	k__Bacteria|p__Pseudomonadota|c__CFGB2394|o__OFGB2394|f__FGB2394|g__GGB6544|s__GGB6544_SGB9243	species	2|1224|||||	0.013339	0.00013339	assessed	provisional
SID530373	SID530373	donor_combined_disjoint_clean_reads	k__Bacteria|p__Firmicutes|c__Clostridia|o__Eubacteriales|f__Acutalibacteraceae|g__GGB128655|s__GGB128655_SGB159091	species	2|1239|186801|186802|3082771||	0.01327	0.0001327	assessed	provisional
SID530373	SID530373	donor_combined_disjoint_clean_reads	k__Bacteria|p__Firmicutes|c__Clostridia|o__Lachnospirales|f__Lachnospiraceae|g__Enterocloster|s__Enterocloster_bolteae	species	2|1239|186801|3085636|186803|2719313|208479	0.013167	0.00013167	assessed	provisional
SID530373	SID530373	donor_combined_disjoint_clean_reads	k__Bacteria|p__Firmicutes|c__Tissierellia|o__Tissierellales|f__Peptoniphilaceae|g__Peptoniphilus|s__Peptoniphilus_harei	species	2|1239|1737404|1737405|1570339|162289|54005	0.013126	0.00013126000000000001	assessed	provisional
SID530373	SID530373	donor_combined_disjoint_clean_reads	k__Bacteria|p__Firmicutes|c__Clostridia|o__Lachnospirales|f__Lachnospiraceae|g__Lachnoclostridium|s__Lachnoclostridium_sp_An118	species	2|1239|186801|3085636|186803|1506553|1965547	0.013023	0.00013023	assessed	provisional
SID530373	SID530373	donor_combined_disjoint_clean_reads	k__Bacteria|p__Firmicutes|c__Bacillota_unclassified|o__Bacillota_unclassified|f__Bacillota_unclassified|g__Negativibacillus|s__Negativibacillus_massiliensis	species	2|1239||||1980693|1871035	0.012922	0.00012921999999999999	assessed	provisional
SID530373	SID530373	donor_combined_disjoint_clean_reads	k__Bacteria|p__Firmicutes|c__Clostridia|o__Eubacteriales|f__Oscillospiraceae|g__GGB9781|s__GGB9781_SGB63161	species	2|1239|186801|186802|216572||	0.012148	0.00012148000000000001	assessed	provisional
SID530373	SID530373	donor_combined_disjoint_clean_reads	k__Bacteria|p__Firmicutes|c__CFGB30328|o__OFGB30328|f__FGB30328|g__GGB128422|s__GGB128422_SGB66190	species	2|1239|||||	0.011729	0.00011729	assessed	provisional
SID530373	SID530373	donor_combined_disjoint_clean_reads	k__Bacteria|p__Bacteroidota|c__Bacteroidia|o__Bacteroidales|f__Barnesiellaceae|g__Coprobacter|s__Coprobacter_fastidiosus	species	2|976|200643|171549|2005519|1348911|1099853	0.011717	0.00011717	assessed	provisional
SID530373	SID530373	donor_combined_disjoint_clean_reads	k__Bacteria|p__Firmicutes|c__CFGB93863|o__OFGB93863|f__FGB93863|g__GGB45613|s__GGB45613_SGB63326	species	2|1239|||||	0.011662	0.00011662	assessed	provisional
SID530373	SID530373	donor_combined_disjoint_clean_reads	k__Bacteria|p__Firmicutes|c__Clostridia|o__Eubacteriales|f__Oscillospiraceae|g__Oscillospiraceae_unclassified|s__Clostridium_leptum	species	2|1239|186801|186802|216572||1535	0.011628	0.00011627999999999999	assessed	provisional
SID530373	SID530373	donor_combined_disjoint_clean_reads	k__Bacteria|p__Firmicutes|c__Clostridia|o__Eubacteriales|f__Eubacteriaceae|g__Eubacteriaceae_unclassified|s__Eubacteriaceae_bacterium_Marseille_Q4139	species	2|1239|186801|186802|186806||2830656	0.011241	0.00011240999999999999	assessed	provisional
SID530373	SID530373	donor_combined_disjoint_clean_reads	k__Bacteria|p__Firmicutes|c__Bacilli|o__Lactobacillales|f__Lactobacillaceae|g__Lactobacillus|s__Lactobacillus_iners	species	2|1239|91061|186826|33958|1578|147802	0.01044	0.00010439999999999999	assessed	provisional
SID530373	SID530373	donor_combined_disjoint_clean_reads	k__Bacteria|p__Firmicutes|c__CFGB3057|o__OFGB3057|f__FGB3057|g__GGB45584|s__GGB45584_SGB63282	species	2|1239|||||	0.010114	0.00010114	assessed	provisional
SID530373	SID530373	donor_combined_disjoint_clean_reads	k__Bacteria|p__Firmicutes|c__Clostridia|o__Eubacteriales|f__Oscillospiraceae|g__Anaerotruncus|s__Anaerotruncus_colihominis	species	2|1239|186801|186802|216572|244127|169435	0.009989	9.989e-05	assessed	provisional
SID530373	SID530373	donor_combined_disjoint_clean_reads	k__Bacteria|p__Firmicutes|c__Clostridia|o__Eubacteriales|f__Oscillospiraceae|g__Ruthenibacterium|s__Ruthenibacterium_lactatiformans	species	2|1239|186801|186802|216572|1905344|1550024	0.009951	9.951e-05	assessed	provisional
SID530373	SID530373	donor_combined_disjoint_clean_reads	k__Bacteria|p__Firmicutes|c__CFGB3047|o__OFGB3047|f__FGB3047|g__GGB52130|s__GGB52130_SGB14966	species	2|1239|||||	0.009928	9.928e-05	assessed	provisional
SID530373	SID530373	donor_combined_disjoint_clean_reads	k__Bacteria|p__Firmicutes|c__CFGB1260|o__OFGB1260|f__FGB1260|g__GGB3057|s__GGB3057_SGB4059	species	2|1239|||||	0.009858	9.858000000000001e-05	assessed	provisional
SID530373	SID530373	donor_combined_disjoint_clean_reads	k__Bacteria|p__Firmicutes|c__Clostridia|o__Lachnospirales|f__Lachnospiraceae|g__GGB3451|s__GGB3451_SGB4605	species	2|1239|186801|3085636|186803||	0.009699	9.698999999999999e-05	assessed	provisional
SID530373	SID530373	donor_combined_disjoint_clean_reads	k__Bacteria|p__Firmicutes|c__CFGB94810|o__OFGB94810|f__FGB94810|g__GGB45497|s__GGB45497_SGB63169	species	2|1239|||||	0.009668	9.667999999999999e-05	assessed	provisional
SID530373	SID530373	donor_combined_disjoint_clean_reads	k__Bacteria|p__Firmicutes|c__CFGB77202|o__OFGB77202|f__FGB77202|g__GGB34900|s__GGB34900_SGB14891	species	2|1239|||||	0.009638	9.638000000000001e-05	assessed	provisional
SID530373	SID530373	donor_combined_disjoint_clean_reads	k__Bacteria|p__Firmicutes|c__CFGB79315|o__OFGB79315|f__FGB79315|g__GGB9765|s__GGB9765_SGB15382	species	2|1239|||||	0.00944	9.44e-05	assessed	provisional
SID530373	SID530373	donor_combined_disjoint_clean_reads	k__Bacteria|p__Firmicutes|c__Clostridia|o__Eubacteriales|f__Oscillospiraceae|g__GGB9619|s__GGB9619_SGB15067	species	2|1239|186801|186802|216572||	0.009419	9.419e-05	assessed	provisional
SID530373	SID530373	donor_combined_disjoint_clean_reads	k__Bacteria|p__Firmicutes|c__Erysipelotrichia|o__Erysipelotrichales|f__Erysipelotrichaceae|g__Massilimicrobiota|s__Massilimicrobiota_timonensis	species	2|1239|526524|526525|128827|1924110|1776392	0.009358	9.358e-05	assessed	provisional
SID530373	SID530373	donor_combined_disjoint_clean_reads	k__Bacteria|p__Firmicutes|c__Clostridia|o__Eubacteriales|f__Clostridiaceae|g__Clostridium|s__Clostridium_sp_AM29_11AC	species	2|1239|186801|186802|31979|1485|2293028	0.009191	9.190999999999999e-05	assessed	provisional
SID530373	SID530373	donor_combined_disjoint_clean_reads	k__Bacteria|p__Firmicutes|c__Clostridia|o__Eubacteriales|f__Clostridiaceae|g__GGB42638|s__GGB42638_SGB59835	species	2|1239|186801|186802|31979||	0.009023	9.023e-05	assessed	provisional
SID530373	SID530373	donor_combined_disjoint_clean_reads	k__Bacteria|p__Firmicutes|c__CFGB1347|o__OFGB1347|f__FGB1347|g__GGB3288|s__GGB3288_SGB4342	species	2|1239|||||	0.008982	8.982e-05	assessed	provisional
SID530373	SID530373	donor_combined_disjoint_clean_reads	k__Bacteria|p__Firmicutes|c__CFGB2920|o__OFGB2920|f__FGB2920|g__GGB9242|s__GGB9242_SGB14184	species	2|1239|||||	0.008888	8.888e-05	assessed	provisional
SID530373	SID530373	donor_combined_disjoint_clean_reads	k__Bacteria|p__Firmicutes|c__Clostridia|o__Lachnospirales|f__Lachnospiraceae|g__Lachnoclostridium|s__Lachnoclostridium_sp_An131	species	2|1239|186801|3085636|186803|1506553|1965555	0.008849	8.848999999999999e-05	assessed	provisional
SID530373	SID530373	donor_combined_disjoint_clean_reads	k__Bacteria|p__Firmicutes|c__Bacilli|o__Lactobacillales|f__Streptococcaceae|g__Streptococcus|s__Streptococcus_vestibularis	species	2|1239|91061|186826|1300|1301|1343	0.008829	8.829e-05	assessed	provisional
SID530373	SID530373	donor_combined_disjoint_clean_reads	k__Bacteria|p__Firmicutes|c__Clostridia|o__Eubacteriales|f__Oscillospiraceae|g__GGB9724|s__GGB9724_SGB15278	species	2|1239|186801|186802|216572||	0.00823	8.23e-05	assessed	provisional
SID530373	SID530373	donor_combined_disjoint_clean_reads	k__Bacteria|p__Firmicutes|c__Clostridia|o__Lachnospirales|f__Lachnospiraceae|g__Blautia|s__Blautia_luti	species	2|1239|186801|3085636|186803|572511|89014	0.008221	8.220999999999999e-05	assessed	provisional
SID530373	SID530373	donor_combined_disjoint_clean_reads	k__Bacteria|p__Firmicutes|c__CFGB94833|o__OFGB94833|f__FGB94833|g__GGB45620|s__GGB45620_SGB63333	species	2|1239|||||	0.008171	8.170999999999999e-05	assessed	provisional
SID530373	SID530373	donor_combined_disjoint_clean_reads	k__Bacteria|p__Firmicutes|c__Clostridia|o__Lachnospirales|f__Lachnospiraceae|g__Kineothrix|s__Kineothrix_SGB4886	species	2|1239|186801|3085636|186803|2163168|	0.007615	7.615000000000001e-05	assessed	provisional
SID530373	SID530373	donor_combined_disjoint_clean_reads	k__Bacteria|p__Thermodesulfobacteriota|c__Desulfovibrionia|o__Desulfovibrionales|f__Desulfovibrionaceae|g__GGB9818|s__GGB9818_SGB15459	species	2|200940|3031449|213115|194924||	0.00756	7.56e-05	assessed	provisional
SID530373	SID530373	donor_combined_disjoint_clean_reads	k__Bacteria|p__Actinomycetota|c__Actinomycetes|o__Bifidobacteriales|f__Bifidobacteriaceae|g__Bifidobacterium|s__Bifidobacterium_animalis	species	2|201174|1760|85004|31953|1678|28025	0.007398	7.398e-05	assessed	provisional
SID530373	SID530373	donor_combined_disjoint_clean_reads	k__Bacteria|p__Firmicutes|c__CFGB2917|o__OFGB2917|f__FGB2917|g__GGB9238|s__GGB9238_SGB14180	species	2|1239|||||	0.007297	7.297e-05	assessed	provisional
SID530373	SID530373	donor_combined_disjoint_clean_reads	k__Bacteria|p__Firmicutes|c__Clostridia|o__Lachnospirales|f__Lachnospiraceae|g__GGB3534|s__GGB3534_SGB4722	species	2|1239|186801|3085636|186803||	0.007245	7.245e-05	assessed	provisional
SID530373	SID530373	donor_combined_disjoint_clean_reads	k__Bacteria|p__Firmicutes|c__CFGB2834|o__OFGB2834|f__FGB2834|g__GGB9064|s__GGB9064_SGB13983	species	2|1239|||||	0.007133	7.133e-05	assessed	provisional
SID530373	SID530373	donor_combined_disjoint_clean_reads	k__Bacteria|p__Bacteroidota|c__Bacteroidia|o__Bacteroidales|f__Barnesiellaceae|g__GGB1421|s__GGB1421_SGB1959	species	2|976|200643|171549|2005519||	0.006969	6.969e-05	assessed	provisional
SID530373	SID530373	donor_combined_disjoint_clean_reads	k__Bacteria|p__Firmicutes|c__Negativicutes|o__Veillonellales|f__Veillonellaceae|g__GGB73496|s__GGB73496_SGB5832	species	2|1239|909932|1843489|31977||	0.006874	6.874e-05	assessed	provisional
SID530373	SID530373	donor_combined_disjoint_clean_reads	k__Bacteria|p__Firmicutes|c__CFGB48199|o__OFGB48199|f__FGB48199|g__GGB45632|s__GGB45632_SGB63346	species	2|1239|||||	0.006725	6.725e-05	assessed	provisional
SID530373	SID530373	donor_combined_disjoint_clean_reads	k__Bacteria|p__Firmicutes|c__Clostridia|o__Eubacteriales|f__Oscillospiraceae|g__GGB45541|s__GGB45541_SGB63221	species	2|1239|186801|186802|216572||	0.00671	6.71e-05	assessed	provisional
SID530373	SID530373	donor_combined_disjoint_clean_reads	k__Bacteria|p__Bacteroidota|c__Bacteroidia|o__Bacteroidales|f__Rikenellaceae|g__Alistipes|s__Alistipes_dispar	species	2|976|200643|171549|171550|239759|2585119	0.006679	6.679e-05	assessed	provisional
SID530373	SID530373	donor_combined_disjoint_clean_reads	k__Bacteria|p__Firmicutes|c__CFGB3070|o__OFGB3070|f__FGB3070|g__GGB33544|s__GGB33544_SGB53490	species	2|1239|||||	0.006512	6.512e-05	assessed	provisional
SID530373	SID530373	donor_combined_disjoint_clean_reads	k__Bacteria|p__Firmicutes|c__Clostridia|o__Eubacteriales|f__Oscillospiraceae|g__Ruminococcus|s__Ruminococcus_turbiniformis	species	2|1239|186801|186802|216572|1263|2881258	0.006497	6.497e-05	assessed	provisional
SID530373	SID530373	donor_combined_disjoint_clean_reads	k__Bacteria|p__Firmicutes|c__Clostridia|o__Eubacteriales|f__Bianqueaceae|g__Bianquea|s__Bianquea_SGB71281	species	2|1239|186801|186802|2944142|2944146|	0.006399	6.399e-05	assessed	provisional
SID530373	SID530373	donor_combined_disjoint_clean_reads	k__Bacteria|p__Firmicutes|c__CFGB3054|o__OFGB3054|f__FGB3054|g__GGB33512|s__GGB33512_SGB15204	species	2|1239|||||	0.006301	6.301000000000001e-05	assessed	provisional
SID530373	SID530373	donor_combined_disjoint_clean_reads	k__Bacteria|p__Firmicutes|c__Clostridia|o__Eubacteriales|f__Eubacteriales_unclassified|g__Intestinimonas|s__Intestinimonas_timonensis	species	2|1239|186801|186802||1392389|1689270	0.00574	5.7400000000000006e-05	assessed	provisional
SID530373	SID530373	donor_combined_disjoint_clean_reads	k__Bacteria|p__Firmicutes|c__CFGB3004|o__OFGB3004|f__FGB3004|g__GGB58158|s__GGB58158_SGB79798	species	2|1239|||||	0.005733	5.733e-05	assessed	provisional
SID530373	SID530373	donor_combined_disjoint_clean_reads	k__Bacteria|p__Firmicutes|c__Clostridia|o__Lachnospirales|f__Lachnospiraceae|g__GGB42688|s__GGB42688_SGB59891	species	2|1239|186801|3085636|186803||	0.005445	5.445e-05	assessed	provisional
SID530373	SID530373	donor_combined_disjoint_clean_reads	k__Bacteria|p__Firmicutes|c__Clostridia|o__Eubacteriales|f__Oscillospiraceae|g__GGB9469|s__GGB9469_SGB14863	species	2|1239|186801|186802|216572||	0.005367	5.367e-05	assessed	provisional
SID530373	SID530373	donor_combined_disjoint_clean_reads	k__Bacteria|p__Firmicutes|c__Clostridia|o__Christensenellales|f__Christensenellaceae|g__Christensenella|s__Christensenella_hongkongensis	species	2|1239|186801|3082768|990719|990721|270498	0.005351	5.351e-05	assessed	provisional
SID530373	SID530373	donor_combined_disjoint_clean_reads	k__Bacteria|p__Firmicutes|c__Clostridia|o__Eubacteriales|f__Eubacteriales_unclassified|g__Eubacteriales_unclassified|s__Eubacteriales_unclassified_SGB15158	species	2|1239|186801|186802|||	0.005342	5.342000000000001e-05	assessed	provisional
SID530373	SID530373	donor_combined_disjoint_clean_reads	k__Bacteria|p__Firmicutes|c__Erysipelotrichia|o__Erysipelotrichales|f__Coprobacillaceae|g__Thomasclavelia|s__Thomasclavelia_ramosa	species	2|1239|526524|526525|2810280|3025755|1547	0.005273	5.273e-05	assessed	provisional
SID530373	SID530373	donor_combined_disjoint_clean_reads	k__Bacteria|p__Firmicutes|c__Clostridia|o__Lachnospirales|f__Lachnospiraceae|g__Roseburia|s__Roseburia_inulinivorans	species	2|1239|186801|3085636|186803|841|360807	0.005134	5.134e-05	assessed	provisional
SID530373	SID530373	donor_combined_disjoint_clean_reads	k__Bacteria|p__Bacteria_unclassified|c__Bacteria_unclassified|o__Bacteria_unclassified|f__Bacteria_unclassified|g__Bacteria_unclassified|s__bacterium_210917_SL_2_15	species	2||||||2883296	0.005098	5.098e-05	assessed	provisional
SID530373	SID530373	donor_combined_disjoint_clean_reads	k__Bacteria|p__Firmicutes|c__Clostridia|o__Eubacteriales|f__Oscillospiraceae|g__GGB9613|s__GGB9613_SGB15048	species	2|1239|186801|186802|216572||	0.005094	5.094e-05	assessed	provisional
SID530373	SID530373	donor_combined_disjoint_clean_reads	k__Bacteria|p__Firmicutes|c__Clostridia|o__Lachnospirales|f__Lachnospiraceae|g__Anaerostipes|s__Anaerostipes_butyraticus	species	2|1239|186801|3085636|186803|207244|645466	0.005075	5.0749999999999994e-05	assessed	provisional
SID530373	SID530373	donor_combined_disjoint_clean_reads	k__Bacteria|p__Firmicutes|c__CFGB45631|o__OFGB45631|f__FGB45631|g__GGB45631|s__GGB45631_SGB63345	species	2|1239|||||	0.005067	5.067e-05	assessed	provisional
SID530373	SID530373	donor_combined_disjoint_clean_reads	k__Bacteria|p__Firmicutes|c__Clostridia|o__Eubacteriales|f__Butyricicoccaceae|g__Agathobaculum|s__Agathobaculum_faecis	species	2|1239|186801|186802|3085642|2048137|2763013	0.005053	5.053e-05	assessed	provisional
SID530373	SID530373	donor_combined_disjoint_clean_reads	k__Bacteria|p__Firmicutes|c__Clostridia|o__Eubacteriales|f__Oscillospiraceae|g__GGB45629|s__GGB45629_SGB63343	species	2|1239|186801|186802|216572||	0.004993	4.993e-05	assessed	provisional
SID530373	SID530373	donor_combined_disjoint_clean_reads	k__Bacteria|p__Firmicutes|c__Clostridia|o__Eubacteriales|f__Oscillospiraceae|g__Anaerotruncus|s__Anaerotruncus_rubiinfantis	species	2|1239|186801|186802|216572|244127|1720200	0.004902	4.902e-05	assessed	provisional
SID530373	SID530373	donor_combined_disjoint_clean_reads	k__Bacteria|p__Firmicutes|c__Clostridia|o__Lachnospirales|f__Lachnospiraceae|g__Mediterraneibacter|s__Mediterraneibacter_SGB59856	species	2|1239|186801|3085636|186803|2316020|	0.004809	4.809e-05	assessed	provisional
SID530373	SID530373	donor_combined_disjoint_clean_reads	k__Bacteria|p__Firmicutes|c__Clostridia|o__Eubacteriales|f__Acutalibacteraceae|g__GGB40829|s__GGB40829_SGB53496	species	2|1239|186801|186802|3082771||	0.0048	4.7999999999999994e-05	assessed	provisional
SID530373	SID530373	donor_combined_disjoint_clean_reads	k__Bacteria|p__Firmicutes|c__Clostridia|o__Lachnospirales|f__Lachnospiraceae|g__GGB3627|s__GGB3627_SGB4906	species	2|1239|186801|3085636|186803||	0.004737	4.737e-05	assessed	provisional
SID530373	SID530373	donor_combined_disjoint_clean_reads	k__Bacteria|p__Firmicutes|c__Bacilli|o__Lactobacillales|f__Streptococcaceae|g__Streptococcus|s__Streptococcus_australis	species	2|1239|91061|186826|1300|1301|113107	0.004708	4.708e-05	assessed	provisional
SID530373	SID530373	donor_combined_disjoint_clean_reads	k__Bacteria|p__Firmicutes|c__CFGB1126|o__OFGB1126|f__FGB1126|g__GGB2848|s__GGB2848_SGB3813	species	2|1239|||||	0.004445	4.445e-05	assessed	provisional
SID530373	SID530373	donor_combined_disjoint_clean_reads	k__Bacteria|p__Firmicutes|c__Clostridia|o__Eubacteriales|f__Eubacteriales_unclassified|g__Gemmiger|s__Gemmiger_SGB15295	species	2|1239|186801|186802||204475|	0.004263	4.2630000000000004e-05	assessed	provisional
SID530373	SID530373	donor_combined_disjoint_clean_reads	k__Bacteria|p__Firmicutes|c__Clostridia|o__Eubacteriales|f__Eubacteriales_unclassified|g__Fenollaria|s__Fenollaria_timonensis	species	2|1239|186801|186802||1686313|1723384	0.004161	4.1609999999999996e-05	assessed	provisional
SID530373	SID530373	donor_combined_disjoint_clean_reads	k__Bacteria|p__Firmicutes|c__CFGB41334|o__OFGB41334|f__FGB41334|g__GGB42392|s__GGB42392_SGB71394	species	2|1239|||||	0.004063	4.0629999999999996e-05	assessed	provisional
SID530373	SID530373	donor_combined_disjoint_clean_reads	k__Bacteria|p__Firmicutes|c__Clostridia|o__Lachnospirales|f__Lachnospiraceae|g__Enterocloster|s__Enterocloster_lavalensis	species	2|1239|186801|3085636|186803|2719313|460384	0.003976	3.9760000000000006e-05	assessed	provisional
SID530373	SID530373	donor_combined_disjoint_clean_reads	k__Bacteria|p__Firmicutes|c__Clostridia|o__Eubacteriales|f__Clostridiaceae|g__GGB42637|s__GGB42637_SGB59834	species	2|1239|186801|186802|31979||	0.003972	3.972e-05	assessed	provisional
SID530373	SID530373	donor_combined_disjoint_clean_reads	k__Bacteria|p__Firmicutes|c__Clostridia|o__Lachnospirales|f__Lachnospiraceae|g__GGB3678|s__GGB3678_SGB4991	species	2|1239|186801|3085636|186803||	0.003939	3.939e-05	assessed	provisional
SID530373	SID530373	donor_combined_disjoint_clean_reads	k__Bacteria|p__Firmicutes|c__Clostridia|o__Lachnospirales|f__Lachnospiraceae|g__GGB42358|s__GGB42358_SGB59528	species	2|1239|186801|3085636|186803||	0.003934	3.934e-05	assessed	provisional
SID530373	SID530373	donor_combined_disjoint_clean_reads	k__Bacteria|p__Firmicutes|c__Clostridia|o__Eubacteriales|f__Oscillospiraceae|g__Pseudoflavonifractor|s__Pseudoflavonifractor_sp_AF19_9AC	species	2|1239|186801|186802|216572|1017280|2292244	0.00392	3.92e-05	assessed	provisional
SID530373	SID530373	donor_combined_disjoint_clean_reads	k__Bacteria|p__Firmicutes|c__Clostridia|o__Eubacteriales|f__Oscillospiraceae|g__GGB9781|s__GGB9781_SGB98327	species	2|1239|186801|186802|216572||	0.003896	3.896e-05	assessed	provisional
SID530373	SID530373	donor_combined_disjoint_clean_reads	k__Bacteria|p__Firmicutes|c__Bacilli|o__Lactobacillales|f__Streptococcaceae|g__Streptococcus|s__Streptococcus_mitis	species	2|1239|91061|186826|1300|1301|28037	0.003846	3.846e-05	assessed	provisional
SID530373	SID530373	donor_combined_disjoint_clean_reads	k__Bacteria|p__Firmicutes|c__CFGB28941|o__OFGB28941|f__FGB28941|g__GGB101111|s__GGB101111_SGB144039	species	2|1239|||||	0.003815	3.815e-05	assessed	provisional
SID530373	SID530373	donor_combined_disjoint_clean_reads	k__Bacteria|p__Firmicutes|c__Clostridia|o__Eubacteriales|f__Oscillospiraceae|g__GGB52084|s__GGB52084_SGB72786	species	2|1239|186801|186802|216572||	0.003789	3.789e-05	assessed	provisional
SID530373	SID530373	donor_combined_disjoint_clean_reads	k__Bacteria|p__Firmicutes|c__Clostridia|o__Eubacteriales|f__Oscillospiraceae|g__Faecalibacterium|s__Faecalibacterium_hattorii	species	2|1239|186801|186802|216572|216851|2935520	0.003761	3.761e-05	assessed	provisional
SID530373	SID530373	donor_combined_disjoint_clean_reads	k__Bacteria|p__Firmicutes|c__Clostridia|o__Eubacteriales|f__Oscillospiraceae|g__GGB45495|s__GGB45495_SGB63167	species	2|1239|186801|186802|216572||	0.003758	3.758e-05	assessed	provisional
SID530373	SID530373	donor_combined_disjoint_clean_reads	k__Bacteria|p__Firmicutes|c__Clostridia|o__Eubacteriales|f__Eubacteriales_unclassified|g__Gemmiger|s__Gemmiger_SGB72775	species	2|1239|186801|186802||204475|	0.003743	3.743e-05	assessed	provisional
SID530373	SID530373	donor_combined_disjoint_clean_reads	k__Bacteria|p__Firmicutes|c__Clostridia|o__Eubacteriales|f__Beduinellaceae|g__GGB9761|s__GGB9761_SGB15376	species	2|1239|186801|186802|3151707||	0.003669	3.669e-05	assessed	provisional
SID530373	SID530373	donor_combined_disjoint_clean_reads	k__Bacteria|p__Actinomycetota|c__Coriobacteriia|o__Eggerthellales|f__Eggerthellaceae|g__Gordonibacter|s__Gordonibacter_pamelaeae	species	2|201174|84998|1643822|1643826|644652|471189	0.003637	3.637e-05	assessed	provisional
SID530373	SID530373	donor_combined_disjoint_clean_reads	k__Bacteria|p__Firmicutes|c__Bacilli|o__Lactobacillales|f__Lactobacillaceae|g__Lactobacillus|s__Lactobacillus_johnsonii	species	2|1239|91061|186826|33958|1578|33959	0.003473	3.473e-05	assessed	provisional
SID530373	SID530373	donor_combined_disjoint_clean_reads	k__Bacteria|p__Firmicutes|c__Clostridia|o__Eubacteriales|f__Oscillospiraceae|g__GGB45537|s__GGB45537_SGB63217	species	2|1239|186801|186802|216572||	0.003467	3.467e-05	assessed	provisional
SID530373	SID530373	donor_combined_disjoint_clean_reads	k__Bacteria|p__Firmicutes|c__CFGB2915|o__OFGB2915|f__FGB2915|g__GGB128683|s__GGB128683_SGB159163	species	2|1239|||||	0.003405	3.405e-05	assessed	provisional
SID530373	SID530373	donor_combined_disjoint_clean_reads	k__Bacteria|p__Firmicutes|c__Clostridia|o__Lachnospirales|f__Lachnospiraceae|g__GGB3677|s__GGB3677_SGB4990	species	2|1239|186801|3085636|186803||	0.003318	3.3180000000000004e-05	assessed	provisional
SID530373	SID530373	donor_combined_disjoint_clean_reads	k__Bacteria|p__Firmicutes|c__Clostridia|o__Eubacteriales|f__Acutalibacteraceae|g__GGB42389|s__GGB42389_SGB59559	species	2|1239|186801|186802|3082771||	0.003316	3.316e-05	assessed	provisional
SID530373	SID530373	donor_combined_disjoint_clean_reads	k__Bacteria|p__Firmicutes|c__Clostridia|o__Eubacteriales|f__Oscillospiraceae|g__GGB9730|s__GGB9730_SGB15291	species	2|1239|186801|186802|216572||	0.003286	3.286e-05	assessed	provisional
SID530373	SID530373	donor_combined_disjoint_clean_reads	k__Bacteria|p__Pseudomonadota|c__Betaproteobacteria|o__Burkholderiales|f__Sutterellaceae|g__Parasutterella|s__Parasutterella_excrementihominis	species	2|1224|28216|80840|995019|577310|487175	0.003114	3.1140000000000003e-05	assessed	provisional
SID530373	SID530373	donor_combined_disjoint_clean_reads	k__Bacteria|p__Firmicutes|c__Clostridia|o__Eubacteriales|f__Clostridiaceae|g__Clostridium|s__Clostridium_sp_Marseille_P3244	species	2|1239|186801|186802|31979|1485|1871020	0.003059	3.0590000000000004e-05	assessed	provisional
SID530373	SID530373	donor_combined_disjoint_clean_reads	k__Bacteria|p__Firmicutes|c__Clostridia|o__Christensenellales|f__Christensenellaceae|g__Guopingia|s__Guopingia_tenuis	species	2|1239|186801|3082768|990719|2944148|2763656	0.00297	2.97e-05	assessed	provisional
SID530373	SID530373	donor_combined_disjoint_clean_reads	k__Bacteria|p__Firmicutes|c__CFGB94810|o__OFGB94810|f__FGB94810|g__GGB40495|s__GGB40495_SGB53479	species	2|1239|||||	0.00295	2.95e-05	assessed	provisional
SID530373	SID530373	donor_combined_disjoint_clean_reads	k__Bacteria|p__Firmicutes|c__Clostridia|o__Eubacteriales|f__Eubacteriales_unclassified|g__Flintibacter|s__Flintibacter_hominis	species	2|1239|186801|186802||1918454|2763048	0.002897	2.897e-05	assessed	provisional
SID530373	SID530373	donor_combined_disjoint_clean_reads	k__Bacteria|p__Firmicutes|c__CFGB2893|o__OFGB2893|f__FGB2893|g__GGB9205|s__GGB9205_SGB14144	species	2|1239|||||	0.002817	2.817e-05	assessed	provisional
SID530373	SID530373	donor_combined_disjoint_clean_reads	k__Bacteria|p__Firmicutes|c__Clostridia|o__Lachnospirales|f__Lachnospiraceae|g__Lachnospiraceae_unclassified|s__Lachnospiraceae_bacterium_KGMB03038	species	2|1239|186801|3085636|186803||2594789	0.002698	2.698e-05	assessed	provisional
SID530373	SID530373	donor_combined_disjoint_clean_reads	k__Bacteria|p__Firmicutes|c__Negativicutes|o__Veillonellales|f__Veillonellaceae|g__Veillonella|s__Veillonella_nakazawae	species	2|1239|909932|1843489|31977|29465|2682456	0.002691	2.6909999999999998e-05	assessed	provisional
SID530373	SID530373	donor_combined_disjoint_clean_reads	k__Bacteria|p__Firmicutes|c__Clostridia|o__Eubacteriales|f__Eubacteriales_unclassified|g__GGB9250|s__GGB9250_SGB14194	species	2|1239|186801|186802|||	0.002682	2.682e-05	assessed	provisional
SID530373	SID530373	donor_combined_disjoint_clean_reads	k__Bacteria|p__Firmicutes|c__CFGB9644|o__OFGB9644|f__FGB9644|g__GGB3551|s__GGB3551_SGB4748	species	2|1239|||||	0.002657	2.657e-05	assessed	provisional
SID530373	SID530373	donor_combined_disjoint_clean_reads	k__Bacteria|p__Firmicutes|c__Clostridia|o__Lachnospirales|f__Lachnospiraceae|g__GGB3678|s__GGB3678_SGB4992	species	2|1239|186801|3085636|186803||	0.002578	2.578e-05	assessed	provisional
SID530373	SID530373	donor_combined_disjoint_clean_reads	k__Bacteria|p__Firmicutes|c__CFGB3054|o__OFGB3054|f__FGB3054|g__GGB33512|s__GGB33512_SGB15202	species	2|1239|||||	0.002565	2.565e-05	assessed	provisional
SID530373	SID530373	donor_combined_disjoint_clean_reads	k__Bacteria|p__Campylobacterota|c__Epsilonproteobacteria|o__Campylobacterales|f__Campylobacteraceae|g__Campylobacter|s__Campylobacter_SGB96342	species	2|29547|3031852|213849|72294|194|	0.002562	2.5620000000000002e-05	assessed	provisional
SID530373	SID530373	donor_combined_disjoint_clean_reads	k__Bacteria|p__Firmicutes|c__Clostridia|o__Eubacteriales|f__Oscillospiraceae|g__GGB9646|s__GGB9646_SGB15123	species	2|1239|186801|186802|216572||	0.002526	2.526e-05	assessed	provisional
SID530373	SID530373	donor_combined_disjoint_clean_reads	k__Bacteria|p__Firmicutes|c__Clostridia|o__Eubacteriales|f__Oscillospiraceae|g__Oscillibacter|s__Oscillibacter_valericigenes	species	2|1239|186801|186802|216572|459786|351091	0.002509	2.509e-05	assessed	provisional
SID530373	SID530373	donor_combined_disjoint_clean_reads	k__Bacteria|p__Firmicutes|c__CFGB78183|o__OFGB78183|f__FGB78183|g__GGB9109|s__GGB9109_SGB14042	species	2|1239|||||	0.002485	2.4849999999999998e-05	assessed	provisional
SID530373	SID530373	donor_combined_disjoint_clean_reads	k__Bacteria|p__Firmicutes|c__Clostridia|o__Eubacteriales|f__Acutalibacteraceae|g__GGB38744|s__GGB38744_SGB14842	species	2|1239|186801|186802|3082771||	0.002448	2.448e-05	assessed	provisional
SID530373	SID530373	donor_combined_disjoint_clean_reads	k__Bacteria|p__Firmicutes|c__Clostridia|o__Eubacteriales|f__Oscillospiraceae|g__Youxingia|s__Youxingia_wuxianensis	species	2|1239|186801|186802|216572|2983250|2763678	0.002344	2.3440000000000003e-05	assessed	provisional
SID530373	SID530373	donor_combined_disjoint_clean_reads	k__Bacteria|p__Firmicutes|c__CFGB3038|o__OFGB3038|f__FGB3038|g__GGB9532|s__GGB9532_SGB14933	species	2|1239|||||	0.002275	2.275e-05	assessed	provisional
SID530373	SID530373	donor_combined_disjoint_clean_reads	k__Bacteria|p__Actinomycetota|c__Coriobacteriia|o__Eggerthellales|f__Eggerthellaceae|g__GGB45432|s__GGB45432_SGB63100	species	2|201174|84998|1643822|1643826||	0.002269	2.269e-05	assessed	provisional
SID530373	SID530373	donor_combined_disjoint_clean_reads	k__Bacteria|p__Firmicutes|c__Tissierellia|o__Tissierellales|f__Peptoniphilaceae|g__Peptoniphilus|s__Peptoniphilus_lacrimalis	species	2|1239|1737404|1737405|1570339|162289|33031	0.002267	2.2669999999999998e-05	assessed	provisional
SID530373	SID530373	donor_combined_disjoint_clean_reads	k__Bacteria|p__Actinomycetota|c__Actinomycetes|o__Actinomycetales|f__Actinomycetaceae|g__Schaalia|s__Schaalia_odontolytica	species	2|201174|1760|2037|2049|2529408|1660	0.002253	2.253e-05	assessed	provisional
SID530373	SID530373	donor_combined_disjoint_clean_reads	k__Bacteria|p__Firmicutes|c__Clostridia|o__Eubacteriales|f__Oscillospiraceae|g__GGB9729|s__GGB9729_SGB69197	species	2|1239|186801|186802|216572||	0.002243	2.243e-05	assessed	provisional
SID530373	SID530373	donor_combined_disjoint_clean_reads	k__Bacteria|p__Actinomycetota|c__Actinomycetes|o__Actinomycetales|f__Actinomycetaceae|g__Actinomyces|s__Actinomyces_sp_ICM47	species	2|201174|1760|2037|2049|1654|936548	0.002163	2.163e-05	assessed	provisional
SID530373	SID530373	donor_combined_disjoint_clean_reads	k__Bacteria|p__Firmicutes|c__CFGB73178|o__OFGB73178|f__FGB73178|g__GGB38029|s__GGB38029_SGB49188	species	2|1239|||||	0.002151	2.1510000000000002e-05	assessed	provisional
SID530373	SID530373	donor_combined_disjoint_clean_reads	k__Bacteria|p__Firmicutes|c__CFGB3054|o__OFGB3054|f__FGB3054|g__GGB45577|s__GGB45577_SGB63275	species	2|1239|||||	0.002132	2.1320000000000003e-05	assessed	provisional
SID530373	SID530373	donor_combined_disjoint_clean_reads	k__Bacteria|p__Bacteroidota|c__Bacteroidia|o__Bacteroidales|f__Bacteroidaceae|g__Phocaeicola|s__Phocaeicola_vulgatus	species	2|976|200643|171549|815|909656|821	0.0021	2.1e-05	assessed	provisional
SID530373	SID530373	donor_combined_disjoint_clean_reads	k__Bacteria|p__Firmicutes|c__Clostridia|o__Eubacteriales|f__Oscillospiraceae|g__Flavonifractor|s__Flavonifractor_sp_An10	species	2|1239|186801|186802|216572|946234|1965537	0.002094	2.094e-05	assessed	provisional
SID530373	SID530373	donor_combined_disjoint_clean_reads	k__Bacteria|p__Firmicutes|c__Clostridia|o__Eubacteriales|f__Oscillospiraceae|g__GGB45648|s__GGB45648_SGB63362	species	2|1239|186801|186802|216572||	0.002035	2.035e-05	assessed	provisional
SID530373	SID530373	donor_combined_disjoint_clean_reads	k__Bacteria|p__Firmicutes|c__Clostridia|o__Eubacteriales|f__Oscillospiraceae|g__Ligaoa|s__Ligaoa_zhengdingensis	species	2|1239|186801|186802|216572|2944149|2763658	0.002026	2.026e-05	assessed	provisional
SID530373	SID530373	donor_combined_disjoint_clean_reads	k__Bacteria|p__Firmicutes|c__Clostridia|o__Lachnospirales|f__Lachnospiraceae|g__GGB32156|s__GGB32156_SGB47534	species	2|1239|186801|3085636|186803||	0.001994	1.9940000000000002e-05	assessed	provisional
SID530373	SID530373	donor_combined_disjoint_clean_reads	k__Bacteria|p__Firmicutes|c__CFGB94768|o__OFGB94768|f__FGB94768|g__GGB142737|s__GGB142737_SGB210594	species	2|1239|||||	0.001963	1.963e-05	assessed	provisional
SID530373	SID530373	donor_combined_disjoint_clean_reads	k__Bacteria|p__Firmicutes|c__Bacilli|o__Bacillales|f__Staphylococcaceae|g__Staphylococcus|s__Staphylococcus_warneri	species	2|1239|91061|1385|90964|1279|1292	0.001953	1.953e-05	assessed	provisional
SID530373	SID530373	donor_combined_disjoint_clean_reads	k__Bacteria|p__Firmicutes|c__CFGB3054|o__OFGB3054|f__FGB3054|g__GGB9695|s__GGB9695_SGB15210	species	2|1239|||||	0.001905	1.905e-05	assessed	provisional
SID530373	SID530373	donor_combined_disjoint_clean_reads	k__Bacteria|p__Firmicutes|c__Clostridia|o__Lachnospirales|f__Lachnospiraceae|g__Sellimonas|s__Sellimonas_intestinalis	species	2|1239|186801|3085636|186803|1769710|1653434	0.001832	1.832e-05	assessed	provisional
SID530373	SID530373	donor_combined_disjoint_clean_reads	k__Bacteria|p__Firmicutes|c__Clostridia|o__Eubacteriales|f__Oscillospiraceae|g__GGB143026|s__GGB143026_SGB73046	species	2|1239|186801|186802|216572||	0.001805	1.8049999999999998e-05	assessed	provisional
SID530373	SID530373	donor_combined_disjoint_clean_reads	k__Bacteria|p__Firmicutes|c__Clostridia|o__Eubacteriales|f__Oscillospiraceae|g__GGB9622|s__GGB9622_SGB53706	species	2|1239|186801|186802|216572||	0.001649	1.649e-05	assessed	provisional
SID530373	SID530373	donor_combined_disjoint_clean_reads	k__Bacteria|p__Firmicutes|c__Clostridia|o__Lachnospirales|f__Lachnospiraceae|g__GGB42689|s__GGB42689_SGB59893	species	2|1239|186801|3085636|186803||	0.001548	1.5479999999999997e-05	assessed	provisional
SID530373	SID530373	donor_combined_disjoint_clean_reads	k__Bacteria|p__Firmicutes|c__CFGB84669|o__OFGB84669|f__FGB84669|g__GGB100505|s__GGB100505_SGB209407	species	2|1239|||||	0.001524	1.524e-05	assessed	provisional
SID530373	SID530373	donor_combined_disjoint_clean_reads	k__Bacteria|p__Firmicutes|c__Bacilli|o__Lactobacillales|f__Lactobacillaceae|g__Lactobacillus|s__Lactobacillus_delbrueckii	species	2|1239|91061|186826|33958|1578|1584	0.001443	1.443e-05	assessed	provisional
SID530373	SID530373	donor_combined_disjoint_clean_reads	k__Bacteria|p__Firmicutes|c__Clostridia|o__Lachnospirales|f__Lachnospiraceae|g__Blautia|s__Blautia_caecimuris	species	2|1239|186801|3085636|186803|572511|1796615	0.001142	1.142e-05	assessed	provisional
SID530373	SID530373	donor_combined_disjoint_clean_reads	k__Bacteria|p__Firmicutes|c__Bacilli|o__Lactobacillales|f__Streptococcaceae|g__Streptococcus|s__Streptococcus_sanguinis	species	2|1239|91061|186826|1300|1301|1305	0.001121	1.1210000000000001e-05	assessed	provisional
SID530373	SID530373	donor_combined_disjoint_clean_reads	k__Bacteria|p__Firmicutes|c__CFGB2937|o__OFGB2937|f__FGB2937|g__GGB9270|s__GGB9270_SGB14221	species	2|1239|||||	0.00108	1.08e-05	assessed	provisional
SID530373	SID530373	donor_combined_disjoint_clean_reads	k__Bacteria|p__Actinomycetota|c__Actinomycetes|o__Actinomycetales|f__Actinomycetaceae|g__Actinomyces|s__Actinomyces_graevenitzii	species	2|201174|1760|2037|2049|1654|55565	0.001028	1.028e-05	assessed	provisional
SID530373	SID530373	donor_combined_disjoint_clean_reads	k__Bacteria|p__Firmicutes|c__Clostridia|o__Lachnospirales|f__Lachnospiraceae|g__Cuneatibacter|s__Cuneatibacter_sp_NSJ_177	species	2|1239|186801|3085636|186803|1918450|2931401	0.001026	1.026e-05	assessed	provisional
SID530373	SID530373	donor_combined_disjoint_clean_reads	k__Bacteria|p__Firmicutes|c__Clostridia|o__Eubacteriales|f__Oscillospiraceae|g__Flavonifractor|s__Flavonifractor_plautii	species	2|1239|186801|186802|216572|946234|292800	0.000986	9.859999999999999e-06	assessed	provisional
SID530373	SID530373	donor_combined_disjoint_clean_reads	k__Bacteria|p__Firmicutes|c__Clostridia|o__Lachnospirales|f__Lachnospiraceae|g__Hominiventricola|s__Hominiventricola_filiformis	species	2|1239|186801|3085636|186803|3073584|2885352	0.000975	9.75e-06	assessed	provisional
SID530373	SID530373	donor_combined_disjoint_clean_reads	k__Bacteria|p__Firmicutes|c__Bacilli|o__Lactobacillales|f__Carnobacteriaceae|g__Granulicatella|s__Granulicatella_sp_UMB5615A	species	2|1239|91061|186826|186828|117563|3050606	0.000964	9.640000000000001e-06	assessed	provisional
SID530373	SID530373	donor_combined_disjoint_clean_reads	k__Bacteria|p__Actinomycetota|c__Actinomycetes|o__Actinomycetales|f__Actinomycetaceae|g__Actinomyces|s__Actinomyces_bouchesdurhonensis	species	2|201174|1760|2037|2049|1654|1852361	0.000907	9.07e-06	assessed	provisional
SID530373	SID530373	donor_combined_disjoint_clean_reads	k__Bacteria|p__Firmicutes|c__Clostridia|o__Lachnospirales|f__Lachnospiraceae|g__GGB42621|s__GGB42621_SGB59817	species	2|1239|186801|3085636|186803||	0.000905	9.05e-06	assessed	provisional
SID530373	SID530373	donor_combined_disjoint_clean_reads	k__Bacteria|p__Firmicutes|c__Clostridia|o__Eubacteriales|f__Eubacteriales_unclassified|g__Intestinimonas|s__Intestinimonas_massiliensis_ex_Afouda_et_al_2020	species	2|1239|186801|186802||1392389|1673721	0.000881	8.809999999999999e-06	assessed	provisional
SID530373	SID530373	donor_combined_disjoint_clean_reads	k__Bacteria|p__Firmicutes|c__Clostridia|o__Lachnospirales|f__Lachnospiraceae|g__Enterocloster|s__Enterocloster_citroniae	species	2|1239|186801|3085636|186803|2719313|358743	0.000862	8.62e-06	assessed	provisional
SID530373	SID530373	donor_combined_disjoint_clean_reads	k__Bacteria|p__Firmicutes|c__Bacilli|o__Bacillales|f__Gemellaceae|g__Gemella|s__Gemella_sanguinis	species	2|1239|91061|1385|539738|1378|84135	0.000759	7.59e-06	assessed	provisional
SID530373	SID530373	donor_combined_disjoint_clean_reads	k__Bacteria|p__Firmicutes|c__Clostridia|o__Lachnospirales|f__Lachnospiraceae|g__GGB42664|s__GGB42664_SGB59865	species	2|1239|186801|3085636|186803||	0.00073	7.2999999999999996e-06	assessed	provisional
SID530373	SID530373	donor_combined_disjoint_clean_reads	k__Bacteria|p__Firmicutes|c__Clostridia|o__Lachnospirales|f__Lachnospiraceae|g__GGB42692|s__GGB42692_SGB59896	species	2|1239|186801|3085636|186803||	0.000717	7.17e-06	assessed	provisional
SID530373	SID530373	donor_combined_disjoint_clean_reads	k__Bacteria|p__Firmicutes|c__Clostridia|o__Eubacteriales|f__Oscillospiraceae|g__GGB45627|s__GGB45627_SGB63341	species	2|1239|186801|186802|216572||	0.000678	6.78e-06	assessed	provisional
SID530373	SID530373	donor_combined_disjoint_clean_reads	k__Bacteria|p__Firmicutes|c__Clostridia|o__Eubacteriales|f__Eubacteriaceae|g__Anaerofustis|s__Anaerofustis_stercorihominis	species	2|1239|186801|186802|186806|264995|214853	0.000639	6.390000000000001e-06	assessed	provisional
SID530373	SID530373	donor_combined_disjoint_clean_reads	k__Bacteria|p__Firmicutes|c__Clostridia|o__Eubacteriales|f__Acutalibacteraceae|g__Hydrogeniiclostridium|s__Hydrogeniiclostridium_mannosilyticum	species	2|1239|186801|186802|3082771|2764317|2764322	0.000616	6.16e-06	assessed	provisional
SID530373	SID530373	donor_combined_disjoint_clean_reads	k__Bacteria|p__Firmicutes|c__Clostridia|o__Lachnospirales|f__Anaerotignaceae|g__GGB3819|s__GGB3819_SGB5184	species	2|1239|186801|3085636|3118652||	0.000562	5.62e-06	assessed	provisional
SID530373	SID530373	donor_combined_disjoint_clean_reads	k__Bacteria|p__Firmicutes|c__Clostridia|o__Lachnospirales|f__Lachnospiraceae|g__Lachnotalea|s__Lachnotalea_sp_AF33_28	species	2|1239|186801|3085636|186803|1763508|2292046	0.000534	5.34e-06	assessed	provisional
SID530373	SID530373	donor_combined_disjoint_clean_reads	k__Bacteria|p__Firmicutes|c__Clostridia|o__Eubacteriales|f__Oscillospiraceae|g__Pseudoflavonifractor|s__Pseudoflavonifractor_SGB119690	species	2|1239|186801|186802|216572|1017280|	0.000533	5.330000000000001e-06	assessed	provisional
SID530373	SID530373	donor_combined_disjoint_clean_reads	k__Bacteria|p__Firmicutes|c__Tissierellia|o__Tissierellales|f__Peptoniphilaceae|g__Parvimonas|s__Parvimonas_micra	species	2|1239|1737404|1737405|1570339|543311|33033	0.000509	5.09e-06	assessed	provisional
SID530373	SID530373	donor_combined_disjoint_clean_reads	k__Bacteria|p__Firmicutes|c__Bacilli|o__Lactobacillales|f__Streptococcaceae|g__Lactococcus|s__Lactococcus_lactis	species	2|1239|91061|186826|1300|1357|1358	0.000433	4.33e-06	assessed	provisional
SID530373	SID530373	donor_combined_disjoint_clean_reads	k__Bacteria|p__Firmicutes|c__CFGB95106|o__OFGB95106|f__FGB95106|g__GGB42669|s__GGB42669_SGB59870	species	2|1239|||||	0.000317	3.17e-06	assessed	provisional
SID530373	SID530373	donor_combined_disjoint_clean_reads	k__Bacteria|p__Bacteroidota|c__CFGB1670|o__OFGB1670|f__FGB1670|g__GGB47687|s__GGB47687_SGB65655	species	2|976|||||	0.000306	3.06e-06	assessed	provisional
SID530373	SID530373	donor_combined_disjoint_clean_reads	k__Bacteria|p__Firmicutes|c__CFGB3230|o__OFGB3230|f__FGB3230|g__GGB42064|s__GGB42064_SGB59204	species	2|1239|||||	0.000301	3.01e-06	assessed	provisional
SID530373	SID530373	donor_combined_disjoint_clean_reads	k__Eukaryota|p__Ascomycota|c__Saccharomycetes|o__Saccharomycetales|f__Saccharomycetaceae|g__Saccharomyces|s__Saccharomyces_cerevisiae	species	2759|4890|4891|4892|4893|4930|4932	0.000288	2.88e-06	assessed	provisional
SID530373	SID530373	donor_combined_disjoint_clean_reads	k__Bacteria|p__Bacteroidota|c__Bacteroidia|o__Bacteroidales|f__Prevotellaceae|g__Segatella|s__Segatella_copri	species	2|976|200643|171549|171552|2974251|165179	0.00025	2.5e-06	assessed	provisional
SID530373	SID530373	donor_combined_disjoint_clean_reads	k__Bacteria|p__Pseudomonadota|c__Gammaproteobacteria|o__Pasteurellales|f__Pasteurellaceae|g__Aggregatibacter|s__Aggregatibacter_segnis	species	2|1224|1236|135625|712|416916|739	0.00021	2.1000000000000002e-06	assessed	provisional
SID530373	SID530373	donor_combined_disjoint_clean_reads	k__Bacteria|p__Firmicutes|c__Clostridia|o__Eubacteriales|f__Oscillospiraceae|g__Bittarella_ex_Durand_et_al_2017|s__Bittarella_massiliensis_ex_Durand_et_al_2017	species	2|1239|186801|186802|216572|1929297|1720313	0.000184	1.84e-06	assessed	provisional
SID530373	SID530373	donor_combined_disjoint_clean_reads	k__Bacteria|p__Actinomycetota|c__Coriobacteriia|o__Coriobacteriales|f__Atopobiaceae|g__Atopobium|s__Atopobium_minutum	species	2|201174|84998|84999|1643824|1380|1381	0.000151	1.5100000000000002e-06	assessed	provisional
SID530373	SID530373	donor_combined_disjoint_clean_reads	k__Bacteria|p__Firmicutes|c__Clostridia|o__Christensenellales|f__Christensenellaceae|g__Gehongia|s__Gehongia_tenuis	species	2|1239|186801|3082768|990719|2944147|2763655	0.00015	1.4999999999999998e-06	assessed	provisional
SID530373	SID530373	donor_combined_disjoint_clean_reads	k__Bacteria|p__Firmicutes|c__Clostridia|o__Eubacteriales|f__Oscillospiraceae|g__GGB45523|s__GGB45523_SGB63197	species	2|1239|186801|186802|216572||	0.000145	1.45e-06	assessed	provisional
SID530373	SID530373	donor_combined_disjoint_clean_reads	k__Bacteria|p__Bacteroidota|c__Bacteroidia|o__Bacteroidales|f__Rikenellaceae|g__Alistipes|s__Alistipes_SGB104723	species	2|976|200643|171549|171550|239759|	7.7e-05	7.7e-07	assessed	provisional
SID530373	SID530373	donor_combined_disjoint_clean_reads	k__Bacteria|p__Firmicutes|c__Clostridia|o__Lachnospirales|f__Lachnospiraceae|g__GGB3828|s__GGB3828_SGB5197	species	2|1239|186801|3085636|186803||	5.6e-05	5.6e-07	assessed	provisional
SID530373	SID530373	donor_combined_disjoint_clean_reads	k__Bacteria|p__Firmicutes|c__Clostridia|o__Eubacteriales|f__Acutalibacteraceae|g__GGB45634|s__GGB45634_SGB63348	species	2|1239|186801|186802|3082771||	5.5e-05	5.5e-07	assessed	provisional
SID531248	SID531248	donor_combined_disjoint_clean_reads	UNCLASSIFIED	unclassified	-1	15.030009	0.15030009	assessed	provisional
SID531248	SID531248	donor_combined_disjoint_clean_reads	k__Bacteria|p__Bacteroidota|c__Bacteroidia|o__Bacteroidales|f__Prevotellaceae|g__Segatella|s__Segatella_copri	species	2|976|200643|171549|171552|2974251|165179	32.836412	0.32836412000000004	assessed	provisional
SID531248	SID531248	donor_combined_disjoint_clean_reads	k__Bacteria|p__Firmicutes|c__Negativicutes|o__Veillonellales|f__Veillonellaceae|g__Dialister|s__Dialister_invisus	species	2|1239|909932|1843489|31977|39948|218538	3.756126	0.03756126	assessed	provisional
SID531248	SID531248	donor_combined_disjoint_clean_reads	k__Bacteria|p__Firmicutes|c__Clostridia|o__Lachnospirales|f__Lachnospiraceae|g__Eshraghiella|s__Eshraghiella_crossota	species	2|1239|186801|3085636|186803|3342669|45851	3.105565	0.03105565	assessed	provisional
SID531248	SID531248	donor_combined_disjoint_clean_reads	k__Bacteria|p__Firmicutes|c__Clostridia|o__Lachnospirales|f__Lachnospiraceae|g__Coprococcus|s__Coprococcus_eutactus	species	2|1239|186801|3085636|186803|33042|33043	2.79222	0.027922199999999998	assessed	provisional
SID531248	SID531248	donor_combined_disjoint_clean_reads	k__Bacteria|p__Bacteroidota|c__Bacteroidia|o__Bacteroidales|f__Prevotellaceae|g__Leyella|s__Leyella_lascolaii	species	2|976|200643|171549|171552|2974265|1776379	2.499333	0.02499333	assessed	provisional
SID531248	SID531248	donor_combined_disjoint_clean_reads	k__Bacteria|p__Firmicutes|c__Clostridia|o__Eubacteriales|f__Oscillospiraceae|g__Faecalibacterium|s__Faecalibacterium_prausnitzii	species	2|1239|186801|186802|216572|216851|853	2.436562	0.024365619999999998	assessed	provisional
SID531248	SID531248	donor_combined_disjoint_clean_reads	k__Bacteria|p__Bacteroidota|c__Bacteroidia|o__Bacteroidales|f__Prevotellaceae|g__Segatella|s__Segatella_sinensis	species	2|976|200643|171549|171552|2974251|165179	2.322628	0.02322628	assessed	provisional
SID531248	SID531248	donor_combined_disjoint_clean_reads	k__Bacteria|p__Firmicutes|c__Clostridia|o__Lachnospirales|f__Lachnospiraceae|g__Waltera|s__Waltera_acetigignens	species	2|1239|186801|3085636|186803|2815781|2981769	1.443639	0.014436389999999999	assessed	provisional
SID531248	SID531248	donor_combined_disjoint_clean_reads	k__Bacteria|p__Firmicutes|c__CFGB94588|o__OFGB94588|f__FGB94588|g__GGB51647|s__GGB51647_SGB4348	species	2|1239|||||	1.323219	0.01323219	assessed	provisional
SID531248	SID531248	donor_combined_disjoint_clean_reads	k__Bacteria|p__Bacteroidota|c__Bacteroidia|o__Bacteroidales|f__Rikenellaceae|g__Alistipes|s__Alistipes_putredinis	species	2|976|200643|171549|171550|239759|28117	1.286704	0.012867040000000001	assessed	provisional
SID531248	SID531248	donor_combined_disjoint_clean_reads	k__Bacteria|p__Firmicutes|c__Clostridia|o__Lachnospirales|f__Lachnospiraceae|g__Wujia|s__Wujia_chipingensis	species	2|1239|186801|3085636|186803|2944152|2763670	1.244205	0.01244205	assessed	provisional
SID531248	SID531248	donor_combined_disjoint_clean_reads	k__Bacteria|p__Firmicutes|c__Clostridia|o__Lachnospirales|f__Lachnospiraceae|g__Agathobacter|s__Agathobacter_rectalis	species	2|1239|186801|3085636|186803|1766253|39491	1.161566	0.011615660000000002	assessed	provisional
SID531248	SID531248	donor_combined_disjoint_clean_reads	k__Bacteria|p__Firmicutes|c__Clostridia|o__Lachnospirales|f__Lachnospiraceae|g__Lachnospira|s__Lachnospira_eligens	species	2|1239|186801|3085636|186803|28050|39485	1.10581	0.0110581	assessed	provisional
SID531248	SID531248	donor_combined_disjoint_clean_reads	k__Bacteria|p__Bacteroidota|c__Bacteroidia|o__Bacteroidales|f__Bacteroidaceae|g__Phocaeicola|s__Phocaeicola_vulgatus	species	2|976|200643|171549|815|909656|821	0.92732	0.0092732	assessed	provisional
SID531248	SID531248	donor_combined_disjoint_clean_reads	k__Bacteria|p__Firmicutes|c__Clostridia|o__Lachnospirales|f__Lachnospiraceae|g__Simiaoa|s__Simiaoa_sunii	species	2|1239|186801|3085636|186803|2944193|2763672	0.921058	0.009210580000000001	assessed	provisional
SID531248	SID531248	donor_combined_disjoint_clean_reads	k__Bacteria|p__Firmicutes|c__CFGB1776|o__OFGB1776|f__FGB1776|g__GGB4682|s__GGB4682_SGB6472	species	2|1239|||||	0.913366	0.00913366	assessed	provisional
SID531248	SID531248	donor_combined_disjoint_clean_reads	k__Bacteria|p__Firmicutes|c__Clostridia|o__Eubacteriales|f__Clostridiaceae|g__Clostridium|s__Clostridium_sp_AM49_4BH	species	2|1239|186801|186802|31979|1485|2293035	0.863385	0.00863385	assessed	provisional
SID531248	SID531248	donor_combined_disjoint_clean_reads	k__Bacteria|p__Firmicutes|c__CFGB73902|o__OFGB73902|f__FGB73902|g__GGB4689|s__GGB4689_SGB6487	species	2|1239|||||	0.656471	0.0065647100000000005	assessed	provisional
SID531248	SID531248	donor_combined_disjoint_clean_reads	k__Bacteria|p__Firmicutes|c__Clostridia|o__Eubacteriales|f__Eubacteriales_unclassified|g__Gemmiger|s__Gemmiger_formicilis	species	2|1239|186801|186802||204475|745368	0.578536	0.005785360000000001	assessed	provisional
SID531248	SID531248	donor_combined_disjoint_clean_reads	k__Bacteria|p__Firmicutes|c__Clostridia|o__Eubacteriales|f__Oscillospiraceae|g__GGB9634|s__GGB9634_SGB15106	species	2|1239|186801|186802|216572||	0.523369	0.00523369	assessed	provisional
SID531248	SID531248	donor_combined_disjoint_clean_reads	k__Bacteria|p__Firmicutes|c__CFGB1765|o__OFGB1765|f__FGB1765|g__GGB4599|s__GGB4599_SGB6362	species	2|1239|||||	0.511218	0.005112179999999999	assessed	provisional
SID531248	SID531248	donor_combined_disjoint_clean_reads	k__Bacteria|p__Bacteroidota|c__Bacteroidia|o__Bacteroidales|f__Bacteroidaceae|g__Bacteroides|s__Bacteroides_uniformis	species	2|976|200643|171549|815|816|820	0.506567	0.0050656699999999995	assessed	provisional
SID531248	SID531248	donor_combined_disjoint_clean_reads	k__Bacteria|p__Firmicutes|c__Bacilli|o__Lactobacillales|f__Streptococcaceae|g__Streptococcus|s__Streptococcus_salivarius	species	2|1239|91061|186826|1300|1301|1304	0.499548	0.00499548	assessed	provisional
SID531248	SID531248	donor_combined_disjoint_clean_reads	k__Bacteria|p__Firmicutes|c__Clostridia|o__Eubacteriales|f__Oscillospiraceae|g__Ruminococcus|s__Ruminococcus_bromii	species	2|1239|186801|186802|216572|1263|40518	0.484351	0.00484351	assessed	provisional
SID531248	SID531248	donor_combined_disjoint_clean_reads	k__Bacteria|p__Bacteroidota|c__Bacteroidia|o__Bacteroidales|f__Bacteroidaceae|g__Bacteroidaceae_unclassified|s__Bacteroidaceae_bacterium	species	2|976|200643|171549|815||2212467	0.421605	0.00421605	assessed	provisional
SID531248	SID531248	donor_combined_disjoint_clean_reads	k__Bacteria|p__Firmicutes|c__CFGB1765|o__OFGB1765|f__FGB1765|g__GGB4578|s__GGB4578_SGB6328	species	2|1239|||||	0.382459	0.00382459	assessed	provisional
SID531248	SID531248	donor_combined_disjoint_clean_reads	k__Bacteria|p__Firmicutes|c__Clostridia|o__Lachnospirales|f__Lachnospiraceae|g__Roseburia|s__Roseburia_faecis	species	2|1239|186801|3085636|186803|841|301302	0.382181	0.00382181	assessed	provisional
SID531248	SID531248	donor_combined_disjoint_clean_reads	k__Bacteria|p__Firmicutes|c__Erysipelotrichia|o__Erysipelotrichales|f__Erysipelotrichaceae|g__Holdemanella|s__Holdemanella_porci	species	2|1239|526524|526525|128827|1573535|2652276	0.378928	0.00378928	assessed	provisional
SID531248	SID531248	donor_combined_disjoint_clean_reads	k__Bacteria|p__Firmicutes|c__Clostridia|o__Lachnospirales|f__Lachnospiraceae|g__Lachnospiraceae_unclassified|s__Lachnospiraceae_bacterium	species	2|1239|186801|3085636|186803||1898203	0.378205	0.0037820500000000003	assessed	provisional
SID531248	SID531248	donor_combined_disjoint_clean_reads	k__Bacteria|p__Firmicutes|c__Clostridia|o__Eubacteriales|f__Oscillospiraceae|g__Oscillibacter|s__Oscillibacter_sp_ER4	species	2|1239|186801|186802|216572|459786|1519439	0.325294	0.00325294	assessed	provisional
SID531248	SID531248	donor_combined_disjoint_clean_reads	k__Bacteria|p__Firmicutes|c__CFGB1765|o__OFGB1765|f__FGB1765|g__GGB4552|s__GGB4552_SGB6276	species	2|1239|||||	0.312961	0.0031296099999999997	assessed	provisional
SID531248	SID531248	donor_combined_disjoint_clean_reads	k__Bacteria|p__Firmicutes|c__Clostridia|o__Eubacteriales|f__Clostridiaceae|g__Clostridium|s__Clostridium_sp_AF36_4	species	2|1239|186801|186802|31979|1485|2293015	0.30603	0.0030603	assessed	provisional
SID531248	SID531248	donor_combined_disjoint_clean_reads	k__Bacteria|p__Firmicutes|c__Clostridia|o__Eubacteriales|f__Oscillospiraceae|g__GGB9708|s__GGB9708_SGB15236	species	2|1239|186801|186802|216572||	0.302575	0.00302575	assessed	provisional
SID531248	SID531248	donor_combined_disjoint_clean_reads	k__Bacteria|p__Firmicutes|c__CFGB1765|o__OFGB1765|f__FGB1765|g__GGB4569|s__GGB4569_SGB6310	species	2|1239|||||	0.29439	0.0029438999999999997	assessed	provisional
SID531248	SID531248	donor_combined_disjoint_clean_reads	k__Bacteria|p__Firmicutes|c__Clostridia|o__Eubacteriales|f__Oscillospiraceae|g__Faecalibacterium|s__Faecalibacterium_SGB15346	species	2|1239|186801|186802|216572|216851|	0.283307	0.0028330699999999996	assessed	provisional
SID531248	SID531248	donor_combined_disjoint_clean_reads	k__Bacteria|p__Firmicutes|c__Clostridia|o__Lachnospirales|f__Lachnospiraceae|g__Roseburia|s__Roseburia_hominis	species	2|1239|186801|3085636|186803|841|301301	0.279018	0.0027901799999999997	assessed	provisional
SID531248	SID531248	donor_combined_disjoint_clean_reads	k__Bacteria|p__Firmicutes|c__Clostridia|o__Eubacteriales|f__Oscillospiraceae|g__Hominilimicola|s__Hominilimicola_fabiformis	species	2|1239|186801|186802|216572|3073565|2885356	0.270139	0.00270139	assessed	provisional
SID531248	SID531248	donor_combined_disjoint_clean_reads	k__Bacteria|p__Firmicutes|c__Clostridia|o__Lachnospirales|f__Lachnospiraceae|g__Dorea|s__Dorea_longicatena	species	2|1239|186801|3085636|186803|189330|88431	0.26709	0.0026709	assessed	provisional
SID531248	SID531248	donor_combined_disjoint_clean_reads	k__Bacteria|p__Firmicutes|c__Clostridia|o__Lachnospirales|f__Lachnospiraceae|g__Blautia|s__Blautia_wexlerae	species	2|1239|186801|3085636|186803|572511|418240	0.261937	0.0026193699999999998	assessed	provisional
SID531248	SID531248	donor_combined_disjoint_clean_reads	k__Bacteria|p__Firmicutes|c__Clostridia|o__Eubacteriales|f__Oscillospiraceae|g__Dysosmobacter|s__Dysosmobacter_segnis	species	2|1239|186801|186802|216572|2591381|2763042	0.250674	0.00250674	assessed	provisional
SID531248	SID531248	donor_combined_disjoint_clean_reads	k__Bacteria|p__Firmicutes|c__Clostridia|o__Lachnospirales|f__Lachnospiraceae|g__Lachnospiraceae_unclassified|s__Lachnospiraceae_bacterium_OF27_8pH9A	species	2|1239|186801|3085636|186803||2998044	0.235822	0.00235822	assessed	provisional
SID531248	SID531248	donor_combined_disjoint_clean_reads	k__Bacteria|p__Verrucomicrobiota|c__Verrucomicrobiia|o__Verrucomicrobiales|f__Akkermansiaceae|g__Akkermansia|s__Akkermansia_muciniphila	species	2|74201|203494|48461|1647988|239934|239935	0.234321	0.00234321	assessed	provisional
SID531248	SID531248	donor_combined_disjoint_clean_reads	k__Bacteria|p__Firmicutes|c__Clostridia|o__Eubacteriales|f__Oscillospiraceae|g__Faecalibacterium|s__Faecalibacterium_hattorii	species	2|1239|186801|186802|216572|216851|2935520	0.232672	0.00232672	assessed	provisional
SID531248	SID531248	donor_combined_disjoint_clean_reads	k__Bacteria|p__Firmicutes|c__CFGB1765|o__OFGB1765|f__FGB1765|g__GGB4572|s__GGB4572_SGB6322	species	2|1239|||||	0.230483	0.00230483	assessed	provisional
SID531248	SID531248	donor_combined_disjoint_clean_reads	k__Bacteria|p__Firmicutes|c__Clostridia|o__Eubacteriales|f__Eubacteriales_incertae_sedis|g__Candidatus_Cibionibacter|s__Candidatus_Cibionibacter_quicibialis	species	2|1239|186801|186802|538999|2527773|2500537	0.221933	0.00221933	assessed	provisional
SID531248	SID531248	donor_combined_disjoint_clean_reads	k__Bacteria|p__Firmicutes|c__Clostridia|o__Lachnospirales|f__Lachnospiraceae|g__Lachnospira|s__Lachnospira_pectinoschiza	species	2|1239|186801|3085636|186803|28050|28052	0.213306	0.00213306	assessed	provisional
SID531248	SID531248	donor_combined_disjoint_clean_reads	k__Bacteria|p__Actinomycetota|c__Actinomycetes|o__Bifidobacteriales|f__Bifidobacteriaceae|g__Bifidobacterium|s__Bifidobacterium_adolescentis	species	2|201174|1760|85004|31953|1678|1680	0.205646	0.00205646	assessed	provisional
SID531248	SID531248	donor_combined_disjoint_clean_reads	k__Bacteria|p__Actinomycetota|c__Coriobacteriia|o__Coriobacteriales|f__Coriobacteriaceae|g__Collinsella|s__Collinsella_aerofaciens	species	2|201174|84998|84999|84107|102106|74426	0.197259	0.0019725899999999998	assessed	provisional
SID531248	SID531248	donor_combined_disjoint_clean_reads	k__Bacteria|p__Actinomycetota|c__Actinomycetes|o__Bifidobacteriales|f__Bifidobacteriaceae|g__Bifidobacterium|s__Bifidobacterium_bifidum	species	2|201174|1760|85004|31953|1678|1681	0.194696	0.0019469600000000002	assessed	provisional
SID531248	SID531248	donor_combined_disjoint_clean_reads	k__Bacteria|p__Firmicutes|c__CFGB3360|o__OFGB3360|f__FGB3360|g__GGB3360|s__GGB3360_SGB4444	species	2|1239|||||	0.188198	0.0018819800000000001	assessed	provisional
SID531248	SID531248	donor_combined_disjoint_clean_reads	k__Bacteria|p__Firmicutes|c__Clostridia|o__Lachnospirales|f__Lachnospiraceae|g__Roseburia|s__Roseburia_sp_AM59_24XD	species	2|1239|186801|3085636|186803|841|2293138	0.182046	0.00182046	assessed	provisional
SID531248	SID531248	donor_combined_disjoint_clean_reads	k__Bacteria|p__Firmicutes|c__Clostridia|o__Lachnospirales|f__Lachnospiraceae|g__Coprococcus|s__Coprococcus_comes	species	2|1239|186801|3085636|186803|33042|410072	0.177221	0.00177221	assessed	provisional
SID531248	SID531248	donor_combined_disjoint_clean_reads	k__Bacteria|p__Firmicutes|c__Clostridia|o__Lachnospirales|f__Lachnospiraceae|g__Anaerostipes|s__Anaerostipes_hadrus	species	2|1239|186801|3085636|186803|207244|649756	0.174783	0.00174783	assessed	provisional
SID531248	SID531248	donor_combined_disjoint_clean_reads	k__Bacteria|p__Firmicutes|c__Clostridia|o__Eubacteriales|f__Clostridiaceae|g__Pilosibacter|s__Pilosibacter_fragilis	species	2|1239|186801|186802|31979|3144345|3078042	0.172373	0.00172373	assessed	provisional
SID531248	SID531248	donor_combined_disjoint_clean_reads	k__Bacteria|p__Firmicutes|c__Clostridia|o__Eubacteriales|f__Oscillospiraceae|g__Oscillibacter|s__Oscillibacter_sp_MSJ_31	species	2|1239|186801|186802|216572|459786|2841526	0.170735	0.00170735	assessed	provisional
SID531248	SID531248	donor_combined_disjoint_clean_reads	k__Bacteria|p__Firmicutes|c__Clostridia|o__Eubacteriales|f__Butyricicoccaceae|g__Agathobaculum|s__Agathobaculum_butyriciproducens	species	2|1239|186801|186802|3085642|2048137|1628085	0.169111	0.00169111	assessed	provisional
SID531248	SID531248	donor_combined_disjoint_clean_reads	k__Bacteria|p__Firmicutes|c__CFGB3062|o__OFGB3062|f__FGB3062|g__GGB9747|s__GGB9747_SGB15356	species	2|1239|||||	0.16868	0.0016868	assessed	provisional
SID531248	SID531248	donor_combined_disjoint_clean_reads	k__Bacteria|p__Bacteroidota|c__Bacteroidia|o__Bacteroidales|f__Bacteroidaceae|g__Phocaeicola|s__Phocaeicola_massiliensis	species	2|976|200643|171549|815|909656|204516	0.16728	0.0016728000000000001	assessed	provisional
SID531248	SID531248	donor_combined_disjoint_clean_reads	k__Bacteria|p__Bacteroidota|c__Bacteroidia|o__Bacteroidales|f__Bacteroidaceae|g__Bacteroides|s__Bacteroides_faecis	species	2|976|200643|171549|815|816|674529	0.165595	0.00165595	assessed	provisional
SID531248	SID531248	donor_combined_disjoint_clean_reads	k__Bacteria|p__Bacteroidota|c__Bacteroidia|o__Bacteroidales|f__Rikenellaceae|g__Alistipes|s__Alistipes_shahii	species	2|976|200643|171549|171550|239759|328814	0.162305	0.00162305	assessed	provisional
SID531248	SID531248	donor_combined_disjoint_clean_reads	k__Bacteria|p__Firmicutes|c__Clostridia|o__Eubacteriales|f__Clostridiaceae|g__Clostridiaceae_unclassified|s__Clostridiaceae_bacterium_AF18_31LB	species	2|1239|186801|186802|31979||2292182	0.162139	0.0016213900000000001	assessed	provisional
SID531248	SID531248	donor_combined_disjoint_clean_reads	k__Bacteria|p__Firmicutes|c__Clostridia|o__Lachnospirales|f__Lachnospiraceae|g__Faecalicatena|s__Faecalicatena_fissicatena	species	2|1239|186801|3085636|186803|2005359|290055	0.156933	0.0015693299999999999	assessed	provisional
SID531248	SID531248	donor_combined_disjoint_clean_reads	k__Bacteria|p__Firmicutes|c__Clostridia|o__Eubacteriales|f__Oscillospiraceae|g__Dysosmobacter|s__Dysosmobacter_SGB15051	species	2|1239|186801|186802|216572|2591381|	0.154445	0.00154445	assessed	provisional
SID531248	SID531248	donor_combined_disjoint_clean_reads	k__Bacteria|p__Firmicutes|c__Clostridia|o__Lachnospirales|f__Lachnospiraceae|g__Lachnospiraceae_unclassified|s__Lachnospiraceae_bacterium_AF58_1A	species	2|1239|186801|3085636|186803||2998012	0.147559	0.00147559	assessed	provisional
SID531248	SID531248	donor_combined_disjoint_clean_reads	k__Bacteria|p__Actinomycetota|c__Coriobacteriia|o__Coriobacteriales|f__Coriobacteriaceae|g__Collinsella|s__Collinsella_bouchesdurhonensis	species	2|201174|84998|84999|84107|102106|1907654	0.146855	0.00146855	assessed	provisional
SID531248	SID531248	donor_combined_disjoint_clean_reads	k__Bacteria|p__Firmicutes|c__Negativicutes|o__Veillonellales|f__Veillonellaceae|g__Veillonella|s__Veillonella_nakazawae	species	2|1239|909932|1843489|31977|29465|2682456	0.144554	0.00144554	assessed	provisional
SID531248	SID531248	donor_combined_disjoint_clean_reads	k__Bacteria|p__Firmicutes|c__CFGB1765|o__OFGB1765|f__FGB1765|g__GGB4587|s__GGB4587_SGB6346	species	2|1239|||||	0.140739	0.0014073900000000001	assessed	provisional
SID531248	SID531248	donor_combined_disjoint_clean_reads	k__Bacteria|p__Bacteroidota|c__Bacteroidia|o__Bacteroidales|f__Bacteroidaceae|g__Bacteroides|s__Bacteroides_stercoris	species	2|976|200643|171549|815|816|46506	0.13882	0.0013882	assessed	provisional
SID531248	SID531248	donor_combined_disjoint_clean_reads	k__Bacteria|p__Firmicutes|c__CFGB1765|o__OFGB1765|f__FGB1765|g__GGB4605|s__GGB4605_SGB6376	species	2|1239|||||	0.138056	0.00138056	assessed	provisional
SID531248	SID531248	donor_combined_disjoint_clean_reads	k__Bacteria|p__Firmicutes|c__Clostridia|o__Lachnospirales|f__Lachnospiraceae|g__Coprococcus|s__Coprococcus_catus	species	2|1239|186801|3085636|186803|33042|116085	0.137093	0.00137093	assessed	provisional
SID531248	SID531248	donor_combined_disjoint_clean_reads	k__Bacteria|p__Bacteroidota|c__Bacteroidia|o__Bacteroidales|f__Tannerellaceae|g__Parabacteroides|s__Parabacteroides_distasonis	species	2|976|200643|171549|2005525|375288|823	0.136706	0.00136706	assessed	provisional
SID531248	SID531248	donor_combined_disjoint_clean_reads	k__Bacteria|p__Firmicutes|c__Clostridia|o__Lachnospirales|f__Lachnospiraceae|g__Anaerobutyricum|s__Anaerobutyricum_hallii	species	2|1239|186801|3085636|186803|2569097|39488	0.134976	0.0013497600000000002	assessed	provisional
SID531248	SID531248	donor_combined_disjoint_clean_reads	k__Bacteria|p__Firmicutes|c__Clostridia|o__Eubacteriales|f__Oscillospiraceae|g__Faecalibacterium|s__Faecalibacterium_wellingii	species	2|1239|186801|186802|216572|216851|2929491	0.134314	0.0013431399999999998	assessed	provisional
SID531248	SID531248	donor_combined_disjoint_clean_reads	k__Bacteria|p__Firmicutes|c__Clostridia|o__Lachnospirales|f__Lachnospiraceae|g__GGB3627|s__GGB3627_SGB4906	species	2|1239|186801|3085636|186803||	0.134231	0.00134231	assessed	provisional
SID531248	SID531248	donor_combined_disjoint_clean_reads	k__Bacteria|p__Firmicutes|c__CFGB14936|o__OFGB14936|f__FGB14936|g__GGB3256|s__GGB3256_SGB4303	species	2|1239|||||	0.13347	0.0013347	assessed	provisional
SID531248	SID531248	donor_combined_disjoint_clean_reads	k__Bacteria|p__Firmicutes|c__Clostridia|o__Lachnospirales|f__Lachnospiraceae|g__Mediterraneibacter|s__Mediterraneibacter_faecis	species	2|1239|186801|3085636|186803|2316020|592978	0.131199	0.00131199	assessed	provisional
SID531248	SID531248	donor_combined_disjoint_clean_reads	k__Bacteria|p__Firmicutes|c__Clostridia|o__Lachnospirales|f__Lachnospiraceae|g__Butyribacter|s__Butyribacter_intestini	species	2|1239|186801|3085636|186803|2822463|1703332	0.130672	0.0013067200000000001	assessed	provisional
SID531248	SID531248	donor_combined_disjoint_clean_reads	k__Bacteria|p__Firmicutes|c__Clostridia|o__Lachnospirales|f__Lachnospiraceae|g__Gallintestinimicrobium|s__Gallintestinimicrobium_propionicum	species	2|1239|186801|3085636|186803|2981633|2981770	0.130578	0.00130578	assessed	provisional
SID531248	SID531248	donor_combined_disjoint_clean_reads	k__Bacteria|p__Firmicutes|c__Negativicutes|o__Veillonellales|f__Veillonellaceae|g__Veillonella|s__Veillonella_atypica	species	2|1239|909932|1843489|31977|29465|39777	0.12762	0.0012762000000000001	assessed	provisional
SID531248	SID531248	donor_combined_disjoint_clean_reads	k__Bacteria|p__Firmicutes|c__Clostridia|o__Eubacteriales|f__Oscillospiraceae|g__Ruminococcus|s__Ruminococcus_bicirculans_ex_Wegman_et_al_2014	species	2|1239|186801|186802|216572|1263|1160721	0.124632	0.00124632	assessed	provisional
SID531248	SID531248	donor_combined_disjoint_clean_reads	k__Bacteria|p__Firmicutes|c__CFGB79315|o__OFGB79315|f__FGB79315|g__GGB9758|s__GGB9758_SGB15368	species	2|1239|||||	0.121347	0.00121347	assessed	provisional
SID531248	SID531248	donor_combined_disjoint_clean_reads	k__Bacteria|p__Firmicutes|c__Clostridia|o__Eubacteriales|f__Clostridiaceae|g__Clostridium|s__Clostridium_fessum	species	2|1239|186801|186802|31979|1485|2126740	0.119627	0.00119627	assessed	provisional
SID531248	SID531248	donor_combined_disjoint_clean_reads	k__Bacteria|p__Firmicutes|c__Clostridia|o__Eubacteriales|f__Butyricicoccaceae|g__Butyricicoccus|s__Butyricicoccus_intestinisimiae	species	2|1239|186801|186802|3085642|580596|2841509	0.118727	0.00118727	assessed	provisional
SID531248	SID531248	donor_combined_disjoint_clean_reads	k__Bacteria|p__Firmicutes|c__Clostridia|o__Eubacteriales|f__Eubacteriaceae|g__Eubacterium|s__Eubacterium_ventriosum	species	2|1239|186801|186802|186806|1730|39496	0.118372	0.00118372	assessed	provisional
SID531248	SID531248	donor_combined_disjoint_clean_reads	k__Bacteria|p__Firmicutes|c__Clostridia|o__Lachnospirales|f__Lachnospiraceae|g__Anthropogastromicrobium|s__Anthropogastromicrobium_aceti	species	2|1239|186801|3085636|186803|2981630|2981768	0.116234	0.00116234	assessed	provisional
SID531248	SID531248	donor_combined_disjoint_clean_reads	k__Bacteria|p__Actinomycetota|c__CFGB12107|o__OFGB12107|f__FGB12107|g__GGB34797|s__GGB34797_SGB14322	species	2|201174|||||	0.111776	0.00111776	assessed	provisional
SID531248	SID531248	donor_combined_disjoint_clean_reads	k__Bacteria|p__Firmicutes|c__Clostridia|o__Lachnospirales|f__Lachnospiraceae|g__Blautia|s__Blautia_sp_MCC283	species	2|1239|186801|3085636|186803|572511|2592640	0.111666	0.00111666	assessed	provisional
SID531248	SID531248	donor_combined_disjoint_clean_reads	k__Bacteria|p__Firmicutes|c__Bacilli|o__Lactobacillales|f__Streptococcaceae|g__Streptococcus|s__Streptococcus_parasanguinis	species	2|1239|91061|186826|1300|1301|1318	0.11004	0.0011004	assessed	provisional
SID531248	SID531248	donor_combined_disjoint_clean_reads	k__Bacteria|p__Firmicutes|c__Clostridia|o__Lachnospirales|f__Lachnospiraceae|g__Blautia|s__Blautia_obeum	species	2|1239|186801|3085636|186803|572511|40520	0.109668	0.00109668	assessed	provisional
SID531248	SID531248	donor_combined_disjoint_clean_reads	k__Bacteria|p__Bacteroidota|c__Bacteroidia|o__Bacteroidales|f__Tannerellaceae|g__Parabacteroides|s__Parabacteroides_merdae	species	2|976|200643|171549|2005525|375288|46503	0.109547	0.00109547	assessed	provisional
SID531248	SID531248	donor_combined_disjoint_clean_reads	k__Bacteria|p__Firmicutes|c__Clostridia|o__Lachnospirales|f__Lachnospiraceae|g__Oliverpabstia|s__Oliverpabstia_intestinalis	species	2|1239|186801|3085636|186803|2815777|2606633	0.108152	0.0010815199999999999	assessed	provisional
SID531248	SID531248	donor_combined_disjoint_clean_reads	k__Bacteria|p__Firmicutes|c__Clostridia|o__Eubacteriales|f__Oscillospiraceae|g__Vescimonas|s__Vescimonas_coprocola	species	2|1239|186801|186802|216572|2892396|2714355	0.107885	0.00107885	assessed	provisional
SID531248	SID531248	donor_combined_disjoint_clean_reads	k__Bacteria|p__Firmicutes|c__CFGB31455|o__OFGB31455|f__FGB31455|g__GGB4700|s__GGB4700_SGB6506	species	2|1239|||||	0.10682	0.0010682	assessed	provisional
SID531248	SID531248	donor_combined_disjoint_clean_reads	k__Bacteria|p__Firmicutes|c__CFGB1765|o__OFGB1765|f__FGB1765|g__GGB4566|s__GGB4566_SGB6305	species	2|1239|||||	0.105151	0.0010515099999999999	assessed	provisional
SID531248	SID531248	donor_combined_disjoint_clean_reads	k__Bacteria|p__Firmicutes|c__Clostridia|o__Eubacteriales|f__Oscillospiraceae|g__GGB3345|s__GGB3345_SGB4425	species	2|1239|186801|186802|216572||	0.102705	0.00102705	assessed	provisional
SID531248	SID531248	donor_combined_disjoint_clean_reads	k__Bacteria|p__Firmicutes|c__Clostridia|o__Eubacteriales|f__Oscillospiraceae|g__GGB9707|s__GGB9707_SGB15229	species	2|1239|186801|186802|216572||	0.102025	0.00102025	assessed	provisional
SID531248	SID531248	donor_combined_disjoint_clean_reads	k__Bacteria|p__Firmicutes|c__CFGB1473|o__OFGB1473|f__FGB1473|g__GGB3730|s__GGB3730_SGB5060	species	2|1239|||||	0.101227	0.00101227	assessed	provisional
SID531248	SID531248	donor_combined_disjoint_clean_reads	k__Bacteria|p__Firmicutes|c__CFGB3054|o__OFGB3054|f__FGB3054|g__GGB9715|s__GGB9715_SGB15265	species	2|1239|||||	0.101183	0.00101183	assessed	provisional
SID531248	SID531248	donor_combined_disjoint_clean_reads	k__Bacteria|p__Firmicutes|c__CFGB3054|o__OFGB3054|f__FGB3054|g__GGB9715|s__GGB9715_SGB15260	species	2|1239|||||	0.097615	0.00097615	assessed	provisional
SID531248	SID531248	donor_combined_disjoint_clean_reads	k__Bacteria|p__Firmicutes|c__Clostridia|o__Eubacteriales|f__Oscillospiraceae|g__GGB9730|s__GGB9730_SGB15291	species	2|1239|186801|186802|216572||	0.097336	0.00097336	assessed	provisional
SID531248	SID531248	donor_combined_disjoint_clean_reads	k__Bacteria|p__Firmicutes|c__Clostridia|o__Lachnospirales|f__Lachnospiraceae|g__Fusicatenibacter|s__Fusicatenibacter_saccharivorans	species	2|1239|186801|3085636|186803|1407607|1150298	0.093364	0.00093364	assessed	provisional
SID531248	SID531248	donor_combined_disjoint_clean_reads	k__Bacteria|p__Actinomycetota|c__Coriobacteriia|o__Coriobacteriales|f__Coriobacteriaceae|g__GGB82668|s__GGB82668_SGB14372	species	2|201174|84998|84999|84107||	0.092962	0.00092962	assessed	provisional
SID531248	SID531248	donor_combined_disjoint_clean_reads	k__Bacteria|p__Firmicutes|c__Clostridia|o__Lachnospirales|f__Lachnospiraceae|g__Dorea|s__Dorea_formicigenerans	species	2|1239|186801|3085636|186803|189330|39486	0.092934	0.0009293400000000001	assessed	provisional
SID531248	SID531248	donor_combined_disjoint_clean_reads	k__Bacteria|p__Firmicutes|c__CFGB84486|o__OFGB84486|f__FGB84486|g__GGB3653|s__GGB3653_SGB4964	species	2|1239|||||	0.091765	0.00091765	assessed	provisional
SID531248	SID531248	donor_combined_disjoint_clean_reads	k__Archaea|p__Methanobacteriota|c__Methanobacteria|o__Methanobacteriales|f__Methanobacteriaceae|g__Methanobrevibacter|s__Methanobrevibacter_smithii	species	2157|28890|183925|2158|2159|2172|2173	0.086963	0.00086963	assessed	provisional
SID531248	SID531248	donor_combined_disjoint_clean_reads	k__Bacteria|p__Bacteroidota|c__Bacteroidia|o__Bacteroidales|f__Bacteroidaceae|g__Phocaeicola|s__Phocaeicola_dorei	species	2|976|200643|171549|815|909656|357276	0.085359	0.00085359	assessed	provisional
SID531248	SID531248	donor_combined_disjoint_clean_reads	k__Bacteria|p__Bacteroidota|c__Bacteroidia|o__Bacteroidales|f__Prevotellaceae|g__Paraprevotella|s__Paraprevotella_clara	species	2|976|200643|171549|171552|577309|454154	0.084501	0.0008450100000000001	assessed	provisional
SID531248	SID531248	donor_combined_disjoint_clean_reads	k__Bacteria|p__Bacteroidota|c__Bacteroidia|o__Bacteroidales|f__Bacteroidaceae|g__Bacteroides|s__Bacteroides_thetaiotaomicron	species	2|976|200643|171549|815|816|818	0.08415	0.0008415	assessed	provisional
SID531248	SID531248	donor_combined_disjoint_clean_reads	k__Bacteria|p__Firmicutes|c__Clostridia|o__Peptostreptococcales|f__Peptostreptococcaceae|g__Peptostreptococcus|s__Peptostreptococcus_SGB749	species	2|1239|186801|3082720|186804|1257|	0.083269	0.00083269	assessed	provisional
SID531248	SID531248	donor_combined_disjoint_clean_reads	k__Bacteria|p__Bacteroidota|c__Bacteroidia|o__Bacteroidales|f__Prevotellaceae|g__Prevotella|s__Prevotella_intermedia	species	2|976|200643|171549|171552|838|28131	0.082502	0.0008250200000000001	assessed	provisional
SID531248	SID531248	donor_combined_disjoint_clean_reads	k__Bacteria|p__Firmicutes|c__Clostridia|o__Lachnospirales|f__Lachnospiraceae|g__Blautia|s__Blautia_glucerasea	species	2|1239|186801|3085636|186803|572511|536633	0.082417	0.00082417	assessed	provisional
SID531248	SID531248	donor_combined_disjoint_clean_reads	k__Bacteria|p__Firmicutes|c__CFGB1776|o__OFGB1776|f__FGB1776|g__GGB4683|s__GGB4683_SGB6473	species	2|1239|||||	0.082279	0.00082279	assessed	provisional
SID531248	SID531248	donor_combined_disjoint_clean_reads	k__Bacteria|p__Firmicutes|c__Clostridia|o__Lachnospirales|f__Anaerotignaceae|g__Anaerotignum|s__Anaerotignum_faecicola	species	2|1239|186801|3085636|3118652|2039240|2358141	0.08017	0.0008017	assessed	provisional
SID531248	SID531248	donor_combined_disjoint_clean_reads	k__Bacteria|p__Firmicutes|c__Clostridia|o__Eubacteriales|f__Oscillospiraceae|g__Vescimonas|s__Vescimonas_fastidiosa	species	2|1239|186801|186802|216572|2892396|2714353	0.079947	0.00079947	assessed	provisional
SID531248	SID531248	donor_combined_disjoint_clean_reads	k__Bacteria|p__Firmicutes|c__Clostridia|o__Lachnospirales|f__Lachnospiraceae|g__Lachnospiraceae_unclassified|s__Lachnospiraceae_bacterium_AM53_6	species	2|1239|186801|3085636|186803||2998021	0.07952	0.0007951999999999999	assessed	provisional
SID531248	SID531248	donor_combined_disjoint_clean_reads	k__Bacteria|p__Firmicutes|c__Clostridia|o__Eubacteriales|f__Oscillospiraceae|g__GGB9642|s__GGB9642_SGB15119	species	2|1239|186801|186802|216572||	0.07946	0.0007946	assessed	provisional
SID531248	SID531248	donor_combined_disjoint_clean_reads	k__Bacteria|p__Firmicutes|c__CFGB3023|o__OFGB3023|f__FGB3023|g__GGB9502|s__GGB9502_SGB14899	species	2|1239|||||	0.078419	0.00078419	assessed	provisional
SID531248	SID531248	donor_combined_disjoint_clean_reads	k__Bacteria|p__Firmicutes|c__Negativicutes|o__Acidaminococcales|f__Acidaminococcaceae|g__Phascolarctobacterium|s__Phascolarctobacterium_faecium	species	2|1239|909932|1843488|909930|33024|33025	0.076241	0.00076241	assessed	provisional
SID531248	SID531248	donor_combined_disjoint_clean_reads	k__Bacteria|p__Bacteroidota|c__Bacteroidia|o__Bacteroidales|f__Odoribacteraceae|g__Odoribacter|s__Odoribacter_splanchnicus	species	2|976|200643|171549|1853231|283168|28118	0.075555	0.00075555	assessed	provisional
SID531248	SID531248	donor_combined_disjoint_clean_reads	k__Bacteria|p__Firmicutes|c__Clostridia|o__Eubacteriales|f__Eubacteriales_unclassified|g__Gemmiger|s__Gemmiger_SGB15295	species	2|1239|186801|186802||204475|	0.07553	0.0007553	assessed	provisional
SID531248	SID531248	donor_combined_disjoint_clean_reads	k__Bacteria|p__Firmicutes|c__Clostridia|o__Eubacteriales|f__Oscillospiraceae|g__GGB9640|s__GGB9640_SGB15115	species	2|1239|186801|186802|216572||	0.074507	0.00074507	assessed	provisional
SID531248	SID531248	donor_combined_disjoint_clean_reads	k__Bacteria|p__Firmicutes|c__Clostridia|o__Lachnospirales|f__Lachnospiraceae|g__Roseburia|s__Roseburia_intestinalis	species	2|1239|186801|3085636|186803|841|166486	0.072471	0.0007247099999999999	assessed	provisional
SID531248	SID531248	donor_combined_disjoint_clean_reads	k__Bacteria|p__Bacteroidota|c__Bacteroidia|o__Bacteroidales|f__Bacteroidaceae|g__Bacteroides|s__Bacteroides_ovatus	species	2|976|200643|171549|815|816|28116	0.071821	0.0007182099999999999	assessed	provisional
SID531248	SID531248	donor_combined_disjoint_clean_reads	k__Bacteria|p__Firmicutes|c__Negativicutes|o__Veillonellales|f__Veillonellaceae|g__Veillonella|s__Veillonella_parvula	species	2|1239|909932|1843489|31977|29465|29466	0.071753	0.00071753	assessed	provisional
SID531248	SID531248	donor_combined_disjoint_clean_reads	k__Bacteria|p__Firmicutes|c__Clostridia|o__Eubacteriales|f__Oscillospiraceae|g__Oscillospiraceae_unclassified|s__Ruminococcaceae_bacterium_AM53_2BH	species	2|1239|186801|186802|216572||2998069	0.070574	0.00070574	assessed	provisional
SID531248	SID531248	donor_combined_disjoint_clean_reads	k__Bacteria|p__Bacteroidota|c__Bacteroidia|o__Bacteroidales|f__Rikenellaceae|g__Alistipes|s__Alistipes_communis	species	2|976|200643|171549|171550|239759|2585118	0.07015	0.0007015000000000001	assessed	provisional
SID531248	SID531248	donor_combined_disjoint_clean_reads	k__Bacteria|p__Firmicutes|c__CFGB2930|o__OFGB2930|f__FGB2930|g__GGB9254|s__GGB9254_SGB14200	species	2|1239|||||	0.070042	0.0007004199999999999	assessed	provisional
SID531248	SID531248	donor_combined_disjoint_clean_reads	k__Bacteria|p__Bacteroidota|c__Bacteroidia|o__Bacteroidales|f__Bacteroidaceae|g__Bacteroides|s__Bacteroides_caccae	species	2|976|200643|171549|815|816|47678	0.068521	0.00068521	assessed	provisional
SID531248	SID531248	donor_combined_disjoint_clean_reads	k__Bacteria|p__Firmicutes|c__Clostridia|o__Eubacteriales|f__Eubacteriaceae|g__Eubacterium|s__Eubacterium_SGB4961	species	2|1239|186801|186802|186806|1730|	0.067084	0.00067084	assessed	provisional
SID531248	SID531248	donor_combined_disjoint_clean_reads	k__Bacteria|p__Pseudomonadota|c__Betaproteobacteria|o__Burkholderiales|f__Sutterellaceae|g__Sutterella|s__Sutterella_seckii	species	2|1224|28216|80840|995019|40544|1944635	0.066892	0.0006689199999999999	assessed	provisional
SID531248	SID531248	donor_combined_disjoint_clean_reads	k__Bacteria|p__Bacteroidota|c__Bacteroidia|o__Bacteroidales|f__Barnesiellaceae|g__Barnesiella|s__Barnesiella_intestinihominis	species	2|976|200643|171549|2005519|397864|487174	0.063215	0.0006321499999999999	assessed	provisional
SID531248	SID531248	donor_combined_disjoint_clean_reads	k__Bacteria|p__Firmicutes|c__Bacillota_unclassified|o__Bacillota_unclassified|f__Bacillota_unclassified|g__GGB9512|s__GGB9512_SGB14909	species	2|1239|||||	0.061942	0.00061942	assessed	provisional
SID531248	SID531248	donor_combined_disjoint_clean_reads	k__Bacteria|p__Firmicutes|c__CFGB10318|o__OFGB10318|f__FGB10318|g__GGB4664|s__GGB4664_SGB6452	species	2|1239|||||	0.061119	0.00061119	assessed	provisional
SID531248	SID531248	donor_combined_disjoint_clean_reads	k__Bacteria|p__Firmicutes|c__CFGB1298|o__OFGB1298|f__FGB1298|g__GGB3118|s__GGB3118_SGB4130	species	2|1239|||||	0.060872	0.00060872	assessed	provisional
SID531248	SID531248	donor_combined_disjoint_clean_reads	k__Bacteria|p__Firmicutes|c__Erysipelotrichia|o__Erysipelotrichales|f__Coprobacillaceae|g__Faecalibacillus|s__Faecalibacillus_intestinalis	species	2|1239|526524|526525|2810280|2678885|1982626	0.060035	0.0006003499999999999	assessed	provisional
SID531248	SID531248	donor_combined_disjoint_clean_reads	k__Bacteria|p__Firmicutes|c__Clostridia|o__Eubacteriales|f__Clostridiaceae|g__Clostridium|s__Clostridium_SGB4714	species	2|1239|186801|186802|31979|1485|	0.059249	0.00059249	assessed	provisional
SID531248	SID531248	donor_combined_disjoint_clean_reads	k__Bacteria|p__Firmicutes|c__CFGB1218|o__OFGB1218|f__FGB1218|g__GGB2983|s__GGB2983_SGB3965	species	2|1239|||||	0.058381	0.00058381	assessed	provisional
SID531248	SID531248	donor_combined_disjoint_clean_reads	k__Bacteria|p__Pseudomonadota|c__Gammaproteobacteria|o__Pasteurellales|f__Pasteurellaceae|g__Haemophilus|s__Haemophilus_parainfluenzae	species	2|1224|1236|135625|712|724|729	0.055396	0.00055396	assessed	provisional
SID531248	SID531248	donor_combined_disjoint_clean_reads	k__Bacteria|p__Firmicutes|c__Clostridia|o__Eubacteriales|f__Eubacteriales_unclassified|g__Flintibacter|s__Flintibacter_SGB15145	species	2|1239|186801|186802||1918454|	0.053484	0.00053484	assessed	provisional
SID531248	SID531248	donor_combined_disjoint_clean_reads	k__Bacteria|p__Bacteroidota|c__Bacteroidia|o__Bacteroidales|f__Rikenellaceae|g__Alistipes|s__Alistipes_hominis	species	2|976|200643|171549|171550|239759|2763015	0.05299	0.0005299	assessed	provisional
SID531248	SID531248	donor_combined_disjoint_clean_reads	k__Bacteria|p__Firmicutes|c__CFGB3054|o__OFGB3054|f__FGB3054|g__GGB9715|s__GGB9715_SGB15267	species	2|1239|||||	0.052754	0.0005275400000000001	assessed	provisional
SID531248	SID531248	donor_combined_disjoint_clean_reads	k__Bacteria|p__Firmicutes|c__Clostridia|o__Lachnospirales|f__Lachnospiraceae|g__GGB3619|s__GGB3619_SGB4894	species	2|1239|186801|3085636|186803||	0.052278	0.00052278	assessed	provisional
SID531248	SID531248	donor_combined_disjoint_clean_reads	k__Bacteria|p__Firmicutes|c__Clostridia|o__Eubacteriales|f__Clostridiaceae|g__Clostridium|s__Clostridium_SGB4750	species	2|1239|186801|186802|31979|1485|	0.05219	0.0005219000000000001	assessed	provisional
SID531248	SID531248	donor_combined_disjoint_clean_reads	k__Bacteria|p__Firmicutes|c__Erysipelotrichia|o__Erysipelotrichales|f__Coprobacillaceae|g__Faecalibacillus|s__Faecalibacillus_faecis	species	2|1239|526524|526525|2810280|2678885|1982628	0.052081	0.00052081	assessed	provisional
SID531248	SID531248	donor_combined_disjoint_clean_reads	k__Bacteria|p__Firmicutes|c__Clostridia|o__Lachnospirales|f__Lachnospiraceae|g__Blautia|s__Blautia_massiliensis_ex_Durand_et_al_2017	species	2|1239|186801|3085636|186803|572511|1737424	0.051913	0.00051913	assessed	provisional
SID531248	SID531248	donor_combined_disjoint_clean_reads	k__Bacteria|p__Firmicutes|c__Clostridia|o__Eubacteriales|f__Clostridiaceae|g__Clostridiaceae_unclassified|s__Clostridiaceae_bacterium	species	2|1239|186801|186802|31979||1898204	0.050879	0.00050879	assessed	provisional
SID531248	SID531248	donor_combined_disjoint_clean_reads	k__Bacteria|p__Firmicutes|c__Clostridia|o__Lachnospirales|f__Lachnospiraceae|g__Lachnospira|s__Lachnospira_hominis_ex_Liu_et_al_2021	species	2|1239|186801|3085636|186803|28050|2763051	0.050537	0.00050537	assessed	provisional
SID531248	SID531248	donor_combined_disjoint_clean_reads	k__Bacteria|p__Firmicutes|c__Negativicutes|o__Veillonellales|f__Veillonellaceae|g__Veillonella|s__Veillonella_rogosae	species	2|1239|909932|1843489|31977|29465|423477	0.050358	0.00050358	assessed	provisional
SID531248	SID531248	donor_combined_disjoint_clean_reads	k__Bacteria|p__Actinomycetota|c__Actinomycetes|o__Bifidobacteriales|f__Bifidobacteriaceae|g__Bifidobacterium|s__Bifidobacterium_longum	species	2|201174|1760|85004|31953|1678|216816	0.04967	0.0004967	assessed	provisional
SID531248	SID531248	donor_combined_disjoint_clean_reads	k__Bacteria|p__Firmicutes|c__Clostridia|o__Eubacteriales|f__Clostridiaceae|g__Clostridium|s__Clostridium_sp_AM22_11AC	species	2|1239|186801|186802|31979|1485|2293024	0.048318	0.00048318	assessed	provisional
SID531248	SID531248	donor_combined_disjoint_clean_reads	k__Bacteria|p__Firmicutes|c__CFGB88649|o__OFGB88649|f__FGB88649|g__GGB3491|s__GGB3491_SGB4665	species	2|1239|||||	0.04828	0.0004828	assessed	provisional
SID531248	SID531248	donor_combined_disjoint_clean_reads	k__Bacteria|p__Firmicutes|c__Bacillota_unclassified|o__Bacillota_unclassified|f__Bacillota_unclassified|g__GGB2998|s__GGB2998_SGB3988	species	2|1239|||||	0.048097	0.00048097	assessed	provisional
SID531248	SID531248	donor_combined_disjoint_clean_reads	k__Bacteria|p__Firmicutes|c__Clostridia|o__Eubacteriales|f__Oscillospiraceae|g__Neopoerus|s__Neopoerus_faecalis	species	2|1239|186801|186802|216572|3056359|3032125	0.048022	0.00048022	assessed	provisional
SID531248	SID531248	donor_combined_disjoint_clean_reads	k__Bacteria|p__Firmicutes|c__Clostridia|o__Lachnospirales|f__Lachnospiraceae|g__Blautia|s__Blautia_faecis	species	2|1239|186801|3085636|186803|572511|871665	0.047219	0.00047219	assessed	provisional
SID531248	SID531248	donor_combined_disjoint_clean_reads	k__Bacteria|p__Firmicutes|c__Clostridia|o__Lachnospirales|f__Lachnospiraceae|g__Roseburia|s__Roseburia_inulinivorans	species	2|1239|186801|3085636|186803|841|360807	0.047037	0.00047037	assessed	provisional
SID531248	SID531248	donor_combined_disjoint_clean_reads	k__Bacteria|p__Firmicutes|c__CFGB1260|o__OFGB1260|f__FGB1260|g__GGB3056|s__GGB3056_SGB96685	species	2|1239|||||	0.046654	0.00046654	assessed	provisional
SID531248	SID531248	donor_combined_disjoint_clean_reads	k__Bacteria|p__Firmicutes|c__Clostridia|o__Lachnospirales|f__Lachnospiraceae|g__Dorea|s__Dorea_hominis	species	2|1239|186801|3085636|186803|189330|2763040	0.04511	0.00045109999999999996	assessed	provisional
SID531248	SID531248	donor_combined_disjoint_clean_reads	k__Bacteria|p__Actinomycetota|c__Coriobacteriia|o__Eggerthellales|f__Eggerthellaceae|g__Adlercreutzia|s__Adlercreutzia_equolifaciens	species	2|201174|84998|1643822|1643826|447020|446660	0.044596	0.00044595999999999997	assessed	provisional
SID531248	SID531248	donor_combined_disjoint_clean_reads	k__Bacteria|p__Actinomycetota|c__Coriobacteriia|o__Eggerthellales|f__Eggerthellaceae|g__Ellagibacter|s__Ellagibacter_isourolithinifaciens	species	2|201174|84998|1643822|1643826|2137577|2137581	0.044343	0.00044343000000000003	assessed	provisional
SID531248	SID531248	donor_combined_disjoint_clean_reads	k__Bacteria|p__Firmicutes|c__CFGB3048|o__OFGB3048|f__FGB3048|g__GGB9559|s__GGB9559_SGB14969	species	2|1239|||||	0.044143	0.00044143000000000003	assessed	provisional
SID531248	SID531248	donor_combined_disjoint_clean_reads	k__Bacteria|p__Bacteroidota|c__Bacteroidia|o__Bacteroidales|f__Muribaculaceae|g__Muribaculum|s__Muribaculum_gordoncarteri	species	2|976|200643|171549|2005473|1918540|2530390	0.041969	0.00041969	assessed	provisional
SID531248	SID531248	donor_combined_disjoint_clean_reads	k__Bacteria|p__Firmicutes|c__Clostridia|o__Peptostreptococcales|f__Peptostreptococcaceae|g__GGB4456|s__GGB4456_SGB6141	species	2|1239|186801|3082720|186804||	0.041904	0.00041903999999999997	assessed	provisional
SID531248	SID531248	donor_combined_disjoint_clean_reads	k__Bacteria|p__Firmicutes|c__CFGB1765|o__OFGB1765|f__FGB1765|g__GGB4604|s__GGB4604_SGB6369	species	2|1239|||||	0.040927	0.00040927	assessed	provisional
SID531248	SID531248	donor_combined_disjoint_clean_reads	k__Bacteria|p__Firmicutes|c__Clostridia|o__Eubacteriales|f__Oscillospiraceae|g__GGB9737|s__GGB9737_SGB15309	species	2|1239|186801|186802|216572||	0.039817	0.00039817	assessed	provisional
SID531248	SID531248	donor_combined_disjoint_clean_reads	k__Bacteria|p__Firmicutes|c__Tissierellia|o__Tissierellales|f__Peptoniphilaceae|g__Parvimonas|s__Parvimonas_micra	species	2|1239|1737404|1737405|1570339|543311|33033	0.038082	0.00038082	assessed	provisional
SID531248	SID531248	donor_combined_disjoint_clean_reads	k__Bacteria|p__Bacteroidota|c__CFGB1670|o__OFGB1670|f__FGB1670|g__GGB47687|s__GGB47687_SGB2286	species	2|976|||||	0.037268	0.00037268	assessed	provisional
SID531248	SID531248	donor_combined_disjoint_clean_reads	k__Bacteria|p__Firmicutes|c__CFGB88349|o__OFGB88349|f__FGB88349|g__GGB2970|s__GGB2970_SGB3952	species	2|1239|||||	0.03674	0.00036740000000000004	assessed	provisional
SID531248	SID531248	donor_combined_disjoint_clean_reads	k__Bacteria|p__Bacteroidota|c__Bacteroidia|o__Bacteroidales|f__Barnesiellaceae|g__GGB1420|s__GGB1420_SGB1957	species	2|976|200643|171549|2005519||	0.036324	0.00036324	assessed	provisional
SID531248	SID531248	donor_combined_disjoint_clean_reads	k__Bacteria|p__Firmicutes|c__Clostridia|o__Lachnospirales|f__Lachnospiraceae|g__Blautia|s__Blautia_intestinalis	species	2|1239|186801|3085636|186803|572511|2763028	0.034726	0.00034726	assessed	provisional
SID531248	SID531248	donor_combined_disjoint_clean_reads	k__Bacteria|p__Firmicutes|c__Clostridia|o__Eubacteriales|f__Acutalibacteraceae|g__Pseudoruminococcus|s__Pseudoruminococcus_massiliensis	species	2|1239|186801|186802|3082771|2721119|2086583	0.034481	0.00034481	assessed	provisional
SID531248	SID531248	donor_combined_disjoint_clean_reads	k__Bacteria|p__Firmicutes|c__Clostridia|o__Eubacteriales|f__Clostridiaceae|g__Clostridium|s__Clostridium_sp_AF27_2AA	species	2|1239|186801|186802|31979|1485|2292206	0.033995	0.00033995	assessed	provisional
SID531248	SID531248	donor_combined_disjoint_clean_reads	k__Bacteria|p__Firmicutes|c__Clostridia|o__Lachnospirales|f__Lachnospiraceae|g__Hominiventricola|s__Hominiventricola_filiformis	species	2|1239|186801|3085636|186803|3073584|2885352	0.033205	0.00033204999999999997	assessed	provisional
SID531248	SID531248	donor_combined_disjoint_clean_reads	k__Bacteria|p__Firmicutes|c__Clostridia|o__Eubacteriales|f__Eubacteriaceae|g__Eubacterium|s__Eubacterium_segne	species	2|1239|186801|186802|186806|1730|2763045	0.032773	0.00032773	assessed	provisional
SID531248	SID531248	donor_combined_disjoint_clean_reads	k__Bacteria|p__Firmicutes|c__Clostridia|o__Eubacteriales|f__Oscillospiraceae|g__GGB143497|s__GGB143497_SGB15224	species	2|1239|186801|186802|216572||	0.032183	0.00032183000000000005	assessed	provisional
SID531248	SID531248	donor_combined_disjoint_clean_reads	k__Bacteria|p__Firmicutes|c__CFGB1765|o__OFGB1765|f__FGB1765|g__GGB4541|s__GGB4541_SGB6262	species	2|1239|||||	0.031775	0.00031775	assessed	provisional
SID531248	SID531248	donor_combined_disjoint_clean_reads	k__Bacteria|p__Firmicutes|c__Erysipelotrichia|o__Erysipelotrichales|f__Erysipelotrichaceae|g__GGB3033|s__GGB3033_SGB4029	species	2|1239|526524|526525|128827||	0.030936	0.00030936	assessed	provisional
SID531248	SID531248	donor_combined_disjoint_clean_reads	k__Bacteria|p__Firmicutes|c__Clostridia|o__Eubacteriales|f__Eubacteriales_unclassified|g__GGB9563|s__GGB9563_SGB14975	species	2|1239|186801|186802|||	0.030574	0.00030574	assessed	provisional
SID531248	SID531248	donor_combined_disjoint_clean_reads	k__Bacteria|p__Firmicutes|c__Clostridia|o__Peptostreptococcales|f__Peptostreptococcaceae|g__Intestinibacter|s__Intestinibacter_bartlettii	species	2|1239|186801|3082720|186804|1505657|261299	0.029877	0.00029877	assessed	provisional
SID531248	SID531248	donor_combined_disjoint_clean_reads	k__Bacteria|p__Bacteroidota|c__Bacteroidia|o__Bacteroidales|f__Rikenellaceae|g__Alistipes|s__Alistipes_onderdonkii	species	2|976|200643|171549|171550|239759|328813	0.029808	0.00029808	assessed	provisional
SID531248	SID531248	donor_combined_disjoint_clean_reads	k__Bacteria|p__Bacteroidota|c__Bacteroidia|o__Bacteroidales|f__Odoribacteraceae|g__Butyricimonas|s__Butyricimonas_virosa	species	2|976|200643|171549|1853231|574697|544645	0.029545	0.00029545	assessed	provisional
SID531248	SID531248	donor_combined_disjoint_clean_reads	k__Bacteria|p__Actinomycetota|c__Coriobacteriia|o__Eggerthellales|f__Eggerthellaceae|g__GGB9365|s__GGB9365_SGB14341	species	2|201174|84998|1643822|1643826||	0.029473	0.00029473	assessed	provisional
SID531248	SID531248	donor_combined_disjoint_clean_reads	k__Bacteria|p__Firmicutes|c__Clostridia|o__Lachnospirales|f__Lachnospiraceae|g__Dorea|s__Dorea_sp_AF36_15AT	species	2|1239|186801|3085636|186803|189330|2292041	0.029336	0.00029336	assessed	provisional
SID531248	SID531248	donor_combined_disjoint_clean_reads	k__Bacteria|p__Firmicutes|c__Bacilli|o__Bacillales|f__Gemellaceae|g__Gemella|s__Gemella_morbillorum	species	2|1239|91061|1385|539738|1378|29391	0.028816	0.00028816000000000003	assessed	provisional
SID531248	SID531248	donor_combined_disjoint_clean_reads	k__Bacteria|p__Firmicutes|c__Negativicutes|o__Veillonellales|f__Veillonellaceae|g__Dialister|s__Dialister_pneumosintes	species	2|1239|909932|1843489|31977|39948|39950	0.028185	0.00028185	assessed	provisional
SID531248	SID531248	donor_combined_disjoint_clean_reads	k__Bacteria|p__Bacteroidota|c__Bacteroidia|o__Bacteroidales|f__Bacteroidaceae|g__Bacteroides|s__Bacteroides_intestinalis	species	2|976|200643|171549|815|816|329854	0.027751	0.00027751	assessed	provisional
SID531248	SID531248	donor_combined_disjoint_clean_reads	k__Bacteria|p__Firmicutes|c__CFGB79315|o__OFGB79315|f__FGB79315|g__GGB9766|s__GGB9766_SGB15383	species	2|1239|||||	0.027451	0.00027451	assessed	provisional
SID531248	SID531248	donor_combined_disjoint_clean_reads	k__Bacteria|p__Bacteroidota|c__Bacteroidia|o__Bacteroidales|f__Rikenellaceae|g__Alistipes|s__Alistipes_dispar	species	2|976|200643|171549|171550|239759|2585119	0.026515	0.00026515	assessed	provisional
SID531248	SID531248	donor_combined_disjoint_clean_reads	k__Bacteria|p__Bacteroidota|c__Bacteroidia|o__Bacteroidales|f__Bacteroidaceae|g__Bacteroides|s__Bacteroides_xylanisolvens	species	2|976|200643|171549|815|816|371601	0.025682	0.00025682	assessed	provisional
SID531248	SID531248	donor_combined_disjoint_clean_reads	k__Bacteria|p__Firmicutes|c__Clostridia|o__Lachnospirales|f__Lachnospiraceae|g__Blautia|s__Blautia_luti	species	2|1239|186801|3085636|186803|572511|89014	0.024514	0.00024514000000000003	assessed	provisional
SID531248	SID531248	donor_combined_disjoint_clean_reads	k__Bacteria|p__Firmicutes|c__CFGB4605|o__OFGB4605|f__FGB4605|g__GGB13404|s__GGB13404_SGB14252	species	2|1239|||||	0.023994	0.00023994	assessed	provisional
SID531248	SID531248	donor_combined_disjoint_clean_reads	k__Bacteria|p__Firmicutes|c__Clostridia|o__Lachnospirales|f__Lachnospiraceae|g__Roseburia|s__Roseburia_yibonii	species	2|1239|186801|3085636|186803|841|2763063	0.023241	0.00023241	assessed	provisional
SID531248	SID531248	donor_combined_disjoint_clean_reads	k__Bacteria|p__Firmicutes|c__Clostridia|o__Eubacteriales|f__Butyricicoccaceae|g__Agathobaculum|s__Agathobaculum_SGB14990	species	2|1239|186801|186802|3085642|2048137|	0.022894	0.00022894000000000001	assessed	provisional
SID531248	SID531248	donor_combined_disjoint_clean_reads	k__Bacteria|p__Fusobacteriota|c__Fusobacteriia|o__Fusobacteriales|f__Fusobacteriaceae|g__Fusobacterium|s__Fusobacterium_nucleatum	species	2|32066|203490|203491|203492|848|851	0.022531	0.00022531	assessed	provisional
SID531248	SID531248	donor_combined_disjoint_clean_reads	k__Bacteria|p__Firmicutes|c__Clostridia|o__Eubacteriales|f__Oscillospiraceae|g__Faecalibacterium|s__Faecalibacterium_butyricigenerans	species	2|1239|186801|186802|216572|216851|1851427	0.022427	0.00022427	assessed	provisional
SID531248	SID531248	donor_combined_disjoint_clean_reads	k__Bacteria|p__Firmicutes|c__Clostridia|o__Christensenellales|f__Christensenellaceae|g__GGB9186|s__GGB9186_SGB14125	species	2|1239|186801|3082768|990719||	0.021882	0.00021882	assessed	provisional
SID531248	SID531248	donor_combined_disjoint_clean_reads	k__Bacteria|p__Firmicutes|c__Bacillota_unclassified|o__Bacillota_unclassified|f__Bacillota_unclassified|g__Bacillota_unclassified|s__Firmicutes_bacterium_AF54_29pH10A	species	2|1239|||||2997921	0.021862	0.00021862	assessed	provisional
SID531248	SID531248	donor_combined_disjoint_clean_reads	k__Eukaryota|p__Eukaryota_unclassified|c__Bigyra|o__Opalinata|f__Blastocystidae|g__Blastocystis|s__Blastocystis_sp_subtype_3	species	2759||2683628|42740|2547934|12967|944168	0.021695	0.00021695	assessed	provisional
SID531248	SID531248	donor_combined_disjoint_clean_reads	k__Bacteria|p__Actinomycetota|c__Coriobacteriia|o__Coriobacteriales|f__Atopobiaceae|g__Parolsenella|s__Parolsenella_catena	species	2|201174|84998|84999|1643824|2082587|2003188	0.02064	0.00020639999999999998	assessed	provisional
SID531248	SID531248	donor_combined_disjoint_clean_reads	k__Bacteria|p__Bacteroidota|c__Bacteroidia|o__Bacteroidales|f__Rikenellaceae|g__Alistipes|s__Alistipes_indistinctus	species	2|976|200643|171549|171550|239759|626932	0.020303	0.00020303	assessed	provisional
SID531248	SID531248	donor_combined_disjoint_clean_reads	k__Bacteria|p__Firmicutes|c__Clostridia|o__Eubacteriales|f__Clostridiaceae|g__Clostridium|s__Clostridium_sp_AM33_3	species	2|1239|186801|186802|31979|1485|2292304	0.020268	0.00020268	assessed	provisional
SID531248	SID531248	donor_combined_disjoint_clean_reads	k__Bacteria|p__Bacteroidota|c__Bacteroidia|o__Bacteroidales|f__Rikenellaceae|g__Alistipes|s__Alistipes_senegalensis	species	2|976|200643|171549|171550|239759|1288121	0.02011	0.00020109999999999998	assessed	provisional
SID531248	SID531248	donor_combined_disjoint_clean_reads	k__Bacteria|p__Firmicutes|c__Clostridia|o__Eubacteriales|f__Beduinellaceae|g__GGB9760|s__GGB9760_SGB15373	species	2|1239|186801|186802|3151707||	0.020017	0.00020017	assessed	provisional
SID531248	SID531248	donor_combined_disjoint_clean_reads	k__Bacteria|p__Firmicutes|c__Clostridia|o__Eubacteriales|f__Beduinellaceae|g__GGB9759|s__GGB9759_SGB15370	species	2|1239|186801|186802|3151707||	0.019928	0.00019928	assessed	provisional
SID531248	SID531248	donor_combined_disjoint_clean_reads	k__Bacteria|p__Firmicutes|c__Bacilli|o__Lactobacillales|f__Streptococcaceae|g__Streptococcus|s__Streptococcus_vestibularis	species	2|1239|91061|186826|1300|1301|1343	0.019926	0.00019925999999999999	assessed	provisional
SID531248	SID531248	donor_combined_disjoint_clean_reads	k__Bacteria|p__Firmicutes|c__Clostridia|o__Eubacteriales|f__Eubacteriaceae|g__Eubacterium|s__Eubacterium_ramulus	species	2|1239|186801|186802|186806|1730|39490	0.019751	0.00019751000000000002	assessed	provisional
SID531248	SID531248	donor_combined_disjoint_clean_reads	k__Bacteria|p__Firmicutes|c__CFGB3054|o__OFGB3054|f__FGB3054|g__GGB9690|s__GGB9690_SGB15196	species	2|1239|||||	0.019672	0.00019671999999999997	assessed	provisional
SID531248	SID531248	donor_combined_disjoint_clean_reads	k__Bacteria|p__Firmicutes|c__Clostridia|o__Eubacteriales|f__Oscillospiraceae|g__GGB9667|s__GGB9667_SGB15164	species	2|1239|186801|186802|216572||	0.019565	0.00019564999999999999	assessed	provisional
SID531248	SID531248	donor_combined_disjoint_clean_reads	k__Bacteria|p__Firmicutes|c__Clostridia|o__Lachnospirales|f__Lachnospiraceae|g__Mediterraneibacter|s__Mediterraneibacter_gnavus	species	2|1239|186801|3085636|186803|2316020|33038	0.019134	0.00019134000000000002	assessed	provisional
SID531248	SID531248	donor_combined_disjoint_clean_reads	k__Bacteria|p__Firmicutes|c__Clostridia|o__Lachnospirales|f__Lachnospiraceae|g__Waltera|s__Waltera_SGB4909	species	2|1239|186801|3085636|186803|2815781|	0.018493	0.00018492999999999998	assessed	provisional
SID531248	SID531248	donor_combined_disjoint_clean_reads	k__Bacteria|p__Firmicutes|c__Clostridia|o__Lachnospirales|f__Lachnospiraceae|g__Blautia|s__Blautia_sp_OF03_15BH	species	2|1239|186801|3085636|186803|572511|2292287	0.018249	0.00018249000000000002	assessed	provisional
SID531248	SID531248	donor_combined_disjoint_clean_reads	k__Bacteria|p__Firmicutes|c__Clostridia|o__Peptostreptococcales|f__Peptostreptococcaceae|g__Romboutsia|s__Romboutsia_timonensis	species	2|1239|186801|3082720|186804|1501226|1776391	0.018066	0.00018066	assessed	provisional
SID531248	SID531248	donor_combined_disjoint_clean_reads	k__Bacteria|p__Firmicutes|c__Clostridia|o__Eubacteriales|f__Oscillospiraceae|g__GGB9619|s__GGB9619_SGB15067	species	2|1239|186801|186802|216572||	0.017725	0.00017725	assessed	provisional
SID531248	SID531248	donor_combined_disjoint_clean_reads	k__Bacteria|p__Firmicutes|c__Clostridia|o__Eubacteriales|f__Oscillospiraceae|g__Hydrogenoanaerobacterium|s__Hydrogenoanaerobacterium_saccharovorans	species	2|1239|186801|186802|216572|596767|474960	0.01739	0.0001739	assessed	provisional
SID531248	SID531248	donor_combined_disjoint_clean_reads	k__Bacteria|p__Firmicutes|c__CFGB3047|o__OFGB3047|f__FGB3047|g__GGB52130|s__GGB52130_SGB72868	species	2|1239|||||	0.016221	0.00016220999999999998	assessed	provisional
SID531248	SID531248	donor_combined_disjoint_clean_reads	k__Bacteria|p__Firmicutes|c__Clostridia|o__Eubacteriales|f__Oscillospiraceae|g__GGB9590|s__GGB9590_SGB15012	species	2|1239|186801|186802|216572||	0.015949	0.00015949	assessed	provisional
SID531248	SID531248	donor_combined_disjoint_clean_reads	k__Bacteria|p__Firmicutes|c__Clostridia|o__Eubacteriales|f__Eubacteriales_Family_XIII_Incertae_Sedis|g__GGB2977|s__GGB2977_SGB3959	species	2|1239|186801|186802|543314||	0.015915	0.00015915	assessed	provisional
SID531248	SID531248	donor_combined_disjoint_clean_reads	k__Bacteria|p__Pseudomonadota|c__Betaproteobacteria|o__Burkholderiales|f__Sutterellaceae|g__Sutterella|s__Sutterella_wadsworthensis	species	2|1224|28216|80840|995019|40544|40545	0.015671	0.00015671	assessed	provisional
SID531248	SID531248	donor_combined_disjoint_clean_reads	k__Bacteria|p__Firmicutes|c__Clostridia|o__Lachnospirales|f__Lachnospiraceae|g__Lachnospiraceae_unclassified|s__Lachnospiraceae_bacterium_OM04_12BH	species	2|1239|186801|3085636|186803||2292272	0.015489	0.00015489	assessed	provisional
SID531248	SID531248	donor_combined_disjoint_clean_reads	k__Bacteria|p__Firmicutes|c__Bacilli|o__Lactobacillales|f__Streptococcaceae|g__Streptococcus|s__Streptococcus_constellatus	species	2|1239|91061|186826|1300|1301|76860	0.015295	0.00015295	assessed	provisional
SID531248	SID531248	donor_combined_disjoint_clean_reads	k__Bacteria|p__Firmicutes|c__CFGB4623|o__OFGB4623|f__FGB4623|g__GGB9525|s__GGB9525_SGB14925	species	2|1239|||||	0.014953	0.00014952999999999999	assessed	provisional
SID531248	SID531248	donor_combined_disjoint_clean_reads	k__Bacteria|p__Actinomycetota|c__Actinomycetes|o__Bifidobacteriales|f__Bifidobacteriaceae|g__Bifidobacterium|s__Bifidobacterium_dentium	species	2|201174|1760|85004|31953|1678|1689	0.014716	0.00014716	assessed	provisional
SID531248	SID531248	donor_combined_disjoint_clean_reads	k__Bacteria|p__Firmicutes|c__Clostridia|o__Eubacteriales|f__Clostridiaceae|g__GGB3478|s__GGB3478_SGB4643	species	2|1239|186801|186802|31979||	0.0147	0.000147	assessed	provisional
SID531248	SID531248	donor_combined_disjoint_clean_reads	k__Bacteria|p__Firmicutes|c__Negativicutes|o__Veillonellales|f__Veillonellaceae|g__GGB4964|s__GGB4964_SGB6927	species	2|1239|909932|1843489|31977||	0.014199	0.00014199	assessed	provisional
SID531248	SID531248	donor_combined_disjoint_clean_reads	k__Bacteria|p__Bacteroidota|c__Bacteroidia|o__Bacteroidales|f__Rikenellaceae|g__Alistipes|s__Alistipes_finegoldii	species	2|976|200643|171549|171550|239759|214856	0.014157	0.00014157	assessed	provisional
SID531248	SID531248	donor_combined_disjoint_clean_reads	k__Bacteria|p__Firmicutes|c__Clostridia|o__Eubacteriales|f__Oscillospiraceae|g__Hominenteromicrobium|s__Hominenteromicrobium_mulieris	species	2|1239|186801|186802|216572|3073575|2885357	0.014114	0.00014114	assessed	provisional
SID531248	SID531248	donor_combined_disjoint_clean_reads	k__Bacteria|p__Firmicutes|c__CFGB3048|o__OFGB3048|f__FGB3048|g__GGB9561|s__GGB9561_SGB14972	species	2|1239|||||	0.013808	0.00013808	assessed	provisional
SID531248	SID531248	donor_combined_disjoint_clean_reads	k__Bacteria|p__Firmicutes|c__Clostridia|o__Eubacteriales|f__Acutalibacteraceae|g__Acutalibacter|s__Acutalibacter_sp_LFL_21	species	2|1239|186801|186802|3082771|1918385|2983399	0.01377	0.00013769999999999999	assessed	provisional
SID531248	SID531248	donor_combined_disjoint_clean_reads	k__Bacteria|p__Firmicutes|c__CFGB3057|o__OFGB3057|f__FGB3057|g__GGB9719|s__GGB9719_SGB15273	species	2|1239|||||	0.013578	0.00013578	assessed	provisional
SID531248	SID531248	donor_combined_disjoint_clean_reads	k__Bacteria|p__Firmicutes|c__Clostridia|o__Lachnospirales|f__Lachnospiraceae|g__Fusicatenibacter|s__Fusicatenibacter_faecihominis	species	2|1239|186801|3085636|186803|1407607|2881276	0.013516	0.00013516	assessed	provisional
SID531248	SID531248	donor_combined_disjoint_clean_reads	k__Bacteria|p__Firmicutes|c__Clostridia|o__Eubacteriales|f__Oscillospiraceae|g__GGB9602|s__GGB9602_SGB15031	species	2|1239|186801|186802|216572||	0.013422	0.00013422	assessed	provisional
SID531248	SID531248	donor_combined_disjoint_clean_reads	k__Bacteria|p__Firmicutes|c__Clostridia|o__Eubacteriales|f__Oscillospiraceae|g__Ruthenibacterium|s__Ruthenibacterium_lactatiformans	species	2|1239|186801|186802|216572|1905344|1550024	0.013165	0.00013165	assessed	provisional
SID531248	SID531248	donor_combined_disjoint_clean_reads	k__Bacteria|p__Firmicutes|c__Clostridia|o__Eubacteriales|f__Oscillospiraceae|g__GGB9589|s__GGB9589_SGB15011	species	2|1239|186801|186802|216572||	0.012419	0.00012419	assessed	provisional
SID531248	SID531248	donor_combined_disjoint_clean_reads	k__Bacteria|p__Pseudomonadota|c__Betaproteobacteria|o__Burkholderiales|f__Oxalobacteraceae|g__Oxalobacter|s__Oxalobacter_aliiformigenes	species	2|1224|28216|80840|75682|846|2946593	0.012379	0.00012379	assessed	provisional
SID531248	SID531248	donor_combined_disjoint_clean_reads	k__Bacteria|p__Firmicutes|c__Clostridia|o__Eubacteriales|f__Oscillospiraceae|g__Oscillospiraceae_unclassified|s__Oscillospiraceae_bacterium_Marseille_Q3528	species	2|1239|186801|186802|216572||2830655	0.012339	0.00012339	assessed	provisional
SID531248	SID531248	donor_combined_disjoint_clean_reads	k__Bacteria|p__Firmicutes|c__Negativicutes|o__Veillonellales|f__Veillonellaceae|g__Allisonella|s__Allisonella_histaminiformans	species	2|1239|909932|1843489|31977|209879|209880	0.012278	0.00012278000000000001	assessed	provisional
SID531248	SID531248	donor_combined_disjoint_clean_reads	k__Bacteria|p__Actinomycetota|c__Coriobacteriia|o__Eggerthellales|f__Eggerthellaceae|g__Slackia|s__Slackia_isoflavoniconvertens	species	2|201174|84998|1643822|1643826|84108|572010	0.012123	0.00012123	assessed	provisional
SID531248	SID531248	donor_combined_disjoint_clean_reads	k__Bacteria|p__Firmicutes|c__CFGB2984|o__OFGB2984|f__FGB2984|g__GGB9347|s__GGB9347_SGB14313	species	2|1239|||||	0.012102	0.00012102	assessed	provisional
SID531248	SID531248	donor_combined_disjoint_clean_reads	k__Bacteria|p__Firmicutes|c__Clostridia|o__Eubacteriales|f__Clostridiaceae|g__Clostridium|s__Clostridium_SGB6173	species	2|1239|186801|186802|31979|1485|	0.01189	0.00011889999999999999	assessed	provisional
SID531248	SID531248	donor_combined_disjoint_clean_reads	k__Bacteria|p__Firmicutes|c__Clostridia|o__Eubacteriales|f__Eubacteriales_unclassified|g__Flintibacter|s__Flintibacter_hominis	species	2|1239|186801|186802||1918454|2763048	0.011855	0.00011855	assessed	provisional
SID531248	SID531248	donor_combined_disjoint_clean_reads	k__Bacteria|p__Bacteroidota|c__Bacteroidia|o__Bacteroidales|f__Odoribacteraceae|g__Butyricimonas|s__Butyricimonas_paravirosa	species	2|976|200643|171549|1853231|574697|1472417	0.011548	0.00011548	assessed	provisional
SID531248	SID531248	donor_combined_disjoint_clean_reads	k__Bacteria|p__Firmicutes|c__Clostridia|o__Eubacteriales|f__Clostridiaceae|g__Clostridiaceae_unclassified|s__Clostridiaceae_unclassified_SGB4769	species	2|1239|186801|186802|31979||	0.011387	0.00011386999999999999	assessed	provisional
SID531248	SID531248	donor_combined_disjoint_clean_reads	k__Bacteria|p__Firmicutes|c__Bacilli|o__Lactobacillales|f__Streptococcaceae|g__Streptococcus|s__Streptococcus_anginosus	species	2|1239|91061|186826|1300|1301|1328	0.010952	0.00010952	assessed	provisional
SID531248	SID531248	donor_combined_disjoint_clean_reads	k__Bacteria|p__Bacteroidota|c__Bacteroidia|o__Bacteroidales|f__Bacteroidaceae|g__Bacteroides|s__Bacteroides_clarus	species	2|976|200643|171549|815|816|626929	0.010817	0.00010817	assessed	provisional
SID531248	SID531248	donor_combined_disjoint_clean_reads	k__Bacteria|p__Firmicutes|c__CFGB58251|o__OFGB58251|f__FGB58251|g__GGB9762|s__GGB9762_SGB15377	species	2|1239|||||	0.010699	0.00010699	assessed	provisional
SID531248	SID531248	donor_combined_disjoint_clean_reads	k__Bacteria|p__Firmicutes|c__Clostridia|o__Eubacteriales|f__Clostridiaceae|g__Clostridium|s__Clostridium_sp_1001270J_160509_D11	species	2|1239|186801|186802|31979|1485|2787103	0.010285	0.00010285	assessed	provisional
SID531248	SID531248	donor_combined_disjoint_clean_reads	k__Bacteria|p__Firmicutes|c__CFGB78785|o__OFGB78785|f__FGB78785|g__GGB99724|s__GGB99724_SGB143445	species	2|1239|||||	0.010278	0.00010278	assessed	provisional
SID531248	SID531248	donor_combined_disjoint_clean_reads	k__Bacteria|p__Firmicutes|c__Clostridia|o__Lachnospirales|f__Lachnospiraceae|g__Hominifimenecus|s__Hominifimenecus_microfluidus	species	2|1239|186801|3085636|186803|3073585|2885348	0.009885	9.884999999999999e-05	assessed	provisional
SID531248	SID531248	donor_combined_disjoint_clean_reads	k__Bacteria|p__Firmicutes|c__CFGB48199|o__OFGB48199|f__FGB48199|g__GGB79307|s__GGB79307_SGB105428	species	2|1239|||||	0.00985	9.85e-05	assessed	provisional
SID531248	SID531248	donor_combined_disjoint_clean_reads	k__Bacteria|p__Firmicutes|c__Clostridia|o__Eubacteriales|f__Oscillospiraceae|g__Congzhengia|s__Congzhengia_minquanensis	species	2|1239|186801|186802|216572|2944150|2763657	0.009493	9.493e-05	assessed	provisional
SID531248	SID531248	donor_combined_disjoint_clean_reads	k__Bacteria|p__Thermodesulfobacteriota|c__Desulfovibrionia|o__Desulfovibrionales|f__Desulfovibrionaceae|g__Bilophila|s__Bilophila_wadsworthia	species	2|200940|3031449|213115|194924|35832|35833	0.009487	9.487e-05	assessed	provisional
SID531248	SID531248	donor_combined_disjoint_clean_reads	k__Bacteria|p__Firmicutes|c__Bacilli|o__Lactobacillales|f__Streptococcaceae|g__Streptococcus|s__Streptococcus_sp_F0442	species	2|1239|91061|186826|1300|1301|999425	0.009173	9.173e-05	assessed	provisional
SID531248	SID531248	donor_combined_disjoint_clean_reads	k__Bacteria|p__Firmicutes|c__Bacilli|o__Lactobacillales|f__Streptococcaceae|g__Streptococcus|s__Streptococcus_mitis	species	2|1239|91061|186826|1300|1301|28037	0.009137	9.136999999999999e-05	assessed	provisional
SID531248	SID531248	donor_combined_disjoint_clean_reads	k__Bacteria|p__Actinomycetota|c__Coriobacteriia|o__Coriobacteriales|f__Atopobiaceae|g__Paratractidigestivibacter|s__Paratractidigestivibacter_faecalis	species	2|201174|84998|84999|1643824|2847314|2292441	0.009131	9.131e-05	assessed	provisional
SID531248	SID531248	donor_combined_disjoint_clean_reads	k__Bacteria|p__Firmicutes|c__Clostridia|o__Lachnospirales|f__Lachnospiraceae|g__GGB3474|s__GGB3474_SGB4637	species	2|1239|186801|3085636|186803||	0.008758	8.758e-05	assessed	provisional
SID531248	SID531248	donor_combined_disjoint_clean_reads	k__Bacteria|p__Firmicutes|c__Clostridia|o__Eubacteriales|f__Clostridiaceae|g__Clostridium|s__Clostridium_sp_AM42_4	species	2|1239|186801|186802|31979|1485|2292305	0.008627	8.627e-05	assessed	provisional
SID531248	SID531248	donor_combined_disjoint_clean_reads	k__Bacteria|p__Bacteroidota|c__Bacteroidia|o__Bacteroidales|f__Barnesiellaceae|g__Coprobacter|s__Coprobacter_fastidiosus	species	2|976|200643|171549|2005519|1348911|1099853	0.008501	8.501e-05	assessed	provisional
SID531248	SID531248	donor_combined_disjoint_clean_reads	k__Bacteria|p__Firmicutes|c__Clostridia|o__Lachnospirales|f__Lachnospiraceae|g__Roseburia|s__Roseburia_zhanii	species	2|1239|186801|3085636|186803|841|2763064	0.008333	8.333e-05	assessed	provisional
SID531248	SID531248	donor_combined_disjoint_clean_reads	k__Bacteria|p__Firmicutes|c__Clostridia|o__Lachnospirales|f__Lachnospiraceae|g__Roseburia|s__Roseburia_amylophila	species	2|1239|186801|3085636|186803|841|2981794	0.008309	8.309e-05	assessed	provisional
SID531248	SID531248	donor_combined_disjoint_clean_reads	k__Bacteria|p__Firmicutes|c__Clostridia|o__Eubacteriales|f__Eubacteriaceae|g__GGB42571|s__GGB42571_SGB59766	species	2|1239|186801|186802|186806||	0.008287	8.287e-05	assessed	provisional
SID531248	SID531248	donor_combined_disjoint_clean_reads	k__Bacteria|p__Firmicutes|c__Clostridia|o__Lachnospirales|f__Lachnospiraceae|g__Mediterraneibacter|s__Mediterraneibacter_butyricigenes	species	2|1239|186801|3085636|186803|2316020|2316025	0.008071	8.071e-05	assessed	provisional
SID531248	SID531248	donor_combined_disjoint_clean_reads	k__Bacteria|p__Firmicutes|c__CFGB52309|o__OFGB52309|f__FGB52309|g__GGB53380|s__GGB53380_SGB74412	species	2|1239|||||	0.008025	8.024999999999999e-05	assessed	provisional
SID531248	SID531248	donor_combined_disjoint_clean_reads	k__Bacteria|p__Firmicutes|c__Clostridia|o__Eubacteriales|f__Oscillospiraceae|g__GGB9618|s__GGB9618_SGB15065	species	2|1239|186801|186802|216572||	0.007763	7.763e-05	assessed	provisional
SID531248	SID531248	donor_combined_disjoint_clean_reads	k__Bacteria|p__Actinomycetota|c__Coriobacteriia|o__Coriobacteriales|f__Coriobacteriaceae|g__GGB51960|s__GGB51960_SGB72480	species	2|201174|84998|84999|84107||	0.007706	7.706e-05	assessed	provisional
SID531248	SID531248	donor_combined_disjoint_clean_reads	k__Bacteria|p__Firmicutes|c__Clostridia|o__Eubacteriales|f__Eubacteriaceae|g__Eubacterium|s__Eubacterium_album	species	2|1239|186801|186802|186806|1730|2978477	0.007692	7.692e-05	assessed	provisional
SID531248	SID531248	donor_combined_disjoint_clean_reads	k__Bacteria|p__Firmicutes|c__Clostridia|o__Eubacteriales|f__Oscillospiraceae|g__GGB9627|s__GGB9627_SGB15081	species	2|1239|186801|186802|216572||	0.007573	7.573e-05	assessed	provisional
SID531248	SID531248	donor_combined_disjoint_clean_reads	k__Bacteria|p__Firmicutes|c__Tissierellia|o__Tissierellales|f__Peptoniphilaceae|g__Anaerococcus|s__Anaerococcus_vaginalis	species	2|1239|1737404|1737405|1570339|165779|33037	0.007559	7.559e-05	assessed	provisional
SID531248	SID531248	donor_combined_disjoint_clean_reads	k__Bacteria|p__Firmicutes|c__Clostridia|o__Eubacteriales|f__Oscillospiraceae|g__Ruminococcus|s__Ruminococcus_callidus	species	2|1239|186801|186802|216572|1263|40519	0.007552	7.552e-05	assessed	provisional
SID531248	SID531248	donor_combined_disjoint_clean_reads	k__Bacteria|p__Firmicutes|c__Bacilli|o__Lactobacillales|f__Streptococcaceae|g__Lactococcus|s__Lactococcus_lactis	species	2|1239|91061|186826|1300|1357|1358	0.007547	7.547e-05	assessed	provisional
SID531248	SID531248	donor_combined_disjoint_clean_reads	k__Bacteria|p__Firmicutes|c__Clostridia|o__Eubacteriales|f__Eubacteriaceae|g__Eubacterium|s__Eubacterium_sp_AF34_35BH	species	2|1239|186801|186802|186806|1730|2293107	0.007197	7.197e-05	assessed	provisional
SID531248	SID531248	donor_combined_disjoint_clean_reads	k__Bacteria|p__Firmicutes|c__Clostridia|o__Eubacteriales|f__Oscillospiraceae|g__GGB34228|s__GGB34228_SGB72916	species	2|1239|186801|186802|216572||	0.007185	7.185e-05	assessed	provisional
SID531248	SID531248	donor_combined_disjoint_clean_reads	k__Bacteria|p__Firmicutes|c__Clostridia|o__Eubacteriales|f__Oscillospiraceae|g__GGB9608|s__GGB9608_SGB15041	species	2|1239|186801|186802|216572||	0.007145	7.145e-05	assessed	provisional
SID531248	SID531248	donor_combined_disjoint_clean_reads	k__Bacteria|p__Firmicutes|c__CFGB9272|o__OFGB9272|f__FGB9272|g__GGB9296|s__GGB9296_SGB14253	species	2|1239|||||	0.00709	7.09e-05	assessed	provisional
SID531248	SID531248	donor_combined_disjoint_clean_reads	k__Bacteria|p__Actinomycetota|c__Coriobacteriia|o__Coriobacteriales|f__Coriobacteriaceae|g__GGB142492|s__GGB142492_SGB209050	species	2|201174|84998|84999|84107||	0.006976	6.976000000000001e-05	assessed	provisional
SID531248	SID531248	donor_combined_disjoint_clean_reads	k__Bacteria|p__Firmicutes|c__Clostridia|o__Eubacteriales|f__Oscillospiraceae|g__Oscillospiraceae_unclassified|s__Oscillospiraceae_bacterium	species	2|1239|186801|186802|216572||2485925	0.006951	6.951e-05	assessed	provisional
SID531248	SID531248	donor_combined_disjoint_clean_reads	k__Bacteria|p__Firmicutes|c__Clostridia|o__Lachnospirales|f__Lachnospiraceae|g__GGB51441|s__GGB51441_SGB71759	species	2|1239|186801|3085636|186803||	0.006922	6.922e-05	assessed	provisional
SID531248	SID531248	donor_combined_disjoint_clean_reads	k__Bacteria|p__Firmicutes|c__CFGB2997|o__OFGB2997|f__FGB2997|g__GGB9445|s__GGB9445_SGB14835	species	2|1239|||||	0.006362	6.361999999999999e-05	assessed	provisional
SID531248	SID531248	donor_combined_disjoint_clean_reads	k__Bacteria|p__Firmicutes|c__Clostridia|o__Lachnospirales|f__Lachnospiraceae|g__Mediterraneibacter|s__Mediterraneibacter_massiliensis	species	2|1239|186801|3085636|186803|2316020|1720300	0.006324	6.324e-05	assessed	provisional
SID531248	SID531248	donor_combined_disjoint_clean_reads	k__Bacteria|p__Firmicutes|c__Clostridia|o__Eubacteriales|f__Clostridiaceae|g__Clostridium|s__Clostridium_lentum	species	2|1239|186801|186802|31979|1485|2763037	0.006176	6.176e-05	assessed	provisional
SID531248	SID531248	donor_combined_disjoint_clean_reads	k__Bacteria|p__Firmicutes|c__Clostridia|o__Eubacteriales|f__Oscillospiraceae|g__Dysosmobacter|s__Dysosmobacter_welbionis	species	2|1239|186801|186802|216572|2591381|2093857	0.006136	6.136e-05	assessed	provisional
SID531248	SID531248	donor_combined_disjoint_clean_reads	k__Bacteria|p__Firmicutes|c__CFGB1201|o__OFGB1201|f__FGB1201|g__GGB2958|s__GGB2958_SGB3940	species	2|1239|||||	0.006095	6.095e-05	assessed	provisional
SID531248	SID531248	donor_combined_disjoint_clean_reads	k__Bacteria|p__Firmicutes|c__Clostridia|o__Lachnospirales|f__Lachnospiraceae|g__Mediterraneibacter|s__Ruminococcus_torques	species	2|1239|186801|3085636|186803|2316020|33039	0.006018	6.0179999999999996e-05	assessed	provisional
SID531248	SID531248	donor_combined_disjoint_clean_reads	k__Bacteria|p__Firmicutes|c__Clostridia|o__Eubacteriales|f__Oscillospiraceae|g__Oscillospiraceae_unclassified|s__Eubacterium_siraeum	species	2|1239|186801|186802|216572||39492	0.005925	5.925e-05	assessed	provisional
SID531248	SID531248	donor_combined_disjoint_clean_reads	k__Bacteria|p__Actinomycetota|c__Coriobacteriia|o__Coriobacteriales|f__Atopobiaceae|g__Olsenella|s__Olsenella_timonensis	species	2|201174|84998|84999|1643824|133925|1805478	0.005818	5.818e-05	assessed	provisional
SID531248	SID531248	donor_combined_disjoint_clean_reads	k__Bacteria|p__Firmicutes|c__Clostridia|o__Eubacteriales|f__Clostridiaceae|g__Clostridium|s__Clostridium_sp_AM29_11AC	species	2|1239|186801|186802|31979|1485|2293028	0.005585	5.5849999999999996e-05	assessed	provisional
SID531248	SID531248	donor_combined_disjoint_clean_reads	k__Bacteria|p__Firmicutes|c__Clostridia|o__Eubacteriales|f__Oscillospiraceae|g__Ruminococcus|s__Ruminococcus_hominis	species	2|1239|186801|186802|216572|1263|2763065	0.005453	5.453e-05	assessed	provisional
SID531248	SID531248	donor_combined_disjoint_clean_reads	k__Bacteria|p__Firmicutes|c__CFGB79291|o__OFGB79291|f__FGB79291|g__GGB9522|s__GGB9522_SGB14921	species	2|1239|||||	0.005447	5.447e-05	assessed	provisional
SID531248	SID531248	donor_combined_disjoint_clean_reads	k__Bacteria|p__Firmicutes|c__Clostridia|o__Lachnospirales|f__Lachnospiraceae|g__GGB3588|s__GGB3588_SGB4808	species	2|1239|186801|3085636|186803||	0.005377	5.3769999999999995e-05	assessed	provisional
SID531248	SID531248	donor_combined_disjoint_clean_reads	k__Bacteria|p__Firmicutes|c__Clostridia|o__Eubacteriales|f__Oscillospiraceae|g__GGB9621|s__GGB9621_SGB15073	species	2|1239|186801|186802|216572||	0.005312	5.312e-05	assessed	provisional
SID531248	SID531248	donor_combined_disjoint_clean_reads	k__Bacteria|p__Firmicutes|c__Clostridia|o__Lachnospirales|f__Anaerotignaceae|g__Anaerotignum|s__Anaerotignum_sp_MSJ_24	species	2|1239|186801|3085636|3118652|2039240|2841521	0.005304	5.3039999999999994e-05	assessed	provisional
SID531248	SID531248	donor_combined_disjoint_clean_reads	k__Bacteria|p__Firmicutes|c__CFGB1011|o__OFGB1011|f__FGB1011|g__GGB2653|s__GGB2653_SGB3574	species	2|1239|||||	0.005301	5.301e-05	assessed	provisional
SID531248	SID531248	donor_combined_disjoint_clean_reads	k__Bacteria|p__Firmicutes|c__Clostridia|o__Eubacteriales|f__Oscillospiraceae|g__Pusillibacter|s__Pusillibacter_faecalis	species	2|1239|186801|186802|216572|2892397|2714358	0.0053	5.3e-05	assessed	provisional
SID531248	SID531248	donor_combined_disjoint_clean_reads	k__Bacteria|p__Firmicutes|c__CFGB1359|o__OFGB1359|f__FGB1359|g__GGB3321|s__GGB3321_SGB4394	species	2|1239|||||	0.005121	5.121e-05	assessed	provisional
SID531248	SID531248	donor_combined_disjoint_clean_reads	k__Bacteria|p__Firmicutes|c__Clostridia|o__Lachnospirales|f__Lachnospiraceae|g__GGB51512|s__GGB51512_SGB71885	species	2|1239|186801|3085636|186803||	0.005061	5.0610000000000005e-05	assessed	provisional
SID531248	SID531248	donor_combined_disjoint_clean_reads	k__Bacteria|p__Firmicutes|c__Clostridia|o__Eubacteriales|f__Eubacteriales_unclassified|g__Eubacteriales_unclassified|s__Clostridiales_bacterium	species	2|1239|186801|186802|||1898207	0.005042	5.0419999999999995e-05	assessed	provisional
SID531248	SID531248	donor_combined_disjoint_clean_reads	k__Bacteria|p__Firmicutes|c__CFGB2840|o__OFGB2840|f__FGB2840|g__GGB9095|s__GGB9095_SGB14026	species	2|1239|||||	0.004966	4.966e-05	assessed	provisional
SID531248	SID531248	donor_combined_disjoint_clean_reads	k__Bacteria|p__Firmicutes|c__Clostridia|o__Eubacteriales|f__Oscillospiraceae|g__GGB9730|s__GGB9730_SGB15290	species	2|1239|186801|186802|216572||	0.00465	4.65e-05	assessed	provisional
SID531248	SID531248	donor_combined_disjoint_clean_reads	k__Bacteria|p__Firmicutes|c__Clostridia|o__Eubacteriales|f__Oscillospiraceae|g__Oscillospiraceae_unclassified|s__Oscillospiraceae_unclassified_SGB15256	species	2|1239|186801|186802|216572||	0.004505	4.5050000000000004e-05	assessed	provisional
SID531248	SID531248	donor_combined_disjoint_clean_reads	k__Bacteria|p__Firmicutes|c__Clostridia|o__Lachnospirales|f__Lachnospiraceae|g__GGB3828|s__GGB3828_SGB5197	species	2|1239|186801|3085636|186803||	0.004467	4.467e-05	assessed	provisional
SID531248	SID531248	donor_combined_disjoint_clean_reads	k__Bacteria|p__Actinomycetota|c__Coriobacteriia|o__Coriobacteriales|f__Coriobacteriaceae|g__Coriobacteriaceae_unclassified|s__Coriobacteriaceae_bacterium	species	2|201174|84998|84999|84107||2011094	0.004446	4.4460000000000005e-05	assessed	provisional
SID531248	SID531248	donor_combined_disjoint_clean_reads	k__Bacteria|p__Firmicutes|c__Clostridia|o__Eubacteriales|f__Oscillospiraceae|g__Lawsonibacter|s__Lawsonibacter_asaccharolyticus	species	2|1239|186801|186802|216572|2172004|2108523	0.00444	4.44e-05	assessed	provisional
SID531248	SID531248	donor_combined_disjoint_clean_reads	k__Bacteria|p__Firmicutes|c__Bacilli|o__Lactobacillales|f__Streptococcaceae|g__Streptococcus|s__Streptococcus_thermophilus	species	2|1239|91061|186826|1300|1301|1308	0.00437	4.37e-05	assessed	provisional
SID531248	SID531248	donor_combined_disjoint_clean_reads	k__Bacteria|p__Firmicutes|c__Clostridia|o__Eubacteriales|f__Oscillospiraceae|g__Ruminococcus|s__Ruminococcus_bovis	species	2|1239|186801|186802|216572|1263|2564099	0.004362	4.3620000000000006e-05	assessed	provisional
SID531248	SID531248	donor_combined_disjoint_clean_reads	k__Bacteria|p__Firmicutes|c__Clostridia|o__Lachnospirales|f__Lachnospiraceae|g__Lachnospiraceae_unclassified|s__Lachnospiraceae_bacterium_OM14_6A	species	2|1239|186801|3085636|186803||2998047	0.004213	4.213e-05	assessed	provisional
SID531248	SID531248	donor_combined_disjoint_clean_reads	k__Bacteria|p__Firmicutes|c__CFGB1374|o__OFGB1374|f__FGB1374|g__GGB3352|s__GGB3352_SGB4436	species	2|1239|||||	0.004211	4.211e-05	assessed	provisional
SID531248	SID531248	donor_combined_disjoint_clean_reads	k__Bacteria|p__Firmicutes|c__Clostridia|o__Eubacteriales|f__Eubacteriales_Family_XIII_Incertae_Sedis|g__Lentihominibacter|s__Lentihominibacter_faecis	species	2|1239|186801|186802|543314|2944200|2764712	0.004185	4.185e-05	assessed	provisional
SID531248	SID531248	donor_combined_disjoint_clean_reads	k__Bacteria|p__Firmicutes|c__Clostridia|o__Eubacteriales|f__Acutalibacteraceae|g__Acutalibacter|s__Acutalibacter_SGB14844	species	2|1239|186801|186802|3082771|1918385|	0.003991	3.9909999999999996e-05	assessed	provisional
SID531248	SID531248	donor_combined_disjoint_clean_reads	k__Bacteria|p__Actinomycetota|c__Coriobacteriia|o__Coriobacteriales|f__Coriobacteriaceae|g__Senegalimassilia|s__Senegalimassilia_anaerobia	species	2|201174|84998|84999|84107|1473205|1473216	0.003916	3.9160000000000005e-05	assessed	provisional
SID531248	SID531248	donor_combined_disjoint_clean_reads	k__Bacteria|p__Firmicutes|c__CFGB2960|o__OFGB2960|f__FGB2960|g__GGB9302|s__GGB9302_SGB14263	species	2|1239|||||	0.003739	3.739e-05	assessed	provisional
SID531248	SID531248	donor_combined_disjoint_clean_reads	k__Bacteria|p__Firmicutes|c__Negativicutes|o__Acidaminococcales|f__Acidaminococcaceae|g__GGB4239|s__GGB4239_SGB5731	species	2|1239|909932|1843488|909930||	0.003706	3.706e-05	assessed	provisional
SID531248	SID531248	donor_combined_disjoint_clean_reads	k__Bacteria|p__Firmicutes|c__Clostridia|o__Eubacteriales|f__Eubacteriales_unclassified|g__Flintibacter|s__Flintibacter_faecis	species	2|1239|186801|186802||1918454|2763047	0.00367	3.67e-05	assessed	provisional
SID531248	SID531248	donor_combined_disjoint_clean_reads	k__Bacteria|p__Firmicutes|c__Erysipelotrichia|o__Erysipelotrichales|f__Erysipelotrichaceae|g__Holdemania|s__Holdemania_filiformis	species	2|1239|526524|526525|128827|61170|61171	0.003481	3.481e-05	assessed	provisional
SID531248	SID531248	donor_combined_disjoint_clean_reads	k__Bacteria|p__Actinomycetota|c__Actinomycetes|o__Actinomycetales|f__Actinomycetaceae|g__Actinomyces|s__Actinomyces_sp_HMSC035G02	species	2|201174|1760|2037|2049|1654|1739406	0.003369	3.369e-05	assessed	provisional
SID531248	SID531248	donor_combined_disjoint_clean_reads	k__Bacteria|p__Firmicutes|c__CFGB45503|o__OFGB45503|f__FGB45503|g__GGB9790|s__GGB9790_SGB15413	species	2|1239|||||	0.003265	3.265e-05	assessed	provisional
SID531248	SID531248	donor_combined_disjoint_clean_reads	k__Bacteria|p__Firmicutes|c__Clostridia|o__Eubacteriales|f__Oscillospiraceae|g__GGB9237|s__GGB9237_SGB14179	species	2|1239|186801|186802|216572||	0.003265	3.265e-05	assessed	provisional
SID531248	SID531248	donor_combined_disjoint_clean_reads	k__Bacteria|p__Firmicutes|c__Clostridia|o__Lachnospirales|f__Lachnospiraceae|g__Oribacterium|s__Oribacterium_sp_oral_taxon_102	species	2|1239|186801|3085636|186803|265975|671214	0.003241	3.2409999999999996e-05	assessed	provisional
SID531248	SID531248	donor_combined_disjoint_clean_reads	k__Bacteria|p__Firmicutes|c__Clostridia|o__Eubacteriales|f__Oscillospiraceae|g__GGB9699|s__GGB9699_SGB15216	species	2|1239|186801|186802|216572||	0.003231	3.231e-05	assessed	provisional
SID531248	SID531248	donor_combined_disjoint_clean_reads	k__Bacteria|p__Firmicutes|c__Clostridia|o__Eubacteriales|f__Oscillospiraceae|g__Merdimmobilis|s__Merdimmobilis_hominis	species	2|1239|186801|186802|216572|3028852|2897707	0.003161	3.1610000000000004e-05	assessed	provisional
SID531248	SID531248	donor_combined_disjoint_clean_reads	k__Bacteria|p__Firmicutes|c__Clostridia|o__Lachnospirales|f__Lachnospiraceae|g__GGB49418|s__GGB49418_SGB69331	species	2|1239|186801|3085636|186803||	0.003126	3.1259999999999995e-05	assessed	provisional
SID531248	SID531248	donor_combined_disjoint_clean_reads	k__Bacteria|p__Firmicutes|c__Bacilli|o__Lactobacillales|f__Streptococcaceae|g__Streptococcus|s__Streptococcus_infantis	species	2|1239|91061|186826|1300|1301|68892	0.003102	3.1020000000000005e-05	assessed	provisional
SID531248	SID531248	donor_combined_disjoint_clean_reads	k__Bacteria|p__Firmicutes|c__Erysipelotrichia|o__Erysipelotrichales|f__Turicibacteraceae|g__Turicibacter|s__Turicibacter_sanguinis	species	2|1239|526524|526525|2810281|191303|154288	0.003077	3.077e-05	assessed	provisional
SID531248	SID531248	donor_combined_disjoint_clean_reads	k__Bacteria|p__Pseudomonadota|c__CFGB2404|o__OFGB2404|f__FGB2404|g__GGB6613|s__GGB6613_SGB9347	species	2|1224|||||	0.002994	2.994e-05	assessed	provisional
SID531248	SID531248	donor_combined_disjoint_clean_reads	k__Bacteria|p__Firmicutes|c__Bacilli|o__Lactobacillales|f__Lactobacillaceae|g__Lactiplantibacillus|s__Lactiplantibacillus_plantarum	species	2|1239|91061|186826|33958|2767842|1590	0.002979	2.9789999999999998e-05	assessed	provisional
SID531248	SID531248	donor_combined_disjoint_clean_reads	k__Bacteria|p__Firmicutes|c__Negativicutes|o__Acidaminococcales|f__Acidaminococcaceae|g__Acidaminococcus|s__Acidaminococcus_massiliensis	species	2|1239|909932|1843488|909930|904|1852375	0.002886	2.886e-05	assessed	provisional
SID531248	SID531248	donor_combined_disjoint_clean_reads	k__Bacteria|p__Firmicutes|c__Clostridia|o__Eubacteriales|f__Clostridiaceae|g__Clostridium|s__Clostridium_SGB6179	species	2|1239|186801|186802|31979|1485|	0.002885	2.885e-05	assessed	provisional
SID531248	SID531248	donor_combined_disjoint_clean_reads	k__Bacteria|p__Firmicutes|c__Clostridia|o__Christensenellales|f__Christensenellaceae|g__GGB20071|s__GGB20071_SGB29339	species	2|1239|186801|3082768|990719||	0.002839	2.839e-05	assessed	provisional
SID531248	SID531248	donor_combined_disjoint_clean_reads	k__Bacteria|p__Firmicutes|c__CFGB94833|o__OFGB94833|f__FGB94833|g__GGB24517|s__GGB24517_SGB159149	species	2|1239|||||	0.002815	2.8149999999999996e-05	assessed	provisional
SID531248	SID531248	donor_combined_disjoint_clean_reads	k__Bacteria|p__Firmicutes|c__Clostridia|o__Eubacteriales|f__Oscillospiraceae|g__GGB45628|s__GGB45628_SGB63342	species	2|1239|186801|186802|216572||	0.002761	2.761e-05	assessed	provisional
SID531248	SID531248	donor_combined_disjoint_clean_reads	k__Bacteria|p__Firmicutes|c__CFGB38642|o__OFGB38642|f__FGB38642|g__GGB9767|s__GGB9767_SGB15385	species	2|1239|||||	0.002692	2.692e-05	assessed	provisional
SID531248	SID531248	donor_combined_disjoint_clean_reads	k__Bacteria|p__Firmicutes|c__Clostridia|o__Eubacteriales|f__Acutalibacteraceae|g__Anaeromassilibacillus|s__Anaeromassilibacillus_senegalensis	species	2|1239|186801|186802|3082771|1924093|1673717	0.002584	2.584e-05	assessed	provisional
SID531248	SID531248	donor_combined_disjoint_clean_reads	k__Bacteria|p__Firmicutes|c__CFGB92044|o__OFGB92044|f__FGB92044|g__GGB9547|s__GGB9547_SGB14954	species	2|1239|||||	0.002455	2.455e-05	assessed	provisional
SID531248	SID531248	donor_combined_disjoint_clean_reads	k__Bacteria|p__Firmicutes|c__Bacilli|o__Lactobacillales|f__Lactobacillaceae|g__Latilactobacillus|s__Latilactobacillus_sakei	species	2|1239|91061|186826|33958|2767885|1599	0.002419	2.419e-05	assessed	provisional
SID531248	SID531248	donor_combined_disjoint_clean_reads	k__Bacteria|p__Actinomycetota|c__Actinomycetes|o__Micrococcales|f__Micrococcaceae|g__Rothia|s__Rothia_mucilaginosa	species	2|201174|1760|85006|1268|32207|43675	0.002373	2.373e-05	assessed	provisional
SID531248	SID531248	donor_combined_disjoint_clean_reads	k__Bacteria|p__Firmicutes|c__CFGB3023|o__OFGB3023|f__FGB3023|g__GGB85029|s__GGB85029_SGB118835	species	2|1239|||||	0.002343	2.343e-05	assessed	provisional
SID531248	SID531248	donor_combined_disjoint_clean_reads	k__Bacteria|p__Firmicutes|c__Bacilli|o__Lactobacillales|f__Lactobacillaceae|g__Limosilactobacillus|s__Limosilactobacillus_mucosae	species	2|1239|91061|186826|33958|2742598|97478	0.002319	2.319e-05	assessed	provisional
SID531248	SID531248	donor_combined_disjoint_clean_reads	k__Bacteria|p__Firmicutes|c__Erysipelotrichia|o__Erysipelotrichales|f__Erysipelotrichaceae|g__Faecalitalea|s__Faecalitalea_cylindroides	species	2|1239|526524|526525|128827|1573534|39483	0.002252	2.252e-05	assessed	provisional
SID531248	SID531248	donor_combined_disjoint_clean_reads	k__Bacteria|p__Firmicutes|c__CFGB9345|o__OFGB9345|f__FGB9345|g__GGB9345|s__GGB9345_SGB14311	species	2|1239|||||	0.00215	2.15e-05	assessed	provisional
SID531248	SID531248	donor_combined_disjoint_clean_reads	k__Bacteria|p__Firmicutes|c__Clostridia|o__Eubacteriales|f__Acutalibacteraceae|g__GGB38744|s__GGB38744_SGB14842	species	2|1239|186801|186802|3082771||	0.002113	2.113e-05	assessed	provisional
SID531248	SID531248	donor_combined_disjoint_clean_reads	k__Bacteria|p__Actinomycetota|c__Actinomycetes|o__Actinomycetales|f__Actinomycetaceae|g__Schaalia|s__Schaalia_SGB61272	species	2|201174|1760|2037|2049|2529408|	0.002104	2.104e-05	assessed	provisional
SID531248	SID531248	donor_combined_disjoint_clean_reads	k__Bacteria|p__Firmicutes|c__CFGB1765|o__OFGB1765|f__FGB1765|g__GGB4567|s__GGB4567_SGB6308	species	2|1239|||||	0.002087	2.087e-05	assessed	provisional
SID531248	SID531248	donor_combined_disjoint_clean_reads	k__Bacteria|p__Firmicutes|c__Clostridia|o__Eubacteriales|f__Oscillospiraceae|g__GGB140943|s__GGB140943_SGB105863	species	2|1239|186801|186802|216572||	0.00206	2.0600000000000003e-05	assessed	provisional
SID531248	SID531248	donor_combined_disjoint_clean_reads	k__Bacteria|p__Firmicutes|c__Clostridia|o__Lachnospirales|f__Lachnospiraceae|g__Lachnospiraceae_unclassified|s__Lachnospiraceae_bacterium_AF02_47	species	2|1239|186801|3085636|186803||2997014	0.001951	1.951e-05	assessed	provisional
SID531248	SID531248	donor_combined_disjoint_clean_reads	k__Bacteria|p__Firmicutes|c__Clostridia|o__Eubacteriales|f__Clostridiaceae|g__Clostridium|s__Clostridium_saudiense	species	2|1239|186801|186802|31979|1485|1414720	0.001896	1.8959999999999998e-05	assessed	provisional
SID531248	SID531248	donor_combined_disjoint_clean_reads	k__Bacteria|p__Firmicutes|c__Clostridia|o__Christensenellales|f__Christensenellaceae|g__Guopingia|s__Guopingia_tenuis	species	2|1239|186801|3082768|990719|2944148|2763656	0.00178	1.78e-05	assessed	provisional
SID531248	SID531248	donor_combined_disjoint_clean_reads	k__Bacteria|p__Firmicutes|c__Erysipelotrichia|o__Erysipelotrichales|f__Erysipelotrichaceae|g__Solobacterium|s__Solobacterium_moorei	species	2|1239|526524|526525|128827|123375|102148	0.001736	1.736e-05	assessed	provisional
SID531248	SID531248	donor_combined_disjoint_clean_reads	k__Bacteria|p__Firmicutes|c__Clostridia|o__Lachnospirales|f__Lachnospiraceae|g__GGB3538|s__GGB3538_SGB4728	species	2|1239|186801|3085636|186803||	0.001691	1.691e-05	assessed	provisional
SID531248	SID531248	donor_combined_disjoint_clean_reads	k__Bacteria|p__Actinomycetota|c__Actinomycetes|o__Actinomycetales|f__Actinomycetaceae|g__Actinomyces|s__Actinomyces_sp_ICM47	species	2|201174|1760|2037|2049|1654|936548	0.001666	1.666e-05	assessed	provisional
SID531248	SID531248	donor_combined_disjoint_clean_reads	k__Bacteria|p__Pseudomonadota|c__Betaproteobacteria|o__Burkholderiales|f__Sutterellaceae|g__Parasutterella|s__Parasutterella_excrementihominis	species	2|1224|28216|80840|995019|577310|487175	0.001608	1.6080000000000002e-05	assessed	provisional
SID531248	SID531248	donor_combined_disjoint_clean_reads	k__Bacteria|p__Firmicutes|c__Erysipelotrichia|o__Erysipelotrichales|f__Erysipelotrichaceae|g__Massilimicrobiota|s__Massilimicrobiota_timonensis	species	2|1239|526524|526525|128827|1924110|1776392	0.001569	1.569e-05	assessed	provisional
SID531248	SID531248	donor_combined_disjoint_clean_reads	k__Bacteria|p__Candidatus_Saccharibacteria|c__Candidatus_Nanosyncoccalia|o__Candidatus_Nanogingivales|f__Candidatus_Nanogingivalaceae|g__Candidatus_Nanogingivalis|s__Candidatus_Nanogingivalis_gingivitcus	species	2|95818|2171982|2171984|2171990|2171991|2171992	0.001543	1.543e-05	assessed	provisional
SID531248	SID531248	donor_combined_disjoint_clean_reads	k__Bacteria|p__Actinomycetota|c__Coriobacteriia|o__Eggerthellales|f__Eggerthellaceae|g__GGB45432|s__GGB45432_SGB63101	species	2|201174|84998|1643822|1643826||	0.00151	1.5100000000000001e-05	assessed	provisional
SID531248	SID531248	donor_combined_disjoint_clean_reads	k__Bacteria|p__Firmicutes|c__Clostridia|o__Lachnospirales|f__Lachnospiraceae|g__Anaerosacchariphilus|s__Anaerosacchariphilus_hominis	species	2|1239|186801|3085636|186803|2678884|2763017	0.001449	1.449e-05	assessed	provisional
SID531248	SID531248	donor_combined_disjoint_clean_reads	k__Bacteria|p__Actinomycetota|c__Coriobacteriia|o__Eggerthellales|f__Eggerthellaceae|g__GGB87523|s__GGB87523_SGB14795	species	2|201174|84998|1643822|1643826||	0.001356	1.356e-05	assessed	provisional
SID531248	SID531248	donor_combined_disjoint_clean_reads	k__Bacteria|p__Firmicutes|c__Clostridia|o__Eubacteriales|f__Oscillospiraceae|g__GGB9783|s__GGB9783_SGB15405	species	2|1239|186801|186802|216572||	0.001312	1.312e-05	assessed	provisional
SID531248	SID531248	donor_combined_disjoint_clean_reads	k__Bacteria|p__Firmicutes|c__Bacilli|o__Lactobacillales|f__Streptococcaceae|g__Streptococcus|s__Streptococcus_australis	species	2|1239|91061|186826|1300|1301|113107	0.001195	1.195e-05	assessed	provisional
SID531248	SID531248	donor_combined_disjoint_clean_reads	k__Bacteria|p__Firmicutes|c__Clostridia|o__Lachnospirales|f__Lachnospiraceae|g__Wansuia|s__Wansuia_hejianensis	species	2|1239|186801|3085636|186803|2944198|2763667	0.001133	1.1329999999999998e-05	assessed	provisional
SID531248	SID531248	donor_combined_disjoint_clean_reads	k__Bacteria|p__Firmicutes|c__Clostridia|o__Eubacteriales|f__Oscillospiraceae|g__Anaerotruncus|s__Anaerotruncus_rubiinfantis	species	2|1239|186801|186802|216572|244127|1720200	0.001123	1.1230000000000001e-05	assessed	provisional
SID531248	SID531248	donor_combined_disjoint_clean_reads	k__Bacteria|p__Actinomycetota|c__Actinomycetes|o__Bifidobacteriales|f__Bifidobacteriaceae|g__Bifidobacterium|s__Bifidobacterium_catenulatum	species	2|201174|1760|85004|31953|1678|1686	0.00112	1.12e-05	assessed	provisional
SID531248	SID531248	donor_combined_disjoint_clean_reads	k__Bacteria|p__Firmicutes|c__CFGB94728|o__OFGB94728|f__FGB94728|g__GGB9297|s__GGB9297_SGB14255	species	2|1239|||||	0.001085	1.085e-05	assessed	provisional
SID531248	SID531248	donor_combined_disjoint_clean_reads	k__Bacteria|p__Firmicutes|c__CFGB77202|o__OFGB77202|f__FGB77202|g__GGB128652|s__GGB128652_SGB159065	species	2|1239|||||	0.001079	1.0790000000000002e-05	assessed	provisional
SID531248	SID531248	donor_combined_disjoint_clean_reads	k__Bacteria|p__Firmicutes|c__Clostridia|o__Eubacteriales|f__Oscillospiraceae|g__GGB13494|s__GGB13494_SGB74405	species	2|1239|186801|186802|216572||	0.001048	1.0480000000000001e-05	assessed	provisional
SID531248	SID531248	donor_combined_disjoint_clean_reads	k__Bacteria|p__Firmicutes|c__Clostridia|o__Eubacteriales|f__Yeguiaceae|g__Yeguia|s__Yeguia_hominis	species	2|1239|186801|186802|2944140|2944143|2763662	0.001047	1.047e-05	assessed	provisional
SID531248	SID531248	donor_combined_disjoint_clean_reads	k__Bacteria|p__Firmicutes|c__Clostridia|o__Eubacteriales|f__Oscillospiraceae|g__Flavonifractor|s__Flavonifractor_plautii	species	2|1239|186801|186802|216572|946234|292800	0.001038	1.038e-05	assessed	provisional
SID531248	SID531248	donor_combined_disjoint_clean_reads	k__Bacteria|p__Actinomycetota|c__Coriobacteriia|o__Coriobacteriales|f__Coriobacteriaceae|g__GGB51959|s__GGB51959_SGB72479	species	2|201174|84998|84999|84107||	0.000893	8.930000000000001e-06	assessed	provisional
SID531248	SID531248	donor_combined_disjoint_clean_reads	k__Bacteria|p__Firmicutes|c__Clostridia|o__Lachnospirales|f__Lachnospiraceae|g__GGB3429|s__GGB3429_SGB71706	species	2|1239|186801|3085636|186803||	0.000893	8.930000000000001e-06	assessed	provisional
SID531248	SID531248	donor_combined_disjoint_clean_reads	k__Bacteria|p__Firmicutes|c__Clostridia|o__Lachnospirales|f__Lachnospiraceae|g__GGB3593|s__GGB3593_SGB4817	species	2|1239|186801|3085636|186803||	0.000858	8.580000000000001e-06	assessed	provisional
SID531248	SID531248	donor_combined_disjoint_clean_reads	k__Bacteria|p__Bacteria_unclassified|c__Bacteria_unclassified|o__Bacteria_unclassified|f__Bacteria_unclassified|g__Bacteria_unclassified|s__bacterium_210917_DFI_7_65	species	2||||||2883295	0.000843	8.43e-06	assessed	provisional
SID531248	SID531248	donor_combined_disjoint_clean_reads	k__Bacteria|p__Bacteroidota|c__Bacteroidia|o__Bacteroidales|f__Bacteroidaceae|g__Bacteroides|s__Bacteroides_cellulosilyticus	species	2|976|200643|171549|815|816|246787	0.000827	8.27e-06	assessed	provisional
SID531248	SID531248	donor_combined_disjoint_clean_reads	k__Bacteria|p__Firmicutes|c__Clostridia|o__Eubacteriales|f__Oscillospiraceae|g__GGB9646|s__GGB9646_SGB15123	species	2|1239|186801|186802|216572||	0.00078	7.8e-06	assessed	provisional
SID531248	SID531248	donor_combined_disjoint_clean_reads	k__Bacteria|p__Firmicutes|c__CFGB3034|o__OFGB3034|f__FGB3034|g__GGB45614|s__GGB45614_SGB63327	species	2|1239|||||	0.000765	7.65e-06	assessed	provisional
SID531248	SID531248	donor_combined_disjoint_clean_reads	k__Bacteria|p__Firmicutes|c__Clostridia|o__Lachnospirales|f__Lachnospiraceae|g__Anaerobutyricum|s__Anaerobutyricum_soehngenii	species	2|1239|186801|3085636|186803|2569097|105843	0.000755	7.5500000000000006e-06	assessed	provisional
SID531248	SID531248	donor_combined_disjoint_clean_reads	k__Bacteria|p__Firmicutes|c__Clostridia|o__Eubacteriales|f__Oscillospiraceae|g__Angelakisella|s__Angelakisella_massiliensis	species	2|1239|186801|186802|216572|1935176|1871018	0.00073	7.2999999999999996e-06	assessed	provisional
SID531248	SID531248	donor_combined_disjoint_clean_reads	k__Bacteria|p__Firmicutes|c__Bacilli|o__Lactobacillales|f__Carnobacteriaceae|g__Granulicatella|s__Granulicatella_sp_UMB5615A	species	2|1239|91061|186826|186828|117563|3050606	0.000669	6.69e-06	assessed	provisional
SID531248	SID531248	donor_combined_disjoint_clean_reads	k__Bacteria|p__Pseudomonadota|c__Gammaproteobacteria|o__Enterobacterales|f__Enterobacteriaceae|g__Citrobacter|s__Citrobacter_freundii	species	2|1224|1236|91347|543|544|546	0.000594	5.94e-06	assessed	provisional
SID531248	SID531248	donor_combined_disjoint_clean_reads	k__Bacteria|p__Firmicutes|c__CFGB3038|o__OFGB3038|f__FGB3038|g__GGB9536|s__GGB9536_SGB14939	species	2|1239|||||	0.000592	5.92e-06	assessed	provisional
SID531248	SID531248	donor_combined_disjoint_clean_reads	k__Bacteria|p__Firmicutes|c__Bacilli|o__Lactobacillales|f__Streptococcaceae|g__Streptococcus|s__Streptococcus_oralis	species	2|1239|91061|186826|1300|1301|1303	0.000588	5.88e-06	assessed	provisional
SID531248	SID531248	donor_combined_disjoint_clean_reads	k__Bacteria|p__Firmicutes|c__Clostridia|o__Eubacteriales|f__Eubacteriales_unclassified|g__Gemmiger|s__Gemmiger_SGB72775	species	2|1239|186801|186802||204475|	0.000564	5.64e-06	assessed	provisional
SID531248	SID531248	donor_combined_disjoint_clean_reads	k__Bacteria|p__Firmicutes|c__CFGB92029|o__OFGB92029|f__FGB92029|g__GGB45652|s__GGB45652_SGB63366	species	2|1239|||||	0.000557	5.57e-06	assessed	provisional
SID531248	SID531248	donor_combined_disjoint_clean_reads	k__Bacteria|p__Firmicutes|c__CFGB10309|o__OFGB10309|f__FGB10309|g__GGB4676|s__GGB4676_SGB146335	species	2|1239|||||	0.000548	5.48e-06	assessed	provisional
SID531248	SID531248	donor_combined_disjoint_clean_reads	k__Bacteria|p__Firmicutes|c__CFGB2893|o__OFGB2893|f__FGB2893|g__GGB9205|s__GGB9205_SGB14144	species	2|1239|||||	0.000548	5.48e-06	assessed	provisional
SID531248	SID531248	donor_combined_disjoint_clean_reads	k__Bacteria|p__Firmicutes|c__CFGB40162|o__OFGB40162|f__FGB40162|g__GGB42360|s__GGB42360_SGB59530	species	2|1239|||||	0.000489	4.89e-06	assessed	provisional
SID531248	SID531248	donor_combined_disjoint_clean_reads	k__Bacteria|p__Firmicutes|c__CFGB79225|o__OFGB79225|f__FGB79225|g__GGB3287|s__GGB3287_SGB4341	species	2|1239|||||	0.000482	4.8200000000000004e-06	assessed	provisional
SID531248	SID531248	donor_combined_disjoint_clean_reads	k__Bacteria|p__Firmicutes|c__Clostridia|o__Eubacteriales|f__Oscillospiraceae|g__GGB9622|s__GGB9622_SGB15074	species	2|1239|186801|186802|216572||	0.000465	4.65e-06	assessed	provisional
SID531248	SID531248	donor_combined_disjoint_clean_reads	k__Bacteria|p__Firmicutes|c__Clostridia|o__Eubacteriales|f__Oscillospiraceae|g__Oscillibacter|s__Oscillibacter_sp_PC13	species	2|1239|186801|186802|216572|459786|1855299	0.000455	4.55e-06	assessed	provisional
SID531248	SID531248	donor_combined_disjoint_clean_reads	k__Bacteria|p__Firmicutes|c__Bacilli|o__Lactobacillales|f__Streptococcaceae|g__Streptococcus|s__Streptococcus_gordonii	species	2|1239|91061|186826|1300|1301|1302	0.00044	4.4e-06	assessed	provisional
SID531248	SID531248	donor_combined_disjoint_clean_reads	k__Bacteria|p__Firmicutes|c__Clostridia|o__Lachnospirales|f__Lachnospiraceae|g__GGB51491|s__GGB51491_SGB71859	species	2|1239|186801|3085636|186803||	0.000425	4.25e-06	assessed	provisional
SID531248	SID531248	donor_combined_disjoint_clean_reads	k__Bacteria|p__Firmicutes|c__Clostridia|o__Eubacteriales|f__Clostridiaceae|g__GGB42638|s__GGB42638_SGB59835	species	2|1239|186801|186802|31979||	0.000414	4.14e-06	assessed	provisional
SID531248	SID531248	donor_combined_disjoint_clean_reads	k__Bacteria|p__Firmicutes|c__Clostridia|o__Lachnospirales|f__Lachnospiraceae|g__GGB49409|s__GGB49409_SGB69322	species	2|1239|186801|3085636|186803||	0.000397	3.97e-06	assessed	provisional
SID531248	SID531248	donor_combined_disjoint_clean_reads	k__Bacteria|p__Firmicutes|c__CFGB3070|o__OFGB3070|f__FGB3070|g__GGB9775|s__GGB9775_SGB15395	species	2|1239|||||	0.000385	3.8499999999999996e-06	assessed	provisional
SID531248	SID531248	donor_combined_disjoint_clean_reads	k__Bacteria|p__Firmicutes|c__CFGB94833|o__OFGB94833|f__FGB94833|g__GGB45620|s__GGB45620_SGB63333	species	2|1239|||||	0.000379	3.79e-06	assessed	provisional
SID531248	SID531248	donor_combined_disjoint_clean_reads	k__Bacteria|p__Bacteroidota|c__Bacteroidia|o__Bacteroidales|f__Bacteroidaceae|g__Phocaeicola|s__Phocaeicola_sartorii	species	2|976|200643|171549|815|909656|671267	0.000372	3.72e-06	assessed	provisional
SID531248	SID531248	donor_combined_disjoint_clean_reads	k__Bacteria|p__Firmicutes|c__CFGB2997|o__OFGB2997|f__FGB2997|g__GGB9444|s__GGB9444_SGB14834	species	2|1239|||||	0.000364	3.6400000000000003e-06	assessed	provisional
SID531248	SID531248	donor_combined_disjoint_clean_reads	k__Bacteria|p__Firmicutes|c__Clostridia|o__Eubacteriales|f__Oscillospiraceae|g__GGB9787|s__GGB9787_SGB15410	species	2|1239|186801|186802|216572||	0.000362	3.62e-06	assessed	provisional
SID531248	SID531248	donor_combined_disjoint_clean_reads	k__Bacteria|p__Firmicutes|c__Clostridia|o__Eubacteriales|f__Oscillospiraceae|g__Ligaoa|s__Ligaoa_zhengdingensis	species	2|1239|186801|186802|216572|2944149|2763658	0.000338	3.38e-06	assessed	provisional
SID531248	SID531248	donor_combined_disjoint_clean_reads	k__Bacteria|p__Firmicutes|c__Clostridia|o__Eubacteriales|f__Clostridiaceae|g__Clostridium|s__Clostridium_SGB47280	species	2|1239|186801|186802|31979|1485|	0.000288	2.88e-06	assessed	provisional
SID531248	SID531248	donor_combined_disjoint_clean_reads	k__Bacteria|p__Firmicutes|c__CFGB2920|o__OFGB2920|f__FGB2920|g__GGB9242|s__GGB9242_SGB14184	species	2|1239|||||	0.000283	2.83e-06	assessed	provisional
SID531248	SID531248	donor_combined_disjoint_clean_reads	k__Bacteria|p__Firmicutes|c__Clostridia|o__Eubacteriales|f__Oscillospiraceae|g__GGB9637|s__GGB9637_SGB15111	species	2|1239|186801|186802|216572||	0.000272	2.72e-06	assessed	provisional
SID531248	SID531248	donor_combined_disjoint_clean_reads	k__Bacteria|p__Firmicutes|c__Clostridia|o__Eubacteriales|f__Clostridiaceae|g__Clostridiaceae_unclassified|s__Clostridiaceae_unclassified_SGB4771	species	2|1239|186801|186802|31979||	0.000206	2.0599999999999998e-06	assessed	provisional
SID531248	SID531248	donor_combined_disjoint_clean_reads	k__Bacteria|p__Campylobacterota|c__Epsilonproteobacteria|o__Campylobacterales|f__Campylobacteraceae|g__Campylobacter|s__Campylobacter_rectus	species	2|29547|3031852|213849|72294|194|203	0.000203	2.03e-06	assessed	provisional
SID531248	SID531248	donor_combined_disjoint_clean_reads	k__Bacteria|p__Actinomycetota|c__Coriobacteriia|o__Coriobacteriales|f__Coriobacteriaceae|g__Enorma|s__Enorma_phocaeensis	species	2|201174|84998|84999|84107|1472762|1871019	0.000187	1.8699999999999999e-06	assessed	provisional
SID531248	SID531248	donor_combined_disjoint_clean_reads	k__Bacteria|p__Firmicutes|c__Clostridia|o__Eubacteriales|f__Clostridiaceae|g__GGB42637|s__GGB42637_SGB59834	species	2|1239|186801|186802|31979||	0.000177	1.77e-06	assessed	provisional
SID531248	SID531248	donor_combined_disjoint_clean_reads	k__Bacteria|p__Firmicutes|c__CFGB1230|o__OFGB1230|f__FGB1230|g__GGB96297|s__GGB96297_SGB123797	species	2|1239|||||	0.00013	1.2999999999999998e-06	assessed	provisional
SID531248	SID531248	donor_combined_disjoint_clean_reads	k__Bacteria|p__Firmicutes|c__CFGB3038|o__OFGB3038|f__FGB3038|g__GGB45640|s__GGB45640_SGB72681	species	2|1239|||||	0.000112	1.12e-06	assessed	provisional
SID531248	SID531248	donor_combined_disjoint_clean_reads	k__Bacteria|p__Firmicutes|c__Clostridia|o__Lachnospirales|f__Lachnospiraceae|g__GGB42632|s__GGB42632_SGB59829	species	2|1239|186801|3085636|186803||	0.0001	1e-06	assessed	provisional
SID531248	SID531248	donor_combined_disjoint_clean_reads	k__Bacteria|p__Firmicutes|c__Clostridia|o__Eubacteriales|f__Oscillospiraceae|g__Oscillospiraceae_unclassified|s__Clostridium_leptum	species	2|1239|186801|186802|216572||1535	7.9e-05	7.9e-07	assessed	provisional
SID531248	SID531248	donor_combined_disjoint_clean_reads	k__Bacteria|p__Firmicutes|c__CFGB36777|o__OFGB36777|f__FGB36777|g__GGB36777|s__GGB36777_SGB49178	species	2|1239|||||	5.2e-05	5.2e-07	assessed	provisional
SID531248	SID531248	donor_combined_disjoint_clean_reads	k__Bacteria|p__Firmicutes|c__Clostridia|o__Eubacteriales|f__Oscillospiraceae|g__Youxingia|s__Youxingia_wuxianensis	species	2|1239|186801|186802|216572|2983250|2763678	5.2e-05	5.2e-07	assessed	provisional
SID531361	SID531361	donor_combined_disjoint_clean_reads	UNCLASSIFIED	unclassified	-1	13.864164	0.13864164	assessed	provisional
SID531361	SID531361	donor_combined_disjoint_clean_reads	k__Bacteria|p__Bacteroidota|c__Bacteroidia|o__Bacteroidales|f__Prevotellaceae|g__Segatella|s__Segatella_copri	species	2|976|200643|171549|171552|2974251|165179	42.809323	0.42809323	assessed	provisional
SID531361	SID531361	donor_combined_disjoint_clean_reads	k__Bacteria|p__Firmicutes|c__Clostridia|o__Eubacteriales|f__Oscillospiraceae|g__Faecalibacterium|s__Faecalibacterium_prausnitzii	species	2|1239|186801|186802|216572|216851|853	6.69497	0.0669497	assessed	provisional
SID531361	SID531361	donor_combined_disjoint_clean_reads	k__Bacteria|p__Firmicutes|c__Negativicutes|o__Veillonellales|f__Veillonellaceae|g__GGB4266|s__GGB4266_SGB5805	species	2|1239|909932|1843489|31977||	5.149216	0.05149216	assessed	provisional
SID531361	SID531361	donor_combined_disjoint_clean_reads	k__Bacteria|p__Firmicutes|c__CFGB94588|o__OFGB94588|f__FGB94588|g__GGB51647|s__GGB51647_SGB4348	species	2|1239|||||	4.387249	0.04387249	assessed	provisional
SID531361	SID531361	donor_combined_disjoint_clean_reads	k__Bacteria|p__Bacteroidota|c__Bacteroidia|o__Bacteroidales|f__Prevotellaceae|g__Segatella|s__Segatella_sinensis	species	2|976|200643|171549|171552|2974251|165179	2.494952	0.02494952	assessed	provisional
SID531361	SID531361	donor_combined_disjoint_clean_reads	k__Bacteria|p__Firmicutes|c__Clostridia|o__Lachnospirales|f__Lachnospiraceae|g__Simiaoa|s__Simiaoa_sunii	species	2|1239|186801|3085636|186803|2944193|2763672	2.059163	0.02059163	assessed	provisional
SID531361	SID531361	donor_combined_disjoint_clean_reads	k__Bacteria|p__Firmicutes|c__Clostridia|o__Eubacteriales|f__Clostridiaceae|g__Clostridium|s__Clostridium_sp_AM22_11AC	species	2|1239|186801|186802|31979|1485|2293024	2.021053	0.02021053	assessed	provisional
SID531361	SID531361	donor_combined_disjoint_clean_reads	k__Bacteria|p__Firmicutes|c__Negativicutes|o__Selenomonadales|f__Selenomonadaceae|g__Megamonas|s__Megamonas_funiformis	species	2|1239|909932|909929|1843491|158846|437897	1.611691	0.016116909999999998	assessed	provisional
SID531361	SID531361	donor_combined_disjoint_clean_reads	k__Bacteria|p__Firmicutes|c__Clostridia|o__Lachnospirales|f__Lachnospiraceae|g__Mediterraneibacter|s__Ruminococcus_lactaris	species	2|1239|186801|3085636|186803|2316020|46228	1.502126	0.015021260000000002	assessed	provisional
SID531361	SID531361	donor_combined_disjoint_clean_reads	k__Bacteria|p__Bacteroidota|c__Bacteroidia|o__Bacteroidales|f__Bacteroidaceae|g__Phocaeicola|s__Phocaeicola_vulgatus	species	2|976|200643|171549|815|909656|821	1.476851	0.014768509999999999	assessed	provisional
SID531361	SID531361	donor_combined_disjoint_clean_reads	k__Bacteria|p__Firmicutes|c__Clostridia|o__Lachnospirales|f__Lachnospiraceae|g__Agathobacter|s__Agathobacter_rectalis	species	2|1239|186801|3085636|186803|1766253|39491	0.885879	0.00885879	assessed	provisional
SID531361	SID531361	donor_combined_disjoint_clean_reads	k__Bacteria|p__Firmicutes|c__Clostridia|o__Lachnospirales|f__Lachnospiraceae|g__Mediterraneibacter|s__Mediterraneibacter_faecis	species	2|1239|186801|3085636|186803|2316020|592978	0.832327	0.00832327	assessed	provisional
SID531361	SID531361	donor_combined_disjoint_clean_reads	k__Bacteria|p__Firmicutes|c__Clostridia|o__Lachnospirales|f__Lachnospiraceae|g__Gallintestinimicrobium|s__Gallintestinimicrobium_propionicum	species	2|1239|186801|3085636|186803|2981633|2981770	0.731053	0.007310529999999999	assessed	provisional
SID531361	SID531361	donor_combined_disjoint_clean_reads	k__Bacteria|p__Firmicutes|c__Clostridia|o__Eubacteriales|f__Oscillospiraceae|g__GGB3343|s__GGB3343_SGB4423	species	2|1239|186801|186802|216572||	0.67557	0.0067557	assessed	provisional
SID531361	SID531361	donor_combined_disjoint_clean_reads	k__Bacteria|p__Firmicutes|c__Clostridia|o__Eubacteriales|f__Oscillospiraceae|g__Faecalibacterium|s__Faecalibacterium_SGB15346	species	2|1239|186801|186802|216572|216851|	0.552949	0.005529490000000001	assessed	provisional
SID531361	SID531361	donor_combined_disjoint_clean_reads	k__Bacteria|p__Firmicutes|c__CFGB1380|o__OFGB1380|f__FGB1380|g__GGB3363|s__GGB3363_SGB4447	species	2|1239|||||	0.497555	0.0049755500000000005	assessed	provisional
SID531361	SID531361	donor_combined_disjoint_clean_reads	k__Bacteria|p__Bacteroidota|c__Bacteroidia|o__Bacteroidales|f__Bacteroidaceae|g__Bacteroides|s__Bacteroides_caccae	species	2|976|200643|171549|815|816|47678	0.478534	0.00478534	assessed	provisional
SID531361	SID531361	donor_combined_disjoint_clean_reads	k__Bacteria|p__Bacteroidota|c__Bacteroidia|o__Bacteroidales|f__Bacteroidaceae|g__Bacteroides|s__Bacteroides_uniformis	species	2|976|200643|171549|815|816|820	0.477009	0.00477009	assessed	provisional
SID531361	SID531361	donor_combined_disjoint_clean_reads	k__Bacteria|p__Bacteroidota|c__Bacteroidia|o__Bacteroidales|f__Rikenellaceae|g__Alistipes|s__Alistipes_onderdonkii	species	2|976|200643|171549|171550|239759|328813	0.430067	0.0043006699999999995	assessed	provisional
SID531361	SID531361	donor_combined_disjoint_clean_reads	k__Bacteria|p__Firmicutes|c__Erysipelotrichia|o__Erysipelotrichales|f__Erysipelotrichaceae|g__Holdemanella|s__Holdemanella_porci	species	2|1239|526524|526525|128827|1573535|2652276	0.417906	0.00417906	assessed	provisional
SID531361	SID531361	donor_combined_disjoint_clean_reads	k__Bacteria|p__Bacteroidota|c__Bacteroidia|o__Bacteroidales|f__Bacteroidaceae|g__Bacteroides|s__Bacteroides_xylanisolvens	species	2|976|200643|171549|815|816|371601	0.405563	0.00405563	assessed	provisional
SID531361	SID531361	donor_combined_disjoint_clean_reads	k__Bacteria|p__Firmicutes|c__Clostridia|o__Lachnospirales|f__Lachnospiraceae|g__Dorea|s__Dorea_longicatena	species	2|1239|186801|3085636|186803|189330|88431	0.381809	0.00381809	assessed	provisional
SID531361	SID531361	donor_combined_disjoint_clean_reads	k__Bacteria|p__Bacteroidota|c__Bacteroidia|o__Bacteroidales|f__Barnesiellaceae|g__Barnesiella|s__Barnesiella_intestinihominis	species	2|976|200643|171549|2005519|397864|487174	0.353179	0.0035317900000000004	assessed	provisional
SID531361	SID531361	donor_combined_disjoint_clean_reads	k__Bacteria|p__Firmicutes|c__Clostridia|o__Lachnospirales|f__Lachnospiraceae|g__Blautia|s__Blautia_wexlerae	species	2|1239|186801|3085636|186803|572511|418240	0.340862	0.00340862	assessed	provisional
SID531361	SID531361	donor_combined_disjoint_clean_reads	k__Bacteria|p__Firmicutes|c__Clostridia|o__Eubacteriales|f__Eubacteriales_unclassified|g__Gemmiger|s__Gemmiger_SGB15295	species	2|1239|186801|186802||204475|	0.336329	0.0033632899999999997	assessed	provisional
SID531361	SID531361	donor_combined_disjoint_clean_reads	k__Bacteria|p__Bacteroidota|c__Bacteroidia|o__Bacteroidales|f__Prevotellaceae|g__GGB1248|s__GGB1248_SGB1669	species	2|976|200643|171549|171552||	0.312037	0.00312037	assessed	provisional
SID531361	SID531361	donor_combined_disjoint_clean_reads	k__Bacteria|p__Bacteroidota|c__CFGB1670|o__OFGB1670|f__FGB1670|g__GGB47687|s__GGB47687_SGB2286	species	2|976|||||	0.290125	0.00290125	assessed	provisional
SID531361	SID531361	donor_combined_disjoint_clean_reads	k__Bacteria|p__Firmicutes|c__Clostridia|o__Eubacteriales|f__Oscillospiraceae|g__GGB9708|s__GGB9708_SGB15233	species	2|1239|186801|186802|216572||	0.282978	0.00282978	assessed	provisional
SID531361	SID531361	donor_combined_disjoint_clean_reads	k__Bacteria|p__Firmicutes|c__Clostridia|o__Eubacteriales|f__Oscillospiraceae|g__Lawsonibacter|s__Lawsonibacter_asaccharolyticus	species	2|1239|186801|186802|216572|2172004|2108523	0.265302	0.00265302	assessed	provisional
SID531361	SID531361	donor_combined_disjoint_clean_reads	k__Bacteria|p__Firmicutes|c__Clostridia|o__Eubacteriales|f__Clostridiaceae|g__Clostridium|s__Clostridium_fessum	species	2|1239|186801|186802|31979|1485|2126740	0.263814	0.0026381399999999998	assessed	provisional
SID531361	SID531361	donor_combined_disjoint_clean_reads	k__Bacteria|p__Firmicutes|c__Clostridia|o__Eubacteriales|f__Oscillospiraceae|g__GGB9730|s__GGB9730_SGB15291	species	2|1239|186801|186802|216572||	0.252445	0.0025244499999999997	assessed	provisional
SID531361	SID531361	donor_combined_disjoint_clean_reads	k__Bacteria|p__Firmicutes|c__Clostridia|o__Lachnospirales|f__Lachnospiraceae|g__Waltera|s__Waltera_acetigignens	species	2|1239|186801|3085636|186803|2815781|2981769	0.238513	0.00238513	assessed	provisional
SID531361	SID531361	donor_combined_disjoint_clean_reads	k__Bacteria|p__Firmicutes|c__Clostridia|o__Lachnospirales|f__Lachnospiraceae|g__Coprococcus|s__Coprococcus_comes	species	2|1239|186801|3085636|186803|33042|410072	0.228352	0.00228352	assessed	provisional
SID531361	SID531361	donor_combined_disjoint_clean_reads	k__Bacteria|p__Thermodesulfobacteriota|c__Desulfovibrionia|o__Desulfovibrionales|f__Desulfovibrionaceae|g__GGB9815|s__GGB9815_SGB15449	species	2|200940|3031449|213115|194924||	0.225406	0.00225406	assessed	provisional
SID531361	SID531361	donor_combined_disjoint_clean_reads	k__Bacteria|p__Firmicutes|c__Clostridia|o__Lachnospirales|f__Lachnospiraceae|g__GGB74412|s__GGB74412_SGB5075	species	2|1239|186801|3085636|186803||	0.22171	0.0022171	assessed	provisional
SID531361	SID531361	donor_combined_disjoint_clean_reads	k__Bacteria|p__Firmicutes|c__Clostridia|o__Eubacteriales|f__Oscillospiraceae|g__Brotocaccenecus|s__Brotocaccenecus_SGB15090	species	2|1239|186801|186802|216572|3064194|	0.212433	0.0021243300000000002	assessed	provisional
SID531361	SID531361	donor_combined_disjoint_clean_reads	k__Bacteria|p__Bacteroidota|c__Bacteroidia|o__Bacteroidales|f__Bacteroidaceae|g__Phocaeicola|s__Phocaeicola_plebeius	species	2|976|200643|171549|815|909656|310297	0.206855	0.00206855	assessed	provisional
SID531361	SID531361	donor_combined_disjoint_clean_reads	k__Bacteria|p__Bacteroidota|c__Bacteroidia|o__Bacteroidales|f__Bacteroidaceae|g__Bacteroides|s__Bacteroides_faecis	species	2|976|200643|171549|815|816|674529	0.200077	0.0020007700000000002	assessed	provisional
SID531361	SID531361	donor_combined_disjoint_clean_reads	k__Bacteria|p__Firmicutes|c__Clostridia|o__Lachnospirales|f__Lachnospiraceae|g__Blautia|s__Blautia_faecis	species	2|1239|186801|3085636|186803|572511|871665	0.196965	0.00196965	assessed	provisional
SID531361	SID531361	donor_combined_disjoint_clean_reads	k__Bacteria|p__Actinomycetota|c__Coriobacteriia|o__Coriobacteriales|f__Coriobacteriaceae|g__Collinsella|s__Collinsella_aerofaciens	species	2|201174|84998|84999|84107|102106|74426	0.188452	0.00188452	assessed	provisional
SID531361	SID531361	donor_combined_disjoint_clean_reads	k__Bacteria|p__Firmicutes|c__Clostridia|o__Eubacteriales|f__Oscillospiraceae|g__Flavonifractor|s__Flavonifractor_plautii	species	2|1239|186801|186802|216572|946234|292800	0.184371	0.0018437100000000001	assessed	provisional
SID531361	SID531361	donor_combined_disjoint_clean_reads	k__Bacteria|p__Firmicutes|c__Clostridia|o__Lachnospirales|f__Lachnospiraceae|g__Fusicatenibacter|s__Fusicatenibacter_saccharivorans	species	2|1239|186801|3085636|186803|1407607|1150298	0.157915	0.00157915	assessed	provisional
SID531361	SID531361	donor_combined_disjoint_clean_reads	k__Bacteria|p__Firmicutes|c__Clostridia|o__Eubacteriales|f__Eubacteriaceae|g__Eubacterium|s__Eubacterium_ventriosum	species	2|1239|186801|186802|186806|1730|39496	0.154666	0.00154666	assessed	provisional
SID531361	SID531361	donor_combined_disjoint_clean_reads	k__Bacteria|p__Firmicutes|c__Clostridia|o__Lachnospirales|f__Lachnospiraceae|g__Mediterraneibacter|s__Ruminococcus_torques	species	2|1239|186801|3085636|186803|2316020|33039	0.154538	0.00154538	assessed	provisional
SID531361	SID531361	donor_combined_disjoint_clean_reads	k__Bacteria|p__Firmicutes|c__Clostridia|o__Eubacteriales|f__Oscillospiraceae|g__Pseudoflavonifractor|s__Pseudoflavonifractor_phocaeensis	species	2|1239|186801|186802|216572|1017280|1870988	0.148248	0.00148248	assessed	provisional
SID531361	SID531361	donor_combined_disjoint_clean_reads	k__Bacteria|p__Firmicutes|c__Clostridia|o__Lachnospirales|f__Lachnospiraceae|g__Blautia|s__Blautia_massiliensis_ex_Durand_et_al_2017	species	2|1239|186801|3085636|186803|572511|1737424	0.137438	0.0013743800000000001	assessed	provisional
SID531361	SID531361	donor_combined_disjoint_clean_reads	k__Bacteria|p__Firmicutes|c__Clostridia|o__Eubacteriales|f__Clostridiaceae|g__Clostridium|s__Clostridium_sp_AM33_3	species	2|1239|186801|186802|31979|1485|2292304	0.13173	0.0013173000000000002	assessed	provisional
SID531361	SID531361	donor_combined_disjoint_clean_reads	k__Bacteria|p__Bacteria_unclassified|c__Bacteria_unclassified|o__Bacteria_unclassified|f__Bacteria_unclassified|g__Bacteria_unclassified|s__bacterium_210917_DFI_7_65	species	2||||||2883295	0.1271	0.001271	assessed	provisional
SID531361	SID531361	donor_combined_disjoint_clean_reads	k__Bacteria|p__Firmicutes|c__Clostridia|o__Eubacteriales|f__Oscillospiraceae|g__GGB36331|s__GGB36331_SGB15121	species	2|1239|186801|186802|216572||	0.124967	0.00124967	assessed	provisional
SID531361	SID531361	donor_combined_disjoint_clean_reads	k__Bacteria|p__Bacteroidota|c__Bacteroidia|o__Bacteroidales|f__Rikenellaceae|g__Alistipes|s__Alistipes_finegoldii	species	2|976|200643|171549|171550|239759|214856	0.123043	0.00123043	assessed	provisional
SID531361	SID531361	donor_combined_disjoint_clean_reads	k__Bacteria|p__Firmicutes|c__Clostridia|o__Lachnospirales|f__Lachnospiraceae|g__Anaerostipes|s__Anaerostipes_hadrus	species	2|1239|186801|3085636|186803|207244|649756	0.11923	0.0011923	assessed	provisional
SID531361	SID531361	donor_combined_disjoint_clean_reads	k__Bacteria|p__Firmicutes|c__Clostridia|o__Lachnospirales|f__Lachnospiraceae|g__Roseburia|s__Roseburia_hominis	species	2|1239|186801|3085636|186803|841|301301	0.095484	0.00095484	assessed	provisional
SID531361	SID531361	donor_combined_disjoint_clean_reads	k__Bacteria|p__Firmicutes|c__Clostridia|o__Eubacteriales|f__Oscillospiraceae|g__Hydrogenoanaerobacterium|s__Hydrogenoanaerobacterium_saccharovorans	species	2|1239|186801|186802|216572|596767|474960	0.09281	0.0009281000000000001	assessed	provisional
SID531361	SID531361	donor_combined_disjoint_clean_reads	k__Bacteria|p__Firmicutes|c__Clostridia|o__Eubacteriales|f__Oscillospiraceae|g__Oscillospiraceae_unclassified|s__Eubacterium_siraeum	species	2|1239|186801|186802|216572||39492	0.09239	0.0009239	assessed	provisional
SID531361	SID531361	donor_combined_disjoint_clean_reads	k__Bacteria|p__Firmicutes|c__Clostridia|o__Eubacteriales|f__Clostridiaceae|g__Clostridium|s__Clostridium_sp_AT4	species	2|1239|186801|186802|31979|1485|1720194	0.075956	0.0007595599999999999	assessed	provisional
SID531361	SID531361	donor_combined_disjoint_clean_reads	k__Bacteria|p__Firmicutes|c__Clostridia|o__Lachnospirales|f__Lachnospiraceae|g__Anaerobutyricum|s__Anaerobutyricum_hallii	species	2|1239|186801|3085636|186803|2569097|39488	0.075115	0.00075115	assessed	provisional
SID531361	SID531361	donor_combined_disjoint_clean_reads	k__Bacteria|p__Firmicutes|c__CFGB3023|o__OFGB3023|f__FGB3023|g__GGB9501|s__GGB9501_SGB14898	species	2|1239|||||	0.071872	0.0007187200000000001	assessed	provisional
SID531361	SID531361	donor_combined_disjoint_clean_reads	k__Bacteria|p__Firmicutes|c__Clostridia|o__Eubacteriales|f__Butyricicoccaceae|g__Agathobaculum|s__Agathobaculum_butyriciproducens	species	2|1239|186801|186802|3085642|2048137|1628085	0.070543	0.00070543	assessed	provisional
SID531361	SID531361	donor_combined_disjoint_clean_reads	k__Bacteria|p__Firmicutes|c__Clostridia|o__Eubacteriales|f__Oscillospiraceae|g__Dysosmobacter|s__Dysosmobacter_segnis	species	2|1239|186801|186802|216572|2591381|2763042	0.068915	0.00068915	assessed	provisional
SID531361	SID531361	donor_combined_disjoint_clean_reads	k__Bacteria|p__Firmicutes|c__Clostridia|o__Eubacteriales|f__Eubacteriales_unclassified|g__Eubacteriales_unclassified|s__Eubacteriales_unclassified_SGB15158	species	2|1239|186801|186802|||	0.065382	0.0006538199999999999	assessed	provisional
SID531361	SID531361	donor_combined_disjoint_clean_reads	k__Bacteria|p__Bacteroidota|c__Bacteroidia|o__Bacteroidales|f__Rikenellaceae|g__Alistipes|s__Alistipes_indistinctus	species	2|976|200643|171549|171550|239759|626932	0.061118	0.00061118	assessed	provisional
SID531361	SID531361	donor_combined_disjoint_clean_reads	k__Bacteria|p__Pseudomonadota|c__Gammaproteobacteria|o__Enterobacterales|f__Enterobacteriaceae|g__Escherichia|s__Escherichia_coli	species	2|1224|1236|91347|543|561|562	0.059492	0.0005949200000000001	assessed	provisional
SID531361	SID531361	donor_combined_disjoint_clean_reads	k__Bacteria|p__Firmicutes|c__Clostridia|o__Lachnospirales|f__Lachnospiraceae|g__Roseburia|s__Roseburia_amylophila	species	2|1239|186801|3085636|186803|841|2981794	0.059337	0.00059337	assessed	provisional
SID531361	SID531361	donor_combined_disjoint_clean_reads	k__Bacteria|p__Firmicutes|c__Bacilli|o__Lactobacillales|f__Streptococcaceae|g__Streptococcus|s__Streptococcus_salivarius	species	2|1239|91061|186826|1300|1301|1304	0.058254	0.00058254	assessed	provisional
SID531361	SID531361	donor_combined_disjoint_clean_reads	k__Bacteria|p__Firmicutes|c__Clostridia|o__Lachnospirales|f__Lachnospiraceae|g__Roseburia|s__Roseburia_inulinivorans	species	2|1239|186801|3085636|186803|841|360807	0.057112	0.00057112	assessed	provisional
SID531361	SID531361	donor_combined_disjoint_clean_reads	k__Bacteria|p__Firmicutes|c__Clostridia|o__Peptostreptococcales|f__Peptostreptococcaceae|g__Intestinibacter|s__Intestinibacter_bartlettii	species	2|1239|186801|3082720|186804|1505657|261299	0.056892	0.00056892	assessed	provisional
SID531361	SID531361	donor_combined_disjoint_clean_reads	k__Bacteria|p__Firmicutes|c__Clostridia|o__Eubacteriales|f__Oscillospiraceae|g__Dysosmobacter|s__Dysosmobacter_welbionis	species	2|1239|186801|186802|216572|2591381|2093857	0.054893	0.00054893	assessed	provisional
SID531361	SID531361	donor_combined_disjoint_clean_reads	k__Bacteria|p__Firmicutes|c__Clostridia|o__Lachnospirales|f__Lachnospiraceae|g__Dorea|s__Dorea_formicigenerans	species	2|1239|186801|3085636|186803|189330|39486	0.054082	0.00054082	assessed	provisional
SID531361	SID531361	donor_combined_disjoint_clean_reads	k__Bacteria|p__Bacteroidota|c__Bacteroidia|o__Bacteroidales|f__Tannerellaceae|g__Parabacteroides|s__Parabacteroides_chongii	species	2|976|200643|171549|2005525|375288|2685834	0.051911	0.00051911	assessed	provisional
SID531361	SID531361	donor_combined_disjoint_clean_reads	k__Bacteria|p__Firmicutes|c__Clostridia|o__Eubacteriales|f__Acutalibacteraceae|g__GGB9454|s__GGB9454_SGB14846	species	2|1239|186801|186802|3082771||	0.050926	0.00050926	assessed	provisional
SID531361	SID531361	donor_combined_disjoint_clean_reads	k__Bacteria|p__Firmicutes|c__Clostridia|o__Lachnospirales|f__Lachnospiraceae|g__Eisenbergiella|s__Eisenbergiella_massiliensis	species	2|1239|186801|3085636|186803|1432051|1720294	0.050636	0.00050636	assessed	provisional
SID531361	SID531361	donor_combined_disjoint_clean_reads	k__Bacteria|p__Firmicutes|c__CFGB3038|o__OFGB3038|f__FGB3038|g__GGB9531|s__GGB9531_SGB14932	species	2|1239|||||	0.048675	0.00048675000000000004	assessed	provisional
SID531361	SID531361	donor_combined_disjoint_clean_reads	k__Bacteria|p__Firmicutes|c__Erysipelotrichia|o__Erysipelotrichales|f__Erysipelotrichaceae|g__Holdemania|s__Holdemania_filiformis	species	2|1239|526524|526525|128827|61170|61171	0.04565	0.00045650000000000004	assessed	provisional
SID531361	SID531361	donor_combined_disjoint_clean_reads	k__Bacteria|p__Firmicutes|c__Clostridia|o__Eubacteriales|f__Eubacteriales_incertae_sedis|g__Candidatus_Cibionibacter|s__Candidatus_Cibionibacter_quicibialis	species	2|1239|186801|186802|538999|2527773|2500537	0.044944	0.00044943999999999995	assessed	provisional
SID531361	SID531361	donor_combined_disjoint_clean_reads	k__Bacteria|p__Firmicutes|c__Erysipelotrichia|o__Erysipelotrichales|f__Erysipelotrichaceae|g__Holdemania|s__Holdemania_sp_1001095H_141210_F2	species	2|1239|526524|526525|128827|61170|2787149	0.044366	0.00044366	assessed	provisional
SID531361	SID531361	donor_combined_disjoint_clean_reads	k__Bacteria|p__Firmicutes|c__Clostridia|o__Lachnospirales|f__Lachnospiraceae|g__Hominiventricola|s__Hominiventricola_filiformis	species	2|1239|186801|3085636|186803|3073584|2885352	0.044347	0.00044346999999999995	assessed	provisional
SID531361	SID531361	donor_combined_disjoint_clean_reads	k__Bacteria|p__Pseudomonadota|c__Betaproteobacteria|o__Burkholderiales|f__Sutterellaceae|g__Parasutterella|s__Parasutterella_excrementihominis	species	2|1224|28216|80840|995019|577310|487175	0.043584	0.00043584	assessed	provisional
SID531361	SID531361	donor_combined_disjoint_clean_reads	k__Bacteria|p__Firmicutes|c__Clostridia|o__Eubacteriales|f__Clostridiaceae|g__Pilosibacter|s__Pilosibacter_fragilis	species	2|1239|186801|186802|31979|3144345|3078042	0.040916	0.00040916	assessed	provisional
SID531361	SID531361	donor_combined_disjoint_clean_reads	k__Bacteria|p__Firmicutes|c__Negativicutes|o__Veillonellales|f__Veillonellaceae|g__Allisonella|s__Allisonella_histaminiformans	species	2|1239|909932|1843489|31977|209879|209880	0.039652	0.00039652	assessed	provisional
SID531361	SID531361	donor_combined_disjoint_clean_reads	k__Bacteria|p__Bacteroidota|c__Bacteroidia|o__Bacteroidales|f__Odoribacteraceae|g__Odoribacter|s__Odoribacter_splanchnicus	species	2|976|200643|171549|1853231|283168|28118	0.037065	0.00037065	assessed	provisional
SID531361	SID531361	donor_combined_disjoint_clean_reads	k__Bacteria|p__Firmicutes|c__Erysipelotrichia|o__Erysipelotrichales|f__Turicibacteraceae|g__Turicibacter|s__Turicibacter_bilis	species	2|1239|526524|526525|2810281|191303|2735723	0.036469	0.00036469000000000003	assessed	provisional
SID531361	SID531361	donor_combined_disjoint_clean_reads	k__Bacteria|p__Firmicutes|c__Clostridia|o__Lachnospirales|f__Lachnospiraceae|g__Frisingicoccus|s__Frisingicoccus_SGB47112	species	2|1239|186801|3085636|186803|1918511|	0.035274	0.00035274	assessed	provisional
SID531361	SID531361	donor_combined_disjoint_clean_reads	k__Bacteria|p__Bacteroidota|c__Bacteroidia|o__Bacteroidales|f__Rikenellaceae|g__Alistipes|s__Alistipes_dispar	species	2|976|200643|171549|171550|239759|2585119	0.034138	0.00034138	assessed	provisional
SID531361	SID531361	donor_combined_disjoint_clean_reads	k__Bacteria|p__Firmicutes|c__Clostridia|o__Lachnospirales|f__Lachnospiraceae|g__Mediterraneibacter|s__Mediterraneibacter_gnavus	species	2|1239|186801|3085636|186803|2316020|33038	0.033471	0.00033471	assessed	provisional
SID531361	SID531361	donor_combined_disjoint_clean_reads	k__Bacteria|p__Firmicutes|c__Clostridia|o__Lachnospirales|f__Anaerotignaceae|g__GGB3819|s__GGB3819_SGB5184	species	2|1239|186801|3085636|3118652||	0.03246	0.00032460000000000003	assessed	provisional
SID531361	SID531361	donor_combined_disjoint_clean_reads	k__Bacteria|p__Firmicutes|c__Bacilli|o__Lactobacillales|f__Streptococcaceae|g__Streptococcus|s__Streptococcus_thermophilus	species	2|1239|91061|186826|1300|1301|1308	0.031777	0.00031777	assessed	provisional
SID531361	SID531361	donor_combined_disjoint_clean_reads	k__Bacteria|p__Firmicutes|c__Clostridia|o__Eubacteriales|f__Oscillospiraceae|g__GGB9237|s__GGB9237_SGB14179	species	2|1239|186801|186802|216572||	0.031534	0.00031534	assessed	provisional
SID531361	SID531361	donor_combined_disjoint_clean_reads	k__Bacteria|p__Bacteroidota|c__Bacteroidia|o__Bacteroidales|f__Bacteroidaceae|g__Bacteroides|s__Bacteroides_thetaiotaomicron	species	2|976|200643|171549|815|816|818	0.030541	0.00030541	assessed	provisional
SID531361	SID531361	donor_combined_disjoint_clean_reads	k__Bacteria|p__Firmicutes|c__Clostridia|o__Lachnospirales|f__Lachnospiraceae|g__Faecalimonas|s__Faecalimonas_umbilicata	species	2|1239|186801|3085636|186803|2005355|1912855	0.029316	0.00029316	assessed	provisional
SID531361	SID531361	donor_combined_disjoint_clean_reads	k__Bacteria|p__Bacteroidota|c__Bacteroidia|o__Bacteroidales|f__Rikenellaceae|g__Alistipes|s__Alistipes_hominis	species	2|976|200643|171549|171550|239759|2763015	0.028984	0.00028984	assessed	provisional
SID531361	SID531361	donor_combined_disjoint_clean_reads	k__Bacteria|p__Firmicutes|c__Clostridia|o__Eubacteriales|f__Clostridiaceae|g__Clostridiaceae_unclassified|s__Clostridiaceae_bacterium	species	2|1239|186801|186802|31979||1898204	0.028883	0.00028883	assessed	provisional
SID531361	SID531361	donor_combined_disjoint_clean_reads	k__Bacteria|p__Firmicutes|c__Clostridia|o__Lachnospirales|f__Lachnospiraceae|g__Blautia|s__Blautia_obeum	species	2|1239|186801|3085636|186803|572511|40520	0.028223	0.00028223	assessed	provisional
SID531361	SID531361	donor_combined_disjoint_clean_reads	k__Bacteria|p__Firmicutes|c__Clostridia|o__Lachnospirales|f__Lachnospiraceae|g__Dorea|s__Dorea_sp_AF36_15AT	species	2|1239|186801|3085636|186803|189330|2292041	0.027571	0.00027571	assessed	provisional
SID531361	SID531361	donor_combined_disjoint_clean_reads	k__Bacteria|p__Firmicutes|c__Clostridia|o__Peptostreptococcales|f__Peptostreptococcaceae|g__Romboutsia|s__Romboutsia_timonensis	species	2|1239|186801|3082720|186804|1501226|1776391	0.027296	0.00027296	assessed	provisional
SID531361	SID531361	donor_combined_disjoint_clean_reads	k__Bacteria|p__Firmicutes|c__CFGB1292|o__OFGB1292|f__FGB1292|g__GGB3109|s__GGB3109_SGB4121	species	2|1239|||||	0.023191	0.00023191	assessed	provisional
SID531361	SID531361	donor_combined_disjoint_clean_reads	k__Bacteria|p__Firmicutes|c__Clostridia|o__Lachnospirales|f__Anaerotignaceae|g__Anaerotignum|s__Anaerotignum_faecicola	species	2|1239|186801|3085636|3118652|2039240|2358141	0.022932	0.00022932	assessed	provisional
SID531361	SID531361	donor_combined_disjoint_clean_reads	k__Bacteria|p__Firmicutes|c__Clostridia|o__Eubacteriales|f__Clostridiaceae|g__GGB3550|s__GGB3550_SGB4746	species	2|1239|186801|186802|31979||	0.022322	0.00022322000000000002	assessed	provisional
SID531361	SID531361	donor_combined_disjoint_clean_reads	k__Bacteria|p__Bacteroidota|c__Bacteroidia|o__Bacteroidales|f__Odoribacteraceae|g__Butyricimonas|s__Butyricimonas_paravirosa	species	2|976|200643|171549|1853231|574697|1472417	0.021682	0.00021682	assessed	provisional
SID531361	SID531361	donor_combined_disjoint_clean_reads	k__Bacteria|p__Firmicutes|c__Clostridia|o__Eubacteriales|f__Oscillospiraceae|g__Pseudoflavonifractor|s__Pseudoflavonifractor_gallinarum	species	2|1239|186801|186802|216572|1017280|2779352	0.020994	0.00020993999999999999	assessed	provisional
SID531361	SID531361	donor_combined_disjoint_clean_reads	k__Bacteria|p__Firmicutes|c__Clostridia|o__Eubacteriales|f__Eubacteriales_unclassified|g__Flintibacter|s__Flintibacter_hominis	species	2|1239|186801|186802||1918454|2763048	0.019643	0.00019643000000000001	assessed	provisional
SID531361	SID531361	donor_combined_disjoint_clean_reads	k__Bacteria|p__Firmicutes|c__Clostridia|o__Lachnospirales|f__Lachnospiraceae|g__GGB3677|s__GGB3677_SGB4990	species	2|1239|186801|3085636|186803||	0.018911	0.00018911	assessed	provisional
SID531361	SID531361	donor_combined_disjoint_clean_reads	k__Bacteria|p__Firmicutes|c__Clostridia|o__Eubacteriales|f__Oscillospiraceae|g__Allofournierella|s__Allofournierella_massiliensis	species	2|1239|186801|186802|216572|1940255|1650663	0.018825	0.00018825000000000002	assessed	provisional
SID531361	SID531361	donor_combined_disjoint_clean_reads	k__Bacteria|p__Firmicutes|c__Bacillota_unclassified|o__Bacillota_unclassified|f__Bacillota_unclassified|g__Negativibacillus|s__Negativibacillus_massiliensis	species	2|1239||||1980693|1871035	0.018764	0.00018763999999999999	assessed	provisional
SID531361	SID531361	donor_combined_disjoint_clean_reads	k__Bacteria|p__Firmicutes|c__Clostridia|o__Lachnospirales|f__Lachnospiraceae|g__Fusicatenibacter|s__Fusicatenibacter_faecihominis	species	2|1239|186801|3085636|186803|1407607|2881276	0.017674	0.00017674	assessed	provisional
SID531361	SID531361	donor_combined_disjoint_clean_reads	k__Bacteria|p__Firmicutes|c__Clostridia|o__Eubacteriales|f__Oscillospiraceae|g__GGB9667|s__GGB9667_SGB15164	species	2|1239|186801|186802|216572||	0.017443	0.00017443	assessed	provisional
SID531361	SID531361	donor_combined_disjoint_clean_reads	k__Bacteria|p__Verrucomicrobiota|c__Verrucomicrobiia|o__Verrucomicrobiales|f__Akkermansiaceae|g__Akkermansia|s__Akkermansia_muciniphila	species	2|74201|203494|48461|1647988|239934|239935	0.017026	0.00017025999999999999	assessed	provisional
SID531361	SID531361	donor_combined_disjoint_clean_reads	k__Bacteria|p__Firmicutes|c__Clostridia|o__Eubacteriales|f__Oscillospiraceae|g__Hominilimicola|s__Hominilimicola_fabiformis	species	2|1239|186801|186802|216572|3073565|2885356	0.016873	0.00016873	assessed	provisional
SID531361	SID531361	donor_combined_disjoint_clean_reads	k__Bacteria|p__Firmicutes|c__Erysipelotrichia|o__Erysipelotrichales|f__Coprobacillaceae|g__Thomasclavelia|s__Thomasclavelia_ramosa	species	2|1239|526524|526525|2810280|3025755|1547	0.016688	0.00016688	assessed	provisional
SID531361	SID531361	donor_combined_disjoint_clean_reads	k__Bacteria|p__Firmicutes|c__Clostridia|o__Eubacteriales|f__Acutalibacteraceae|g__Acutalibacter|s__Acutalibacter_SGB72747	species	2|1239|186801|186802|3082771|1918385|	0.01666	0.0001666	assessed	provisional
SID531361	SID531361	donor_combined_disjoint_clean_reads	k__Bacteria|p__Firmicutes|c__Clostridia|o__Eubacteriales|f__Oscillospiraceae|g__GGB9739|s__GGB9739_SGB15313	species	2|1239|186801|186802|216572||	0.016143	0.00016143	assessed	provisional
SID531361	SID531361	donor_combined_disjoint_clean_reads	k__Bacteria|p__Firmicutes|c__Clostridia|o__Lachnospirales|f__Lachnospiraceae|g__Jutongia|s__Jutongia_hominis	species	2|1239|186801|3085636|186803|2944194|2763664	0.015914	0.00015914	assessed	provisional
SID531361	SID531361	donor_combined_disjoint_clean_reads	k__Bacteria|p__Firmicutes|c__CFGB1765|o__OFGB1765|f__FGB1765|g__GGB4569|s__GGB4569_SGB6312	species	2|1239|||||	0.015759	0.00015759	assessed	provisional
SID531361	SID531361	donor_combined_disjoint_clean_reads	k__Bacteria|p__Firmicutes|c__Clostridia|o__Eubacteriales|f__Eubacteriaceae|g__Eubacterium|s__Eubacterium_segne	species	2|1239|186801|186802|186806|1730|2763045	0.015525	0.00015525	assessed	provisional
SID531361	SID531361	donor_combined_disjoint_clean_reads	k__Bacteria|p__Firmicutes|c__Clostridia|o__Eubacteriales|f__Oscillospiraceae|g__Ruthenibacterium|s__Ruthenibacterium_lactatiformans	species	2|1239|186801|186802|216572|1905344|1550024	0.015446	0.00015446	assessed	provisional
SID531361	SID531361	donor_combined_disjoint_clean_reads	k__Bacteria|p__Firmicutes|c__CFGB77202|o__OFGB77202|f__FGB77202|g__GGB34900|s__GGB34900_SGB14891	species	2|1239|||||	0.014481	0.00014481000000000002	assessed	provisional
SID531361	SID531361	donor_combined_disjoint_clean_reads	k__Bacteria|p__Firmicutes|c__Clostridia|o__Eubacteriales|f__Eubacteriales_unclassified|g__Intestinimonas|s__Intestinimonas_butyriciproducens	species	2|1239|186801|186802||1392389|1297617	0.013747	0.00013747	assessed	provisional
SID531361	SID531361	donor_combined_disjoint_clean_reads	k__Bacteria|p__Firmicutes|c__CFGB3009|o__OFGB3009|f__FGB3009|g__GGB9474|s__GGB9474_SGB14868	species	2|1239|||||	0.012006	0.00012006	assessed	provisional
SID531361	SID531361	donor_combined_disjoint_clean_reads	k__Bacteria|p__Pseudomonadota|c__Betaproteobacteria|o__Burkholderiales|f__Sutterellaceae|g__Sutterella|s__Sutterella_SGB9281	species	2|1224|28216|80840|995019|40544|	0.011825	0.00011825	assessed	provisional
SID531361	SID531361	donor_combined_disjoint_clean_reads	k__Bacteria|p__Firmicutes|c__Clostridia|o__Lachnospirales|f__Lachnospiraceae|g__Anaerosacchariphilus|s__Anaerosacchariphilus_hominis	species	2|1239|186801|3085636|186803|2678884|2763017	0.011795	0.00011795	assessed	provisional
SID531361	SID531361	donor_combined_disjoint_clean_reads	k__Bacteria|p__Bacteroidota|c__Bacteroidia|o__Bacteroidales|f__Barnesiellaceae|g__Coprobacter|s__Coprobacter_secundus	species	2|976|200643|171549|2005519|1348911|1501392	0.011649	0.00011648999999999999	assessed	provisional
SID531361	SID531361	donor_combined_disjoint_clean_reads	k__Bacteria|p__Bacteroidota|c__Bacteroidia|o__Bacteroidales|f__Rikenellaceae|g__Alistipes|s__Alistipes_ihumii	species	2|976|200643|171549|171550|239759|1470347	0.010946	0.00010945999999999999	assessed	provisional
SID531361	SID531361	donor_combined_disjoint_clean_reads	k__Bacteria|p__Firmicutes|c__Clostridia|o__Lachnospirales|f__Lachnospiraceae|g__Anaerobutyricum|s__Anaerobutyricum_soehngenii	species	2|1239|186801|3085636|186803|2569097|105843	0.010926	0.00010926	assessed	provisional
SID531361	SID531361	donor_combined_disjoint_clean_reads	k__Bacteria|p__Bacteroidota|c__Bacteroidia|o__Bacteroidales|f__Rikenellaceae|g__Alistipes|s__Alistipes_putredinis	species	2|976|200643|171549|171550|239759|28117	0.010851	0.00010850999999999999	assessed	provisional
SID531361	SID531361	donor_combined_disjoint_clean_reads	k__Bacteria|p__Firmicutes|c__Clostridia|o__Lachnospirales|f__Lachnospiraceae|g__GGB3680|s__GGB3680_SGB4995	species	2|1239|186801|3085636|186803||	0.010358	0.00010358	assessed	provisional
SID531361	SID531361	donor_combined_disjoint_clean_reads	k__Bacteria|p__Bacteroidota|c__Bacteroidia|o__Bacteroidales|f__Barnesiellaceae|g__Coprobacter|s__Coprobacter_fastidiosus	species	2|976|200643|171549|2005519|1348911|1099853	0.010297	0.00010297000000000001	assessed	provisional
SID531361	SID531361	donor_combined_disjoint_clean_reads	k__Bacteria|p__Firmicutes|c__CFGB3048|o__OFGB3048|f__FGB3048|g__GGB9559|s__GGB9559_SGB14969	species	2|1239|||||	0.010023	0.00010023000000000001	assessed	provisional
SID531361	SID531361	donor_combined_disjoint_clean_reads	k__Bacteria|p__Actinomycetota|c__Coriobacteriia|o__Eggerthellales|f__Eggerthellaceae|g__Eggerthella|s__Eggerthella_lenta	species	2|201174|84998|1643822|1643826|84111|84112	0.009381	9.381e-05	assessed	provisional
SID531361	SID531361	donor_combined_disjoint_clean_reads	k__Bacteria|p__Firmicutes|c__CFGB3038|o__OFGB3038|f__FGB3038|g__GGB9534|s__GGB9534_SGB14937	species	2|1239|||||	0.009379	9.379000000000001e-05	assessed	provisional
SID531361	SID531361	donor_combined_disjoint_clean_reads	k__Bacteria|p__Firmicutes|c__CFGB1011|o__OFGB1011|f__FGB1011|g__GGB2653|s__GGB2653_SGB3574	species	2|1239|||||	0.009187	9.187000000000001e-05	assessed	provisional
SID531361	SID531361	donor_combined_disjoint_clean_reads	k__Bacteria|p__Firmicutes|c__Clostridia|o__Lachnospirales|f__Lachnospiraceae|g__GGB51511|s__GGB51511_SGB105679	species	2|1239|186801|3085636|186803||	0.008893	8.893e-05	assessed	provisional
SID531361	SID531361	donor_combined_disjoint_clean_reads	k__Bacteria|p__Firmicutes|c__Clostridia|o__Eubacteriales|f__Clostridiaceae|g__Clostridium|s__Clostridium_SGB6173	species	2|1239|186801|186802|31979|1485|	0.008822	8.822e-05	assessed	provisional
SID531361	SID531361	donor_combined_disjoint_clean_reads	k__Bacteria|p__Firmicutes|c__Clostridia|o__Lachnospirales|f__Lachnospiraceae|g__Enterocloster|s__Enterocloster_asparagiformis	species	2|1239|186801|3085636|186803|2719313|333367	0.008696	8.696000000000001e-05	assessed	provisional
SID531361	SID531361	donor_combined_disjoint_clean_reads	k__Archaea|p__Methanobacteriota|c__Methanobacteria|o__Methanobacteriales|f__Methanobacteriaceae|g__Methanobrevibacter|s__Methanobrevibacter_smithii	species	2157|28890|183925|2158|2159|2172|2173	0.008485	8.484999999999999e-05	assessed	provisional
SID531361	SID531361	donor_combined_disjoint_clean_reads	k__Bacteria|p__Firmicutes|c__Negativicutes|o__Veillonellales|f__Veillonellaceae|g__Veillonella|s__Veillonella_parvula	species	2|1239|909932|1843489|31977|29465|29466	0.007819	7.819e-05	assessed	provisional
SID531361	SID531361	donor_combined_disjoint_clean_reads	k__Bacteria|p__Firmicutes|c__Clostridia|o__Lachnospirales|f__Lachnospiraceae|g__Blautia|s__Blautia_intestinalis	species	2|1239|186801|3085636|186803|572511|2763028	0.007447	7.447e-05	assessed	provisional
SID531361	SID531361	donor_combined_disjoint_clean_reads	k__Bacteria|p__Firmicutes|c__Negativicutes|o__Veillonellales|f__Veillonellaceae|g__Dialister|s__Dialister_invisus	species	2|1239|909932|1843489|31977|39948|218538	0.007435	7.434999999999999e-05	assessed	provisional
SID531361	SID531361	donor_combined_disjoint_clean_reads	k__Bacteria|p__Bacteroidota|c__Bacteroidia|o__Bacteroidales|f__Rikenellaceae|g__Alistipes|s__Alistipes_communis	species	2|976|200643|171549|171550|239759|2585118	0.007382	7.382e-05	assessed	provisional
SID531361	SID531361	donor_combined_disjoint_clean_reads	k__Bacteria|p__Firmicutes|c__Clostridia|o__Eubacteriales|f__Eubacteriales_unclassified|g__Flintibacter|s__Flintibacter_SGB15145	species	2|1239|186801|186802||1918454|	0.007243	7.243000000000001e-05	assessed	provisional
SID531361	SID531361	donor_combined_disjoint_clean_reads	k__Bacteria|p__Firmicutes|c__Clostridia|o__Eubacteriales|f__Oscillospiraceae|g__GGB9469|s__GGB9469_SGB14862	species	2|1239|186801|186802|216572||	0.007039	7.039e-05	assessed	provisional
SID531361	SID531361	donor_combined_disjoint_clean_reads	k__Bacteria|p__Firmicutes|c__CFGB93792|o__OFGB93792|f__FGB93792|g__GGB9523|s__GGB9523_SGB14922	species	2|1239|||||	0.006916	6.916000000000001e-05	assessed	provisional
SID531361	SID531361	donor_combined_disjoint_clean_reads	k__Bacteria|p__Firmicutes|c__Clostridia|o__Lachnospirales|f__Lachnospiraceae|g__Mediterraneibacter|s__Mediterraneibacter_glycyrrhizinilyticus	species	2|1239|186801|3085636|186803|2316020|342942	0.006793	6.793000000000001e-05	assessed	provisional
SID531361	SID531361	donor_combined_disjoint_clean_reads	k__Bacteria|p__Actinomycetota|c__Actinomycetes|o__Bifidobacteriales|f__Bifidobacteriaceae|g__Bifidobacterium|s__Bifidobacterium_pseudocatenulatum	species	2|201174|1760|85004|31953|1678|28026	0.006689	6.688999999999999e-05	assessed	provisional
SID531361	SID531361	donor_combined_disjoint_clean_reads	k__Bacteria|p__Firmicutes|c__Erysipelotrichia|o__Erysipelotrichales|f__Erysipelotrichaceae|g__Amedibacterium|s__Amedibacterium_intestinale	species	2|1239|526524|526525|128827|2749267|2583452	0.006651	6.651e-05	assessed	provisional
SID531361	SID531361	donor_combined_disjoint_clean_reads	k__Bacteria|p__Candidatus_Saccharibacteria|c__Candidatus_Saccharibacteria_unclassified|o__Candidatus_Saccharibacteria_unclassified|f__Candidatus_Saccharibacteria_unclassified|g__Candidatus_Saccharibacteria_unclassified|s__TM7_phylum_sp_oral_taxon_352	species	2|95818|||||713054	0.006265	6.264999999999999e-05	assessed	provisional
SID531361	SID531361	donor_combined_disjoint_clean_reads	k__Bacteria|p__Firmicutes|c__Clostridia|o__Eubacteriales|f__Clostridiaceae|g__Clostridium|s__Clostridium_SGB4750	species	2|1239|186801|186802|31979|1485|	0.006173	6.173e-05	assessed	provisional
SID531361	SID531361	donor_combined_disjoint_clean_reads	k__Bacteria|p__Thermodesulfobacteriota|c__Desulfovibrionia|o__Desulfovibrionales|f__Desulfovibrionaceae|g__GGB9818|s__GGB9818_SGB15459	species	2|200940|3031449|213115|194924||	0.006063	6.063e-05	assessed	provisional
SID531361	SID531361	donor_combined_disjoint_clean_reads	k__Bacteria|p__Firmicutes|c__CFGB79330|o__OFGB79330|f__FGB79330|g__GGB3005|s__GGB3005_SGB3996	species	2|1239|||||	0.006018	6.0179999999999996e-05	assessed	provisional
SID531361	SID531361	donor_combined_disjoint_clean_reads	k__Bacteria|p__Firmicutes|c__Clostridia|o__Eubacteriales|f__Oscillospiraceae|g__Lawsonibacter|s__Lawsonibacter_hominis	species	2|1239|186801|186802|216572|2172004|2763053	0.005944	5.943999999999999e-05	assessed	provisional
SID531361	SID531361	donor_combined_disjoint_clean_reads	k__Bacteria|p__Firmicutes|c__Clostridia|o__Lachnospirales|f__Lachnospiraceae|g__Eisenbergiella|s__Eisenbergiella_tayi	species	2|1239|186801|3085636|186803|1432051|1432052	0.005861	5.8609999999999996e-05	assessed	provisional
SID531361	SID531361	donor_combined_disjoint_clean_reads	k__Bacteria|p__Firmicutes|c__Clostridia|o__Lachnospirales|f__Lachnospiraceae|g__GGB51512|s__GGB51512_SGB71885	species	2|1239|186801|3085636|186803||	0.005798	5.7980000000000004e-05	assessed	provisional
SID531361	SID531361	donor_combined_disjoint_clean_reads	k__Bacteria|p__Firmicutes|c__Clostridia|o__Lachnospirales|f__Lachnospiraceae|g__Hungatella|s__Hungatella_hathewayi	species	2|1239|186801|3085636|186803|1649459|154046	0.005631	5.6309999999999994e-05	assessed	provisional
SID531361	SID531361	donor_combined_disjoint_clean_reads	k__Bacteria|p__Firmicutes|c__Clostridia|o__Eubacteriales|f__Oscillospiraceae|g__Oscillospiraceae_unclassified|s__Clostridium_leptum	species	2|1239|186801|186802|216572||1535	0.005563	5.563e-05	assessed	provisional
SID531361	SID531361	donor_combined_disjoint_clean_reads	k__Bacteria|p__Actinomycetota|c__Actinomycetes|o__Actinomycetales|f__Actinomycetaceae|g__Actinomyces|s__Actinomyces_sp_ICM47	species	2|201174|1760|2037|2049|1654|936548	0.005505	5.505e-05	assessed	provisional
SID531361	SID531361	donor_combined_disjoint_clean_reads	k__Bacteria|p__Firmicutes|c__Clostridia|o__Eubacteriales|f__Oscillospiraceae|g__Merdimmobilis|s__Merdimmobilis_hominis	species	2|1239|186801|186802|216572|3028852|2897707	0.005415	5.4149999999999995e-05	assessed	provisional
SID531361	SID531361	donor_combined_disjoint_clean_reads	k__Bacteria|p__Firmicutes|c__Clostridia|o__Eubacteriales|f__Acutalibacteraceae|g__GGB42389|s__GGB42389_SGB59559	species	2|1239|186801|186802|3082771||	0.00517	5.17e-05	assessed	provisional
SID531361	SID531361	donor_combined_disjoint_clean_reads	k__Bacteria|p__Firmicutes|c__CFGB3034|o__OFGB3034|f__FGB3034|g__GGB45614|s__GGB45614_SGB63327	species	2|1239|||||	0.005112	5.1120000000000005e-05	assessed	provisional
SID531361	SID531361	donor_combined_disjoint_clean_reads	k__Bacteria|p__Firmicutes|c__Clostridia|o__Eubacteriales|f__Oscillospiraceae|g__Pusillibacter|s__Pusillibacter_faecalis	species	2|1239|186801|186802|216572|2892397|2714358	0.005026	5.026e-05	assessed	provisional
SID531361	SID531361	donor_combined_disjoint_clean_reads	k__Bacteria|p__Bacteroidota|c__Bacteroidia|o__Bacteroidales|f__Bacteroidaceae|g__Bacteroides|s__Bacteroides_ovatus	species	2|976|200643|171549|815|816|28116	0.004596	4.596e-05	assessed	provisional
SID531361	SID531361	donor_combined_disjoint_clean_reads	k__Bacteria|p__Firmicutes|c__Clostridia|o__Eubacteriales|f__Clostridiaceae|g__Clostridium|s__Clostridium_saudiense	species	2|1239|186801|186802|31979|1485|1414720	0.004511	4.511e-05	assessed	provisional
SID531361	SID531361	donor_combined_disjoint_clean_reads	k__Bacteria|p__Firmicutes|c__Erysipelotrichia|o__Erysipelotrichales|f__Erysipelotrichaceae|g__Dielma|s__Dielma_fastidiosa	species	2|1239|526524|526525|128827|1472649|1034346	0.004457	4.457e-05	assessed	provisional
SID531361	SID531361	donor_combined_disjoint_clean_reads	k__Bacteria|p__Firmicutes|c__Clostridia|o__Lachnospirales|f__Lachnospiraceae|g__Blautia|s__Blautia_caecimuris	species	2|1239|186801|3085636|186803|572511|1796615	0.004436	4.4359999999999995e-05	assessed	provisional
SID531361	SID531361	donor_combined_disjoint_clean_reads	k__Bacteria|p__Firmicutes|c__Clostridia|o__Eubacteriales|f__Oscillospiraceae|g__Bittarella_ex_Durand_et_al_2017|s__Bittarella_massiliensis_ex_Durand_et_al_2017	species	2|1239|186801|186802|216572|1929297|1720313	0.00439	4.3899999999999996e-05	assessed	provisional
SID531361	SID531361	donor_combined_disjoint_clean_reads	k__Bacteria|p__Firmicutes|c__Clostridia|o__Eubacteriales|f__Acutalibacteraceae|g__Anaeromassilibacillus|s__Anaeromassilibacillus_senegalensis	species	2|1239|186801|186802|3082771|1924093|1673717	0.004385	4.385e-05	assessed	provisional
SID531361	SID531361	donor_combined_disjoint_clean_reads	k__Bacteria|p__Firmicutes|c__CFGB3004|o__OFGB3004|f__FGB3004|g__GGB58158|s__GGB58158_SGB79798	species	2|1239|||||	0.004348	4.3480000000000004e-05	assessed	provisional
SID531361	SID531361	donor_combined_disjoint_clean_reads	k__Bacteria|p__Firmicutes|c__Clostridia|o__Lachnospirales|f__Lachnospiraceae|g__Lachnotalea|s__Lachnotalea_sp_AF33_28	species	2|1239|186801|3085636|186803|1763508|2292046	0.004256	4.256e-05	assessed	provisional
SID531361	SID531361	donor_combined_disjoint_clean_reads	k__Bacteria|p__Firmicutes|c__Clostridia|o__Eubacteriales|f__Butyricicoccaceae|g__Butyricicoccus|s__Butyricicoccus_pullicaecorum	species	2|1239|186801|186802|3085642|580596|501571	0.004215	4.215e-05	assessed	provisional
SID531361	SID531361	donor_combined_disjoint_clean_reads	k__Bacteria|p__Firmicutes|c__Clostridia|o__Eubacteriales|f__Clostridiaceae|g__Clostridium|s__Clostridium_sp_AM29_11AC	species	2|1239|186801|186802|31979|1485|2293028	0.00383	3.83e-05	assessed	provisional
SID531361	SID531361	donor_combined_disjoint_clean_reads	k__Bacteria|p__Pseudomonadota|c__Betaproteobacteria|o__Burkholderiales|f__Sutterellaceae|g__Parasutterella|s__Parasutterella_SGB9260	species	2|1224|28216|80840|995019|577310|	0.003702	3.702e-05	assessed	provisional
SID531361	SID531361	donor_combined_disjoint_clean_reads	k__Bacteria|p__Firmicutes|c__Clostridia|o__Lachnospirales|f__Lachnospiraceae|g__GGB3534|s__GGB3534_SGB4722	species	2|1239|186801|3085636|186803||	0.003457	3.457e-05	assessed	provisional
SID531361	SID531361	donor_combined_disjoint_clean_reads	k__Bacteria|p__Firmicutes|c__Clostridia|o__Eubacteriales|f__Oscillospiraceae|g__Anaerofilum|s__Anaerofilum_hominis	species	2|1239|186801|186802|216572|52784|2763016	0.003199	3.199e-05	assessed	provisional
SID531361	SID531361	donor_combined_disjoint_clean_reads	k__Bacteria|p__Firmicutes|c__Clostridia|o__Peptostreptococcales|f__Anaerovoracaceae|g__Emergencia|s__Emergencia_timonensis	species	2|1239|186801|3082720|3030910|1926556|1776384	0.003077	3.077e-05	assessed	provisional
SID531361	SID531361	donor_combined_disjoint_clean_reads	k__Bacteria|p__Firmicutes|c__Clostridia|o__Lachnospirales|f__Lachnospiraceae|g__Enterocloster|s__Enterocloster_bolteae	species	2|1239|186801|3085636|186803|2719313|208479	0.003061	3.061e-05	assessed	provisional
SID531361	SID531361	donor_combined_disjoint_clean_reads	k__Bacteria|p__Firmicutes|c__CFGB79330|o__OFGB79330|f__FGB79330|g__GGB3001|s__GGB3001_SGB3992	species	2|1239|||||	0.00302	3.0200000000000002e-05	assessed	provisional
SID531361	SID531361	donor_combined_disjoint_clean_reads	k__Bacteria|p__Firmicutes|c__Bacilli|o__Lactobacillales|f__Streptococcaceae|g__Lactococcus|s__Lactococcus_lactis	species	2|1239|91061|186826|1300|1357|1358	0.00272	2.72e-05	assessed	provisional
SID531361	SID531361	donor_combined_disjoint_clean_reads	k__Bacteria|p__Firmicutes|c__Clostridia|o__Eubacteriales|f__Clostridiaceae|g__Massilioclostridium|s__Massilioclostridium_coli	species	2|1239|186801|186802|31979|1935927|1870991	0.00253	2.5300000000000002e-05	assessed	provisional
SID531361	SID531361	donor_combined_disjoint_clean_reads	k__Bacteria|p__Firmicutes|c__Clostridia|o__Lachnospirales|f__Lachnospiraceae|g__Sellimonas|s__Sellimonas_intestinalis	species	2|1239|186801|3085636|186803|1769710|1653434	0.00251	2.51e-05	assessed	provisional
SID531361	SID531361	donor_combined_disjoint_clean_reads	k__Bacteria|p__Actinomycetota|c__Coriobacteriia|o__Coriobacteriales|f__Coriobacteriaceae|g__Collinsella|s__Collinsella_tanakaei	species	2|201174|84998|84999|84107|102106|626935	0.002507	2.5070000000000002e-05	assessed	provisional
SID531361	SID531361	donor_combined_disjoint_clean_reads	k__Bacteria|p__Firmicutes|c__Bacilli|o__Lactobacillales|f__Lactobacillaceae|g__Lacticaseibacillus|s__Lacticaseibacillus_rhamnosus	species	2|1239|91061|186826|33958|2759736|47715	0.002491	2.491e-05	assessed	provisional
SID531361	SID531361	donor_combined_disjoint_clean_reads	k__Bacteria|p__Firmicutes|c__CFGB2881|o__OFGB2881|f__FGB2881|g__GGB9185|s__GGB9185_SGB14124	species	2|1239|||||	0.002409	2.409e-05	assessed	provisional
SID531361	SID531361	donor_combined_disjoint_clean_reads	k__Bacteria|p__Firmicutes|c__Clostridia|o__Eubacteriales|f__Oscillospiraceae|g__GGB9724|s__GGB9724_SGB15278	species	2|1239|186801|186802|216572||	0.002132	2.1320000000000003e-05	assessed	provisional
SID531361	SID531361	donor_combined_disjoint_clean_reads	k__Bacteria|p__Firmicutes|c__CFGB93863|o__OFGB93863|f__FGB93863|g__GGB45613|s__GGB45613_SGB63326	species	2|1239|||||	0.002071	2.071e-05	assessed	provisional
SID531361	SID531361	donor_combined_disjoint_clean_reads	k__Bacteria|p__Firmicutes|c__Clostridia|o__Eubacteriales|f__Acutalibacteraceae|g__GGB38744|s__GGB38744_SGB14842	species	2|1239|186801|186802|3082771||	0.001981	1.9810000000000002e-05	assessed	provisional
SID531361	SID531361	donor_combined_disjoint_clean_reads	k__Bacteria|p__Firmicutes|c__Clostridia|o__Eubacteriales|f__Oscillospiraceae|g__Ruminococcus|s__Ruminococcus_bromii	species	2|1239|186801|186802|216572|1263|40518	0.00187	1.87e-05	assessed	provisional
SID531361	SID531361	donor_combined_disjoint_clean_reads	k__Bacteria|p__Firmicutes|c__Clostridia|o__Eubacteriales|f__Eubacteriales_Family_XIII_Incertae_Sedis|g__Zhenpiania|s__Zhenpiania_hominis	species	2|1239|186801|186802|543314|2944199|2763644	0.001646	1.6459999999999998e-05	assessed	provisional
SID531361	SID531361	donor_combined_disjoint_clean_reads	k__Bacteria|p__Firmicutes|c__CFGB2982|o__OFGB2982|f__FGB2982|g__GGB9342|s__GGB9342_SGB14306	species	2|1239|||||	0.00162	1.62e-05	assessed	provisional
SID531361	SID531361	donor_combined_disjoint_clean_reads	k__Bacteria|p__Firmicutes|c__Clostridia|o__Lachnospirales|f__Lachnospiraceae|g__Enterocloster|s__Enterocloster_aldenensis	species	2|1239|186801|3085636|186803|2719313|358742	0.001579	1.579e-05	assessed	provisional
SID531361	SID531361	donor_combined_disjoint_clean_reads	k__Bacteria|p__Firmicutes|c__Clostridia|o__Lachnospirales|f__Lachnospiraceae|g__Enterocloster|s__Enterocloster_citroniae	species	2|1239|186801|3085636|186803|2719313|358743	0.00155	1.55e-05	assessed	provisional
SID531361	SID531361	donor_combined_disjoint_clean_reads	k__Bacteria|p__Firmicutes|c__Erysipelotrichia|o__Erysipelotrichales|f__Erysipelotrichaceae|g__Erysipelotrichaceae_unclassified|s__Clostridium_innocuum	species	2|1239|526524|526525|128827||1522	0.001527	1.5269999999999998e-05	assessed	provisional
SID531361	SID531361	donor_combined_disjoint_clean_reads	k__Bacteria|p__Actinomycetota|c__Actinomycetes|o__Bifidobacteriales|f__Bifidobacteriaceae|g__Bifidobacterium|s__Bifidobacterium_longum	species	2|201174|1760|85004|31953|1678|216816	0.001451	1.451e-05	assessed	provisional
SID531361	SID531361	donor_combined_disjoint_clean_reads	k__Bacteria|p__Firmicutes|c__Clostridia|o__Eubacteriales|f__Oscillospiraceae|g__GGB9575|s__GGB9575_SGB14988	species	2|1239|186801|186802|216572||	0.001448	1.448e-05	assessed	provisional
SID531361	SID531361	donor_combined_disjoint_clean_reads	k__Bacteria|p__Firmicutes|c__CFGB36777|o__OFGB36777|f__FGB36777|g__GGB36777|s__GGB36777_SGB49178	species	2|1239|||||	0.001435	1.4350000000000002e-05	assessed	provisional
SID531361	SID531361	donor_combined_disjoint_clean_reads	k__Bacteria|p__Firmicutes|c__Negativicutes|o__Veillonellales|f__Veillonellaceae|g__Veillonella|s__Veillonella_atypica	species	2|1239|909932|1843489|31977|29465|39777	0.0014	1.4e-05	assessed	provisional
SID531361	SID531361	donor_combined_disjoint_clean_reads	k__Bacteria|p__Firmicutes|c__Clostridia|o__Eubacteriales|f__Oscillospiraceae|g__Brotocaccenecus|s__Brotocaccenecus_cirricatena	species	2|1239|186801|186802|216572|3064194|3064195	0.001398	1.398e-05	assessed	provisional
SID531361	SID531361	donor_combined_disjoint_clean_reads	k__Bacteria|p__Firmicutes|c__Bacilli|o__Lactobacillales|f__Streptococcaceae|g__Streptococcus|s__Streptococcus_parasanguinis	species	2|1239|91061|186826|1300|1301|1318	0.001392	1.392e-05	assessed	provisional
SID531361	SID531361	donor_combined_disjoint_clean_reads	k__Bacteria|p__Firmicutes|c__CFGB41334|o__OFGB41334|f__FGB41334|g__GGB42392|s__GGB42392_SGB71394	species	2|1239|||||	0.001278	1.2780000000000001e-05	assessed	provisional
SID531361	SID531361	donor_combined_disjoint_clean_reads	k__Bacteria|p__Firmicutes|c__CFGB14936|o__OFGB14936|f__FGB14936|g__GGB3256|s__GGB3256_SGB4303	species	2|1239|||||	0.001263	1.263e-05	assessed	provisional
SID531361	SID531361	donor_combined_disjoint_clean_reads	k__Bacteria|p__Firmicutes|c__CFGB3038|o__OFGB3038|f__FGB3038|g__GGB9529|s__GGB9529_SGB14929	species	2|1239|||||	0.001086	1.086e-05	assessed	provisional
SID531361	SID531361	donor_combined_disjoint_clean_reads	k__Bacteria|p__Firmicutes|c__Clostridia|o__Eubacteriales|f__Eubacteriales_unclassified|g__Gemmiger|s__Gemmiger_formicilis	species	2|1239|186801|186802||204475|745368	0.001056	1.056e-05	assessed	provisional
SID531361	SID531361	donor_combined_disjoint_clean_reads	k__Bacteria|p__Firmicutes|c__Clostridia|o__Clostridia_unclassified|f__Clostridia_unclassified|g__GGB79395|s__GGB79395_SGB105947	species	2|1239|186801||||	0.000906	9.06e-06	assessed	provisional
SID531361	SID531361	donor_combined_disjoint_clean_reads	k__Bacteria|p__Firmicutes|c__Erysipelotrichia|o__Erysipelotrichales|f__Erysipelotrichaceae|g__Massilimicrobiota|s__Massilimicrobiota_timonensis	species	2|1239|526524|526525|128827|1924110|1776392	0.00075	7.5e-06	assessed	provisional
SID531361	SID531361	donor_combined_disjoint_clean_reads	k__Bacteria|p__Firmicutes|c__CFGB3057|o__OFGB3057|f__FGB3057|g__GGB9719|s__GGB9719_SGB15272	species	2|1239|||||	0.000706	7.06e-06	assessed	provisional
SID531361	SID531361	donor_combined_disjoint_clean_reads	k__Bacteria|p__Firmicutes|c__Clostridia|o__Eubacteriales|f__Eubacteriales_Family_XIII_Incertae_Sedis|g__Lentihominibacter|s__Lentihominibacter_faecis	species	2|1239|186801|186802|543314|2944200|2764712	0.000654	6.539999999999999e-06	assessed	provisional
SID531361	SID531361	donor_combined_disjoint_clean_reads	k__Bacteria|p__Actinomycetota|c__Coriobacteriia|o__Coriobacteriales|f__Coriobacteriaceae|g__Collinsella|s__Collinsella_stercoris	species	2|201174|84998|84999|84107|102106|147206	0.000624	6.2399999999999995e-06	assessed	provisional
SID531361	SID531361	donor_combined_disjoint_clean_reads	k__Bacteria|p__Firmicutes|c__Clostridia|o__Eubacteriales|f__Butyricicoccaceae|g__Agathobaculum|s__Agathobaculum_faecis	species	2|1239|186801|186802|3085642|2048137|2763013	0.000587	5.87e-06	assessed	provisional
SID531361	SID531361	donor_combined_disjoint_clean_reads	k__Bacteria|p__Actinomycetota|c__Coriobacteriia|o__Eggerthellales|f__Eggerthellaceae|g__Adlercreutzia|s__Adlercreutzia_equolifaciens	species	2|201174|84998|1643822|1643826|447020|446660	0.000494	4.94e-06	assessed	provisional
SID531361	SID531361	donor_combined_disjoint_clean_reads	k__Bacteria|p__Firmicutes|c__Clostridia|o__Lachnospirales|f__Lachnospiraceae|g__Blautia|s__Blautia_hansenii	species	2|1239|186801|3085636|186803|572511|1322	0.000464	4.64e-06	assessed	provisional
SID531361	SID531361	donor_combined_disjoint_clean_reads	k__Bacteria|p__Bacteroidota|c__Bacteroidia|o__Bacteroidales|f__Bacteroidaceae|g__Phocaeicola|s__Phocaeicola_sartorii	species	2|976|200643|171549|815|909656|671267	0.000421	4.2099999999999995e-06	assessed	provisional
SID531361	SID531361	donor_combined_disjoint_clean_reads	k__Bacteria|p__Firmicutes|c__Clostridia|o__Eubacteriales|f__Oscillospiraceae|g__Vescimonas|s__Vescimonas_SGB15084	species	2|1239|186801|186802|216572|2892396|	0.000402	4.0200000000000005e-06	assessed	provisional
SID531361	SID531361	donor_combined_disjoint_clean_reads	k__Bacteria|p__Actinomycetota|c__Coriobacteriia|o__Eggerthellales|f__Eggerthellaceae|g__Eggerthella|s__Eggerthella_sp_YY7918	species	2|201174|84998|1643822|1643826|84111|502558	0.000385	3.8499999999999996e-06	assessed	provisional
SID531361	SID531361	donor_combined_disjoint_clean_reads	k__Bacteria|p__Firmicutes|c__Clostridia|o__Lachnospirales|f__Lachnospiraceae|g__Roseburia|s__Roseburia_faecis	species	2|1239|186801|3085636|186803|841|301302	0.000358	3.5799999999999996e-06	assessed	provisional
SID531361	SID531361	donor_combined_disjoint_clean_reads	k__Bacteria|p__Firmicutes|c__Clostridia|o__Eubacteriales|f__Oscillospiraceae|g__Anaerotruncus|s__Anaerotruncus_rubiinfantis	species	2|1239|186801|186802|216572|244127|1720200	0.000306	3.06e-06	assessed	provisional
SID531361	SID531361	donor_combined_disjoint_clean_reads	k__Bacteria|p__Firmicutes|c__Clostridia|o__Lachnospirales|f__Lachnospiraceae|g__Diplocloster|s__Diplocloster_agilis	species	2|1239|186801|3085636|186803|2918511|2850323	0.000211	2.11e-06	assessed	provisional
SID531469	SID531469	donor_combined_disjoint_clean_reads	UNCLASSIFIED	unclassified	-1	19.894343	0.19894343	assessed	provisional
SID531469	SID531469	donor_combined_disjoint_clean_reads	k__Bacteria|p__Bacteroidota|c__Bacteroidia|o__Bacteroidales|f__Bacteroidaceae|g__Phocaeicola|s__Phocaeicola_vulgatus	species	2|976|200643|171549|815|909656|821	7.061664	0.07061664000000001	assessed	provisional
SID531469	SID531469	donor_combined_disjoint_clean_reads	k__Bacteria|p__Firmicutes|c__Clostridia|o__Eubacteriales|f__Eubacteriales_incertae_sedis|g__Candidatus_Cibionibacter|s__Candidatus_Cibionibacter_quicibialis	species	2|1239|186801|186802|538999|2527773|2500537	6.834693	0.06834693	assessed	provisional
SID531469	SID531469	donor_combined_disjoint_clean_reads	k__Bacteria|p__Firmicutes|c__Clostridia|o__Lachnospirales|f__Lachnospiraceae|g__Roseburia|s__Roseburia_faecis	species	2|1239|186801|3085636|186803|841|301302	5.205417	0.05205417	assessed	provisional
SID531469	SID531469	donor_combined_disjoint_clean_reads	k__Bacteria|p__Firmicutes|c__Clostridia|o__Eubacteriales|f__Oscillospiraceae|g__Ruminococcus|s__Ruminococcus_bromii	species	2|1239|186801|186802|216572|1263|40518	5.024253	0.05024253	assessed	provisional
SID531469	SID531469	donor_combined_disjoint_clean_reads	k__Bacteria|p__Firmicutes|c__Clostridia|o__Lachnospirales|f__Lachnospiraceae|g__Blautia|s__Blautia_obeum	species	2|1239|186801|3085636|186803|572511|40520	3.437715	0.034377149999999995	assessed	provisional
SID531469	SID531469	donor_combined_disjoint_clean_reads	k__Bacteria|p__Firmicutes|c__Clostridia|o__Lachnospirales|f__Lachnospiraceae|g__Blautia|s__Blautia_wexlerae	species	2|1239|186801|3085636|186803|572511|418240	3.09222	0.0309222	assessed	provisional
SID531469	SID531469	donor_combined_disjoint_clean_reads	k__Bacteria|p__Firmicutes|c__Clostridia|o__Eubacteriales|f__Oscillospiraceae|g__Ruminococcus|s__Ruminococcus_bicirculans_ex_Wegman_et_al_2014	species	2|1239|186801|186802|216572|1263|1160721	2.773404	0.02773404	assessed	provisional
SID531469	SID531469	donor_combined_disjoint_clean_reads	k__Bacteria|p__Firmicutes|c__Clostridia|o__Eubacteriales|f__Clostridiaceae|g__GGB3478|s__GGB3478_SGB4643	species	2|1239|186801|186802|31979||	2.451133	0.02451133	assessed	provisional
SID531469	SID531469	donor_combined_disjoint_clean_reads	k__Bacteria|p__Firmicutes|c__Clostridia|o__Lachnospirales|f__Lachnospiraceae|g__Gallintestinimicrobium|s__Gallintestinimicrobium_propionicum	species	2|1239|186801|3085636|186803|2981633|2981770	2.230317	0.022303169999999997	assessed	provisional
SID531469	SID531469	donor_combined_disjoint_clean_reads	k__Bacteria|p__Firmicutes|c__Clostridia|o__Eubacteriales|f__Eubacteriaceae|g__Eubacterium|s__Eubacterium_ventriosum	species	2|1239|186801|186802|186806|1730|39496	1.774155	0.01774155	assessed	provisional
SID531469	SID531469	donor_combined_disjoint_clean_reads	k__Bacteria|p__Firmicutes|c__Bacilli|o__Lactobacillales|f__Streptococcaceae|g__Streptococcus|s__Streptococcus_thermophilus	species	2|1239|91061|186826|1300|1301|1308	1.715529	0.01715529	assessed	provisional
SID531469	SID531469	donor_combined_disjoint_clean_reads	k__Bacteria|p__Firmicutes|c__Clostridia|o__Lachnospirales|f__Lachnospiraceae|g__Anaerostipes|s__Anaerostipes_hadrus	species	2|1239|186801|3085636|186803|207244|649756	1.398683	0.013986829999999999	assessed	provisional
SID531469	SID531469	donor_combined_disjoint_clean_reads	k__Bacteria|p__Firmicutes|c__Clostridia|o__Lachnospirales|f__Lachnospiraceae|g__Roseburia|s__Roseburia_inulinivorans	species	2|1239|186801|3085636|186803|841|360807	1.373851	0.013738509999999999	assessed	provisional
SID531469	SID531469	donor_combined_disjoint_clean_reads	k__Bacteria|p__Bacteroidota|c__Bacteroidia|o__Bacteroidales|f__Tannerellaceae|g__Parabacteroides|s__Parabacteroides_merdae	species	2|976|200643|171549|2005525|375288|46503	1.248517	0.01248517	assessed	provisional
SID531469	SID531469	donor_combined_disjoint_clean_reads	k__Bacteria|p__Firmicutes|c__Clostridia|o__Eubacteriales|f__Oscillospiraceae|g__Faecalibacterium|s__Faecalibacterium_butyricigenerans	species	2|1239|186801|186802|216572|216851|1851427	1.246747	0.012467470000000001	assessed	provisional
SID531469	SID531469	donor_combined_disjoint_clean_reads	k__Bacteria|p__Firmicutes|c__Clostridia|o__Lachnospirales|f__Lachnospiraceae|g__Fusicatenibacter|s__Fusicatenibacter_saccharivorans	species	2|1239|186801|3085636|186803|1407607|1150298	1.194519	0.011945190000000001	assessed	provisional
SID531469	SID531469	donor_combined_disjoint_clean_reads	k__Bacteria|p__Firmicutes|c__Clostridia|o__Lachnospirales|f__Lachnospiraceae|g__Blautia|s__Blautia_glucerasea	species	2|1239|186801|3085636|186803|572511|536633	1.131517	0.011315170000000001	assessed	provisional
SID531469	SID531469	donor_combined_disjoint_clean_reads	k__Bacteria|p__Bacteroidota|c__Bacteroidia|o__Bacteroidales|f__Bacteroidaceae|g__Bacteroides|s__Bacteroides_ovatus	species	2|976|200643|171549|815|816|28116	1.102514	0.01102514	assessed	provisional
SID531469	SID531469	donor_combined_disjoint_clean_reads	k__Bacteria|p__Bacteroidota|c__Bacteroidia|o__Bacteroidales|f__Bacteroidaceae|g__Bacteroides|s__Bacteroides_cellulosilyticus	species	2|976|200643|171549|815|816|246787	1.074805	0.01074805	assessed	provisional
SID531469	SID531469	donor_combined_disjoint_clean_reads	k__Bacteria|p__Firmicutes|c__Clostridia|o__Lachnospirales|f__Lachnospiraceae|g__Faecalicatena|s__Faecalicatena_fissicatena	species	2|1239|186801|3085636|186803|2005359|290055	1.060899	0.01060899	assessed	provisional
SID531469	SID531469	donor_combined_disjoint_clean_reads	k__Bacteria|p__Firmicutes|c__Clostridia|o__Lachnospirales|f__Lachnospiraceae|g__Roseburia|s__Roseburia_hominis	species	2|1239|186801|3085636|186803|841|301301	1.033993	0.010339929999999999	assessed	provisional
SID531469	SID531469	donor_combined_disjoint_clean_reads	k__Bacteria|p__Firmicutes|c__Clostridia|o__Lachnospirales|f__Lachnospiraceae|g__Blautia|s__Blautia_massiliensis_ex_Durand_et_al_2017	species	2|1239|186801|3085636|186803|572511|1737424	0.977381	0.00977381	assessed	provisional
SID531469	SID531469	donor_combined_disjoint_clean_reads	k__Bacteria|p__Firmicutes|c__Negativicutes|o__Acidaminococcales|f__Acidaminococcaceae|g__Phascolarctobacterium|s__Phascolarctobacterium_succinatutens	species	2|1239|909932|1843488|909930|33024|626940	0.938281	0.00938281	assessed	provisional
SID531469	SID531469	donor_combined_disjoint_clean_reads	k__Bacteria|p__Firmicutes|c__Clostridia|o__Lachnospirales|f__Lachnospiraceae|g__Mediterraneibacter|s__Ruminococcus_lactaris	species	2|1239|186801|3085636|186803|2316020|46228	0.882742	0.00882742	assessed	provisional
SID531469	SID531469	donor_combined_disjoint_clean_reads	k__Bacteria|p__Firmicutes|c__Clostridia|o__Eubacteriales|f__Oscillospiraceae|g__Vescimonas|s__Vescimonas_coprocola	species	2|1239|186801|186802|216572|2892396|2714355	0.848361	0.00848361	assessed	provisional
SID531469	SID531469	donor_combined_disjoint_clean_reads	k__Bacteria|p__Firmicutes|c__Clostridia|o__Eubacteriales|f__Oscillospiraceae|g__GGB9699|s__GGB9699_SGB15216	species	2|1239|186801|186802|216572||	0.804951	0.00804951	assessed	provisional
SID531469	SID531469	donor_combined_disjoint_clean_reads	k__Bacteria|p__Firmicutes|c__Clostridia|o__Lachnospirales|f__Lachnospiraceae|g__Waltera|s__Waltera_acetigignens	species	2|1239|186801|3085636|186803|2815781|2981769	0.795368	0.00795368	assessed	provisional
SID531469	SID531469	donor_combined_disjoint_clean_reads	k__Bacteria|p__Firmicutes|c__Clostridia|o__Lachnospirales|f__Lachnospiraceae|g__Blautia|s__Blautia_faecis	species	2|1239|186801|3085636|186803|572511|871665	0.770495	0.00770495	assessed	provisional
SID531469	SID531469	donor_combined_disjoint_clean_reads	k__Bacteria|p__Firmicutes|c__Clostridia|o__Lachnospirales|f__Lachnospiraceae|g__Mediterraneibacter|s__Ruminococcus_torques	species	2|1239|186801|3085636|186803|2316020|33039	0.732662	0.007326620000000001	assessed	provisional
SID531469	SID531469	donor_combined_disjoint_clean_reads	k__Bacteria|p__Firmicutes|c__Clostridia|o__Lachnospirales|f__Lachnospiraceae|g__Roseburia|s__Roseburia_intestinalis	species	2|1239|186801|3085636|186803|841|166486	0.69376	0.0069376	assessed	provisional
SID531469	SID531469	donor_combined_disjoint_clean_reads	k__Bacteria|p__Pseudomonadota|c__Gammaproteobacteria|o__Pasteurellales|f__Pasteurellaceae|g__Haemophilus|s__Haemophilus_parainfluenzae	species	2|1224|1236|135625|712|724|729	0.647052	0.00647052	assessed	provisional
SID531469	SID531469	donor_combined_disjoint_clean_reads	k__Bacteria|p__Bacteroidota|c__Bacteroidia|o__Bacteroidales|f__Porphyromonadaceae|g__Porphyromonas|s__Porphyromonas_SGB1982	species	2|976|200643|171549|171551|836|	0.619037	0.00619037	assessed	provisional
SID531469	SID531469	donor_combined_disjoint_clean_reads	k__Bacteria|p__Bacteroidota|c__Bacteroidia|o__Bacteroidales|f__Rikenellaceae|g__Alistipes|s__Alistipes_putredinis	species	2|976|200643|171549|171550|239759|28117	0.577824	0.0057782400000000005	assessed	provisional
SID531469	SID531469	donor_combined_disjoint_clean_reads	k__Bacteria|p__Firmicutes|c__Clostridia|o__Eubacteriales|f__Clostridiaceae|g__Clostridium|s__Clostridium_sp_AF36_4	species	2|1239|186801|186802|31979|1485|2293015	0.550405	0.00550405	assessed	provisional
SID531469	SID531469	donor_combined_disjoint_clean_reads	k__Bacteria|p__Firmicutes|c__Clostridia|o__Eubacteriales|f__Beduinellaceae|g__GGB9760|s__GGB9760_SGB15374	species	2|1239|186801|186802|3151707||	0.477627	0.00477627	assessed	provisional
SID531469	SID531469	donor_combined_disjoint_clean_reads	k__Bacteria|p__Firmicutes|c__Clostridia|o__Lachnospirales|f__Lachnospiraceae|g__Roseburia|s__Roseburia_zhanii	species	2|1239|186801|3085636|186803|841|2763064	0.474668	0.00474668	assessed	provisional
SID531469	SID531469	donor_combined_disjoint_clean_reads	k__Bacteria|p__Firmicutes|c__Clostridia|o__Lachnospirales|f__Anaerotignaceae|g__Anaerotignum|s__Anaerotignum_faecicola	species	2|1239|186801|3085636|3118652|2039240|2358141	0.433144	0.00433144	assessed	provisional
SID531469	SID531469	donor_combined_disjoint_clean_reads	k__Bacteria|p__Pseudomonadota|c__CFGB10055|o__OFGB10055|f__FGB10055|g__GGB6606|s__GGB6606_SGB9340	species	2|1224|||||	0.414207	0.00414207	assessed	provisional
SID531469	SID531469	donor_combined_disjoint_clean_reads	k__Bacteria|p__Firmicutes|c__Clostridia|o__Eubacteriales|f__Oscillospiraceae|g__Dysosmobacter|s__Dysosmobacter_segnis	species	2|1239|186801|186802|216572|2591381|2763042	0.408702	0.00408702	assessed	provisional
SID531469	SID531469	donor_combined_disjoint_clean_reads	k__Bacteria|p__Firmicutes|c__Clostridia|o__Eubacteriales|f__Butyricicoccaceae|g__Agathobaculum|s__Agathobaculum_butyriciproducens	species	2|1239|186801|186802|3085642|2048137|1628085	0.408234	0.00408234	assessed	provisional
SID531469	SID531469	donor_combined_disjoint_clean_reads	k__Bacteria|p__Bacteroidota|c__Bacteroidia|o__Bacteroidales|f__Bacteroidaceae|g__Bacteroides|s__Bacteroides_uniformis	species	2|976|200643|171549|815|816|820	0.407075	0.004070750000000001	assessed	provisional
SID531469	SID531469	donor_combined_disjoint_clean_reads	k__Bacteria|p__Firmicutes|c__Clostridia|o__Lachnospirales|f__Lachnospiraceae|g__Lachnospira|s__Lachnospira_eligens	species	2|1239|186801|3085636|186803|28050|39485	0.406924	0.00406924	assessed	provisional
SID531469	SID531469	donor_combined_disjoint_clean_reads	k__Bacteria|p__Firmicutes|c__Clostridia|o__Lachnospirales|f__Lachnospiraceae|g__Dorea|s__Dorea_longicatena	species	2|1239|186801|3085636|186803|189330|88431	0.405977	0.00405977	assessed	provisional
SID531469	SID531469	donor_combined_disjoint_clean_reads	k__Bacteria|p__Firmicutes|c__Clostridia|o__Lachnospirales|f__Lachnospiraceae|g__Anaerobutyricum|s__Anaerobutyricum_hallii	species	2|1239|186801|3085636|186803|2569097|39488	0.401233	0.00401233	assessed	provisional
SID531469	SID531469	donor_combined_disjoint_clean_reads	k__Bacteria|p__Firmicutes|c__Clostridia|o__Eubacteriales|f__Clostridiaceae|g__Clostridium|s__Clostridium_sp_AM22_11AC	species	2|1239|186801|186802|31979|1485|2293024	0.399574	0.00399574	assessed	provisional
SID531469	SID531469	donor_combined_disjoint_clean_reads	k__Bacteria|p__Firmicutes|c__Clostridia|o__Lachnospirales|f__Lachnospiraceae|g__Agathobacter|s__Agathobacter_rectalis	species	2|1239|186801|3085636|186803|1766253|39491	0.398503	0.00398503	assessed	provisional
SID531469	SID531469	donor_combined_disjoint_clean_reads	k__Bacteria|p__Firmicutes|c__Clostridia|o__Eubacteriales|f__Oscillospiraceae|g__Faecalibacterium|s__Faecalibacterium_prausnitzii	species	2|1239|186801|186802|216572|216851|853	0.392071	0.00392071	assessed	provisional
SID531469	SID531469	donor_combined_disjoint_clean_reads	k__Bacteria|p__Firmicutes|c__Clostridia|o__Eubacteriales|f__Oscillospiraceae|g__Oscillibacter|s__Oscillibacter_sp_MSJ_31	species	2|1239|186801|186802|216572|459786|2841526	0.362619	0.00362619	assessed	provisional
SID531469	SID531469	donor_combined_disjoint_clean_reads	k__Bacteria|p__Firmicutes|c__Clostridia|o__Lachnospirales|f__Lachnospiraceae|g__Dorea|s__Dorea_sp_AF36_15AT	species	2|1239|186801|3085636|186803|189330|2292041	0.360819	0.00360819	assessed	provisional
SID531469	SID531469	donor_combined_disjoint_clean_reads	k__Bacteria|p__Firmicutes|c__Clostridia|o__Lachnospirales|f__Lachnospiraceae|g__Eisenbergiella|s__Eisenbergiella_massiliensis	species	2|1239|186801|3085636|186803|1432051|1720294	0.344544	0.00344544	assessed	provisional
SID531469	SID531469	donor_combined_disjoint_clean_reads	k__Bacteria|p__Bacteria_unclassified|c__Bacteria_unclassified|o__Bacteria_unclassified|f__Bacteria_unclassified|g__Bacteria_unclassified|s__bacterium_210917_SL_2_15	species	2||||||2883296	0.336123	0.00336123	assessed	provisional
SID531469	SID531469	donor_combined_disjoint_clean_reads	k__Bacteria|p__Firmicutes|c__CFGB93792|o__OFGB93792|f__FGB93792|g__GGB9524|s__GGB9524_SGB14924	species	2|1239|||||	0.316362	0.00316362	assessed	provisional
SID531469	SID531469	donor_combined_disjoint_clean_reads	k__Bacteria|p__Firmicutes|c__Clostridia|o__Eubacteriales|f__Oscillospiraceae|g__Hominilimicola|s__Hominilimicola_fabiformis	species	2|1239|186801|186802|216572|3073565|2885356	0.291506	0.0029150599999999997	assessed	provisional
SID531469	SID531469	donor_combined_disjoint_clean_reads	k__Bacteria|p__Firmicutes|c__CFGB3012|o__OFGB3012|f__FGB3012|g__GGB9480|s__GGB9480_SGB14874	species	2|1239|||||	0.288511	0.00288511	assessed	provisional
SID531469	SID531469	donor_combined_disjoint_clean_reads	k__Bacteria|p__Bacteroidota|c__Bacteroidia|o__Bacteroidales|f__Barnesiellaceae|g__Barnesiella|s__Barnesiella_intestinihominis	species	2|976|200643|171549|2005519|397864|487174	0.276973	0.00276973	assessed	provisional
SID531469	SID531469	donor_combined_disjoint_clean_reads	k__Bacteria|p__Firmicutes|c__Clostridia|o__Eubacteriales|f__Oscillospiraceae|g__GGB36331|s__GGB36331_SGB15121	species	2|1239|186801|186802|216572||	0.275428	0.00275428	assessed	provisional
SID531469	SID531469	donor_combined_disjoint_clean_reads	k__Bacteria|p__Firmicutes|c__Bacilli|o__Lactobacillales|f__Streptococcaceae|g__Streptococcus|s__Streptococcus_salivarius	species	2|1239|91061|186826|1300|1301|1304	0.260767	0.0026076700000000003	assessed	provisional
SID531469	SID531469	donor_combined_disjoint_clean_reads	k__Bacteria|p__Firmicutes|c__Clostridia|o__Lachnospirales|f__Lachnospiraceae|g__Dorea|s__Dorea_formicigenerans	species	2|1239|186801|3085636|186803|189330|39486	0.250753	0.00250753	assessed	provisional
SID531469	SID531469	donor_combined_disjoint_clean_reads	k__Bacteria|p__Firmicutes|c__Bacilli|o__Lactobacillales|f__Streptococcaceae|g__Streptococcus|s__Streptococcus_rubneri	species	2|1239|91061|186826|1300|1301|1234680	0.233128	0.00233128	assessed	provisional
SID531469	SID531469	donor_combined_disjoint_clean_reads	k__Bacteria|p__Firmicutes|c__Clostridia|o__Lachnospirales|f__Lachnospiraceae|g__Sellimonas|s__Sellimonas_intestinalis	species	2|1239|186801|3085636|186803|1769710|1653434	0.232618	0.0023261799999999997	assessed	provisional
SID531469	SID531469	donor_combined_disjoint_clean_reads	k__Bacteria|p__Firmicutes|c__Clostridia|o__Lachnospirales|f__Lachnospiraceae|g__GGB3496|s__GGB3496_SGB4671	species	2|1239|186801|3085636|186803||	0.232571	0.00232571	assessed	provisional
SID531469	SID531469	donor_combined_disjoint_clean_reads	k__Bacteria|p__Bacteroidota|c__Bacteroidia|o__Bacteroidales|f__Tannerellaceae|g__Parabacteroides|s__Parabacteroides_goldsteinii	species	2|976|200643|171549|2005525|375288|328812	0.229518	0.00229518	assessed	provisional
SID531469	SID531469	donor_combined_disjoint_clean_reads	k__Bacteria|p__Firmicutes|c__Clostridia|o__Eubacteriales|f__Oscillospiraceae|g__Ruthenibacterium|s__Ruthenibacterium_lactatiformans	species	2|1239|186801|186802|216572|1905344|1550024	0.225383	0.00225383	assessed	provisional
SID531469	SID531469	donor_combined_disjoint_clean_reads	k__Bacteria|p__Firmicutes|c__Bacilli|o__Lactobacillales|f__Streptococcaceae|g__Streptococcus|s__Streptococcus_sanguinis	species	2|1239|91061|186826|1300|1301|1305	0.208993	0.0020899300000000003	assessed	provisional
SID531469	SID531469	donor_combined_disjoint_clean_reads	k__Bacteria|p__Firmicutes|c__Clostridia|o__Lachnospirales|f__Lachnospiraceae|g__Coprococcus|s__Coprococcus_comes	species	2|1239|186801|3085636|186803|33042|410072	0.205553	0.0020555300000000003	assessed	provisional
SID531469	SID531469	donor_combined_disjoint_clean_reads	k__Bacteria|p__Bacteroidota|c__Bacteroidia|o__Bacteroidales|f__Odoribacteraceae|g__Odoribacter|s__Odoribacter_splanchnicus	species	2|976|200643|171549|1853231|283168|28118	0.185023	0.00185023	assessed	provisional
SID531469	SID531469	donor_combined_disjoint_clean_reads	k__Bacteria|p__Firmicutes|c__Clostridia|o__Lachnospirales|f__Lachnospiraceae|g__Mediterraneibacter|s__Mediterraneibacter_faecis	species	2|1239|186801|3085636|186803|2316020|592978	0.171307	0.00171307	assessed	provisional
SID531469	SID531469	donor_combined_disjoint_clean_reads	k__Bacteria|p__Firmicutes|c__Clostridia|o__Eubacteriales|f__Oscillospiraceae|g__Hominenteromicrobium|s__Hominenteromicrobium_mulieris	species	2|1239|186801|186802|216572|3073575|2885357	0.170789	0.0017078899999999999	assessed	provisional
SID531469	SID531469	donor_combined_disjoint_clean_reads	k__Bacteria|p__Firmicutes|c__Bacillota_unclassified|o__Bacillota_unclassified|f__Bacillota_unclassified|g__GGB2998|s__GGB2998_SGB3988	species	2|1239|||||	0.169205	0.0016920499999999998	assessed	provisional
SID531469	SID531469	donor_combined_disjoint_clean_reads	k__Bacteria|p__Firmicutes|c__Clostridia|o__Eubacteriales|f__Oscillospiraceae|g__Oscillospiraceae_unclassified|s__Ruminococcaceae_bacterium_AM53_2BH	species	2|1239|186801|186802|216572||2998069	0.161823	0.00161823	assessed	provisional
SID531469	SID531469	donor_combined_disjoint_clean_reads	k__Bacteria|p__Actinomycetota|c__Coriobacteriia|o__Eggerthellales|f__Eggerthellaceae|g__Eggerthella|s__Eggerthella_lenta	species	2|201174|84998|1643822|1643826|84111|84112	0.159751	0.0015975100000000001	assessed	provisional
SID531469	SID531469	donor_combined_disjoint_clean_reads	k__Bacteria|p__Firmicutes|c__Erysipelotrichia|o__Erysipelotrichales|f__Coprobacillaceae|g__Thomasclavelia|s__Thomasclavelia_ramosa	species	2|1239|526524|526525|2810280|3025755|1547	0.156451	0.00156451	assessed	provisional
SID531469	SID531469	donor_combined_disjoint_clean_reads	k__Bacteria|p__Firmicutes|c__Clostridia|o__Lachnospirales|f__Lachnospiraceae|g__Hominiventricola|s__Hominiventricola_filiformis	species	2|1239|186801|3085636|186803|3073584|2885352	0.15527	0.0015527	assessed	provisional
SID531469	SID531469	donor_combined_disjoint_clean_reads	k__Bacteria|p__Firmicutes|c__Negativicutes|o__Veillonellales|f__Veillonellaceae|g__Veillonella|s__Veillonella_rogosae	species	2|1239|909932|1843489|31977|29465|423477	0.147888	0.00147888	assessed	provisional
SID531469	SID531469	donor_combined_disjoint_clean_reads	k__Bacteria|p__Firmicutes|c__Erysipelotrichia|o__Erysipelotrichales|f__Coprobacillaceae|g__Faecalibacillus|s__Faecalibacillus_intestinalis	species	2|1239|526524|526525|2810280|2678885|1982626	0.143216	0.00143216	assessed	provisional
SID531469	SID531469	donor_combined_disjoint_clean_reads	k__Bacteria|p__Firmicutes|c__Clostridia|o__Lachnospirales|f__Lachnospiraceae|g__Lacrimispora|s__Lacrimispora_sp_210928_DFI_3_58	species	2|1239|186801|3085636|186803|2719231|2883214	0.14243	0.0014243	assessed	provisional
SID531469	SID531469	donor_combined_disjoint_clean_reads	k__Bacteria|p__Firmicutes|c__Clostridia|o__Lachnospirales|f__Lachnospiraceae|g__Lachnospira|s__Lachnospira_pectinoschiza	species	2|1239|186801|3085636|186803|28050|28052	0.141338	0.0014133799999999999	assessed	provisional
SID531469	SID531469	donor_combined_disjoint_clean_reads	k__Bacteria|p__Firmicutes|c__Clostridia|o__Eubacteriales|f__Clostridiaceae|g__Clostridiaceae_unclassified|s__Clostridiaceae_bacterium_AF18_31LB	species	2|1239|186801|186802|31979||2292182	0.138988	0.00138988	assessed	provisional
SID531469	SID531469	donor_combined_disjoint_clean_reads	k__Bacteria|p__Firmicutes|c__Clostridia|o__Eubacteriales|f__Eubacteriaceae|g__Eubacterium|s__Eubacterium_album	species	2|1239|186801|186802|186806|1730|2978477	0.136764	0.00136764	assessed	provisional
SID531469	SID531469	donor_combined_disjoint_clean_reads	k__Bacteria|p__Firmicutes|c__Clostridia|o__Eubacteriales|f__Clostridiaceae|g__Clostridiaceae_unclassified|s__Clostridiaceae_bacterium	species	2|1239|186801|186802|31979||1898204	0.13236	0.0013236	assessed	provisional
SID531469	SID531469	donor_combined_disjoint_clean_reads	k__Bacteria|p__Firmicutes|c__Bacilli|o__Lactobacillales|f__Streptococcaceae|g__Streptococcus|s__Streptococcus_australis	species	2|1239|91061|186826|1300|1301|113107	0.123878	0.00123878	assessed	provisional
SID531469	SID531469	donor_combined_disjoint_clean_reads	k__Bacteria|p__Bacteroidota|c__Bacteroidia|o__Bacteroidales|f__Rikenellaceae|g__Alistipes|s__Alistipes_SGB2313	species	2|976|200643|171549|171550|239759|	0.121934	0.00121934	assessed	provisional
SID531469	SID531469	donor_combined_disjoint_clean_reads	k__Bacteria|p__Firmicutes|c__Clostridia|o__Eubacteriales|f__Butyricicoccaceae|g__GGB9574|s__GGB9574_SGB14987	species	2|1239|186801|186802|3085642||	0.118743	0.00118743	assessed	provisional
SID531469	SID531469	donor_combined_disjoint_clean_reads	k__Bacteria|p__Firmicutes|c__Clostridia|o__Eubacteriales|f__Oscillospiraceae|g__GGB9237|s__GGB9237_SGB14179	species	2|1239|186801|186802|216572||	0.117772	0.00117772	assessed	provisional
SID531469	SID531469	donor_combined_disjoint_clean_reads	k__Bacteria|p__Firmicutes|c__Clostridia|o__Lachnospirales|f__Lachnospiraceae|g__Eisenbergiella|s__Eisenbergiella_tayi	species	2|1239|186801|3085636|186803|1432051|1432052	0.110672	0.00110672	assessed	provisional
SID531469	SID531469	donor_combined_disjoint_clean_reads	k__Bacteria|p__Firmicutes|c__Clostridia|o__Lachnospirales|f__Lachnospiraceae|g__Roseburia|s__Roseburia_lenta	species	2|1239|186801|3085636|186803|841|2763061	0.104289	0.00104289	assessed	provisional
SID531469	SID531469	donor_combined_disjoint_clean_reads	k__Bacteria|p__Firmicutes|c__Clostridia|o__Eubacteriales|f__Clostridiaceae|g__Clostridium|s__Clostridium_sp_AF27_2AA	species	2|1239|186801|186802|31979|1485|2292206	0.100763	0.00100763	assessed	provisional
SID531469	SID531469	donor_combined_disjoint_clean_reads	k__Bacteria|p__Firmicutes|c__Clostridia|o__Eubacteriales|f__Clostridiaceae|g__Pilosibacter|s__Pilosibacter_fragilis	species	2|1239|186801|186802|31979|3144345|3078042	0.093189	0.0009318899999999999	assessed	provisional
SID531469	SID531469	donor_combined_disjoint_clean_reads	k__Bacteria|p__Firmicutes|c__Clostridia|o__Lachnospirales|f__Lachnospiraceae|g__Lachnoclostridium|s__Clostridium_symbiosum	species	2|1239|186801|3085636|186803|1506553|1512	0.090729	0.00090729	assessed	provisional
SID531469	SID531469	donor_combined_disjoint_clean_reads	k__Bacteria|p__Pseudomonadota|c__Betaproteobacteria|o__Burkholderiales|f__Sutterellaceae|g__Parasutterella|s__Parasutterella_excrementihominis	species	2|1224|28216|80840|995019|577310|487175	0.076623	0.00076623	assessed	provisional
SID531469	SID531469	donor_combined_disjoint_clean_reads	k__Bacteria|p__Pseudomonadota|c__Gammaproteobacteria|o__Enterobacterales|f__Enterobacteriaceae|g__Escherichia|s__Escherichia_coli	species	2|1224|1236|91347|543|561|562	0.075105	0.0007510500000000001	assessed	provisional
SID531469	SID531469	donor_combined_disjoint_clean_reads	k__Bacteria|p__Firmicutes|c__CFGB3057|o__OFGB3057|f__FGB3057|g__GGB9719|s__GGB9719_SGB15272	species	2|1239|||||	0.073986	0.00073986	assessed	provisional
SID531469	SID531469	donor_combined_disjoint_clean_reads	k__Bacteria|p__Firmicutes|c__Negativicutes|o__Veillonellales|f__Veillonellaceae|g__Veillonella|s__Veillonella_parvula	species	2|1239|909932|1843489|31977|29465|29466	0.068239	0.00068239	assessed	provisional
SID531469	SID531469	donor_combined_disjoint_clean_reads	k__Bacteria|p__Firmicutes|c__Erysipelotrichia|o__Erysipelotrichales|f__Erysipelotrichaceae|g__Holdemania|s__Holdemania_filiformis	species	2|1239|526524|526525|128827|61170|61171	0.068164	0.0006816400000000001	assessed	provisional
SID531469	SID531469	donor_combined_disjoint_clean_reads	k__Bacteria|p__Bacteroidota|c__Bacteroidia|o__Bacteroidales|f__Porphyromonadaceae|g__Porphyromonas|s__Porphyromonas_SGB1977	species	2|976|200643|171549|171551|836|	0.06486	0.0006486	assessed	provisional
SID531469	SID531469	donor_combined_disjoint_clean_reads	k__Bacteria|p__Bacteroidota|c__Bacteroidia|o__Bacteroidales|f__Rikenellaceae|g__Alistipes|s__Alistipes_shahii	species	2|976|200643|171549|171550|239759|328814	0.063417	0.00063417	assessed	provisional
SID531469	SID531469	donor_combined_disjoint_clean_reads	k__Bacteria|p__Bacteroidota|c__Bacteroidia|o__Bacteroidales|f__Rikenellaceae|g__Alistipes|s__Alistipes_finegoldii	species	2|976|200643|171549|171550|239759|214856	0.058563	0.00058563	assessed	provisional
SID531469	SID531469	donor_combined_disjoint_clean_reads	k__Bacteria|p__Firmicutes|c__CFGB1217|o__OFGB1217|f__FGB1217|g__GGB43542|s__GGB43542_SGB60876	species	2|1239|||||	0.05713	0.0005713	assessed	provisional
SID531469	SID531469	donor_combined_disjoint_clean_reads	k__Bacteria|p__Firmicutes|c__CFGB3038|o__OFGB3038|f__FGB3038|g__GGB9534|s__GGB9534_SGB14937	species	2|1239|||||	0.056495	0.0005649499999999999	assessed	provisional
SID531469	SID531469	donor_combined_disjoint_clean_reads	k__Bacteria|p__Thermodesulfobacteriota|c__Desulfovibrionia|o__Desulfovibrionales|f__Desulfovibrionaceae|g__Bilophila|s__Bilophila_wadsworthia	species	2|200940|3031449|213115|194924|35832|35833	0.056178	0.00056178	assessed	provisional
SID531469	SID531469	donor_combined_disjoint_clean_reads	k__Bacteria|p__Firmicutes|c__Clostridia|o__Eubacteriales|f__Oscillospiraceae|g__Flavonifractor|s__Flavonifractor_plautii	species	2|1239|186801|186802|216572|946234|292800	0.056025	0.00056025	assessed	provisional
SID531469	SID531469	donor_combined_disjoint_clean_reads	k__Bacteria|p__Firmicutes|c__Bacilli|o__Lactobacillales|f__Streptococcaceae|g__Lactococcus|s__Lactococcus_cremoris	species	2|1239|91061|186826|1300|1357|1359	0.053312	0.00053312	assessed	provisional
SID531469	SID531469	donor_combined_disjoint_clean_reads	k__Bacteria|p__Bacteroidota|c__Bacteroidia|o__Bacteroidales|f__Rikenellaceae|g__Alistipes|s__Alistipes_onderdonkii	species	2|976|200643|171549|171550|239759|328813	0.05137	0.0005137	assessed	provisional
SID531469	SID531469	donor_combined_disjoint_clean_reads	k__Bacteria|p__Firmicutes|c__Clostridia|o__Eubacteriales|f__Oscillospiraceae|g__Lawsonibacter|s__Lawsonibacter_asaccharolyticus	species	2|1239|186801|186802|216572|2172004|2108523	0.051066	0.00051066	assessed	provisional
SID531469	SID531469	donor_combined_disjoint_clean_reads	k__Bacteria|p__Bacteroidota|c__Bacteroidia|o__Bacteroidales|f__Odoribacteraceae|g__Butyricimonas|s__Butyricimonas_paravirosa	species	2|976|200643|171549|1853231|574697|1472417	0.050871	0.00050871	assessed	provisional
SID531469	SID531469	donor_combined_disjoint_clean_reads	k__Bacteria|p__Firmicutes|c__Clostridia|o__Lachnospirales|f__Anaerotignaceae|g__GGB3819|s__GGB3819_SGB5184	species	2|1239|186801|3085636|3118652||	0.049486	0.0004948600000000001	assessed	provisional
SID531469	SID531469	donor_combined_disjoint_clean_reads	k__Bacteria|p__Firmicutes|c__Clostridia|o__Lachnospirales|f__Lachnospiraceae|g__Lachnospiraceae_unclassified|s__Lachnospiraceae_bacterium_AM53_6	species	2|1239|186801|3085636|186803||2998021	0.048572	0.00048572	assessed	provisional
SID531469	SID531469	donor_combined_disjoint_clean_reads	k__Bacteria|p__Bacteroidota|c__Bacteroidia|o__Bacteroidales|f__Porphyromonadaceae|g__Porphyromonas|s__Porphyromonas_SGB1983	species	2|976|200643|171549|171551|836|	0.04838	0.0004838	assessed	provisional
SID531469	SID531469	donor_combined_disjoint_clean_reads	k__Bacteria|p__Firmicutes|c__Bacilli|o__Lactobacillales|f__Streptococcaceae|g__Streptococcus|s__Streptococcus_mitis	species	2|1239|91061|186826|1300|1301|28037	0.044095	0.00044095	assessed	provisional
SID531469	SID531469	donor_combined_disjoint_clean_reads	k__Bacteria|p__Firmicutes|c__Clostridia|o__Eubacteriales|f__Clostridiaceae|g__Clostridiaceae_unclassified|s__Clostridiaceae_unclassified_SGB4769	species	2|1239|186801|186802|31979||	0.043495	0.00043495	assessed	provisional
SID531469	SID531469	donor_combined_disjoint_clean_reads	k__Bacteria|p__Firmicutes|c__Clostridia|o__Peptostreptococcales|f__Peptostreptococcaceae|g__GGB4456|s__GGB4456_SGB6141	species	2|1239|186801|3082720|186804||	0.042941	0.00042941	assessed	provisional
SID531469	SID531469	donor_combined_disjoint_clean_reads	k__Bacteria|p__Firmicutes|c__Erysipelotrichia|o__Erysipelotrichales|f__Coprobacillaceae|g__Thomasclavelia|s__Thomasclavelia_spiroformis	species	2|1239|526524|526525|2810280|3025755|29348	0.041722	0.00041722000000000005	assessed	provisional
SID531469	SID531469	donor_combined_disjoint_clean_reads	k__Bacteria|p__Firmicutes|c__Erysipelotrichia|o__Erysipelotrichales|f__Erysipelotrichaceae|g__Holdemania|s__Holdemania_massiliensis	species	2|1239|526524|526525|128827|61170|1468449	0.040141	0.00040141000000000005	assessed	provisional
SID531469	SID531469	donor_combined_disjoint_clean_reads	k__Bacteria|p__Firmicutes|c__Clostridia|o__Eubacteriales|f__Eubacteriales_unclassified|g__Intestinimonas|s__Intestinimonas_butyriciproducens	species	2|1239|186801|186802||1392389|1297617	0.039782	0.00039781999999999996	assessed	provisional
SID531469	SID531469	donor_combined_disjoint_clean_reads	k__Bacteria|p__Firmicutes|c__Bacilli|o__Lactobacillales|f__Streptococcaceae|g__Streptococcus|s__Streptococcus_vestibularis	species	2|1239|91061|186826|1300|1301|1343	0.03953	0.0003953	assessed	provisional
SID531469	SID531469	donor_combined_disjoint_clean_reads	k__Bacteria|p__Firmicutes|c__Clostridia|o__Eubacteriales|f__Oscillospiraceae|g__Allofournierella|s__Allofournierella_massiliensis	species	2|1239|186801|186802|216572|1940255|1650663	0.038551	0.00038551000000000004	assessed	provisional
SID531469	SID531469	donor_combined_disjoint_clean_reads	k__Bacteria|p__Firmicutes|c__Clostridia|o__Eubacteriales|f__Oscillospiraceae|g__Dysosmobacter|s__Dysosmobacter_welbionis	species	2|1239|186801|186802|216572|2591381|2093857	0.037626	0.00037626	assessed	provisional
SID531469	SID531469	donor_combined_disjoint_clean_reads	k__Bacteria|p__Firmicutes|c__Clostridia|o__Eubacteriales|f__Eubacteriales_unclassified|g__Flintibacter|s__Flintibacter_hominis	species	2|1239|186801|186802||1918454|2763048	0.036397	0.00036396999999999997	assessed	provisional
SID531469	SID531469	donor_combined_disjoint_clean_reads	k__Bacteria|p__Firmicutes|c__Clostridia|o__Eubacteriales|f__Oscillospiraceae|g__GGB9667|s__GGB9667_SGB15164	species	2|1239|186801|186802|216572||	0.036322	0.00036322	assessed	provisional
SID531469	SID531469	donor_combined_disjoint_clean_reads	k__Bacteria|p__Firmicutes|c__Clostridia|o__Eubacteriales|f__Clostridiaceae|g__GGB3550|s__GGB3550_SGB4747	species	2|1239|186801|186802|31979||	0.035726	0.00035726000000000003	assessed	provisional
SID531469	SID531469	donor_combined_disjoint_clean_reads	k__Bacteria|p__Firmicutes|c__Erysipelotrichia|o__Erysipelotrichales|f__Erysipelotrichaceae|g__Erysipelotrichaceae_unclassified|s__Clostridium_innocuum	species	2|1239|526524|526525|128827||1522	0.035097	0.00035097000000000004	assessed	provisional
SID531469	SID531469	donor_combined_disjoint_clean_reads	k__Bacteria|p__Firmicutes|c__Clostridia|o__Eubacteriales|f__Oscillospiraceae|g__Hydrogenoanaerobacterium|s__Hydrogenoanaerobacterium_saccharovorans	species	2|1239|186801|186802|216572|596767|474960	0.034966	0.00034965999999999996	assessed	provisional
SID531469	SID531469	donor_combined_disjoint_clean_reads	k__Bacteria|p__Firmicutes|c__Clostridia|o__Lachnospirales|f__Lachnospiraceae|g__Mediterraneibacter|s__Mediterraneibacter_butyricigenes	species	2|1239|186801|3085636|186803|2316020|2316025	0.034629	0.00034629	assessed	provisional
SID531469	SID531469	donor_combined_disjoint_clean_reads	k__Bacteria|p__Firmicutes|c__Clostridia|o__Eubacteriales|f__Clostridiaceae|g__GGB79417|s__GGB79417_SGB106068	species	2|1239|186801|186802|31979||	0.03442	0.0003442	assessed	provisional
SID531469	SID531469	donor_combined_disjoint_clean_reads	k__Bacteria|p__Bacteroidota|c__Bacteroidia|o__Bacteroidales|f__Rikenellaceae|g__Alistipes|s__Alistipes_SGB2312	species	2|976|200643|171549|171550|239759|	0.034374	0.00034374000000000004	assessed	provisional
SID531469	SID531469	donor_combined_disjoint_clean_reads	k__Bacteria|p__Firmicutes|c__Erysipelotrichia|o__Erysipelotrichales|f__Erysipelotrichaceae|g__Dielma|s__Dielma_fastidiosa	species	2|1239|526524|526525|128827|1472649|1034346	0.031999	0.00031999	assessed	provisional
SID531469	SID531469	donor_combined_disjoint_clean_reads	k__Bacteria|p__Actinomycetota|c__Coriobacteriia|o__Eggerthellales|f__Eggerthellaceae|g__Adlercreutzia|s__Adlercreutzia_equolifaciens	species	2|201174|84998|1643822|1643826|447020|446660	0.031287	0.00031287000000000003	assessed	provisional
SID531469	SID531469	donor_combined_disjoint_clean_reads	k__Bacteria|p__Firmicutes|c__CFGB94588|o__OFGB94588|f__FGB94588|g__GGB51647|s__GGB51647_SGB4348	species	2|1239|||||	0.030882	0.00030882	assessed	provisional
SID531469	SID531469	donor_combined_disjoint_clean_reads	k__Bacteria|p__Firmicutes|c__Clostridia|o__Eubacteriales|f__Oscillospiraceae|g__Pseudoflavonifractor|s__Pseudoflavonifractor_capillosus	species	2|1239|186801|186802|216572|1017280|106588	0.03015	0.0003015	assessed	provisional
SID531469	SID531469	donor_combined_disjoint_clean_reads	k__Bacteria|p__Firmicutes|c__Bacilli|o__Lactobacillales|f__Streptococcaceae|g__Lactococcus|s__Lactococcus_lactis	species	2|1239|91061|186826|1300|1357|1358	0.030146	0.00030146	assessed	provisional
SID531469	SID531469	donor_combined_disjoint_clean_reads	k__Bacteria|p__Firmicutes|c__Clostridia|o__Lachnospirales|f__Lachnospiraceae|g__Lachnospiraceae_unclassified|s__Lachnospiraceae_bacterium_AM73_11pH9A	species	2|1239|186801|3085636|186803||2997100	0.030035	0.00030035	assessed	provisional
SID531469	SID531469	donor_combined_disjoint_clean_reads	k__Bacteria|p__Firmicutes|c__Clostridia|o__Eubacteriales|f__Eubacteriales_unclassified|g__Intestinimonas|s__Intestinimonas_massiliensis_ex_Afouda_et_al_2020	species	2|1239|186801|186802||1392389|1673721	0.029596	0.00029596	assessed	provisional
SID531469	SID531469	donor_combined_disjoint_clean_reads	k__Bacteria|p__Bacteroidota|c__Bacteroidia|o__Bacteroidales|f__Porphyromonadaceae|g__Porphyromonas|s__Porphyromonas_somerae	species	2|976|200643|171549|171551|836|322095	0.029288	0.00029288000000000003	assessed	provisional
SID531469	SID531469	donor_combined_disjoint_clean_reads	k__Bacteria|p__Firmicutes|c__Clostridia|o__Lachnospirales|f__Lachnospiraceae|g__GGB3537|s__GGB3537_SGB4727	species	2|1239|186801|3085636|186803||	0.028899	0.00028899000000000004	assessed	provisional
SID531469	SID531469	donor_combined_disjoint_clean_reads	k__Bacteria|p__Actinomycetota|c__Actinomycetes|o__Actinomycetales|f__Actinomycetaceae|g__Schaalia|s__Schaalia_SGB17157	species	2|201174|1760|2037|2049|2529408|	0.02824	0.00028240000000000003	assessed	provisional
SID531469	SID531469	donor_combined_disjoint_clean_reads	k__Bacteria|p__Firmicutes|c__Clostridia|o__Eubacteriales|f__Clostridiaceae|g__Clostridium|s__Clostridium_SGB4714	species	2|1239|186801|186802|31979|1485|	0.027931	0.00027931	assessed	provisional
SID531469	SID531469	donor_combined_disjoint_clean_reads	k__Bacteria|p__Firmicutes|c__Clostridia|o__Peptostreptococcales|f__Peptostreptococcaceae|g__Romboutsia|s__Romboutsia_timonensis	species	2|1239|186801|3082720|186804|1501226|1776391	0.026425	0.00026425	assessed	provisional
SID531469	SID531469	donor_combined_disjoint_clean_reads	k__Bacteria|p__Fusobacteriota|c__Fusobacteriia|o__Fusobacteriales|f__Fusobacteriaceae|g__Fusobacterium|s__Fusobacterium_pseudoperiodonticum	species	2|32066|203490|203491|203492|848|2663009	0.025588	0.00025588	assessed	provisional
SID531469	SID531469	donor_combined_disjoint_clean_reads	k__Bacteria|p__Firmicutes|c__Bacilli|o__Bacillales|f__Gemellaceae|g__Gemella|s__Gemella_sanguinis	species	2|1239|91061|1385|539738|1378|84135	0.024456	0.00024456	assessed	provisional
SID531469	SID531469	donor_combined_disjoint_clean_reads	k__Bacteria|p__Firmicutes|c__CFGB79330|o__OFGB79330|f__FGB79330|g__GGB3005|s__GGB3005_SGB3996	species	2|1239|||||	0.024106	0.00024106	assessed	provisional
SID531469	SID531469	donor_combined_disjoint_clean_reads	k__Bacteria|p__Firmicutes|c__Clostridia|o__Peptostreptococcales|f__Peptostreptococcaceae|g__Peptostreptococcus|s__Peptostreptococcus_stomatis	species	2|1239|186801|3082720|186804|1257|341694	0.023395	0.00023395	assessed	provisional
SID531469	SID531469	donor_combined_disjoint_clean_reads	k__Bacteria|p__Firmicutes|c__Clostridia|o__Eubacteriales|f__Oscillospiraceae|g__Neopoerus|s__Neopoerus_faecalis	species	2|1239|186801|186802|216572|3056359|3032125	0.022772	0.00022772	assessed	provisional
SID531469	SID531469	donor_combined_disjoint_clean_reads	k__Bacteria|p__Firmicutes|c__Bacilli|o__Lactobacillales|f__Lactobacillaceae|g__Leuconostoc|s__Leuconostoc_mesenteroides	species	2|1239|91061|186826|33958|1243|1245	0.022559	0.00022559	assessed	provisional
SID531469	SID531469	donor_combined_disjoint_clean_reads	k__Bacteria|p__Firmicutes|c__Clostridia|o__Lachnospirales|f__Lachnospiraceae|g__Simiaoa|s__Simiaoa_sunii	species	2|1239|186801|3085636|186803|2944193|2763672	0.02196	0.0002196	assessed	provisional
SID531469	SID531469	donor_combined_disjoint_clean_reads	k__Bacteria|p__Firmicutes|c__Tissierellia|o__Tissierellales|f__Peptoniphilaceae|g__Parvimonas|s__Parvimonas_micra	species	2|1239|1737404|1737405|1570339|543311|33033	0.021373	0.00021373	assessed	provisional
SID531469	SID531469	donor_combined_disjoint_clean_reads	k__Bacteria|p__Firmicutes|c__Clostridia|o__Eubacteriales|f__Eubacteriaceae|g__Eubacteriaceae_unclassified|s__Eubacteriaceae_bacterium	species	2|1239|186801|186802|186806||2049045	0.021009	0.00021009	assessed	provisional
SID531469	SID531469	donor_combined_disjoint_clean_reads	k__Bacteria|p__Firmicutes|c__Negativicutes|o__Veillonellales|f__Veillonellaceae|g__Dialister|s__Dialister_pneumosintes	species	2|1239|909932|1843489|31977|39948|39950	0.020853	0.00020853	assessed	provisional
SID531469	SID531469	donor_combined_disjoint_clean_reads	k__Bacteria|p__Firmicutes|c__Clostridia|o__Eubacteriales|f__Oscillospiraceae|g__GGB9619|s__GGB9619_SGB15067	species	2|1239|186801|186802|216572||	0.020119	0.00020119000000000002	assessed	provisional
SID531469	SID531469	donor_combined_disjoint_clean_reads	k__Bacteria|p__Firmicutes|c__Clostridia|o__Lachnospirales|f__Lachnospiraceae|g__GGB3444|s__GGB3444_SGB4594	species	2|1239|186801|3085636|186803||	0.020006	0.00020006	assessed	provisional
SID531469	SID531469	donor_combined_disjoint_clean_reads	k__Bacteria|p__Firmicutes|c__Clostridia|o__Lachnospirales|f__Lachnospiraceae|g__Mediterraneibacter|s__Mediterraneibacter_glycyrrhizinilyticus	species	2|1239|186801|3085636|186803|2316020|342942	0.019837	0.00019837	assessed	provisional
SID531469	SID531469	donor_combined_disjoint_clean_reads	k__Bacteria|p__Firmicutes|c__Clostridia|o__Eubacteriales|f__Clostridiaceae|g__Clostridium|s__Clostridium_SGB4750	species	2|1239|186801|186802|31979|1485|	0.019479	0.00019479	assessed	provisional
SID531469	SID531469	donor_combined_disjoint_clean_reads	k__Bacteria|p__Firmicutes|c__Clostridia|o__Eubacteriales|f__Oscillospiraceae|g__Lawsonibacter|s__Lawsonibacter_celer	species	2|1239|186801|186802|216572|2172004|2986526	0.019154	0.00019154	assessed	provisional
SID531469	SID531469	donor_combined_disjoint_clean_reads	k__Bacteria|p__Firmicutes|c__Clostridia|o__Lachnospirales|f__Lachnospiraceae|g__Mediterraneibacter|s__Mediterraneibacter_gnavus	species	2|1239|186801|3085636|186803|2316020|33038	0.019042	0.00019042	assessed	provisional
SID531469	SID531469	donor_combined_disjoint_clean_reads	k__Bacteria|p__Firmicutes|c__Clostridia|o__Lachnospirales|f__Lachnospiraceae|g__Cuneatibacter|s__Cuneatibacter_caecimuris	species	2|1239|186801|3085636|186803|1918450|1796618	0.018886	0.00018886	assessed	provisional
SID531469	SID531469	donor_combined_disjoint_clean_reads	k__Bacteria|p__Firmicutes|c__Clostridia|o__Lachnospirales|f__Lachnospiraceae|g__GGB51512|s__GGB51512_SGB71885	species	2|1239|186801|3085636|186803||	0.018536	0.00018536	assessed	provisional
SID531469	SID531469	donor_combined_disjoint_clean_reads	k__Bacteria|p__Firmicutes|c__Clostridia|o__Eubacteriales|f__Oscillospiraceae|g__Pusillibacter|s__Pusillibacter_faecalis	species	2|1239|186801|186802|216572|2892397|2714358	0.018357	0.00018356999999999998	assessed	provisional
SID531469	SID531469	donor_combined_disjoint_clean_reads	k__Bacteria|p__Pseudomonadota|c__Betaproteobacteria|o__Burkholderiales|f__Sutterellaceae|g__Parasutterella|s__Parasutterella_SGB9260	species	2|1224|28216|80840|995019|577310|	0.01795	0.0001795	assessed	provisional
SID531469	SID531469	donor_combined_disjoint_clean_reads	k__Bacteria|p__Firmicutes|c__Clostridia|o__Lachnospirales|f__Lachnospiraceae|g__Lachnospiraceae_unclassified|s__Lachnospiraceae_bacterium_AF58_1A	species	2|1239|186801|3085636|186803||2998012	0.017803	0.00017803	assessed	provisional
SID531469	SID531469	donor_combined_disjoint_clean_reads	k__Bacteria|p__Actinomycetota|c__Coriobacteriia|o__Eggerthellales|f__Eggerthellaceae|g__Gordonibacter|s__Gordonibacter_pamelaeae	species	2|201174|84998|1643822|1643826|644652|471189	0.017548	0.00017548000000000002	assessed	provisional
SID531469	SID531469	donor_combined_disjoint_clean_reads	k__Bacteria|p__Firmicutes|c__Clostridia|o__Eubacteriales|f__Oscillospiraceae|g__Neobittarella_ex_Bilen_et_al_2018|s__Neobittarella_massiliensis_ex_Bilen_et_al_2018	species	2|1239|186801|186802|216572|2126544|2041842	0.01712	0.0001712	assessed	provisional
SID531469	SID531469	donor_combined_disjoint_clean_reads	k__Bacteria|p__Firmicutes|c__CFGB84486|o__OFGB84486|f__FGB84486|g__GGB3653|s__GGB3653_SGB4964	species	2|1239|||||	0.016767	0.00016767	assessed	provisional
SID531469	SID531469	donor_combined_disjoint_clean_reads	k__Bacteria|p__Firmicutes|c__Erysipelotrichia|o__Erysipelotrichales|f__Erysipelotrichaceae|g__Massilicoli|s__Massilicoli_timonensis	species	2|1239|526524|526525|128827|2683202|2015901	0.015595	0.00015595	assessed	provisional
SID531469	SID531469	donor_combined_disjoint_clean_reads	k__Bacteria|p__Firmicutes|c__Clostridia|o__Eubacteriales|f__Butyricicoccaceae|g__Agathobaculum|s__Agathobaculum_faecis	species	2|1239|186801|186802|3085642|2048137|2763013	0.015348	0.00015348	assessed	provisional
SID531469	SID531469	donor_combined_disjoint_clean_reads	k__Bacteria|p__Firmicutes|c__Clostridia|o__Eubacteriales|f__Oscillospiraceae|g__Oscillospiraceae_unclassified|s__Eubacterium_siraeum	species	2|1239|186801|186802|216572||39492	0.015203	0.00015203	assessed	provisional
SID531469	SID531469	donor_combined_disjoint_clean_reads	k__Bacteria|p__Firmicutes|c__Clostridia|o__Eubacteriales|f__Clostridiaceae|g__Clostridium|s__Clostridium_sp_1001271st1_H5	species	2|1239|186801|186802|31979|1485|2559708	0.014585	0.00014585	assessed	provisional
SID531469	SID531469	donor_combined_disjoint_clean_reads	k__Bacteria|p__Firmicutes|c__Bacilli|o__Lactobacillales|f__Streptococcaceae|g__Streptococcus|s__Streptococcus_oralis	species	2|1239|91061|186826|1300|1301|1303	0.01402	0.0001402	assessed	provisional
SID531469	SID531469	donor_combined_disjoint_clean_reads	k__Bacteria|p__Firmicutes|c__Bacilli|o__Lactobacillales|f__Streptococcaceae|g__Streptococcus|s__Streptococcus_gordonii	species	2|1239|91061|186826|1300|1301|1302	0.013801	0.00013801000000000002	assessed	provisional
SID531469	SID531469	donor_combined_disjoint_clean_reads	k__Bacteria|p__Firmicutes|c__Clostridia|o__Lachnospirales|f__Lachnospiraceae|g__Enterocloster|s__Enterocloster_aldenensis	species	2|1239|186801|3085636|186803|2719313|358742	0.013538	0.00013538	assessed	provisional
SID531469	SID531469	donor_combined_disjoint_clean_reads	k__Bacteria|p__Bacteroidota|c__Bacteroidia|o__Bacteroidales|f__Prevotellaceae|g__Segatella|s__Segatella_copri	species	2|976|200643|171549|171552|2974251|165179	0.013317	0.00013317	assessed	provisional
SID531469	SID531469	donor_combined_disjoint_clean_reads	k__Bacteria|p__Bacteroidota|c__Bacteroidia|o__Bacteroidales|f__Rikenellaceae|g__Alistipes|s__Alistipes_hominis	species	2|976|200643|171549|171550|239759|2763015	0.013275	0.00013275	assessed	provisional
SID531469	SID531469	donor_combined_disjoint_clean_reads	k__Bacteria|p__Firmicutes|c__CFGB3023|o__OFGB3023|f__FGB3023|g__GGB9501|s__GGB9501_SGB14898	species	2|1239|||||	0.012945	0.00012945	assessed	provisional
SID531469	SID531469	donor_combined_disjoint_clean_reads	k__Bacteria|p__Firmicutes|c__CFGB1292|o__OFGB1292|f__FGB1292|g__GGB3109|s__GGB3109_SGB4119	species	2|1239|||||	0.01286	0.0001286	assessed	provisional
SID531469	SID531469	donor_combined_disjoint_clean_reads	k__Bacteria|p__Firmicutes|c__Clostridia|o__Eubacteriales|f__Oscillospiraceae|g__Oscillospiraceae_unclassified|s__Clostridium_leptum	species	2|1239|186801|186802|216572||1535	0.012351	0.00012351000000000002	assessed	provisional
SID531469	SID531469	donor_combined_disjoint_clean_reads	k__Bacteria|p__Firmicutes|c__Clostridia|o__Eubacteriales|f__Eubacteriales_Family_XIII_Incertae_Sedis|g__Lentihominibacter|s__Lentihominibacter_faecis	species	2|1239|186801|186802|543314|2944200|2764712	0.012316	0.00012316	assessed	provisional
SID531469	SID531469	donor_combined_disjoint_clean_reads	k__Bacteria|p__Firmicutes|c__Clostridia|o__Peptostreptococcales|f__Anaerovoracaceae|g__Mogibacterium|s__Mogibacterium_timidum	species	2|1239|186801|3082720|3030910|86331|35519	0.011929	0.00011929	assessed	provisional
SID531469	SID531469	donor_combined_disjoint_clean_reads	k__Bacteria|p__Firmicutes|c__Bacilli|o__Bacillales|f__Staphylococcaceae|g__Staphylococcus|s__Staphylococcus_aureus	species	2|1239|91061|1385|90964|1279|1280	0.011698	0.00011698	assessed	provisional
SID531469	SID531469	donor_combined_disjoint_clean_reads	k__Bacteria|p__Firmicutes|c__Clostridia|o__Eubacteriales|f__Acutalibacteraceae|g__Acutalibacter|s__Acutalibacter_sp_LFL_21	species	2|1239|186801|186802|3082771|1918385|2983399	0.011462	0.00011462	assessed	provisional
SID531469	SID531469	donor_combined_disjoint_clean_reads	k__Bacteria|p__Firmicutes|c__CFGB1126|o__OFGB1126|f__FGB1126|g__GGB2848|s__GGB2848_SGB3813	species	2|1239|||||	0.011073	0.00011072999999999999	assessed	provisional
SID531469	SID531469	donor_combined_disjoint_clean_reads	k__Bacteria|p__Firmicutes|c__Clostridia|o__Christensenellales|f__Christensenellaceae|g__GGB9186|s__GGB9186_SGB14125	species	2|1239|186801|3082768|990719||	0.010528	0.00010528	assessed	provisional
SID531469	SID531469	donor_combined_disjoint_clean_reads	k__Bacteria|p__Firmicutes|c__Clostridia|o__Lachnospirales|f__Lachnospiraceae|g__Anaerosacchariphilus|s__Anaerosacchariphilus_hominis	species	2|1239|186801|3085636|186803|2678884|2763017	0.010133	0.00010133	assessed	provisional
SID531469	SID531469	donor_combined_disjoint_clean_reads	k__Bacteria|p__Firmicutes|c__Negativicutes|o__Veillonellales|f__Veillonellaceae|g__Dialister|s__Dialister_invisus	species	2|1239|909932|1843489|31977|39948|218538	0.010084	0.00010083999999999999	assessed	provisional
SID531469	SID531469	donor_combined_disjoint_clean_reads	k__Bacteria|p__Firmicutes|c__Clostridia|o__Eubacteriales|f__Oscillospiraceae|g__Dysosmobacter|s__Dysosmobacter_SGB15052	species	2|1239|186801|186802|216572|2591381|	0.010078	0.00010078000000000001	assessed	provisional
SID531469	SID531469	donor_combined_disjoint_clean_reads	k__Bacteria|p__Firmicutes|c__Clostridia|o__Lachnospirales|f__Lachnospiraceae|g__Blautia|s__Blautia_marasmi	species	2|1239|186801|3085636|186803|572511|1917868	0.009785	9.785e-05	assessed	provisional
SID531469	SID531469	donor_combined_disjoint_clean_reads	k__Bacteria|p__Firmicutes|c__Clostridia|o__Lachnospirales|f__Lachnospiraceae|g__Mediterraneibacter|s__Mediterraneibacter_hominis	species	2|1239|186801|3085636|186803|2316020|2763054	0.009093	9.093e-05	assessed	provisional
SID531469	SID531469	donor_combined_disjoint_clean_reads	k__Bacteria|p__Firmicutes|c__Erysipelotrichia|o__Erysipelotrichales|f__Coprobacillaceae|g__Coprobacillus|s__Coprobacillus_cateniformis	species	2|1239|526524|526525|2810280|100883|100884	0.008797	8.796999999999999e-05	assessed	provisional
SID531469	SID531469	donor_combined_disjoint_clean_reads	k__Bacteria|p__Actinomycetota|c__Actinomycetes|o__Actinomycetales|f__Actinomycetaceae|g__Schaalia|s__Schaalia_odontolytica	species	2|201174|1760|2037|2049|2529408|1660	0.008777	8.777e-05	assessed	provisional
SID531469	SID531469	donor_combined_disjoint_clean_reads	k__Bacteria|p__Firmicutes|c__Clostridia|o__Lachnospirales|f__Lachnospiraceae|g__Wansuia|s__Wansuia_hejianensis	species	2|1239|186801|3085636|186803|2944198|2763667	0.008535	8.534999999999999e-05	assessed	provisional
SID531469	SID531469	donor_combined_disjoint_clean_reads	k__Bacteria|p__Firmicutes|c__Clostridia|o__Eubacteriales|f__Eubacteriales_unclassified|g__Gemmiger|s__Gemmiger_formicilis	species	2|1239|186801|186802||204475|745368	0.008155	8.155e-05	assessed	provisional
SID531469	SID531469	donor_combined_disjoint_clean_reads	k__Bacteria|p__Firmicutes|c__Clostridia|o__Eubacteriales|f__Clostridiaceae|g__GGB42638|s__GGB42638_SGB59835	species	2|1239|186801|186802|31979||	0.007877	7.877e-05	assessed	provisional
SID531469	SID531469	donor_combined_disjoint_clean_reads	k__Bacteria|p__Firmicutes|c__Bacilli|o__Lactobacillales|f__Carnobacteriaceae|g__Granulicatella|s__Granulicatella_sp_UMB5615A	species	2|1239|91061|186826|186828|117563|3050606	0.006986	6.986e-05	assessed	provisional
SID531469	SID531469	donor_combined_disjoint_clean_reads	k__Bacteria|p__Firmicutes|c__Clostridia|o__Lachnospirales|f__Lachnospiraceae|g__Moryella|s__Moryella_indoligenes	species	2|1239|186801|3085636|186803|437755|371674	0.006675	6.675000000000001e-05	assessed	provisional
SID531469	SID531469	donor_combined_disjoint_clean_reads	k__Bacteria|p__Firmicutes|c__Clostridia|o__Eubacteriales|f__Eubacteriales_unclassified|g__Eubacteriales_unclassified|s__Clostridiales_bacterium	species	2|1239|186801|186802|||1898207	0.006588	6.588e-05	assessed	provisional
SID531469	SID531469	donor_combined_disjoint_clean_reads	k__Bacteria|p__Firmicutes|c__Erysipelotrichia|o__Erysipelotrichales|f__Erysipelotrichaceae|g__Solobacterium|s__Solobacterium_moorei	species	2|1239|526524|526525|128827|123375|102148	0.006521	6.521e-05	assessed	provisional
SID531469	SID531469	donor_combined_disjoint_clean_reads	k__Bacteria|p__Firmicutes|c__Bacilli|o__Lactobacillales|f__Streptococcaceae|g__Streptococcus|s__Streptococcus_infantis	species	2|1239|91061|186826|1300|1301|68892	0.006331	6.331e-05	assessed	provisional
SID531469	SID531469	donor_combined_disjoint_clean_reads	k__Bacteria|p__Firmicutes|c__Clostridia|o__Eubacteriales|f__Clostridiaceae|g__Clostridium|s__Clostridium_sp_D5	species	2|1239|186801|186802|31979|1485|556261	0.005967	5.967e-05	assessed	provisional
SID531469	SID531469	donor_combined_disjoint_clean_reads	k__Bacteria|p__Firmicutes|c__Clostridia|o__Eubacteriales|f__Eubacteriales_Family_XIII_Incertae_Sedis|g__Eubacteriales_Family_XIII_Incertae_Sedis_unclassified|s__Eubacteriales_Family_XIII_Incertae_Sedis_unclassified_SGB3978	species	2|1239|186801|186802|543314||	0.005865	5.865e-05	assessed	provisional
SID531469	SID531469	donor_combined_disjoint_clean_reads	k__Bacteria|p__Firmicutes|c__Clostridia|o__Eubacteriales|f__Oscillospiraceae|g__GGB79120|s__GGB79120_SGB105837	species	2|1239|186801|186802|216572||	0.005819	5.8190000000000004e-05	assessed	provisional
SID531469	SID531469	donor_combined_disjoint_clean_reads	k__Bacteria|p__Firmicutes|c__Clostridia|o__Lachnospirales|f__Lachnospiraceae|g__GGB42666|s__GGB42666_SGB59867	species	2|1239|186801|3085636|186803||	0.005774	5.774e-05	assessed	provisional
SID531469	SID531469	donor_combined_disjoint_clean_reads	k__Bacteria|p__Bacteroidota|c__Bacteroidia|o__Bacteroidales|f__Bacteroidaceae|g__Bacteroides|s__Bacteroides_caccae	species	2|976|200643|171549|815|816|47678	0.005438	5.4380000000000005e-05	assessed	provisional
SID531469	SID531469	donor_combined_disjoint_clean_reads	k__Bacteria|p__Firmicutes|c__Clostridia|o__Eubacteriales|f__Butyricicoccaceae|g__Butyricicoccus|s__Butyricicoccus_pullicaecorum	species	2|1239|186801|186802|3085642|580596|501571	0.005355	5.355e-05	assessed	provisional
SID531469	SID531469	donor_combined_disjoint_clean_reads	k__Bacteria|p__Firmicutes|c__Erysipelotrichia|o__Erysipelotrichales|f__Turicibacteraceae|g__Turicibacter|s__Turicibacter_bilis	species	2|1239|526524|526525|2810281|191303|2735723	0.005005	5.005e-05	assessed	provisional
SID531469	SID531469	donor_combined_disjoint_clean_reads	k__Bacteria|p__Firmicutes|c__Clostridia|o__Eubacteriales|f__Oscillospiraceae|g__GGB9787|s__GGB9787_SGB15410	species	2|1239|186801|186802|216572||	0.004871	4.8710000000000006e-05	assessed	provisional
SID531469	SID531469	donor_combined_disjoint_clean_reads	k__Bacteria|p__Firmicutes|c__Clostridia|o__Lachnospirales|f__Lachnospiraceae|g__Enterocloster|s__Enterocloster_lavalensis	species	2|1239|186801|3085636|186803|2719313|460384	0.004836	4.836e-05	assessed	provisional
SID531469	SID531469	donor_combined_disjoint_clean_reads	k__Bacteria|p__Firmicutes|c__CFGB1011|o__OFGB1011|f__FGB1011|g__GGB2653|s__GGB2653_SGB3574	species	2|1239|||||	0.004485	4.4850000000000006e-05	assessed	provisional
SID531469	SID531469	donor_combined_disjoint_clean_reads	k__Bacteria|p__Bacteroidota|c__Bacteroidia|o__Bacteroidales|f__Bacteroidaceae|g__Bacteroides|s__Bacteroides_eggerthii	species	2|976|200643|171549|815|816|28111	0.004454	4.454e-05	assessed	provisional
SID531469	SID531469	donor_combined_disjoint_clean_reads	k__Bacteria|p__Bacteroidota|c__Bacteroidia|o__Bacteroidales|f__Tannerellaceae|g__Parabacteroides|s__Parabacteroides_distasonis	species	2|976|200643|171549|2005525|375288|823	0.004255	4.2550000000000004e-05	assessed	provisional
SID531469	SID531469	donor_combined_disjoint_clean_reads	k__Bacteria|p__Firmicutes|c__CFGB3038|o__OFGB3038|f__FGB3038|g__GGB9531|s__GGB9531_SGB14932	species	2|1239|||||	0.004228	4.228e-05	assessed	provisional
SID531469	SID531469	donor_combined_disjoint_clean_reads	k__Bacteria|p__Actinomycetota|c__Actinomycetes|o__Actinomycetales|f__Actinomycetaceae|g__Schaalia|s__Schaalia_turicensis	species	2|201174|1760|2037|2049|2529408|131111	0.003817	3.817e-05	assessed	provisional
SID531469	SID531469	donor_combined_disjoint_clean_reads	k__Bacteria|p__Firmicutes|c__CFGB94479|o__OFGB94479|f__FGB94479|g__GGB3892|s__GGB3892_SGB5290	species	2|1239|||||	0.003788	3.788e-05	assessed	provisional
SID531469	SID531469	donor_combined_disjoint_clean_reads	k__Bacteria|p__Actinomycetota|c__Actinomycetes|o__Bifidobacteriales|f__Bifidobacteriaceae|g__Bifidobacterium|s__Bifidobacterium_adolescentis	species	2|201174|1760|85004|31953|1678|1680	0.003594	3.594e-05	assessed	provisional
SID531469	SID531469	donor_combined_disjoint_clean_reads	k__Bacteria|p__Actinomycetota|c__Actinomycetes|o__Micrococcales|f__Micrococcaceae|g__Rothia|s__Rothia_mucilaginosa	species	2|201174|1760|85006|1268|32207|43675	0.003541	3.541e-05	assessed	provisional
SID531469	SID531469	donor_combined_disjoint_clean_reads	k__Bacteria|p__Firmicutes|c__CFGB41334|o__OFGB41334|f__FGB41334|g__GGB42392|s__GGB42392_SGB71394	species	2|1239|||||	0.003034	3.0339999999999998e-05	assessed	provisional
SID531469	SID531469	donor_combined_disjoint_clean_reads	k__Bacteria|p__Actinomycetota|c__Actinomycetes|o__Micrococcales|f__Brevibacteriaceae|g__Brevibacterium|s__Brevibacterium_aurantiacum	species	2|201174|1760|85006|85019|1696|273384	0.003009	3.0089999999999998e-05	assessed	provisional
SID531469	SID531469	donor_combined_disjoint_clean_reads	k__Bacteria|p__Firmicutes|c__Clostridia|o__Lachnospirales|f__Lachnospiraceae|g__Enterocloster|s__Enterocloster_bolteae	species	2|1239|186801|3085636|186803|2719313|208479	0.003007	3.0070000000000002e-05	assessed	provisional
SID531469	SID531469	donor_combined_disjoint_clean_reads	k__Bacteria|p__Firmicutes|c__Clostridia|o__Eubacteriales|f__Oscillospiraceae|g__Anaerotruncus|s__Anaerotruncus_colihominis	species	2|1239|186801|186802|216572|244127|169435	0.002966	2.9659999999999997e-05	assessed	provisional
SID531469	SID531469	donor_combined_disjoint_clean_reads	k__Bacteria|p__Firmicutes|c__Bacilli|o__Lactobacillales|f__Streptococcaceae|g__Streptococcus|s__Streptococcus_parasanguinis	species	2|1239|91061|186826|1300|1301|1318	0.002876	2.8760000000000002e-05	assessed	provisional
SID531469	SID531469	donor_combined_disjoint_clean_reads	k__Bacteria|p__Firmicutes|c__Clostridia|o__Eubacteriales|f__Oscillospiraceae|g__Bittarella_ex_Durand_et_al_2017|s__Bittarella_massiliensis_ex_Durand_et_al_2017	species	2|1239|186801|186802|216572|1929297|1720313	0.002716	2.716e-05	assessed	provisional
SID531469	SID531469	donor_combined_disjoint_clean_reads	k__Bacteria|p__Bacteroidota|c__Bacteroidia|o__Bacteroidales|f__Bacteroidaceae|g__Bacteroides|s__Bacteroides_xylanisolvens	species	2|976|200643|171549|815|816|371601	0.002703	2.703e-05	assessed	provisional
SID531469	SID531469	donor_combined_disjoint_clean_reads	k__Bacteria|p__Firmicutes|c__Clostridia|o__Eubacteriales|f__Oscillospiraceae|g__Massiliimalia|s__Massiliimalia_timonensis	species	2|1239|186801|186802|216572|2895461|1987501	0.002667	2.667e-05	assessed	provisional
SID531469	SID531469	donor_combined_disjoint_clean_reads	k__Bacteria|p__Firmicutes|c__Clostridia|o__Eubacteriales|f__Oscillospiraceae|g__Oscillospiraceae_unclassified|s__Clostridium_methylpentosum	species	2|1239|186801|186802|216572||84026	0.002631	2.631e-05	assessed	provisional
SID531469	SID531469	donor_combined_disjoint_clean_reads	k__Bacteria|p__Firmicutes|c__Clostridia|o__Peptostreptococcales|f__Anaerovoracaceae|g__GGB2987|s__GGB2987_SGB3969	species	2|1239|186801|3082720|3030910||	0.002604	2.604e-05	assessed	provisional
SID531469	SID531469	donor_combined_disjoint_clean_reads	k__Bacteria|p__Firmicutes|c__Clostridia|o__Lachnospirales|f__Lachnospiraceae|g__Catenibacillus|s__Catenibacillus_scindens	species	2|1239|186801|3085636|186803|2316203|673271	0.002443	2.4429999999999998e-05	assessed	provisional
SID531469	SID531469	donor_combined_disjoint_clean_reads	k__Bacteria|p__Firmicutes|c__Clostridia|o__Lachnospirales|f__Lachnospiraceae|g__Coprococcus|s__Coprococcus_phoceensis	species	2|1239|186801|3085636|186803|33042|1870993	0.002295	2.2950000000000002e-05	assessed	provisional
SID531469	SID531469	donor_combined_disjoint_clean_reads	k__Bacteria|p__Firmicutes|c__Clostridia|o__Lachnospirales|f__Lachnospiraceae|g__Extibacter|s__Extibacter_muris	species	2|1239|186801|3085636|186803|1918452|1796622	0.002239	2.239e-05	assessed	provisional
SID531469	SID531469	donor_combined_disjoint_clean_reads	k__Bacteria|p__Bacteroidota|c__Bacteroidia|o__Bacteroidales|f__Bacteroidaceae|g__Phocaeicola|s__Phocaeicola_sartorii	species	2|976|200643|171549|815|909656|671267	0.002212	2.2119999999999998e-05	assessed	provisional
SID531469	SID531469	donor_combined_disjoint_clean_reads	k__Bacteria|p__Bacteroidota|c__Bacteroidia|o__Bacteroidales|f__Bacteroidaceae|g__Bacteroides|s__Bacteroides_fragilis	species	2|976|200643|171549|815|816|817	0.002187	2.1870000000000002e-05	assessed	provisional
SID531469	SID531469	donor_combined_disjoint_clean_reads	k__Bacteria|p__Actinomycetota|c__Actinomycetes|o__Actinomycetales|f__Actinomycetaceae|g__Actinomyces|s__Actinomyces_sp_ICM47	species	2|201174|1760|2037|2049|1654|936548	0.001981	1.9810000000000002e-05	assessed	provisional
SID531469	SID531469	donor_combined_disjoint_clean_reads	k__Bacteria|p__Firmicutes|c__Clostridia|o__Lachnospirales|f__Lachnospiraceae|g__Diplocloster|s__Diplocloster_agilis	species	2|1239|186801|3085636|186803|2918511|2850323	0.001934	1.934e-05	assessed	provisional
SID531469	SID531469	donor_combined_disjoint_clean_reads	k__Bacteria|p__Firmicutes|c__CFGB38642|o__OFGB38642|f__FGB38642|g__GGB9770|s__GGB9770_SGB15390	species	2|1239|||||	0.001835	1.835e-05	assessed	provisional
SID531469	SID531469	donor_combined_disjoint_clean_reads	k__Bacteria|p__Firmicutes|c__Clostridia|o__Lachnospirales|f__Lachnospiraceae|g__Anaerobutyricum|s__Anaerobutyricum_soehngenii	species	2|1239|186801|3085636|186803|2569097|105843	0.001811	1.8109999999999998e-05	assessed	provisional
SID531469	SID531469	donor_combined_disjoint_clean_reads	k__Bacteria|p__Firmicutes|c__Clostridia|o__Eubacteriales|f__Oscillospiraceae|g__Lawsonibacter|s__Lawsonibacter_faecis	species	2|1239|186801|186802|216572|2172004|2763052	0.001778	1.778e-05	assessed	provisional
SID531469	SID531469	donor_combined_disjoint_clean_reads	k__Bacteria|p__Firmicutes|c__Clostridia|o__Eubacteriales|f__Clostridiaceae|g__GGB3550|s__GGB3550_SGB4746	species	2|1239|186801|186802|31979||	0.001769	1.769e-05	assessed	provisional
SID531469	SID531469	donor_combined_disjoint_clean_reads	k__Bacteria|p__Actinomycetota|c__Actinomycetes|o__Bifidobacteriales|f__Bifidobacteriaceae|g__Bifidobacterium|s__Bifidobacterium_longum	species	2|201174|1760|85004|31953|1678|216816	0.001732	1.732e-05	assessed	provisional
SID531469	SID531469	donor_combined_disjoint_clean_reads	k__Bacteria|p__Firmicutes|c__Clostridia|o__Lachnospirales|f__Lachnospiraceae|g__Blautia|s__Blautia_hansenii	species	2|1239|186801|3085636|186803|572511|1322	0.001712	1.712e-05	assessed	provisional
SID531469	SID531469	donor_combined_disjoint_clean_reads	k__Bacteria|p__Firmicutes|c__Clostridia|o__Eubacteriales|f__Oscillospiraceae|g__Brotocaccenecus|s__Brotocaccenecus_cirricatena	species	2|1239|186801|186802|216572|3064194|3064195	0.001682	1.6819999999999998e-05	assessed	provisional
SID531469	SID531469	donor_combined_disjoint_clean_reads	k__Bacteria|p__Actinomycetota|c__Coriobacteriia|o__Eggerthellales|f__Eggerthellaceae|g__GGB45432|s__GGB45432_SGB63101	species	2|201174|84998|1643822|1643826||	0.001526	1.526e-05	assessed	provisional
SID531469	SID531469	donor_combined_disjoint_clean_reads	k__Bacteria|p__Bacteroidota|c__Bacteroidia|o__Bacteroidales|f__Bacteroidaceae|g__Bacteroides|s__Bacteroides_stercoris	species	2|976|200643|171549|815|816|46506	0.001494	1.4940000000000001e-05	assessed	provisional
SID531469	SID531469	donor_combined_disjoint_clean_reads	k__Bacteria|p__Firmicutes|c__Clostridia|o__Eubacteriales|f__Clostridiaceae|g__Clostridium|s__Clostridium_sp_1001270J_160509_D11	species	2|1239|186801|186802|31979|1485|2787103	0.001481	1.4809999999999999e-05	assessed	provisional
SID531469	SID531469	donor_combined_disjoint_clean_reads	k__Bacteria|p__Firmicutes|c__Negativicutes|o__Veillonellales|f__Veillonellaceae|g__Veillonella|s__Veillonella_nakazawae	species	2|1239|909932|1843489|31977|29465|2682456	0.001464	1.464e-05	assessed	provisional
SID531469	SID531469	donor_combined_disjoint_clean_reads	k__Bacteria|p__Bacteroidota|c__Bacteroidia|o__Bacteroidales|f__Bacteroidaceae|g__Phocaeicola|s__Phocaeicola_massiliensis	species	2|976|200643|171549|815|909656|204516	0.00142	1.42e-05	assessed	provisional
SID531469	SID531469	donor_combined_disjoint_clean_reads	k__Bacteria|p__Firmicutes|c__Clostridia|o__Peptostreptococcales|f__Filifactoraceae|g__Criibacterium|s__Criibacterium_bergeronii	species	2|1239|186801|3082720|3118655|1937664|1871336	0.001354	1.3539999999999999e-05	assessed	provisional
SID531469	SID531469	donor_combined_disjoint_clean_reads	k__Bacteria|p__Actinomycetota|c__Coriobacteriia|o__Coriobacteriales|f__Coriobacteriaceae|g__Collinsella|s__Collinsella_aerofaciens	species	2|201174|84998|84999|84107|102106|74426	0.001308	1.3079999999999998e-05	assessed	provisional
SID531469	SID531469	donor_combined_disjoint_clean_reads	k__Bacteria|p__Firmicutes|c__Clostridia|o__Eubacteriales|f__Oscillospiraceae|g__Harryflintia|s__Harryflintia_acetispora	species	2|1239|186801|186802|216572|1892380|1849041	0.001281	1.2810000000000001e-05	assessed	provisional
SID531469	SID531469	donor_combined_disjoint_clean_reads	k__Bacteria|p__Firmicutes|c__Erysipelotrichia|o__Erysipelotrichales|f__Erysipelotrichaceae|g__Holdemanella|s__Holdemanella_porci	species	2|1239|526524|526525|128827|1573535|2652276	0.00128	1.2800000000000001e-05	assessed	provisional
SID531469	SID531469	donor_combined_disjoint_clean_reads	k__Bacteria|p__Firmicutes|c__Clostridia|o__Eubacteriales|f__Oscillospiraceae|g__Oscillibacter|s__Oscillibacter_sp_ER4	species	2|1239|186801|186802|216572|459786|1519439	0.001051	1.0510000000000001e-05	assessed	provisional
SID531469	SID531469	donor_combined_disjoint_clean_reads	k__Bacteria|p__Firmicutes|c__Clostridia|o__Lachnospirales|f__Lachnospiraceae|g__Lachnospiraceae_unclassified|s__Lachnospiraceae_bacterium_OF27_8pH9A	species	2|1239|186801|3085636|186803||2998044	0.001012	1.0120000000000001e-05	assessed	provisional
SID531469	SID531469	donor_combined_disjoint_clean_reads	k__Bacteria|p__Firmicutes|c__Clostridia|o__Lachnospirales|f__Lachnospiraceae|g__Enterocloster|s__Enterocloster_citroniae	species	2|1239|186801|3085636|186803|2719313|358743	0.001005	1.005e-05	assessed	provisional
SID531469	SID531469	donor_combined_disjoint_clean_reads	k__Bacteria|p__Firmicutes|c__Clostridia|o__Lachnospirales|f__Lachnospiraceae|g__Faecalicatena|s__Faecalicatena_contorta	species	2|1239|186801|3085636|186803|2005359|39482	0.000917	9.17e-06	assessed	provisional
SID531469	SID531469	donor_combined_disjoint_clean_reads	k__Bacteria|p__Bacteroidota|c__Bacteroidia|o__Bacteroidales|f__Rikenellaceae|g__Alistipes|s__Alistipes_timonensis	species	2|976|200643|171549|171550|239759|1465754	0.000905	9.05e-06	assessed	provisional
SID531469	SID531469	donor_combined_disjoint_clean_reads	k__Bacteria|p__Firmicutes|c__Bacilli|o__Lactobacillales|f__Lactobacillaceae|g__Latilactobacillus|s__Latilactobacillus_curvatus	species	2|1239|91061|186826|33958|2767885|28038	0.000782	7.82e-06	assessed	provisional
SID531469	SID531469	donor_combined_disjoint_clean_reads	k__Bacteria|p__Firmicutes|c__Clostridia|o__Lachnospirales|f__Lachnospiraceae|g__Blautia|s__Blautia_sp_MCC283	species	2|1239|186801|3085636|186803|572511|2592640	0.000694	6.94e-06	assessed	provisional
SID531469	SID531469	donor_combined_disjoint_clean_reads	k__Bacteria|p__Firmicutes|c__Clostridia|o__Eubacteriales|f__Oscillospiraceae|g__Faecalibacterium|s__Faecalibacterium_SGB15346	species	2|1239|186801|186802|216572|216851|	0.000672	6.72e-06	assessed	provisional
SID531469	SID531469	donor_combined_disjoint_clean_reads	k__Bacteria|p__Firmicutes|c__Clostridia|o__Eubacteriales|f__Eubacteriales_Family_XIII_Incertae_Sedis|g__Zhenpiania|s__Zhenpiania_hominis	species	2|1239|186801|186802|543314|2944199|2763644	0.000631	6.3100000000000006e-06	assessed	provisional
SID531469	SID531469	donor_combined_disjoint_clean_reads	k__Bacteria|p__Firmicutes|c__Clostridia|o__Eubacteriales|f__Oscillospiraceae|g__Lawsonibacter|s__Lawsonibacter_hominis	species	2|1239|186801|186802|216572|2172004|2763053	0.000612	6.12e-06	assessed	provisional
SID531469	SID531469	donor_combined_disjoint_clean_reads	k__Bacteria|p__Firmicutes|c__CFGB3004|o__OFGB3004|f__FGB3004|g__GGB58158|s__GGB58158_SGB79798	species	2|1239|||||	0.000576	5.76e-06	assessed	provisional
SID531469	SID531469	donor_combined_disjoint_clean_reads	k__Bacteria|p__Firmicutes|c__Clostridia|o__Lachnospirales|f__Lachnospiraceae|g__Lachnospiraceae_unclassified|s__Lachnospiraceae_bacterium_OM14_6A	species	2|1239|186801|3085636|186803||2998047	0.000554	5.54e-06	assessed	provisional
SID531469	SID531469	donor_combined_disjoint_clean_reads	k__Bacteria|p__Bacteroidota|c__Bacteroidia|o__Bacteroidales|f__Porphyromonadaceae|g__Porphyromonas|s__Porphyromonas_vaginalis	species	2|976|200643|171549|171551|836|3044325	0.000552	5.52e-06	assessed	provisional
SID531469	SID531469	donor_combined_disjoint_clean_reads	k__Bacteria|p__Firmicutes|c__Clostridia|o__Eubacteriales|f__Oscillospiraceae|g__Massiliimalia|s__Massiliimalia_massiliensis	species	2|1239|186801|186802|216572|2895461|1852384	0.000515	5.150000000000001e-06	assessed	provisional
SID531469	SID531469	donor_combined_disjoint_clean_reads	k__Bacteria|p__Firmicutes|c__Clostridia|o__Eubacteriales|f__Oscillospiraceae|g__Flavonifractor|s__Flavonifractor_sp_An100	species	2|1239|186801|186802|216572|946234|1965538	0.000488	4.88e-06	assessed	provisional
SID531469	SID531469	donor_combined_disjoint_clean_reads	k__Bacteria|p__Firmicutes|c__Clostridia|o__Eubacteriales|f__Oscillospiraceae|g__GGB9634|s__GGB9634_SGB15106	species	2|1239|186801|186802|216572||	0.000464	4.64e-06	assessed	provisional
SID531469	SID531469	donor_combined_disjoint_clean_reads	k__Bacteria|p__Bacteroidota|c__Bacteroidia|o__Bacteroidales|f__Rikenellaceae|g__Alistipes|s__Alistipes_communis	species	2|976|200643|171549|171550|239759|2585118	0.000439	4.39e-06	assessed	provisional
SID531469	SID531469	donor_combined_disjoint_clean_reads	k__Bacteria|p__Firmicutes|c__Clostridia|o__Eubacteriales|f__Bianqueaceae|g__Bianquea|s__Bianquea_renquensis	species	2|1239|186801|186802|2944142|2944146|2763661	0.000417	4.17e-06	assessed	provisional
SID531469	SID531469	donor_combined_disjoint_clean_reads	k__Bacteria|p__Firmicutes|c__Clostridia|o__Lachnospirales|f__Lachnospiraceae|g__GGB3677|s__GGB3677_SGB4990	species	2|1239|186801|3085636|186803||	0.000373	3.7300000000000003e-06	assessed	provisional
SID531469	SID531469	donor_combined_disjoint_clean_reads	k__Bacteria|p__Firmicutes|c__Clostridia|o__Christensenellales|f__Christensenellaceae|g__Christensenella|s__Christensenella_minuta	species	2|1239|186801|3082768|990719|990721|626937	0.000291	2.91e-06	assessed	provisional
SID531469	SID531469	donor_combined_disjoint_clean_reads	k__Bacteria|p__Firmicutes|c__Clostridia|o__Lachnospirales|f__Lachnospiraceae|g__Anaerostipes|s__Anaerostipes_SGB4546	species	2|1239|186801|3085636|186803|207244|	0.000285	2.85e-06	assessed	provisional
SID531469	SID531469	donor_combined_disjoint_clean_reads	k__Bacteria|p__Verrucomicrobiota|c__Verrucomicrobiia|o__Verrucomicrobiales|f__Akkermansiaceae|g__Akkermansia|s__Akkermansia_muciniphila	species	2|74201|203494|48461|1647988|239934|239935	0.000284	2.8400000000000003e-06	assessed	provisional
SID531469	SID531469	donor_combined_disjoint_clean_reads	k__Bacteria|p__Firmicutes|c__CFGB1354|o__OFGB1354|f__FGB1354|g__GGB3304|s__GGB3304_SGB4367	species	2|1239|||||	0.000274	2.74e-06	assessed	provisional
SID531469	SID531469	donor_combined_disjoint_clean_reads	k__Bacteria|p__Firmicutes|c__Clostridia|o__Eubacteriales|f__Oscillospiraceae|g__Oscillibacter|s__Oscillibacter_sp_PC13	species	2|1239|186801|186802|216572|459786|1855299	0.000259	2.59e-06	assessed	provisional
SID531469	SID531469	donor_combined_disjoint_clean_reads	k__Bacteria|p__Firmicutes|c__Clostridia|o__Eubacteriales|f__Clostridiaceae|g__Lactonifactor|s__Lactonifactor_longoviformis	species	2|1239|186801|186802|31979|420345|341220	0.000237	2.3699999999999998e-06	assessed	provisional
SID531469	SID531469	donor_combined_disjoint_clean_reads	k__Bacteria|p__Firmicutes|c__Clostridia|o__Eubacteriales|f__Butyricicoccaceae|g__Intestinibacillus|s__Intestinibacillus_massiliensis	species	2|1239|186801|186802|3085642|1928820|1871029	0.000233	2.33e-06	assessed	provisional
SID531469	SID531469	donor_combined_disjoint_clean_reads	k__Bacteria|p__Pseudomonadota|c__Gammaproteobacteria|o__Enterobacterales|f__Enterobacteriaceae|g__Klebsiella|s__Klebsiella_michiganensis	species	2|1224|1236|91347|543|570|1134687	0.000189	1.8900000000000001e-06	assessed	provisional
SID531469	SID531469	donor_combined_disjoint_clean_reads	k__Bacteria|p__Firmicutes|c__Clostridia|o__Eubacteriales|f__Acutalibacteraceae|g__Hydrogeniiclostridium|s__Hydrogeniiclostridium_mannosilyticum	species	2|1239|186801|186802|3082771|2764317|2764322	0.000164	1.64e-06	assessed	provisional
SID531469	SID531469	donor_combined_disjoint_clean_reads	k__Bacteria|p__Firmicutes|c__Clostridia|o__Eubacteriales|f__Clostridiaceae|g__Clostridium|s__Clostridium_saudiense	species	2|1239|186801|186802|31979|1485|1414720	0.000157	1.57e-06	assessed	provisional
SID531469	SID531469	donor_combined_disjoint_clean_reads	k__Bacteria|p__Firmicutes|c__Clostridia|o__Lachnospirales|f__Lachnospiraceae|g__GGB3556|s__GGB3556_SGB4755	species	2|1239|186801|3085636|186803||	9e-05	9.000000000000001e-07	assessed	provisional
SID532796	SID532796	donor_combined_disjoint_clean_reads	UNCLASSIFIED	unclassified	-1	18.445364	0.18445364	assessed	provisional
SID532796	SID532796	donor_combined_disjoint_clean_reads	k__Bacteria|p__Firmicutes|c__Clostridia|o__Eubacteriales|f__Eubacteriales_incertae_sedis|g__Candidatus_Cibionibacter|s__Candidatus_Cibionibacter_quicibialis	species	2|1239|186801|186802|538999|2527773|2500537	8.830751	0.08830750999999999	assessed	provisional
SID532796	SID532796	donor_combined_disjoint_clean_reads	k__Bacteria|p__Firmicutes|c__Negativicutes|o__Veillonellales|f__Veillonellaceae|g__Dialister|s__Dialister_invisus	species	2|1239|909932|1843489|31977|39948|218538	6.884224	0.06884224	assessed	provisional
SID532796	SID532796	donor_combined_disjoint_clean_reads	k__Bacteria|p__Firmicutes|c__Clostridia|o__Eubacteriales|f__Eubacteriales_unclassified|g__Gemmiger|s__Gemmiger_formicilis	species	2|1239|186801|186802||204475|745368	5.145262	0.05145262	assessed	provisional
SID532796	SID532796	donor_combined_disjoint_clean_reads	k__Bacteria|p__Bacteroidota|c__CFGB1670|o__OFGB1670|f__FGB1670|g__GGB47687|s__GGB47687_SGB2286	species	2|976|||||	5.085023	0.050850229999999996	assessed	provisional
SID532796	SID532796	donor_combined_disjoint_clean_reads	k__Bacteria|p__Bacteroidota|c__Bacteroidia|o__Bacteroidales|f__Rikenellaceae|g__Alistipes|s__Alistipes_onderdonkii	species	2|976|200643|171549|171550|239759|328813	3.509798	0.03509798	assessed	provisional
SID532796	SID532796	donor_combined_disjoint_clean_reads	k__Bacteria|p__Firmicutes|c__Clostridia|o__Eubacteriales|f__Oscillospiraceae|g__Faecalibacterium|s__Faecalibacterium_prausnitzii	species	2|1239|186801|186802|216572|216851|853	3.479545	0.03479545	assessed	provisional
SID532796	SID532796	donor_combined_disjoint_clean_reads	k__Bacteria|p__Firmicutes|c__CFGB94588|o__OFGB94588|f__FGB94588|g__GGB51647|s__GGB51647_SGB4348	species	2|1239|||||	3.234962	0.032349619999999996	assessed	provisional
SID532796	SID532796	donor_combined_disjoint_clean_reads	k__Bacteria|p__Verrucomicrobiota|c__Verrucomicrobiia|o__Verrucomicrobiales|f__Akkermansiaceae|g__Akkermansia|s__Akkermansia_massiliensis	species	2|74201|203494|48461|1647988|239934|2927224	2.484016	0.02484016	assessed	provisional
SID532796	SID532796	donor_combined_disjoint_clean_reads	k__Bacteria|p__Firmicutes|c__CFGB1765|o__OFGB1765|f__FGB1765|g__GGB4599|s__GGB4599_SGB6362	species	2|1239|||||	2.13228	0.021322800000000003	assessed	provisional
SID532796	SID532796	donor_combined_disjoint_clean_reads	k__Bacteria|p__Firmicutes|c__Clostridia|o__Eubacteriales|f__Oscillospiraceae|g__Ruminococcus|s__Ruminococcus_bromii	species	2|1239|186801|186802|216572|1263|40518	2.02741	0.020274100000000003	assessed	provisional
SID532796	SID532796	donor_combined_disjoint_clean_reads	k__Bacteria|p__Firmicutes|c__Clostridia|o__Lachnospirales|f__Lachnospiraceae|g__Agathobacter|s__Agathobacter_rectalis	species	2|1239|186801|3085636|186803|1766253|39491	1.844098	0.01844098	assessed	provisional
SID532796	SID532796	donor_combined_disjoint_clean_reads	k__Bacteria|p__Firmicutes|c__CFGB31455|o__OFGB31455|f__FGB31455|g__GGB4632|s__GGB4632_SGB6410	species	2|1239|||||	1.781817	0.01781817	assessed	provisional
SID532796	SID532796	donor_combined_disjoint_clean_reads	k__Bacteria|p__Firmicutes|c__Clostridia|o__Lachnospirales|f__Lachnospiraceae|g__Anaerostipes|s__Anaerostipes_hadrus	species	2|1239|186801|3085636|186803|207244|649756	1.38345	0.013834500000000001	assessed	provisional
SID532796	SID532796	donor_combined_disjoint_clean_reads	k__Bacteria|p__Bacteroidota|c__Bacteroidia|o__Bacteroidales|f__Bacteroidaceae|g__Bacteroides|s__Bacteroides_eggerthii	species	2|976|200643|171549|815|816|28111	1.362825	0.01362825	assessed	provisional
SID532796	SID532796	donor_combined_disjoint_clean_reads	k__Bacteria|p__Bacteroidota|c__Bacteroidia|o__Bacteroidales|f__Bacteroidaceae|g__Phocaeicola|s__Phocaeicola_vulgatus	species	2|976|200643|171549|815|909656|821	1.265161	0.01265161	assessed	provisional
SID532796	SID532796	donor_combined_disjoint_clean_reads	k__Bacteria|p__Firmicutes|c__Clostridia|o__Eubacteriales|f__Oscillospiraceae|g__Ruminococcus|s__Ruminococcus_bicirculans_ex_Wegman_et_al_2014	species	2|1239|186801|186802|216572|1263|1160721	1.074151	0.010741510000000001	assessed	provisional
SID532796	SID532796	donor_combined_disjoint_clean_reads	k__Bacteria|p__Firmicutes|c__CFGB1765|o__OFGB1765|f__FGB1765|g__GGB4571|s__GGB4571_SGB6317	species	2|1239|||||	1.027149	0.010271490000000001	assessed	provisional
SID532796	SID532796	donor_combined_disjoint_clean_reads	k__Bacteria|p__Bacteroidota|c__Bacteroidia|o__Bacteroidales|f__Bacteroidaceae|g__Bacteroides|s__Bacteroides_uniformis	species	2|976|200643|171549|815|816|820	0.948576	0.00948576	assessed	provisional
SID532796	SID532796	donor_combined_disjoint_clean_reads	k__Bacteria|p__Firmicutes|c__Clostridia|o__Lachnospirales|f__Lachnospiraceae|g__Blautia|s__Blautia_wexlerae	species	2|1239|186801|3085636|186803|572511|418240	0.943569	0.00943569	assessed	provisional
SID532796	SID532796	donor_combined_disjoint_clean_reads	k__Bacteria|p__Bacteroidota|c__Bacteroidia|o__Bacteroidales|f__Bacteroidaceae|g__Bacteroides|s__Bacteroides_cellulosilyticus	species	2|976|200643|171549|815|816|246787	0.903098	0.00903098	assessed	provisional
SID532796	SID532796	donor_combined_disjoint_clean_reads	k__Bacteria|p__Bacteroidota|c__Bacteroidia|o__Bacteroidales|f__Barnesiellaceae|g__Barnesiella|s__Barnesiella_intestinihominis	species	2|976|200643|171549|2005519|397864|487174	0.856785	0.00856785	assessed	provisional
SID532796	SID532796	donor_combined_disjoint_clean_reads	k__Bacteria|p__Firmicutes|c__Clostridia|o__Lachnospirales|f__Anaerotignaceae|g__Anaerotignum|s__Anaerotignum_SGB5191	species	2|1239|186801|3085636|3118652|2039240|	0.850377	0.00850377	assessed	provisional
SID532796	SID532796	donor_combined_disjoint_clean_reads	k__Bacteria|p__Actinomycetota|c__Actinomycetes|o__Bifidobacteriales|f__Bifidobacteriaceae|g__Bifidobacterium|s__Bifidobacterium_bifidum	species	2|201174|1760|85004|31953|1678|1681	0.8446	0.008446	assessed	provisional
SID532796	SID532796	donor_combined_disjoint_clean_reads	k__Bacteria|p__Bacteroidota|c__Bacteroidia|o__Bacteroidales|f__Bacteroidaceae|g__Bacteroides|s__Bacteroides_caccae	species	2|976|200643|171549|815|816|47678	0.84339	0.0084339	assessed	provisional
SID532796	SID532796	donor_combined_disjoint_clean_reads	k__Bacteria|p__Firmicutes|c__Clostridia|o__Eubacteriales|f__Clostridiaceae|g__Clostridium|s__Clostridium_sp_AM49_4BH	species	2|1239|186801|186802|31979|1485|2293035	0.687162	0.00687162	assessed	provisional
SID532796	SID532796	donor_combined_disjoint_clean_reads	k__Bacteria|p__Firmicutes|c__Clostridia|o__Lachnospirales|f__Lachnospiraceae|g__Roseburia|s__Roseburia_hominis	species	2|1239|186801|3085636|186803|841|301301	0.659871	0.00659871	assessed	provisional
SID532796	SID532796	donor_combined_disjoint_clean_reads	k__Bacteria|p__Bacteroidota|c__Bacteroidia|o__Bacteroidales|f__Bacteroidaceae|g__Bacteroides|s__Bacteroides_stercoris	species	2|976|200643|171549|815|816|46506	0.610228	0.00610228	assessed	provisional
SID532796	SID532796	donor_combined_disjoint_clean_reads	k__Bacteria|p__Firmicutes|c__Erysipelotrichia|o__Erysipelotrichales|f__Coprobacillaceae|g__Faecalibacillus|s__Faecalibacillus_intestinalis	species	2|1239|526524|526525|2810280|2678885|1982626	0.586418	0.00586418	assessed	provisional
SID532796	SID532796	donor_combined_disjoint_clean_reads	k__Bacteria|p__Firmicutes|c__CFGB1765|o__OFGB1765|f__FGB1765|g__GGB4566|s__GGB4566_SGB6305	species	2|1239|||||	0.583424	0.005834240000000001	assessed	provisional
SID532796	SID532796	donor_combined_disjoint_clean_reads	k__Bacteria|p__Bacteroidota|c__Bacteroidia|o__Bacteroidales|f__Tannerellaceae|g__Parabacteroides|s__Parabacteroides_merdae	species	2|976|200643|171549|2005525|375288|46503	0.543938	0.005439380000000001	assessed	provisional
SID532796	SID532796	donor_combined_disjoint_clean_reads	k__Bacteria|p__Firmicutes|c__Clostridia|o__Eubacteriales|f__Oscillospiraceae|g__Vescimonas|s__Vescimonas_coprocola	species	2|1239|186801|186802|216572|2892396|2714355	0.519723	0.005197230000000001	assessed	provisional
SID532796	SID532796	donor_combined_disjoint_clean_reads	k__Bacteria|p__Firmicutes|c__Clostridia|o__Lachnospirales|f__Lachnospiraceae|g__Coprococcus|s__Coprococcus_comes	species	2|1239|186801|3085636|186803|33042|410072	0.51447	0.0051446999999999994	assessed	provisional
SID532796	SID532796	donor_combined_disjoint_clean_reads	k__Bacteria|p__Firmicutes|c__Clostridia|o__Lachnospirales|f__Lachnospiraceae|g__Fusicatenibacter|s__Fusicatenibacter_saccharivorans	species	2|1239|186801|3085636|186803|1407607|1150298	0.502401	0.00502401	assessed	provisional
SID532796	SID532796	donor_combined_disjoint_clean_reads	k__Bacteria|p__Firmicutes|c__Clostridia|o__Lachnospirales|f__Lachnospiraceae|g__Anaerobutyricum|s__Anaerobutyricum_hallii	species	2|1239|186801|3085636|186803|2569097|39488	0.497688	0.00497688	assessed	provisional
SID532796	SID532796	donor_combined_disjoint_clean_reads	k__Bacteria|p__Actinomycetota|c__Actinomycetes|o__Bifidobacteriales|f__Bifidobacteriaceae|g__Bifidobacterium|s__Bifidobacterium_adolescentis	species	2|201174|1760|85004|31953|1678|1680	0.482705	0.00482705	assessed	provisional
SID532796	SID532796	donor_combined_disjoint_clean_reads	k__Bacteria|p__Firmicutes|c__Clostridia|o__Lachnospirales|f__Lachnospiraceae|g__Roseburia|s__Roseburia_intestinalis	species	2|1239|186801|3085636|186803|841|166486	0.450153	0.00450153	assessed	provisional
SID532796	SID532796	donor_combined_disjoint_clean_reads	k__Bacteria|p__Firmicutes|c__CFGB79330|o__OFGB79330|f__FGB79330|g__GGB3005|s__GGB3005_SGB3996	species	2|1239|||||	0.442822	0.00442822	assessed	provisional
SID532796	SID532796	donor_combined_disjoint_clean_reads	k__Bacteria|p__Firmicutes|c__Clostridia|o__Lachnospirales|f__Lachnospiraceae|g__Gallintestinimicrobium|s__Gallintestinimicrobium_propionicum	species	2|1239|186801|3085636|186803|2981633|2981770	0.438807	0.00438807	assessed	provisional
SID532796	SID532796	donor_combined_disjoint_clean_reads	k__Bacteria|p__Firmicutes|c__Clostridia|o__Eubacteriales|f__Oscillospiraceae|g__Hominilimicola|s__Hominilimicola_fabiformis	species	2|1239|186801|186802|216572|3073565|2885356	0.408144	0.00408144	assessed	provisional
SID532796	SID532796	donor_combined_disjoint_clean_reads	k__Bacteria|p__Firmicutes|c__Clostridia|o__Lachnospirales|f__Lachnospiraceae|g__Blautia|s__Blautia_obeum	species	2|1239|186801|3085636|186803|572511|40520	0.398299	0.0039829900000000005	assessed	provisional
SID532796	SID532796	donor_combined_disjoint_clean_reads	k__Bacteria|p__Firmicutes|c__Clostridia|o__Lachnospirales|f__Lachnospiraceae|g__Blautia|s__Blautia_faecis	species	2|1239|186801|3085636|186803|572511|871665	0.385677	0.00385677	assessed	provisional
SID532796	SID532796	donor_combined_disjoint_clean_reads	k__Bacteria|p__Firmicutes|c__Clostridia|o__Eubacteriales|f__Oscillospiraceae|g__Ruthenibacterium|s__Ruthenibacterium_lactatiformans	species	2|1239|186801|186802|216572|1905344|1550024	0.381946	0.00381946	assessed	provisional
SID532796	SID532796	donor_combined_disjoint_clean_reads	k__Bacteria|p__Firmicutes|c__Clostridia|o__Eubacteriales|f__Oscillospiraceae|g__GGB9730|s__GGB9730_SGB15291	species	2|1239|186801|186802|216572||	0.362144	0.00362144	assessed	provisional
SID532796	SID532796	donor_combined_disjoint_clean_reads	k__Bacteria|p__Firmicutes|c__Clostridia|o__Eubacteriales|f__Oscillospiraceae|g__GGB9641|s__GGB9641_SGB15117	species	2|1239|186801|186802|216572||	0.358813	0.00358813	assessed	provisional
SID532796	SID532796	donor_combined_disjoint_clean_reads	k__Bacteria|p__Firmicutes|c__Clostridia|o__Lachnospirales|f__Lachnospiraceae|g__Roseburia|s__Roseburia_faecis	species	2|1239|186801|3085636|186803|841|301302	0.35524	0.0035524	assessed	provisional
SID532796	SID532796	donor_combined_disjoint_clean_reads	k__Bacteria|p__Firmicutes|c__Clostridia|o__Eubacteriales|f__Oscillospiraceae|g__GGB9667|s__GGB9667_SGB15164	species	2|1239|186801|186802|216572||	0.35226	0.0035226000000000003	assessed	provisional
SID532796	SID532796	donor_combined_disjoint_clean_reads	k__Bacteria|p__Firmicutes|c__Clostridia|o__Eubacteriales|f__Clostridiaceae|g__Clostridium|s__Clostridium_sp_AM22_11AC	species	2|1239|186801|186802|31979|1485|2293024	0.345088	0.00345088	assessed	provisional
SID532796	SID532796	donor_combined_disjoint_clean_reads	k__Bacteria|p__Firmicutes|c__Clostridia|o__Lachnospirales|f__Lachnospiraceae|g__Blautia|s__Blautia_massiliensis_ex_Durand_et_al_2017	species	2|1239|186801|3085636|186803|572511|1737424	0.316282	0.00316282	assessed	provisional
SID532796	SID532796	donor_combined_disjoint_clean_reads	k__Bacteria|p__Firmicutes|c__Negativicutes|o__Acidaminococcales|f__Acidaminococcaceae|g__Acidaminococcus|s__Acidaminococcus_intestini	species	2|1239|909932|1843488|909930|904|187327	0.298001	0.00298001	assessed	provisional
SID532796	SID532796	donor_combined_disjoint_clean_reads	k__Bacteria|p__Firmicutes|c__Clostridia|o__Eubacteriales|f__Butyricicoccaceae|g__Agathobaculum|s__Agathobaculum_butyriciproducens	species	2|1239|186801|186802|3085642|2048137|1628085	0.297203	0.00297203	assessed	provisional
SID532796	SID532796	donor_combined_disjoint_clean_reads	k__Bacteria|p__Firmicutes|c__Clostridia|o__Clostridia_unclassified|f__Clostridia_unclassified|g__Clostridia_unclassified|s__Clostridia_bacterium_UC5_1_1E11	species	2|1239|186801||||1697793	0.294308	0.0029430800000000003	assessed	provisional
SID532796	SID532796	donor_combined_disjoint_clean_reads	k__Bacteria|p__Firmicutes|c__CFGB1380|o__OFGB1380|f__FGB1380|g__GGB3363|s__GGB3363_SGB4447	species	2|1239|||||	0.255581	0.00255581	assessed	provisional
SID532796	SID532796	donor_combined_disjoint_clean_reads	k__Bacteria|p__Actinomycetota|c__Coriobacteriia|o__Coriobacteriales|f__Coriobacteriaceae|g__Collinsella|s__Collinsella_aerofaciens	species	2|201174|84998|84999|84107|102106|74426	0.248948	0.00248948	assessed	provisional
SID532796	SID532796	donor_combined_disjoint_clean_reads	k__Bacteria|p__Firmicutes|c__Clostridia|o__Eubacteriales|f__Eubacteriaceae|g__Eubacterium|s__Eubacterium_sp_AF22_9	species	2|1239|186801|186802|186806|1730|2292233	0.22998	0.0022998	assessed	provisional
SID532796	SID532796	donor_combined_disjoint_clean_reads	k__Bacteria|p__Firmicutes|c__Clostridia|o__Lachnospirales|f__Lachnospiraceae|g__Dorea|s__Dorea_longicatena	species	2|1239|186801|3085636|186803|189330|88431	0.229138	0.00229138	assessed	provisional
SID532796	SID532796	donor_combined_disjoint_clean_reads	k__Bacteria|p__Firmicutes|c__Clostridia|o__Eubacteriales|f__Oscillospiraceae|g__Ruminococcus|s__Ruminococcus_callidus	species	2|1239|186801|186802|216572|1263|40519	0.226557	0.00226557	assessed	provisional
SID532796	SID532796	donor_combined_disjoint_clean_reads	k__Bacteria|p__Bacteroidota|c__Bacteroidia|o__Bacteroidales|f__Rikenellaceae|g__Alistipes|s__Alistipes_finegoldii	species	2|976|200643|171549|171550|239759|214856	0.212676	0.00212676	assessed	provisional
SID532796	SID532796	donor_combined_disjoint_clean_reads	k__Bacteria|p__Firmicutes|c__CFGB84486|o__OFGB84486|f__FGB84486|g__GGB3653|s__GGB3653_SGB4964	species	2|1239|||||	0.207075	0.00207075	assessed	provisional
SID532796	SID532796	donor_combined_disjoint_clean_reads	k__Bacteria|p__Firmicutes|c__Clostridia|o__Eubacteriales|f__Oscillospiraceae|g__Dysosmobacter|s__Dysosmobacter_welbionis	species	2|1239|186801|186802|216572|2591381|2093857	0.195143	0.00195143	assessed	provisional
SID532796	SID532796	donor_combined_disjoint_clean_reads	k__Bacteria|p__Bacteroidota|c__Bacteroidia|o__Bacteroidales|f__Rikenellaceae|g__Alistipes|s__Alistipes_communis	species	2|976|200643|171549|171550|239759|2585118	0.190643	0.00190643	assessed	provisional
SID532796	SID532796	donor_combined_disjoint_clean_reads	k__Bacteria|p__Bacteroidota|c__Bacteroidia|o__Bacteroidales|f__Tannerellaceae|g__Parabacteroides|s__Parabacteroides_distasonis	species	2|976|200643|171549|2005525|375288|823	0.189487	0.0018948699999999999	assessed	provisional
SID532796	SID532796	donor_combined_disjoint_clean_reads	k__Bacteria|p__Firmicutes|c__Clostridia|o__Eubacteriales|f__Oscillospiraceae|g__GGB36331|s__GGB36331_SGB15121	species	2|1239|186801|186802|216572||	0.186607	0.00186607	assessed	provisional
SID532796	SID532796	donor_combined_disjoint_clean_reads	k__Bacteria|p__Bacteroidota|c__Bacteroidia|o__Bacteroidales|f__Bacteroidaceae|g__Bacteroides|s__Bacteroides_thetaiotaomicron	species	2|976|200643|171549|815|816|818	0.183505	0.00183505	assessed	provisional
SID532796	SID532796	donor_combined_disjoint_clean_reads	k__Bacteria|p__Actinomycetota|c__Actinomycetes|o__Bifidobacteriales|f__Bifidobacteriaceae|g__Bifidobacterium|s__Bifidobacterium_longum	species	2|201174|1760|85004|31953|1678|216816	0.183058	0.00183058	assessed	provisional
SID532796	SID532796	donor_combined_disjoint_clean_reads	k__Bacteria|p__Firmicutes|c__Clostridia|o__Eubacteriales|f__Clostridiaceae|g__Clostridiaceae_unclassified|s__Clostridiaceae_bacterium	species	2|1239|186801|186802|31979||1898204	0.180329	0.00180329	assessed	provisional
SID532796	SID532796	donor_combined_disjoint_clean_reads	k__Bacteria|p__Firmicutes|c__Clostridia|o__Lachnospirales|f__Lachnospiraceae|g__Blautia|s__Blautia_sp_MCC283	species	2|1239|186801|3085636|186803|572511|2592640	0.17971	0.0017971	assessed	provisional
SID532796	SID532796	donor_combined_disjoint_clean_reads	k__Bacteria|p__Firmicutes|c__Clostridia|o__Eubacteriales|f__Clostridiaceae|g__Clostridium|s__Clostridium_fessum	species	2|1239|186801|186802|31979|1485|2126740	0.176187	0.00176187	assessed	provisional
SID532796	SID532796	donor_combined_disjoint_clean_reads	k__Bacteria|p__Firmicutes|c__Clostridia|o__Eubacteriales|f__Oscillospiraceae|g__Oscillospiraceae_unclassified|s__Oscillospiraceae_bacterium	species	2|1239|186801|186802|216572||2485925	0.17377	0.0017377	assessed	provisional
SID532796	SID532796	donor_combined_disjoint_clean_reads	k__Bacteria|p__Firmicutes|c__Clostridia|o__Eubacteriales|f__Clostridiaceae|g__Clostridium|s__Clostridium_sp_AF36_4	species	2|1239|186801|186802|31979|1485|2293015	0.15998	0.0015998000000000002	assessed	provisional
SID532796	SID532796	donor_combined_disjoint_clean_reads	k__Bacteria|p__Actinomycetota|c__Coriobacteriia|o__Eggerthellales|f__Eggerthellaceae|g__Ellagibacter|s__Ellagibacter_isourolithinifaciens	species	2|201174|84998|1643822|1643826|2137577|2137581	0.153723	0.0015372299999999999	assessed	provisional
SID532796	SID532796	donor_combined_disjoint_clean_reads	k__Bacteria|p__Firmicutes|c__Negativicutes|o__Veillonellales|f__Veillonellaceae|g__Veillonella|s__Veillonella_parvula	species	2|1239|909932|1843489|31977|29465|29466	0.153306	0.00153306	assessed	provisional
SID532796	SID532796	donor_combined_disjoint_clean_reads	k__Bacteria|p__Firmicutes|c__Clostridia|o__Eubacteriales|f__Acutalibacteraceae|g__Anaeromassilibacillus|s__Anaeromassilibacillus_senegalensis	species	2|1239|186801|186802|3082771|1924093|1673717	0.1519	0.0015190000000000002	assessed	provisional
SID532796	SID532796	donor_combined_disjoint_clean_reads	k__Bacteria|p__Firmicutes|c__CFGB93792|o__OFGB93792|f__FGB93792|g__GGB9524|s__GGB9524_SGB14924	species	2|1239|||||	0.149245	0.00149245	assessed	provisional
SID532796	SID532796	donor_combined_disjoint_clean_reads	k__Bacteria|p__Bacteroidota|c__Bacteroidia|o__Bacteroidales|f__Bacteroidaceae|g__Bacteroides|s__Bacteroides_ovatus	species	2|976|200643|171549|815|816|28116	0.147891	0.00147891	assessed	provisional
SID532796	SID532796	donor_combined_disjoint_clean_reads	k__Bacteria|p__Firmicutes|c__Clostridia|o__Monoglobales|f__Monoglobaceae|g__Monoglobus|s__Monoglobus_pectinilyticus	species	2|1239|186801|3085656|3085657|2039302|1981510	0.145761	0.00145761	assessed	provisional
SID532796	SID532796	donor_combined_disjoint_clean_reads	k__Bacteria|p__Bacteroidota|c__Bacteroidia|o__Bacteroidales|f__Odoribacteraceae|g__Butyricimonas|s__Butyricimonas_paravirosa	species	2|976|200643|171549|1853231|574697|1472417	0.142786	0.00142786	assessed	provisional
SID532796	SID532796	donor_combined_disjoint_clean_reads	k__Bacteria|p__Firmicutes|c__Clostridia|o__Lachnospirales|f__Lachnospiraceae|g__Coprococcus|s__Coprococcus_catus	species	2|1239|186801|3085636|186803|33042|116085	0.140237	0.00140237	assessed	provisional
SID532796	SID532796	donor_combined_disjoint_clean_reads	k__Bacteria|p__Firmicutes|c__Clostridia|o__Lachnospirales|f__Anaerotignaceae|g__GGB3819|s__GGB3819_SGB5184	species	2|1239|186801|3085636|3118652||	0.130035	0.00130035	assessed	provisional
SID532796	SID532796	donor_combined_disjoint_clean_reads	k__Bacteria|p__Firmicutes|c__Clostridia|o__Eubacteriales|f__Eubacteriales_unclassified|g__Intestinimonas|s__Intestinimonas_butyriciproducens	species	2|1239|186801|186802||1392389|1297617	0.128115	0.00128115	assessed	provisional
SID532796	SID532796	donor_combined_disjoint_clean_reads	k__Bacteria|p__Thermodesulfobacteriota|c__Desulfovibrionia|o__Desulfovibrionales|f__Desulfovibrionaceae|g__Bilophila|s__Bilophila_wadsworthia	species	2|200940|3031449|213115|194924|35832|35833	0.127576	0.00127576	assessed	provisional
SID532796	SID532796	donor_combined_disjoint_clean_reads	k__Bacteria|p__Firmicutes|c__CFGB1292|o__OFGB1292|f__FGB1292|g__GGB3109|s__GGB3109_SGB4121	species	2|1239|||||	0.127562	0.00127562	assessed	provisional
SID532796	SID532796	donor_combined_disjoint_clean_reads	k__Bacteria|p__Bacteroidota|c__Bacteroidia|o__Bacteroidales|f__Odoribacteraceae|g__Odoribacter|s__Odoribacter_splanchnicus	species	2|976|200643|171549|1853231|283168|28118	0.127238	0.0012723799999999998	assessed	provisional
SID532796	SID532796	donor_combined_disjoint_clean_reads	k__Bacteria|p__Firmicutes|c__CFGB1217|o__OFGB1217|f__FGB1217|g__GGB2982|s__GGB2982_SGB3964	species	2|1239|||||	0.122134	0.00122134	assessed	provisional
SID532796	SID532796	donor_combined_disjoint_clean_reads	k__Bacteria|p__Firmicutes|c__Clostridia|o__Christensenellales|f__Christensenellaceae|g__GGB9186|s__GGB9186_SGB14125	species	2|1239|186801|3082768|990719||	0.120381	0.00120381	assessed	provisional
SID532796	SID532796	donor_combined_disjoint_clean_reads	k__Bacteria|p__Actinomycetota|c__Coriobacteriia|o__Eggerthellales|f__Eggerthellaceae|g__Adlercreutzia|s__Adlercreutzia_equolifaciens	species	2|201174|84998|1643822|1643826|447020|446660	0.119101	0.00119101	assessed	provisional
SID532796	SID532796	donor_combined_disjoint_clean_reads	k__Bacteria|p__Firmicutes|c__Clostridia|o__Lachnospirales|f__Lachnospiraceae|g__Blautia|s__Blautia_glucerasea	species	2|1239|186801|3085636|186803|572511|536633	0.116787	0.00116787	assessed	provisional
SID532796	SID532796	donor_combined_disjoint_clean_reads	k__Bacteria|p__Bacteroidota|c__Bacteroidia|o__Bacteroidales|f__Rikenellaceae|g__Alistipes|s__Alistipes_hominis	species	2|976|200643|171549|171550|239759|2763015	0.111211	0.0011121100000000001	assessed	provisional
SID532796	SID532796	donor_combined_disjoint_clean_reads	k__Bacteria|p__Firmicutes|c__Clostridia|o__Eubacteriales|f__Eubacteriaceae|g__Eubacterium|s__Eubacterium_segne	species	2|1239|186801|186802|186806|1730|2763045	0.107456	0.00107456	assessed	provisional
SID532796	SID532796	donor_combined_disjoint_clean_reads	k__Bacteria|p__Actinomycetota|c__CFGB12107|o__OFGB12107|f__FGB12107|g__GGB34797|s__GGB34797_SGB14322	species	2|201174|||||	0.103755	0.00103755	assessed	provisional
SID532796	SID532796	donor_combined_disjoint_clean_reads	k__Bacteria|p__Firmicutes|c__Erysipelotrichia|o__Erysipelotrichales|f__Erysipelotrichaceae|g__Holdemania|s__Holdemania_filiformis	species	2|1239|526524|526525|128827|61170|61171	0.101953	0.00101953	assessed	provisional
SID532796	SID532796	donor_combined_disjoint_clean_reads	k__Bacteria|p__Firmicutes|c__Clostridia|o__Eubacteriales|f__Acutalibacteraceae|g__Acutalibacter|s__Acutalibacter_sp_LFL_21	species	2|1239|186801|186802|3082771|1918385|2983399	0.100942	0.00100942	assessed	provisional
SID532796	SID532796	donor_combined_disjoint_clean_reads	k__Bacteria|p__Firmicutes|c__Clostridia|o__Eubacteriales|f__Oscillospiraceae|g__Lawsonibacter|s__Lawsonibacter_asaccharolyticus	species	2|1239|186801|186802|216572|2172004|2108523	0.100375	0.00100375	assessed	provisional
SID532796	SID532796	donor_combined_disjoint_clean_reads	k__Bacteria|p__Firmicutes|c__Bacilli|o__Lactobacillales|f__Streptococcaceae|g__Streptococcus|s__Streptococcus_gordonii	species	2|1239|91061|186826|1300|1301|1302	0.098868	0.00098868	assessed	provisional
SID532796	SID532796	donor_combined_disjoint_clean_reads	k__Bacteria|p__Firmicutes|c__Clostridia|o__Lachnospirales|f__Lachnospiraceae|g__Blautia|s__Blautia_intestinalis	species	2|1239|186801|3085636|186803|572511|2763028	0.098101	0.00098101	assessed	provisional
SID532796	SID532796	donor_combined_disjoint_clean_reads	k__Bacteria|p__Firmicutes|c__Clostridia|o__Lachnospirales|f__Lachnospiraceae|g__Dorea|s__Dorea_sp_AF36_15AT	species	2|1239|186801|3085636|186803|189330|2292041	0.097983	0.0009798300000000001	assessed	provisional
SID532796	SID532796	donor_combined_disjoint_clean_reads	k__Bacteria|p__Bacteroidota|c__Bacteroidia|o__Bacteroidales|f__Bacteroidaceae|g__Phocaeicola|s__Phocaeicola_dorei	species	2|976|200643|171549|815|909656|357276	0.096672	0.0009667199999999999	assessed	provisional
SID532796	SID532796	donor_combined_disjoint_clean_reads	k__Bacteria|p__Firmicutes|c__CFGB1374|o__OFGB1374|f__FGB1374|g__GGB3352|s__GGB3352_SGB4436	species	2|1239|||||	0.093731	0.0009373099999999999	assessed	provisional
SID532796	SID532796	donor_combined_disjoint_clean_reads	k__Bacteria|p__Firmicutes|c__Clostridia|o__Lachnospirales|f__Lachnospiraceae|g__Dorea|s__Dorea_formicigenerans	species	2|1239|186801|3085636|186803|189330|39486	0.086277	0.0008627700000000001	assessed	provisional
SID532796	SID532796	donor_combined_disjoint_clean_reads	k__Bacteria|p__Firmicutes|c__Clostridia|o__Lachnospirales|f__Lachnospiraceae|g__Butyribacter|s__Butyribacter_intestini	species	2|1239|186801|3085636|186803|2822463|1703332	0.084747	0.00084747	assessed	provisional
SID532796	SID532796	donor_combined_disjoint_clean_reads	k__Bacteria|p__Firmicutes|c__Clostridia|o__Eubacteriales|f__Oscillospiraceae|g__Flavonifractor|s__Flavonifractor_plautii	species	2|1239|186801|186802|216572|946234|292800	0.084387	0.00084387	assessed	provisional
SID532796	SID532796	donor_combined_disjoint_clean_reads	k__Bacteria|p__Actinomycetota|c__Actinomycetes|o__Bifidobacteriales|f__Bifidobacteriaceae|g__Bifidobacterium|s__Bifidobacterium_catenulatum	species	2|201174|1760|85004|31953|1678|1686	0.078492	0.00078492	assessed	provisional
SID532796	SID532796	donor_combined_disjoint_clean_reads	k__Bacteria|p__Firmicutes|c__Clostridia|o__Eubacteriales|f__Oscillospiraceae|g__GGB9699|s__GGB9699_SGB15216	species	2|1239|186801|186802|216572||	0.076748	0.00076748	assessed	provisional
SID532796	SID532796	donor_combined_disjoint_clean_reads	k__Bacteria|p__Firmicutes|c__CFGB79315|o__OFGB79315|f__FGB79315|g__GGB9758|s__GGB9758_SGB15368	species	2|1239|||||	0.07441	0.0007441	assessed	provisional
SID532796	SID532796	donor_combined_disjoint_clean_reads	k__Bacteria|p__Bacteroidota|c__Bacteroidia|o__Bacteroidales|f__Prevotellaceae|g__Paraprevotella|s__Paraprevotella_clara	species	2|976|200643|171549|171552|577309|454154	0.074396	0.00074396	assessed	provisional
SID532796	SID532796	donor_combined_disjoint_clean_reads	k__Bacteria|p__Firmicutes|c__Clostridia|o__Eubacteriales|f__Oscillospiraceae|g__Oscillibacter|s__Oscillibacter_sp_MSJ_31	species	2|1239|186801|186802|216572|459786|2841526	0.072789	0.00072789	assessed	provisional
SID532796	SID532796	donor_combined_disjoint_clean_reads	k__Bacteria|p__Firmicutes|c__Bacilli|o__Lactobacillales|f__Streptococcaceae|g__Streptococcus|s__Streptococcus_salivarius	species	2|1239|91061|186826|1300|1301|1304	0.068942	0.00068942	assessed	provisional
SID532796	SID532796	donor_combined_disjoint_clean_reads	k__Bacteria|p__Firmicutes|c__CFGB3054|o__OFGB3054|f__FGB3054|g__GGB100410|s__GGB100410_SGB15211	species	2|1239|||||	0.068904	0.00068904	assessed	provisional
SID532796	SID532796	donor_combined_disjoint_clean_reads	k__Bacteria|p__Firmicutes|c__Clostridia|o__Lachnospirales|f__Lachnospiraceae|g__Mediterraneibacter|s__Mediterraneibacter_faecis	species	2|1239|186801|3085636|186803|2316020|592978	0.068532	0.00068532	assessed	provisional
SID532796	SID532796	donor_combined_disjoint_clean_reads	k__Bacteria|p__Firmicutes|c__CFGB72924|o__OFGB72924|f__FGB72924|g__GGB3612|s__GGB3612_SGB4882	species	2|1239|||||	0.068211	0.00068211	assessed	provisional
SID532796	SID532796	donor_combined_disjoint_clean_reads	k__Bacteria|p__Firmicutes|c__Clostridia|o__Eubacteriales|f__Eubacteriales_unclassified|g__Gemmiger|s__Gemmiger_SGB72775	species	2|1239|186801|186802||204475|	0.061823	0.00061823	assessed	provisional
SID532796	SID532796	donor_combined_disjoint_clean_reads	k__Bacteria|p__Pseudomonadota|c__Betaproteobacteria|o__Burkholderiales|f__Sutterellaceae|g__Parasutterella|s__Parasutterella_excrementihominis	species	2|1224|28216|80840|995019|577310|487175	0.06178	0.0006178000000000001	assessed	provisional
SID532796	SID532796	donor_combined_disjoint_clean_reads	k__Bacteria|p__Firmicutes|c__Clostridia|o__Lachnospirales|f__Lachnospiraceae|g__Mediterraneibacter|s__Ruminococcus_lactaris	species	2|1239|186801|3085636|186803|2316020|46228	0.060133	0.00060133	assessed	provisional
SID532796	SID532796	donor_combined_disjoint_clean_reads	k__Bacteria|p__Firmicutes|c__Clostridia|o__Lachnospirales|f__Lachnospiraceae|g__Roseburia|s__Roseburia_amylophila	species	2|1239|186801|3085636|186803|841|2981794	0.058724	0.0005872399999999999	assessed	provisional
SID532796	SID532796	donor_combined_disjoint_clean_reads	k__Bacteria|p__Firmicutes|c__Clostridia|o__Lachnospirales|f__Lachnospiraceae|g__Anthropogastromicrobium|s__Anthropogastromicrobium_aceti	species	2|1239|186801|3085636|186803|2981630|2981768	0.058714	0.00058714	assessed	provisional
SID532796	SID532796	donor_combined_disjoint_clean_reads	k__Bacteria|p__Firmicutes|c__Clostridia|o__Lachnospirales|f__Lachnospiraceae|g__Eisenbergiella|s__Eisenbergiella_tayi	species	2|1239|186801|3085636|186803|1432051|1432052	0.057736	0.0005773600000000001	assessed	provisional
SID532796	SID532796	donor_combined_disjoint_clean_reads	k__Bacteria|p__Firmicutes|c__Erysipelotrichia|o__Erysipelotrichales|f__Coprobacillaceae|g__Thomasclavelia|s__Thomasclavelia_spiroformis	species	2|1239|526524|526525|2810280|3025755|29348	0.056653	0.00056653	assessed	provisional
SID532796	SID532796	donor_combined_disjoint_clean_reads	k__Bacteria|p__Firmicutes|c__Clostridia|o__Eubacteriales|f__Oscillospiraceae|g__Hominenteromicrobium|s__Hominenteromicrobium_mulieris	species	2|1239|186801|186802|216572|3073575|2885357	0.055287	0.00055287	assessed	provisional
SID532796	SID532796	donor_combined_disjoint_clean_reads	k__Bacteria|p__Firmicutes|c__Clostridia|o__Eubacteriales|f__Clostridiaceae|g__GGB3550|s__GGB3550_SGB4746	species	2|1239|186801|186802|31979||	0.053422	0.00053422	assessed	provisional
SID532796	SID532796	donor_combined_disjoint_clean_reads	k__Bacteria|p__Firmicutes|c__CFGB3070|o__OFGB3070|f__FGB3070|g__GGB9775|s__GGB9775_SGB15395	species	2|1239|||||	0.053217	0.00053217	assessed	provisional
SID532796	SID532796	donor_combined_disjoint_clean_reads	k__Bacteria|p__Firmicutes|c__Clostridia|o__Lachnospirales|f__Lachnospiraceae|g__Kineothrix|s__Kineothrix_SGB4886	species	2|1239|186801|3085636|186803|2163168|	0.052765	0.00052765	assessed	provisional
SID532796	SID532796	donor_combined_disjoint_clean_reads	k__Bacteria|p__Firmicutes|c__Clostridia|o__Eubacteriales|f__Acutalibacteraceae|g__Acutalibacter|s__Acutalibacter_SGB14844	species	2|1239|186801|186802|3082771|1918385|	0.050305	0.00050305	assessed	provisional
SID532796	SID532796	donor_combined_disjoint_clean_reads	k__Bacteria|p__Firmicutes|c__Clostridia|o__Eubacteriales|f__Clostridiaceae|g__Clostridium|s__Clostridium_sp_AF27_2AA	species	2|1239|186801|186802|31979|1485|2292206	0.047445	0.00047445	assessed	provisional
SID532796	SID532796	donor_combined_disjoint_clean_reads	k__Bacteria|p__Pseudomonadota|c__Betaproteobacteria|o__Burkholderiales|f__Sutterellaceae|g__Parasutterella|s__Parasutterella_SGB9260	species	2|1224|28216|80840|995019|577310|	0.046206	0.00046206	assessed	provisional
SID532796	SID532796	donor_combined_disjoint_clean_reads	k__Bacteria|p__Firmicutes|c__Clostridia|o__Eubacteriales|f__Eubacteriales_Family_XIII_Incertae_Sedis|g__GGB32387|s__GGB32387_SGB47381	species	2|1239|186801|186802|543314||	0.046118	0.00046118	assessed	provisional
SID532796	SID532796	donor_combined_disjoint_clean_reads	k__Bacteria|p__Firmicutes|c__CFGB3047|o__OFGB3047|f__FGB3047|g__GGB52130|s__GGB52130_SGB14966	species	2|1239|||||	0.044579	0.00044579	assessed	provisional
SID532796	SID532796	donor_combined_disjoint_clean_reads	k__Bacteria|p__Firmicutes|c__CFGB88349|o__OFGB88349|f__FGB88349|g__GGB2970|s__GGB2970_SGB3952	species	2|1239|||||	0.044571	0.00044571	assessed	provisional
SID532796	SID532796	donor_combined_disjoint_clean_reads	k__Bacteria|p__Firmicutes|c__Bacillota_unclassified|o__Bacillota_unclassified|f__Bacillota_unclassified|g__GGB9512|s__GGB9512_SGB14909	species	2|1239|||||	0.041435	0.00041435	assessed	provisional
SID532796	SID532796	donor_combined_disjoint_clean_reads	k__Bacteria|p__Bacteria_unclassified|c__Bacteria_unclassified|o__Bacteria_unclassified|f__Bacteria_unclassified|g__Bacteria_unclassified|s__bacterium_210917_DFI_7_65	species	2||||||2883295	0.040662	0.00040661999999999995	assessed	provisional
SID532796	SID532796	donor_combined_disjoint_clean_reads	k__Bacteria|p__Firmicutes|c__Clostridia|o__Lachnospirales|f__Lachnospiraceae|g__Sellimonas|s__Sellimonas_intestinalis	species	2|1239|186801|3085636|186803|1769710|1653434	0.038161	0.00038161	assessed	provisional
SID532796	SID532796	donor_combined_disjoint_clean_reads	k__Bacteria|p__Firmicutes|c__Clostridia|o__Eubacteriales|f__Oscillospiraceae|g__Lawsonibacter|s__Lawsonibacter_hominis	species	2|1239|186801|186802|216572|2172004|2763053	0.037037	0.00037037	assessed	provisional
SID532796	SID532796	donor_combined_disjoint_clean_reads	k__Bacteria|p__Bacteroidota|c__Bacteroidia|o__Bacteroidales|f__Bacteroidaceae|g__Bacteroides|s__Bacteroides_xylanisolvens	species	2|976|200643|171549|815|816|371601	0.036785	0.00036784999999999997	assessed	provisional
SID532796	SID532796	donor_combined_disjoint_clean_reads	k__Bacteria|p__Firmicutes|c__Bacilli|o__Lactobacillales|f__Streptococcaceae|g__Streptococcus|s__Streptococcus_thermophilus	species	2|1239|91061|186826|1300|1301|1308	0.03653	0.0003653	assessed	provisional
SID532796	SID532796	donor_combined_disjoint_clean_reads	k__Bacteria|p__Bacteroidota|c__Bacteroidia|o__Bacteroidales|f__Tannerellaceae|g__Parabacteroides|s__Parabacteroides_goldsteinii	species	2|976|200643|171549|2005525|375288|328812	0.035909	0.00035909000000000006	assessed	provisional
SID532796	SID532796	donor_combined_disjoint_clean_reads	k__Bacteria|p__Bacteroidota|c__Bacteroidia|o__Bacteroidales|f__Barnesiellaceae|g__Coprobacter|s__Coprobacter_fastidiosus	species	2|976|200643|171549|2005519|1348911|1099853	0.035355	0.00035355	assessed	provisional
SID532796	SID532796	donor_combined_disjoint_clean_reads	k__Bacteria|p__Firmicutes|c__Clostridia|o__Eubacteriales|f__Eubacteriales_unclassified|g__Eubacteriales_unclassified|s__Clostridiales_bacterium	species	2|1239|186801|186802|||1898207	0.0349	0.000349	assessed	provisional
SID532796	SID532796	donor_combined_disjoint_clean_reads	k__Bacteria|p__Firmicutes|c__CFGB3057|o__OFGB3057|f__FGB3057|g__GGB9719|s__GGB9719_SGB15272	species	2|1239|||||	0.034549	0.00034549000000000005	assessed	provisional
SID532796	SID532796	donor_combined_disjoint_clean_reads	k__Bacteria|p__Bacteroidota|c__Bacteroidia|o__Bacteroidales|f__Odoribacteraceae|g__Butyricimonas|s__Butyricimonas_virosa	species	2|976|200643|171549|1853231|574697|544645	0.034366	0.00034366	assessed	provisional
SID532796	SID532796	donor_combined_disjoint_clean_reads	k__Bacteria|p__Firmicutes|c__Bacilli|o__Lactobacillales|f__Streptococcaceae|g__Streptococcus|s__Streptococcus_parasanguinis	species	2|1239|91061|186826|1300|1301|1318	0.033142	0.00033141999999999997	assessed	provisional
SID532796	SID532796	donor_combined_disjoint_clean_reads	k__Bacteria|p__Firmicutes|c__Clostridia|o__Lachnospirales|f__Lachnospiraceae|g__Hungatella|s__Hungatella_hathewayi	species	2|1239|186801|3085636|186803|1649459|154046	0.033056	0.00033056000000000003	assessed	provisional
SID532796	SID532796	donor_combined_disjoint_clean_reads	k__Bacteria|p__Firmicutes|c__Clostridia|o__Lachnospirales|f__Lachnospiraceae|g__Mediterraneibacter|s__Ruminococcus_torques	species	2|1239|186801|3085636|186803|2316020|33039	0.03298	0.00032980000000000005	assessed	provisional
SID532796	SID532796	donor_combined_disjoint_clean_reads	k__Bacteria|p__Firmicutes|c__Clostridia|o__Eubacteriales|f__Butyricicoccaceae|g__Agathobaculum|s__Agathobaculum_faecis	species	2|1239|186801|186802|3085642|2048137|2763013	0.032055	0.00032055	assessed	provisional
SID532796	SID532796	donor_combined_disjoint_clean_reads	k__Bacteria|p__Actinomycetota|c__Coriobacteriia|o__Coriobacteriales|f__Coriobacteriaceae|g__GGB51959|s__GGB51959_SGB72479	species	2|201174|84998|84999|84107||	0.031472	0.00031472	assessed	provisional
SID532796	SID532796	donor_combined_disjoint_clean_reads	k__Bacteria|p__Firmicutes|c__Clostridia|o__Lachnospirales|f__Lachnospiraceae|g__Blautia|s__Blautia_luti	species	2|1239|186801|3085636|186803|572511|89014	0.029586	0.00029586	assessed	provisional
SID532796	SID532796	donor_combined_disjoint_clean_reads	k__Bacteria|p__Firmicutes|c__Clostridia|o__Eubacteriales|f__Oscillospiraceae|g__GGB9621|s__GGB9621_SGB15073	species	2|1239|186801|186802|216572||	0.028872	0.00028871999999999996	assessed	provisional
SID532796	SID532796	donor_combined_disjoint_clean_reads	k__Bacteria|p__Firmicutes|c__Clostridia|o__Eubacteriales|f__Clostridiaceae|g__Clostridiaceae_unclassified|s__Clostridiaceae_bacterium_AF18_31LB	species	2|1239|186801|186802|31979||2292182	0.028565	0.00028565	assessed	provisional
SID532796	SID532796	donor_combined_disjoint_clean_reads	k__Bacteria|p__Firmicutes|c__CFGB1011|o__OFGB1011|f__FGB1011|g__GGB2653|s__GGB2653_SGB3574	species	2|1239|||||	0.027997	0.00027997	assessed	provisional
SID532796	SID532796	donor_combined_disjoint_clean_reads	k__Bacteria|p__Firmicutes|c__CFGB79315|o__OFGB79315|f__FGB79315|g__GGB9765|s__GGB9765_SGB15382	species	2|1239|||||	0.027921	0.00027921	assessed	provisional
SID532796	SID532796	donor_combined_disjoint_clean_reads	k__Bacteria|p__Firmicutes|c__Clostridia|o__Eubacteriales|f__Oscillospiraceae|g__Pseudoflavonifractor|s__Pseudoflavonifractor_phocaeensis	species	2|1239|186801|186802|216572|1017280|1870988	0.026287	0.00026287	assessed	provisional
SID532796	SID532796	donor_combined_disjoint_clean_reads	k__Bacteria|p__Firmicutes|c__Clostridia|o__Eubacteriales|f__Oscillospiraceae|g__Oscillospiraceae_unclassified|s__Clostridium_leptum	species	2|1239|186801|186802|216572||1535	0.025605	0.00025605	assessed	provisional
SID532796	SID532796	donor_combined_disjoint_clean_reads	k__Bacteria|p__Firmicutes|c__Clostridia|o__Lachnospirales|f__Lachnospiraceae|g__Mediterraneibacter|s__Mediterraneibacter_gnavus	species	2|1239|186801|3085636|186803|2316020|33038	0.024057	0.00024056999999999998	assessed	provisional
SID532796	SID532796	donor_combined_disjoint_clean_reads	k__Bacteria|p__Firmicutes|c__Clostridia|o__Christensenellales|f__Christensenellaceae|g__Christensenella|s__Christensenella_minuta	species	2|1239|186801|3082768|990719|990721|626937	0.022918	0.00022918	assessed	provisional
SID532796	SID532796	donor_combined_disjoint_clean_reads	k__Bacteria|p__Pseudomonadota|c__Gammaproteobacteria|o__Enterobacterales|f__Enterobacteriaceae|g__Escherichia|s__Escherichia_coli	species	2|1224|1236|91347|543|561|562	0.021544	0.00021544	assessed	provisional
SID532796	SID532796	donor_combined_disjoint_clean_reads	k__Bacteria|p__Firmicutes|c__CFGB94833|o__OFGB94833|f__FGB94833|g__GGB45620|s__GGB45620_SGB63333	species	2|1239|||||	0.021064	0.00021064	assessed	provisional
SID532796	SID532796	donor_combined_disjoint_clean_reads	k__Bacteria|p__Firmicutes|c__Clostridia|o__Lachnospirales|f__Lachnospiraceae|g__GGB115904|s__GGB115904_SGB161383	species	2|1239|186801|3085636|186803||	0.020764	0.00020764	assessed	provisional
SID532796	SID532796	donor_combined_disjoint_clean_reads	k__Bacteria|p__Firmicutes|c__Clostridia|o__Lachnospirales|f__Lachnospiraceae|g__Lachnospiraceae_unclassified|s__Lachnospiraceae_unclassified_SGB5076	species	2|1239|186801|3085636|186803||	0.020696	0.00020695999999999998	assessed	provisional
SID532796	SID532796	donor_combined_disjoint_clean_reads	k__Bacteria|p__Firmicutes|c__CFGB3057|o__OFGB3057|f__FGB3057|g__GGB9719|s__GGB9719_SGB15273	species	2|1239|||||	0.020325	0.00020324999999999998	assessed	provisional
SID532796	SID532796	donor_combined_disjoint_clean_reads	k__Bacteria|p__Firmicutes|c__Clostridia|o__Eubacteriales|f__Clostridiaceae|g__Clostridium|s__Clostridium_SGB4714	species	2|1239|186801|186802|31979|1485|	0.020244	0.00020244000000000002	assessed	provisional
SID532796	SID532796	donor_combined_disjoint_clean_reads	k__Bacteria|p__Actinomycetota|c__Actinomycetes|o__Bifidobacteriales|f__Bifidobacteriaceae|g__Scardovia|s__Scardovia_wiggsiae	species	2|201174|1760|85004|31953|196081|230143	0.020082	0.00020082	assessed	provisional
SID532796	SID532796	donor_combined_disjoint_clean_reads	k__Bacteria|p__Firmicutes|c__Erysipelotrichia|o__Erysipelotrichales|f__Erysipelotrichaceae|g__Holdemania|s__Holdemania_sp_1001095H_141210_F2	species	2|1239|526524|526525|128827|61170|2787149	0.019034	0.00019034	assessed	provisional
SID532796	SID532796	donor_combined_disjoint_clean_reads	k__Bacteria|p__Firmicutes|c__Clostridia|o__Lachnospirales|f__Lachnospiraceae|g__Blautia|s__Blautia_hydrogenotrophica	species	2|1239|186801|3085636|186803|572511|53443	0.018729	0.00018729	assessed	provisional
SID532796	SID532796	donor_combined_disjoint_clean_reads	k__Bacteria|p__Candidatus_Saccharibacteria|c__CFGB4355|o__OFGB4355|f__FGB4355|g__GGB12788|s__GGB12788_SGB19838	species	2|95818|||||	0.018538	0.00018538	assessed	provisional
SID532796	SID532796	donor_combined_disjoint_clean_reads	k__Bacteria|p__Firmicutes|c__Clostridia|o__Lachnospirales|f__Lachnospiraceae|g__Roseburia|s__Roseburia_inulinivorans	species	2|1239|186801|3085636|186803|841|360807	0.018403	0.00018402999999999998	assessed	provisional
SID532796	SID532796	donor_combined_disjoint_clean_reads	k__Bacteria|p__Firmicutes|c__Clostridia|o__Lachnospirales|f__Lachnospiraceae|g__Mediterraneibacter|s__Mediterraneibacter_hominis	species	2|1239|186801|3085636|186803|2316020|2763054	0.01825	0.0001825	assessed	provisional
SID532796	SID532796	donor_combined_disjoint_clean_reads	k__Bacteria|p__Firmicutes|c__Clostridia|o__Eubacteriales|f__Oscillospiraceae|g__Anaerofilum|s__Anaerofilum_hominis	species	2|1239|186801|186802|216572|52784|2763016	0.017679	0.00017679	assessed	provisional
SID532796	SID532796	donor_combined_disjoint_clean_reads	k__Bacteria|p__Firmicutes|c__Clostridia|o__Eubacteriales|f__Clostridiaceae|g__Clostridium|s__Clostridium_SGB4750	species	2|1239|186801|186802|31979|1485|	0.017302	0.00017302000000000002	assessed	provisional
SID532796	SID532796	donor_combined_disjoint_clean_reads	k__Bacteria|p__Thermodesulfobacteriota|c__Desulfovibrionia|o__Desulfovibrionales|f__Desulfovibrionaceae|g__GGB9818|s__GGB9818_SGB15459	species	2|200940|3031449|213115|194924||	0.017121	0.00017121	assessed	provisional
SID532796	SID532796	donor_combined_disjoint_clean_reads	k__Bacteria|p__Firmicutes|c__Clostridia|o__Eubacteriales|f__Clostridiaceae|g__Clostridium|s__Clostridium_SGB6179	species	2|1239|186801|186802|31979|1485|	0.016762	0.00016762	assessed	provisional
SID532796	SID532796	donor_combined_disjoint_clean_reads	k__Bacteria|p__Firmicutes|c__Clostridia|o__Eubacteriales|f__Eubacteriales_Family_XIII_Incertae_Sedis|g__Lentihominibacter|s__Lentihominibacter_hominis	species	2|1239|186801|186802|543314|2944200|2763645	0.016553	0.00016553	assessed	provisional
SID532796	SID532796	donor_combined_disjoint_clean_reads	k__Bacteria|p__Firmicutes|c__CFGB3038|o__OFGB3038|f__FGB3038|g__GGB9534|s__GGB9534_SGB14937	species	2|1239|||||	0.016159	0.00016159	assessed	provisional
SID532796	SID532796	donor_combined_disjoint_clean_reads	k__Bacteria|p__Firmicutes|c__Erysipelotrichia|o__Erysipelotrichales|f__Coprobacillaceae|g__Coprobacillus|s__Coprobacillus_cateniformis	species	2|1239|526524|526525|2810280|100883|100884	0.015479	0.00015479	assessed	provisional
SID532796	SID532796	donor_combined_disjoint_clean_reads	k__Bacteria|p__Firmicutes|c__CFGB77202|o__OFGB77202|f__FGB77202|g__GGB34900|s__GGB34900_SGB14891	species	2|1239|||||	0.015456	0.00015455999999999998	assessed	provisional
SID532796	SID532796	donor_combined_disjoint_clean_reads	k__Bacteria|p__Firmicutes|c__Clostridia|o__Lachnospirales|f__Lachnospiraceae|g__Enterocloster|s__Enterocloster_bolteae	species	2|1239|186801|3085636|186803|2719313|208479	0.015269	0.00015269	assessed	provisional
SID532796	SID532796	donor_combined_disjoint_clean_reads	k__Bacteria|p__Bacteroidota|c__Bacteroidia|o__Bacteroidales|f__Rikenellaceae|g__Alistipes|s__Alistipes_putredinis	species	2|976|200643|171549|171550|239759|28117	0.015015	0.00015015000000000002	assessed	provisional
SID532796	SID532796	donor_combined_disjoint_clean_reads	k__Bacteria|p__Firmicutes|c__Clostridia|o__Eubacteriales|f__Oscillospiraceae|g__GGB9609|s__GGB9609_SGB53446	species	2|1239|186801|186802|216572||	0.014905	0.00014905	assessed	provisional
SID532796	SID532796	donor_combined_disjoint_clean_reads	k__Bacteria|p__Firmicutes|c__Clostridia|o__Eubacteriales|f__Oscillospiraceae|g__GGB9646|s__GGB9646_SGB15123	species	2|1239|186801|186802|216572||	0.014803	0.00014803	assessed	provisional
SID532796	SID532796	donor_combined_disjoint_clean_reads	k__Bacteria|p__Firmicutes|c__Clostridia|o__Lachnospirales|f__Lachnospiraceae|g__GGB51511|s__GGB51511_SGB105679	species	2|1239|186801|3085636|186803||	0.014775	0.00014774999999999999	assessed	provisional
SID532796	SID532796	donor_combined_disjoint_clean_reads	k__Bacteria|p__Firmicutes|c__Clostridia|o__Eubacteriales|f__Bianqueaceae|g__Bianquea|s__Bianquea_renquensis	species	2|1239|186801|186802|2944142|2944146|2763661	0.014734	0.00014734	assessed	provisional
SID532796	SID532796	donor_combined_disjoint_clean_reads	k__Bacteria|p__Firmicutes|c__Clostridia|o__Lachnospirales|f__Lachnospiraceae|g__Anaerobutyricum|s__Anaerobutyricum_soehngenii	species	2|1239|186801|3085636|186803|2569097|105843	0.014257	0.00014257	assessed	provisional
SID532796	SID532796	donor_combined_disjoint_clean_reads	k__Bacteria|p__Actinomycetota|c__Coriobacteriia|o__Eggerthellales|f__Eggerthellaceae|g__GGB45432|s__GGB45432_SGB63101	species	2|201174|84998|1643822|1643826||	0.014221	0.00014220999999999998	assessed	provisional
SID532796	SID532796	donor_combined_disjoint_clean_reads	k__Bacteria|p__Firmicutes|c__Clostridia|o__Eubacteriales|f__Oscillospiraceae|g__Anaerotruncus|s__Anaerotruncus_colihominis	species	2|1239|186801|186802|216572|244127|169435	0.013904	0.00013904	assessed	provisional
SID532796	SID532796	donor_combined_disjoint_clean_reads	k__Bacteria|p__Firmicutes|c__Clostridia|o__Eubacteriales|f__Acutalibacteraceae|g__GGB45634|s__GGB45634_SGB63348	species	2|1239|186801|186802|3082771||	0.013818	0.00013818	assessed	provisional
SID532796	SID532796	donor_combined_disjoint_clean_reads	k__Bacteria|p__Bacteroidota|c__Bacteroidia|o__Bacteroidales|f__Rikenellaceae|g__Alistipes|s__Alistipes_ihumii	species	2|976|200643|171549|171550|239759|1470347	0.013744	0.00013743999999999999	assessed	provisional
SID532796	SID532796	donor_combined_disjoint_clean_reads	k__Bacteria|p__Firmicutes|c__Erysipelotrichia|o__Erysipelotrichales|f__Erysipelotrichaceae|g__Massilimicrobiota|s__Massilimicrobiota_timonensis	species	2|1239|526524|526525|128827|1924110|1776392	0.012809	0.00012809	assessed	provisional
SID532796	SID532796	donor_combined_disjoint_clean_reads	k__Bacteria|p__Firmicutes|c__Clostridia|o__Eubacteriales|f__Acutalibacteraceae|g__Hydrogeniiclostridium|s__Hydrogeniiclostridium_mannosilyticum	species	2|1239|186801|186802|3082771|2764317|2764322	0.012381	0.00012381	assessed	provisional
SID532796	SID532796	donor_combined_disjoint_clean_reads	k__Bacteria|p__Firmicutes|c__Clostridia|o__Lachnospirales|f__Lachnospiraceae|g__Lachnospiraceae_unclassified|s__Lachnospiraceae_unclassified_SGB4574	species	2|1239|186801|3085636|186803||	0.012132	0.00012132000000000001	assessed	provisional
SID532796	SID532796	donor_combined_disjoint_clean_reads	k__Bacteria|p__Firmicutes|c__Clostridia|o__Lachnospirales|f__Lachnospiraceae|g__GGB3678|s__GGB3678_SGB4991	species	2|1239|186801|3085636|186803||	0.012036	0.00012035999999999999	assessed	provisional
SID532796	SID532796	donor_combined_disjoint_clean_reads	k__Bacteria|p__Firmicutes|c__Clostridia|o__Eubacteriales|f__Oscillospiraceae|g__GGB33690|s__GGB33690_SGB15046	species	2|1239|186801|186802|216572||	0.011888	0.00011887999999999999	assessed	provisional
SID532796	SID532796	donor_combined_disjoint_clean_reads	k__Bacteria|p__Firmicutes|c__CFGB1126|o__OFGB1126|f__FGB1126|g__GGB2848|s__GGB2848_SGB3813	species	2|1239|||||	0.011291	0.00011291	assessed	provisional
SID532796	SID532796	donor_combined_disjoint_clean_reads	k__Bacteria|p__Firmicutes|c__Clostridia|o__Eubacteriales|f__Clostridiaceae|g__GGB42639|s__GGB42639_SGB59836	species	2|1239|186801|186802|31979||	0.011023	0.00011023	assessed	provisional
SID532796	SID532796	donor_combined_disjoint_clean_reads	k__Bacteria|p__Firmicutes|c__Clostridia|o__Eubacteriales|f__Acutalibacteraceae|g__GGB9495|s__GGB9495_SGB14892	species	2|1239|186801|186802|3082771||	0.011004	0.00011004	assessed	provisional
SID532796	SID532796	donor_combined_disjoint_clean_reads	k__Bacteria|p__Pseudomonadota|c__CFGB2403|o__OFGB2403|f__FGB2403|g__GGB6601|s__GGB6601_SGB9333	species	2|1224|||||	0.01093	0.0001093	assessed	provisional
SID532796	SID532796	donor_combined_disjoint_clean_reads	k__Bacteria|p__Firmicutes|c__Clostridia|o__Lachnospirales|f__Lachnospiraceae|g__Lachnospira|s__Lachnospira_pectinoschiza	species	2|1239|186801|3085636|186803|28050|28052	0.010459	0.00010459	assessed	provisional
SID532796	SID532796	donor_combined_disjoint_clean_reads	k__Bacteria|p__Firmicutes|c__Clostridia|o__Eubacteriales|f__Oscillospiraceae|g__Hydrogenoanaerobacterium|s__Hydrogenoanaerobacterium_saccharovorans	species	2|1239|186801|186802|216572|596767|474960	0.010391	0.00010390999999999999	assessed	provisional
SID532796	SID532796	donor_combined_disjoint_clean_reads	k__Bacteria|p__Firmicutes|c__Bacilli|o__Lactobacillales|f__Streptococcaceae|g__Streptococcus|s__Streptococcus_anginosus	species	2|1239|91061|186826|1300|1301|1328	0.010105	0.00010104999999999999	assessed	provisional
SID532796	SID532796	donor_combined_disjoint_clean_reads	k__Bacteria|p__Firmicutes|c__Clostridia|o__Eubacteriales|f__Oscillospiraceae|g__GGB9781|s__GGB9781_SGB63161	species	2|1239|186801|186802|216572||	0.009951	9.951e-05	assessed	provisional
SID532796	SID532796	donor_combined_disjoint_clean_reads	k__Bacteria|p__Firmicutes|c__Clostridia|o__Lachnospirales|f__Lachnospiraceae|g__Lachnoclostridium|s__Lachnoclostridium_sp_An138	species	2|1239|186801|3085636|186803|1506553|1965560	0.00982	9.82e-05	assessed	provisional
SID532796	SID532796	donor_combined_disjoint_clean_reads	k__Bacteria|p__Firmicutes|c__Clostridia|o__Eubacteriales|f__Oscillospiraceae|g__GGB9781|s__GGB9781_SGB15402	species	2|1239|186801|186802|216572||	0.009333	9.332999999999999e-05	assessed	provisional
SID532796	SID532796	donor_combined_disjoint_clean_reads	k__Bacteria|p__Firmicutes|c__Clostridia|o__Lachnospirales|f__Lachnospiraceae|g__Hominiventricola|s__Hominiventricola_filiformis	species	2|1239|186801|3085636|186803|3073584|2885352	0.009199	9.199e-05	assessed	provisional
SID532796	SID532796	donor_combined_disjoint_clean_reads	k__Bacteria|p__Firmicutes|c__CFGB9491|o__OFGB9491|f__FGB9491|g__GGB9491|s__GGB9491_SGB14888	species	2|1239|||||	0.009101	9.101e-05	assessed	provisional
SID532796	SID532796	donor_combined_disjoint_clean_reads	k__Bacteria|p__Firmicutes|c__Clostridia|o__Eubacteriales|f__Acutalibacteraceae|g__Acutalibacter|s__Acutalibacter_SGB72747	species	2|1239|186801|186802|3082771|1918385|	0.008939	8.939000000000001e-05	assessed	provisional
SID532796	SID532796	donor_combined_disjoint_clean_reads	k__Bacteria|p__Firmicutes|c__Clostridia|o__Eubacteriales|f__Oscillospiraceae|g__Harryflintia|s__Harryflintia_acetispora	species	2|1239|186801|186802|216572|1892380|1849041	0.008861	8.861000000000001e-05	assessed	provisional
SID532796	SID532796	donor_combined_disjoint_clean_reads	k__Bacteria|p__Firmicutes|c__Clostridia|o__Lachnospirales|f__Lachnospiraceae|g__Faecalicatena|s__Faecalicatena_contorta	species	2|1239|186801|3085636|186803|2005359|39482	0.008369	8.369e-05	assessed	provisional
SID532796	SID532796	donor_combined_disjoint_clean_reads	k__Bacteria|p__Bacteroidota|c__Bacteroidia|o__Bacteroidales|f__Prevotellaceae|g__Segatella|s__Segatella_sinensis	species	2|976|200643|171549|171552|2974251|165179	0.008349	8.349e-05	assessed	provisional
SID532796	SID532796	donor_combined_disjoint_clean_reads	k__Bacteria|p__Firmicutes|c__Clostridia|o__Eubacteriales|f__Oscillospiraceae|g__Oscillospiraceae_unclassified|s__Eubacterium_siraeum	species	2|1239|186801|186802|216572||39492	0.008231	8.231e-05	assessed	provisional
SID532796	SID532796	donor_combined_disjoint_clean_reads	k__Bacteria|p__Firmicutes|c__CFGB3009|o__OFGB3009|f__FGB3009|g__GGB9474|s__GGB9474_SGB14868	species	2|1239|||||	0.00805	8.05e-05	assessed	provisional
SID532796	SID532796	donor_combined_disjoint_clean_reads	k__Bacteria|p__Actinomycetota|c__Coriobacteriia|o__Eggerthellales|f__Eggerthellaceae|g__Raoultibacter|s__Raoultibacter_massiliensis	species	2|201174|84998|1643822|1643826|1926677|1852371	0.007933	7.933000000000001e-05	assessed	provisional
SID532796	SID532796	donor_combined_disjoint_clean_reads	k__Bacteria|p__Firmicutes|c__Clostridia|o__Eubacteriales|f__Oscillospiraceae|g__Lawsonibacter|s__Lawsonibacter_celer	species	2|1239|186801|186802|216572|2172004|2986526	0.007841	7.841e-05	assessed	provisional
SID532796	SID532796	donor_combined_disjoint_clean_reads	k__Bacteria|p__Firmicutes|c__Clostridia|o__Lachnospirales|f__Lachnospiraceae|g__Enterocloster|s__Enterocloster_citroniae	species	2|1239|186801|3085636|186803|2719313|358743	0.007619	7.619e-05	assessed	provisional
SID532796	SID532796	donor_combined_disjoint_clean_reads	k__Bacteria|p__Firmicutes|c__Erysipelotrichia|o__Erysipelotrichales|f__Erysipelotrichaceae|g__GGB3033|s__GGB3033_SGB4029	species	2|1239|526524|526525|128827||	0.007222	7.222e-05	assessed	provisional
SID532796	SID532796	donor_combined_disjoint_clean_reads	k__Bacteria|p__Firmicutes|c__Clostridia|o__Eubacteriales|f__Clostridiaceae|g__GGB42638|s__GGB42638_SGB59835	species	2|1239|186801|186802|31979||	0.007209	7.209e-05	assessed	provisional
SID532796	SID532796	donor_combined_disjoint_clean_reads	k__Bacteria|p__Firmicutes|c__Clostridia|o__Lachnospirales|f__Lachnospiraceae|g__Enterocloster|s__Enterocloster_clostridioformis	species	2|1239|186801|3085636|186803|2719313|1531	0.00716	7.159999999999999e-05	assessed	provisional
SID532796	SID532796	donor_combined_disjoint_clean_reads	k__Bacteria|p__Firmicutes|c__CFGB94810|o__OFGB94810|f__FGB94810|g__GGB45497|s__GGB45497_SGB63169	species	2|1239|||||	0.007158	7.158e-05	assessed	provisional
SID532796	SID532796	donor_combined_disjoint_clean_reads	k__Bacteria|p__Firmicutes|c__Clostridia|o__Lachnospirales|f__Lachnospiraceae|g__Lachnoclostridium|s__Lachnoclostridium_edouardi	species	2|1239|186801|3085636|186803|1506553|1926283	0.006921	6.921e-05	assessed	provisional
SID532796	SID532796	donor_combined_disjoint_clean_reads	k__Bacteria|p__Actinomycetota|c__Coriobacteriia|o__Eggerthellales|f__Eggerthellaceae|g__Rubneribacter|s__Rubneribacter_badeniensis	species	2|201174|84998|1643822|1643826|2126002|2070688	0.006705	6.705e-05	assessed	provisional
SID532796	SID532796	donor_combined_disjoint_clean_reads	k__Bacteria|p__Firmicutes|c__Clostridia|o__Eubacteriales|f__Oscillospiraceae|g__GGB45596|s__GGB45596_SGB63306	species	2|1239|186801|186802|216572||	0.006552	6.552e-05	assessed	provisional
SID532796	SID532796	donor_combined_disjoint_clean_reads	k__Bacteria|p__Pseudomonadota|c__CFGB2404|o__OFGB2404|f__FGB2404|g__GGB6610|s__GGB6610_SGB9344	species	2|1224|||||	0.006283	6.283e-05	assessed	provisional
SID532796	SID532796	donor_combined_disjoint_clean_reads	k__Bacteria|p__Firmicutes|c__CFGB3004|o__OFGB3004|f__FGB3004|g__GGB58158|s__GGB58158_SGB79798	species	2|1239|||||	0.006198	6.198e-05	assessed	provisional
SID532796	SID532796	donor_combined_disjoint_clean_reads	k__Bacteria|p__Firmicutes|c__Clostridia|o__Lachnospirales|f__Lachnospiraceae|g__GGB32156|s__GGB32156_SGB47534	species	2|1239|186801|3085636|186803||	0.006076	6.076e-05	assessed	provisional
SID532796	SID532796	donor_combined_disjoint_clean_reads	k__Bacteria|p__Firmicutes|c__Clostridia|o__Lachnospirales|f__Lachnospiraceae|g__Waltera|s__Waltera_acetigignens	species	2|1239|186801|3085636|186803|2815781|2981769	0.005992	5.992e-05	assessed	provisional
SID532796	SID532796	donor_combined_disjoint_clean_reads	k__Bacteria|p__Firmicutes|c__CFGB3038|o__OFGB3038|f__FGB3038|g__GGB9531|s__GGB9531_SGB14932	species	2|1239|||||	0.005986	5.986e-05	assessed	provisional
SID532796	SID532796	donor_combined_disjoint_clean_reads	k__Bacteria|p__Firmicutes|c__Clostridia|o__Christensenellales|f__Christensenellaceae|g__Guopingia|s__Guopingia_tenuis	species	2|1239|186801|3082768|990719|2944148|2763656	0.005981	5.9810000000000005e-05	assessed	provisional
SID532796	SID532796	donor_combined_disjoint_clean_reads	k__Bacteria|p__Firmicutes|c__Clostridia|o__Eubacteriales|f__Eubacteriaceae|g__GGB42571|s__GGB42571_SGB59766	species	2|1239|186801|186802|186806||	0.005873	5.8729999999999995e-05	assessed	provisional
SID532796	SID532796	donor_combined_disjoint_clean_reads	k__Bacteria|p__Firmicutes|c__Clostridia|o__Eubacteriales|f__Eubacteriales_Family_XIII_Incertae_Sedis|g__Zhenpiania|s__Zhenpiania_hominis	species	2|1239|186801|186802|543314|2944199|2763644	0.00571	5.71e-05	assessed	provisional
SID532796	SID532796	donor_combined_disjoint_clean_reads	k__Bacteria|p__Firmicutes|c__Clostridia|o__Lachnospirales|f__Lachnospiraceae|g__GGB51491|s__GGB51491_SGB71859	species	2|1239|186801|3085636|186803||	0.005481	5.481e-05	assessed	provisional
SID532796	SID532796	donor_combined_disjoint_clean_reads	k__Bacteria|p__Firmicutes|c__Clostridia|o__Lachnospirales|f__Lachnospiraceae|g__Eisenbergiella|s__Eisenbergiella_sp_OF01_20	species	2|1239|186801|3085636|186803|1432051|2292348	0.005479	5.479e-05	assessed	provisional
SID532796	SID532796	donor_combined_disjoint_clean_reads	k__Bacteria|p__Verrucomicrobiota|c__Verrucomicrobiia|o__Verrucomicrobiales|f__Akkermansiaceae|g__Akkermansia|s__Akkermansia_muciniphila	species	2|74201|203494|48461|1647988|239934|239935	0.005385	5.385e-05	assessed	provisional
SID532796	SID532796	donor_combined_disjoint_clean_reads	k__Bacteria|p__Firmicutes|c__Clostridia|o__Lachnospirales|f__Lachnospiraceae|g__GGB51441|s__GGB51441_SGB71759	species	2|1239|186801|3085636|186803||	0.005339	5.339e-05	assessed	provisional
SID532796	SID532796	donor_combined_disjoint_clean_reads	k__Bacteria|p__Firmicutes|c__CFGB3034|o__OFGB3034|f__FGB3034|g__GGB45614|s__GGB45614_SGB63327	species	2|1239|||||	0.005265	5.265e-05	assessed	provisional
SID532796	SID532796	donor_combined_disjoint_clean_reads	k__Bacteria|p__Firmicutes|c__Clostridia|o__Eubacteriales|f__Clostridiaceae|g__Clostridium|s__Clostridium_sp_AT4	species	2|1239|186801|186802|31979|1485|1720194	0.004992	4.9919999999999996e-05	assessed	provisional
SID532796	SID532796	donor_combined_disjoint_clean_reads	k__Bacteria|p__Actinomycetota|c__Coriobacteriia|o__Eggerthellales|f__Eggerthellaceae|g__Eggerthella|s__Eggerthella_lenta	species	2|201174|84998|1643822|1643826|84111|84112	0.004958	4.9579999999999996e-05	assessed	provisional
SID532796	SID532796	donor_combined_disjoint_clean_reads	k__Bacteria|p__Firmicutes|c__Clostridia|o__Eubacteriales|f__Acutalibacteraceae|g__GGB38744|s__GGB38744_SGB14842	species	2|1239|186801|186802|3082771||	0.004878	4.8780000000000004e-05	assessed	provisional
SID532796	SID532796	donor_combined_disjoint_clean_reads	k__Bacteria|p__Firmicutes|c__Clostridia|o__Lachnospirales|f__Lachnospiraceae|g__Marvinbryantia|s__Marvinbryantia_SGB4691	species	2|1239|186801|3085636|186803|248744|	0.004774	4.7739999999999994e-05	assessed	provisional
SID532796	SID532796	donor_combined_disjoint_clean_reads	k__Bacteria|p__Firmicutes|c__CFGB3038|o__OFGB3038|f__FGB3038|g__GGB9538|s__GGB9538_SGB14941	species	2|1239|||||	0.004636	4.636e-05	assessed	provisional
SID532796	SID532796	donor_combined_disjoint_clean_reads	k__Bacteria|p__Actinomycetota|c__Coriobacteriia|o__Coriobacteriales|f__Coriobacteriaceae|g__Collinsella|s__Collinsella_tanakaei	species	2|201174|84998|84999|84107|102106|626935	0.004631	4.6309999999999995e-05	assessed	provisional
SID532796	SID532796	donor_combined_disjoint_clean_reads	k__Bacteria|p__Firmicutes|c__Clostridia|o__Eubacteriales|f__Clostridiaceae|g__Clostridiaceae_unclassified|s__Clostridiaceae_unclassified_SGB4769	species	2|1239|186801|186802|31979||	0.004587	4.587e-05	assessed	provisional
SID532796	SID532796	donor_combined_disjoint_clean_reads	k__Bacteria|p__Firmicutes|c__Clostridia|o__Lachnospirales|f__Lachnospiraceae|g__Lachnoclostridium|s__Clostridium_symbiosum	species	2|1239|186801|3085636|186803|1506553|1512	0.004581	4.581e-05	assessed	provisional
SID532796	SID532796	donor_combined_disjoint_clean_reads	k__Bacteria|p__Firmicutes|c__Clostridia|o__Lachnospirales|f__Lachnospiraceae|g__Lachnotalea|s__Lachnotalea_sp_AF33_28	species	2|1239|186801|3085636|186803|1763508|2292046	0.004486	4.486e-05	assessed	provisional
SID532796	SID532796	donor_combined_disjoint_clean_reads	k__Bacteria|p__Firmicutes|c__Clostridia|o__Eubacteriales|f__Oscillospiraceae|g__Pusillibacter|s__Pusillibacter_faecalis	species	2|1239|186801|186802|216572|2892397|2714358	0.004346	4.346e-05	assessed	provisional
SID532796	SID532796	donor_combined_disjoint_clean_reads	k__Bacteria|p__Firmicutes|c__Clostridia|o__Eubacteriales|f__Oscillospiraceae|g__Oscillibacter|s__Oscillibacter_valericigenes	species	2|1239|186801|186802|216572|459786|351091	0.004133	4.1330000000000006e-05	assessed	provisional
SID532796	SID532796	donor_combined_disjoint_clean_reads	k__Bacteria|p__Bacteroidota|c__Bacteroidia|o__Bacteroidales|f__Bacteroidaceae|g__Bacteroides|s__Bacteroides_fragilis	species	2|976|200643|171549|815|816|817	0.003977	3.9769999999999994e-05	assessed	provisional
SID532796	SID532796	donor_combined_disjoint_clean_reads	k__Bacteria|p__Firmicutes|c__Clostridia|o__Eubacteriales|f__Eubacteriales_unclassified|g__Flintibacter|s__Flintibacter_hominis	species	2|1239|186801|186802||1918454|2763048	0.003865	3.865e-05	assessed	provisional
SID532796	SID532796	donor_combined_disjoint_clean_reads	k__Bacteria|p__Firmicutes|c__Clostridia|o__Eubacteriales|f__Eubacteriaceae|g__Eubacteriaceae_unclassified|s__Eubacteriaceae_bacterium	species	2|1239|186801|186802|186806||2049045	0.003815	3.815e-05	assessed	provisional
SID532796	SID532796	donor_combined_disjoint_clean_reads	k__Bacteria|p__Firmicutes|c__Bacilli|o__Lactobacillales|f__Streptococcaceae|g__Streptococcus|s__Streptococcus_oralis	species	2|1239|91061|186826|1300|1301|1303	0.003811	3.811e-05	assessed	provisional
SID532796	SID532796	donor_combined_disjoint_clean_reads	k__Bacteria|p__Firmicutes|c__Clostridia|o__Lachnospirales|f__Lachnospiraceae|g__Enterocloster|s__Enterocloster_aldenensis	species	2|1239|186801|3085636|186803|2719313|358742	0.003623	3.623e-05	assessed	provisional
SID532796	SID532796	donor_combined_disjoint_clean_reads	k__Bacteria|p__Firmicutes|c__Clostridia|o__Lachnospirales|f__Lachnospiraceae|g__Cuneatibacter|s__Cuneatibacter_sp_NSJ_177	species	2|1239|186801|3085636|186803|1918450|2931401	0.003621	3.621e-05	assessed	provisional
SID532796	SID532796	donor_combined_disjoint_clean_reads	k__Bacteria|p__Firmicutes|c__Clostridia|o__Eubacteriales|f__Oscillospiraceae|g__Bittarella_ex_Durand_et_al_2017|s__Bittarella_massiliensis_ex_Durand_et_al_2017	species	2|1239|186801|186802|216572|1929297|1720313	0.003603	3.603e-05	assessed	provisional
SID532796	SID532796	donor_combined_disjoint_clean_reads	k__Bacteria|p__Bacteroidota|c__Bacteroidia|o__Bacteroidales|f__Rikenellaceae|g__Alistipes|s__Alistipes_SGB104723	species	2|976|200643|171549|171550|239759|	0.003595	3.595e-05	assessed	provisional
SID532796	SID532796	donor_combined_disjoint_clean_reads	k__Bacteria|p__Firmicutes|c__Bacilli|o__Lactobacillales|f__Lactobacillaceae|g__Limosilactobacillus|s__Limosilactobacillus_vaginalis	species	2|1239|91061|186826|33958|2742598|1633	0.003457	3.457e-05	assessed	provisional
SID532796	SID532796	donor_combined_disjoint_clean_reads	k__Bacteria|p__Firmicutes|c__Clostridia|o__Eubacteriales|f__Oscillospiraceae|g__GGB9620|s__GGB9620_SGB15070	species	2|1239|186801|186802|216572||	0.003378	3.378e-05	assessed	provisional
SID532796	SID532796	donor_combined_disjoint_clean_reads	k__Bacteria|p__Firmicutes|c__Bacilli|o__Lactobacillales|f__Streptococcaceae|g__Streptococcus|s__Streptococcus_mitis	species	2|1239|91061|186826|1300|1301|28037	0.003362	3.362e-05	assessed	provisional
SID532796	SID532796	donor_combined_disjoint_clean_reads	k__Bacteria|p__Firmicutes|c__Clostridia|o__Eubacteriales|f__Acutalibacteraceae|g__GGB42389|s__GGB42389_SGB59559	species	2|1239|186801|186802|3082771||	0.003303	3.303e-05	assessed	provisional
SID532796	SID532796	donor_combined_disjoint_clean_reads	k__Bacteria|p__Firmicutes|c__Erysipelotrichia|o__Erysipelotrichales|f__Coprobacillaceae|g__Faecalibacillus|s__Faecalibacillus_faecis	species	2|1239|526524|526525|2810280|2678885|1982628	0.003149	3.149e-05	assessed	provisional
SID532796	SID532796	donor_combined_disjoint_clean_reads	k__Bacteria|p__Firmicutes|c__Clostridia|o__Lachnospirales|f__Lachnospiraceae|g__Wansuia|s__Wansuia_hejianensis	species	2|1239|186801|3085636|186803|2944198|2763667	0.003141	3.141e-05	assessed	provisional
SID532796	SID532796	donor_combined_disjoint_clean_reads	k__Bacteria|p__Firmicutes|c__CFGB3057|o__OFGB3057|f__FGB3057|g__GGB32376|s__GGB32376_SGB53512	species	2|1239|||||	0.00308	3.0799999999999996e-05	assessed	provisional
SID532796	SID532796	donor_combined_disjoint_clean_reads	k__Bacteria|p__Firmicutes|c__Clostridia|o__Lachnospirales|f__Lachnospiraceae|g__Mediterraneibacter|s__Mediterraneibacter_glycyrrhizinilyticus	species	2|1239|186801|3085636|186803|2316020|342942	0.002908	2.908e-05	assessed	provisional
SID532796	SID532796	donor_combined_disjoint_clean_reads	k__Bacteria|p__Candidatus_Saccharibacteria|c__Candidatus_Saccharibacteria_unclassified|o__Candidatus_Saccharibacteria_unclassified|f__Candidatus_Saccharibacteria_unclassified|g__Candidatus_Saccharibacteria_unclassified|s__TM7_phylum_sp_oral_taxon_348	species	2|95818|||||671231	0.002895	2.895e-05	assessed	provisional
SID532796	SID532796	donor_combined_disjoint_clean_reads	k__Bacteria|p__Firmicutes|c__Clostridia|o__Lachnospirales|f__Lachnospiraceae|g__GGB3534|s__GGB3534_SGB4722	species	2|1239|186801|3085636|186803||	0.002705	2.705e-05	assessed	provisional
SID532796	SID532796	donor_combined_disjoint_clean_reads	k__Bacteria|p__Firmicutes|c__CFGB2919|o__OFGB2919|f__FGB2919|g__GGB9241|s__GGB9241_SGB63176	species	2|1239|||||	0.002694	2.6940000000000003e-05	assessed	provisional
SID532796	SID532796	donor_combined_disjoint_clean_reads	k__Bacteria|p__Firmicutes|c__Clostridia|o__Eubacteriales|f__Feifaniaceae|g__Feifania|s__Feifania_hominis	species	2|1239|186801|186802|2944141|2944145|2763660	0.002638	2.638e-05	assessed	provisional
SID532796	SID532796	donor_combined_disjoint_clean_reads	k__Bacteria|p__Candidatus_Saccharibacteria|c__Candidatus_Nanosyncoccalia|o__Candidatus_Nanogingivales|f__Candidatus_Nanogingivalaceae|g__GGB12785|s__GGB12785_SGB19823	species	2|95818|2171982|2171984|2171990||	0.002617	2.617e-05	assessed	provisional
SID532796	SID532796	donor_combined_disjoint_clean_reads	k__Bacteria|p__Bacteroidota|c__Bacteroidia|o__Bacteroidales|f__Prevotellaceae|g__Hoylesella|s__Hoylesella_buccalis	species	2|976|200643|171549|171552|2974257|28127	0.002576	2.576e-05	assessed	provisional
SID532796	SID532796	donor_combined_disjoint_clean_reads	k__Bacteria|p__Firmicutes|c__Clostridia|o__Lachnospirales|f__Lachnospiraceae|g__GGB33858|s__GGB33858_SGB48035	species	2|1239|186801|3085636|186803||	0.002567	2.567e-05	assessed	provisional
SID532796	SID532796	donor_combined_disjoint_clean_reads	k__Bacteria|p__Firmicutes|c__Clostridia|o__Eubacteriales|f__Oscillospiraceae|g__GGB42700|s__GGB42700_SGB59904	species	2|1239|186801|186802|216572||	0.002531	2.531e-05	assessed	provisional
SID532796	SID532796	donor_combined_disjoint_clean_reads	k__Bacteria|p__Firmicutes|c__CFGB1765|o__OFGB1765|f__FGB1765|g__GGB4567|s__GGB4567_SGB6308	species	2|1239|||||	0.002392	2.392e-05	assessed	provisional
SID532796	SID532796	donor_combined_disjoint_clean_reads	k__Bacteria|p__Firmicutes|c__Clostridia|o__Lachnospirales|f__Lachnospiraceae|g__Frisingicoccus|s__Frisingicoccus_SGB47112	species	2|1239|186801|3085636|186803|1918511|	0.002306	2.306e-05	assessed	provisional
SID532796	SID532796	donor_combined_disjoint_clean_reads	k__Bacteria|p__Firmicutes|c__Clostridia|o__Eubacteriales|f__Oscillospiraceae|g__Youxingia|s__Youxingia_wuxianensis	species	2|1239|186801|186802|216572|2983250|2763678	0.002241	2.241e-05	assessed	provisional
SID532796	SID532796	donor_combined_disjoint_clean_reads	k__Bacteria|p__Actinomycetota|c__Coriobacteriia|o__Coriobacteriales|f__Atopobiaceae|g__Lancefieldella|s__Lancefieldella_parvula	species	2|201174|84998|84999|1643824|2767353|1382	0.002222	2.222e-05	assessed	provisional
SID532796	SID532796	donor_combined_disjoint_clean_reads	k__Bacteria|p__Firmicutes|c__Clostridia|o__Lachnospirales|f__Lachnospiraceae|g__Enterocloster|s__Enterocloster_lavalensis	species	2|1239|186801|3085636|186803|2719313|460384	0.002194	2.1940000000000003e-05	assessed	provisional
SID532796	SID532796	donor_combined_disjoint_clean_reads	k__Bacteria|p__Bacteroidota|c__Bacteroidia|o__Bacteroidales|f__Prevotellaceae|g__Prevotella|s__Prevotella_marseillensis	species	2|976|200643|171549|171552|838|2479840	0.002138	2.1380000000000002e-05	assessed	provisional
SID532796	SID532796	donor_combined_disjoint_clean_reads	k__Bacteria|p__Firmicutes|c__Bacilli|o__Lactobacillales|f__Lactobacillaceae|g__Ligilactobacillus|s__Ligilactobacillus_salivarius	species	2|1239|91061|186826|33958|2767887|1624	0.002136	2.136e-05	assessed	provisional
SID532796	SID532796	donor_combined_disjoint_clean_reads	k__Bacteria|p__Firmicutes|c__Clostridia|o__Lachnospirales|f__Lachnospiraceae|g__GGB42688|s__GGB42688_SGB59891	species	2|1239|186801|3085636|186803||	0.00198	1.98e-05	assessed	provisional
SID532796	SID532796	donor_combined_disjoint_clean_reads	k__Bacteria|p__Firmicutes|c__Clostridia|o__Lachnospirales|f__Lachnospiraceae|g__Diplocloster|s__Diplocloster_agilis	species	2|1239|186801|3085636|186803|2918511|2850323	0.001649	1.649e-05	assessed	provisional
SID532796	SID532796	donor_combined_disjoint_clean_reads	k__Bacteria|p__Candidatus_Saccharibacteria|c__Candidatus_Nanosyncoccalia|o__Candidatus_Nanogingivales|f__Candidatus_Nanogingivalaceae|g__GGB12785|s__GGB12785_SGB19827	species	2|95818|2171982|2171984|2171990||	0.001631	1.631e-05	assessed	provisional
SID532796	SID532796	donor_combined_disjoint_clean_reads	k__Bacteria|p__Bacteroidota|c__CFGB1670|o__OFGB1670|f__FGB1670|g__GGB47687|s__GGB47687_SGB65655	species	2|976|||||	0.001588	1.588e-05	assessed	provisional
SID532796	SID532796	donor_combined_disjoint_clean_reads	k__Bacteria|p__Firmicutes|c__Clostridia|o__Eubacteriales|f__Eubacteriales_unclassified|g__Eubacteriales_unclassified|s__Eubacteriales_unclassified_SGB15158	species	2|1239|186801|186802|||	0.001566	1.566e-05	assessed	provisional
SID532796	SID532796	donor_combined_disjoint_clean_reads	k__Bacteria|p__Firmicutes|c__Clostridia|o__Eubacteriales|f__Oscillospiraceae|g__GGB45648|s__GGB45648_SGB63362	species	2|1239|186801|186802|216572||	0.00144	1.4400000000000001e-05	assessed	provisional
SID532796	SID532796	donor_combined_disjoint_clean_reads	k__Bacteria|p__Firmicutes|c__Clostridia|o__Lachnospirales|f__Lachnospiraceae|g__Catenibacillus|s__Catenibacillus_scindens	species	2|1239|186801|3085636|186803|2316203|673271	0.001342	1.342e-05	assessed	provisional
SID532796	SID532796	donor_combined_disjoint_clean_reads	k__Bacteria|p__Firmicutes|c__Bacilli|o__Lactobacillales|f__Streptococcaceae|g__Streptococcus|s__Streptococcus_mutans	species	2|1239|91061|186826|1300|1301|1309	0.001311	1.3110000000000002e-05	assessed	provisional
SID532796	SID532796	donor_combined_disjoint_clean_reads	k__Bacteria|p__Firmicutes|c__Clostridia|o__Eubacteriales|f__Clostridiaceae|g__Massilioclostridium|s__Massilioclostridium_coli	species	2|1239|186801|186802|31979|1935927|1870991	0.001274	1.274e-05	assessed	provisional
SID532796	SID532796	donor_combined_disjoint_clean_reads	k__Bacteria|p__Firmicutes|c__CFGB9491|o__OFGB9491|f__FGB9491|g__GGB75072|s__GGB75072_SGB105697	species	2|1239|||||	0.001189	1.189e-05	assessed	provisional
SID532796	SID532796	donor_combined_disjoint_clean_reads	k__Bacteria|p__Firmicutes|c__Clostridia|o__Eubacteriales|f__Eubacteriales_unclassified|g__Gemmiger|s__Gemmiger_SGB15295	species	2|1239|186801|186802||204475|	0.001075	1.075e-05	assessed	provisional
SID532796	SID532796	donor_combined_disjoint_clean_reads	k__Bacteria|p__Firmicutes|c__CFGB3038|o__OFGB3038|f__FGB3038|g__GGB33586|s__GGB33586_SGB53517	species	2|1239|||||	0.001049	1.049e-05	assessed	provisional
SID532796	SID532796	donor_combined_disjoint_clean_reads	k__Bacteria|p__Firmicutes|c__Clostridia|o__Lachnospirales|f__Lachnospiraceae|g__Oribacterium|s__Oribacterium_sinus	species	2|1239|186801|3085636|186803|265975|237576	0.001023	1.023e-05	assessed	provisional
SID532796	SID532796	donor_combined_disjoint_clean_reads	k__Bacteria|p__Actinomycetota|c__Actinomycetes|o__Actinomycetales|f__Actinomycetaceae|g__Actinomyces|s__Actinomyces_sp_ph3	species	2|201174|1760|2037|2049|1654|1118058	0.00099	9.9e-06	assessed	provisional
SID532796	SID532796	donor_combined_disjoint_clean_reads	k__Bacteria|p__Firmicutes|c__Clostridia|o__Eubacteriales|f__Oscillospiraceae|g__Massiliimalia|s__Massiliimalia_timonensis	species	2|1239|186801|186802|216572|2895461|1987501	0.000929	9.29e-06	assessed	provisional
SID532796	SID532796	donor_combined_disjoint_clean_reads	k__Bacteria|p__Campylobacterota|c__Epsilonproteobacteria|o__Campylobacterales|f__Campylobacteraceae|g__Campylobacter|s__Campylobacter_hominis	species	2|29547|3031852|213849|72294|194|76517	0.000897	8.97e-06	assessed	provisional
SID532796	SID532796	donor_combined_disjoint_clean_reads	k__Bacteria|p__Firmicutes|c__Clostridia|o__Lachnospirales|f__Lachnospiraceae|g__Cuneatibacter|s__Cuneatibacter_caecimuris	species	2|1239|186801|3085636|186803|1918450|1796618	0.000889	8.89e-06	assessed	provisional
SID532796	SID532796	donor_combined_disjoint_clean_reads	k__Bacteria|p__Firmicutes|c__Clostridia|o__Lachnospirales|f__Anaerotignaceae|g__Anaerotignum|s__Anaerotignum_lactatifermentans	species	2|1239|186801|3085636|3118652|2039240|160404	0.000886	8.86e-06	assessed	provisional
SID532796	SID532796	donor_combined_disjoint_clean_reads	k__Bacteria|p__Firmicutes|c__Clostridia|o__Eubacteriales|f__Oscillospiraceae|g__Angelakisella|s__Angelakisella_massiliensis	species	2|1239|186801|186802|216572|1935176|1871018	0.000881	8.809999999999999e-06	assessed	provisional
SID532796	SID532796	donor_combined_disjoint_clean_reads	k__Bacteria|p__Firmicutes|c__Erysipelotrichia|o__Erysipelotrichales|f__Erysipelotrichaceae|g__Erysipelotrichaceae_unclassified|s__Clostridium_innocuum	species	2|1239|526524|526525|128827||1522	0.000834	8.34e-06	assessed	provisional
SID532796	SID532796	donor_combined_disjoint_clean_reads	k__Bacteria|p__Firmicutes|c__Bacilli|o__Lactobacillales|f__Streptococcaceae|g__Streptococcus|s__Streptococcus_sobrinus	species	2|1239|91061|186826|1300|1301|1310	0.000832	8.32e-06	assessed	provisional
SID532796	SID532796	donor_combined_disjoint_clean_reads	k__Bacteria|p__Firmicutes|c__Clostridia|o__Eubacteriales|f__Clostridiaceae|g__Clostridium|s__Clostridium_sp_Marseille_P3244	species	2|1239|186801|186802|31979|1485|1871020	0.000764	7.64e-06	assessed	provisional
SID532796	SID532796	donor_combined_disjoint_clean_reads	k__Bacteria|p__Firmicutes|c__Clostridia|o__Eubacteriales|f__Oscillospiraceae|g__GGB9619|s__GGB9619_SGB15067	species	2|1239|186801|186802|216572||	0.000743	7.429999999999999e-06	assessed	provisional
SID532796	SID532796	donor_combined_disjoint_clean_reads	k__Bacteria|p__Firmicutes|c__Clostridia|o__Eubacteriales|f__Clostridiaceae|g__Clostridium|s__Clostridium_sp_AM33_3	species	2|1239|186801|186802|31979|1485|2292304	0.000713	7.1299999999999995e-06	assessed	provisional
SID532796	SID532796	donor_combined_disjoint_clean_reads	k__Bacteria|p__Firmicutes|c__Clostridia|o__Eubacteriales|f__Oscillospiraceae|g__Merdimmobilis|s__Merdimmobilis_hominis	species	2|1239|186801|186802|216572|3028852|2897707	0.000683	6.83e-06	assessed	provisional
SID532796	SID532796	donor_combined_disjoint_clean_reads	k__Bacteria|p__Firmicutes|c__Clostridia|o__Christensenellales|f__Christensenellaceae|g__Luoshenia|s__Luoshenia_tenuis	species	2|1239|186801|3082768|990719|2944144|2763654	0.000576	5.76e-06	assessed	provisional
SID532796	SID532796	donor_combined_disjoint_clean_reads	k__Bacteria|p__Firmicutes|c__Clostridia|o__Eubacteriales|f__Oscillospiraceae|g__GGB9781|s__GGB9781_SGB15401	species	2|1239|186801|186802|216572||	0.000519	5.19e-06	assessed	provisional
SID532796	SID532796	donor_combined_disjoint_clean_reads	k__Bacteria|p__Bacteroidota|c__Bacteroidia|o__Bacteroidales|f__Rikenellaceae|g__Alistipes|s__Alistipes_SGB2302	species	2|976|200643|171549|171550|239759|	0.000486	4.86e-06	assessed	provisional
SID532796	SID532796	donor_combined_disjoint_clean_reads	k__Bacteria|p__Firmicutes|c__Clostridia|o__Eubacteriales|f__Eubacteriales_unclassified|g__Gemmiger|s__Gemmiger_SGB15301	species	2|1239|186801|186802||204475|	0.000418	4.180000000000001e-06	assessed	provisional
SID532796	SID532796	donor_combined_disjoint_clean_reads	k__Bacteria|p__Firmicutes|c__Bacilli|o__Lactobacillales|f__Streptococcaceae|g__Streptococcus|s__Streptococcus_australis	species	2|1239|91061|186826|1300|1301|113107	0.00038	3.8e-06	assessed	provisional
SID532796	SID532796	donor_combined_disjoint_clean_reads	k__Bacteria|p__Firmicutes|c__Clostridia|o__Eubacteriales|f__Butyricicoccaceae|g__Intestinibacillus|s__Intestinibacillus_sp_Marseille_P6563	species	2|1239|186801|186802|3085642|1928820|2364792	0.00037	3.7e-06	assessed	provisional
SID532796	SID532796	donor_combined_disjoint_clean_reads	k__Bacteria|p__Actinomycetota|c__Actinomycetes|o__Bifidobacteriales|f__Bifidobacteriaceae|g__Parascardovia|s__Parascardovia_denticolens	species	2|201174|1760|85004|31953|196082|78258	0.000356	3.56e-06	assessed	provisional
SID532796	SID532796	donor_combined_disjoint_clean_reads	k__Bacteria|p__Actinomycetota|c__Coriobacteriia|o__Eggerthellales|f__Eggerthellaceae|g__Gordonibacter|s__Gordonibacter_urolithinfaciens	species	2|201174|84998|1643822|1643826|644652|1335613	0.000351	3.5100000000000003e-06	assessed	provisional
SID532796	SID532796	donor_combined_disjoint_clean_reads	k__Bacteria|p__Firmicutes|c__Clostridia|o__Lachnospirales|f__Lachnospiraceae|g__Lachnoclostridium|s__Clostridium_scindens	species	2|1239|186801|3085636|186803|1506553|29347	0.000348	3.48e-06	assessed	provisional
SID532796	SID532796	donor_combined_disjoint_clean_reads	k__Bacteria|p__Firmicutes|c__Clostridia|o__Eubacteriales|f__Oscillospiraceae|g__Lawsonibacter|s__Lawsonibacter_faecis	species	2|1239|186801|186802|216572|2172004|2763052	0.00034	3.4e-06	assessed	provisional
SID532796	SID532796	donor_combined_disjoint_clean_reads	k__Bacteria|p__Firmicutes|c__Clostridia|o__Eubacteriales|f__Oscillospiraceae|g__Anaerotruncus|s__Anaerotruncus_rubiinfantis	species	2|1239|186801|186802|216572|244127|1720200	0.000334	3.3399999999999998e-06	assessed	provisional
SID532796	SID532796	donor_combined_disjoint_clean_reads	k__Bacteria|p__Firmicutes|c__Clostridia|o__Eubacteriales|f__Oscillospiraceae|g__Ruminococcus|s__Ruminococcus_turbiniformis	species	2|1239|186801|186802|216572|1263|2881258	0.000314	3.14e-06	assessed	provisional
SID532796	SID532796	donor_combined_disjoint_clean_reads	k__Bacteria|p__Bacteroidota|c__Bacteroidia|o__Bacteroidales|f__Bacteroidaceae|g__Phocaeicola|s__Phocaeicola_sartorii	species	2|976|200643|171549|815|909656|671267	0.000266	2.66e-06	assessed	provisional
SID532796	SID532796	donor_combined_disjoint_clean_reads	k__Bacteria|p__Firmicutes|c__CFGB93863|o__OFGB93863|f__FGB93863|g__GGB45613|s__GGB45613_SGB63326	species	2|1239|||||	0.000257	2.57e-06	assessed	provisional
SID532796	SID532796	donor_combined_disjoint_clean_reads	k__Bacteria|p__Firmicutes|c__Clostridia|o__Lachnospirales|f__Lachnospiraceae|g__Parablautia|s__Parablautia_sp_Marseille_Q6255	species	2|1239|186801|3085636|186803|3039590|3039593	0.000256	2.56e-06	assessed	provisional
SID532796	SID532796	donor_combined_disjoint_clean_reads	k__Bacteria|p__Firmicutes|c__Clostridia|o__Lachnospirales|f__Lachnospiraceae|g__Coprococcus|s__Coprococcus_sp_AF21_14LB	species	2|1239|186801|3085636|186803|33042|2292231	0.000249	2.49e-06	assessed	provisional
SID532796	SID532796	donor_combined_disjoint_clean_reads	k__Bacteria|p__Firmicutes|c__Clostridia|o__Eubacteriales|f__Oscillospiraceae|g__Massiliimalia|s__Massiliimalia_massiliensis	species	2|1239|186801|186802|216572|2895461|1852384	0.000122	1.22e-06	assessed	provisional
SID532796	SID532796	donor_combined_disjoint_clean_reads	k__Bacteria|p__Firmicutes|c__Clostridia|o__Eubacteriales|f__Oscillospiraceae|g__GGB9619|s__GGB9619_SGB15066	species	2|1239|186801|186802|216572||	9.5e-05	9.5e-07	assessed	provisional
