run_accession	study_accession	sample_accession	secondary_sample_accession	sample_alias	experiment_accession	library_name	library_layout	library_strategy	library_source	instrument_platform	instrument_model	read_count	base_count	fastq_ftp	fastq_md5	fastq_bytes	sra_ftp	sample_title
DRR127478	PRJDB4176	SAMD00114724	DRS087520	SAMD00114724	DRX120222		PAIRED	WGS	METAGENOMIC	ILLUMINA	Illumina HiSeq 2500	23380633	6486706572	ftp.sra.ebi.ac.uk/vol1/fastq/DRR127/DRR127478/DRR127478.fastq.gz;ftp.sra.ebi.ac.uk/vol1/fastq/DRR127/DRR127478/DRR127478_1.fastq.gz;ftp.sra.ebi.ac.uk/vol1/fastq/DRR127/DRR127478/DRR127478_2.fastq.gz	961f3154ab8783cd5d23a189a162ec59;9bc98f86c04ee7c1b5bd62ed82169592;fc4398b8bbcedb083287ec61abab58bb	134362965;2337037936;2475653578		human feces_10238
DRR127509	PRJDB4176	SAMD00114755	DRS087526	SAMD00114755	DRX120253		PAIRED	WGS	METAGENOMIC	ILLUMINA	Illumina HiSeq 2500	22705255	6291025847	ftp.sra.ebi.ac.uk/vol1/fastq/DRR127/DRR127509/DRR127509.fastq.gz;ftp.sra.ebi.ac.uk/vol1/fastq/DRR127/DRR127509/DRR127509_1.fastq.gz;ftp.sra.ebi.ac.uk/vol1/fastq/DRR127/DRR127509/DRR127509_2.fastq.gz	7543033f3ddcd039ff4cb24c2bf32bdc;3eb5f1ee3449d2ee8e43371fc820614e;92a96d8c88f932c6e81b9aabd1a7349e	88156056;2140592077;2247930456		human feces_10191
DRR127519	PRJDB4176	SAMD00114765	DRS087530	SAMD00114765	DRX120263		PAIRED	WGS	METAGENOMIC	ILLUMINA	Illumina HiSeq 2500	30741149	8506158049	ftp.sra.ebi.ac.uk/vol1/fastq/DRR127/DRR127519/DRR127519.fastq.gz;ftp.sra.ebi.ac.uk/vol1/fastq/DRR127/DRR127519/DRR127519_1.fastq.gz;ftp.sra.ebi.ac.uk/vol1/fastq/DRR127/DRR127519/DRR127519_2.fastq.gz	2cc91a0a740816687af7be99d3a59346;5c6b64cda042de3268022ba66d8cd5eb;b63e678e8cd24a68af54c3ef847ba5d8	139863358;2791713124;2930918972		human feces_10195
DRR127535	PRJDB4176	SAMD00114781	DRS087534	SAMD00114781	DRX120279		PAIRED	WGS	METAGENOMIC	ILLUMINA	Illumina HiSeq 2500	14520277	3890370691	ftp.sra.ebi.ac.uk/vol1/fastq/DRR127/DRR127535/DRR127535.fastq.gz;ftp.sra.ebi.ac.uk/vol1/fastq/DRR127/DRR127535/DRR127535_1.fastq.gz;ftp.sra.ebi.ac.uk/vol1/fastq/DRR127/DRR127535/DRR127535_2.fastq.gz	8518c0886ecd0250942e4e6309e4fc76;3dc7864271380354b75d34c217c3d030;f16c4a83a362e91ba92a90c367c76164	73168369;1361636593;1399577014		human feces_10302
DRR127557	PRJDB4176	SAMD00114803	DRS087539	SAMD00114803	DRX120301		PAIRED	WGS	METAGENOMIC	ILLUMINA	Illumina HiSeq 2500	16654956	4791145970	ftp.sra.ebi.ac.uk/vol1/fastq/DRR127/DRR127557/DRR127557.fastq.gz;ftp.sra.ebi.ac.uk/vol1/fastq/DRR127/DRR127557/DRR127557_1.fastq.gz;ftp.sra.ebi.ac.uk/vol1/fastq/DRR127/DRR127557/DRR127557_2.fastq.gz	9d945352f53a51a89c61b1c86e66f05b;036419caadd6735773f1f2cc2c5cac01;784eaf63698253ce3306c80078ba70bc	73700051;1679647454;1751552988		human feces_10527
DRR127559	PRJDB4176	SAMD00114805	DRS087540	SAMD00114805	DRX120303		PAIRED	WGS	METAGENOMIC	ILLUMINA	Illumina HiSeq 2500	23413900	6603287365	ftp.sra.ebi.ac.uk/vol1/fastq/DRR127/DRR127559/DRR127559.fastq.gz;ftp.sra.ebi.ac.uk/vol1/fastq/DRR127/DRR127559/DRR127559_1.fastq.gz;ftp.sra.ebi.ac.uk/vol1/fastq/DRR127/DRR127559/DRR127559_2.fastq.gz	040c2281161932fc3e8ae0fd30efba75;beb3489741cc65b5ab4b4661ab768806;e073bd7075c16f3c77e4bd8128c2640d	222068118;2599978599;2717542315		human feces_10461
DRR127567	PRJDB4176	SAMD00114813	DRS087541	SAMD00114813	DRX120311		PAIRED	WGS	METAGENOMIC	ILLUMINA	Illumina HiSeq 2500	20550365	5731747535	ftp.sra.ebi.ac.uk/vol1/fastq/DRR127/DRR127567/DRR127567.fastq.gz;ftp.sra.ebi.ac.uk/vol1/fastq/DRR127/DRR127567/DRR127567_1.fastq.gz;ftp.sra.ebi.ac.uk/vol1/fastq/DRR127/DRR127567/DRR127567_2.fastq.gz	bd29113de93d9edbae4aff1df9c882cd;cad399e5acc911833ba288bb072a13a8;50f006212d30227384d60b7a1368a671	208367241;2255167941;2351325199		human feces_10476
DRR127580	PRJDB4176	SAMD00114826	DRS087543	SAMD00114826	DRX120324		PAIRED	WGS	METAGENOMIC	ILLUMINA	Illumina HiSeq 2500	23019273	6471366583	ftp.sra.ebi.ac.uk/vol1/fastq/DRR127/DRR127580/DRR127580.fastq.gz;ftp.sra.ebi.ac.uk/vol1/fastq/DRR127/DRR127580/DRR127580_1.fastq.gz;ftp.sra.ebi.ac.uk/vol1/fastq/DRR127/DRR127580/DRR127580_2.fastq.gz	5a2e4c103e7c79e9a1c2b5d3fa590e46;09fff948bafeab8027c224091ecb23a1;489b60c780f23149436d9433cef96d14	213579679;2511356397;2686644446		human feces_10483
DRR127594	PRJDB4176	SAMD00114840	DRS087546	SAMD00114840	DRX120338		PAIRED	WGS	METAGENOMIC	ILLUMINA	Illumina HiSeq 2500	19018108	5351408216	ftp.sra.ebi.ac.uk/vol1/fastq/DRR127/DRR127594/DRR127594.fastq.gz;ftp.sra.ebi.ac.uk/vol1/fastq/DRR127/DRR127594/DRR127594_1.fastq.gz;ftp.sra.ebi.ac.uk/vol1/fastq/DRR127/DRR127594/DRR127594_2.fastq.gz	22f56f356610ca98826305b2efeb5fd9;f70902d784c5f3c2fbdbe182aa689212;d5cd7608cf6cd1e19d954befc63b22d3	177656935;1816061799;1983619498		human feces_10604
DRR127613	PRJDB4176	SAMD00114859	DRS087550	SAMD00114859	DRX120357		PAIRED	WGS	METAGENOMIC	ILLUMINA	Illumina HiSeq 2500	21104216	5925622603	ftp.sra.ebi.ac.uk/vol1/fastq/DRR127/DRR127613/DRR127613.fastq.gz;ftp.sra.ebi.ac.uk/vol1/fastq/DRR127/DRR127613/DRR127613_1.fastq.gz;ftp.sra.ebi.ac.uk/vol1/fastq/DRR127/DRR127613/DRR127613_2.fastq.gz	adb6bafbf091a701faf44c774ab4ae31;38c46d9c3fe1d31a8b9029454e47661e;479134972c5278a9840b0d690b42d4cb	205634600;2050180507;2228844224		human feces_10589
DRR127616	PRJDB4176	SAMD00114862	DRS087551	SAMD00114862	DRX120360		PAIRED	WGS	METAGENOMIC	ILLUMINA	Illumina HiSeq 2500	23349654	6648229136	ftp.sra.ebi.ac.uk/vol1/fastq/DRR127/DRR127616/DRR127616.fastq.gz;ftp.sra.ebi.ac.uk/vol1/fastq/DRR127/DRR127616/DRR127616_1.fastq.gz;ftp.sra.ebi.ac.uk/vol1/fastq/DRR127/DRR127616/DRR127616_2.fastq.gz	951a27e9fef4cd93a2c09a3fe75f3e3d;437c3d24a7bc1605464be25defa24af7;0cc8e3ae04e9553761daf0a83e6ba78c	167667458;2322382531;2443773109		human feces_10489
DRR127617	PRJDB4176	SAMD00114863	DRS087552	SAMD00114863	DRX120361		PAIRED	WGS	METAGENOMIC	ILLUMINA	Illumina HiSeq 2500	17028912	4883791076	ftp.sra.ebi.ac.uk/vol1/fastq/DRR127/DRR127617/DRR127617.fastq.gz;ftp.sra.ebi.ac.uk/vol1/fastq/DRR127/DRR127617/DRR127617_1.fastq.gz;ftp.sra.ebi.ac.uk/vol1/fastq/DRR127/DRR127617/DRR127617_2.fastq.gz	274e1f346e619ab4944a17c8390ad088;909094701adfeb4c9dff3b72f9468d3f;1145da0731a8f5747f5b004045c21033	104804852;1728979098;1846227571		human feces_10566
DRR127619	PRJDB4176	SAMD00114865	DRS087553	SAMD00114865	DRX120363		PAIRED	WGS	METAGENOMIC	ILLUMINA	Illumina HiSeq 2500	17857025	5120578302	ftp.sra.ebi.ac.uk/vol1/fastq/DRR127/DRR127619/DRR127619.fastq.gz;ftp.sra.ebi.ac.uk/vol1/fastq/DRR127/DRR127619/DRR127619_1.fastq.gz;ftp.sra.ebi.ac.uk/vol1/fastq/DRR127/DRR127619/DRR127619_2.fastq.gz	5ca1fd5c599ca0102d4557b18b4c5152;feb115e5c251ac9d9cf1f42ff7e7528c;9b8ebcf5f8f95fbfe44b76aa095e0d34	121835343;1798897097;1912335202		human feces_10570
DRR127634	PRJDB4176	SAMD00114880	DRS087556	SAMD00114880	DRX120378		PAIRED	WGS	METAGENOMIC	ILLUMINA	Illumina HiSeq 2500	37127500	10389944355	ftp.sra.ebi.ac.uk/vol1/fastq/DRR127/DRR127634/DRR127634.fastq.gz;ftp.sra.ebi.ac.uk/vol1/fastq/DRR127/DRR127634/DRR127634_1.fastq.gz;ftp.sra.ebi.ac.uk/vol1/fastq/DRR127/DRR127634/DRR127634_2.fastq.gz	c797eaa0e7eb617caaf0b726c11fce7f;8e9915447bc03e229269e875c4db1c71;25aee689d760d55c49e1161bd1b14688	443996521;4065802447;4289195832		human feces_10776
DRR127646	PRJDB4176	SAMD00114892	DRS087558	SAMD00114892	DRX120390		PAIRED	WGS	METAGENOMIC	ILLUMINA	Illumina HiSeq 2500	21282736	5995084694	ftp.sra.ebi.ac.uk/vol1/fastq/DRR127/DRR127646/DRR127646.fastq.gz;ftp.sra.ebi.ac.uk/vol1/fastq/DRR127/DRR127646/DRR127646_1.fastq.gz;ftp.sra.ebi.ac.uk/vol1/fastq/DRR127/DRR127646/DRR127646_2.fastq.gz	0880412aab72a9ab4c4ce40dc5c867f7;9b7efb73cedd9f640dcebbb12fb82a5a;d7f0eb8cefcb48d085a8118a6bc01539	176841093;2060842723;2197546453		human feces_10645
DRR127672	PRJDB4176	SAMD00114918	DRS087563	SAMD00114918	DRX120416		PAIRED	WGS	METAGENOMIC	ILLUMINA	Illumina HiSeq 2500	22008205	6198285404	ftp.sra.ebi.ac.uk/vol1/fastq/DRR127/DRR127672/DRR127672.fastq.gz;ftp.sra.ebi.ac.uk/vol1/fastq/DRR127/DRR127672/DRR127672_1.fastq.gz;ftp.sra.ebi.ac.uk/vol1/fastq/DRR127/DRR127672/DRR127672_2.fastq.gz	bc35713983cb7c2928a0b0bc2e9f2fc7;fcd911c1b77b0d2f15eb42c1ea1ed69f;8ea934cfc47a0acb6f99cd317c6e58c9	218639340;2379972401;2500602606		human feces_10701
DRR127713	PRJDB4176	SAMD00114959	DRS087572	SAMD00114959	DRX120457		PAIRED	WGS	METAGENOMIC	ILLUMINA	Illumina HiSeq 2500	25642213	7169592329	ftp.sra.ebi.ac.uk/vol1/fastq/DRR127/DRR127713/DRR127713.fastq.gz;ftp.sra.ebi.ac.uk/vol1/fastq/DRR127/DRR127713/DRR127713_1.fastq.gz;ftp.sra.ebi.ac.uk/vol1/fastq/DRR127/DRR127713/DRR127713_2.fastq.gz	4d08510edcb7338afbe23f81afda6839;d6da17a51c465f68fd897e5946f65003;2dfe7347726a08d418e345f3070687bd	319744409;2809717682;2965189603		human feces_10784
DRR127724	PRJDB4176	SAMD00114970	DRS087576	SAMD00114970	DRX120468		PAIRED	WGS	METAGENOMIC	ILLUMINA	Illumina HiSeq 2500	29446498	8183173884	ftp.sra.ebi.ac.uk/vol1/fastq/DRR127/DRR127724/DRR127724.fastq.gz;ftp.sra.ebi.ac.uk/vol1/fastq/DRR127/DRR127724/DRR127724_1.fastq.gz;ftp.sra.ebi.ac.uk/vol1/fastq/DRR127/DRR127724/DRR127724_2.fastq.gz	efd7ad9796c8cbf6a0e9a80f496e1ff9;f9856f7556fafd899539fda6088d1afb;0aa4db229a8032e3e6841e179db03a6e	129005346;2752627233;2954082523		human feces_10037
DRR127728	PRJDB4176	SAMD00114974	DRS087577	SAMD00114974	DRX120472		PAIRED	WGS	METAGENOMIC	ILLUMINA	Illumina HiSeq 2500	27750814	6965158871	ftp.sra.ebi.ac.uk/vol1/fastq/DRR127/DRR127728/DRR127728.fastq.gz;ftp.sra.ebi.ac.uk/vol1/fastq/DRR127/DRR127728/DRR127728_1.fastq.gz;ftp.sra.ebi.ac.uk/vol1/fastq/DRR127/DRR127728/DRR127728_2.fastq.gz	d94963a5a637f1f90f74ddf80673f78e;9ca8160160e7598bb1472f9d7946814d;ec4a7ddf4ac9116ea3f5d8b35fa0f1c4	79780761;2204658173;2324319846		human feces_10188
DRR127752	PRJDB4176	SAMD00114998	DRS087583	SAMD00114998	DRX120496		PAIRED	WGS	METAGENOMIC	ILLUMINA	Illumina HiSeq 2500	25286446	7120548014	ftp.sra.ebi.ac.uk/vol1/fastq/DRR127/DRR127752/DRR127752.fastq.gz;ftp.sra.ebi.ac.uk/vol1/fastq/DRR127/DRR127752/DRR127752_1.fastq.gz;ftp.sra.ebi.ac.uk/vol1/fastq/DRR127/DRR127752/DRR127752_2.fastq.gz	eedd179be532bbd2c0ab20cde5c22009;06da1d8035cd906f9429f4f68d0a865b;2bae8642ee994ce6ff12b79699ee1af6	191663733;2362206349;2675116507		human feces_10100
DRR162776	PRJDB4176	SAMD00154992	DRS087595	SAMD00154992	DRX153395		PAIRED	WGS	METAGENOMIC	ILLUMINA	Illumina HiSeq 2500	16550774	4701732700	ftp.sra.ebi.ac.uk/vol1/fastq/DRR162/DRR162776/DRR162776.fastq.gz;ftp.sra.ebi.ac.uk/vol1/fastq/DRR162/DRR162776/DRR162776_1.fastq.gz;ftp.sra.ebi.ac.uk/vol1/fastq/DRR162/DRR162776/DRR162776_2.fastq.gz	e7e0c15bcb32696b620c578f12bed815;d6703532e209668bc9bea7d1f68b1edc;d267919931081287f24faceb71970926	158121336;1658514819;1749415653		human feces_10515
DRR171459	PRJDB4176	SAMD00164694	DRS091121	SAMD00164694	DRX162071		PAIRED	WGS	METAGENOMIC	ILLUMINA	Illumina HiSeq 2500	17625818	4945761009	ftp.sra.ebi.ac.uk/vol1/fastq/DRR171/DRR171459/DRR171459.fastq.gz;ftp.sra.ebi.ac.uk/vol1/fastq/DRR171/DRR171459/DRR171459_1.fastq.gz;ftp.sra.ebi.ac.uk/vol1/fastq/DRR171/DRR171459/DRR171459_2.fastq.gz	95f8f39dea376aefc3181fda63f1a853;0f120d46d0496bcf75b9098297f821fa;1b7143eaa3c50b37efe518f59b3b949e	182556975;1868591133;1992520009		human feces_00001
DRR171469	PRJDB4176	SAMD00164729	DRS091131	SAMD00164729	DRX162081		PAIRED	WGS	METAGENOMIC	ILLUMINA	Illumina HiSeq 2500	25060846	6922884853	ftp.sra.ebi.ac.uk/vol1/fastq/DRR171/DRR171469/DRR171469.fastq.gz;ftp.sra.ebi.ac.uk/vol1/fastq/DRR171/DRR171469/DRR171469_1.fastq.gz;ftp.sra.ebi.ac.uk/vol1/fastq/DRR171/DRR171469/DRR171469_2.fastq.gz	1c483858cde9ae4a8829e2ed0879109b;f86fde81088da25dcb601e7a46ca4ee3;1ae84848d0ace94526e10aa6536edde4	167191013;2394221784;2537076591		human feces_10298
DRR171471	PRJDB4176	SAMD00164744	DRS091133	SAMD00164744	DRX162083		PAIRED	WGS	METAGENOMIC	ILLUMINA	Illumina HiSeq 2500	25400404	6950863409	ftp.sra.ebi.ac.uk/vol1/fastq/DRR171/DRR171471/DRR171471.fastq.gz;ftp.sra.ebi.ac.uk/vol1/fastq/DRR171/DRR171471/DRR171471_1.fastq.gz;ftp.sra.ebi.ac.uk/vol1/fastq/DRR171/DRR171471/DRR171471_2.fastq.gz	d7f64bd8794d6687ecf69e626e6722ea;b1058adc7831cc3e819dd90f12a5a4fd;a25730f55cb1eed6c0b49f66dd2f5978	122922335;2455856113;2553846494		human feces_10365
DRR171472	PRJDB4176	SAMD00164745	DRS091134	SAMD00164745	DRX162084		PAIRED	WGS	METAGENOMIC	ILLUMINA	Illumina HiSeq 2500	20658663	6001646765	ftp.sra.ebi.ac.uk/vol1/fastq/DRR171/DRR171472/DRR171472.fastq.gz;ftp.sra.ebi.ac.uk/vol1/fastq/DRR171/DRR171472/DRR171472_1.fastq.gz;ftp.sra.ebi.ac.uk/vol1/fastq/DRR171/DRR171472/DRR171472_2.fastq.gz	eb241fe3901bb20d28d153257a956f4d;cb70545f4fdf17a4f189355cdc3eb3db;c0d7187c7cbf2e5bcd4f0d567142b97c	64469811;1780852777;1914719528		human feces_10367
DRR171475	PRJDB4176	SAMD00164750	DRS091137	SAMD00164750	DRX162087		PAIRED	WGS	METAGENOMIC	ILLUMINA	Illumina HiSeq 2500	22022226	6248285937	ftp.sra.ebi.ac.uk/vol1/fastq/DRR171/DRR171475/DRR171475.fastq.gz;ftp.sra.ebi.ac.uk/vol1/fastq/DRR171/DRR171475/DRR171475_1.fastq.gz;ftp.sra.ebi.ac.uk/vol1/fastq/DRR171/DRR171475/DRR171475_2.fastq.gz	3a6ba368bf48bb8e2070c28dd9deb6ef;3e24d4478ef1b70397e414f9ffc8946c;19eb0d3be3334fb33e7f74b20ec2d30b	172141174;2442032032;2545793051		human feces_10466
DRR171480	PRJDB4176	SAMD00164760	DRS091142	SAMD00164760	DRX162092		PAIRED	WGS	METAGENOMIC	ILLUMINA	Illumina HiSeq 2500	27260267	7662244557	ftp.sra.ebi.ac.uk/vol1/fastq/DRR171/DRR171480/DRR171480.fastq.gz;ftp.sra.ebi.ac.uk/vol1/fastq/DRR171/DRR171480/DRR171480_1.fastq.gz;ftp.sra.ebi.ac.uk/vol1/fastq/DRR171/DRR171480/DRR171480_2.fastq.gz	c33a7f97d0d1c2c967716cab01e8774e;7a056dfe33fefb17f3edcdf4a5a86c5c;87aaf45e9fbe949ac6e8267e07954e1f	113937616;2365203826;2467094027		human feces_10517
DRR171482	PRJDB4176	SAMD00164765	DRS091144	SAMD00164765	DRX162094		PAIRED	WGS	METAGENOMIC	ILLUMINA	Illumina HiSeq 2500	22118495	6401550652	ftp.sra.ebi.ac.uk/vol1/fastq/DRR171/DRR171482/DRR171482.fastq.gz;ftp.sra.ebi.ac.uk/vol1/fastq/DRR171/DRR171482/DRR171482_1.fastq.gz;ftp.sra.ebi.ac.uk/vol1/fastq/DRR171/DRR171482/DRR171482_2.fastq.gz	ec0194a34941443586dde08b11cb7519;5a1ef6246a887efce1436756ed70c8a4;4a12fef30bfa9f28bff78558d33824d9	171690040;1932093216;2111968820		human feces_10555
DRR171490	PRJDB4176	SAMD00164777	DRS091152	SAMD00164777	DRX162102		PAIRED	WGS	METAGENOMIC	ILLUMINA	Illumina HiSeq 2500	18310123	5304109565	ftp.sra.ebi.ac.uk/vol1/fastq/DRR171/DRR171490/DRR171490.fastq.gz;ftp.sra.ebi.ac.uk/vol1/fastq/DRR171/DRR171490/DRR171490_1.fastq.gz;ftp.sra.ebi.ac.uk/vol1/fastq/DRR171/DRR171490/DRR171490_2.fastq.gz	da5c31aa35d580618ae994929421e461;5f65130cf38778e311f0041177910b71;1994f09f557d7336c577c105a43d8e13	37296436;1612181696;1701245617		human feces_10595.1
DRR171494	PRJDB4176	SAMD00164781	DRS091156	SAMD00164781	DRX162106		PAIRED	WGS	METAGENOMIC	ILLUMINA	Illumina HiSeq 2500	25900691	7542191797	ftp.sra.ebi.ac.uk/vol1/fastq/DRR171/DRR171494/DRR171494.fastq.gz;ftp.sra.ebi.ac.uk/vol1/fastq/DRR171/DRR171494/DRR171494_1.fastq.gz;ftp.sra.ebi.ac.uk/vol1/fastq/DRR171/DRR171494/DRR171494_2.fastq.gz	10de7fd8705ebfec8ac361f2456b30f9;34c801b0591751641cded4eb7e0baadd;3631cb4b320cdbedf438d3557c6a33fe	65289932;2288483794;2439014107		human feces_10603.1
DRR171497	PRJDB4176	SAMD00164803	DRS091159	SAMD00164803	DRX162109		PAIRED	WGS	METAGENOMIC	ILLUMINA	Illumina HiSeq 2500	26024282	7403529801	ftp.sra.ebi.ac.uk/vol1/fastq/DRR171/DRR171497/DRR171497.fastq.gz;ftp.sra.ebi.ac.uk/vol1/fastq/DRR171/DRR171497/DRR171497_1.fastq.gz;ftp.sra.ebi.ac.uk/vol1/fastq/DRR171/DRR171497/DRR171497_2.fastq.gz	1e2c0eab6123def316375229abb033a8;05c7b5d39b726b733d6cf137f9aa27ce;3468f3ea21d9856b5a65e53b2031eac3	60276729;2530994323;2630344018		human feces_10788
DRR171505	PRJDB4176	SAMD00164813	DRS091167	SAMD00164813	DRX162117		PAIRED	WGS	METAGENOMIC	ILLUMINA	Illumina HiSeq 2500	23535559	6714130014	ftp.sra.ebi.ac.uk/vol1/fastq/DRR171/DRR171505/DRR171505.fastq.gz;ftp.sra.ebi.ac.uk/vol1/fastq/DRR171/DRR171505/DRR171505_1.fastq.gz;ftp.sra.ebi.ac.uk/vol1/fastq/DRR171/DRR171505/DRR171505_2.fastq.gz	7a79c33e17d2a4b09a50dc33b0cbfbd3;ec234dd214ca77314ab72588161bedcb;03fca94d6de6d9106ac11d8d9debd714	74613105;2177832709;2202928934		human feces_10831
DRR171507	PRJDB4176	SAMD00164817	DRS091169	SAMD00164817	DRX162119		PAIRED	WGS	METAGENOMIC	ILLUMINA	Illumina HiSeq 2500	16654167	4862307767	ftp.sra.ebi.ac.uk/vol1/fastq/DRR171/DRR171507/DRR171507.fastq.gz;ftp.sra.ebi.ac.uk/vol1/fastq/DRR171/DRR171507/DRR171507_1.fastq.gz;ftp.sra.ebi.ac.uk/vol1/fastq/DRR171/DRR171507/DRR171507_2.fastq.gz	17b1602b2523e4dd29dee8d84167875d;83d116d825b42f26bcf35409569c0870;6eae2557fa2f0aa857035a39dda7f0d7	30129301;1531918442;1655766804		human feces_10860
DRR171510	PRJDB4176	SAMD00164820	DRS091172	SAMD00164820	DRX162122		PAIRED	WGS	METAGENOMIC	ILLUMINA	Illumina HiSeq 2500	23466819	6805148239	ftp.sra.ebi.ac.uk/vol1/fastq/DRR171/DRR171510/DRR171510.fastq.gz;ftp.sra.ebi.ac.uk/vol1/fastq/DRR171/DRR171510/DRR171510_1.fastq.gz;ftp.sra.ebi.ac.uk/vol1/fastq/DRR171/DRR171510/DRR171510_2.fastq.gz	b17037dac134742b7a3b9f64896e63f5;513d6f46c43b55eb9633149b64acbed9;98e4b36ca1a5401eb3b24356b005a40a	54998898;2212376128;2284698705		human feces_10880
DRR171511	PRJDB4176	SAMD00164821	DRS091173	SAMD00164821	DRX162123		PAIRED	WGS	METAGENOMIC	ILLUMINA	Illumina HiSeq 2500	13238778	3866419721	ftp.sra.ebi.ac.uk/vol1/fastq/DRR171/DRR171511/DRR171511.fastq.gz;ftp.sra.ebi.ac.uk/vol1/fastq/DRR171/DRR171511/DRR171511_1.fastq.gz;ftp.sra.ebi.ac.uk/vol1/fastq/DRR171/DRR171511/DRR171511_2.fastq.gz	9f9439317d2d957380a662a3ed576a8a;3b55ba82aa47dac014e6d69b4a75d496;a11a1f01decbf037a5cbd73148e351c0	19455294;1033302146;1095055982		human feces_10887
DRR171513	PRJDB4176	SAMD00164823	DRS091175	SAMD00164823	DRX162125		PAIRED	WGS	METAGENOMIC	ILLUMINA	Illumina HiSeq 2500	15383038	4445435126	ftp.sra.ebi.ac.uk/vol1/fastq/DRR171/DRR171513/DRR171513.fastq.gz;ftp.sra.ebi.ac.uk/vol1/fastq/DRR171/DRR171513/DRR171513_1.fastq.gz;ftp.sra.ebi.ac.uk/vol1/fastq/DRR171/DRR171513/DRR171513_2.fastq.gz	aad2195e675c2c825a8ae50b4d7ec45f;767da6c7b7d22dae26374e71ead79656;a137ad7d9930df43d62700fe80463595	70718187;1513531549;1602210026		human feces_10889
DRR171518	PRJDB4176	SAMD00164828	DRS091180	SAMD00164828	DRX162130		PAIRED	WGS	METAGENOMIC	ILLUMINA	Illumina HiSeq 2500	9031452	2637550989	ftp.sra.ebi.ac.uk/vol1/fastq/DRR171/DRR171518/DRR171518.fastq.gz;ftp.sra.ebi.ac.uk/vol1/fastq/DRR171/DRR171518/DRR171518_1.fastq.gz;ftp.sra.ebi.ac.uk/vol1/fastq/DRR171/DRR171518/DRR171518_2.fastq.gz	87cc1f66d1dfc08f05c820d5ae5c5d2b;a2b085ae7b08a1ff3944e9fdc13f7028;3cd8801139f7c8d494212f7bf6ea0a57	15625104;704906062;752095102		human feces_10924
DRR171522	PRJDB4176	SAMD00164832	DRS091184	SAMD00164832	DRX162134		PAIRED	WGS	METAGENOMIC	ILLUMINA	Illumina HiSeq 2500	18767595	5473195776	ftp.sra.ebi.ac.uk/vol1/fastq/DRR171/DRR171522/DRR171522.fastq.gz;ftp.sra.ebi.ac.uk/vol1/fastq/DRR171/DRR171522/DRR171522_1.fastq.gz;ftp.sra.ebi.ac.uk/vol1/fastq/DRR171/DRR171522/DRR171522_2.fastq.gz	7e39665a2a5f6004ad5fa207bb9bfc86;5d1d202a161fd45d8fc08397fee51e71;344b6ac397e0c4720fbe00b7885cb887	49453943;1550275206;1667746227		human feces_10938
DRR171523	PRJDB4176	SAMD00164833	DRS091185	SAMD00164833	DRX162135		PAIRED	WGS	METAGENOMIC	ILLUMINA	Illumina HiSeq 2500	13927768	4052659543	ftp.sra.ebi.ac.uk/vol1/fastq/DRR171/DRR171523/DRR171523.fastq.gz;ftp.sra.ebi.ac.uk/vol1/fastq/DRR171/DRR171523/DRR171523_1.fastq.gz;ftp.sra.ebi.ac.uk/vol1/fastq/DRR171/DRR171523/DRR171523_2.fastq.gz	f1021811fac338bd07d4a946e3ffeb6f;c0d2ba1ca7ec75052fedf0dea3a77f48;7ac36729a2b5eedf7b868bacec75a19a	35091947;1149321933;1239094444		human feces_10947
DRR171528	PRJDB4176	SAMD00164838	DRS091190	SAMD00164838	DRX162140		PAIRED	WGS	METAGENOMIC	ILLUMINA	Illumina HiSeq 2500	22329804	6497609444	ftp.sra.ebi.ac.uk/vol1/fastq/DRR171/DRR171528/DRR171528.fastq.gz;ftp.sra.ebi.ac.uk/vol1/fastq/DRR171/DRR171528/DRR171528_1.fastq.gz;ftp.sra.ebi.ac.uk/vol1/fastq/DRR171/DRR171528/DRR171528_2.fastq.gz	afde0ae79a66162575aa2b5693fc5f55;e01aa66735e54ad5d4f510a7490ae88c;5109314242de94441bc64e753510fffd	105906510;2130798273;2252245332		human feces_10980
DRR171531	PRJDB4176	SAMD00164841	DRS091193	SAMD00164841	DRX162143		PAIRED	WGS	METAGENOMIC	ILLUMINA	Illumina HiSeq 2500	18630239	5444934161	ftp.sra.ebi.ac.uk/vol1/fastq/DRR171/DRR171531/DRR171531.fastq.gz;ftp.sra.ebi.ac.uk/vol1/fastq/DRR171/DRR171531/DRR171531_1.fastq.gz;ftp.sra.ebi.ac.uk/vol1/fastq/DRR171/DRR171531/DRR171531_2.fastq.gz	52870352e2fec4ad9b2f227b0d75d054;ced10d3fbd8b3fe835372061d7ef0d5d;48681ee6c8c1c627ac9af5275ecb847f	71979219;1838432409;1979736078		human feces_10992
DRR171534	PRJDB4176	SAMD00164844	DRS091196	SAMD00164844	DRX162146		PAIRED	WGS	METAGENOMIC	ILLUMINA	Illumina HiSeq 2500	23295395	6770954653	ftp.sra.ebi.ac.uk/vol1/fastq/DRR171/DRR171534/DRR171534.fastq.gz;ftp.sra.ebi.ac.uk/vol1/fastq/DRR171/DRR171534/DRR171534_1.fastq.gz;ftp.sra.ebi.ac.uk/vol1/fastq/DRR171/DRR171534/DRR171534_2.fastq.gz	fe7049945364ac193bf226d0c20c4c79;942d2d33eff9f6fabba2c3ceb9a9209e;54aa566d675682ebd0c801c5b1a941d2	81315624;2193967969;2289881108		human feces_11010
DRR171535	PRJDB4176	SAMD00164845	DRS091197	SAMD00164845	DRX162147		PAIRED	WGS	METAGENOMIC	ILLUMINA	Illumina HiSeq 2500	11998252	3483760337	ftp.sra.ebi.ac.uk/vol1/fastq/DRR171/DRR171535/DRR171535.fastq.gz;ftp.sra.ebi.ac.uk/vol1/fastq/DRR171/DRR171535/DRR171535_1.fastq.gz;ftp.sra.ebi.ac.uk/vol1/fastq/DRR171/DRR171535/DRR171535_2.fastq.gz	0217c9eaa035486ad8b9efdbee20d4b7;81f4a6bffceb1e7bb283a1a00fe68998;8bce64997d809fa7143a37c168e7ee33	38832744;1136694081;1184888903		human feces_11011
DRR171539	PRJDB4176	SAMD00164849	DRS091201	SAMD00164849	DRX162151		PAIRED	WGS	METAGENOMIC	ILLUMINA	Illumina HiSeq 2500	14664057	4255372415	ftp.sra.ebi.ac.uk/vol1/fastq/DRR171/DRR171539/DRR171539.fastq.gz;ftp.sra.ebi.ac.uk/vol1/fastq/DRR171/DRR171539/DRR171539_1.fastq.gz;ftp.sra.ebi.ac.uk/vol1/fastq/DRR171/DRR171539/DRR171539_2.fastq.gz	28b98161762549f7d4f4192e713324af;ab73471b568f32792515810fabd5f08e;6df7d1c3eb0b92b7b6d97bd652e0e601	38643328;1227752794;1327143465		human feces_11035
DRR171543	PRJDB4176	SAMD00164853	DRS091205	SAMD00164853	DRX162155		PAIRED	WGS	METAGENOMIC	ILLUMINA	Illumina HiSeq 2500	12054296	3515705759	ftp.sra.ebi.ac.uk/vol1/fastq/DRR171/DRR171543/DRR171543.fastq.gz;ftp.sra.ebi.ac.uk/vol1/fastq/DRR171/DRR171543/DRR171543_1.fastq.gz;ftp.sra.ebi.ac.uk/vol1/fastq/DRR171/DRR171543/DRR171543_2.fastq.gz	fdd8d59888fbd8c4dded85add5b1dc70;1e7cb9c6db701fceaa3447b6a94fe505;1406686f162040fa9e5a1b15fe1531e8	49145686;1032531261;1114471370		human feces_11049
DRR127485	PRJDB4176	SAMD00114731	DRS087522	SAMD00114731	DRX120229		PAIRED	WGS	METAGENOMIC	ILLUMINA	Illumina HiSeq 2500	33368999	9023711379	ftp.sra.ebi.ac.uk/vol1/fastq/DRR127/DRR127485/DRR127485.fastq.gz;ftp.sra.ebi.ac.uk/vol1/fastq/DRR127/DRR127485/DRR127485_1.fastq.gz;ftp.sra.ebi.ac.uk/vol1/fastq/DRR127/DRR127485/DRR127485_2.fastq.gz	edd264ab088e715b0e77ede30756ada9;97c56d4c9df1915ff70677a0047e9360;07e434fe59b097bc59deeb615279e897	142266399;3117270197;3264965134		human feces_10322
DRR171557	PRJDB4176	SAMD00164867	DRS091219	SAMD00164867	DRX162169		PAIRED	WGS	METAGENOMIC	ILLUMINA	Illumina HiSeq 2500	22549320	6575889169	ftp.sra.ebi.ac.uk/vol1/fastq/DRR171/DRR171557/DRR171557.fastq.gz;ftp.sra.ebi.ac.uk/vol1/fastq/DRR171/DRR171557/DRR171557_1.fastq.gz;ftp.sra.ebi.ac.uk/vol1/fastq/DRR171/DRR171557/DRR171557_2.fastq.gz	367c4b5b5f74894427e5c2c4a4068677;cccf613ef8e1164de9fc982dd0ef3bfd;16e2ec4ca92141374fb989679866fb09	82189348;2128613834;2255522401		human feces_11132
DRR171558	PRJDB4176	SAMD00164868	DRS091220	SAMD00164868	DRX162170		PAIRED	WGS	METAGENOMIC	ILLUMINA	Illumina HiSeq 2500	18348546	5351827991	ftp.sra.ebi.ac.uk/vol1/fastq/DRR171/DRR171558/DRR171558.fastq.gz;ftp.sra.ebi.ac.uk/vol1/fastq/DRR171/DRR171558/DRR171558_1.fastq.gz;ftp.sra.ebi.ac.uk/vol1/fastq/DRR171/DRR171558/DRR171558_2.fastq.gz	0de6835ada4e7aa63826d1844060d316;367cc2a3067e4cf093609e2568587623;3b31653414eb325fc13babf89d6fc351	60123744;1637103497;1747887425		human feces_11141
DRR127488	PRJDB4176	SAMD00114734	DRS087523	SAMD00114734	DRX120232		PAIRED	WGS	METAGENOMIC	ILLUMINA	Illumina HiSeq 2500	42374079	11268958205	ftp.sra.ebi.ac.uk/vol1/fastq/DRR127/DRR127488/DRR127488.fastq.gz;ftp.sra.ebi.ac.uk/vol1/fastq/DRR127/DRR127488/DRR127488_1.fastq.gz;ftp.sra.ebi.ac.uk/vol1/fastq/DRR127/DRR127488/DRR127488_2.fastq.gz	0c47ed2780f8fac636324463eac24181;821cf3b2cb406273c704abc511664851;b69d76a165c7f0e40f7cfbbb911f4713	161962826;3915400782;4089485904		human feces_10325
DRR171561	PRJDB4176	SAMD00164871	DRS091223	SAMD00164871	DRX162173		PAIRED	WGS	METAGENOMIC	ILLUMINA	Illumina HiSeq 2500	3977799	1149382645	ftp.sra.ebi.ac.uk/vol1/fastq/DRR171/DRR171561/DRR171561.fastq.gz;ftp.sra.ebi.ac.uk/vol1/fastq/DRR171/DRR171561/DRR171561_1.fastq.gz;ftp.sra.ebi.ac.uk/vol1/fastq/DRR171/DRR171561/DRR171561_2.fastq.gz	c95f745c3b0f2ef64cf8e781e9f52255;32d15ed47114eb9653736790e24eca99;3294318036119738726aea3ae0cc03ff	15557670;381603076;397198823		human feces_11162
DRR127521	PRJDB4176	SAMD00114767	DRS087531	SAMD00114767	DRX120265		PAIRED	WGS	METAGENOMIC	ILLUMINA	Illumina HiSeq 2500	26414911	7485815395	ftp.sra.ebi.ac.uk/vol1/fastq/DRR127/DRR127521/DRR127521.fastq.gz;ftp.sra.ebi.ac.uk/vol1/fastq/DRR127/DRR127521/DRR127521_1.fastq.gz;ftp.sra.ebi.ac.uk/vol1/fastq/DRR127/DRR127521/DRR127521_2.fastq.gz	4e2dce3dc16176170a2eef25ecb461e2;07db3a8c621ad8c314a1ce6db05154c2;d923eb211d3939207d16ff81327887ce	141172804;2446317312;2597055808		human feces_10201
DRR171565	PRJDB4176	SAMD00164875	DRS091227	SAMD00164875	DRX162177		PAIRED	WGS	METAGENOMIC	ILLUMINA	Illumina HiSeq 2500	12521991	3662800607	ftp.sra.ebi.ac.uk/vol1/fastq/DRR171/DRR171565/DRR171565.fastq.gz;ftp.sra.ebi.ac.uk/vol1/fastq/DRR171/DRR171565/DRR171565_1.fastq.gz;ftp.sra.ebi.ac.uk/vol1/fastq/DRR171/DRR171565/DRR171565_2.fastq.gz	f0061a4a99abb6791ef2d012b33d49bb;5f4c2f5fc08ea5b6f3dd0fa9a8216cf9;5a53592588cdb7290778b3efc8226860	70803326;1075140967;1174520802		human feces_11203
DRR171582	PRJDB4176	SAMD00164892	DRS091244	SAMD00164892	DRX162194		PAIRED	WGS	METAGENOMIC	ILLUMINA	Illumina HiSeq 2500	22876349	6711855882	ftp.sra.ebi.ac.uk/vol1/fastq/DRR171/DRR171582/DRR171582.fastq.gz;ftp.sra.ebi.ac.uk/vol1/fastq/DRR171/DRR171582/DRR171582_1.fastq.gz;ftp.sra.ebi.ac.uk/vol1/fastq/DRR171/DRR171582/DRR171582_2.fastq.gz	9f418de58092c62b08b9802ce48b0b98;dbcc4905e09cbfff30f65f737dbcfa6a;960a1f208a51beafd680630c0087b507	102812386;1866749433;2053786494		human feces_11311
DRR127524	PRJDB4176	SAMD00114770	DRS087532	SAMD00114770	DRX120268		PAIRED	WGS	METAGENOMIC	ILLUMINA	Illumina HiSeq 2500	39865524	11071213007	ftp.sra.ebi.ac.uk/vol1/fastq/DRR127/DRR127524/DRR127524.fastq.gz;ftp.sra.ebi.ac.uk/vol1/fastq/DRR127/DRR127524/DRR127524_1.fastq.gz;ftp.sra.ebi.ac.uk/vol1/fastq/DRR127/DRR127524/DRR127524_2.fastq.gz	d9c2af5f5e9db6005d868132289b99e5;8639443d11963e93a4d5cc3a93cf0a5e;d77a00aa28a63566d34d529d0c9c46e0	198767598;3632621607;3862003961		human feces_10207
DRR171593	PRJDB4176	SAMD00164903	DRS091255	SAMD00164903	DRX162205		PAIRED	WGS	METAGENOMIC	ILLUMINA	Illumina HiSeq 2500	25363708	7409092107	ftp.sra.ebi.ac.uk/vol1/fastq/DRR171/DRR171593/DRR171593.fastq.gz;ftp.sra.ebi.ac.uk/vol1/fastq/DRR171/DRR171593/DRR171593_1.fastq.gz;ftp.sra.ebi.ac.uk/vol1/fastq/DRR171/DRR171593/DRR171593_2.fastq.gz	f3fb2b409054a946ff136c9264c7403c;9a53232a956af498f38b4b67358d8166;7ca6741a63fd9f28752ecaf593aaa796	90767753;2527699299;2672175693		human feces_11417
DRR127537	PRJDB4176	SAMD00114783	DRS087536	SAMD00114783	DRX120281		PAIRED	WGS	METAGENOMIC	ILLUMINA	Illumina HiSeq 2500	21281694	5932336432	ftp.sra.ebi.ac.uk/vol1/fastq/DRR127/DRR127537/DRR127537.fastq.gz;ftp.sra.ebi.ac.uk/vol1/fastq/DRR127/DRR127537/DRR127537_1.fastq.gz;ftp.sra.ebi.ac.uk/vol1/fastq/DRR127/DRR127537/DRR127537_2.fastq.gz	45ffe56ee15e5c1d3a41a1c4de4abb64;721472fddf30953069c152789fa83a0e;b353fad75ef1f3d21207d1bbbc56a92c	113046806;2045364647;2185606091		human feces_10353
DRR171596	PRJDB4176	SAMD00164906	DRS091258	SAMD00164906	DRX162208		PAIRED	WGS	METAGENOMIC	ILLUMINA	Illumina HiSeq 2500	24590035	7165911872	ftp.sra.ebi.ac.uk/vol1/fastq/DRR171/DRR171596/DRR171596.fastq.gz;ftp.sra.ebi.ac.uk/vol1/fastq/DRR171/DRR171596/DRR171596_1.fastq.gz;ftp.sra.ebi.ac.uk/vol1/fastq/DRR171/DRR171596/DRR171596_2.fastq.gz	509665822fc05100c57af77f8edc526f;a8a6f40c9d37479f580e14e03d91dc72;6cf2aaa97d86f43c140bc8492ff51ea0	91888061;2439627708;2586104232		human feces_11424
DRR127476	PRJDB4176	SAMD00114722	DRS087519	SAMD00114722	DRX120220		PAIRED	WGS	METAGENOMIC	ILLUMINA	Illumina HiSeq 2500	30430036	8493149732	ftp.sra.ebi.ac.uk/vol1/fastq/DRR127/DRR127476/DRR127476.fastq.gz;ftp.sra.ebi.ac.uk/vol1/fastq/DRR127/DRR127476/DRR127476_1.fastq.gz;ftp.sra.ebi.ac.uk/vol1/fastq/DRR127/DRR127476/DRR127476_2.fastq.gz	2d8318c9b4cadc58af1c31ad52137a27;4e1d982154870da72a931f65d627f922;747e54ef659bc10bd933c609fd750920	243592286;3026192153;3277648990		human feces_10232
DRR127552	PRJDB4176	SAMD00114798	DRS087538	SAMD00114798	DRX120296		PAIRED	WGS	METAGENOMIC	ILLUMINA	Illumina HiSeq 2500	14313471	4020310152	ftp.sra.ebi.ac.uk/vol1/fastq/DRR127/DRR127552/DRR127552.fastq.gz;ftp.sra.ebi.ac.uk/vol1/fastq/DRR127/DRR127552/DRR127552_1.fastq.gz;ftp.sra.ebi.ac.uk/vol1/fastq/DRR127/DRR127552/DRR127552_2.fastq.gz	20a505e3c272d58b8d6e6ccc7d647160;62cfc7720fcb112950632f1c02b7c5ea;fdb10c88fa71992b925307777716d445	74171465;1420371031;1488890394		human feces_10262
DRR127579	PRJDB4176	SAMD00114825	DRS087542	SAMD00114825	DRX120323		PAIRED	WGS	METAGENOMIC	ILLUMINA	Illumina HiSeq 2500	22195003	6262276088	ftp.sra.ebi.ac.uk/vol1/fastq/DRR127/DRR127579/DRR127579.fastq.gz;ftp.sra.ebi.ac.uk/vol1/fastq/DRR127/DRR127579/DRR127579_1.fastq.gz;ftp.sra.ebi.ac.uk/vol1/fastq/DRR127/DRR127579/DRR127579_2.fastq.gz	6fd8c9d4c488ceaa88e25065c3263a7b;2790445c6ee8fc609628c229139d97cb;aca54c93dab60f470df7f48b1cee671e	180400664;2459462086;2596535306		human feces_10513
DRR171597	PRJDB4176	SAMD00164907	DRS091259	SAMD00164907	DRX162209		PAIRED	WGS	METAGENOMIC	ILLUMINA	Illumina HiSeq 2500	25643907	7458956006	ftp.sra.ebi.ac.uk/vol1/fastq/DRR171/DRR171597/DRR171597.fastq.gz;ftp.sra.ebi.ac.uk/vol1/fastq/DRR171/DRR171597/DRR171597_1.fastq.gz;ftp.sra.ebi.ac.uk/vol1/fastq/DRR171/DRR171597/DRR171597_2.fastq.gz	7d9fe2f9ce942026bb32575abb07bde6;454486f8436848a91720e96cdea2f772;c0b4f00d338d08fa4d45e80b9e4ba77d	94729643;2545156147;2701288957		human feces_11428
DRR171603	PRJDB4176	SAMD00164913	DRS091265	SAMD00164913	DRX162215		PAIRED	WGS	METAGENOMIC	ILLUMINA	Illumina HiSeq 2500	24667721	7152132327	ftp.sra.ebi.ac.uk/vol1/fastq/DRR171/DRR171603/DRR171603.fastq.gz;ftp.sra.ebi.ac.uk/vol1/fastq/DRR171/DRR171603/DRR171603_1.fastq.gz;ftp.sra.ebi.ac.uk/vol1/fastq/DRR171/DRR171603/DRR171603_2.fastq.gz	4f85a73401633f2c7f5a71302dad02dc;b267e1097531cec3997a718044ef5c5f;b2829eeb69ea01697f37ce4aac1ce25e	61117982;2442843305;2594636183		human feces_11445
DRR127583	PRJDB4176	SAMD00114829	DRS087544	SAMD00114829	DRX120327		PAIRED	WGS	METAGENOMIC	ILLUMINA	Illumina HiSeq 2500	26054128	7199905782	ftp.sra.ebi.ac.uk/vol1/fastq/DRR127/DRR127583/DRR127583.fastq.gz;ftp.sra.ebi.ac.uk/vol1/fastq/DRR127/DRR127583/DRR127583_1.fastq.gz;ftp.sra.ebi.ac.uk/vol1/fastq/DRR127/DRR127583/DRR127583_2.fastq.gz	2e35dea17b6739c37fe83fce42ee5608;3498305b75b04f9f0c34ae207ed8e5f3;8d62f241a6e918c6210f5fa0d16b75d7	323568145;2817196446;3059769695		human feces_10486
DRR171606	PRJDB4176	SAMD00164916	DRS091268	SAMD00164916	DRX162218		PAIRED	WGS	METAGENOMIC	ILLUMINA	Illumina HiSeq 2500	25038481	7323407852	ftp.sra.ebi.ac.uk/vol1/fastq/DRR171/DRR171606/DRR171606.fastq.gz;ftp.sra.ebi.ac.uk/vol1/fastq/DRR171/DRR171606/DRR171606_1.fastq.gz;ftp.sra.ebi.ac.uk/vol1/fastq/DRR171/DRR171606/DRR171606_2.fastq.gz	4c7ab5da86172e876537c562d6bd2763;11c9c58c92d23f565e1803a32c0e91e9;0f2d4e65e5916f8758f9ae98a43b3268	103856329;2276458753;2371865567		human feces_11450
DRR127647	PRJDB4176	SAMD00114893	DRS087559	SAMD00114893	DRX120391		PAIRED	WGS	METAGENOMIC	ILLUMINA	Illumina HiSeq 2500	18991968	5406527143	ftp.sra.ebi.ac.uk/vol1/fastq/DRR127/DRR127647/DRR127647.fastq.gz;ftp.sra.ebi.ac.uk/vol1/fastq/DRR127/DRR127647/DRR127647_1.fastq.gz;ftp.sra.ebi.ac.uk/vol1/fastq/DRR127/DRR127647/DRR127647_2.fastq.gz	c53644157ff90a4bd95045b721df493a;daa42326763ed2664d4cb59dd46a5fd9;634b9e252399381b7c5afb95d24adeff	99830608;1861765968;1940236946		human feces_10646
DRR171611	PRJDB4176	SAMD00164921	DRS091273	SAMD00164921	DRX162223		PAIRED	WGS	METAGENOMIC	ILLUMINA	Illumina HiSeq 2500	26894549	7821709378	ftp.sra.ebi.ac.uk/vol1/fastq/DRR171/DRR171611/DRR171611.fastq.gz;ftp.sra.ebi.ac.uk/vol1/fastq/DRR171/DRR171611/DRR171611_1.fastq.gz;ftp.sra.ebi.ac.uk/vol1/fastq/DRR171/DRR171611/DRR171611_2.fastq.gz	8e9879ea1147061c8627377c0fe5caa9;67badf4725db8fdcba3a0cf2aa2ff681;e0a4b5fcd71fd2d9ea7c8a30e5ba9552	64226501;2673093810;2832058665		human feces_11457
DRR127669	PRJDB4176	SAMD00114915	DRS087562	SAMD00114915	DRX120413		PAIRED	WGS	METAGENOMIC	ILLUMINA	Illumina HiSeq 2500	13064287	3658139787	ftp.sra.ebi.ac.uk/vol1/fastq/DRR127/DRR127669/DRR127669.fastq.gz;ftp.sra.ebi.ac.uk/vol1/fastq/DRR127/DRR127669/DRR127669_1.fastq.gz;ftp.sra.ebi.ac.uk/vol1/fastq/DRR127/DRR127669/DRR127669_2.fastq.gz	003e271f3949426988504c1f314abd65;ca51d5a51ea420e27dd92113d2b3b211;7444557bfc2679484f98eece1535df60	159624596;1251562175;1334890286		human feces_10761
DRR171612	PRJDB4176	SAMD00164922	DRS091274	SAMD00164922	DRX162224		PAIRED	WGS	METAGENOMIC	ILLUMINA	Illumina HiSeq 2500	27680788	8066594414	ftp.sra.ebi.ac.uk/vol1/fastq/DRR171/DRR171612/DRR171612.fastq.gz;ftp.sra.ebi.ac.uk/vol1/fastq/DRR171/DRR171612/DRR171612_1.fastq.gz;ftp.sra.ebi.ac.uk/vol1/fastq/DRR171/DRR171612/DRR171612_2.fastq.gz	5698ffafb265889d335dbb2f3a2da335;d928f1e77e54b7033826d7ce823d1a3c;27c8434912d53b7e4f5a5e8a16584dc9	85804818;2779823827;2941143807		human feces_11458
DRR127515	PRJDB4176	SAMD00114761	DRS087528	SAMD00114761	DRX120259		PAIRED	WGS	METAGENOMIC	ILLUMINA	Illumina HiSeq 2500	38912178	10773756152	ftp.sra.ebi.ac.uk/vol1/fastq/DRR127/DRR127515/DRR127515.fastq.gz;ftp.sra.ebi.ac.uk/vol1/fastq/DRR127/DRR127515/DRR127515_1.fastq.gz;ftp.sra.ebi.ac.uk/vol1/fastq/DRR127/DRR127515/DRR127515_2.fastq.gz	6f1f1e76d534600585a14e80bf673e59;8acd27f8859702951f886688cbf3f77a;524c381cb305985d18835b638a8c405e	179205493;3640567004;3847560763		human feces_10171
DRR127674	PRJDB4176	SAMD00114920	DRS087564	SAMD00114920	DRX120418		PAIRED	WGS	METAGENOMIC	ILLUMINA	Illumina HiSeq 2500	24595262	6875666831	ftp.sra.ebi.ac.uk/vol1/fastq/DRR127/DRR127674/DRR127674.fastq.gz;ftp.sra.ebi.ac.uk/vol1/fastq/DRR127/DRR127674/DRR127674_1.fastq.gz;ftp.sra.ebi.ac.uk/vol1/fastq/DRR127/DRR127674/DRR127674_2.fastq.gz	34638c4ac469248dd6495569bf540a43;514bc2562115dee2264bb144a50b606a;3b7d6abc6ebe171cf549ff8228fa7fdd	273127151;2607433424;2771891363		human feces_10714
DRR171614	PRJDB4176	SAMD00164924	DRS091276	SAMD00164924	DRX162226		PAIRED	WGS	METAGENOMIC	ILLUMINA	Illumina HiSeq 2500	21765174	6239020589	ftp.sra.ebi.ac.uk/vol1/fastq/DRR171/DRR171614/DRR171614.fastq.gz;ftp.sra.ebi.ac.uk/vol1/fastq/DRR171/DRR171614/DRR171614_1.fastq.gz;ftp.sra.ebi.ac.uk/vol1/fastq/DRR171/DRR171614/DRR171614_2.fastq.gz	3e67ac77ac999469bba1cec0ffb7f127;2138f6f80d0fc0dcba3febcfa646934a;8015b65096abc38590a17bc5e96367da	52710500;2100096588;2216704120		human feces_11461
DRR127517	PRJDB4176	SAMD00114763	DRS087529	SAMD00114763	DRX120261		PAIRED	WGS	METAGENOMIC	ILLUMINA	Illumina HiSeq 2500	30330059	8117330663	ftp.sra.ebi.ac.uk/vol1/fastq/DRR127/DRR127517/DRR127517.fastq.gz;ftp.sra.ebi.ac.uk/vol1/fastq/DRR127/DRR127517/DRR127517_1.fastq.gz;ftp.sra.ebi.ac.uk/vol1/fastq/DRR127/DRR127517/DRR127517_2.fastq.gz	bfdc89dc96018134e27534dc3bf5ed21;0b8b49b7e7bff9058edc722b97956a2b;5fb7c548b85ad5625aaa93c2398dad32	103090135;2793347335;2885793181		human feces_10178
DRR127692	PRJDB4176	SAMD00114938	DRS087567	SAMD00114938	DRX120436		PAIRED	WGS	METAGENOMIC	ILLUMINA	Illumina HiSeq 2500	19089223	5405697464	ftp.sra.ebi.ac.uk/vol1/fastq/DRR127/DRR127692/DRR127692.fastq.gz;ftp.sra.ebi.ac.uk/vol1/fastq/DRR127/DRR127692/DRR127692_1.fastq.gz;ftp.sra.ebi.ac.uk/vol1/fastq/DRR127/DRR127692/DRR127692_2.fastq.gz	b0d2b40d3e95ed0dbd274a5c3c974b3c;d128a79f2709ea9d2a3f1b6a3ca7e073;b4fd5e1893f3ee9f66d4e8d72b6eadd9	184195006;1864402183;1985995702		human feces_10632
DRR171618	PRJDB4176	SAMD00164928	DRS091280	SAMD00164928	DRX162230		PAIRED	WGS	METAGENOMIC	ILLUMINA	Illumina HiSeq 2500	24535096	7145806518	ftp.sra.ebi.ac.uk/vol1/fastq/DRR171/DRR171618/DRR171618.fastq.gz;ftp.sra.ebi.ac.uk/vol1/fastq/DRR171/DRR171618/DRR171618_1.fastq.gz;ftp.sra.ebi.ac.uk/vol1/fastq/DRR171/DRR171618/DRR171618_2.fastq.gz	dbc7a26ae5efde15a33f938659e76b39;986e90bed3b1c306e98c136a9d7956d9;95e86a19857b74d51cee766d07ac24b4	88868618;2458591518;2624892684		human feces_11472
DRR127546	PRJDB4176	SAMD00114792	DRS087537	SAMD00114792	DRX120290		PAIRED	WGS	METAGENOMIC	ILLUMINA	Illumina HiSeq 2500	51687994	14102828544	ftp.sra.ebi.ac.uk/vol1/fastq/DRR127/DRR127546/DRR127546.fastq.gz;ftp.sra.ebi.ac.uk/vol1/fastq/DRR127/DRR127546/DRR127546_1.fastq.gz;ftp.sra.ebi.ac.uk/vol1/fastq/DRR127/DRR127546/DRR127546_2.fastq.gz	620d0a635dda0a4dea2c226f948a36ab;f2a70c763904cb928676a6b75f294f03;0e1962399630bce3d760d84b31e03376	256579830;4830370328;5126301526		human feces_10350
DRR171622	PRJDB4176	SAMD00164932	DRS091284	SAMD00164932	DRX162234		PAIRED	WGS	METAGENOMIC	ILLUMINA	Illumina HiSeq 2500	24340198	7046250567	ftp.sra.ebi.ac.uk/vol1/fastq/DRR171/DRR171622/DRR171622.fastq.gz;ftp.sra.ebi.ac.uk/vol1/fastq/DRR171/DRR171622/DRR171622_1.fastq.gz;ftp.sra.ebi.ac.uk/vol1/fastq/DRR171/DRR171622/DRR171622_2.fastq.gz	d09d9f8c21e8dd0c97aad62d8da8bcc2;ed9ff99eada5730178bed85c59685346;40e3d3a08a803f51a239debefff14000	54613479;2444478991;2593755896		human feces_11478
DRR127707	PRJDB4176	SAMD00114953	DRS087570	SAMD00114953	DRX120451		PAIRED	WGS	METAGENOMIC	ILLUMINA	Illumina HiSeq 2500	31422600	8872142135	ftp.sra.ebi.ac.uk/vol1/fastq/DRR127/DRR127707/DRR127707.fastq.gz;ftp.sra.ebi.ac.uk/vol1/fastq/DRR127/DRR127707/DRR127707_1.fastq.gz;ftp.sra.ebi.ac.uk/vol1/fastq/DRR127/DRR127707/DRR127707_2.fastq.gz	5734a48f05474469037b066ac30da673;c658fff0cb248f907b89b2a200db4d0d;b90894c47688bedc29d0169c533c07fa	307054783;3407552151;3634626527		human feces_10733
DRR127625	PRJDB4176	SAMD00114871	DRS087554	SAMD00114871	DRX120369		PAIRED	WGS	METAGENOMIC	ILLUMINA	Illumina HiSeq 2500	22041824	6257013250	ftp.sra.ebi.ac.uk/vol1/fastq/DRR127/DRR127625/DRR127625.fastq.gz;ftp.sra.ebi.ac.uk/vol1/fastq/DRR127/DRR127625/DRR127625_1.fastq.gz;ftp.sra.ebi.ac.uk/vol1/fastq/DRR127/DRR127625/DRR127625_2.fastq.gz	51776ebe21193595146c44482406870e;6987c8cee4a2c110f9e02c4d9098e2f0;acbf5ded06dc7ed015025c6e64045fe2	187058396;2175552889;2309671051		human feces_10616
DRR171623	PRJDB4176	SAMD00164933	DRS091285	SAMD00164933	DRX162235		PAIRED	WGS	METAGENOMIC	ILLUMINA	Illumina HiSeq 2500	24979028	7251660686	ftp.sra.ebi.ac.uk/vol1/fastq/DRR171/DRR171623/DRR171623.fastq.gz;ftp.sra.ebi.ac.uk/vol1/fastq/DRR171/DRR171623/DRR171623_1.fastq.gz;ftp.sra.ebi.ac.uk/vol1/fastq/DRR171/DRR171623/DRR171623_2.fastq.gz	35da3233777d5a6ecb2985630b89808a;a1b28d37d6be53c590959dc7092e98d7;268959f0e6f7b6ea5b460deef88e83e6	61172003;2514158150;2671416182		human feces_11480
DRR127731	PRJDB4176	SAMD00114977	DRS087578	SAMD00114977	DRX120475		PAIRED	WGS	METAGENOMIC	ILLUMINA	Illumina HiSeq 2500	33465813	9205529542	ftp.sra.ebi.ac.uk/vol1/fastq/DRR127/DRR127731/DRR127731.fastq.gz;ftp.sra.ebi.ac.uk/vol1/fastq/DRR127/DRR127731/DRR127731_1.fastq.gz;ftp.sra.ebi.ac.uk/vol1/fastq/DRR127/DRR127731/DRR127731_2.fastq.gz	b533cc56676ccca43eb3986a66cc5411;96b321c1f76701f002b0363503d5c659;e0e101fb9db0f7748f0dd37b4bf2a6f5	142068570;3098001971;3237520502		human feces_10223
DRR127649	PRJDB4176	SAMD00114895	DRS087560	SAMD00114895	DRX120393		PAIRED	WGS	METAGENOMIC	ILLUMINA	Illumina HiSeq 2500	21040380	5943253116	ftp.sra.ebi.ac.uk/vol1/fastq/DRR127/DRR127649/DRR127649.fastq.gz;ftp.sra.ebi.ac.uk/vol1/fastq/DRR127/DRR127649/DRR127649_1.fastq.gz;ftp.sra.ebi.ac.uk/vol1/fastq/DRR127/DRR127649/DRR127649_2.fastq.gz	cb780fd83a9aedb7e002ce3fbea151db;4ffe6cafabb6d611b94f9ae310379bf3;298fa3eda6bfb329ff2eec4f3412e774	195521422;2032847694;2167810383		human feces_10661
DRR171624	PRJDB4176	SAMD00164934	DRS091286	SAMD00164934	DRX162236		PAIRED	WGS	METAGENOMIC	ILLUMINA	Illumina HiSeq 2500	25780610	7428365046	ftp.sra.ebi.ac.uk/vol1/fastq/DRR171/DRR171624/DRR171624.fastq.gz;ftp.sra.ebi.ac.uk/vol1/fastq/DRR171/DRR171624/DRR171624_1.fastq.gz;ftp.sra.ebi.ac.uk/vol1/fastq/DRR171/DRR171624/DRR171624_2.fastq.gz	00aa717e0d837a59b1b498c894263fb4;4fd826ea8ced47be43634cb5ec49ce9c;f775b324150c4358c830441f356c5caa	51354198;2486970488;2641745493		human feces_11486
DRR127736	PRJDB4176	SAMD00114982	DRS087579	SAMD00114982	DRX120480		PAIRED	WGS	METAGENOMIC	ILLUMINA	Illumina HiSeq 2500	21368445	5979583282	ftp.sra.ebi.ac.uk/vol1/fastq/DRR127/DRR127736/DRR127736.fastq.gz;ftp.sra.ebi.ac.uk/vol1/fastq/DRR127/DRR127736/DRR127736_1.fastq.gz;ftp.sra.ebi.ac.uk/vol1/fastq/DRR127/DRR127736/DRR127736_2.fastq.gz	81f993764f90fa2629d38b52483163ec;dba5c38a1603cc3703c138a1f2b2f122;3372504d97475414e9392e6e97a42d44	92373305;2056699660;2175945307		human feces_10246
DRR171628	PRJDB4176	SAMD00164938	DRS091290	SAMD00164938	DRX162240		PAIRED	WGS	METAGENOMIC	ILLUMINA	Illumina HiSeq 2500	34743471	10036634699	ftp.sra.ebi.ac.uk/vol1/fastq/DRR171/DRR171628/DRR171628.fastq.gz;ftp.sra.ebi.ac.uk/vol1/fastq/DRR171/DRR171628/DRR171628_1.fastq.gz;ftp.sra.ebi.ac.uk/vol1/fastq/DRR171/DRR171628/DRR171628_2.fastq.gz	3cc356c6cf256b2a9a14b2cb0bd698a6;38bfac3bcabccddc033083d5592d7011;ee25acc2a588dd63bc58b79b921f0799	102378827;3450506603;3729101897		human feces_11492
DRR127683	PRJDB4176	SAMD00114929	DRS087565	SAMD00114929	DRX120427		PAIRED	WGS	METAGENOMIC	ILLUMINA	Illumina HiSeq 2500	22367121	6292083222	ftp.sra.ebi.ac.uk/vol1/fastq/DRR127/DRR127683/DRR127683.fastq.gz;ftp.sra.ebi.ac.uk/vol1/fastq/DRR127/DRR127683/DRR127683_1.fastq.gz;ftp.sra.ebi.ac.uk/vol1/fastq/DRR127/DRR127683/DRR127683_2.fastq.gz	a7d6ff2f733b8dbd28093ed2c63acfa6;cbc67861f1d81bb8276409f837211d6d;7662e55375565f855d3f8627920a61b5	239099954;2160728129;2296112886		human feces_10639
DRR127748	PRJDB4176	SAMD00114994	DRS087581	SAMD00114994	DRX120492		PAIRED	WGS	METAGENOMIC	ILLUMINA	Illumina HiSeq 2500	18598478	5205593175	ftp.sra.ebi.ac.uk/vol1/fastq/DRR127/DRR127748/DRR127748.fastq.gz;ftp.sra.ebi.ac.uk/vol1/fastq/DRR127/DRR127748/DRR127748_1.fastq.gz;ftp.sra.ebi.ac.uk/vol1/fastq/DRR127/DRR127748/DRR127748_2.fastq.gz	12ea951aeef238f223456c64189e4849;e2e871eeb459fd3e2c95d2cfb34fa819;b8eee5645ba26f8c6986ab943f68e3d3	155817347;1791103689;1935114605		human feces_10304
DRR171632	PRJDB4176	SAMD00164942	DRS091294	SAMD00164942	DRX162244		PAIRED	WGS	METAGENOMIC	ILLUMINA	Illumina HiSeq 2500	10461718	2963027179	ftp.sra.ebi.ac.uk/vol1/fastq/DRR171/DRR171632/DRR171632.fastq.gz;ftp.sra.ebi.ac.uk/vol1/fastq/DRR171/DRR171632/DRR171632_1.fastq.gz;ftp.sra.ebi.ac.uk/vol1/fastq/DRR171/DRR171632/DRR171632_2.fastq.gz	e2e5209656aea98c8b48a92951086e74;63f7833d73ba14c494c6b996c42fd156;8c166e163fa5a20b943803c05151b1f6	15217530;1012079991;1048656485		human feces_11502
DRR127700	PRJDB4176	SAMD00114946	DRS087568	SAMD00114946	DRX120444		PAIRED	WGS	METAGENOMIC	ILLUMINA	Illumina HiSeq 2500	16685322	4707908266	ftp.sra.ebi.ac.uk/vol1/fastq/DRR127/DRR127700/DRR127700.fastq.gz;ftp.sra.ebi.ac.uk/vol1/fastq/DRR127/DRR127700/DRR127700_1.fastq.gz;ftp.sra.ebi.ac.uk/vol1/fastq/DRR127/DRR127700/DRR127700_2.fastq.gz	eca5881196d9c9c2579df411f5c8b11b;0c2217aba4bb4e4f3083d33bb864b22a;0c466586ce2674a3e99b16a6876358f7	158167489;1509461958;1675584203		human feces_10754
DRR127755	PRJDB4176	SAMD00115001	DRS087585	SAMD00115001	DRX120499		PAIRED	WGS	METAGENOMIC	ILLUMINA	Illumina HiSeq 2500	22682254	6290180311	ftp.sra.ebi.ac.uk/vol1/fastq/DRR127/DRR127755/DRR127755.fastq.gz;ftp.sra.ebi.ac.uk/vol1/fastq/DRR127/DRR127755/DRR127755_1.fastq.gz;ftp.sra.ebi.ac.uk/vol1/fastq/DRR127/DRR127755/DRR127755_2.fastq.gz	d4908a8dd2f92276e1428d315dc07b2e;fa9c55d3f4bba6d4bf110d244b9d29cb;db1fa86c43ce831bbb3bd2b24ba0310a	122422487;2198841183;2299587798		human feces_10320
DRR171635	PRJDB4176	SAMD00164945	DRS091297	SAMD00164945	DRX162247		PAIRED	WGS	METAGENOMIC	ILLUMINA	Illumina HiSeq 2500	28261026	8184277314	ftp.sra.ebi.ac.uk/vol1/fastq/DRR171/DRR171635/DRR171635.fastq.gz;ftp.sra.ebi.ac.uk/vol1/fastq/DRR171/DRR171635/DRR171635_1.fastq.gz;ftp.sra.ebi.ac.uk/vol1/fastq/DRR171/DRR171635/DRR171635_2.fastq.gz	f2e3b0b502d831181b523120ff230f47;7986b644d0f9a85572485842855c717b;12dd8048bb5585c541e5b27bd94774f2	77838840;2796211513;2942414048		human feces_11511
DRR127704	PRJDB4176	SAMD00114950	DRS087569	SAMD00114950	DRX120448		PAIRED	WGS	METAGENOMIC	ILLUMINA	Illumina HiSeq 2500	21765798	6123261856	ftp.sra.ebi.ac.uk/vol1/fastq/DRR127/DRR127704/DRR127704.fastq.gz;ftp.sra.ebi.ac.uk/vol1/fastq/DRR127/DRR127704/DRR127704_1.fastq.gz;ftp.sra.ebi.ac.uk/vol1/fastq/DRR127/DRR127704/DRR127704_2.fastq.gz	8dac9677bd331776dff2fbee255620ac;975ae91e5a04e8ad9febf476b68544fe;c00584791e97d8829869eb3afdfd8249	243217948;2295476268;2445076764		human feces_10716
DRR127767	PRJDB4176	SAMD00115013	DRS087589	SAMD00115013	DRX120511		PAIRED	WGS	METAGENOMIC	ILLUMINA	Illumina HiSeq 2500	24224902	6810437048	ftp.sra.ebi.ac.uk/vol1/fastq/DRR127/DRR127767/DRR127767.fastq.gz;ftp.sra.ebi.ac.uk/vol1/fastq/DRR127/DRR127767/DRR127767_1.fastq.gz;ftp.sra.ebi.ac.uk/vol1/fastq/DRR127/DRR127767/DRR127767_2.fastq.gz	d62c3916e12d698869e2b6f01ff73cb6;5de009d6184c26cd3a9d048fdc1e75e3;90046724000abc34ae4892fca67a7a7d	144545977;2417672711;2572852241		human feces_10380
DRR171654	PRJDB4176	SAMD00164964	DRS091316	SAMD00164964	DRX162266		PAIRED	WGS	METAGENOMIC	ILLUMINA	Illumina HiSeq 2500	18754459	5426328837	ftp.sra.ebi.ac.uk/vol1/fastq/DRR171/DRR171654/DRR171654.fastq.gz;ftp.sra.ebi.ac.uk/vol1/fastq/DRR171/DRR171654/DRR171654_1.fastq.gz;ftp.sra.ebi.ac.uk/vol1/fastq/DRR171/DRR171654/DRR171654_2.fastq.gz	b76a7779bdd27baf2a8d45637eada752;37bbd51a4a4ec39425d7514622908601;03f37020d3131b4f17471623b24f7cc3	61301537;1669760114;1752019859		human feces_11720
DRR127720	PRJDB4176	SAMD00114966	DRS087574	SAMD00114966	DRX120464		PAIRED	WGS	METAGENOMIC	ILLUMINA	Illumina HiSeq 2500	26447544	7300452343	ftp.sra.ebi.ac.uk/vol1/fastq/DRR127/DRR127720/DRR127720.fastq.gz;ftp.sra.ebi.ac.uk/vol1/fastq/DRR127/DRR127720/DRR127720_1.fastq.gz;ftp.sra.ebi.ac.uk/vol1/fastq/DRR127/DRR127720/DRR127720_2.fastq.gz	42704d032c11084e7e2929337f6f98be;3b2d247d4d6ab912023ce001f241be07;1ecefd076a96b4bfcbb63f6698119a3a	335748964;2886108465;3012330424		human feces_10847
DRR171660	PRJDB4176	SAMD00164970	DRS091322	SAMD00164970	DRX162272		PAIRED	WGS	METAGENOMIC	ILLUMINA	Illumina HiSeq 2500	17266283	4933931784	ftp.sra.ebi.ac.uk/vol1/fastq/DRR171/DRR171660/DRR171660.fastq.gz;ftp.sra.ebi.ac.uk/vol1/fastq/DRR171/DRR171660/DRR171660_1.fastq.gz;ftp.sra.ebi.ac.uk/vol1/fastq/DRR171/DRR171660/DRR171660_2.fastq.gz	db37e17e8d949390a7d1548bded3e790;5e327e7133adf7d3b4c9083bbdac4d76;e0579498c4379f9db641242284ae40f6	66504760;1614980169;1732580143		human feces_11819
DRR171461	PRJDB4176	SAMD00164696	DRS091123	SAMD00164696	DRX162073		PAIRED	WGS	METAGENOMIC	ILLUMINA	Illumina HiSeq 2500	22870138	6565372393	ftp.sra.ebi.ac.uk/vol1/fastq/DRR171/DRR171461/DRR171461.fastq.gz;ftp.sra.ebi.ac.uk/vol1/fastq/DRR171/DRR171461/DRR171461_1.fastq.gz;ftp.sra.ebi.ac.uk/vol1/fastq/DRR171/DRR171461/DRR171461_2.fastq.gz	1611f26df49b896ba9d2707b2010f767;409eb2e5352feb79955ad2246b6fd234;dfe9d615d6fdcfc2c7262801b181e3d9	74577103;1973972066;2129640503		human feces_10030.1
DRR171671	PRJDB4176	SAMD00164981	DRS091333	SAMD00164981	DRX162283		PAIRED	WGS	METAGENOMIC	ILLUMINA	Illumina HiSeq 2500	28235517	8236609829	ftp.sra.ebi.ac.uk/vol1/fastq/DRR171/DRR171671/DRR171671.fastq.gz;ftp.sra.ebi.ac.uk/vol1/fastq/DRR171/DRR171671/DRR171671_1.fastq.gz;ftp.sra.ebi.ac.uk/vol1/fastq/DRR171/DRR171671/DRR171671_2.fastq.gz	86e40a5032a04322f2ea448d4d17f191;c4162c91d2512bf2b8f1a7b94c29615d;ad7fe8b83bd706d76eaaee454517759c	92753169;2902416853;3027132605		human feces_11851
DRR127737	PRJDB4176	SAMD00114983	DRS087580	SAMD00114983	DRX120481		PAIRED	WGS	METAGENOMIC	ILLUMINA	Illumina HiSeq 2500	32966349	9151356780	ftp.sra.ebi.ac.uk/vol1/fastq/DRR127/DRR127737/DRR127737.fastq.gz;ftp.sra.ebi.ac.uk/vol1/fastq/DRR127/DRR127737/DRR127737_1.fastq.gz;ftp.sra.ebi.ac.uk/vol1/fastq/DRR127/DRR127737/DRR127737_2.fastq.gz	f328e4486bdaf3461048e4239cb191f5;8b53a697c909572aa2ee6934e0bbff07;965482bc9c37be56286a7234ab66f7ec	134822970;3149431842;3303288733		human feces_10234
DRR171674	PRJDB4176	SAMD00164984	DRS091336	SAMD00164984	DRX162286		PAIRED	WGS	METAGENOMIC	ILLUMINA	Illumina HiSeq 2500	23930398	6978267986	ftp.sra.ebi.ac.uk/vol1/fastq/DRR171/DRR171674/DRR171674.fastq.gz;ftp.sra.ebi.ac.uk/vol1/fastq/DRR171/DRR171674/DRR171674_1.fastq.gz;ftp.sra.ebi.ac.uk/vol1/fastq/DRR171/DRR171674/DRR171674_2.fastq.gz	e5a9911c8c1da8dca667e435c244ead1;fbdbde5e8f47bcd6786361bd41e276f4;20a90ea373d61d998c5bc55ae994432d	136441659;2254800312;2399387391		human feces_11879
DRR171479	PRJDB4176	SAMD00164758	DRS091141	SAMD00164758	DRX162091		PAIRED	WGS	METAGENOMIC	ILLUMINA	Illumina HiSeq 2500	16879110	4686202155	ftp.sra.ebi.ac.uk/vol1/fastq/DRR171/DRR171479/DRR171479.fastq.gz;ftp.sra.ebi.ac.uk/vol1/fastq/DRR171/DRR171479/DRR171479_1.fastq.gz;ftp.sra.ebi.ac.uk/vol1/fastq/DRR171/DRR171479/DRR171479_2.fastq.gz	21602134a5d893e6909bd8ff685bc3e7;eb3af2e8d6604b0373d184fb38e1808f;176942c1f455f1b7d34d33776ebaaa88	185763326;1849715744;1950297418		human feces_10512
DRR127751	PRJDB4176	SAMD00114997	DRS087582	SAMD00114997	DRX120495		PAIRED	WGS	METAGENOMIC	ILLUMINA	Illumina HiSeq 2500	28308533	7918737006	ftp.sra.ebi.ac.uk/vol1/fastq/DRR127/DRR127751/DRR127751.fastq.gz;ftp.sra.ebi.ac.uk/vol1/fastq/DRR127/DRR127751/DRR127751_1.fastq.gz;ftp.sra.ebi.ac.uk/vol1/fastq/DRR127/DRR127751/DRR127751_2.fastq.gz	e04f61da00d9b284a7543ccb372196ca;ee2e66efd483666db5fef445b48800cc;d68207e7233e60a67693c64902a5a2ed	161096969;2696012421;2883265448		human feces_10080
DRR171685	PRJDB4176	SAMD00164995	DRS091347	SAMD00164995	DRX162297		PAIRED	WGS	METAGENOMIC	ILLUMINA	Illumina HiSeq 2500	21664224	6341795782	ftp.sra.ebi.ac.uk/vol1/fastq/DRR171/DRR171685/DRR171685.fastq.gz;ftp.sra.ebi.ac.uk/vol1/fastq/DRR171/DRR171685/DRR171685_1.fastq.gz;ftp.sra.ebi.ac.uk/vol1/fastq/DRR171/DRR171685/DRR171685_2.fastq.gz	43329ae4f4036a4fbb5abd3504ccea0d;9a0e78c4c4395642939fa077c8dde70a;f74330880fceb5f099bfe5c007cf0e46	97054499;2064426914;2186544721		human feces_11922
DRR171484	PRJDB4176	SAMD00164769	DRS091146	SAMD00164769	DRX162096		PAIRED	WGS	METAGENOMIC	ILLUMINA	Illumina HiSeq 2500	24301351	6930592546	ftp.sra.ebi.ac.uk/vol1/fastq/DRR171/DRR171484/DRR171484.fastq.gz;ftp.sra.ebi.ac.uk/vol1/fastq/DRR171/DRR171484/DRR171484_1.fastq.gz;ftp.sra.ebi.ac.uk/vol1/fastq/DRR171/DRR171484/DRR171484_2.fastq.gz	02882cc9f571a6d2916628c17f45c1bc;750edac880c52d068a7875469ed0d907;1ced71fd37eaa78b67d859b1ce317c51	168182180;2721844960;2829283238		human feces_10568
DRR171689	PRJDB4176	SAMD00164999	DRS091351	SAMD00164999	DRX162301		PAIRED	WGS	METAGENOMIC	ILLUMINA	Illumina HiSeq 2500	15642978	4464123425	ftp.sra.ebi.ac.uk/vol1/fastq/DRR171/DRR171689/DRR171689.fastq.gz;ftp.sra.ebi.ac.uk/vol1/fastq/DRR171/DRR171689/DRR171689_1.fastq.gz;ftp.sra.ebi.ac.uk/vol1/fastq/DRR171/DRR171689/DRR171689_2.fastq.gz	dffdde60fc67eb95a67fcc16752ea521;23455034c67b53831fff8b34a00bf3e8;d65f5eb57bd5d0c446191d2263dd92b5	30603431;1359915177;1423347648		human feces_11942
DRR127762	PRJDB4176	SAMD00115008	DRS087587	SAMD00115008	DRX120506		PAIRED	WGS	METAGENOMIC	ILLUMINA	Illumina HiSeq 2500	26911348	7457652606	ftp.sra.ebi.ac.uk/vol1/fastq/DRR127/DRR127762/DRR127762.fastq.gz;ftp.sra.ebi.ac.uk/vol1/fastq/DRR127/DRR127762/DRR127762_1.fastq.gz;ftp.sra.ebi.ac.uk/vol1/fastq/DRR127/DRR127762/DRR127762_2.fastq.gz	110919effc5b9c4ea265ca407b672d4b;3635b555148167977d325b1acd319862;91b66eb5a9a1c1a9bd99604b8e97a004	108698819;2625629595;2708203306		human feces_10356
DRR171489	PRJDB4176	SAMD00164776	DRS091151	SAMD00164776	DRX162101		PAIRED	WGS	METAGENOMIC	ILLUMINA	Illumina HiSeq 2500	18892314	5395716630	ftp.sra.ebi.ac.uk/vol1/fastq/DRR171/DRR171489/DRR171489.fastq.gz;ftp.sra.ebi.ac.uk/vol1/fastq/DRR171/DRR171489/DRR171489_1.fastq.gz;ftp.sra.ebi.ac.uk/vol1/fastq/DRR171/DRR171489/DRR171489_2.fastq.gz	13991521133a3ea539244c34c20b13e6;e9f373d1b24ec87bba764f33cf62cb33;99874d948f8fcbbae8f0767757b11fbe	126169043;1867409778;1960718754		human feces_10595
DRR171691	PRJDB4176	SAMD00165001	DRS091353	SAMD00165001	DRX162303		PAIRED	WGS	METAGENOMIC	ILLUMINA	Illumina HiSeq 2500	26282728	7705977522	ftp.sra.ebi.ac.uk/vol1/fastq/DRR171/DRR171691/DRR171691.fastq.gz;ftp.sra.ebi.ac.uk/vol1/fastq/DRR171/DRR171691/DRR171691_1.fastq.gz;ftp.sra.ebi.ac.uk/vol1/fastq/DRR171/DRR171691/DRR171691_2.fastq.gz	21030c8fb3443add672dba1921ebea46;6be5e71470c4fbff109c78fea605ba10;7ddc6b6f28ab253caf56f03f06710fe9	93666314;2406688229;2500486667		human feces_11955
DRR171491	PRJDB4176	SAMD00164778	DRS091153	SAMD00164778	DRX162103		PAIRED	WGS	METAGENOMIC	ILLUMINA	Illumina HiSeq 2500	19928206	5693874473	ftp.sra.ebi.ac.uk/vol1/fastq/DRR171/DRR171491/DRR171491.fastq.gz;ftp.sra.ebi.ac.uk/vol1/fastq/DRR171/DRR171491/DRR171491_1.fastq.gz;ftp.sra.ebi.ac.uk/vol1/fastq/DRR171/DRR171491/DRR171491_2.fastq.gz	7b56e5d0f99d133531c7ff624dd9fae9;b3cddb2c74fba164a08576db728c14d6;dd934444ab6391b0df96653057ced489	136063905;1967812735;2062527179		human feces_10596
DRR171692	PRJDB4176	SAMD00165002	DRS091354	SAMD00165002	DRX162304		PAIRED	WGS	METAGENOMIC	ILLUMINA	Illumina HiSeq 2500	23896803	6977630432	ftp.sra.ebi.ac.uk/vol1/fastq/DRR171/DRR171692/DRR171692.fastq.gz;ftp.sra.ebi.ac.uk/vol1/fastq/DRR171/DRR171692/DRR171692_1.fastq.gz;ftp.sra.ebi.ac.uk/vol1/fastq/DRR171/DRR171692/DRR171692_2.fastq.gz	fd2f75ebc551d3a17596610a9a6ef485;9a7aab0d3973a7483069ac9584ce2131;89a575d889df0bed2abcfb50b6e83ffb	96575604;2247580987;2369083565		human feces_11956
DRR171699	PRJDB4176	SAMD00165009	DRS091361	SAMD00165009	DRX162311		PAIRED	WGS	METAGENOMIC	ILLUMINA	Illumina HiSeq 2500	29861706	8654657830	ftp.sra.ebi.ac.uk/vol1/fastq/DRR171/DRR171699/DRR171699.fastq.gz;ftp.sra.ebi.ac.uk/vol1/fastq/DRR171/DRR171699/DRR171699_1.fastq.gz;ftp.sra.ebi.ac.uk/vol1/fastq/DRR171/DRR171699/DRR171699_2.fastq.gz	9fc40212c24e5ec799865c4e5d15071f;4b487b2aebae1123fe5db4995248acd0;5cf548affa676dd2cd29db8818590dde	96376681;2927938449;3107259909		human feces_11993
DRR171496	PRJDB4176	SAMD00164801	DRS091158	SAMD00164801	DRX162108		PAIRED	WGS	METAGENOMIC	ILLUMINA	Illumina HiSeq 2500	31374958	9179272238	ftp.sra.ebi.ac.uk/vol1/fastq/DRR171/DRR171496/DRR171496.fastq.gz;ftp.sra.ebi.ac.uk/vol1/fastq/DRR171/DRR171496/DRR171496_1.fastq.gz;ftp.sra.ebi.ac.uk/vol1/fastq/DRR171/DRR171496/DRR171496_2.fastq.gz	6e9daa176ae2f338356996f4b6981adf;e607391f14cf5f0fc2d98e32ab3745d4;8c2321260fd1a69b13935f43786ab9fe	106665910;2931688978;3007050461		human feces_10780
DRR171709	PRJDB4176	SAMD00165019	DRS091371	SAMD00165019	DRX162321		PAIRED	WGS	METAGENOMIC	ILLUMINA	Illumina HiSeq 2500	20407156	5932339322	ftp.sra.ebi.ac.uk/vol1/fastq/DRR171/DRR171709/DRR171709.fastq.gz;ftp.sra.ebi.ac.uk/vol1/fastq/DRR171/DRR171709/DRR171709_1.fastq.gz;ftp.sra.ebi.ac.uk/vol1/fastq/DRR171/DRR171709/DRR171709_2.fastq.gz	543e440c2ee63ceb191d93048af2d52e;b234190baa82a5dd3ef851b861fefc87;8ca58f7a7e266e4835fb6bcbbd1e1273	97597507;1957134724;2144427813		human feces_12025
DRR171498	PRJDB4176	SAMD00164804	DRS091160	SAMD00164804	DRX162110		PAIRED	WGS	METAGENOMIC	ILLUMINA	Illumina HiSeq 2500	22108007	6105436977	ftp.sra.ebi.ac.uk/vol1/fastq/DRR171/DRR171498/DRR171498.fastq.gz;ftp.sra.ebi.ac.uk/vol1/fastq/DRR171/DRR171498/DRR171498_1.fastq.gz;ftp.sra.ebi.ac.uk/vol1/fastq/DRR171/DRR171498/DRR171498_2.fastq.gz	f700572549710994ad07bb4d96ac0ae8;9d8fb6afac8e27fa808136bcae281ed6;af233e2e835d1e3141cbfb368a6a334b	52883862;2112983447;2217096582		human feces_10793
DRR171722	PRJDB4176	SAMD00165032	DRS091384	SAMD00165032	DRX162334		PAIRED	WGS	METAGENOMIC	ILLUMINA	Illumina HiSeq 2500	20278324	5864846452	ftp.sra.ebi.ac.uk/vol1/fastq/DRR171/DRR171722/DRR171722.fastq.gz;ftp.sra.ebi.ac.uk/vol1/fastq/DRR171/DRR171722/DRR171722_1.fastq.gz;ftp.sra.ebi.ac.uk/vol1/fastq/DRR171/DRR171722/DRR171722_2.fastq.gz	47a75abadafccaa9bdb6574fd973a013;d45675eb7054ef02d65b1cfde36a9ec3;a02d5de5d57eb8ca881ca20fb1b6c082	76512360;1926636936;2059199027		human feces_12389
DRR171516	PRJDB4176	SAMD00164826	DRS091178	SAMD00164826	DRX162128		PAIRED	WGS	METAGENOMIC	ILLUMINA	Illumina HiSeq 2500	10332935	3017475505	ftp.sra.ebi.ac.uk/vol1/fastq/DRR171/DRR171516/DRR171516.fastq.gz;ftp.sra.ebi.ac.uk/vol1/fastq/DRR171/DRR171516/DRR171516_1.fastq.gz;ftp.sra.ebi.ac.uk/vol1/fastq/DRR171/DRR171516/DRR171516_2.fastq.gz	198ec1789caea16ab7dd57fbdb11e9a8;1e89a7c795183aa91b6d30a7fd8f1e69;65c33dbcd7ca76ada87e93e43fc1a81f	19440522;800891686;859043476		human feces_10911
DRR171733	PRJDB4176	SAMD00114730	DRS090832	SAMD00114730	DRX162345		PAIRED	WGS	METAGENOMIC	ILLUMINA	Illumina HiSeq 2500	36249522	9906889960	ftp.sra.ebi.ac.uk/vol1/fastq/DRR171/DRR171733/DRR171733.fastq.gz;ftp.sra.ebi.ac.uk/vol1/fastq/DRR171/DRR171733/DRR171733_1.fastq.gz;ftp.sra.ebi.ac.uk/vol1/fastq/DRR171/DRR171733/DRR171733_2.fastq.gz	dedfd34a3bd1058c2148a110606dbc0b;4e2b48f07d0adb99feeef87164b8bbe7;d10e178d27a25d9a35f5e2dce98fd424	157107418;3421864520;3609564184		human feces_10318
DRR171529	PRJDB4176	SAMD00164839	DRS091191	SAMD00164839	DRX162141		PAIRED	WGS	METAGENOMIC	ILLUMINA	Illumina HiSeq 2500	25117271	7298910575	ftp.sra.ebi.ac.uk/vol1/fastq/DRR171/DRR171529/DRR171529.fastq.gz;ftp.sra.ebi.ac.uk/vol1/fastq/DRR171/DRR171529/DRR171529_1.fastq.gz;ftp.sra.ebi.ac.uk/vol1/fastq/DRR171/DRR171529/DRR171529_2.fastq.gz	8779891839b1f77fdeb8ee014ea98e19;64cd48210564cceb9a9d7fd2f2b191f3;4382e872dbf179d4aa9d63dff3517955	61163501;2446576570;2617021637		human feces_10989
DRR171754	PRJDB4176	SAMD00114756	DRS090853	SAMD00114756	DRX162366		PAIRED	WGS	METAGENOMIC	ILLUMINA	Illumina HiSeq 2500	34500070	9472076635	ftp.sra.ebi.ac.uk/vol1/fastq/DRR171/DRR171754/DRR171754.fastq.gz;ftp.sra.ebi.ac.uk/vol1/fastq/DRR171/DRR171754/DRR171754_1.fastq.gz;ftp.sra.ebi.ac.uk/vol1/fastq/DRR171/DRR171754/DRR171754_2.fastq.gz	0181dc6b37b862ce364fcabb8cf27b3a;82393633de985c40b5dc70a1f9948ed6;9dad1abf3b8f2f6c9e4992b13253bc7a	118607592;3220129132;3377929755		human feces_10193
DRR171530	PRJDB4176	SAMD00164840	DRS091192	SAMD00164840	DRX162142		PAIRED	WGS	METAGENOMIC	ILLUMINA	Illumina HiSeq 2500	12798456	3716061922	ftp.sra.ebi.ac.uk/vol1/fastq/DRR171/DRR171530/DRR171530.fastq.gz;ftp.sra.ebi.ac.uk/vol1/fastq/DRR171/DRR171530/DRR171530_1.fastq.gz;ftp.sra.ebi.ac.uk/vol1/fastq/DRR171/DRR171530/DRR171530_2.fastq.gz	28d36097fdbaf6fd904919ab8fef084c;4826e7cb2a60ec62da7cf868fd2d04a5;fef831f72024de5a94ae0f91c55448c6	35675952;1065617095;1143176602		human feces_10990
DRR171755	PRJDB4176	SAMD00114757	DRS090854	SAMD00114757	DRX162367		PAIRED	WGS	METAGENOMIC	ILLUMINA	Illumina HiSeq 2500	33068638	9107386679	ftp.sra.ebi.ac.uk/vol1/fastq/DRR171/DRR171755/DRR171755.fastq.gz;ftp.sra.ebi.ac.uk/vol1/fastq/DRR171/DRR171755/DRR171755_1.fastq.gz;ftp.sra.ebi.ac.uk/vol1/fastq/DRR171/DRR171755/DRR171755_2.fastq.gz	049fd2be60fd97354290ab441aaa962a;90d2262db3ec44405835575d4b24f27e;811121d6f56563683a306df01dd5c00b	128603131;3100461546;3242345496		human feces_10158
DRR171533	PRJDB4176	SAMD00164843	DRS091195	SAMD00164843	DRX162145		PAIRED	WGS	METAGENOMIC	ILLUMINA	Illumina HiSeq 2500	5169193	1499282832	ftp.sra.ebi.ac.uk/vol1/fastq/DRR171/DRR171533/DRR171533.fastq.gz;ftp.sra.ebi.ac.uk/vol1/fastq/DRR171/DRR171533/DRR171533_1.fastq.gz;ftp.sra.ebi.ac.uk/vol1/fastq/DRR171/DRR171533/DRR171533_2.fastq.gz	d6c395e5c5f12ec0d9568e435121e5f1;38d1cc4d2129e40d47df9a0f32d3d8b2;773e00141fc416b7348c04ee284e75fa	17146118;484511107;504845242		human feces_11008
DRR171756	PRJDB4176	SAMD00114758	DRS090855	SAMD00114758	DRX162368		PAIRED	WGS	METAGENOMIC	ILLUMINA	Illumina HiSeq 2500	33860115	9284234796	ftp.sra.ebi.ac.uk/vol1/fastq/DRR171/DRR171756/DRR171756.fastq.gz;ftp.sra.ebi.ac.uk/vol1/fastq/DRR171/DRR171756/DRR171756_1.fastq.gz;ftp.sra.ebi.ac.uk/vol1/fastq/DRR171/DRR171756/DRR171756_2.fastq.gz	04107d69c693ab5ad2a66f21c8fd181a;6826be0d82b0f4e49a288f14fe1a93c6;6d8cad793fbd9e97cc1bd4dda2ac8fa8	168482567;3159181055;3348103162		human feces_10161
DRR171760	PRJDB4176	SAMD00114766	DRS090859	SAMD00114766	DRX162372		PAIRED	WGS	METAGENOMIC	ILLUMINA	Illumina HiSeq 2500	20078669	5692912212	ftp.sra.ebi.ac.uk/vol1/fastq/DRR171/DRR171760/DRR171760.fastq.gz;ftp.sra.ebi.ac.uk/vol1/fastq/DRR171/DRR171760/DRR171760_1.fastq.gz;ftp.sra.ebi.ac.uk/vol1/fastq/DRR171/DRR171760/DRR171760_2.fastq.gz	f2d2fc78e955b469865fb134615e317d;08e8397bf56d4690cb2e272b1473b2a8;2d2a22473fdbc875757045022822396f	112654179;1861368766;1986546075		human feces_10199
DRR171537	PRJDB4176	SAMD00164847	DRS091199	SAMD00164847	DRX162149		PAIRED	WGS	METAGENOMIC	ILLUMINA	Illumina HiSeq 2500	25914840	7531530757	ftp.sra.ebi.ac.uk/vol1/fastq/DRR171/DRR171537/DRR171537.fastq.gz;ftp.sra.ebi.ac.uk/vol1/fastq/DRR171/DRR171537/DRR171537_1.fastq.gz;ftp.sra.ebi.ac.uk/vol1/fastq/DRR171/DRR171537/DRR171537_2.fastq.gz	be5926e64a71267f02052a5e57e05ba7;9a65fac2a8c5baf218935a85b4f5595d;d48786bda6df0d05a69c07b25634766c	64803975;2513572595;2721453670		human feces_11030
DRR171762	PRJDB4176	SAMD00114769	DRS090861	SAMD00114769	DRX162374		PAIRED	WGS	METAGENOMIC	ILLUMINA	Illumina HiSeq 2500	28443110	8018904165	ftp.sra.ebi.ac.uk/vol1/fastq/DRR171/DRR171762/DRR171762.fastq.gz;ftp.sra.ebi.ac.uk/vol1/fastq/DRR171/DRR171762/DRR171762_1.fastq.gz;ftp.sra.ebi.ac.uk/vol1/fastq/DRR171/DRR171762/DRR171762_2.fastq.gz	ae39877e775d1016c63f58a893f1a0d3;ab99089d8c650e50745c8549b6140180;b8376991d68cee86069139c38da57c8d	143751375;2623312149;2777238742		human feces_10206
DRR171538	PRJDB4176	SAMD00164848	DRS091200	SAMD00164848	DRX162150		PAIRED	WGS	METAGENOMIC	ILLUMINA	Illumina HiSeq 2500	24466340	7032760830	ftp.sra.ebi.ac.uk/vol1/fastq/DRR171/DRR171538/DRR171538.fastq.gz;ftp.sra.ebi.ac.uk/vol1/fastq/DRR171/DRR171538/DRR171538_1.fastq.gz;ftp.sra.ebi.ac.uk/vol1/fastq/DRR171/DRR171538/DRR171538_2.fastq.gz	40925689835b6ce6deade6908393c00a;b5a24fb6f96bbacf9b2bb6add1408a68;cd9c45fd4994762830f400504b1db09d	45541010;2018797074;2126252601		human feces_11031
DRR171764	PRJDB4176	SAMD00114772	DRS090863	SAMD00114772	DRX162376		PAIRED	WGS	METAGENOMIC	ILLUMINA	Illumina HiSeq 2500	20933776	5872086283	ftp.sra.ebi.ac.uk/vol1/fastq/DRR171/DRR171764/DRR171764.fastq.gz;ftp.sra.ebi.ac.uk/vol1/fastq/DRR171/DRR171764/DRR171764_1.fastq.gz;ftp.sra.ebi.ac.uk/vol1/fastq/DRR171/DRR171764/DRR171764_2.fastq.gz	2e905aa126f624c0f9f32d78f9ffb567;11217ff93aa0eb9209fcb61f8fef8c76;5f6083c10568a38d1e40a2e15f7cb2d3	108163682;1928135226;2034155161		human feces_10213
DRR171544	PRJDB4176	SAMD00164854	DRS091206	SAMD00164854	DRX162156		PAIRED	WGS	METAGENOMIC	ILLUMINA	Illumina HiSeq 2500	20618899	5987405164	ftp.sra.ebi.ac.uk/vol1/fastq/DRR171/DRR171544/DRR171544.fastq.gz;ftp.sra.ebi.ac.uk/vol1/fastq/DRR171/DRR171544/DRR171544_1.fastq.gz;ftp.sra.ebi.ac.uk/vol1/fastq/DRR171/DRR171544/DRR171544_2.fastq.gz	a6212c886a74400913641f6da25140a8;52a5401a7359dd68c08711977c915f4a;9d10d0fe0a072c5b0a8e5e8785121407	51907068;1992494696;2046880766		human feces_11054
DRR171775	PRJDB4176	SAMD00114787	DRS090874	SAMD00114787	DRX162387		PAIRED	WGS	METAGENOMIC	ILLUMINA	Illumina HiSeq 2500	29543402	7903988297	ftp.sra.ebi.ac.uk/vol1/fastq/DRR171/DRR171775/DRR171775.fastq.gz;ftp.sra.ebi.ac.uk/vol1/fastq/DRR171/DRR171775/DRR171775_1.fastq.gz;ftp.sra.ebi.ac.uk/vol1/fastq/DRR171/DRR171775/DRR171775_2.fastq.gz	8d546bf1888b85546b7de0a5b851e94f;465515150b18c90cf426a5758af021e0;f9defea84ae03a28cf6857e968dc573b	120233309;2742229070;2879817634		human feces_10336
DRR171546	PRJDB4176	SAMD00164856	DRS091208	SAMD00164856	DRX162158		PAIRED	WGS	METAGENOMIC	ILLUMINA	Illumina HiSeq 2500	27581833	7868107290	ftp.sra.ebi.ac.uk/vol1/fastq/DRR171/DRR171546/DRR171546.fastq.gz;ftp.sra.ebi.ac.uk/vol1/fastq/DRR171/DRR171546/DRR171546_1.fastq.gz;ftp.sra.ebi.ac.uk/vol1/fastq/DRR171/DRR171546/DRR171546_2.fastq.gz	d69970f71d6ed52a4678c41e5eb56fd4;9162601d6df0bd859c1d4886f49e6d36;195cc38864d21f499c2fac39c4f9d5a1	62205664;2313656614;2419158614		human feces_11062
DRR171782	PRJDB4176	SAMD00114795	DRS090881	SAMD00114795	DRX162394		PAIRED	WGS	METAGENOMIC	ILLUMINA	Illumina HiSeq 2500	25664739	7305782573	ftp.sra.ebi.ac.uk/vol1/fastq/DRR171/DRR171782/DRR171782.fastq.gz;ftp.sra.ebi.ac.uk/vol1/fastq/DRR171/DRR171782/DRR171782_1.fastq.gz;ftp.sra.ebi.ac.uk/vol1/fastq/DRR171/DRR171782/DRR171782_2.fastq.gz	90b327a9b226ba21eed453e59fa6a61a;eb83d16b00a7a7f3ee6bd8711aec4e99;2edb83d3a2852665d1fcac07acb91b12	181625448;2566875778;2755873907		human feces_10250
DRR171784	PRJDB4176	SAMD00114797	DRS090883	SAMD00114797	DRX162396		PAIRED	WGS	METAGENOMIC	ILLUMINA	Illumina HiSeq 2500	39532047	10857791686	ftp.sra.ebi.ac.uk/vol1/fastq/DRR171/DRR171784/DRR171784.fastq.gz;ftp.sra.ebi.ac.uk/vol1/fastq/DRR171/DRR171784/DRR171784_1.fastq.gz;ftp.sra.ebi.ac.uk/vol1/fastq/DRR171/DRR171784/DRR171784_2.fastq.gz	02cebdd6e88e36133073ee01153858db;e7a6627b12a9fe07c6eff082190c664f;9b4bedca5116ff0325c94ac6cd0d4d7e	181088651;3852689749;4015877248		human feces_10260
DRR171549	PRJDB4176	SAMD00164859	DRS091211	SAMD00164859	DRX162161		PAIRED	WGS	METAGENOMIC	ILLUMINA	Illumina HiSeq 2500	23459551	6837243688	ftp.sra.ebi.ac.uk/vol1/fastq/DRR171/DRR171549/DRR171549.fastq.gz;ftp.sra.ebi.ac.uk/vol1/fastq/DRR171/DRR171549/DRR171549_1.fastq.gz;ftp.sra.ebi.ac.uk/vol1/fastq/DRR171/DRR171549/DRR171549_2.fastq.gz	8b4e83c7277c869b06991c1083eae6d4;1b972ed77be6a1856f8aff05d146c66a;e774314ab19a7d6d0cea282141cfd06f	81297199;2210287418;2318442025		human feces_11085
DRR171785	PRJDB4176	SAMD00114799	DRS090884	SAMD00114799	DRX162397		PAIRED	WGS	METAGENOMIC	ILLUMINA	Illumina HiSeq 2500	29725092	8258543718	ftp.sra.ebi.ac.uk/vol1/fastq/DRR171/DRR171785/DRR171785.fastq.gz;ftp.sra.ebi.ac.uk/vol1/fastq/DRR171/DRR171785/DRR171785_1.fastq.gz;ftp.sra.ebi.ac.uk/vol1/fastq/DRR171/DRR171785/DRR171785_2.fastq.gz	0e0384514ff8ab5d0fffa9c55e18575d;95fa4456355ae9913cef93d6665fccab;fcacc83b5f4f401be8b9581210039c5d	158889021;2906562696;3058659091		human feces_10265
DRR171556	PRJDB4176	SAMD00164866	DRS091218	SAMD00164866	DRX162168		PAIRED	WGS	METAGENOMIC	ILLUMINA	Illumina HiSeq 2500	23014280	6692783535	ftp.sra.ebi.ac.uk/vol1/fastq/DRR171/DRR171556/DRR171556.fastq.gz;ftp.sra.ebi.ac.uk/vol1/fastq/DRR171/DRR171556/DRR171556_1.fastq.gz;ftp.sra.ebi.ac.uk/vol1/fastq/DRR171/DRR171556/DRR171556_2.fastq.gz	85acd7b35e22103488d5ee834f2ace69;6871c332351e353e647c5f36f293f85f;22e9cba169175009c1b521be71af173a	60926933;2157401588;2265066106		human feces_11128
DRR171787	PRJDB4176	SAMD00114801	DRS090886	SAMD00114801	DRX162399		PAIRED	WGS	METAGENOMIC	ILLUMINA	Illumina HiSeq 2500	16320406	4652965507	ftp.sra.ebi.ac.uk/vol1/fastq/DRR171/DRR171787/DRR171787.fastq.gz;ftp.sra.ebi.ac.uk/vol1/fastq/DRR171/DRR171787/DRR171787_1.fastq.gz;ftp.sra.ebi.ac.uk/vol1/fastq/DRR171/DRR171787/DRR171787_2.fastq.gz	89520262fa184dd807ff355a45d32a6c;29a3e8fd8b3f17dd773db0405c00cfd5;2b5987385f367cd4ca13696b95e9496d	131474334;1633428287;1770835854		human feces_10109
DRR171559	PRJDB4176	SAMD00164869	DRS091221	SAMD00164869	DRX162171		PAIRED	WGS	METAGENOMIC	ILLUMINA	Illumina HiSeq 2500	21434258	6229028035	ftp.sra.ebi.ac.uk/vol1/fastq/DRR171/DRR171559/DRR171559.fastq.gz;ftp.sra.ebi.ac.uk/vol1/fastq/DRR171/DRR171559/DRR171559_1.fastq.gz;ftp.sra.ebi.ac.uk/vol1/fastq/DRR171/DRR171559/DRR171559_2.fastq.gz	6ebfe3a2dcaba0539c590e8504a9533d;92e78ec1d26ddaf7679690ea08c13565;9e2358fbad820fc07855edd4e7424262	63169831;1916406362;2049811226		human feces_11151
DRR171791	PRJDB4176	SAMD00114807	DRS090890	SAMD00114807	DRX162403		PAIRED	WGS	METAGENOMIC	ILLUMINA	Illumina HiSeq 2500	24829843	7021837551	ftp.sra.ebi.ac.uk/vol1/fastq/DRR171/DRR171791/DRR171791.fastq.gz;ftp.sra.ebi.ac.uk/vol1/fastq/DRR171/DRR171791/DRR171791_1.fastq.gz;ftp.sra.ebi.ac.uk/vol1/fastq/DRR171/DRR171791/DRR171791_2.fastq.gz	22f7bda33a234ea6bd82bb60b1790666;fbda234f150fa42ea0366a4d0ccfd828;e3a59f51a6387482d5fe4ecd0bb418d8	222042726;2741042889;2882797205		human feces_10463
DRR171795	PRJDB4176	SAMD00114811	DRS090894	SAMD00114811	DRX162407		PAIRED	WGS	METAGENOMIC	ILLUMINA	Illumina HiSeq 2500	23013853	6506657071	ftp.sra.ebi.ac.uk/vol1/fastq/DRR171/DRR171795/DRR171795.fastq.gz;ftp.sra.ebi.ac.uk/vol1/fastq/DRR171/DRR171795/DRR171795_1.fastq.gz;ftp.sra.ebi.ac.uk/vol1/fastq/DRR171/DRR171795/DRR171795_2.fastq.gz	9f1ec9448f9d6b566458704fd83408f2;9fd8bdcb387349635bf9a74045c6fcd4;be11afe6f2d319d97699e4ccf796ac2c	202351512;2576453135;2696925016		human feces_10469
DRR171560	PRJDB4176	SAMD00164870	DRS091222	SAMD00164870	DRX162172		PAIRED	WGS	METAGENOMIC	ILLUMINA	Illumina HiSeq 2500	8283463	2418258331	ftp.sra.ebi.ac.uk/vol1/fastq/DRR171/DRR171560/DRR171560.fastq.gz;ftp.sra.ebi.ac.uk/vol1/fastq/DRR171/DRR171560/DRR171560_1.fastq.gz;ftp.sra.ebi.ac.uk/vol1/fastq/DRR171/DRR171560/DRR171560_2.fastq.gz	6cd51eb32f56005dfd1ae7513e8490f7;e2df401e0924913eeffd66af976faea8;fe8c1eca01e659b6b8bd492553fa9366	24431378;711380778;753102576		human feces_11159
DRR171809	PRJDB4176	SAMD00114828	DRS090908	SAMD00114828	DRX162421		PAIRED	WGS	METAGENOMIC	ILLUMINA	Illumina HiSeq 2500	24845817	7008122679	ftp.sra.ebi.ac.uk/vol1/fastq/DRR171/DRR171809/DRR171809.fastq.gz;ftp.sra.ebi.ac.uk/vol1/fastq/DRR171/DRR171809/DRR171809_1.fastq.gz;ftp.sra.ebi.ac.uk/vol1/fastq/DRR171/DRR171809/DRR171809_2.fastq.gz	d06fae40bb2d6f65a398c8e5e71995c9;1dc48a65397bf87a1015491798b1214a;30ae1420333539a3078bd0e07507652e	227039601;2743572002;2883910970		human feces_10485
DRR171563	PRJDB4176	SAMD00164873	DRS091225	SAMD00164873	DRX162175		PAIRED	WGS	METAGENOMIC	ILLUMINA	Illumina HiSeq 2500	17948959	5252597630	ftp.sra.ebi.ac.uk/vol1/fastq/DRR171/DRR171563/DRR171563.fastq.gz;ftp.sra.ebi.ac.uk/vol1/fastq/DRR171/DRR171563/DRR171563_1.fastq.gz;ftp.sra.ebi.ac.uk/vol1/fastq/DRR171/DRR171563/DRR171563_2.fastq.gz	4ff1b6ec25f5c8c68ec890a7805cf2a3;6dd0cfd95b302a0a4633a8e4992c3b33;0e2488e7a24c758c719d455e71a0b74c	96700447;1535190417;1672336481		human feces_11170
DRR171810	PRJDB4176	SAMD00114830	DRS090909	SAMD00114830	DRX162422		PAIRED	WGS	METAGENOMIC	ILLUMINA	Illumina HiSeq 2500	23152116	6444625478	ftp.sra.ebi.ac.uk/vol1/fastq/DRR171/DRR171810/DRR171810.fastq.gz;ftp.sra.ebi.ac.uk/vol1/fastq/DRR171/DRR171810/DRR171810_1.fastq.gz;ftp.sra.ebi.ac.uk/vol1/fastq/DRR171/DRR171810/DRR171810_2.fastq.gz	309c42daed4f49d4685ad7633535fbee;1a437cf5bc3559609a9bf7d3f459a828;24496cf833a6fe198afe39f5b99e7a6e	255437233;2563107541;2675080382		human feces_10487
DRR127763	PRJDB4176	SAMD00115009	DRS087588	SAMD00115009	DRX120507		PAIRED	WGS	METAGENOMIC	ILLUMINA	Illumina HiSeq 2500	24857800	6863461637	ftp.sra.ebi.ac.uk/vol1/fastq/DRR127/DRR127763/DRR127763.fastq.gz;ftp.sra.ebi.ac.uk/vol1/fastq/DRR127/DRR127763/DRR127763_1.fastq.gz;ftp.sra.ebi.ac.uk/vol1/fastq/DRR127/DRR127763/DRR127763_2.fastq.gz	0563a6805a17ba1e08f7953899dc1d16;ed71645f4ecfb969f170e14f95521e71;d511a14c6e8b4cd48e51264d40d771b2	117836867;2416260029;2503172239		human feces_10362
DRR171816	PRJDB4176	SAMD00114837	DRS090915	SAMD00114837	DRX162428		PAIRED	WGS	METAGENOMIC	ILLUMINA	Illumina HiSeq 2500	18930429	5382752855	ftp.sra.ebi.ac.uk/vol1/fastq/DRR171/DRR171816/DRR171816.fastq.gz;ftp.sra.ebi.ac.uk/vol1/fastq/DRR171/DRR171816/DRR171816_1.fastq.gz;ftp.sra.ebi.ac.uk/vol1/fastq/DRR171/DRR171816/DRR171816_2.fastq.gz	5949bce9d80b4ef0988b52ed2a16d3bd;c4f184e69594989f05a001b3ab0eec84;1d7efe46deb86e4e4cf6374db535ec2f	147956093;1853679534;1974705564		human feces_10591
DRR171817	PRJDB4176	SAMD00114838	DRS090916	SAMD00114838	DRX162429		PAIRED	WGS	METAGENOMIC	ILLUMINA	Illumina HiSeq 2500	17639465	5010425310	ftp.sra.ebi.ac.uk/vol1/fastq/DRR171/DRR171817/DRR171817.fastq.gz;ftp.sra.ebi.ac.uk/vol1/fastq/DRR171/DRR171817/DRR171817_1.fastq.gz;ftp.sra.ebi.ac.uk/vol1/fastq/DRR171/DRR171817/DRR171817_2.fastq.gz	23bfe3cea08ee71523891e201255f41e;c90b706865f0c1eb18a67c490beed824;9fe506d28ad4cd04d56fcc456ece816b	122524201;1721974452;1830734907		human feces_10592
DRR171572	PRJDB4176	SAMD00164882	DRS091234	SAMD00164882	DRX162184		PAIRED	WGS	METAGENOMIC	ILLUMINA	Illumina HiSeq 2500	22876054	6638659637	ftp.sra.ebi.ac.uk/vol1/fastq/DRR171/DRR171572/DRR171572.fastq.gz;ftp.sra.ebi.ac.uk/vol1/fastq/DRR171/DRR171572/DRR171572_1.fastq.gz;ftp.sra.ebi.ac.uk/vol1/fastq/DRR171/DRR171572/DRR171572_2.fastq.gz	8c73029718be02ce3c09257af8eae286;a996083e66835fc04f72af65cb7b5386;e8c8ed563e2322decb65f9f909cce6b2	62248780;2140114859;2218966729		human feces_11227
DRR171824	PRJDB4176	SAMD00114848	DRS090923	SAMD00114848	DRX162436		PAIRED	WGS	METAGENOMIC	ILLUMINA	Illumina HiSeq 2500	17856034	5100583379	ftp.sra.ebi.ac.uk/vol1/fastq/DRR171/DRR171824/DRR171824.fastq.gz;ftp.sra.ebi.ac.uk/vol1/fastq/DRR171/DRR171824/DRR171824_1.fastq.gz;ftp.sra.ebi.ac.uk/vol1/fastq/DRR171/DRR171824/DRR171824_2.fastq.gz	cefc3dfa601f9781c5dfe2c09bae096e;ca3effdae31710662c3f5d80c4c6a035;223a317a46f2d487fa3fab8b0b0b9ebf	115370764;1801587012;1920881670		human feces_10550
DRR162775	PRJDB4176	SAMD00154991	DRS087594	SAMD00154991	DRX153394		PAIRED	WGS	METAGENOMIC	ILLUMINA	Illumina HiSeq 2500	21356163	6001676288	ftp.sra.ebi.ac.uk/vol1/fastq/DRR162/DRR162775/DRR162775.fastq.gz;ftp.sra.ebi.ac.uk/vol1/fastq/DRR162/DRR162775/DRR162775_1.fastq.gz;ftp.sra.ebi.ac.uk/vol1/fastq/DRR162/DRR162775/DRR162775_2.fastq.gz	33f07052e77719e9edc245ee3d76765b;84024cfee978fa46ceca505d79edc05e;21cf2577408f8c0079bd01639a5fadb3	142913123;2100858549;2236268539		human feces_10497
DRR171577	PRJDB4176	SAMD00164887	DRS091239	SAMD00164887	DRX162189		PAIRED	WGS	METAGENOMIC	ILLUMINA	Illumina HiSeq 2500	26926761	7896967083	ftp.sra.ebi.ac.uk/vol1/fastq/DRR171/DRR171577/DRR171577.fastq.gz;ftp.sra.ebi.ac.uk/vol1/fastq/DRR171/DRR171577/DRR171577_1.fastq.gz;ftp.sra.ebi.ac.uk/vol1/fastq/DRR171/DRR171577/DRR171577_2.fastq.gz	a439eec411b4cd0c1104ca5ffede2cdb;32f567eedc713f2370082c09393de918;4c6cece0259c6b362762c2074da8cb0d	49157306;2208640838;2321606524		human feces_11253
DRR171827	PRJDB4176	SAMD00114852	DRS090926	SAMD00114852	DRX162439		PAIRED	WGS	METAGENOMIC	ILLUMINA	Illumina HiSeq 2500	23444567	6630784213	ftp.sra.ebi.ac.uk/vol1/fastq/DRR171/DRR171827/DRR171827.fastq.gz;ftp.sra.ebi.ac.uk/vol1/fastq/DRR171/DRR171827/DRR171827_1.fastq.gz;ftp.sra.ebi.ac.uk/vol1/fastq/DRR171/DRR171827/DRR171827_2.fastq.gz	e69549c31ad838f20d7926cdbeb28fee;57ba310a55daebf7c27e93cc0ef580ee;3fe606683923f7dcd0c7caa1407cd397	210472876;2728103646;2754389624		human feces_10576
DRR162778	PRJDB4176	SAMD00154994	DRS087597	SAMD00154994	DRX153397		PAIRED	WGS	METAGENOMIC	ILLUMINA	Illumina HiSeq 2500	29837005	8462198734	ftp.sra.ebi.ac.uk/vol1/fastq/DRR162/DRR162778/DRR162778.fastq.gz;ftp.sra.ebi.ac.uk/vol1/fastq/DRR162/DRR162778/DRR162778_1.fastq.gz;ftp.sra.ebi.ac.uk/vol1/fastq/DRR162/DRR162778/DRR162778_2.fastq.gz	bac0169a51fb25be25153565b6f68fea;c9a202c7bbd7da5a20c739a297c01fc9;6d548ec8e863e108bcacdad2f8f86de5	232981623;3077190315;3325231744		human feces_10578
DRR171579	PRJDB4176	SAMD00164889	DRS091241	SAMD00164889	DRX162191		PAIRED	WGS	METAGENOMIC	ILLUMINA	Illumina HiSeq 2500	18522880	5399736923	ftp.sra.ebi.ac.uk/vol1/fastq/DRR171/DRR171579/DRR171579.fastq.gz;ftp.sra.ebi.ac.uk/vol1/fastq/DRR171/DRR171579/DRR171579_1.fastq.gz;ftp.sra.ebi.ac.uk/vol1/fastq/DRR171/DRR171579/DRR171579_2.fastq.gz	7628925413eb5068b36be1fea70b0d93;0e2d5f6ffd05b26675c81452c7d13401;8c8201014091a91d2c5bace7e34c303d	32838163;1649367855;1710001544		human feces_11281
DRR171833	PRJDB4176	SAMD00114858	DRS090932	SAMD00114858	DRX162445		PAIRED	WGS	METAGENOMIC	ILLUMINA	Illumina HiSeq 2500	21039967	6034326576	ftp.sra.ebi.ac.uk/vol1/fastq/DRR171/DRR171833/DRR171833.fastq.gz;ftp.sra.ebi.ac.uk/vol1/fastq/DRR171/DRR171833/DRR171833_1.fastq.gz;ftp.sra.ebi.ac.uk/vol1/fastq/DRR171/DRR171833/DRR171833_2.fastq.gz	44ece3093d8161c0fbfd643347ba4be0;5a6fd63870ba61e1bae3ba4fa7db7c76;6dc6e2e7d8e63ac773aba1cd6482964b	115424444;2081207913;2184685791		human feces_10508
DRR171460	PRJDB4176	SAMD00164695	DRS091122	SAMD00164695	DRX162072		PAIRED	WGS	METAGENOMIC	ILLUMINA	Illumina HiSeq 2500	27826350	7841313341	ftp.sra.ebi.ac.uk/vol1/fastq/DRR171/DRR171460/DRR171460.fastq.gz;ftp.sra.ebi.ac.uk/vol1/fastq/DRR171/DRR171460/DRR171460_1.fastq.gz;ftp.sra.ebi.ac.uk/vol1/fastq/DRR171/DRR171460/DRR171460_2.fastq.gz	a5432293fe45b042f9537828e113f44a;f0a9cc4343c7e64ab0d8ebe5ed36454f;99e7517947e3513699b3cddbec098148	205785705;2656655086;2895696051		human feces_10030
DRR171835	PRJDB4176	SAMD00114861	DRS090934	SAMD00114861	DRX162447		PAIRED	WGS	METAGENOMIC	ILLUMINA	Illumina HiSeq 2500	21021315	5966132101	ftp.sra.ebi.ac.uk/vol1/fastq/DRR171/DRR171835/DRR171835.fastq.gz;ftp.sra.ebi.ac.uk/vol1/fastq/DRR171/DRR171835/DRR171835_1.fastq.gz;ftp.sra.ebi.ac.uk/vol1/fastq/DRR171/DRR171835/DRR171835_2.fastq.gz	8ccb9bf35f99e10d8c8524ae7ae2df51;03875757e1e2e03bd899ded97bf60f2e;088bfef9589d4380a8a4a02f9e3ff024	131878083;2070978702;2183699469		human feces_10610
DRR171583	PRJDB4176	SAMD00164893	DRS091245	SAMD00164893	DRX162195		PAIRED	WGS	METAGENOMIC	ILLUMINA	Illumina HiSeq 2500	8440928	2472963877	ftp.sra.ebi.ac.uk/vol1/fastq/DRR171/DRR171583/DRR171583.fastq.gz;ftp.sra.ebi.ac.uk/vol1/fastq/DRR171/DRR171583/DRR171583_1.fastq.gz;ftp.sra.ebi.ac.uk/vol1/fastq/DRR171/DRR171583/DRR171583_2.fastq.gz	efe8bba6dd0e6faf0b17641cc1866339;e1efd222ef4429ebb77e20664fa04ec4;f44b1a30a7096cf6ddc9b7cad9e2fc17	15539049;696226053;730168116		human feces_11315
DRR171464	PRJDB4176	SAMD00164717	DRS091126	SAMD00164717	DRX162076		PAIRED	WGS	METAGENOMIC	ILLUMINA	Illumina HiSeq 2500	28818651	7957296527	ftp.sra.ebi.ac.uk/vol1/fastq/DRR171/DRR171464/DRR171464.fastq.gz;ftp.sra.ebi.ac.uk/vol1/fastq/DRR171/DRR171464/DRR171464_1.fastq.gz;ftp.sra.ebi.ac.uk/vol1/fastq/DRR171/DRR171464/DRR171464_2.fastq.gz	a98f0b12b713cda267d5efbb2899fd20;6a7d84f4e1caadacb10e7f17a00f806f;7bdf0c4bab05cc72177202494bc9560e	113378860;2677442560;2779264926		human feces_10210
DRR171856	PRJDB4176	SAMD00114889	DRS090955	SAMD00114889	DRX162468		PAIRED	WGS	METAGENOMIC	ILLUMINA	Illumina HiSeq 2500	22120720	6220949126	ftp.sra.ebi.ac.uk/vol1/fastq/DRR171/DRR171856/DRR171856.fastq.gz;ftp.sra.ebi.ac.uk/vol1/fastq/DRR171/DRR171856/DRR171856_1.fastq.gz;ftp.sra.ebi.ac.uk/vol1/fastq/DRR171/DRR171856/DRR171856_2.fastq.gz	348d30aa4ca57ca4e6b1532a090e9d93;cbb6f7d2604e72c7651ed33494c71412;60ced64033bc4f6b58a27db8048e9603	266480555;2109165796;2278788262		human feces_10621
DRR171481	PRJDB4176	SAMD00164764	DRS091143	SAMD00164764	DRX162093		PAIRED	WGS	METAGENOMIC	ILLUMINA	Illumina HiSeq 2500	18273759	5144264083	ftp.sra.ebi.ac.uk/vol1/fastq/DRR171/DRR171481/DRR171481.fastq.gz;ftp.sra.ebi.ac.uk/vol1/fastq/DRR171/DRR171481/DRR171481_1.fastq.gz;ftp.sra.ebi.ac.uk/vol1/fastq/DRR171/DRR171481/DRR171481_2.fastq.gz	f0e9808c5ff612ec6aea85ef0f7e9330;4ac4d7917fd706378aa0ce7581deeec6;638befcfb670fda4485915804e34c667	188909516;1785276089;1982399378		human feces_10549
DRR171586	PRJDB4176	SAMD00164896	DRS091248	SAMD00164896	DRX162198		PAIRED	WGS	METAGENOMIC	ILLUMINA	Illumina HiSeq 2500	17879597	5263903166	ftp.sra.ebi.ac.uk/vol1/fastq/DRR171/DRR171586/DRR171586.fastq.gz;ftp.sra.ebi.ac.uk/vol1/fastq/DRR171/DRR171586/DRR171586_1.fastq.gz;ftp.sra.ebi.ac.uk/vol1/fastq/DRR171/DRR171586/DRR171586_2.fastq.gz	07d7096a917be9478141c88781d1125d;2033a2604bda7eb47651b0939ad6ea30;b11eb89f7ad6a1a16e0a68369d6b9982	57795990;1473684314;1582101048		human feces_11354
DRR171857	PRJDB4176	SAMD00114890	DRS090956	SAMD00114890	DRX162469		PAIRED	WGS	METAGENOMIC	ILLUMINA	Illumina HiSeq 2500	21481126	6109368175	ftp.sra.ebi.ac.uk/vol1/fastq/DRR171/DRR171857/DRR171857.fastq.gz;ftp.sra.ebi.ac.uk/vol1/fastq/DRR171/DRR171857/DRR171857_1.fastq.gz;ftp.sra.ebi.ac.uk/vol1/fastq/DRR171/DRR171857/DRR171857_2.fastq.gz	1b5dcd6169207a7c3f8c490a992bd4c3;18bae5f3a608c1a562905eb8140217ed;ca37176a999ad9e73dda7ece2e9f2ad8	171177448;2078269477;2218276167		human feces_10634
DRR171483	PRJDB4176	SAMD00164767	DRS091145	SAMD00164767	DRX162095		PAIRED	WGS	METAGENOMIC	ILLUMINA	Illumina HiSeq 2500	18798019	5291959205	ftp.sra.ebi.ac.uk/vol1/fastq/DRR171/DRR171483/DRR171483.fastq.gz;ftp.sra.ebi.ac.uk/vol1/fastq/DRR171/DRR171483/DRR171483_1.fastq.gz;ftp.sra.ebi.ac.uk/vol1/fastq/DRR171/DRR171483/DRR171483_2.fastq.gz	0ac6907d252e56b6ae77b1a4f7e93e8f;e00a7326ddaa68bac2ca1748bba25542;cf47ac82bb1a3be068344d4749347223	192510395;1825934096;2048536536		human feces_10565
DRR171589	PRJDB4176	SAMD00164899	DRS091251	SAMD00164899	DRX162201		PAIRED	WGS	METAGENOMIC	ILLUMINA	Illumina HiSeq 2500	9828145	2886169161	ftp.sra.ebi.ac.uk/vol1/fastq/DRR171/DRR171589/DRR171589.fastq.gz;ftp.sra.ebi.ac.uk/vol1/fastq/DRR171/DRR171589/DRR171589_1.fastq.gz;ftp.sra.ebi.ac.uk/vol1/fastq/DRR171/DRR171589/DRR171589_2.fastq.gz	0e2b00a5fb720ad6a6114144f8feac3f;a4879919a7a46d97b1088ade9f554eb8;d778c6dbc120db29421ce7326c2dcce1	47813314;798158622;875064683		human feces_11389
DRR171863	PRJDB4176	SAMD00114899	DRS090962	SAMD00114899	DRX162475		PAIRED	WGS	METAGENOMIC	ILLUMINA	Illumina HiSeq 2500	19288991	5253422846	ftp.sra.ebi.ac.uk/vol1/fastq/DRR171/DRR171863/DRR171863.fastq.gz;ftp.sra.ebi.ac.uk/vol1/fastq/DRR171/DRR171863/DRR171863_1.fastq.gz;ftp.sra.ebi.ac.uk/vol1/fastq/DRR171/DRR171863/DRR171863_2.fastq.gz	485b398830a1befde51c4f74bccaff63;3811b700233e5fa6ae864afc4dd9b81b;bd3430cd4b4a8baa4edc8faafe136033	366044527;2039660916;2149535061		human feces_10794
DRR171485	PRJDB4176	SAMD00164771	DRS091147	SAMD00164771	DRX162097		PAIRED	WGS	METAGENOMIC	ILLUMINA	Illumina HiSeq 2500	23064747	6529634166	ftp.sra.ebi.ac.uk/vol1/fastq/DRR171/DRR171485/DRR171485.fastq.gz;ftp.sra.ebi.ac.uk/vol1/fastq/DRR171/DRR171485/DRR171485_1.fastq.gz;ftp.sra.ebi.ac.uk/vol1/fastq/DRR171/DRR171485/DRR171485_2.fastq.gz	39cf50a53f34b73d98682980a689c773;44ae6673339fdd27b00eb825b98900c2;05cf042daceff5be84b22cd4545b477a	179074170;2546096597;2658869602		human feces_10579
DRR171865	PRJDB4176	SAMD00114901	DRS090964	SAMD00114901	DRX162477		PAIRED	WGS	METAGENOMIC	ILLUMINA	Illumina HiSeq 2500	25315675	7009051890	ftp.sra.ebi.ac.uk/vol1/fastq/DRR171/DRR171865/DRR171865.fastq.gz;ftp.sra.ebi.ac.uk/vol1/fastq/DRR171/DRR171865/DRR171865_1.fastq.gz;ftp.sra.ebi.ac.uk/vol1/fastq/DRR171/DRR171865/DRR171865_2.fastq.gz	5dea96de8801a00523d6b10cebdc25bf;8b52776703b90be89258785a9d771c5f;e8a5f887a093c9de52f9070777d1e152	352806089;2677919946;2809083539		human feces_10807
DRR171592	PRJDB4176	SAMD00164902	DRS091254	SAMD00164902	DRX162204		PAIRED	WGS	METAGENOMIC	ILLUMINA	Illumina HiSeq 2500	20707773	6043557152	ftp.sra.ebi.ac.uk/vol1/fastq/DRR171/DRR171592/DRR171592.fastq.gz;ftp.sra.ebi.ac.uk/vol1/fastq/DRR171/DRR171592/DRR171592_1.fastq.gz;ftp.sra.ebi.ac.uk/vol1/fastq/DRR171/DRR171592/DRR171592_2.fastq.gz	e6f138b21c14f830db0eb00b23f23adf;0fdda866070512d79f04ad032d353ec6;307cf311e8438fe908461f162850ede3	91523858;2020146835;2114715318		human feces_11413
DRR171486	PRJDB4176	SAMD00164772	DRS091148	SAMD00164772	DRX162098		PAIRED	WGS	METAGENOMIC	ILLUMINA	Illumina HiSeq 2500	19887381	5683893420	ftp.sra.ebi.ac.uk/vol1/fastq/DRR171/DRR171486/DRR171486.fastq.gz;ftp.sra.ebi.ac.uk/vol1/fastq/DRR171/DRR171486/DRR171486_1.fastq.gz;ftp.sra.ebi.ac.uk/vol1/fastq/DRR171/DRR171486/DRR171486_2.fastq.gz	5687862fb6d4040564e07b67364c950b;c0084be3a61ebf124ec2bc244f31b214;0433555d5dba29ed56e6674af77b06b0	73918480;2207865849;2244397852		human feces_10580
DRR171869	PRJDB4176	SAMD00114905	DRS090968	SAMD00114905	DRX162481		PAIRED	WGS	METAGENOMIC	ILLUMINA	Illumina HiSeq 2500	31081934	8670618591	ftp.sra.ebi.ac.uk/vol1/fastq/DRR171/DRR171869/DRR171869.fastq.gz;ftp.sra.ebi.ac.uk/vol1/fastq/DRR171/DRR171869/DRR171869_1.fastq.gz;ftp.sra.ebi.ac.uk/vol1/fastq/DRR171/DRR171869/DRR171869_2.fastq.gz	47de450967817dfc1f6436d5d552bfac;c066fc14ee5f2effbe131ecba9d56aef;39dd71c3ab9008f171612e855d3e449f	407921614;3306439049;3462271622		human feces_10827
DRR171594	PRJDB4176	SAMD00164904	DRS091256	SAMD00164904	DRX162206		PAIRED	WGS	METAGENOMIC	ILLUMINA	Illumina HiSeq 2500	25972991	7577258402	ftp.sra.ebi.ac.uk/vol1/fastq/DRR171/DRR171594/DRR171594.fastq.gz;ftp.sra.ebi.ac.uk/vol1/fastq/DRR171/DRR171594/DRR171594_1.fastq.gz;ftp.sra.ebi.ac.uk/vol1/fastq/DRR171/DRR171594/DRR171594_2.fastq.gz	e6ddd67fc465f9f070b364ecd0a11b37;bb47e3c71b86ac195943f6f60e74e214;13f6982b3c834fc34c0650c7315b6fd9	80002478;2568814990;2708240373		human feces_11419
DRR171487	PRJDB4176	SAMD00164773	DRS091149	SAMD00164773	DRX162099		PAIRED	WGS	METAGENOMIC	ILLUMINA	Illumina HiSeq 2500	17853414	5103249500	ftp.sra.ebi.ac.uk/vol1/fastq/DRR171/DRR171487/DRR171487.fastq.gz;ftp.sra.ebi.ac.uk/vol1/fastq/DRR171/DRR171487/DRR171487_1.fastq.gz;ftp.sra.ebi.ac.uk/vol1/fastq/DRR171/DRR171487/DRR171487_2.fastq.gz	7825761ee70162cc2e26a3c6dfa95175;8fccaede16d29f9c003305ffad153658;d3b2cf1ed614a5ee7c7e543f0b0de97d	121638463;1844541961;1951952553		human feces_10583
DRR171870	PRJDB4176	SAMD00114906	DRS090969	SAMD00114906	DRX162482		PAIRED	WGS	METAGENOMIC	ILLUMINA	Illumina HiSeq 2500	19344752	5302382245	ftp.sra.ebi.ac.uk/vol1/fastq/DRR171/DRR171870/DRR171870.fastq.gz;ftp.sra.ebi.ac.uk/vol1/fastq/DRR171/DRR171870/DRR171870_1.fastq.gz;ftp.sra.ebi.ac.uk/vol1/fastq/DRR171/DRR171870/DRR171870_2.fastq.gz	0f5506b684bb1844d30c5bda8954d124;cff6d9b17deb72c0b9e670d04ff068fe;42a122f7bacf4f023cece2f70812462b	319065843;2088271836;2168124579		human feces_10838
DRR171488	PRJDB4176	SAMD00164774	DRS091150	SAMD00164774	DRX162100		PAIRED	WGS	METAGENOMIC	ILLUMINA	Illumina HiSeq 2500	22632210	6319541317	ftp.sra.ebi.ac.uk/vol1/fastq/DRR171/DRR171488/DRR171488.fastq.gz;ftp.sra.ebi.ac.uk/vol1/fastq/DRR171/DRR171488/DRR171488_1.fastq.gz;ftp.sra.ebi.ac.uk/vol1/fastq/DRR171/DRR171488/DRR171488_2.fastq.gz	103798ad7f217fe7ca6bc0c2a9a1ab00;c92e10e08ba11953d9d1a2201ff89cd8;4548cf6881729bc1fda98a715b9eccab	207822423;2528146738;2595053377		human feces_10587
DRR171874	PRJDB4176	SAMD00114910	DRS090973	SAMD00114910	DRX162486		PAIRED	WGS	METAGENOMIC	ILLUMINA	Illumina HiSeq 2500	22596511	6373183832	ftp.sra.ebi.ac.uk/vol1/fastq/DRR171/DRR171874/DRR171874.fastq.gz;ftp.sra.ebi.ac.uk/vol1/fastq/DRR171/DRR171874/DRR171874_1.fastq.gz;ftp.sra.ebi.ac.uk/vol1/fastq/DRR171/DRR171874/DRR171874_2.fastq.gz	8fcc8f6c7ccfaae7d27572994775253d;59e287b20eb1cc698f6274ec5fe35836;71ea397b62a77320f8cd83b8e684401d	223311611;2185029335;2334550931		human feces_10717
DRR171599	PRJDB4176	SAMD00164909	DRS091261	SAMD00164909	DRX162211		PAIRED	WGS	METAGENOMIC	ILLUMINA	Illumina HiSeq 2500	20287944	5917206058	ftp.sra.ebi.ac.uk/vol1/fastq/DRR171/DRR171599/DRR171599.fastq.gz;ftp.sra.ebi.ac.uk/vol1/fastq/DRR171/DRR171599/DRR171599_1.fastq.gz;ftp.sra.ebi.ac.uk/vol1/fastq/DRR171/DRR171599/DRR171599_2.fastq.gz	d53d88a1e0335ad5644033532849c966;2a8f1992d579f02443751f3fde280ef5;166cde0ddcbad9a88aa883a1ffae97f1	63885878;2052270357;2177042839		human feces_11432
DRR171492	PRJDB4176	SAMD00164779	DRS091154	SAMD00164779	DRX162104		PAIRED	WGS	METAGENOMIC	ILLUMINA	Illumina HiSeq 2500	15062465	4297696771	ftp.sra.ebi.ac.uk/vol1/fastq/DRR171/DRR171492/DRR171492.fastq.gz;ftp.sra.ebi.ac.uk/vol1/fastq/DRR171/DRR171492/DRR171492_1.fastq.gz;ftp.sra.ebi.ac.uk/vol1/fastq/DRR171/DRR171492/DRR171492_2.fastq.gz	0fd71e3720f39dac521c415873c8e78f;e8c4320f4aa505605ec5638854a26c4d;0905a4c40e7b2bbed4d4a8e533787b4d	96762690;1707903508;1743831008		human feces_10601
DRR171875	PRJDB4176	SAMD00114911	DRS090974	SAMD00114911	DRX162487		PAIRED	WGS	METAGENOMIC	ILLUMINA	Illumina HiSeq 2500	20515384	5786586743	ftp.sra.ebi.ac.uk/vol1/fastq/DRR171/DRR171875/DRR171875.fastq.gz;ftp.sra.ebi.ac.uk/vol1/fastq/DRR171/DRR171875/DRR171875_1.fastq.gz;ftp.sra.ebi.ac.uk/vol1/fastq/DRR171/DRR171875/DRR171875_2.fastq.gz	c414303919dd0e3deff68571d4ab8528;ab0772fda49c2fdb6d086881032ddd46;0710e06d78cbfc6fc5931286441771bc	214525364;1978364665;2113441728		human feces_10718
DRR171610	PRJDB4176	SAMD00164920	DRS091272	SAMD00164920	DRX162222		PAIRED	WGS	METAGENOMIC	ILLUMINA	Illumina HiSeq 2500	26852978	7834209100	ftp.sra.ebi.ac.uk/vol1/fastq/DRR171/DRR171610/DRR171610.fastq.gz;ftp.sra.ebi.ac.uk/vol1/fastq/DRR171/DRR171610/DRR171610_1.fastq.gz;ftp.sra.ebi.ac.uk/vol1/fastq/DRR171/DRR171610/DRR171610_2.fastq.gz	3f3ae6567617ec2263c3dbfeec9e146b;a6b980906e0157f4f0b5670dc9096fc5;6d67bac9c97c25bfeed1bcd9712f9fc0	108188676;2456121296;2582921311		human feces_11454
DRR171878	PRJDB4176	SAMD00114916	DRS090977	SAMD00114916	DRX162490		PAIRED	WGS	METAGENOMIC	ILLUMINA	Illumina HiSeq 2500	21960053	6227188069	ftp.sra.ebi.ac.uk/vol1/fastq/DRR171/DRR171878/DRR171878.fastq.gz;ftp.sra.ebi.ac.uk/vol1/fastq/DRR171/DRR171878/DRR171878_1.fastq.gz;ftp.sra.ebi.ac.uk/vol1/fastq/DRR171/DRR171878/DRR171878_2.fastq.gz	c4070ef1b100bafd972c30c9f7843844;eb5c2275c179d354a3632c97e6bc94fb;2cfff30b084feddaf75c2fc2a4df4d4f	183660190;2154302469;2271474051		human feces_10762
DRR171500	PRJDB4176	SAMD00164806	DRS091162	SAMD00164806	DRX162112		PAIRED	WGS	METAGENOMIC	ILLUMINA	Illumina HiSeq 2500	28337748	8096151265	ftp.sra.ebi.ac.uk/vol1/fastq/DRR171/DRR171500/DRR171500.fastq.gz;ftp.sra.ebi.ac.uk/vol1/fastq/DRR171/DRR171500/DRR171500_1.fastq.gz;ftp.sra.ebi.ac.uk/vol1/fastq/DRR171/DRR171500/DRR171500_2.fastq.gz	cbbd4d1b438fb2df7b1aba7e1d272484;2da0bdb55c9097799cd748f4f2854912;f74f25a71172dedc458b11e2eaa34977	82325575;2831715001;2993597377		human feces_10802
DRR171879	PRJDB4176	SAMD00114917	DRS090978	SAMD00114917	DRX162491		PAIRED	WGS	METAGENOMIC	ILLUMINA	Illumina HiSeq 2500	5689575	1604363924	ftp.sra.ebi.ac.uk/vol1/fastq/DRR171/DRR171879/DRR171879.fastq.gz;ftp.sra.ebi.ac.uk/vol1/fastq/DRR171/DRR171879/DRR171879_1.fastq.gz;ftp.sra.ebi.ac.uk/vol1/fastq/DRR171/DRR171879/DRR171879_2.fastq.gz	23d830524311194a23883cbe16913626;bcfb7644bc4e1dbc68871dfc49405321;01b3883071e009bced7170df3a16f795	58427178;608729271;640535824		human feces_10765
DRR171627	PRJDB4176	SAMD00164937	DRS091289	SAMD00164937	DRX162239		PAIRED	WGS	METAGENOMIC	ILLUMINA	Illumina HiSeq 2500	21076545	6099201204	ftp.sra.ebi.ac.uk/vol1/fastq/DRR171/DRR171627/DRR171627.fastq.gz;ftp.sra.ebi.ac.uk/vol1/fastq/DRR171/DRR171627/DRR171627_1.fastq.gz;ftp.sra.ebi.ac.uk/vol1/fastq/DRR171/DRR171627/DRR171627_2.fastq.gz	1627bd795b87a7c5ca40e115c1ce25e3;f44463da89216884f8105af14985deff;1b8b7963a925befea1b45e2f634b2fcd	48587576;2089091055;2223151273		human feces_11490
DRR171506	PRJDB4176	SAMD00164814	DRS091168	SAMD00164814	DRX162118		PAIRED	WGS	METAGENOMIC	ILLUMINA	Illumina HiSeq 2500	22481277	6589444231	ftp.sra.ebi.ac.uk/vol1/fastq/DRR171/DRR171506/DRR171506.fastq.gz;ftp.sra.ebi.ac.uk/vol1/fastq/DRR171/DRR171506/DRR171506_1.fastq.gz;ftp.sra.ebi.ac.uk/vol1/fastq/DRR171/DRR171506/DRR171506_2.fastq.gz	86f472243d5552429010bd4c4a29cd73;ee47976645a76c356e41a11ff37aa60b;6a566dd333de60fec5e2ef437c3c473d	82628238;2239769316;2394997741		human feces_10832
DRR171887	PRJDB4176	SAMD00114927	DRS090986	SAMD00114927	DRX162499		PAIRED	WGS	METAGENOMIC	ILLUMINA	Illumina HiSeq 2500	20637883	5853457520	ftp.sra.ebi.ac.uk/vol1/fastq/DRR171/DRR171887/DRR171887.fastq.gz;ftp.sra.ebi.ac.uk/vol1/fastq/DRR171/DRR171887/DRR171887_1.fastq.gz;ftp.sra.ebi.ac.uk/vol1/fastq/DRR171/DRR171887/DRR171887_2.fastq.gz	1a7b295d31300d29d77ee472228464bf;8b8e8a783d80d6347bb807f12baf1b8f;4dddd76231e8c522f362e10668875fab	173233770;2002943534;2124001797		human feces_10628
DRR171633	PRJDB4176	SAMD00164943	DRS091295	SAMD00164943	DRX162245		PAIRED	WGS	METAGENOMIC	ILLUMINA	Illumina HiSeq 2500	33682839	9717535006	ftp.sra.ebi.ac.uk/vol1/fastq/DRR171/DRR171633/DRR171633.fastq.gz;ftp.sra.ebi.ac.uk/vol1/fastq/DRR171/DRR171633/DRR171633_1.fastq.gz;ftp.sra.ebi.ac.uk/vol1/fastq/DRR171/DRR171633/DRR171633_2.fastq.gz	dfcabdbfca239bd1261a4635b9551da0;9b622f0877f0a3474a1655efe13d0c27;679f4f39d2344ce16893189f7ef2dcef	99179143;3406001098;3556931249		human feces_11508
DRR171515	PRJDB4176	SAMD00164825	DRS091177	SAMD00164825	DRX162127		PAIRED	WGS	METAGENOMIC	ILLUMINA	Illumina HiSeq 2500	20440882	5805740766	ftp.sra.ebi.ac.uk/vol1/fastq/DRR171/DRR171515/DRR171515.fastq.gz;ftp.sra.ebi.ac.uk/vol1/fastq/DRR171/DRR171515/DRR171515_1.fastq.gz;ftp.sra.ebi.ac.uk/vol1/fastq/DRR171/DRR171515/DRR171515_2.fastq.gz	69cfc45fac160ef02a4efe46b0edbb53;e6640a9c0374a3c479650fbec38337b1;36a678be50b6a33fc9b5fdf866648be1	22595552;1549779992;1613049826		human feces_10907
DRR171895	PRJDB4176	SAMD00114937	DRS090994	SAMD00114937	DRX162507		PAIRED	WGS	METAGENOMIC	ILLUMINA	Illumina HiSeq 2500	22415314	6334959131	ftp.sra.ebi.ac.uk/vol1/fastq/DRR171/DRR171895/DRR171895.fastq.gz;ftp.sra.ebi.ac.uk/vol1/fastq/DRR171/DRR171895/DRR171895_1.fastq.gz;ftp.sra.ebi.ac.uk/vol1/fastq/DRR171/DRR171895/DRR171895_2.fastq.gz	28ef8aabb1281766d693b45e95a4bafe;9f78af84049b4ee7e79510d09a7762f2;0f13aa2b1ca7877fcf7e9af64c829f50	237979155;2185453221;2321120463		human feces_10619
DRR171637	PRJDB4176	SAMD00164947	DRS091299	SAMD00164947	DRX162249		PAIRED	WGS	METAGENOMIC	ILLUMINA	Illumina HiSeq 2500	28525939	8188028771	ftp.sra.ebi.ac.uk/vol1/fastq/DRR171/DRR171637/DRR171637.fastq.gz;ftp.sra.ebi.ac.uk/vol1/fastq/DRR171/DRR171637/DRR171637_1.fastq.gz;ftp.sra.ebi.ac.uk/vol1/fastq/DRR171/DRR171637/DRR171637_2.fastq.gz	06337b4ab0246578cc5c105cd8c9d306;ac80280156857285cfede9e75e62a789;1fcf01eb27e93a0a97bb0f5652c5b417	66019402;2795178542;2915294974		human feces_11513
DRR171517	PRJDB4176	SAMD00164827	DRS091179	SAMD00164827	DRX162129		PAIRED	WGS	METAGENOMIC	ILLUMINA	Illumina HiSeq 2500	11797319	3455453169	ftp.sra.ebi.ac.uk/vol1/fastq/DRR171/DRR171517/DRR171517.fastq.gz;ftp.sra.ebi.ac.uk/vol1/fastq/DRR171/DRR171517/DRR171517_1.fastq.gz;ftp.sra.ebi.ac.uk/vol1/fastq/DRR171/DRR171517/DRR171517_2.fastq.gz	1ca9373d71fbea9568815045e298485c;7c164b81359c8abb3864e5daec4691d2;0b1dcb5583ec7465fb4aa8a949b48bfa	31909319;917190987;1000370013		human feces_10913
DRR171903	PRJDB4176	SAMD00114947	DRS091002	SAMD00114947	DRX162515		PAIRED	WGS	METAGENOMIC	ILLUMINA	Illumina HiSeq 2500	16592589	4695659532	ftp.sra.ebi.ac.uk/vol1/fastq/DRR171/DRR171903/DRR171903.fastq.gz;ftp.sra.ebi.ac.uk/vol1/fastq/DRR171/DRR171903/DRR171903_1.fastq.gz;ftp.sra.ebi.ac.uk/vol1/fastq/DRR171/DRR171903/DRR171903_2.fastq.gz	2f2e930cf0efcd297139b3a87d20226b;22fba29914dbc2172f9d92d28f54180d;bd8e22eaaafdf2683cefdb38de42a832	154808146;1774042078;1868701054		human feces_10766
DRR171639	PRJDB4176	SAMD00164949	DRS091301	SAMD00164949	DRX162251		PAIRED	WGS	METAGENOMIC	ILLUMINA	Illumina HiSeq 2500	28705170	8281758901	ftp.sra.ebi.ac.uk/vol1/fastq/DRR171/DRR171639/DRR171639.fastq.gz;ftp.sra.ebi.ac.uk/vol1/fastq/DRR171/DRR171639/DRR171639_1.fastq.gz;ftp.sra.ebi.ac.uk/vol1/fastq/DRR171/DRR171639/DRR171639_2.fastq.gz	9d763a707f3b8c7bb6e9144673428e0f;19a0eea9f83cb5aa7356833a8ebb0902;f668f6f1fc546f98bad81c78eb27d470	66789493;2885227199;3060659639		human feces_11521
DRR171520	PRJDB4176	SAMD00164830	DRS091182	SAMD00164830	DRX162132		PAIRED	WGS	METAGENOMIC	ILLUMINA	Illumina HiSeq 2500	19523557	5713081557	ftp.sra.ebi.ac.uk/vol1/fastq/DRR171/DRR171520/DRR171520.fastq.gz;ftp.sra.ebi.ac.uk/vol1/fastq/DRR171/DRR171520/DRR171520_1.fastq.gz;ftp.sra.ebi.ac.uk/vol1/fastq/DRR171/DRR171520/DRR171520_2.fastq.gz	4b4e66cccc5e5af56ea5be9cc44ff220;50c08f4024436ccdccb32dd0cbd23be7;3a4a31bc210c0e61ee0cfcb650abee3a	48008905;1821124621;1969479877		human feces_10934
DRR171912	PRJDB4176	SAMD00114960	DRS091011	SAMD00114960	DRX162524		PAIRED	WGS	METAGENOMIC	ILLUMINA	Illumina HiSeq 2500	32778059	9180968011	ftp.sra.ebi.ac.uk/vol1/fastq/DRR171/DRR171912/DRR171912.fastq.gz;ftp.sra.ebi.ac.uk/vol1/fastq/DRR171/DRR171912/DRR171912_1.fastq.gz;ftp.sra.ebi.ac.uk/vol1/fastq/DRR171/DRR171912/DRR171912_2.fastq.gz	623b534d06c364ea098a38f0008cbb48;370db7bfb9da6d45580071e739b3ccca;508dcc8e234bed893d84a8e941e81ab1	338937040;3640168638;3829089123		human feces_10785
DRR171524	PRJDB4176	SAMD00164834	DRS091186	SAMD00164834	DRX162136		PAIRED	WGS	METAGENOMIC	ILLUMINA	Illumina HiSeq 2500	14033695	4092703392	ftp.sra.ebi.ac.uk/vol1/fastq/DRR171/DRR171524/DRR171524.fastq.gz;ftp.sra.ebi.ac.uk/vol1/fastq/DRR171/DRR171524/DRR171524_1.fastq.gz;ftp.sra.ebi.ac.uk/vol1/fastq/DRR171/DRR171524/DRR171524_2.fastq.gz	a8e441ce7fdaf70efe8cbedc21f4dfa8;614c2d8bfc8eefe6ee57800f638c44e7;ab005a183f8fa6b01d69de2fa08c40bf	35538034;1313278981;1422810942		human feces_10967
DRR171640	PRJDB4176	SAMD00164950	DRS091302	SAMD00164950	DRX162252		PAIRED	WGS	METAGENOMIC	ILLUMINA	Illumina HiSeq 2500	38173811	10866455716	ftp.sra.ebi.ac.uk/vol1/fastq/DRR171/DRR171640/DRR171640.fastq.gz;ftp.sra.ebi.ac.uk/vol1/fastq/DRR171/DRR171640/DRR171640_1.fastq.gz;ftp.sra.ebi.ac.uk/vol1/fastq/DRR171/DRR171640/DRR171640_2.fastq.gz	e4b89bffb6ac9e59d5413d7efa409855;69db6e463bdca38b2eb6a1f2e0bee09f;bc767d672b65844839c57791c00ff016	84294673;3723946445;3920698442		human feces_11524
DRR171913	PRJDB4176	SAMD00114961	DRS091012	SAMD00114961	DRX162525		PAIRED	WGS	METAGENOMIC	ILLUMINA	Illumina HiSeq 2500	23232173	6410283721	ftp.sra.ebi.ac.uk/vol1/fastq/DRR171/DRR171913/DRR171913.fastq.gz;ftp.sra.ebi.ac.uk/vol1/fastq/DRR171/DRR171913/DRR171913_1.fastq.gz;ftp.sra.ebi.ac.uk/vol1/fastq/DRR171/DRR171913/DRR171913_2.fastq.gz	6973dfd7e77978df093845946e124842;da5908e824c07e61da7a88aab2307bc6;b0b943dfbc93578ed343726262cbbe5d	316874450;2533584514;2660606992		human feces_10809
DRR171643	PRJDB4176	SAMD00164953	DRS091305	SAMD00164953	DRX162255		PAIRED	WGS	METAGENOMIC	ILLUMINA	Illumina HiSeq 2500	22671966	6401012123	ftp.sra.ebi.ac.uk/vol1/fastq/DRR171/DRR171643/DRR171643.fastq.gz;ftp.sra.ebi.ac.uk/vol1/fastq/DRR171/DRR171643/DRR171643_1.fastq.gz;ftp.sra.ebi.ac.uk/vol1/fastq/DRR171/DRR171643/DRR171643_2.fastq.gz	4dd2fb9ce30f30138176df97f56ae53c;320055a053567988cb77a3721ca923a6;36ee90e8ac80b1193958d93d3309a4c6	37649094;2122889435;2174010489		human feces_11528
DRR171532	PRJDB4176	SAMD00164842	DRS091194	SAMD00164842	DRX162144		PAIRED	WGS	METAGENOMIC	ILLUMINA	Illumina HiSeq 2500	18788473	5404820190	ftp.sra.ebi.ac.uk/vol1/fastq/DRR171/DRR171532/DRR171532.fastq.gz;ftp.sra.ebi.ac.uk/vol1/fastq/DRR171/DRR171532/DRR171532_1.fastq.gz;ftp.sra.ebi.ac.uk/vol1/fastq/DRR171/DRR171532/DRR171532_2.fastq.gz	3f5198d0057cab1e187902fee3cf5eff;b08f356bccac0e41ef13351b8ca0ede8;2a6d6a557a4f23dbfb43fe6bc99ddc75	181053031;1667531549;1821676424		human feces_11006
DRR171918	PRJDB4176	SAMD00114969	DRS091017	SAMD00114969	DRX162530		PAIRED	WGS	METAGENOMIC	ILLUMINA	Illumina HiSeq 2500	25349996	6956418381	ftp.sra.ebi.ac.uk/vol1/fastq/DRR171/DRR171918/DRR171918.fastq.gz;ftp.sra.ebi.ac.uk/vol1/fastq/DRR171/DRR171918/DRR171918_1.fastq.gz;ftp.sra.ebi.ac.uk/vol1/fastq/DRR171/DRR171918/DRR171918_2.fastq.gz	1957dc7d12f24d1e7fe159be5a55b10c;6bc9577447a899ac9f1727e7f6d02794;42181f65b0976f0ea46b46252260fd25	104216437;2335797291;2497270896		human feces_10055
DRR171541	PRJDB4176	SAMD00164851	DRS091203	SAMD00164851	DRX162153		PAIRED	WGS	METAGENOMIC	ILLUMINA	Illumina HiSeq 2500	15344739	4471183844	ftp.sra.ebi.ac.uk/vol1/fastq/DRR171/DRR171541/DRR171541.fastq.gz;ftp.sra.ebi.ac.uk/vol1/fastq/DRR171/DRR171541/DRR171541_1.fastq.gz;ftp.sra.ebi.ac.uk/vol1/fastq/DRR171/DRR171541/DRR171541_2.fastq.gz	45c8bade6c386102aa4afb8ef7d2139c;302369e3f1db1837665bac80ff879565;89c6c7610fa1e36991e61ca9d0a13a3a	27795439;1401967899;1525652266		human feces_11045
DRR171920	PRJDB4176	SAMD00114972	DRS091019	SAMD00114972	DRX162532		PAIRED	WGS	METAGENOMIC	ILLUMINA	Illumina HiSeq 2500	21186385	5971689010	ftp.sra.ebi.ac.uk/vol1/fastq/DRR171/DRR171920/DRR171920.fastq.gz;ftp.sra.ebi.ac.uk/vol1/fastq/DRR171/DRR171920/DRR171920_1.fastq.gz;ftp.sra.ebi.ac.uk/vol1/fastq/DRR171/DRR171920/DRR171920_2.fastq.gz	118f64f2c5217580b24cc5f9fc9ece01;a7c479dd22d5f0594399394b0755c88d;1ccc9b95919b007a839e0f31083c20fb	144227298;1985436816;2183425820		human feces_10033
DRR171645	PRJDB4176	SAMD00164955	DRS091307	SAMD00164955	DRX162257		PAIRED	WGS	METAGENOMIC	ILLUMINA	Illumina HiSeq 2500	30292289	8696081351	ftp.sra.ebi.ac.uk/vol1/fastq/DRR171/DRR171645/DRR171645.fastq.gz;ftp.sra.ebi.ac.uk/vol1/fastq/DRR171/DRR171645/DRR171645_1.fastq.gz;ftp.sra.ebi.ac.uk/vol1/fastq/DRR171/DRR171645/DRR171645_2.fastq.gz	f5dfde31c3d5cff2aa3e1c7792aecbe5;1727c6284163d9e4d216e22e473ce4e2;b8cee724f75f8077b0aeedafae754ab5	85154240;2934471730;3048648975		human feces_11607
DRR171933	PRJDB4176	SAMD00114989	DRS091032	SAMD00114989	DRX162545		PAIRED	WGS	METAGENOMIC	ILLUMINA	Illumina HiSeq 2500	34706744	9693993545	ftp.sra.ebi.ac.uk/vol1/fastq/DRR171/DRR171933/DRR171933.fastq.gz;ftp.sra.ebi.ac.uk/vol1/fastq/DRR171/DRR171933/DRR171933_1.fastq.gz;ftp.sra.ebi.ac.uk/vol1/fastq/DRR171/DRR171933/DRR171933_2.fastq.gz	a68f7b1d5d80d639c3163c320e8fa301;08157a6791e90f2d1d512dbaddcb0759;5df5878ffd78d96a105948c87f4baa2f	205453423;3291935750;3590647445		human feces_10269
DRR171550	PRJDB4176	SAMD00164860	DRS091212	SAMD00164860	DRX162162		PAIRED	WGS	METAGENOMIC	ILLUMINA	Illumina HiSeq 2500	22584393	6577173296	ftp.sra.ebi.ac.uk/vol1/fastq/DRR171/DRR171550/DRR171550.fastq.gz;ftp.sra.ebi.ac.uk/vol1/fastq/DRR171/DRR171550/DRR171550_1.fastq.gz;ftp.sra.ebi.ac.uk/vol1/fastq/DRR171/DRR171550/DRR171550_2.fastq.gz	b0f26e4161092d12447d178d95b773f2;1f21f80b2a22ac2d4f0c317af603ac26;827834136384f06b11ef7222475423cd	85325107;2121186739;2236438374		human feces_11097
DRR171646	PRJDB4176	SAMD00164956	DRS091308	SAMD00164956	DRX162258		PAIRED	WGS	METAGENOMIC	ILLUMINA	Illumina HiSeq 2500	23610397	6862761524	ftp.sra.ebi.ac.uk/vol1/fastq/DRR171/DRR171646/DRR171646.fastq.gz;ftp.sra.ebi.ac.uk/vol1/fastq/DRR171/DRR171646/DRR171646_1.fastq.gz;ftp.sra.ebi.ac.uk/vol1/fastq/DRR171/DRR171646/DRR171646_2.fastq.gz	70514ea25f23b71f41249b29fb02a98c;e80baa79dbe8e4c2025907062b5a0c7b;6c958b3c0fc62826ec92e75f38c8a413	103912330;2327121836;2434844785		human feces_11626
DRR171944	PRJDB4176	SAMD00115006	DRS091043	SAMD00115006	DRX162556		PAIRED	WGS	METAGENOMIC	ILLUMINA	Illumina HiSeq 2500	25808446	7100503212	ftp.sra.ebi.ac.uk/vol1/fastq/DRR171/DRR171944/DRR171944.fastq.gz;ftp.sra.ebi.ac.uk/vol1/fastq/DRR171/DRR171944/DRR171944_1.fastq.gz;ftp.sra.ebi.ac.uk/vol1/fastq/DRR171/DRR171944/DRR171944_2.fastq.gz	7c3ce345b6bf23468f2776b7d29ead92;5bb422348792897e57f53d461d80a856;6ffc8123d6ab40316ebc92520d0a5fdc	125692215;2498568688;2601611373		human feces_10366
DRR171552	PRJDB4176	SAMD00164862	DRS091214	SAMD00164862	DRX162164		PAIRED	WGS	METAGENOMIC	ILLUMINA	Illumina HiSeq 2500	20538847	6017006200	ftp.sra.ebi.ac.uk/vol1/fastq/DRR171/DRR171552/DRR171552.fastq.gz;ftp.sra.ebi.ac.uk/vol1/fastq/DRR171/DRR171552/DRR171552_1.fastq.gz;ftp.sra.ebi.ac.uk/vol1/fastq/DRR171/DRR171552/DRR171552_2.fastq.gz	51edda7429c64c4242424461f9534ec5;626fd06bc008ee74d9aabd3894a06cc7;6c2f308c011fae9a6e9a453f55179d73	72406890;1759577844;1901596935		human feces_11106
DRR171649	PRJDB4176	SAMD00164959	DRS091311	SAMD00164959	DRX162261		PAIRED	WGS	METAGENOMIC	ILLUMINA	Illumina HiSeq 2500	26444070	7613774250	ftp.sra.ebi.ac.uk/vol1/fastq/DRR171/DRR171649/DRR171649.fastq.gz;ftp.sra.ebi.ac.uk/vol1/fastq/DRR171/DRR171649/DRR171649_1.fastq.gz;ftp.sra.ebi.ac.uk/vol1/fastq/DRR171/DRR171649/DRR171649_2.fastq.gz	28b68a57fc773af1e780b5b8c23c82eb;c16a4afe0196448d1975cc2f52f6a004;9246041e09cf366f46e01f41781974c3	66648753;2522887053;2670527256		human feces_11667
DRR171947	PRJDB4176	SAMD00115011	DRS091046	SAMD00115011	DRX162559		PAIRED	WGS	METAGENOMIC	ILLUMINA	Illumina HiSeq 2500	24705328	6775054102	ftp.sra.ebi.ac.uk/vol1/fastq/DRR171/DRR171947/DRR171947.fastq.gz;ftp.sra.ebi.ac.uk/vol1/fastq/DRR171/DRR171947/DRR171947_1.fastq.gz;ftp.sra.ebi.ac.uk/vol1/fastq/DRR171/DRR171947/DRR171947_2.fastq.gz	7715f742150641196f690729a8080462;f04f11aa075d61b0989e3a8f7905691f;efb57ae8127f9f8041dae5c70485b72c	101529429;2422343211;2529601605		human feces_10377
DRR171950	PRJDB4176	SAMD00115015	DRS091049	SAMD00115015	DRX162562		PAIRED	WGS	METAGENOMIC	ILLUMINA	Illumina HiSeq 2500	29134858	7882570364	ftp.sra.ebi.ac.uk/vol1/fastq/DRR171/DRR171950/DRR171950.fastq.gz;ftp.sra.ebi.ac.uk/vol1/fastq/DRR171/DRR171950/DRR171950_1.fastq.gz;ftp.sra.ebi.ac.uk/vol1/fastq/DRR171/DRR171950/DRR171950_2.fastq.gz	8a67361bcbb3b8f806347994940c0c56;6c13bf47d043b58c1a2c89c0c3df6667;4eaf3010cc712c7f1d65bf65549778be	339682626;2615567321;3074299611		human feces_10023
DRR171650	PRJDB4176	SAMD00164960	DRS091312	SAMD00164960	DRX162262		PAIRED	WGS	METAGENOMIC	ILLUMINA	Illumina HiSeq 2500	17233529	4971962818	ftp.sra.ebi.ac.uk/vol1/fastq/DRR171/DRR171650/DRR171650.fastq.gz;ftp.sra.ebi.ac.uk/vol1/fastq/DRR171/DRR171650/DRR171650_1.fastq.gz;ftp.sra.ebi.ac.uk/vol1/fastq/DRR171/DRR171650/DRR171650_2.fastq.gz	caa4ebed9a6c93bc8c5709ab0aebeacb;387e4b38b96b6b21585fe2b676aa2905;a6ddb17e6ad777d2529d48051b9913b0	41242631;1680422982;1716737832		human feces_11675
DRR171566	PRJDB4176	SAMD00164876	DRS091228	SAMD00164876	DRX162178		PAIRED	WGS	METAGENOMIC	ILLUMINA	Illumina HiSeq 2500	19373535	5690590906	ftp.sra.ebi.ac.uk/vol1/fastq/DRR171/DRR171566/DRR171566.fastq.gz;ftp.sra.ebi.ac.uk/vol1/fastq/DRR171/DRR171566/DRR171566_1.fastq.gz;ftp.sra.ebi.ac.uk/vol1/fastq/DRR171/DRR171566/DRR171566_2.fastq.gz	ead3d100a07a4e11b02224e13538b523;1cebfd49b87c4638f1005b5ca522a394;348948e3c993a2b0a5b7c8797b6b3911	51819168;1667515333;1766240537		human feces_11209
DRR171954	PRJDB4176	SAMD00115019	DRS091053	SAMD00115019	DRX162566		PAIRED	WGS	METAGENOMIC	ILLUMINA	Illumina HiSeq 2500	30949331	8506268054	ftp.sra.ebi.ac.uk/vol1/fastq/DRR171/DRR171954/DRR171954.fastq.gz;ftp.sra.ebi.ac.uk/vol1/fastq/DRR171/DRR171954/DRR171954_1.fastq.gz;ftp.sra.ebi.ac.uk/vol1/fastq/DRR171/DRR171954/DRR171954_2.fastq.gz	7dd67712c7227973b73992de5359eafe;290126800e3f4bd707e8bb396f8a5ed5;ec8027a82318d4e5532a3dae848c09f8	128284603;2994310720;3103579241		human feces_10046
DRR171655	PRJDB4176	SAMD00164965	DRS091317	SAMD00164965	DRX162267		PAIRED	WGS	METAGENOMIC	ILLUMINA	Illumina HiSeq 2500	23733121	6842231607	ftp.sra.ebi.ac.uk/vol1/fastq/DRR171/DRR171655/DRR171655.fastq.gz;ftp.sra.ebi.ac.uk/vol1/fastq/DRR171/DRR171655/DRR171655_1.fastq.gz;ftp.sra.ebi.ac.uk/vol1/fastq/DRR171/DRR171655/DRR171655_2.fastq.gz	62a30c57ddff6841ba09cd827faa12f4;6d04c2af5ac74dba33cf33a7edabc450;820ab9d38f04f0e13859618118c1b307	82551192;2291935827;2447413747		human feces_11754
DRR171568	PRJDB4176	SAMD00164878	DRS091230	SAMD00164878	DRX162180		PAIRED	WGS	METAGENOMIC	ILLUMINA	Illumina HiSeq 2500	13522453	3950667801	ftp.sra.ebi.ac.uk/vol1/fastq/DRR171/DRR171568/DRR171568.fastq.gz;ftp.sra.ebi.ac.uk/vol1/fastq/DRR171/DRR171568/DRR171568_1.fastq.gz;ftp.sra.ebi.ac.uk/vol1/fastq/DRR171/DRR171568/DRR171568_2.fastq.gz	3f0a77904ad8caccf89ef952687f17ad;a304cbd751d196090722785bd30a59c3;0a082048498b5b5a546154b0dcf71b83	78562598;1150843039;1267518421		human feces_11213
DRR171958	PRJDB4176	SAMD00115026	DRS091057	SAMD00115026	DRX162570		PAIRED	WGS	METAGENOMIC	ILLUMINA	Illumina HiSeq 2500	22036786	6150202757	ftp.sra.ebi.ac.uk/vol1/fastq/DRR171/DRR171958/DRR171958.fastq.gz;ftp.sra.ebi.ac.uk/vol1/fastq/DRR171/DRR171958/DRR171958_1.fastq.gz;ftp.sra.ebi.ac.uk/vol1/fastq/DRR171/DRR171958/DRR171958_2.fastq.gz	14ce6b22e20f34617e55fde29fd29b43;9d0a640a6e9f46780bfa4e334d2dc41a;ed7483cbf90fd6f9cccfee3366935e93	148402987;2096932991;2255000404		human feces_10073
DRR171657	PRJDB4176	SAMD00164967	DRS091319	SAMD00164967	DRX162269		PAIRED	WGS	METAGENOMIC	ILLUMINA	Illumina HiSeq 2500	22614053	6539623809	ftp.sra.ebi.ac.uk/vol1/fastq/DRR171/DRR171657/DRR171657.fastq.gz;ftp.sra.ebi.ac.uk/vol1/fastq/DRR171/DRR171657/DRR171657_1.fastq.gz;ftp.sra.ebi.ac.uk/vol1/fastq/DRR171/DRR171657/DRR171657_2.fastq.gz	9c073974b8ceffdec460bcb2296ce79c;55be763e82d247c014a1e29ad89f9e9c;ab85684cb004d37adc95a4d722cb3393	64557519;2175117118;2256475401		human feces_11796
DRR171968	PRJDB4176	SAMD00115037	DRS091067	SAMD00115037	DRX162580		PAIRED	WGS	METAGENOMIC	ILLUMINA	Illumina HiSeq 2500	17414666	4946608195	ftp.sra.ebi.ac.uk/vol1/fastq/DRR171/DRR171968/DRR171968.fastq.gz;ftp.sra.ebi.ac.uk/vol1/fastq/DRR171/DRR171968/DRR171968_1.fastq.gz;ftp.sra.ebi.ac.uk/vol1/fastq/DRR171/DRR171968/DRR171968_2.fastq.gz	02b4b369db8c55e0ae3630e92469ac9f;d6ebff9563d4408ba96c52a0c2bd6f6f;63205740c20e12ba549d6f3d1be96c8b	158480616;1739726309;1872976741		human feces_10120
DRR171573	PRJDB4176	SAMD00164883	DRS091235	SAMD00164883	DRX162185		PAIRED	WGS	METAGENOMIC	ILLUMINA	Illumina HiSeq 2500	23698859	6754265326	ftp.sra.ebi.ac.uk/vol1/fastq/DRR171/DRR171573/DRR171573.fastq.gz;ftp.sra.ebi.ac.uk/vol1/fastq/DRR171/DRR171573/DRR171573_1.fastq.gz;ftp.sra.ebi.ac.uk/vol1/fastq/DRR171/DRR171573/DRR171573_2.fastq.gz	f0ae4d2b9da3d2b17aa269fa0af54f62;3a345d94c44eaf0e6d158be486ac7582;4b4949499ac3b71f895b9d034944d017	88147693;2052138862;2142885098		human feces_11237
DRR171659	PRJDB4176	SAMD00164969	DRS091321	SAMD00164969	DRX162271		PAIRED	WGS	METAGENOMIC	ILLUMINA	Illumina HiSeq 2500	26620354	7788100701	ftp.sra.ebi.ac.uk/vol1/fastq/DRR171/DRR171659/DRR171659.fastq.gz;ftp.sra.ebi.ac.uk/vol1/fastq/DRR171/DRR171659/DRR171659_1.fastq.gz;ftp.sra.ebi.ac.uk/vol1/fastq/DRR171/DRR171659/DRR171659_2.fastq.gz	5e72593587de04f67a5d1c17a3735610;ac5ef0083f47b2e5d65555eec1807040;5701f65726fb90aaca4259a08e081e7a	102121146;2478916622;2547170209		human feces_11818
DRR171969	PRJDB4176	SAMD00115038	DRS091068	SAMD00115038	DRX162581		PAIRED	WGS	METAGENOMIC	ILLUMINA	Illumina HiSeq 2500	18756000	5301083186	ftp.sra.ebi.ac.uk/vol1/fastq/DRR171/DRR171969/DRR171969.fastq.gz;ftp.sra.ebi.ac.uk/vol1/fastq/DRR171/DRR171969/DRR171969_1.fastq.gz;ftp.sra.ebi.ac.uk/vol1/fastq/DRR171/DRR171969/DRR171969_2.fastq.gz	30068e39ea60b0a67d12c85ccaef2a56;214ab83a42a6d6775d0864d28c9bc8d5;3cd161f1968968d417c4134a8341930d	165532587;1903934808;1995460443		human feces_10368
DRR171973	PRJDB4176	SAMD00115042	DRS091072	SAMD00115042	DRX162585		PAIRED	WGS	METAGENOMIC	ILLUMINA	Illumina HiSeq 2500	27791779	7732516905	ftp.sra.ebi.ac.uk/vol1/fastq/DRR171/DRR171973/DRR171973.fastq.gz;ftp.sra.ebi.ac.uk/vol1/fastq/DRR171/DRR171973/DRR171973_1.fastq.gz;ftp.sra.ebi.ac.uk/vol1/fastq/DRR171/DRR171973/DRR171973_2.fastq.gz	d41725d4568426c7b39c9a32d514d357;4916d5a4136a74718d44a8b458931dbc;f4bf83b4b6d2f8da05cb4ba2d2e649b4	126736027;2680226683;2816524342		human feces_10230
DRR171585	PRJDB4176	SAMD00164895	DRS091247	SAMD00164895	DRX162197		PAIRED	WGS	METAGENOMIC	ILLUMINA	Illumina HiSeq 2500	19856508	5847408696	ftp.sra.ebi.ac.uk/vol1/fastq/DRR171/DRR171585/DRR171585.fastq.gz;ftp.sra.ebi.ac.uk/vol1/fastq/DRR171/DRR171585/DRR171585_1.fastq.gz;ftp.sra.ebi.ac.uk/vol1/fastq/DRR171/DRR171585/DRR171585_2.fastq.gz	9377e897584752a36b8ffc390c60df80;025c1f96a7945625d42627028f83764c;a47ffdae92c3b03f11827827525f7e5c	47259804;1636490453;1737365512		human feces_11343
DRR171663	PRJDB4176	SAMD00164973	DRS091325	SAMD00164973	DRX162275		PAIRED	WGS	METAGENOMIC	ILLUMINA	Illumina HiSeq 2500	25284750	7274795945	ftp.sra.ebi.ac.uk/vol1/fastq/DRR171/DRR171663/DRR171663.fastq.gz;ftp.sra.ebi.ac.uk/vol1/fastq/DRR171/DRR171663/DRR171663_1.fastq.gz;ftp.sra.ebi.ac.uk/vol1/fastq/DRR171/DRR171663/DRR171663_2.fastq.gz	75916020b30427ed178a2c389f4122ed;1ac72b7c53b3fa0594353e16485ad459;de0f61ce993d38b4e318969a3c1795d9	208957350;2265523240;2422887471		human feces_11822
DRR171980	PRJDB4176	SAMD00115049	DRS091079	SAMD00115049	DRX162592		PAIRED	WGS	METAGENOMIC	ILLUMINA	Illumina HiSeq 2500	22678175	6331367226	ftp.sra.ebi.ac.uk/vol1/fastq/DRR171/DRR171980/DRR171980.fastq.gz;ftp.sra.ebi.ac.uk/vol1/fastq/DRR171/DRR171980/DRR171980_1.fastq.gz;ftp.sra.ebi.ac.uk/vol1/fastq/DRR171/DRR171980/DRR171980_2.fastq.gz	8a3ff923f9a536a5a76d3f120c6c3533;ff032a5fc187f90ac97ab0deef951f51;d80ff9ef281b827818f85e3c21cb3a06	111253686;2143041728;2311665965		human feces_10280
DRR171668	PRJDB4176	SAMD00164978	DRS091330	SAMD00164978	DRX162280		PAIRED	WGS	METAGENOMIC	ILLUMINA	Illumina HiSeq 2500	28882420	8316852378	ftp.sra.ebi.ac.uk/vol1/fastq/DRR171/DRR171668/DRR171668.fastq.gz;ftp.sra.ebi.ac.uk/vol1/fastq/DRR171/DRR171668/DRR171668_1.fastq.gz;ftp.sra.ebi.ac.uk/vol1/fastq/DRR171/DRR171668/DRR171668_2.fastq.gz	fa8f05112fccfd74ecbcbdf52450c60a;459ca8715a9c0c69ef2948bbe836418a;0c992975596a64d800f3f3ab68a8b96a	86579158;2906490943;3076424982		human feces_11835
DRR171587	PRJDB4176	SAMD00164897	DRS091249	SAMD00164897	DRX162199		PAIRED	WGS	METAGENOMIC	ILLUMINA	Illumina HiSeq 2500	18879475	5545016057	ftp.sra.ebi.ac.uk/vol1/fastq/DRR171/DRR171587/DRR171587.fastq.gz;ftp.sra.ebi.ac.uk/vol1/fastq/DRR171/DRR171587/DRR171587_1.fastq.gz;ftp.sra.ebi.ac.uk/vol1/fastq/DRR171/DRR171587/DRR171587_2.fastq.gz	53222ea85c73a8f985bcbe0e3a0cad96;d92cf706551f672588f2833bf8fdef06;83bdbff9276f19fa55312748a2b9aaf6	44778725;1551840169;1649844206		human feces_11369
DRR171981	PRJDB4176	SAMD00115050	DRS091080	SAMD00115050	DRX162593		PAIRED	WGS	METAGENOMIC	ILLUMINA	Illumina HiSeq 2500	45804258	12771817634	ftp.sra.ebi.ac.uk/vol1/fastq/DRR171/DRR171981/DRR171981.fastq.gz;ftp.sra.ebi.ac.uk/vol1/fastq/DRR171/DRR171981/DRR171981_1.fastq.gz;ftp.sra.ebi.ac.uk/vol1/fastq/DRR171/DRR171981/DRR171981_2.fastq.gz	45fbc512d455f2e32a335bee61825f9d;a0a60255371bd8b71896f367928d6552;2cd84483bcae0b3838f45674d772ef41	251999685;4354276618;4751060498		human feces_10281
DRR171675	PRJDB4176	SAMD00164985	DRS091337	SAMD00164985	DRX162287		PAIRED	WGS	METAGENOMIC	ILLUMINA	Illumina HiSeq 2500	21356079	6276118654	ftp.sra.ebi.ac.uk/vol1/fastq/DRR171/DRR171675/DRR171675.fastq.gz;ftp.sra.ebi.ac.uk/vol1/fastq/DRR171/DRR171675/DRR171675_1.fastq.gz;ftp.sra.ebi.ac.uk/vol1/fastq/DRR171/DRR171675/DRR171675_2.fastq.gz	1e41e899285fc75ae8250d98abb0cc87;11ab63687e53bab7145dcbb31bae9a74;a88b82a2a578f3c1fb1a7913e4b60156	64059065;2018487273;2102699178		human feces_11881
DRR171591	PRJDB4176	SAMD00164901	DRS091253	SAMD00164901	DRX162203		PAIRED	WGS	METAGENOMIC	ILLUMINA	Illumina HiSeq 2500	22036779	6447759612	ftp.sra.ebi.ac.uk/vol1/fastq/DRR171/DRR171591/DRR171591.fastq.gz;ftp.sra.ebi.ac.uk/vol1/fastq/DRR171/DRR171591/DRR171591_1.fastq.gz;ftp.sra.ebi.ac.uk/vol1/fastq/DRR171/DRR171591/DRR171591_2.fastq.gz	a57ea41037220a732f7a8f8ab2dff5c0;ea4db11fe81908faa182374349d01285;c6ca2deeeb440de13483f049e8b53dd9	90771170;1807449554;1956393491		human feces_11409
DRR171985	PRJDB4176	SAMD00115054	DRS091084	SAMD00115054	DRX162597		PAIRED	WGS	METAGENOMIC	ILLUMINA	Illumina HiSeq 2500	23660131	6560527186	ftp.sra.ebi.ac.uk/vol1/fastq/DRR171/DRR171985/DRR171985.fastq.gz;ftp.sra.ebi.ac.uk/vol1/fastq/DRR171/DRR171985/DRR171985_1.fastq.gz;ftp.sra.ebi.ac.uk/vol1/fastq/DRR171/DRR171985/DRR171985_2.fastq.gz	fd25effa0fa9b7c2fc3b2da4fefd4d49;156909057af939ff17db31fb6a6f129e;73c1e4b46bf7e155741405ecbeb74450	167205191;2271450766;2418534865		human feces_10286
DRR171676	PRJDB4176	SAMD00164986	DRS091338	SAMD00164986	DRX162288		PAIRED	WGS	METAGENOMIC	ILLUMINA	Illumina HiSeq 2500	24843404	7263363014	ftp.sra.ebi.ac.uk/vol1/fastq/DRR171/DRR171676/DRR171676.fastq.gz;ftp.sra.ebi.ac.uk/vol1/fastq/DRR171/DRR171676/DRR171676_1.fastq.gz;ftp.sra.ebi.ac.uk/vol1/fastq/DRR171/DRR171676/DRR171676_2.fastq.gz	541eb6300985ac109d35de6136e548a5;ea244af935d2592060eca18236cfad1e;d83addf94334d9df0559b0593b6bc7c1	116723131;2278687866;2393448077		human feces_11885
DRR171598	PRJDB4176	SAMD00164908	DRS091260	SAMD00164908	DRX162210		PAIRED	WGS	METAGENOMIC	ILLUMINA	Illumina HiSeq 2500	22074743	6488394561	ftp.sra.ebi.ac.uk/vol1/fastq/DRR171/DRR171598/DRR171598.fastq.gz;ftp.sra.ebi.ac.uk/vol1/fastq/DRR171/DRR171598/DRR171598_1.fastq.gz;ftp.sra.ebi.ac.uk/vol1/fastq/DRR171/DRR171598/DRR171598_2.fastq.gz	74fec78c97ef01bf318457c4e80bd045;0f324c6040f8665495eba088fb3ef674;d5bf2150929b0820643b301ff7d1dc5d	63907901;1822400615;1921006486		human feces_11431
DRR171991	PRJDB4176	SAMD00115060	DRS091090	SAMD00115060	DRX162603		PAIRED	WGS	METAGENOMIC	ILLUMINA	Illumina HiSeq 2500	35491037	9720433054	ftp.sra.ebi.ac.uk/vol1/fastq/DRR171/DRR171991/DRR171991.fastq.gz;ftp.sra.ebi.ac.uk/vol1/fastq/DRR171/DRR171991/DRR171991_1.fastq.gz;ftp.sra.ebi.ac.uk/vol1/fastq/DRR171/DRR171991/DRR171991_2.fastq.gz	a92a64939e962c5495f2f1159f652d51;fb65c4f970a3d7b6b7a06eac6acd97e4;99a176aa70cff576aa867fda8de073a4	154953617;3329840206;3457283533		human feces_10076
DRR171687	PRJDB4176	SAMD00164997	DRS091349	SAMD00164997	DRX162299		PAIRED	WGS	METAGENOMIC	ILLUMINA	Illumina HiSeq 2500	20073709	5801190876	ftp.sra.ebi.ac.uk/vol1/fastq/DRR171/DRR171687/DRR171687.fastq.gz;ftp.sra.ebi.ac.uk/vol1/fastq/DRR171/DRR171687/DRR171687_1.fastq.gz;ftp.sra.ebi.ac.uk/vol1/fastq/DRR171/DRR171687/DRR171687_2.fastq.gz	f97f5e3fd1e2cb7bd614b0aee317dd91;1d1168f13273a20eb5075bcb3e110590;3a8d75f2ed71d84b59b89ec0ee9a4149	66667680;1818346828;1863139006		human feces_11929
DRR171600	PRJDB4176	SAMD00164910	DRS091262	SAMD00164910	DRX162212		PAIRED	WGS	METAGENOMIC	ILLUMINA	Illumina HiSeq 2500	24948342	7204224358	ftp.sra.ebi.ac.uk/vol1/fastq/DRR171/DRR171600/DRR171600.fastq.gz;ftp.sra.ebi.ac.uk/vol1/fastq/DRR171/DRR171600/DRR171600_1.fastq.gz;ftp.sra.ebi.ac.uk/vol1/fastq/DRR171/DRR171600/DRR171600_2.fastq.gz	ea085b0e14d175f14697836c51bc15ac;ed54eb2bd5067819937833bf80809aad;bb798473402abbaa3b983a1211cf4371	49531032;2455701397;2592590686		human feces_11433
DRR171992	PRJDB4176	SAMD00115061	DRS091091	SAMD00115061	DRX162604		PAIRED	WGS	METAGENOMIC	ILLUMINA	Illumina HiSeq 2500	23432406	6406611719	ftp.sra.ebi.ac.uk/vol1/fastq/DRR171/DRR171992/DRR171992.fastq.gz;ftp.sra.ebi.ac.uk/vol1/fastq/DRR171/DRR171992/DRR171992_1.fastq.gz;ftp.sra.ebi.ac.uk/vol1/fastq/DRR171/DRR171992/DRR171992_2.fastq.gz	2f3b9d184c3cdd2e89cf47c5e6418570;268a0cda134841ff065952a94d610fa6;d65a1b0e0076897ade2d1b8805f7f00b	199578106;2149225642;2433189835		human feces_10077
DRR171701	PRJDB4176	SAMD00165011	DRS091363	SAMD00165011	DRX162313		PAIRED	WGS	METAGENOMIC	ILLUMINA	Illumina HiSeq 2500	26410354	7695930190	ftp.sra.ebi.ac.uk/vol1/fastq/DRR171/DRR171701/DRR171701.fastq.gz;ftp.sra.ebi.ac.uk/vol1/fastq/DRR171/DRR171701/DRR171701_1.fastq.gz;ftp.sra.ebi.ac.uk/vol1/fastq/DRR171/DRR171701/DRR171701_2.fastq.gz	008d19d98a0fa87410f665a38e482ce8;10af748a960815c0f02d1bc2a718ab96;7d127621412526572fb883851047750a	123795841;2614730603;2827604797		human feces_12002
DRR171995	PRJDB4176	SAMD00115064	DRS091094	SAMD00115064	DRX162607		PAIRED	WGS	METAGENOMIC	ILLUMINA	Illumina HiSeq 2500	19372629	5465745088	ftp.sra.ebi.ac.uk/vol1/fastq/DRR171/DRR171995/DRR171995.fastq.gz;ftp.sra.ebi.ac.uk/vol1/fastq/DRR171/DRR171995/DRR171995_1.fastq.gz;ftp.sra.ebi.ac.uk/vol1/fastq/DRR171/DRR171995/DRR171995_2.fastq.gz	13d2e74bbbd2a6f76d970743819473db;f1653ad2b28e2dc8739fd4a074846d94;4d5005549b40173092bb88267c69f617	138005226;1876461509;2043260091		human feces_10066
DRR171601	PRJDB4176	SAMD00164911	DRS091263	SAMD00164911	DRX162213		PAIRED	WGS	METAGENOMIC	ILLUMINA	Illumina HiSeq 2500	25340408	7375402725	ftp.sra.ebi.ac.uk/vol1/fastq/DRR171/DRR171601/DRR171601.fastq.gz;ftp.sra.ebi.ac.uk/vol1/fastq/DRR171/DRR171601/DRR171601_1.fastq.gz;ftp.sra.ebi.ac.uk/vol1/fastq/DRR171/DRR171601/DRR171601_2.fastq.gz	49f0797e4ad6b4d5c0865a41df42a050;05eabc3416915102b3777dcf87799775;0222eb1a2372305960af31578439664f	122504682;2535311561;2691183406		human feces_11434
DRR171704	PRJDB4176	SAMD00165014	DRS091366	SAMD00165014	DRX162316		PAIRED	WGS	METAGENOMIC	ILLUMINA	Illumina HiSeq 2500	25539876	7408090601	ftp.sra.ebi.ac.uk/vol1/fastq/DRR171/DRR171704/DRR171704.fastq.gz;ftp.sra.ebi.ac.uk/vol1/fastq/DRR171/DRR171704/DRR171704_1.fastq.gz;ftp.sra.ebi.ac.uk/vol1/fastq/DRR171/DRR171704/DRR171704_2.fastq.gz	91a30d1cc8401447a758133c589abec5;b5c2fc373deda0f124ae9bba74dc8bad;dfdf7f3b5018ede8c53aac5b4c074734	75327123;2394339317;2564353900		human feces_12014
DRR172001	PRJDB4176	SAMD00115070	DRS091100	SAMD00115070	DRX162613		PAIRED	WGS	METAGENOMIC	ILLUMINA	Illumina HiSeq 2500	15687465	4442409940	ftp.sra.ebi.ac.uk/vol1/fastq/DRR172/DRR172001/DRR172001.fastq.gz;ftp.sra.ebi.ac.uk/vol1/fastq/DRR172/DRR172001/DRR172001_1.fastq.gz;ftp.sra.ebi.ac.uk/vol1/fastq/DRR172/DRR172001/DRR172001_2.fastq.gz	fc01711bced19b226d78c36fce4887d8;5d45c25ecb996d607314f7984973c315;c97e1b6ab26a472b87876c1cf0f34e50	13254890;1280767523;1315659349		human feces_10462.1
DRR171613	PRJDB4176	SAMD00164923	DRS091275	SAMD00164923	DRX162225		PAIRED	WGS	METAGENOMIC	ILLUMINA	Illumina HiSeq 2500	25811542	7525821065	ftp.sra.ebi.ac.uk/vol1/fastq/DRR171/DRR171613/DRR171613.fastq.gz;ftp.sra.ebi.ac.uk/vol1/fastq/DRR171/DRR171613/DRR171613_1.fastq.gz;ftp.sra.ebi.ac.uk/vol1/fastq/DRR171/DRR171613/DRR171613_2.fastq.gz	be4efce0018d9dff1bcd8ca06993b044;63783a65dd31b0165706b03b450c2329;4b10ffdb28be8b1b8b1b66e9ea874daa	100953793;2610582926;2778955989		human feces_11459
DRR171706	PRJDB4176	SAMD00165016	DRS091368	SAMD00165016	DRX162318		PAIRED	WGS	METAGENOMIC	ILLUMINA	Illumina HiSeq 2500	15116161	4317218419	ftp.sra.ebi.ac.uk/vol1/fastq/DRR171/DRR171706/DRR171706.fastq.gz;ftp.sra.ebi.ac.uk/vol1/fastq/DRR171/DRR171706/DRR171706_1.fastq.gz;ftp.sra.ebi.ac.uk/vol1/fastq/DRR171/DRR171706/DRR171706_2.fastq.gz	7f21844baf2d36ef6a4f0f53dd3b2bd0;21722f7ff819921ee48a6598751a47ac;4a3564c7ad07c76698f3b92f5afec87c	15790548;1333509568;1451089276		human feces_12020
DRR172008	PRJDB4176	SAMD00115077	DRS091107	SAMD00115077	DRX162620		PAIRED	WGS	METAGENOMIC	ILLUMINA	Illumina HiSeq 2500	15278514	4462519630	ftp.sra.ebi.ac.uk/vol1/fastq/DRR172/DRR172008/DRR172008.fastq.gz;ftp.sra.ebi.ac.uk/vol1/fastq/DRR172/DRR172008/DRR172008_1.fastq.gz;ftp.sra.ebi.ac.uk/vol1/fastq/DRR172/DRR172008/DRR172008_2.fastq.gz	e108430859b18c0e680c9ad174f8e228;1ecf10a63251deaba17f4ae107a03b1f;ba9cbf8a0ea952b915d172b525a9aa69	59884550;1292587409;1425853600		human feces_10323.1
DRR171719	PRJDB4176	SAMD00165029	DRS091381	SAMD00165029	DRX162331		PAIRED	WGS	METAGENOMIC	ILLUMINA	Illumina HiSeq 2500	28032018	8036238960	ftp.sra.ebi.ac.uk/vol1/fastq/DRR171/DRR171719/DRR171719.fastq.gz;ftp.sra.ebi.ac.uk/vol1/fastq/DRR171/DRR171719/DRR171719_1.fastq.gz;ftp.sra.ebi.ac.uk/vol1/fastq/DRR171/DRR171719/DRR171719_2.fastq.gz	32525c02fce9ffb88a994317ffa3c9c8;94ee93c0d67e9d8d1055e637af44e1f5;d5e1b7f114824a988c35203da9b5c34c	96882470;2810211446;2978715729		human feces_12276
DRR172014	PRJDB4176	SAMD00115083	DRS091113	SAMD00115083	DRX162626		PAIRED	WGS	METAGENOMIC	ILLUMINA	Illumina HiSeq 2500	24871101	7153867257	ftp.sra.ebi.ac.uk/vol1/fastq/DRR172/DRR172014/DRR172014.fastq.gz;ftp.sra.ebi.ac.uk/vol1/fastq/DRR172/DRR172014/DRR172014_1.fastq.gz;ftp.sra.ebi.ac.uk/vol1/fastq/DRR172/DRR172014/DRR172014_2.fastq.gz	c873d1a89f96238a3f7fcd97db776bfd;f5a963c71178add91389b177b673068e;57f772fd7a829125f97ab7abdb8db5fa	104403967;2157592658;2365108858		human feces_10118.1
DRR171720	PRJDB4176	SAMD00165030	DRS091382	SAMD00165030	DRX162332		PAIRED	WGS	METAGENOMIC	ILLUMINA	Illumina HiSeq 2500	22725269	6518055551	ftp.sra.ebi.ac.uk/vol1/fastq/DRR171/DRR171720/DRR171720.fastq.gz;ftp.sra.ebi.ac.uk/vol1/fastq/DRR171/DRR171720/DRR171720_1.fastq.gz;ftp.sra.ebi.ac.uk/vol1/fastq/DRR171/DRR171720/DRR171720_2.fastq.gz	0e8b234cce06b6d055628fdeb475c47c;5c67d68f9482d023d2d7308e0434adc1;a6e988941315b51444c689f6fb47afbe	108724334;2290465708;2433533425		human feces_12340
DRR171721	PRJDB4176	SAMD00165031	DRS091383	SAMD00165031	DRX162333		PAIRED	WGS	METAGENOMIC	ILLUMINA	Illumina HiSeq 2500	2388632	683997421	ftp.sra.ebi.ac.uk/vol1/fastq/DRR171/DRR171721/DRR171721.fastq.gz;ftp.sra.ebi.ac.uk/vol1/fastq/DRR171/DRR171721/DRR171721_1.fastq.gz;ftp.sra.ebi.ac.uk/vol1/fastq/DRR171/DRR171721/DRR171721_2.fastq.gz	422b31e15964586669903374e51ffba9;46a34f7937e2a92306c95ea15ce009d8;f59c4002d12dbd2c3e3e81b83c394b0e	15691237;224842707;241149049		human feces_12370
DRR171617	PRJDB4176	SAMD00164927	DRS091279	SAMD00164927	DRX162229		PAIRED	WGS	METAGENOMIC	ILLUMINA	Illumina HiSeq 2500	30659878	8825285006	ftp.sra.ebi.ac.uk/vol1/fastq/DRR171/DRR171617/DRR171617.fastq.gz;ftp.sra.ebi.ac.uk/vol1/fastq/DRR171/DRR171617/DRR171617_1.fastq.gz;ftp.sra.ebi.ac.uk/vol1/fastq/DRR171/DRR171617/DRR171617_2.fastq.gz	08a0f69e5806fa4bbc59c91cd211a084;3fe2c1bc7e738cdaacdb2665f5f5218b;57fc0cfc98db86a4712dcc9b58f669e9	114536901;3009381439;3197935014		human feces_11467
DRR171620	PRJDB4176	SAMD00164930	DRS091282	SAMD00164930	DRX162232		PAIRED	WGS	METAGENOMIC	ILLUMINA	Illumina HiSeq 2500	25637909	7498805818	ftp.sra.ebi.ac.uk/vol1/fastq/DRR171/DRR171620/DRR171620.fastq.gz;ftp.sra.ebi.ac.uk/vol1/fastq/DRR171/DRR171620/DRR171620_1.fastq.gz;ftp.sra.ebi.ac.uk/vol1/fastq/DRR171/DRR171620/DRR171620_2.fastq.gz	cc4ab013c6f6ad477a8643eb1625c087;0b1685f0d407a19f13bf06d740f0215f;cae65675ef5a3d10c374ae0f6ab26834	119730276;2326984000;2427018529		human feces_11475
DRR171726	PRJDB4176	SAMD00114720	DRS090825	SAMD00114720	DRX162338		PAIRED	WGS	METAGENOMIC	ILLUMINA	Illumina HiSeq 2500	19742364	5565512905	ftp.sra.ebi.ac.uk/vol1/fastq/DRR171/DRR171726/DRR171726.fastq.gz;ftp.sra.ebi.ac.uk/vol1/fastq/DRR171/DRR171726/DRR171726_1.fastq.gz;ftp.sra.ebi.ac.uk/vol1/fastq/DRR171/DRR171726/DRR171726_2.fastq.gz	92c925d96c4b19a0bc3e6dd8de3d9480;4892bdcd458287c20e981001f3c27f51;5c28f183e503303807a3d40c19b8d80b	250938728;1942392330;2159560825		human feces_10229
DRR171621	PRJDB4176	SAMD00164931	DRS091283	SAMD00164931	DRX162233		PAIRED	WGS	METAGENOMIC	ILLUMINA	Illumina HiSeq 2500	22745565	6602740376	ftp.sra.ebi.ac.uk/vol1/fastq/DRR171/DRR171621/DRR171621.fastq.gz;ftp.sra.ebi.ac.uk/vol1/fastq/DRR171/DRR171621/DRR171621_1.fastq.gz;ftp.sra.ebi.ac.uk/vol1/fastq/DRR171/DRR171621/DRR171621_2.fastq.gz	847e09a8025b4b489a92195490ef9a48;c215954d2bcf0c3efbdc389c032bbdeb;c9329e826a1e08a4a4d6c08d5492000b	94034045;2270475229;2425049058		human feces_11477
DRR171730	PRJDB4176	SAMD00114726	DRS090829	SAMD00114726	DRX162342		PAIRED	WGS	METAGENOMIC	ILLUMINA	Illumina HiSeq 2500	25413355	6886824356	ftp.sra.ebi.ac.uk/vol1/fastq/DRR171/DRR171730/DRR171730.fastq.gz;ftp.sra.ebi.ac.uk/vol1/fastq/DRR171/DRR171730/DRR171730_1.fastq.gz;ftp.sra.ebi.ac.uk/vol1/fastq/DRR171/DRR171730/DRR171730_2.fastq.gz	a3ab93e6ad5ad5b3deb43f2c13ade38c;a09061df8a196ed159671e47c6e7f07e;dc4d222c5d555c3c9e504849f47780fa	117805123;2405165324;2511542871		human feces_10330
DRR171734	PRJDB4176	SAMD00114732	DRS090833	SAMD00114732	DRX162346		PAIRED	WGS	METAGENOMIC	ILLUMINA	Illumina HiSeq 2500	28903602	7956333606	ftp.sra.ebi.ac.uk/vol1/fastq/DRR171/DRR171734/DRR171734.fastq.gz;ftp.sra.ebi.ac.uk/vol1/fastq/DRR171/DRR171734/DRR171734_1.fastq.gz;ftp.sra.ebi.ac.uk/vol1/fastq/DRR171/DRR171734/DRR171734_2.fastq.gz	9b8a0cfcaaf7c491246ac26a55d49538;c55ccae8e777315154037d70db9863ce;3ddb2db446c46d85a84ebe481646dc38	125160073;2753665719;2902674899		human feces_10323
DRR171629	PRJDB4176	SAMD00164939	DRS091291	SAMD00164939	DRX162241		PAIRED	WGS	METAGENOMIC	ILLUMINA	Illumina HiSeq 2500	40071391	11472687113	ftp.sra.ebi.ac.uk/vol1/fastq/DRR171/DRR171629/DRR171629.fastq.gz;ftp.sra.ebi.ac.uk/vol1/fastq/DRR171/DRR171629/DRR171629_1.fastq.gz;ftp.sra.ebi.ac.uk/vol1/fastq/DRR171/DRR171629/DRR171629_2.fastq.gz	a39e7fc813d3e8982a36340cd816bfc6;05ab5e91e3ce479a233c8f5a55f29566;0fffbd15bb33f7fa6470e95c0cc00823	116813327;3860000254;4069680661		human feces_11495
DRR171758	PRJDB4176	SAMD00114762	DRS090857	SAMD00114762	DRX162370		PAIRED	WGS	METAGENOMIC	ILLUMINA	Illumina HiSeq 2500	27404990	7275520780	ftp.sra.ebi.ac.uk/vol1/fastq/DRR171/DRR171758/DRR171758.fastq.gz;ftp.sra.ebi.ac.uk/vol1/fastq/DRR171/DRR171758/DRR171758_1.fastq.gz;ftp.sra.ebi.ac.uk/vol1/fastq/DRR171/DRR171758/DRR171758_2.fastq.gz	b8b8ad8430aca6a75219e748651b9ea4;f4a579ea21185a8bed4572d6f6eeac06;cf8b45286501bd145005e9f9cb30afa0	81700558;2514096669;2585949246		human feces_10177
DRR171768	PRJDB4176	SAMD00114776	DRS090867	SAMD00114776	DRX162380		PAIRED	WGS	METAGENOMIC	ILLUMINA	Illumina HiSeq 2500	31710176	8436320417	ftp.sra.ebi.ac.uk/vol1/fastq/DRR171/DRR171768/DRR171768.fastq.gz;ftp.sra.ebi.ac.uk/vol1/fastq/DRR171/DRR171768/DRR171768_1.fastq.gz;ftp.sra.ebi.ac.uk/vol1/fastq/DRR171/DRR171768/DRR171768_2.fastq.gz	a68c8606719bcd14ec45fafa63e9271f;f8865643d976623b2a81fa7ab9399dfe;6b92abb8abe58a70d1b301e1952db845	210217060;2955037592;3085041635		human feces_10308
DRR171770	PRJDB4176	SAMD00114779	DRS090869	SAMD00114779	DRX162382		PAIRED	WGS	METAGENOMIC	ILLUMINA	Illumina HiSeq 2500	28235993	7643727913	ftp.sra.ebi.ac.uk/vol1/fastq/DRR171/DRR171770/DRR171770.fastq.gz;ftp.sra.ebi.ac.uk/vol1/fastq/DRR171/DRR171770/DRR171770_1.fastq.gz;ftp.sra.ebi.ac.uk/vol1/fastq/DRR171/DRR171770/DRR171770_2.fastq.gz	cec197b2f09a12e96ae8f36ce657b3ea;68e4ea9b277ebd677f6438c2f81ca4fe;08bd520511986297bfc0cd698d2e2f74	168668809;2679762096;2776051641		human feces_10317
DRR171630	PRJDB4176	SAMD00164940	DRS091292	SAMD00164940	DRX162242		PAIRED	WGS	METAGENOMIC	ILLUMINA	Illumina HiSeq 2500	27087284	7807437801	ftp.sra.ebi.ac.uk/vol1/fastq/DRR171/DRR171630/DRR171630.fastq.gz;ftp.sra.ebi.ac.uk/vol1/fastq/DRR171/DRR171630/DRR171630_1.fastq.gz;ftp.sra.ebi.ac.uk/vol1/fastq/DRR171/DRR171630/DRR171630_2.fastq.gz	f8041731c1686ce4d4bbae7b02caed8a;56ed042cd5117da8e2a0ad9a9180047b;68aebfe3c9bde5f7fb10d4eecae563da	76363191;2630806361;2802934237		human feces_11498
DRR171773	PRJDB4176	SAMD00114785	DRS090872	SAMD00114785	DRX162385		PAIRED	WGS	METAGENOMIC	ILLUMINA	Illumina HiSeq 2500	22638323	6270504357	ftp.sra.ebi.ac.uk/vol1/fastq/DRR171/DRR171773/DRR171773.fastq.gz;ftp.sra.ebi.ac.uk/vol1/fastq/DRR171/DRR171773/DRR171773_1.fastq.gz;ftp.sra.ebi.ac.uk/vol1/fastq/DRR171/DRR171773/DRR171773_2.fastq.gz	c76eb790498d54e0331396abc4b8add9;98ef812841ca208a3bd99bbada86379f;fe371d0a96b487867a1a8a452c642a3f	102293091;2160845586;2286208096		human feces_10357
DRR171631	PRJDB4176	SAMD00164941	DRS091293	SAMD00164941	DRX162243		PAIRED	WGS	METAGENOMIC	ILLUMINA	Illumina HiSeq 2500	25309221	7334798130	ftp.sra.ebi.ac.uk/vol1/fastq/DRR171/DRR171631/DRR171631.fastq.gz;ftp.sra.ebi.ac.uk/vol1/fastq/DRR171/DRR171631/DRR171631_1.fastq.gz;ftp.sra.ebi.ac.uk/vol1/fastq/DRR171/DRR171631/DRR171631_2.fastq.gz	40800e27abe420da02f52b3a427cce40;23a3c2384507e07fc9f5ad7d9ae78a86;6f3158e9410ae8aa170dc93c6daca04c	64785085;2546772072;2668003746		human feces_11501
DRR171776	PRJDB4176	SAMD00114788	DRS090875	SAMD00114788	DRX162388		PAIRED	WGS	METAGENOMIC	ILLUMINA	Illumina HiSeq 2500	33489242	9119380141	ftp.sra.ebi.ac.uk/vol1/fastq/DRR171/DRR171776/DRR171776.fastq.gz;ftp.sra.ebi.ac.uk/vol1/fastq/DRR171/DRR171776/DRR171776_1.fastq.gz;ftp.sra.ebi.ac.uk/vol1/fastq/DRR171/DRR171776/DRR171776_2.fastq.gz	df7d078e7dba23cafbbbb3feaae396f6;69bf3e4d539d25c2ecd223f8865d1f1b;b53a9a85aa755aeab9c3a6a46e8aa7fa	149923532;3155562644;3311582604		human feces_10338
DRR171778	PRJDB4176	SAMD00114790	DRS090877	SAMD00114790	DRX162390		PAIRED	WGS	METAGENOMIC	ILLUMINA	Illumina HiSeq 2500	30143349	8273212940	ftp.sra.ebi.ac.uk/vol1/fastq/DRR171/DRR171778/DRR171778.fastq.gz;ftp.sra.ebi.ac.uk/vol1/fastq/DRR171/DRR171778/DRR171778_1.fastq.gz;ftp.sra.ebi.ac.uk/vol1/fastq/DRR171/DRR171778/DRR171778_2.fastq.gz	83a1136c549d48ae4714a40d4d2e407f;c76f4444264d176305297d449ac589fe;6f6ccc7a36adb352330ebca0d8887328	165435265;2847092444;3061736870		human feces_10345
DRR171634	PRJDB4176	SAMD00164944	DRS091296	SAMD00164944	DRX162246		PAIRED	WGS	METAGENOMIC	ILLUMINA	Illumina HiSeq 2500	26100463	7548796811	ftp.sra.ebi.ac.uk/vol1/fastq/DRR171/DRR171634/DRR171634.fastq.gz;ftp.sra.ebi.ac.uk/vol1/fastq/DRR171/DRR171634/DRR171634_1.fastq.gz;ftp.sra.ebi.ac.uk/vol1/fastq/DRR171/DRR171634/DRR171634_2.fastq.gz	02c213349bec1e8e75d9db5c33adfbf0;5bfa9a7746b50e29bfce4f1b8600d404;30a553cf159e5239bcd1db93c9b51c73	84082077;2574414643;2707763173		human feces_11510
DRR171792	PRJDB4176	SAMD00114808	DRS090891	SAMD00114808	DRX162404		PAIRED	WGS	METAGENOMIC	ILLUMINA	Illumina HiSeq 2500	23802972	6664730134	ftp.sra.ebi.ac.uk/vol1/fastq/DRR171/DRR171792/DRR171792.fastq.gz;ftp.sra.ebi.ac.uk/vol1/fastq/DRR171/DRR171792/DRR171792_1.fastq.gz;ftp.sra.ebi.ac.uk/vol1/fastq/DRR171/DRR171792/DRR171792_2.fastq.gz	638a974656b8459227c5c245ab9e7540;e2a4124ffa017f4090b4623de2878dad;e5e09d28c6ca38fceebb6ad8be439757	295488220;2571180118;2735832030		human feces_10464
DRR171636	PRJDB4176	SAMD00164946	DRS091298	SAMD00164946	DRX162248		PAIRED	WGS	METAGENOMIC	ILLUMINA	Illumina HiSeq 2500	21729585	6319047143	ftp.sra.ebi.ac.uk/vol1/fastq/DRR171/DRR171636/DRR171636.fastq.gz;ftp.sra.ebi.ac.uk/vol1/fastq/DRR171/DRR171636/DRR171636_1.fastq.gz;ftp.sra.ebi.ac.uk/vol1/fastq/DRR171/DRR171636/DRR171636_2.fastq.gz	22b36d9b3dbc1952dbd38e0f071deea4;0e3b2cea9f2ebc7dda65ce5358a2159e;b03629fbfa41b3c849c962e05265097e	56505241;2164041881;2266591660		human feces_11512
DRR171793	PRJDB4176	SAMD00114809	DRS090892	SAMD00114809	DRX162405		PAIRED	WGS	METAGENOMIC	ILLUMINA	Illumina HiSeq 2500	22820054	6462032081	ftp.sra.ebi.ac.uk/vol1/fastq/DRR171/DRR171793/DRR171793.fastq.gz;ftp.sra.ebi.ac.uk/vol1/fastq/DRR171/DRR171793/DRR171793_1.fastq.gz;ftp.sra.ebi.ac.uk/vol1/fastq/DRR171/DRR171793/DRR171793_2.fastq.gz	43624407e7770818530f9518e4f838cb;4ea4d45adb97e3efe56733c3843919d7;066b317db5c5aeb3083606ad366433df	185533935;2535916977;2646180575		human feces_10465
DRR171638	PRJDB4176	SAMD00164948	DRS091300	SAMD00164948	DRX162250		PAIRED	WGS	METAGENOMIC	ILLUMINA	Illumina HiSeq 2500	27044259	7730154620	ftp.sra.ebi.ac.uk/vol1/fastq/DRR171/DRR171638/DRR171638.fastq.gz;ftp.sra.ebi.ac.uk/vol1/fastq/DRR171/DRR171638/DRR171638_1.fastq.gz;ftp.sra.ebi.ac.uk/vol1/fastq/DRR171/DRR171638/DRR171638_2.fastq.gz	9d57b901d9409fed38910602ca86e00d;fb3ca465af4a1b77a6d1000b33e47af6;f32d97bab022f475dbe0697018c8710a	50043713;2680683984;2815900047		human feces_11518
DRR171794	PRJDB4176	SAMD00114810	DRS090893	SAMD00114810	DRX162406		PAIRED	WGS	METAGENOMIC	ILLUMINA	Illumina HiSeq 2500	25188396	6986208089	ftp.sra.ebi.ac.uk/vol1/fastq/DRR171/DRR171794/DRR171794.fastq.gz;ftp.sra.ebi.ac.uk/vol1/fastq/DRR171/DRR171794/DRR171794_1.fastq.gz;ftp.sra.ebi.ac.uk/vol1/fastq/DRR171/DRR171794/DRR171794_2.fastq.gz	db3f1e28f2278a9b07ea34bcb9cd1032;f052967e2c3f16da7d4aacba7e7fcad8;a23ccdf4465eb2679a327e2473034240	327483434;2712529172;2944362843		human feces_10468
DRR171641	PRJDB4176	SAMD00164951	DRS091303	SAMD00164951	DRX162253		PAIRED	WGS	METAGENOMIC	ILLUMINA	Illumina HiSeq 2500	24300385	6910185544	ftp.sra.ebi.ac.uk/vol1/fastq/DRR171/DRR171641/DRR171641.fastq.gz;ftp.sra.ebi.ac.uk/vol1/fastq/DRR171/DRR171641/DRR171641_1.fastq.gz;ftp.sra.ebi.ac.uk/vol1/fastq/DRR171/DRR171641/DRR171641_2.fastq.gz	0487f4b09db7136bb48b3e17b42ee6d3;2732454289efb916c48e8decce79801c;c255a4317c30e146348dbe6504b4262e	63325142;2269641923;2351210125		human feces_11526
DRR171799	PRJDB4176	SAMD00114816	DRS090898	SAMD00114816	DRX162411		PAIRED	WGS	METAGENOMIC	ILLUMINA	Illumina HiSeq 2500	17350519	4877600780	ftp.sra.ebi.ac.uk/vol1/fastq/DRR171/DRR171799/DRR171799.fastq.gz;ftp.sra.ebi.ac.uk/vol1/fastq/DRR171/DRR171799/DRR171799_1.fastq.gz;ftp.sra.ebi.ac.uk/vol1/fastq/DRR171/DRR171799/DRR171799_2.fastq.gz	59023a95d7845f6224c908c1f06486b6;0fb4ebc82bf3b4c0662c5b81518e6063;8b503dd0e45c891f022a73272ffc6449	174952730;1746933304;1880267613		human feces_10389
DRR171804	PRJDB4176	SAMD00114821	DRS090903	SAMD00114821	DRX162416		PAIRED	WGS	METAGENOMIC	ILLUMINA	Illumina HiSeq 2500	25905158	7371824627	ftp.sra.ebi.ac.uk/vol1/fastq/DRR171/DRR171804/DRR171804.fastq.gz;ftp.sra.ebi.ac.uk/vol1/fastq/DRR171/DRR171804/DRR171804_1.fastq.gz;ftp.sra.ebi.ac.uk/vol1/fastq/DRR171/DRR171804/DRR171804_2.fastq.gz	c24382595faa0f7442e13ec332c33fc0;435971a30ec72877956fe5d6d360018c;5cf4ba4d647d926832e5a181ec6b17b4	183424086;2687894492;2865626016		human feces_10471
DRR171642	PRJDB4176	SAMD00164952	DRS091304	SAMD00164952	DRX162254		PAIRED	WGS	METAGENOMIC	ILLUMINA	Illumina HiSeq 2500	27711152	8041549182	ftp.sra.ebi.ac.uk/vol1/fastq/DRR171/DRR171642/DRR171642.fastq.gz;ftp.sra.ebi.ac.uk/vol1/fastq/DRR171/DRR171642/DRR171642_1.fastq.gz;ftp.sra.ebi.ac.uk/vol1/fastq/DRR171/DRR171642/DRR171642_2.fastq.gz	a29552bae2a0dcaf055a87f25b0e3daf;c7e7f55ca367cd8215f8d61eb4a19932;bcd544ada315cfc9181ae770fc4891d9	164268204;2504204911;2684128563		human feces_11527
DRR171651	PRJDB4176	SAMD00164961	DRS091313	SAMD00164961	DRX162263		PAIRED	WGS	METAGENOMIC	ILLUMINA	Illumina HiSeq 2500	23807484	6839026092	ftp.sra.ebi.ac.uk/vol1/fastq/DRR171/DRR171651/DRR171651.fastq.gz;ftp.sra.ebi.ac.uk/vol1/fastq/DRR171/DRR171651/DRR171651_1.fastq.gz;ftp.sra.ebi.ac.uk/vol1/fastq/DRR171/DRR171651/DRR171651_2.fastq.gz	9166c7da2227d262e0185a283bf4a7c4;69603d70d6cfe50f4e370a37cb85387c;305b1a4219a9196bfc5699451d88d1d4	75982933;2318317737;2382151537		human feces_11682
DRR171807	PRJDB4176	SAMD00114824	DRS090906	SAMD00114824	DRX162419		PAIRED	WGS	METAGENOMIC	ILLUMINA	Illumina HiSeq 2500	23561694	6640608401	ftp.sra.ebi.ac.uk/vol1/fastq/DRR171/DRR171807/DRR171807.fastq.gz;ftp.sra.ebi.ac.uk/vol1/fastq/DRR171/DRR171807/DRR171807_1.fastq.gz;ftp.sra.ebi.ac.uk/vol1/fastq/DRR171/DRR171807/DRR171807_2.fastq.gz	3babccfa7746d14796a34f5daf3ae34a;a96e3cd6abbcd65053cbaf29e990ced0;977716a11afe7be428bfe8c85843d0b6	215664235;2547773169;2788593771		human feces_10510
DRR171656	PRJDB4176	SAMD00164966	DRS091318	SAMD00164966	DRX162268		PAIRED	WGS	METAGENOMIC	ILLUMINA	Illumina HiSeq 2500	20043464	5756402944	ftp.sra.ebi.ac.uk/vol1/fastq/DRR171/DRR171656/DRR171656.fastq.gz;ftp.sra.ebi.ac.uk/vol1/fastq/DRR171/DRR171656/DRR171656_1.fastq.gz;ftp.sra.ebi.ac.uk/vol1/fastq/DRR171/DRR171656/DRR171656_2.fastq.gz	21aeb40e5439556570e0a404cf69964e;16d53458ef9d0902b71fed6b794c59df;f9b0c2215406a27a81564d4ce77149db	107726255;1927045056;2022082997		human feces_11788
DRR171808	PRJDB4176	SAMD00114827	DRS090907	SAMD00114827	DRX162420		PAIRED	WGS	METAGENOMIC	ILLUMINA	Illumina HiSeq 2500	20111484	5709320382	ftp.sra.ebi.ac.uk/vol1/fastq/DRR171/DRR171808/DRR171808.fastq.gz;ftp.sra.ebi.ac.uk/vol1/fastq/DRR171/DRR171808/DRR171808_1.fastq.gz;ftp.sra.ebi.ac.uk/vol1/fastq/DRR171/DRR171808/DRR171808_2.fastq.gz	e43c606a9a6c5144f7b9ea54e3be6789;258c37a7b6cf554ab7da984a08584b1e;0a12e7589e87970694442d8c703539b6	148962276;2230694483;2345017013		human feces_10484
DRR171815	PRJDB4176	SAMD00114836	DRS090914	SAMD00114836	DRX162427		PAIRED	WGS	METAGENOMIC	ILLUMINA	Illumina HiSeq 2500	22173858	6212788554	ftp.sra.ebi.ac.uk/vol1/fastq/DRR171/DRR171815/DRR171815.fastq.gz;ftp.sra.ebi.ac.uk/vol1/fastq/DRR171/DRR171815/DRR171815_1.fastq.gz;ftp.sra.ebi.ac.uk/vol1/fastq/DRR171/DRR171815/DRR171815_2.fastq.gz	53933d6b2ff9ff233ab663025659611e;833e5b9466586b365b0e8cb7f97d1f7c;ebaf8a47a9fcc121d117868cee47872a	133131809;2154128702;2228861752		human feces_10525
DRR171661	PRJDB4176	SAMD00164971	DRS091323	SAMD00164971	DRX162273		PAIRED	WGS	METAGENOMIC	ILLUMINA	Illumina HiSeq 2500	25462624	7298807017	ftp.sra.ebi.ac.uk/vol1/fastq/DRR171/DRR171661/DRR171661.fastq.gz;ftp.sra.ebi.ac.uk/vol1/fastq/DRR171/DRR171661/DRR171661_1.fastq.gz;ftp.sra.ebi.ac.uk/vol1/fastq/DRR171/DRR171661/DRR171661_2.fastq.gz	88f5d4b00d37e3d3629e134753c07075;777d65bfb17c6e97b4aec9c8f29b303a;005571708d9de28ad09852eb206801a3	79773882;2393544065;2555278930		human feces_11820
DRR171818	PRJDB4176	SAMD00114839	DRS090917	SAMD00114839	DRX162430		PAIRED	WGS	METAGENOMIC	ILLUMINA	Illumina HiSeq 2500	16252727	4567240823	ftp.sra.ebi.ac.uk/vol1/fastq/DRR171/DRR171818/DRR171818.fastq.gz;ftp.sra.ebi.ac.uk/vol1/fastq/DRR171/DRR171818/DRR171818_1.fastq.gz;ftp.sra.ebi.ac.uk/vol1/fastq/DRR171/DRR171818/DRR171818_2.fastq.gz	8373ed24b2cecbf7509dafa4cc8a41c2;c738446d2e0cf6b9438514cdf1d968d5;3fe02f1908ed1627360c91def44e2ff7	121484606;1564423960;1686770024		human feces_10598
DRR171666	PRJDB4176	SAMD00164976	DRS091328	SAMD00164976	DRX162278		PAIRED	WGS	METAGENOMIC	ILLUMINA	Illumina HiSeq 2500	20021803	5832256386	ftp.sra.ebi.ac.uk/vol1/fastq/DRR171/DRR171666/DRR171666.fastq.gz;ftp.sra.ebi.ac.uk/vol1/fastq/DRR171/DRR171666/DRR171666_1.fastq.gz;ftp.sra.ebi.ac.uk/vol1/fastq/DRR171/DRR171666/DRR171666_2.fastq.gz	153356a56d6ef64e9c52359bc5503f39;98c8640cfb4b57883ab314f6e3f17905;1159bcd7bd7d75fe26a8869262a0af6a	58961033;1914687306;1987618058		human feces_11829
DRR171826	PRJDB4176	SAMD00114851	DRS090925	SAMD00114851	DRX162438		PAIRED	WGS	METAGENOMIC	ILLUMINA	Illumina HiSeq 2500	23085025	6485204934	ftp.sra.ebi.ac.uk/vol1/fastq/DRR171/DRR171826/DRR171826.fastq.gz;ftp.sra.ebi.ac.uk/vol1/fastq/DRR171/DRR171826/DRR171826_1.fastq.gz;ftp.sra.ebi.ac.uk/vol1/fastq/DRR171/DRR171826/DRR171826_2.fastq.gz	fab1f633271fdbccff4bcace9156ed8e;88570900ca85a0022e4cd3f592792715;8eb2025fc47191d6c0fd1a47c5670b75	221379436;2505685737;2689750486		human feces_10572
DRR171667	PRJDB4176	SAMD00164977	DRS091329	SAMD00164977	DRX162279		PAIRED	WGS	METAGENOMIC	ILLUMINA	Illumina HiSeq 2500	23168195	6700629939	ftp.sra.ebi.ac.uk/vol1/fastq/DRR171/DRR171667/DRR171667.fastq.gz;ftp.sra.ebi.ac.uk/vol1/fastq/DRR171/DRR171667/DRR171667_1.fastq.gz;ftp.sra.ebi.ac.uk/vol1/fastq/DRR171/DRR171667/DRR171667_2.fastq.gz	bdab8672d73f41bdbf4fa0f9f91ea713;c9791edc4809c9a4e7a36a86710833a7;e7cc34c788f104f607f9a71915111aa5	88027509;2196852238;2302420002		human feces_11831
DRR171829	PRJDB4176	SAMD00114854	DRS090928	SAMD00114854	DRX162441		PAIRED	WGS	METAGENOMIC	ILLUMINA	Illumina HiSeq 2500	23441512	6695711493	ftp.sra.ebi.ac.uk/vol1/fastq/DRR171/DRR171829/DRR171829.fastq.gz;ftp.sra.ebi.ac.uk/vol1/fastq/DRR171/DRR171829/DRR171829_1.fastq.gz;ftp.sra.ebi.ac.uk/vol1/fastq/DRR171/DRR171829/DRR171829_2.fastq.gz	848ede1ac36bbe2f878247816a2db827;e094849b3e775ce8dad9e43d44f8d45d;9978b576b435261564d062a788f93865	154347012;2620789045;2747343604		human feces_10586
DRR171669	PRJDB4176	SAMD00164979	DRS091331	SAMD00164979	DRX162281		PAIRED	WGS	METAGENOMIC	ILLUMINA	Illumina HiSeq 2500	23632910	6842175245	ftp.sra.ebi.ac.uk/vol1/fastq/DRR171/DRR171669/DRR171669.fastq.gz;ftp.sra.ebi.ac.uk/vol1/fastq/DRR171/DRR171669/DRR171669_1.fastq.gz;ftp.sra.ebi.ac.uk/vol1/fastq/DRR171/DRR171669/DRR171669_2.fastq.gz	7b567961de129b94f3b5f2646bc8f415;dfed39ba649a85aace0cb90c99f99466;6d8ff5763257750c04c1c34759def051	67741579;2405410092;2539164293		human feces_11836
DRR171830	PRJDB4176	SAMD00114855	DRS090929	SAMD00114855	DRX162442		PAIRED	WGS	METAGENOMIC	ILLUMINA	Illumina HiSeq 2500	23674981	6660952510	ftp.sra.ebi.ac.uk/vol1/fastq/DRR171/DRR171830/DRR171830.fastq.gz;ftp.sra.ebi.ac.uk/vol1/fastq/DRR171/DRR171830/DRR171830_1.fastq.gz;ftp.sra.ebi.ac.uk/vol1/fastq/DRR171/DRR171830/DRR171830_2.fastq.gz	a984a40e1d3228157486c4aa5779f024;6a88687dffced4ef0148d64c57136b72;793a551061a5afd75ed550325e3d185e	208771235;2552119064;2770322972		human feces_10608
DRR171832	PRJDB4176	SAMD00114857	DRS090931	SAMD00114857	DRX162444		PAIRED	WGS	METAGENOMIC	ILLUMINA	Illumina HiSeq 2500	20193555	5702623219	ftp.sra.ebi.ac.uk/vol1/fastq/DRR171/DRR171832/DRR171832.fastq.gz;ftp.sra.ebi.ac.uk/vol1/fastq/DRR171/DRR171832/DRR171832_1.fastq.gz;ftp.sra.ebi.ac.uk/vol1/fastq/DRR171/DRR171832/DRR171832_2.fastq.gz	70e2900829e51d8ca36f9999949a8008;8f2431932004c31cee5924c060cd2041;14114ac7394ca85ed78a80debb3a15d8	177674832;1972193409;2114526933		human feces_10505
DRR171677	PRJDB4176	SAMD00164987	DRS091339	SAMD00164987	DRX162289		PAIRED	WGS	METAGENOMIC	ILLUMINA	Illumina HiSeq 2500	19734971	5780070215	ftp.sra.ebi.ac.uk/vol1/fastq/DRR171/DRR171677/DRR171677.fastq.gz;ftp.sra.ebi.ac.uk/vol1/fastq/DRR171/DRR171677/DRR171677_1.fastq.gz;ftp.sra.ebi.ac.uk/vol1/fastq/DRR171/DRR171677/DRR171677_2.fastq.gz	9c4bfc69e1dc5a036e7bd1e08a20dca5;a8b2c45a7ca1134eb7a264bb59b2d74a;da76e8d8f093275eb326be9e64be8111	54350706;1786098803;1874642016		human feces_11888
DRR171836	PRJDB4176	SAMD00114864	DRS090935	SAMD00114864	DRX162448		PAIRED	WGS	METAGENOMIC	ILLUMINA	Illumina HiSeq 2500	16880044	4802788331	ftp.sra.ebi.ac.uk/vol1/fastq/DRR171/DRR171836/DRR171836.fastq.gz;ftp.sra.ebi.ac.uk/vol1/fastq/DRR171/DRR171836/DRR171836_1.fastq.gz;ftp.sra.ebi.ac.uk/vol1/fastq/DRR171/DRR171836/DRR171836_2.fastq.gz	d9f348431852a2a8aeeb1ac3c8e24981;325e1b6c40273bdc877629d78281992f;4c1dc1eb928626fd0747bd5fa80115a6	135780564;1679600643;1822646448		human feces_10569
DRR171678	PRJDB4176	SAMD00164988	DRS091340	SAMD00164988	DRX162290		PAIRED	WGS	METAGENOMIC	ILLUMINA	Illumina HiSeq 2500	25867138	7555539376	ftp.sra.ebi.ac.uk/vol1/fastq/DRR171/DRR171678/DRR171678.fastq.gz;ftp.sra.ebi.ac.uk/vol1/fastq/DRR171/DRR171678/DRR171678_1.fastq.gz;ftp.sra.ebi.ac.uk/vol1/fastq/DRR171/DRR171678/DRR171678_2.fastq.gz	276b25463e74a58a00827770165f0693;fc49682b1ebb78cff73edd6611b1037b;c1720ac6b277e07491db90e38df614c8	129963806;2365826626;2496161270		human feces_11891
DRR171837	PRJDB4176	SAMD00114866	DRS090936	SAMD00114866	DRX162449		PAIRED	WGS	METAGENOMIC	ILLUMINA	Illumina HiSeq 2500	13560590	3886475889	ftp.sra.ebi.ac.uk/vol1/fastq/DRR171/DRR171837/DRR171837.fastq.gz;ftp.sra.ebi.ac.uk/vol1/fastq/DRR171/DRR171837/DRR171837_1.fastq.gz;ftp.sra.ebi.ac.uk/vol1/fastq/DRR171/DRR171837/DRR171837_2.fastq.gz	f438887b609efe2e4b92184f85930b37;ddcdb70150c1bab9248163560da98895;16a80dd00922c413aefd4f70029aca52	86957051;1368540293;1452777072		human feces_10571
DRR171679	PRJDB4176	SAMD00164989	DRS091341	SAMD00164989	DRX162291		PAIRED	WGS	METAGENOMIC	ILLUMINA	Illumina HiSeq 2500	20784888	6089904622	ftp.sra.ebi.ac.uk/vol1/fastq/DRR171/DRR171679/DRR171679.fastq.gz;ftp.sra.ebi.ac.uk/vol1/fastq/DRR171/DRR171679/DRR171679_1.fastq.gz;ftp.sra.ebi.ac.uk/vol1/fastq/DRR171/DRR171679/DRR171679_2.fastq.gz	d6499eea95efd101b49248eae68d8639;336da251f6fc76ae321b60ce31e54b42;a72df1b51e59a8b260172259da91c759	68342907;1973409845;2055006188		human feces_11893
DRR171844	PRJDB4176	SAMD00114875	DRS090943	SAMD00114875	DRX162456		PAIRED	WGS	METAGENOMIC	ILLUMINA	Illumina HiSeq 2500	22331471	6392442958	ftp.sra.ebi.ac.uk/vol1/fastq/DRR171/DRR171844/DRR171844.fastq.gz;ftp.sra.ebi.ac.uk/vol1/fastq/DRR171/DRR171844/DRR171844_1.fastq.gz;ftp.sra.ebi.ac.uk/vol1/fastq/DRR171/DRR171844/DRR171844_2.fastq.gz	e71671972116d1e2f3e6d7a75411ed8d;b02a3479553314c49a7811ce18f196f9;364e93ff6496f3cb339944a8e36195cc	164125054;2223432135;2337873418		human feces_10648
DRR171845	PRJDB4176	SAMD00114876	DRS090944	SAMD00114876	DRX162457		PAIRED	WGS	METAGENOMIC	ILLUMINA	Illumina HiSeq 2500	23091794	6597166939	ftp.sra.ebi.ac.uk/vol1/fastq/DRR171/DRR171845/DRR171845.fastq.gz;ftp.sra.ebi.ac.uk/vol1/fastq/DRR171/DRR171845/DRR171845_1.fastq.gz;ftp.sra.ebi.ac.uk/vol1/fastq/DRR171/DRR171845/DRR171845_2.fastq.gz	44570b0de3f4d88d95d6deb043a7280d;dd156fd9a2b0537e5cf46fc22b9f39a8;89c62391fe58fd20afd9776a80ec2b13	165208494;2286436994;2396724018		human feces_10663
DRR171847	PRJDB4176	SAMD00114878	DRS090946	SAMD00114878	DRX162459		PAIRED	WGS	METAGENOMIC	ILLUMINA	Illumina HiSeq 2500	21909136	6254604364	ftp.sra.ebi.ac.uk/vol1/fastq/DRR171/DRR171847/DRR171847.fastq.gz;ftp.sra.ebi.ac.uk/vol1/fastq/DRR171/DRR171847/DRR171847_1.fastq.gz;ftp.sra.ebi.ac.uk/vol1/fastq/DRR171/DRR171847/DRR171847_2.fastq.gz	08adc6e6ae47684bcb86b4813e2cd289;8fed49c12eed4adaf93d9ec3d5a508ab;3646f303080c139abd569e29b9097178	160160762;2170739216;2277196734		human feces_10674
DRR171861	PRJDB4176	SAMD00114897	DRS090960	SAMD00114897	DRX162473		PAIRED	WGS	METAGENOMIC	ILLUMINA	Illumina HiSeq 2500	19747874	5644199035	ftp.sra.ebi.ac.uk/vol1/fastq/DRR171/DRR171861/DRR171861.fastq.gz;ftp.sra.ebi.ac.uk/vol1/fastq/DRR171/DRR171861/DRR171861_1.fastq.gz;ftp.sra.ebi.ac.uk/vol1/fastq/DRR171/DRR171861/DRR171861_2.fastq.gz	1e13f870ebc0cb8499dc7c72b0fdb538;1f728d0fcb8778d4e4950ab6cdcb45b6;5061536d1731e30be03314eb61873f68	135096561;1931992876;2042032634		human feces_10670
DRR171862	PRJDB4176	SAMD00114898	DRS090961	SAMD00114898	DRX162474		PAIRED	WGS	METAGENOMIC	ILLUMINA	Illumina HiSeq 2500	25302046	7122497809	ftp.sra.ebi.ac.uk/vol1/fastq/DRR171/DRR171862/DRR171862.fastq.gz;ftp.sra.ebi.ac.uk/vol1/fastq/DRR171/DRR171862/DRR171862_1.fastq.gz;ftp.sra.ebi.ac.uk/vol1/fastq/DRR171/DRR171862/DRR171862_2.fastq.gz	8f1269915db4131a1384331f5f1c408a;91e7d869feeccd75c8c62add6a7bda93;b60fe261952f30d72bbc3d331444c360	282919632;2421520631;2577860197		human feces_10684
DRR171864	PRJDB4176	SAMD00114900	DRS090963	SAMD00114900	DRX162476		PAIRED	WGS	METAGENOMIC	ILLUMINA	Illumina HiSeq 2500	24923313	6852342810	ftp.sra.ebi.ac.uk/vol1/fastq/DRR171/DRR171864/DRR171864.fastq.gz;ftp.sra.ebi.ac.uk/vol1/fastq/DRR171/DRR171864/DRR171864_1.fastq.gz;ftp.sra.ebi.ac.uk/vol1/fastq/DRR171/DRR171864/DRR171864_2.fastq.gz	27fd79b4a79c5bc0415a4a622e2c5c41;a279c2d784268b4eea8501a7bd686ed0;6c06d5f1242950164f550f3dbf41ed64	399408824;2702945325;2811566948		human feces_10805
DRR171867	PRJDB4176	SAMD00114903	DRS090966	SAMD00114903	DRX162479		PAIRED	WGS	METAGENOMIC	ILLUMINA	Illumina HiSeq 2500	28041547	7826822721	ftp.sra.ebi.ac.uk/vol1/fastq/DRR171/DRR171867/DRR171867.fastq.gz;ftp.sra.ebi.ac.uk/vol1/fastq/DRR171/DRR171867/DRR171867_1.fastq.gz;ftp.sra.ebi.ac.uk/vol1/fastq/DRR171/DRR171867/DRR171867_2.fastq.gz	ceb19ceef21cb77eb5d82631f78c6e91;44465afaaa01629ccf60d88c5374f340;5c20f28df1d316fcfce442b8ac1f089d	331943871;2990368359;3121158645		human feces_10816
DRR171868	PRJDB4176	SAMD00114904	DRS090967	SAMD00114904	DRX162480		PAIRED	WGS	METAGENOMIC	ILLUMINA	Illumina HiSeq 2500	21226242	5788634331	ftp.sra.ebi.ac.uk/vol1/fastq/DRR171/DRR171868/DRR171868.fastq.gz;ftp.sra.ebi.ac.uk/vol1/fastq/DRR171/DRR171868/DRR171868_1.fastq.gz;ftp.sra.ebi.ac.uk/vol1/fastq/DRR171/DRR171868/DRR171868_2.fastq.gz	2e2e05653aff808623aef446d04d6d34;7b96f2f49b3528bff2a673badd292a11;68f986ebf3d5a3b390125ca044b290c3	378024187;2270686696;2372089565		human feces_10825
DRR171873	PRJDB4176	SAMD00114909	DRS090972	SAMD00114909	DRX162485		PAIRED	WGS	METAGENOMIC	ILLUMINA	Illumina HiSeq 2500	21565137	6077396406	ftp.sra.ebi.ac.uk/vol1/fastq/DRR171/DRR171873/DRR171873.fastq.gz;ftp.sra.ebi.ac.uk/vol1/fastq/DRR171/DRR171873/DRR171873_1.fastq.gz;ftp.sra.ebi.ac.uk/vol1/fastq/DRR171/DRR171873/DRR171873_2.fastq.gz	e6a4e786867d354ddc1f4fe938d5e83b;592bfba7840da35c16a8241c33809528;b97e695df139bbceaf13cb51f8b886a7	211409194;2096624125;2243006926		human feces_10709
DRR171876	PRJDB4176	SAMD00114913	DRS090975	SAMD00114913	DRX162488		PAIRED	WGS	METAGENOMIC	ILLUMINA	Illumina HiSeq 2500	25410060	7198566782	ftp.sra.ebi.ac.uk/vol1/fastq/DRR171/DRR171876/DRR171876.fastq.gz;ftp.sra.ebi.ac.uk/vol1/fastq/DRR171/DRR171876/DRR171876_1.fastq.gz;ftp.sra.ebi.ac.uk/vol1/fastq/DRR171/DRR171876/DRR171876_2.fastq.gz	aa137088168200c4fadb5a7ad29df7a6;0858260e9fe021dc43ec8dfd233c8834;38425b246cea303f2fdcc178f507eeff	234498134;2475204413;2630924350		human feces_10726
DRR171880	PRJDB4176	SAMD00114919	DRS090979	SAMD00114919	DRX162492		PAIRED	WGS	METAGENOMIC	ILLUMINA	Illumina HiSeq 2500	17651463	4960833736	ftp.sra.ebi.ac.uk/vol1/fastq/DRR171/DRR171880/DRR171880.fastq.gz;ftp.sra.ebi.ac.uk/vol1/fastq/DRR171/DRR171880/DRR171880_1.fastq.gz;ftp.sra.ebi.ac.uk/vol1/fastq/DRR171/DRR171880/DRR171880_2.fastq.gz	1541ebeb3a967c0180116ad1b072f27a;02c9dc2aa415fdc9b99e4152327c8272;e7b0c356217390d24c028abfe385e618	172123895;1899802731;2001358569		human feces_10713
DRR171885	PRJDB4176	SAMD00114925	DRS090984	SAMD00114925	DRX162497		PAIRED	WGS	METAGENOMIC	ILLUMINA	Illumina HiSeq 2500	21452954	6008567339	ftp.sra.ebi.ac.uk/vol1/fastq/DRR171/DRR171885/DRR171885.fastq.gz;ftp.sra.ebi.ac.uk/vol1/fastq/DRR171/DRR171885/DRR171885_1.fastq.gz;ftp.sra.ebi.ac.uk/vol1/fastq/DRR171/DRR171885/DRR171885_2.fastq.gz	a4280ddbbd5f11e6b3320b0f691e3a3e;738fba00fd3a32ae08a2996e11b187ba;1f2fd269e11ac800e3204aeb74ad2e9f	238474179;2310112525;2434739793		human feces_10756
DRR171889	PRJDB4176	SAMD00114930	DRS090988	SAMD00114930	DRX162501		PAIRED	WGS	METAGENOMIC	ILLUMINA	Illumina HiSeq 2500	22624846	6368482323	ftp.sra.ebi.ac.uk/vol1/fastq/DRR171/DRR171889/DRR171889.fastq.gz;ftp.sra.ebi.ac.uk/vol1/fastq/DRR171/DRR171889/DRR171889_1.fastq.gz;ftp.sra.ebi.ac.uk/vol1/fastq/DRR171/DRR171889/DRR171889_2.fastq.gz	a16c566a325e8a565d1ca71a715b763a;1845e603fa457cb28802223d3fcea1d6;548d2f1ac067ee9ef7cb21c3a8486cf5	201529150;2199391374;2337287389		human feces_10642
DRR171893	PRJDB4176	SAMD00114935	DRS090992	SAMD00114935	DRX162505		PAIRED	WGS	METAGENOMIC	ILLUMINA	Illumina HiSeq 2500	20756331	5821023703	ftp.sra.ebi.ac.uk/vol1/fastq/DRR171/DRR171893/DRR171893.fastq.gz;ftp.sra.ebi.ac.uk/vol1/fastq/DRR171/DRR171893/DRR171893_1.fastq.gz;ftp.sra.ebi.ac.uk/vol1/fastq/DRR171/DRR171893/DRR171893_2.fastq.gz	2878e2eb65ebe4ca8d78baca73963d27;faa148ca10532792a9f259f1c3504d57;7349114877803963afa4c2bdc510b741	242192435;1992467555;2094971775		human feces_10694
DRR171898	PRJDB4176	SAMD00114941	DRS090997	SAMD00114941	DRX162510		PAIRED	WGS	METAGENOMIC	ILLUMINA	Illumina HiSeq 2500	14851483	4115718532	ftp.sra.ebi.ac.uk/vol1/fastq/DRR171/DRR171898/DRR171898.fastq.gz;ftp.sra.ebi.ac.uk/vol1/fastq/DRR171/DRR171898/DRR171898_1.fastq.gz;ftp.sra.ebi.ac.uk/vol1/fastq/DRR171/DRR171898/DRR171898_2.fastq.gz	aa631d3dc795bdb93b57208917942e4a;c8c557fc1dfdac643e65fec7bf1df1c5;472d01f59a886d5fb627f8a72573cace	217727621;1411429894;1500596862		human feces_10667
DRR171902	PRJDB4176	SAMD00114945	DRS091001	SAMD00114945	DRX162514		PAIRED	WGS	METAGENOMIC	ILLUMINA	Illumina HiSeq 2500	9068937	2564524694	ftp.sra.ebi.ac.uk/vol1/fastq/DRR171/DRR171902/DRR171902.fastq.gz;ftp.sra.ebi.ac.uk/vol1/fastq/DRR171/DRR171902/DRR171902_1.fastq.gz;ftp.sra.ebi.ac.uk/vol1/fastq/DRR171/DRR171902/DRR171902_2.fastq.gz	41eb5574f24140f1616761ffd714d035;bad9eacbb7442a6217acbbb2e58bb902;68aae81e6067756179614da3c081e1e6	51073782;813523835;870302893		human feces_10741
DRR171906	PRJDB4176	SAMD00114951	DRS091005	SAMD00114951	DRX162518		PAIRED	WGS	METAGENOMIC	ILLUMINA	Illumina HiSeq 2500	24491393	6890327994	ftp.sra.ebi.ac.uk/vol1/fastq/DRR171/DRR171906/DRR171906.fastq.gz;ftp.sra.ebi.ac.uk/vol1/fastq/DRR171/DRR171906/DRR171906_1.fastq.gz;ftp.sra.ebi.ac.uk/vol1/fastq/DRR171/DRR171906/DRR171906_2.fastq.gz	2f745480367e9920291c6cb8b8632387;3adddad472c6f213bfc824222d223c8b;6927b0b6703ca7595041058668c81b65	271178915;2587963177;2783692774		human feces_10723
DRR171909	PRJDB4176	SAMD00114956	DRS091008	SAMD00114956	DRX162521		PAIRED	WGS	METAGENOMIC	ILLUMINA	Illumina HiSeq 2500	19076344	5282052638	ftp.sra.ebi.ac.uk/vol1/fastq/DRR171/DRR171909/DRR171909.fastq.gz;ftp.sra.ebi.ac.uk/vol1/fastq/DRR171/DRR171909/DRR171909_1.fastq.gz;ftp.sra.ebi.ac.uk/vol1/fastq/DRR171/DRR171909/DRR171909_2.fastq.gz	eed84f389157d262da39bdc6936ede0d;5f5079d0293a6df3d600af4ea9a7f675;d1b470bb4905dfdcb86e91ff0a5c47f8	276400476;1975734337;2094604921		human feces_10760
DRR171910	PRJDB4176	SAMD00114957	DRS091009	SAMD00114957	DRX162522		PAIRED	WGS	METAGENOMIC	ILLUMINA	Illumina HiSeq 2500	41496480	11556816767	ftp.sra.ebi.ac.uk/vol1/fastq/DRR171/DRR171910/DRR171910.fastq.gz;ftp.sra.ebi.ac.uk/vol1/fastq/DRR171/DRR171910/DRR171910_1.fastq.gz;ftp.sra.ebi.ac.uk/vol1/fastq/DRR171/DRR171910/DRR171910_2.fastq.gz	8ab5b84083923c366c143b188bf848d0;d5af56dbc32a96f0e48ac7ea7d85b749;314ffa5a982f66c24bbf03d824eedb1d	533607645;4553707470;4791724626		human feces_10772
DRR171911	PRJDB4176	SAMD00114958	DRS091010	SAMD00114958	DRX162523		PAIRED	WGS	METAGENOMIC	ILLUMINA	Illumina HiSeq 2500	20075836	5566796761	ftp.sra.ebi.ac.uk/vol1/fastq/DRR171/DRR171911/DRR171911.fastq.gz;ftp.sra.ebi.ac.uk/vol1/fastq/DRR171/DRR171911/DRR171911_1.fastq.gz;ftp.sra.ebi.ac.uk/vol1/fastq/DRR171/DRR171911/DRR171911_2.fastq.gz	ae940b58698d86801a1d3725e74a3cf4;e86058206d78a880c856385ca16a0b13;0e821b0061378d88749b85417a666e54	240087084;2203877751;2313395330		human feces_10774
DRR171934	PRJDB4176	SAMD00114990	DRS091033	SAMD00114990	DRX162546		PAIRED	WGS	METAGENOMIC	ILLUMINA	Illumina HiSeq 2500	24201624	6690519847	ftp.sra.ebi.ac.uk/vol1/fastq/DRR171/DRR171934/DRR171934.fastq.gz;ftp.sra.ebi.ac.uk/vol1/fastq/DRR171/DRR171934/DRR171934_1.fastq.gz;ftp.sra.ebi.ac.uk/vol1/fastq/DRR171/DRR171934/DRR171934_2.fastq.gz	c2110a8edb25896fda09479190bbd543;8365a11032c0c240e9da9e7444054b8a;8c9878acfc938643bc27a640a1b60022	114257600;2282969087;2462112354		human feces_10271
DRR171938	PRJDB4176	SAMD00114995	DRS091037	SAMD00114995	DRX162550		PAIRED	WGS	METAGENOMIC	ILLUMINA	Illumina HiSeq 2500	26965624	7579882900	ftp.sra.ebi.ac.uk/vol1/fastq/DRR171/DRR171938/DRR171938.fastq.gz;ftp.sra.ebi.ac.uk/vol1/fastq/DRR171/DRR171938/DRR171938_1.fastq.gz;ftp.sra.ebi.ac.uk/vol1/fastq/DRR171/DRR171938/DRR171938_2.fastq.gz	f3d8b0e85601e682e65a8e07056a67d5;865c2e30476e7408980fe44021173dc8;1906c77998e4566a427e5d7f2561fa69	201783368;2530567833;2846404532		human feces_10105
DRR171941	PRJDB4176	SAMD00115003	DRS091040	SAMD00115003	DRX162553		PAIRED	WGS	METAGENOMIC	ILLUMINA	Illumina HiSeq 2500	21059563	5803922981	ftp.sra.ebi.ac.uk/vol1/fastq/DRR171/DRR171941/DRR171941.fastq.gz;ftp.sra.ebi.ac.uk/vol1/fastq/DRR171/DRR171941/DRR171941_1.fastq.gz;ftp.sra.ebi.ac.uk/vol1/fastq/DRR171/DRR171941/DRR171941_2.fastq.gz	139dc6e7bdabff3c56d57d433e99c5a0;cdfbd249a2d26c965159578187a23056;e1ed257bee674fad4c1a9672910278ef	142658526;2035343380;2150726762		human feces_10339
DRR171945	PRJDB4176	SAMD00115007	DRS091044	SAMD00115007	DRX162557		PAIRED	WGS	METAGENOMIC	ILLUMINA	Illumina HiSeq 2500	26078154	7098360450	ftp.sra.ebi.ac.uk/vol1/fastq/DRR171/DRR171945/DRR171945.fastq.gz;ftp.sra.ebi.ac.uk/vol1/fastq/DRR171/DRR171945/DRR171945_1.fastq.gz;ftp.sra.ebi.ac.uk/vol1/fastq/DRR171/DRR171945/DRR171945_2.fastq.gz	099b174059fbb89bacb31d1605494065;6ad64a07387362b2fe344c5cf03f46a4;7922b2ebb6a93943592c5b2e9a26527a	155205118;2534415627;2741165416		human feces_10371
DRR171948	PRJDB4176	SAMD00115012	DRS091047	SAMD00115012	DRX162560		PAIRED	WGS	METAGENOMIC	ILLUMINA	Illumina HiSeq 2500	23296983	6455271776	ftp.sra.ebi.ac.uk/vol1/fastq/DRR171/DRR171948/DRR171948.fastq.gz;ftp.sra.ebi.ac.uk/vol1/fastq/DRR171/DRR171948/DRR171948_1.fastq.gz;ftp.sra.ebi.ac.uk/vol1/fastq/DRR171/DRR171948/DRR171948_2.fastq.gz	637a990ec9764547ee8bdf5e70e4cfb7;ea0ed67d0d90155d2bdc4d871a127c5d;bf2b80889a35d5dacced725d0038baab	91561369;2316816662;2423602937		human feces_10378
DRR171949	PRJDB4176	SAMD00115014	DRS091048	SAMD00115014	DRX162561		PAIRED	WGS	METAGENOMIC	ILLUMINA	Illumina HiSeq 2500	27380240	7595307271	ftp.sra.ebi.ac.uk/vol1/fastq/DRR171/DRR171949/DRR171949.fastq.gz;ftp.sra.ebi.ac.uk/vol1/fastq/DRR171/DRR171949/DRR171949_1.fastq.gz;ftp.sra.ebi.ac.uk/vol1/fastq/DRR171/DRR171949/DRR171949_2.fastq.gz	6356d5dc95f19ccecead35f241778a65;80f959900064b3b8ef94a422564a365b;c4c136a6a03c7426d5c220b6e1d6ecb0	220225784;2590543394;2897623232		human feces_10021
DRR171951	PRJDB4176	SAMD00115016	DRS091050	SAMD00115016	DRX162563		PAIRED	WGS	METAGENOMIC	ILLUMINA	Illumina HiSeq 2500	29200058	8050060928	ftp.sra.ebi.ac.uk/vol1/fastq/DRR171/DRR171951/DRR171951.fastq.gz;ftp.sra.ebi.ac.uk/vol1/fastq/DRR171/DRR171951/DRR171951_1.fastq.gz;ftp.sra.ebi.ac.uk/vol1/fastq/DRR171/DRR171951/DRR171951_2.fastq.gz	14664da88ee00e1798bfc0be89796ca1;f8b4b54f67fc64105c7f527d7ccf9260;045a1da681d5fa79539eeaced0ccde08	325177171;2693233566;3094176242		human feces_10038
DRR171952	PRJDB4176	SAMD00115017	DRS091051	SAMD00115017	DRX162564		PAIRED	WGS	METAGENOMIC	ILLUMINA	Illumina HiSeq 2500	7499275	2086609400	ftp.sra.ebi.ac.uk/vol1/fastq/DRR171/DRR171952/DRR171952.fastq.gz;ftp.sra.ebi.ac.uk/vol1/fastq/DRR171/DRR171952/DRR171952_1.fastq.gz;ftp.sra.ebi.ac.uk/vol1/fastq/DRR171/DRR171952/DRR171952_2.fastq.gz	4405c81627f83422428dfbc15e881ef6;353b14564958c70bcdd08664b23a4a8b;e0515dac289fbcd55efc296ec93f4904	39882498;730348412;771288708		human feces_10040
DRR171680	PRJDB4176	SAMD00164990	DRS091342	SAMD00164990	DRX162292		PAIRED	WGS	METAGENOMIC	ILLUMINA	Illumina HiSeq 2500	11877732	3477139390	ftp.sra.ebi.ac.uk/vol1/fastq/DRR171/DRR171680/DRR171680.fastq.gz;ftp.sra.ebi.ac.uk/vol1/fastq/DRR171/DRR171680/DRR171680_1.fastq.gz;ftp.sra.ebi.ac.uk/vol1/fastq/DRR171/DRR171680/DRR171680_2.fastq.gz	58b2f91e7cb23857d8acddf7781feeee;64c0b930898ca4df1a094eb852001217;592ecdad33640044f2699acda3f3b799	38989343;1119436797;1174440606		human feces_11899
DRR171959	PRJDB4176	SAMD00115027	DRS091058	SAMD00115027	DRX162571		PAIRED	WGS	METAGENOMIC	ILLUMINA	Illumina HiSeq 2500	29191371	8025651512	ftp.sra.ebi.ac.uk/vol1/fastq/DRR171/DRR171959/DRR171959.fastq.gz;ftp.sra.ebi.ac.uk/vol1/fastq/DRR171/DRR171959/DRR171959_1.fastq.gz;ftp.sra.ebi.ac.uk/vol1/fastq/DRR171/DRR171959/DRR171959_2.fastq.gz	296d17dcc52a08f07c61f316b56dd9c5;37678a3f1598d6bb985ae28aa940b232;75fb2a1e81de76770b104fa7f73cca71	457882722;2592900448;3107860269		human feces_10029
DRR171960	PRJDB4176	SAMD00115028	DRS091059	SAMD00115028	DRX162572		PAIRED	WGS	METAGENOMIC	ILLUMINA	Illumina HiSeq 2500	28965461	7854062350	ftp.sra.ebi.ac.uk/vol1/fastq/DRR171/DRR171960/DRR171960.fastq.gz;ftp.sra.ebi.ac.uk/vol1/fastq/DRR171/DRR171960/DRR171960_1.fastq.gz;ftp.sra.ebi.ac.uk/vol1/fastq/DRR171/DRR171960/DRR171960_2.fastq.gz	6207145d56b94a1e8bcea3723bb9aff5;053b67ce30fbd16ed3845114a4a737b3;bb3fcc677bbbfbb14c12397ea57befaa	252833987;2632474445;2988117812		human feces_10074
DRR171683	PRJDB4176	SAMD00164993	DRS091345	SAMD00164993	DRX162295		PAIRED	WGS	METAGENOMIC	ILLUMINA	Illumina HiSeq 2500	20814452	6102206264	ftp.sra.ebi.ac.uk/vol1/fastq/DRR171/DRR171683/DRR171683.fastq.gz;ftp.sra.ebi.ac.uk/vol1/fastq/DRR171/DRR171683/DRR171683_1.fastq.gz;ftp.sra.ebi.ac.uk/vol1/fastq/DRR171/DRR171683/DRR171683_2.fastq.gz	2bbcc22c7d14246270227888263a56ef;a13fec7c40471743508cff50c5e8290f;22f7c0c789b87f986b4b7615efee7c4e	86171881;1883234772;2018518566		human feces_11920
DRR171964	PRJDB4176	SAMD00115032	DRS091063	SAMD00115032	DRX162576		PAIRED	WGS	METAGENOMIC	ILLUMINA	Illumina HiSeq 2500	31726478	8629710990	ftp.sra.ebi.ac.uk/vol1/fastq/DRR171/DRR171964/DRR171964.fastq.gz;ftp.sra.ebi.ac.uk/vol1/fastq/DRR171/DRR171964/DRR171964_1.fastq.gz;ftp.sra.ebi.ac.uk/vol1/fastq/DRR171/DRR171964/DRR171964_2.fastq.gz	ce84d16e576413026e6e3a5fad58c5b4;f048402c514cff3ecb0ec0253c636dce;1d6ce9219891f95ca16f694a39e6f9de	408772480;2781860226;3439865697		human feces_10092
DRR171690	PRJDB4176	SAMD00165000	DRS091352	SAMD00165000	DRX162302		PAIRED	WGS	METAGENOMIC	ILLUMINA	Illumina HiSeq 2500	18554987	5441092453	ftp.sra.ebi.ac.uk/vol1/fastq/DRR171/DRR171690/DRR171690.fastq.gz;ftp.sra.ebi.ac.uk/vol1/fastq/DRR171/DRR171690/DRR171690_1.fastq.gz;ftp.sra.ebi.ac.uk/vol1/fastq/DRR171/DRR171690/DRR171690_2.fastq.gz	f2160e5652adcfd28448f1cb513d1ed3;391c042698f747b86cad2c6c53312c37;17c63fdee2aae69827dba51cbb6be53f	55111899;1680302045;1773667422		human feces_11951
DRR171966	PRJDB4176	SAMD00115034	DRS091065	SAMD00115034	DRX162578		PAIRED	WGS	METAGENOMIC	ILLUMINA	Illumina HiSeq 2500	25299315	7202544648	ftp.sra.ebi.ac.uk/vol1/fastq/DRR171/DRR171966/DRR171966.fastq.gz;ftp.sra.ebi.ac.uk/vol1/fastq/DRR171/DRR171966/DRR171966_1.fastq.gz;ftp.sra.ebi.ac.uk/vol1/fastq/DRR171/DRR171966/DRR171966_2.fastq.gz	ff3e77fff7ff341217b64fc425da3f0c;3eb3d0654762a09b9d728ca1461c17ac;08c77e1299671c33f98f4ec5bb3265aa	205355254;2432777816;2684108338		human feces_10097
DRR171696	PRJDB4176	SAMD00165006	DRS091358	SAMD00165006	DRX162308		PAIRED	WGS	METAGENOMIC	ILLUMINA	Illumina HiSeq 2500	18616862	5445581697	ftp.sra.ebi.ac.uk/vol1/fastq/DRR171/DRR171696/DRR171696.fastq.gz;ftp.sra.ebi.ac.uk/vol1/fastq/DRR171/DRR171696/DRR171696_1.fastq.gz;ftp.sra.ebi.ac.uk/vol1/fastq/DRR171/DRR171696/DRR171696_2.fastq.gz	8610453ac3edae7e36cd66d44eca0728;675f19ce82ecdb8a37999bf9c12082d2;cd4d07f54c9c3a0355ebfab1cecfb427	64251792;1867596016;1991619921		human feces_11974
DRR171974	PRJDB4176	SAMD00115043	DRS091073	SAMD00115043	DRX162586		PAIRED	WGS	METAGENOMIC	ILLUMINA	Illumina HiSeq 2500	23567704	6576354430	ftp.sra.ebi.ac.uk/vol1/fastq/DRR171/DRR171974/DRR171974.fastq.gz;ftp.sra.ebi.ac.uk/vol1/fastq/DRR171/DRR171974/DRR171974_1.fastq.gz;ftp.sra.ebi.ac.uk/vol1/fastq/DRR171/DRR171974/DRR171974_2.fastq.gz	0494a65066840eb8b038a102cb31210f;322a5646bee8cc879ff9e26da4026b0a;4e2b73a431b6f495ad404fb4176c033f	111195069;2281264745;2414912446		human feces_10233
DRR171698	PRJDB4176	SAMD00165008	DRS091360	SAMD00165008	DRX162310		PAIRED	WGS	METAGENOMIC	ILLUMINA	Illumina HiSeq 2500	26519496	7754444608	ftp.sra.ebi.ac.uk/vol1/fastq/DRR171/DRR171698/DRR171698.fastq.gz;ftp.sra.ebi.ac.uk/vol1/fastq/DRR171/DRR171698/DRR171698_1.fastq.gz;ftp.sra.ebi.ac.uk/vol1/fastq/DRR171/DRR171698/DRR171698_2.fastq.gz	b931efcca339b7bcf84306bd1cb1b28a;694d55b69adae5a0966acfe684441866;1c41280fd1952a5f6a94a493fbe2045d	102602014;2431421085;2538260453		human feces_11984
DRR171978	PRJDB4176	SAMD00115047	DRS091077	SAMD00115047	DRX162590		PAIRED	WGS	METAGENOMIC	ILLUMINA	Illumina HiSeq 2500	18562709	5110854061	ftp.sra.ebi.ac.uk/vol1/fastq/DRR171/DRR171978/DRR171978.fastq.gz;ftp.sra.ebi.ac.uk/vol1/fastq/DRR171/DRR171978/DRR171978_1.fastq.gz;ftp.sra.ebi.ac.uk/vol1/fastq/DRR171/DRR171978/DRR171978_2.fastq.gz	e03cb4c8c3f737c2efe2379753f666be;7b1e0e2ff8f703bf692918c231d9f743;321afe9dec1f759ab321ed6c2c820a07	71155081;1734763907;1802364619		human feces_10256
DRR171710	PRJDB4176	SAMD00165020	DRS091372	SAMD00165020	DRX162322		PAIRED	WGS	METAGENOMIC	ILLUMINA	Illumina HiSeq 2500	24667067	7077640073	ftp.sra.ebi.ac.uk/vol1/fastq/DRR171/DRR171710/DRR171710.fastq.gz;ftp.sra.ebi.ac.uk/vol1/fastq/DRR171/DRR171710/DRR171710_1.fastq.gz;ftp.sra.ebi.ac.uk/vol1/fastq/DRR171/DRR171710/DRR171710_2.fastq.gz	c2cb6d3950ef815fa92a4e4c38d1bf09;3c8508a7a6c75dc1a283df6c0ce1bc8f;c87eb90b936438fa872c878180270ccf	97735484;2354834810;2474493196		human feces_12070
DRR171986	PRJDB4176	SAMD00115055	DRS091085	SAMD00115055	DRX162598		PAIRED	WGS	METAGENOMIC	ILLUMINA	Illumina HiSeq 2500	24014773	6612060926	ftp.sra.ebi.ac.uk/vol1/fastq/DRR171/DRR171986/DRR171986.fastq.gz;ftp.sra.ebi.ac.uk/vol1/fastq/DRR171/DRR171986/DRR171986_1.fastq.gz;ftp.sra.ebi.ac.uk/vol1/fastq/DRR171/DRR171986/DRR171986_2.fastq.gz	8d766d0366e7cdc8bf187b3484cc68ee;a256c7644c6139733087b5a346f2c5af;e28275da54fb56dc12b70728266097f0	167959423;2307681895;2439236897		human feces_10290
DRR171713	PRJDB4176	SAMD00165023	DRS091375	SAMD00165023	DRX162325		PAIRED	WGS	METAGENOMIC	ILLUMINA	Illumina HiSeq 2500	23155579	6642119588	ftp.sra.ebi.ac.uk/vol1/fastq/DRR171/DRR171713/DRR171713.fastq.gz;ftp.sra.ebi.ac.uk/vol1/fastq/DRR171/DRR171713/DRR171713_1.fastq.gz;ftp.sra.ebi.ac.uk/vol1/fastq/DRR171/DRR171713/DRR171713_2.fastq.gz	3561f74203d352bcfa528baf49dc90dd;c104a6947aa234cc914ab0cb6e3b7be6;39be3c01b0e4397954d0cfa3dee1fbb4	61490765;2225224113;2304396773		human feces_12106
DRR171997	PRJDB4176	SAMD00115066	DRS091096	SAMD00115066	DRX162609		PAIRED	WGS	METAGENOMIC	ILLUMINA	Illumina HiSeq 2500	20368889	5889688079	ftp.sra.ebi.ac.uk/vol1/fastq/DRR171/DRR171997/DRR171997.fastq.gz;ftp.sra.ebi.ac.uk/vol1/fastq/DRR171/DRR171997/DRR171997_1.fastq.gz;ftp.sra.ebi.ac.uk/vol1/fastq/DRR171/DRR171997/DRR171997_2.fastq.gz	d47ad79781382d1c23c366f026866b24;2f5d7bc0220292c55ab42d0d2e57d698;ec4ea050973a85fcb4d7b5369b57713f	48279208;1695522090;1800168779		human feces_10236.1
DRR172002	PRJDB4176	SAMD00115071	DRS091101	SAMD00115071	DRX162614		PAIRED	WGS	METAGENOMIC	ILLUMINA	Illumina HiSeq 2500	15482099	4535141556	ftp.sra.ebi.ac.uk/vol1/fastq/DRR172/DRR172002/DRR172002.fastq.gz;ftp.sra.ebi.ac.uk/vol1/fastq/DRR172/DRR172002/DRR172002_1.fastq.gz;ftp.sra.ebi.ac.uk/vol1/fastq/DRR172/DRR172002/DRR172002_2.fastq.gz	b472ea806bc951b114d8d8ac1612fa34;6fbf93d33995472f6239eeb7fe04e9c1;7a217cd6d7afaf75c1408112627e24b1	36636162;1292150975;1375998722		human feces_10480.1
DRR171715	PRJDB4176	SAMD00165025	DRS091377	SAMD00165025	DRX162327		PAIRED	WGS	METAGENOMIC	ILLUMINA	Illumina HiSeq 2500	26080264	7344244750	ftp.sra.ebi.ac.uk/vol1/fastq/DRR171/DRR171715/DRR171715.fastq.gz;ftp.sra.ebi.ac.uk/vol1/fastq/DRR171/DRR171715/DRR171715_1.fastq.gz;ftp.sra.ebi.ac.uk/vol1/fastq/DRR171/DRR171715/DRR171715_2.fastq.gz	81f12ce717c3cc1053dd869e949ab225;7a757179cc931a765d14b10ffde38b25;0da89c0553244118c551d946b081ec3f	53094103;2506312171;2591158332		human feces_12197
DRR172003	PRJDB4176	SAMD00115072	DRS091102	SAMD00115072	DRX162615		PAIRED	WGS	METAGENOMIC	ILLUMINA	Illumina HiSeq 2500	22375806	6407309729	ftp.sra.ebi.ac.uk/vol1/fastq/DRR172/DRR172003/DRR172003.fastq.gz;ftp.sra.ebi.ac.uk/vol1/fastq/DRR172/DRR172003/DRR172003_1.fastq.gz;ftp.sra.ebi.ac.uk/vol1/fastq/DRR172/DRR172003/DRR172003_2.fastq.gz	bd59049d06cc0f34aa757abdaa3ede7e;d031eb97b428511899b58bb0bf77693c;516ffee58ee732463a6acc20019648e3	69958707;1937017969;2088269243		human feces_10067.1
DRR171724	PRJDB4176	SAMD00114718	DRS090823	SAMD00114718	DRX162336		PAIRED	WGS	METAGENOMIC	ILLUMINA	Illumina HiSeq 2500	44049316	12136345857	ftp.sra.ebi.ac.uk/vol1/fastq/DRR171/DRR171724/DRR171724.fastq.gz;ftp.sra.ebi.ac.uk/vol1/fastq/DRR171/DRR171724/DRR171724_1.fastq.gz;ftp.sra.ebi.ac.uk/vol1/fastq/DRR171/DRR171724/DRR171724_2.fastq.gz	7b21b35928da6e50a408bbd7e2c42817;e1ba11ca8a11d0e94b18800d42c4dc8c;a1f98ec461c4087bf52bc3d9e7fe6f13	232476926;4390084331;4618707926		human feces_10219
DRR172017	PRJDB4176	SAMD00115086	DRS091116	SAMD00115086	DRX162629		PAIRED	WGS	METAGENOMIC	ILLUMINA	Illumina HiSeq 2500	16417873	4790563535	ftp.sra.ebi.ac.uk/vol1/fastq/DRR172/DRR172017/DRR172017.fastq.gz;ftp.sra.ebi.ac.uk/vol1/fastq/DRR172/DRR172017/DRR172017_1.fastq.gz;ftp.sra.ebi.ac.uk/vol1/fastq/DRR172/DRR172017/DRR172017_2.fastq.gz	f024040257f8193abdd2a344558310b7;7ef04a759607ff58b811e607d462ed87;42da1b2d589443a223cd8698075e3980	51262747;1371012597;1492299093		human feces_10260.1
DRR171725	PRJDB4176	SAMD00114719	DRS090824	SAMD00114719	DRX162337		PAIRED	WGS	METAGENOMIC	ILLUMINA	Illumina HiSeq 2500	24670658	6736891828	ftp.sra.ebi.ac.uk/vol1/fastq/DRR171/DRR171725/DRR171725.fastq.gz;ftp.sra.ebi.ac.uk/vol1/fastq/DRR171/DRR171725/DRR171725_1.fastq.gz;ftp.sra.ebi.ac.uk/vol1/fastq/DRR171/DRR171725/DRR171725_2.fastq.gz	9bf31fc5c66bf75d17c2e424d31ddca7;d639850518258ee3ea5cbeda6094536b;7899e26727ceb3a8d3e9328d199f4b0f	123364461;2443108895;2564688769		human feces_10226
DRR172018	PRJDB4176	SAMD00115087	DRS091117	SAMD00115087	DRX162630		PAIRED	WGS	METAGENOMIC	ILLUMINA	Illumina HiSeq 2500	13716759	3982509349	ftp.sra.ebi.ac.uk/vol1/fastq/DRR172/DRR172018/DRR172018.fastq.gz;ftp.sra.ebi.ac.uk/vol1/fastq/DRR172/DRR172018/DRR172018_1.fastq.gz;ftp.sra.ebi.ac.uk/vol1/fastq/DRR172/DRR172018/DRR172018_2.fastq.gz	a663bba8f0eef8315bb5058887dc689a;1a85fa30bf4b86b0106eacd77f7c77ec;96909cc17726cf5438240f79f38a0310	14857837;1147193610;1209484066		human feces_10532.1
DRR171729	PRJDB4176	SAMD00114725	DRS090828	SAMD00114725	DRX162341		PAIRED	WGS	METAGENOMIC	ILLUMINA	Illumina HiSeq 2500	27622282	7489157467	ftp.sra.ebi.ac.uk/vol1/fastq/DRR171/DRR171729/DRR171729.fastq.gz;ftp.sra.ebi.ac.uk/vol1/fastq/DRR171/DRR171729/DRR171729_1.fastq.gz;ftp.sra.ebi.ac.uk/vol1/fastq/DRR171/DRR171729/DRR171729_2.fastq.gz	fe8117a6cb3ec53b64647fdf1e4dc280;6bc096b137f64071095082509ec95045;3218ff07d17f2898bbf69c41a9ace2cb	124530242;2624581872;2727584276		human feces_10327
DRR172020	PRJDB4176	SAMD00115089	DRS091119	SAMD00115089	DRX162632		PAIRED	WGS	METAGENOMIC	ILLUMINA	Illumina HiSeq 2500	27139211	7788352966	ftp.sra.ebi.ac.uk/vol1/fastq/DRR172/DRR172020/DRR172020.fastq.gz;ftp.sra.ebi.ac.uk/vol1/fastq/DRR172/DRR172020/DRR172020_1.fastq.gz;ftp.sra.ebi.ac.uk/vol1/fastq/DRR172/DRR172020/DRR172020_2.fastq.gz	9285d3e197ef3776900809bc783079ef;397aeb922b4abf963860438797d86a4e;e23f1b8c6a6c314417714466d6f75a1b	82828670;2345711604;2535579782		human feces_10099.1
DRR171732	PRJDB4176	SAMD00114729	DRS090831	SAMD00114729	DRX162344		PAIRED	WGS	METAGENOMIC	ILLUMINA	Illumina HiSeq 2500	28253191	7479172485	ftp.sra.ebi.ac.uk/vol1/fastq/DRR171/DRR171732/DRR171732.fastq.gz;ftp.sra.ebi.ac.uk/vol1/fastq/DRR171/DRR171732/DRR171732_1.fastq.gz;ftp.sra.ebi.ac.uk/vol1/fastq/DRR171/DRR171732/DRR171732_2.fastq.gz	ad74072778d3fc3247ac490272682684;0f13c3b2e3ce76769f59f69546ac16a0;2550ca24fead8d57401b69aa25d48053	117201933;2621277512;2716498932		human feces_10334
DRR171735	PRJDB4176	SAMD00114733	DRS090834	SAMD00114733	DRX162347		PAIRED	WGS	METAGENOMIC	ILLUMINA	Illumina HiSeq 2500	16021270	4565834668	ftp.sra.ebi.ac.uk/vol1/fastq/DRR171/DRR171735/DRR171735.fastq.gz;ftp.sra.ebi.ac.uk/vol1/fastq/DRR171/DRR171735/DRR171735_1.fastq.gz;ftp.sra.ebi.ac.uk/vol1/fastq/DRR171/DRR171735/DRR171735_2.fastq.gz	33b290140130b84cb63d5ebd0d6ede35;e037d2e4475badee85d4f0f8e0dcad74;82bdee889e1d7f3a1ca228d96c352537	120331027;1549591961;1681469938		human feces_10324
DRR172021	PRJDB4176	SAMD00115090	DRS091120	SAMD00115090	DRX162633		PAIRED	WGS	METAGENOMIC	ILLUMINA	Illumina HiSeq 2500	16649612	4871305047	ftp.sra.ebi.ac.uk/vol1/fastq/DRR172/DRR172021/DRR172021.fastq.gz;ftp.sra.ebi.ac.uk/vol1/fastq/DRR172/DRR172021/DRR172021_1.fastq.gz;ftp.sra.ebi.ac.uk/vol1/fastq/DRR172/DRR172021/DRR172021_2.fastq.gz	76e16c4b158131e7450b3124720d127c;406155e8f18980d2619568263b3469b3;632fd17cfc2aaf8b5b1e2bc2eda11400	62671199;1465232896;1592441572		human feces_10646.1
DRR171736	PRJDB4176	SAMD00114735	DRS090835	SAMD00114735	DRX162348		PAIRED	WGS	METAGENOMIC	ILLUMINA	Illumina HiSeq 2500	23454352	6438402196	ftp.sra.ebi.ac.uk/vol1/fastq/DRR171/DRR171736/DRR171736.fastq.gz;ftp.sra.ebi.ac.uk/vol1/fastq/DRR171/DRR171736/DRR171736_1.fastq.gz;ftp.sra.ebi.ac.uk/vol1/fastq/DRR171/DRR171736/DRR171736_2.fastq.gz	72e2fbc4b12a9ea3f911770b151b52c5;7cbbf70aa0cf07a87e236515bb6195af;ddc539a9249d78ab402bd22bb941dcfe	76544410;2110774778;2219089879		human feces_10111
DRR171737	PRJDB4176	SAMD00114736	DRS090836	SAMD00114736	DRX162349		PAIRED	WGS	METAGENOMIC	ILLUMINA	Illumina HiSeq 2500	22532061	6114699359	ftp.sra.ebi.ac.uk/vol1/fastq/DRR171/DRR171737/DRR171737.fastq.gz;ftp.sra.ebi.ac.uk/vol1/fastq/DRR171/DRR171737/DRR171737_1.fastq.gz;ftp.sra.ebi.ac.uk/vol1/fastq/DRR171/DRR171737/DRR171737_2.fastq.gz	d7172a43fa1b12f5fefa1eec0160fff1;cf986f24c1de7b9a02a103d8dc9669ce;e06d8e7fe63800e430f4febb9d987f4c	69090639;1998213914;2101269836		human feces_10114
DRR171738	PRJDB4176	SAMD00114738	DRS090837	SAMD00114738	DRX162350		PAIRED	WGS	METAGENOMIC	ILLUMINA	Illumina HiSeq 2500	19881119	5393173482	ftp.sra.ebi.ac.uk/vol1/fastq/DRR171/DRR171738/DRR171738.fastq.gz;ftp.sra.ebi.ac.uk/vol1/fastq/DRR171/DRR171738/DRR171738_1.fastq.gz;ftp.sra.ebi.ac.uk/vol1/fastq/DRR171/DRR171738/DRR171738_2.fastq.gz	24048891e8f12631885a40cfd8bac675;95c8cb141906b3172e4fa74b61392081;28f3d09b8dacdd66527e7dba3e740fa5	62786859;1788664470;1855155696		human feces_10119
DRR171743	PRJDB4176	SAMD00114743	DRS090842	SAMD00114743	DRX162355		PAIRED	WGS	METAGENOMIC	ILLUMINA	Illumina HiSeq 2500	24763169	5945830944	ftp.sra.ebi.ac.uk/vol1/fastq/DRR171/DRR171743/DRR171743.fastq.gz;ftp.sra.ebi.ac.uk/vol1/fastq/DRR171/DRR171743/DRR171743_1.fastq.gz;ftp.sra.ebi.ac.uk/vol1/fastq/DRR171/DRR171743/DRR171743_2.fastq.gz	ce3d9d1f1b818419cc9e7790de64594c;bda8b0d08d77981943cab9e32a8a9fe2;5d437eff5d3bda46809e9924d6fbc70f	89017458;2091988587;2167261559		human feces_10154
DRR171744	PRJDB4176	SAMD00114744	DRS090843	SAMD00114744	DRX162356		PAIRED	WGS	METAGENOMIC	ILLUMINA	Illumina HiSeq 2500	36634418	9835828458	ftp.sra.ebi.ac.uk/vol1/fastq/DRR171/DRR171744/DRR171744.fastq.gz;ftp.sra.ebi.ac.uk/vol1/fastq/DRR171/DRR171744/DRR171744_1.fastq.gz;ftp.sra.ebi.ac.uk/vol1/fastq/DRR171/DRR171744/DRR171744_2.fastq.gz	bb3955f8bdafb5fc885220172c5bc2bf;91409d5ee6c2671c9d54da74afcea5cb;d0bff77345995abbf565fc5c67dfc3c0	124844517;3463891258;3520834064		human feces_10126
DRR171747	PRJDB4176	SAMD00114747	DRS090846	SAMD00114747	DRX162359		PAIRED	WGS	METAGENOMIC	ILLUMINA	Illumina HiSeq 2500	29720848	7622304025	ftp.sra.ebi.ac.uk/vol1/fastq/DRR171/DRR171747/DRR171747.fastq.gz;ftp.sra.ebi.ac.uk/vol1/fastq/DRR171/DRR171747/DRR171747_1.fastq.gz;ftp.sra.ebi.ac.uk/vol1/fastq/DRR171/DRR171747/DRR171747_2.fastq.gz	9d35e0216205271a1c25b18ece5695be;0e3bdcc11b56e081b9205c3541ea1d18;9ee77ebc9f1206f9dd9cdd82e655eee4	114272071;2671009871;2772603815		human feces_10135
DRR171749	PRJDB4176	SAMD00114749	DRS090848	SAMD00114749	DRX162361		PAIRED	WGS	METAGENOMIC	ILLUMINA	Illumina HiSeq 2500	37868074	10261253265	ftp.sra.ebi.ac.uk/vol1/fastq/DRR171/DRR171749/DRR171749.fastq.gz;ftp.sra.ebi.ac.uk/vol1/fastq/DRR171/DRR171749/DRR171749_1.fastq.gz;ftp.sra.ebi.ac.uk/vol1/fastq/DRR171/DRR171749/DRR171749_2.fastq.gz	ae530b1e1a8f95b6684cd1422778f02f;6ffe5705b29430c282c1afb5529bdf0c;aaa3a0bcea906b897436f3f7b1ffdca4	154336620;3446085526;3590710914		human feces_10277
DRR171751	PRJDB4176	SAMD00114751	DRS090850	SAMD00114751	DRX162363		PAIRED	WGS	METAGENOMIC	ILLUMINA	Illumina HiSeq 2500	26063386	7162807603	ftp.sra.ebi.ac.uk/vol1/fastq/DRR171/DRR171751/DRR171751.fastq.gz;ftp.sra.ebi.ac.uk/vol1/fastq/DRR171/DRR171751/DRR171751_1.fastq.gz;ftp.sra.ebi.ac.uk/vol1/fastq/DRR171/DRR171751/DRR171751_2.fastq.gz	0ff54e57ea505a6a2676468224c16a09;5d4ce92a0d63d0a42192718638c8621d;71a961ba9a2bda10f9f59460e3d71c51	101073875;2396901918;2494615954		human feces_10294
DRR171765	PRJDB4176	SAMD00114773	DRS090864	SAMD00114773	DRX162377		PAIRED	WGS	METAGENOMIC	ILLUMINA	Illumina HiSeq 2500	20379885	5503875351	ftp.sra.ebi.ac.uk/vol1/fastq/DRR171/DRR171765/DRR171765.fastq.gz;ftp.sra.ebi.ac.uk/vol1/fastq/DRR171/DRR171765/DRR171765_1.fastq.gz;ftp.sra.ebi.ac.uk/vol1/fastq/DRR171/DRR171765/DRR171765_2.fastq.gz	68c16fb2d43f5482ba41abb2c272eaea;2e70d0a6ee465ac516f3bc2a96775b9d;40dfc3858f182808f050f959df8aced0	99621677;1827193643;1916687523		human feces_10215
DRR171767	PRJDB4176	SAMD00114775	DRS090866	SAMD00114775	DRX162379		PAIRED	WGS	METAGENOMIC	ILLUMINA	Illumina HiSeq 2500	30583634	8263473466	ftp.sra.ebi.ac.uk/vol1/fastq/DRR171/DRR171767/DRR171767.fastq.gz;ftp.sra.ebi.ac.uk/vol1/fastq/DRR171/DRR171767/DRR171767_1.fastq.gz;ftp.sra.ebi.ac.uk/vol1/fastq/DRR171/DRR171767/DRR171767_2.fastq.gz	8c4cc26907226a0880b235e34723f691;a79cc4737392b6505db34b7d71e036ef;6f8e7a470d867d113f3fa00e158f21fa	186615397;2883657756;3004952630		human feces_10307
DRR171769	PRJDB4176	SAMD00114777	DRS090868	SAMD00114777	DRX162381		PAIRED	WGS	METAGENOMIC	ILLUMINA	Illumina HiSeq 2500	27319732	7255735602	ftp.sra.ebi.ac.uk/vol1/fastq/DRR171/DRR171769/DRR171769.fastq.gz;ftp.sra.ebi.ac.uk/vol1/fastq/DRR171/DRR171769/DRR171769_1.fastq.gz;ftp.sra.ebi.ac.uk/vol1/fastq/DRR171/DRR171769/DRR171769_2.fastq.gz	2adab0af120a9a16797e34fc21bc6d4a;b8f7e3042d8645f6a07178731e981f25;9cc533588435db2988a5523f54820acb	156780153;2559405430;2708723573		human feces_10309
DRR171771	PRJDB4176	SAMD00114780	DRS090870	SAMD00114780	DRX162383		PAIRED	WGS	METAGENOMIC	ILLUMINA	Illumina HiSeq 2500	15063783	4268139124	ftp.sra.ebi.ac.uk/vol1/fastq/DRR171/DRR171771/DRR171771.fastq.gz;ftp.sra.ebi.ac.uk/vol1/fastq/DRR171/DRR171771/DRR171771_1.fastq.gz;ftp.sra.ebi.ac.uk/vol1/fastq/DRR171/DRR171771/DRR171771_2.fastq.gz	e3b624efe18fc058eaafa4d171f6434f;44dd6e213f32661c5bd0f44309989269;8c946bbcec176964a338c7be24d51b0a	155161869;1474323836;1603505099		human feces_10301
DRR171772	PRJDB4176	SAMD00114784	DRS090871	SAMD00114784	DRX162384		PAIRED	WGS	METAGENOMIC	ILLUMINA	Illumina HiSeq 2500	16612062	4729741641	ftp.sra.ebi.ac.uk/vol1/fastq/DRR171/DRR171772/DRR171772.fastq.gz;ftp.sra.ebi.ac.uk/vol1/fastq/DRR171/DRR171772/DRR171772_1.fastq.gz;ftp.sra.ebi.ac.uk/vol1/fastq/DRR171/DRR171772/DRR171772_2.fastq.gz	9fe3d1c5335924d67acb63a3349b31c6;53be2f3013d6fb7b52ad699902afc03b;9b59d182e7b087193662bbf71a578bad	149302208;1612843674;1774191421		human feces_10354
DRR171780	PRJDB4176	SAMD00114793	DRS090879	SAMD00114793	DRX162392		PAIRED	WGS	METAGENOMIC	ILLUMINA	Illumina HiSeq 2500	30291508	8249606647	ftp.sra.ebi.ac.uk/vol1/fastq/DRR171/DRR171780/DRR171780.fastq.gz;ftp.sra.ebi.ac.uk/vol1/fastq/DRR171/DRR171780/DRR171780_1.fastq.gz;ftp.sra.ebi.ac.uk/vol1/fastq/DRR171/DRR171780/DRR171780_2.fastq.gz	bb27f5fd8fcad48d86222c0754ba753a;6a768c010ebdf72cbab81647bcc8ef9e;1f32ba39507c181e57f647f60373f8ec	135274341;2925827005;3058262334		human feces_10248
DRR171783	PRJDB4176	SAMD00114796	DRS090882	SAMD00114796	DRX162395		PAIRED	WGS	METAGENOMIC	ILLUMINA	Illumina HiSeq 2500	41510729	11305133387	ftp.sra.ebi.ac.uk/vol1/fastq/DRR171/DRR171783/DRR171783.fastq.gz;ftp.sra.ebi.ac.uk/vol1/fastq/DRR171/DRR171783/DRR171783_1.fastq.gz;ftp.sra.ebi.ac.uk/vol1/fastq/DRR171/DRR171783/DRR171783_2.fastq.gz	2ee28325cfa7aa9d0718581160b5e376;443eb2ff69fe564eb6a07648e65f19ad;1177a51e0adacf2f0d8d64c304ccdff5	171612394;4037415917;4173113413		human feces_10258
DRR171788	PRJDB4176	SAMD00114802	DRS090887	SAMD00114802	DRX162400		PAIRED	WGS	METAGENOMIC	ILLUMINA	Illumina HiSeq 2500	17769559	5096126973	ftp.sra.ebi.ac.uk/vol1/fastq/DRR171/DRR171788/DRR171788.fastq.gz;ftp.sra.ebi.ac.uk/vol1/fastq/DRR171/DRR171788/DRR171788_1.fastq.gz;ftp.sra.ebi.ac.uk/vol1/fastq/DRR171/DRR171788/DRR171788_2.fastq.gz	b787ded5f0b082ee8c497b151d1a06ae;8d6cf541a0a96cf81b5a26851b17c1a1;71b9b2cf39b30677dd297438e2e6407c	116069969;1810945655;1922993594		human feces_10182
DRR171798	PRJDB4176	SAMD00114815	DRS090897	SAMD00114815	DRX162410		PAIRED	WGS	METAGENOMIC	ILLUMINA	Illumina HiSeq 2500	18958166	5401029205	ftp.sra.ebi.ac.uk/vol1/fastq/DRR171/DRR171798/DRR171798.fastq.gz;ftp.sra.ebi.ac.uk/vol1/fastq/DRR171/DRR171798/DRR171798_1.fastq.gz;ftp.sra.ebi.ac.uk/vol1/fastq/DRR171/DRR171798/DRR171798_2.fastq.gz	418a0f799d772f64453704afaa7c436d;e8c7a009ed2c1c89d58d60d6181baa5f;68c3889161792eaf77b5043103d5ea37	156238892;1934864145;2030131141		human feces_10183
DRR171801	PRJDB4176	SAMD00114818	DRS090900	SAMD00114818	DRX162413		PAIRED	WGS	METAGENOMIC	ILLUMINA	Illumina HiSeq 2500	19292657	5509224093	ftp.sra.ebi.ac.uk/vol1/fastq/DRR171/DRR171801/DRR171801.fastq.gz;ftp.sra.ebi.ac.uk/vol1/fastq/DRR171/DRR171801/DRR171801_1.fastq.gz;ftp.sra.ebi.ac.uk/vol1/fastq/DRR171/DRR171801/DRR171801_2.fastq.gz	91f206b2a863363288d5bd591f807646;98cd3f3d60593070f67fc31f7825963b;e6b5e01613af291f25aeb955e390f807	139525699;1952592776;2032331210		human feces_10519
DRR171812	PRJDB4176	SAMD00114832	DRS090911	SAMD00114832	DRX162424		PAIRED	WGS	METAGENOMIC	ILLUMINA	Illumina HiSeq 2500	21683512	6156254333	ftp.sra.ebi.ac.uk/vol1/fastq/DRR171/DRR171812/DRR171812.fastq.gz;ftp.sra.ebi.ac.uk/vol1/fastq/DRR171/DRR171812/DRR171812_1.fastq.gz;ftp.sra.ebi.ac.uk/vol1/fastq/DRR171/DRR171812/DRR171812_2.fastq.gz	ad7563ace858dd37886609dfa2f05fa5;64cd90cb20bd20755a6175bfee4c08ff;284836d67ea4433eee1f5bcbaa3267dc	160925203;2136183139;2254990708		human feces_10144
DRR171814	PRJDB4176	SAMD00114835	DRS090913	SAMD00114835	DRX162426		PAIRED	WGS	METAGENOMIC	ILLUMINA	Illumina HiSeq 2500	10109490	2825049865	ftp.sra.ebi.ac.uk/vol1/fastq/DRR171/DRR171814/DRR171814.fastq.gz;ftp.sra.ebi.ac.uk/vol1/fastq/DRR171/DRR171814/DRR171814_1.fastq.gz;ftp.sra.ebi.ac.uk/vol1/fastq/DRR171/DRR171814/DRR171814_2.fastq.gz	a3eef104baa63546404752f19bc40ac8;e0aa9d20e4e29a40eb7d05ec5ec240a6;b1d013d0d22a84e005d9242abd3a1ef1	118035221;967311422;1054839487		human feces_10523
DRR171819	PRJDB4176	SAMD00114841	DRS090918	SAMD00114841	DRX162431		PAIRED	WGS	METAGENOMIC	ILLUMINA	Illumina HiSeq 2500	17870696	5118053055	ftp.sra.ebi.ac.uk/vol1/fastq/DRR171/DRR171819/DRR171819.fastq.gz;ftp.sra.ebi.ac.uk/vol1/fastq/DRR171/DRR171819/DRR171819_1.fastq.gz;ftp.sra.ebi.ac.uk/vol1/fastq/DRR171/DRR171819/DRR171819_2.fastq.gz	0eadefe6e71412363549517f38a52ef8;b5c2b4e5c9e2516813904bba0e374f07;54884799c318182ce57c27fdf6c3e6f5	107846289;1782650992;1907621035		human feces_10532
DRR171820	PRJDB4176	SAMD00114844	DRS090919	SAMD00114844	DRX162432		PAIRED	WGS	METAGENOMIC	ILLUMINA	Illumina HiSeq 2500	17926349	5109497158	ftp.sra.ebi.ac.uk/vol1/fastq/DRR171/DRR171820/DRR171820.fastq.gz;ftp.sra.ebi.ac.uk/vol1/fastq/DRR171/DRR171820/DRR171820_1.fastq.gz;ftp.sra.ebi.ac.uk/vol1/fastq/DRR171/DRR171820/DRR171820_2.fastq.gz	f0b97ef47d10a51d4ad50b5b2e304b8d;c17e7c7d15bb6b2c9aded5f34887b94e;f094a1d8e01d00eb0e20a34e6a99b893	132030407;1836142396;1951273938		human feces_10542
DRR171822	PRJDB4176	SAMD00114846	DRS090921	SAMD00114846	DRX162434		PAIRED	WGS	METAGENOMIC	ILLUMINA	Illumina HiSeq 2500	18784356	5369387216	ftp.sra.ebi.ac.uk/vol1/fastq/DRR171/DRR171822/DRR171822.fastq.gz;ftp.sra.ebi.ac.uk/vol1/fastq/DRR171/DRR171822/DRR171822_1.fastq.gz;ftp.sra.ebi.ac.uk/vol1/fastq/DRR171/DRR171822/DRR171822_2.fastq.gz	9a31031bb5ef242b6209c25e7602fbfa;260a3d85b755885817a583c286990683;e3c6655236c690b2eedc77b949a05ae8	127233331;1927597625;2034556182		human feces_10545
DRR171823	PRJDB4176	SAMD00114847	DRS090922	SAMD00114847	DRX162435		PAIRED	WGS	METAGENOMIC	ILLUMINA	Illumina HiSeq 2500	19048677	5419415604	ftp.sra.ebi.ac.uk/vol1/fastq/DRR171/DRR171823/DRR171823.fastq.gz;ftp.sra.ebi.ac.uk/vol1/fastq/DRR171/DRR171823/DRR171823_1.fastq.gz;ftp.sra.ebi.ac.uk/vol1/fastq/DRR171/DRR171823/DRR171823_2.fastq.gz	31d6aef97a60db0dcee313d297a20691;5b7165229b58eb2b14820f304ca34f18;d4c30e33d2fab9df7151e1efb8cda6ec	141439357;1947254687;2064557146		human feces_10548
DRR171838	PRJDB4176	SAMD00114867	DRS090937	SAMD00114867	DRX162450		PAIRED	WGS	METAGENOMIC	ILLUMINA	Illumina HiSeq 2500	17645258	5034626845	ftp.sra.ebi.ac.uk/vol1/fastq/DRR171/DRR171838/DRR171838.fastq.gz;ftp.sra.ebi.ac.uk/vol1/fastq/DRR171/DRR171838/DRR171838_1.fastq.gz;ftp.sra.ebi.ac.uk/vol1/fastq/DRR171/DRR171838/DRR171838_2.fastq.gz	bb1f432d19ea71bdd7456a874029c162;9642088ba19e21a3a6062a763c0f7a62;5986988365f94065973132475b7def08	123522336;1805131139;1913544889		human feces_10577
DRR171848	PRJDB4176	SAMD00114879	DRS090947	SAMD00114879	DRX162460		PAIRED	WGS	METAGENOMIC	ILLUMINA	Illumina HiSeq 2500	28745100	7948479427	ftp.sra.ebi.ac.uk/vol1/fastq/DRR171/DRR171848/DRR171848.fastq.gz;ftp.sra.ebi.ac.uk/vol1/fastq/DRR171/DRR171848/DRR171848_1.fastq.gz;ftp.sra.ebi.ac.uk/vol1/fastq/DRR171/DRR171848/DRR171848_2.fastq.gz	c274309105f5ee716cfedd404d149845;e543bfc0a1fff5a9c4056fd14e2a8f75;42c7f29f7cf1d1a0a432e644295f4c44	376129718;3182275167;3312632030		human feces_10775
DRR171850	PRJDB4176	SAMD00114882	DRS090949	SAMD00114882	DRX162462		PAIRED	WGS	METAGENOMIC	ILLUMINA	Illumina HiSeq 2500	21220695	5892654225	ftp.sra.ebi.ac.uk/vol1/fastq/DRR171/DRR171850/DRR171850.fastq.gz;ftp.sra.ebi.ac.uk/vol1/fastq/DRR171/DRR171850/DRR171850_1.fastq.gz;ftp.sra.ebi.ac.uk/vol1/fastq/DRR171/DRR171850/DRR171850_2.fastq.gz	7f1a43d9b56902c42a89e34adf18794e;603f4d36eab51b7e5ec241074a0d5c80;739f1a9c9c89fe100da152d398eda678	285407255;2292500014;2438039409		human feces_10804
DRR171852	PRJDB4176	SAMD00114885	DRS090951	SAMD00114885	DRX162464		PAIRED	WGS	METAGENOMIC	ILLUMINA	Illumina HiSeq 2500	30516138	8563459397	ftp.sra.ebi.ac.uk/vol1/fastq/DRR171/DRR171852/DRR171852.fastq.gz;ftp.sra.ebi.ac.uk/vol1/fastq/DRR171/DRR171852/DRR171852_1.fastq.gz;ftp.sra.ebi.ac.uk/vol1/fastq/DRR171/DRR171852/DRR171852_2.fastq.gz	89038fcf47681b25989640d920d10a8f;a89385dd168307a77218a5037e965a67;86adb29dec9b9a37896f54462dd0bbd1	326870002;3357597679;3533663975		human feces_10835
DRR171854	PRJDB4176	SAMD00114887	DRS090953	SAMD00114887	DRX162466		PAIRED	WGS	METAGENOMIC	ILLUMINA	Illumina HiSeq 2500	23660341	6666771959	ftp.sra.ebi.ac.uk/vol1/fastq/DRR171/DRR171854/DRR171854.fastq.gz;ftp.sra.ebi.ac.uk/vol1/fastq/DRR171/DRR171854/DRR171854_1.fastq.gz;ftp.sra.ebi.ac.uk/vol1/fastq/DRR171/DRR171854/DRR171854_2.fastq.gz	6dbe4e1a65b7f72c33f127bf527e35d7;985fea3ad43611f1eafd7e968a45316d;53eede706abb47ff113aae0f1fbb5735	270656416;2262052651;2427277854		human feces_10614
DRR171855	PRJDB4176	SAMD00114888	DRS090954	SAMD00114888	DRX162467		PAIRED	WGS	METAGENOMIC	ILLUMINA	Illumina HiSeq 2500	21555393	6105158888	ftp.sra.ebi.ac.uk/vol1/fastq/DRR171/DRR171855/DRR171855.fastq.gz;ftp.sra.ebi.ac.uk/vol1/fastq/DRR171/DRR171855/DRR171855_1.fastq.gz;ftp.sra.ebi.ac.uk/vol1/fastq/DRR171/DRR171855/DRR171855_2.fastq.gz	c45e2b5d32e6f4fa97b98f93d5f587da;66b43d791441834733533408176d6b39;c7d9e5d58784458ecd15545c6a5d5b2f	207476923;2076131987;2225702588		human feces_10620
DRR171866	PRJDB4176	SAMD00114902	DRS090965	SAMD00114902	DRX162478		PAIRED	WGS	METAGENOMIC	ILLUMINA	Illumina HiSeq 2500	43751974	11893076159	ftp.sra.ebi.ac.uk/vol1/fastq/DRR171/DRR171866/DRR171866.fastq.gz;ftp.sra.ebi.ac.uk/vol1/fastq/DRR171/DRR171866/DRR171866_1.fastq.gz;ftp.sra.ebi.ac.uk/vol1/fastq/DRR171/DRR171866/DRR171866_2.fastq.gz	d464e2089c91a6161c1e7b73072e22b7;1d470b33d7951474e6c456ebbc00dcc6;165fb9672df55a18ad17d390c378bb0f	733255576;4697218136;4882277862		human feces_10814
DRR171908	PRJDB4176	SAMD00114955	DRS091007	SAMD00114955	DRX162520		PAIRED	WGS	METAGENOMIC	ILLUMINA	Illumina HiSeq 2500	26821387	7488489685	ftp.sra.ebi.ac.uk/vol1/fastq/DRR171/DRR171908/DRR171908.fastq.gz;ftp.sra.ebi.ac.uk/vol1/fastq/DRR171/DRR171908/DRR171908_1.fastq.gz;ftp.sra.ebi.ac.uk/vol1/fastq/DRR171/DRR171908/DRR171908_2.fastq.gz	002818c5bffdce9a71f44ba64b06ec66;f1d58244b75345942334452e6dca1c58;1c21a872e23e68e6ebb81104b8896b9d	348568581;2815216614;2998621289		human feces_10759
DRR171916	PRJDB4176	SAMD00114965	DRS091015	SAMD00114965	DRX162528		PAIRED	WGS	METAGENOMIC	ILLUMINA	Illumina HiSeq 2500	18016470	5027374542	ftp.sra.ebi.ac.uk/vol1/fastq/DRR171/DRR171916/DRR171916.fastq.gz;ftp.sra.ebi.ac.uk/vol1/fastq/DRR171/DRR171916/DRR171916_1.fastq.gz;ftp.sra.ebi.ac.uk/vol1/fastq/DRR171/DRR171916/DRR171916_2.fastq.gz	a62dd3c88c539e3d24122583fc197494;933d7ab59babde0e16fad0b48b36fcd6;eed19485ffad69be411b4d73ee7c9acf	206936109;1995975837;2098910720		human feces_10829
DRR171922	PRJDB4176	SAMD00114975	DRS091021	SAMD00114975	DRX162534		PAIRED	WGS	METAGENOMIC	ILLUMINA	Illumina HiSeq 2500	27499410	7420201256	ftp.sra.ebi.ac.uk/vol1/fastq/DRR171/DRR171922/DRR171922.fastq.gz;ftp.sra.ebi.ac.uk/vol1/fastq/DRR171/DRR171922/DRR171922_1.fastq.gz;ftp.sra.ebi.ac.uk/vol1/fastq/DRR171/DRR171922/DRR171922_2.fastq.gz	c08186e9018609f279f6b496b4528c31;416d02008ab144d689c57d8a5e9c6979;be2d3c4aacc7aca81190270cc6ba5827	99010399;2510920928;2600932588		human feces_10212
DRR171925	PRJDB4176	SAMD00114979	DRS091024	SAMD00114979	DRX162537		PAIRED	WGS	METAGENOMIC	ILLUMINA	Illumina HiSeq 2500	29839851	8201823755	ftp.sra.ebi.ac.uk/vol1/fastq/DRR171/DRR171925/DRR171925.fastq.gz;ftp.sra.ebi.ac.uk/vol1/fastq/DRR171/DRR171925/DRR171925_1.fastq.gz;ftp.sra.ebi.ac.uk/vol1/fastq/DRR171/DRR171925/DRR171925_2.fastq.gz	92efb8d7eb1f913c122ad030b16d8e06;cbc72049daf88d784a031c41d63f2c74;67f2bfec50bbd2968270db077ce3a811	113519290;2767867097;2867521543		human feces_10200
DRR171927	PRJDB4176	SAMD00114981	DRS091026	SAMD00114981	DRX162539		PAIRED	WGS	METAGENOMIC	ILLUMINA	Illumina HiSeq 2500	18381841	5164071513	ftp.sra.ebi.ac.uk/vol1/fastq/DRR171/DRR171927/DRR171927.fastq.gz;ftp.sra.ebi.ac.uk/vol1/fastq/DRR171/DRR171927/DRR171927_1.fastq.gz;ftp.sra.ebi.ac.uk/vol1/fastq/DRR171/DRR171927/DRR171927_2.fastq.gz	1e7816687ce67633a184767da35234bb;8e9731fe9af5e79379a864b55efc7205;ec5684855881a4fe026f0ffcec368eba	88550043;1781947931;1889181156		human feces_10242
DRR171935	PRJDB4176	SAMD00114991	DRS091034	SAMD00114991	DRX162547		PAIRED	WGS	METAGENOMIC	ILLUMINA	Illumina HiSeq 2500	27304953	7462584062	ftp.sra.ebi.ac.uk/vol1/fastq/DRR171/DRR171935/DRR171935.fastq.gz;ftp.sra.ebi.ac.uk/vol1/fastq/DRR171/DRR171935/DRR171935_1.fastq.gz;ftp.sra.ebi.ac.uk/vol1/fastq/DRR171/DRR171935/DRR171935_2.fastq.gz	568160fc9de02e1ca5f24c92a5318e6b;bed56b240fac05ef6dfc8bff33ca71b8;7f0b5e0affb4b17c3fc80f61f117a304	134397218;2554099214;2754522735		human feces_10273
DRR171943	PRJDB4176	SAMD00115005	DRS091042	SAMD00115005	DRX162555		PAIRED	WGS	METAGENOMIC	ILLUMINA	Illumina HiSeq 2500	27703793	7657970820	ftp.sra.ebi.ac.uk/vol1/fastq/DRR171/DRR171943/DRR171943.fastq.gz;ftp.sra.ebi.ac.uk/vol1/fastq/DRR171/DRR171943/DRR171943_1.fastq.gz;ftp.sra.ebi.ac.uk/vol1/fastq/DRR171/DRR171943/DRR171943_2.fastq.gz	9bfe71816fefd53d42d9455c5aa506f3;a036d1cae61a016b4bfbc528667515b8;1c5447f7adb14dc25ffcace28a57e1f6	125530965;2712047873;2805457855		human feces_10364
DRR171961	PRJDB4176	SAMD00115029	DRS091060	SAMD00115029	DRX162573		PAIRED	WGS	METAGENOMIC	ILLUMINA	Illumina HiSeq 2500	27649993	7726590975	ftp.sra.ebi.ac.uk/vol1/fastq/DRR171/DRR171961/DRR171961.fastq.gz;ftp.sra.ebi.ac.uk/vol1/fastq/DRR171/DRR171961/DRR171961_1.fastq.gz;ftp.sra.ebi.ac.uk/vol1/fastq/DRR171/DRR171961/DRR171961_2.fastq.gz	3a56058ccc0ae812c4b2ce8f57ac8204;ce375a30e774868cd20b7457f06e6bff;fe2eaaa247d679daef6c9968af383ef2	188300170;2681017986;2912753685		human feces_10067
DRR171975	PRJDB4176	SAMD00115044	DRS091074	SAMD00115044	DRX162587		PAIRED	WGS	METAGENOMIC	ILLUMINA	Illumina HiSeq 2500	32761960	9056426104	ftp.sra.ebi.ac.uk/vol1/fastq/DRR171/DRR171975/DRR171975.fastq.gz;ftp.sra.ebi.ac.uk/vol1/fastq/DRR171/DRR171975/DRR171975_1.fastq.gz;ftp.sra.ebi.ac.uk/vol1/fastq/DRR171/DRR171975/DRR171975_2.fastq.gz	d863a29ea3a6a7f14b7a87a04aa4c8c8;de1278e7d10ee433c9961869c469721a;475dc0c8b0e7533f209912e9568305e6	173427842;3065328450;3373709195		human feces_10268
DRR171976	PRJDB4176	SAMD00115045	DRS091075	SAMD00115045	DRX162588		PAIRED	WGS	METAGENOMIC	ILLUMINA	Illumina HiSeq 2500	27821719	7742623134	ftp.sra.ebi.ac.uk/vol1/fastq/DRR171/DRR171976/DRR171976.fastq.gz;ftp.sra.ebi.ac.uk/vol1/fastq/DRR171/DRR171976/DRR171976_1.fastq.gz;ftp.sra.ebi.ac.uk/vol1/fastq/DRR171/DRR171976/DRR171976_2.fastq.gz	3c8ec6c8b6901d91564c8f7972044a18;4cf3e0776a6abd79a3bdc30bfb4b243d;6f626ecd81d7bb06bfba47415d6b0da6	130556224;2636623745;2759373045		human feces_10252
DRR171983	PRJDB4176	SAMD00115052	DRS091082	SAMD00115052	DRX162595		PAIRED	WGS	METAGENOMIC	ILLUMINA	Illumina HiSeq 2500	40937244	11324168626	ftp.sra.ebi.ac.uk/vol1/fastq/DRR171/DRR171983/DRR171983.fastq.gz;ftp.sra.ebi.ac.uk/vol1/fastq/DRR171/DRR171983/DRR171983_1.fastq.gz;ftp.sra.ebi.ac.uk/vol1/fastq/DRR171/DRR171983/DRR171983_2.fastq.gz	5ef99c5f36aba57856921cc9f6681a9b;bfd095fb3a956d417e518ca10bca3453;1c9e39478a791b794ac7cd46a5b787ed	240696877;3853336279;4184198836		human feces_10283
DRR172004	PRJDB4176	SAMD00115073	DRS091103	SAMD00115073	DRX162616		PAIRED	WGS	METAGENOMIC	ILLUMINA	Illumina HiSeq 2500	30743250	8777651189	ftp.sra.ebi.ac.uk/vol1/fastq/DRR172/DRR172004/DRR172004.fastq.gz;ftp.sra.ebi.ac.uk/vol1/fastq/DRR172/DRR172004/DRR172004_1.fastq.gz;ftp.sra.ebi.ac.uk/vol1/fastq/DRR172/DRR172004/DRR172004_2.fastq.gz	ddf33d158751fbf38f97c9e667130d86;470121d35a6e114e59627594441beef6;a06da30bc0d2e63115d3af4387b3660d	78210153;2665087632;2843778493		human feces_10097.1
DRR172007	PRJDB4176	SAMD00115076	DRS091106	SAMD00115076	DRX162619		PAIRED	WGS	METAGENOMIC	ILLUMINA	Illumina HiSeq 2500	11995037	3486758592	ftp.sra.ebi.ac.uk/vol1/fastq/DRR172/DRR172007/DRR172007.fastq.gz;ftp.sra.ebi.ac.uk/vol1/fastq/DRR172/DRR172007/DRR172007_1.fastq.gz;ftp.sra.ebi.ac.uk/vol1/fastq/DRR172/DRR172007/DRR172007_2.fastq.gz	fe8e3fdca90bb714d6a30358fbe33512;edfaf1508bd053f37ee1960eb6206e5f;73e585400cac0e728799f719b15a32f4	25516999;1021512905;1107688743		human feces_10333.1
DRR172013	PRJDB4176	SAMD00115082	DRS091112	SAMD00115082	DRX162625		PAIRED	WGS	METAGENOMIC	ILLUMINA	Illumina HiSeq 2500	19775797	5680274941	ftp.sra.ebi.ac.uk/vol1/fastq/DRR172/DRR172013/DRR172013.fastq.gz;ftp.sra.ebi.ac.uk/vol1/fastq/DRR172/DRR172013/DRR172013_1.fastq.gz;ftp.sra.ebi.ac.uk/vol1/fastq/DRR172/DRR172013/DRR172013_2.fastq.gz	62d8665f2ce2ae027dfa28dd6481ad0c;93771a6c0bc7a9a4910494e8d6af76fe;20dde80823650b11fe54c95e2287556f	68758385;1711256645;1851965269		human feces_10091.1
DRR173017	PRJDB4176	SAMD00136653	DRS096199	SAMD00136653	DRX163628		PAIRED	WGS	METAGENOMIC	ILLUMINA	Illumina HiSeq 2500	16050707	4161193551	ftp.sra.ebi.ac.uk/vol1/fastq/DRR173/DRR173017/DRR173017.fastq.gz;ftp.sra.ebi.ac.uk/vol1/fastq/DRR173/DRR173017/DRR173017_1.fastq.gz;ftp.sra.ebi.ac.uk/vol1/fastq/DRR173/DRR173017/DRR173017_2.fastq.gz	b8e5ab8063614c3709e1f01380843b83;020bbf2bcdc7a3ccb9b23c4a6ffc646b;4cc934e554115bf0bf2f1851f0832a92	55740888;1321243023;1399412718		human feces_10197
DRR127481	PRJDB4176	SAMD00114727	DRS087521	SAMD00114727	DRX120225		PAIRED	WGS	METAGENOMIC	ILLUMINA	Illumina HiSeq 2500	32411288	8714631225	ftp.sra.ebi.ac.uk/vol1/fastq/DRR127/DRR127481/DRR127481.fastq.gz;ftp.sra.ebi.ac.uk/vol1/fastq/DRR127/DRR127481/DRR127481_1.fastq.gz;ftp.sra.ebi.ac.uk/vol1/fastq/DRR127/DRR127481/DRR127481_2.fastq.gz	8258e8cfd146e68a7ec9da8f6c40965f;bec8f57f854cfc9e7dc39e691c8bd696;2a2293162b483676aa914ead8dbee17e	144905077;3042572078;3176175744		human feces_10332
DRR127491	PRJDB4176	SAMD00114737	DRS087524	SAMD00114737	DRX120235		PAIRED	WGS	METAGENOMIC	ILLUMINA	Illumina HiSeq 2500	8172517	2124339384	ftp.sra.ebi.ac.uk/vol1/fastq/DRR127/DRR127491/DRR127491.fastq.gz;ftp.sra.ebi.ac.uk/vol1/fastq/DRR127/DRR127491/DRR127491_1.fastq.gz;ftp.sra.ebi.ac.uk/vol1/fastq/DRR127/DRR127491/DRR127491_2.fastq.gz	47aa8b4a29bdf7fa1b7113b713b73708;213af26c8b86ed13ecab57335ff48b78;928142ee0c8b8594ba529ee42cab391b	25925042;692560696;730306296		human feces_10118
DRR127514	PRJDB4176	SAMD00114760	DRS087527	SAMD00114760	DRX120258		PAIRED	WGS	METAGENOMIC	ILLUMINA	Illumina HiSeq 2500	7572069	2160696301	ftp.sra.ebi.ac.uk/vol1/fastq/DRR127/DRR127514/DRR127514.fastq.gz;ftp.sra.ebi.ac.uk/vol1/fastq/DRR127/DRR127514/DRR127514_1.fastq.gz;ftp.sra.ebi.ac.uk/vol1/fastq/DRR127/DRR127514/DRR127514_2.fastq.gz	811883024cdaa00db2b777c04a4968c7;f1d5d6079822e7a765b5b3ac6e38f96c;0d2fda32bfb87f54b9c2d513481ef087	65224769;724495588;798225503		human feces_10168
DRR127532	PRJDB4176	SAMD00114778	DRS087533	SAMD00114778	DRX120276		PAIRED	WGS	METAGENOMIC	ILLUMINA	Illumina HiSeq 2500	18208530	5151830315	ftp.sra.ebi.ac.uk/vol1/fastq/DRR127/DRR127532/DRR127532.fastq.gz;ftp.sra.ebi.ac.uk/vol1/fastq/DRR127/DRR127532/DRR127532_1.fastq.gz;ftp.sra.ebi.ac.uk/vol1/fastq/DRR127/DRR127532/DRR127532_2.fastq.gz	83afb158e1d970b12cd0e3bf70a372fb;c734e951c135b9862db3817ed22edeff;960c6b265f9e2a5bc5a7e8f7007db475	208358164;1767354061;1923334919		human feces_10315
DRR127588	PRJDB4176	SAMD00114834	DRS087545	SAMD00114834	DRX120332		PAIRED	WGS	METAGENOMIC	ILLUMINA	Illumina HiSeq 2500	21014422	5865243226	ftp.sra.ebi.ac.uk/vol1/fastq/DRR127/DRR127588/DRR127588.fastq.gz;ftp.sra.ebi.ac.uk/vol1/fastq/DRR127/DRR127588/DRR127588_1.fastq.gz;ftp.sra.ebi.ac.uk/vol1/fastq/DRR127/DRR127588/DRR127588_2.fastq.gz	c126a4c7f61c8966d31a2af4475b879b;cf59440963ec6d234b4e0698862721f5;fe00dafacfd787101379cf08d1b8aa17	261948578;2017963403;2149108206		human feces_10169
DRR127596	PRJDB4176	SAMD00114842	DRS087547	SAMD00114842	DRX120340		PAIRED	WGS	METAGENOMIC	ILLUMINA	Illumina HiSeq 2500	19507981	5510583785	ftp.sra.ebi.ac.uk/vol1/fastq/DRR127/DRR127596/DRR127596.fastq.gz;ftp.sra.ebi.ac.uk/vol1/fastq/DRR127/DRR127596/DRR127596_1.fastq.gz;ftp.sra.ebi.ac.uk/vol1/fastq/DRR127/DRR127596/DRR127596_2.fastq.gz	03ce5db68a455e41b7e974a74c498752;69e602c37801b68700b37e82711ae1d9;f857f505f63a0768c2935dd045c2108f	168641640;1952433515;2128762982		human feces_10537
DRR127597	PRJDB4176	SAMD00114843	DRS087548	SAMD00114843	DRX120341		PAIRED	WGS	METAGENOMIC	ILLUMINA	Illumina HiSeq 2500	17578311	5015738215	ftp.sra.ebi.ac.uk/vol1/fastq/DRR127/DRR127597/DRR127597.fastq.gz;ftp.sra.ebi.ac.uk/vol1/fastq/DRR127/DRR127597/DRR127597_1.fastq.gz;ftp.sra.ebi.ac.uk/vol1/fastq/DRR127/DRR127597/DRR127597_2.fastq.gz	14a348e24e59c7cc8c764e04d44d6f4c;35d6dde2b19eb06de1578f01cb2dd25f;aee0a80ff94ea2ded22d1423f80dc9a1	118094137;1805685184;1908315401		human feces_10541
DRR127603	PRJDB4176	SAMD00114849	DRS087549	SAMD00114849	DRX120347		PAIRED	WGS	METAGENOMIC	ILLUMINA	Illumina HiSeq 2500	15750915	4511745194	ftp.sra.ebi.ac.uk/vol1/fastq/DRR127/DRR127603/DRR127603.fastq.gz;ftp.sra.ebi.ac.uk/vol1/fastq/DRR127/DRR127603/DRR127603_1.fastq.gz;ftp.sra.ebi.ac.uk/vol1/fastq/DRR127/DRR127603/DRR127603_2.fastq.gz	a10d53fa003739bc197f6f8d2bcbdc73;de95ed957b29000020476c51b5d5f8d5;439e905e319743a2744691b8f40fca4f	98532960;1589585522;1694899244		human feces_10556
DRR127685	PRJDB4176	SAMD00114931	DRS087566	SAMD00114931	DRX120429		PAIRED	WGS	METAGENOMIC	ILLUMINA	Illumina HiSeq 2500	22056799	6238395657	ftp.sra.ebi.ac.uk/vol1/fastq/DRR127/DRR127685/DRR127685.fastq.gz;ftp.sra.ebi.ac.uk/vol1/fastq/DRR127/DRR127685/DRR127685_1.fastq.gz;ftp.sra.ebi.ac.uk/vol1/fastq/DRR127/DRR127685/DRR127685_2.fastq.gz	0faa187d9340f8fff3272eb225bb14ee;8417469ef5ce822a39dd85818249fefe;2257b0ddd7ebe5cd6ad50855af040069	203121605;2152755546;2287850751		human feces_10656
DRR127721	PRJDB4176	SAMD00114967	DRS087575	SAMD00114967	DRX120465		PAIRED	WGS	METAGENOMIC	ILLUMINA	Illumina HiSeq 2500	22693201	6412035294	ftp.sra.ebi.ac.uk/vol1/fastq/DRR127/DRR127721/DRR127721.fastq.gz;ftp.sra.ebi.ac.uk/vol1/fastq/DRR127/DRR127721/DRR127721_1.fastq.gz;ftp.sra.ebi.ac.uk/vol1/fastq/DRR127/DRR127721/DRR127721_2.fastq.gz	b9c56bde34dc4c71a5ab9ef49bfbd764;21e5f497c03961542f1b2e83560b706b;a38bf19f900e53a9e338d9a391889370	192357913;2538486791;2638887661		human feces_10850
DRR127754	PRJDB4176	SAMD00115000	DRS087584	SAMD00115000	DRX120498		PAIRED	WGS	METAGENOMIC	ILLUMINA	Illumina HiSeq 2500	24131306	6727471684	ftp.sra.ebi.ac.uk/vol1/fastq/DRR127/DRR127754/DRR127754.fastq.gz;ftp.sra.ebi.ac.uk/vol1/fastq/DRR127/DRR127754/DRR127754_1.fastq.gz;ftp.sra.ebi.ac.uk/vol1/fastq/DRR127/DRR127754/DRR127754_2.fastq.gz	d560570113c2215000e4291f3b0735fa;6cc690d54075d57cf72728c4e3db5e2d;e9c59eb2f2a25cc7b77725772bb85bdd	136366025;2275358725;2488263593		human feces_10103
DRR127756	PRJDB4176	SAMD00115002	DRS087586	SAMD00115002	DRX120500		PAIRED	WGS	METAGENOMIC	ILLUMINA	Illumina HiSeq 2500	26459464	7280198947	ftp.sra.ebi.ac.uk/vol1/fastq/DRR127/DRR127756/DRR127756.fastq.gz;ftp.sra.ebi.ac.uk/vol1/fastq/DRR127/DRR127756/DRR127756_1.fastq.gz;ftp.sra.ebi.ac.uk/vol1/fastq/DRR127/DRR127756/DRR127756_2.fastq.gz	325a2757e9a9620ea2f3888d3132fddf;d0a5ce8a6772f897848f660dea40e3b6;4c21fbca3398b3caedbfc292e7703430	129846463;2554347910;2651867877		human feces_10335
DRR127776	PRJDB4176	SAMD00115022	DRS087591	SAMD00115022	DRX120520		PAIRED	WGS	METAGENOMIC	ILLUMINA	Illumina HiSeq 2500	28619592	7510078593	ftp.sra.ebi.ac.uk/vol1/fastq/DRR127/DRR127776/DRR127776.fastq.gz;ftp.sra.ebi.ac.uk/vol1/fastq/DRR127/DRR127776/DRR127776_1.fastq.gz;ftp.sra.ebi.ac.uk/vol1/fastq/DRR127/DRR127776/DRR127776_2.fastq.gz	6db37e5ffb439f9d7b2b7091935de4e5;a858732f014b83f334841984cdde1458;f572ff9e3486c7a1d2888880dd1de1d0	136295102;2655711126;2794623973		human feces_10060
DRR127777	PRJDB4176	SAMD00115023	DRS087592	SAMD00115023	DRX120521		PAIRED	WGS	METAGENOMIC	ILLUMINA	Illumina HiSeq 2500	27234216	7559306882	ftp.sra.ebi.ac.uk/vol1/fastq/DRR127/DRR127777/DRR127777.fastq.gz;ftp.sra.ebi.ac.uk/vol1/fastq/DRR127/DRR127777/DRR127777_1.fastq.gz;ftp.sra.ebi.ac.uk/vol1/fastq/DRR127/DRR127777/DRR127777_2.fastq.gz	66b68e7cb571add93cd935ac34c6082c;1e46db188c44777891a22626081fc865;e43d6b5200c3f8a509fe908d66829c86	123684983;2648475824;2767028316		human feces_10048
DRR127789	PRJDB4176	SAMD00115035	DRS087593	SAMD00115035	DRX120533		PAIRED	WGS	METAGENOMIC	ILLUMINA	Illumina HiSeq 2500	24665192	6926623274	ftp.sra.ebi.ac.uk/vol1/fastq/DRR127/DRR127789/DRR127789.fastq.gz;ftp.sra.ebi.ac.uk/vol1/fastq/DRR127/DRR127789/DRR127789_1.fastq.gz;ftp.sra.ebi.ac.uk/vol1/fastq/DRR127/DRR127789/DRR127789_2.fastq.gz	4ea86863a805ff951480be2653fe894d;f00dda3346ad2ac70e99f1311b1ba7ec;64d702a2486600042e64d584d8b68dc4	235263783;2316395679;2648276380		human feces_10099
DRR162777	PRJDB4176	SAMD00154993	DRS087596	SAMD00154993	DRX153396		PAIRED	WGS	METAGENOMIC	ILLUMINA	Illumina HiSeq 2500	17649962	4990905572	ftp.sra.ebi.ac.uk/vol1/fastq/DRR162/DRR162777/DRR162777.fastq.gz;ftp.sra.ebi.ac.uk/vol1/fastq/DRR162/DRR162777/DRR162777_1.fastq.gz;ftp.sra.ebi.ac.uk/vol1/fastq/DRR162/DRR162777/DRR162777_2.fastq.gz	6a829dd91c5f71b4ac848df68216118c;a532bc79bc45cca2135e4bfd0e893495;38b418da09b0e341c2889e59a3326c37	159463256;1779345889;1921383497		human feces_10544
DRR171462	PRJDB4176	SAMD00164708	DRS091124	SAMD00164708	DRX162074		PAIRED	WGS	METAGENOMIC	ILLUMINA	Illumina HiSeq 2500	21225290	6042146692	ftp.sra.ebi.ac.uk/vol1/fastq/DRR171/DRR171462/DRR171462.fastq.gz;ftp.sra.ebi.ac.uk/vol1/fastq/DRR171/DRR171462/DRR171462_1.fastq.gz;ftp.sra.ebi.ac.uk/vol1/fastq/DRR171/DRR171462/DRR171462_2.fastq.gz	d2f5eef07866818d4b79dfe31b972e24;2a5f8bb7d333c9709e85815fa91ee520;9fd2cc02a8d0f026de30f80f82056dff	164625563;2088797215;2208299129		human feces_10170
DRR171463	PRJDB4176	SAMD00164713	DRS091125	SAMD00164713	DRX162075		PAIRED	WGS	METAGENOMIC	ILLUMINA	Illumina HiSeq 2500	8981611	2275727421	ftp.sra.ebi.ac.uk/vol1/fastq/DRR171/DRR171463/DRR171463.fastq.gz;ftp.sra.ebi.ac.uk/vol1/fastq/DRR171/DRR171463/DRR171463_1.fastq.gz;ftp.sra.ebi.ac.uk/vol1/fastq/DRR171/DRR171463/DRR171463_2.fastq.gz	8461358ef83c395819dd7249a0009abe;309e94690122c46a8944ae0bd883f1e4;85315a7e628bc75216885be093169785	31129048;720482515;765739177		human feces_10194
DRR171466	PRJDB4176	SAMD00164723	DRS091128	SAMD00164723	DRX162078		PAIRED	WGS	METAGENOMIC	ILLUMINA	Illumina HiSeq 2500	26098854	7336440896	ftp.sra.ebi.ac.uk/vol1/fastq/DRR171/DRR171466/DRR171466.fastq.gz;ftp.sra.ebi.ac.uk/vol1/fastq/DRR171/DRR171466/DRR171466_1.fastq.gz;ftp.sra.ebi.ac.uk/vol1/fastq/DRR171/DRR171466/DRR171466_2.fastq.gz	cd6397409c68801b1a4031f2d1ff97eb;7ce217dd38833e0c862b4ba302ad1937;e7e980c2cbf1cf7e093202afa27472ab	106807680;2534064325;2637526716		human feces_10239
DRR171474	PRJDB4176	SAMD00164748	DRS091136	SAMD00164748	DRX162086		PAIRED	WGS	METAGENOMIC	ILLUMINA	Illumina HiSeq 2500	18250608	5211287100	ftp.sra.ebi.ac.uk/vol1/fastq/DRR171/DRR171474/DRR171474.fastq.gz;ftp.sra.ebi.ac.uk/vol1/fastq/DRR171/DRR171474/DRR171474_1.fastq.gz;ftp.sra.ebi.ac.uk/vol1/fastq/DRR171/DRR171474/DRR171474_2.fastq.gz	5a3d3fa00467e68fb1ae703a1ce39c1d;35cdabd0bc2e63f4b2fdde6e1e0d926f;536168da63373daa6f7897c05d7632fa	150444711;1858204242;1972065193		human feces_10390
DRR171477	PRJDB4176	SAMD00164756	DRS091139	SAMD00164756	DRX162089		PAIRED	WGS	METAGENOMIC	ILLUMINA	Illumina HiSeq 2500	21989145	6187813041	ftp.sra.ebi.ac.uk/vol1/fastq/DRR171/DRR171477/DRR171477.fastq.gz;ftp.sra.ebi.ac.uk/vol1/fastq/DRR171/DRR171477/DRR171477_1.fastq.gz;ftp.sra.ebi.ac.uk/vol1/fastq/DRR171/DRR171477/DRR171477_2.fastq.gz	8945aded63630ff7d9b6d6a20e53975e;71aa23082010b5e37a8081d6b0447f75;1441111b1915fe4e88b0623c465400a7	237967568;2417038378;2529230537		human feces_10504
DRR171478	PRJDB4176	SAMD00164757	DRS091140	SAMD00164757	DRX162090		PAIRED	WGS	METAGENOMIC	ILLUMINA	Illumina HiSeq 2500	21866598	6198920917	ftp.sra.ebi.ac.uk/vol1/fastq/DRR171/DRR171478/DRR171478.fastq.gz;ftp.sra.ebi.ac.uk/vol1/fastq/DRR171/DRR171478/DRR171478_1.fastq.gz;ftp.sra.ebi.ac.uk/vol1/fastq/DRR171/DRR171478/DRR171478_2.fastq.gz	f291a5dc681261021fb6983566a27ffc;785ea756515c4c68983000de5bd267ee;957fb2b515b49dc5ec2601cfb9e74b06	165465515;2408065932;2538077040		human feces_10511
DRR171493	PRJDB4176	SAMD00164780	DRS091155	SAMD00164780	DRX162105		PAIRED	WGS	METAGENOMIC	ILLUMINA	Illumina HiSeq 2500	21479619	6082960584	ftp.sra.ebi.ac.uk/vol1/fastq/DRR171/DRR171493/DRR171493.fastq.gz;ftp.sra.ebi.ac.uk/vol1/fastq/DRR171/DRR171493/DRR171493_1.fastq.gz;ftp.sra.ebi.ac.uk/vol1/fastq/DRR171/DRR171493/DRR171493_2.fastq.gz	fb5706a79f333b42c5787d1bfae13617;f6886868e183fc423351ae6d802613ca;fcff094dfda872e18aa02489e7bc1f31	154617987;2436057291;2491901237		human feces_10603
DRR171495	PRJDB4176	SAMD00164791	DRS091157	SAMD00164791	DRX162107		PAIRED	WGS	METAGENOMIC	ILLUMINA	Illumina HiSeq 2500	25283746	7415775179	ftp.sra.ebi.ac.uk/vol1/fastq/DRR171/DRR171495/DRR171495.fastq.gz;ftp.sra.ebi.ac.uk/vol1/fastq/DRR171/DRR171495/DRR171495_1.fastq.gz;ftp.sra.ebi.ac.uk/vol1/fastq/DRR171/DRR171495/DRR171495_2.fastq.gz	0eff9521ceadb91bb97842f824f75377;b5e5acba1c915a417b584af9d0f6d7f2;2bbc99909d7b68b0b6dac9ee4c5b1b09	106144989;2213804347;2334575281		human feces_10681
DRR171499	PRJDB4176	SAMD00164805	DRS091161	SAMD00164805	DRX162111		PAIRED	WGS	METAGENOMIC	ILLUMINA	Illumina HiSeq 2500	27992614	8001881672	ftp.sra.ebi.ac.uk/vol1/fastq/DRR171/DRR171499/DRR171499.fastq.gz;ftp.sra.ebi.ac.uk/vol1/fastq/DRR171/DRR171499/DRR171499_1.fastq.gz;ftp.sra.ebi.ac.uk/vol1/fastq/DRR171/DRR171499/DRR171499_2.fastq.gz	bb1c23d71e30146f312baea32df0f537;103ca93f0fc88b387e23fe5eda888075;48e0fae99c1e3befcd44b676e4e19f32	88722358;2780657977;2925690994		human feces_10797
DRR171502	PRJDB4176	SAMD00164808	DRS091164	SAMD00164808	DRX162114		PAIRED	WGS	METAGENOMIC	ILLUMINA	Illumina HiSeq 2500	23482920	6503541911	ftp.sra.ebi.ac.uk/vol1/fastq/DRR171/DRR171502/DRR171502.fastq.gz;ftp.sra.ebi.ac.uk/vol1/fastq/DRR171/DRR171502/DRR171502_1.fastq.gz;ftp.sra.ebi.ac.uk/vol1/fastq/DRR171/DRR171502/DRR171502_2.fastq.gz	836fb0829ceb723af095b61a94f40cf4;be25235bfa6837952c5c6229e6227179;119d8dbcff2ef76fa04a1f6a52d4e649	53167610;2231347905;2305915382		human feces_10806
DRR171504	PRJDB4176	SAMD00164812	DRS091166	SAMD00164812	DRX162116		PAIRED	WGS	METAGENOMIC	ILLUMINA	Illumina HiSeq 2500	29236773	8398536065	ftp.sra.ebi.ac.uk/vol1/fastq/DRR171/DRR171504/DRR171504.fastq.gz;ftp.sra.ebi.ac.uk/vol1/fastq/DRR171/DRR171504/DRR171504_1.fastq.gz;ftp.sra.ebi.ac.uk/vol1/fastq/DRR171/DRR171504/DRR171504_2.fastq.gz	ea4aebe74e49b32cc04e65b207665e04;3cbf591bf14f6217c8d957ebd27e50ed;2ecc041f141f17fd5c26abcb8fd09044	81822026;2711968470;2895285469		human feces_10819
DRR171508	PRJDB4176	SAMD00164818	DRS091170	SAMD00164818	DRX162120		PAIRED	WGS	METAGENOMIC	ILLUMINA	Illumina HiSeq 2500	19438319	5672458146	ftp.sra.ebi.ac.uk/vol1/fastq/DRR171/DRR171508/DRR171508.fastq.gz;ftp.sra.ebi.ac.uk/vol1/fastq/DRR171/DRR171508/DRR171508_1.fastq.gz;ftp.sra.ebi.ac.uk/vol1/fastq/DRR171/DRR171508/DRR171508_2.fastq.gz	b83cc4d028d0fd747d8695488dff17af;922c9aec90e726aa8a834ee08567aaed;0877ab0e451128055b55fb592303af01	31789004;1780325999;1929951530		human feces_10866
DRR171509	PRJDB4176	SAMD00164819	DRS091171	SAMD00164819	DRX162121		PAIRED	WGS	METAGENOMIC	ILLUMINA	Illumina HiSeq 2500	23636228	6531310425	ftp.sra.ebi.ac.uk/vol1/fastq/DRR171/DRR171509/DRR171509.fastq.gz;ftp.sra.ebi.ac.uk/vol1/fastq/DRR171/DRR171509/DRR171509_1.fastq.gz;ftp.sra.ebi.ac.uk/vol1/fastq/DRR171/DRR171509/DRR171509_2.fastq.gz	bd1fe74ae3efa5f92ca0c9eb3d994dec;8e5c0b0d5a6794b87a55ab401d06532f;d1ae6c44d198fdf77172cfe4cf557a7c	54738678;2151151325;2258608156		human feces_10869
DRR171512	PRJDB4176	SAMD00164822	DRS091174	SAMD00164822	DRX162124		PAIRED	WGS	METAGENOMIC	ILLUMINA	Illumina HiSeq 2500	21505044	6227017542	ftp.sra.ebi.ac.uk/vol1/fastq/DRR171/DRR171512/DRR171512.fastq.gz;ftp.sra.ebi.ac.uk/vol1/fastq/DRR171/DRR171512/DRR171512_1.fastq.gz;ftp.sra.ebi.ac.uk/vol1/fastq/DRR171/DRR171512/DRR171512_2.fastq.gz	1af06de9c15a7bccc28293aa54190e2d;8498cf4fae0e735e446941504e7002ce;0ce8026655bbcd37a1352d77b8c034a8	50209881;2022652383;2093022695		human feces_10888
DRR171526	PRJDB4176	SAMD00164836	DRS091188	SAMD00164836	DRX162138		PAIRED	WGS	METAGENOMIC	ILLUMINA	Illumina HiSeq 2500	21258918	6195102682	ftp.sra.ebi.ac.uk/vol1/fastq/DRR171/DRR171526/DRR171526.fastq.gz;ftp.sra.ebi.ac.uk/vol1/fastq/DRR171/DRR171526/DRR171526_1.fastq.gz;ftp.sra.ebi.ac.uk/vol1/fastq/DRR171/DRR171526/DRR171526_2.fastq.gz	b58aed03942e6f977bf7a92c70ea9385;36447ad01200a2c6c80e656f3db32ec0;bb28e053922468b260e1af03d0a42ff8	90384946;2022800193;2134145377		human feces_10975
DRR171527	PRJDB4176	SAMD00164837	DRS091189	SAMD00164837	DRX162139		PAIRED	WGS	METAGENOMIC	ILLUMINA	Illumina HiSeq 2500	19281714	5498411373	ftp.sra.ebi.ac.uk/vol1/fastq/DRR171/DRR171527/DRR171527.fastq.gz;ftp.sra.ebi.ac.uk/vol1/fastq/DRR171/DRR171527/DRR171527_1.fastq.gz;ftp.sra.ebi.ac.uk/vol1/fastq/DRR171/DRR171527/DRR171527_2.fastq.gz	45c4eb2ee786e04e3dc48030f9af1289;85e000645577ee30d7363ef75379082a;de4f49a9e221849196c5e167f7d81248	44598985;1583306641;1679848062		human feces_10976
DRR171536	PRJDB4176	SAMD00164846	DRS091198	SAMD00164846	DRX162148		PAIRED	WGS	METAGENOMIC	ILLUMINA	Illumina HiSeq 2500	23702513	6898533100	ftp.sra.ebi.ac.uk/vol1/fastq/DRR171/DRR171536/DRR171536.fastq.gz;ftp.sra.ebi.ac.uk/vol1/fastq/DRR171/DRR171536/DRR171536_1.fastq.gz;ftp.sra.ebi.ac.uk/vol1/fastq/DRR171/DRR171536/DRR171536_2.fastq.gz	fcc6931f814229aae94171bb4c6cb654;9161a2e2cce875b28921064c1c167df2;e13d69c21f2677d4705a25860e1a58ff	70263353;2310863323;2499485112		human feces_11029
DRR171540	PRJDB4176	SAMD00164850	DRS091202	SAMD00164850	DRX162152		PAIRED	WGS	METAGENOMIC	ILLUMINA	Illumina HiSeq 2500	24398373	7025663296	ftp.sra.ebi.ac.uk/vol1/fastq/DRR171/DRR171540/DRR171540.fastq.gz;ftp.sra.ebi.ac.uk/vol1/fastq/DRR171/DRR171540/DRR171540_1.fastq.gz;ftp.sra.ebi.ac.uk/vol1/fastq/DRR171/DRR171540/DRR171540_2.fastq.gz	3d0c78edd8d86edbd3d044a9547e4f6f;63c33186240d117495e649006a83172f;1fd3190184c85f7ea0b63a8660c39755	111399356;2308352731;2496485814		human feces_11036
DRR171551	PRJDB4176	SAMD00164861	DRS091213	SAMD00164861	DRX162163		PAIRED	WGS	METAGENOMIC	ILLUMINA	Illumina HiSeq 2500	20429891	5967413837	ftp.sra.ebi.ac.uk/vol1/fastq/DRR171/DRR171551/DRR171551.fastq.gz;ftp.sra.ebi.ac.uk/vol1/fastq/DRR171/DRR171551/DRR171551_1.fastq.gz;ftp.sra.ebi.ac.uk/vol1/fastq/DRR171/DRR171551/DRR171551_2.fastq.gz	ba0689cb8a589712cca9482cd2b7be9f;410702693b35f68936a12d4cae230935;470d5f60dd17f552ef5ade099e98a340	62862564;1823510285;1914812295		human feces_11103
DRR171562	PRJDB4176	SAMD00164872	DRS091224	SAMD00164872	DRX162174		PAIRED	WGS	METAGENOMIC	ILLUMINA	Illumina HiSeq 2500	6719325	1956863746	ftp.sra.ebi.ac.uk/vol1/fastq/DRR171/DRR171562/DRR171562.fastq.gz;ftp.sra.ebi.ac.uk/vol1/fastq/DRR171/DRR171562/DRR171562_1.fastq.gz;ftp.sra.ebi.ac.uk/vol1/fastq/DRR171/DRR171562/DRR171562_2.fastq.gz	c43bd20535023631866f9de4fec1f6c2;79a1927fa58e462e75d10e0f584db2e1;30d78fe17ffcab84b64849282c14cd31	18474441;569433301;605121046		human feces_11168
DRR171564	PRJDB4176	SAMD00164874	DRS091226	SAMD00164874	DRX162176		PAIRED	WGS	METAGENOMIC	ILLUMINA	Illumina HiSeq 2500	13890410	4067147740	ftp.sra.ebi.ac.uk/vol1/fastq/DRR171/DRR171564/DRR171564.fastq.gz;ftp.sra.ebi.ac.uk/vol1/fastq/DRR171/DRR171564/DRR171564_1.fastq.gz;ftp.sra.ebi.ac.uk/vol1/fastq/DRR171/DRR171564/DRR171564_2.fastq.gz	631486228287082aaf655fa39602f619;4fa27bc5b0c7214facf5be90e48bf779;62d8de49a3ea362b9139d04b1fedd15c	31314475;1193412769;1257964492		human feces_11171
DRR171567	PRJDB4176	SAMD00164877	DRS091229	SAMD00164877	DRX162179		PAIRED	WGS	METAGENOMIC	ILLUMINA	Illumina HiSeq 2500	21100672	6148121096	ftp.sra.ebi.ac.uk/vol1/fastq/DRR171/DRR171567/DRR171567.fastq.gz;ftp.sra.ebi.ac.uk/vol1/fastq/DRR171/DRR171567/DRR171567_1.fastq.gz;ftp.sra.ebi.ac.uk/vol1/fastq/DRR171/DRR171567/DRR171567_2.fastq.gz	eef8d08127b0a4af160c10c4353520cb;4fa8d13e50ecfcd08f37e3bbac47e4d2;84851b72b778eb5e1e95e527375e4c47	78070611;1976279116;2078226692		human feces_11210
DRR171571	PRJDB4176	SAMD00164881	DRS091233	SAMD00164881	DRX162183		PAIRED	WGS	METAGENOMIC	ILLUMINA	Illumina HiSeq 2500	16956274	4997123022	ftp.sra.ebi.ac.uk/vol1/fastq/DRR171/DRR171571/DRR171571.fastq.gz;ftp.sra.ebi.ac.uk/vol1/fastq/DRR171/DRR171571/DRR171571_1.fastq.gz;ftp.sra.ebi.ac.uk/vol1/fastq/DRR171/DRR171571/DRR171571_2.fastq.gz	7f62cf80ae19a9b579983a97c9f0645e;93b9e5b836141c667eae3d0e5be4b7c7;1a572e968d1f8fc293a5f7612111fbdb	55749828;1408565091;1518852673		human feces_11226
DRR171574	PRJDB4176	SAMD00164884	DRS091236	SAMD00164884	DRX162186		PAIRED	WGS	METAGENOMIC	ILLUMINA	Illumina HiSeq 2500	19379559	5662108368	ftp.sra.ebi.ac.uk/vol1/fastq/DRR171/DRR171574/DRR171574.fastq.gz;ftp.sra.ebi.ac.uk/vol1/fastq/DRR171/DRR171574/DRR171574_1.fastq.gz;ftp.sra.ebi.ac.uk/vol1/fastq/DRR171/DRR171574/DRR171574_2.fastq.gz	122ec2fccbfa2f3194af6f501992f8c0;53e63000b5402eac4cc3444e5ea94b71;cb8189080a14bee8ff4c7f7233b23a29	62415101;1730785466;1817938577		human feces_11238
DRR171578	PRJDB4176	SAMD00164888	DRS091240	SAMD00164888	DRX162190		PAIRED	WGS	METAGENOMIC	ILLUMINA	Illumina HiSeq 2500	21670612	6248815776	ftp.sra.ebi.ac.uk/vol1/fastq/DRR171/DRR171578/DRR171578.fastq.gz;ftp.sra.ebi.ac.uk/vol1/fastq/DRR171/DRR171578/DRR171578_1.fastq.gz;ftp.sra.ebi.ac.uk/vol1/fastq/DRR171/DRR171578/DRR171578_2.fastq.gz	fd431d815107afa8663f75ad0365536a;f6d9dd9eb0c28e601266276ff412b327;b91532d40138a045f73c2fce93250b5f	68374248;2077995502;2208039908		human feces_11255
DRR171581	PRJDB4176	SAMD00164891	DRS091243	SAMD00164891	DRX162193		PAIRED	WGS	METAGENOMIC	ILLUMINA	Illumina HiSeq 2500	30908874	8778708487	ftp.sra.ebi.ac.uk/vol1/fastq/DRR171/DRR171581/DRR171581.fastq.gz;ftp.sra.ebi.ac.uk/vol1/fastq/DRR171/DRR171581/DRR171581_1.fastq.gz;ftp.sra.ebi.ac.uk/vol1/fastq/DRR171/DRR171581/DRR171581_2.fastq.gz	137da2ae6f7174117a28f15a355b2783;59322670e604bfa8ad9e3adb31b6888f;9919fb8221a84f54ab71e8d81d74506b	69929711;2943173248;3025371124		human feces_11299
DRR171588	PRJDB4176	SAMD00164898	DRS091250	SAMD00164898	DRX162200		PAIRED	WGS	METAGENOMIC	ILLUMINA	Illumina HiSeq 2500	27790351	7960127643	ftp.sra.ebi.ac.uk/vol1/fastq/DRR171/DRR171588/DRR171588.fastq.gz;ftp.sra.ebi.ac.uk/vol1/fastq/DRR171/DRR171588/DRR171588_1.fastq.gz;ftp.sra.ebi.ac.uk/vol1/fastq/DRR171/DRR171588/DRR171588_2.fastq.gz	8c6254b27b3844ce9b351953a4865d93;ad873a066759776ffb2b653a1868c847;c9cdb2741e629ea72110a485a30250d4	80481614;2673144702;2783614196		human feces_11379
DRR171590	PRJDB4176	SAMD00164900	DRS091252	SAMD00164900	DRX162202		PAIRED	WGS	METAGENOMIC	ILLUMINA	Illumina HiSeq 2500	27618782	8027472821	ftp.sra.ebi.ac.uk/vol1/fastq/DRR171/DRR171590/DRR171590.fastq.gz;ftp.sra.ebi.ac.uk/vol1/fastq/DRR171/DRR171590/DRR171590_1.fastq.gz;ftp.sra.ebi.ac.uk/vol1/fastq/DRR171/DRR171590/DRR171590_2.fastq.gz	89be1b409b4640b6d8842dd10eed00ec;6aa1ca99346147975b3fbc60d45f3e87;6bb771b50a360caf4f286bd13eae92e2	116502714;2702478377;2810252547		human feces_11407
DRR171595	PRJDB4176	SAMD00164905	DRS091257	SAMD00164905	DRX162207		PAIRED	WGS	METAGENOMIC	ILLUMINA	Illumina HiSeq 2500	25478098	7431694878	ftp.sra.ebi.ac.uk/vol1/fastq/DRR171/DRR171595/DRR171595.fastq.gz;ftp.sra.ebi.ac.uk/vol1/fastq/DRR171/DRR171595/DRR171595_1.fastq.gz;ftp.sra.ebi.ac.uk/vol1/fastq/DRR171/DRR171595/DRR171595_2.fastq.gz	bec794615414c3bfd9143538e8b4aa38;148402e54511c11845d7cf593df1621a;673c0df5f8e742fccb1501a86e2c1a0d	96150904;2549667039;2694515829		human feces_11423
DRR171602	PRJDB4176	SAMD00164912	DRS091264	SAMD00164912	DRX162214		PAIRED	WGS	METAGENOMIC	ILLUMINA	Illumina HiSeq 2500	28747394	8373011677	ftp.sra.ebi.ac.uk/vol1/fastq/DRR171/DRR171602/DRR171602.fastq.gz;ftp.sra.ebi.ac.uk/vol1/fastq/DRR171/DRR171602/DRR171602_1.fastq.gz;ftp.sra.ebi.ac.uk/vol1/fastq/DRR171/DRR171602/DRR171602_2.fastq.gz	7d81f2c19f18d2d6e5c789e1daea4b3b;6a52c1d475cf506f5fc2b4a80381b16c;bab3b853da80d4f290642b055a77b85e	98304453;2843427963;3004936334		human feces_11438
DRR171604	PRJDB4176	SAMD00164914	DRS091266	SAMD00164914	DRX162216		PAIRED	WGS	METAGENOMIC	ILLUMINA	Illumina HiSeq 2500	21676299	6369136912	ftp.sra.ebi.ac.uk/vol1/fastq/DRR171/DRR171604/DRR171604.fastq.gz;ftp.sra.ebi.ac.uk/vol1/fastq/DRR171/DRR171604/DRR171604_1.fastq.gz;ftp.sra.ebi.ac.uk/vol1/fastq/DRR171/DRR171604/DRR171604_2.fastq.gz	d70d9f0d1d82ab203da176c7f5005abc;f3ea2fe1728f5653a546120aef994ae5;8f4d1bc05b7d700fdf9bcb69633b71c9	63245976;1812914952;1909804488		human feces_11448
DRR171605	PRJDB4176	SAMD00164915	DRS091267	SAMD00164915	DRX162217		PAIRED	WGS	METAGENOMIC	ILLUMINA	Illumina HiSeq 2500	20114633	5896016347	ftp.sra.ebi.ac.uk/vol1/fastq/DRR171/DRR171605/DRR171605.fastq.gz;ftp.sra.ebi.ac.uk/vol1/fastq/DRR171/DRR171605/DRR171605_1.fastq.gz;ftp.sra.ebi.ac.uk/vol1/fastq/DRR171/DRR171605/DRR171605_2.fastq.gz	67729a27fed6260200c2498876f52a36;6f975a6aa0d64f2b65bd6099e43b6e4a;2ebb2d09eb1a15baf7b73086af635ab8	70556635;1655121417;1786284990		human feces_11449
DRR171615	PRJDB4176	SAMD00164925	DRS091277	SAMD00164925	DRX162227		PAIRED	WGS	METAGENOMIC	ILLUMINA	Illumina HiSeq 2500	25894149	7536512369	ftp.sra.ebi.ac.uk/vol1/fastq/DRR171/DRR171615/DRR171615.fastq.gz;ftp.sra.ebi.ac.uk/vol1/fastq/DRR171/DRR171615/DRR171615_1.fastq.gz;ftp.sra.ebi.ac.uk/vol1/fastq/DRR171/DRR171615/DRR171615_2.fastq.gz	02429095c70de78ad2bdb1ccdf76dae5;231ef051c33e3cd2da2387eeea1ddf58;52a21a7d165f9caf869f5c7d4e3ed0d6	97608396;2580037480;2727118695		human feces_11462
DRR171619	PRJDB4176	SAMD00164929	DRS091281	SAMD00164929	DRX162231		PAIRED	WGS	METAGENOMIC	ILLUMINA	Illumina HiSeq 2500	26745181	7827031456	ftp.sra.ebi.ac.uk/vol1/fastq/DRR171/DRR171619/DRR171619.fastq.gz;ftp.sra.ebi.ac.uk/vol1/fastq/DRR171/DRR171619/DRR171619_1.fastq.gz;ftp.sra.ebi.ac.uk/vol1/fastq/DRR171/DRR171619/DRR171619_2.fastq.gz	317091ddae21c0685bcde8301abaefbf;acb0639b12c9239e7bec350ff8a18b2f;4e5bb172a5bf9a45760992993538e695	90672393;2429329115;2529079423		human feces_11473
DRR171625	PRJDB4176	SAMD00164935	DRS091287	SAMD00164935	DRX162237		PAIRED	WGS	METAGENOMIC	ILLUMINA	Illumina HiSeq 2500	26046219	7525634816	ftp.sra.ebi.ac.uk/vol1/fastq/DRR171/DRR171625/DRR171625.fastq.gz;ftp.sra.ebi.ac.uk/vol1/fastq/DRR171/DRR171625/DRR171625_1.fastq.gz;ftp.sra.ebi.ac.uk/vol1/fastq/DRR171/DRR171625/DRR171625_2.fastq.gz	2f3a4f2d518faf8ce9387f01e16e05bb;75391542f0ad24e4360148e8b014a2b1;a909c538cd5d115289be5c4dca1a8d8d	47963319;2517840133;2682035140		human feces_11487
DRR171648	PRJDB4176	SAMD00164958	DRS091310	SAMD00164958	DRX162260		PAIRED	WGS	METAGENOMIC	ILLUMINA	Illumina HiSeq 2500	23340913	6741964723	ftp.sra.ebi.ac.uk/vol1/fastq/DRR171/DRR171648/DRR171648.fastq.gz;ftp.sra.ebi.ac.uk/vol1/fastq/DRR171/DRR171648/DRR171648_1.fastq.gz;ftp.sra.ebi.ac.uk/vol1/fastq/DRR171/DRR171648/DRR171648_2.fastq.gz	1e414582b1cecb2aee2302b8ebfb89fc;4d8c4974943d5219dc8e08a1b21210e8;6d858d25720c983b0dba93e61d03a8c2	43266395;2057852663;2164580716		human feces_11641
DRR171653	PRJDB4176	SAMD00164963	DRS091315	SAMD00164963	DRX162265		PAIRED	WGS	METAGENOMIC	ILLUMINA	Illumina HiSeq 2500	30334613	8662947818	ftp.sra.ebi.ac.uk/vol1/fastq/DRR171/DRR171653/DRR171653.fastq.gz;ftp.sra.ebi.ac.uk/vol1/fastq/DRR171/DRR171653/DRR171653_1.fastq.gz;ftp.sra.ebi.ac.uk/vol1/fastq/DRR171/DRR171653/DRR171653_2.fastq.gz	586637b5e1edd8f0d4d2aa02ce83953f;433d283e8042194695bce02d156cac67;30245eadcd79df8eb469fc3bfd5791a5	159925423;2674739527;2837705756		human feces_11710
DRR171662	PRJDB4176	SAMD00164972	DRS091324	SAMD00164972	DRX162274		PAIRED	WGS	METAGENOMIC	ILLUMINA	Illumina HiSeq 2500	21079051	6066172740	ftp.sra.ebi.ac.uk/vol1/fastq/DRR171/DRR171662/DRR171662.fastq.gz;ftp.sra.ebi.ac.uk/vol1/fastq/DRR171/DRR171662/DRR171662_1.fastq.gz;ftp.sra.ebi.ac.uk/vol1/fastq/DRR171/DRR171662/DRR171662_2.fastq.gz	9ca7f4f6ad472b12a77f724ba822ceb4;fb48927a198f5445f3fc62383c1d14fe;a5710914cdc7b8245f73904cdcf1d531	106377536;2137988502;2276011658		human feces_11821
DRR171665	PRJDB4176	SAMD00164975	DRS091327	SAMD00164975	DRX162277		PAIRED	WGS	METAGENOMIC	ILLUMINA	Illumina HiSeq 2500	22410082	6549002156	ftp.sra.ebi.ac.uk/vol1/fastq/DRR171/DRR171665/DRR171665.fastq.gz;ftp.sra.ebi.ac.uk/vol1/fastq/DRR171/DRR171665/DRR171665_1.fastq.gz;ftp.sra.ebi.ac.uk/vol1/fastq/DRR171/DRR171665/DRR171665_2.fastq.gz	01093e5c7859daec0e92c643cc9a4b4b;e0622145dfe057037e6a2646c9577d04;b29f02eb72d25f8c8f72a09efd601085	94642112;2185399384;2264950285		human feces_11826
DRR171672	PRJDB4176	SAMD00164982	DRS091334	SAMD00164982	DRX162284		PAIRED	WGS	METAGENOMIC	ILLUMINA	Illumina HiSeq 2500	22533274	6592702198	ftp.sra.ebi.ac.uk/vol1/fastq/DRR171/DRR171672/DRR171672.fastq.gz;ftp.sra.ebi.ac.uk/vol1/fastq/DRR171/DRR171672/DRR171672_1.fastq.gz;ftp.sra.ebi.ac.uk/vol1/fastq/DRR171/DRR171672/DRR171672_2.fastq.gz	d505c92292b344e1468077dc61225d26;3eaaa60a3c99815b49f0cd4054a855a2;4af4a63542049fdb17d5528270f04318	59599339;2101918565;2170764074		human feces_11859
DRR171681	PRJDB4176	SAMD00164991	DRS091343	SAMD00164991	DRX162293		PAIRED	WGS	METAGENOMIC	ILLUMINA	Illumina HiSeq 2500	25189844	7360673355	ftp.sra.ebi.ac.uk/vol1/fastq/DRR171/DRR171681/DRR171681.fastq.gz;ftp.sra.ebi.ac.uk/vol1/fastq/DRR171/DRR171681/DRR171681_1.fastq.gz;ftp.sra.ebi.ac.uk/vol1/fastq/DRR171/DRR171681/DRR171681_2.fastq.gz	7692351fdbb9dd3ca7fdeb3301cc5552;3b0359d3bb75fe6dd2cc2feb5e2592e6;60132b61b73e7cccb092870e09943437	59263763;2366999958;2483370565		human feces_11900
DRR171682	PRJDB4176	SAMD00164992	DRS091344	SAMD00164992	DRX162294		PAIRED	WGS	METAGENOMIC	ILLUMINA	Illumina HiSeq 2500	22138261	6466240315	ftp.sra.ebi.ac.uk/vol1/fastq/DRR171/DRR171682/DRR171682.fastq.gz;ftp.sra.ebi.ac.uk/vol1/fastq/DRR171/DRR171682/DRR171682_1.fastq.gz;ftp.sra.ebi.ac.uk/vol1/fastq/DRR171/DRR171682/DRR171682_2.fastq.gz	b978a0279ba482f7312f2e30b0b06543;c9e9962662158d50437d696dd681d7b4;a491319199a92b7be682f6b4bc297b11	89754225;2007192421;2160788859		human feces_11918
DRR171686	PRJDB4176	SAMD00164996	DRS091348	SAMD00164996	DRX162298		PAIRED	WGS	METAGENOMIC	ILLUMINA	Illumina HiSeq 2500	25604004	7496605464	ftp.sra.ebi.ac.uk/vol1/fastq/DRR171/DRR171686/DRR171686.fastq.gz;ftp.sra.ebi.ac.uk/vol1/fastq/DRR171/DRR171686/DRR171686_1.fastq.gz;ftp.sra.ebi.ac.uk/vol1/fastq/DRR171/DRR171686/DRR171686_2.fastq.gz	ed6c3cbfeb57f28650245fbab2168127;b29e5ae0f7c764e4d35a98ba13a6370a;bb070850a04ac790d6e01f9293bdf472	86063750;2348756354;2436388604		human feces_11927
DRR171693	PRJDB4176	SAMD00165003	DRS091355	SAMD00165003	DRX162305		PAIRED	WGS	METAGENOMIC	ILLUMINA	Illumina HiSeq 2500	20756192	6066697418	ftp.sra.ebi.ac.uk/vol1/fastq/DRR171/DRR171693/DRR171693.fastq.gz;ftp.sra.ebi.ac.uk/vol1/fastq/DRR171/DRR171693/DRR171693_1.fastq.gz;ftp.sra.ebi.ac.uk/vol1/fastq/DRR171/DRR171693/DRR171693_2.fastq.gz	da93e5333102b88cbbd205b2892fb324;1dfa9881f7b75018aa14b4a22561300a;b5f3e0a3203c8cbce396aac2413fc800	85302957;1959372903;2062841817		human feces_11957
DRR171697	PRJDB4176	SAMD00165007	DRS091359	SAMD00165007	DRX162309		PAIRED	WGS	METAGENOMIC	ILLUMINA	Illumina HiSeq 2500	29003073	8404108465	ftp.sra.ebi.ac.uk/vol1/fastq/DRR171/DRR171697/DRR171697.fastq.gz;ftp.sra.ebi.ac.uk/vol1/fastq/DRR171/DRR171697/DRR171697_1.fastq.gz;ftp.sra.ebi.ac.uk/vol1/fastq/DRR171/DRR171697/DRR171697_2.fastq.gz	c00f265a1feec5de43b28a0b0c3c1d3b;42b63c447740ae0bf9f80b87fb7859d6;6d11717d6e6839cca9a9d9c51d1d4552	197608242;2883689997;3118509546		human feces_11982
DRR171700	PRJDB4176	SAMD00165010	DRS091362	SAMD00165010	DRX162312		PAIRED	WGS	METAGENOMIC	ILLUMINA	Illumina HiSeq 2500	19499434	5634239007	ftp.sra.ebi.ac.uk/vol1/fastq/DRR171/DRR171700/DRR171700.fastq.gz;ftp.sra.ebi.ac.uk/vol1/fastq/DRR171/DRR171700/DRR171700_1.fastq.gz;ftp.sra.ebi.ac.uk/vol1/fastq/DRR171/DRR171700/DRR171700_2.fastq.gz	52d9c1862b5cc2132932863a2ee333d2;e8c9d787f0d621b623472f84c097200a;845fd65f0513a8b1cda5396a233fe148	61624050;1719461470;1815447045		human feces_11996
DRR171705	PRJDB4176	SAMD00165015	DRS091367	SAMD00165015	DRX162317		PAIRED	WGS	METAGENOMIC	ILLUMINA	Illumina HiSeq 2500	16257113	4694006711	ftp.sra.ebi.ac.uk/vol1/fastq/DRR171/DRR171705/DRR171705.fastq.gz;ftp.sra.ebi.ac.uk/vol1/fastq/DRR171/DRR171705/DRR171705_1.fastq.gz;ftp.sra.ebi.ac.uk/vol1/fastq/DRR171/DRR171705/DRR171705_2.fastq.gz	2d0a7c3676926e3ce8e666f3512eb6d1;225cc910f014120d946b463757b5e613;a9068d9a9cca6d5e178593881bb99db2	40969742;1442147854;1528432267		human feces_12016
DRR171712	PRJDB4176	SAMD00165022	DRS091374	SAMD00165022	DRX162324		PAIRED	WGS	METAGENOMIC	ILLUMINA	Illumina HiSeq 2500	23790860	6812440330	ftp.sra.ebi.ac.uk/vol1/fastq/DRR171/DRR171712/DRR171712.fastq.gz;ftp.sra.ebi.ac.uk/vol1/fastq/DRR171/DRR171712/DRR171712_1.fastq.gz;ftp.sra.ebi.ac.uk/vol1/fastq/DRR171/DRR171712/DRR171712_2.fastq.gz	c5283336ecd07e04bafabdc71f01dd6f;8c48be3aae63131e51ee4a2151463203;8eb3aa50042ff6ccda27a831feb38fa9	86613017;2287471845;2384369524		human feces_12101
DRR171714	PRJDB4176	SAMD00165024	DRS091376	SAMD00165024	DRX162326		PAIRED	WGS	METAGENOMIC	ILLUMINA	Illumina HiSeq 2500	25373085	7179838371	ftp.sra.ebi.ac.uk/vol1/fastq/DRR171/DRR171714/DRR171714.fastq.gz;ftp.sra.ebi.ac.uk/vol1/fastq/DRR171/DRR171714/DRR171714_1.fastq.gz;ftp.sra.ebi.ac.uk/vol1/fastq/DRR171/DRR171714/DRR171714_2.fastq.gz	d09c2b18fa6f91193e5125e229fff9e7;7dd3eeb0503bc05ce4a3d3055d514849;f6a4a3ab20718469ed7a29300e9faf44	63266034;2440782248;2537853424		human feces_12165
DRR171717	PRJDB4176	SAMD00165027	DRS091379	SAMD00165027	DRX162329		PAIRED	WGS	METAGENOMIC	ILLUMINA	Illumina HiSeq 2500	18168115	5170836772	ftp.sra.ebi.ac.uk/vol1/fastq/DRR171/DRR171717/DRR171717.fastq.gz;ftp.sra.ebi.ac.uk/vol1/fastq/DRR171/DRR171717/DRR171717_1.fastq.gz;ftp.sra.ebi.ac.uk/vol1/fastq/DRR171/DRR171717/DRR171717_2.fastq.gz	1763b43ce95f2e7b5e2b7659b2a500a6;763a18cdd75d6b06f41530334d7799f9;7ae14b2578bc8c42cf6d4beeee6c5e1f	42694842;1656101283;1778319890		human feces_12242
DRR171718	PRJDB4176	SAMD00165028	DRS091380	SAMD00165028	DRX162330		PAIRED	WGS	METAGENOMIC	ILLUMINA	Illumina HiSeq 2500	8197524	2277085384	ftp.sra.ebi.ac.uk/vol1/fastq/DRR171/DRR171718/DRR171718.fastq.gz;ftp.sra.ebi.ac.uk/vol1/fastq/DRR171/DRR171718/DRR171718_1.fastq.gz;ftp.sra.ebi.ac.uk/vol1/fastq/DRR171/DRR171718/DRR171718_2.fastq.gz	63f238154bc37a60c53fa4e27e94af2f;213092f26fb5dcd1c4a984c77afdfbdd;2e81d36e7b5d35ab38ba8bddc80b881a	32830981;748149455;797621034		human feces_12243
DRR171723	PRJDB4176	SAMD00165033	DRS091385	SAMD00165033	DRX162335		PAIRED	WGS	METAGENOMIC	ILLUMINA	Illumina HiSeq 2500	17894116	5166004472	ftp.sra.ebi.ac.uk/vol1/fastq/DRR171/DRR171723/DRR171723.fastq.gz;ftp.sra.ebi.ac.uk/vol1/fastq/DRR171/DRR171723/DRR171723_1.fastq.gz;ftp.sra.ebi.ac.uk/vol1/fastq/DRR171/DRR171723/DRR171723_2.fastq.gz	f58a3d0a6a22466ed83e0851a98b6af1;10adf050125a9a26b2cf1878efc403e6;984f6954ac828578b0b2f41d3f8cda77	76356047;1722614268;1841815870		human feces_12396
DRR171731	PRJDB4176	SAMD00114728	DRS090830	SAMD00114728	DRX162343		PAIRED	WGS	METAGENOMIC	ILLUMINA	Illumina HiSeq 2500	18856284	5372337596	ftp.sra.ebi.ac.uk/vol1/fastq/DRR171/DRR171731/DRR171731.fastq.gz;ftp.sra.ebi.ac.uk/vol1/fastq/DRR171/DRR171731/DRR171731_1.fastq.gz;ftp.sra.ebi.ac.uk/vol1/fastq/DRR171/DRR171731/DRR171731_2.fastq.gz	13784c41e8de739fb4b6eadb7c8c0d72;d1dae5230c5456e7efe3ccce4c354a67;0f49486ff343dd21775b31ca9a45c1d3	179651604;1830872021;2012521284		human feces_10333
DRR171739	PRJDB4176	SAMD00114739	DRS090838	SAMD00114739	DRX162351		PAIRED	WGS	METAGENOMIC	ILLUMINA	Illumina HiSeq 2500	13087770	3759286145	ftp.sra.ebi.ac.uk/vol1/fastq/DRR171/DRR171739/DRR171739.fastq.gz;ftp.sra.ebi.ac.uk/vol1/fastq/DRR171/DRR171739/DRR171739_1.fastq.gz;ftp.sra.ebi.ac.uk/vol1/fastq/DRR171/DRR171739/DRR171739_2.fastq.gz	d40d153ac7b8acbb46107fe1d52e218c;06b669b5e979d7004a759cd53e329deb;56c5551f6b5da3baca4d05a6b1544c63	78540701;1221547821;1335251105		human feces_10124
DRR171740	PRJDB4176	SAMD00114740	DRS090839	SAMD00114740	DRX162352		PAIRED	WGS	METAGENOMIC	ILLUMINA	Illumina HiSeq 2500	31015099	8316980423	ftp.sra.ebi.ac.uk/vol1/fastq/DRR171/DRR171740/DRR171740.fastq.gz;ftp.sra.ebi.ac.uk/vol1/fastq/DRR171/DRR171740/DRR171740_1.fastq.gz;ftp.sra.ebi.ac.uk/vol1/fastq/DRR171/DRR171740/DRR171740_2.fastq.gz	0a64ebd7d40753ad271b62adf83fcae3;a9e70d831ec2e026ec41216a71ab6c29;f59b2aa1d0b48c1f4c7ebdd937a88794	130443642;2855634591;2995466613		human feces_10147
DRR171741	PRJDB4176	SAMD00114741	DRS090840	SAMD00114741	DRX162353		PAIRED	WGS	METAGENOMIC	ILLUMINA	Illumina HiSeq 2500	39485582	10670875820	ftp.sra.ebi.ac.uk/vol1/fastq/DRR171/DRR171741/DRR171741.fastq.gz;ftp.sra.ebi.ac.uk/vol1/fastq/DRR171/DRR171741/DRR171741_1.fastq.gz;ftp.sra.ebi.ac.uk/vol1/fastq/DRR171/DRR171741/DRR171741_2.fastq.gz	2548ed0af32f2cbc28657a59cd957642;a340e544303f8e4d3a696af43f96257e;625a127b185aefa10f84ad4269d0f805	193765864;3649723564;3865881504		human feces_10150
DRR171742	PRJDB4176	SAMD00114742	DRS090841	SAMD00114742	DRX162354		PAIRED	WGS	METAGENOMIC	ILLUMINA	Illumina HiSeq 2500	29465874	8007120247	ftp.sra.ebi.ac.uk/vol1/fastq/DRR171/DRR171742/DRR171742.fastq.gz;ftp.sra.ebi.ac.uk/vol1/fastq/DRR171/DRR171742/DRR171742_1.fastq.gz;ftp.sra.ebi.ac.uk/vol1/fastq/DRR171/DRR171742/DRR171742_2.fastq.gz	85db4bdf566461d7a3a5257f5fa09181;b4419f288124b6a049e9907d2bea4d6f;2f446a6fb4692ba7e46a6747afea68ce	120578144;2727612933;2877905469		human feces_10152
DRR171745	PRJDB4176	SAMD00114745	DRS090844	SAMD00114745	DRX162357		PAIRED	WGS	METAGENOMIC	ILLUMINA	Illumina HiSeq 2500	15235286	4338049332	ftp.sra.ebi.ac.uk/vol1/fastq/DRR171/DRR171745/DRR171745.fastq.gz;ftp.sra.ebi.ac.uk/vol1/fastq/DRR171/DRR171745/DRR171745_1.fastq.gz;ftp.sra.ebi.ac.uk/vol1/fastq/DRR171/DRR171745/DRR171745_2.fastq.gz	352e157cf958fec70d06cd9981b84111;bbeb5fa7059a7065dee94ebc3334ec08;cf3cfca3538e2ade2d451de57b45a0b0	125778912;1463234306;1599761115		human feces_10132
DRR171746	PRJDB4176	SAMD00114746	DRS090845	SAMD00114746	DRX162358		PAIRED	WGS	METAGENOMIC	ILLUMINA	Illumina HiSeq 2500	33788909	8985889119	ftp.sra.ebi.ac.uk/vol1/fastq/DRR171/DRR171746/DRR171746.fastq.gz;ftp.sra.ebi.ac.uk/vol1/fastq/DRR171/DRR171746/DRR171746_1.fastq.gz;ftp.sra.ebi.ac.uk/vol1/fastq/DRR171/DRR171746/DRR171746_2.fastq.gz	21f36b8d6cbabcf1c359ff846b394ba4;543a9df1530004d03b83c892f2afee44;22edbffd47504e9bf1ef408ed3d97c16	121714817;3085221901;3212706836		human feces_10134
DRR171748	PRJDB4176	SAMD00114748	DRS090847	SAMD00114748	DRX162360		PAIRED	WGS	METAGENOMIC	ILLUMINA	Illumina HiSeq 2500	16347800	4669807990	ftp.sra.ebi.ac.uk/vol1/fastq/DRR171/DRR171748/DRR171748.fastq.gz;ftp.sra.ebi.ac.uk/vol1/fastq/DRR171/DRR171748/DRR171748_1.fastq.gz;ftp.sra.ebi.ac.uk/vol1/fastq/DRR171/DRR171748/DRR171748_2.fastq.gz	b2a04619c93f1322d65c0840aceb11dc;87859cb8c2bc1bf607fdca0cae0884f2;7197e39cf202029668cbe1cc8f35e618	132935071;1619982919;1729268022		human feces_10140
DRR171777	PRJDB4176	SAMD00114789	DRS090876	SAMD00114789	DRX162389		PAIRED	WGS	METAGENOMIC	ILLUMINA	Illumina HiSeq 2500	37277423	10089738040	ftp.sra.ebi.ac.uk/vol1/fastq/DRR171/DRR171777/DRR171777.fastq.gz;ftp.sra.ebi.ac.uk/vol1/fastq/DRR171/DRR171777/DRR171777_1.fastq.gz;ftp.sra.ebi.ac.uk/vol1/fastq/DRR171/DRR171777/DRR171777_2.fastq.gz	36c8af21abb20bb56ee41ebdf6ef023c;815ee04354d3cd9186fc69e5b65ca56d;5db502fceefd1e06e3f25a8138662629	180707820;3482602549;3698995917		human feces_10341
DRR171779	PRJDB4176	SAMD00114791	DRS090878	SAMD00114791	DRX162391		PAIRED	WGS	METAGENOMIC	ILLUMINA	Illumina HiSeq 2500	30681868	8393686051	ftp.sra.ebi.ac.uk/vol1/fastq/DRR171/DRR171779/DRR171779.fastq.gz;ftp.sra.ebi.ac.uk/vol1/fastq/DRR171/DRR171779/DRR171779_1.fastq.gz;ftp.sra.ebi.ac.uk/vol1/fastq/DRR171/DRR171779/DRR171779_2.fastq.gz	e9f18077c57de6f6f7c51a6b40cf2fd9;f7004ea55efc54bdd1c1d0c2418b8ab8;b3f1b5910586bde90b9c64f65dbc5509	159261858;2881129781;3059071559		human feces_10349
DRR171786	PRJDB4176	SAMD00114800	DRS090885	SAMD00114800	DRX162398		PAIRED	WGS	METAGENOMIC	ILLUMINA	Illumina HiSeq 2500	38898581	10461398681	ftp.sra.ebi.ac.uk/vol1/fastq/DRR171/DRR171786/DRR171786.fastq.gz;ftp.sra.ebi.ac.uk/vol1/fastq/DRR171/DRR171786/DRR171786_1.fastq.gz;ftp.sra.ebi.ac.uk/vol1/fastq/DRR171/DRR171786/DRR171786_2.fastq.gz	506cc1df67a6f3758dd80d2dac381c77;504097444aa914e6b0ab24060c3912d2;2ef4ca5d2cdad50e1fcf7f52d97c54dd	182176666;3656841265;3973562965		human feces_10244
DRR171789	PRJDB4176	SAMD00114804	DRS090888	SAMD00114804	DRX162401		PAIRED	WGS	METAGENOMIC	ILLUMINA	Illumina HiSeq 2500	26005635	7137800919	ftp.sra.ebi.ac.uk/vol1/fastq/DRR171/DRR171789/DRR171789.fastq.gz;ftp.sra.ebi.ac.uk/vol1/fastq/DRR171/DRR171789/DRR171789_1.fastq.gz;ftp.sra.ebi.ac.uk/vol1/fastq/DRR171/DRR171789/DRR171789_2.fastq.gz	e9b24b8d9c9cde61c69e5c8c024c0901;d95eb6e637ee3697215302b4104ba8f7;2928f56996ee2ab61bb8e676d1ae0342	394368307;2741370109;2989509869		human feces_10459
DRR171802	PRJDB4176	SAMD00114819	DRS090901	SAMD00114819	DRX162414		PAIRED	WGS	METAGENOMIC	ILLUMINA	Illumina HiSeq 2500	16782655	4784165228	ftp.sra.ebi.ac.uk/vol1/fastq/DRR171/DRR171802/DRR171802.fastq.gz;ftp.sra.ebi.ac.uk/vol1/fastq/DRR171/DRR171802/DRR171802_1.fastq.gz;ftp.sra.ebi.ac.uk/vol1/fastq/DRR171/DRR171802/DRR171802_2.fastq.gz	0e2f75a238c42660acd7e34b0265c0be;0415f02f25ea8dc8b7e7ea6fa1071b23;ffda8deb7afa9527c40bceb292840db9	127197154;1713675294;1816479770		human feces_10456
DRR171803	PRJDB4176	SAMD00114820	DRS090902	SAMD00114820	DRX162415		PAIRED	WGS	METAGENOMIC	ILLUMINA	Illumina HiSeq 2500	17999797	5131351752	ftp.sra.ebi.ac.uk/vol1/fastq/DRR171/DRR171803/DRR171803.fastq.gz;ftp.sra.ebi.ac.uk/vol1/fastq/DRR171/DRR171803/DRR171803_1.fastq.gz;ftp.sra.ebi.ac.uk/vol1/fastq/DRR171/DRR171803/DRR171803_2.fastq.gz	d11ad7ceefd1b8239866742d516116c8;f6ab5bca4d8835afe8616e4060414a66;9257a4cdcd4f76227ae339d21339bc24	148462828;1845591566;1949453558		human feces_10470
DRR171811	PRJDB4176	SAMD00114831	DRS090910	SAMD00114831	DRX162423		PAIRED	WGS	METAGENOMIC	ILLUMINA	Illumina HiSeq 2500	22414033	6383941402	ftp.sra.ebi.ac.uk/vol1/fastq/DRR171/DRR171811/DRR171811.fastq.gz;ftp.sra.ebi.ac.uk/vol1/fastq/DRR171/DRR171811/DRR171811_1.fastq.gz;ftp.sra.ebi.ac.uk/vol1/fastq/DRR171/DRR171811/DRR171811_2.fastq.gz	1b52d3b52fdb6637ed7fa009b71a05f0;c5fb29d7362bd744f5043acdd43b39f8;53a6eb905f05947045ce4bc34383f5de	169327005;2219300040;2346162885		human feces_10138
DRR171813	PRJDB4176	SAMD00114833	DRS090912	SAMD00114833	DRX162425		PAIRED	WGS	METAGENOMIC	ILLUMINA	Illumina HiSeq 2500	20505260	5804624601	ftp.sra.ebi.ac.uk/vol1/fastq/DRR171/DRR171813/DRR171813.fastq.gz;ftp.sra.ebi.ac.uk/vol1/fastq/DRR171/DRR171813/DRR171813_1.fastq.gz;ftp.sra.ebi.ac.uk/vol1/fastq/DRR171/DRR171813/DRR171813_2.fastq.gz	880da077187be83c44da9220cb736c3b;f66741a842c0cb8a781aeb9c9b818331;3adfb6e87099bdf9b05da3a4e232cdfc	189835726;1990259311;2136035970		human feces_10151
DRR171821	PRJDB4176	SAMD00114845	DRS090920	SAMD00114845	DRX162433		PAIRED	WGS	METAGENOMIC	ILLUMINA	Illumina HiSeq 2500	20110001	5744221913	ftp.sra.ebi.ac.uk/vol1/fastq/DRR171/DRR171821/DRR171821.fastq.gz;ftp.sra.ebi.ac.uk/vol1/fastq/DRR171/DRR171821/DRR171821_1.fastq.gz;ftp.sra.ebi.ac.uk/vol1/fastq/DRR171/DRR171821/DRR171821_2.fastq.gz	1b65ed87fbad28c3461291fbd0fc8752;b417ec77d045e6c4cf8d1580c17180c1;2741eb4cd14bf970103a0f382e4d76f0	137510314;2064497973;2183707871		human feces_10543
DRR171834	PRJDB4176	SAMD00114860	DRS090933	SAMD00114860	DRX162446		PAIRED	WGS	METAGENOMIC	ILLUMINA	Illumina HiSeq 2500	22859190	6418926474	ftp.sra.ebi.ac.uk/vol1/fastq/DRR171/DRR171834/DRR171834.fastq.gz;ftp.sra.ebi.ac.uk/vol1/fastq/DRR171/DRR171834/DRR171834_1.fastq.gz;ftp.sra.ebi.ac.uk/vol1/fastq/DRR171/DRR171834/DRR171834_2.fastq.gz	eb601cce7f6ae0673e8ca3f45be3b2b1;09e0083600da3d8c8367b19cbf70474b;b98d61bd811343c446392cbe952de2f1	266091351;2185660997;2349151520		human feces_10593
DRR171841	PRJDB4176	SAMD00114870	DRS090940	SAMD00114870	DRX162453		PAIRED	WGS	METAGENOMIC	ILLUMINA	Illumina HiSeq 2500	21041042	5964614138	ftp.sra.ebi.ac.uk/vol1/fastq/DRR171/DRR171841/DRR171841.fastq.gz;ftp.sra.ebi.ac.uk/vol1/fastq/DRR171/DRR171841/DRR171841_1.fastq.gz;ftp.sra.ebi.ac.uk/vol1/fastq/DRR171/DRR171841/DRR171841_2.fastq.gz	694139baf3b44b88412abe9869c96ce1;117de094bf51c5ddbe91561bc46e7620;a888b74c375e5e99a13429c6cab17cea	186889909;2026949235;2160823009		human feces_10615
DRR171843	PRJDB4176	SAMD00114873	DRS090942	SAMD00114873	DRX162455		PAIRED	WGS	METAGENOMIC	ILLUMINA	Illumina HiSeq 2500	22446217	6344547735	ftp.sra.ebi.ac.uk/vol1/fastq/DRR171/DRR171843/DRR171843.fastq.gz;ftp.sra.ebi.ac.uk/vol1/fastq/DRR171/DRR171843/DRR171843_1.fastq.gz;ftp.sra.ebi.ac.uk/vol1/fastq/DRR171/DRR171843/DRR171843_2.fastq.gz	03289bccbe7a7fb22910e334953a30bf;4a568bbd7dfa056e4cfd561e9e459a0d;d293205d46c4b2c192ec516bc75118a6	221379840;2196083976;2345578056		human feces_10627
DRR171849	PRJDB4176	SAMD00114881	DRS090948	SAMD00114881	DRX162461		PAIRED	WGS	METAGENOMIC	ILLUMINA	Illumina HiSeq 2500	37186289	10267428068	ftp.sra.ebi.ac.uk/vol1/fastq/DRR171/DRR171849/DRR171849.fastq.gz;ftp.sra.ebi.ac.uk/vol1/fastq/DRR171/DRR171849/DRR171849_1.fastq.gz;ftp.sra.ebi.ac.uk/vol1/fastq/DRR171/DRR171849/DRR171849_2.fastq.gz	ab556f985fbd95d292037fbffc459b37;caf4bd80dea49430713bde996c94775c;291a9b34fd7fecd7e889d4ee8d2bc8bf	533229983;4081658320;4276407339		human feces_10801
DRR171851	PRJDB4176	SAMD00114883	DRS090950	SAMD00114883	DRX162463		PAIRED	WGS	METAGENOMIC	ILLUMINA	Illumina HiSeq 2500	33886721	9458916065	ftp.sra.ebi.ac.uk/vol1/fastq/DRR171/DRR171851/DRR171851.fastq.gz;ftp.sra.ebi.ac.uk/vol1/fastq/DRR171/DRR171851/DRR171851_1.fastq.gz;ftp.sra.ebi.ac.uk/vol1/fastq/DRR171/DRR171851/DRR171851_2.fastq.gz	5ab9ed48e3ca8384d9ccc126512d13b2;9807f2e7a41596a3db47f135f5fcc225;31721e03590cb2a1ddff861ed6378e42	398996861;3797554112;3957385422		human feces_10812
DRR171853	PRJDB4176	SAMD00114886	DRS090952	SAMD00114886	DRX162465		PAIRED	WGS	METAGENOMIC	ILLUMINA	Illumina HiSeq 2500	21052176	5880503603	ftp.sra.ebi.ac.uk/vol1/fastq/DRR171/DRR171853/DRR171853.fastq.gz;ftp.sra.ebi.ac.uk/vol1/fastq/DRR171/DRR171853/DRR171853_1.fastq.gz;ftp.sra.ebi.ac.uk/vol1/fastq/DRR171/DRR171853/DRR171853_2.fastq.gz	ed1c00e499999f5fb475f75889032f3d;dfcc0630935f9927afcece4baffca9ee;cdef73bb91693ad690879cd713fd665a	270965260;2293169794;2398630312		human feces_10853
DRR171859	PRJDB4176	SAMD00114894	DRS090958	SAMD00114894	DRX162471		PAIRED	WGS	METAGENOMIC	ILLUMINA	Illumina HiSeq 2500	20247360	5771652617	ftp.sra.ebi.ac.uk/vol1/fastq/DRR171/DRR171859/DRR171859.fastq.gz;ftp.sra.ebi.ac.uk/vol1/fastq/DRR171/DRR171859/DRR171859_1.fastq.gz;ftp.sra.ebi.ac.uk/vol1/fastq/DRR171/DRR171859/DRR171859_2.fastq.gz	07910ff144f028168c40d8a47a58af13;659cada4a7679dcf82885ec6e72ab109;269737c4cc888f01f9d038259d213cd4	159992297;1966421544;2072322062		human feces_10660
DRR171860	PRJDB4176	SAMD00114896	DRS090959	SAMD00114896	DRX162472		PAIRED	WGS	METAGENOMIC	ILLUMINA	Illumina HiSeq 2500	20911714	5971081419	ftp.sra.ebi.ac.uk/vol1/fastq/DRR171/DRR171860/DRR171860.fastq.gz;ftp.sra.ebi.ac.uk/vol1/fastq/DRR171/DRR171860/DRR171860_1.fastq.gz;ftp.sra.ebi.ac.uk/vol1/fastq/DRR171/DRR171860/DRR171860_2.fastq.gz	ed4d97ec853e7e67d2a017d8f1f39c9c;4ddf061c44a0f896387b5002086c3f5c;c9544980dfd0a66a960d6bbf1a061953	136143076;2052668049;2157779243		human feces_10668
DRR171877	PRJDB4176	SAMD00114914	DRS090976	SAMD00114914	DRX162489		PAIRED	WGS	METAGENOMIC	ILLUMINA	Illumina HiSeq 2500	22506873	6364661841	ftp.sra.ebi.ac.uk/vol1/fastq/DRR171/DRR171877/DRR171877.fastq.gz;ftp.sra.ebi.ac.uk/vol1/fastq/DRR171/DRR171877/DRR171877_1.fastq.gz;ftp.sra.ebi.ac.uk/vol1/fastq/DRR171/DRR171877/DRR171877_2.fastq.gz	2de0920fa232681f91410664430d227e;a4ff1da8fbe552d6d755fa861b5afbbc;ca7b43fa5cc13d6caf7816f2677e8ce7	203002409;2202093028;2335166573		human feces_10749
DRR171884	PRJDB4176	SAMD00114924	DRS090983	SAMD00114924	DRX162496		PAIRED	WGS	METAGENOMIC	ILLUMINA	Illumina HiSeq 2500	16511694	4633386993	ftp.sra.ebi.ac.uk/vol1/fastq/DRR171/DRR171884/DRR171884.fastq.gz;ftp.sra.ebi.ac.uk/vol1/fastq/DRR171/DRR171884/DRR171884_1.fastq.gz;ftp.sra.ebi.ac.uk/vol1/fastq/DRR171/DRR171884/DRR171884_2.fastq.gz	c8b9a2174661bb6a72eb022609235b8c;24d772d7397fecab08916782591d332e;b5fe54d79a35e139840ea0e958ab152a	180646806;1768541748;1868735926		human feces_10745
DRR171888	PRJDB4176	SAMD00114928	DRS090987	SAMD00114928	DRX162500		PAIRED	WGS	METAGENOMIC	ILLUMINA	Illumina HiSeq 2500	20283752	5740332159	ftp.sra.ebi.ac.uk/vol1/fastq/DRR171/DRR171888/DRR171888.fastq.gz;ftp.sra.ebi.ac.uk/vol1/fastq/DRR171/DRR171888/DRR171888_1.fastq.gz;ftp.sra.ebi.ac.uk/vol1/fastq/DRR171/DRR171888/DRR171888_2.fastq.gz	8b8cd97c303371b8ce14129357998389;24d1805c51386a73a1deb618adc93696;6fcc263515a6571dbfa285f7f5799643	187164467;1977332161;2097954265		human feces_10630
DRR171890	PRJDB4176	SAMD00114932	DRS090989	SAMD00114932	DRX162502		PAIRED	WGS	METAGENOMIC	ILLUMINA	Illumina HiSeq 2500	21146166	6017790334	ftp.sra.ebi.ac.uk/vol1/fastq/DRR171/DRR171890/DRR171890.fastq.gz;ftp.sra.ebi.ac.uk/vol1/fastq/DRR171/DRR171890/DRR171890_1.fastq.gz;ftp.sra.ebi.ac.uk/vol1/fastq/DRR171/DRR171890/DRR171890_2.fastq.gz	f8b965a25abbac29434e75041345f590;7fe42ebbdeeaa8732ca3a955b0356c02;72ea3f79cf1163ad80cdd6621870651e	171647614;2082345260;2186682494		human feces_10657
DRR171897	PRJDB4176	SAMD00114940	DRS090996	SAMD00114940	DRX162509		PAIRED	WGS	METAGENOMIC	ILLUMINA	Illumina HiSeq 2500	42412411	12057333785	ftp.sra.ebi.ac.uk/vol1/fastq/DRR171/DRR171897/DRR171897.fastq.gz;ftp.sra.ebi.ac.uk/vol1/fastq/DRR171/DRR171897/DRR171897_1.fastq.gz;ftp.sra.ebi.ac.uk/vol1/fastq/DRR171/DRR171897/DRR171897_2.fastq.gz	d8f245adc27da1d98d704f4d98e5e6e3;22a1fc4506bf8af01e31e4b283f820a8;bb93b34a3408a8cf8a566320867ea663	344355005;4268809385;4548098180		human feces_10659
DRR171900	PRJDB4176	SAMD00114943	DRS090999	SAMD00114943	DRX162512		PAIRED	WGS	METAGENOMIC	ILLUMINA	Illumina HiSeq 2500	20499375	5763403266	ftp.sra.ebi.ac.uk/vol1/fastq/DRR171/DRR171900/DRR171900.fastq.gz;ftp.sra.ebi.ac.uk/vol1/fastq/DRR171/DRR171900/DRR171900_1.fastq.gz;ftp.sra.ebi.ac.uk/vol1/fastq/DRR171/DRR171900/DRR171900_2.fastq.gz	91501ab45b80d2650c56d95c53fead1e;94efe99905c0dd27dd665ad54bd8d4c8;74b48eaca5f0e74e93550e24fce6d6da	225150908;2000725252;2117220150		human feces_10697
DRR171901	PRJDB4176	SAMD00114944	DRS091000	SAMD00114944	DRX162513		PAIRED	WGS	METAGENOMIC	ILLUMINA	Illumina HiSeq 2500	14926548	4286278742	ftp.sra.ebi.ac.uk/vol1/fastq/DRR171/DRR171901/DRR171901.fastq.gz;ftp.sra.ebi.ac.uk/vol1/fastq/DRR171/DRR171901/DRR171901_1.fastq.gz;ftp.sra.ebi.ac.uk/vol1/fastq/DRR171/DRR171901/DRR171901_2.fastq.gz	dbb02a1dee17511a22da7c64c57bf87e;efab9e1678c61346e927ee4365e05923;d44d64aec1e8db745bc9805a7c2e7327	84539470;1357627005;1477372381		human feces_10700
DRR171905	PRJDB4176	SAMD00114949	DRS091004	SAMD00114949	DRX162517		PAIRED	WGS	METAGENOMIC	ILLUMINA	Illumina HiSeq 2500	19886887	5612438798	ftp.sra.ebi.ac.uk/vol1/fastq/DRR171/DRR171905/DRR171905.fastq.gz;ftp.sra.ebi.ac.uk/vol1/fastq/DRR171/DRR171905/DRR171905_1.fastq.gz;ftp.sra.ebi.ac.uk/vol1/fastq/DRR171/DRR171905/DRR171905_2.fastq.gz	9b8ceccb6c3b564e6b59b84181699ca7;6e7d6c0acc99809c75e084c3d46ff909;c408bc817e89d811335bec238564f300	190392417;2115197370;2246185407		human feces_10715
DRR171907	PRJDB4176	SAMD00114952	DRS091006	SAMD00114952	DRX162519		PAIRED	WGS	METAGENOMIC	ILLUMINA	Illumina HiSeq 2500	24325851	6805488783	ftp.sra.ebi.ac.uk/vol1/fastq/DRR171/DRR171907/DRR171907.fastq.gz;ftp.sra.ebi.ac.uk/vol1/fastq/DRR171/DRR171907/DRR171907_1.fastq.gz;ftp.sra.ebi.ac.uk/vol1/fastq/DRR171/DRR171907/DRR171907_2.fastq.gz	bb6ccdd4c83efbcc37f2927603ec4e6f;e17ccac89c9e8b4564d61c50901f7ba6;9f5d98ebbfa9140ce559aede82d90ce2	287601469;2557411689;2706197940		human feces_10731
DRR171914	PRJDB4176	SAMD00114962	DRS091013	SAMD00114962	DRX162526		PAIRED	WGS	METAGENOMIC	ILLUMINA	Illumina HiSeq 2500	19719211	5459008096	ftp.sra.ebi.ac.uk/vol1/fastq/DRR171/DRR171914/DRR171914.fastq.gz;ftp.sra.ebi.ac.uk/vol1/fastq/DRR171/DRR171914/DRR171914_1.fastq.gz;ftp.sra.ebi.ac.uk/vol1/fastq/DRR171/DRR171914/DRR171914_2.fastq.gz	7b3ab3f78361ab570bb33beee0c2b160;4c7769acd2ff7c7e95dcf0c39b9d72f5;1b0d2db37da1e7bc1f4c38fdbc09346f	256319023;2169201884;2275749284		human feces_10811
DRR171915	PRJDB4176	SAMD00114963	DRS091014	SAMD00114963	DRX162527		PAIRED	WGS	METAGENOMIC	ILLUMINA	Illumina HiSeq 2500	27982109	7768447371	ftp.sra.ebi.ac.uk/vol1/fastq/DRR171/DRR171915/DRR171915.fastq.gz;ftp.sra.ebi.ac.uk/vol1/fastq/DRR171/DRR171915/DRR171915_1.fastq.gz;ftp.sra.ebi.ac.uk/vol1/fastq/DRR171/DRR171915/DRR171915_2.fastq.gz	d3d5d9f79900ee928ddaf7a5455526b8;160e3f1aaf6e193916478314fe928f1b;2eb0cf2f106bc7955c7137011ce4a549	350524912;3074286858;3211832834		human feces_10817
DRR171923	PRJDB4176	SAMD00114976	DRS091022	SAMD00114976	DRX162535		PAIRED	WGS	METAGENOMIC	ILLUMINA	Illumina HiSeq 2500	26346500	7306543180	ftp.sra.ebi.ac.uk/vol1/fastq/DRR171/DRR171923/DRR171923.fastq.gz;ftp.sra.ebi.ac.uk/vol1/fastq/DRR171/DRR171923/DRR171923_1.fastq.gz;ftp.sra.ebi.ac.uk/vol1/fastq/DRR171/DRR171923/DRR171923_2.fastq.gz	00c22ccf8b694086f6c128d33bc4e900;e6cf6284e48a1f2a183cc8c7eae1ea8d;b0ea96290f68302e91bfebdfffc2bc63	119280116;2456236526;2574121962		human feces_10221
DRR171926	PRJDB4176	SAMD00114980	DRS091025	SAMD00114980	DRX162538		PAIRED	WGS	METAGENOMIC	ILLUMINA	Illumina HiSeq 2500	28775070	7699806332	ftp.sra.ebi.ac.uk/vol1/fastq/DRR171/DRR171926/DRR171926.fastq.gz;ftp.sra.ebi.ac.uk/vol1/fastq/DRR171/DRR171926/DRR171926_1.fastq.gz;ftp.sra.ebi.ac.uk/vol1/fastq/DRR171/DRR171926/DRR171926_2.fastq.gz	6ca61e1d280ba97ec0b071e4ad26ff30;2b3c652e7ee72a5089cd7fe936d50d2e;0c515fd2fede3002c2d48abc6229e2f1	102439214;2745824589;2675787394		human feces_10209
DRR171928	PRJDB4176	SAMD00114984	DRS091027	SAMD00114984	DRX162540		PAIRED	WGS	METAGENOMIC	ILLUMINA	Illumina HiSeq 2500	22576130	6309628347	ftp.sra.ebi.ac.uk/vol1/fastq/DRR171/DRR171928/DRR171928.fastq.gz;ftp.sra.ebi.ac.uk/vol1/fastq/DRR171/DRR171928/DRR171928_1.fastq.gz;ftp.sra.ebi.ac.uk/vol1/fastq/DRR171/DRR171928/DRR171928_2.fastq.gz	511d189b00e6133e11ea5b7084799d8d;3587f7d152e284cbc55f49c520f0d994;74882cd6efe884675f4cf3e61c51ba5e	94361775;2194776759;2291366473		human feces_10235
DRR171929	PRJDB4176	SAMD00114985	DRS091028	SAMD00114985	DRX162541		PAIRED	WGS	METAGENOMIC	ILLUMINA	Illumina HiSeq 2500	36887535	10352029825	ftp.sra.ebi.ac.uk/vol1/fastq/DRR171/DRR171929/DRR171929.fastq.gz;ftp.sra.ebi.ac.uk/vol1/fastq/DRR171/DRR171929/DRR171929_1.fastq.gz;ftp.sra.ebi.ac.uk/vol1/fastq/DRR171/DRR171929/DRR171929_2.fastq.gz	7248bf29a5cb44aa4fde56af12471fc2;b6eda0e0cc058725bb765e8c4e9feca7;7ea6dd0ff4a4158f84e97a3b06c20e3a	183955820;3522682708;3707591772		human feces_10251
DRR171936	PRJDB4176	SAMD00114992	DRS091035	SAMD00114992	DRX162548		PAIRED	WGS	METAGENOMIC	ILLUMINA	Illumina HiSeq 2500	18033014	5044096541	ftp.sra.ebi.ac.uk/vol1/fastq/DRR171/DRR171936/DRR171936.fastq.gz;ftp.sra.ebi.ac.uk/vol1/fastq/DRR171/DRR171936/DRR171936_1.fastq.gz;ftp.sra.ebi.ac.uk/vol1/fastq/DRR171/DRR171936/DRR171936_2.fastq.gz	987d3eb5cfceec526a1a702376fee138;03835e87b6e90f791f39576d15c89c45;3da07a32b5ed5f3b39c56d53700442b5	97897751;1714478347;1855579491		human feces_10274
DRR171939	PRJDB4176	SAMD00114996	DRS091038	SAMD00114996	DRX162551		PAIRED	WGS	METAGENOMIC	ILLUMINA	Illumina HiSeq 2500	27049384	7604389914	ftp.sra.ebi.ac.uk/vol1/fastq/DRR171/DRR171939/DRR171939.fastq.gz;ftp.sra.ebi.ac.uk/vol1/fastq/DRR171/DRR171939/DRR171939_1.fastq.gz;ftp.sra.ebi.ac.uk/vol1/fastq/DRR171/DRR171939/DRR171939_2.fastq.gz	9f250c769bccaa8c042fcdaae3efbaae;734fd9f222912abbf4b180990cac33dc;f4879efddfe828441fa211d1d8c59c44	171376917;2549645267;2841326457		human feces_10106
DRR171940	PRJDB4176	SAMD00114999	DRS091039	SAMD00114999	DRX162552		PAIRED	WGS	METAGENOMIC	ILLUMINA	Illumina HiSeq 2500	29914198	8297759179	ftp.sra.ebi.ac.uk/vol1/fastq/DRR171/DRR171940/DRR171940.fastq.gz;ftp.sra.ebi.ac.uk/vol1/fastq/DRR171/DRR171940/DRR171940_1.fastq.gz;ftp.sra.ebi.ac.uk/vol1/fastq/DRR171/DRR171940/DRR171940_2.fastq.gz	34c57a495fcc748558bc5da2d02bf27e;d7698160c9459cf02a2dfcc7ef578582;7b9f3d27fe6b0d6c44b670154a928f5f	114459430;2823163100;2940425169		human feces_10089
DRR171946	PRJDB4176	SAMD00115010	DRS091045	SAMD00115010	DRX162558		PAIRED	WGS	METAGENOMIC	ILLUMINA	Illumina HiSeq 2500	25304681	6978872879	ftp.sra.ebi.ac.uk/vol1/fastq/DRR171/DRR171946/DRR171946.fastq.gz;ftp.sra.ebi.ac.uk/vol1/fastq/DRR171/DRR171946/DRR171946_1.fastq.gz;ftp.sra.ebi.ac.uk/vol1/fastq/DRR171/DRR171946/DRR171946_2.fastq.gz	9ee43d8bd590f9a2ac1919b164bd3ab0;d995e9c6266f4ca70e315ad6d9e1fb6c;1cf2b767042af33c0aad0140daaf7593	105024919;2517350815;2609898678		human feces_10385
DRR171955	PRJDB4176	SAMD00115021	DRS091054	SAMD00115021	DRX162567		PAIRED	WGS	METAGENOMIC	ILLUMINA	Illumina HiSeq 2500	32523177	8911236282	ftp.sra.ebi.ac.uk/vol1/fastq/DRR171/DRR171955/DRR171955.fastq.gz;ftp.sra.ebi.ac.uk/vol1/fastq/DRR171/DRR171955/DRR171955_1.fastq.gz;ftp.sra.ebi.ac.uk/vol1/fastq/DRR171/DRR171955/DRR171955_2.fastq.gz	286eaf2609a1d2542b38648abfcb1b54;d2201e3d5888978a5fb07cd606b82a07;7d2cfbd6fae7be3808f5187e0c21f401	160890880;3122847943;3305811827		human feces_10047
DRR171956	PRJDB4176	SAMD00115024	DRS091055	SAMD00115024	DRX162568		PAIRED	WGS	METAGENOMIC	ILLUMINA	Illumina HiSeq 2500	28946700	8141041143	ftp.sra.ebi.ac.uk/vol1/fastq/DRR171/DRR171956/DRR171956.fastq.gz;ftp.sra.ebi.ac.uk/vol1/fastq/DRR171/DRR171956/DRR171956_1.fastq.gz;ftp.sra.ebi.ac.uk/vol1/fastq/DRR171/DRR171956/DRR171956_2.fastq.gz	be677d14e202b9d9ef322092ace2c0f8;0597d037a4ffbf01ecf6f7dd91745557;be42c99231e182155458e6df66b5a70c	190358831;2822640635;3004970269		human feces_10061
DRR171962	PRJDB4176	SAMD00115030	DRS091061	SAMD00115030	DRX162574		PAIRED	WGS	METAGENOMIC	ILLUMINA	Illumina HiSeq 2500	17041047	4762685111	ftp.sra.ebi.ac.uk/vol1/fastq/DRR171/DRR171962/DRR171962.fastq.gz;ftp.sra.ebi.ac.uk/vol1/fastq/DRR171/DRR171962/DRR171962_1.fastq.gz;ftp.sra.ebi.ac.uk/vol1/fastq/DRR171/DRR171962/DRR171962_2.fastq.gz	1ea8747c8542f095c9e5308bc087ca42;ced321c6fa0f93ab5317cdf5e843b668;00c665a1c1d3132e4c8e8acf5ca82033	109000133;1660739489;1792430330		human feces_10081
DRR171963	PRJDB4176	SAMD00115031	DRS091062	SAMD00115031	DRX162575		PAIRED	WGS	METAGENOMIC	ILLUMINA	Illumina HiSeq 2500	24324360	6573418557	ftp.sra.ebi.ac.uk/vol1/fastq/DRR171/DRR171963/DRR171963.fastq.gz;ftp.sra.ebi.ac.uk/vol1/fastq/DRR171/DRR171963/DRR171963_1.fastq.gz;ftp.sra.ebi.ac.uk/vol1/fastq/DRR171/DRR171963/DRR171963_2.fastq.gz	d91b8a29f6331f7ea406b198ac5f31c5;9ce2feef1eb56992f4ab5bcd1ac5028e;ff683d1c43a4357abbdb43083f370c7d	460716145;2039742766;2615090036		human feces_10091
DRR171967	PRJDB4176	SAMD00115036	DRS091066	SAMD00115036	DRX162579		PAIRED	WGS	METAGENOMIC	ILLUMINA	Illumina HiSeq 2500	17567715	4981376721	ftp.sra.ebi.ac.uk/vol1/fastq/DRR171/DRR171967/DRR171967.fastq.gz;ftp.sra.ebi.ac.uk/vol1/fastq/DRR171/DRR171967/DRR171967_1.fastq.gz;ftp.sra.ebi.ac.uk/vol1/fastq/DRR171/DRR171967/DRR171967_2.fastq.gz	2566417bbaa26500d4b5f94b24dda1bb;7f0b16725e954028491b6a249ca25d68;52d2c3203446e0a408b3b7685042d3ac	118269691;1763642528;1884936592		human feces_10115
DRR171970	PRJDB4176	SAMD00115039	DRS091069	SAMD00115039	DRX162582		PAIRED	WGS	METAGENOMIC	ILLUMINA	Illumina HiSeq 2500	33108266	9092305572	ftp.sra.ebi.ac.uk/vol1/fastq/DRR171/DRR171970/DRR171970.fastq.gz;ftp.sra.ebi.ac.uk/vol1/fastq/DRR171/DRR171970/DRR171970_1.fastq.gz;ftp.sra.ebi.ac.uk/vol1/fastq/DRR171/DRR171970/DRR171970_2.fastq.gz	9f9d8a8d1d07886e8f80427939432107;772746946e89c5ff375135a37179967e;67638b6b06944195207f325b193efce9	244252457;3017830817;3397236252		human feces_10034
DRR171972	PRJDB4176	SAMD00115041	DRS091071	SAMD00115041	DRX162584		PAIRED	WGS	METAGENOMIC	ILLUMINA	Illumina HiSeq 2500	23956594	6648736317	ftp.sra.ebi.ac.uk/vol1/fastq/DRR171/DRR171972/DRR171972.fastq.gz;ftp.sra.ebi.ac.uk/vol1/fastq/DRR171/DRR171972/DRR171972_1.fastq.gz;ftp.sra.ebi.ac.uk/vol1/fastq/DRR171/DRR171972/DRR171972_2.fastq.gz	5b9b55185757b45245c7c37d1c150a25;22e028e9de372f20944280ac5563b4e6;8396c189507c01e5adaa25d2af7a2fbd	121064110;2303477502;2444063888		human feces_10241
DRR171979	PRJDB4176	SAMD00115048	DRS091078	SAMD00115048	DRX162591		PAIRED	WGS	METAGENOMIC	ILLUMINA	Illumina HiSeq 2500	13712040	3832691111	ftp.sra.ebi.ac.uk/vol1/fastq/DRR171/DRR171979/DRR171979.fastq.gz;ftp.sra.ebi.ac.uk/vol1/fastq/DRR171/DRR171979/DRR171979_1.fastq.gz;ftp.sra.ebi.ac.uk/vol1/fastq/DRR171/DRR171979/DRR171979_2.fastq.gz	79edf9776b2c80d21bec60305e655c6e;6be21fd22d5d6bdf6f44ec8f743afb67;b23c74c4ab5abd4ded110962d7ed02b6	88070282;1296164979;1429814593		human feces_10275
DRR171984	PRJDB4176	SAMD00115053	DRS091083	SAMD00115053	DRX162596		PAIRED	WGS	METAGENOMIC	ILLUMINA	Illumina HiSeq 2500	29114628	8054800494	ftp.sra.ebi.ac.uk/vol1/fastq/DRR171/DRR171984/DRR171984.fastq.gz;ftp.sra.ebi.ac.uk/vol1/fastq/DRR171/DRR171984/DRR171984_1.fastq.gz;ftp.sra.ebi.ac.uk/vol1/fastq/DRR171/DRR171984/DRR171984_2.fastq.gz	bb9c9750725890ecceb1040953606575;cd4f69991746066363f16ca25cb15b21;a8760dda9b891a84fc04309828f9c2c5	214882542;2796238203;2970205010		human feces_10285
DRR171989	PRJDB4176	SAMD00115058	DRS091088	SAMD00115058	DRX162601		PAIRED	WGS	METAGENOMIC	ILLUMINA	Illumina HiSeq 2500	27058661	7612381488	ftp.sra.ebi.ac.uk/vol1/fastq/DRR171/DRR171989/DRR171989.fastq.gz;ftp.sra.ebi.ac.uk/vol1/fastq/DRR171/DRR171989/DRR171989_1.fastq.gz;ftp.sra.ebi.ac.uk/vol1/fastq/DRR171/DRR171989/DRR171989_2.fastq.gz	ff8ffe4d9f5c88856571e54c90b0ff90;d2bb299a7477410d05d4bae988326dc5;0266a7b1b046f7461465faed9230d65e	86795821;2587052650;2724837921		human feces_10313
DRR171993	PRJDB4176	SAMD00115062	DRS091092	SAMD00115062	DRX162605		PAIRED	WGS	METAGENOMIC	ILLUMINA	Illumina HiSeq 2500	26614630	7351483090	ftp.sra.ebi.ac.uk/vol1/fastq/DRR171/DRR171993/DRR171993.fastq.gz;ftp.sra.ebi.ac.uk/vol1/fastq/DRR171/DRR171993/DRR171993_1.fastq.gz;ftp.sra.ebi.ac.uk/vol1/fastq/DRR171/DRR171993/DRR171993_2.fastq.gz	ab66a70600a308de8f236080f7b8c970;4c2e907e6fd1ec8069084e00d1964d54;33066d7400668c9b7834aa7f66eaa8d6	200231325;2489453910;2729879328		human feces_10078
DRR171994	PRJDB4176	SAMD00115063	DRS091093	SAMD00115063	DRX162606		PAIRED	WGS	METAGENOMIC	ILLUMINA	Illumina HiSeq 2500	27517104	7653334970	ftp.sra.ebi.ac.uk/vol1/fastq/DRR171/DRR171994/DRR171994.fastq.gz;ftp.sra.ebi.ac.uk/vol1/fastq/DRR171/DRR171994/DRR171994_1.fastq.gz;ftp.sra.ebi.ac.uk/vol1/fastq/DRR171/DRR171994/DRR171994_2.fastq.gz	bf8bb1e411b8a1943adf2f16e9652276;2c2e6b6c05ecf1f8acb1b611894f23c0;0f2e0f6d9320e54110c0c80def1ac128	329094381;2575463229;2952541675		human feces_10084
DRR171996	PRJDB4176	SAMD00115065	DRS091095	SAMD00115065	DRX162608		PAIRED	WGS	METAGENOMIC	ILLUMINA	Illumina HiSeq 2500	23874286	6701159703	ftp.sra.ebi.ac.uk/vol1/fastq/DRR171/DRR171996/DRR171996.fastq.gz;ftp.sra.ebi.ac.uk/vol1/fastq/DRR171/DRR171996/DRR171996_1.fastq.gz;ftp.sra.ebi.ac.uk/vol1/fastq/DRR171/DRR171996/DRR171996_2.fastq.gz	cce66db8da3e53146e63a426019f58c1;14224a28cd0a82371e2dc111200e7e68;36256d88f176348c6d39773599739af2	255811411;2234548032;2555116777		human feces_10096
DRR171999	PRJDB4176	SAMD00115068	DRS091098	SAMD00115068	DRX162611		PAIRED	WGS	METAGENOMIC	ILLUMINA	Illumina HiSeq 2500	19452023	5568646309	ftp.sra.ebi.ac.uk/vol1/fastq/DRR171/DRR171999/DRR171999.fastq.gz;ftp.sra.ebi.ac.uk/vol1/fastq/DRR171/DRR171999/DRR171999_1.fastq.gz;ftp.sra.ebi.ac.uk/vol1/fastq/DRR171/DRR171999/DRR171999_2.fastq.gz	50b1fa5e6e6e12b7dd5883c82683e49b;98a945a0db4d7809379335748aef49d2;4f1ef34ab74b043b4331cb58287a241a	96864729;1668222553;1822103958		human feces_10126.1
DRR172005	PRJDB4176	SAMD00115074	DRS091104	SAMD00115074	DRX162617		PAIRED	WGS	METAGENOMIC	ILLUMINA	Illumina HiSeq 2500	17577846	5082395193	ftp.sra.ebi.ac.uk/vol1/fastq/DRR172/DRR172005/DRR172005.fastq.gz;ftp.sra.ebi.ac.uk/vol1/fastq/DRR172/DRR172005/DRR172005_1.fastq.gz;ftp.sra.ebi.ac.uk/vol1/fastq/DRR172/DRR172005/DRR172005_2.fastq.gz	34b91c81325615cd7ba0988f345cf885;9ca45f8c5319c5ef8e02c1f4b06a50a4;122627f22048e60b0ed6ec142f30ef45	34546426;1541199654;1624474689		human feces_10717.1
DRR172009	PRJDB4176	SAMD00115078	DRS091108	SAMD00115078	DRX162621		PAIRED	WGS	METAGENOMIC	ILLUMINA	Illumina HiSeq 2500	17758488	5175706921	ftp.sra.ebi.ac.uk/vol1/fastq/DRR172/DRR172009/DRR172009.fastq.gz;ftp.sra.ebi.ac.uk/vol1/fastq/DRR172/DRR172009/DRR172009_1.fastq.gz;ftp.sra.ebi.ac.uk/vol1/fastq/DRR172/DRR172009/DRR172009_2.fastq.gz	d8e75262c68b83732f12f65b575de2ef;d1dab4d705740e085688658c51d98151;6ce4ec5e9c594aa798af0e790745d276	59955770;1478020145;1607352506		human feces_10267.1
DRR172015	PRJDB4176	SAMD00115084	DRS091114	SAMD00115084	DRX162627		PAIRED	WGS	METAGENOMIC	ILLUMINA	Illumina HiSeq 2500	28704941	8331809898	ftp.sra.ebi.ac.uk/vol1/fastq/DRR172/DRR172015/DRR172015.fastq.gz;ftp.sra.ebi.ac.uk/vol1/fastq/DRR172/DRR172015/DRR172015_1.fastq.gz;ftp.sra.ebi.ac.uk/vol1/fastq/DRR172/DRR172015/DRR172015_2.fastq.gz	6dfe8a1c9172cb161d1fadeb99803778;7807f886d5c0272ca68cac16c0919f6f;99e870fc624ef7da8b7c69b972562593	68173209;2389680782;2553451406		human feces_10307.1
DRR172019	PRJDB4176	SAMD00115088	DRS091118	SAMD00115088	DRX162631		PAIRED	WGS	METAGENOMIC	ILLUMINA	Illumina HiSeq 2500	24577693	7080345334	ftp.sra.ebi.ac.uk/vol1/fastq/DRR172/DRR172019/DRR172019.fastq.gz;ftp.sra.ebi.ac.uk/vol1/fastq/DRR172/DRR172019/DRR172019_1.fastq.gz;ftp.sra.ebi.ac.uk/vol1/fastq/DRR172/DRR172019/DRR172019_2.fastq.gz	fde8647f9745d27b0baa89acdc69dc50;cdd0b00dd5514c322dad4baf459a3ec3;f7aa2a8fd5bbaced684eccd6f3b2a38e	139188002;2121589481;2337642645		human feces_10103.1
DRR173016	PRJDB4176	SAMD00136648	DRS096198	SAMD00136648	DRX163627		PAIRED	WGS	METAGENOMIC	ILLUMINA	Illumina HiSeq 2500	17200970	4928181427	ftp.sra.ebi.ac.uk/vol1/fastq/DRR173/DRR173016/DRR173016.fastq.gz;ftp.sra.ebi.ac.uk/vol1/fastq/DRR173/DRR173016/DRR173016_1.fastq.gz;ftp.sra.ebi.ac.uk/vol1/fastq/DRR173/DRR173016/DRR173016_2.fastq.gz	89fa6bc4b0e17f066a6ddae79bd1bb00;afb0be0a09df800608492276cc258c1e;0dfe35d6d39a76417448a6ed04a44aa9	107347827;1749785053;1868173398		human feces_10562
DRR127507	PRJDB4176	SAMD00114753	DRS087525	SAMD00114753	DRX120251		PAIRED	WGS	METAGENOMIC	ILLUMINA	Illumina HiSeq 2500	17768593	5033451978	ftp.sra.ebi.ac.uk/vol1/fastq/DRR127/DRR127507/DRR127507.fastq.gz;ftp.sra.ebi.ac.uk/vol1/fastq/DRR127/DRR127507/DRR127507_1.fastq.gz;ftp.sra.ebi.ac.uk/vol1/fastq/DRR127/DRR127507/DRR127507_2.fastq.gz	72d40ebe2288a0d2f22d9d6c53ae2088;04db37ae9244ec6b273079c5379ecd23;d372560f5f64e4637483d96d91aa1e7c	58308126;1682496504;1759027219		human feces_10266
DRR127536	PRJDB4176	SAMD00114782	DRS087535	SAMD00114782	DRX120280		PAIRED	WGS	METAGENOMIC	ILLUMINA	Illumina HiSeq 2500	25472942	6795738690	ftp.sra.ebi.ac.uk/vol1/fastq/DRR127/DRR127536/DRR127536.fastq.gz;ftp.sra.ebi.ac.uk/vol1/fastq/DRR127/DRR127536/DRR127536_1.fastq.gz;ftp.sra.ebi.ac.uk/vol1/fastq/DRR127/DRR127536/DRR127536_2.fastq.gz	4705119ae7f7d019aff216d7b8cf10f0;c018316dbaeeffe39fb378abae042db3;c6e4b2bae8ac110e3dcd60e008f82ec9	133354293;2381676670;2446228609		human feces_10303
DRR127628	PRJDB4176	SAMD00114874	DRS087555	SAMD00114874	DRX120372		PAIRED	WGS	METAGENOMIC	ILLUMINA	Illumina HiSeq 2500	21718708	6174743097	ftp.sra.ebi.ac.uk/vol1/fastq/DRR127/DRR127628/DRR127628.fastq.gz;ftp.sra.ebi.ac.uk/vol1/fastq/DRR127/DRR127628/DRR127628_1.fastq.gz;ftp.sra.ebi.ac.uk/vol1/fastq/DRR127/DRR127628/DRR127628_2.fastq.gz	e2da2e311b0b3358b21425f46c3a7a3b;f4bbfa455033e3ac0b8e66267779264b;bb40d9f0bfbb3e92a66bea6fafa89c60	187131079;2102563038;2239220566		human feces_10647
DRR127638	PRJDB4176	SAMD00114884	DRS087557	SAMD00114884	DRX120382		PAIRED	WGS	METAGENOMIC	ILLUMINA	Illumina HiSeq 2500	16609881	4617687716	ftp.sra.ebi.ac.uk/vol1/fastq/DRR127/DRR127638/DRR127638.fastq.gz;ftp.sra.ebi.ac.uk/vol1/fastq/DRR127/DRR127638/DRR127638_1.fastq.gz;ftp.sra.ebi.ac.uk/vol1/fastq/DRR127/DRR127638/DRR127638_2.fastq.gz	dadbea92cbadd7d1aedb0725f1e5c169;34ac0d8b58e91dacbc059974a8f69345;0d48727d2a993cc71e6729d6e97693b2	223185387;1806943790;1898914478		human feces_10813
DRR127666	PRJDB4176	SAMD00114912	DRS087561	SAMD00114912	DRX120410		PAIRED	WGS	METAGENOMIC	ILLUMINA	Illumina HiSeq 2500	21232121	5981611447	ftp.sra.ebi.ac.uk/vol1/fastq/DRR127/DRR127666/DRR127666.fastq.gz;ftp.sra.ebi.ac.uk/vol1/fastq/DRR127/DRR127666/DRR127666_1.fastq.gz;ftp.sra.ebi.ac.uk/vol1/fastq/DRR127/DRR127666/DRR127666_2.fastq.gz	e78f7b41ef59f77374ab3212ecd76fbd;a4f633769f915c9b6d93164b2137f329;42448fd12a5154170f338722052fa556	231978304;2048364547;2184346804		human feces_10725
DRR127708	PRJDB4176	SAMD00114954	DRS087571	SAMD00114954	DRX120452		PAIRED	WGS	METAGENOMIC	ILLUMINA	Illumina HiSeq 2500	14685595	4141675679	ftp.sra.ebi.ac.uk/vol1/fastq/DRR127/DRR127708/DRR127708.fastq.gz;ftp.sra.ebi.ac.uk/vol1/fastq/DRR127/DRR127708/DRR127708_1.fastq.gz;ftp.sra.ebi.ac.uk/vol1/fastq/DRR127/DRR127708/DRR127708_2.fastq.gz	4257970bab5f9d4836d095106b75ecfd;f3d61147f43e101ba4f2b135b06585a6;310700ffe7d30a51eb07c803d2731ea4	149382683;1563918401;1661829183		human feces_10747
DRR127718	PRJDB4176	SAMD00114964	DRS087573	SAMD00114964	DRX120462		PAIRED	WGS	METAGENOMIC	ILLUMINA	Illumina HiSeq 2500	19461233	5433741142	ftp.sra.ebi.ac.uk/vol1/fastq/DRR127/DRR127718/DRR127718.fastq.gz;ftp.sra.ebi.ac.uk/vol1/fastq/DRR127/DRR127718/DRR127718_1.fastq.gz;ftp.sra.ebi.ac.uk/vol1/fastq/DRR127/DRR127718/DRR127718_2.fastq.gz	018ad1bb33d5ba1757a2767d60460a25;dc6aef4c9df7ada45a8bc6fa9027fb81;bc80e4ca212d696b4500124bf4f1cf65	210256968;2161304569;2259544124		human feces_10818
DRR127774	PRJDB4176	SAMD00115020	DRS087590	SAMD00115020	DRX120518		PAIRED	WGS	METAGENOMIC	ILLUMINA	Illumina HiSeq 2500	19941627	5515213950	ftp.sra.ebi.ac.uk/vol1/fastq/DRR127/DRR127774/DRR127774.fastq.gz;ftp.sra.ebi.ac.uk/vol1/fastq/DRR127/DRR127774/DRR127774_1.fastq.gz;ftp.sra.ebi.ac.uk/vol1/fastq/DRR127/DRR127774/DRR127774_2.fastq.gz	4fa7f2b1a59c9035bf708921fea68b0b;79b33ac65fb5b3a56fa1a7768d830f3d;b1c582007a2ba2ecc011eba2cae104dc	88645197;1926410297;2002695894		human feces_10059
DRR162779	PRJDB4176	SAMD00154995	DRS087598	SAMD00154995	DRX153398		PAIRED	WGS	METAGENOMIC	ILLUMINA	Illumina HiSeq 2500	12931599	3640483934	ftp.sra.ebi.ac.uk/vol1/fastq/DRR162/DRR162779/DRR162779.fastq.gz;ftp.sra.ebi.ac.uk/vol1/fastq/DRR162/DRR162779/DRR162779_1.fastq.gz;ftp.sra.ebi.ac.uk/vol1/fastq/DRR162/DRR162779/DRR162779_2.fastq.gz	7b8f670e6712c804d222c6ab305a78a5;4321cb9c916bd15aa12ef36f0f9983dc;e320c20ee0d4ceaf72fa4dc0a01db9fb	128411919;1281088791;1405361636		human feces_10582
DRR171465	PRJDB4176	SAMD00164721	DRS091127	SAMD00164721	DRX162077		PAIRED	WGS	METAGENOMIC	ILLUMINA	Illumina HiSeq 2500	35713959	9990855746	ftp.sra.ebi.ac.uk/vol1/fastq/DRR171/DRR171465/DRR171465.fastq.gz;ftp.sra.ebi.ac.uk/vol1/fastq/DRR171/DRR171465/DRR171465_1.fastq.gz;ftp.sra.ebi.ac.uk/vol1/fastq/DRR171/DRR171465/DRR171465_2.fastq.gz	53c549038c0cf494d3df4ed193dfecdb;51689d85f69388140a6b1ccac5480d8b;2c0342363a1d3982ed17f7030366479a	152744119;3463582222;3597245555		human feces_10237
DRR171467	PRJDB4176	SAMD00164727	DRS091129	SAMD00164727	DRX162079		PAIRED	WGS	METAGENOMIC	ILLUMINA	Illumina HiSeq 2500	36099647	10005849918	ftp.sra.ebi.ac.uk/vol1/fastq/DRR171/DRR171467/DRR171467.fastq.gz;ftp.sra.ebi.ac.uk/vol1/fastq/DRR171/DRR171467/DRR171467_1.fastq.gz;ftp.sra.ebi.ac.uk/vol1/fastq/DRR171/DRR171467/DRR171467_2.fastq.gz	1d89d9fa5af12be97ad68c3e61a57ca6;7456c208665add5924d2432e8871bbf4;56ed550b85a8395f0f6a1610a482c682	156278386;3386667590;3619169682		human feces_10272
DRR171468	PRJDB4176	SAMD00164728	DRS091130	SAMD00164728	DRX162080		PAIRED	WGS	METAGENOMIC	ILLUMINA	Illumina HiSeq 2500	38758065	10808757025	ftp.sra.ebi.ac.uk/vol1/fastq/DRR171/DRR171468/DRR171468.fastq.gz;ftp.sra.ebi.ac.uk/vol1/fastq/DRR171/DRR171468/DRR171468_1.fastq.gz;ftp.sra.ebi.ac.uk/vol1/fastq/DRR171/DRR171468/DRR171468_2.fastq.gz	534df01d037373c6668fec9746e79fba;fb6a82ff3816b351ff202b2e56320c7d;0147d02ae5819393d2d4ac47afb33271	292957320;3749790506;3982365353		human feces_10296
DRR171470	PRJDB4176	SAMD00164734	DRS091132	SAMD00164734	DRX162082		PAIRED	WGS	METAGENOMIC	ILLUMINA	Illumina HiSeq 2500	29606207	8154003918	ftp.sra.ebi.ac.uk/vol1/fastq/DRR171/DRR171470/DRR171470.fastq.gz;ftp.sra.ebi.ac.uk/vol1/fastq/DRR171/DRR171470/DRR171470_1.fastq.gz;ftp.sra.ebi.ac.uk/vol1/fastq/DRR171/DRR171470/DRR171470_2.fastq.gz	868466f136ca3f7beb8fa3aa79069bbd;1575aa1b1a0a630b109de33d6e915cae;d0a2ba2f91b9b2671da63132b6237da1	159547353;2866685919;2987136895		human feces_10316
DRR171473	PRJDB4176	SAMD00164746	DRS091135	SAMD00164746	DRX162085		PAIRED	WGS	METAGENOMIC	ILLUMINA	Illumina HiSeq 2500	25261721	6912794194	ftp.sra.ebi.ac.uk/vol1/fastq/DRR171/DRR171473/DRR171473.fastq.gz;ftp.sra.ebi.ac.uk/vol1/fastq/DRR171/DRR171473/DRR171473_1.fastq.gz;ftp.sra.ebi.ac.uk/vol1/fastq/DRR171/DRR171473/DRR171473_2.fastq.gz	ba9ac96fa40ca96d0eab51bc4be5f717;9f923ea7a92340262f18a86ff81a16a2;9a0274ecf8f3d2e3dc52af18d1579849	94493408;2483634434;2585893363		human feces_10376
DRR171476	PRJDB4176	SAMD00164755	DRS091138	SAMD00164755	DRX162088		PAIRED	WGS	METAGENOMIC	ILLUMINA	Illumina HiSeq 2500	25694094	7448427100	ftp.sra.ebi.ac.uk/vol1/fastq/DRR171/DRR171476/DRR171476.fastq.gz;ftp.sra.ebi.ac.uk/vol1/fastq/DRR171/DRR171476/DRR171476_1.fastq.gz;ftp.sra.ebi.ac.uk/vol1/fastq/DRR171/DRR171476/DRR171476_2.fastq.gz	94fdc43e35a44054249e9539f14d8a2e;989c229a01d62f6e7066fc82742002fc;3fbdbfe11920671e62a863c6f0e67f90	137390507;2192718356;2348817430		human feces_10502
DRR171501	PRJDB4176	SAMD00164807	DRS091163	SAMD00164807	DRX162113		PAIRED	WGS	METAGENOMIC	ILLUMINA	Illumina HiSeq 2500	26915311	7722959868	ftp.sra.ebi.ac.uk/vol1/fastq/DRR171/DRR171501/DRR171501.fastq.gz;ftp.sra.ebi.ac.uk/vol1/fastq/DRR171/DRR171501/DRR171501_1.fastq.gz;ftp.sra.ebi.ac.uk/vol1/fastq/DRR171/DRR171501/DRR171501_2.fastq.gz	8c9a8dc4cb619284ebb5e397933aa4f1;73a5f3ceb7ffd8c612149559f00d7829;f9b4bffb80187d3e15008c21dc0aa9ef	79042822;2634024453;2755583173		human feces_10803
DRR171503	PRJDB4176	SAMD00164809	DRS091165	SAMD00164809	DRX162115		PAIRED	WGS	METAGENOMIC	ILLUMINA	Illumina HiSeq 2500	28375210	8043217740	ftp.sra.ebi.ac.uk/vol1/fastq/DRR171/DRR171503/DRR171503.fastq.gz;ftp.sra.ebi.ac.uk/vol1/fastq/DRR171/DRR171503/DRR171503_1.fastq.gz;ftp.sra.ebi.ac.uk/vol1/fastq/DRR171/DRR171503/DRR171503_2.fastq.gz	02bb416be42c2eb4f1235944c476c4ef;01c2293eb425c83768f3f6f8243f4c8e;11e938a446832284d5e1298623a622f4	59961019;2581894077;2742140827		human feces_10808
DRR171514	PRJDB4176	SAMD00164824	DRS091176	SAMD00164824	DRX162126		PAIRED	WGS	METAGENOMIC	ILLUMINA	Illumina HiSeq 2500	16422899	4810619128	ftp.sra.ebi.ac.uk/vol1/fastq/DRR171/DRR171514/DRR171514.fastq.gz;ftp.sra.ebi.ac.uk/vol1/fastq/DRR171/DRR171514/DRR171514_1.fastq.gz;ftp.sra.ebi.ac.uk/vol1/fastq/DRR171/DRR171514/DRR171514_2.fastq.gz	f8d0d6146fce7e46f79cdfbcdb9202a3;cbc31304324f8a2bef84b86217ef8eb8;ea5462e736baf740b4b85a18ff269cb1	22718025;1278539789;1360772943		human feces_10890
DRR171519	PRJDB4176	SAMD00164829	DRS091181	SAMD00164829	DRX162131		PAIRED	WGS	METAGENOMIC	ILLUMINA	Illumina HiSeq 2500	19594560	5724199925	ftp.sra.ebi.ac.uk/vol1/fastq/DRR171/DRR171519/DRR171519.fastq.gz;ftp.sra.ebi.ac.uk/vol1/fastq/DRR171/DRR171519/DRR171519_1.fastq.gz;ftp.sra.ebi.ac.uk/vol1/fastq/DRR171/DRR171519/DRR171519_2.fastq.gz	cb9cde13a8e9d65b6c8e0dd99bb5c090;54f85df7b5b34de1cb76f0ce173605d8;a369318ff9315fac6ae9ac4644d7149e	41294597;1826347245;1979086164		human feces_10931
DRR171521	PRJDB4176	SAMD00164831	DRS091183	SAMD00164831	DRX162133		PAIRED	WGS	METAGENOMIC	ILLUMINA	Illumina HiSeq 2500	11559950	3386461556	ftp.sra.ebi.ac.uk/vol1/fastq/DRR171/DRR171521/DRR171521.fastq.gz;ftp.sra.ebi.ac.uk/vol1/fastq/DRR171/DRR171521/DRR171521_1.fastq.gz;ftp.sra.ebi.ac.uk/vol1/fastq/DRR171/DRR171521/DRR171521_2.fastq.gz	a456540689df8b9ca667e4fa0e0eb70f;0d1255c75c271a75d2e6c538ba5a8f40;d0254bd10f7315a0a0b06afa7462d38f	25008095;898964232;972768656		human feces_10935
DRR171525	PRJDB4176	SAMD00164835	DRS091187	SAMD00164835	DRX162137		PAIRED	WGS	METAGENOMIC	ILLUMINA	Illumina HiSeq 2500	14575470	4227252749	ftp.sra.ebi.ac.uk/vol1/fastq/DRR171/DRR171525/DRR171525.fastq.gz;ftp.sra.ebi.ac.uk/vol1/fastq/DRR171/DRR171525/DRR171525_1.fastq.gz;ftp.sra.ebi.ac.uk/vol1/fastq/DRR171/DRR171525/DRR171525_2.fastq.gz	9932feb9e25206316bba30179b94de2e;91a1203da5dda5f829f3901eb558f71e;a2cc12211647046de599d717b347ca3f	39708657;1200559732;1293607239		human feces_10968
DRR171542	PRJDB4176	SAMD00164852	DRS091204	SAMD00164852	DRX162154		PAIRED	WGS	METAGENOMIC	ILLUMINA	Illumina HiSeq 2500	27931923	7892285572	ftp.sra.ebi.ac.uk/vol1/fastq/DRR171/DRR171542/DRR171542.fastq.gz;ftp.sra.ebi.ac.uk/vol1/fastq/DRR171/DRR171542/DRR171542_1.fastq.gz;ftp.sra.ebi.ac.uk/vol1/fastq/DRR171/DRR171542/DRR171542_2.fastq.gz	9b7baf74a95125b30cd1db4cb34e4b3f;8b1549abfe96394e709614806255086f;4d0a3e9b5f7abde4eeb4b58a0e307770	54542015;2621621302;2672519137		human feces_11048
DRR171545	PRJDB4176	SAMD00164855	DRS091207	SAMD00164855	DRX162157		PAIRED	WGS	METAGENOMIC	ILLUMINA	Illumina HiSeq 2500	11777515	3431353027	ftp.sra.ebi.ac.uk/vol1/fastq/DRR171/DRR171545/DRR171545.fastq.gz;ftp.sra.ebi.ac.uk/vol1/fastq/DRR171/DRR171545/DRR171545_1.fastq.gz;ftp.sra.ebi.ac.uk/vol1/fastq/DRR171/DRR171545/DRR171545_2.fastq.gz	2250c2bc69becd11a27d1f212dbeb9c8;a5463f507d9915315a7e47ee1a4663ea;08a65c0952e350ce588a8ffc961bfbcf	37034633;1019877958;1095586821		human feces_11057
DRR171547	PRJDB4176	SAMD00164857	DRS091209	SAMD00164857	DRX162159		PAIRED	WGS	METAGENOMIC	ILLUMINA	Illumina HiSeq 2500	23692175	6930334679	ftp.sra.ebi.ac.uk/vol1/fastq/DRR171/DRR171547/DRR171547.fastq.gz;ftp.sra.ebi.ac.uk/vol1/fastq/DRR171/DRR171547/DRR171547_1.fastq.gz;ftp.sra.ebi.ac.uk/vol1/fastq/DRR171/DRR171547/DRR171547_2.fastq.gz	6e1d8bec0c1e8349e771f9c96a5e6a12;9043eaf581a6fdcd2a47df0ea74da33c;068ba09f3b576a8dcccadb85abbb5636	120256332;2248146582;2358020297		human feces_11074
DRR171548	PRJDB4176	SAMD00164858	DRS091210	SAMD00164858	DRX162160		PAIRED	WGS	METAGENOMIC	ILLUMINA	Illumina HiSeq 2500	21259660	6196627484	ftp.sra.ebi.ac.uk/vol1/fastq/DRR171/DRR171548/DRR171548.fastq.gz;ftp.sra.ebi.ac.uk/vol1/fastq/DRR171/DRR171548/DRR171548_1.fastq.gz;ftp.sra.ebi.ac.uk/vol1/fastq/DRR171/DRR171548/DRR171548_2.fastq.gz	8b7a5c3a489b1036bd887e78426c5630;42f9cb788e688734e1fd5d2a6f7c7ae6;22c27e0effcec8bb580e74610d870320	95378846;2072662014;2174396310		human feces_11081
DRR171553	PRJDB4176	SAMD00164863	DRS091215	SAMD00164863	DRX162165		PAIRED	WGS	METAGENOMIC	ILLUMINA	Illumina HiSeq 2500	22169408	6492670402	ftp.sra.ebi.ac.uk/vol1/fastq/DRR171/DRR171553/DRR171553.fastq.gz;ftp.sra.ebi.ac.uk/vol1/fastq/DRR171/DRR171553/DRR171553_1.fastq.gz;ftp.sra.ebi.ac.uk/vol1/fastq/DRR171/DRR171553/DRR171553_2.fastq.gz	bd0485896bdeca018d2668c43f1e931f;a5575890dd82042b56e925443110bd34;c14fd7eb85cdcec18d83cc810855994c	82325988;1998122569;2120757714		human feces_11110
DRR171554	PRJDB4176	SAMD00164864	DRS091216	SAMD00164864	DRX162166		PAIRED	WGS	METAGENOMIC	ILLUMINA	Illumina HiSeq 2500	24029778	6996921772	ftp.sra.ebi.ac.uk/vol1/fastq/DRR171/DRR171554/DRR171554.fastq.gz;ftp.sra.ebi.ac.uk/vol1/fastq/DRR171/DRR171554/DRR171554_1.fastq.gz;ftp.sra.ebi.ac.uk/vol1/fastq/DRR171/DRR171554/DRR171554_2.fastq.gz	01824b42404a99ad0d15df6ce47fbc64;77bb65e235dd8438d4421b3d425175c5;11767acfc7f3bced0e308695d1306098	66393948;2248953853;2369807848		human feces_11121
DRR171555	PRJDB4176	SAMD00164865	DRS091217	SAMD00164865	DRX162167		PAIRED	WGS	METAGENOMIC	ILLUMINA	Illumina HiSeq 2500	18974434	5529771435	ftp.sra.ebi.ac.uk/vol1/fastq/DRR171/DRR171555/DRR171555.fastq.gz;ftp.sra.ebi.ac.uk/vol1/fastq/DRR171/DRR171555/DRR171555_1.fastq.gz;ftp.sra.ebi.ac.uk/vol1/fastq/DRR171/DRR171555/DRR171555_2.fastq.gz	d6da13da89d8594de21efc5341aa3756;b938b2d7a7fbab1487ff55e989f966ef;629f9c5d0126e8321eef82e69f1036e9	47164208;1639755062;1745043227		human feces_11124
DRR171569	PRJDB4176	SAMD00164879	DRS091231	SAMD00164879	DRX162181		PAIRED	WGS	METAGENOMIC	ILLUMINA	Illumina HiSeq 2500	17148560	5013378322	ftp.sra.ebi.ac.uk/vol1/fastq/DRR171/DRR171569/DRR171569.fastq.gz;ftp.sra.ebi.ac.uk/vol1/fastq/DRR171/DRR171569/DRR171569_1.fastq.gz;ftp.sra.ebi.ac.uk/vol1/fastq/DRR171/DRR171569/DRR171569_2.fastq.gz	9c9398b413292ee0c5c273dc5ff1e4df;6700379d4773fb3bc334ebfd4b841d1f;88d84a47ba69d603c599571839e73a44	92695341;1467452610;1602649116		human feces_11223
DRR171570	PRJDB4176	SAMD00164880	DRS091232	SAMD00164880	DRX162182		PAIRED	WGS	METAGENOMIC	ILLUMINA	Illumina HiSeq 2500	18615717	5423340933	ftp.sra.ebi.ac.uk/vol1/fastq/DRR171/DRR171570/DRR171570.fastq.gz;ftp.sra.ebi.ac.uk/vol1/fastq/DRR171/DRR171570/DRR171570_1.fastq.gz;ftp.sra.ebi.ac.uk/vol1/fastq/DRR171/DRR171570/DRR171570_2.fastq.gz	f5636897af77f329407402c4270b09d1;d8d5704e9eb57c4d7d5ef8fa92b0a8e5;e78b6e64cb024f126bcf9bebd0e8c189	70864972;1808605723;1895200124		human feces_11224
DRR171575	PRJDB4176	SAMD00164885	DRS091237	SAMD00164885	DRX162187		PAIRED	WGS	METAGENOMIC	ILLUMINA	Illumina HiSeq 2500	24308807	7153990849	ftp.sra.ebi.ac.uk/vol1/fastq/DRR171/DRR171575/DRR171575.fastq.gz;ftp.sra.ebi.ac.uk/vol1/fastq/DRR171/DRR171575/DRR171575_1.fastq.gz;ftp.sra.ebi.ac.uk/vol1/fastq/DRR171/DRR171575/DRR171575_2.fastq.gz	ccebd51471c56f04eaf9dac977bef70e;c3c5a8671469514cc4a1a67ecc235a6e;83d43c88907aa5797614815901a804ff	77387755;2004340749;2141977369		human feces_11241
DRR171576	PRJDB4176	SAMD00164886	DRS091238	SAMD00164886	DRX162188		PAIRED	WGS	METAGENOMIC	ILLUMINA	Illumina HiSeq 2500	434300	116358248	ftp.sra.ebi.ac.uk/vol1/fastq/DRR171/DRR171576/DRR171576.fastq.gz;ftp.sra.ebi.ac.uk/vol1/fastq/DRR171/DRR171576/DRR171576_1.fastq.gz;ftp.sra.ebi.ac.uk/vol1/fastq/DRR171/DRR171576/DRR171576_2.fastq.gz	1f3b80385d5910d0d757c28c45de885a;5db65e4e46658ad7b89a3926b344d39a;d3744add0fa9c9c9b4b6044b0f2e8d27	7394425;36074802;38222447		human feces_11243
DRR171580	PRJDB4176	SAMD00164890	DRS091242	SAMD00164890	DRX162192		PAIRED	WGS	METAGENOMIC	ILLUMINA	Illumina HiSeq 2500	23892444	6990199628	ftp.sra.ebi.ac.uk/vol1/fastq/DRR171/DRR171580/DRR171580.fastq.gz;ftp.sra.ebi.ac.uk/vol1/fastq/DRR171/DRR171580/DRR171580_1.fastq.gz;ftp.sra.ebi.ac.uk/vol1/fastq/DRR171/DRR171580/DRR171580_2.fastq.gz	b53b933df9ca1987dbf2a96b6b9df792;f7e658442d08cc0f9e8da833791c9878;ca9ea22912018264099ca29305dc5742	66581204;1951748991;2090784921		human feces_11294
DRR171584	PRJDB4176	SAMD00164894	DRS091246	SAMD00164894	DRX162196		PAIRED	WGS	METAGENOMIC	ILLUMINA	Illumina HiSeq 2500	22054712	6337624948	ftp.sra.ebi.ac.uk/vol1/fastq/DRR171/DRR171584/DRR171584.fastq.gz;ftp.sra.ebi.ac.uk/vol1/fastq/DRR171/DRR171584/DRR171584_1.fastq.gz;ftp.sra.ebi.ac.uk/vol1/fastq/DRR171/DRR171584/DRR171584_2.fastq.gz	fe81f0f83e08e6e12e874aa72980ab32;315931ee6abecb570d383bf1f3cab4f6;c499f10e6a87c875de2cfc4c3870a4db	61734761;2118538092;2192474889		human feces_11336
DRR171607	PRJDB4176	SAMD00164917	DRS091269	SAMD00164917	DRX162219		PAIRED	WGS	METAGENOMIC	ILLUMINA	Illumina HiSeq 2500	23659123	6925117548	ftp.sra.ebi.ac.uk/vol1/fastq/DRR171/DRR171607/DRR171607.fastq.gz;ftp.sra.ebi.ac.uk/vol1/fastq/DRR171/DRR171607/DRR171607_1.fastq.gz;ftp.sra.ebi.ac.uk/vol1/fastq/DRR171/DRR171607/DRR171607_2.fastq.gz	2967c0b482c56ac147ce3c12223f07f4;f0b0b99c51e035b2467ae186e6232a73;f0b18bff2d5f5ed8f870a869d28093dc	104262333;2147337021;2259592992		human feces_11451
DRR171608	PRJDB4176	SAMD00164918	DRS091270	SAMD00164918	DRX162220		PAIRED	WGS	METAGENOMIC	ILLUMINA	Illumina HiSeq 2500	24085427	7017329798	ftp.sra.ebi.ac.uk/vol1/fastq/DRR171/DRR171608/DRR171608.fastq.gz;ftp.sra.ebi.ac.uk/vol1/fastq/DRR171/DRR171608/DRR171608_1.fastq.gz;ftp.sra.ebi.ac.uk/vol1/fastq/DRR171/DRR171608/DRR171608_2.fastq.gz	d4f3aae13f943382d70e6a37bad47d11;7fa857ef698422dfe9dd8a6b70fb37aa;298f429dafc7eb4bab4e6cbee6936e5c	114193450;2418254324;2557943111		human feces_11452
DRR171609	PRJDB4176	SAMD00164919	DRS091271	SAMD00164919	DRX162221		PAIRED	WGS	METAGENOMIC	ILLUMINA	Illumina HiSeq 2500	22939893	6688985829	ftp.sra.ebi.ac.uk/vol1/fastq/DRR171/DRR171609/DRR171609.fastq.gz;ftp.sra.ebi.ac.uk/vol1/fastq/DRR171/DRR171609/DRR171609_1.fastq.gz;ftp.sra.ebi.ac.uk/vol1/fastq/DRR171/DRR171609/DRR171609_2.fastq.gz	918c8d2bbd5a83cba71a6f966d1d29e4;106c3b3bba607fb00d5d6cbade3c35a4;d0241825e04f1688a8623704a74823ae	92219998;2290014529;2431858056		human feces_11453
DRR171616	PRJDB4176	SAMD00164926	DRS091278	SAMD00164926	DRX162228		PAIRED	WGS	METAGENOMIC	ILLUMINA	Illumina HiSeq 2500	26651879	7727821307	ftp.sra.ebi.ac.uk/vol1/fastq/DRR171/DRR171616/DRR171616.fastq.gz;ftp.sra.ebi.ac.uk/vol1/fastq/DRR171/DRR171616/DRR171616_1.fastq.gz;ftp.sra.ebi.ac.uk/vol1/fastq/DRR171/DRR171616/DRR171616_2.fastq.gz	f3e77ab7e966b16027c0a3b14f43d944;7c4c51087f6ad22550c1dd1a10f40b70;89c1d7b6af8f2f6d8027de2df71438bf	63895199;2605513642;2741589594		human feces_11464
DRR171626	PRJDB4176	SAMD00164936	DRS091288	SAMD00164936	DRX162238		PAIRED	WGS	METAGENOMIC	ILLUMINA	Illumina HiSeq 2500	13163067	3827382278	ftp.sra.ebi.ac.uk/vol1/fastq/DRR171/DRR171626/DRR171626.fastq.gz;ftp.sra.ebi.ac.uk/vol1/fastq/DRR171/DRR171626/DRR171626_1.fastq.gz;ftp.sra.ebi.ac.uk/vol1/fastq/DRR171/DRR171626/DRR171626_2.fastq.gz	5827e8f1c0bd5c79805659d476916a21;7bd4dd0fd4329b1a73747b5240841b4a;2be6744443e89731112dcde161a62577	43048452;1296564160;1382869617		human feces_11489
DRR171644	PRJDB4176	SAMD00164954	DRS091306	SAMD00164954	DRX162256		PAIRED	WGS	METAGENOMIC	ILLUMINA	Illumina HiSeq 2500	23709094	6858350828	ftp.sra.ebi.ac.uk/vol1/fastq/DRR171/DRR171644/DRR171644.fastq.gz;ftp.sra.ebi.ac.uk/vol1/fastq/DRR171/DRR171644/DRR171644_1.fastq.gz;ftp.sra.ebi.ac.uk/vol1/fastq/DRR171/DRR171644/DRR171644_2.fastq.gz	49427df2333b623a0cba2612419bd516;5f3fd4a3d15ec504698d5e2a7978e67a;cc7b9a6ef6df754742c29977a80569ec	76748007;2274598692;2425631290		human feces_11580
DRR171647	PRJDB4176	SAMD00164957	DRS091309	SAMD00164957	DRX162259		PAIRED	WGS	METAGENOMIC	ILLUMINA	Illumina HiSeq 2500	10643740	2997095435	ftp.sra.ebi.ac.uk/vol1/fastq/DRR171/DRR171647/DRR171647.fastq.gz;ftp.sra.ebi.ac.uk/vol1/fastq/DRR171/DRR171647/DRR171647_1.fastq.gz;ftp.sra.ebi.ac.uk/vol1/fastq/DRR171/DRR171647/DRR171647_2.fastq.gz	ed432cdf0a5be0c2874db8868daa8720;dce4491f227b08d5f97949964d5e2bb9;e08e7bbff5e3a4b9ae89ebb4efb95910	16281497;916443665;952411541		human feces_11638
DRR171652	PRJDB4176	SAMD00164962	DRS091314	SAMD00164962	DRX162264		PAIRED	WGS	METAGENOMIC	ILLUMINA	Illumina HiSeq 2500	23362140	6726661950	ftp.sra.ebi.ac.uk/vol1/fastq/DRR171/DRR171652/DRR171652.fastq.gz;ftp.sra.ebi.ac.uk/vol1/fastq/DRR171/DRR171652/DRR171652_1.fastq.gz;ftp.sra.ebi.ac.uk/vol1/fastq/DRR171/DRR171652/DRR171652_2.fastq.gz	ef9b79fc81f990093a0b12cad70b1338;2c565e629d33073076f20f3739d3223c;c0ef3fabfe2bc8eedf401a8887948d1f	85175542;2283604496;2359674205		human feces_11694
DRR171658	PRJDB4176	SAMD00164968	DRS091320	SAMD00164968	DRX162270		PAIRED	WGS	METAGENOMIC	ILLUMINA	Illumina HiSeq 2500	33270057	9535206454	ftp.sra.ebi.ac.uk/vol1/fastq/DRR171/DRR171658/DRR171658.fastq.gz;ftp.sra.ebi.ac.uk/vol1/fastq/DRR171/DRR171658/DRR171658_1.fastq.gz;ftp.sra.ebi.ac.uk/vol1/fastq/DRR171/DRR171658/DRR171658_2.fastq.gz	c3ff569ccd364a17a14208f6c00db28f;dc5603c7f28d6c15484454b0a7470113;45b227623c073e14085222ee04683843	112178103;3273962854;3540651524		human feces_11817
DRR171664	PRJDB4176	SAMD00164974	DRS091326	SAMD00164974	DRX162276		PAIRED	WGS	METAGENOMIC	ILLUMINA	Illumina HiSeq 2500	31557623	9136119665	ftp.sra.ebi.ac.uk/vol1/fastq/DRR171/DRR171664/DRR171664.fastq.gz;ftp.sra.ebi.ac.uk/vol1/fastq/DRR171/DRR171664/DRR171664_1.fastq.gz;ftp.sra.ebi.ac.uk/vol1/fastq/DRR171/DRR171664/DRR171664_2.fastq.gz	bac9e0ff214d5e89b8895eac55530cea;4be5cf0000b218e1015a39d13f629dd8;6c9184092a57a87ce65db87e0a5603ac	99590436;3237016613;3450921043		human feces_11823
DRR171670	PRJDB4176	SAMD00164980	DRS091332	SAMD00164980	DRX162282		PAIRED	WGS	METAGENOMIC	ILLUMINA	Illumina HiSeq 2500	27346063	7951130283	ftp.sra.ebi.ac.uk/vol1/fastq/DRR171/DRR171670/DRR171670.fastq.gz;ftp.sra.ebi.ac.uk/vol1/fastq/DRR171/DRR171670/DRR171670_1.fastq.gz;ftp.sra.ebi.ac.uk/vol1/fastq/DRR171/DRR171670/DRR171670_2.fastq.gz	b59942f89db031151b1a2fead4c6678f;3b4a2747fe0ba88c0b37027fdbdc10c7;5f9c4e7a935ef9d1e8dd370985552cb2	153790997;2824715477;2977317187		human feces_11838
DRR171673	PRJDB4176	SAMD00164983	DRS091335	SAMD00164983	DRX162285		PAIRED	WGS	METAGENOMIC	ILLUMINA	Illumina HiSeq 2500	26729947	7805519153	ftp.sra.ebi.ac.uk/vol1/fastq/DRR171/DRR171673/DRR171673.fastq.gz;ftp.sra.ebi.ac.uk/vol1/fastq/DRR171/DRR171673/DRR171673_1.fastq.gz;ftp.sra.ebi.ac.uk/vol1/fastq/DRR171/DRR171673/DRR171673_2.fastq.gz	5e614733633b1837928612f5e46743f4;1fdaf73403886cc806c2b8ea30850b7f;22f5bd9a8895538dedcc093966ac0aba	130705518;2457519088;2559990184		human feces_11873
DRR171684	PRJDB4176	SAMD00164994	DRS091346	SAMD00164994	DRX162296		PAIRED	WGS	METAGENOMIC	ILLUMINA	Illumina HiSeq 2500	17175339	5017893316	ftp.sra.ebi.ac.uk/vol1/fastq/DRR171/DRR171684/DRR171684.fastq.gz;ftp.sra.ebi.ac.uk/vol1/fastq/DRR171/DRR171684/DRR171684_1.fastq.gz;ftp.sra.ebi.ac.uk/vol1/fastq/DRR171/DRR171684/DRR171684_2.fastq.gz	e481690b7f37d35015405cc2fd251346;4ccac250d370b34ea691def6c5aa1a2f;4d5bcffe5f851c789503a0c07fb18242	68731132;1619801265;1716085790		human feces_11921
DRR171688	PRJDB4176	SAMD00164998	DRS091350	SAMD00164998	DRX162300		PAIRED	WGS	METAGENOMIC	ILLUMINA	Illumina HiSeq 2500	17392270	5102846886	ftp.sra.ebi.ac.uk/vol1/fastq/DRR171/DRR171688/DRR171688.fastq.gz;ftp.sra.ebi.ac.uk/vol1/fastq/DRR171/DRR171688/DRR171688_1.fastq.gz;ftp.sra.ebi.ac.uk/vol1/fastq/DRR171/DRR171688/DRR171688_2.fastq.gz	1d90deecca8c98da54dca58ec0723cf8;91fffa788a971f203232f27bd96047ff;145c46da451fe7d29f72d8797ba887ef	50361257;1573748808;1647976447		human feces_11940
DRR171694	PRJDB4176	SAMD00165004	DRS091356	SAMD00165004	DRX162306		PAIRED	WGS	METAGENOMIC	ILLUMINA	Illumina HiSeq 2500	27402926	7928532208	ftp.sra.ebi.ac.uk/vol1/fastq/DRR171/DRR171694/DRR171694.fastq.gz;ftp.sra.ebi.ac.uk/vol1/fastq/DRR171/DRR171694/DRR171694_1.fastq.gz;ftp.sra.ebi.ac.uk/vol1/fastq/DRR171/DRR171694/DRR171694_2.fastq.gz	997b070b37dce2a1e5a7830b3043ba12;01acb636ca7c9138fdc06f5095a41453;72f4944f1753c680ea9274f8ff584724	201614032;2457036077;2689890649		human feces_11965
DRR171695	PRJDB4176	SAMD00165005	DRS091357	SAMD00165005	DRX162307		PAIRED	WGS	METAGENOMIC	ILLUMINA	Illumina HiSeq 2500	22055608	6470326546	ftp.sra.ebi.ac.uk/vol1/fastq/DRR171/DRR171695/DRR171695.fastq.gz;ftp.sra.ebi.ac.uk/vol1/fastq/DRR171/DRR171695/DRR171695_1.fastq.gz;ftp.sra.ebi.ac.uk/vol1/fastq/DRR171/DRR171695/DRR171695_2.fastq.gz	7f79c82e007348b1e7512ab1cd905046;4e610c14f5ae9505daa911a75472d801;5435484482d62766390d596527928d85	79033218;2108438732;2203678414		human feces_11973
DRR171702	PRJDB4176	SAMD00165012	DRS091364	SAMD00165012	DRX162314		PAIRED	WGS	METAGENOMIC	ILLUMINA	Illumina HiSeq 2500	37095316	10764160071	ftp.sra.ebi.ac.uk/vol1/fastq/DRR171/DRR171702/DRR171702.fastq.gz;ftp.sra.ebi.ac.uk/vol1/fastq/DRR171/DRR171702/DRR171702_1.fastq.gz;ftp.sra.ebi.ac.uk/vol1/fastq/DRR171/DRR171702/DRR171702_2.fastq.gz	c43b6f4f1ce78812a53468ea2839e937;4224f1e0b1653b1e764030653f34fbf9;cd37ca4562dd55c0122349073ac6e9b8	178719388;3687395879;3970470392		human feces_12005
DRR171703	PRJDB4176	SAMD00165013	DRS091365	SAMD00165013	DRX162315		PAIRED	WGS	METAGENOMIC	ILLUMINA	Illumina HiSeq 2500	21115134	6186953218	ftp.sra.ebi.ac.uk/vol1/fastq/DRR171/DRR171703/DRR171703.fastq.gz;ftp.sra.ebi.ac.uk/vol1/fastq/DRR171/DRR171703/DRR171703_1.fastq.gz;ftp.sra.ebi.ac.uk/vol1/fastq/DRR171/DRR171703/DRR171703_2.fastq.gz	3f7064137b264590b2c2fcc50d2cd0ce;1d47e04702084b2211e2ca8e6bb92175;22189a43ba9fe29928f9432bdf7e121b	49456559;2026972868;2140472231		human feces_12011
DRR171707	PRJDB4176	SAMD00165017	DRS091369	SAMD00165017	DRX162319		PAIRED	WGS	METAGENOMIC	ILLUMINA	Illumina HiSeq 2500	22693156	6618044723	ftp.sra.ebi.ac.uk/vol1/fastq/DRR171/DRR171707/DRR171707.fastq.gz;ftp.sra.ebi.ac.uk/vol1/fastq/DRR171/DRR171707/DRR171707_1.fastq.gz;ftp.sra.ebi.ac.uk/vol1/fastq/DRR171/DRR171707/DRR171707_2.fastq.gz	1a3fece81588c46a7c37ee5819fcd3f6;f29edf6fb04e08ba36138e016f1fe04c;943dc822574e47c532b3548baf9a3c3e	83044687;2153995211;2359100731		human feces_12022
DRR171708	PRJDB4176	SAMD00165018	DRS091370	SAMD00165018	DRX162320		PAIRED	WGS	METAGENOMIC	ILLUMINA	Illumina HiSeq 2500	18298125	5310750262	ftp.sra.ebi.ac.uk/vol1/fastq/DRR171/DRR171708/DRR171708.fastq.gz;ftp.sra.ebi.ac.uk/vol1/fastq/DRR171/DRR171708/DRR171708_1.fastq.gz;ftp.sra.ebi.ac.uk/vol1/fastq/DRR171/DRR171708/DRR171708_2.fastq.gz	eb378118d8d6dbd6d49ae8904d87da55;33f7b6fe472bbc16e863ed796ed4b0d5;5a961cad126620d51a937e5badb140fd	55663452;1715323494;1871365484		human feces_12024
DRR171711	PRJDB4176	SAMD00165021	DRS091373	SAMD00165021	DRX162323		PAIRED	WGS	METAGENOMIC	ILLUMINA	Illumina HiSeq 2500	21441066	6133239342	ftp.sra.ebi.ac.uk/vol1/fastq/DRR171/DRR171711/DRR171711.fastq.gz;ftp.sra.ebi.ac.uk/vol1/fastq/DRR171/DRR171711/DRR171711_1.fastq.gz;ftp.sra.ebi.ac.uk/vol1/fastq/DRR171/DRR171711/DRR171711_2.fastq.gz	e1420c84d08c804c9d4631f702d80428;a38a8d9b2a3a5fb19e1f56ba1728edbc;d8e9a8eb6ed1053ba6d77245db89ecb0	58773085;2060738349;2127815579		human feces_12082
DRR171716	PRJDB4176	SAMD00165026	DRS091378	SAMD00165026	DRX162328		PAIRED	WGS	METAGENOMIC	ILLUMINA	Illumina HiSeq 2500	23619984	6779303544	ftp.sra.ebi.ac.uk/vol1/fastq/DRR171/DRR171716/DRR171716.fastq.gz;ftp.sra.ebi.ac.uk/vol1/fastq/DRR171/DRR171716/DRR171716_1.fastq.gz;ftp.sra.ebi.ac.uk/vol1/fastq/DRR171/DRR171716/DRR171716_2.fastq.gz	01c9fe6ad27f637975351738d381c1db;88e1bf91b1107b0ec3490500407bac0d;cf046ee0ebb5df7b9a19ca010fc5e9a7	95096333;2328298916;2460067665		human feces_12204
DRR171727	PRJDB4176	SAMD00114721	DRS090826	SAMD00114721	DRX162339		PAIRED	WGS	METAGENOMIC	ILLUMINA	Illumina HiSeq 2500	33457852	9360664779	ftp.sra.ebi.ac.uk/vol1/fastq/DRR171/DRR171727/DRR171727.fastq.gz;ftp.sra.ebi.ac.uk/vol1/fastq/DRR171/DRR171727/DRR171727_1.fastq.gz;ftp.sra.ebi.ac.uk/vol1/fastq/DRR171/DRR171727/DRR171727_2.fastq.gz	37271847c3f4b762218b6ce588070c2b;3fac6bbf9a3dc6da385a23d28cc29f64;388d2c5bc56bbbbf2f93e1af3e661457	243734000;3352554743;3605635862		human feces_10231
DRR171728	PRJDB4176	SAMD00114723	DRS090827	SAMD00114723	DRX162340		PAIRED	WGS	METAGENOMIC	ILLUMINA	Illumina HiSeq 2500	27436802	7642920122	ftp.sra.ebi.ac.uk/vol1/fastq/DRR171/DRR171728/DRR171728.fastq.gz;ftp.sra.ebi.ac.uk/vol1/fastq/DRR171/DRR171728/DRR171728_1.fastq.gz;ftp.sra.ebi.ac.uk/vol1/fastq/DRR171/DRR171728/DRR171728_2.fastq.gz	aacd328200e0fa8e8266f7385b2c332c;dc0f4ba642f214f99f34a0065b37bb22;3f736360dad588b0d8d7cf38ea2cde7e	146571173;2725949617;2885278647		human feces_10236
DRR171750	PRJDB4176	SAMD00114750	DRS090849	SAMD00114750	DRX162362		PAIRED	WGS	METAGENOMIC	ILLUMINA	Illumina HiSeq 2500	41043264	11179404000	ftp.sra.ebi.ac.uk/vol1/fastq/DRR171/DRR171750/DRR171750.fastq.gz;ftp.sra.ebi.ac.uk/vol1/fastq/DRR171/DRR171750/DRR171750_1.fastq.gz;ftp.sra.ebi.ac.uk/vol1/fastq/DRR171/DRR171750/DRR171750_2.fastq.gz	5d07f2600a1471d7c282a8693cf11f04;119247227f61b3bb584bd22a44331982;222754dc32ef8bd5fd4491792074db80	170495374;3750575043;3915675522		human feces_10284
DRR171752	PRJDB4176	SAMD00114752	DRS090851	SAMD00114752	DRX162364		PAIRED	WGS	METAGENOMIC	ILLUMINA	Illumina HiSeq 2500	14497478	4150442371	ftp.sra.ebi.ac.uk/vol1/fastq/DRR171/DRR171752/DRR171752.fastq.gz;ftp.sra.ebi.ac.uk/vol1/fastq/DRR171/DRR171752/DRR171752_1.fastq.gz;ftp.sra.ebi.ac.uk/vol1/fastq/DRR171/DRR171752/DRR171752_2.fastq.gz	a7dfd802d8c2d00bb357c198bd71d874;ce46200615c2fb6174bc1a9fe34b1428;962b3a2f4eea458ba6510377be0ea933	75701732;1367052491;1459503451		human feces_10299
DRR171753	PRJDB4176	SAMD00114754	DRS090852	SAMD00114754	DRX162365		PAIRED	WGS	METAGENOMIC	ILLUMINA	Illumina HiSeq 2500	13025310	3605305661	ftp.sra.ebi.ac.uk/vol1/fastq/DRR171/DRR171753/DRR171753.fastq.gz;ftp.sra.ebi.ac.uk/vol1/fastq/DRR171/DRR171753/DRR171753_1.fastq.gz;ftp.sra.ebi.ac.uk/vol1/fastq/DRR171/DRR171753/DRR171753_2.fastq.gz	4dae7753fb585ed309179b123793f511;29b671843612fa1fc32cb6edcb37d394;5c3cd85e81e3a99a677e24a259f0f4d9	38960603;1211199744;1247840326		human feces_10267
DRR171757	PRJDB4176	SAMD00114759	DRS090856	SAMD00114759	DRX162369		PAIRED	WGS	METAGENOMIC	ILLUMINA	Illumina HiSeq 2500	27982203	7709103331	ftp.sra.ebi.ac.uk/vol1/fastq/DRR171/DRR171757/DRR171757.fastq.gz;ftp.sra.ebi.ac.uk/vol1/fastq/DRR171/DRR171757/DRR171757_1.fastq.gz;ftp.sra.ebi.ac.uk/vol1/fastq/DRR171/DRR171757/DRR171757_2.fastq.gz	a466a98f8350163a80a6a977e212dfa1;29fae3a25d1e201d0fc2be4277436ea1;799f99c431caad1b2ac852b97e203384	120582944;2627714878;2763184508		human feces_10165
DRR171759	PRJDB4176	SAMD00114764	DRS090858	SAMD00114764	DRX162371		PAIRED	WGS	METAGENOMIC	ILLUMINA	Illumina HiSeq 2500	17673574	4855173683	ftp.sra.ebi.ac.uk/vol1/fastq/DRR171/DRR171759/DRR171759.fastq.gz;ftp.sra.ebi.ac.uk/vol1/fastq/DRR171/DRR171759/DRR171759_1.fastq.gz;ftp.sra.ebi.ac.uk/vol1/fastq/DRR171/DRR171759/DRR171759_2.fastq.gz	cda4821a709b20b94dc680c0c8051437;db251df0e5c25d6da180042eea4bacda;30c1fdb0452614af318a3258057e1f8c	66056903;1653735808;1723947790		human feces_10185
DRR171761	PRJDB4176	SAMD00114768	DRS090860	SAMD00114768	DRX162373		PAIRED	WGS	METAGENOMIC	ILLUMINA	Illumina HiSeq 2500	33749915	9494792716	ftp.sra.ebi.ac.uk/vol1/fastq/DRR171/DRR171761/DRR171761.fastq.gz;ftp.sra.ebi.ac.uk/vol1/fastq/DRR171/DRR171761/DRR171761_1.fastq.gz;ftp.sra.ebi.ac.uk/vol1/fastq/DRR171/DRR171761/DRR171761_2.fastq.gz	5155caa7a601923fcae542b431e005f4;61888279e06647c1f9710f3f1f5c71cc;480cec4c7a3ce3240777b5e0a74df4d5	162588589;3104120631;3288781587		human feces_10203
DRR171763	PRJDB4176	SAMD00114771	DRS090862	SAMD00114771	DRX162375		PAIRED	WGS	METAGENOMIC	ILLUMINA	Illumina HiSeq 2500	18098949	5134058482	ftp.sra.ebi.ac.uk/vol1/fastq/DRR171/DRR171763/DRR171763.fastq.gz;ftp.sra.ebi.ac.uk/vol1/fastq/DRR171/DRR171763/DRR171763_1.fastq.gz;ftp.sra.ebi.ac.uk/vol1/fastq/DRR171/DRR171763/DRR171763_2.fastq.gz	215c39e3c24d5d740adbb06509a56c1d;2e38e26946c86c9313d8b7cbdf21e031;b04333fe31208fc42b5e98dc01b8991b	100664677;1670159424;1780581313		human feces_10208
DRR171766	PRJDB4176	SAMD00114774	DRS090865	SAMD00114774	DRX162378		PAIRED	WGS	METAGENOMIC	ILLUMINA	Illumina HiSeq 2500	23579938	6285798483	ftp.sra.ebi.ac.uk/vol1/fastq/DRR171/DRR171766/DRR171766.fastq.gz;ftp.sra.ebi.ac.uk/vol1/fastq/DRR171/DRR171766/DRR171766_1.fastq.gz;ftp.sra.ebi.ac.uk/vol1/fastq/DRR171/DRR171766/DRR171766_2.fastq.gz	a42d6be8ddc2b78293966d672f008d59;13ce182b3cb4f99de01dd529feead4a2;307ec44c91e0ca1b3eaa85a7a5dc46f8	130252091;2208765433;2272358865		human feces_10306
DRR171774	PRJDB4176	SAMD00114786	DRS090873	SAMD00114786	DRX162386		PAIRED	WGS	METAGENOMIC	ILLUMINA	Illumina HiSeq 2500	24947292	6955507665	ftp.sra.ebi.ac.uk/vol1/fastq/DRR171/DRR171774/DRR171774.fastq.gz;ftp.sra.ebi.ac.uk/vol1/fastq/DRR171/DRR171774/DRR171774_1.fastq.gz;ftp.sra.ebi.ac.uk/vol1/fastq/DRR171/DRR171774/DRR171774_2.fastq.gz	0abf0b198ad0d28f2f67b206f4c220ce;5b2aea6c72d68431854d520498b35597;41d1b82e111827c11d90a4ce61dc4ac1	104114487;2408726321;2531303296		human feces_10358
DRR171781	PRJDB4176	SAMD00114794	DRS090880	SAMD00114794	DRX162393		PAIRED	WGS	METAGENOMIC	ILLUMINA	Illumina HiSeq 2500	27897469	7466428685	ftp.sra.ebi.ac.uk/vol1/fastq/DRR171/DRR171781/DRR171781.fastq.gz;ftp.sra.ebi.ac.uk/vol1/fastq/DRR171/DRR171781/DRR171781_1.fastq.gz;ftp.sra.ebi.ac.uk/vol1/fastq/DRR171/DRR171781/DRR171781_2.fastq.gz	db509ef74bf40497b319256e71901d0a;0634b66796d5de4b32cb0d8dc168ba7c;92b673aaeedbe77c85b2aacbf38e70ef	126043073;2669728396;2769214741		human feces_10249
DRR171790	PRJDB4176	SAMD00114806	DRS090889	SAMD00114806	DRX162402		PAIRED	WGS	METAGENOMIC	ILLUMINA	Illumina HiSeq 2500	23939413	6836957238	ftp.sra.ebi.ac.uk/vol1/fastq/DRR171/DRR171790/DRR171790.fastq.gz;ftp.sra.ebi.ac.uk/vol1/fastq/DRR171/DRR171790/DRR171790_1.fastq.gz;ftp.sra.ebi.ac.uk/vol1/fastq/DRR171/DRR171790/DRR171790_2.fastq.gz	092bf2fbd8ff83cfd1213b0a7b53d553;aac7f5c6ec4edfc18a74e4ee31febed0;2a3f17c8cd12ba05045d8bca32558e6d	169921655;2668511605;2803584309		human feces_10462
DRR171796	PRJDB4176	SAMD00114812	DRS090895	SAMD00114812	DRX162408		PAIRED	WGS	METAGENOMIC	ILLUMINA	Illumina HiSeq 2500	22194004	6274294364	ftp.sra.ebi.ac.uk/vol1/fastq/DRR171/DRR171796/DRR171796.fastq.gz;ftp.sra.ebi.ac.uk/vol1/fastq/DRR171/DRR171796/DRR171796_1.fastq.gz;ftp.sra.ebi.ac.uk/vol1/fastq/DRR171/DRR171796/DRR171796_2.fastq.gz	5bca111430b69bf3761ea03654b8c4a2;ce1868abf4cbfa1eddecef03cd9e6200;bc845740fda741928d9a0d86b5bc665c	151082748;2426744053;2557014923		human feces_10473
DRR171797	PRJDB4176	SAMD00114814	DRS090896	SAMD00114814	DRX162409		PAIRED	WGS	METAGENOMIC	ILLUMINA	Illumina HiSeq 2500	22870250	6507128876	ftp.sra.ebi.ac.uk/vol1/fastq/DRR171/DRR171797/DRR171797.fastq.gz;ftp.sra.ebi.ac.uk/vol1/fastq/DRR171/DRR171797/DRR171797_1.fastq.gz;ftp.sra.ebi.ac.uk/vol1/fastq/DRR171/DRR171797/DRR171797_2.fastq.gz	d60f68380a34cd3ed7178febcaf9e186;8e21dea53897e58e10181942145d5fcf;b1484b6ee6ab3975e444136239f8be00	162511041;2547393845;2650177344		human feces_10480
DRR171800	PRJDB4176	SAMD00114817	DRS090899	SAMD00114817	DRX162412		PAIRED	WGS	METAGENOMIC	ILLUMINA	Illumina HiSeq 2500	18041122	5117561349	ftp.sra.ebi.ac.uk/vol1/fastq/DRR171/DRR171800/DRR171800.fastq.gz;ftp.sra.ebi.ac.uk/vol1/fastq/DRR171/DRR171800/DRR171800_1.fastq.gz;ftp.sra.ebi.ac.uk/vol1/fastq/DRR171/DRR171800/DRR171800_2.fastq.gz	098861ee03f5b0213a776aa6fbad9118;53d2b9186d630b631b70d3281d0ddd17;0a1c3bc48cafb4f81a4572abb7f02b99	144539186;1818172083;1916085929		human feces_10514
DRR171805	PRJDB4176	SAMD00114822	DRS090904	SAMD00114822	DRX162417		PAIRED	WGS	METAGENOMIC	ILLUMINA	Illumina HiSeq 2500	23932512	6825656323	ftp.sra.ebi.ac.uk/vol1/fastq/DRR171/DRR171805/DRR171805.fastq.gz;ftp.sra.ebi.ac.uk/vol1/fastq/DRR171/DRR171805/DRR171805_1.fastq.gz;ftp.sra.ebi.ac.uk/vol1/fastq/DRR171/DRR171805/DRR171805_2.fastq.gz	ce7e0156c306bef76f222b0f7a08e010;898ad6ae3b25267e5ed859ba84bac752;65afbe2dd52d9e0bf77e836939422684	156724304;2677241818;2797763949		human feces_10492
DRR171806	PRJDB4176	SAMD00114823	DRS090905	SAMD00114823	DRX162418		PAIRED	WGS	METAGENOMIC	ILLUMINA	Illumina HiSeq 2500	16198001	4580658698	ftp.sra.ebi.ac.uk/vol1/fastq/DRR171/DRR171806/DRR171806.fastq.gz;ftp.sra.ebi.ac.uk/vol1/fastq/DRR171/DRR171806/DRR171806_1.fastq.gz;ftp.sra.ebi.ac.uk/vol1/fastq/DRR171/DRR171806/DRR171806_2.fastq.gz	56dfc00bd54ce44b195e24199c619ea7;12317e88a3d8345e0842413dae27ddf4;72178c65218364c6ce5cc19714d296a0	129704760;1788658410;1876805990		human feces_10503
DRR171825	PRJDB4176	SAMD00114850	DRS090924	SAMD00114850	DRX162437		PAIRED	WGS	METAGENOMIC	ILLUMINA	Illumina HiSeq 2500	18707464	5347949619	ftp.sra.ebi.ac.uk/vol1/fastq/DRR171/DRR171825/DRR171825.fastq.gz;ftp.sra.ebi.ac.uk/vol1/fastq/DRR171/DRR171825/DRR171825_1.fastq.gz;ftp.sra.ebi.ac.uk/vol1/fastq/DRR171/DRR171825/DRR171825_2.fastq.gz	1fc6d209efcf306f39c12fbde7b3dbe7;68a24d2d6933f32b41658ca2856cb52a;0d9e5c52cf0ad4b2b06a3801829b6505	111972839;1882769587;2002605490		human feces_10559
DRR171828	PRJDB4176	SAMD00114853	DRS090927	SAMD00114853	DRX162440		PAIRED	WGS	METAGENOMIC	ILLUMINA	Illumina HiSeq 2500	22384470	6396305962	ftp.sra.ebi.ac.uk/vol1/fastq/DRR171/DRR171828/DRR171828.fastq.gz;ftp.sra.ebi.ac.uk/vol1/fastq/DRR171/DRR171828/DRR171828_1.fastq.gz;ftp.sra.ebi.ac.uk/vol1/fastq/DRR171/DRR171828/DRR171828_2.fastq.gz	5ab19c5962641a2a281e4fdac7b69416;c285c47d21b7fa474e6a6fd4fef2b090;989bf53174d58fbc2a4612c5372ccae5	133020880;2547507462;2585941547		human feces_10581
DRR171831	PRJDB4176	SAMD00114856	DRS090930	SAMD00114856	DRX162443		PAIRED	WGS	METAGENOMIC	ILLUMINA	Illumina HiSeq 2500	21544434	6165042266	ftp.sra.ebi.ac.uk/vol1/fastq/DRR171/DRR171831/DRR171831.fastq.gz;ftp.sra.ebi.ac.uk/vol1/fastq/DRR171/DRR171831/DRR171831_1.fastq.gz;ftp.sra.ebi.ac.uk/vol1/fastq/DRR171/DRR171831/DRR171831_2.fastq.gz	6ea8ca27d99194abbc04ff12f8100889;49ba88c3c60da90e4084ebeed3c0144d;5c29162b10ec727a750bc14a1c1e6a85	121409261;2443596759;2488792132		human feces_10609
DRR171839	PRJDB4176	SAMD00114868	DRS090938	SAMD00114868	DRX162451		PAIRED	WGS	METAGENOMIC	ILLUMINA	Illumina HiSeq 2500	15608075	4473226333	ftp.sra.ebi.ac.uk/vol1/fastq/DRR171/DRR171839/DRR171839.fastq.gz;ftp.sra.ebi.ac.uk/vol1/fastq/DRR171/DRR171839/DRR171839_1.fastq.gz;ftp.sra.ebi.ac.uk/vol1/fastq/DRR171/DRR171839/DRR171839_2.fastq.gz	b46eb132b488f713be8ffd69e131d332;277115176b4bf1694d5317fd32dc19fd;e2fb6ee321b5dc784e44d81c229d8fcd	102708057;1575174523;1675162819		human feces_10584
DRR171840	PRJDB4176	SAMD00114869	DRS090939	SAMD00114869	DRX162452		PAIRED	WGS	METAGENOMIC	ILLUMINA	Illumina HiSeq 2500	19481292	5589755323	ftp.sra.ebi.ac.uk/vol1/fastq/DRR171/DRR171840/DRR171840.fastq.gz;ftp.sra.ebi.ac.uk/vol1/fastq/DRR171/DRR171840/DRR171840_1.fastq.gz;ftp.sra.ebi.ac.uk/vol1/fastq/DRR171/DRR171840/DRR171840_2.fastq.gz	010b929474bd5e8e06faf46898dcd295;5db0474600a34ace8c5a55847b2c7f80;96195d0bd80e80f55599921a9a56fa66	115527206;1988400964;2095690274		human feces_10585
DRR171842	PRJDB4176	SAMD00114872	DRS090941	SAMD00114872	DRX162454		PAIRED	WGS	METAGENOMIC	ILLUMINA	Illumina HiSeq 2500	21680326	6145947893	ftp.sra.ebi.ac.uk/vol1/fastq/DRR171/DRR171842/DRR171842.fastq.gz;ftp.sra.ebi.ac.uk/vol1/fastq/DRR171/DRR171842/DRR171842_1.fastq.gz;ftp.sra.ebi.ac.uk/vol1/fastq/DRR171/DRR171842/DRR171842_2.fastq.gz	38a9f6d9e9d8518f64c5a3e9d9ddc545;95e9184825162cde53f38cda5e23bb00;4b82c002f8a38eb9852744a901273106	199688448;2088974684;2236481417		human feces_10622
DRR171846	PRJDB4176	SAMD00114877	DRS090945	SAMD00114877	DRX162458		PAIRED	WGS	METAGENOMIC	ILLUMINA	Illumina HiSeq 2500	18543623	5269292991	ftp.sra.ebi.ac.uk/vol1/fastq/DRR171/DRR171846/DRR171846.fastq.gz;ftp.sra.ebi.ac.uk/vol1/fastq/DRR171/DRR171846/DRR171846_1.fastq.gz;ftp.sra.ebi.ac.uk/vol1/fastq/DRR171/DRR171846/DRR171846_2.fastq.gz	79a089e6a59cdf37ed514cc1bae71fd1;cdaaeb8808536b29b8ee90dbf88f765f;1f50d5e38434799ff7e3f4e27766ff70	157243091;1791934285;1904846900		human feces_10671
DRR171858	PRJDB4176	SAMD00114891	DRS090957	SAMD00114891	DRX162470		PAIRED	WGS	METAGENOMIC	ILLUMINA	Illumina HiSeq 2500	21547926	5973932190	ftp.sra.ebi.ac.uk/vol1/fastq/DRR171/DRR171858/DRR171858.fastq.gz;ftp.sra.ebi.ac.uk/vol1/fastq/DRR171/DRR171858/DRR171858_1.fastq.gz;ftp.sra.ebi.ac.uk/vol1/fastq/DRR171/DRR171858/DRR171858_2.fastq.gz	5ca9f338c0d876065bd9f3137a76a195;4ecee4a31da48653cc046fe9feaf5087;2fdf98a799286f770543e69731a0b891	312765490;2013888282;2194572246		human feces_10635
DRR171871	PRJDB4176	SAMD00114907	DRS090970	SAMD00114907	DRX162483		PAIRED	WGS	METAGENOMIC	ILLUMINA	Illumina HiSeq 2500	32320846	8964476803	ftp.sra.ebi.ac.uk/vol1/fastq/DRR171/DRR171871/DRR171871.fastq.gz;ftp.sra.ebi.ac.uk/vol1/fastq/DRR171/DRR171871/DRR171871_1.fastq.gz;ftp.sra.ebi.ac.uk/vol1/fastq/DRR171/DRR171871/DRR171871_2.fastq.gz	efbdc69322f008dcb6724460907d1c97;82b40ef82114fec2e5a5246141bb2c7c;ee620f0f9dc4f2e6039bb128fe316896	388975192;3444044961;3587478651		human feces_10839
DRR171872	PRJDB4176	SAMD00114908	DRS090971	SAMD00114908	DRX162484		PAIRED	WGS	METAGENOMIC	ILLUMINA	Illumina HiSeq 2500	19552573	5504279951	ftp.sra.ebi.ac.uk/vol1/fastq/DRR171/DRR171872/DRR171872.fastq.gz;ftp.sra.ebi.ac.uk/vol1/fastq/DRR171/DRR171872/DRR171872_1.fastq.gz;ftp.sra.ebi.ac.uk/vol1/fastq/DRR171/DRR171872/DRR171872_2.fastq.gz	8b3452e60f02ffe35420a4a87ef637c2;6f92bab6d258bba10974a8e22554a7de;aabc3eafe28bc56d471c033f23414191	196621976;1894817887;2016732929		human feces_10698
DRR171881	PRJDB4176	SAMD00114921	DRS090980	SAMD00114921	DRX162493		PAIRED	WGS	METAGENOMIC	ILLUMINA	Illumina HiSeq 2500	27657706	7784302296	ftp.sra.ebi.ac.uk/vol1/fastq/DRR171/DRR171881/DRR171881.fastq.gz;ftp.sra.ebi.ac.uk/vol1/fastq/DRR171/DRR171881/DRR171881_1.fastq.gz;ftp.sra.ebi.ac.uk/vol1/fastq/DRR171/DRR171881/DRR171881_2.fastq.gz	0a2e139d098c8f1f77ace106eee81b5b;ee16d534d87dee390fa4c0c8277b0bc3;22ac7b4536979578dc44b01c9d5dcb4a	288811988;2972351464;3155156226		human feces_10720
DRR171882	PRJDB4176	SAMD00114922	DRS090981	SAMD00114922	DRX162494		PAIRED	WGS	METAGENOMIC	ILLUMINA	Illumina HiSeq 2500	19589670	5516901132	ftp.sra.ebi.ac.uk/vol1/fastq/DRR171/DRR171882/DRR171882.fastq.gz;ftp.sra.ebi.ac.uk/vol1/fastq/DRR171/DRR171882/DRR171882_1.fastq.gz;ftp.sra.ebi.ac.uk/vol1/fastq/DRR171/DRR171882/DRR171882_2.fastq.gz	ec19ec3bed2858bdf4f55bbe0ccd65d9;b3fdffb4db6e3eb8f94d870de2f36720;7205a3844835e1cdd3976dd1cda91fd4	198220599;2097073787;2231784829		human feces_10722
DRR171883	PRJDB4176	SAMD00114923	DRS090982	SAMD00114923	DRX162495		PAIRED	WGS	METAGENOMIC	ILLUMINA	Illumina HiSeq 2500	24453127	6847200250	ftp.sra.ebi.ac.uk/vol1/fastq/DRR171/DRR171883/DRR171883.fastq.gz;ftp.sra.ebi.ac.uk/vol1/fastq/DRR171/DRR171883/DRR171883_1.fastq.gz;ftp.sra.ebi.ac.uk/vol1/fastq/DRR171/DRR171883/DRR171883_2.fastq.gz	b299ed166fd9d515d4c2a5bb96c09381;237f8fa39a9c318545ffd88eade0d81b;f6e6026c17e7e185c95680bcf27cc3a1	215961317;2638208513;2760569167		human feces_10728
DRR171886	PRJDB4176	SAMD00114926	DRS090985	SAMD00114926	DRX162498		PAIRED	WGS	METAGENOMIC	ILLUMINA	Illumina HiSeq 2500	24935651	6988839515	ftp.sra.ebi.ac.uk/vol1/fastq/DRR171/DRR171886/DRR171886.fastq.gz;ftp.sra.ebi.ac.uk/vol1/fastq/DRR171/DRR171886/DRR171886_1.fastq.gz;ftp.sra.ebi.ac.uk/vol1/fastq/DRR171/DRR171886/DRR171886_2.fastq.gz	928a32455b8aeed5eb0ce58213c25c51;3640f7fbc0f8fdcdbdbf894a3ace0f7f;8b4e9bed42fdaa445eb6595b7201e49b	290826232;2403409942;2558945935		human feces_10618
DRR171891	PRJDB4176	SAMD00114933	DRS090990	SAMD00114933	DRX162503		PAIRED	WGS	METAGENOMIC	ILLUMINA	Illumina HiSeq 2500	20108129	5745220809	ftp.sra.ebi.ac.uk/vol1/fastq/DRR171/DRR171891/DRR171891.fastq.gz;ftp.sra.ebi.ac.uk/vol1/fastq/DRR171/DRR171891/DRR171891_1.fastq.gz;ftp.sra.ebi.ac.uk/vol1/fastq/DRR171/DRR171891/DRR171891_2.fastq.gz	d6d36247099df595014520f991d769b5;2f73cc41fb8b9d9492437a7c4ece923d;929d48d1b9a6a74be830a3b4dffd807f	123198024;1976122755;2046848376		human feces_10665
DRR171892	PRJDB4176	SAMD00114934	DRS090991	SAMD00114934	DRX162504		PAIRED	WGS	METAGENOMIC	ILLUMINA	Illumina HiSeq 2500	14702228	4174897794	ftp.sra.ebi.ac.uk/vol1/fastq/DRR171/DRR171892/DRR171892.fastq.gz;ftp.sra.ebi.ac.uk/vol1/fastq/DRR171/DRR171892/DRR171892_1.fastq.gz;ftp.sra.ebi.ac.uk/vol1/fastq/DRR171/DRR171892/DRR171892_2.fastq.gz	722b61305846151b1d7b6dbea5234b18;2f0fbb189c4d44e5b4d06a3723987541;067bd7f109348ea0ae4b8c7eb0695f68	131422448;1427727504;1506602292		human feces_10675
DRR171894	PRJDB4176	SAMD00114936	DRS090993	SAMD00114936	DRX162506		PAIRED	WGS	METAGENOMIC	ILLUMINA	Illumina HiSeq 2500	22334978	6290888199	ftp.sra.ebi.ac.uk/vol1/fastq/DRR171/DRR171894/DRR171894.fastq.gz;ftp.sra.ebi.ac.uk/vol1/fastq/DRR171/DRR171894/DRR171894_1.fastq.gz;ftp.sra.ebi.ac.uk/vol1/fastq/DRR171/DRR171894/DRR171894_2.fastq.gz	109b34e22d391326011ad2ce8f362613;ec4f8027e836df18664f2e04d397ef4a;727bea76e2d987c6f7cff2934175dd1a	245092095;2164266663;2284869138		human feces_10695
DRR171896	PRJDB4176	SAMD00114939	DRS090995	SAMD00114939	DRX162508		PAIRED	WGS	METAGENOMIC	ILLUMINA	Illumina HiSeq 2500	19799997	5554745388	ftp.sra.ebi.ac.uk/vol1/fastq/DRR171/DRR171896/DRR171896.fastq.gz;ftp.sra.ebi.ac.uk/vol1/fastq/DRR171/DRR171896/DRR171896_1.fastq.gz;ftp.sra.ebi.ac.uk/vol1/fastq/DRR171/DRR171896/DRR171896_2.fastq.gz	05c35cc5ae5c1e688a6307ffe859bb80;256644d5c48147e13467687c6ff6aae7;b934fdaab738e440812260d2feba07c7	199604815;1923811092;2060021733		human feces_10644
DRR171899	PRJDB4176	SAMD00114942	DRS090998	SAMD00114942	DRX162511		PAIRED	WGS	METAGENOMIC	ILLUMINA	Illumina HiSeq 2500	18679823	5188734214	ftp.sra.ebi.ac.uk/vol1/fastq/DRR171/DRR171899/DRR171899.fastq.gz;ftp.sra.ebi.ac.uk/vol1/fastq/DRR171/DRR171899/DRR171899_1.fastq.gz;ftp.sra.ebi.ac.uk/vol1/fastq/DRR171/DRR171899/DRR171899_2.fastq.gz	8a11ebb7a19e73bf4c2518dd7982c85c;ea117898e4e59aa9e663246607b2debd;4f40b4d999b3439cd59b2f6d00610938	175452017;1819092199;1919169069		human feces_10678
DRR171904	PRJDB4176	SAMD00114948	DRS091003	SAMD00114948	DRX162516		PAIRED	WGS	METAGENOMIC	ILLUMINA	Illumina HiSeq 2500	23326355	6559999741	ftp.sra.ebi.ac.uk/vol1/fastq/DRR171/DRR171904/DRR171904.fastq.gz;ftp.sra.ebi.ac.uk/vol1/fastq/DRR171/DRR171904/DRR171904_1.fastq.gz;ftp.sra.ebi.ac.uk/vol1/fastq/DRR171/DRR171904/DRR171904_2.fastq.gz	84dd7cabeadf0013987147bed274483e;48500da3095a8187c944a26e71508c8c;a62f31e420cb373d39fe58adb5af2612	239803626;2483833335;2627468361		human feces_10767
DRR171917	PRJDB4176	SAMD00114968	DRS091016	SAMD00114968	DRX162529		PAIRED	WGS	METAGENOMIC	ILLUMINA	Illumina HiSeq 2500	30356504	8357457817	ftp.sra.ebi.ac.uk/vol1/fastq/DRR171/DRR171917/DRR171917.fastq.gz;ftp.sra.ebi.ac.uk/vol1/fastq/DRR171/DRR171917/DRR171917_1.fastq.gz;ftp.sra.ebi.ac.uk/vol1/fastq/DRR171/DRR171917/DRR171917_2.fastq.gz	b7e01ef696356bffb1f5c525ca45787b;0ba1ae999e3357b8e26c49f74af9773a;6ebc7adeb0c6e8167e0cd99a44575cc9	132710804;2814760398;3008917822		human feces_10036
DRR171919	PRJDB4176	SAMD00114971	DRS091018	SAMD00114971	DRX162531		PAIRED	WGS	METAGENOMIC	ILLUMINA	Illumina HiSeq 2500	21531852	6022713624	ftp.sra.ebi.ac.uk/vol1/fastq/DRR171/DRR171919/DRR171919.fastq.gz;ftp.sra.ebi.ac.uk/vol1/fastq/DRR171/DRR171919/DRR171919_1.fastq.gz;ftp.sra.ebi.ac.uk/vol1/fastq/DRR171/DRR171919/DRR171919_2.fastq.gz	d47e642c6b786ce955bb9dc30da28b79;e6dffa763640911bf330d6dc317589e2;8d67e873301f73c756412578f51769e0	112014701;2017704121;2219449128		human feces_10031
DRR171921	PRJDB4176	SAMD00114973	DRS091020	SAMD00114973	DRX162533		PAIRED	WGS	METAGENOMIC	ILLUMINA	Illumina HiSeq 2500	34705389	9626926396	ftp.sra.ebi.ac.uk/vol1/fastq/DRR171/DRR171921/DRR171921.fastq.gz;ftp.sra.ebi.ac.uk/vol1/fastq/DRR171/DRR171921/DRR171921_1.fastq.gz;ftp.sra.ebi.ac.uk/vol1/fastq/DRR171/DRR171921/DRR171921_2.fastq.gz	ba5b736297ee4526612e3bdac7e18b4c;f024d9d9109b9c1ec1691190f2198f45;c2eb90863500c5dee4356dc18f8151ea	132825639;3253414951;3400922339		human feces_10052
DRR171924	PRJDB4176	SAMD00114978	DRS091023	SAMD00114978	DRX162536		PAIRED	WGS	METAGENOMIC	ILLUMINA	Illumina HiSeq 2500	26199642	7227896303	ftp.sra.ebi.ac.uk/vol1/fastq/DRR171/DRR171924/DRR171924.fastq.gz;ftp.sra.ebi.ac.uk/vol1/fastq/DRR171/DRR171924/DRR171924_1.fastq.gz;ftp.sra.ebi.ac.uk/vol1/fastq/DRR171/DRR171924/DRR171924_2.fastq.gz	13a4454fbaf17eea88c4dd86c9a71d69;c24dd9dbeea243d1a0bbcd4ba8b3c38c;0ff9e34005f79815c9902df856f6b505	103147031;2456532173;2543329349		human feces_10198
DRR171930	PRJDB4176	SAMD00114986	DRS091029	SAMD00114986	DRX162542		PAIRED	WGS	METAGENOMIC	ILLUMINA	Illumina HiSeq 2500	28568337	8016599795	ftp.sra.ebi.ac.uk/vol1/fastq/DRR171/DRR171930/DRR171930.fastq.gz;ftp.sra.ebi.ac.uk/vol1/fastq/DRR171/DRR171930/DRR171930_1.fastq.gz;ftp.sra.ebi.ac.uk/vol1/fastq/DRR171/DRR171930/DRR171930_2.fastq.gz	dfbc65da966f6154b8bfaff481839a15;9308cb00788d076377a09df3368a0f81;e3a0dffe98e25cb89498bd93dd735987	171894646;2716696272;2884287075		human feces_10254
DRR171931	PRJDB4176	SAMD00114987	DRS091030	SAMD00114987	DRX162543		PAIRED	WGS	METAGENOMIC	ILLUMINA	Illumina HiSeq 2500	27469679	7782944777	ftp.sra.ebi.ac.uk/vol1/fastq/DRR171/DRR171931/DRR171931.fastq.gz;ftp.sra.ebi.ac.uk/vol1/fastq/DRR171/DRR171931/DRR171931_1.fastq.gz;ftp.sra.ebi.ac.uk/vol1/fastq/DRR171/DRR171931/DRR171931_2.fastq.gz	f3a960c5c13a2a0c819e237a4bba9571;478fae1caf8a9e8c4f426d8533bfd92e;3c716af0b36429e4c0f41b9c73928374	147027183;2622112036;2780304926		human feces_10259
DRR171932	PRJDB4176	SAMD00114988	DRS091031	SAMD00114988	DRX162544		PAIRED	WGS	METAGENOMIC	ILLUMINA	Illumina HiSeq 2500	35173237	9864686335	ftp.sra.ebi.ac.uk/vol1/fastq/DRR171/DRR171932/DRR171932.fastq.gz;ftp.sra.ebi.ac.uk/vol1/fastq/DRR171/DRR171932/DRR171932_1.fastq.gz;ftp.sra.ebi.ac.uk/vol1/fastq/DRR171/DRR171932/DRR171932_2.fastq.gz	3912b705f5ff72fbda91c80b0657d396;fc2e4b7bef9d4a23d0c6e9e08c9514a9;f2c98b92c77bb894d3e8ca4dbeaed9ab	193808855;3349635040;3547087626		human feces_10261
DRR171937	PRJDB4176	SAMD00114993	DRS091036	SAMD00114993	DRX162549		PAIRED	WGS	METAGENOMIC	ILLUMINA	Illumina HiSeq 2500	27279363	7697467387	ftp.sra.ebi.ac.uk/vol1/fastq/DRR171/DRR171937/DRR171937.fastq.gz;ftp.sra.ebi.ac.uk/vol1/fastq/DRR171/DRR171937/DRR171937_1.fastq.gz;ftp.sra.ebi.ac.uk/vol1/fastq/DRR171/DRR171937/DRR171937_2.fastq.gz	1bff0cfdc1d2d0e40cd567c3f4232c72;fb77ee7ac9b8128d9c2b221622f1fbb5;fd225826ddbdb2aa4ebd822db4803246	256956982;2628723109;2846576657		human feces_10288
DRR171942	PRJDB4176	SAMD00115004	DRS091041	SAMD00115004	DRX162554		PAIRED	WGS	METAGENOMIC	ILLUMINA	Illumina HiSeq 2500	17395505	4835257010	ftp.sra.ebi.ac.uk/vol1/fastq/DRR171/DRR171942/DRR171942.fastq.gz;ftp.sra.ebi.ac.uk/vol1/fastq/DRR171/DRR171942/DRR171942_1.fastq.gz;ftp.sra.ebi.ac.uk/vol1/fastq/DRR171/DRR171942/DRR171942_2.fastq.gz	60e3ace8c9193c03577c97b4af300914;c08ea24c7b9d02e67afe53afc215238b;80ab7269e89dd913beaf00f79dd523ff	100418038;1695199063;1774709897		human feces_10340
DRR171953	PRJDB4176	SAMD00115018	DRS091052	SAMD00115018	DRX162565		PAIRED	WGS	METAGENOMIC	ILLUMINA	Illumina HiSeq 2500	33487156	9171342030	ftp.sra.ebi.ac.uk/vol1/fastq/DRR171/DRR171953/DRR171953.fastq.gz;ftp.sra.ebi.ac.uk/vol1/fastq/DRR171/DRR171953/DRR171953_1.fastq.gz;ftp.sra.ebi.ac.uk/vol1/fastq/DRR171/DRR171953/DRR171953_2.fastq.gz	a5f8f707294c086c55b0c6fde35339af;743276df9503d6e46fa709925fc26cca;1ad3ed4d6a8804990c99b02f80738eb6	124262370;3219130744;3318374807		human feces_10058
DRR171957	PRJDB4176	SAMD00115025	DRS091056	SAMD00115025	DRX162569		PAIRED	WGS	METAGENOMIC	ILLUMINA	Illumina HiSeq 2500	23777891	6735819703	ftp.sra.ebi.ac.uk/vol1/fastq/DRR171/DRR171957/DRR171957.fastq.gz;ftp.sra.ebi.ac.uk/vol1/fastq/DRR171/DRR171957/DRR171957_1.fastq.gz;ftp.sra.ebi.ac.uk/vol1/fastq/DRR171/DRR171957/DRR171957_2.fastq.gz	5caa6700599fd783f20534a9ff5b0864;70bf4d18c3a06f3a21d349a78a2baf06;a98e50b3fc1dd4600fc7787a9f14c031	218461059;2272883522;2532180323		human feces_10025
DRR171965	PRJDB4176	SAMD00115033	DRS091064	SAMD00115033	DRX162577		PAIRED	WGS	METAGENOMIC	ILLUMINA	Illumina HiSeq 2500	25084184	6885039266	ftp.sra.ebi.ac.uk/vol1/fastq/DRR171/DRR171965/DRR171965.fastq.gz;ftp.sra.ebi.ac.uk/vol1/fastq/DRR171/DRR171965/DRR171965_1.fastq.gz;ftp.sra.ebi.ac.uk/vol1/fastq/DRR171/DRR171965/DRR171965_2.fastq.gz	c766ac7253f6d92d6aea90f288cc707d;a9b174805dfa7f7b5cd14b6ced78dbd6;a8a26ff0040e6efb5cdb774404ff241d	258286724;2206931945;2731165434		human feces_10107
DRR171971	PRJDB4176	SAMD00115040	DRS091070	SAMD00115040	DRX162583		PAIRED	WGS	METAGENOMIC	ILLUMINA	Illumina HiSeq 2500	29606340	8230295305	ftp.sra.ebi.ac.uk/vol1/fastq/DRR171/DRR171971/DRR171971.fastq.gz;ftp.sra.ebi.ac.uk/vol1/fastq/DRR171/DRR171971/DRR171971_1.fastq.gz;ftp.sra.ebi.ac.uk/vol1/fastq/DRR171/DRR171971/DRR171971_2.fastq.gz	efec24eb911b0f6dc14a966ca7f5a673;3e1277b34e3ce8060b41aa1aaa51c6ba;1ec500a7f2200d87e6dd54930de56280	115643461;2755788799;2884437697		human feces_10220
DRR171977	PRJDB4176	SAMD00115046	DRS091076	SAMD00115046	DRX162589		PAIRED	WGS	METAGENOMIC	ILLUMINA	Illumina HiSeq 2500	28757286	7997166421	ftp.sra.ebi.ac.uk/vol1/fastq/DRR171/DRR171977/DRR171977.fastq.gz;ftp.sra.ebi.ac.uk/vol1/fastq/DRR171/DRR171977/DRR171977_1.fastq.gz;ftp.sra.ebi.ac.uk/vol1/fastq/DRR171/DRR171977/DRR171977_2.fastq.gz	96e2013354332795cd9b4698165f59db;f942da588776827654a940450a715e66;7646a6cc1f7be939c915736bee5abf4f	142391559;2716434727;2869663036		human feces_10255
DRR171982	PRJDB4176	SAMD00115051	DRS091081	SAMD00115051	DRX162594		PAIRED	WGS	METAGENOMIC	ILLUMINA	Illumina HiSeq 2500	39829556	11089476920	ftp.sra.ebi.ac.uk/vol1/fastq/DRR171/DRR171982/DRR171982.fastq.gz;ftp.sra.ebi.ac.uk/vol1/fastq/DRR171/DRR171982/DRR171982_1.fastq.gz;ftp.sra.ebi.ac.uk/vol1/fastq/DRR171/DRR171982/DRR171982_2.fastq.gz	e27755f22c746e69f353b443bcad7a27;ef3fa15a859ca9de3abae44ff200a447;8f370f9f9d73088d93aaaf8158163ffa	204859572;3760913176;4063483525		human feces_10282
DRR171987	PRJDB4176	SAMD00115056	DRS091086	SAMD00115056	DRX162599		PAIRED	WGS	METAGENOMIC	ILLUMINA	Illumina HiSeq 2500	23278673	6327703813	ftp.sra.ebi.ac.uk/vol1/fastq/DRR171/DRR171987/DRR171987.fastq.gz;ftp.sra.ebi.ac.uk/vol1/fastq/DRR171/DRR171987/DRR171987_1.fastq.gz;ftp.sra.ebi.ac.uk/vol1/fastq/DRR171/DRR171987/DRR171987_2.fastq.gz	314578dacfeb39c4ca143c29ce8a8ca3;6a10b30b48600423f9ae66e65ae6549d;e620e3085b0935fc9e5347042301d08d	139637667;2215032276;2318484889		human feces_10312
DRR171988	PRJDB4176	SAMD00115057	DRS091087	SAMD00115057	DRX162600		PAIRED	WGS	METAGENOMIC	ILLUMINA	Illumina HiSeq 2500	37405949	10168187090	ftp.sra.ebi.ac.uk/vol1/fastq/DRR171/DRR171988/DRR171988.fastq.gz;ftp.sra.ebi.ac.uk/vol1/fastq/DRR171/DRR171988/DRR171988_1.fastq.gz;ftp.sra.ebi.ac.uk/vol1/fastq/DRR171/DRR171988/DRR171988_2.fastq.gz	e915eb5e534e9185b3c91ca27544e2ed;54ea157e397c8dbe60d92dd45d20db23;b46e4de9eeaa881b0ad0b4f9b0993639	197828837;3589118618;3734628514		human feces_10329
DRR171990	PRJDB4176	SAMD00115059	DRS091089	SAMD00115059	DRX162602		PAIRED	WGS	METAGENOMIC	ILLUMINA	Illumina HiSeq 2500	29680548	8088522489	ftp.sra.ebi.ac.uk/vol1/fastq/DRR171/DRR171990/DRR171990.fastq.gz;ftp.sra.ebi.ac.uk/vol1/fastq/DRR171/DRR171990/DRR171990_1.fastq.gz;ftp.sra.ebi.ac.uk/vol1/fastq/DRR171/DRR171990/DRR171990_2.fastq.gz	f2c0df03766300da56adff76c26c2d5b;f13ad721392e9fe4560b11fedced035e;170cfb3d98e42eae2d071eb389d775df	118661827;2872060561;2953113155		human feces_10374
DRR171998	PRJDB4176	SAMD00115067	DRS091097	SAMD00115067	DRX162610		PAIRED	WGS	METAGENOMIC	ILLUMINA	Illumina HiSeq 2500	11313167	3279266192	ftp.sra.ebi.ac.uk/vol1/fastq/DRR171/DRR171998/DRR171998.fastq.gz;ftp.sra.ebi.ac.uk/vol1/fastq/DRR171/DRR171998/DRR171998_1.fastq.gz;ftp.sra.ebi.ac.uk/vol1/fastq/DRR171/DRR171998/DRR171998_2.fastq.gz	94827c275df0c07790dbf2e4531538cc;ac0550a45ef33b7fc9d856d8cfb0b44e;8d4b8de3d1b844e438796e252070d1e7	22296120;995105888;1072588984		human feces_10147.1
DRR172000	PRJDB4176	SAMD00115069	DRS091099	SAMD00115069	DRX162612		PAIRED	WGS	METAGENOMIC	ILLUMINA	Illumina HiSeq 2500	18713936	5425959339	ftp.sra.ebi.ac.uk/vol1/fastq/DRR172/DRR172000/DRR172000.fastq.gz;ftp.sra.ebi.ac.uk/vol1/fastq/DRR172/DRR172000/DRR172000_1.fastq.gz;ftp.sra.ebi.ac.uk/vol1/fastq/DRR172/DRR172000/DRR172000_2.fastq.gz	330830613946c1256e7646c0818c4574;577be1b453c0baa09acc81e013aeb20a;c33c43d317d1682f02356caf3ee4fe52	50451132;1559757371;1676589147		human feces_10199.1
DRR172006	PRJDB4176	SAMD00115075	DRS091105	SAMD00115075	DRX162618		PAIRED	WGS	METAGENOMIC	ILLUMINA	Illumina HiSeq 2500	11368118	3331241872	ftp.sra.ebi.ac.uk/vol1/fastq/DRR172/DRR172006/DRR172006.fastq.gz;ftp.sra.ebi.ac.uk/vol1/fastq/DRR172/DRR172006/DRR172006_1.fastq.gz;ftp.sra.ebi.ac.uk/vol1/fastq/DRR172/DRR172006/DRR172006_2.fastq.gz	3881df7ee414ea902c547faf8fdf3d0e;e85cf5d45fa79335ceb5efeff49d8ed4;b66ba132bfb0572fb7a457221847b2c0	21956639;890971805;954152584		human feces_10745.1
DRR172010	PRJDB4176	SAMD00115079	DRS091109	SAMD00115079	DRX162622		PAIRED	WGS	METAGENOMIC	ILLUMINA	Illumina HiSeq 2500	12592129	3644810457	ftp.sra.ebi.ac.uk/vol1/fastq/DRR172/DRR172010/DRR172010.fastq.gz;ftp.sra.ebi.ac.uk/vol1/fastq/DRR172/DRR172010/DRR172010_1.fastq.gz;ftp.sra.ebi.ac.uk/vol1/fastq/DRR172/DRR172010/DRR172010_2.fastq.gz	682b028eb3a2aa79a4f1dc50a3c468dd;a5b94da4687e2ca66bac7cf0e33481a1;7c034ba0d90ac91033e3a5eab1fafbb6	28541434;1045770574;1109418629		human feces_10185.1
DRR172011	PRJDB4176	SAMD00115080	DRS091110	SAMD00115080	DRX162623		PAIRED	WGS	METAGENOMIC	ILLUMINA	Illumina HiSeq 2500	14606600	4237540626	ftp.sra.ebi.ac.uk/vol1/fastq/DRR172/DRR172011/DRR172011.fastq.gz;ftp.sra.ebi.ac.uk/vol1/fastq/DRR172/DRR172011/DRR172011_1.fastq.gz;ftp.sra.ebi.ac.uk/vol1/fastq/DRR172/DRR172011/DRR172011_2.fastq.gz	113a2f5660c5866e28228d6f2f0790be;ee7b0b9f46839b34f73d7c4ffda64480;7de24cd52e00a135cc9cde9d36854694	35570464;1235001242;1330689092		human feces_10308.1
DRR172012	PRJDB4176	SAMD00115081	DRS091111	SAMD00115081	DRX162624		PAIRED	WGS	METAGENOMIC	ILLUMINA	Illumina HiSeq 2500	10993058	3219568077	ftp.sra.ebi.ac.uk/vol1/fastq/DRR172/DRR172012/DRR172012.fastq.gz;ftp.sra.ebi.ac.uk/vol1/fastq/DRR172/DRR172012/DRR172012_1.fastq.gz;ftp.sra.ebi.ac.uk/vol1/fastq/DRR172/DRR172012/DRR172012_2.fastq.gz	a65857c73c1b6095cf63f302496bbbbd;3432b362dd03c94524c5d427b245d7a9;6f95fdaa04bd8327ade70fd4dddb7b3a	21450466;917666197;975720238		human feces_10505.1
DRR172016	PRJDB4176	SAMD00115085	DRS091115	SAMD00115085	DRX162628		PAIRED	WGS	METAGENOMIC	ILLUMINA	Illumina HiSeq 2500	16054968	4678308549	ftp.sra.ebi.ac.uk/vol1/fastq/DRR172/DRR172016/DRR172016.fastq.gz;ftp.sra.ebi.ac.uk/vol1/fastq/DRR172/DRR172016/DRR172016_1.fastq.gz;ftp.sra.ebi.ac.uk/vol1/fastq/DRR172/DRR172016/DRR172016_2.fastq.gz	44dcbf945364cc2286720de5a57d8f31;6651d97164692c50c8fc2b5be5e2e6a5;d5e2e3b874ea83e56fa174b073b0fc23	69786078;1332371542;1453088509		human feces_10303.1
