run_accession	study_accession	sample_accession	secondary_sample_accession	sample_alias	experiment_accession	library_name	library_layout	library_strategy	library_source	instrument_platform	instrument_model	read_count	base_count	fastq_ftp	fastq_md5	fastq_bytes	sra_ftp	sample_title
ERR710423	PRJEB7774	SAMEA3178943	ERS631833	532915	ERX654645	RSZAXPI000656-23	SINGLE	WGS	METAGENOMIC	ILLUMINA	Illumina HiSeq 2000	493903	42755089	ftp.sra.ebi.ac.uk/vol1/fastq/ERR710/ERR710423/ERR710423.fastq.gz	56a0b0c0a9d04fe50e9c6902b5063bcb	43185713		Stool sample from controls
ERR710430	PRJEB7774	SAMEA3178940	ERS631830	532826	ERX654652	RSZAXPI000653-20	PAIRED	WGS	METAGENOMIC	ILLUMINA	Illumina HiSeq 2000	17301869	3282027454	ftp.sra.ebi.ac.uk/vol1/fastq/ERR710/ERR710430/ERR710430_1.fastq.gz;ftp.sra.ebi.ac.uk/vol1/fastq/ERR710/ERR710430/ERR710430_2.fastq.gz	dc48e86476ca4338891e528fa2808f0a;fb94f819b1ddb81b6826c3a36950c3d7	1467316991;1512368131		Stool sample from controls
ERR688362	PRJEB7774	SAMEA3136670	ERS608521	31071	ERX633363	SZAXPI022073-62	SINGLE	WGS	METAGENOMIC	ILLUMINA	Illumina HiSeq 2000	918792	82353944	ftp.sra.ebi.ac.uk/vol1/fastq/ERR688/ERR688362/ERR688362.fastq.gz	4af49bc49cbf02923fe45efec9206b0a	81685706		Stool sample from controls
ERR688371	PRJEB7774	SAMEA3136674	ERS608525	31232	ERX633372	SZAXPI022077-90	SINGLE	WGS	METAGENOMIC	ILLUMINA	Illumina HiSeq 2000	912198	80106953	ftp.sra.ebi.ac.uk/vol1/fastq/ERR688/ERR688371/ERR688371.fastq.gz	75c11339dc16f0331b3fd60a4e542520	79917687		Stool sample from controls
ERR688374	PRJEB7774	SAMEA3136747	ERS608598	31237	ERX633375	SZAXPI021649-102	SINGLE	WGS	METAGENOMIC	ILLUMINA	Illumina HiSeq 2000	768272	63832199	ftp.sra.ebi.ac.uk/vol1/fastq/ERR688/ERR688374/ERR688374.fastq.gz	4cd73b90d605e1cce82261c6b3642eaf	70349767		Stool sample from carcinoma
ERR688378	PRJEB7774	SAMEA3136743	ERS608594	31276	ERX633379	SZAXPI021668-89	SINGLE	WGS	METAGENOMIC	ILLUMINA	Illumina HiSeq 2000	605263	50970666	ftp.sra.ebi.ac.uk/vol1/fastq/ERR688/ERR688378/ERR688378.fastq.gz	a4b10ca75e21cfb82b744af5ab66532f	55087132		Stool sample from carcinoma
ERR688384	PRJEB7774	SAMEA3136702	ERS608553	31337	ERX633385	SZAXPI021672-108	SINGLE	WGS	METAGENOMIC	ILLUMINA	Illumina HiSeq 2000	578356	50197506	ftp.sra.ebi.ac.uk/vol1/fastq/ERR688/ERR688384/ERR688384.fastq.gz	e1889bb24303f32b38c8d9ff6347856b	52489976		Stool sample from advanced adenoma
ERR688393	PRJEB7774	SAMEA3136713	ERS608564	31431	ERX633394	SZAXPI021946-166	SINGLE	WGS	METAGENOMIC	ILLUMINA	Illumina HiSeq 2000	705981	61378912	ftp.sra.ebi.ac.uk/vol1/fastq/ERR688/ERR688393/ERR688393.fastq.gz	83eba3d4854c999b2cef46642f9c16c4	62249491		Stool sample from advanced adenoma
ERR688397	PRJEB7774	SAMEA3136645	ERS608496	31452	ERX633398	SZAXPI022050-111	SINGLE	WGS	METAGENOMIC	ILLUMINA	Illumina HiSeq 2000	1343416	114792001	ftp.sra.ebi.ac.uk/vol1/fastq/ERR688/ERR688397/ERR688397.fastq.gz	938d0d151a1892ed602f102f40dd67d0	117314919		Stool sample from controls
ERR688405	PRJEB7774	SAMEA3136624	ERS608475	31537	ERX633406	SZAXPI021956-27	SINGLE	WGS	METAGENOMIC	ILLUMINA	Illumina HiSeq 2000	1620920	127033087	ftp.sra.ebi.ac.uk/vol1/fastq/ERR688/ERR688405/ERR688405.fastq.gz	bc435fb68539c0e3fb8151903827b05e	139503233		Stool sample from controls
ERR688416	PRJEB7774	SAMEA3136646	ERS608497	31723	ERX633417	SZAXPI022051-113	SINGLE	WGS	METAGENOMIC	ILLUMINA	Illumina HiSeq 2000	887422	80579918	ftp.sra.ebi.ac.uk/vol1/fastq/ERR688/ERR688416/ERR688416.fastq.gz	d23ac5c352a6b2b86dd5cf26c67babf5	78180179		Stool sample from controls
ERR688418	PRJEB7774	SAMEA3136658	ERS608509	31750	ERX633419	SZAXPI022062-21	SINGLE	WGS	METAGENOMIC	ILLUMINA	Illumina HiSeq 2000	1308363	116077600	ftp.sra.ebi.ac.uk/vol1/fastq/ERR688/ERR688418/ERR688418.fastq.gz	5c7d6a0060273145dee9523629364b71	117206150		Stool sample from controls
ERR688420	PRJEB7774	SAMEA3136753	ERS608604	31884	ERX633421	SZAXPI021655-129	SINGLE	WGS	METAGENOMIC	ILLUMINA	Illumina HiSeq 2000	914188	73672004	ftp.sra.ebi.ac.uk/vol1/fastq/ERR688/ERR688420/ERR688420.fastq.gz	bbc1569435bd42064a3ac852b908d2ff	82473519		Stool sample from carcinoma
ERR688425	PRJEB7774	SAMEA3136750	ERS608601	31871	ERX633426	SZAXPI021652-111	SINGLE	WGS	METAGENOMIC	ILLUMINA	Illumina HiSeq 2000	1003875	83078705	ftp.sra.ebi.ac.uk/vol1/fastq/ERR688/ERR688425/ERR688425.fastq.gz	190ff4f51d10c80eefed835b20a4824c	91531238		Stool sample from carcinoma
ERR688426	PRJEB7774	SAMEA3136742	ERS608593	31872	ERX633427	SZAXPI021644-88	SINGLE	WGS	METAGENOMIC	ILLUMINA	Illumina HiSeq 2000	995090	81503369	ftp.sra.ebi.ac.uk/vol1/fastq/ERR688/ERR688426/ERR688426.fastq.gz	e6d6232486d6f32e273280063efc1409	89763302		Stool sample from carcinoma
ERR688429	PRJEB7774	SAMEA3136752	ERS608603	31875	ERX633430	SZAXPI021654-123	SINGLE	WGS	METAGENOMIC	ILLUMINA	Illumina HiSeq 2000	997135	81028669	ftp.sra.ebi.ac.uk/vol1/fastq/ERR688/ERR688429/ERR688429.fastq.gz	1ffd7f73610925ca9bdb955fc2df27a0	90572805		Stool sample from carcinoma
ERR688431	PRJEB7774	SAMEA3136731	ERS608582	31877	ERX633432	SZAXPI021633-26	SINGLE	WGS	METAGENOMIC	ILLUMINA	Illumina HiSeq 2000	1090250	90198008	ftp.sra.ebi.ac.uk/vol1/fastq/ERR688/ERR688431/ERR688431.fastq.gz	96d03a251795c27b082f5198b2fe71db	95641525		Stool sample from carcinoma
ERR688433	PRJEB7774	SAMEA3136767	ERS608618	31879	ERX633434	SZAXPI021647-94	SINGLE	WGS	METAGENOMIC	ILLUMINA	Illumina HiSeq 2000	1096236	88069527	ftp.sra.ebi.ac.uk/vol1/fastq/ERR688/ERR688433/ERR688433.fastq.gz	4d7f4143f917a089976a27844747436c	98213492		Stool sample from carcinoma
ERR688444	PRJEB7774	SAMEA3136661	ERS608512	530052	ERX633445	SZAXPI022065-27	SINGLE	WGS	METAGENOMIC	ILLUMINA	Illumina HiSeq 2000	718369	64856705	ftp.sra.ebi.ac.uk/vol1/fastq/ERR688/ERR688444/ERR688444.fastq.gz	5fc14bdb5a54a1ec1033d55dc1d8b666	61644456		Stool sample from controls
ERR688445	PRJEB7774	SAMEA3136698	ERS608549	530054	ERX633446	SZAXPI021932-90	SINGLE	WGS	METAGENOMIC	ILLUMINA	Illumina HiSeq 2000	1264383	110015407	ftp.sra.ebi.ac.uk/vol1/fastq/ERR688/ERR688445/ERR688445.fastq.gz	1ac2138a2a556a425163b20c7e0ecd3e	112983883		Stool sample from advanced adenoma
ERR688449	PRJEB7774	SAMEA3136651	ERS608502	530119	ERX633450	SZAXPI022056-142	SINGLE	WGS	METAGENOMIC	ILLUMINA	Illumina HiSeq 2000	1236343	106141705	ftp.sra.ebi.ac.uk/vol1/fastq/ERR688/ERR688449/ERR688449.fastq.gz	475f84e34736ba8b8515aef5e0ef0460	108864582		Stool sample from controls
ERR688452	PRJEB7774	SAMEA3136655	ERS608506	530163	ERX633453	SZAXPI022060-16	SINGLE	WGS	METAGENOMIC	ILLUMINA	Illumina HiSeq 2000	955704	84966327	ftp.sra.ebi.ac.uk/vol1/fastq/ERR688/ERR688452/ERR688452.fastq.gz	25332a2d90dff767a5d2c762b08d77bb	85663979		Stool sample from controls
ERR688456	PRJEB7774	SAMEA3136631	ERS608482	530177	ERX633457	SZAXPI021962-45	SINGLE	WGS	METAGENOMIC	ILLUMINA	Illumina HiSeq 2000	688532	61510650	ftp.sra.ebi.ac.uk/vol1/fastq/ERR688/ERR688456/ERR688456.fastq.gz	9f8827554e72bdcf225492143ee35bd9	61064795		Stool sample from controls
ERR688458	PRJEB7774	SAMEA3136666	ERS608517	530215	ERX633459	SZAXPI022070-39	SINGLE	WGS	METAGENOMIC	ILLUMINA	Illumina HiSeq 2000	838838	74635490	ftp.sra.ebi.ac.uk/vol1/fastq/ERR688/ERR688458/ERR688458.fastq.gz	7358bf118db7b980b605abad66d72853	72281725		Stool sample from controls
ERR688460	PRJEB7774	SAMEA3136649	ERS608500	530251	ERX633461	SZAXPI022054-136	SINGLE	WGS	METAGENOMIC	ILLUMINA	Illumina HiSeq 2000	919201	86075057	ftp.sra.ebi.ac.uk/vol1/fastq/ERR688/ERR688460/ERR688460.fastq.gz	5522c72213478ab81ac962fa15fcece5	80608778		Stool sample from controls
ERR688475	PRJEB7774	SAMEA3136637	ERS608488	530444	ERX633476	SZAXPI022087-89	SINGLE	WGS	METAGENOMIC	ILLUMINA	Illumina HiSeq 2000	1760645	128785636	ftp.sra.ebi.ac.uk/vol1/fastq/ERR688/ERR688475/ERR688475.fastq.gz	78f13ce677f084a2f658b9fb5d7321a4	141202676		Stool sample from controls
ERR688476	PRJEB7774	SAMEA3136717	ERS608568	530450	ERX633477	SZAXPI021950-20	SINGLE	WGS	METAGENOMIC	ILLUMINA	Illumina HiSeq 2000	913266	79890354	ftp.sra.ebi.ac.uk/vol1/fastq/ERR688/ERR688476/ERR688476.fastq.gz	0448f12bd86c6533a02b2ce66003d48d	79723466		Stool sample from advanced adenoma
ERR688483	PRJEB7774	SAMEA3136699	ERS608550	530743	ERX633484	SZAXPI021933-93	SINGLE	WGS	METAGENOMIC	ILLUMINA	Illumina HiSeq 2000	968741	83336800	ftp.sra.ebi.ac.uk/vol1/fastq/ERR688/ERR688483/ERR688483.fastq.gz	0700d0e262b9d2888d7b309c36f40b3b	85713150		Stool sample from advanced adenoma
ERR688489	PRJEB7774	SAMEA3136733	ERS608584	531155	ERX633490	SZAXPI021635-32	SINGLE	WGS	METAGENOMIC	ILLUMINA	Illumina HiSeq 2000	1050976	90162359	ftp.sra.ebi.ac.uk/vol1/fastq/ERR688/ERR688489/ERR688489.fastq.gz	355d12fe5a5b8c6fa7c8d58c2a6559ec	92645357		Stool sample from carcinoma
ERR688505	PRJEB7774	SAMEA3136748	ERS608599	31004	ERX633506	SZAXPI021650-108	PAIRED	WGS	METAGENOMIC	ILLUMINA	Illumina HiSeq 2000	20056458	3587136691	ftp.sra.ebi.ac.uk/vol1/fastq/ERR688/ERR688505/ERR688505_1.fastq.gz;ftp.sra.ebi.ac.uk/vol1/fastq/ERR688/ERR688505/ERR688505_2.fastq.gz	9b7cd87a91ef1b6a17bbfa40d4a59b06;85afd9f98c5f4f3a437b2c128ae853de	1734994657;1780805145		Stool sample from carcinoma
ERR688507	PRJEB7774	SAMEA3136638	ERS608489	31021	ERX633508	SZAXPI022043-90	PAIRED	WGS	METAGENOMIC	ILLUMINA	Illumina HiSeq 2000	29839288	5610451828	ftp.sra.ebi.ac.uk/vol1/fastq/ERR688/ERR688507/ERR688507_1.fastq.gz;ftp.sra.ebi.ac.uk/vol1/fastq/ERR688/ERR688507/ERR688507_2.fastq.gz	44662b1b8e541ba5e711af656382f44a;23e0175b7adaafc928edb94603ab3641	2472461519;2557028990		Stool sample from controls
ERR688509	PRJEB7774	SAMEA3136670	ERS608521	31071	ERX633510	SZAXPI022073-62	PAIRED	WGS	METAGENOMIC	ILLUMINA	Illumina HiSeq 2000	25513317	4831273090	ftp.sra.ebi.ac.uk/vol1/fastq/ERR688/ERR688509/ERR688509_1.fastq.gz;ftp.sra.ebi.ac.uk/vol1/fastq/ERR688/ERR688509/ERR688509_2.fastq.gz	3cc7184616fd00582743bce5988e1d11;d9a8a3038a521f6a0069ac9bc747d726	2138783957;2197911867		Stool sample from controls
ERR688517	PRJEB7774	SAMEA3136738	ERS608589	31223	ERX633518	SZAXPI021638-43	PAIRED	WGS	METAGENOMIC	ILLUMINA	Illumina HiSeq 2000	25516040	4752924577	ftp.sra.ebi.ac.uk/vol1/fastq/ERR688/ERR688517/ERR688517_1.fastq.gz;ftp.sra.ebi.ac.uk/vol1/fastq/ERR688/ERR688517/ERR688517_2.fastq.gz	7b85e151b02763d1d80123dfa9d2434a;3af773988baeeb7659beed0fe5fd627c	2146377752;2205591384		Stool sample from carcinoma
ERR688518	PRJEB7774	SAMEA3136674	ERS608525	31232	ERX633519	SZAXPI022077-90	PAIRED	WGS	METAGENOMIC	ILLUMINA	Illumina HiSeq 2000	24213175	4531676068	ftp.sra.ebi.ac.uk/vol1/fastq/ERR688/ERR688518/ERR688518_1.fastq.gz;ftp.sra.ebi.ac.uk/vol1/fastq/ERR688/ERR688518/ERR688518_2.fastq.gz	117f817227d4e9bdf14db8e0eda8c939;261a52d1154c9f2eb35c582409b7faec	2005897271;2090488898		Stool sample from controls
ERR688519	PRJEB7774	SAMEA3136714	ERS608565	31233	ERX633520	SZAXPI021947-169	PAIRED	WGS	METAGENOMIC	ILLUMINA	Illumina HiSeq 2000	30352133	5722957743	ftp.sra.ebi.ac.uk/vol1/fastq/ERR688/ERR688519/ERR688519_1.fastq.gz;ftp.sra.ebi.ac.uk/vol1/fastq/ERR688/ERR688519/ERR688519_2.fastq.gz	59aef9d139aef048ea316aa8919dcf30;ccb4f3f464b922cfff976d3380365477	2516096735;2604753745		Stool sample from advanced adenoma
ERR688520	PRJEB7774	SAMEA3136663	ERS608514	31236	ERX633521	SZAXPI022067-33	PAIRED	WGS	METAGENOMIC	ILLUMINA	Illumina HiSeq 2000	22844950	4285530131	ftp.sra.ebi.ac.uk/vol1/fastq/ERR688/ERR688520/ERR688520_1.fastq.gz;ftp.sra.ebi.ac.uk/vol1/fastq/ERR688/ERR688520/ERR688520_2.fastq.gz	3044003fad59e9f2fbc7fd96a7641f7f;7190aafdedebe584894a45684ce561e4	1832354766;1916860847		Stool sample from controls
ERR688522	PRJEB7774	SAMEA3136693	ERS608544	31256	ERX633523	SZAXPI021671-62	PAIRED	WGS	METAGENOMIC	ILLUMINA	Illumina HiSeq 2000	27200088	5099207798	ftp.sra.ebi.ac.uk/vol1/fastq/ERR688/ERR688522/ERR688522_1.fastq.gz;ftp.sra.ebi.ac.uk/vol1/fastq/ERR688/ERR688522/ERR688522_2.fastq.gz	0a362ab99b66c0861a423cefa6acbd1d;ca3b43d6933b9009b31a25003dfe5ab6	2412139865;2448610483		Stool sample from advanced adenoma
ERR688526	PRJEB7774	SAMEA3136704	ERS608555	31282	ERX633527	SZAXPI021938-111	PAIRED	WGS	METAGENOMIC	ILLUMINA	Illumina HiSeq 2000	28420748	5402241745	ftp.sra.ebi.ac.uk/vol1/fastq/ERR688/ERR688526/ERR688526_1.fastq.gz;ftp.sra.ebi.ac.uk/vol1/fastq/ERR688/ERR688526/ERR688526_2.fastq.gz	d74a20cbbc21f513a222911e2098e5bb;cfd1bff467e10f629ebaa54f8f9c88ee	2386813166;2439642260		Stool sample from advanced adenoma
ERR688528	PRJEB7774	SAMEA3136644	ERS608495	31300	ERX633529	SZAXPI022049-109	PAIRED	WGS	METAGENOMIC	ILLUMINA	Illumina HiSeq 2000	28603351	5345496556	ftp.sra.ebi.ac.uk/vol1/fastq/ERR688/ERR688528/ERR688528_1.fastq.gz;ftp.sra.ebi.ac.uk/vol1/fastq/ERR688/ERR688528/ERR688528_2.fastq.gz	0367eca0b3dde911363939117951aaeb;48034fc026eefbff6477baf24cd6511f	2407395773;2453437623		Stool sample from controls
ERR688529	PRJEB7774	SAMEA3136654	ERS608505	31328	ERX633530	SZAXPI022059-169	PAIRED	WGS	METAGENOMIC	ILLUMINA	Illumina HiSeq 2000	28854500	5360770469	ftp.sra.ebi.ac.uk/vol1/fastq/ERR688/ERR688529/ERR688529_1.fastq.gz;ftp.sra.ebi.ac.uk/vol1/fastq/ERR688/ERR688529/ERR688529_2.fastq.gz	4656d299f8288453d5b700124cf528dd;bcd6fe6f0f64bc04e7cf9f781bd9ad42	2452594417;2531563192		Stool sample from controls
ERR688538	PRJEB7774	SAMEA3136691	ERS608542	31424	ERX633539	SZAXPI021925-43	PAIRED	WGS	METAGENOMIC	ILLUMINA	Illumina HiSeq 2000	33467260	6153669297	ftp.sra.ebi.ac.uk/vol1/fastq/ERR688/ERR688538/ERR688538_1.fastq.gz;ftp.sra.ebi.ac.uk/vol1/fastq/ERR688/ERR688538/ERR688538_2.fastq.gz	11086f76a5ab2b7baf5808730bc5cf05;d3541b2c57540968960f03b3062e16e2	2860329600;2952200608		Stool sample from advanced adenoma
ERR688540	PRJEB7774	SAMEA3136713	ERS608564	31431	ERX633541	SZAXPI021946-166	PAIRED	WGS	METAGENOMIC	ILLUMINA	Illumina HiSeq 2000	19688087	3685323797	ftp.sra.ebi.ac.uk/vol1/fastq/ERR688/ERR688540/ERR688540_1.fastq.gz;ftp.sra.ebi.ac.uk/vol1/fastq/ERR688/ERR688540/ERR688540_2.fastq.gz	726891eab4bca520a15ce983c0fa633f;9d1b7fe6a7bc313beade8b1330a0de6e	1641646116;1703587305		Stool sample from advanced adenoma
ERR688541	PRJEB7774	SAMEA3136724	ERS608575	31446	ERX633542	SZAXPI021629-16	PAIRED	WGS	METAGENOMIC	ILLUMINA	Illumina HiSeq 2000	31580158	5855136558	ftp.sra.ebi.ac.uk/vol1/fastq/ERR688/ERR688541/ERR688541_1.fastq.gz;ftp.sra.ebi.ac.uk/vol1/fastq/ERR688/ERR688541/ERR688541_2.fastq.gz	138a65238ce76148c32860d6f987d703;41973f1270ddd1c3c2a3eef4f4afdc35	2734852178;2792656579		Stool sample from carcinoma
ERR688546	PRJEB7774	SAMEA3136685	ERS608536	31477	ERX633547	SZAXPI022080-95	PAIRED	WGS	METAGENOMIC	ILLUMINA	Illumina HiSeq 2000	29200249	5401622784	ftp.sra.ebi.ac.uk/vol1/fastq/ERR688/ERR688546/ERR688546_1.fastq.gz;ftp.sra.ebi.ac.uk/vol1/fastq/ERR688/ERR688546/ERR688546_2.fastq.gz	e30757d35d9b9250526f83074123905f;5cb3c5df106cbffed955002d404836d7	2312998142;2514824312		Stool sample from advanced adenoma
ERR688549	PRJEB7774	SAMEA3136692	ERS608543	31501	ERX633550	SZAXPI021927-47	PAIRED	WGS	METAGENOMIC	ILLUMINA	Illumina HiSeq 2000	39170675	7382256125	ftp.sra.ebi.ac.uk/vol1/fastq/ERR688/ERR688549/ERR688549_1.fastq.gz;ftp.sra.ebi.ac.uk/vol1/fastq/ERR688/ERR688549/ERR688549_2.fastq.gz	56094a5aa39d80751ae64be8a0aab744;46554c3f8e63bc79117ed97fd65931a0	3405996653;3480315329		Stool sample from advanced adenoma
ERR688565	PRJEB7774	SAMEA3136658	ERS608509	31750	ERX633566	SZAXPI022062-21	PAIRED	WGS	METAGENOMIC	ILLUMINA	Illumina HiSeq 2000	27165858	5020468489	ftp.sra.ebi.ac.uk/vol1/fastq/ERR688/ERR688565/ERR688565_1.fastq.gz;ftp.sra.ebi.ac.uk/vol1/fastq/ERR688/ERR688565/ERR688565_2.fastq.gz	2a125131487dbbecf68853f073e235f4;c0815da7776a40ad20637a059840a44c	2325662510;2302827762		Stool sample from controls
ERR688567	PRJEB7774	SAMEA3136753	ERS608604	31884	ERX633568	SZAXPI021655-129	PAIRED	WGS	METAGENOMIC	ILLUMINA	Illumina HiSeq 2000	23197613	4266331228	ftp.sra.ebi.ac.uk/vol1/fastq/ERR688/ERR688567/ERR688567_1.fastq.gz;ftp.sra.ebi.ac.uk/vol1/fastq/ERR688/ERR688567/ERR688567_2.fastq.gz	aa7a0374ef67db070451be61a62eb3e1;00ad776fc91303beaed465f68b7f5831	2036561372;2100328876		Stool sample from carcinoma
ERR688569	PRJEB7774	SAMEA3136726	ERS608577	31866	ERX633570	SZAXPI021631-20	PAIRED	WGS	METAGENOMIC	ILLUMINA	Illumina HiSeq 2000	31222562	5597958444	ftp.sra.ebi.ac.uk/vol1/fastq/ERR688/ERR688569/ERR688569_1.fastq.gz;ftp.sra.ebi.ac.uk/vol1/fastq/ERR688/ERR688569/ERR688569_2.fastq.gz	84370fdcc87cf206b04a03bf301c726d;09e795eacc9bd0c03da49bee09b4a2a4	2623318672;2667096084		Stool sample from carcinoma
ERR688583	PRJEB7774	SAMEA3136763	ERS608614	31883	ERX633584	SZAXPI021717-20	PAIRED	WGS	METAGENOMIC	ILLUMINA	Illumina HiSeq 2000	36202656	6744431781	ftp.sra.ebi.ac.uk/vol1/fastq/ERR688/ERR688583/ERR688583_1.fastq.gz;ftp.sra.ebi.ac.uk/vol1/fastq/ERR688/ERR688583/ERR688583_2.fastq.gz	b34effe4060534751b2050e5ca0b225f;0c3ba99471cec81a71fbfeb9e8ae79a2	3159591460;3247445569		Stool sample from carcinoma
ERR688594	PRJEB7774	SAMEA3136639	ERS608490	530074	ERX633595	SZAXPI022044-93	PAIRED	WGS	METAGENOMIC	ILLUMINA	Illumina HiSeq 2000	21835542	4027122271	ftp.sra.ebi.ac.uk/vol1/fastq/ERR688/ERR688594/ERR688594_1.fastq.gz;ftp.sra.ebi.ac.uk/vol1/fastq/ERR688/ERR688594/ERR688594_2.fastq.gz	c820854abf5f5efda37d2b177b7f2a50;87c663b1ad3978c58d34d431642f463a	1811537207;1858132376		Stool sample from controls
ERR688601	PRJEB7774	SAMEA3136682	ERS608533	530168	ERX633602	SZAXPI021721-27	PAIRED	WGS	METAGENOMIC	ILLUMINA	Illumina HiSeq 2000	27311801	5159219388	ftp.sra.ebi.ac.uk/vol1/fastq/ERR688/ERR688601/ERR688601_1.fastq.gz;ftp.sra.ebi.ac.uk/vol1/fastq/ERR688/ERR688601/ERR688601_2.fastq.gz	9dccbd10de3a4e232f1ae435bdbff15c;12f2658849312f7df1cf04d931c482a5	2170169417;2258915638		Stool sample from advanced adenoma
ERR688603	PRJEB7774	SAMEA3136631	ERS608482	530177	ERX633604	SZAXPI021962-45	PAIRED	WGS	METAGENOMIC	ILLUMINA	Illumina HiSeq 2000	24780764	4694058101	ftp.sra.ebi.ac.uk/vol1/fastq/ERR688/ERR688603/ERR688603_1.fastq.gz;ftp.sra.ebi.ac.uk/vol1/fastq/ERR688/ERR688603/ERR688603_2.fastq.gz	a339cd352dc011aa95047459669957a5;83c43dba35a053c97b184811c1261046	2053865633;2117300970		Stool sample from controls
ERR688608	PRJEB7774	SAMEA3136672	ERS608523	530258	ERX633609	SZAXPI022074-87	PAIRED	WGS	METAGENOMIC	ILLUMINA	Illumina HiSeq 2000	23631423	4441160072	ftp.sra.ebi.ac.uk/vol1/fastq/ERR688/ERR688608/ERR688608_1.fastq.gz;ftp.sra.ebi.ac.uk/vol1/fastq/ERR688/ERR688608/ERR688608_2.fastq.gz	ba50887533869832344283e4ffc8bc7b;2b8e8f7daed1cb68f7fb226f22e8a5b4	1973059130;2044225255		Stool sample from controls
ERR688615	PRJEB7774	SAMEA3136720	ERS608571	530348	ERX633616	SZAXPI021953-24	PAIRED	WGS	METAGENOMIC	ILLUMINA	Illumina HiSeq 2000	27309966	5172230072	ftp.sra.ebi.ac.uk/vol1/fastq/ERR688/ERR688615/ERR688615_1.fastq.gz;ftp.sra.ebi.ac.uk/vol1/fastq/ERR688/ERR688615/ERR688615_2.fastq.gz	b3defde1e7a683e85420c6674d622a6f;6d591108531acaa3ddfc57cb31346631	2287057570;2344804689		Stool sample from advanced adenoma
ERR688618	PRJEB7774	SAMEA3136732	ERS608583	530373	ERX633619	SZAXPI021634-27	PAIRED	WGS	METAGENOMIC	ILLUMINA	Illumina HiSeq 2000	25369054	4715595335	ftp.sra.ebi.ac.uk/vol1/fastq/ERR688/ERR688618/ERR688618_1.fastq.gz;ftp.sra.ebi.ac.uk/vol1/fastq/ERR688/ERR688618/ERR688618_2.fastq.gz	b650414a9fafa0768ed69e2057fb5ae0;f41ebe7bd698c7a3e9760eb15092a9e5	2175866414;2235657480		Stool sample from carcinoma
ERR688629	PRJEB7774	SAMEA3136701	ERS608552	530705	ERX633630	SZAXPI021936-102	PAIRED	WGS	METAGENOMIC	ILLUMINA	Illumina HiSeq 2000	23059238	4328681310	ftp.sra.ebi.ac.uk/vol1/fastq/ERR688/ERR688629/ERR688629_1.fastq.gz;ftp.sra.ebi.ac.uk/vol1/fastq/ERR688/ERR688629/ERR688629_2.fastq.gz	cd1a3440b1ed65c45ebf52e9e29acbfa;4b86aa1688ea1246b8051aa9d0d084b9	1922064947;1997802778		Stool sample from advanced adenoma
ERR688633	PRJEB7774	SAMEA3136700	ERS608551	530867	ERX633634	SZAXPI021935-95	PAIRED	WGS	METAGENOMIC	ILLUMINA	Illumina HiSeq 2000	32710495	5960785871	ftp.sra.ebi.ac.uk/vol1/fastq/ERR688/ERR688633/ERR688633_1.fastq.gz;ftp.sra.ebi.ac.uk/vol1/fastq/ERR688/ERR688633/ERR688633_2.fastq.gz	161a543eb670eae7cbb10ae0c1165bd3;25de70845d1409dc05c2bb8b8bcc9916	2673807566;2727784228		Stool sample from advanced adenoma
ERR688635	PRJEB7774	SAMEA3136759	ERS608610	531128	ERX633636	SZAXPI021689-166	PAIRED	WGS	METAGENOMIC	ILLUMINA	Illumina HiSeq 2000	22537125	4172640155	ftp.sra.ebi.ac.uk/vol1/fastq/ERR688/ERR688635/ERR688635_1.fastq.gz;ftp.sra.ebi.ac.uk/vol1/fastq/ERR688/ERR688635/ERR688635_2.fastq.gz	ef77d2024bb8dc697d8313cdb36ced00;af552ddca8ddeca409b2afaa88ad2b54	1998284903;2046046066		Stool sample from carcinoma
ERR688637	PRJEB7774	SAMEA3136757	ERS608608	531248	ERX633638	SZAXPI021692-142	PAIRED	WGS	METAGENOMIC	ILLUMINA	Illumina HiSeq 2000	30100955	5600253027	ftp.sra.ebi.ac.uk/vol1/fastq/ERR688/ERR688637/ERR688637_1.fastq.gz;ftp.sra.ebi.ac.uk/vol1/fastq/ERR688/ERR688637/ERR688637_2.fastq.gz	f282e57ac7e95ca38efb5dc2f00b2e11;aaa252756b88bfd5ee45a0012cf87870	2657827972;2748717816		Stool sample from carcinoma
ERR688640	PRJEB7774	SAMEA3136730	ERS608581	531281	ERX633641	SZAXPI021665-25	PAIRED	WGS	METAGENOMIC	ILLUMINA	Illumina HiSeq 2000	28651553	5302929320	ftp.sra.ebi.ac.uk/vol1/fastq/ERR688/ERR688640/ERR688640_1.fastq.gz;ftp.sra.ebi.ac.uk/vol1/fastq/ERR688/ERR688640/ERR688640_2.fastq.gz	d67db1b9b9253e1653f26c06b48039ad;357663f570565be796d1c2a6beab8d24	2457874816;2513269972		Stool sample from carcinoma
ERR688646	PRJEB7774	SAMEA3136669	ERS608520	531414	ERX633647	SZAXPI022072-47	PAIRED	WGS	METAGENOMIC	ILLUMINA	Illumina HiSeq 2000	26879103	5062069967	ftp.sra.ebi.ac.uk/vol1/fastq/ERR688/ERR688646/ERR688646_1.fastq.gz;ftp.sra.ebi.ac.uk/vol1/fastq/ERR688/ERR688646/ERR688646_2.fastq.gz	58ff6e9dadbfc98864338b5a54a3c078;0cdcb0b0ffdfd3e9938f387d63711b9b	2245393478;2314446703		Stool sample from controls
ERR688649	PRJEB7774	SAMEA3136739	ERS608590	531469	ERX633650	SZAXPI021639-45	PAIRED	WGS	METAGENOMIC	ILLUMINA	Illumina HiSeq 2000	24786392	4643146298	ftp.sra.ebi.ac.uk/vol1/fastq/ERR688/ERR688649/ERR688649_1.fastq.gz;ftp.sra.ebi.ac.uk/vol1/fastq/ERR688/ERR688649/ERR688649_2.fastq.gz	2f96245c169976595a2afa73b3bcf7c6;9e20738a10555a33ccf615216b51c5b8	2069465298;2102246267		Stool sample from carcinoma
ERR710418	PRJEB7774	SAMEA3178937	ERS631827	532779	ERX654640	RSZAXPI000650-17	SINGLE	WGS	METAGENOMIC	ILLUMINA	Illumina HiSeq 2000	529613	45870786	ftp.sra.ebi.ac.uk/vol1/fastq/ERR710/ERR710418/ERR710418.fastq.gz	d33c4f871aa5480011c1172924a7c21a	46659542		Stool sample from controls
ERR710429	PRJEB7774	SAMEA3178939	ERS631829	532802	ERX654651	RSZAXPI000652-19	PAIRED	WGS	METAGENOMIC	ILLUMINA	Illumina HiSeq 2000	20376523	3807917591	ftp.sra.ebi.ac.uk/vol1/fastq/ERR710/ERR710429/ERR710429_1.fastq.gz;ftp.sra.ebi.ac.uk/vol1/fastq/ERR710/ERR710429/ERR710429_2.fastq.gz	7a8b19cfca3e14f57d80ff49ceb3d9c4;9113885c01dea45d0fa2b7e105d780df	1724761970;1773187876		Stool sample from controls
ERR688359	PRJEB7774	SAMEA3136648	ERS608499	31009	ERX633360	SZAXPI022053-133	SINGLE	WGS	METAGENOMIC	ILLUMINA	Illumina HiSeq 2000	1158189	102874412	ftp.sra.ebi.ac.uk/vol1/fastq/ERR688/ERR688359/ERR688359.fastq.gz	891ae71035f90e8fefe6699bbeb0f90a	103709762		Stool sample from controls
ERR688372	PRJEB7774	SAMEA3136714	ERS608565	31233	ERX633373	SZAXPI021947-169	SINGLE	WGS	METAGENOMIC	ILLUMINA	Illumina HiSeq 2000	819620	72926587	ftp.sra.ebi.ac.uk/vol1/fastq/ERR688/ERR688372/ERR688372.fastq.gz	d0ebf3480362827cf9d9109e4383e814	72243858		Stool sample from advanced adenoma
ERR688376	PRJEB7774	SAMEA3136676	ERS608527	31267	ERX633377	SZAXPI022076-89	SINGLE	WGS	METAGENOMIC	ILLUMINA	Illumina HiSeq 2000	1059597	95171906	ftp.sra.ebi.ac.uk/vol1/fastq/ERR688/ERR688376/ERR688376.fastq.gz	46d2c9b485c6c8f3ff63bfc6f8dc8c85	94137057		Stool sample from controls
ERR688379	PRJEB7774	SAMEA3136704	ERS608555	31282	ERX633380	SZAXPI021938-111	SINGLE	WGS	METAGENOMIC	ILLUMINA	Illumina HiSeq 2000	799388	71801067	ftp.sra.ebi.ac.uk/vol1/fastq/ERR688/ERR688379/ERR688379.fastq.gz	a8120902fe8eb800eee9a0c7b1b08251	71230424		Stool sample from advanced adenoma
ERR688385	PRJEB7774	SAMEA3136665	ERS608516	31343	ERX633386	SZAXPI022069-37	SINGLE	WGS	METAGENOMIC	ILLUMINA	Illumina HiSeq 2000	989504	86195075	ftp.sra.ebi.ac.uk/vol1/fastq/ERR688/ERR688385/ERR688385.fastq.gz	570b0f4f5e2ed068c685e5f02aa07975	85271017		Stool sample from controls
ERR688389	PRJEB7774	SAMEA3136680	ERS608531	31398	ERX633390	SZAXPI021670-25	SINGLE	WGS	METAGENOMIC	ILLUMINA	Illumina HiSeq 2000	736441	63041989	ftp.sra.ebi.ac.uk/vol1/fastq/ERR688/ERR688389/ERR688389.fastq.gz	e1c990363389b8b790e8ab370ec681f3	66687894		Stool sample from advanced adenoma
ERR688394	PRJEB7774	SAMEA3136724	ERS608575	31446	ERX633395	SZAXPI021629-16	SINGLE	WGS	METAGENOMIC	ILLUMINA	Illumina HiSeq 2000	1187144	99733950	ftp.sra.ebi.ac.uk/vol1/fastq/ERR688/ERR688394/ERR688394.fastq.gz	2082b138e587f6e73a04bff8cefd209e	106561688		Stool sample from carcinoma
ERR688395	PRJEB7774	SAMEA3136706	ERS608557	31449	ERX633396	SZAXPI021940-123	SINGLE	WGS	METAGENOMIC	ILLUMINA	Illumina HiSeq 2000	1030824	90613327	ftp.sra.ebi.ac.uk/vol1/fastq/ERR688/ERR688395/ERR688395.fastq.gz	e323a123dee52be7ecf0ed50ace4cd65	89123715		Stool sample from advanced adenoma
ERR688402	PRJEB7774	SAMEA3136692	ERS608543	31501	ERX633403	SZAXPI021927-47	SINGLE	WGS	METAGENOMIC	ILLUMINA	Illumina HiSeq 2000	1483092	127693020	ftp.sra.ebi.ac.uk/vol1/fastq/ERR688/ERR688402/ERR688402.fastq.gz	20eab57770cf64b2d8b89d3c37c79125	130130509		Stool sample from advanced adenoma
ERR688403	PRJEB7774	SAMEA3136662	ERS608513	31512	ERX633404	SZAXPI022066-32	SINGLE	WGS	METAGENOMIC	ILLUMINA	Illumina HiSeq 2000	923475	82884969	ftp.sra.ebi.ac.uk/vol1/fastq/ERR688/ERR688403/ERR688403.fastq.gz	2f5bca2d7d1b195c54eed0c40ae08a80	79350453		Stool sample from controls
ERR688410	PRJEB7774	SAMEA3136679	ERS608530	31637	ERX633411	SZAXPI022082-24	SINGLE	WGS	METAGENOMIC	ILLUMINA	Illumina HiSeq 2000	1120976	100228677	ftp.sra.ebi.ac.uk/vol1/fastq/ERR688/ERR688410/ERR688410.fastq.gz	adc1987578961ee432a1d591865b9e49	99926860		Stool sample from controls
ERR688421	PRJEB7774	SAMEA3136737	ERS608588	31865	ERX633422	SZAXPI021667-39	SINGLE	WGS	METAGENOMIC	ILLUMINA	Illumina HiSeq 2000	632227	52420039	ftp.sra.ebi.ac.uk/vol1/fastq/ERR688/ERR688421/ERR688421.fastq.gz	97d5788632e44f2d83ec2dc032c88a01	53880766		Stool sample from carcinoma
ERR688423	PRJEB7774	SAMEA3136734	ERS608585	31868	ERX633424	SZAXPI021666-33	SINGLE	WGS	METAGENOMIC	ILLUMINA	Illumina HiSeq 2000	953760	80300350	ftp.sra.ebi.ac.uk/vol1/fastq/ERR688/ERR688423/ERR688423.fastq.gz	93051f6859739440bbd03a45b985b97e	84996975		Stool sample from carcinoma
ERR688424	PRJEB7774	SAMEA3136758	ERS608609	31870	ERX633425	SZAXPI021693-158	SINGLE	WGS	METAGENOMIC	ILLUMINA	Illumina HiSeq 2000	864213	72666878	ftp.sra.ebi.ac.uk/vol1/fastq/ERR688/ERR688424/ERR688424.fastq.gz	48011d7ea4287eddb1764cb18f788cb7	78710816		Stool sample from carcinoma
ERR688427	PRJEB7774	SAMEA3136760	ERS608611	31873	ERX633428	SZAXPI021690-169	SINGLE	WGS	METAGENOMIC	ILLUMINA	Illumina HiSeq 2000	1019982	82208205	ftp.sra.ebi.ac.uk/vol1/fastq/ERR688/ERR688427/ERR688427.fastq.gz	f5954cf9fb8ccdeccd141c38e0f1c78f	91558057		Stool sample from carcinoma
ERR688435	PRJEB7774	SAMEA3136725	ERS608576	31881	ERX633436	SZAXPI021630-17	SINGLE	WGS	METAGENOMIC	ILLUMINA	Illumina HiSeq 2000	1354458	111787133	ftp.sra.ebi.ac.uk/vol1/fastq/ERR688/ERR688435/ERR688435.fastq.gz	7f660b15e2c88a98e761a15707c6a511	120837988		Stool sample from carcinoma
ERR688437	PRJEB7774	SAMEA3136708	ERS608559	530018	ERX633438	SZAXPI021942-133	SINGLE	WGS	METAGENOMIC	ILLUMINA	Illumina HiSeq 2000	807993	71228008	ftp.sra.ebi.ac.uk/vol1/fastq/ERR688/ERR688437/ERR688437.fastq.gz	899ff7e333647fd484cd7931cbf9ce79	70736575		Stool sample from advanced adenoma
ERR688439	PRJEB7774	SAMEA3136705	ERS608556	530028	ERX633440	SZAXPI021939-113	SINGLE	WGS	METAGENOMIC	ILLUMINA	Illumina HiSeq 2000	702420	63067961	ftp.sra.ebi.ac.uk/vol1/fastq/ERR688/ERR688439/ERR688439.fastq.gz	0c4e995dc284baffb99654f392e9e7d4	62355183		Stool sample from advanced adenoma
ERR688451	PRJEB7774	SAMEA3136636	ERS608487	530154	ERX633452	SZAXPI021967-88	SINGLE	WGS	METAGENOMIC	ILLUMINA	Illumina HiSeq 2000	1050429	92232107	ftp.sra.ebi.ac.uk/vol1/fastq/ERR688/ERR688451/ERR688451.fastq.gz	ba500b357eed0da4a25d3edd7ce3b556	96767329		Stool sample from controls
ERR688459	PRJEB7774	SAMEA3136640	ERS608491	530227	ERX633460	SZAXPI022045-94	SINGLE	WGS	METAGENOMIC	ILLUMINA	Illumina HiSeq 2000	947863	86925954	ftp.sra.ebi.ac.uk/vol1/fastq/ERR688/ERR688459/ERR688459.fastq.gz	7f88aaa3c3d38c34a708bf7771106652	83662765		Stool sample from controls
ERR688461	PRJEB7774	SAMEA3136672	ERS608523	530258	ERX633462	SZAXPI022074-87	SINGLE	WGS	METAGENOMIC	ILLUMINA	Illumina HiSeq 2000	956538	84698402	ftp.sra.ebi.ac.uk/vol1/fastq/ERR688/ERR688461/ERR688461.fastq.gz	c796f260ddd4cccc128aa76a2e33a528	84324247		Stool sample from controls
ERR688463	PRJEB7774	SAMEA3136642	ERS608493	530295	ERX633464	SZAXPI022047-102	SINGLE	WGS	METAGENOMIC	ILLUMINA	Illumina HiSeq 2000	1198541	106799839	ftp.sra.ebi.ac.uk/vol1/fastq/ERR688/ERR688463/ERR688463.fastq.gz	19cb96e6136a0098394b70f5fd7e5af8	105125384		Stool sample from controls
ERR688467	PRJEB7774	SAMEA3136671	ERS608522	530331	ERX633468	SZAXPI022431-84	SINGLE	WGS	METAGENOMIC	ILLUMINA	Illumina HiSeq 2000	892649	78425703	ftp.sra.ebi.ac.uk/vol1/fastq/ERR688/ERR688467/ERR688467.fastq.gz	52918e45c1b0255796379dc1b0043af5	78006753		Stool sample from controls
ERR688470	PRJEB7774	SAMEA3136643	ERS608494	530368	ERX633471	SZAXPI022048-108	SINGLE	WGS	METAGENOMIC	ILLUMINA	Illumina HiSeq 2000	797017	70209894	ftp.sra.ebi.ac.uk/vol1/fastq/ERR688/ERR688470/ERR688470.fastq.gz	9e0db1b18f2aec4ff5e20e9985c3018f	69921061		Stool sample from controls
ERR688478	PRJEB7774	SAMEA3136697	ERS608548	530558	ERX633479	SZAXPI021931-89	SINGLE	WGS	METAGENOMIC	ILLUMINA	Illumina HiSeq 2000	773218	67831137	ftp.sra.ebi.ac.uk/vol1/fastq/ERR688/ERR688478/ERR688478.fastq.gz	ab5e87e95d81e58e3a7608c75bd7814c	69004937		Stool sample from advanced adenoma
ERR688485	PRJEB7774	SAMEA3136723	ERS608574	530840	ERX633486	SZAXPI021934-94	SINGLE	WGS	METAGENOMIC	ILLUMINA	Illumina HiSeq 2000	1103483	97235126	ftp.sra.ebi.ac.uk/vol1/fastq/ERR688/ERR688485/ERR688485.fastq.gz	1044e9abb75b0cc12e0fad05a94c3397	97030856		Stool sample from advanced adenoma
ERR688490	PRJEB7774	SAMEA3136757	ERS608608	531248	ERX633491	SZAXPI021692-142	SINGLE	WGS	METAGENOMIC	ILLUMINA	Illumina HiSeq 2000	800302	66046255	ftp.sra.ebi.ac.uk/vol1/fastq/ERR688/ERR688490/ERR688490.fastq.gz	d99776d3fd006df0826d4af7818773f0	73577694		Stool sample from carcinoma
ERR688491	PRJEB7774	SAMEA3136768	ERS608619	531274	ERX633492	SZAXPI021719-23	SINGLE	WGS	METAGENOMIC	ILLUMINA	Illumina HiSeq 2000	1740177	145158759	ftp.sra.ebi.ac.uk/vol1/fastq/ERR688/ERR688491/ERR688491.fastq.gz	b3e088fe5f87e89a2bdeac75c757e70c	159184227		Stool sample from carcinoma
ERR688496	PRJEB7774	SAMEA3136735	ERS608586	531361	ERX633497	SZAXPI021636-36	SINGLE	WGS	METAGENOMIC	ILLUMINA	Illumina HiSeq 2000	780956	67739135	ftp.sra.ebi.ac.uk/vol1/fastq/ERR688/ERR688496/ERR688496.fastq.gz	9b3d234bd5a0b438e27fa2935e2b697f	68280853		Stool sample from carcinoma
ERR688500	PRJEB7774	SAMEA3136741	ERS608592	531416	ERX633501	SZAXPI021642-84	SINGLE	WGS	METAGENOMIC	ILLUMINA	Illumina HiSeq 2000	708229	59017524	ftp.sra.ebi.ac.uk/vol1/fastq/ERR688/ERR688500/ERR688500.fastq.gz	648b4562bd7e92f73dcee83923d92b5b	64444462		Stool sample from carcinoma
ERR688510	PRJEB7774	SAMEA3136657	ERS608508	31112	ERX633511	SZAXPI022084-20	PAIRED	WGS	METAGENOMIC	ILLUMINA	Illumina HiSeq 2000	24762672	4685127053	ftp.sra.ebi.ac.uk/vol1/fastq/ERR688/ERR688510/ERR688510_1.fastq.gz;ftp.sra.ebi.ac.uk/vol1/fastq/ERR688/ERR688510/ERR688510_2.fastq.gz	669b784da295049c28717525df921dfe;9f4b4808bbb75466ca8b79379d4afa0d	2109955874;2178046880		Stool sample from controls
ERR688512	PRJEB7774	SAMEA3136712	ERS608563	31137	ERX633513	SZAXPI021945-158	PAIRED	WGS	METAGENOMIC	ILLUMINA	Illumina HiSeq 2000	32109723	6134011784	ftp.sra.ebi.ac.uk/vol1/fastq/ERR688/ERR688512/ERR688512_1.fastq.gz;ftp.sra.ebi.ac.uk/vol1/fastq/ERR688/ERR688512/ERR688512_2.fastq.gz	cf423b61dc80e64dce2fafd7c6b3edec;66677322c5a422678f7aa15bad720c41	2703072537;2787926538		Stool sample from advanced adenoma
ERR688521	PRJEB7774	SAMEA3136747	ERS608598	31237	ERX633522	SZAXPI021649-102	PAIRED	WGS	METAGENOMIC	ILLUMINA	Illumina HiSeq 2000	26617685	4962039111	ftp.sra.ebi.ac.uk/vol1/fastq/ERR688/ERR688521/ERR688521_1.fastq.gz;ftp.sra.ebi.ac.uk/vol1/fastq/ERR688/ERR688521/ERR688521_2.fastq.gz	e95eee6b67c2a98d31b42474cb20897d;3bd9d3c68269da86a98dba20c96fe744	2328186941;2417539723		Stool sample from carcinoma
ERR688523	PRJEB7774	SAMEA3136676	ERS608527	31267	ERX633524	SZAXPI022076-89	PAIRED	WGS	METAGENOMIC	ILLUMINA	Illumina HiSeq 2000	25384083	4712567291	ftp.sra.ebi.ac.uk/vol1/fastq/ERR688/ERR688523/ERR688523_1.fastq.gz;ftp.sra.ebi.ac.uk/vol1/fastq/ERR688/ERR688523/ERR688523_2.fastq.gz	673cc3fddf98ea1a304a9085b134cfe0;bb4318c65c6cc02ac9dd55e0093528e4	2126100423;2121355866		Stool sample from controls
ERR688531	PRJEB7774	SAMEA3136702	ERS608553	31337	ERX633532	SZAXPI021672-108	PAIRED	WGS	METAGENOMIC	ILLUMINA	Illumina HiSeq 2000	20260031	3788272288	ftp.sra.ebi.ac.uk/vol1/fastq/ERR688/ERR688531/ERR688531_1.fastq.gz;ftp.sra.ebi.ac.uk/vol1/fastq/ERR688/ERR688531/ERR688531_2.fastq.gz	c4b95259d4fcde524fdfb001031f80ee;3fec55ff105d21e255cf40f6e332f320	1780471265;1830592207		Stool sample from advanced adenoma
ERR688534	PRJEB7774	SAMEA3136765	ERS608616	31367	ERX633535	SZAXPI021640-47	PAIRED	WGS	METAGENOMIC	ILLUMINA	Illumina HiSeq 2000	31308192	5783050146	ftp.sra.ebi.ac.uk/vol1/fastq/ERR688/ERR688534/ERR688534_1.fastq.gz;ftp.sra.ebi.ac.uk/vol1/fastq/ERR688/ERR688534/ERR688534_2.fastq.gz	f61954cb1720e9198b916a57c1cedcd4;2cd876ae1c3cc2303b29a9b59cbbbeec	2623259990;2707675793		Stool sample from carcinoma
ERR688543	PRJEB7774	SAMEA3136668	ERS608519	31450	ERX633544	SZAXPI021674-45	PAIRED	WGS	METAGENOMIC	ILLUMINA	Illumina HiSeq 2000	19512735	3578677176	ftp.sra.ebi.ac.uk/vol1/fastq/ERR688/ERR688543/ERR688543_1.fastq.gz;ftp.sra.ebi.ac.uk/vol1/fastq/ERR688/ERR688543/ERR688543_2.fastq.gz	5d7546fdc882bfd87df987cdb136ac49;642befb096ac8d67441b4ab72bf436e2	1752833756;1752372354		Stool sample from controls
ERR688553	PRJEB7774	SAMEA3136728	ERS608579	31549	ERX633554	SZAXPI021663-23	PAIRED	WGS	METAGENOMIC	ILLUMINA	Illumina HiSeq 2000	27886772	5218798290	ftp.sra.ebi.ac.uk/vol1/fastq/ERR688/ERR688553/ERR688553_1.fastq.gz;ftp.sra.ebi.ac.uk/vol1/fastq/ERR688/ERR688553/ERR688553_2.fastq.gz	0ed1095455c38185b39a27546ba423e1;5b2c5a096e4d5b6e77ab9c744b806117	2381458598;2447719604		Stool sample from carcinoma
ERR688573	PRJEB7774	SAMEA3136742	ERS608593	31872	ERX633574	SZAXPI021644-88	PAIRED	WGS	METAGENOMIC	ILLUMINA	Illumina HiSeq 2000	27671795	5114931041	ftp.sra.ebi.ac.uk/vol1/fastq/ERR688/ERR688573/ERR688573_1.fastq.gz;ftp.sra.ebi.ac.uk/vol1/fastq/ERR688/ERR688573/ERR688573_2.fastq.gz	c5fe9a9bf86b37d696be6132d144f75c;cfd27549613e8a703cd5c57cb17f7ab9	2381226551;2455007487		Stool sample from carcinoma
ERR688575	PRJEB7774	SAMEA3136727	ERS608578	31874	ERX633576	SZAXPI021632-21	PAIRED	WGS	METAGENOMIC	ILLUMINA	Illumina HiSeq 2000	30227502	5601819282	ftp.sra.ebi.ac.uk/vol1/fastq/ERR688/ERR688575/ERR688575_1.fastq.gz;ftp.sra.ebi.ac.uk/vol1/fastq/ERR688/ERR688575/ERR688575_2.fastq.gz	10229b809c8024ccfd05d136b535fe24;b3f9c0fc4b0c5627d15af8f60488d3a7	2589441404;2641884977		Stool sample from carcinoma
ERR688580	PRJEB7774	SAMEA3136767	ERS608618	31879	ERX633581	SZAXPI021647-94	PAIRED	WGS	METAGENOMIC	ILLUMINA	Illumina HiSeq 2000	27416746	5039447297	ftp.sra.ebi.ac.uk/vol1/fastq/ERR688/ERR688580/ERR688580_1.fastq.gz;ftp.sra.ebi.ac.uk/vol1/fastq/ERR688/ERR688580/ERR688580_2.fastq.gz	d6aef520462a2467c2cf3905c985b27f;af2f8dba166a7cd5ce2ce67d18fc0432	2346341493;2456090475		Stool sample from carcinoma
ERR688587	PRJEB7774	SAMEA3136687	ERS608538	530002	ERX633588	SZAXPI021723-33	PAIRED	WGS	METAGENOMIC	ILLUMINA	Illumina HiSeq 2000	28903806	5458096663	ftp.sra.ebi.ac.uk/vol1/fastq/ERR688/ERR688587/ERR688587_1.fastq.gz;ftp.sra.ebi.ac.uk/vol1/fastq/ERR688/ERR688587/ERR688587_2.fastq.gz	5177854d693ebfce19c6d81a593503d8;f888ece30af9076d16495f1bed7baaa8	2296549560;2386647649		Stool sample from advanced adenoma
ERR688588	PRJEB7774	SAMEA3136710	ERS608561	530039	ERX633589	SZAXPI022088-140	PAIRED	WGS	METAGENOMIC	ILLUMINA	Illumina HiSeq 2000	21552865	4109212999	ftp.sra.ebi.ac.uk/vol1/fastq/ERR688/ERR688588/ERR688588_1.fastq.gz;ftp.sra.ebi.ac.uk/vol1/fastq/ERR688/ERR688588/ERR688588_2.fastq.gz	09f1beceaa4d1bfe97aafe256b18498c;9577700abc7454ea1340f7dc1bef647c	1772679283;1840245922		Stool sample from advanced adenoma
ERR688590	PRJEB7774	SAMEA3136629	ERS608480	530050	ERX633591	SZAXPI021960-39	PAIRED	WGS	METAGENOMIC	ILLUMINA	Illumina HiSeq 2000	20201402	3820423552	ftp.sra.ebi.ac.uk/vol1/fastq/ERR688/ERR688590/ERR688590_1.fastq.gz;ftp.sra.ebi.ac.uk/vol1/fastq/ERR688/ERR688590/ERR688590_2.fastq.gz	6964cc6f5b382c10c51869b0204dfca0;cfff58f91e150e40173cddad62cec7eb	1675414746;1722969799		Stool sample from controls
ERR688598	PRJEB7774	SAMEA3136636	ERS608487	530154	ERX633599	SZAXPI021967-88	PAIRED	WGS	METAGENOMIC	ILLUMINA	Illumina HiSeq 2000	28370594	5325631871	ftp.sra.ebi.ac.uk/vol1/fastq/ERR688/ERR688598/ERR688598_1.fastq.gz;ftp.sra.ebi.ac.uk/vol1/fastq/ERR688/ERR688598/ERR688598_2.fastq.gz	45ff21a5d01ed40809b8805d3e6fb6f7;24eb1e9398b8c88a61fd16c7ec4c3c86	2526792830;2573297346		Stool sample from controls
ERR688599	PRJEB7774	SAMEA3136655	ERS608506	530163	ERX633600	SZAXPI022060-16	PAIRED	WGS	METAGENOMIC	ILLUMINA	Illumina HiSeq 2000	26625167	5008128193	ftp.sra.ebi.ac.uk/vol1/fastq/ERR688/ERR688599/ERR688599_1.fastq.gz;ftp.sra.ebi.ac.uk/vol1/fastq/ERR688/ERR688599/ERR688599_2.fastq.gz	f57f6ccc279627fe75ce211051baba51;3dad21dd70a45854290654216f3c78e9	2271761089;2334914446		Stool sample from controls
ERR688611	PRJEB7774	SAMEA3136694	ERS608545	530297	ERX633612	SZAXPI021928-84	PAIRED	WGS	METAGENOMIC	ILLUMINA	Illumina HiSeq 2000	27641168	4974167090	ftp.sra.ebi.ac.uk/vol1/fastq/ERR688/ERR688611/ERR688611_1.fastq.gz;ftp.sra.ebi.ac.uk/vol1/fastq/ERR688/ERR688611/ERR688611_2.fastq.gz	3f3edaf4a065a97d6db919322e5619fa;7c8f2e4073aa5db495bf4e3da6a8c956	2478301814;2571622989		Stool sample from advanced adenoma
ERR688613	PRJEB7774	SAMEA3136719	ERS608570	530323	ERX633614	SZAXPI021952-23	PAIRED	WGS	METAGENOMIC	ILLUMINA	Illumina HiSeq 2000	30930120	5872582849	ftp.sra.ebi.ac.uk/vol1/fastq/ERR688/ERR688613/ERR688613_1.fastq.gz;ftp.sra.ebi.ac.uk/vol1/fastq/ERR688/ERR688613/ERR688613_2.fastq.gz	ba312693c4e160936e7a9c63483f16a7;d7f2d1b90d940211119b0c17dd53474d	2575330030;2635629902		Stool sample from advanced adenoma
ERR688620	PRJEB7774	SAMEA3136715	ERS608566	530398	ERX633621	SZAXPI021948-16	PAIRED	WGS	METAGENOMIC	ILLUMINA	Illumina HiSeq 2000	29108157	5422268233	ftp.sra.ebi.ac.uk/vol1/fastq/ERR688/ERR688620/ERR688620_1.fastq.gz;ftp.sra.ebi.ac.uk/vol1/fastq/ERR688/ERR688620/ERR688620_2.fastq.gz	585b7dd8abd47af32bb22bf8cd3f579b;3303357534eb83ba9d67733bdb246af8	2441669166;2425797052		Stool sample from advanced adenoma
ERR688621	PRJEB7774	SAMEA3136686	ERS608537	530403	ERX633622	SZAXPI022083-102	PAIRED	WGS	METAGENOMIC	ILLUMINA	Illumina HiSeq 2000	29416034	5556816606	ftp.sra.ebi.ac.uk/vol1/fastq/ERR688/ERR688621/ERR688621_1.fastq.gz;ftp.sra.ebi.ac.uk/vol1/fastq/ERR688/ERR688621/ERR688621_2.fastq.gz	fe63f68d865a132fc91c718738dd436b;9691fbd4138a013017e60931702896e4	2435001898;2534915561		Stool sample from advanced adenoma
ERR688622	PRJEB7774	SAMEA3136637	ERS608488	530444	ERX633623	SZAXPI022087-89	PAIRED	WGS	METAGENOMIC	ILLUMINA	Illumina HiSeq 2000	24583040	4402826466	ftp.sra.ebi.ac.uk/vol1/fastq/ERR688/ERR688622/ERR688622_1.fastq.gz;ftp.sra.ebi.ac.uk/vol1/fastq/ERR688/ERR688622/ERR688622_2.fastq.gz	c412f3a60beac29f456450d4c2ba50cc;c92894e16f316392591bd590bd9ece92	2132316467;2161519029		Stool sample from controls
ERR688623	PRJEB7774	SAMEA3136717	ERS608568	530450	ERX633624	SZAXPI021950-20	PAIRED	WGS	METAGENOMIC	ILLUMINA	Illumina HiSeq 2000	26376787	4950788913	ftp.sra.ebi.ac.uk/vol1/fastq/ERR688/ERR688623/ERR688623_1.fastq.gz;ftp.sra.ebi.ac.uk/vol1/fastq/ERR688/ERR688623/ERR688623_2.fastq.gz	5f97a71de7eb9ae010e00785e31cb47b;a051833ce18e6248a0cd1693c6087c15	2172295840;2259529460		Stool sample from advanced adenoma
ERR688630	PRJEB7774	SAMEA3136699	ERS608550	530743	ERX633631	SZAXPI021933-93	PAIRED	WGS	METAGENOMIC	ILLUMINA	Illumina HiSeq 2000	25433150	4662298757	ftp.sra.ebi.ac.uk/vol1/fastq/ERR688/ERR688630/ERR688630_1.fastq.gz;ftp.sra.ebi.ac.uk/vol1/fastq/ERR688/ERR688630/ERR688630_2.fastq.gz	e4a3afad367e703903861fbab0a42c7c;1c4f2fe5041520e565a2fc429d3c47f6	2134304508;2150698966		Stool sample from advanced adenoma
ERR688632	PRJEB7774	SAMEA3136723	ERS608574	530840	ERX633633	SZAXPI021934-94	PAIRED	WGS	METAGENOMIC	ILLUMINA	Illumina HiSeq 2000	30084053	5637609253	ftp.sra.ebi.ac.uk/vol1/fastq/ERR688/ERR688632/ERR688632_1.fastq.gz;ftp.sra.ebi.ac.uk/vol1/fastq/ERR688/ERR688632/ERR688632_2.fastq.gz	f4cc428c00927bb21d97d8584b423a04;56bdbdb17cd59d98d37994cf3bc70aec	2524970381;2583375375		Stool sample from advanced adenoma
ERR688636	PRJEB7774	SAMEA3136733	ERS608584	531155	ERX633637	SZAXPI021635-32	PAIRED	WGS	METAGENOMIC	ILLUMINA	Illumina HiSeq 2000	28120088	5239911401	ftp.sra.ebi.ac.uk/vol1/fastq/ERR688/ERR688636/ERR688636_1.fastq.gz;ftp.sra.ebi.ac.uk/vol1/fastq/ERR688/ERR688636/ERR688636_2.fastq.gz	679c715bb86442b49088f788b7c749c0;9e7806e2354f5e12842651b725472b5b	2396864344;2450744342		Stool sample from carcinoma
ERR688641	PRJEB7774	SAMEA3136744	ERS608595	531333	ERX633642	SZAXPI021645-90	PAIRED	WGS	METAGENOMIC	ILLUMINA	Illumina HiSeq 2000	28467172	5333842305	ftp.sra.ebi.ac.uk/vol1/fastq/ERR688/ERR688641/ERR688641_1.fastq.gz;ftp.sra.ebi.ac.uk/vol1/fastq/ERR688/ERR688641/ERR688641_2.fastq.gz	02dd018191a5646f23aee29aa7d0b262;c56a061092189ea23baea1bf1cfad12d	2444646917;2548117413		Stool sample from carcinoma
ERR688648	PRJEB7774	SAMEA3136647	ERS608498	531424	ERX633649	SZAXPI021673-123	PAIRED	WGS	METAGENOMIC	ILLUMINA	Illumina HiSeq 2000	23309322	4350718940	ftp.sra.ebi.ac.uk/vol1/fastq/ERR688/ERR688648/ERR688648_1.fastq.gz;ftp.sra.ebi.ac.uk/vol1/fastq/ERR688/ERR688648/ERR688648_2.fastq.gz	b0cce9570dbd4c430a677361bbbf6ccf;0b6a91ef9c1eccb79825aed74d272e23	2057955811;2117737484		Stool sample from controls
ERR710420	PRJEB7774	SAMEA3178939	ERS631829	532802	ERX654642	RSZAXPI000652-19	SINGLE	WGS	METAGENOMIC	ILLUMINA	Illumina HiSeq 2000	727369	60778458	ftp.sra.ebi.ac.uk/vol1/fastq/ERR710/ERR710420/ERR710420.fastq.gz	03eaa6f411efc5ea0d3f58c1e4bcde0c	66051714		Stool sample from controls
ERR710424	PRJEB7774	SAMEA3178944	ERS631834	531663	ERX654646	RSZAXPI000657-24	PAIRED	WGS	METAGENOMIC	ILLUMINA	Illumina HiSeq 2000	24210213	4529713762	ftp.sra.ebi.ac.uk/vol1/fastq/ERR710/ERR710424/ERR710424_1.fastq.gz;ftp.sra.ebi.ac.uk/vol1/fastq/ERR710/ERR710424/ERR710424_2.fastq.gz	22b32a64e3d8eec8475e9d943470696b;ee3f37b2033eb444667b3660f47c712b	1974440437;2046211578		Stool sample from advanced adenoma
ERR710427	PRJEB7774	SAMEA3178937	ERS631827	532779	ERX654649	RSZAXPI000650-17	PAIRED	WGS	METAGENOMIC	ILLUMINA	Illumina HiSeq 2000	27127751	5141430878	ftp.sra.ebi.ac.uk/vol1/fastq/ERR710/ERR710427/ERR710427_1.fastq.gz;ftp.sra.ebi.ac.uk/vol1/fastq/ERR710/ERR710427/ERR710427_2.fastq.gz	7538235d0b542ee742e771335a25a692;32d609e7e09e1eed884e218950e9f9ae	2222504217;2294592267		Stool sample from controls
ERR710428	PRJEB7774	SAMEA3178938	ERS631828	532796	ERX654650	RSZAXPI000651-18	PAIRED	WGS	METAGENOMIC	ILLUMINA	Illumina HiSeq 2000	25133862	4705542447	ftp.sra.ebi.ac.uk/vol1/fastq/ERR710/ERR710428/ERR710428_1.fastq.gz;ftp.sra.ebi.ac.uk/vol1/fastq/ERR710/ERR710428/ERR710428_2.fastq.gz	f8d69559ea7fe1441d8734690d5fad95;d762cc4ccdea927f0a43e5663f45a9b9	2043977762;2116482817		Stool sample from controls
ERR710432	PRJEB7774	SAMEA3178943	ERS631833	532915	ERX654654	RSZAXPI000656-23	PAIRED	WGS	METAGENOMIC	ILLUMINA	Illumina HiSeq 2000	25550387	4844243744	ftp.sra.ebi.ac.uk/vol1/fastq/ERR710/ERR710432/ERR710432_1.fastq.gz;ftp.sra.ebi.ac.uk/vol1/fastq/ERR710/ERR710432/ERR710432_2.fastq.gz	ed1999cce42e56670771349d1c0a003b;a206ad8320213db2f31774f5d1af6226	2078570363;2139826748		Stool sample from controls
ERR688358	PRJEB7774	SAMEA3136748	ERS608599	31004	ERX633359	SZAXPI021650-108	SINGLE	WGS	METAGENOMIC	ILLUMINA	Illumina HiSeq 2000	785424	62474530	ftp.sra.ebi.ac.uk/vol1/fastq/ERR688/ERR688358/ERR688358.fastq.gz	6f8fc0333c69d0964e8a2b0ca99af7b5	70936787		Stool sample from carcinoma
ERR688364	PRJEB7774	SAMEA3136660	ERS608511	31129	ERX633365	SZAXPI022081-26	SINGLE	WGS	METAGENOMIC	ILLUMINA	Illumina HiSeq 2000	822780	75399723	ftp.sra.ebi.ac.uk/vol1/fastq/ERR688/ERR688364/ERR688364.fastq.gz	87e7d18b8517932276c26136e280a22c	70546550		Stool sample from controls
ERR688368	PRJEB7774	SAMEA3136751	ERS608602	31188	ERX633369	SZAXPI021653-113	SINGLE	WGS	METAGENOMIC	ILLUMINA	Illumina HiSeq 2000	831673	67929666	ftp.sra.ebi.ac.uk/vol1/fastq/ERR688/ERR688368/ERR688368.fastq.gz	b99f95600d63344f2d697eeb77a8c125	75629799		Stool sample from carcinoma
ERR688373	PRJEB7774	SAMEA3136663	ERS608514	31236	ERX633374	SZAXPI022067-33	SINGLE	WGS	METAGENOMIC	ILLUMINA	Illumina HiSeq 2000	796558	70438868	ftp.sra.ebi.ac.uk/vol1/fastq/ERR688/ERR688373/ERR688373.fastq.gz	0a10ef92c871755e5a81758bbad4117f	68100036		Stool sample from controls
ERR688375	PRJEB7774	SAMEA3136693	ERS608544	31256	ERX633376	SZAXPI021671-62	SINGLE	WGS	METAGENOMIC	ILLUMINA	Illumina HiSeq 2000	862579	72996477	ftp.sra.ebi.ac.uk/vol1/fastq/ERR688/ERR688375/ERR688375.fastq.gz	b2f88bc82e49da3cc44c6889cc2f3597	78113650		Stool sample from advanced adenoma
ERR688377	PRJEB7774	SAMEA3136707	ERS608558	31275	ERX633378	SZAXPI021941-129	SINGLE	WGS	METAGENOMIC	ILLUMINA	Illumina HiSeq 2000	803052	70847312	ftp.sra.ebi.ac.uk/vol1/fastq/ERR688/ERR688377/ERR688377.fastq.gz	0fa1ec6c1635565b5cc90d27540e629b	71473398		Stool sample from advanced adenoma
ERR688380	PRJEB7774	SAMEA3136754	ERS608605	31285	ERX633381	SZAXPI021656-133	SINGLE	WGS	METAGENOMIC	ILLUMINA	Illumina HiSeq 2000	1175338	95127967	ftp.sra.ebi.ac.uk/vol1/fastq/ERR688/ERR688380/ERR688380.fastq.gz	e605b0af921b7e3b1daea961b2a0d9fa	105649064		Stool sample from carcinoma
ERR688382	PRJEB7774	SAMEA3136654	ERS608505	31328	ERX633383	SZAXPI022059-169	SINGLE	WGS	METAGENOMIC	ILLUMINA	Illumina HiSeq 2000	1339476	115699167	ftp.sra.ebi.ac.uk/vol1/fastq/ERR688/ERR688382/ERR688382.fastq.gz	2cd8d60dae3b5c3a2168182df488a318	118358548		Stool sample from controls
ERR688390	PRJEB7774	SAMEA3136650	ERS608501	31416	ERX633391	SZAXPI022055-140	SINGLE	WGS	METAGENOMIC	ILLUMINA	Illumina HiSeq 2000	743329	66770115	ftp.sra.ebi.ac.uk/vol1/fastq/ERR688/ERR688390/ERR688390.fastq.gz	cb93640092c716db2c3a19bf804f92e1	67928732		Stool sample from controls
ERR688400	PRJEB7774	SAMEA3136755	ERS608606	31489	ERX633401	SZAXPI021694-136	SINGLE	WGS	METAGENOMIC	ILLUMINA	Illumina HiSeq 2000	750885	62154882	ftp.sra.ebi.ac.uk/vol1/fastq/ERR688/ERR688400/ERR688400.fastq.gz	5b5d14e83b00a51a24ab0963d7335b12	68533772		Stool sample from carcinoma
ERR688401	PRJEB7774	SAMEA3136766	ERS608617	31493	ERX633402	SZAXPI021643-87	SINGLE	WGS	METAGENOMIC	ILLUMINA	Illumina HiSeq 2000	1249111	106634745	ftp.sra.ebi.ac.uk/vol1/fastq/ERR688/ERR688401/ERR688401.fastq.gz	f225d729a71ed871d5a33ca45762f46f	109512557		Stool sample from carcinoma
ERR688404	PRJEB7774	SAMEA3136667	ERS608518	31519	ERX633405	SZAXPI022071-43	SINGLE	WGS	METAGENOMIC	ILLUMINA	Illumina HiSeq 2000	1192584	106487278	ftp.sra.ebi.ac.uk/vol1/fastq/ERR688/ERR688404/ERR688404.fastq.gz	97ea6b0e7c31e6c177423fa366e6899c	104505410		Stool sample from controls
ERR688406	PRJEB7774	SAMEA3136728	ERS608579	31549	ERX633407	SZAXPI021663-23	SINGLE	WGS	METAGENOMIC	ILLUMINA	Illumina HiSeq 2000	973573	82321092	ftp.sra.ebi.ac.uk/vol1/fastq/ERR688/ERR688406/ERR688406.fastq.gz	4170db91f49f60549a802e9e5fd71da5	85912361		Stool sample from carcinoma
ERR688412	PRJEB7774	SAMEA3136632	ERS608483	31700	ERX633413	SZAXPI021963-47	SINGLE	WGS	METAGENOMIC	ILLUMINA	Illumina HiSeq 2000	974418	86729404	ftp.sra.ebi.ac.uk/vol1/fastq/ERR688/ERR688412/ERR688412.fastq.gz	d4425a59973199bffbafc667ffdf95d8	84529896		Stool sample from controls
ERR688419	PRJEB7774	SAMEA3136623	ERS608474	31766	ERX633420	SZAXPI021955-26	SINGLE	WGS	METAGENOMIC	ILLUMINA	Illumina HiSeq 2000	513641	46324859	ftp.sra.ebi.ac.uk/vol1/fastq/ERR688/ERR688419/ERR688419.fastq.gz	b51bd8fa531b3bca091295a371bb7a00	45672392		Stool sample from controls
ERR688428	PRJEB7774	SAMEA3136727	ERS608578	31874	ERX633429	SZAXPI021632-21	SINGLE	WGS	METAGENOMIC	ILLUMINA	Illumina HiSeq 2000	1151888	96053528	ftp.sra.ebi.ac.uk/vol1/fastq/ERR688/ERR688428/ERR688428.fastq.gz	0f4d6c82dca2e531603e577d037f708a	101637170		Stool sample from carcinoma
ERR688434	PRJEB7774	SAMEA3136761	ERS608612	31880	ERX633435	SZAXPI021715-16	SINGLE	WGS	METAGENOMIC	ILLUMINA	Illumina HiSeq 2000	642016	55290620	ftp.sra.ebi.ac.uk/vol1/fastq/ERR688/ERR688434/ERR688434.fastq.gz	51b1dff31a1c04d1dc386632820a8c11	57262370		Stool sample from carcinoma
ERR688441	PRJEB7774	SAMEA3136710	ERS608561	530039	ERX633442	SZAXPI022088-140	SINGLE	WGS	METAGENOMIC	ILLUMINA	Illumina HiSeq 2000	601119	55089762	ftp.sra.ebi.ac.uk/vol1/fastq/ERR688/ERR688441/ERR688441.fastq.gz	9afc2312e39f7c46f298193c3bb396e6	52120931		Stool sample from advanced adenoma
ERR688442	PRJEB7774	SAMEA3136721	ERS608572	530041	ERX633443	SZAXPI021954-25	SINGLE	WGS	METAGENOMIC	ILLUMINA	Illumina HiSeq 2000	1303279	117162301	ftp.sra.ebi.ac.uk/vol1/fastq/ERR688/ERR688442/ERR688442.fastq.gz	1b391c68f425bc9960eae870401baec7	113989090		Stool sample from advanced adenoma
ERR688450	PRJEB7774	SAMEA3136695	ERS608546	530142	ERX633451	SZAXPI021929-87	SINGLE	WGS	METAGENOMIC	ILLUMINA	Illumina HiSeq 2000	1878944	149234291	ftp.sra.ebi.ac.uk/vol1/fastq/ERR688/ERR688450/ERR688450.fastq.gz	4547680ea02e407c6e772406e7d65bd5	166453447		Stool sample from advanced adenoma
ERR688468	PRJEB7774	SAMEA3136720	ERS608571	530348	ERX633469	SZAXPI021953-24	SINGLE	WGS	METAGENOMIC	ILLUMINA	Illumina HiSeq 2000	948586	84007405	ftp.sra.ebi.ac.uk/vol1/fastq/ERR688/ERR688468/ERR688468.fastq.gz	9b97dbe093ff4063722f0c424335d1dd	84086112		Stool sample from advanced adenoma
ERR688479	PRJEB7774	SAMEA3136684	ERS608535	530600	ERX633480	SZAXPI022079-94	SINGLE	WGS	METAGENOMIC	ILLUMINA	Illumina HiSeq 2000	1017480	88757353	ftp.sra.ebi.ac.uk/vol1/fastq/ERR688/ERR688479/ERR688479.fastq.gz	698eb365f1d045d8cbe6d1262fe89264	89322486		Stool sample from advanced adenoma
ERR688480	PRJEB7774	SAMEA3136718	ERS608569	530623	ERX633481	SZAXPI021951-21	SINGLE	WGS	METAGENOMIC	ILLUMINA	Illumina HiSeq 2000	861147	74517849	ftp.sra.ebi.ac.uk/vol1/fastq/ERR688/ERR688480/ERR688480.fastq.gz	62d0f7579dc62deab5af3202b57251dd	75366168		Stool sample from advanced adenoma
ERR688487	PRJEB7774	SAMEA3136746	ERS608597	530890	ERX633488	SZAXPI021648-95	SINGLE	WGS	METAGENOMIC	ILLUMINA	Illumina HiSeq 2000	1030170	85741557	ftp.sra.ebi.ac.uk/vol1/fastq/ERR688/ERR688487/ERR688487.fastq.gz	50ead0c04d3432a87bed107fa5b81b58	94117588		Stool sample from carcinoma
ERR688493	PRJEB7774	SAMEA3136730	ERS608581	531281	ERX633494	SZAXPI021665-25	SINGLE	WGS	METAGENOMIC	ILLUMINA	Illumina HiSeq 2000	1109449	91604680	ftp.sra.ebi.ac.uk/vol1/fastq/ERR688/ERR688493/ERR688493.fastq.gz	e62f1d8a5a3881fbd92dc299d7c9b8f4	98097834		Stool sample from carcinoma
ERR688497	PRJEB7774	SAMEA3136745	ERS608596	531382	ERX633498	SZAXPI021646-93	SINGLE	WGS	METAGENOMIC	ILLUMINA	Illumina HiSeq 2000	723215	59231435	ftp.sra.ebi.ac.uk/vol1/fastq/ERR688/ERR688497/ERR688497.fastq.gz	16a71c441006e505fdbdc3596e6c6c51	65838478		Stool sample from carcinoma
ERR688504	PRJEB7774	SAMEA3136736	ERS608587	531775	ERX633505	SZAXPI021637-37	SINGLE	WGS	METAGENOMIC	ILLUMINA	Illumina HiSeq 2000	775100	65819778	ftp.sra.ebi.ac.uk/vol1/fastq/ERR688/ERR688504/ERR688504.fastq.gz	4b807ce4db9da018a562bad89cc94c17	67854816		Stool sample from carcinoma
ERR688516	PRJEB7774	SAMEA3136634	ERS608485	31219	ERX633517	SZAXPI021965-84	PAIRED	WGS	METAGENOMIC	ILLUMINA	Illumina HiSeq 2000	21177564	3982936224	ftp.sra.ebi.ac.uk/vol1/fastq/ERR688/ERR688516/ERR688516_1.fastq.gz;ftp.sra.ebi.ac.uk/vol1/fastq/ERR688/ERR688516/ERR688516_2.fastq.gz	ade5eeae8f7904707330a6efe0d12d7c;4a12b7314436eb628b1ad0d968a32107	1755096747;1787553174		Stool sample from controls
ERR688524	PRJEB7774	SAMEA3136707	ERS608558	31275	ERX633525	SZAXPI021941-129	PAIRED	WGS	METAGENOMIC	ILLUMINA	Illumina HiSeq 2000	21724739	4027500545	ftp.sra.ebi.ac.uk/vol1/fastq/ERR688/ERR688524/ERR688524_1.fastq.gz;ftp.sra.ebi.ac.uk/vol1/fastq/ERR688/ERR688524/ERR688524_2.fastq.gz	eaf8386c125552e3c2c1862f51a0d98a;2396024195cfac80ae564aadebaeb408	1826781858;1816738250		Stool sample from advanced adenoma
ERR688530	PRJEB7774	SAMEA3136673	ERS608524	31333	ERX633531	SZAXPI022075-88	PAIRED	WGS	METAGENOMIC	ILLUMINA	Illumina HiSeq 2000	27980088	5266963969	ftp.sra.ebi.ac.uk/vol1/fastq/ERR688/ERR688530/ERR688530_1.fastq.gz;ftp.sra.ebi.ac.uk/vol1/fastq/ERR688/ERR688530/ERR688530_2.fastq.gz	19ee317308a7eea028d15b169fd68a4a;ca686a28dbbb90282a260e191f894754	2335237906;2406109238		Stool sample from controls
ERR688532	PRJEB7774	SAMEA3136665	ERS608516	31343	ERX633533	SZAXPI022069-37	PAIRED	WGS	METAGENOMIC	ILLUMINA	Illumina HiSeq 2000	22703007	4231856356	ftp.sra.ebi.ac.uk/vol1/fastq/ERR688/ERR688532/ERR688532_1.fastq.gz;ftp.sra.ebi.ac.uk/vol1/fastq/ERR688/ERR688532/ERR688532_2.fastq.gz	286dfbf9ad276e3d3d7cf245a1898b61;567fd6342bd5f3374b17f775395dd8d7	1839030307;1930331730		Stool sample from controls
ERR688536	PRJEB7774	SAMEA3136680	ERS608531	31398	ERX633537	SZAXPI021670-25	PAIRED	WGS	METAGENOMIC	ILLUMINA	Illumina HiSeq 2000	29934929	5520734398	ftp.sra.ebi.ac.uk/vol1/fastq/ERR688/ERR688536/ERR688536_1.fastq.gz;ftp.sra.ebi.ac.uk/vol1/fastq/ERR688/ERR688536/ERR688536_2.fastq.gz	b26ad88df0bd0f4dbd0906d1d2f62976;03d2c32277b59aeceb6598ef09896718	2601500933;2620571052		Stool sample from advanced adenoma
ERR688539	PRJEB7774	SAMEA3136626	ERS608477	31428	ERX633540	SZAXPI021957-33	PAIRED	WGS	METAGENOMIC	ILLUMINA	Illumina HiSeq 2000	29307692	5415634394	ftp.sra.ebi.ac.uk/vol1/fastq/ERR688/ERR688539/ERR688539_1.fastq.gz;ftp.sra.ebi.ac.uk/vol1/fastq/ERR688/ERR688539/ERR688539_2.fastq.gz	2d6b515b91cfc3528a326dd6afb039ef;2c6cc7d3e998eb50ff7411da7dd965ff	2547840763;2673296264		Stool sample from controls
ERR688544	PRJEB7774	SAMEA3136645	ERS608496	31452	ERX633545	SZAXPI022050-111	PAIRED	WGS	METAGENOMIC	ILLUMINA	Illumina HiSeq 2000	25741116	4689144578	ftp.sra.ebi.ac.uk/vol1/fastq/ERR688/ERR688544/ERR688544_1.fastq.gz;ftp.sra.ebi.ac.uk/vol1/fastq/ERR688/ERR688544/ERR688544_2.fastq.gz	eb3de5ebaac20c0c6a24200b30d5fc24;30dc6bb0804f7a874e2da077dc203db3	2136193774;2191949918		Stool sample from controls
ERR688545	PRJEB7774	SAMEA3136689	ERS608540	31455	ERX633546	SZAXPI021725-37	PAIRED	WGS	METAGENOMIC	ILLUMINA	Illumina HiSeq 2000	24247347	4578002215	ftp.sra.ebi.ac.uk/vol1/fastq/ERR688/ERR688545/ERR688545_1.fastq.gz;ftp.sra.ebi.ac.uk/vol1/fastq/ERR688/ERR688545/ERR688545_2.fastq.gz	4311389a793875c40600d6d581ae27a3;cbfac39b0d5c2f83ab82303954c75297	2016553838;2102002053		Stool sample from advanced adenoma
ERR688548	PRJEB7774	SAMEA3136766	ERS608617	31493	ERX633549	SZAXPI021643-87	PAIRED	WGS	METAGENOMIC	ILLUMINA	Illumina HiSeq 2000	29363386	5423232706	ftp.sra.ebi.ac.uk/vol1/fastq/ERR688/ERR688548/ERR688548_1.fastq.gz;ftp.sra.ebi.ac.uk/vol1/fastq/ERR688/ERR688548/ERR688548_2.fastq.gz	67349a1cdf6f6cddea94178c6d439a99;ebd9d52a65187883d50efa135c5e3e0e	2455622304;2612879255		Stool sample from carcinoma
ERR688551	PRJEB7774	SAMEA3136667	ERS608518	31519	ERX633552	SZAXPI022071-43	PAIRED	WGS	METAGENOMIC	ILLUMINA	Illumina HiSeq 2000	23118858	4317479760	ftp.sra.ebi.ac.uk/vol1/fastq/ERR688/ERR688551/ERR688551_1.fastq.gz;ftp.sra.ebi.ac.uk/vol1/fastq/ERR688/ERR688551/ERR688551_2.fastq.gz	863d919b1a0c85441f0e9d01ac7f8d0a;90b87f6cd4202176d9113ae3d7bb2a64	1927096445;1978864253		Stool sample from controls
ERR688552	PRJEB7774	SAMEA3136624	ERS608475	31537	ERX633553	SZAXPI021956-27	PAIRED	WGS	METAGENOMIC	ILLUMINA	Illumina HiSeq 2000	24414011	4342657725	ftp.sra.ebi.ac.uk/vol1/fastq/ERR688/ERR688552/ERR688552_1.fastq.gz;ftp.sra.ebi.ac.uk/vol1/fastq/ERR688/ERR688552/ERR688552_2.fastq.gz	ea605e8e6447416ba29de212aefa1979;2d462802b3061d32dcbfd483c0cab0ec	2062270544;2224329807		Stool sample from controls
ERR688554	PRJEB7774	SAMEA3136635	ERS608486	31557	ERX633555	SZAXPI021966-87	PAIRED	WGS	METAGENOMIC	ILLUMINA	Illumina HiSeq 2000	27144355	4994794123	ftp.sra.ebi.ac.uk/vol1/fastq/ERR688/ERR688554/ERR688554_1.fastq.gz;ftp.sra.ebi.ac.uk/vol1/fastq/ERR688/ERR688554/ERR688554_2.fastq.gz	0e3e2e5e307a6fbef842caa3e9ea7501;05c60ba4fae5d7c35af278e9b883596c	2265907922;2220303701		Stool sample from controls
ERR688572	PRJEB7774	SAMEA3136750	ERS608601	31871	ERX633573	SZAXPI021652-111	PAIRED	WGS	METAGENOMIC	ILLUMINA	Illumina HiSeq 2000	32431127	6005192641	ftp.sra.ebi.ac.uk/vol1/fastq/ERR688/ERR688572/ERR688572_1.fastq.gz;ftp.sra.ebi.ac.uk/vol1/fastq/ERR688/ERR688572/ERR688572_2.fastq.gz	f93873b4bbeeb0fdc1c6481390b16106;b8797d7bcade9e828cbcad3e05697b89	2832734290;2916945816		Stool sample from carcinoma
ERR688574	PRJEB7774	SAMEA3136760	ERS608611	31873	ERX633575	SZAXPI021690-169	PAIRED	WGS	METAGENOMIC	ILLUMINA	Illumina HiSeq 2000	27911137	5135250390	ftp.sra.ebi.ac.uk/vol1/fastq/ERR688/ERR688574/ERR688574_1.fastq.gz;ftp.sra.ebi.ac.uk/vol1/fastq/ERR688/ERR688574/ERR688574_2.fastq.gz	3133705a64b0f85f03e27b2c26bed69a;c88527a3d773df6f3e38a851211a97f9	2477032821;2508196533		Stool sample from carcinoma
ERR688578	PRJEB7774	SAMEA3136731	ERS608582	31877	ERX633579	SZAXPI021633-26	PAIRED	WGS	METAGENOMIC	ILLUMINA	Illumina HiSeq 2000	27061552	4999791414	ftp.sra.ebi.ac.uk/vol1/fastq/ERR688/ERR688578/ERR688578_1.fastq.gz;ftp.sra.ebi.ac.uk/vol1/fastq/ERR688/ERR688578/ERR688578_2.fastq.gz	03c8f07a525af9ff0e048affdd8f36c0;6e0f2437be4a51f757c8dab4df6bc5b7	2321244185;2369084743		Stool sample from carcinoma
ERR688579	PRJEB7774	SAMEA3136729	ERS608580	31878	ERX633580	SZAXPI021664-24	PAIRED	WGS	METAGENOMIC	ILLUMINA	Illumina HiSeq 2000	25170549	4473912927	ftp.sra.ebi.ac.uk/vol1/fastq/ERR688/ERR688579/ERR688579_1.fastq.gz;ftp.sra.ebi.ac.uk/vol1/fastq/ERR688/ERR688579/ERR688579_2.fastq.gz	6b08bdc04a3987da46e15b7ff0298b2d;c09e30f22e87f81b799900aca066c728	2168346122;2295578329		Stool sample from carcinoma
ERR688582	PRJEB7774	SAMEA3136725	ERS608576	31881	ERX633583	SZAXPI021630-17	PAIRED	WGS	METAGENOMIC	ILLUMINA	Illumina HiSeq 2000	33201178	6123699553	ftp.sra.ebi.ac.uk/vol1/fastq/ERR688/ERR688582/ERR688582_1.fastq.gz;ftp.sra.ebi.ac.uk/vol1/fastq/ERR688/ERR688582/ERR688582_2.fastq.gz	51898b4df843baabbd729178c1bcaed8;9ec8c9e56baea9dbfa1c1110d2e1158e	2858798656;2913740492		Stool sample from carcinoma
ERR688585	PRJEB7774	SAMEA3136696	ERS608547	530026	ERX633586	SZAXPI021930-88	PAIRED	WGS	METAGENOMIC	ILLUMINA	Illumina HiSeq 2000	23642060	4441231627	ftp.sra.ebi.ac.uk/vol1/fastq/ERR688/ERR688585/ERR688585_1.fastq.gz;ftp.sra.ebi.ac.uk/vol1/fastq/ERR688/ERR688585/ERR688585_2.fastq.gz	6f24a43e73cf579fde6b4f00412e7f07;aa11ac5658c9561ab43ea4dd3dcbc253	1986105517;2043980412		Stool sample from advanced adenoma
ERR688589	PRJEB7774	SAMEA3136721	ERS608572	530041	ERX633590	SZAXPI021954-25	PAIRED	WGS	METAGENOMIC	ILLUMINA	Illumina HiSeq 2000	30396280	5757712184	ftp.sra.ebi.ac.uk/vol1/fastq/ERR688/ERR688589/ERR688589_1.fastq.gz;ftp.sra.ebi.ac.uk/vol1/fastq/ERR688/ERR688589/ERR688589_2.fastq.gz	d634f6671b2ed41aeabbff1f18bc9a46;7d740e740bd396b088faee44b4d7186f	2529704704;2589055029		Stool sample from advanced adenoma
ERR688593	PRJEB7774	SAMEA3136675	ERS608526	530055	ERX633594	SZAXPI022078-93	PAIRED	WGS	METAGENOMIC	ILLUMINA	Illumina HiSeq 2000	21987677	4150286095	ftp.sra.ebi.ac.uk/vol1/fastq/ERR688/ERR688593/ERR688593_1.fastq.gz;ftp.sra.ebi.ac.uk/vol1/fastq/ERR688/ERR688593/ERR688593_2.fastq.gz	e56ff270e69c977112128330e7227995;62524549e43b9569aadf144fa806ca18	1848089119;1908453572		Stool sample from controls
ERR688606	PRJEB7774	SAMEA3136640	ERS608491	530227	ERX633607	SZAXPI022045-94	PAIRED	WGS	METAGENOMIC	ILLUMINA	Illumina HiSeq 2000	27786037	5326604619	ftp.sra.ebi.ac.uk/vol1/fastq/ERR688/ERR688606/ERR688606_1.fastq.gz;ftp.sra.ebi.ac.uk/vol1/fastq/ERR688/ERR688606/ERR688606_2.fastq.gz	0e0c575d7bee577a12ba1ec5e6372ba2;8944c696513337e18cc5e506706ca0cd	2318873762;2381933622		Stool sample from controls
ERR688609	PRJEB7774	SAMEA3136709	ERS608560	530262	ERX633610	SZAXPI021943-136	PAIRED	WGS	METAGENOMIC	ILLUMINA	Illumina HiSeq 2000	15513169	2947863511	ftp.sra.ebi.ac.uk/vol1/fastq/ERR688/ERR688609/ERR688609_1.fastq.gz;ftp.sra.ebi.ac.uk/vol1/fastq/ERR688/ERR688609/ERR688609_2.fastq.gz	804d2004c63659644a828bff317a1bd7;6a781b046bb3b74e21600dacbd4575b8	1304915303;1327290651		Stool sample from advanced adenoma
ERR688610	PRJEB7774	SAMEA3136642	ERS608493	530295	ERX633611	SZAXPI022047-102	PAIRED	WGS	METAGENOMIC	ILLUMINA	Illumina HiSeq 2000	28554120	5293490317	ftp.sra.ebi.ac.uk/vol1/fastq/ERR688/ERR688610/ERR688610_1.fastq.gz;ftp.sra.ebi.ac.uk/vol1/fastq/ERR688/ERR688610/ERR688610_2.fastq.gz	f9c520d660b7c9fb33c731b727936b51;efbdb2b668a254ffb134798023003e32	2370212473;2360322364		Stool sample from controls
ERR688612	PRJEB7774	SAMEA3136628	ERS608479	530315	ERX633613	SZAXPI021959-37	PAIRED	WGS	METAGENOMIC	ILLUMINA	Illumina HiSeq 2000	20163192	3801988889	ftp.sra.ebi.ac.uk/vol1/fastq/ERR688/ERR688612/ERR688612_1.fastq.gz;ftp.sra.ebi.ac.uk/vol1/fastq/ERR688/ERR688612/ERR688612_2.fastq.gz	0d1547e0e65f3ae12a422168ea9f98f1;a8e6e6cc5cd9aa8182856449d4057b89	1684533926;1738185836		Stool sample from controls
ERR688614	PRJEB7774	SAMEA3136671	ERS608522	530331	ERX633615	SZAXPI022431-84	PAIRED	WGS	METAGENOMIC	ILLUMINA	Illumina HiSeq 2000	22585513	4143781507	ftp.sra.ebi.ac.uk/vol1/fastq/ERR688/ERR688614/ERR688614_1.fastq.gz;ftp.sra.ebi.ac.uk/vol1/fastq/ERR688/ERR688614/ERR688614_2.fastq.gz	8447afb454e9d020c43dbf8353d11d04;9b84947ddd9324b176e595fe0dca1d40	1848283662;1917466214		Stool sample from controls
ERR688617	PRJEB7774	SAMEA3136643	ERS608494	530368	ERX633618	SZAXPI022048-108	PAIRED	WGS	METAGENOMIC	ILLUMINA	Illumina HiSeq 2000	20561125	3858344665	ftp.sra.ebi.ac.uk/vol1/fastq/ERR688/ERR688617/ERR688617_1.fastq.gz;ftp.sra.ebi.ac.uk/vol1/fastq/ERR688/ERR688617/ERR688617_2.fastq.gz	b40991c59b8fdb6dd3c59c467ffd510d;696bdc37b507f7fda52b823bc64173f7	1715703228;1770564520		Stool sample from controls
ERR688619	PRJEB7774	SAMEA3136641	ERS608492	530394	ERX633620	SZAXPI022046-95	PAIRED	WGS	METAGENOMIC	ILLUMINA	Illumina HiSeq 2000	32723661	6095291911	ftp.sra.ebi.ac.uk/vol1/fastq/ERR688/ERR688619/ERR688619_1.fastq.gz;ftp.sra.ebi.ac.uk/vol1/fastq/ERR688/ERR688619/ERR688619_2.fastq.gz	af0b27176e045e297f681ee45b1168ab;df95db3ae8fdd670e85a69c8312ce049	2810093649;2909976174		Stool sample from controls
ERR688624	PRJEB7774	SAMEA3136659	ERS608510	530451	ERX633625	SZAXPI022064-25	PAIRED	WGS	METAGENOMIC	ILLUMINA	Illumina HiSeq 2000	30665000	5703140269	ftp.sra.ebi.ac.uk/vol1/fastq/ERR688/ERR688624/ERR688624_1.fastq.gz;ftp.sra.ebi.ac.uk/vol1/fastq/ERR688/ERR688624/ERR688624_2.fastq.gz	e3423bbe45f150960f698aa888bb76c2;235715707e182973cb4b61596c3b12ae	2594100719;2679372705		Stool sample from controls
ERR688628	PRJEB7774	SAMEA3136688	ERS608539	530697	ERX633629	SZAXPI021724-36	PAIRED	WGS	METAGENOMIC	ILLUMINA	Illumina HiSeq 2000	31289052	5889843911	ftp.sra.ebi.ac.uk/vol1/fastq/ERR688/ERR688628/ERR688628_1.fastq.gz;ftp.sra.ebi.ac.uk/vol1/fastq/ERR688/ERR688628/ERR688628_2.fastq.gz	ac3511f24143740d851c8f5876f162fc;e8b36d3178cc8a83c477395dcddbb2bb	2507389116;2618237884		Stool sample from advanced adenoma
ERR688639	PRJEB7774	SAMEA3136749	ERS608600	531277	ERX633640	SZAXPI021651-109	PAIRED	WGS	METAGENOMIC	ILLUMINA	Illumina HiSeq 2000	25919573	4787550232	ftp.sra.ebi.ac.uk/vol1/fastq/ERR688/ERR688639/ERR688639_1.fastq.gz;ftp.sra.ebi.ac.uk/vol1/fastq/ERR688/ERR688639/ERR688639_2.fastq.gz	fb25fac76df141ef84b3bd4935e1d334;27e48fda4fbd814f83b16a5c55b91ffa	2280555012;2359440549		Stool sample from carcinoma
ERR710415	PRJEB7774	SAMEA3178944	ERS631834	531663	ERX654637	RSZAXPI000657-24	SINGLE	WGS	METAGENOMIC	ILLUMINA	Illumina HiSeq 2000	561520	47746335	ftp.sra.ebi.ac.uk/vol1/fastq/ERR710/ERR710415/ERR710415.fastq.gz	656c3df3b2656e92a8e345f75a37dea2	49190945		Stool sample from advanced adenoma
ERR710425	PRJEB7774	SAMEA3178942	ERS631832	532305	ERX654647	RSZAXPI000655-22	PAIRED	WGS	METAGENOMIC	ILLUMINA	Illumina HiSeq 2000	19073795	3495773643	ftp.sra.ebi.ac.uk/vol1/fastq/ERR710/ERR710425/ERR710425_1.fastq.gz;ftp.sra.ebi.ac.uk/vol1/fastq/ERR710/ERR710425/ERR710425_2.fastq.gz	5b029cf6044579a99799e9e5c3690519;11200f21562a767bd96c455abd69d84e	1591960609;1638799569		Stool sample from advanced adenoma
ERR710431	PRJEB7774	SAMEA3178941	ERS631831	532832	ERX654653	RSZAXPI000654-21	PAIRED	WGS	METAGENOMIC	ILLUMINA	Illumina HiSeq 2000	20792951	3900860525	ftp.sra.ebi.ac.uk/vol1/fastq/ERR710/ERR710431/ERR710431_1.fastq.gz;ftp.sra.ebi.ac.uk/vol1/fastq/ERR710/ERR710431/ERR710431_2.fastq.gz	88d37d8dfcce5303450a44cc2dccea11;72590a88ffb0d17a571a323a7f23c7d0	1749200118;1800803558		Stool sample from advanced adenoma
ERR688360	PRJEB7774	SAMEA3136638	ERS608489	31021	ERX633361	SZAXPI022043-90	SINGLE	WGS	METAGENOMIC	ILLUMINA	Illumina HiSeq 2000	1110550	98141619	ftp.sra.ebi.ac.uk/vol1/fastq/ERR688/ERR688360/ERR688360.fastq.gz	04ffce4298f36f86ba521737ac4b1ca6	97120739		Stool sample from controls
ERR688361	PRJEB7774	SAMEA3136703	ERS608554	31030	ERX633362	SZAXPI021937-109	SINGLE	WGS	METAGENOMIC	ILLUMINA	Illumina HiSeq 2000	803265	71112063	ftp.sra.ebi.ac.uk/vol1/fastq/ERR688/ERR688361/ERR688361.fastq.gz	07974b3ba4f0ac8055f2b05df2bc6a8d	70925800		Stool sample from advanced adenoma
ERR688363	PRJEB7774	SAMEA3136657	ERS608508	31112	ERX633364	SZAXPI022084-20	SINGLE	WGS	METAGENOMIC	ILLUMINA	Illumina HiSeq 2000	1311047	118458156	ftp.sra.ebi.ac.uk/vol1/fastq/ERR688/ERR688363/ERR688363.fastq.gz	90cfcb84c54808a42f9285833a9d4c95	115861496		Stool sample from controls
ERR688381	PRJEB7774	SAMEA3136644	ERS608495	31300	ERX633382	SZAXPI022049-109	SINGLE	WGS	METAGENOMIC	ILLUMINA	Illumina HiSeq 2000	1239365	108714360	ftp.sra.ebi.ac.uk/vol1/fastq/ERR688/ERR688381/ERR688381.fastq.gz	b9d38c434d6275638d0686d06d2a91ca	108876107		Stool sample from controls
ERR688383	PRJEB7774	SAMEA3136673	ERS608524	31333	ERX633384	SZAXPI022075-88	SINGLE	WGS	METAGENOMIC	ILLUMINA	Illumina HiSeq 2000	1003849	89005990	ftp.sra.ebi.ac.uk/vol1/fastq/ERR688/ERR688383/ERR688383.fastq.gz	c0087312f200bc03a80933f6588e7610	88173346		Stool sample from controls
ERR688386	PRJEB7774	SAMEA3136664	ERS608515	31360	ERX633387	SZAXPI022068-36	SINGLE	WGS	METAGENOMIC	ILLUMINA	Illumina HiSeq 2000	845226	75240388	ftp.sra.ebi.ac.uk/vol1/fastq/ERR688/ERR688386/ERR688386.fastq.gz	6e83433d3f5b1cde62b0621b19cadecd	72062372		Stool sample from controls
ERR688391	PRJEB7774	SAMEA3136691	ERS608542	31424	ERX633392	SZAXPI021925-43	SINGLE	WGS	METAGENOMIC	ILLUMINA	Illumina HiSeq 2000	1607210	132753715	ftp.sra.ebi.ac.uk/vol1/fastq/ERR688/ERR688391/ERR688391.fastq.gz	18210866c8fe7a41364ccc5226fff874	138098653		Stool sample from advanced adenoma
ERR688392	PRJEB7774	SAMEA3136626	ERS608477	31428	ERX633393	SZAXPI021957-33	SINGLE	WGS	METAGENOMIC	ILLUMINA	Illumina HiSeq 2000	1531659	129159987	ftp.sra.ebi.ac.uk/vol1/fastq/ERR688/ERR688392/ERR688392.fastq.gz	6efd2addaf6f0e7e8b02cf260534e794	135753385		Stool sample from controls
ERR688399	PRJEB7774	SAMEA3136685	ERS608536	31477	ERX633400	SZAXPI022080-95	SINGLE	WGS	METAGENOMIC	ILLUMINA	Illumina HiSeq 2000	847845	72302389	ftp.sra.ebi.ac.uk/vol1/fastq/ERR688/ERR688399/ERR688399.fastq.gz	f2b1e4c2e01e0a65918a55e7ae651838	71799014		Stool sample from advanced adenoma
ERR688407	PRJEB7774	SAMEA3136635	ERS608486	31557	ERX633408	SZAXPI021966-87	SINGLE	WGS	METAGENOMIC	ILLUMINA	Illumina HiSeq 2000	1221204	109094910	ftp.sra.ebi.ac.uk/vol1/fastq/ERR688/ERR688407/ERR688407.fastq.gz	bca7b1f5f323bcc9fed977971193b47d	108127128		Stool sample from controls
ERR688408	PRJEB7774	SAMEA3136716	ERS608567	31582	ERX633409	SZAXPI021949-17	SINGLE	WGS	METAGENOMIC	ILLUMINA	Illumina HiSeq 2000	833626	70948206	ftp.sra.ebi.ac.uk/vol1/fastq/ERR688/ERR688408/ERR688408.fastq.gz	2c4042b3fddfe88df032088376c586a4	72346729		Stool sample from advanced adenoma
ERR688411	PRJEB7774	SAMEA3136756	ERS608607	31685	ERX633412	SZAXPI021691-140	SINGLE	WGS	METAGENOMIC	ILLUMINA	Illumina HiSeq 2000	821564	66604788	ftp.sra.ebi.ac.uk/vol1/fastq/ERR688/ERR688411/ERR688411.fastq.gz	1e8116618700d44ef344608525be9bfd	74130776		Stool sample from carcinoma
ERR688414	PRJEB7774	SAMEA3136677	ERS608528	31711	ERX633415	SZAXPI022063-23	SINGLE	WGS	METAGENOMIC	ILLUMINA	Illumina HiSeq 2000	1831666	170770010	ftp.sra.ebi.ac.uk/vol1/fastq/ERR688/ERR688414/ERR688414.fastq.gz	2a55eb1b3d77a71661a6a58da66a813d	159063765		Stool sample from controls
ERR688417	PRJEB7774	SAMEA3136652	ERS608503	31749	ERX633418	SZAXPI022057-158	SINGLE	WGS	METAGENOMIC	ILLUMINA	Illumina HiSeq 2000	1267704	110983666	ftp.sra.ebi.ac.uk/vol1/fastq/ERR688/ERR688417/ERR688417.fastq.gz	2d994689be36e022569aae637d8b054f	111288086		Stool sample from controls
ERR688430	PRJEB7774	SAMEA3136740	ERS608591	31876	ERX633431	SZAXPI021641-62	SINGLE	WGS	METAGENOMIC	ILLUMINA	Illumina HiSeq 2000	1180838	98692920	ftp.sra.ebi.ac.uk/vol1/fastq/ERR688/ERR688430/ERR688430.fastq.gz	0d1dfc97af5feb35eb81c33f555207fe	103577600		Stool sample from carcinoma
ERR688432	PRJEB7774	SAMEA3136729	ERS608580	31878	ERX633433	SZAXPI021664-24	SINGLE	WGS	METAGENOMIC	ILLUMINA	Illumina HiSeq 2000	2028082	157184918	ftp.sra.ebi.ac.uk/vol1/fastq/ERR688/ERR688432/ERR688432.fastq.gz	c54e0ebd30ae66e498674a1bfbd4fb33	174245366		Stool sample from carcinoma
ERR688438	PRJEB7774	SAMEA3136696	ERS608547	530026	ERX633439	SZAXPI021930-88	SINGLE	WGS	METAGENOMIC	ILLUMINA	Illumina HiSeq 2000	816651	70231639	ftp.sra.ebi.ac.uk/vol1/fastq/ERR688/ERR688438/ERR688438.fastq.gz	50159c6a3fb65ce4c681e3dbb60d0693	72085527		Stool sample from advanced adenoma
ERR688446	PRJEB7774	SAMEA3136675	ERS608526	530055	ERX633447	SZAXPI022078-93	SINGLE	WGS	METAGENOMIC	ILLUMINA	Illumina HiSeq 2000	707032	62433034	ftp.sra.ebi.ac.uk/vol1/fastq/ERR688/ERR688446/ERR688446.fastq.gz	8ca800b3c023ab539dfcb1b3722655ea	63057136		Stool sample from controls
ERR688447	PRJEB7774	SAMEA3136639	ERS608490	530074	ERX633448	SZAXPI022044-93	SINGLE	WGS	METAGENOMIC	ILLUMINA	Illumina HiSeq 2000	1009464	87454481	ftp.sra.ebi.ac.uk/vol1/fastq/ERR688/ERR688447/ERR688447.fastq.gz	a973d92966e22956ac445290d4355a7d	87943841		Stool sample from controls
ERR688453	PRJEB7774	SAMEA3136627	ERS608478	530167	ERX633454	SZAXPI021958-36	SINGLE	WGS	METAGENOMIC	ILLUMINA	Illumina HiSeq 2000	2412624	186423295	ftp.sra.ebi.ac.uk/vol1/fastq/ERR688/ERR688453/ERR688453.fastq.gz	090bc2ac445c82f876e8fa8168f58925	204605169		Stool sample from controls
ERR688455	PRJEB7774	SAMEA3136711	ERS608562	530172	ERX633456	SZAXPI021944-142	SINGLE	WGS	METAGENOMIC	ILLUMINA	Illumina HiSeq 2000	752839	69261426	ftp.sra.ebi.ac.uk/vol1/fastq/ERR688/ERR688455/ERR688455.fastq.gz	a057b5eaf09bb39508d7ccfe1bb5aa12	67342290		Stool sample from advanced adenoma
ERR688457	PRJEB7774	SAMEA3136683	ERS608534	530185	ERX633458	SZAXPI021722-32	SINGLE	WGS	METAGENOMIC	ILLUMINA	Illumina HiSeq 2000	677058	58210922	ftp.sra.ebi.ac.uk/vol1/fastq/ERR688/ERR688457/ERR688457.fastq.gz	5441636d67123e08c8da831ab13dd7e2	59803140		Stool sample from advanced adenoma
ERR688462	PRJEB7774	SAMEA3136709	ERS608560	530262	ERX633463	SZAXPI021943-136	SINGLE	WGS	METAGENOMIC	ILLUMINA	Illumina HiSeq 2000	799068	73985015	ftp.sra.ebi.ac.uk/vol1/fastq/ERR688/ERR688462/ERR688462.fastq.gz	5bc3accaa2059a89cf2d694ddf408812	69084739		Stool sample from advanced adenoma
ERR688471	PRJEB7774	SAMEA3136732	ERS608583	530373	ERX633472	SZAXPI021634-27	SINGLE	WGS	METAGENOMIC	ILLUMINA	Illumina HiSeq 2000	1011350	83680278	ftp.sra.ebi.ac.uk/vol1/fastq/ERR688/ERR688471/ERR688471.fastq.gz	db00d7b24723da69c1847f0307b7cf4f	89135936		Stool sample from carcinoma
ERR688477	PRJEB7774	SAMEA3136659	ERS608510	530451	ERX633478	SZAXPI022064-25	SINGLE	WGS	METAGENOMIC	ILLUMINA	Illumina HiSeq 2000	1391334	120374054	ftp.sra.ebi.ac.uk/vol1/fastq/ERR688/ERR688477/ERR688477.fastq.gz	639f743c4f87f85a09fcd52be0815b8a	122383894		Stool sample from controls
ERR688481	PRJEB7774	SAMEA3136688	ERS608539	530697	ERX633482	SZAXPI021724-36	SINGLE	WGS	METAGENOMIC	ILLUMINA	Illumina HiSeq 2000	689202	59345392	ftp.sra.ebi.ac.uk/vol1/fastq/ERR688/ERR688481/ERR688481.fastq.gz	43fd51dd684ea8eb456f6fec8ed34314	61195419		Stool sample from advanced adenoma
ERR688482	PRJEB7774	SAMEA3136701	ERS608552	530705	ERX633483	SZAXPI021936-102	SINGLE	WGS	METAGENOMIC	ILLUMINA	Illumina HiSeq 2000	698117	60931170	ftp.sra.ebi.ac.uk/vol1/fastq/ERR688/ERR688482/ERR688482.fastq.gz	40b115b7e80878d5c0af1d8f5b716174	61856165		Stool sample from advanced adenoma
ERR688488	PRJEB7774	SAMEA3136759	ERS608610	531128	ERX633489	SZAXPI021689-166	SINGLE	WGS	METAGENOMIC	ILLUMINA	Illumina HiSeq 2000	805331	65518513	ftp.sra.ebi.ac.uk/vol1/fastq/ERR688/ERR688488/ERR688488.fastq.gz	91a5205ffffe77b90cb1d613b49b8aa4	73175843		Stool sample from carcinoma
ERR688492	PRJEB7774	SAMEA3136749	ERS608600	531277	ERX633493	SZAXPI021651-109	SINGLE	WGS	METAGENOMIC	ILLUMINA	Illumina HiSeq 2000	1094113	90858630	ftp.sra.ebi.ac.uk/vol1/fastq/ERR688/ERR688492/ERR688492.fastq.gz	e6f6765a2cf0f00a391fd992593d7b75	99384780		Stool sample from carcinoma
ERR688494	PRJEB7774	SAMEA3136744	ERS608595	531333	ERX633495	SZAXPI021645-90	SINGLE	WGS	METAGENOMIC	ILLUMINA	Illumina HiSeq 2000	798802	67357786	ftp.sra.ebi.ac.uk/vol1/fastq/ERR688/ERR688494/ERR688494.fastq.gz	7962204104978e23db8494ae176cb56e	73140703		Stool sample from carcinoma
ERR688495	PRJEB7774	SAMEA3136764	ERS608615	531352	ERX633496	SZAXPI021718-21	SINGLE	WGS	METAGENOMIC	ILLUMINA	Illumina HiSeq 2000	993916	82591566	ftp.sra.ebi.ac.uk/vol1/fastq/ERR688/ERR688495/ERR688495.fastq.gz	15853f2be025fe371b933dd3f3168a6e	90760271		Stool sample from carcinoma
ERR688498	PRJEB7774	SAMEA3136681	ERS608532	531403	ERX633499	SZAXPI021720-26	SINGLE	WGS	METAGENOMIC	ILLUMINA	Illumina HiSeq 2000	961392	80097294	ftp.sra.ebi.ac.uk/vol1/fastq/ERR688/ERR688498/ERR688498.fastq.gz	b495d27081b64300c750843c89ba949f	87737152		Stool sample from advanced adenoma
ERR688502	PRJEB7774	SAMEA3136739	ERS608590	531469	ERX633503	SZAXPI021639-45	SINGLE	WGS	METAGENOMIC	ILLUMINA	Illumina HiSeq 2000	765051	66362576	ftp.sra.ebi.ac.uk/vol1/fastq/ERR688/ERR688502/ERR688502.fastq.gz	f24edd0df001ce2d118f475e4c09d555	66411240		Stool sample from carcinoma
ERR688503	PRJEB7774	SAMEA3136762	ERS608613	531766	ERX633504	SZAXPI021716-17	SINGLE	WGS	METAGENOMIC	ILLUMINA	Illumina HiSeq 2000	975423	81128439	ftp.sra.ebi.ac.uk/vol1/fastq/ERR688/ERR688503/ERR688503.fastq.gz	689b3e0746f460f4c8200965459927fc	90090083		Stool sample from carcinoma
ERR688506	PRJEB7774	SAMEA3136648	ERS608499	31009	ERX633507	SZAXPI022053-133	PAIRED	WGS	METAGENOMIC	ILLUMINA	Illumina HiSeq 2000	32474886	6094123641	ftp.sra.ebi.ac.uk/vol1/fastq/ERR688/ERR688506/ERR688506_1.fastq.gz;ftp.sra.ebi.ac.uk/vol1/fastq/ERR688/ERR688506/ERR688506_2.fastq.gz	b6ca4810b22451e62e5c426648a43ee7;7f0bae229cd1fdbbbe752d8ef2a47cd6	2792286477;2842729324		Stool sample from controls
ERR688511	PRJEB7774	SAMEA3136660	ERS608511	31129	ERX633512	SZAXPI022081-26	PAIRED	WGS	METAGENOMIC	ILLUMINA	Illumina HiSeq 2000	19835598	3783281203	ftp.sra.ebi.ac.uk/vol1/fastq/ERR688/ERR688511/ERR688511_1.fastq.gz;ftp.sra.ebi.ac.uk/vol1/fastq/ERR688/ERR688511/ERR688511_2.fastq.gz	8ef8edead1ba12772b76613f4b94c5e4;8d2d95b96f73a0519ca4a795cc39275e	1610383731;1676249912		Stool sample from controls
ERR688514	PRJEB7774	SAMEA3136630	ERS608481	31160	ERX633515	SZAXPI021961-43	PAIRED	WGS	METAGENOMIC	ILLUMINA	Illumina HiSeq 2000	24050022	4382730213	ftp.sra.ebi.ac.uk/vol1/fastq/ERR688/ERR688514/ERR688514_1.fastq.gz;ftp.sra.ebi.ac.uk/vol1/fastq/ERR688/ERR688514/ERR688514_2.fastq.gz	44bed179dfbe85b2648882899a99eb12;663ab234620b16d5d77971a17a3decd8	1951463012;1997246658		Stool sample from controls
ERR688515	PRJEB7774	SAMEA3136751	ERS608602	31188	ERX633516	SZAXPI021653-113	PAIRED	WGS	METAGENOMIC	ILLUMINA	Illumina HiSeq 2000	25837477	4788280230	ftp.sra.ebi.ac.uk/vol1/fastq/ERR688/ERR688515/ERR688515_1.fastq.gz;ftp.sra.ebi.ac.uk/vol1/fastq/ERR688/ERR688515/ERR688515_2.fastq.gz	1657eda85bda2946508c6aecd8e872b2;3e907815f188b0ff7d66b40e8e2420b6	2261496692;2341277168		Stool sample from carcinoma
ERR688525	PRJEB7774	SAMEA3136743	ERS608594	31276	ERX633526	SZAXPI021668-89	PAIRED	WGS	METAGENOMIC	ILLUMINA	Illumina HiSeq 2000	23424383	4398193953	ftp.sra.ebi.ac.uk/vol1/fastq/ERR688/ERR688525/ERR688525_1.fastq.gz;ftp.sra.ebi.ac.uk/vol1/fastq/ERR688/ERR688525/ERR688525_2.fastq.gz	9256fc4922d6a8c58c1ef1ebab32be8c;25649b9e749f050e2dc600d2cd54451e	1997251951;2076883816		Stool sample from carcinoma
ERR688533	PRJEB7774	SAMEA3136664	ERS608515	31360	ERX633534	SZAXPI022068-36	PAIRED	WGS	METAGENOMIC	ILLUMINA	Illumina HiSeq 2000	26484125	4985228212	ftp.sra.ebi.ac.uk/vol1/fastq/ERR688/ERR688533/ERR688533_1.fastq.gz;ftp.sra.ebi.ac.uk/vol1/fastq/ERR688/ERR688533/ERR688533_2.fastq.gz	16e8b578801f840fb10025520c872684;f4e962288642868c78bfce3a68f7c4c1	2118328417;2211745051		Stool sample from controls
ERR688535	PRJEB7774	SAMEA3136656	ERS608507	31379	ERX633536	SZAXPI022061-17	PAIRED	WGS	METAGENOMIC	ILLUMINA	Illumina HiSeq 2000	31034101	5870073367	ftp.sra.ebi.ac.uk/vol1/fastq/ERR688/ERR688535/ERR688535_1.fastq.gz;ftp.sra.ebi.ac.uk/vol1/fastq/ERR688/ERR688535/ERR688535_2.fastq.gz	0d9f5f7d7ac829cd742a74ba4fd7dd6f;f1385ec6b89dceef95e3ae91b494ff7a	2643567108;2704273601		Stool sample from controls
ERR688556	PRJEB7774	SAMEA3136625	ERS608476	31600	ERX633557	SZAXPI022086-32	PAIRED	WGS	METAGENOMIC	ILLUMINA	Illumina HiSeq 2000	21976389	3927711321	ftp.sra.ebi.ac.uk/vol1/fastq/ERR688/ERR688556/ERR688556_1.fastq.gz;ftp.sra.ebi.ac.uk/vol1/fastq/ERR688/ERR688556/ERR688556_2.fastq.gz	7e7ca03339c0e76c6b3ea2a86d480e40;47ce97e3af783cbb34e8e618bddf70a9	1899445833;1984778115		Stool sample from controls
ERR688557	PRJEB7774	SAMEA3136679	ERS608530	31637	ERX633558	SZAXPI022082-24	PAIRED	WGS	METAGENOMIC	ILLUMINA	Illumina HiSeq 2000	21517664	4032799994	ftp.sra.ebi.ac.uk/vol1/fastq/ERR688/ERR688557/ERR688557_1.fastq.gz;ftp.sra.ebi.ac.uk/vol1/fastq/ERR688/ERR688557/ERR688557_2.fastq.gz	ee40773e3eb45326bfae8b5c396c15f1;b9c715688914340163df06bac4093945	1842493641;1895327710		Stool sample from controls
ERR688560	PRJEB7774	SAMEA3136722	ERS608573	31705	ERX633561	SZAXPI021926-45	PAIRED	WGS	METAGENOMIC	ILLUMINA	Illumina HiSeq 2000	29190565	5258507815	ftp.sra.ebi.ac.uk/vol1/fastq/ERR688/ERR688560/ERR688560_1.fastq.gz;ftp.sra.ebi.ac.uk/vol1/fastq/ERR688/ERR688560/ERR688560_2.fastq.gz	92e5662ad0e36734c9c825d2f05a3a30;58a097e429b3f403fbdb0f8450853cec	2483108329;2562626960		Stool sample from advanced adenoma
ERR688564	PRJEB7774	SAMEA3136652	ERS608503	31749	ERX633565	SZAXPI022057-158	PAIRED	WGS	METAGENOMIC	ILLUMINA	Illumina HiSeq 2000	29786700	5561634580	ftp.sra.ebi.ac.uk/vol1/fastq/ERR688/ERR688564/ERR688564_1.fastq.gz;ftp.sra.ebi.ac.uk/vol1/fastq/ERR688/ERR688564/ERR688564_2.fastq.gz	405da3ef5e2a7ffde2392249e6fe029d;a5ec02aa0c8c99e42b1aa1667c225607	2514682345;2556887560		Stool sample from controls
ERR688570	PRJEB7774	SAMEA3136734	ERS608585	31868	ERX633571	SZAXPI021666-33	PAIRED	WGS	METAGENOMIC	ILLUMINA	Illumina HiSeq 2000	22124801	4095643921	ftp.sra.ebi.ac.uk/vol1/fastq/ERR688/ERR688570/ERR688570_1.fastq.gz;ftp.sra.ebi.ac.uk/vol1/fastq/ERR688/ERR688570/ERR688570_2.fastq.gz	b80a22b3ca9e43cdf71046e6356d99a0;ea3102ffb5474a7b1e579dcfab9a4e80	1909371248;1951438784		Stool sample from carcinoma
ERR688576	PRJEB7774	SAMEA3136752	ERS608603	31875	ERX633577	SZAXPI021654-123	PAIRED	WGS	METAGENOMIC	ILLUMINA	Illumina HiSeq 2000	29991991	5547811687	ftp.sra.ebi.ac.uk/vol1/fastq/ERR688/ERR688576/ERR688576_1.fastq.gz;ftp.sra.ebi.ac.uk/vol1/fastq/ERR688/ERR688576/ERR688576_2.fastq.gz	6ab1a5590d2c27a33bb67128815e12d8;25877c8ebf5555fd255a19816d654390	2642184887;2729141379		Stool sample from carcinoma
ERR688581	PRJEB7774	SAMEA3136761	ERS608612	31880	ERX633582	SZAXPI021715-16	PAIRED	WGS	METAGENOMIC	ILLUMINA	Illumina HiSeq 2000	30717938	5783204906	ftp.sra.ebi.ac.uk/vol1/fastq/ERR688/ERR688581/ERR688581_1.fastq.gz;ftp.sra.ebi.ac.uk/vol1/fastq/ERR688/ERR688581/ERR688581_2.fastq.gz	fa7321b1768585c7b6402250f94c4f0a;3b69d2ff1dab3d82aada5d8c279bb8b5	2464725286;2572709618		Stool sample from carcinoma
ERR688584	PRJEB7774	SAMEA3136708	ERS608559	530018	ERX633585	SZAXPI021942-133	PAIRED	WGS	METAGENOMIC	ILLUMINA	Illumina HiSeq 2000	24845692	4691546311	ftp.sra.ebi.ac.uk/vol1/fastq/ERR688/ERR688584/ERR688584_1.fastq.gz;ftp.sra.ebi.ac.uk/vol1/fastq/ERR688/ERR688584/ERR688584_2.fastq.gz	31f23dbb04439e19ca87bde92d9b65b8;b390795517727857d87dcb1511a523a5	2058629047;2155537869		Stool sample from advanced adenoma
ERR688586	PRJEB7774	SAMEA3136705	ERS608556	530028	ERX633587	SZAXPI021939-113	PAIRED	WGS	METAGENOMIC	ILLUMINA	Illumina HiSeq 2000	25396770	4850103566	ftp.sra.ebi.ac.uk/vol1/fastq/ERR688/ERR688586/ERR688586_1.fastq.gz;ftp.sra.ebi.ac.uk/vol1/fastq/ERR688/ERR688586/ERR688586_2.fastq.gz	98feaeb0f9ecb3f72b92bef1102fcda9;9449a8ba98e13ce2962942ac5db932b5	2134634766;2194033757		Stool sample from advanced adenoma
ERR688591	PRJEB7774	SAMEA3136661	ERS608512	530052	ERX633592	SZAXPI022065-27	PAIRED	WGS	METAGENOMIC	ILLUMINA	Illumina HiSeq 2000	21204955	4010452307	ftp.sra.ebi.ac.uk/vol1/fastq/ERR688/ERR688591/ERR688591_1.fastq.gz;ftp.sra.ebi.ac.uk/vol1/fastq/ERR688/ERR688591/ERR688591_2.fastq.gz	36333e4e69e4b738fba9a434bd9f76e0;9b258c8d197c4aa03619267049f8e8e8	1708360694;1772369210		Stool sample from controls
ERR688592	PRJEB7774	SAMEA3136698	ERS608549	530054	ERX633593	SZAXPI021932-90	PAIRED	WGS	METAGENOMIC	ILLUMINA	Illumina HiSeq 2000	31432413	5812951416	ftp.sra.ebi.ac.uk/vol1/fastq/ERR688/ERR688592/ERR688592_1.fastq.gz;ftp.sra.ebi.ac.uk/vol1/fastq/ERR688/ERR688592/ERR688592_2.fastq.gz	596aaa300b50a8d911f79c04423b2e9f;214b71cae0c94d16c30999ac063df9e7	2664906477;2654621042		Stool sample from advanced adenoma
ERR688596	PRJEB7774	SAMEA3136651	ERS608502	530119	ERX633597	SZAXPI022056-142	PAIRED	WGS	METAGENOMIC	ILLUMINA	Illumina HiSeq 2000	28090317	5221474743	ftp.sra.ebi.ac.uk/vol1/fastq/ERR688/ERR688596/ERR688596_1.fastq.gz;ftp.sra.ebi.ac.uk/vol1/fastq/ERR688/ERR688596/ERR688596_2.fastq.gz	cb0bdda14950c2a071336117b5f18150;d2284283d61a2fe8a78d736ffa947301	2364328669;2455796531		Stool sample from controls
ERR688597	PRJEB7774	SAMEA3136695	ERS608546	530142	ERX633598	SZAXPI021929-87	PAIRED	WGS	METAGENOMIC	ILLUMINA	Illumina HiSeq 2000	29834475	5400705442	ftp.sra.ebi.ac.uk/vol1/fastq/ERR688/ERR688597/ERR688597_1.fastq.gz;ftp.sra.ebi.ac.uk/vol1/fastq/ERR688/ERR688597/ERR688597_2.fastq.gz	5138ab86403c712bd8dc39e5da48104f;66f83353d77d61de366fa6f197caa012	2658454430;2767997106		Stool sample from advanced adenoma
ERR688600	PRJEB7774	SAMEA3136627	ERS608478	530167	ERX633601	SZAXPI021958-36	PAIRED	WGS	METAGENOMIC	ILLUMINA	Illumina HiSeq 2000	23383277	4008156731	ftp.sra.ebi.ac.uk/vol1/fastq/ERR688/ERR688600/ERR688600_1.fastq.gz;ftp.sra.ebi.ac.uk/vol1/fastq/ERR688/ERR688600/ERR688600_2.fastq.gz	69cdb97b2fe7fd9ea2d7f12a5e57b0fa;00aaaee3dbb46c85ba3835185b8bc00a	1977466566;2036610298		Stool sample from controls
ERR688607	PRJEB7774	SAMEA3136649	ERS608500	530251	ERX633608	SZAXPI022054-136	PAIRED	WGS	METAGENOMIC	ILLUMINA	Illumina HiSeq 2000	19278860	3684933940	ftp.sra.ebi.ac.uk/vol1/fastq/ERR688/ERR688607/ERR688607_1.fastq.gz;ftp.sra.ebi.ac.uk/vol1/fastq/ERR688/ERR688607/ERR688607_2.fastq.gz	6c6968e2d50878d1eacae09cbe1fbb3e;5e9c5ee2d31e0dc658bb343ebb70c126	1631464772;1685156284		Stool sample from controls
ERR688616	PRJEB7774	SAMEA3136653	ERS608504	530364	ERX633617	SZAXPI022058-166	PAIRED	WGS	METAGENOMIC	ILLUMINA	Illumina HiSeq 2000	21617085	4045367174	ftp.sra.ebi.ac.uk/vol1/fastq/ERR688/ERR688616/ERR688616_1.fastq.gz;ftp.sra.ebi.ac.uk/vol1/fastq/ERR688/ERR688616/ERR688616_2.fastq.gz	d72e185e831cda61157ff78399f9141a;5fab2594b07a3d7487f3f558df6fcc7b	1853017245;1894328111		Stool sample from controls
ERR688625	PRJEB7774	SAMEA3136697	ERS608548	530558	ERX633626	SZAXPI021931-89	PAIRED	WGS	METAGENOMIC	ILLUMINA	Illumina HiSeq 2000	28622644	5425048144	ftp.sra.ebi.ac.uk/vol1/fastq/ERR688/ERR688625/ERR688625_1.fastq.gz;ftp.sra.ebi.ac.uk/vol1/fastq/ERR688/ERR688625/ERR688625_2.fastq.gz	dcdd5ef274fd4c14e1bf40f105bd1193;6965c0154f1c308c7cbe861539452198	2410931370;2464372335		Stool sample from advanced adenoma
ERR688626	PRJEB7774	SAMEA3136684	ERS608535	530600	ERX633627	SZAXPI022079-94	PAIRED	WGS	METAGENOMIC	ILLUMINA	Illumina HiSeq 2000	28239602	5248776088	ftp.sra.ebi.ac.uk/vol1/fastq/ERR688/ERR688626/ERR688626_1.fastq.gz;ftp.sra.ebi.ac.uk/vol1/fastq/ERR688/ERR688626/ERR688626_2.fastq.gz	0b14d76d3f27b3b14a2852b0e052eac9;97d6155e48ac1b06bc81e1e50ff74c3d	2335455924;2396910010		Stool sample from advanced adenoma
ERR688627	PRJEB7774	SAMEA3136718	ERS608569	530623	ERX633628	SZAXPI021951-21	PAIRED	WGS	METAGENOMIC	ILLUMINA	Illumina HiSeq 2000	25003391	4599298187	ftp.sra.ebi.ac.uk/vol1/fastq/ERR688/ERR688627/ERR688627_1.fastq.gz;ftp.sra.ebi.ac.uk/vol1/fastq/ERR688/ERR688627/ERR688627_2.fastq.gz	30c81c9208b9fa5e4e4073024cda5ad4;5eab16cc3bcbf27d9fec5479073208dd	2054259366;2068203377		Stool sample from advanced adenoma
ERR688638	PRJEB7774	SAMEA3136768	ERS608619	531274	ERX633639	SZAXPI021719-23	PAIRED	WGS	METAGENOMIC	ILLUMINA	Illumina HiSeq 2000	36858391	6787034988	ftp.sra.ebi.ac.uk/vol1/fastq/ERR688/ERR688638/ERR688638_1.fastq.gz;ftp.sra.ebi.ac.uk/vol1/fastq/ERR688/ERR688638/ERR688638_2.fastq.gz	14a7c22b4f00938334c718444dab0ed9;c4bca2d6f322c5f675f2b45c0d0c294a	3229893570;3325113523		Stool sample from carcinoma
ERR688642	PRJEB7774	SAMEA3136764	ERS608615	531352	ERX633643	SZAXPI021718-21	PAIRED	WGS	METAGENOMIC	ILLUMINA	Illumina HiSeq 2000	31804185	5914867779	ftp.sra.ebi.ac.uk/vol1/fastq/ERR688/ERR688642/ERR688642_1.fastq.gz;ftp.sra.ebi.ac.uk/vol1/fastq/ERR688/ERR688642/ERR688642_2.fastq.gz	3263a0a5d1232182a387df43d7437689;6e35c08c41fec08d85ddd04bd595332b	2764520064;2832724616		Stool sample from carcinoma
ERR688643	PRJEB7774	SAMEA3136735	ERS608586	531361	ERX633644	SZAXPI021636-36	PAIRED	WGS	METAGENOMIC	ILLUMINA	Illumina HiSeq 2000	24539947	4590461867	ftp.sra.ebi.ac.uk/vol1/fastq/ERR688/ERR688643/ERR688643_1.fastq.gz;ftp.sra.ebi.ac.uk/vol1/fastq/ERR688/ERR688643/ERR688643_2.fastq.gz	205d5e830acef01a24ed42d7d3d28c09;0db2fa459435525126c2b605771476d8	2061538780;2107218356		Stool sample from carcinoma
ERR688644	PRJEB7774	SAMEA3136745	ERS608596	531382	ERX633645	SZAXPI021646-93	PAIRED	WGS	METAGENOMIC	ILLUMINA	Illumina HiSeq 2000	23237641	4311437828	ftp.sra.ebi.ac.uk/vol1/fastq/ERR688/ERR688644/ERR688644_1.fastq.gz;ftp.sra.ebi.ac.uk/vol1/fastq/ERR688/ERR688644/ERR688644_2.fastq.gz	d2efd071d5d329d02cb10062713f9580;80d078fbf156136383473546197db2ad	2002669966;2094328488		Stool sample from carcinoma
ERR688651	PRJEB7774	SAMEA3136736	ERS608587	531775	ERX633652	SZAXPI021637-37	PAIRED	WGS	METAGENOMIC	ILLUMINA	Illumina HiSeq 2000	21302038	3966805469	ftp.sra.ebi.ac.uk/vol1/fastq/ERR688/ERR688651/ERR688651_1.fastq.gz;ftp.sra.ebi.ac.uk/vol1/fastq/ERR688/ERR688651/ERR688651_2.fastq.gz	c8a0381a6292ab33dd12426c301b6a8c;0e4dd398a1c465fae30d31adfb02075a	1797465954;1834464756		Stool sample from carcinoma
ERR710416	PRJEB7774	SAMEA3178942	ERS631832	532305	ERX654638	RSZAXPI000655-22	SINGLE	WGS	METAGENOMIC	ILLUMINA	Illumina HiSeq 2000	659658	54108817	ftp.sra.ebi.ac.uk/vol1/fastq/ERR710/ERR710416/ERR710416.fastq.gz	a9ef25fd2d877fac27706f6d093fe15f	59703067		Stool sample from advanced adenoma
ERR710417	PRJEB7774	SAMEA3178936	ERS631826	532749	ERX654639	RSZAXPI000649-16	SINGLE	WGS	METAGENOMIC	ILLUMINA	Illumina HiSeq 2000	403547	35711476	ftp.sra.ebi.ac.uk/vol1/fastq/ERR710/ERR710417/ERR710417.fastq.gz	edbadf82cb0a89614cdfe7efccb3879a	35279331		Stool sample from controls
ERR710419	PRJEB7774	SAMEA3178938	ERS631828	532796	ERX654641	RSZAXPI000651-18	SINGLE	WGS	METAGENOMIC	ILLUMINA	Illumina HiSeq 2000	577988	49306417	ftp.sra.ebi.ac.uk/vol1/fastq/ERR710/ERR710419/ERR710419.fastq.gz	1c8772c0ddb28516fcad0964e5e1556a	50493886		Stool sample from controls
ERR710421	PRJEB7774	SAMEA3178940	ERS631830	532826	ERX654643	RSZAXPI000653-20	SINGLE	WGS	METAGENOMIC	ILLUMINA	Illumina HiSeq 2000	742264	66341013	ftp.sra.ebi.ac.uk/vol1/fastq/ERR710/ERR710421/ERR710421.fastq.gz	984a5dedeab286396b61c2db851d9de1	67264070		Stool sample from controls
ERR710422	PRJEB7774	SAMEA3178941	ERS631831	532832	ERX654644	RSZAXPI000654-21	SINGLE	WGS	METAGENOMIC	ILLUMINA	Illumina HiSeq 2000	598697	50364171	ftp.sra.ebi.ac.uk/vol1/fastq/ERR710/ERR710422/ERR710422.fastq.gz	aec261352c5c842e851812932eb914cf	54768950		Stool sample from advanced adenoma
ERR710426	PRJEB7774	SAMEA3178936	ERS631826	532749	ERX654648	RSZAXPI000649-16	PAIRED	WGS	METAGENOMIC	ILLUMINA	Illumina HiSeq 2000	23997592	4542834853	ftp.sra.ebi.ac.uk/vol1/fastq/ERR710/ERR710426/ERR710426_1.fastq.gz;ftp.sra.ebi.ac.uk/vol1/fastq/ERR710/ERR710426/ERR710426_2.fastq.gz	8b29f55cddfa73b4923cc922625c7474;591aa23b0ddcc6acdd8e893c1927831b	1951796160;1993676863		Stool sample from controls
ERR688365	PRJEB7774	SAMEA3136712	ERS608563	31137	ERX633366	SZAXPI021945-158	SINGLE	WGS	METAGENOMIC	ILLUMINA	Illumina HiSeq 2000	942900	85463912	ftp.sra.ebi.ac.uk/vol1/fastq/ERR688/ERR688365/ERR688365.fastq.gz	fb034fdbbc699ba5dc380b6487505e3f	84097706		Stool sample from advanced adenoma
ERR688366	PRJEB7774	SAMEA3136769	ERS608620	31159	ERX633367	SZAXPI021669-24	SINGLE	WGS	METAGENOMIC	ILLUMINA	Illumina HiSeq 2000	932348	76916703	ftp.sra.ebi.ac.uk/vol1/fastq/ERR688/ERR688366/ERR688366.fastq.gz	57323acb78b4daff1faf33850473cc24	83369745		Stool sample from carcinoma
ERR688367	PRJEB7774	SAMEA3136630	ERS608481	31160	ERX633368	SZAXPI021961-43	SINGLE	WGS	METAGENOMIC	ILLUMINA	Illumina HiSeq 2000	841486	72052894	ftp.sra.ebi.ac.uk/vol1/fastq/ERR688/ERR688367/ERR688367.fastq.gz	d9509af7d7397c364e119f8219f17a06	73083016		Stool sample from controls
ERR688369	PRJEB7774	SAMEA3136634	ERS608485	31219	ERX633370	SZAXPI021965-84	SINGLE	WGS	METAGENOMIC	ILLUMINA	Illumina HiSeq 2000	645164	57139005	ftp.sra.ebi.ac.uk/vol1/fastq/ERR688/ERR688369/ERR688369.fastq.gz	78eafdc88b25df7ec375be771af684c8	56604840		Stool sample from controls
ERR688370	PRJEB7774	SAMEA3136738	ERS608589	31223	ERX633371	SZAXPI021638-43	SINGLE	WGS	METAGENOMIC	ILLUMINA	Illumina HiSeq 2000	986297	83075106	ftp.sra.ebi.ac.uk/vol1/fastq/ERR688/ERR688370/ERR688370.fastq.gz	a783ef977538f4cacb78171e4aa061ce	85988990		Stool sample from carcinoma
ERR688387	PRJEB7774	SAMEA3136765	ERS608616	31367	ERX633388	SZAXPI021640-47	SINGLE	WGS	METAGENOMIC	ILLUMINA	Illumina HiSeq 2000	1207182	101117542	ftp.sra.ebi.ac.uk/vol1/fastq/ERR688/ERR688387/ERR688387.fastq.gz	14fa5a5e6a2fad3940e5f9b55abcc57d	105079816		Stool sample from carcinoma
ERR688388	PRJEB7774	SAMEA3136656	ERS608507	31379	ERX633389	SZAXPI022061-17	SINGLE	WGS	METAGENOMIC	ILLUMINA	Illumina HiSeq 2000	1000629	88928075	ftp.sra.ebi.ac.uk/vol1/fastq/ERR688/ERR688388/ERR688388.fastq.gz	f9e00a1faf2b3f40882e7d67aa4403e0	89551668		Stool sample from controls
ERR688396	PRJEB7774	SAMEA3136668	ERS608519	31450	ERX633397	SZAXPI021674-45	SINGLE	WGS	METAGENOMIC	ILLUMINA	Illumina HiSeq 2000	796421	64894590	ftp.sra.ebi.ac.uk/vol1/fastq/ERR688/ERR688396/ERR688396.fastq.gz	40b24944c731cce44ea8af6c14dbfe76	72390775		Stool sample from controls
ERR688398	PRJEB7774	SAMEA3136689	ERS608540	31455	ERX633399	SZAXPI021725-37	SINGLE	WGS	METAGENOMIC	ILLUMINA	Illumina HiSeq 2000	662569	56581425	ftp.sra.ebi.ac.uk/vol1/fastq/ERR688/ERR688398/ERR688398.fastq.gz	3d3588a82633ded9fddab543ed470b81	59674602		Stool sample from advanced adenoma
ERR688409	PRJEB7774	SAMEA3136625	ERS608476	31600	ERX633410	SZAXPI022086-32	SINGLE	WGS	METAGENOMIC	ILLUMINA	Illumina HiSeq 2000	1323913	102132354	ftp.sra.ebi.ac.uk/vol1/fastq/ERR688/ERR688409/ERR688409.fastq.gz	8c61b87be1eb4d75eb985aa5d2798a27	114008507		Stool sample from controls
ERR688413	PRJEB7774	SAMEA3136722	ERS608573	31705	ERX633414	SZAXPI021926-45	SINGLE	WGS	METAGENOMIC	ILLUMINA	Illumina HiSeq 2000	1427053	115926793	ftp.sra.ebi.ac.uk/vol1/fastq/ERR688/ERR688413/ERR688413.fastq.gz	a6c40fee0ead6a16c318cd2616629eeb	122510544		Stool sample from advanced adenoma
ERR688415	PRJEB7774	SAMEA3136633	ERS608484	31714	ERX633416	SZAXPI021964-62	SINGLE	WGS	METAGENOMIC	ILLUMINA	Illumina HiSeq 2000	1029926	90831065	ftp.sra.ebi.ac.uk/vol1/fastq/ERR688/ERR688415/ERR688415.fastq.gz	ec10d0e9732b3a3a02061b0acaaf1d30	91803805		Stool sample from controls
ERR688422	PRJEB7774	SAMEA3136726	ERS608577	31866	ERX633423	SZAXPI021631-20	SINGLE	WGS	METAGENOMIC	ILLUMINA	Illumina HiSeq 2000	1366774	109586736	ftp.sra.ebi.ac.uk/vol1/fastq/ERR688/ERR688422/ERR688422.fastq.gz	7b2a2c2ebd78e04e3b6db90b99922a66	118824502		Stool sample from carcinoma
ERR688436	PRJEB7774	SAMEA3136763	ERS608614	31883	ERX633437	SZAXPI021717-20	SINGLE	WGS	METAGENOMIC	ILLUMINA	Illumina HiSeq 2000	1063319	89520013	ftp.sra.ebi.ac.uk/vol1/fastq/ERR688/ERR688436/ERR688436.fastq.gz	8410a89985ad6b903de7549bc10fa9d3	98106009		Stool sample from carcinoma
ERR688440	PRJEB7774	SAMEA3136687	ERS608538	530002	ERX633441	SZAXPI021723-33	SINGLE	WGS	METAGENOMIC	ILLUMINA	Illumina HiSeq 2000	692473	61527401	ftp.sra.ebi.ac.uk/vol1/fastq/ERR688/ERR688440/ERR688440.fastq.gz	591d9ccd9f14e9b83fe8d58fafdace15	59715926		Stool sample from advanced adenoma
ERR688443	PRJEB7774	SAMEA3136629	ERS608480	530050	ERX633444	SZAXPI021960-39	SINGLE	WGS	METAGENOMIC	ILLUMINA	Illumina HiSeq 2000	696207	62566695	ftp.sra.ebi.ac.uk/vol1/fastq/ERR688/ERR688443/ERR688443.fastq.gz	d25c281aaa5a3274983ab953ddc3c6cc	60844342		Stool sample from controls
ERR688448	PRJEB7774	SAMEA3136678	ERS608529	530075	ERX633449	SZAXPI022052-129	SINGLE	WGS	METAGENOMIC	ILLUMINA	Illumina HiSeq 2000	956165	83970366	ftp.sra.ebi.ac.uk/vol1/fastq/ERR688/ERR688448/ERR688448.fastq.gz	d53f4d90b1ad7f7fb6b5c359d7d720a1	85094825		Stool sample from controls
ERR688454	PRJEB7774	SAMEA3136682	ERS608533	530168	ERX633455	SZAXPI021721-27	SINGLE	WGS	METAGENOMIC	ILLUMINA	Illumina HiSeq 2000	537270	47061788	ftp.sra.ebi.ac.uk/vol1/fastq/ERR688/ERR688454/ERR688454.fastq.gz	ddd4523ec34116714d898eeaa1aef849	47430021		Stool sample from advanced adenoma
ERR688464	PRJEB7774	SAMEA3136694	ERS608545	530297	ERX633465	SZAXPI021928-84	SINGLE	WGS	METAGENOMIC	ILLUMINA	Illumina HiSeq 2000	2041660	159969598	ftp.sra.ebi.ac.uk/vol1/fastq/ERR688/ERR688464/ERR688464.fastq.gz	1ef4f968481921f1ada1302b8e792aa0	180357697		Stool sample from advanced adenoma
ERR688465	PRJEB7774	SAMEA3136628	ERS608479	530315	ERX633466	SZAXPI021959-37	SINGLE	WGS	METAGENOMIC	ILLUMINA	Illumina HiSeq 2000	647403	56829538	ftp.sra.ebi.ac.uk/vol1/fastq/ERR688/ERR688465/ERR688465.fastq.gz	a52f003cedb37751eba58eb05bb12054	57449180		Stool sample from controls
ERR688466	PRJEB7774	SAMEA3136719	ERS608570	530323	ERX633467	SZAXPI021952-23	SINGLE	WGS	METAGENOMIC	ILLUMINA	Illumina HiSeq 2000	1004165	89959659	ftp.sra.ebi.ac.uk/vol1/fastq/ERR688/ERR688466/ERR688466.fastq.gz	e44787dc314839a65d0c9b26331e5f7b	88563265		Stool sample from advanced adenoma
ERR688469	PRJEB7774	SAMEA3136653	ERS608504	530364	ERX633470	SZAXPI022058-166	SINGLE	WGS	METAGENOMIC	ILLUMINA	Illumina HiSeq 2000	937035	82154745	ftp.sra.ebi.ac.uk/vol1/fastq/ERR688/ERR688469/ERR688469.fastq.gz	6a377a69cc19589122b85ff9ca926797	83335518		Stool sample from controls
ERR688472	PRJEB7774	SAMEA3136641	ERS608492	530394	ERX633473	SZAXPI022046-95	SINGLE	WGS	METAGENOMIC	ILLUMINA	Illumina HiSeq 2000	1146725	96946523	ftp.sra.ebi.ac.uk/vol1/fastq/ERR688/ERR688472/ERR688472.fastq.gz	20ac936b0d7efa560be90b5c84a7a497	102369909		Stool sample from controls
ERR688473	PRJEB7774	SAMEA3136715	ERS608566	530398	ERX633474	SZAXPI021948-16	SINGLE	WGS	METAGENOMIC	ILLUMINA	Illumina HiSeq 2000	932313	83613400	ftp.sra.ebi.ac.uk/vol1/fastq/ERR688/ERR688473/ERR688473.fastq.gz	1724336f3b40d3013c89622059574822	83317126		Stool sample from advanced adenoma
ERR688474	PRJEB7774	SAMEA3136686	ERS608537	530403	ERX633475	SZAXPI022083-102	SINGLE	WGS	METAGENOMIC	ILLUMINA	Illumina HiSeq 2000	981091	88803021	ftp.sra.ebi.ac.uk/vol1/fastq/ERR688/ERR688474/ERR688474.fastq.gz	907be49958b3c75de27076657a67ad2c	85826231		Stool sample from advanced adenoma
ERR688484	PRJEB7774	SAMEA3136690	ERS608541	530756	ERX633485	SZAXPI022085-39	SINGLE	WGS	METAGENOMIC	ILLUMINA	Illumina HiSeq 2000	974815	87433292	ftp.sra.ebi.ac.uk/vol1/fastq/ERR688/ERR688484/ERR688484.fastq.gz	cbd98dda46a0432c786944e1513094b5	84183085		Stool sample from advanced adenoma
ERR688486	PRJEB7774	SAMEA3136700	ERS608551	530867	ERX633487	SZAXPI021935-95	SINGLE	WGS	METAGENOMIC	ILLUMINA	Illumina HiSeq 2000	1129621	97072935	ftp.sra.ebi.ac.uk/vol1/fastq/ERR688/ERR688486/ERR688486.fastq.gz	b07f124f37c11041fc48a7a1b2488c3d	97463336		Stool sample from advanced adenoma
ERR688499	PRJEB7774	SAMEA3136669	ERS608520	531414	ERX633500	SZAXPI022072-47	SINGLE	WGS	METAGENOMIC	ILLUMINA	Illumina HiSeq 2000	1105483	98744184	ftp.sra.ebi.ac.uk/vol1/fastq/ERR688/ERR688499/ERR688499.fastq.gz	3d43d985c2ca24bb822c296c811242f3	97006450		Stool sample from controls
ERR688501	PRJEB7774	SAMEA3136647	ERS608498	531424	ERX633502	SZAXPI021673-123	SINGLE	WGS	METAGENOMIC	ILLUMINA	Illumina HiSeq 2000	678781	58720087	ftp.sra.ebi.ac.uk/vol1/fastq/ERR688/ERR688501/ERR688501.fastq.gz	a8c44e6ccebf824c130a99f6b7a012b4	61803519		Stool sample from controls
ERR688508	PRJEB7774	SAMEA3136703	ERS608554	31030	ERX633509	SZAXPI021937-109	PAIRED	WGS	METAGENOMIC	ILLUMINA	Illumina HiSeq 2000	24748494	4670046267	ftp.sra.ebi.ac.uk/vol1/fastq/ERR688/ERR688508/ERR688508_1.fastq.gz;ftp.sra.ebi.ac.uk/vol1/fastq/ERR688/ERR688508/ERR688508_2.fastq.gz	7e5e47c74d182575d5676034d273c4b0;186e6daaaa07b00106e5decf8b027307	2064431103;2127344486		Stool sample from advanced adenoma
ERR688513	PRJEB7774	SAMEA3136769	ERS608620	31159	ERX633514	SZAXPI021669-24	PAIRED	WGS	METAGENOMIC	ILLUMINA	Illumina HiSeq 2000	26382550	4873312244	ftp.sra.ebi.ac.uk/vol1/fastq/ERR688/ERR688513/ERR688513_1.fastq.gz;ftp.sra.ebi.ac.uk/vol1/fastq/ERR688/ERR688513/ERR688513_2.fastq.gz	930d0b70fad0b588e6fa43ac0f38af28;ecaf35e1939a79b9cbf744009f6eefa2	2315003662;2384192053		Stool sample from carcinoma
ERR688527	PRJEB7774	SAMEA3136754	ERS608605	31285	ERX633528	SZAXPI021656-133	PAIRED	WGS	METAGENOMIC	ILLUMINA	Illumina HiSeq 2000	29927254	5443741151	ftp.sra.ebi.ac.uk/vol1/fastq/ERR688/ERR688527/ERR688527_1.fastq.gz;ftp.sra.ebi.ac.uk/vol1/fastq/ERR688/ERR688527/ERR688527_2.fastq.gz	0491f575142c45818c7cf47719e47355;1b6e8cef9a2d111c179b567ceb0d6517	2597213364;2665993922		Stool sample from carcinoma
ERR688537	PRJEB7774	SAMEA3136650	ERS608501	31416	ERX633538	SZAXPI022055-140	PAIRED	WGS	METAGENOMIC	ILLUMINA	Illumina HiSeq 2000	29365450	5631933575	ftp.sra.ebi.ac.uk/vol1/fastq/ERR688/ERR688537/ERR688537_1.fastq.gz;ftp.sra.ebi.ac.uk/vol1/fastq/ERR688/ERR688537/ERR688537_2.fastq.gz	50ed00e20a867b90efdcaeb41bdc9d5d;5118ddca8d4f5374cb184555522e9fd5	2570758013;2613698319		Stool sample from controls
ERR688542	PRJEB7774	SAMEA3136706	ERS608557	31449	ERX633543	SZAXPI021940-123	PAIRED	WGS	METAGENOMIC	ILLUMINA	Illumina HiSeq 2000	33080606	6201016949	ftp.sra.ebi.ac.uk/vol1/fastq/ERR688/ERR688542/ERR688542_1.fastq.gz;ftp.sra.ebi.ac.uk/vol1/fastq/ERR688/ERR688542/ERR688542_2.fastq.gz	6b68688a60f4eb2c15209b5c9c71f3b7;c9397da0a83516cc1fbd0d42753e2fec	2706504105;2865653823		Stool sample from advanced adenoma
ERR688547	PRJEB7774	SAMEA3136755	ERS608606	31489	ERX633548	SZAXPI021694-136	PAIRED	WGS	METAGENOMIC	ILLUMINA	Illumina HiSeq 2000	23261680	4324676335	ftp.sra.ebi.ac.uk/vol1/fastq/ERR688/ERR688547/ERR688547_1.fastq.gz;ftp.sra.ebi.ac.uk/vol1/fastq/ERR688/ERR688547/ERR688547_2.fastq.gz	9bd95b6202ad9af4cf355c43745dd08c;b9982a76c65452d3312929957d3da45e	2037787034;2106852018		Stool sample from carcinoma
ERR688550	PRJEB7774	SAMEA3136662	ERS608513	31512	ERX633551	SZAXPI022066-32	PAIRED	WGS	METAGENOMIC	ILLUMINA	Illumina HiSeq 2000	23763998	4402359324	ftp.sra.ebi.ac.uk/vol1/fastq/ERR688/ERR688550/ERR688550_1.fastq.gz;ftp.sra.ebi.ac.uk/vol1/fastq/ERR688/ERR688550/ERR688550_2.fastq.gz	af9fddd115a55e95408f204633290ea8;c2d067a19eb46fe78fcd65aa881e9959	1912934162;1930897517		Stool sample from controls
ERR688555	PRJEB7774	SAMEA3136716	ERS608567	31582	ERX633556	SZAXPI021949-17	PAIRED	WGS	METAGENOMIC	ILLUMINA	Illumina HiSeq 2000	25258683	4686771580	ftp.sra.ebi.ac.uk/vol1/fastq/ERR688/ERR688555/ERR688555_1.fastq.gz;ftp.sra.ebi.ac.uk/vol1/fastq/ERR688/ERR688555/ERR688555_2.fastq.gz	4f1741d693558f909a95bac8b3ac0e96;a586ed6440dcd5068c87d14dd2b0f3c8	2064723336;2172521982		Stool sample from advanced adenoma
ERR688558	PRJEB7774	SAMEA3136756	ERS608607	31685	ERX633559	SZAXPI021691-140	PAIRED	WGS	METAGENOMIC	ILLUMINA	Illumina HiSeq 2000	24446743	4494808540	ftp.sra.ebi.ac.uk/vol1/fastq/ERR688/ERR688558/ERR688558_1.fastq.gz;ftp.sra.ebi.ac.uk/vol1/fastq/ERR688/ERR688558/ERR688558_2.fastq.gz	3306fad0963854c1c1128ad1ba83464c;384331b24366d6e9f7aa88568b214e8f	2117687640;2185943069		Stool sample from carcinoma
ERR688559	PRJEB7774	SAMEA3136632	ERS608483	31700	ERX633560	SZAXPI021963-47	PAIRED	WGS	METAGENOMIC	ILLUMINA	Illumina HiSeq 2000	32818713	6215807466	ftp.sra.ebi.ac.uk/vol1/fastq/ERR688/ERR688559/ERR688559_1.fastq.gz;ftp.sra.ebi.ac.uk/vol1/fastq/ERR688/ERR688559/ERR688559_2.fastq.gz	9ad3c8f67d7045d53771e22cdefe0049;c168f1e8f168629c1e78073760d47437	2707438323;2760860924		Stool sample from controls
ERR688561	PRJEB7774	SAMEA3136677	ERS608528	31711	ERX633562	SZAXPI022063-23	PAIRED	WGS	METAGENOMIC	ILLUMINA	Illumina HiSeq 2000	25549375	4804421056	ftp.sra.ebi.ac.uk/vol1/fastq/ERR688/ERR688561/ERR688561_1.fastq.gz;ftp.sra.ebi.ac.uk/vol1/fastq/ERR688/ERR688561/ERR688561_2.fastq.gz	4a2713ef6e86061041d50efcc8b113c0;5f55983efeb8da0c800d310e05d7d2da	2161343852;2205473195		Stool sample from controls
ERR688562	PRJEB7774	SAMEA3136633	ERS608484	31714	ERX633563	SZAXPI021964-62	PAIRED	WGS	METAGENOMIC	ILLUMINA	Illumina HiSeq 2000	29099906	5505768386	ftp.sra.ebi.ac.uk/vol1/fastq/ERR688/ERR688562/ERR688562_1.fastq.gz;ftp.sra.ebi.ac.uk/vol1/fastq/ERR688/ERR688562/ERR688562_2.fastq.gz	260617ed232d8993ea412cd2f563ef6e;c698a3caf58fb34363efb490972e8a75	2439074577;2507467841		Stool sample from controls
ERR688563	PRJEB7774	SAMEA3136646	ERS608497	31723	ERX633564	SZAXPI022051-113	PAIRED	WGS	METAGENOMIC	ILLUMINA	Illumina HiSeq 2000	24787138	4709117514	ftp.sra.ebi.ac.uk/vol1/fastq/ERR688/ERR688563/ERR688563_1.fastq.gz;ftp.sra.ebi.ac.uk/vol1/fastq/ERR688/ERR688563/ERR688563_2.fastq.gz	e8d4a1b11ded5792e35befd0cd3c151c;7fa228fe09a2d04dd35b23f20f4025f7	2077667584;2160559245		Stool sample from controls
ERR688566	PRJEB7774	SAMEA3136623	ERS608474	31766	ERX633567	SZAXPI021955-26	PAIRED	WGS	METAGENOMIC	ILLUMINA	Illumina HiSeq 2000	19453783	3703318490	ftp.sra.ebi.ac.uk/vol1/fastq/ERR688/ERR688566/ERR688566_1.fastq.gz;ftp.sra.ebi.ac.uk/vol1/fastq/ERR688/ERR688566/ERR688566_2.fastq.gz	189b56fb20e1f369afee763e8d1695e4;5e2331cd30bbcd3f3671cfe9dbdca2b7	1622204380;1659059223		Stool sample from controls
ERR688568	PRJEB7774	SAMEA3136737	ERS608588	31865	ERX633569	SZAXPI021667-39	PAIRED	WGS	METAGENOMIC	ILLUMINA	Illumina HiSeq 2000	19520755	3593264350	ftp.sra.ebi.ac.uk/vol1/fastq/ERR688/ERR688568/ERR688568_1.fastq.gz;ftp.sra.ebi.ac.uk/vol1/fastq/ERR688/ERR688568/ERR688568_2.fastq.gz	8aacdc6e7a2434d993ce61e2c0617177;66d1d66ee307d6506c7f38647ea49745	1574572139;1695357710		Stool sample from carcinoma
ERR688571	PRJEB7774	SAMEA3136758	ERS608609	31870	ERX633572	SZAXPI021693-158	PAIRED	WGS	METAGENOMIC	ILLUMINA	Illumina HiSeq 2000	29360386	5482176486	ftp.sra.ebi.ac.uk/vol1/fastq/ERR688/ERR688571/ERR688571_1.fastq.gz;ftp.sra.ebi.ac.uk/vol1/fastq/ERR688/ERR688571/ERR688571_2.fastq.gz	51f90581e2b0d8cd05ed32377944519b;0247ab96e3564cbab523b03cd16aa616	2569023565;2664705387		Stool sample from carcinoma
ERR688577	PRJEB7774	SAMEA3136740	ERS608591	31876	ERX633578	SZAXPI021641-62	PAIRED	WGS	METAGENOMIC	ILLUMINA	Illumina HiSeq 2000	28686450	5308154538	ftp.sra.ebi.ac.uk/vol1/fastq/ERR688/ERR688577/ERR688577_1.fastq.gz;ftp.sra.ebi.ac.uk/vol1/fastq/ERR688/ERR688577/ERR688577_2.fastq.gz	d165be9edd89e9323cb55ff169610347;99aa3d4d63fbfaf0421baa8ebc930980	2430006013;2492016809		Stool sample from carcinoma
ERR688595	PRJEB7774	SAMEA3136678	ERS608529	530075	ERX633596	SZAXPI022052-129	PAIRED	WGS	METAGENOMIC	ILLUMINA	Illumina HiSeq 2000	22482098	4192595274	ftp.sra.ebi.ac.uk/vol1/fastq/ERR688/ERR688595/ERR688595_1.fastq.gz;ftp.sra.ebi.ac.uk/vol1/fastq/ERR688/ERR688595/ERR688595_2.fastq.gz	3cedb457eb02795ff34f2221e43cca76;bbfbdf49ed6ccf6038e4b5c5a6009b2f	1900582584;1951186206		Stool sample from controls
ERR688602	PRJEB7774	SAMEA3136711	ERS608562	530172	ERX633603	SZAXPI021944-142	PAIRED	WGS	METAGENOMIC	ILLUMINA	Illumina HiSeq 2000	24640465	4734636631	ftp.sra.ebi.ac.uk/vol1/fastq/ERR688/ERR688602/ERR688602_1.fastq.gz;ftp.sra.ebi.ac.uk/vol1/fastq/ERR688/ERR688602/ERR688602_2.fastq.gz	8685f62441cd5ffd017159d0de65846b;4cca79d0d1f2dfc8a9587bffc1691e92	2088472332;2132845629		Stool sample from advanced adenoma
ERR688604	PRJEB7774	SAMEA3136683	ERS608534	530185	ERX633605	SZAXPI021722-32	PAIRED	WGS	METAGENOMIC	ILLUMINA	Illumina HiSeq 2000	26145505	4904355362	ftp.sra.ebi.ac.uk/vol1/fastq/ERR688/ERR688604/ERR688604_1.fastq.gz;ftp.sra.ebi.ac.uk/vol1/fastq/ERR688/ERR688604/ERR688604_2.fastq.gz	4e748cc3ca98dfe881576957620b4aff;46d815f93d60026b02b6063367bf0af1	2091917657;2191918240		Stool sample from advanced adenoma
ERR688605	PRJEB7774	SAMEA3136666	ERS608517	530215	ERX633606	SZAXPI022070-39	PAIRED	WGS	METAGENOMIC	ILLUMINA	Illumina HiSeq 2000	20578474	3854178844	ftp.sra.ebi.ac.uk/vol1/fastq/ERR688/ERR688605/ERR688605_1.fastq.gz;ftp.sra.ebi.ac.uk/vol1/fastq/ERR688/ERR688605/ERR688605_2.fastq.gz	f9b03d9b3cdc290a612b8a151592bcef;a81883f417f3b1daf20a95f712aa23d8	1664652584;1720522543		Stool sample from controls
ERR688631	PRJEB7774	SAMEA3136690	ERS608541	530756	ERX633632	SZAXPI022085-39	PAIRED	WGS	METAGENOMIC	ILLUMINA	Illumina HiSeq 2000	21096804	3916346321	ftp.sra.ebi.ac.uk/vol1/fastq/ERR688/ERR688631/ERR688631_1.fastq.gz;ftp.sra.ebi.ac.uk/vol1/fastq/ERR688/ERR688631/ERR688631_2.fastq.gz	191fd747b0797a46462aafeaeac70ce2;bf6788e989d367f50a2e0049770b5d8b	1740151457;1788887907		Stool sample from advanced adenoma
ERR688634	PRJEB7774	SAMEA3136746	ERS608597	530890	ERX633635	SZAXPI021648-95	PAIRED	WGS	METAGENOMIC	ILLUMINA	Illumina HiSeq 2000	29017379	5385697494	ftp.sra.ebi.ac.uk/vol1/fastq/ERR688/ERR688634/ERR688634_1.fastq.gz;ftp.sra.ebi.ac.uk/vol1/fastq/ERR688/ERR688634/ERR688634_2.fastq.gz	7921ec5aae7bd4f17c2b786e2a564808;412a7092bae7919f21115837b2c92ecb	2540994845;2636920460		Stool sample from carcinoma
ERR688645	PRJEB7774	SAMEA3136681	ERS608532	531403	ERX633646	SZAXPI021720-26	PAIRED	WGS	METAGENOMIC	ILLUMINA	Illumina HiSeq 2000	31902304	5909959711	ftp.sra.ebi.ac.uk/vol1/fastq/ERR688/ERR688645/ERR688645_1.fastq.gz;ftp.sra.ebi.ac.uk/vol1/fastq/ERR688/ERR688645/ERR688645_2.fastq.gz	6292035c6f6339ed7d0e3883d5b8d37d;619a02829228c8f4390d842d127c20de	2760323644;2855589867		Stool sample from advanced adenoma
ERR688647	PRJEB7774	SAMEA3136741	ERS608592	531416	ERX633648	SZAXPI021642-84	PAIRED	WGS	METAGENOMIC	ILLUMINA	Illumina HiSeq 2000	26712989	5000758726	ftp.sra.ebi.ac.uk/vol1/fastq/ERR688/ERR688647/ERR688647_1.fastq.gz;ftp.sra.ebi.ac.uk/vol1/fastq/ERR688/ERR688647/ERR688647_2.fastq.gz	75aa73c73e5c77878a3c39247bb483d1;d243dbcc16be35b6cc8a2568d483bac0	2293623617;2382748121		Stool sample from carcinoma
ERR688650	PRJEB7774	SAMEA3136762	ERS608613	531766	ERX633651	SZAXPI021716-17	PAIRED	WGS	METAGENOMIC	ILLUMINA	Illumina HiSeq 2000	33015193	6141522676	ftp.sra.ebi.ac.uk/vol1/fastq/ERR688/ERR688650/ERR688650_1.fastq.gz;ftp.sra.ebi.ac.uk/vol1/fastq/ERR688/ERR688650/ERR688650_2.fastq.gz	7f4ceadc8d173599d79fb37731efab55;a8c44be022bfd8c044b7e242ec1bf0a9	2895259298;2974816297		Stool sample from carcinoma
