run_accession	study_accession	sample_accession	secondary_sample_accession	sample_alias	experiment_accession	library_name	library_layout	library_strategy	library_source	instrument_platform	instrument_model	read_count	base_count	fastq_ftp	fastq_md5	fastq_bytes	sra_ftp	sample_title
ERR2726408	PRJEB27928	SAMEA4817897	ERS2637791	CCMD18579000ST-11-0	ERX2739780	NA	PAIRED	WGS	METAGENOMIC	ILLUMINA	Illumina HiSeq 4000	14901997	3596888755	ftp.sra.ebi.ac.uk/vol1/fastq/ERR272/008/ERR2726408/ERR2726408_1.fastq.gz;ftp.sra.ebi.ac.uk/vol1/fastq/ERR272/008/ERR2726408/ERR2726408_2.fastq.gz	5b6e4e9f240dff0e623a7c665de565c9;b08dcedbed22b15255f17d35aeaa9724	1011563589;1017039576		Meta-analysis of faecal metagenomes reveals global microbial signatures that are specific for colorectal cancer
ERR2726414	PRJEB27928	SAMEA4817900	ERS2637794	CCMD21593359ST-11-0	ERX2739786	NA	PAIRED	WGS	METAGENOMIC	ILLUMINA	Illumina HiSeq 2000	8697859	1799623096	ftp.sra.ebi.ac.uk/vol1/fastq/ERR272/004/ERR2726414/ERR2726414_1.fastq.gz;ftp.sra.ebi.ac.uk/vol1/fastq/ERR272/004/ERR2726414/ERR2726414_2.fastq.gz	81771cf6f5d37f60705f8275d87d5cd1;20706138792c00dcb703a85cb309c231	463427930;461810130		Meta-analysis of faecal metagenomes reveals global microbial signatures that are specific for colorectal cancer
ERR2726422	PRJEB27928	SAMEA4817905	ERS2637799	CCMD26625622ST-11-0	ERX2739794	NA	PAIRED	WGS	METAGENOMIC	ILLUMINA	Illumina HiSeq 4000	16231639	4034394192	ftp.sra.ebi.ac.uk/vol1/fastq/ERR272/002/ERR2726422/ERR2726422_1.fastq.gz;ftp.sra.ebi.ac.uk/vol1/fastq/ERR272/002/ERR2726422/ERR2726422_2.fastq.gz	e7d4cc28aad5c8074777e59f88910e34;b5c1921eb74483a422d89bef746e0604	1120505840;1116999619		Meta-analysis of faecal metagenomes reveals global microbial signatures that are specific for colorectal cancer
ERR2726424	PRJEB27928	SAMEA4817906	ERS2637800	CCMD27463710ST-11-0	ERX2739796	NA	PAIRED	WGS	METAGENOMIC	ILLUMINA	Illumina HiSeq 2000	10995418	2276895685	ftp.sra.ebi.ac.uk/vol1/fastq/ERR272/004/ERR2726424/ERR2726424_1.fastq.gz;ftp.sra.ebi.ac.uk/vol1/fastq/ERR272/004/ERR2726424/ERR2726424_2.fastq.gz	6c0f5a7b61ffc756e502acdf89cc155c;d715d1757d5ad5d27410ce7c82ec0a69	585831288;587187664		Meta-analysis of faecal metagenomes reveals global microbial signatures that are specific for colorectal cancer
ERR2726428	PRJEB27928	SAMEA4817908	ERS2637802	CCMD28738636ST-11-0	ERX2739800	NA	PAIRED	WGS	METAGENOMIC	ILLUMINA	Illumina HiSeq 4000	8499348	2117241930	ftp.sra.ebi.ac.uk/vol1/fastq/ERR272/008/ERR2726428/ERR2726428_1.fastq.gz;ftp.sra.ebi.ac.uk/vol1/fastq/ERR272/008/ERR2726428/ERR2726428_2.fastq.gz	6338c5a575d508d93e4e1cef3b46190b;6a367e62ac58f4867af421c47f7f98f4	588539934;586994256		Meta-analysis of faecal metagenomes reveals global microbial signatures that are specific for colorectal cancer
ERR2726435	PRJEB27928	SAMEA4817915	ERS2637809	CCMD32965613ST-11-0	ERX2739807	NA	PAIRED	WGS	METAGENOMIC	ILLUMINA	Illumina HiSeq 4000	21036745	5355354887	ftp.sra.ebi.ac.uk/vol1/fastq/ERR272/005/ERR2726435/ERR2726435_1.fastq.gz;ftp.sra.ebi.ac.uk/vol1/fastq/ERR272/005/ERR2726435/ERR2726435_2.fastq.gz	10bab24b2c32eeea0286dae32abade17;a357a60223fd07d8b06ba1cf83e71999	1424531946;1454625259		Meta-analysis of faecal metagenomes reveals global microbial signatures that are specific for colorectal cancer
ERR2726443	PRJEB27928	SAMEA4817920	ERS2637814	CCMD38158721ST-11-0	ERX2739815	NA	PAIRED	WGS	METAGENOMIC	ILLUMINA	Illumina HiSeq 4000	12160647	2980278800	ftp.sra.ebi.ac.uk/vol1/fastq/ERR272/003/ERR2726443/ERR2726443_1.fastq.gz;ftp.sra.ebi.ac.uk/vol1/fastq/ERR272/003/ERR2726443/ERR2726443_2.fastq.gz	0a1c7874fbdcd95d3f7731a8c078155f;d713c52656fee618e46f5a30ae847bac	857447443;852090718		Meta-analysis of faecal metagenomes reveals global microbial signatures that are specific for colorectal cancer
ERR2726445	PRJEB27928	SAMEA4817922	ERS2637816	CCMD39882286ST-11-0	ERX2739817	NA	PAIRED	WGS	METAGENOMIC	ILLUMINA	Illumina HiSeq 4000	18519111	4655730230	ftp.sra.ebi.ac.uk/vol1/fastq/ERR272/005/ERR2726445/ERR2726445_1.fastq.gz;ftp.sra.ebi.ac.uk/vol1/fastq/ERR272/005/ERR2726445/ERR2726445_2.fastq.gz	2db29ad01c616ae59145819e3d0a7b72;7e1bf5c774a3a69e4b2674f16e112d75	1290798237;1291288899		Meta-analysis of faecal metagenomes reveals global microbial signatures that are specific for colorectal cancer
ERR2726452	PRJEB27928	SAMEA4817929	ERS2637823	CCMD49025643ST-11-0	ERX2739824	NA	PAIRED	WGS	METAGENOMIC	ILLUMINA	Illumina HiSeq 4000	22725194	5851390491	ftp.sra.ebi.ac.uk/vol1/fastq/ERR272/002/ERR2726452/ERR2726452_1.fastq.gz;ftp.sra.ebi.ac.uk/vol1/fastq/ERR272/002/ERR2726452/ERR2726452_2.fastq.gz	9ab016689074fde8f07d54c47aef1a49;3b39e453f730bceb16d2135b9f127f76	1532434174;1572080542		Meta-analysis of faecal metagenomes reveals global microbial signatures that are specific for colorectal cancer
ERR2726463	PRJEB27928	SAMEA4817937	ERS2637831	CCMD52117727ST-11-0	ERX2739835	NA	PAIRED	WGS	METAGENOMIC	ILLUMINA	Illumina HiSeq 2000	10743064	2277242489	ftp.sra.ebi.ac.uk/vol1/fastq/ERR272/003/ERR2726463/ERR2726463_1.fastq.gz;ftp.sra.ebi.ac.uk/vol1/fastq/ERR272/003/ERR2726463/ERR2726463_2.fastq.gz	52bf3f9709961c7415863a4f5c4bacb2;ae5c336ca3e2fce7e2360db6d29c208c	577753124;568054800		Meta-analysis of faecal metagenomes reveals global microbial signatures that are specific for colorectal cancer
ERR2726466	PRJEB27928	SAMEA4817937	ERS2637831	CCMD52117727ST-11-0	ERX2739838	NA	PAIRED	WGS	METAGENOMIC	ILLUMINA	Illumina HiSeq 2000	10259613	2118569732	ftp.sra.ebi.ac.uk/vol1/fastq/ERR272/006/ERR2726466/ERR2726466_1.fastq.gz;ftp.sra.ebi.ac.uk/vol1/fastq/ERR272/006/ERR2726466/ERR2726466_2.fastq.gz	c2d95b4d1fe1fed2d515d21bf40dd56b;83f5702951162f74c770c180ec86aae2	546356393;546542398		Meta-analysis of faecal metagenomes reveals global microbial signatures that are specific for colorectal cancer
ERR2726469	PRJEB27928	SAMEA4817938	ERS2637832	CCMD52145360ST-11-0	ERX2739841	NA	PAIRED	WGS	METAGENOMIC	ILLUMINA	Illumina HiSeq 2000	9911337	2063247797	ftp.sra.ebi.ac.uk/vol1/fastq/ERR272/009/ERR2726469/ERR2726469_1.fastq.gz;ftp.sra.ebi.ac.uk/vol1/fastq/ERR272/009/ERR2726469/ERR2726469_2.fastq.gz	30cf91a674e3e498702f05ab7defec3f;5cfa144c89152cf84ede87e1e9f6c685	534171848;529183912		Meta-analysis of faecal metagenomes reveals global microbial signatures that are specific for colorectal cancer
ERR2726477	PRJEB27928	SAMEA4817944	ERS2637838	CCMD59583015ST-11-0	ERX2739849	NA	PAIRED	WGS	METAGENOMIC	ILLUMINA	Illumina HiSeq 2000	10782885	2219345380	ftp.sra.ebi.ac.uk/vol1/fastq/ERR272/007/ERR2726477/ERR2726477_1.fastq.gz;ftp.sra.ebi.ac.uk/vol1/fastq/ERR272/007/ERR2726477/ERR2726477_2.fastq.gz	082477a2d2529df193f3ef05001c57d0;ab2ecb62623aba1aec80a259ab70b7d5	575162223;571980980		Meta-analysis of faecal metagenomes reveals global microbial signatures that are specific for colorectal cancer
ERR2726481	PRJEB27928	SAMEA4817945	ERS2637839	CCMD65222621ST-11-0	ERX2739853	NA	PAIRED	WGS	METAGENOMIC	ILLUMINA	Illumina HiSeq 2000	9241929	1828879640	ftp.sra.ebi.ac.uk/vol1/fastq/ERR272/001/ERR2726481/ERR2726481_1.fastq.gz;ftp.sra.ebi.ac.uk/vol1/fastq/ERR272/001/ERR2726481/ERR2726481_2.fastq.gz	43547672c92943dd86caba7bc1369979;64a17782bfcbe7568e619da98533c970	492119891;479987960		Meta-analysis of faecal metagenomes reveals global microbial signatures that are specific for colorectal cancer
ERR2726499	PRJEB27928	SAMEA4817955	ERS2637849	CCMD74592084ST-11-0	ERX2739871	NA	PAIRED	WGS	METAGENOMIC	ILLUMINA	Illumina HiSeq 4000	21787032	5568288164	ftp.sra.ebi.ac.uk/vol1/fastq/ERR272/009/ERR2726499/ERR2726499_1.fastq.gz;ftp.sra.ebi.ac.uk/vol1/fastq/ERR272/009/ERR2726499/ERR2726499_2.fastq.gz	a03bb47b3a525c4a6864da6d59e417f9;f174fb1017535100ff507e028bb868fa	1496244677;1473268678		Meta-analysis of faecal metagenomes reveals global microbial signatures that are specific for colorectal cancer
ERR2726501	PRJEB27928	SAMEA4817957	ERS2637851	CCMD76222476ST-11-0	ERX2739873	NA	PAIRED	WGS	METAGENOMIC	ILLUMINA	Illumina HiSeq 4000	11168345	2781569430	ftp.sra.ebi.ac.uk/vol1/fastq/ERR272/001/ERR2726501/ERR2726501_1.fastq.gz;ftp.sra.ebi.ac.uk/vol1/fastq/ERR272/001/ERR2726501/ERR2726501_2.fastq.gz	2c1b83b5914ec26929694190266943c3;e7fa687e915b91023f119bee77480590	756757191;767054812		Meta-analysis of faecal metagenomes reveals global microbial signatures that are specific for colorectal cancer
ERR2726510	PRJEB27928	SAMEA4817963	ERS2637857	CCMD89306485ST-11-0	ERX2739882	NA	PAIRED	WGS	METAGENOMIC	ILLUMINA	Illumina HiSeq 2000	7803621	1596131152	ftp.sra.ebi.ac.uk/vol1/fastq/ERR272/000/ERR2726510/ERR2726510_1.fastq.gz;ftp.sra.ebi.ac.uk/vol1/fastq/ERR272/000/ERR2726510/ERR2726510_2.fastq.gz	765b7a7b1bc777dbc8fa8d398d7824f1;81ffcf58bb702ca457cdc32806705650	416864792;421729468		Meta-analysis of faecal metagenomes reveals global microbial signatures that are specific for colorectal cancer
ERR2726512	PRJEB27928	SAMEA4817965	ERS2637859	CCMD89967135ST-11-0	ERX2739884	NA	PAIRED	WGS	METAGENOMIC	ILLUMINA	Illumina HiSeq 4000	17710717	4369699681	ftp.sra.ebi.ac.uk/vol1/fastq/ERR272/002/ERR2726512/ERR2726512_1.fastq.gz;ftp.sra.ebi.ac.uk/vol1/fastq/ERR272/002/ERR2726512/ERR2726512_2.fastq.gz	94e3de3f08e060a1c1b6bc3f1f0318c0;2c973cc70e887edc652c7669b89615ac	1220625836;1223649245		Meta-analysis of faecal metagenomes reveals global microbial signatures that are specific for colorectal cancer
ERR2726518	PRJEB27928	SAMEA4817968	ERS2637862	CCMD95431029ST-11-0	ERX2739890	NA	PAIRED	WGS	METAGENOMIC	ILLUMINA	Illumina HiSeq 2000	5485186	1154247017	ftp.sra.ebi.ac.uk/vol1/fastq/ERR272/008/ERR2726518/ERR2726518_1.fastq.gz;ftp.sra.ebi.ac.uk/vol1/fastq/ERR272/008/ERR2726518/ERR2726518_2.fastq.gz	e647c9002d3299b191339f871f4b2ee5;11bc059213f8c25cf2e098134399a2aa	296431652;292311012		Meta-analysis of faecal metagenomes reveals global microbial signatures that are specific for colorectal cancer
ERR2726519	PRJEB27928	SAMEA4817968	ERS2637862	CCMD95431029ST-11-0	ERX2739891	NA	PAIRED	WGS	METAGENOMIC	ILLUMINA	Illumina HiSeq 2000	5357303	1117972588	ftp.sra.ebi.ac.uk/vol1/fastq/ERR272/009/ERR2726519/ERR2726519_1.fastq.gz;ftp.sra.ebi.ac.uk/vol1/fastq/ERR272/009/ERR2726519/ERR2726519_2.fastq.gz	85c4d34ff5db4ba25a3051f4ab820baf;ca06228ddd60c5086979056745d2d767	289762748;288612380		Meta-analysis of faecal metagenomes reveals global microbial signatures that are specific for colorectal cancer
ERR2726523	PRJEB27928	SAMEA4817969	ERS2637863	CCMD95676152ST-11-0	ERX2739895	NA	PAIRED	WGS	METAGENOMIC	ILLUMINA	Illumina HiSeq 2000	9277348	1902641149	ftp.sra.ebi.ac.uk/vol1/fastq/ERR272/003/ERR2726523/ERR2726523_1.fastq.gz;ftp.sra.ebi.ac.uk/vol1/fastq/ERR272/003/ERR2726523/ERR2726523_2.fastq.gz	f9f16998407a02386f2dd291568ebb71;d700d3efb5a4f3a8c40d1aaf9d635691	495738464;490751090		Meta-analysis of faecal metagenomes reveals global microbial signatures that are specific for colorectal cancer
ERR2726529	PRJEB27928	SAMEA4817971	ERS2637865	CCMD98531134ST-11-0	ERX2739901	NA	PAIRED	WGS	METAGENOMIC	ILLUMINA	Illumina HiSeq 2000	9756599	2029343163	ftp.sra.ebi.ac.uk/vol1/fastq/ERR272/009/ERR2726529/ERR2726529_1.fastq.gz;ftp.sra.ebi.ac.uk/vol1/fastq/ERR272/009/ERR2726529/ERR2726529_2.fastq.gz	9187db0f0bed026695caa97a914648d3;b34e95453628ed2caa33eaf9eabf33ed	525183846;521710123		Meta-analysis of faecal metagenomes reveals global microbial signatures that are specific for colorectal cancer
ERR2726531	PRJEB27928	SAMEA4817972	ERS2637866	CCMD98702133ST-11-0	ERX2739903	NA	PAIRED	WGS	METAGENOMIC	ILLUMINA	Illumina HiSeq 4000	23242451	5959203367	ftp.sra.ebi.ac.uk/vol1/fastq/ERR272/001/ERR2726531/ERR2726531_1.fastq.gz;ftp.sra.ebi.ac.uk/vol1/fastq/ERR272/001/ERR2726531/ERR2726531_2.fastq.gz	318348f64c4eda39c9fd2e795eb4ab86;3dcfc6202927a185353d4c691a75ba78	1604293025;1592267504		Meta-analysis of faecal metagenomes reveals global microbial signatures that are specific for colorectal cancer
ERR2726533	PRJEB27928	SAMEA4817974	ERS2637868	CCMD99929634ST-11-0	ERX2739905	NA	PAIRED	WGS	METAGENOMIC	ILLUMINA	Illumina HiSeq 4000	17152359	4234610984	ftp.sra.ebi.ac.uk/vol1/fastq/ERR272/003/ERR2726533/ERR2726533_1.fastq.gz;ftp.sra.ebi.ac.uk/vol1/fastq/ERR272/003/ERR2726533/ERR2726533_2.fastq.gz	2d862d4bf48c50468d95c06d625e255c;bcb501644f6155292ca05e2d112c34cb	1204178642;1210764438		Meta-analysis of faecal metagenomes reveals global microbial signatures that are specific for colorectal cancer
ERR2726541	PRJEB27928	SAMEA4817900	ERS2637794	CCMD21593359ST-11-0	ERX2739913	NA	SINGLE	WGS	METAGENOMIC	ILLUMINA	Illumina HiSeq 2000	1161919	94430391	ftp.sra.ebi.ac.uk/vol1/fastq/ERR272/001/ERR2726541/ERR2726541.fastq.gz	ae4edc827ddca952a9e24f2e519b75e5	54962878		Meta-analysis of faecal metagenomes reveals global microbial signatures that are specific for colorectal cancer
ERR2726546	PRJEB27928	SAMEA4817901	ERS2637795	CCMD21703880ST-11-0	ERX2739918	NA	SINGLE	WGS	METAGENOMIC	ILLUMINA	Illumina HiSeq 2000	1366772	108609802	ftp.sra.ebi.ac.uk/vol1/fastq/ERR272/006/ERR2726546/ERR2726546.fastq.gz	125307e34d3b101eab5eaa1616f68492	67430880		Meta-analysis of faecal metagenomes reveals global microbial signatures that are specific for colorectal cancer
ERR2726548	PRJEB27928	SAMEA4817901	ERS2637795	CCMD21703880ST-11-0	ERX2739920	NA	SINGLE	WGS	METAGENOMIC	ILLUMINA	Illumina HiSeq 2000	1372161	109285618	ftp.sra.ebi.ac.uk/vol1/fastq/ERR272/008/ERR2726548/ERR2726548.fastq.gz	8cd30a7f0a8e8a7921a5b8d473fdc62b	68060272		Meta-analysis of faecal metagenomes reveals global microbial signatures that are specific for colorectal cancer
ERR2726560	PRJEB27928	SAMEA4817910	ERS2637804	CCMD30626189ST-11-0	ERX2739932	NA	SINGLE	WGS	METAGENOMIC	ILLUMINA	Illumina HiSeq 4000	2763394	253409600	ftp.sra.ebi.ac.uk/vol1/fastq/ERR272/000/ERR2726560/ERR2726560.fastq.gz	92981fe12c55a1b8e4f268baa2bd3c93	178493418		Meta-analysis of faecal metagenomes reveals global microbial signatures that are specific for colorectal cancer
ERR2726566	PRJEB27928	SAMEA4817916	ERS2637810	CCMD35081859ST-11-0	ERX2739938	NA	SINGLE	WGS	METAGENOMIC	ILLUMINA	Illumina HiSeq 4000	3422203	341808652	ftp.sra.ebi.ac.uk/vol1/fastq/ERR272/006/ERR2726566/ERR2726566.fastq.gz	34aae9614af39a559e7a81c5634d5bd6	232943268		Meta-analysis of faecal metagenomes reveals global microbial signatures that are specific for colorectal cancer
ERR2726571	PRJEB27928	SAMEA4817918	ERS2637812	CCMD35801800ST-11-0	ERX2739943	NA	SINGLE	WGS	METAGENOMIC	ILLUMINA	Illumina HiSeq 4000	2651463	249387982	ftp.sra.ebi.ac.uk/vol1/fastq/ERR272/001/ERR2726571/ERR2726571.fastq.gz	e2f94f8505db7b0f27621507b4578248	174636326		Meta-analysis of faecal metagenomes reveals global microbial signatures that are specific for colorectal cancer
ERR2726574	PRJEB27928	SAMEA4817921	ERS2637815	CCMD39157124ST-11-0	ERX2739946	NA	SINGLE	WGS	METAGENOMIC	ILLUMINA	Illumina HiSeq 4000	2981307	288101694	ftp.sra.ebi.ac.uk/vol1/fastq/ERR272/004/ERR2726574/ERR2726574.fastq.gz	fb124ddf947c92e7542d728e2cea5ad3	201904045		Meta-analysis of faecal metagenomes reveals global microbial signatures that are specific for colorectal cancer
ERR2726575	PRJEB27928	SAMEA4817922	ERS2637816	CCMD39882286ST-11-0	ERX2739947	NA	SINGLE	WGS	METAGENOMIC	ILLUMINA	Illumina HiSeq 4000	2571977	241900448	ftp.sra.ebi.ac.uk/vol1/fastq/ERR272/005/ERR2726575/ERR2726575.fastq.gz	4fbf98bdddee9466f91eac0431d44b54	169857560		Meta-analysis of faecal metagenomes reveals global microbial signatures that are specific for colorectal cancer
ERR2726577	PRJEB27928	SAMEA4817924	ERS2637818	CCMD41521570ST-11-0	ERX2739949	NA	SINGLE	WGS	METAGENOMIC	ILLUMINA	Illumina HiSeq 4000	2229862	204193618	ftp.sra.ebi.ac.uk/vol1/fastq/ERR272/007/ERR2726577/ERR2726577.fastq.gz	7cbf9858841cfae2dba30be39f578b09	145297303		Meta-analysis of faecal metagenomes reveals global microbial signatures that are specific for colorectal cancer
ERR2726578	PRJEB27928	SAMEA4817925	ERS2637819	CCMD42956136ST-11-0	ERX2739950	NA	SINGLE	WGS	METAGENOMIC	ILLUMINA	Illumina HiSeq 4000	2617338	257186108	ftp.sra.ebi.ac.uk/vol1/fastq/ERR272/008/ERR2726578/ERR2726578.fastq.gz	dd569488a790ba6255da10d0f3c412cb	174564774		Meta-analysis of faecal metagenomes reveals global microbial signatures that are specific for colorectal cancer
ERR2726579	PRJEB27928	SAMEA4817926	ERS2637820	CCMD45004878ST-11-0	ERX2739951	NA	SINGLE	WGS	METAGENOMIC	ILLUMINA	Illumina HiSeq 4000	2422695	227040978	ftp.sra.ebi.ac.uk/vol1/fastq/ERR272/009/ERR2726579/ERR2726579.fastq.gz	b930f910b2a66201d957c035e8bc984d	158597452		Meta-analysis of faecal metagenomes reveals global microbial signatures that are specific for colorectal cancer
ERR2726589	PRJEB27928	SAMEA4817933	ERS2637827	CCMD50529145ST-11-0	ERX2739961	NA	SINGLE	WGS	METAGENOMIC	ILLUMINA	Illumina HiSeq 4000	2420359	229542825	ftp.sra.ebi.ac.uk/vol1/fastq/ERR272/009/ERR2726589/ERR2726589.fastq.gz	fc626b6c9449e1ea179affe8d82b6400	159470002		Meta-analysis of faecal metagenomes reveals global microbial signatures that are specific for colorectal cancer
ERR2726594	PRJEB27928	SAMEA4817937	ERS2637831	CCMD52117727ST-11-0	ERX2739966	NA	SINGLE	WGS	METAGENOMIC	ILLUMINA	Illumina HiSeq 2000	1458919	120855427	ftp.sra.ebi.ac.uk/vol1/fastq/ERR272/004/ERR2726594/ERR2726594.fastq.gz	f025023b9f11bb13e6d877c40463554b	72618460		Meta-analysis of faecal metagenomes reveals global microbial signatures that are specific for colorectal cancer
ERR2726604	PRJEB27928	SAMEA4817942	ERS2637836	CCMD56948710ST-11-0	ERX2739976	NA	SINGLE	WGS	METAGENOMIC	ILLUMINA	Illumina HiSeq 4000	2385416	229535885	ftp.sra.ebi.ac.uk/vol1/fastq/ERR272/004/ERR2726604/ERR2726604.fastq.gz	d68c7b08907bb39f37f350d4ae422753	159515269		Meta-analysis of faecal metagenomes reveals global microbial signatures that are specific for colorectal cancer
ERR2726608	PRJEB27928	SAMEA4817944	ERS2637838	CCMD59583015ST-11-0	ERX2739980	NA	SINGLE	WGS	METAGENOMIC	ILLUMINA	Illumina HiSeq 2000	1488105	124084951	ftp.sra.ebi.ac.uk/vol1/fastq/ERR272/008/ERR2726608/ERR2726608.fastq.gz	f6bda599336f213a775565c775beeb8c	76105837		Meta-analysis of faecal metagenomes reveals global microbial signatures that are specific for colorectal cancer
ERR2726609	PRJEB27928	SAMEA4817944	ERS2637838	CCMD59583015ST-11-0	ERX2739981	NA	SINGLE	WGS	METAGENOMIC	ILLUMINA	Illumina HiSeq 2000	1641368	138244337	ftp.sra.ebi.ac.uk/vol1/fastq/ERR272/009/ERR2726609/ERR2726609.fastq.gz	da753cd3593329829c228d2d9177066f	83946236		Meta-analysis of faecal metagenomes reveals global microbial signatures that are specific for colorectal cancer
ERR2726613	PRJEB27928	SAMEA4817945	ERS2637839	CCMD65222621ST-11-0	ERX2739985	NA	SINGLE	WGS	METAGENOMIC	ILLUMINA	Illumina HiSeq 2000	1765031	141193128	ftp.sra.ebi.ac.uk/vol1/fastq/ERR272/003/ERR2726613/ERR2726613.fastq.gz	38a6cda808b3df58b29279334370d775	88410683		Meta-analysis of faecal metagenomes reveals global microbial signatures that are specific for colorectal cancer
ERR2726615	PRJEB27928	SAMEA4817947	ERS2637841	CCMD66848156ST-11-0	ERX2739987	NA	SINGLE	WGS	METAGENOMIC	ILLUMINA	Illumina HiSeq 4000	2562152	241444437	ftp.sra.ebi.ac.uk/vol1/fastq/ERR272/005/ERR2726615/ERR2726615.fastq.gz	5ee08668a248a7557cbcb57b8f3078c6	168178885		Meta-analysis of faecal metagenomes reveals global microbial signatures that are specific for colorectal cancer
ERR2726623	PRJEB27928	SAMEA4817952	ERS2637846	CCMD72666896ST-11-0	ERX2739995	NA	SINGLE	WGS	METAGENOMIC	ILLUMINA	Illumina HiSeq 4000	2492696	236313842	ftp.sra.ebi.ac.uk/vol1/fastq/ERR272/003/ERR2726623/ERR2726623.fastq.gz	a65a18567c641ddaf75f867e78ad8e0e	163959908		Meta-analysis of faecal metagenomes reveals global microbial signatures that are specific for colorectal cancer
ERR2726630	PRJEB27928	SAMEA4817956	ERS2637850	CCMD75147712ST-11-0	ERX2740002	NA	SINGLE	WGS	METAGENOMIC	ILLUMINA	Illumina HiSeq 4000	1209339	113990291	ftp.sra.ebi.ac.uk/vol1/fastq/ERR272/000/ERR2726630/ERR2726630.fastq.gz	d91dcfc79596b56de1dc13d2dbc79a07	80458736		Meta-analysis of faecal metagenomes reveals global microbial signatures that are specific for colorectal cancer
ERR2726641	PRJEB27928	SAMEA4817964	ERS2637858	CCMD89643949ST-11-0	ERX2740013	NA	SINGLE	WGS	METAGENOMIC	ILLUMINA	Illumina HiSeq 4000	3287253	332447497	ftp.sra.ebi.ac.uk/vol1/fastq/ERR272/001/ERR2726641/ERR2726641.fastq.gz	aa432523db64aedce1be05131464e78f	225735086		Meta-analysis of faecal metagenomes reveals global microbial signatures that are specific for colorectal cancer
ERR2726646	PRJEB27928	SAMEA4817966	ERS2637860	CCMD92404903ST-11-0	ERX2740018	NA	SINGLE	WGS	METAGENOMIC	ILLUMINA	Illumina HiSeq 2000	1733453	134196564	ftp.sra.ebi.ac.uk/vol1/fastq/ERR272/006/ERR2726646/ERR2726646.fastq.gz	f7ef23b2bfa66f94568fe3dc9580af2b	75896098		Meta-analysis of faecal metagenomes reveals global microbial signatures that are specific for colorectal cancer
ERR2726650	PRJEB27928	SAMEA4817968	ERS2637862	CCMD95431029ST-11-0	ERX2740022	NA	SINGLE	WGS	METAGENOMIC	ILLUMINA	Illumina HiSeq 2000	1299446	102033387	ftp.sra.ebi.ac.uk/vol1/fastq/ERR272/000/ERR2726650/ERR2726650.fastq.gz	25be0e8cab3684640cdedce37447b222	53228084		Meta-analysis of faecal metagenomes reveals global microbial signatures that are specific for colorectal cancer
ERR2726658	PRJEB27928	SAMEA4817971	ERS2637865	CCMD98531134ST-11-0	ERX2740030	NA	SINGLE	WGS	METAGENOMIC	ILLUMINA	Illumina HiSeq 2000	1392768	117564363	ftp.sra.ebi.ac.uk/vol1/fastq/ERR272/008/ERR2726658/ERR2726658.fastq.gz	f64e0c32d73d7e752d480eb5a40a5395	71600562		Meta-analysis of faecal metagenomes reveals global microbial signatures that are specific for colorectal cancer
ERR2726406	PRJEB27928	SAMEA4817895	ERS2637789	CCMD15562448ST-11-0	ERX2739778	NA	PAIRED	WGS	METAGENOMIC	ILLUMINA	Illumina HiSeq 4000	15990491	4029553631	ftp.sra.ebi.ac.uk/vol1/fastq/ERR272/006/ERR2726406/ERR2726406_1.fastq.gz;ftp.sra.ebi.ac.uk/vol1/fastq/ERR272/006/ERR2726406/ERR2726406_2.fastq.gz	e51867ea2e4cbb343ff4a90d758bba68;2c0c642100212c5a930039983e94a881	1111071680;1110546315		Meta-analysis of faecal metagenomes reveals global microbial signatures that are specific for colorectal cancer
ERR2726411	PRJEB27928	SAMEA4817900	ERS2637794	CCMD21593359ST-11-0	ERX2739783	NA	PAIRED	WGS	METAGENOMIC	ILLUMINA	Illumina HiSeq 2000	9087534	1917181452	ftp.sra.ebi.ac.uk/vol1/fastq/ERR272/001/ERR2726411/ERR2726411_1.fastq.gz;ftp.sra.ebi.ac.uk/vol1/fastq/ERR272/001/ERR2726411/ERR2726411_2.fastq.gz	42615061feb02ee01dcf2548b96d83b2;e705d4dc6dd56f424c9d420a764bf5cd	485642941;478495791		Meta-analysis of faecal metagenomes reveals global microbial signatures that are specific for colorectal cancer
ERR2726413	PRJEB27928	SAMEA4817900	ERS2637794	CCMD21593359ST-11-0	ERX2739785	NA	PAIRED	WGS	METAGENOMIC	ILLUMINA	Illumina HiSeq 2000	8870598	1854863347	ftp.sra.ebi.ac.uk/vol1/fastq/ERR272/003/ERR2726413/ERR2726413_1.fastq.gz;ftp.sra.ebi.ac.uk/vol1/fastq/ERR272/003/ERR2726413/ERR2726413_2.fastq.gz	54d79bc4169dfc7c2031888c8e060258;63cdc2b91168122a83b82f619e0a2044	474453064;469835071		Meta-analysis of faecal metagenomes reveals global microbial signatures that are specific for colorectal cancer
ERR2726407	PRJEB27928	SAMEA4817896	ERS2637790	CCMD17410933ST-11-0	ERX2739779	NA	PAIRED	WGS	METAGENOMIC	ILLUMINA	Illumina HiSeq 4000	22101129	5601844697	ftp.sra.ebi.ac.uk/vol1/fastq/ERR272/007/ERR2726407/ERR2726407_1.fastq.gz;ftp.sra.ebi.ac.uk/vol1/fastq/ERR272/007/ERR2726407/ERR2726407_2.fastq.gz	487bcc64d36159806876dcfb0fb574be;5a4527d82d88a49dd6abd83a7553b3f9	1522468086;1536539070		Meta-analysis of faecal metagenomes reveals global microbial signatures that are specific for colorectal cancer
ERR2726420	PRJEB27928	SAMEA4817903	ERS2637797	CCMD23541216ST-11-0	ERX2739792	NA	PAIRED	WGS	METAGENOMIC	ILLUMINA	Illumina HiSeq 4000	12223214	3007977508	ftp.sra.ebi.ac.uk/vol1/fastq/ERR272/000/ERR2726420/ERR2726420_1.fastq.gz;ftp.sra.ebi.ac.uk/vol1/fastq/ERR272/000/ERR2726420/ERR2726420_2.fastq.gz	d337f56febed50a2e9f6507b9f8bf88a;1b6f4292ec811fa5b2985131b4d41246	829347615;834734307		Meta-analysis of faecal metagenomes reveals global microbial signatures that are specific for colorectal cancer
ERR2726415	PRJEB27928	SAMEA4817901	ERS2637795	CCMD21703880ST-11-0	ERX2739787	NA	PAIRED	WGS	METAGENOMIC	ILLUMINA	Illumina HiSeq 2000	9310359	1869955807	ftp.sra.ebi.ac.uk/vol1/fastq/ERR272/005/ERR2726415/ERR2726415_1.fastq.gz;ftp.sra.ebi.ac.uk/vol1/fastq/ERR272/005/ERR2726415/ERR2726415_2.fastq.gz	8dfab588b06f84f92b0902c287e82a47;9ccffe0bd06fbd6ff7b0c1d62b5b4bd9	486689443;478625889		Meta-analysis of faecal metagenomes reveals global microbial signatures that are specific for colorectal cancer
ERR2726423	PRJEB27928	SAMEA4817906	ERS2637800	CCMD27463710ST-11-0	ERX2739795	NA	PAIRED	WGS	METAGENOMIC	ILLUMINA	Illumina HiSeq 2000	11200643	2344222494	ftp.sra.ebi.ac.uk/vol1/fastq/ERR272/003/ERR2726423/ERR2726423_1.fastq.gz;ftp.sra.ebi.ac.uk/vol1/fastq/ERR272/003/ERR2726423/ERR2726423_2.fastq.gz	9ff4fdd17f0c9e6e11fd87b0e3e494f1;94b1070a5e89b702b463561ce16000d8	598537407;595029297		Meta-analysis of faecal metagenomes reveals global microbial signatures that are specific for colorectal cancer
ERR2726418	PRJEB27928	SAMEA4817901	ERS2637795	CCMD21703880ST-11-0	ERX2739790	NA	PAIRED	WGS	METAGENOMIC	ILLUMINA	Illumina HiSeq 2000	9074395	1823594841	ftp.sra.ebi.ac.uk/vol1/fastq/ERR272/008/ERR2726418/ERR2726418_1.fastq.gz;ftp.sra.ebi.ac.uk/vol1/fastq/ERR272/008/ERR2726418/ERR2726418_2.fastq.gz	a0f49dc40b3ca56e7d37d0e1ffa033b4;eb463cd6d2753c9581223674e7a73267	487095072;469891947		Meta-analysis of faecal metagenomes reveals global microbial signatures that are specific for colorectal cancer
ERR2726430	PRJEB27928	SAMEA4817910	ERS2637804	CCMD30626189ST-11-0	ERX2739802	NA	PAIRED	WGS	METAGENOMIC	ILLUMINA	Illumina HiSeq 4000	19828535	4849181352	ftp.sra.ebi.ac.uk/vol1/fastq/ERR272/000/ERR2726430/ERR2726430_1.fastq.gz;ftp.sra.ebi.ac.uk/vol1/fastq/ERR272/000/ERR2726430/ERR2726430_2.fastq.gz	6cc1917d62172230377b333c98547be8;44e186597d34b5599386593bdee5177d	1322777281;1342760126		Meta-analysis of faecal metagenomes reveals global microbial signatures that are specific for colorectal cancer
ERR2726431	PRJEB27928	SAMEA4817911	ERS2637805	CCMD30627121ST-11-0	ERX2739803	NA	PAIRED	WGS	METAGENOMIC	ILLUMINA	Illumina HiSeq 4000	14986790	3662080680	ftp.sra.ebi.ac.uk/vol1/fastq/ERR272/001/ERR2726431/ERR2726431_1.fastq.gz;ftp.sra.ebi.ac.uk/vol1/fastq/ERR272/001/ERR2726431/ERR2726431_2.fastq.gz	490091c70293f3b50b9254b941842c4f;ede38b9f0b34eda02639b5f8ac7d631d	1053561181;1044366124		Meta-analysis of faecal metagenomes reveals global microbial signatures that are specific for colorectal cancer
ERR2726419	PRJEB27928	SAMEA4817902	ERS2637796	CCMD22852639ST-11-0	ERX2739791	NA	PAIRED	WGS	METAGENOMIC	ILLUMINA	Illumina HiSeq 4000	18846188	4773262983	ftp.sra.ebi.ac.uk/vol1/fastq/ERR272/009/ERR2726419/ERR2726419_1.fastq.gz;ftp.sra.ebi.ac.uk/vol1/fastq/ERR272/009/ERR2726419/ERR2726419_2.fastq.gz	91e981d6a75714a6f8d9082b7983ca74;b251c63fa6ce9d6d1abfe676da596926	1295950745;1305802884		Meta-analysis of faecal metagenomes reveals global microbial signatures that are specific for colorectal cancer
ERR2726434	PRJEB27928	SAMEA4817914	ERS2637808	CCMD32288175ST-11-0	ERX2739806	NA	PAIRED	WGS	METAGENOMIC	ILLUMINA	Illumina HiSeq 4000	14287641	3618594248	ftp.sra.ebi.ac.uk/vol1/fastq/ERR272/004/ERR2726434/ERR2726434_1.fastq.gz;ftp.sra.ebi.ac.uk/vol1/fastq/ERR272/004/ERR2726434/ERR2726434_2.fastq.gz	89d9c2ce62e6b5439b6efe4ecaf5e264;b9164780ec71237475c5f060be6dfb01	979074394;976942621		Meta-analysis of faecal metagenomes reveals global microbial signatures that are specific for colorectal cancer
ERR2726429	PRJEB27928	SAMEA4817909	ERS2637803	CCMD29706695ST-11-0	ERX2739801	NA	PAIRED	WGS	METAGENOMIC	ILLUMINA	Illumina HiSeq 4000	15214899	3773918505	ftp.sra.ebi.ac.uk/vol1/fastq/ERR272/009/ERR2726429/ERR2726429_1.fastq.gz;ftp.sra.ebi.ac.uk/vol1/fastq/ERR272/009/ERR2726429/ERR2726429_2.fastq.gz	05bef50ce2d6f353a55dd94464f5cbcd;7212ff4c9714431d4f7592f448fba72b	1065481947;1060256578		Meta-analysis of faecal metagenomes reveals global microbial signatures that are specific for colorectal cancer
ERR2726437	PRJEB27928	SAMEA4817917	ERS2637811	CCMD35633353ST-11-0	ERX2739809	NA	PAIRED	WGS	METAGENOMIC	ILLUMINA	Illumina HiSeq 2000	9613120	1972675654	ftp.sra.ebi.ac.uk/vol1/fastq/ERR272/007/ERR2726437/ERR2726437_1.fastq.gz;ftp.sra.ebi.ac.uk/vol1/fastq/ERR272/007/ERR2726437/ERR2726437_2.fastq.gz	c524346e188acf6aca09ad4b0108b505;bc28a6f1ee7f2256ef314787c6be3897	514038142;506679454		Meta-analysis of faecal metagenomes reveals global microbial signatures that are specific for colorectal cancer
ERR2726433	PRJEB27928	SAMEA4817913	ERS2637807	CCMD31134579ST-11-0	ERX2739805	NA	PAIRED	WGS	METAGENOMIC	ILLUMINA	Illumina HiSeq 4000	17594211	4358575264	ftp.sra.ebi.ac.uk/vol1/fastq/ERR272/003/ERR2726433/ERR2726433_1.fastq.gz;ftp.sra.ebi.ac.uk/vol1/fastq/ERR272/003/ERR2726433/ERR2726433_2.fastq.gz	13da47686bb327b1ec849cf62eccf79f;d24adb0e97705bbe82ff3a9c1d83d45f	1210576517;1196035817		Meta-analysis of faecal metagenomes reveals global microbial signatures that are specific for colorectal cancer
ERR2726438	PRJEB27928	SAMEA4817917	ERS2637811	CCMD35633353ST-11-0	ERX2739810	NA	PAIRED	WGS	METAGENOMIC	ILLUMINA	Illumina HiSeq 2000	9489239	1929380975	ftp.sra.ebi.ac.uk/vol1/fastq/ERR272/008/ERR2726438/ERR2726438_1.fastq.gz;ftp.sra.ebi.ac.uk/vol1/fastq/ERR272/008/ERR2726438/ERR2726438_2.fastq.gz	a7c181b98f58e6b7fd308db13e54b12b;619a2d81dbf2bf7634bef9c35142c84a	505375600;502693709		Meta-analysis of faecal metagenomes reveals global microbial signatures that are specific for colorectal cancer
ERR2726444	PRJEB27928	SAMEA4817921	ERS2637815	CCMD39157124ST-11-0	ERX2739816	NA	PAIRED	WGS	METAGENOMIC	ILLUMINA	Illumina HiSeq 4000	18279890	4669000432	ftp.sra.ebi.ac.uk/vol1/fastq/ERR272/004/ERR2726444/ERR2726444_1.fastq.gz;ftp.sra.ebi.ac.uk/vol1/fastq/ERR272/004/ERR2726444/ERR2726444_2.fastq.gz	e7831bab2831bd8583873eb916d50bb8;831b9f6b718d7a740dda410f6b04e031	1260211899;1265461675		Meta-analysis of faecal metagenomes reveals global microbial signatures that are specific for colorectal cancer
ERR2726454	PRJEB27928	SAMEA4817930	ERS2637824	CCMD49461418ST-11-0	ERX2739826	NA	PAIRED	WGS	METAGENOMIC	ILLUMINA	Illumina HiSeq 2000	9538884	1887968473	ftp.sra.ebi.ac.uk/vol1/fastq/ERR272/004/ERR2726454/ERR2726454_1.fastq.gz;ftp.sra.ebi.ac.uk/vol1/fastq/ERR272/004/ERR2726454/ERR2726454_2.fastq.gz	edd595067538c307f98442e9f121db41;01d5c34d077c51cca802374f1cedd6e4	497019553;507635083		Meta-analysis of faecal metagenomes reveals global microbial signatures that are specific for colorectal cancer
ERR2726456	PRJEB27928	SAMEA4817930	ERS2637824	CCMD49461418ST-11-0	ERX2739828	NA	PAIRED	WGS	METAGENOMIC	ILLUMINA	Illumina HiSeq 2000	9227619	1798130247	ftp.sra.ebi.ac.uk/vol1/fastq/ERR272/006/ERR2726456/ERR2726456_1.fastq.gz;ftp.sra.ebi.ac.uk/vol1/fastq/ERR272/006/ERR2726456/ERR2726456_2.fastq.gz	933f3ac14ae9f726359708338c710016;de0b1e45e5a65291eebc94037800d5aa	473598589;491802321		Meta-analysis of faecal metagenomes reveals global microbial signatures that are specific for colorectal cancer
ERR2726464	PRJEB27928	SAMEA4817937	ERS2637831	CCMD52117727ST-11-0	ERX2739836	NA	PAIRED	WGS	METAGENOMIC	ILLUMINA	Illumina HiSeq 2000	10495880	2199073652	ftp.sra.ebi.ac.uk/vol1/fastq/ERR272/004/ERR2726464/ERR2726464_1.fastq.gz;ftp.sra.ebi.ac.uk/vol1/fastq/ERR272/004/ERR2726464/ERR2726464_2.fastq.gz	b973c5ca7c1d2d381b3d0196d406bf28;52461ca4dfa18e63752059e1ea2fe2dd	563436608;558073968		Meta-analysis of faecal metagenomes reveals global microbial signatures that are specific for colorectal cancer
ERR2726455	PRJEB27928	SAMEA4817930	ERS2637824	CCMD49461418ST-11-0	ERX2739827	NA	PAIRED	WGS	METAGENOMIC	ILLUMINA	Illumina HiSeq 2000	9467649	1869097481	ftp.sra.ebi.ac.uk/vol1/fastq/ERR272/005/ERR2726455/ERR2726455_1.fastq.gz;ftp.sra.ebi.ac.uk/vol1/fastq/ERR272/005/ERR2726455/ERR2726455_2.fastq.gz	2ef7b7f5d4aae0b93c24e1f52aa62312;faaefeaa491ce9d5c4a508d1d905807a	492337575;503658397		Meta-analysis of faecal metagenomes reveals global microbial signatures that are specific for colorectal cancer
ERR2726465	PRJEB27928	SAMEA4817937	ERS2637831	CCMD52117727ST-11-0	ERX2739837	NA	PAIRED	WGS	METAGENOMIC	ILLUMINA	Illumina HiSeq 2000	10476049	2191230604	ftp.sra.ebi.ac.uk/vol1/fastq/ERR272/005/ERR2726465/ERR2726465_1.fastq.gz;ftp.sra.ebi.ac.uk/vol1/fastq/ERR272/005/ERR2726465/ERR2726465_2.fastq.gz	8302cdeb45bdcbb7fc6266146bff476e;5b7197787bcf15d7d8b0ec2c87c8990b	561998137;556823613		Meta-analysis of faecal metagenomes reveals global microbial signatures that are specific for colorectal cancer
ERR2726458	PRJEB27928	SAMEA4817932	ERS2637826	CCMD50300306ST-11-0	ERX2739830	NA	PAIRED	WGS	METAGENOMIC	ILLUMINA	Illumina HiSeq 4000	17020285	4237210535	ftp.sra.ebi.ac.uk/vol1/fastq/ERR272/008/ERR2726458/ERR2726458_1.fastq.gz;ftp.sra.ebi.ac.uk/vol1/fastq/ERR272/008/ERR2726458/ERR2726458_2.fastq.gz	ad6cba44cff624e2e6f12d5dcbcd55ef;1ea8882b01b238a67a49ae040043b25d	1185295552;1177354938		Meta-analysis of faecal metagenomes reveals global microbial signatures that are specific for colorectal cancer
ERR2726467	PRJEB27928	SAMEA4817938	ERS2637832	CCMD52145360ST-11-0	ERX2739839	NA	PAIRED	WGS	METAGENOMIC	ILLUMINA	Illumina HiSeq 2000	10190824	2152347170	ftp.sra.ebi.ac.uk/vol1/fastq/ERR272/007/ERR2726467/ERR2726467_1.fastq.gz;ftp.sra.ebi.ac.uk/vol1/fastq/ERR272/007/ERR2726467/ERR2726467_2.fastq.gz	d2e4657b9aebbb4ca81efc80f2140446;22425c66bb9ac21aaa2bc7b755db2d58	551609170;541428831		Meta-analysis of faecal metagenomes reveals global microbial signatures that are specific for colorectal cancer
ERR2726460	PRJEB27928	SAMEA4817934	ERS2637828	CCMD50538120ST-11-0	ERX2739832	NA	PAIRED	WGS	METAGENOMIC	ILLUMINA	Illumina HiSeq 4000	9652837	2297692764	ftp.sra.ebi.ac.uk/vol1/fastq/ERR272/000/ERR2726460/ERR2726460_1.fastq.gz;ftp.sra.ebi.ac.uk/vol1/fastq/ERR272/000/ERR2726460/ERR2726460_2.fastq.gz	04340dfa44d675a0ec8ee5c46a901487;29e8738aa8e5510c1bb5feb73876c45e	661678839;645509623		Meta-analysis of faecal metagenomes reveals global microbial signatures that are specific for colorectal cancer
ERR2726474	PRJEB27928	SAMEA4817942	ERS2637836	CCMD56948710ST-11-0	ERX2739846	NA	PAIRED	WGS	METAGENOMIC	ILLUMINA	Illumina HiSeq 4000	14755618	3728419739	ftp.sra.ebi.ac.uk/vol1/fastq/ERR272/004/ERR2726474/ERR2726474_1.fastq.gz;ftp.sra.ebi.ac.uk/vol1/fastq/ERR272/004/ERR2726474/ERR2726474_2.fastq.gz	79755deeec8a039a9beabad16b7c89fb;52b667606bfd828a0be7f313375db8c5	1013331502;1018355236		Meta-analysis of faecal metagenomes reveals global microbial signatures that are specific for colorectal cancer
ERR2726468	PRJEB27928	SAMEA4817938	ERS2637832	CCMD52145360ST-11-0	ERX2739840	NA	PAIRED	WGS	METAGENOMIC	ILLUMINA	Illumina HiSeq 2000	9958084	2077701148	ftp.sra.ebi.ac.uk/vol1/fastq/ERR272/008/ERR2726468/ERR2726468_1.fastq.gz;ftp.sra.ebi.ac.uk/vol1/fastq/ERR272/008/ERR2726468/ERR2726468_2.fastq.gz	0f0cb5e947e7b2f10c6ce473f16184f0;95f95d3b3698169cecfe5ff8b9945ac1	537230024;531905987		Meta-analysis of faecal metagenomes reveals global microbial signatures that are specific for colorectal cancer
ERR2726485	PRJEB27928	SAMEA4817947	ERS2637841	CCMD66848156ST-11-0	ERX2739857	NA	PAIRED	WGS	METAGENOMIC	ILLUMINA	Illumina HiSeq 4000	15296067	3658975830	ftp.sra.ebi.ac.uk/vol1/fastq/ERR272/005/ERR2726485/ERR2726485_1.fastq.gz;ftp.sra.ebi.ac.uk/vol1/fastq/ERR272/005/ERR2726485/ERR2726485_2.fastq.gz	642e49fe3196f0eda21499de450405fd;4d785840a81dbb2af985be415cf2b85f	1073314311;1028894554		Meta-analysis of faecal metagenomes reveals global microbial signatures that are specific for colorectal cancer
ERR2726476	PRJEB27928	SAMEA4817944	ERS2637838	CCMD59583015ST-11-0	ERX2739848	NA	PAIRED	WGS	METAGENOMIC	ILLUMINA	Illumina HiSeq 2000	11122478	2325718909	ftp.sra.ebi.ac.uk/vol1/fastq/ERR272/006/ERR2726476/ERR2726476_1.fastq.gz;ftp.sra.ebi.ac.uk/vol1/fastq/ERR272/006/ERR2726476/ERR2726476_2.fastq.gz	efa6f6a32ebbeeae577563e833cc390a;3122f6d9321236c26d1ea856113b6257	596365275;586734415		Meta-analysis of faecal metagenomes reveals global microbial signatures that are specific for colorectal cancer
ERR2726486	PRJEB27928	SAMEA4817948	ERS2637842	CCMD67373733ST-11-0	ERX2739858	NA	PAIRED	WGS	METAGENOMIC	ILLUMINA	Illumina HiSeq 4000	21577700	5292556170	ftp.sra.ebi.ac.uk/vol1/fastq/ERR272/006/ERR2726486/ERR2726486_1.fastq.gz;ftp.sra.ebi.ac.uk/vol1/fastq/ERR272/006/ERR2726486/ERR2726486_2.fastq.gz	eb423ec64297c6530176ba3a19e623a3;9ef473a24cfd9312fd1ec25a5a6aef45	1462489219;1464881698		Meta-analysis of faecal metagenomes reveals global microbial signatures that are specific for colorectal cancer
ERR2726479	PRJEB27928	SAMEA4817944	ERS2637838	CCMD59583015ST-11-0	ERX2739851	NA	PAIRED	WGS	METAGENOMIC	ILLUMINA	Illumina HiSeq 2000	10436495	2111219079	ftp.sra.ebi.ac.uk/vol1/fastq/ERR272/009/ERR2726479/ERR2726479_1.fastq.gz;ftp.sra.ebi.ac.uk/vol1/fastq/ERR272/009/ERR2726479/ERR2726479_2.fastq.gz	ed1b90c236df7ead0db2472ca5ad20e7;7172ed0589e34bf4f89d35d9595091a5	550384141;554656697		Meta-analysis of faecal metagenomes reveals global microbial signatures that are specific for colorectal cancer
ERR2726488	PRJEB27928	SAMEA4817950	ERS2637844	CCMD71242853ST-11-0	ERX2739860	NA	PAIRED	WGS	METAGENOMIC	ILLUMINA	Illumina HiSeq 4000	12319922	2929825313	ftp.sra.ebi.ac.uk/vol1/fastq/ERR272/008/ERR2726488/ERR2726488_1.fastq.gz;ftp.sra.ebi.ac.uk/vol1/fastq/ERR272/008/ERR2726488/ERR2726488_2.fastq.gz	3d3d08d841a68e4b37690f8d99eb2cdd;90903959fc91e38f42d5ae485b67ab02	859930296;848203070		Meta-analysis of faecal metagenomes reveals global microbial signatures that are specific for colorectal cancer
ERR2726493	PRJEB27928	SAMEA4817952	ERS2637846	CCMD72666896ST-11-0	ERX2739865	NA	PAIRED	WGS	METAGENOMIC	ILLUMINA	Illumina HiSeq 4000	14826419	3569335136	ftp.sra.ebi.ac.uk/vol1/fastq/ERR272/003/ERR2726493/ERR2726493_1.fastq.gz;ftp.sra.ebi.ac.uk/vol1/fastq/ERR272/003/ERR2726493/ERR2726493_2.fastq.gz	823083ec87454d56663fd3c25e7def03;ec333b7bbc640285e8bb6bbe3ff3d80c	1033701061;1022853622		Meta-analysis of faecal metagenomes reveals global microbial signatures that are specific for colorectal cancer
ERR2726483	PRJEB27928	SAMEA4817945	ERS2637839	CCMD65222621ST-11-0	ERX2739855	NA	PAIRED	WGS	METAGENOMIC	ILLUMINA	Illumina HiSeq 2000	9008302	1757421651	ftp.sra.ebi.ac.uk/vol1/fastq/ERR272/003/ERR2726483/ERR2726483_1.fastq.gz;ftp.sra.ebi.ac.uk/vol1/fastq/ERR272/003/ERR2726483/ERR2726483_2.fastq.gz	3adf4269e108274cbcc27603b30b6d21;8ba65bc1a923014aa47eb7f0c31d7730	475242064;468536393		Meta-analysis of faecal metagenomes reveals global microbial signatures that are specific for colorectal cancer
ERR2726494	PRJEB27928	SAMEA4817953	ERS2637847	CCMD72690923ST-11-0	ERX2739866	NA	PAIRED	WGS	METAGENOMIC	ILLUMINA	Illumina HiSeq 2000	8419328	1708401744	ftp.sra.ebi.ac.uk/vol1/fastq/ERR272/004/ERR2726494/ERR2726494_1.fastq.gz;ftp.sra.ebi.ac.uk/vol1/fastq/ERR272/004/ERR2726494/ERR2726494_2.fastq.gz	819415609264c0ac6d7488a7dba2061a;b446fb955d99444d6f74166320d32041	451898158;451580072		Meta-analysis of faecal metagenomes reveals global microbial signatures that are specific for colorectal cancer
ERR2726487	PRJEB27928	SAMEA4817949	ERS2637843	CCMD68973846ST-11-0	ERX2739859	NA	PAIRED	WGS	METAGENOMIC	ILLUMINA	Illumina HiSeq 4000	9078195	2331741738	ftp.sra.ebi.ac.uk/vol1/fastq/ERR272/007/ERR2726487/ERR2726487_1.fastq.gz;ftp.sra.ebi.ac.uk/vol1/fastq/ERR272/007/ERR2726487/ERR2726487_2.fastq.gz	f12c5eeefe1d0d303488931e4d1abf73;b08cdba3260c5523efc40567006c5507	614903876;629722470		Meta-analysis of faecal metagenomes reveals global microbial signatures that are specific for colorectal cancer
ERR2726496	PRJEB27928	SAMEA4817953	ERS2637847	CCMD72690923ST-11-0	ERX2739868	NA	PAIRED	WGS	METAGENOMIC	ILLUMINA	Illumina HiSeq 2000	8274999	1655934418	ftp.sra.ebi.ac.uk/vol1/fastq/ERR272/006/ERR2726496/ERR2726496_1.fastq.gz;ftp.sra.ebi.ac.uk/vol1/fastq/ERR272/006/ERR2726496/ERR2726496_2.fastq.gz	70f8205475b04557770baade7ccaf59f;bfdfae3362ec76d3e6d520b67064e6bf	439060643;445655146		Meta-analysis of faecal metagenomes reveals global microbial signatures that are specific for colorectal cancer
ERR2726490	PRJEB27928	SAMEA4817951	ERS2637845	CCMD71915439ST-11-0	ERX2739862	NA	PAIRED	WGS	METAGENOMIC	ILLUMINA	Illumina HiSeq 2000	8634372	1738078117	ftp.sra.ebi.ac.uk/vol1/fastq/ERR272/000/ERR2726490/ERR2726490_1.fastq.gz;ftp.sra.ebi.ac.uk/vol1/fastq/ERR272/000/ERR2726490/ERR2726490_2.fastq.gz	ce7db736712ea9ba029aee0b218f4bb9;d68d98020e10b133959193d9eb4d324d	452045005;464250309		Meta-analysis of faecal metagenomes reveals global microbial signatures that are specific for colorectal cancer
ERR2726491	PRJEB27928	SAMEA4817951	ERS2637845	CCMD71915439ST-11-0	ERX2739863	NA	PAIRED	WGS	METAGENOMIC	ILLUMINA	Illumina HiSeq 2000	8760281	1796114750	ftp.sra.ebi.ac.uk/vol1/fastq/ERR272/001/ERR2726491/ERR2726491_1.fastq.gz;ftp.sra.ebi.ac.uk/vol1/fastq/ERR272/001/ERR2726491/ERR2726491_2.fastq.gz	bb0b283c951706f063d56898cacbed5f;bad385a2bbef4fde03a51ea942449bea	470707047;470593784		Meta-analysis of faecal metagenomes reveals global microbial signatures that are specific for colorectal cancer
ERR2726521	PRJEB27928	SAMEA4817968	ERS2637862	CCMD95431029ST-11-0	ERX2739893	NA	PAIRED	WGS	METAGENOMIC	ILLUMINA	Illumina HiSeq 2000	5236168	1077712681	ftp.sra.ebi.ac.uk/vol1/fastq/ERR272/001/ERR2726521/ERR2726521_1.fastq.gz;ftp.sra.ebi.ac.uk/vol1/fastq/ERR272/001/ERR2726521/ERR2726521_2.fastq.gz	50a9fe52e609f755861025a94a8c1ccf;990330a27d51b4299e38e1f33c5d5603	280891099;282954464		Meta-analysis of faecal metagenomes reveals global microbial signatures that are specific for colorectal cancer
ERR2726522	PRJEB27928	SAMEA4817969	ERS2637863	CCMD95676152ST-11-0	ERX2739894	NA	PAIRED	WGS	METAGENOMIC	ILLUMINA	Illumina HiSeq 2000	9452223	1959970266	ftp.sra.ebi.ac.uk/vol1/fastq/ERR272/002/ERR2726522/ERR2726522_1.fastq.gz;ftp.sra.ebi.ac.uk/vol1/fastq/ERR272/002/ERR2726522/ERR2726522_2.fastq.gz	8980dbd6f8c0fb33cd78bec2ac1e6e21;18b6135ffbb3158525da4512981c80dd	506516776;497417359		Meta-analysis of faecal metagenomes reveals global microbial signatures that are specific for colorectal cancer
ERR2726492	PRJEB27928	SAMEA4817951	ERS2637845	CCMD71915439ST-11-0	ERX2739864	NA	PAIRED	WGS	METAGENOMIC	ILLUMINA	Illumina HiSeq 2000	8600372	1740886094	ftp.sra.ebi.ac.uk/vol1/fastq/ERR272/002/ERR2726492/ERR2726492_1.fastq.gz;ftp.sra.ebi.ac.uk/vol1/fastq/ERR272/002/ERR2726492/ERR2726492_2.fastq.gz	1a45d0c8836db3dd354ddfb3f6f68b5b;7140d8813622d7d26f417eb07a2b8e02	457809516;462956748		Meta-analysis of faecal metagenomes reveals global microbial signatures that are specific for colorectal cancer
ERR2726532	PRJEB27928	SAMEA4817973	ERS2637867	CCMD99440714ST-11-0	ERX2739904	NA	PAIRED	WGS	METAGENOMIC	ILLUMINA	Illumina HiSeq 4000	19343770	4881035911	ftp.sra.ebi.ac.uk/vol1/fastq/ERR272/002/ERR2726532/ERR2726532_1.fastq.gz;ftp.sra.ebi.ac.uk/vol1/fastq/ERR272/002/ERR2726532/ERR2726532_2.fastq.gz	37d0ad242764b979fdfe8b5d2d244941;4d1d9ac7c6ab4247c46c099b675780ed	1321470285;1328046131		Meta-analysis of faecal metagenomes reveals global microbial signatures that are specific for colorectal cancer
ERR2726498	PRJEB27928	SAMEA4817954	ERS2637848	CCMD73128545ST-11-0	ERX2739870	NA	PAIRED	WGS	METAGENOMIC	ILLUMINA	Illumina HiSeq 4000	13507933	3356417870	ftp.sra.ebi.ac.uk/vol1/fastq/ERR272/008/ERR2726498/ERR2726498_1.fastq.gz;ftp.sra.ebi.ac.uk/vol1/fastq/ERR272/008/ERR2726498/ERR2726498_2.fastq.gz	62f8d4ac72372e9057b64ca01384a16e;f8861f6eb2f59e150839460d5eb3edcb	947070706;935973700		Meta-analysis of faecal metagenomes reveals global microbial signatures that are specific for colorectal cancer
ERR2726536	PRJEB27928	SAMEA4817895	ERS2637789	CCMD15562448ST-11-0	ERX2739908	NA	SINGLE	WGS	METAGENOMIC	ILLUMINA	Illumina HiSeq 4000	2106473	197569614	ftp.sra.ebi.ac.uk/vol1/fastq/ERR272/006/ERR2726536/ERR2726536.fastq.gz	0222d53fddf4ac1d37f9af5a12a08662	139636109		Meta-analysis of faecal metagenomes reveals global microbial signatures that are specific for colorectal cancer
ERR2726538	PRJEB27928	SAMEA4817897	ERS2637791	CCMD18579000ST-11-0	ERX2739910	NA	SINGLE	WGS	METAGENOMIC	ILLUMINA	Illumina HiSeq 4000	2636112	244540101	ftp.sra.ebi.ac.uk/vol1/fastq/ERR272/008/ERR2726538/ERR2726538.fastq.gz	c0c7e6e481b71ec905c4b56ad681962e	172423390		Meta-analysis of faecal metagenomes reveals global microbial signatures that are specific for colorectal cancer
ERR2726502	PRJEB27928	SAMEA4817958	ERS2637852	CCMD76409700ST-11-0	ERX2739874	NA	PAIRED	WGS	METAGENOMIC	ILLUMINA	Illumina HiSeq 4000	16811022	4222900499	ftp.sra.ebi.ac.uk/vol1/fastq/ERR272/002/ERR2726502/ERR2726502_1.fastq.gz;ftp.sra.ebi.ac.uk/vol1/fastq/ERR272/002/ERR2726502/ERR2726502_2.fastq.gz	3a8ce4a898ef93a63d3e45bb91bb2fab;d79664c25461a99a1d55478c08a714d5	1153730211;1150082901		Meta-analysis of faecal metagenomes reveals global microbial signatures that are specific for colorectal cancer
ERR2726504	PRJEB27928	SAMEA4817960	ERS2637854	CCMD85481373ST-11-0	ERX2739876	NA	PAIRED	WGS	METAGENOMIC	ILLUMINA	Illumina HiSeq 4000	7481392	1821497919	ftp.sra.ebi.ac.uk/vol1/fastq/ERR272/004/ERR2726504/ERR2726504_1.fastq.gz;ftp.sra.ebi.ac.uk/vol1/fastq/ERR272/004/ERR2726504/ERR2726504_2.fastq.gz	7213697c1378b57498b09fbe26ad1903;4e78e08134c834b645f7b9378ae7c952	525313381;518292667		Meta-analysis of faecal metagenomes reveals global microbial signatures that are specific for colorectal cancer
ERR2726542	PRJEB27928	SAMEA4817900	ERS2637794	CCMD21593359ST-11-0	ERX2739914	NA	SINGLE	WGS	METAGENOMIC	ILLUMINA	Illumina HiSeq 2000	1205781	99029857	ftp.sra.ebi.ac.uk/vol1/fastq/ERR272/002/ERR2726542/ERR2726542.fastq.gz	743584794e60b8be3b38cca3a8c263f6	58353487		Meta-analysis of faecal metagenomes reveals global microbial signatures that are specific for colorectal cancer
ERR2726544	PRJEB27928	SAMEA4817900	ERS2637794	CCMD21593359ST-11-0	ERX2739916	NA	SINGLE	WGS	METAGENOMIC	ILLUMINA	Illumina HiSeq 2000	1243940	101834791	ftp.sra.ebi.ac.uk/vol1/fastq/ERR272/004/ERR2726544/ERR2726544.fastq.gz	a61975738817c9873bdad215098a517a	60487964		Meta-analysis of faecal metagenomes reveals global microbial signatures that are specific for colorectal cancer
ERR2726514	PRJEB27928	SAMEA4817966	ERS2637860	CCMD92404903ST-11-0	ERX2739886	NA	PAIRED	WGS	METAGENOMIC	ILLUMINA	Illumina HiSeq 2000	8449266	1754374321	ftp.sra.ebi.ac.uk/vol1/fastq/ERR272/004/ERR2726514/ERR2726514_1.fastq.gz;ftp.sra.ebi.ac.uk/vol1/fastq/ERR272/004/ERR2726514/ERR2726514_2.fastq.gz	af3caf35f33b9dadb8e684f3a4bec580;4af5e60af77d31a8a7f62cfb770ab335	456959052;454049886		Meta-analysis of faecal metagenomes reveals global microbial signatures that are specific for colorectal cancer
ERR2726549	PRJEB27928	SAMEA4817902	ERS2637796	CCMD22852639ST-11-0	ERX2739921	NA	SINGLE	WGS	METAGENOMIC	ILLUMINA	Illumina HiSeq 4000	3141386	297631789	ftp.sra.ebi.ac.uk/vol1/fastq/ERR272/009/ERR2726549/ERR2726549.fastq.gz	3a761df3b8c39a41e24de2e23de9b086	208065316		Meta-analysis of faecal metagenomes reveals global microbial signatures that are specific for colorectal cancer
ERR2726516	PRJEB27928	SAMEA4817966	ERS2637860	CCMD92404903ST-11-0	ERX2739888	NA	PAIRED	WGS	METAGENOMIC	ILLUMINA	Illumina HiSeq 2000	8284969	1699703609	ftp.sra.ebi.ac.uk/vol1/fastq/ERR272/006/ERR2726516/ERR2726516_1.fastq.gz;ftp.sra.ebi.ac.uk/vol1/fastq/ERR272/006/ERR2726516/ERR2726516_2.fastq.gz	d1eb15cf2da8913a59d49974a6a8e86c;17f4d67ed1ae52b213d2010e191e4742	445885148;446070889		Meta-analysis of faecal metagenomes reveals global microbial signatures that are specific for colorectal cancer
ERR2726550	PRJEB27928	SAMEA4817903	ERS2637797	CCMD23541216ST-11-0	ERX2739922	NA	SINGLE	WGS	METAGENOMIC	ILLUMINA	Illumina HiSeq 4000	2351827	235907846	ftp.sra.ebi.ac.uk/vol1/fastq/ERR272/000/ERR2726550/ERR2726550.fastq.gz	f8c5789945cb320fcfd709938a6678cd	157866789		Meta-analysis of faecal metagenomes reveals global microbial signatures that are specific for colorectal cancer
ERR2726524	PRJEB27928	SAMEA4817969	ERS2637863	CCMD95676152ST-11-0	ERX2739896	NA	PAIRED	WGS	METAGENOMIC	ILLUMINA	Illumina HiSeq 2000	9211649	1884836127	ftp.sra.ebi.ac.uk/vol1/fastq/ERR272/004/ERR2726524/ERR2726524_1.fastq.gz;ftp.sra.ebi.ac.uk/vol1/fastq/ERR272/004/ERR2726524/ERR2726524_2.fastq.gz	2aa57f8ec3dc55129fb2b44792ec8221;8d515748cc10f244351dfe4d61fc305c	491690340;487082629		Meta-analysis of faecal metagenomes reveals global microbial signatures that are specific for colorectal cancer
ERR2726576	PRJEB27928	SAMEA4817923	ERS2637817	CCMD41202658ST-11-0	ERX2739948	NA	SINGLE	WGS	METAGENOMIC	ILLUMINA	Illumina HiSeq 4000	2289943	214256359	ftp.sra.ebi.ac.uk/vol1/fastq/ERR272/006/ERR2726576/ERR2726576.fastq.gz	905fee32c65b452e89002f9e989306ad	150325119		Meta-analysis of faecal metagenomes reveals global microbial signatures that are specific for colorectal cancer
ERR2726525	PRJEB27928	SAMEA4817969	ERS2637863	CCMD95676152ST-11-0	ERX2739897	NA	PAIRED	WGS	METAGENOMIC	ILLUMINA	Illumina HiSeq 2000	9056895	1831163474	ftp.sra.ebi.ac.uk/vol1/fastq/ERR272/005/ERR2726525/ERR2726525_1.fastq.gz;ftp.sra.ebi.ac.uk/vol1/fastq/ERR272/005/ERR2726525/ERR2726525_2.fastq.gz	43879c57f59c74e6a0c6c50d95c0b25f;b56414b8ac6d4162c9417e2e405049a5	479959041;479952509		Meta-analysis of faecal metagenomes reveals global microbial signatures that are specific for colorectal cancer
ERR2726583	PRJEB27928	SAMEA4817930	ERS2637824	CCMD49461418ST-11-0	ERX2739955	NA	SINGLE	WGS	METAGENOMIC	ILLUMINA	Illumina HiSeq 2000	1670784	141700102	ftp.sra.ebi.ac.uk/vol1/fastq/ERR272/003/ERR2726583/ERR2726583.fastq.gz	73cfb9fa6ef1a00e19ae5d3554953b0d	85958353		Meta-analysis of faecal metagenomes reveals global microbial signatures that are specific for colorectal cancer
ERR2726584	PRJEB27928	SAMEA4817930	ERS2637824	CCMD49461418ST-11-0	ERX2739956	NA	SINGLE	WGS	METAGENOMIC	ILLUMINA	Illumina HiSeq 2000	1921491	165811195	ftp.sra.ebi.ac.uk/vol1/fastq/ERR272/004/ERR2726584/ERR2726584.fastq.gz	d627db9ca798fdab9a2dcf93362b4538	99143893		Meta-analysis of faecal metagenomes reveals global microbial signatures that are specific for colorectal cancer
ERR2726527	PRJEB27928	SAMEA4817971	ERS2637865	CCMD98531134ST-11-0	ERX2739899	NA	PAIRED	WGS	METAGENOMIC	ILLUMINA	Illumina HiSeq 2000	9951309	2088725321	ftp.sra.ebi.ac.uk/vol1/fastq/ERR272/007/ERR2726527/ERR2726527_1.fastq.gz;ftp.sra.ebi.ac.uk/vol1/fastq/ERR272/007/ERR2726527/ERR2726527_2.fastq.gz	a1b4fd7da06e4d66428ea609896b2c6c;873be8d33a78a3aea973f71430e7b8cf	537902446;526517509		Meta-analysis of faecal metagenomes reveals global microbial signatures that are specific for colorectal cancer
ERR2726587	PRJEB27928	SAMEA4817931	ERS2637825	CCMD49942357ST-11-0	ERX2739959	NA	SINGLE	WGS	METAGENOMIC	ILLUMINA	Illumina HiSeq 4000	2739950	255259266	ftp.sra.ebi.ac.uk/vol1/fastq/ERR272/007/ERR2726587/ERR2726587.fastq.gz	caf6fe3ab30c441b7f8fda6c0587d091	180703667		Meta-analysis of faecal metagenomes reveals global microbial signatures that are specific for colorectal cancer
ERR2726528	PRJEB27928	SAMEA4817971	ERS2637865	CCMD98531134ST-11-0	ERX2739900	NA	PAIRED	WGS	METAGENOMIC	ILLUMINA	Illumina HiSeq 2000	9763895	2034092867	ftp.sra.ebi.ac.uk/vol1/fastq/ERR272/008/ERR2726528/ERR2726528_1.fastq.gz;ftp.sra.ebi.ac.uk/vol1/fastq/ERR272/008/ERR2726528/ERR2726528_2.fastq.gz	a9ef1710dd285521f16c8e63c6ca8891;3c118f3f7c355027f0808b1b0673b7d8	525988319;522552747		Meta-analysis of faecal metagenomes reveals global microbial signatures that are specific for colorectal cancer
ERR2726593	PRJEB27928	SAMEA4817937	ERS2637831	CCMD52117727ST-11-0	ERX2739965	NA	SINGLE	WGS	METAGENOMIC	ILLUMINA	Illumina HiSeq 2000	1371553	113327101	ftp.sra.ebi.ac.uk/vol1/fastq/ERR272/003/ERR2726593/ERR2726593.fastq.gz	f63b95c203f8b623fb5d53700f5db394	67760631		Meta-analysis of faecal metagenomes reveals global microbial signatures that are specific for colorectal cancer
ERR2726537	PRJEB27928	SAMEA4817896	ERS2637790	CCMD17410933ST-11-0	ERX2739909	NA	SINGLE	WGS	METAGENOMIC	ILLUMINA	Illumina HiSeq 4000	3235582	306812438	ftp.sra.ebi.ac.uk/vol1/fastq/ERR272/007/ERR2726537/ERR2726537.fastq.gz	e501d4d65f17ef64d6c8146df6a3539a	213629674		Meta-analysis of faecal metagenomes reveals global microbial signatures that are specific for colorectal cancer
ERR2726595	PRJEB27928	SAMEA4817937	ERS2637831	CCMD52117727ST-11-0	ERX2739967	NA	SINGLE	WGS	METAGENOMIC	ILLUMINA	Illumina HiSeq 2000	1449115	120351282	ftp.sra.ebi.ac.uk/vol1/fastq/ERR272/005/ERR2726595/ERR2726595.fastq.gz	f274530fe8792c92d2c54cd4b64b2fff	72382958		Meta-analysis of faecal metagenomes reveals global microbial signatures that are specific for colorectal cancer
ERR2726596	PRJEB27928	SAMEA4817937	ERS2637831	CCMD52117727ST-11-0	ERX2739968	NA	SINGLE	WGS	METAGENOMIC	ILLUMINA	Illumina HiSeq 2000	1545590	128438093	ftp.sra.ebi.ac.uk/vol1/fastq/ERR272/006/ERR2726596/ERR2726596.fastq.gz	03e2434a80fcbc328cdf080ab4c5c93d	77163197		Meta-analysis of faecal metagenomes reveals global microbial signatures that are specific for colorectal cancer
ERR2726540	PRJEB27928	SAMEA4817899	ERS2637793	CCMD19168690ST-11-0	ERX2739912	NA	SINGLE	WGS	METAGENOMIC	ILLUMINA	Illumina HiSeq 4000	2287217	223324853	ftp.sra.ebi.ac.uk/vol1/fastq/ERR272/000/ERR2726540/ERR2726540.fastq.gz	abe1942c371c425d7466ddf56c5c4d7c	152433272		Meta-analysis of faecal metagenomes reveals global microbial signatures that are specific for colorectal cancer
ERR2726597	PRJEB27928	SAMEA4817938	ERS2637832	CCMD52145360ST-11-0	ERX2739969	NA	SINGLE	WGS	METAGENOMIC	ILLUMINA	Illumina HiSeq 2000	1200734	100106142	ftp.sra.ebi.ac.uk/vol1/fastq/ERR272/007/ERR2726597/ERR2726597.fastq.gz	1955e9e27694f2145c6a292b609f7d36	61879450		Meta-analysis of faecal metagenomes reveals global microbial signatures that are specific for colorectal cancer
ERR2726552	PRJEB27928	SAMEA4817905	ERS2637799	CCMD26625622ST-11-0	ERX2739924	NA	SINGLE	WGS	METAGENOMIC	ILLUMINA	Illumina HiSeq 4000	2357289	217883710	ftp.sra.ebi.ac.uk/vol1/fastq/ERR272/002/ERR2726552/ERR2726552.fastq.gz	bd0eec1d86e4317e38ae84ac7e9620c3	155112042		Meta-analysis of faecal metagenomes reveals global microbial signatures that are specific for colorectal cancer
ERR2726600	PRJEB27928	SAMEA4817938	ERS2637832	CCMD52145360ST-11-0	ERX2739972	NA	SINGLE	WGS	METAGENOMIC	ILLUMINA	Illumina HiSeq 2000	1382033	115654629	ftp.sra.ebi.ac.uk/vol1/fastq/ERR272/000/ERR2726600/ERR2726600.fastq.gz	94cdc6b971a21c3551ee3ebcba0111ad	71034254		Meta-analysis of faecal metagenomes reveals global microbial signatures that are specific for colorectal cancer
ERR2726561	PRJEB27928	SAMEA4817911	ERS2637805	CCMD30627121ST-11-0	ERX2739933	NA	SINGLE	WGS	METAGENOMIC	ILLUMINA	Illumina HiSeq 4000	3030242	296729950	ftp.sra.ebi.ac.uk/vol1/fastq/ERR272/001/ERR2726561/ERR2726561.fastq.gz	80458c4ed9a75ed152301616d40aec26	203039854		Meta-analysis of faecal metagenomes reveals global microbial signatures that are specific for colorectal cancer
ERR2726564	PRJEB27928	SAMEA4817914	ERS2637808	CCMD32288175ST-11-0	ERX2739936	NA	SINGLE	WGS	METAGENOMIC	ILLUMINA	Illumina HiSeq 4000	2128526	202210220	ftp.sra.ebi.ac.uk/vol1/fastq/ERR272/004/ERR2726564/ERR2726564.fastq.gz	f3da485bb7ccd9094d184595a455e098	142792536		Meta-analysis of faecal metagenomes reveals global microbial signatures that are specific for colorectal cancer
ERR2726603	PRJEB27928	SAMEA4817941	ERS2637835	CCMD54057834ST-11-0	ERX2739975	NA	SINGLE	WGS	METAGENOMIC	ILLUMINA	Illumina HiSeq 4000	2172000	208458719	ftp.sra.ebi.ac.uk/vol1/fastq/ERR272/003/ERR2726603/ERR2726603.fastq.gz	d08785fd6a64c8450bd1a837519b820e	143268481		Meta-analysis of faecal metagenomes reveals global microbial signatures that are specific for colorectal cancer
ERR2726605	PRJEB27928	SAMEA4817943	ERS2637837	CCMD59540613ST-11-0	ERX2739977	NA	SINGLE	WGS	METAGENOMIC	ILLUMINA	Illumina HiSeq 4000	2069962	190280811	ftp.sra.ebi.ac.uk/vol1/fastq/ERR272/005/ERR2726605/ERR2726605.fastq.gz	63d093cfd90438428faa1754088d6a5e	135859838		Meta-analysis of faecal metagenomes reveals global microbial signatures that are specific for colorectal cancer
ERR2726565	PRJEB27928	SAMEA4817915	ERS2637809	CCMD32965613ST-11-0	ERX2739937	NA	SINGLE	WGS	METAGENOMIC	ILLUMINA	Illumina HiSeq 4000	3207007	307741289	ftp.sra.ebi.ac.uk/vol1/fastq/ERR272/005/ERR2726565/ERR2726565.fastq.gz	fbe339fe483db08127e2285f9de5f82e	215529606		Meta-analysis of faecal metagenomes reveals global microbial signatures that are specific for colorectal cancer
ERR2726606	PRJEB27928	SAMEA4817944	ERS2637838	CCMD59583015ST-11-0	ERX2739978	NA	SINGLE	WGS	METAGENOMIC	ILLUMINA	Illumina HiSeq 2000	1303801	107327039	ftp.sra.ebi.ac.uk/vol1/fastq/ERR272/006/ERR2726606/ERR2726606.fastq.gz	c125657365022362d5d1b892dde06c55	66563880		Meta-analysis of faecal metagenomes reveals global microbial signatures that are specific for colorectal cancer
ERR2726612	PRJEB27928	SAMEA4817945	ERS2637839	CCMD65222621ST-11-0	ERX2739984	NA	SINGLE	WGS	METAGENOMIC	ILLUMINA	Illumina HiSeq 2000	1662733	133138973	ftp.sra.ebi.ac.uk/vol1/fastq/ERR272/002/ERR2726612/ERR2726612.fastq.gz	e0dde693040186b31a3e9d737bd64a4c	83605276		Meta-analysis of faecal metagenomes reveals global microbial signatures that are specific for colorectal cancer
ERR2726570	PRJEB27928	SAMEA4817917	ERS2637811	CCMD35633353ST-11-0	ERX2739942	NA	SINGLE	WGS	METAGENOMIC	ILLUMINA	Illumina HiSeq 2000	1483978	119055518	ftp.sra.ebi.ac.uk/vol1/fastq/ERR272/000/ERR2726570/ERR2726570.fastq.gz	50722b0ed1e27ca78128bb43fccf2c7a	74720868		Meta-analysis of faecal metagenomes reveals global microbial signatures that are specific for colorectal cancer
ERR2726621	PRJEB27928	SAMEA4817951	ERS2637845	CCMD71915439ST-11-0	ERX2739993	NA	SINGLE	WGS	METAGENOMIC	ILLUMINA	Illumina HiSeq 2000	1500972	124828208	ftp.sra.ebi.ac.uk/vol1/fastq/ERR272/001/ERR2726621/ERR2726621.fastq.gz	9721a90cffb9499d9a7a02cae3ed8678	76668132		Meta-analysis of faecal metagenomes reveals global microbial signatures that are specific for colorectal cancer
ERR2726572	PRJEB27928	SAMEA4817919	ERS2637813	CCMD37575804ST-11-0	ERX2739944	NA	SINGLE	WGS	METAGENOMIC	ILLUMINA	Illumina HiSeq 4000	2936935	279050708	ftp.sra.ebi.ac.uk/vol1/fastq/ERR272/002/ERR2726572/ERR2726572.fastq.gz	3cd73aa715810e04d196d3e23eed4069	194544234		Meta-analysis of faecal metagenomes reveals global microbial signatures that are specific for colorectal cancer
ERR2726591	PRJEB27928	SAMEA4817935	ERS2637829	CCMD51154251ST-11-0	ERX2739963	NA	SINGLE	WGS	METAGENOMIC	ILLUMINA	Illumina HiSeq 4000	2510619	239082752	ftp.sra.ebi.ac.uk/vol1/fastq/ERR272/001/ERR2726591/ERR2726591.fastq.gz	7260a9954c16faad151386187b01ada6	166735588		Meta-analysis of faecal metagenomes reveals global microbial signatures that are specific for colorectal cancer
ERR2726626	PRJEB27928	SAMEA4817953	ERS2637847	CCMD72690923ST-11-0	ERX2739998	NA	SINGLE	WGS	METAGENOMIC	ILLUMINA	Illumina HiSeq 2000	1659912	139156696	ftp.sra.ebi.ac.uk/vol1/fastq/ERR272/006/ERR2726626/ERR2726626.fastq.gz	7ecd3af412a3e48c8754325db1d05307	85519425		Meta-analysis of faecal metagenomes reveals global microbial signatures that are specific for colorectal cancer
ERR2726592	PRJEB27928	SAMEA4817936	ERS2637830	CCMD51228890ST-11-0	ERX2739964	NA	SINGLE	WGS	METAGENOMIC	ILLUMINA	Illumina HiSeq 4000	2067928	192670973	ftp.sra.ebi.ac.uk/vol1/fastq/ERR272/002/ERR2726592/ERR2726592.fastq.gz	c074830ebfaf1c333a44ea4bac3ff50c	136689438		Meta-analysis of faecal metagenomes reveals global microbial signatures that are specific for colorectal cancer
ERR2726629	PRJEB27928	SAMEA4817955	ERS2637849	CCMD74592084ST-11-0	ERX2740001	NA	SINGLE	WGS	METAGENOMIC	ILLUMINA	Illumina HiSeq 4000	3162877	307221213	ftp.sra.ebi.ac.uk/vol1/fastq/ERR272/009/ERR2726629/ERR2726629.fastq.gz	adcd3f0bf51bbed1ea4114631943c25f	214801532		Meta-analysis of faecal metagenomes reveals global microbial signatures that are specific for colorectal cancer
ERR2726602	PRJEB27928	SAMEA4817940	ERS2637834	CCMD53522274ST-11-0	ERX2739974	NA	SINGLE	WGS	METAGENOMIC	ILLUMINA	Illumina HiSeq 4000	2336013	218354527	ftp.sra.ebi.ac.uk/vol1/fastq/ERR272/002/ERR2726602/ERR2726602.fastq.gz	cb4aa89dfc93636451acf8ac461d9b1a	154105188		Meta-analysis of faecal metagenomes reveals global microbial signatures that are specific for colorectal cancer
ERR2726634	PRJEB27928	SAMEA4817960	ERS2637854	CCMD85481373ST-11-0	ERX2740006	NA	SINGLE	WGS	METAGENOMIC	ILLUMINA	Illumina HiSeq 4000	1287997	125570060	ftp.sra.ebi.ac.uk/vol1/fastq/ERR272/004/ERR2726634/ERR2726634.fastq.gz	00699df1e112454e3b7d0a09d7e1431f	86080480		Meta-analysis of faecal metagenomes reveals global microbial signatures that are specific for colorectal cancer
ERR2726638	PRJEB27928	SAMEA4817963	ERS2637857	CCMD89306485ST-11-0	ERX2740010	NA	SINGLE	WGS	METAGENOMIC	ILLUMINA	Illumina HiSeq 2000	1736290	137934985	ftp.sra.ebi.ac.uk/vol1/fastq/ERR272/008/ERR2726638/ERR2726638.fastq.gz	0b79e6eed1159253ca2b3ed8e4d27516	75880035		Meta-analysis of faecal metagenomes reveals global microbial signatures that are specific for colorectal cancer
ERR2726607	PRJEB27928	SAMEA4817944	ERS2637838	CCMD59583015ST-11-0	ERX2739979	NA	SINGLE	WGS	METAGENOMIC	ILLUMINA	Illumina HiSeq 2000	1464951	121621991	ftp.sra.ebi.ac.uk/vol1/fastq/ERR272/007/ERR2726607/ERR2726607.fastq.gz	2d4f29ba17972a13231618a86ff939c7	74827382		Meta-analysis of faecal metagenomes reveals global microbial signatures that are specific for colorectal cancer
ERR2726614	PRJEB27928	SAMEA4817946	ERS2637840	CCMD65406197ST-11-0	ERX2739986	NA	SINGLE	WGS	METAGENOMIC	ILLUMINA	Illumina HiSeq 4000	2634534	274839631	ftp.sra.ebi.ac.uk/vol1/fastq/ERR272/004/ERR2726614/ERR2726614.fastq.gz	2caa265a6d2c4ebab70aa35228718da8	180397388		Meta-analysis of faecal metagenomes reveals global microbial signatures that are specific for colorectal cancer
ERR2726639	PRJEB27928	SAMEA4817963	ERS2637857	CCMD89306485ST-11-0	ERX2740011	NA	SINGLE	WGS	METAGENOMIC	ILLUMINA	Illumina HiSeq 2000	1689784	134810128	ftp.sra.ebi.ac.uk/vol1/fastq/ERR272/009/ERR2726639/ERR2726639.fastq.gz	1c0397b9b05117e43a384260b96886b5	74896924		Meta-analysis of faecal metagenomes reveals global microbial signatures that are specific for colorectal cancer
ERR2726640	PRJEB27928	SAMEA4817963	ERS2637857	CCMD89306485ST-11-0	ERX2740012	NA	SINGLE	WGS	METAGENOMIC	ILLUMINA	Illumina HiSeq 2000	1737273	137685382	ftp.sra.ebi.ac.uk/vol1/fastq/ERR272/000/ERR2726640/ERR2726640.fastq.gz	a1626ae4248a79ec9d9f0404503c913c	76986042		Meta-analysis of faecal metagenomes reveals global microbial signatures that are specific for colorectal cancer
ERR2726616	PRJEB27928	SAMEA4817948	ERS2637842	CCMD67373733ST-11-0	ERX2739988	NA	SINGLE	WGS	METAGENOMIC	ILLUMINA	Illumina HiSeq 4000	3044582	279865816	ftp.sra.ebi.ac.uk/vol1/fastq/ERR272/006/ERR2726616/ERR2726616.fastq.gz	650637148f207caf87bb9603fa148af6	198793546		Meta-analysis of faecal metagenomes reveals global microbial signatures that are specific for colorectal cancer
ERR2726617	PRJEB27928	SAMEA4817949	ERS2637843	CCMD68973846ST-11-0	ERX2739989	NA	SINGLE	WGS	METAGENOMIC	ILLUMINA	Illumina HiSeq 4000	1620258	162842092	ftp.sra.ebi.ac.uk/vol1/fastq/ERR272/007/ERR2726617/ERR2726617.fastq.gz	6484d520e602e3fe21aaf66bcf8ddc05	110302355		Meta-analysis of faecal metagenomes reveals global microbial signatures that are specific for colorectal cancer
ERR2726645	PRJEB27928	SAMEA4817966	ERS2637860	CCMD92404903ST-11-0	ERX2740017	NA	SINGLE	WGS	METAGENOMIC	ILLUMINA	Illumina HiSeq 2000	1694802	132129238	ftp.sra.ebi.ac.uk/vol1/fastq/ERR272/005/ERR2726645/ERR2726645.fastq.gz	bb47a7e28878f3b51cfd6ddf6112a3d8	74295441		Meta-analysis of faecal metagenomes reveals global microbial signatures that are specific for colorectal cancer
ERR2726620	PRJEB27928	SAMEA4817951	ERS2637845	CCMD71915439ST-11-0	ERX2739992	NA	SINGLE	WGS	METAGENOMIC	ILLUMINA	Illumina HiSeq 2000	1580108	131277767	ftp.sra.ebi.ac.uk/vol1/fastq/ERR272/000/ERR2726620/ERR2726620.fastq.gz	96e53cf3dae2d7dddb332b39fb75e9f9	80476890		Meta-analysis of faecal metagenomes reveals global microbial signatures that are specific for colorectal cancer
ERR2726648	PRJEB27928	SAMEA4817968	ERS2637862	CCMD95431029ST-11-0	ERX2740020	NA	SINGLE	WGS	METAGENOMIC	ILLUMINA	Illumina HiSeq 2000	1419640	110966856	ftp.sra.ebi.ac.uk/vol1/fastq/ERR272/008/ERR2726648/ERR2726648.fastq.gz	c88974b3223c75c20a145e45d9aa85fe	54226389		Meta-analysis of faecal metagenomes reveals global microbial signatures that are specific for colorectal cancer
ERR2726653	PRJEB27928	SAMEA4817969	ERS2637863	CCMD95676152ST-11-0	ERX2740025	NA	SINGLE	WGS	METAGENOMIC	ILLUMINA	Illumina HiSeq 2000	1216855	100249307	ftp.sra.ebi.ac.uk/vol1/fastq/ERR272/003/ERR2726653/ERR2726653.fastq.gz	61a72646e6f646346228c9be5ffdd7a8	62257600		Meta-analysis of faecal metagenomes reveals global microbial signatures that are specific for colorectal cancer
ERR2726622	PRJEB27928	SAMEA4817951	ERS2637845	CCMD71915439ST-11-0	ERX2739994	NA	SINGLE	WGS	METAGENOMIC	ILLUMINA	Illumina HiSeq 2000	1577213	130630792	ftp.sra.ebi.ac.uk/vol1/fastq/ERR272/002/ERR2726622/ERR2726622.fastq.gz	5fbdd463c716c20733f5dc9c9afa6e5f	80255328		Meta-analysis of faecal metagenomes reveals global microbial signatures that are specific for colorectal cancer
ERR2726627	PRJEB27928	SAMEA4817953	ERS2637847	CCMD72690923ST-11-0	ERX2739999	NA	SINGLE	WGS	METAGENOMIC	ILLUMINA	Illumina HiSeq 2000	1775388	149309250	ftp.sra.ebi.ac.uk/vol1/fastq/ERR272/007/ERR2726627/ERR2726627.fastq.gz	cf2e1e41e95d888a8d19b7c902148002	91330546		Meta-analysis of faecal metagenomes reveals global microbial signatures that are specific for colorectal cancer
ERR2726656	PRJEB27928	SAMEA4817970	ERS2637864	CCMD98198513ST-11-0	ERX2740028	NA	SINGLE	WGS	METAGENOMIC	ILLUMINA	Illumina HiSeq 4000	1132315	106626011	ftp.sra.ebi.ac.uk/vol1/fastq/ERR272/006/ERR2726656/ERR2726656.fastq.gz	e32b4d5a10d65639e7d62707b824dcde	75042263		Meta-analysis of faecal metagenomes reveals global microbial signatures that are specific for colorectal cancer
ERR2726657	PRJEB27928	SAMEA4817971	ERS2637865	CCMD98531134ST-11-0	ERX2740029	NA	SINGLE	WGS	METAGENOMIC	ILLUMINA	Illumina HiSeq 2000	1289258	108994679	ftp.sra.ebi.ac.uk/vol1/fastq/ERR272/007/ERR2726657/ERR2726657.fastq.gz	94651eb0d1459c349c6521c4fc247b85	66325148		Meta-analysis of faecal metagenomes reveals global microbial signatures that are specific for colorectal cancer
ERR2726643	PRJEB27928	SAMEA4817966	ERS2637860	CCMD92404903ST-11-0	ERX2740015	NA	SINGLE	WGS	METAGENOMIC	ILLUMINA	Illumina HiSeq 2000	1649903	130218128	ftp.sra.ebi.ac.uk/vol1/fastq/ERR272/003/ERR2726643/ERR2726643.fastq.gz	bb77174cf8ea8f4545b0522b0010d2b0	71674851		Meta-analysis of faecal metagenomes reveals global microbial signatures that are specific for colorectal cancer
ERR2726659	PRJEB27928	SAMEA4817971	ERS2637865	CCMD98531134ST-11-0	ERX2740031	NA	SINGLE	WGS	METAGENOMIC	ILLUMINA	Illumina HiSeq 2000	1388017	117265991	ftp.sra.ebi.ac.uk/vol1/fastq/ERR272/009/ERR2726659/ERR2726659.fastq.gz	88d60916039908e85bdf6a8e50105a3c	71376152		Meta-analysis of faecal metagenomes reveals global microbial signatures that are specific for colorectal cancer
ERR2726647	PRJEB27928	SAMEA4817967	ERS2637861	CCMD93755960ST-11-0	ERX2740019	NA	SINGLE	WGS	METAGENOMIC	ILLUMINA	Illumina HiSeq 4000	4641437	441972986	ftp.sra.ebi.ac.uk/vol1/fastq/ERR272/007/ERR2726647/ERR2726647.fastq.gz	e44c188b1258be2bf947c389c19410c8	306426037		Meta-analysis of faecal metagenomes reveals global microbial signatures that are specific for colorectal cancer
ERR2726651	PRJEB27928	SAMEA4817968	ERS2637862	CCMD95431029ST-11-0	ERX2740023	NA	SINGLE	WGS	METAGENOMIC	ILLUMINA	Illumina HiSeq 2000	1333849	104364707	ftp.sra.ebi.ac.uk/vol1/fastq/ERR272/001/ERR2726651/ERR2726651.fastq.gz	5f468938623ce055b07ceceabadbc402	54457265		Meta-analysis of faecal metagenomes reveals global microbial signatures that are specific for colorectal cancer
ERR2726652	PRJEB27928	SAMEA4817969	ERS2637863	CCMD95676152ST-11-0	ERX2740024	NA	SINGLE	WGS	METAGENOMIC	ILLUMINA	Illumina HiSeq 2000	1123538	92569401	ftp.sra.ebi.ac.uk/vol1/fastq/ERR272/002/ERR2726652/ERR2726652.fastq.gz	550dd067fabb27b25b35bb91d4279ecc	57661290		Meta-analysis of faecal metagenomes reveals global microbial signatures that are specific for colorectal cancer
ERR2726654	PRJEB27928	SAMEA4817969	ERS2637863	CCMD95676152ST-11-0	ERX2740026	NA	SINGLE	WGS	METAGENOMIC	ILLUMINA	Illumina HiSeq 2000	1221624	100978484	ftp.sra.ebi.ac.uk/vol1/fastq/ERR272/004/ERR2726654/ERR2726654.fastq.gz	6e8e24178f191c2fdb4b300b59f1b1ce	62594557		Meta-analysis of faecal metagenomes reveals global microbial signatures that are specific for colorectal cancer
ERR2726661	PRJEB27928	SAMEA4817972	ERS2637866	CCMD98702133ST-11-0	ERX2740033	NA	SINGLE	WGS	METAGENOMIC	ILLUMINA	Illumina HiSeq 4000	3419866	328465972	ftp.sra.ebi.ac.uk/vol1/fastq/ERR272/001/ERR2726661/ERR2726661.fastq.gz	aaf9bcc39e3a90ba0fd65609aab9b39c	231356779		Meta-analysis of faecal metagenomes reveals global microbial signatures that are specific for colorectal cancer
ERR2726404	PRJEB27928	SAMEA4817893	ERS2637787	CCMD10032470ST-11-0	ERX2739776	NA	PAIRED	WGS	METAGENOMIC	ILLUMINA	Illumina HiSeq 4000	17664261	4418592170	ftp.sra.ebi.ac.uk/vol1/fastq/ERR272/004/ERR2726404/ERR2726404_1.fastq.gz;ftp.sra.ebi.ac.uk/vol1/fastq/ERR272/004/ERR2726404/ERR2726404_2.fastq.gz	89da960605a2937ccd07041427f5e74b;c2b841eefdf282f4ba28f85623b3c2b6	1220356295;1202428452		Meta-analysis of faecal metagenomes reveals global microbial signatures that are specific for colorectal cancer
ERR2726417	PRJEB27928	SAMEA4817901	ERS2637795	CCMD21703880ST-11-0	ERX2739789	NA	PAIRED	WGS	METAGENOMIC	ILLUMINA	Illumina HiSeq 2000	9228730	1878117878	ftp.sra.ebi.ac.uk/vol1/fastq/ERR272/007/ERR2726417/ERR2726417_1.fastq.gz;ftp.sra.ebi.ac.uk/vol1/fastq/ERR272/007/ERR2726417/ERR2726417_2.fastq.gz	8e241bac026dfc4f70a8819e8abac0aa;d1e4b437d4e02aa711915bc6cbb2e2fb	498487889;476787307		Meta-analysis of faecal metagenomes reveals global microbial signatures that are specific for colorectal cancer
ERR2726421	PRJEB27928	SAMEA4817904	ERS2637798	CCMD25475945ST-11-0	ERX2739793	NA	PAIRED	WGS	METAGENOMIC	ILLUMINA	Illumina HiSeq 4000	17000045	4185785248	ftp.sra.ebi.ac.uk/vol1/fastq/ERR272/001/ERR2726421/ERR2726421_1.fastq.gz;ftp.sra.ebi.ac.uk/vol1/fastq/ERR272/001/ERR2726421/ERR2726421_2.fastq.gz	f37580f44c7455758dc5783b86f18b6c;a6cbb9e4990b8723ec75b091df5ac24d	1174151469;1166919191		Meta-analysis of faecal metagenomes reveals global microbial signatures that are specific for colorectal cancer
ERR2726427	PRJEB27928	SAMEA4817907	ERS2637801	CCMD27867141ST-11-0	ERX2739799	NA	PAIRED	WGS	METAGENOMIC	ILLUMINA	Illumina HiSeq 4000	23116222	5776208340	ftp.sra.ebi.ac.uk/vol1/fastq/ERR272/007/ERR2726427/ERR2726427_1.fastq.gz;ftp.sra.ebi.ac.uk/vol1/fastq/ERR272/007/ERR2726427/ERR2726427_2.fastq.gz	baeb451afbbd1027e0f7d0aabeb20681;ee73610c0ca062e8f8d2ccd6682e15f9	1577835960;1575338932		Meta-analysis of faecal metagenomes reveals global microbial signatures that are specific for colorectal cancer
ERR2726441	PRJEB27928	SAMEA4817918	ERS2637812	CCMD35801800ST-11-0	ERX2739813	NA	PAIRED	WGS	METAGENOMIC	ILLUMINA	Illumina HiSeq 4000	19836558	4941638061	ftp.sra.ebi.ac.uk/vol1/fastq/ERR272/001/ERR2726441/ERR2726441_1.fastq.gz;ftp.sra.ebi.ac.uk/vol1/fastq/ERR272/001/ERR2726441/ERR2726441_2.fastq.gz	aecbf9fa4419eea96157411ebb25c1f6;7d24aef5b334803baf821cc1727c79e8	1376282764;1344056956		Meta-analysis of faecal metagenomes reveals global microbial signatures that are specific for colorectal cancer
ERR2726442	PRJEB27928	SAMEA4817919	ERS2637813	CCMD37575804ST-11-0	ERX2739814	NA	PAIRED	WGS	METAGENOMIC	ILLUMINA	Illumina HiSeq 4000	19894949	4959966227	ftp.sra.ebi.ac.uk/vol1/fastq/ERR272/002/ERR2726442/ERR2726442_1.fastq.gz;ftp.sra.ebi.ac.uk/vol1/fastq/ERR272/002/ERR2726442/ERR2726442_2.fastq.gz	4f02c82bacfbc2809c1f83dec1e03836;238d3e4159048612102fbe5f80cf9e53	1355086088;1347398434		Meta-analysis of faecal metagenomes reveals global microbial signatures that are specific for colorectal cancer
ERR2726446	PRJEB27928	SAMEA4817923	ERS2637817	CCMD41202658ST-11-0	ERX2739818	NA	PAIRED	WGS	METAGENOMIC	ILLUMINA	Illumina HiSeq 4000	12102241	2937531182	ftp.sra.ebi.ac.uk/vol1/fastq/ERR272/006/ERR2726446/ERR2726446_1.fastq.gz;ftp.sra.ebi.ac.uk/vol1/fastq/ERR272/006/ERR2726446/ERR2726446_2.fastq.gz	8ddc7db145b01e7d2eda06423fb94bf8;907a7daac34a488c75035bd132d8623b	830673690;829381174		Meta-analysis of faecal metagenomes reveals global microbial signatures that are specific for colorectal cancer
ERR2726448	PRJEB27928	SAMEA4817925	ERS2637819	CCMD42956136ST-11-0	ERX2739820	NA	PAIRED	WGS	METAGENOMIC	ILLUMINA	Illumina HiSeq 4000	19476673	4915960711	ftp.sra.ebi.ac.uk/vol1/fastq/ERR272/008/ERR2726448/ERR2726448_1.fastq.gz;ftp.sra.ebi.ac.uk/vol1/fastq/ERR272/008/ERR2726448/ERR2726448_2.fastq.gz	d0a011afbd72efcba41468b3085b0d2d;89b82c348ce77d0e0e00df06bd0d01a7	1301945576;1332499681		Meta-analysis of faecal metagenomes reveals global microbial signatures that are specific for colorectal cancer
ERR2726453	PRJEB27928	SAMEA4817930	ERS2637824	CCMD49461418ST-11-0	ERX2739825	NA	PAIRED	WGS	METAGENOMIC	ILLUMINA	Illumina HiSeq 2000	9881057	1989011278	ftp.sra.ebi.ac.uk/vol1/fastq/ERR272/003/ERR2726453/ERR2726453_1.fastq.gz;ftp.sra.ebi.ac.uk/vol1/fastq/ERR272/003/ERR2726453/ERR2726453_2.fastq.gz	59320e0edd407e7e824f9e3443bce772;9e242c8be8e6761d252e3ec3a05adbd9	522893911;523104509		Meta-analysis of faecal metagenomes reveals global microbial signatures that are specific for colorectal cancer
ERR2726459	PRJEB27928	SAMEA4817933	ERS2637827	CCMD50529145ST-11-0	ERX2739831	NA	PAIRED	WGS	METAGENOMIC	ILLUMINA	Illumina HiSeq 4000	14364394	3478120884	ftp.sra.ebi.ac.uk/vol1/fastq/ERR272/009/ERR2726459/ERR2726459_1.fastq.gz;ftp.sra.ebi.ac.uk/vol1/fastq/ERR272/009/ERR2726459/ERR2726459_2.fastq.gz	2d8bf6dbf0caedf29d04b41859506509;7913253c26c6e8cef895671ba03bea6f	1003413220;984087211		Meta-analysis of faecal metagenomes reveals global microbial signatures that are specific for colorectal cancer
ERR2726461	PRJEB27928	SAMEA4817935	ERS2637829	CCMD51154251ST-11-0	ERX2739833	NA	PAIRED	WGS	METAGENOMIC	ILLUMINA	Illumina HiSeq 4000	16705608	4194534849	ftp.sra.ebi.ac.uk/vol1/fastq/ERR272/001/ERR2726461/ERR2726461_1.fastq.gz;ftp.sra.ebi.ac.uk/vol1/fastq/ERR272/001/ERR2726461/ERR2726461_2.fastq.gz	b0827785b1b089920a1e00a1d7ed6954;74e8882b3cacf858fca06aa5f7d37181	1138629468;1149561243		Meta-analysis of faecal metagenomes reveals global microbial signatures that are specific for colorectal cancer
ERR2726471	PRJEB27928	SAMEA4817939	ERS2637833	CCMD53508245ST-11-0	ERX2739843	NA	PAIRED	WGS	METAGENOMIC	ILLUMINA	Illumina HiSeq 4000	21205513	5334223904	ftp.sra.ebi.ac.uk/vol1/fastq/ERR272/001/ERR2726471/ERR2726471_1.fastq.gz;ftp.sra.ebi.ac.uk/vol1/fastq/ERR272/001/ERR2726471/ERR2726471_2.fastq.gz	8579d9527ac8b40a3a8f85f7c75436c8;b3d0bcd3e678aef4b8581b0366a7c391	1413445821;1451464888		Meta-analysis of faecal metagenomes reveals global microbial signatures that are specific for colorectal cancer
ERR2726473	PRJEB27928	SAMEA4817941	ERS2637835	CCMD54057834ST-11-0	ERX2739845	NA	PAIRED	WGS	METAGENOMIC	ILLUMINA	Illumina HiSeq 4000	12076041	2903146234	ftp.sra.ebi.ac.uk/vol1/fastq/ERR272/003/ERR2726473/ERR2726473_1.fastq.gz;ftp.sra.ebi.ac.uk/vol1/fastq/ERR272/003/ERR2726473/ERR2726473_2.fastq.gz	af4accfa9d6431d919064894eec8ccf7;544f313548f628b79506c912ba5b45d1	823680160;832015754		Meta-analysis of faecal metagenomes reveals global microbial signatures that are specific for colorectal cancer
ERR2726478	PRJEB27928	SAMEA4817944	ERS2637838	CCMD59583015ST-11-0	ERX2739850	NA	PAIRED	WGS	METAGENOMIC	ILLUMINA	Illumina HiSeq 2000	10705378	2196227482	ftp.sra.ebi.ac.uk/vol1/fastq/ERR272/008/ERR2726478/ERR2726478_1.fastq.gz;ftp.sra.ebi.ac.uk/vol1/fastq/ERR272/008/ERR2726478/ERR2726478_2.fastq.gz	11878caaea487944d0c2159085722807;118ceb20a508c0096d7ea6a9a06eaf04	570041647;567711153		Meta-analysis of faecal metagenomes reveals global microbial signatures that are specific for colorectal cancer
ERR2726480	PRJEB27928	SAMEA4817945	ERS2637839	CCMD65222621ST-11-0	ERX2739852	NA	PAIRED	WGS	METAGENOMIC	ILLUMINA	Illumina HiSeq 2000	9462083	1895474862	ftp.sra.ebi.ac.uk/vol1/fastq/ERR272/000/ERR2726480/ERR2726480_1.fastq.gz;ftp.sra.ebi.ac.uk/vol1/fastq/ERR272/000/ERR2726480/ERR2726480_2.fastq.gz	d43892be77ba52ca74727a35e678fee4;123fa2e43f529f6ec2b3c15178b12705	506666541;488985967		Meta-analysis of faecal metagenomes reveals global microbial signatures that are specific for colorectal cancer
ERR2726482	PRJEB27928	SAMEA4817945	ERS2637839	CCMD65222621ST-11-0	ERX2739854	NA	PAIRED	WGS	METAGENOMIC	ILLUMINA	Illumina HiSeq 2000	9217218	1821875168	ftp.sra.ebi.ac.uk/vol1/fastq/ERR272/002/ERR2726482/ERR2726482_1.fastq.gz;ftp.sra.ebi.ac.uk/vol1/fastq/ERR272/002/ERR2726482/ERR2726482_2.fastq.gz	f774235f4ed5d6fa26472a11a5961438;c993df888a077278db392aba85d3c9da	490584423;478513212		Meta-analysis of faecal metagenomes reveals global microbial signatures that are specific for colorectal cancer
ERR2726484	PRJEB27928	SAMEA4817946	ERS2637840	CCMD65406197ST-11-0	ERX2739856	NA	PAIRED	WGS	METAGENOMIC	ILLUMINA	Illumina HiSeq 4000	12669084	3184885638	ftp.sra.ebi.ac.uk/vol1/fastq/ERR272/004/ERR2726484/ERR2726484_1.fastq.gz;ftp.sra.ebi.ac.uk/vol1/fastq/ERR272/004/ERR2726484/ERR2726484_2.fastq.gz	1035fa6ea894fdcef117c497da0acc4b;91c53f542fd137106eeb37c29be3fa7c	843012685;870919237		Meta-analysis of faecal metagenomes reveals global microbial signatures that are specific for colorectal cancer
ERR2726500	PRJEB27928	SAMEA4817956	ERS2637850	CCMD75147712ST-11-0	ERX2739872	NA	PAIRED	WGS	METAGENOMIC	ILLUMINA	Illumina HiSeq 4000	9348990	2404367026	ftp.sra.ebi.ac.uk/vol1/fastq/ERR272/000/ERR2726500/ERR2726500_1.fastq.gz;ftp.sra.ebi.ac.uk/vol1/fastq/ERR272/000/ERR2726500/ERR2726500_2.fastq.gz	ebc1a37c67b8df314d8de81692931395;56bcfd587486c9811a24daa020230a4a	638477022;646086616		Meta-analysis of faecal metagenomes reveals global microbial signatures that are specific for colorectal cancer
ERR2726509	PRJEB27928	SAMEA4817963	ERS2637857	CCMD89306485ST-11-0	ERX2739881	NA	PAIRED	WGS	METAGENOMIC	ILLUMINA	Illumina HiSeq 2000	7964470	1645588145	ftp.sra.ebi.ac.uk/vol1/fastq/ERR272/009/ERR2726509/ERR2726509_1.fastq.gz;ftp.sra.ebi.ac.uk/vol1/fastq/ERR272/009/ERR2726509/ERR2726509_2.fastq.gz	81e6c5ee9c3a6d490b251b94268a0a20;3fd9ff22a9f99f41fb1d563a59eb7c93	427705803;429310840		Meta-analysis of faecal metagenomes reveals global microbial signatures that are specific for colorectal cancer
ERR2726511	PRJEB27928	SAMEA4817964	ERS2637858	CCMD89643949ST-11-0	ERX2739883	NA	PAIRED	WGS	METAGENOMIC	ILLUMINA	Illumina HiSeq 4000	17832991	4533840537	ftp.sra.ebi.ac.uk/vol1/fastq/ERR272/001/ERR2726511/ERR2726511_1.fastq.gz;ftp.sra.ebi.ac.uk/vol1/fastq/ERR272/001/ERR2726511/ERR2726511_2.fastq.gz	568392ec2add9f680b696e6a2aca3f1f;5e58f634c0d62016b2afe70070d046e2	1198676415;1215181670		Meta-analysis of faecal metagenomes reveals global microbial signatures that are specific for colorectal cancer
ERR2726515	PRJEB27928	SAMEA4817966	ERS2637860	CCMD92404903ST-11-0	ERX2739887	NA	PAIRED	WGS	METAGENOMIC	ILLUMINA	Illumina HiSeq 2000	8438578	1751553429	ftp.sra.ebi.ac.uk/vol1/fastq/ERR272/005/ERR2726515/ERR2726515_1.fastq.gz;ftp.sra.ebi.ac.uk/vol1/fastq/ERR272/005/ERR2726515/ERR2726515_2.fastq.gz	a27d150a0860c062d48b8c82ce296beb;722e363e171b94ca6a4f2c0d55f5aba0	456369941;453293761		Meta-analysis of faecal metagenomes reveals global microbial signatures that are specific for colorectal cancer
ERR2726517	PRJEB27928	SAMEA4817967	ERS2637861	CCMD93755960ST-11-0	ERX2739889	NA	PAIRED	WGS	METAGENOMIC	ILLUMINA	Illumina HiSeq 4000	24540272	6070269555	ftp.sra.ebi.ac.uk/vol1/fastq/ERR272/007/ERR2726517/ERR2726517_1.fastq.gz;ftp.sra.ebi.ac.uk/vol1/fastq/ERR272/007/ERR2726517/ERR2726517_2.fastq.gz	c6af5b5e7acd06d3e9ee86dfbf867e8c;2d6c7a023f03d7212214f11d8230d9ba	1665921218;1675709333		Meta-analysis of faecal metagenomes reveals global microbial signatures that are specific for colorectal cancer
ERR2726520	PRJEB27928	SAMEA4817968	ERS2637862	CCMD95431029ST-11-0	ERX2739892	NA	PAIRED	WGS	METAGENOMIC	ILLUMINA	Illumina HiSeq 2000	5340739	1112603416	ftp.sra.ebi.ac.uk/vol1/fastq/ERR272/000/ERR2726520/ERR2726520_1.fastq.gz;ftp.sra.ebi.ac.uk/vol1/fastq/ERR272/000/ERR2726520/ERR2726520_2.fastq.gz	700ef335d17171af776efb5b199072a9;45a6519f83a907a1ae009922c265d617	288543652;287521469		Meta-analysis of faecal metagenomes reveals global microbial signatures that are specific for colorectal cancer
ERR2726535	PRJEB27928	SAMEA4817894	ERS2637788	CCMD10191450ST-11-0	ERX2739907	NA	SINGLE	WGS	METAGENOMIC	ILLUMINA	Illumina HiSeq 4000	2579719	244966766	ftp.sra.ebi.ac.uk/vol1/fastq/ERR272/005/ERR2726535/ERR2726535.fastq.gz	6acb756569f9ea13457e514ad322d281	171589249		Meta-analysis of faecal metagenomes reveals global microbial signatures that are specific for colorectal cancer
ERR2726543	PRJEB27928	SAMEA4817900	ERS2637794	CCMD21593359ST-11-0	ERX2739915	NA	SINGLE	WGS	METAGENOMIC	ILLUMINA	Illumina HiSeq 2000	1188427	97492139	ftp.sra.ebi.ac.uk/vol1/fastq/ERR272/003/ERR2726543/ERR2726543.fastq.gz	5817ff8f413affee4af146c04a6f6b4c	57757681		Meta-analysis of faecal metagenomes reveals global microbial signatures that are specific for colorectal cancer
ERR2726545	PRJEB27928	SAMEA4817901	ERS2637795	CCMD21703880ST-11-0	ERX2739917	NA	SINGLE	WGS	METAGENOMIC	ILLUMINA	Illumina HiSeq 2000	1284883	101971850	ftp.sra.ebi.ac.uk/vol1/fastq/ERR272/005/ERR2726545/ERR2726545.fastq.gz	7b8c92bfa667a6997e0070f1b17a09f1	63085819		Meta-analysis of faecal metagenomes reveals global microbial signatures that are specific for colorectal cancer
ERR2726547	PRJEB27928	SAMEA4817901	ERS2637795	CCMD21703880ST-11-0	ERX2739919	NA	SINGLE	WGS	METAGENOMIC	ILLUMINA	Illumina HiSeq 2000	1303184	104390960	ftp.sra.ebi.ac.uk/vol1/fastq/ERR272/007/ERR2726547/ERR2726547.fastq.gz	63b1609286606b830ba15c889838a030	64955103		Meta-analysis of faecal metagenomes reveals global microbial signatures that are specific for colorectal cancer
ERR2726553	PRJEB27928	SAMEA4817906	ERS2637800	CCMD27463710ST-11-0	ERX2739925	NA	SINGLE	WGS	METAGENOMIC	ILLUMINA	Illumina HiSeq 2000	1275500	104861469	ftp.sra.ebi.ac.uk/vol1/fastq/ERR272/003/ERR2726553/ERR2726553.fastq.gz	82829baf76e520c71bdbecba59737ab5	64996792		Meta-analysis of faecal metagenomes reveals global microbial signatures that are specific for colorectal cancer
ERR2726554	PRJEB27928	SAMEA4817906	ERS2637800	CCMD27463710ST-11-0	ERX2739926	NA	SINGLE	WGS	METAGENOMIC	ILLUMINA	Illumina HiSeq 2000	1370827	113081048	ftp.sra.ebi.ac.uk/vol1/fastq/ERR272/004/ERR2726554/ERR2726554.fastq.gz	aba298065b351ba4dc7cda7c78cab9a6	69870994		Meta-analysis of faecal metagenomes reveals global microbial signatures that are specific for colorectal cancer
ERR2726558	PRJEB27928	SAMEA4817908	ERS2637802	CCMD28738636ST-11-0	ERX2739930	NA	SINGLE	WGS	METAGENOMIC	ILLUMINA	Illumina HiSeq 4000	1267651	118748916	ftp.sra.ebi.ac.uk/vol1/fastq/ERR272/008/ERR2726558/ERR2726558.fastq.gz	5169f38f8ad6409f354c1ff7017cb5f6	83653173		Meta-analysis of faecal metagenomes reveals global microbial signatures that are specific for colorectal cancer
ERR2726559	PRJEB27928	SAMEA4817909	ERS2637803	CCMD29706695ST-11-0	ERX2739931	NA	SINGLE	WGS	METAGENOMIC	ILLUMINA	Illumina HiSeq 4000	2132462	195697298	ftp.sra.ebi.ac.uk/vol1/fastq/ERR272/009/ERR2726559/ERR2726559.fastq.gz	49a541d83ea539abb49c3e77fc6ca92c	140310671		Meta-analysis of faecal metagenomes reveals global microbial signatures that are specific for colorectal cancer
ERR2726562	PRJEB27928	SAMEA4817912	ERS2637806	CCMD31009081ST-11-0	ERX2739934	NA	SINGLE	WGS	METAGENOMIC	ILLUMINA	Illumina HiSeq 4000	2264661	210585455	ftp.sra.ebi.ac.uk/vol1/fastq/ERR272/002/ERR2726562/ERR2726562.fastq.gz	386dfdf48396754476d7c1719c6525d5	149178283		Meta-analysis of faecal metagenomes reveals global microbial signatures that are specific for colorectal cancer
ERR2726563	PRJEB27928	SAMEA4817913	ERS2637807	CCMD31134579ST-11-0	ERX2739935	NA	SINGLE	WGS	METAGENOMIC	ILLUMINA	Illumina HiSeq 4000	2560538	239290986	ftp.sra.ebi.ac.uk/vol1/fastq/ERR272/003/ERR2726563/ERR2726563.fastq.gz	63a1b6b18b26772506e08c7e1ca4cbd8	169219165		Meta-analysis of faecal metagenomes reveals global microbial signatures that are specific for colorectal cancer
ERR2726567	PRJEB27928	SAMEA4817917	ERS2637811	CCMD35633353ST-11-0	ERX2739939	NA	SINGLE	WGS	METAGENOMIC	ILLUMINA	Illumina HiSeq 2000	1300673	103911893	ftp.sra.ebi.ac.uk/vol1/fastq/ERR272/007/ERR2726567/ERR2726567.fastq.gz	502c03039a3204f1326b644f9e340804	65775384		Meta-analysis of faecal metagenomes reveals global microbial signatures that are specific for colorectal cancer
ERR2726568	PRJEB27928	SAMEA4817917	ERS2637811	CCMD35633353ST-11-0	ERX2739940	NA	SINGLE	WGS	METAGENOMIC	ILLUMINA	Illumina HiSeq 2000	1411403	113103775	ftp.sra.ebi.ac.uk/vol1/fastq/ERR272/008/ERR2726568/ERR2726568.fastq.gz	9aa041ac0775dbfe22e1ce915f95e5c5	71260970		Meta-analysis of faecal metagenomes reveals global microbial signatures that are specific for colorectal cancer
ERR2726569	PRJEB27928	SAMEA4817917	ERS2637811	CCMD35633353ST-11-0	ERX2739941	NA	SINGLE	WGS	METAGENOMIC	ILLUMINA	Illumina HiSeq 2000	1396489	112044461	ftp.sra.ebi.ac.uk/vol1/fastq/ERR272/009/ERR2726569/ERR2726569.fastq.gz	886a9134a9926b36a29345d6ef93cb02	70538683		Meta-analysis of faecal metagenomes reveals global microbial signatures that are specific for colorectal cancer
ERR2726573	PRJEB27928	SAMEA4817920	ERS2637814	CCMD38158721ST-11-0	ERX2739945	NA	SINGLE	WGS	METAGENOMIC	ILLUMINA	Illumina HiSeq 4000	1897366	179629825	ftp.sra.ebi.ac.uk/vol1/fastq/ERR272/003/ERR2726573/ERR2726573.fastq.gz	ee9edcb07625437fa472622cc5590f0d	125661260		Meta-analysis of faecal metagenomes reveals global microbial signatures that are specific for colorectal cancer
ERR2726580	PRJEB27928	SAMEA4817927	ERS2637821	CCMD45812507ST-11-0	ERX2739952	NA	SINGLE	WGS	METAGENOMIC	ILLUMINA	Illumina HiSeq 4000	2332798	215219609	ftp.sra.ebi.ac.uk/vol1/fastq/ERR272/000/ERR2726580/ERR2726580.fastq.gz	850ab283c045985727fd829aab55aa9e	153129740		Meta-analysis of faecal metagenomes reveals global microbial signatures that are specific for colorectal cancer
ERR2726585	PRJEB27928	SAMEA4817930	ERS2637824	CCMD49461418ST-11-0	ERX2739957	NA	SINGLE	WGS	METAGENOMIC	ILLUMINA	Illumina HiSeq 2000	1946672	168604209	ftp.sra.ebi.ac.uk/vol1/fastq/ERR272/005/ERR2726585/ERR2726585.fastq.gz	458f4cb4755fd0609a425e8bb5cd367f	100554739		Meta-analysis of faecal metagenomes reveals global microbial signatures that are specific for colorectal cancer
ERR2726586	PRJEB27928	SAMEA4817930	ERS2637824	CCMD49461418ST-11-0	ERX2739958	NA	SINGLE	WGS	METAGENOMIC	ILLUMINA	Illumina HiSeq 2000	2114916	184332969	ftp.sra.ebi.ac.uk/vol1/fastq/ERR272/006/ERR2726586/ERR2726586.fastq.gz	ad5a0601e94abf226c374e2ce18ac0eb	109266920		Meta-analysis of faecal metagenomes reveals global microbial signatures that are specific for colorectal cancer
ERR2726590	PRJEB27928	SAMEA4817934	ERS2637828	CCMD50538120ST-11-0	ERX2739962	NA	SINGLE	WGS	METAGENOMIC	ILLUMINA	Illumina HiSeq 4000	2601264	260633332	ftp.sra.ebi.ac.uk/vol1/fastq/ERR272/000/ERR2726590/ERR2726590.fastq.gz	9e4834fe01320a19f2fd983692d1b118	173111758		Meta-analysis of faecal metagenomes reveals global microbial signatures that are specific for colorectal cancer
ERR2726601	PRJEB27928	SAMEA4817939	ERS2637833	CCMD53508245ST-11-0	ERX2739973	NA	SINGLE	WGS	METAGENOMIC	ILLUMINA	Illumina HiSeq 4000	3869186	382660965	ftp.sra.ebi.ac.uk/vol1/fastq/ERR272/001/ERR2726601/ERR2726601.fastq.gz	60cc0701c228a5588e9b7d1b726d5232	259202755		Meta-analysis of faecal metagenomes reveals global microbial signatures that are specific for colorectal cancer
ERR2726610	PRJEB27928	SAMEA4817945	ERS2637839	CCMD65222621ST-11-0	ERX2739982	NA	SINGLE	WGS	METAGENOMIC	ILLUMINA	Illumina HiSeq 2000	1541116	123143016	ftp.sra.ebi.ac.uk/vol1/fastq/ERR272/000/ERR2726610/ERR2726610.fastq.gz	065a8ca40fef78b46e5203a58e13374c	77712179		Meta-analysis of faecal metagenomes reveals global microbial signatures that are specific for colorectal cancer
ERR2726618	PRJEB27928	SAMEA4817950	ERS2637844	CCMD71242853ST-11-0	ERX2739990	NA	SINGLE	WGS	METAGENOMIC	ILLUMINA	Illumina HiSeq 4000	2583753	249917918	ftp.sra.ebi.ac.uk/vol1/fastq/ERR272/008/ERR2726618/ERR2726618.fastq.gz	76912f0598599426e71491b0ea87300b	170732294		Meta-analysis of faecal metagenomes reveals global microbial signatures that are specific for colorectal cancer
ERR2726628	PRJEB27928	SAMEA4817954	ERS2637848	CCMD73128545ST-11-0	ERX2740000	NA	SINGLE	WGS	METAGENOMIC	ILLUMINA	Illumina HiSeq 4000	1786740	164981729	ftp.sra.ebi.ac.uk/vol1/fastq/ERR272/008/ERR2726628/ERR2726628.fastq.gz	4d7549411d3fbdb03d243adfaee88e15	117989276		Meta-analysis of faecal metagenomes reveals global microbial signatures that are specific for colorectal cancer
ERR2726632	PRJEB27928	SAMEA4817958	ERS2637852	CCMD76409700ST-11-0	ERX2740004	NA	SINGLE	WGS	METAGENOMIC	ILLUMINA	Illumina HiSeq 4000	2939960	281126862	ftp.sra.ebi.ac.uk/vol1/fastq/ERR272/002/ERR2726632/ERR2726632.fastq.gz	47999989f02d41e2e4fe535f9c12f64f	196859757		Meta-analysis of faecal metagenomes reveals global microbial signatures that are specific for colorectal cancer
ERR2726635	PRJEB27928	SAMEA4817961	ERS2637855	CCMD85661207ST-11-0	ERX2740007	NA	SINGLE	WGS	METAGENOMIC	ILLUMINA	Illumina HiSeq 4000	2289880	211921735	ftp.sra.ebi.ac.uk/vol1/fastq/ERR272/005/ERR2726635/ERR2726635.fastq.gz	ae1424e24d80eb047b210f31a8899806	149734539		Meta-analysis of faecal metagenomes reveals global microbial signatures that are specific for colorectal cancer
ERR2726636	PRJEB27928	SAMEA4817962	ERS2637856	CCMD89107682ST-11-0	ERX2740008	NA	SINGLE	WGS	METAGENOMIC	ILLUMINA	Illumina HiSeq 4000	3236244	293556828	ftp.sra.ebi.ac.uk/vol1/fastq/ERR272/006/ERR2726636/ERR2726636.fastq.gz	41e1467ff0dc52c1a2cb3bff2f36df2d	209333514		Meta-analysis of faecal metagenomes reveals global microbial signatures that are specific for colorectal cancer
ERR2726642	PRJEB27928	SAMEA4817965	ERS2637859	CCMD89967135ST-11-0	ERX2740014	NA	SINGLE	WGS	METAGENOMIC	ILLUMINA	Illumina HiSeq 4000	2756762	253465173	ftp.sra.ebi.ac.uk/vol1/fastq/ERR272/002/ERR2726642/ERR2726642.fastq.gz	73449f2f8db6537397195b07806bc50f	180362253		Meta-analysis of faecal metagenomes reveals global microbial signatures that are specific for colorectal cancer
ERR2726644	PRJEB27928	SAMEA4817966	ERS2637860	CCMD92404903ST-11-0	ERX2740016	NA	SINGLE	WGS	METAGENOMIC	ILLUMINA	Illumina HiSeq 2000	1716411	133324990	ftp.sra.ebi.ac.uk/vol1/fastq/ERR272/004/ERR2726644/ERR2726644.fastq.gz	43e6ba66b93727f300c61e6aa7226550	74652601		Meta-analysis of faecal metagenomes reveals global microbial signatures that are specific for colorectal cancer
ERR2726649	PRJEB27928	SAMEA4817968	ERS2637862	CCMD95431029ST-11-0	ERX2740021	NA	SINGLE	WGS	METAGENOMIC	ILLUMINA	Illumina HiSeq 2000	1333996	104586219	ftp.sra.ebi.ac.uk/vol1/fastq/ERR272/009/ERR2726649/ERR2726649.fastq.gz	7a8f6d5e8968ea3270aa52051da27d56	53948873		Meta-analysis of faecal metagenomes reveals global microbial signatures that are specific for colorectal cancer
ERR2726655	PRJEB27928	SAMEA4817969	ERS2637863	CCMD95676152ST-11-0	ERX2740027	NA	SINGLE	WGS	METAGENOMIC	ILLUMINA	Illumina HiSeq 2000	1315230	108797013	ftp.sra.ebi.ac.uk/vol1/fastq/ERR272/005/ERR2726655/ERR2726655.fastq.gz	d2fddf1fd6302588387a951e14a34e22	67208425		Meta-analysis of faecal metagenomes reveals global microbial signatures that are specific for colorectal cancer
ERR2726660	PRJEB27928	SAMEA4817971	ERS2637865	CCMD98531134ST-11-0	ERX2740032	NA	SINGLE	WGS	METAGENOMIC	ILLUMINA	Illumina HiSeq 2000	1475487	123967416	ftp.sra.ebi.ac.uk/vol1/fastq/ERR272/000/ERR2726660/ERR2726660.fastq.gz	3e2f17f88c9067679a2aaa3a0e558144	75560219		Meta-analysis of faecal metagenomes reveals global microbial signatures that are specific for colorectal cancer
ERR2726662	PRJEB27928	SAMEA4817973	ERS2637867	CCMD99440714ST-11-0	ERX2740034	NA	SINGLE	WGS	METAGENOMIC	ILLUMINA	Illumina HiSeq 4000	3011709	284344422	ftp.sra.ebi.ac.uk/vol1/fastq/ERR272/002/ERR2726662/ERR2726662.fastq.gz	9e5cc72912d5f206ccc6f50eb47cdecd	200371677		Meta-analysis of faecal metagenomes reveals global microbial signatures that are specific for colorectal cancer
ERR2726405	PRJEB27928	SAMEA4817894	ERS2637788	CCMD10191450ST-11-0	ERX2739777	NA	PAIRED	WGS	METAGENOMIC	ILLUMINA	Illumina HiSeq 4000	16186344	4106882873	ftp.sra.ebi.ac.uk/vol1/fastq/ERR272/005/ERR2726405/ERR2726405_1.fastq.gz;ftp.sra.ebi.ac.uk/vol1/fastq/ERR272/005/ERR2726405/ERR2726405_2.fastq.gz	2eabeccfd2d7eb45d06a74633031da43;f30060c8bf85fd5660c6b9435a209a7b	1104148409;1116155938		Meta-analysis of faecal metagenomes reveals global microbial signatures that are specific for colorectal cancer
ERR2726409	PRJEB27928	SAMEA4817898	ERS2637792	CCMD18829815ST-11-0	ERX2739781	NA	PAIRED	WGS	METAGENOMIC	ILLUMINA	Illumina HiSeq 4000	15828813	3846940878	ftp.sra.ebi.ac.uk/vol1/fastq/ERR272/009/ERR2726409/ERR2726409_1.fastq.gz;ftp.sra.ebi.ac.uk/vol1/fastq/ERR272/009/ERR2726409/ERR2726409_2.fastq.gz	ed94651e2dbfcb24b4ea50f2fdc21393;e43c5658b786d8286ba752440e358a2d	1111759306;1095388616		Meta-analysis of faecal metagenomes reveals global microbial signatures that are specific for colorectal cancer
ERR2726410	PRJEB27928	SAMEA4817899	ERS2637793	CCMD19168690ST-11-0	ERX2739782	NA	PAIRED	WGS	METAGENOMIC	ILLUMINA	Illumina HiSeq 4000	12128606	2960680085	ftp.sra.ebi.ac.uk/vol1/fastq/ERR272/000/ERR2726410/ERR2726410_1.fastq.gz;ftp.sra.ebi.ac.uk/vol1/fastq/ERR272/000/ERR2726410/ERR2726410_2.fastq.gz	1ffc7de4733fd7625d5979ac11e42c07;b66db973a347d6e46dc1d20f6e6d1576	831808086;830457065		Meta-analysis of faecal metagenomes reveals global microbial signatures that are specific for colorectal cancer
ERR2726412	PRJEB27928	SAMEA4817900	ERS2637794	CCMD21593359ST-11-0	ERX2739784	NA	PAIRED	WGS	METAGENOMIC	ILLUMINA	Illumina HiSeq 2000	8886403	1866853002	ftp.sra.ebi.ac.uk/vol1/fastq/ERR272/002/ERR2726412/ERR2726412_1.fastq.gz;ftp.sra.ebi.ac.uk/vol1/fastq/ERR272/002/ERR2726412/ERR2726412_2.fastq.gz	448188860d28b776fd7e1d20c84c9592;bcc18b3b5e155638b76b6ab3b49eff1a	475350899;473617424		Meta-analysis of faecal metagenomes reveals global microbial signatures that are specific for colorectal cancer
ERR2726416	PRJEB27928	SAMEA4817901	ERS2637795	CCMD21703880ST-11-0	ERX2739788	NA	PAIRED	WGS	METAGENOMIC	ILLUMINA	Illumina HiSeq 2000	9143006	1817945300	ftp.sra.ebi.ac.uk/vol1/fastq/ERR272/006/ERR2726416/ERR2726416_1.fastq.gz;ftp.sra.ebi.ac.uk/vol1/fastq/ERR272/006/ERR2726416/ERR2726416_2.fastq.gz	eead16ea84c62a824c6b8136bec85d58;f0d1e1c4cdaf64d2b6f3064fbbf7cb29	478044903;472699259		Meta-analysis of faecal metagenomes reveals global microbial signatures that are specific for colorectal cancer
ERR2726425	PRJEB27928	SAMEA4817906	ERS2637800	CCMD27463710ST-11-0	ERX2739797	NA	PAIRED	WGS	METAGENOMIC	ILLUMINA	Illumina HiSeq 2000	10967957	2267435398	ftp.sra.ebi.ac.uk/vol1/fastq/ERR272/005/ERR2726425/ERR2726425_1.fastq.gz;ftp.sra.ebi.ac.uk/vol1/fastq/ERR272/005/ERR2726425/ERR2726425_2.fastq.gz	e3f517de99b1fd811d550875a23ce9b2;897bc0705f230172d094346e0e7945fb	583857878;585489912		Meta-analysis of faecal metagenomes reveals global microbial signatures that are specific for colorectal cancer
ERR2726426	PRJEB27928	SAMEA4817906	ERS2637800	CCMD27463710ST-11-0	ERX2739798	NA	PAIRED	WGS	METAGENOMIC	ILLUMINA	Illumina HiSeq 2000	10775213	2200725969	ftp.sra.ebi.ac.uk/vol1/fastq/ERR272/006/ERR2726426/ERR2726426_1.fastq.gz;ftp.sra.ebi.ac.uk/vol1/fastq/ERR272/006/ERR2726426/ERR2726426_2.fastq.gz	b70e37d36f8ce36834320f8eb280f7f4;b014bd8da568ae90b058ef5775c0f59b	569363663;576471652		Meta-analysis of faecal metagenomes reveals global microbial signatures that are specific for colorectal cancer
ERR2726432	PRJEB27928	SAMEA4817912	ERS2637806	CCMD31009081ST-11-0	ERX2739804	NA	PAIRED	WGS	METAGENOMIC	ILLUMINA	Illumina HiSeq 4000	16586324	4086524669	ftp.sra.ebi.ac.uk/vol1/fastq/ERR272/002/ERR2726432/ERR2726432_1.fastq.gz;ftp.sra.ebi.ac.uk/vol1/fastq/ERR272/002/ERR2726432/ERR2726432_2.fastq.gz	d45f7bca999b5e20c660734f09ca1634;439cc9dd16188ec3ad884611b406c30a	1139045789;1156301623		Meta-analysis of faecal metagenomes reveals global microbial signatures that are specific for colorectal cancer
ERR2726436	PRJEB27928	SAMEA4817916	ERS2637810	CCMD35081859ST-11-0	ERX2739808	NA	PAIRED	WGS	METAGENOMIC	ILLUMINA	Illumina HiSeq 4000	18242350	4618560955	ftp.sra.ebi.ac.uk/vol1/fastq/ERR272/006/ERR2726436/ERR2726436_1.fastq.gz;ftp.sra.ebi.ac.uk/vol1/fastq/ERR272/006/ERR2726436/ERR2726436_2.fastq.gz	8aacbd67e1dccf8ed8513b9d062744f3;69419ddcd5850c70b7918d86eccb26ca	1223889380;1247593928		Meta-analysis of faecal metagenomes reveals global microbial signatures that are specific for colorectal cancer
ERR2726439	PRJEB27928	SAMEA4817917	ERS2637811	CCMD35633353ST-11-0	ERX2739811	NA	PAIRED	WGS	METAGENOMIC	ILLUMINA	Illumina HiSeq 2000	9502480	1932823636	ftp.sra.ebi.ac.uk/vol1/fastq/ERR272/009/ERR2726439/ERR2726439_1.fastq.gz;ftp.sra.ebi.ac.uk/vol1/fastq/ERR272/009/ERR2726439/ERR2726439_2.fastq.gz	479f9c30d69f61012d00ec1e09974f9e;8333ff1e38d6ab7ecd3d44209a7855fb	506158990;503197769		Meta-analysis of faecal metagenomes reveals global microbial signatures that are specific for colorectal cancer
ERR2726440	PRJEB27928	SAMEA4817917	ERS2637811	CCMD35633353ST-11-0	ERX2739812	NA	PAIRED	WGS	METAGENOMIC	ILLUMINA	Illumina HiSeq 2000	9320660	1873831875	ftp.sra.ebi.ac.uk/vol1/fastq/ERR272/000/ERR2726440/ERR2726440_1.fastq.gz;ftp.sra.ebi.ac.uk/vol1/fastq/ERR272/000/ERR2726440/ERR2726440_2.fastq.gz	43b99161c1d07d813491e5eedc38e00c;7ba5595b96b458cb01100d4829f84441	492922708;494502660		Meta-analysis of faecal metagenomes reveals global microbial signatures that are specific for colorectal cancer
ERR2726447	PRJEB27928	SAMEA4817924	ERS2637818	CCMD41521570ST-11-0	ERX2739819	NA	PAIRED	WGS	METAGENOMIC	ILLUMINA	Illumina HiSeq 4000	15042787	3709332124	ftp.sra.ebi.ac.uk/vol1/fastq/ERR272/007/ERR2726447/ERR2726447_1.fastq.gz;ftp.sra.ebi.ac.uk/vol1/fastq/ERR272/007/ERR2726447/ERR2726447_2.fastq.gz	ae27b8eb6ade1b980b5979c99404b03c;9e2e6c361da614dd1845ab76276c435d	1036629167;1034196629		Meta-analysis of faecal metagenomes reveals global microbial signatures that are specific for colorectal cancer
ERR2726449	PRJEB27928	SAMEA4817926	ERS2637820	CCMD45004878ST-11-0	ERX2739821	NA	PAIRED	WGS	METAGENOMIC	ILLUMINA	Illumina HiSeq 4000	13783224	3313735334	ftp.sra.ebi.ac.uk/vol1/fastq/ERR272/009/ERR2726449/ERR2726449_1.fastq.gz;ftp.sra.ebi.ac.uk/vol1/fastq/ERR272/009/ERR2726449/ERR2726449_2.fastq.gz	f85664f6cd77866dd369a51d3a2e1ce3;4787bad1c8d354dedcf4eb861b2e9d0b	962965339;955962459		Meta-analysis of faecal metagenomes reveals global microbial signatures that are specific for colorectal cancer
ERR2726450	PRJEB27928	SAMEA4817927	ERS2637821	CCMD45812507ST-11-0	ERX2739822	NA	PAIRED	WGS	METAGENOMIC	ILLUMINA	Illumina HiSeq 4000	15982644	3967505107	ftp.sra.ebi.ac.uk/vol1/fastq/ERR272/000/ERR2726450/ERR2726450_1.fastq.gz;ftp.sra.ebi.ac.uk/vol1/fastq/ERR272/000/ERR2726450/ERR2726450_2.fastq.gz	bf92a5a2a6a74275e452816eb2426706;a358f8a7d040c81cab8b58fd7fc4591f	1102112372;1097095958		Meta-analysis of faecal metagenomes reveals global microbial signatures that are specific for colorectal cancer
ERR2726451	PRJEB27928	SAMEA4817928	ERS2637822	CCMD46727384ST-11-0	ERX2739823	NA	PAIRED	WGS	METAGENOMIC	ILLUMINA	Illumina HiSeq 4000	19504550	4974924152	ftp.sra.ebi.ac.uk/vol1/fastq/ERR272/001/ERR2726451/ERR2726451_1.fastq.gz;ftp.sra.ebi.ac.uk/vol1/fastq/ERR272/001/ERR2726451/ERR2726451_2.fastq.gz	1b8d3df9b325c42e595b63a65ed1ba94;c8d91e98e17a7539f60824654bcfe392	1307921714;1353984339		Meta-analysis of faecal metagenomes reveals global microbial signatures that are specific for colorectal cancer
ERR2726457	PRJEB27928	SAMEA4817931	ERS2637825	CCMD49942357ST-11-0	ERX2739829	NA	PAIRED	WGS	METAGENOMIC	ILLUMINA	Illumina HiSeq 4000	14491094	3562459428	ftp.sra.ebi.ac.uk/vol1/fastq/ERR272/007/ERR2726457/ERR2726457_1.fastq.gz;ftp.sra.ebi.ac.uk/vol1/fastq/ERR272/007/ERR2726457/ERR2726457_2.fastq.gz	cd0e361addc4bfa7712c56e8acc48d41;13593ac390e6be4a40143eb605b90b95	1028391329;1026529218		Meta-analysis of faecal metagenomes reveals global microbial signatures that are specific for colorectal cancer
ERR2726462	PRJEB27928	SAMEA4817936	ERS2637830	CCMD51228890ST-11-0	ERX2739834	NA	PAIRED	WGS	METAGENOMIC	ILLUMINA	Illumina HiSeq 4000	15141969	3743187575	ftp.sra.ebi.ac.uk/vol1/fastq/ERR272/002/ERR2726462/ERR2726462_1.fastq.gz;ftp.sra.ebi.ac.uk/vol1/fastq/ERR272/002/ERR2726462/ERR2726462_2.fastq.gz	a09f95c7cd50fc079e6ab5dab6fd08fa;5533679a5b1e4842ed5aa41d437b370f	1059290073;1035440512		Meta-analysis of faecal metagenomes reveals global microbial signatures that are specific for colorectal cancer
ERR2726470	PRJEB27928	SAMEA4817938	ERS2637832	CCMD52145360ST-11-0	ERX2739842	NA	PAIRED	WGS	METAGENOMIC	ILLUMINA	Illumina HiSeq 2000	9720260	1997271613	ftp.sra.ebi.ac.uk/vol1/fastq/ERR272/000/ERR2726470/ERR2726470_1.fastq.gz;ftp.sra.ebi.ac.uk/vol1/fastq/ERR272/000/ERR2726470/ERR2726470_2.fastq.gz	08ae0e2bebc8304113233ed333215a50;4e4a81bc66d67a0325d7003aa8445fcf	519516186;520085108		Meta-analysis of faecal metagenomes reveals global microbial signatures that are specific for colorectal cancer
ERR2726472	PRJEB27928	SAMEA4817940	ERS2637834	CCMD53522274ST-11-0	ERX2739844	NA	PAIRED	WGS	METAGENOMIC	ILLUMINA	Illumina HiSeq 4000	15156671	3770626092	ftp.sra.ebi.ac.uk/vol1/fastq/ERR272/002/ERR2726472/ERR2726472_1.fastq.gz;ftp.sra.ebi.ac.uk/vol1/fastq/ERR272/002/ERR2726472/ERR2726472_2.fastq.gz	abe38634fc134044887175194a58229d;979dc372a36e75531c9a1f03e5e71c1e	1045690045;1052222991		Meta-analysis of faecal metagenomes reveals global microbial signatures that are specific for colorectal cancer
ERR2726475	PRJEB27928	SAMEA4817943	ERS2637837	CCMD59540613ST-11-0	ERX2739847	NA	PAIRED	WGS	METAGENOMIC	ILLUMINA	Illumina HiSeq 4000	12378637	3029122853	ftp.sra.ebi.ac.uk/vol1/fastq/ERR272/005/ERR2726475/ERR2726475_1.fastq.gz;ftp.sra.ebi.ac.uk/vol1/fastq/ERR272/005/ERR2726475/ERR2726475_2.fastq.gz	b9a9927ce29af489dad6f3da7192f3b4;e14946ddcaf630df88454640d840582d	869265847;864765921		Meta-analysis of faecal metagenomes reveals global microbial signatures that are specific for colorectal cancer
ERR2726489	PRJEB27928	SAMEA4817951	ERS2637845	CCMD71915439ST-11-0	ERX2739861	NA	PAIRED	WGS	METAGENOMIC	ILLUMINA	Illumina HiSeq 2000	8883501	1842684356	ftp.sra.ebi.ac.uk/vol1/fastq/ERR272/009/ERR2726489/ERR2726489_1.fastq.gz;ftp.sra.ebi.ac.uk/vol1/fastq/ERR272/009/ERR2726489/ERR2726489_2.fastq.gz	2e2a66cc157e96bb2487f3b4cb0e8bce;9b80f7bf09b781043da18b11a175683e	480276125;474994319		Meta-analysis of faecal metagenomes reveals global microbial signatures that are specific for colorectal cancer
ERR2726495	PRJEB27928	SAMEA4817953	ERS2637847	CCMD72690923ST-11-0	ERX2739867	NA	PAIRED	WGS	METAGENOMIC	ILLUMINA	Illumina HiSeq 2000	8286739	1660639856	ftp.sra.ebi.ac.uk/vol1/fastq/ERR272/005/ERR2726495/ERR2726495_1.fastq.gz;ftp.sra.ebi.ac.uk/vol1/fastq/ERR272/005/ERR2726495/ERR2726495_2.fastq.gz	cf91db6ae32d1b5df7e185810e7135e9;09d5c5ea7d35f6ab76f1360d8f1ed5f6	440097448;446656169		Meta-analysis of faecal metagenomes reveals global microbial signatures that are specific for colorectal cancer
ERR2726497	PRJEB27928	SAMEA4817953	ERS2637847	CCMD72690923ST-11-0	ERX2739869	NA	PAIRED	WGS	METAGENOMIC	ILLUMINA	Illumina HiSeq 2000	8104934	1601528298	ftp.sra.ebi.ac.uk/vol1/fastq/ERR272/007/ERR2726497/ERR2726497_1.fastq.gz;ftp.sra.ebi.ac.uk/vol1/fastq/ERR272/007/ERR2726497/ERR2726497_2.fastq.gz	02a6287cfb1c444a4194e50b5ec3314a;bc4d9e76f1b0604826799e1d6eca1af9	425040817;437258228		Meta-analysis of faecal metagenomes reveals global microbial signatures that are specific for colorectal cancer
ERR2726503	PRJEB27928	SAMEA4817959	ERS2637853	CCMD79349503ST-11-0	ERX2739875	NA	PAIRED	WGS	METAGENOMIC	ILLUMINA	Illumina HiSeq 4000	10044518	2444119321	ftp.sra.ebi.ac.uk/vol1/fastq/ERR272/003/ERR2726503/ERR2726503_1.fastq.gz;ftp.sra.ebi.ac.uk/vol1/fastq/ERR272/003/ERR2726503/ERR2726503_2.fastq.gz	7d9bfb88ed48bc22fd16b3cf1b98a2ba;b8016c0d75cf842b386db2a2ccb8a771	688240162;686953008		Meta-analysis of faecal metagenomes reveals global microbial signatures that are specific for colorectal cancer
ERR2726505	PRJEB27928	SAMEA4817961	ERS2637855	CCMD85661207ST-11-0	ERX2739877	NA	PAIRED	WGS	METAGENOMIC	ILLUMINA	Illumina HiSeq 4000	15372045	3751095674	ftp.sra.ebi.ac.uk/vol1/fastq/ERR272/005/ERR2726505/ERR2726505_1.fastq.gz;ftp.sra.ebi.ac.uk/vol1/fastq/ERR272/005/ERR2726505/ERR2726505_2.fastq.gz	cb532797c19dcf546f9f245d12a6ab15;7c021201c9462413bb8c26fd923ed753	1067991090;1058149701		Meta-analysis of faecal metagenomes reveals global microbial signatures that are specific for colorectal cancer
ERR2726506	PRJEB27928	SAMEA4817962	ERS2637856	CCMD89107682ST-11-0	ERX2739878	NA	PAIRED	WGS	METAGENOMIC	ILLUMINA	Illumina HiSeq 4000	20088157	4859172597	ftp.sra.ebi.ac.uk/vol1/fastq/ERR272/006/ERR2726506/ERR2726506_1.fastq.gz;ftp.sra.ebi.ac.uk/vol1/fastq/ERR272/006/ERR2726506/ERR2726506_2.fastq.gz	ed8d74321209fb7fed760ec9cad9b707;d7d551f5baa9b5faea190a634431bd5c	1395313603;1386817909		Meta-analysis of faecal metagenomes reveals global microbial signatures that are specific for colorectal cancer
ERR2726507	PRJEB27928	SAMEA4817963	ERS2637857	CCMD89306485ST-11-0	ERX2739879	NA	PAIRED	WGS	METAGENOMIC	ILLUMINA	Illumina HiSeq 2000	8079018	1658973849	ftp.sra.ebi.ac.uk/vol1/fastq/ERR272/007/ERR2726507/ERR2726507_1.fastq.gz;ftp.sra.ebi.ac.uk/vol1/fastq/ERR272/007/ERR2726507/ERR2726507_2.fastq.gz	9c30bab0c9a71880c162071730c3b215;05224333506c3bf81fa2371526f04eca	431079457;427060780		Meta-analysis of faecal metagenomes reveals global microbial signatures that are specific for colorectal cancer
ERR2726508	PRJEB27928	SAMEA4817963	ERS2637857	CCMD89306485ST-11-0	ERX2739880	NA	PAIRED	WGS	METAGENOMIC	ILLUMINA	Illumina HiSeq 2000	7970647	1647242860	ftp.sra.ebi.ac.uk/vol1/fastq/ERR272/008/ERR2726508/ERR2726508_1.fastq.gz;ftp.sra.ebi.ac.uk/vol1/fastq/ERR272/008/ERR2726508/ERR2726508_2.fastq.gz	c856e6d3b2cb5ff9c0e42ef8dbc379ca;37dd57fcaf399a3603781b82564b210f	428041024;429743906		Meta-analysis of faecal metagenomes reveals global microbial signatures that are specific for colorectal cancer
ERR2726513	PRJEB27928	SAMEA4817966	ERS2637860	CCMD92404903ST-11-0	ERX2739885	NA	PAIRED	WGS	METAGENOMIC	ILLUMINA	Illumina HiSeq 2000	8629571	1850243552	ftp.sra.ebi.ac.uk/vol1/fastq/ERR272/003/ERR2726513/ERR2726513_1.fastq.gz;ftp.sra.ebi.ac.uk/vol1/fastq/ERR272/003/ERR2726513/ERR2726513_2.fastq.gz	5bed458bcc253b747c8285e3f9935c8a;7761f484409860d227f2afe75a48d54f	474229810;468612369		Meta-analysis of faecal metagenomes reveals global microbial signatures that are specific for colorectal cancer
ERR2726526	PRJEB27928	SAMEA4817970	ERS2637864	CCMD98198513ST-11-0	ERX2739898	NA	PAIRED	WGS	METAGENOMIC	ILLUMINA	Illumina HiSeq 4000	8041043	2014390240	ftp.sra.ebi.ac.uk/vol1/fastq/ERR272/006/ERR2726526/ERR2726526_1.fastq.gz;ftp.sra.ebi.ac.uk/vol1/fastq/ERR272/006/ERR2726526/ERR2726526_2.fastq.gz	3a852f0d028ef8700626e6fd6b6a1aa0;50002285d2725b5637217c28b3d9f772	556468955;557897265		Meta-analysis of faecal metagenomes reveals global microbial signatures that are specific for colorectal cancer
ERR2726530	PRJEB27928	SAMEA4817971	ERS2637865	CCMD98531134ST-11-0	ERX2739902	NA	PAIRED	WGS	METAGENOMIC	ILLUMINA	Illumina HiSeq 2000	9583576	1968660625	ftp.sra.ebi.ac.uk/vol1/fastq/ERR272/000/ERR2726530/ERR2726530_1.fastq.gz;ftp.sra.ebi.ac.uk/vol1/fastq/ERR272/000/ERR2726530/ERR2726530_2.fastq.gz	c2c998a7e93cc3f4f1b8c056c2c9605b;df8fc3e65e912e5fea76f851a1a7caa9	511962073;513574241		Meta-analysis of faecal metagenomes reveals global microbial signatures that are specific for colorectal cancer
ERR2726534	PRJEB27928	SAMEA4817893	ERS2637787	CCMD10032470ST-11-0	ERX2739906	NA	SINGLE	WGS	METAGENOMIC	ILLUMINA	Illumina HiSeq 4000	2379837	220621422	ftp.sra.ebi.ac.uk/vol1/fastq/ERR272/004/ERR2726534/ERR2726534.fastq.gz	66329c68028b3f3e80aa3fb79c64f934	157157116		Meta-analysis of faecal metagenomes reveals global microbial signatures that are specific for colorectal cancer
ERR2726539	PRJEB27928	SAMEA4817898	ERS2637792	CCMD18829815ST-11-0	ERX2739911	NA	SINGLE	WGS	METAGENOMIC	ILLUMINA	Illumina HiSeq 4000	2778278	257050098	ftp.sra.ebi.ac.uk/vol1/fastq/ERR272/009/ERR2726539/ERR2726539.fastq.gz	9524d9d556d7c6077bbfd5d5dc2ee2d0	182458501		Meta-analysis of faecal metagenomes reveals global microbial signatures that are specific for colorectal cancer
ERR2726551	PRJEB27928	SAMEA4817904	ERS2637798	CCMD25475945ST-11-0	ERX2739923	NA	SINGLE	WGS	METAGENOMIC	ILLUMINA	Illumina HiSeq 4000	2474203	229521241	ftp.sra.ebi.ac.uk/vol1/fastq/ERR272/001/ERR2726551/ERR2726551.fastq.gz	faf7c9d76446eccc1e3cf0c6ede99cc6	161671927		Meta-analysis of faecal metagenomes reveals global microbial signatures that are specific for colorectal cancer
ERR2726555	PRJEB27928	SAMEA4817906	ERS2637800	CCMD27463710ST-11-0	ERX2739927	NA	SINGLE	WGS	METAGENOMIC	ILLUMINA	Illumina HiSeq 2000	1366358	112951969	ftp.sra.ebi.ac.uk/vol1/fastq/ERR272/005/ERR2726555/ERR2726555.fastq.gz	ef6e2238d7dfaba5028c242335defb23	69749171		Meta-analysis of faecal metagenomes reveals global microbial signatures that are specific for colorectal cancer
ERR2726556	PRJEB27928	SAMEA4817906	ERS2637800	CCMD27463710ST-11-0	ERX2739928	NA	SINGLE	WGS	METAGENOMIC	ILLUMINA	Illumina HiSeq 2000	1465702	121607166	ftp.sra.ebi.ac.uk/vol1/fastq/ERR272/006/ERR2726556/ERR2726556.fastq.gz	3f0aee0f489572d5520347f64667a1ba	74740256		Meta-analysis of faecal metagenomes reveals global microbial signatures that are specific for colorectal cancer
ERR2726557	PRJEB27928	SAMEA4817907	ERS2637801	CCMD27867141ST-11-0	ERX2739929	NA	SINGLE	WGS	METAGENOMIC	ILLUMINA	Illumina HiSeq 4000	3404638	321262404	ftp.sra.ebi.ac.uk/vol1/fastq/ERR272/007/ERR2726557/ERR2726557.fastq.gz	b002849035d06510b4ada97fa3c28085	224886229		Meta-analysis of faecal metagenomes reveals global microbial signatures that are specific for colorectal cancer
ERR2726581	PRJEB27928	SAMEA4817928	ERS2637822	CCMD46727384ST-11-0	ERX2739953	NA	SINGLE	WGS	METAGENOMIC	ILLUMINA	Illumina HiSeq 4000	3383924	335882328	ftp.sra.ebi.ac.uk/vol1/fastq/ERR272/001/ERR2726581/ERR2726581.fastq.gz	eb6cdcefcfdc37ba95859c4556c38fad	228701926		Meta-analysis of faecal metagenomes reveals global microbial signatures that are specific for colorectal cancer
ERR2726582	PRJEB27928	SAMEA4817929	ERS2637823	CCMD49025643ST-11-0	ERX2739954	NA	SINGLE	WGS	METAGENOMIC	ILLUMINA	Illumina HiSeq 4000	3658855	366544738	ftp.sra.ebi.ac.uk/vol1/fastq/ERR272/002/ERR2726582/ERR2726582.fastq.gz	3045dcf19c3dde81bf62b87efefac70c	248504261		Meta-analysis of faecal metagenomes reveals global microbial signatures that are specific for colorectal cancer
ERR2726588	PRJEB27928	SAMEA4817932	ERS2637826	CCMD50300306ST-11-0	ERX2739960	NA	SINGLE	WGS	METAGENOMIC	ILLUMINA	Illumina HiSeq 4000	2597182	242866714	ftp.sra.ebi.ac.uk/vol1/fastq/ERR272/008/ERR2726588/ERR2726588.fastq.gz	8b024489081bd132f5bbb842ed77e2ca	171489548		Meta-analysis of faecal metagenomes reveals global microbial signatures that are specific for colorectal cancer
ERR2726598	PRJEB27928	SAMEA4817938	ERS2637832	CCMD52145360ST-11-0	ERX2739970	NA	SINGLE	WGS	METAGENOMIC	ILLUMINA	Illumina HiSeq 2000	1288273	107287286	ftp.sra.ebi.ac.uk/vol1/fastq/ERR272/008/ERR2726598/ERR2726598.fastq.gz	93f7c7c9e6aa3766ecd135e6b9b92315	66238013		Meta-analysis of faecal metagenomes reveals global microbial signatures that are specific for colorectal cancer
ERR2726599	PRJEB27928	SAMEA4817938	ERS2637832	CCMD52145360ST-11-0	ERX2739971	NA	SINGLE	WGS	METAGENOMIC	ILLUMINA	Illumina HiSeq 2000	1290948	107695065	ftp.sra.ebi.ac.uk/vol1/fastq/ERR272/009/ERR2726599/ERR2726599.fastq.gz	b68f591aa5434450356bb34ed9fc892d	66442512		Meta-analysis of faecal metagenomes reveals global microbial signatures that are specific for colorectal cancer
ERR2726611	PRJEB27928	SAMEA4817945	ERS2637839	CCMD65222621ST-11-0	ERX2739983	NA	SINGLE	WGS	METAGENOMIC	ILLUMINA	Illumina HiSeq 2000	1664272	133075359	ftp.sra.ebi.ac.uk/vol1/fastq/ERR272/001/ERR2726611/ERR2726611.fastq.gz	ba6fb3daec169e054ea16c4e7be2ba10	83634589		Meta-analysis of faecal metagenomes reveals global microbial signatures that are specific for colorectal cancer
ERR2726619	PRJEB27928	SAMEA4817951	ERS2637845	CCMD71915439ST-11-0	ERX2739991	NA	SINGLE	WGS	METAGENOMIC	ILLUMINA	Illumina HiSeq 2000	1414532	117749041	ftp.sra.ebi.ac.uk/vol1/fastq/ERR272/009/ERR2726619/ERR2726619.fastq.gz	bc042760e73c56399c503b743013942e	72413123		Meta-analysis of faecal metagenomes reveals global microbial signatures that are specific for colorectal cancer
ERR2726624	PRJEB27928	SAMEA4817953	ERS2637847	CCMD72690923ST-11-0	ERX2739996	NA	SINGLE	WGS	METAGENOMIC	ILLUMINA	Illumina HiSeq 2000	1508394	124817470	ftp.sra.ebi.ac.uk/vol1/fastq/ERR272/004/ERR2726624/ERR2726624.fastq.gz	bd37ac7c03fe2776c9141b11fb96ea38	77614101		Meta-analysis of faecal metagenomes reveals global microbial signatures that are specific for colorectal cancer
ERR2726625	PRJEB27928	SAMEA4817953	ERS2637847	CCMD72690923ST-11-0	ERX2739997	NA	SINGLE	WGS	METAGENOMIC	ILLUMINA	Illumina HiSeq 2000	1656913	138461160	ftp.sra.ebi.ac.uk/vol1/fastq/ERR272/005/ERR2726625/ERR2726625.fastq.gz	a2a4c099aff148ada1283530394a85f1	85281002		Meta-analysis of faecal metagenomes reveals global microbial signatures that are specific for colorectal cancer
ERR2726631	PRJEB27928	SAMEA4817957	ERS2637851	CCMD76222476ST-11-0	ERX2740003	NA	SINGLE	WGS	METAGENOMIC	ILLUMINA	Illumina HiSeq 4000	2113518	211855360	ftp.sra.ebi.ac.uk/vol1/fastq/ERR272/001/ERR2726631/ERR2726631.fastq.gz	25e95ecf009be0ccdcaeb6d2d7e3257d	142842339		Meta-analysis of faecal metagenomes reveals global microbial signatures that are specific for colorectal cancer
ERR2726633	PRJEB27928	SAMEA4817959	ERS2637853	CCMD79349503ST-11-0	ERX2740005	NA	SINGLE	WGS	METAGENOMIC	ILLUMINA	Illumina HiSeq 4000	2081878	205706986	ftp.sra.ebi.ac.uk/vol1/fastq/ERR272/003/ERR2726633/ERR2726633.fastq.gz	3cdaa7e4e1bf82169feee8c1ce81c910	139483134		Meta-analysis of faecal metagenomes reveals global microbial signatures that are specific for colorectal cancer
ERR2726637	PRJEB27928	SAMEA4817963	ERS2637857	CCMD89306485ST-11-0	ERX2740009	NA	SINGLE	WGS	METAGENOMIC	ILLUMINA	Illumina HiSeq 2000	1731127	135541995	ftp.sra.ebi.ac.uk/vol1/fastq/ERR272/007/ERR2726637/ERR2726637.fastq.gz	24069174c52d331925350321a70a20e9	73527503		Meta-analysis of faecal metagenomes reveals global microbial signatures that are specific for colorectal cancer
ERR2726663	PRJEB27928	SAMEA4817974	ERS2637868	CCMD99929634ST-11-0	ERX2740035	NA	SINGLE	WGS	METAGENOMIC	ILLUMINA	Illumina HiSeq 4000	2668765	244092781	ftp.sra.ebi.ac.uk/vol1/fastq/ERR272/003/ERR2726663/ERR2726663.fastq.gz	7d354ef1d05e9c25b7bf0b46467ef8ca	174537436		Meta-analysis of faecal metagenomes reveals global microbial signatures that are specific for colorectal cancer
