votu_id	reference_id	biological_sample_id	group	detection_value	abundance_rpkm	detection_valid	abundance_valid	detection_missing_reason	abundance_missing_reason	measurement_status	detection_status
votu_011487de8532cdaf28fd	target_66ea25a1e990cdf949b8	SID31160	control	0	0.0015414315326929477	true	true			assessed	not_detected
votu_011487de8532cdaf28fd	target_66ea25a1e990cdf949b8	SID31512	control	0	0.0	true	true			assessed	not_detected
votu_011487de8532cdaf28fd	target_66ea25a1e990cdf949b8	SID31866	CRC	0	0.0	true	true			assessed	not_detected
votu_011487de8532cdaf28fd	target_66ea25a1e990cdf949b8	SID530295	control	1	1.970728313478335	true	true			assessed	detected
votu_011487de8532cdaf28fd	target_66ea25a1e990cdf949b8	SID530368	control	0	0.0017975279596820829	true	true			assessed	not_detected
votu_011487de8532cdaf28fd	target_66ea25a1e990cdf949b8	SID530373	CRC	0	0.0	true	true			assessed	not_detected
votu_011487de8532cdaf28fd	target_66ea25a1e990cdf949b8	SID531248	CRC	0	0.0	true	true			assessed	not_detected
votu_011487de8532cdaf28fd	target_66ea25a1e990cdf949b8	SID531361	CRC	0	0.0	true	true			assessed	not_detected
votu_011487de8532cdaf28fd	target_66ea25a1e990cdf949b8	SID531469	CRC	0	0.0	true	true			assessed	not_detected
votu_011487de8532cdaf28fd	target_66ea25a1e990cdf949b8	SID532796	control	0	0.0	true	true			assessed	not_detected
votu_01295f2763cffaa11197	target_cb5fc62d0ae0d18f0b7d	SID31160	control	0	0.3727384485917466	true	true			assessed	not_detected
votu_01295f2763cffaa11197	target_cb5fc62d0ae0d18f0b7d	SID31512	control	0	0.0	true	true			assessed	not_detected
votu_01295f2763cffaa11197	target_cb5fc62d0ae0d18f0b7d	SID31866	CRC	1	9.735409979493573	true	true			assessed	detected
votu_01295f2763cffaa11197	target_cb5fc62d0ae0d18f0b7d	SID530295	control		1.6414273306701928	false	true	detection_status_not_detected_at_resolved_signal		assessed	not_detected_at_resolved_signal
votu_01295f2763cffaa11197	target_cb5fc62d0ae0d18f0b7d	SID530368	control	0	0.029256361210290908	true	true			assessed	not_detected
votu_01295f2763cffaa11197	target_cb5fc62d0ae0d18f0b7d	SID530373	CRC	0	2.4745747501413837	true	true			assessed	not_detected
votu_01295f2763cffaa11197	target_cb5fc62d0ae0d18f0b7d	SID531248	CRC	0	0.05200932787048024	true	true			assessed	not_detected
votu_01295f2763cffaa11197	target_cb5fc62d0ae0d18f0b7d	SID531361	CRC	0	0.15858106165448504	true	true			assessed	not_detected
votu_01295f2763cffaa11197	target_cb5fc62d0ae0d18f0b7d	SID531469	CRC	0	0.027945549656749752	true	true			assessed	not_detected
votu_01295f2763cffaa11197	target_cb5fc62d0ae0d18f0b7d	SID532796	control	0	0.027749707588238484	true	true			assessed	not_detected
votu_025b2fbb38fd3037238f	target_2457eda4bc94e1c7986f	SID31160	control	0	0.18041166872417166	true	true			assessed	not_detected
votu_025b2fbb38fd3037238f	target_2457eda4bc94e1c7986f	SID31512	control	0	0.001854870548422681	true	true			assessed	not_detected
votu_025b2fbb38fd3037238f	target_2457eda4bc94e1c7986f	SID31866	CRC	0	0.029681333274434986	true	true			assessed	not_detected
votu_025b2fbb38fd3037238f	target_2457eda4bc94e1c7986f	SID530295	control	1	6.899094692130864	true	true			assessed	detected
votu_025b2fbb38fd3037238f	target_2457eda4bc94e1c7986f	SID530368	control	0	0.008587167900891762	true	true			assessed	not_detected
votu_025b2fbb38fd3037238f	target_2457eda4bc94e1c7986f	SID530373	CRC	0	0.0	true	true			assessed	not_detected
votu_025b2fbb38fd3037238f	target_2457eda4bc94e1c7986f	SID531248	CRC	0	0.06827068521745283	true	true			assessed	not_detected
votu_025b2fbb38fd3037238f	target_2457eda4bc94e1c7986f	SID531361	CRC	0	0.0	true	true			assessed	not_detected
votu_025b2fbb38fd3037238f	target_2457eda4bc94e1c7986f	SID531469	CRC	0	0.0	true	true			assessed	not_detected
votu_025b2fbb38fd3037238f	target_2457eda4bc94e1c7986f	SID532796	control	0	0.0	true	true			assessed	not_detected
votu_0265981852b1a695c65a	target_adabb5403bee053d1511	SID31160	control	1	18.246723424499216	true	true			assessed	detected
votu_0265981852b1a695c65a	target_adabb5403bee053d1511	SID31512	control	1	0.560741477484962	true	true			assessed	detected
votu_0265981852b1a695c65a	target_adabb5403bee053d1511	SID31866	CRC	1	0.6796610263600076	true	true			assessed	detected
votu_0265981852b1a695c65a	target_adabb5403bee053d1511	SID530295	control	1	1.3742791678494455	true	true			assessed	detected
votu_0265981852b1a695c65a	target_adabb5403bee053d1511	SID530368	control	0	0.000865322060750125	true	true			assessed	not_detected
votu_0265981852b1a695c65a	target_adabb5403bee053d1511	SID530373	CRC	1	2.1048705033480464	true	true			assessed	detected
votu_0265981852b1a695c65a	target_adabb5403bee053d1511	SID531248	CRC	1	0.4510613222170727	true	true			assessed	detected
votu_0265981852b1a695c65a	target_adabb5403bee053d1511	SID531361	CRC	0	0.04815465207125422	true	true			assessed	not_detected
votu_0265981852b1a695c65a	target_adabb5403bee053d1511	SID531469	CRC	1	0.9792573502555018	true	true			assessed	detected
votu_0265981852b1a695c65a	target_adabb5403bee053d1511	SID532796	control	1	0.9293048570566985	true	true			assessed	detected
votu_0297babf55283d516960	target_85325c70793e619ea229	SID31160	control	0	0.0	true	true			assessed	not_detected
votu_0297babf55283d516960	target_85325c70793e619ea229	SID31512	control	0	0.0	true	true			assessed	not_detected
votu_0297babf55283d516960	target_85325c70793e619ea229	SID31866	CRC		0.0	false	true	detection_status_not_resolvable		assessed	not_resolvable
votu_0297babf55283d516960	target_85325c70793e619ea229	SID530295	control	0	0.0	true	true			assessed	not_detected
votu_0297babf55283d516960	target_85325c70793e619ea229	SID530368	control	0	0.0	true	true			assessed	not_detected
votu_0297babf55283d516960	target_85325c70793e619ea229	SID530373	CRC	0	0.0	true	true			assessed	not_detected
votu_0297babf55283d516960	target_85325c70793e619ea229	SID531248	CRC		0.0	false	true	detection_status_not_resolvable		assessed	not_resolvable
votu_0297babf55283d516960	target_85325c70793e619ea229	SID531361	CRC	0	0.0	true	true			assessed	not_detected
votu_0297babf55283d516960	target_85325c70793e619ea229	SID531469	CRC		0.0	false	true	detection_status_not_resolvable		assessed	not_resolvable
votu_0297babf55283d516960	target_85325c70793e619ea229	SID532796	control	0	0.0	true	true			assessed	not_detected
votu_02d0c5ebc48a57874e6c	target_c20bac99592e3b3a3924	SID31160	control	0	0.0	true	true			assessed	not_detected
votu_02d0c5ebc48a57874e6c	target_c20bac99592e3b3a3924	SID31512	control		0.0	false	true	detection_status_not_resolvable		assessed	not_resolvable
votu_02d0c5ebc48a57874e6c	target_c20bac99592e3b3a3924	SID31866	CRC	0	0.005448042093770155	true	true			assessed	not_detected
votu_02d0c5ebc48a57874e6c	target_c20bac99592e3b3a3924	SID530295	control	0	0.0	true	true			assessed	not_detected
votu_02d0c5ebc48a57874e6c	target_c20bac99592e3b3a3924	SID530368	control	1	5.064280229520532	true	true			assessed	detected
votu_02d0c5ebc48a57874e6c	target_c20bac99592e3b3a3924	SID530373	CRC	0	0.0	true	true			assessed	not_detected
votu_02d0c5ebc48a57874e6c	target_c20bac99592e3b3a3924	SID531248	CRC	0	0.02173884022091744	true	true			assessed	not_detected
votu_02d0c5ebc48a57874e6c	target_c20bac99592e3b3a3924	SID531361	CRC	0	0.015349899123969642	true	true			assessed	not_detected
votu_02d0c5ebc48a57874e6c	target_c20bac99592e3b3a3924	SID531469	CRC	0	0.023515034694495278	true	true			assessed	not_detected
votu_02d0c5ebc48a57874e6c	target_c20bac99592e3b3a3924	SID532796	control	0	0.0013735436247284305	true	true			assessed	not_detected
votu_0334bfe34a2a0e21910d	target_0b0b4cc81f68fe21b9bf	SID31160	control	0	0.0024647076125575325	true	true			assessed	not_detected
votu_0334bfe34a2a0e21910d	target_0b0b4cc81f68fe21b9bf	SID31512	control	0	0.7313508378769319	true	true			assessed	not_detected
votu_0334bfe34a2a0e21910d	target_0b0b4cc81f68fe21b9bf	SID31866	CRC	0	0.10975364763420313	true	true			assessed	not_detected
votu_0334bfe34a2a0e21910d	target_0b0b4cc81f68fe21b9bf	SID530295	control	0	0.1372304640273034	true	true			assessed	not_detected
votu_0334bfe34a2a0e21910d	target_0b0b4cc81f68fe21b9bf	SID530368	control	1	3.0337169597131206	true	true			assessed	detected
votu_0334bfe34a2a0e21910d	target_0b0b4cc81f68fe21b9bf	SID530373	CRC	0	0.13655998721700197	true	true			assessed	not_detected
votu_0334bfe34a2a0e21910d	target_0b0b4cc81f68fe21b9bf	SID531248	CRC	0	0.1351176867564241	true	true			assessed	not_detected
votu_0334bfe34a2a0e21910d	target_0b0b4cc81f68fe21b9bf	SID531361	CRC	0	0.10541990406887265	true	true			assessed	not_detected
votu_0334bfe34a2a0e21910d	target_0b0b4cc81f68fe21b9bf	SID531469	CRC	0	0.03723479094018686	true	true			assessed	not_detected
votu_0334bfe34a2a0e21910d	target_0b0b4cc81f68fe21b9bf	SID532796	control	0	0.1979890031344359	true	true			assessed	not_detected
votu_0346bca9db701fd5c23f	target_c783393a9dae56f00184	SID31160	control	0	0.0	true	true			assessed	not_detected
votu_0346bca9db701fd5c23f	target_c783393a9dae56f00184	SID31512	control	0	0.0	true	true			assessed	not_detected
votu_0346bca9db701fd5c23f	target_c783393a9dae56f00184	SID31866	CRC	0	0.0	true	true			assessed	not_detected
votu_0346bca9db701fd5c23f	target_c783393a9dae56f00184	SID530295	control	1	3.680361069273304	true	true			assessed	detected
votu_0346bca9db701fd5c23f	target_c783393a9dae56f00184	SID530368	control	0	0.0	true	true			assessed	not_detected
votu_0346bca9db701fd5c23f	target_c783393a9dae56f00184	SID530373	CRC	0	0.0	true	true			assessed	not_detected
votu_0346bca9db701fd5c23f	target_c783393a9dae56f00184	SID531248	CRC	0	0.0	true	true			assessed	not_detected
votu_0346bca9db701fd5c23f	target_c783393a9dae56f00184	SID531361	CRC	0	0.0	true	true			assessed	not_detected
votu_0346bca9db701fd5c23f	target_c783393a9dae56f00184	SID531469	CRC	0	0.0	true	true			assessed	not_detected
votu_0346bca9db701fd5c23f	target_c783393a9dae56f00184	SID532796	control	0	0.0	true	true			assessed	not_detected
votu_0423aa4bc50c4d4be42b	target_d940e59d6747faa8f627	SID31160	control	0	0.0	true	true			assessed	not_detected
votu_0423aa4bc50c4d4be42b	target_d940e59d6747faa8f627	SID31512	control		0.0	false	true	detection_status_not_resolvable		assessed	not_resolvable
votu_0423aa4bc50c4d4be42b	target_d940e59d6747faa8f627	SID31866	CRC		0.0030970270725196166	false	true	detection_status_not_detected_at_resolved_signal		assessed	not_detected_at_resolved_signal
votu_0423aa4bc50c4d4be42b	target_d940e59d6747faa8f627	SID530295	control	0	0.0	true	true			assessed	not_detected
votu_0423aa4bc50c4d4be42b	target_d940e59d6747faa8f627	SID530368	control		0.0	false	true	detection_status_not_resolvable		assessed	not_resolvable
votu_0423aa4bc50c4d4be42b	target_d940e59d6747faa8f627	SID530373	CRC		0.0	false	true	detection_status_not_resolvable		assessed	not_resolvable
votu_0423aa4bc50c4d4be42b	target_d940e59d6747faa8f627	SID531248	CRC	0	0.0	true	true			assessed	not_detected
votu_0423aa4bc50c4d4be42b	target_d940e59d6747faa8f627	SID531361	CRC		0.0	false	true	detection_status_not_resolvable		assessed	not_resolvable
votu_0423aa4bc50c4d4be42b	target_d940e59d6747faa8f627	SID531469	CRC		0.0	false	true	detection_status_not_resolvable		assessed	not_resolvable
votu_0423aa4bc50c4d4be42b	target_d940e59d6747faa8f627	SID532796	control		0.00048800809055043575	false	true	detection_status_not_detected_at_resolved_signal		assessed	not_detected_at_resolved_signal
votu_05adc84c1f6bc545db3a	target_020fff28a60fd639560b	SID31160	control	0	0.0009319123849144329	true	true			assessed	not_detected
votu_05adc84c1f6bc545db3a	target_020fff28a60fd639560b	SID31512	control	0	0.0	true	true			assessed	not_detected
votu_05adc84c1f6bc545db3a	target_020fff28a60fd639560b	SID31866	CRC	0	0.0	true	true			assessed	not_detected
votu_05adc84c1f6bc545db3a	target_020fff28a60fd639560b	SID530295	control	1	7.682426164840908	true	true			assessed	detected
votu_05adc84c1f6bc545db3a	target_020fff28a60fd639560b	SID530368	control	0	0.007607194822671205	true	true			assessed	not_detected
votu_05adc84c1f6bc545db3a	target_020fff28a60fd639560b	SID530373	CRC	0	0.0	true	true			assessed	not_detected
votu_05adc84c1f6bc545db3a	target_020fff28a60fd639560b	SID531248	CRC	0	0.0	true	true			assessed	not_detected
votu_05adc84c1f6bc545db3a	target_020fff28a60fd639560b	SID531361	CRC	0	0.0	true	true			assessed	not_detected
votu_05adc84c1f6bc545db3a	target_020fff28a60fd639560b	SID531469	CRC	0	0.0	true	true			assessed	not_detected
votu_05adc84c1f6bc545db3a	target_020fff28a60fd639560b	SID532796	control	0	0.0	true	true			assessed	not_detected
votu_05f4050ef5b53c980d93	target_885f24cf3ca1c326bfe1	SID31160	control	0	0.0	true	true			assessed	not_detected
votu_05f4050ef5b53c980d93	target_885f24cf3ca1c326bfe1	SID31512	control		0.0	false	true	detection_status_not_resolvable		assessed	not_resolvable
votu_05f4050ef5b53c980d93	target_885f24cf3ca1c326bfe1	SID31866	CRC		0.0	false	true	detection_status_not_resolvable		assessed	not_resolvable
votu_05f4050ef5b53c980d93	target_885f24cf3ca1c326bfe1	SID530295	control	0	0.0	true	true			assessed	not_detected
votu_05f4050ef5b53c980d93	target_885f24cf3ca1c326bfe1	SID530368	control		0.0	false	true	detection_status_not_resolvable		assessed	not_resolvable
votu_05f4050ef5b53c980d93	target_885f24cf3ca1c326bfe1	SID530373	CRC		0.0	false	true	detection_status_not_resolvable		assessed	not_resolvable
votu_05f4050ef5b53c980d93	target_885f24cf3ca1c326bfe1	SID531248	CRC	0	0.0	true	true			assessed	not_detected
votu_05f4050ef5b53c980d93	target_885f24cf3ca1c326bfe1	SID531361	CRC	0	0.0	true	true			assessed	not_detected
votu_05f4050ef5b53c980d93	target_885f24cf3ca1c326bfe1	SID531469	CRC		0.0	false	true	detection_status_not_resolvable		assessed	not_resolvable
votu_05f4050ef5b53c980d93	target_885f24cf3ca1c326bfe1	SID532796	control		0.0	false	true	detection_status_not_resolvable		assessed	not_resolvable
votu_0667f690fe6586a6b734	target_c4e9360c5267a005f643	SID31160	control	1	11.329794555230128	true	true			assessed	detected
votu_0667f690fe6586a6b734	target_c4e9360c5267a005f643	SID31512	control	0	0.0	true	true			assessed	not_detected
votu_0667f690fe6586a6b734	target_c4e9360c5267a005f643	SID31866	CRC	0	0.014655435584690032	true	true			assessed	not_detected
votu_0667f690fe6586a6b734	target_c4e9360c5267a005f643	SID530295	control	0	0.04057020814090996	true	true			assessed	not_detected
votu_0667f690fe6586a6b734	target_c4e9360c5267a005f643	SID530368	control	0	0.0	true	true			assessed	not_detected
votu_0667f690fe6586a6b734	target_c4e9360c5267a005f643	SID530373	CRC	0	0.002781390752677995	true	true			assessed	not_detected
votu_0667f690fe6586a6b734	target_c4e9360c5267a005f643	SID531248	CRC	0	0.0	true	true			assessed	not_detected
votu_0667f690fe6586a6b734	target_c4e9360c5267a005f643	SID531361	CRC	0	0.0	true	true			assessed	not_detected
votu_0667f690fe6586a6b734	target_c4e9360c5267a005f643	SID531469	CRC	0	0.16171863779155896	true	true			assessed	not_detected
votu_0667f690fe6586a6b734	target_c4e9360c5267a005f643	SID532796	control	0	0.0028422179746128394	true	true			assessed	not_detected
votu_0809d8af0d5c1fd9d302	target_3f3d80b10ce25943cbe2	SID31160	control	0	0.0	true	true			assessed	not_detected
votu_0809d8af0d5c1fd9d302	target_3f3d80b10ce25943cbe2	SID31512	control	0	0.01977207230510327	true	true			assessed	not_detected
votu_0809d8af0d5c1fd9d302	target_3f3d80b10ce25943cbe2	SID31866	CRC	0	0.005449463631172312	true	true			assessed	not_detected
votu_0809d8af0d5c1fd9d302	target_3f3d80b10ce25943cbe2	SID530295	control	0	0.0	true	true			assessed	not_detected
votu_0809d8af0d5c1fd9d302	target_3f3d80b10ce25943cbe2	SID530368	control	0	0.0	true	true			assessed	not_detected
votu_0809d8af0d5c1fd9d302	target_3f3d80b10ce25943cbe2	SID530373	CRC	0	0.0	true	true			assessed	not_detected
votu_0809d8af0d5c1fd9d302	target_3f3d80b10ce25943cbe2	SID531248	CRC	0	0.019186334519831243	true	true			assessed	not_detected
votu_0809d8af0d5c1fd9d302	target_3f3d80b10ce25943cbe2	SID531361	CRC	0	0.02134767445029568	true	true			assessed	not_detected
votu_0809d8af0d5c1fd9d302	target_3f3d80b10ce25943cbe2	SID531469	CRC	1	6.2571196512648894	true	true			assessed	detected
votu_0809d8af0d5c1fd9d302	target_3f3d80b10ce25943cbe2	SID532796	control	0	0.019800352617660527	true	true			assessed	not_detected
votu_08954fb545381d3120cd	target_f78b7b45e3fbe4a4c8a8	SID31160	control	0	0.0	true	true			assessed	not_detected
votu_08954fb545381d3120cd	target_f78b7b45e3fbe4a4c8a8	SID31512	control	0	0.0	true	true			assessed	not_detected
votu_08954fb545381d3120cd	target_f78b7b45e3fbe4a4c8a8	SID31866	CRC		0.0	false	true	detection_status_not_resolvable		assessed	not_resolvable
votu_08954fb545381d3120cd	target_f78b7b45e3fbe4a4c8a8	SID530295	control	0	0.0	true	true			assessed	not_detected
votu_08954fb545381d3120cd	target_f78b7b45e3fbe4a4c8a8	SID530368	control	0	0.0	true	true			assessed	not_detected
votu_08954fb545381d3120cd	target_f78b7b45e3fbe4a4c8a8	SID530373	CRC	0	0.0	true	true			assessed	not_detected
votu_08954fb545381d3120cd	target_f78b7b45e3fbe4a4c8a8	SID531248	CRC	0	0.0	true	true			assessed	not_detected
votu_08954fb545381d3120cd	target_f78b7b45e3fbe4a4c8a8	SID531361	CRC	0	0.0	true	true			assessed	not_detected
votu_08954fb545381d3120cd	target_f78b7b45e3fbe4a4c8a8	SID531469	CRC		0.0	false	true	detection_status_not_resolvable		assessed	not_resolvable
votu_08954fb545381d3120cd	target_f78b7b45e3fbe4a4c8a8	SID532796	control	0	0.0	true	true			assessed	not_detected
votu_08981ae721a995571ec9	target_68fe058fb7dbd7b720c2	SID31160	control	0	0.0	true	true			assessed	not_detected
votu_08981ae721a995571ec9	target_68fe058fb7dbd7b720c2	SID31512	control	1	7.874912738716097	true	true			assessed	detected
votu_08981ae721a995571ec9	target_68fe058fb7dbd7b720c2	SID31866	CRC	0	0.0	true	true			assessed	not_detected
votu_08981ae721a995571ec9	target_68fe058fb7dbd7b720c2	SID530295	control	0	0.0	true	true			assessed	not_detected
votu_08981ae721a995571ec9	target_68fe058fb7dbd7b720c2	SID530368	control	0	0.0	true	true			assessed	not_detected
votu_08981ae721a995571ec9	target_68fe058fb7dbd7b720c2	SID530373	CRC	0	0.0	true	true			assessed	not_detected
votu_08981ae721a995571ec9	target_68fe058fb7dbd7b720c2	SID531248	CRC	0	0.0	true	true			assessed	not_detected
votu_08981ae721a995571ec9	target_68fe058fb7dbd7b720c2	SID531361	CRC	0	0.0	true	true			assessed	not_detected
votu_08981ae721a995571ec9	target_68fe058fb7dbd7b720c2	SID531469	CRC	0	0.0	true	true			assessed	not_detected
votu_08981ae721a995571ec9	target_68fe058fb7dbd7b720c2	SID532796	control	0	0.0	true	true			assessed	not_detected
votu_0898c20af715c17f4755	target_e27a79c37917f034dbef	SID31160	control	0	0.0	true	true			assessed	not_detected
votu_0898c20af715c17f4755	target_e27a79c37917f034dbef	SID31512	control	0	0.0	true	true			assessed	not_detected
votu_0898c20af715c17f4755	target_e27a79c37917f034dbef	SID31866	CRC	0	0.0	true	true			assessed	not_detected
votu_0898c20af715c17f4755	target_e27a79c37917f034dbef	SID530295	control	0	0.0	true	true			assessed	not_detected
votu_0898c20af715c17f4755	target_e27a79c37917f034dbef	SID530368	control	0	0.0	true	true			assessed	not_detected
votu_0898c20af715c17f4755	target_e27a79c37917f034dbef	SID530373	CRC	1	7.736094122435107	true	true			assessed	detected
votu_0898c20af715c17f4755	target_e27a79c37917f034dbef	SID531248	CRC	0	0.0	true	true			assessed	not_detected
votu_0898c20af715c17f4755	target_e27a79c37917f034dbef	SID531361	CRC	0	0.0	true	true			assessed	not_detected
votu_0898c20af715c17f4755	target_e27a79c37917f034dbef	SID531469	CRC	0	0.0	true	true			assessed	not_detected
votu_0898c20af715c17f4755	target_e27a79c37917f034dbef	SID532796	control	0	0.0	true	true			assessed	not_detected
votu_094692d425430e3ba66f	target_d16c612c377d1ab347ea	SID31160	control	1	5.296934822502449	true	true			assessed	detected
votu_094692d425430e3ba66f	target_d16c612c377d1ab347ea	SID31512	control	1	2.506052270785962	true	true			assessed	detected
votu_094692d425430e3ba66f	target_d16c612c377d1ab347ea	SID31866	CRC	0	0.013857708216134232	true	true			assessed	not_detected
votu_094692d425430e3ba66f	target_d16c612c377d1ab347ea	SID530295	control	0	0.26799069042627166	true	true			assessed	not_detected
votu_094692d425430e3ba66f	target_d16c612c377d1ab347ea	SID530368	control	0	0.005612883104089199	true	true			assessed	not_detected
votu_094692d425430e3ba66f	target_d16c612c377d1ab347ea	SID530373	CRC	0	0.01025697495822846	true	true			assessed	not_detected
votu_094692d425430e3ba66f	target_d16c612c377d1ab347ea	SID531248	CRC	0	0.20953965487300522	true	true			assessed	not_detected
votu_094692d425430e3ba66f	target_d16c612c377d1ab347ea	SID531361	CRC	0	0.001183157453887189	true	true			assessed	not_detected
votu_094692d425430e3ba66f	target_d16c612c377d1ab347ea	SID531469	CRC	0	0.031665778543159225	true	true			assessed	not_detected
votu_094692d425430e3ba66f	target_d16c612c377d1ab347ea	SID532796	control	0	0.2515509212507034	true	true			assessed	not_detected
votu_0a19decd01103d5fc0c2	target_8ee1a7814f4483cf22a3	SID31160	control		0.013153432486040175	false	true	detection_status_not_detected_at_resolved_signal		assessed	not_detected_at_resolved_signal
votu_0a19decd01103d5fc0c2	target_8ee1a7814f4483cf22a3	SID31512	control		0.0	false	true	detection_status_not_resolvable		assessed	not_resolvable
votu_0a19decd01103d5fc0c2	target_8ee1a7814f4483cf22a3	SID31866	CRC		0.00417119441241744	false	true	detection_status_not_detected_at_resolved_signal		assessed	not_detected_at_resolved_signal
votu_0a19decd01103d5fc0c2	target_8ee1a7814f4483cf22a3	SID530295	control		0.06009225062582634	false	true	detection_status_not_detected_at_resolved_signal		assessed	not_detected_at_resolved_signal
votu_0a19decd01103d5fc0c2	target_8ee1a7814f4483cf22a3	SID530368	control		0.008669739165064284	false	true	detection_status_not_detected_at_resolved_signal		assessed	not_detected_at_resolved_signal
votu_0a19decd01103d5fc0c2	target_8ee1a7814f4483cf22a3	SID530373	CRC		0.17251342421457047	false	true	detection_status_not_detected_at_resolved_signal		assessed	not_detected_at_resolved_signal
votu_0a19decd01103d5fc0c2	target_8ee1a7814f4483cf22a3	SID531248	CRC		0.09774285203722397	false	true	detection_status_not_detected_at_resolved_signal		assessed	not_detected_at_resolved_signal
votu_0a19decd01103d5fc0c2	target_8ee1a7814f4483cf22a3	SID531361	CRC		0.0002811572077521882	false	true	detection_status_not_detected_at_resolved_signal		assessed	not_detected_at_resolved_signal
votu_0a19decd01103d5fc0c2	target_8ee1a7814f4483cf22a3	SID531469	CRC		0.013656177829577792	false	true	detection_status_not_detected_at_resolved_signal		assessed	not_detected_at_resolved_signal
votu_0a19decd01103d5fc0c2	target_8ee1a7814f4483cf22a3	SID532796	control		0.0005534887960489136	false	true	detection_status_not_detected_at_resolved_signal		assessed	not_detected_at_resolved_signal
votu_0a33326806f3665ccbde	target_6bfb92f6c4cb398144fc	SID31160	control		0.02687957931024165	false	true	detection_status_not_detected_at_resolved_signal		assessed	not_detected_at_resolved_signal
votu_0a33326806f3665ccbde	target_6bfb92f6c4cb398144fc	SID31512	control	0	0.0	true	true			assessed	not_detected
votu_0a33326806f3665ccbde	target_6bfb92f6c4cb398144fc	SID31866	CRC	0	0.01719755805024902	true	true			assessed	not_detected
votu_0a33326806f3665ccbde	target_6bfb92f6c4cb398144fc	SID530295	control	0	0.18754465934183565	true	true			assessed	not_detected
votu_0a33326806f3665ccbde	target_6bfb92f6c4cb398144fc	SID530368	control	0	0.1750118434337285	true	true			assessed	not_detected
votu_0a33326806f3665ccbde	target_6bfb92f6c4cb398144fc	SID530373	CRC	1	20.370660828411115	true	true			assessed	detected
votu_0a33326806f3665ccbde	target_6bfb92f6c4cb398144fc	SID531248	CRC	0	0.0018058393137514756	true	true			assessed	not_detected
votu_0a33326806f3665ccbde	target_6bfb92f6c4cb398144fc	SID531361	CRC	0	0.0022024658058667694	true	true			assessed	not_detected
votu_0a33326806f3665ccbde	target_6bfb92f6c4cb398144fc	SID531469	CRC	0	0.0	true	true			assessed	not_detected
votu_0a33326806f3665ccbde	target_6bfb92f6c4cb398144fc	SID532796	control		0.008671590936431262	false	true	detection_status_not_detected_at_resolved_signal		assessed	not_detected_at_resolved_signal
votu_0b2a4230351d0cdb4e3b	target_561eac57adc31757e100	SID31160	control	0	0.0	true	true			assessed	not_detected
votu_0b2a4230351d0cdb4e3b	target_561eac57adc31757e100	SID31512	control	0	0.0	true	true			assessed	not_detected
votu_0b2a4230351d0cdb4e3b	target_561eac57adc31757e100	SID31866	CRC		0.0	false	true	detection_status_not_resolvable		assessed	not_resolvable
votu_0b2a4230351d0cdb4e3b	target_561eac57adc31757e100	SID530295	control		0.0	false	true	detection_status_not_resolvable		assessed	not_resolvable
votu_0b2a4230351d0cdb4e3b	target_561eac57adc31757e100	SID530368	control		0.0	false	true	detection_status_not_resolvable		assessed	not_resolvable
votu_0b2a4230351d0cdb4e3b	target_561eac57adc31757e100	SID530373	CRC		0.0	false	true	detection_status_not_resolvable		assessed	not_resolvable
votu_0b2a4230351d0cdb4e3b	target_561eac57adc31757e100	SID531248	CRC	0	0.0	true	true			assessed	not_detected
votu_0b2a4230351d0cdb4e3b	target_561eac57adc31757e100	SID531361	CRC	0	0.0	true	true			assessed	not_detected
votu_0b2a4230351d0cdb4e3b	target_561eac57adc31757e100	SID531469	CRC	0	0.0	true	true			assessed	not_detected
votu_0b2a4230351d0cdb4e3b	target_561eac57adc31757e100	SID532796	control		0.0	false	true	detection_status_not_resolvable		assessed	not_resolvable
votu_0b43bbbcb7b73c2f7fae	target_234eadf46a02f7e90374	SID31160	control	0	0.006109982660020331	true	true			assessed	not_detected
votu_0b43bbbcb7b73c2f7fae	target_234eadf46a02f7e90374	SID31512	control	0	0.47300388785069536	true	true			assessed	not_detected
votu_0b43bbbcb7b73c2f7fae	target_234eadf46a02f7e90374	SID31866	CRC	1	1.9350379793195174	true	true			assessed	detected
votu_0b43bbbcb7b73c2f7fae	target_234eadf46a02f7e90374	SID530295	control	0	0.018757497112070802	true	true			assessed	not_detected
votu_0b43bbbcb7b73c2f7fae	target_234eadf46a02f7e90374	SID530368	control	0	0.0	true	true			assessed	not_detected
votu_0b43bbbcb7b73c2f7fae	target_234eadf46a02f7e90374	SID530373	CRC	0	0.0	true	true			assessed	not_detected
votu_0b43bbbcb7b73c2f7fae	target_234eadf46a02f7e90374	SID531248	CRC	0	0.09112752778430984	true	true			assessed	not_detected
votu_0b43bbbcb7b73c2f7fae	target_234eadf46a02f7e90374	SID531361	CRC	1	1.5880342453512992	true	true			assessed	detected
votu_0b43bbbcb7b73c2f7fae	target_234eadf46a02f7e90374	SID531469	CRC	0	0.008932706237350443	true	true			assessed	not_detected
votu_0b43bbbcb7b73c2f7fae	target_234eadf46a02f7e90374	SID532796	control	1	4.455749884780484	true	true			assessed	detected
votu_0cb63bbce56e4086459f	target_ada9444f8f46345065c1	SID31160	control		0.057887277763275354	false	true	detection_status_not_detected_at_resolved_signal		assessed	not_detected_at_resolved_signal
votu_0cb63bbce56e4086459f	target_ada9444f8f46345065c1	SID31512	control	0	0.022682123945811847	true	true			assessed	not_detected
votu_0cb63bbce56e4086459f	target_ada9444f8f46345065c1	SID31866	CRC	1	2.6287533640624776	true	true			assessed	detected
votu_0cb63bbce56e4086459f	target_ada9444f8f46345065c1	SID530295	control		0.08436857241661586	false	true	detection_status_not_detected_at_resolved_signal		assessed	not_detected_at_resolved_signal
votu_0cb63bbce56e4086459f	target_ada9444f8f46345065c1	SID530368	control		0.02625185984503799	false	true	detection_status_not_detected_at_resolved_signal		assessed	not_detected_at_resolved_signal
votu_0cb63bbce56e4086459f	target_ada9444f8f46345065c1	SID530373	CRC		0.009137640573830125	false	true	detection_status_not_detected_at_resolved_signal		assessed	not_detected_at_resolved_signal
votu_0cb63bbce56e4086459f	target_ada9444f8f46345065c1	SID531248	CRC	0	0.03889016295398057	true	true			assessed	not_detected
votu_0cb63bbce56e4086459f	target_ada9444f8f46345065c1	SID531361	CRC		0.2793207465137601	false	true	detection_status_not_detected_at_resolved_signal		assessed	not_detected_at_resolved_signal
votu_0cb63bbce56e4086459f	target_ada9444f8f46345065c1	SID531469	CRC		0.07209253098408361	false	true	detection_status_not_detected_at_resolved_signal		assessed	not_detected_at_resolved_signal
votu_0cb63bbce56e4086459f	target_ada9444f8f46345065c1	SID532796	control		1.1153094995511104	false	true	detection_status_not_detected_at_resolved_signal		assessed	not_detected_at_resolved_signal
votu_0cf0c80101517fa45146	target_45e2a0929b5d6d96f337	SID31160	control	0	0.0	true	true			assessed	not_detected
votu_0cf0c80101517fa45146	target_45e2a0929b5d6d96f337	SID31512	control	0	0.0	true	true			assessed	not_detected
votu_0cf0c80101517fa45146	target_45e2a0929b5d6d96f337	SID31866	CRC	0	0.0	true	true			assessed	not_detected
votu_0cf0c80101517fa45146	target_45e2a0929b5d6d96f337	SID530295	control	0	0.0	true	true			assessed	not_detected
votu_0cf0c80101517fa45146	target_45e2a0929b5d6d96f337	SID530368	control	0	0.0	true	true			assessed	not_detected
votu_0cf0c80101517fa45146	target_45e2a0929b5d6d96f337	SID530373	CRC	0	0.0	true	true			assessed	not_detected
votu_0cf0c80101517fa45146	target_45e2a0929b5d6d96f337	SID531248	CRC	0	0.0	true	true			assessed	not_detected
votu_0cf0c80101517fa45146	target_45e2a0929b5d6d96f337	SID531361	CRC	0	0.0	true	true			assessed	not_detected
votu_0cf0c80101517fa45146	target_45e2a0929b5d6d96f337	SID531469	CRC		0.0	false	true	detection_status_not_resolvable		assessed	not_resolvable
votu_0cf0c80101517fa45146	target_45e2a0929b5d6d96f337	SID532796	control	0	0.0	true	true			assessed	not_detected
votu_10f443cdce98fe7e0907	target_3507184c8efb964cb008	SID31160	control	0	0.0028222178678084767	true	true			assessed	not_detected
votu_10f443cdce98fe7e0907	target_3507184c8efb964cb008	SID31512	control		0.0014217904707674413	false	true	detection_status_not_detected_at_resolved_signal		assessed	not_detected_at_resolved_signal
votu_10f443cdce98fe7e0907	target_3507184c8efb964cb008	SID31866	CRC		0.011917325168765435	false	true	detection_status_not_detected_at_resolved_signal		assessed	not_detected_at_resolved_signal
votu_10f443cdce98fe7e0907	target_3507184c8efb964cb008	SID530295	control	0	0.007088841596035258	true	true			assessed	not_detected
votu_10f443cdce98fe7e0907	target_3507184c8efb964cb008	SID530368	control	1	91.46808081167313	true	true			assessed	detected
votu_10f443cdce98fe7e0907	target_3507184c8efb964cb008	SID530373	CRC		0.06014163770737576	false	true	detection_status_not_detected_at_resolved_signal		assessed	not_detected_at_resolved_signal
votu_10f443cdce98fe7e0907	target_3507184c8efb964cb008	SID531248	CRC		0.0028440578917757965	false	true	detection_status_not_detected_at_resolved_signal		assessed	not_detected_at_resolved_signal
votu_10f443cdce98fe7e0907	target_3507184c8efb964cb008	SID531361	CRC	0	0.0027749712652025186	true	true			assessed	not_detected
votu_10f443cdce98fe7e0907	target_3507184c8efb964cb008	SID531469	CRC		0.02750694456782715	false	true	detection_status_not_detected_at_resolved_signal		assessed	not_detected_at_resolved_signal
votu_10f443cdce98fe7e0907	target_3507184c8efb964cb008	SID532796	control		0.0	false	true	detection_status_not_resolvable		assessed	not_resolvable
votu_110ea43980dd71e37911	target_93cd0b485ab155d41fdf	SID31160	control	0	0.0	true	true			assessed	not_detected
votu_110ea43980dd71e37911	target_93cd0b485ab155d41fdf	SID31512	control	0	0.0	true	true			assessed	not_detected
votu_110ea43980dd71e37911	target_93cd0b485ab155d41fdf	SID31866	CRC		0.001650224887506105	false	true	detection_status_not_detected_at_resolved_signal		assessed	not_detected_at_resolved_signal
votu_110ea43980dd71e37911	target_93cd0b485ab155d41fdf	SID530295	control	0	0.0	true	true			assessed	not_detected
votu_110ea43980dd71e37911	target_93cd0b485ab155d41fdf	SID530368	control	0	0.0	true	true			assessed	not_detected
votu_110ea43980dd71e37911	target_93cd0b485ab155d41fdf	SID530373	CRC	0	0.0	true	true			assessed	not_detected
votu_110ea43980dd71e37911	target_93cd0b485ab155d41fdf	SID531248	CRC	0	0.0	true	true			assessed	not_detected
votu_110ea43980dd71e37911	target_93cd0b485ab155d41fdf	SID531361	CRC	0	0.0	true	true			assessed	not_detected
votu_110ea43980dd71e37911	target_93cd0b485ab155d41fdf	SID531469	CRC		0.0010474646837374119	false	true	detection_status_not_detected_at_resolved_signal		assessed	not_detected_at_resolved_signal
votu_110ea43980dd71e37911	target_93cd0b485ab155d41fdf	SID532796	control	0	0.0	true	true			assessed	not_detected
votu_111c98af280d8b9611c5	target_554b507e4152ca7d6702	SID31160	control		2.861514988906591	false	true	detection_status_not_detected_at_resolved_signal		assessed	not_detected_at_resolved_signal
votu_111c98af280d8b9611c5	target_554b507e4152ca7d6702	SID31512	control	0	0.022682324944721395	true	true			assessed	not_detected
votu_111c98af280d8b9611c5	target_554b507e4152ca7d6702	SID31866	CRC		0.0028806256437620137	false	true	detection_status_not_detected_at_resolved_signal		assessed	not_detected_at_resolved_signal
votu_111c98af280d8b9611c5	target_554b507e4152ca7d6702	SID530295	control		0.008377095608142733	false	true	detection_status_not_detected_at_resolved_signal		assessed	not_detected_at_resolved_signal
votu_111c98af280d8b9611c5	target_554b507e4152ca7d6702	SID530368	control		0.002916899164151311	false	true	detection_status_not_detected_at_resolved_signal		assessed	not_detected_at_resolved_signal
votu_111c98af280d8b9611c5	target_554b507e4152ca7d6702	SID530373	CRC		0.0011845194598666816	false	true	detection_status_not_detected_at_resolved_signal		assessed	not_detected_at_resolved_signal
votu_111c98af280d8b9611c5	target_554b507e4152ca7d6702	SID531248	CRC		0.03125644498203511	false	true	detection_status_not_detected_at_resolved_signal		assessed	not_detected_at_resolved_signal
votu_111c98af280d8b9611c5	target_554b507e4152ca7d6702	SID531361	CRC		0.0	false	true	detection_status_not_resolvable		assessed	not_resolvable
votu_111c98af280d8b9611c5	target_554b507e4152ca7d6702	SID531469	CRC		0.008532766478183115	false	true	detection_status_not_detected_at_resolved_signal		assessed	not_detected_at_resolved_signal
votu_111c98af280d8b9611c5	target_554b507e4152ca7d6702	SID532796	control		4.236484477790805	false	true	detection_status_not_detected_at_resolved_signal		assessed	not_detected_at_resolved_signal
votu_1135ad739960faadb914	target_bd159e582699c7900028	SID31160	control		0.0	false	true	detection_status_not_resolvable		assessed	not_resolvable
votu_1135ad739960faadb914	target_bd159e582699c7900028	SID31512	control		0.013072421007931274	false	true	detection_status_not_detected_at_resolved_signal		assessed	not_detected_at_resolved_signal
votu_1135ad739960faadb914	target_bd159e582699c7900028	SID31866	CRC	1	3.186923790350232	true	true			assessed	detected
votu_1135ad739960faadb914	target_bd159e582699c7900028	SID530295	control		0.0	false	true	detection_status_not_resolvable		assessed	not_resolvable
votu_1135ad739960faadb914	target_bd159e582699c7900028	SID530368	control		0.04255248379459757	false	true	detection_status_not_detected_at_resolved_signal		assessed	not_detected_at_resolved_signal
votu_1135ad739960faadb914	target_bd159e582699c7900028	SID530373	CRC		0.0	false	true	detection_status_not_resolvable		assessed	not_resolvable
votu_1135ad739960faadb914	target_bd159e582699c7900028	SID531248	CRC		0.23142066122624153	false	true	detection_status_not_detected_at_resolved_signal		assessed	not_detected_at_resolved_signal
votu_1135ad739960faadb914	target_bd159e582699c7900028	SID531361	CRC		0.002391939517206418	false	true	detection_status_not_detected_at_resolved_signal		assessed	not_detected_at_resolved_signal
votu_1135ad739960faadb914	target_bd159e582699c7900028	SID531469	CRC	0	0.0	true	true			assessed	not_detected
votu_1135ad739960faadb914	target_bd159e582699c7900028	SID532796	control		0.5438658510601747	false	true	detection_status_not_detected_at_resolved_signal		assessed	not_detected_at_resolved_signal
votu_119e9c85e03b1f75af31	target_19500186dc8720ea7d8d	SID31160	control	0	0.017780221450472384	true	true			assessed	not_detected
votu_119e9c85e03b1f75af31	target_19500186dc8720ea7d8d	SID31512	control	0	0.0	true	true			assessed	not_detected
votu_119e9c85e03b1f75af31	target_19500186dc8720ea7d8d	SID31866	CRC	0	0.0	true	true			assessed	not_detected
votu_119e9c85e03b1f75af31	target_19500186dc8720ea7d8d	SID530295	control	1	2.1692158925510183	true	true			assessed	detected
votu_119e9c85e03b1f75af31	target_19500186dc8720ea7d8d	SID530368	control	0	0.001974691614886125	true	true			assessed	not_detected
votu_119e9c85e03b1f75af31	target_19500186dc8720ea7d8d	SID530373	CRC	0	0.0	true	true			assessed	not_detected
votu_119e9c85e03b1f75af31	target_19500186dc8720ea7d8d	SID531248	CRC	0	0.0	true	true			assessed	not_detected
votu_119e9c85e03b1f75af31	target_19500186dc8720ea7d8d	SID531361	CRC	0	0.0	true	true			assessed	not_detected
votu_119e9c85e03b1f75af31	target_19500186dc8720ea7d8d	SID531469	CRC	0	0.0	true	true			assessed	not_detected
votu_119e9c85e03b1f75af31	target_19500186dc8720ea7d8d	SID532796	control	0	0.002458310272293006	true	true			assessed	not_detected
votu_11e4a0a1c0592572daf9	target_9c30407c148626b8bfd4	SID31160	control	0	0.0	true	true			assessed	not_detected
votu_11e4a0a1c0592572daf9	target_9c30407c148626b8bfd4	SID31512	control		0.0	false	true	detection_status_not_resolvable		assessed	not_resolvable
votu_11e4a0a1c0592572daf9	target_9c30407c148626b8bfd4	SID31866	CRC		0.0	false	true	detection_status_not_resolvable		assessed	not_resolvable
votu_11e4a0a1c0592572daf9	target_9c30407c148626b8bfd4	SID530295	control	0	0.0	true	true			assessed	not_detected
votu_11e4a0a1c0592572daf9	target_9c30407c148626b8bfd4	SID530368	control		0.0	false	true	detection_status_not_resolvable		assessed	not_resolvable
votu_11e4a0a1c0592572daf9	target_9c30407c148626b8bfd4	SID530373	CRC		0.0	false	true	detection_status_not_resolvable		assessed	not_resolvable
votu_11e4a0a1c0592572daf9	target_9c30407c148626b8bfd4	SID531248	CRC	0	0.0	true	true			assessed	not_detected
votu_11e4a0a1c0592572daf9	target_9c30407c148626b8bfd4	SID531361	CRC	0	0.0	true	true			assessed	not_detected
votu_11e4a0a1c0592572daf9	target_9c30407c148626b8bfd4	SID531469	CRC	0	0.0	true	true			assessed	not_detected
votu_11e4a0a1c0592572daf9	target_9c30407c148626b8bfd4	SID532796	control	0	0.0	true	true			assessed	not_detected
votu_120357a3ad25ba026d12	target_54742bacea35da4ecd82	SID31160	control	0	0.008829671617452847	true	true			assessed	not_detected
votu_120357a3ad25ba026d12	target_54742bacea35da4ecd82	SID31512	control		0.20207784141427096	false	true	detection_status_not_detected_at_resolved_signal		assessed	not_detected_at_resolved_signal
votu_120357a3ad25ba026d12	target_54742bacea35da4ecd82	SID31866	CRC	0	0.0	true	true			assessed	not_detected
votu_120357a3ad25ba026d12	target_54742bacea35da4ecd82	SID530295	control		0.011617232398707765	false	true	detection_status_not_detected_at_resolved_signal		assessed	not_detected_at_resolved_signal
votu_120357a3ad25ba026d12	target_54742bacea35da4ecd82	SID530368	control	1	3.7465097954265683	true	true			assessed	detected
votu_120357a3ad25ba026d12	target_54742bacea35da4ecd82	SID530373	CRC	0	0.0011946720603422656	true	true			assessed	not_detected
votu_120357a3ad25ba026d12	target_54742bacea35da4ecd82	SID531248	CRC	0	0.010169143933356502	true	true			assessed	not_detected
votu_120357a3ad25ba026d12	target_54742bacea35da4ecd82	SID531361	CRC	0	0.01612344415302104	true	true			assessed	not_detected
votu_120357a3ad25ba026d12	target_54742bacea35da4ecd82	SID531469	CRC	0	0.0	true	true			assessed	not_detected
votu_120357a3ad25ba026d12	target_54742bacea35da4ecd82	SID532796	control	0	0.07324792606871039	true	true			assessed	not_detected
votu_123ae6aebee840141daa	target_ba4ac3558d58080e75bc	SID31160	control	0	0.0	true	true			assessed	not_detected
votu_123ae6aebee840141daa	target_ba4ac3558d58080e75bc	SID31512	control	0	0.0	true	true			assessed	not_detected
votu_123ae6aebee840141daa	target_ba4ac3558d58080e75bc	SID31866	CRC	0	0.003117309928380709	true	true			assessed	not_detected
votu_123ae6aebee840141daa	target_ba4ac3558d58080e75bc	SID530295	control	0	0.0	true	true			assessed	not_detected
votu_123ae6aebee840141daa	target_ba4ac3558d58080e75bc	SID530368	control	0	0.0	true	true			assessed	not_detected
votu_123ae6aebee840141daa	target_ba4ac3558d58080e75bc	SID530373	CRC	0	0.0	true	true			assessed	not_detected
votu_123ae6aebee840141daa	target_ba4ac3558d58080e75bc	SID531248	CRC	0	0.0	true	true			assessed	not_detected
votu_123ae6aebee840141daa	target_ba4ac3558d58080e75bc	SID531361	CRC	0	0.0	true	true			assessed	not_detected
votu_123ae6aebee840141daa	target_ba4ac3558d58080e75bc	SID531469	CRC	0	0.0006595610256848935	true	true			assessed	not_detected
votu_123ae6aebee840141daa	target_ba4ac3558d58080e75bc	SID532796	control	1	3.6499741002791803	true	true			assessed	detected
votu_1391ca47df19bbb20775	target_2a09be684f660bd1966f	SID31160	control		0.3390083445700011	false	true	detection_status_not_detected_at_resolved_signal		assessed	not_detected_at_resolved_signal
votu_1391ca47df19bbb20775	target_2a09be684f660bd1966f	SID31512	control	1	2.1485517376045173	true	true			assessed	detected
votu_1391ca47df19bbb20775	target_2a09be684f660bd1966f	SID31866	CRC		0.08578146516934634	false	true	detection_status_not_detected_at_resolved_signal		assessed	not_detected_at_resolved_signal
votu_1391ca47df19bbb20775	target_2a09be684f660bd1966f	SID530295	control		0.022387394214277535	false	true	detection_status_not_detected_at_resolved_signal		assessed	not_detected_at_resolved_signal
votu_1391ca47df19bbb20775	target_2a09be684f660bd1966f	SID530368	control		0.24833521782404616	false	true	detection_status_not_detected_at_resolved_signal		assessed	not_detected_at_resolved_signal
votu_1391ca47df19bbb20775	target_2a09be684f660bd1966f	SID530373	CRC	0	0.0009044493067072787	true	true			assessed	not_detected
votu_1391ca47df19bbb20775	target_2a09be684f660bd1966f	SID531248	CRC		0.03849372344782132	false	true	detection_status_not_detected_at_resolved_signal		assessed	not_detected_at_resolved_signal
votu_1391ca47df19bbb20775	target_2a09be684f660bd1966f	SID531361	CRC		0.0028168987901207965	false	true	detection_status_not_detected_at_resolved_signal		assessed	not_detected_at_resolved_signal
votu_1391ca47df19bbb20775	target_2a09be684f660bd1966f	SID531469	CRC		0.008376765537503028	false	true	detection_status_not_detected_at_resolved_signal		assessed	not_detected_at_resolved_signal
votu_1391ca47df19bbb20775	target_2a09be684f660bd1966f	SID532796	control		0.015711893505422046	false	true	detection_status_not_detected_at_resolved_signal		assessed	not_detected_at_resolved_signal
votu_1423b67460f9215adb60	target_d7e93ab8fb765fd374f8	SID31160	control	1	9.269809292817367	true	true			assessed	detected
votu_1423b67460f9215adb60	target_d7e93ab8fb765fd374f8	SID31512	control	1	1.0789347037085173	true	true			assessed	detected
votu_1423b67460f9215adb60	target_d7e93ab8fb765fd374f8	SID31866	CRC	1	0.517948067308933	true	true			assessed	detected
votu_1423b67460f9215adb60	target_d7e93ab8fb765fd374f8	SID530295	control	0	0.022912311829644944	true	true			assessed	not_detected
votu_1423b67460f9215adb60	target_d7e93ab8fb765fd374f8	SID530368	control	0	0.083249236833289	true	true			assessed	not_detected
votu_1423b67460f9215adb60	target_d7e93ab8fb765fd374f8	SID530373	CRC	1	2.06220046200435	true	true			assessed	detected
votu_1423b67460f9215adb60	target_d7e93ab8fb765fd374f8	SID531248	CRC	1	0.4738516817774662	true	true			assessed	detected
votu_1423b67460f9215adb60	target_d7e93ab8fb765fd374f8	SID531361	CRC	1	2.0554991897903356	true	true			assessed	detected
votu_1423b67460f9215adb60	target_d7e93ab8fb765fd374f8	SID531469	CRC	1	1.2906978144505392	true	true			assessed	detected
votu_1423b67460f9215adb60	target_d7e93ab8fb765fd374f8	SID532796	control	0	0.01381835708928349	true	true			assessed	not_detected
votu_142dc1838ad43b84e2f1	target_ed67ea67aabae4cf65ad	SID31160	control	1	4.378279426018767	true	true			assessed	detected
votu_142dc1838ad43b84e2f1	target_ed67ea67aabae4cf65ad	SID31512	control		0.0	false	true	detection_status_not_resolvable		assessed	not_resolvable
votu_142dc1838ad43b84e2f1	target_ed67ea67aabae4cf65ad	SID31866	CRC		0.0431729817443978	false	true	detection_status_not_detected_at_resolved_signal		assessed	not_detected_at_resolved_signal
votu_142dc1838ad43b84e2f1	target_ed67ea67aabae4cf65ad	SID530295	control		0.10730194189467458	false	true	detection_status_not_detected_at_resolved_signal		assessed	not_detected_at_resolved_signal
votu_142dc1838ad43b84e2f1	target_ed67ea67aabae4cf65ad	SID530368	control	0	0.0015249985868423313	true	true			assessed	not_detected
votu_142dc1838ad43b84e2f1	target_ed67ea67aabae4cf65ad	SID530373	CRC	0	0.004954276169939556	true	true			assessed	not_detected
votu_142dc1838ad43b84e2f1	target_ed67ea67aabae4cf65ad	SID531248	CRC		0.013705638113831776	false	true	detection_status_not_detected_at_resolved_signal		assessed	not_detected_at_resolved_signal
votu_142dc1838ad43b84e2f1	target_ed67ea67aabae4cf65ad	SID531361	CRC	0	0.08100774232347838	true	true			assessed	not_detected
votu_142dc1838ad43b84e2f1	target_ed67ea67aabae4cf65ad	SID531469	CRC		0.011471292414029605	false	true	detection_status_not_detected_at_resolved_signal		assessed	not_detected_at_resolved_signal
votu_142dc1838ad43b84e2f1	target_ed67ea67aabae4cf65ad	SID532796	control	0	0.005062622994572259	true	true			assessed	not_detected
votu_14c5e2fa6d929c6f9c0d	target_7a150cdddf4b20983483	SID31160	control	0	0.0	true	true			assessed	not_detected
votu_14c5e2fa6d929c6f9c0d	target_7a150cdddf4b20983483	SID31512	control	0	0.018441855633372715	true	true			assessed	not_detected
votu_14c5e2fa6d929c6f9c0d	target_7a150cdddf4b20983483	SID31866	CRC	0	0.01405254947687716	true	true			assessed	not_detected
votu_14c5e2fa6d929c6f9c0d	target_7a150cdddf4b20983483	SID530295	control	0	0.0013931579423420506	true	true			assessed	not_detected
votu_14c5e2fa6d929c6f9c0d	target_7a150cdddf4b20983483	SID530368	control	0	0.0038807734113463143	true	true			assessed	not_detected
votu_14c5e2fa6d929c6f9c0d	target_7a150cdddf4b20983483	SID530373	CRC	0	0.0	true	true			assessed	not_detected
votu_14c5e2fa6d929c6f9c0d	target_7a150cdddf4b20983483	SID531248	CRC	0	0.077804147929229	true	true			assessed	not_detected
votu_14c5e2fa6d929c6f9c0d	target_7a150cdddf4b20983483	SID531361	CRC	0	0.0	true	true			assessed	not_detected
votu_14c5e2fa6d929c6f9c0d	target_7a150cdddf4b20983483	SID531469	CRC	0	0.0	true	true			assessed	not_detected
votu_14c5e2fa6d929c6f9c0d	target_7a150cdddf4b20983483	SID532796	control	1	2.186926641197379	true	true			assessed	detected
votu_14db4064513ec069e143	target_7e523022dab4c93001fa	SID31160	control	0	0.0010623560580458812	true	true			assessed	not_detected
votu_14db4064513ec069e143	target_7e523022dab4c93001fa	SID31512	control	0	0.0	true	true			assessed	not_detected
votu_14db4064513ec069e143	target_7e523022dab4c93001fa	SID31866	CRC	0	0.03915046268405821	true	true			assessed	not_detected
votu_14db4064513ec069e143	target_7e523022dab4c93001fa	SID530295	control	1	6.5207387141305215	true	true			assessed	detected
votu_14db4064513ec069e143	target_7e523022dab4c93001fa	SID530368	control	0	0.0037165738671615213	true	true			assessed	not_detected
votu_14db4064513ec069e143	target_7e523022dab4c93001fa	SID530373	CRC	0	0.0	true	true			assessed	not_detected
votu_14db4064513ec069e143	target_7e523022dab4c93001fa	SID531248	CRC	0	0.00428230883976	true	true			assessed	not_detected
votu_14db4064513ec069e143	target_7e523022dab4c93001fa	SID531361	CRC	0	0.0	true	true			assessed	not_detected
votu_14db4064513ec069e143	target_7e523022dab4c93001fa	SID531469	CRC	0	0.003106298369089609	true	true			assessed	not_detected
votu_14db4064513ec069e143	target_7e523022dab4c93001fa	SID532796	control	0	0.0	true	true			assessed	not_detected
votu_14ed6541c7c1fe3abc2f	target_02bb5f8c1bd2252fe7db	SID31160	control	0	0.0	true	true			assessed	not_detected
votu_14ed6541c7c1fe3abc2f	target_02bb5f8c1bd2252fe7db	SID31512	control	0	0.0	true	true			assessed	not_detected
votu_14ed6541c7c1fe3abc2f	target_02bb5f8c1bd2252fe7db	SID31866	CRC		0.19595597185311062	false	true	detection_status_not_detected_at_resolved_signal		assessed	not_detected_at_resolved_signal
votu_14ed6541c7c1fe3abc2f	target_02bb5f8c1bd2252fe7db	SID530295	control	0	0.0	true	true			assessed	not_detected
votu_14ed6541c7c1fe3abc2f	target_02bb5f8c1bd2252fe7db	SID530368	control	0	0.0	true	true			assessed	not_detected
votu_14ed6541c7c1fe3abc2f	target_02bb5f8c1bd2252fe7db	SID530373	CRC	0	0.0	true	true			assessed	not_detected
votu_14ed6541c7c1fe3abc2f	target_02bb5f8c1bd2252fe7db	SID531248	CRC	1	101.16063405890995	true	true			assessed	detected
votu_14ed6541c7c1fe3abc2f	target_02bb5f8c1bd2252fe7db	SID531361	CRC		21.558479752551534	false	true	detection_status_not_detected_at_resolved_signal		assessed	not_detected_at_resolved_signal
votu_14ed6541c7c1fe3abc2f	target_02bb5f8c1bd2252fe7db	SID531469	CRC	0	0.008461306464834858	true	true			assessed	not_detected
votu_14ed6541c7c1fe3abc2f	target_02bb5f8c1bd2252fe7db	SID532796	control	0	0.0	true	true			assessed	not_detected
votu_1538c442c37ddcf312f9	target_d2ffddb96a37ef6bbe3c	SID31160	control	0	0.0	true	true			assessed	not_detected
votu_1538c442c37ddcf312f9	target_d2ffddb96a37ef6bbe3c	SID31512	control	0	0.0	true	true			assessed	not_detected
votu_1538c442c37ddcf312f9	target_d2ffddb96a37ef6bbe3c	SID31866	CRC		0.0018528733991576196	false	true	detection_status_not_detected_at_resolved_signal		assessed	not_detected_at_resolved_signal
votu_1538c442c37ddcf312f9	target_d2ffddb96a37ef6bbe3c	SID530295	control	0	0.0	true	true			assessed	not_detected
votu_1538c442c37ddcf312f9	target_d2ffddb96a37ef6bbe3c	SID530368	control	0	0.0	true	true			assessed	not_detected
votu_1538c442c37ddcf312f9	target_d2ffddb96a37ef6bbe3c	SID530373	CRC		0.0	false	true	detection_status_not_resolvable		assessed	not_resolvable
votu_1538c442c37ddcf312f9	target_d2ffddb96a37ef6bbe3c	SID531248	CRC		0.0	false	true	detection_status_not_resolvable		assessed	not_resolvable
votu_1538c442c37ddcf312f9	target_d2ffddb96a37ef6bbe3c	SID531361	CRC	0	0.0	true	true			assessed	not_detected
votu_1538c442c37ddcf312f9	target_d2ffddb96a37ef6bbe3c	SID531469	CRC		0.0	false	true	detection_status_not_resolvable		assessed	not_resolvable
votu_1538c442c37ddcf312f9	target_d2ffddb96a37ef6bbe3c	SID532796	control	0	0.0	true	true			assessed	not_detected
votu_164d2b3ba4e384e08a73	target_b54476d7c83748be844a	SID31160	control	1	2.0477986229934437	true	true			assessed	detected
votu_164d2b3ba4e384e08a73	target_b54476d7c83748be844a	SID31512	control	0	0.06032002413650555	true	true			assessed	not_detected
votu_164d2b3ba4e384e08a73	target_b54476d7c83748be844a	SID31866	CRC		0.06353762141813629	false	true	detection_status_not_detected_at_resolved_signal		assessed	not_detected_at_resolved_signal
votu_164d2b3ba4e384e08a73	target_b54476d7c83748be844a	SID530295	control	0	0.0014742495775170192	true	true			assessed	not_detected
votu_164d2b3ba4e384e08a73	target_b54476d7c83748be844a	SID530368	control	0	0.00410666184230237	true	true			assessed	not_detected
votu_164d2b3ba4e384e08a73	target_b54476d7c83748be844a	SID530373	CRC	0	0.025015027569770892	true	true			assessed	not_detected
votu_164d2b3ba4e384e08a73	target_b54476d7c83748be844a	SID531248	CRC	0	0.018453925646915104	true	true			assessed	not_detected
votu_164d2b3ba4e384e08a73	target_b54476d7c83748be844a	SID531361	CRC	0	0.0	true	true			assessed	not_detected
votu_164d2b3ba4e384e08a73	target_b54476d7c83748be844a	SID531469	CRC	0	0.0034323324220349705	true	true			assessed	not_detected
votu_164d2b3ba4e384e08a73	target_b54476d7c83748be844a	SID532796	control	0	0.0	true	true			assessed	not_detected
votu_180a27ba91aba2f18d3f	target_437dca25a17f2bef4752	SID31160	control	0	0.0	true	true			assessed	not_detected
votu_180a27ba91aba2f18d3f	target_437dca25a17f2bef4752	SID31512	control	0	0.0	true	true			assessed	not_detected
votu_180a27ba91aba2f18d3f	target_437dca25a17f2bef4752	SID31866	CRC	0	0.0	true	true			assessed	not_detected
votu_180a27ba91aba2f18d3f	target_437dca25a17f2bef4752	SID530295	control	0	0.0	true	true			assessed	not_detected
votu_180a27ba91aba2f18d3f	target_437dca25a17f2bef4752	SID530368	control	0	0.0	true	true			assessed	not_detected
votu_180a27ba91aba2f18d3f	target_437dca25a17f2bef4752	SID530373	CRC	0	0.0	true	true			assessed	not_detected
votu_180a27ba91aba2f18d3f	target_437dca25a17f2bef4752	SID531248	CRC	0	0.0	true	true			assessed	not_detected
votu_180a27ba91aba2f18d3f	target_437dca25a17f2bef4752	SID531361	CRC	0	0.0	true	true			assessed	not_detected
votu_180a27ba91aba2f18d3f	target_437dca25a17f2bef4752	SID531469	CRC	0	0.0	true	true			assessed	not_detected
votu_180a27ba91aba2f18d3f	target_437dca25a17f2bef4752	SID532796	control	0	0.0	true	true			assessed	not_detected
votu_189e7bac5b524df2147d	target_166d4e857be3757f2e3a	SID31160	control	0	0.0	true	true			assessed	not_detected
votu_189e7bac5b524df2147d	target_166d4e857be3757f2e3a	SID31512	control	0	0.0	true	true			assessed	not_detected
votu_189e7bac5b524df2147d	target_166d4e857be3757f2e3a	SID31866	CRC	0	0.0007607579310003263	true	true			assessed	not_detected
votu_189e7bac5b524df2147d	target_166d4e857be3757f2e3a	SID530295	control	0	0.13108152728358094	true	true			assessed	not_detected
votu_189e7bac5b524df2147d	target_166d4e857be3757f2e3a	SID530368	control	0	0.0	true	true			assessed	not_detected
votu_189e7bac5b524df2147d	target_166d4e857be3757f2e3a	SID530373	CRC	0	0.0	true	true			assessed	not_detected
votu_189e7bac5b524df2147d	target_166d4e857be3757f2e3a	SID531248	CRC	1	3.5188821386339515	true	true			assessed	detected
votu_189e7bac5b524df2147d	target_166d4e857be3757f2e3a	SID531361	CRC	0	0.0	true	true			assessed	not_detected
votu_189e7bac5b524df2147d	target_166d4e857be3757f2e3a	SID531469	CRC	0	0.0	true	true			assessed	not_detected
votu_189e7bac5b524df2147d	target_166d4e857be3757f2e3a	SID532796	control	0	0.0	true	true			assessed	not_detected
votu_1906238b427667fc56c3	target_4100a1827da125f947de	SID31160	control		0.0	false	true	detection_status_not_resolvable		assessed	not_resolvable
votu_1906238b427667fc56c3	target_4100a1827da125f947de	SID31512	control	0	0.0	true	true			assessed	not_detected
votu_1906238b427667fc56c3	target_4100a1827da125f947de	SID31866	CRC	0	0.0	true	true			assessed	not_detected
votu_1906238b427667fc56c3	target_4100a1827da125f947de	SID530295	control	0	0.0	true	true			assessed	not_detected
votu_1906238b427667fc56c3	target_4100a1827da125f947de	SID530368	control	0	0.0	true	true			assessed	not_detected
votu_1906238b427667fc56c3	target_4100a1827da125f947de	SID530373	CRC	0	0.0	true	true			assessed	not_detected
votu_1906238b427667fc56c3	target_4100a1827da125f947de	SID531248	CRC	1	1.0339726202639705	true	true			assessed	detected
votu_1906238b427667fc56c3	target_4100a1827da125f947de	SID531361	CRC	0	0.0	true	true			assessed	not_detected
votu_1906238b427667fc56c3	target_4100a1827da125f947de	SID531469	CRC	1	1.4850500777896025	true	true			assessed	detected
votu_1906238b427667fc56c3	target_4100a1827da125f947de	SID532796	control		0.0	false	true	detection_status_not_resolvable		assessed	not_resolvable
votu_1a0bec952156d932207a	target_44413f457a3d099d3237	SID31160	control	0	0.0011157369440593097	true	true			assessed	not_detected
votu_1a0bec952156d932207a	target_44413f457a3d099d3237	SID31512	control	1	14.233276300087068	true	true			assessed	detected
votu_1a0bec952156d932207a	target_44413f457a3d099d3237	SID31866	CRC	0	0.0	true	true			assessed	not_detected
votu_1a0bec952156d932207a	target_44413f457a3d099d3237	SID530295	control	0	0.003736674643725105	true	true			assessed	not_detected
votu_1a0bec952156d932207a	target_44413f457a3d099d3237	SID530368	control	0	0.0	true	true			assessed	not_detected
votu_1a0bec952156d932207a	target_44413f457a3d099d3237	SID530373	CRC	0	0.0	true	true			assessed	not_detected
votu_1a0bec952156d932207a	target_44413f457a3d099d3237	SID531248	CRC	0	0.018889435982657795	true	true			assessed	not_detected
votu_1a0bec952156d932207a	target_44413f457a3d099d3237	SID531361	CRC	0	0.0	true	true			assessed	not_detected
votu_1a0bec952156d932207a	target_44413f457a3d099d3237	SID531469	CRC	0	0.0	true	true			assessed	not_detected
votu_1a0bec952156d932207a	target_44413f457a3d099d3237	SID532796	control	0	0.13066063186238555	true	true			assessed	not_detected
votu_1b7dadc0ef11df852ec3	target_f3a1295c1fe676de8866	SID31160	control		0.34686022359418683	false	true	detection_status_not_detected_at_resolved_signal		assessed	not_detected_at_resolved_signal
votu_1b7dadc0ef11df852ec3	target_f3a1295c1fe676de8866	SID31512	control	0	0.0	true	true			assessed	not_detected
votu_1b7dadc0ef11df852ec3	target_f3a1295c1fe676de8866	SID31866	CRC		0.0027596420200613524	false	true	detection_status_not_detected_at_resolved_signal		assessed	not_detected_at_resolved_signal
votu_1b7dadc0ef11df852ec3	target_f3a1295c1fe676de8866	SID530295	control	1	2.239049021133809	true	true			assessed	detected
votu_1b7dadc0ef11df852ec3	target_f3a1295c1fe676de8866	SID530368	control	0	0.0	true	true			assessed	not_detected
votu_1b7dadc0ef11df852ec3	target_f3a1295c1fe676de8866	SID530373	CRC	0	0.0	true	true			assessed	not_detected
votu_1b7dadc0ef11df852ec3	target_f3a1295c1fe676de8866	SID531248	CRC		0.0028977777177121777	false	true	detection_status_not_detected_at_resolved_signal		assessed	not_detected_at_resolved_signal
votu_1b7dadc0ef11df852ec3	target_f3a1295c1fe676de8866	SID531361	CRC	0	0.0	true	true			assessed	not_detected
votu_1b7dadc0ef11df852ec3	target_f3a1295c1fe676de8866	SID531469	CRC	0	0.0	true	true			assessed	not_detected
votu_1b7dadc0ef11df852ec3	target_f3a1295c1fe676de8866	SID532796	control	0	0.0	true	true			assessed	not_detected
votu_1bb6d255322759c00fb5	target_b756a6d60de32a8bdc79	SID31160	control	0	0.0	true	true			assessed	not_detected
votu_1bb6d255322759c00fb5	target_b756a6d60de32a8bdc79	SID31512	control	1	5.589509883151867	true	true			assessed	detected
votu_1bb6d255322759c00fb5	target_b756a6d60de32a8bdc79	SID31866	CRC	0	0.0	true	true			assessed	not_detected
votu_1bb6d255322759c00fb5	target_b756a6d60de32a8bdc79	SID530295	control	0	0.0	true	true			assessed	not_detected
votu_1bb6d255322759c00fb5	target_b756a6d60de32a8bdc79	SID530368	control	0	0.0	true	true			assessed	not_detected
votu_1bb6d255322759c00fb5	target_b756a6d60de32a8bdc79	SID530373	CRC	0	0.0	true	true			assessed	not_detected
votu_1bb6d255322759c00fb5	target_b756a6d60de32a8bdc79	SID531248	CRC	0	0.0	true	true			assessed	not_detected
votu_1bb6d255322759c00fb5	target_b756a6d60de32a8bdc79	SID531361	CRC	0	0.0	true	true			assessed	not_detected
votu_1bb6d255322759c00fb5	target_b756a6d60de32a8bdc79	SID531469	CRC	0	0.0	true	true			assessed	not_detected
votu_1bb6d255322759c00fb5	target_b756a6d60de32a8bdc79	SID532796	control	0	0.0	true	true			assessed	not_detected
votu_1c50e2261a7194a4cf38	target_3b464fc8b550fea05d33	SID31160	control	1	1.5797431302152518	true	true			assessed	detected
votu_1c50e2261a7194a4cf38	target_3b464fc8b550fea05d33	SID31512	control		0.0018714887257951774	false	true	detection_status_not_detected_at_resolved_signal		assessed	not_detected_at_resolved_signal
votu_1c50e2261a7194a4cf38	target_3b464fc8b550fea05d33	SID31866	CRC	1	5.858253426401134	true	true			assessed	detected
votu_1c50e2261a7194a4cf38	target_3b464fc8b550fea05d33	SID530295	control		0.10886134043760602	false	true	detection_status_not_detected_at_resolved_signal		assessed	not_detected_at_resolved_signal
votu_1c50e2261a7194a4cf38	target_3b464fc8b550fea05d33	SID530368	control	0	0.0	true	true			assessed	not_detected
votu_1c50e2261a7194a4cf38	target_3b464fc8b550fea05d33	SID530373	CRC	0	0.0035183930007620214	true	true			assessed	not_detected
votu_1c50e2261a7194a4cf38	target_3b464fc8b550fea05d33	SID531248	CRC	1	0.3923298308782959	true	true			assessed	detected
votu_1c50e2261a7194a4cf38	target_3b464fc8b550fea05d33	SID531361	CRC	0	0.013697502051134383	true	true			assessed	not_detected
votu_1c50e2261a7194a4cf38	target_3b464fc8b550fea05d33	SID531469	CRC		0.012672491618396555	false	true	detection_status_not_detected_at_resolved_signal		assessed	not_detected_at_resolved_signal
votu_1c50e2261a7194a4cf38	target_3b464fc8b550fea05d33	SID532796	control	0	0.0008988344966353186	true	true			assessed	not_detected
votu_1d09c53f2926ff06986c	target_b938a3d345cab514c231	SID31160	control	0	0.0	true	true			assessed	not_detected
votu_1d09c53f2926ff06986c	target_b938a3d345cab514c231	SID31512	control	0	0.0	true	true			assessed	not_detected
votu_1d09c53f2926ff06986c	target_b938a3d345cab514c231	SID31866	CRC		0.0	false	true	detection_status_not_resolvable		assessed	not_resolvable
votu_1d09c53f2926ff06986c	target_b938a3d345cab514c231	SID530295	control	1	2.338086267433729	true	true			assessed	detected
votu_1d09c53f2926ff06986c	target_b938a3d345cab514c231	SID530368	control	0	0.0012265462837206763	true	true			assessed	not_detected
votu_1d09c53f2926ff06986c	target_b938a3d345cab514c231	SID530373	CRC	0	0.0	true	true			assessed	not_detected
votu_1d09c53f2926ff06986c	target_b938a3d345cab514c231	SID531248	CRC	0	0.0	true	true			assessed	not_detected
votu_1d09c53f2926ff06986c	target_b938a3d345cab514c231	SID531361	CRC	0	0.0	true	true			assessed	not_detected
votu_1d09c53f2926ff06986c	target_b938a3d345cab514c231	SID531469	CRC	0	0.0	true	true			assessed	not_detected
votu_1d09c53f2926ff06986c	target_b938a3d345cab514c231	SID532796	control	0	0.0	true	true			assessed	not_detected
votu_1d0cc8660040198ad03e	target_ba43454e309c58cafd71	SID31160	control	0	0.0	true	true			assessed	not_detected
votu_1d0cc8660040198ad03e	target_ba43454e309c58cafd71	SID31512	control	0	0.0	true	true			assessed	not_detected
votu_1d0cc8660040198ad03e	target_ba43454e309c58cafd71	SID31866	CRC		0.0	false	true	detection_status_not_resolvable		assessed	not_resolvable
votu_1d0cc8660040198ad03e	target_ba43454e309c58cafd71	SID530295	control		0.0	false	true	detection_status_not_resolvable		assessed	not_resolvable
votu_1d0cc8660040198ad03e	target_ba43454e309c58cafd71	SID530368	control		0.0009848230590869416	false	true	detection_status_not_detected_at_resolved_signal		assessed	not_detected_at_resolved_signal
votu_1d0cc8660040198ad03e	target_ba43454e309c58cafd71	SID530373	CRC	0	0.0	true	true			assessed	not_detected
votu_1d0cc8660040198ad03e	target_ba43454e309c58cafd71	SID531248	CRC		0.0	false	true	detection_status_not_resolvable		assessed	not_resolvable
votu_1d0cc8660040198ad03e	target_ba43454e309c58cafd71	SID531361	CRC		0.0	false	true	detection_status_not_resolvable		assessed	not_resolvable
votu_1d0cc8660040198ad03e	target_ba43454e309c58cafd71	SID531469	CRC		0.0	false	true	detection_status_not_resolvable		assessed	not_resolvable
votu_1d0cc8660040198ad03e	target_ba43454e309c58cafd71	SID532796	control		0.0	false	true	detection_status_not_resolvable		assessed	not_resolvable
votu_1d91b8cbee962128c0ac	target_1c664525285ebfeeda2e	SID31160	control	0	0.17772357282827822	true	true			assessed	not_detected
votu_1d91b8cbee962128c0ac	target_1c664525285ebfeeda2e	SID31512	control	1	31.986079163398603	true	true			assessed	detected
votu_1d91b8cbee962128c0ac	target_1c664525285ebfeeda2e	SID31866	CRC	0	0.006554322414693428	true	true			assessed	not_detected
votu_1d91b8cbee962128c0ac	target_1c664525285ebfeeda2e	SID530295	control		0.16894540377663664	false	true	detection_status_not_detected_at_resolved_signal		assessed	not_detected_at_resolved_signal
votu_1d91b8cbee962128c0ac	target_1c664525285ebfeeda2e	SID530368	control	0	0.0	true	true			assessed	not_detected
votu_1d91b8cbee962128c0ac	target_1c664525285ebfeeda2e	SID530373	CRC	0	0.07644429632014783	true	true			assessed	not_detected
votu_1d91b8cbee962128c0ac	target_1c664525285ebfeeda2e	SID531248	CRC		0.025026921225723902	false	true	detection_status_not_detected_at_resolved_signal		assessed	not_detected_at_resolved_signal
votu_1d91b8cbee962128c0ac	target_1c664525285ebfeeda2e	SID531361	CRC	0	0.0946235399787229	true	true			assessed	not_detected
votu_1d91b8cbee962128c0ac	target_1c664525285ebfeeda2e	SID531469	CRC	0	0.0022692514568600467	true	true			assessed	not_detected
votu_1d91b8cbee962128c0ac	target_1c664525285ebfeeda2e	SID532796	control	0	0.0	true	true			assessed	not_detected
votu_1ddf86f7e8cdf9c09bb6	target_7e55fb98db3554fdb046	SID31160	control	0	0.0	true	true			assessed	not_detected
votu_1ddf86f7e8cdf9c09bb6	target_7e55fb98db3554fdb046	SID31512	control	1	20.898075831824187	true	true			assessed	detected
votu_1ddf86f7e8cdf9c09bb6	target_7e55fb98db3554fdb046	SID31866	CRC	0	0.0	true	true			assessed	not_detected
votu_1ddf86f7e8cdf9c09bb6	target_7e55fb98db3554fdb046	SID530295	control	0	0.0011726779674213772	true	true			assessed	not_detected
votu_1ddf86f7e8cdf9c09bb6	target_7e55fb98db3554fdb046	SID530368	control	0	0.0008166513892154187	true	true			assessed	not_detected
votu_1ddf86f7e8cdf9c09bb6	target_7e55fb98db3554fdb046	SID530373	CRC	0	0.00022108853912205224	true	true			assessed	not_detected
votu_1ddf86f7e8cdf9c09bb6	target_7e55fb98db3554fdb046	SID531248	CRC	0	0.0013173463042171472	true	true			assessed	not_detected
votu_1ddf86f7e8cdf9c09bb6	target_7e55fb98db3554fdb046	SID531361	CRC	0	0.0	true	true			assessed	not_detected
votu_1ddf86f7e8cdf9c09bb6	target_7e55fb98db3554fdb046	SID531469	CRC	0	0.0	true	true			assessed	not_detected
votu_1ddf86f7e8cdf9c09bb6	target_7e55fb98db3554fdb046	SID532796	control	0	0.0006777708086523642	true	true			assessed	not_detected
votu_1e45dae377e731ba88f2	target_ace9da3b663f36a1ccf4	SID31160	control	0	0.07637092593796878	true	true			assessed	not_detected
votu_1e45dae377e731ba88f2	target_ace9da3b663f36a1ccf4	SID31512	control		0.011399855357084848	false	true	detection_status_not_detected_at_resolved_signal		assessed	not_detected_at_resolved_signal
votu_1e45dae377e731ba88f2	target_ace9da3b663f36a1ccf4	SID31866	CRC	0	0.04994795258468999	true	true			assessed	not_detected
votu_1e45dae377e731ba88f2	target_ace9da3b663f36a1ccf4	SID530295	control	0	0.00118412561639721	true	true			assessed	not_detected
votu_1e45dae377e731ba88f2	target_ace9da3b663f36a1ccf4	SID530368	control		0.0016492470337150424	false	true	detection_status_not_detected_at_resolved_signal		assessed	not_detected_at_resolved_signal
votu_1e45dae377e731ba88f2	target_ace9da3b663f36a1ccf4	SID530373	CRC		0.008036884769575241	false	true	detection_status_not_detected_at_resolved_signal		assessed	not_detected_at_resolved_signal
votu_1e45dae377e731ba88f2	target_ace9da3b663f36a1ccf4	SID531248	CRC	0	0.2816236557786214	true	true			assessed	not_detected
votu_1e45dae377e731ba88f2	target_ace9da3b663f36a1ccf4	SID531361	CRC	1	2.7506069552051233	true	true			assessed	detected
votu_1e45dae377e731ba88f2	target_ace9da3b663f36a1ccf4	SID531469	CRC		0.0	false	true	detection_status_not_resolvable		assessed	not_resolvable
votu_1e45dae377e731ba88f2	target_ace9da3b663f36a1ccf4	SID532796	control	0	0.028744261896660593	true	true			assessed	not_detected
votu_206569755c97fdae18b7	target_1224b4ce931909630da6	SID31160	control	0	0.0	true	true			assessed	not_detected
votu_206569755c97fdae18b7	target_1224b4ce931909630da6	SID31512	control	0	0.0	true	true			assessed	not_detected
votu_206569755c97fdae18b7	target_1224b4ce931909630da6	SID31866	CRC	0	0.0	true	true			assessed	not_detected
votu_206569755c97fdae18b7	target_1224b4ce931909630da6	SID530295	control	0	0.0	true	true			assessed	not_detected
votu_206569755c97fdae18b7	target_1224b4ce931909630da6	SID530368	control	0	0.0	true	true			assessed	not_detected
votu_206569755c97fdae18b7	target_1224b4ce931909630da6	SID530373	CRC	0	0.0	true	true			assessed	not_detected
votu_206569755c97fdae18b7	target_1224b4ce931909630da6	SID531248	CRC	0	0.0	true	true			assessed	not_detected
votu_206569755c97fdae18b7	target_1224b4ce931909630da6	SID531361	CRC	0	0.0	true	true			assessed	not_detected
votu_206569755c97fdae18b7	target_1224b4ce931909630da6	SID531469	CRC	0	0.0	true	true			assessed	not_detected
votu_206569755c97fdae18b7	target_1224b4ce931909630da6	SID532796	control	0	0.0	true	true			assessed	not_detected
votu_2162a623f666c51b10c4	target_90abf17ad45f3bb9e00d	SID31160	control	0	0.0	true	true			assessed	not_detected
votu_2162a623f666c51b10c4	target_90abf17ad45f3bb9e00d	SID31512	control	0	0.0	true	true			assessed	not_detected
votu_2162a623f666c51b10c4	target_90abf17ad45f3bb9e00d	SID31866	CRC	0	0.0	true	true			assessed	not_detected
votu_2162a623f666c51b10c4	target_90abf17ad45f3bb9e00d	SID530295	control	0	0.0	true	true			assessed	not_detected
votu_2162a623f666c51b10c4	target_90abf17ad45f3bb9e00d	SID530368	control	0	0.0	true	true			assessed	not_detected
votu_2162a623f666c51b10c4	target_90abf17ad45f3bb9e00d	SID530373	CRC	0	0.0	true	true			assessed	not_detected
votu_2162a623f666c51b10c4	target_90abf17ad45f3bb9e00d	SID531248	CRC	0	0.0	true	true			assessed	not_detected
votu_2162a623f666c51b10c4	target_90abf17ad45f3bb9e00d	SID531361	CRC	0	0.0	true	true			assessed	not_detected
votu_2162a623f666c51b10c4	target_90abf17ad45f3bb9e00d	SID531469	CRC	0	0.0	true	true			assessed	not_detected
votu_2162a623f666c51b10c4	target_90abf17ad45f3bb9e00d	SID532796	control	0	0.0	true	true			assessed	not_detected
votu_2238e7938d318af57ae0	target_4909c51b3da2abdf263d	SID31160	control	0	0.0	true	true			assessed	not_detected
votu_2238e7938d318af57ae0	target_4909c51b3da2abdf263d	SID31512	control	0	0.0	true	true			assessed	not_detected
votu_2238e7938d318af57ae0	target_4909c51b3da2abdf263d	SID31866	CRC		0.0	false	true	detection_status_not_resolvable		assessed	not_resolvable
votu_2238e7938d318af57ae0	target_4909c51b3da2abdf263d	SID530295	control		0.0	false	true	detection_status_not_resolvable		assessed	not_resolvable
votu_2238e7938d318af57ae0	target_4909c51b3da2abdf263d	SID530368	control		0.0	false	true	detection_status_not_resolvable		assessed	not_resolvable
votu_2238e7938d318af57ae0	target_4909c51b3da2abdf263d	SID530373	CRC		0.0	false	true	detection_status_not_resolvable		assessed	not_resolvable
votu_2238e7938d318af57ae0	target_4909c51b3da2abdf263d	SID531248	CRC	0	0.0	true	true			assessed	not_detected
votu_2238e7938d318af57ae0	target_4909c51b3da2abdf263d	SID531361	CRC	0	0.0	true	true			assessed	not_detected
votu_2238e7938d318af57ae0	target_4909c51b3da2abdf263d	SID531469	CRC	0	0.0	true	true			assessed	not_detected
votu_2238e7938d318af57ae0	target_4909c51b3da2abdf263d	SID532796	control		0.0	false	true	detection_status_not_resolvable		assessed	not_resolvable
votu_2275ee3cfd7c87225e8f	target_fdb5c6c90e4747097aeb	SID31160	control	0	0.0	true	true			assessed	not_detected
votu_2275ee3cfd7c87225e8f	target_fdb5c6c90e4747097aeb	SID31512	control	0	0.0	true	true			assessed	not_detected
votu_2275ee3cfd7c87225e8f	target_fdb5c6c90e4747097aeb	SID31866	CRC		0.006399361422549685	false	true	detection_status_not_detected_at_resolved_signal		assessed	not_detected_at_resolved_signal
votu_2275ee3cfd7c87225e8f	target_fdb5c6c90e4747097aeb	SID530295	control	0	0.0	true	true			assessed	not_detected
votu_2275ee3cfd7c87225e8f	target_fdb5c6c90e4747097aeb	SID530368	control	0	0.0	true	true			assessed	not_detected
votu_2275ee3cfd7c87225e8f	target_fdb5c6c90e4747097aeb	SID530373	CRC	0	0.0	true	true			assessed	not_detected
votu_2275ee3cfd7c87225e8f	target_fdb5c6c90e4747097aeb	SID531248	CRC		0.11759449923334057	false	true	detection_status_not_detected_at_resolved_signal		assessed	not_detected_at_resolved_signal
votu_2275ee3cfd7c87225e8f	target_fdb5c6c90e4747097aeb	SID531361	CRC	0	0.0	true	true			assessed	not_detected
votu_2275ee3cfd7c87225e8f	target_fdb5c6c90e4747097aeb	SID531469	CRC	0	0.0	true	true			assessed	not_detected
votu_2275ee3cfd7c87225e8f	target_fdb5c6c90e4747097aeb	SID532796	control	1	10.961622414018354	true	true			assessed	detected
votu_22ae35350fc818d7b7a0	target_9b761882d890890b1cdc	SID31160	control	0	0.07235500973079352	true	true			assessed	not_detected
votu_22ae35350fc818d7b7a0	target_9b761882d890890b1cdc	SID31512	control		0.8474939869498177	false	true	detection_status_not_detected_at_resolved_signal		assessed	not_detected_at_resolved_signal
votu_22ae35350fc818d7b7a0	target_9b761882d890890b1cdc	SID31866	CRC	0	0.0640382956729013	true	true			assessed	not_detected
votu_22ae35350fc818d7b7a0	target_9b761882d890890b1cdc	SID530295	control	0	0.01935206998500964	true	true			assessed	not_detected
votu_22ae35350fc818d7b7a0	target_9b761882d890890b1cdc	SID530368	control		0.004687567305515954	false	true	detection_status_not_detected_at_resolved_signal		assessed	not_detected_at_resolved_signal
votu_22ae35350fc818d7b7a0	target_9b761882d890890b1cdc	SID530373	CRC		0.4901686527160967	false	true	detection_status_not_detected_at_resolved_signal		assessed	not_detected_at_resolved_signal
votu_22ae35350fc818d7b7a0	target_9b761882d890890b1cdc	SID531248	CRC	0	0.311103728785405	true	true			assessed	not_detected
votu_22ae35350fc818d7b7a0	target_9b761882d890890b1cdc	SID531361	CRC	1	3.868439681171589	true	true			assessed	detected
votu_22ae35350fc818d7b7a0	target_9b761882d890890b1cdc	SID531469	CRC	1	1.0127644858710267	true	true			assessed	detected
votu_22ae35350fc818d7b7a0	target_9b761882d890890b1cdc	SID532796	control	0	0.0038903947574549067	true	true			assessed	not_detected
votu_22b2454eae098f85b147	target_201d40f6efe0f9229a23	SID31160	control	0	0.0	true	true			assessed	not_detected
votu_22b2454eae098f85b147	target_201d40f6efe0f9229a23	SID31512	control	0	0.0	true	true			assessed	not_detected
votu_22b2454eae098f85b147	target_201d40f6efe0f9229a23	SID31866	CRC	0	0.0	true	true			assessed	not_detected
votu_22b2454eae098f85b147	target_201d40f6efe0f9229a23	SID530295	control	0	0.0	true	true			assessed	not_detected
votu_22b2454eae098f85b147	target_201d40f6efe0f9229a23	SID530368	control	0	0.0	true	true			assessed	not_detected
votu_22b2454eae098f85b147	target_201d40f6efe0f9229a23	SID530373	CRC	0	0.0	true	true			assessed	not_detected
votu_22b2454eae098f85b147	target_201d40f6efe0f9229a23	SID531248	CRC	0	0.0	true	true			assessed	not_detected
votu_22b2454eae098f85b147	target_201d40f6efe0f9229a23	SID531361	CRC	0	0.0	true	true			assessed	not_detected
votu_22b2454eae098f85b147	target_201d40f6efe0f9229a23	SID531469	CRC	0	0.0	true	true			assessed	not_detected
votu_22b2454eae098f85b147	target_201d40f6efe0f9229a23	SID532796	control	0	0.0	true	true			assessed	not_detected
votu_23410b77a727e82568a7	target_d4ef957b5d90e839c7bf	SID31160	control	0	0.0	true	true			assessed	not_detected
votu_23410b77a727e82568a7	target_d4ef957b5d90e839c7bf	SID31512	control	0	0.0	true	true			assessed	not_detected
votu_23410b77a727e82568a7	target_d4ef957b5d90e839c7bf	SID31866	CRC		0.0029553121416837284	false	true	detection_status_not_detected_at_resolved_signal		assessed	not_detected_at_resolved_signal
votu_23410b77a727e82568a7	target_d4ef957b5d90e839c7bf	SID530295	control	0	0.004394807421665311	true	true			assessed	not_detected
votu_23410b77a727e82568a7	target_d4ef957b5d90e839c7bf	SID530368	control	0	3.784865437587345	true	true			assessed	not_detected
votu_23410b77a727e82568a7	target_d4ef957b5d90e839c7bf	SID530373	CRC	0	0.2462499317364905	true	true			assessed	not_detected
votu_23410b77a727e82568a7	target_d4ef957b5d90e839c7bf	SID531248	CRC	1	3.0504871180452118	true	true			assessed	detected
votu_23410b77a727e82568a7	target_d4ef957b5d90e839c7bf	SID531361	CRC	0	0.01754782277036867	true	true			assessed	not_detected
votu_23410b77a727e82568a7	target_d4ef957b5d90e839c7bf	SID531469	CRC	0	0.0010231944598815817	true	true			assessed	not_detected
votu_23410b77a727e82568a7	target_d4ef957b5d90e839c7bf	SID532796	control	0	0.010837588540618441	true	true			assessed	not_detected
votu_235a8ef24c94005aebcb	target_901f5366d7bbb73c9e1a	SID31160	control	0	0.0	true	true			assessed	not_detected
votu_235a8ef24c94005aebcb	target_901f5366d7bbb73c9e1a	SID31512	control	1	133.47601430218597	true	true			assessed	detected
votu_235a8ef24c94005aebcb	target_901f5366d7bbb73c9e1a	SID31866	CRC	0	0.019982718429700456	true	true			assessed	not_detected
votu_235a8ef24c94005aebcb	target_901f5366d7bbb73c9e1a	SID530295	control	0	0.0	true	true			assessed	not_detected
votu_235a8ef24c94005aebcb	target_901f5366d7bbb73c9e1a	SID530368	control		0.0	false	true	detection_status_not_resolvable		assessed	not_resolvable
votu_235a8ef24c94005aebcb	target_901f5366d7bbb73c9e1a	SID530373	CRC	0	0.0013445896571459628	true	true			assessed	not_detected
votu_235a8ef24c94005aebcb	target_901f5366d7bbb73c9e1a	SID531248	CRC	1	0.8744174425314234	true	true			assessed	detected
votu_235a8ef24c94005aebcb	target_901f5366d7bbb73c9e1a	SID531361	CRC	0	0.0	true	true			assessed	not_detected
votu_235a8ef24c94005aebcb	target_901f5366d7bbb73c9e1a	SID531469	CRC	0	0.0018449224817693223	true	true			assessed	not_detected
votu_235a8ef24c94005aebcb	target_901f5366d7bbb73c9e1a	SID532796	control	1	109.07001037443149	true	true			assessed	detected
votu_2402c5857ed5d3f7f63a	target_880011df40550eac9ad6	SID31160	control	0	0.0	true	true			assessed	not_detected
votu_2402c5857ed5d3f7f63a	target_880011df40550eac9ad6	SID31512	control	0	0.0	true	true			assessed	not_detected
votu_2402c5857ed5d3f7f63a	target_880011df40550eac9ad6	SID31866	CRC		0.0	false	true	detection_status_not_resolvable		assessed	not_resolvable
votu_2402c5857ed5d3f7f63a	target_880011df40550eac9ad6	SID530295	control	0	0.0	true	true			assessed	not_detected
votu_2402c5857ed5d3f7f63a	target_880011df40550eac9ad6	SID530368	control	0	0.0	true	true			assessed	not_detected
votu_2402c5857ed5d3f7f63a	target_880011df40550eac9ad6	SID530373	CRC	0	0.0	true	true			assessed	not_detected
votu_2402c5857ed5d3f7f63a	target_880011df40550eac9ad6	SID531248	CRC	0	0.0	true	true			assessed	not_detected
votu_2402c5857ed5d3f7f63a	target_880011df40550eac9ad6	SID531361	CRC	0	0.0	true	true			assessed	not_detected
votu_2402c5857ed5d3f7f63a	target_880011df40550eac9ad6	SID531469	CRC		0.0	false	true	detection_status_not_resolvable		assessed	not_resolvable
votu_2402c5857ed5d3f7f63a	target_880011df40550eac9ad6	SID532796	control	0	0.0	true	true			assessed	not_detected
votu_2451be49a28049405b8a	target_7c72656acfd9b2a9e676	SID31160	control	0	0.0	true	true			assessed	not_detected
votu_2451be49a28049405b8a	target_7c72656acfd9b2a9e676	SID31512	control	1	1.4002353936408227	true	true			assessed	detected
votu_2451be49a28049405b8a	target_7c72656acfd9b2a9e676	SID31866	CRC	0	0.0	true	true			assessed	not_detected
votu_2451be49a28049405b8a	target_7c72656acfd9b2a9e676	SID530295	control		0.0033628955201670655	false	true	detection_status_not_detected_at_resolved_signal		assessed	not_detected_at_resolved_signal
votu_2451be49a28049405b8a	target_7c72656acfd9b2a9e676	SID530368	control		0.0	false	true	detection_status_not_resolvable		assessed	not_resolvable
votu_2451be49a28049405b8a	target_7c72656acfd9b2a9e676	SID530373	CRC	0	0.0	true	true			assessed	not_detected
votu_2451be49a28049405b8a	target_7c72656acfd9b2a9e676	SID531248	CRC	0	0.0	true	true			assessed	not_detected
votu_2451be49a28049405b8a	target_7c72656acfd9b2a9e676	SID531361	CRC	0	0.0	true	true			assessed	not_detected
votu_2451be49a28049405b8a	target_7c72656acfd9b2a9e676	SID531469	CRC	0	0.0	true	true			assessed	not_detected
votu_2451be49a28049405b8a	target_7c72656acfd9b2a9e676	SID532796	control	0	0.0	true	true			assessed	not_detected
votu_24c0b2e97fd5db2697f5	target_6cc5a00449ff7d830732	SID31160	control	0	0.0	true	true			assessed	not_detected
votu_24c0b2e97fd5db2697f5	target_6cc5a00449ff7d830732	SID31512	control	0	0.0	true	true			assessed	not_detected
votu_24c0b2e97fd5db2697f5	target_6cc5a00449ff7d830732	SID31866	CRC		0.0	false	true	detection_status_not_resolvable		assessed	not_resolvable
votu_24c0b2e97fd5db2697f5	target_6cc5a00449ff7d830732	SID530295	control	0	0.0	true	true			assessed	not_detected
votu_24c0b2e97fd5db2697f5	target_6cc5a00449ff7d830732	SID530368	control	0	0.0	true	true			assessed	not_detected
votu_24c0b2e97fd5db2697f5	target_6cc5a00449ff7d830732	SID530373	CRC	0	0.0	true	true			assessed	not_detected
votu_24c0b2e97fd5db2697f5	target_6cc5a00449ff7d830732	SID531248	CRC	0	0.0	true	true			assessed	not_detected
votu_24c0b2e97fd5db2697f5	target_6cc5a00449ff7d830732	SID531361	CRC	0	0.0	true	true			assessed	not_detected
votu_24c0b2e97fd5db2697f5	target_6cc5a00449ff7d830732	SID531469	CRC		0.0	false	true	detection_status_not_resolvable		assessed	not_resolvable
votu_24c0b2e97fd5db2697f5	target_6cc5a00449ff7d830732	SID532796	control	0	0.0	true	true			assessed	not_detected
votu_2560cb256703a5661bf3	target_703db91d8eef4db44d64	SID31160	control	0	0.0	true	true			assessed	not_detected
votu_2560cb256703a5661bf3	target_703db91d8eef4db44d64	SID31512	control	0	0.0	true	true			assessed	not_detected
votu_2560cb256703a5661bf3	target_703db91d8eef4db44d64	SID31866	CRC		0.0	false	true	detection_status_not_resolvable		assessed	not_resolvable
votu_2560cb256703a5661bf3	target_703db91d8eef4db44d64	SID530295	control		0.0	false	true	detection_status_not_resolvable		assessed	not_resolvable
votu_2560cb256703a5661bf3	target_703db91d8eef4db44d64	SID530368	control		0.0	false	true	detection_status_not_resolvable		assessed	not_resolvable
votu_2560cb256703a5661bf3	target_703db91d8eef4db44d64	SID530373	CRC	0	0.0	true	true			assessed	not_detected
votu_2560cb256703a5661bf3	target_703db91d8eef4db44d64	SID531248	CRC	0	0.0	true	true			assessed	not_detected
votu_2560cb256703a5661bf3	target_703db91d8eef4db44d64	SID531361	CRC		0.0	false	true	detection_status_not_resolvable		assessed	not_resolvable
votu_2560cb256703a5661bf3	target_703db91d8eef4db44d64	SID531469	CRC		0.0	false	true	detection_status_not_resolvable		assessed	not_resolvable
votu_2560cb256703a5661bf3	target_703db91d8eef4db44d64	SID532796	control		0.0	false	true	detection_status_not_resolvable		assessed	not_resolvable
votu_25e6551e9262f15c0e07	target_6e137a9da4392c94b028	SID31160	control	0	0.07345513223918422	true	true			assessed	not_detected
votu_25e6551e9262f15c0e07	target_6e137a9da4392c94b028	SID31512	control	0	0.012166217844782274	true	true			assessed	not_detected
votu_25e6551e9262f15c0e07	target_6e137a9da4392c94b028	SID31866	CRC	0	0.05330573529325801	true	true			assessed	not_detected
votu_25e6551e9262f15c0e07	target_6e137a9da4392c94b028	SID530295	control	0	0.017692208940187214	true	true			assessed	not_detected
votu_25e6551e9262f15c0e07	target_6e137a9da4392c94b028	SID530368	control	0	0.018774599560925604	true	true			assessed	not_detected
votu_25e6551e9262f15c0e07	target_6e137a9da4392c94b028	SID530373	CRC	0	0.002859056477393438	true	true			assessed	not_detected
votu_25e6551e9262f15c0e07	target_6e137a9da4392c94b028	SID531248	CRC	0	0.0	true	true			assessed	not_detected
votu_25e6551e9262f15c0e07	target_6e137a9da4392c94b028	SID531361	CRC	0	0.0019787787312079445	true	true			assessed	not_detected
votu_25e6551e9262f15c0e07	target_6e137a9da4392c94b028	SID531469	CRC	1	2.113481129130911	true	true			assessed	detected
votu_25e6551e9262f15c0e07	target_6e137a9da4392c94b028	SID532796	control	0	0.01947721465758791	true	true			assessed	not_detected
votu_2663e0b8daea50044c93	target_9d05d6dfa96711b89105	SID31160	control	0	0.0	true	true			assessed	not_detected
votu_2663e0b8daea50044c93	target_9d05d6dfa96711b89105	SID31512	control	0	0.0	true	true			assessed	not_detected
votu_2663e0b8daea50044c93	target_9d05d6dfa96711b89105	SID31866	CRC		0.0	false	true	detection_status_not_resolvable		assessed	not_resolvable
votu_2663e0b8daea50044c93	target_9d05d6dfa96711b89105	SID530295	control	0	0.0	true	true			assessed	not_detected
votu_2663e0b8daea50044c93	target_9d05d6dfa96711b89105	SID530368	control	0	0.0	true	true			assessed	not_detected
votu_2663e0b8daea50044c93	target_9d05d6dfa96711b89105	SID530373	CRC		0.0	false	true	detection_status_not_resolvable		assessed	not_resolvable
votu_2663e0b8daea50044c93	target_9d05d6dfa96711b89105	SID531248	CRC		0.0	false	true	detection_status_not_resolvable		assessed	not_resolvable
votu_2663e0b8daea50044c93	target_9d05d6dfa96711b89105	SID531361	CRC		0.0	false	true	detection_status_not_resolvable		assessed	not_resolvable
votu_2663e0b8daea50044c93	target_9d05d6dfa96711b89105	SID531469	CRC		0.0	false	true	detection_status_not_resolvable		assessed	not_resolvable
votu_2663e0b8daea50044c93	target_9d05d6dfa96711b89105	SID532796	control	0	0.0	true	true			assessed	not_detected
votu_26cccb4aa0ae0a70cdef	target_3a40e53e1707f7edb28e	SID31160	control	0	0.0	true	true			assessed	not_detected
votu_26cccb4aa0ae0a70cdef	target_3a40e53e1707f7edb28e	SID31512	control	0	0.0	true	true			assessed	not_detected
votu_26cccb4aa0ae0a70cdef	target_3a40e53e1707f7edb28e	SID31866	CRC		0.003285127759131821	false	true	detection_status_not_detected_at_resolved_signal		assessed	not_detected_at_resolved_signal
votu_26cccb4aa0ae0a70cdef	target_3a40e53e1707f7edb28e	SID530295	control	0	0.0	true	true			assessed	not_detected
votu_26cccb4aa0ae0a70cdef	target_3a40e53e1707f7edb28e	SID530368	control		0.0	false	true	detection_status_not_resolvable		assessed	not_resolvable
votu_26cccb4aa0ae0a70cdef	target_3a40e53e1707f7edb28e	SID530373	CRC		0.0	false	true	detection_status_not_resolvable		assessed	not_resolvable
votu_26cccb4aa0ae0a70cdef	target_3a40e53e1707f7edb28e	SID531248	CRC	0	0.0	true	true			assessed	not_detected
votu_26cccb4aa0ae0a70cdef	target_3a40e53e1707f7edb28e	SID531361	CRC	0	0.0	true	true			assessed	not_detected
votu_26cccb4aa0ae0a70cdef	target_3a40e53e1707f7edb28e	SID531469	CRC		0.0	false	true	detection_status_not_resolvable		assessed	not_resolvable
votu_26cccb4aa0ae0a70cdef	target_3a40e53e1707f7edb28e	SID532796	control		0.0	false	true	detection_status_not_resolvable		assessed	not_resolvable
votu_277890e4ba36f7889d5f	target_b4e46c791b0511459a4b	SID31160	control		0.1086100123817653	false	true	detection_status_not_detected_at_resolved_signal		assessed	not_detected_at_resolved_signal
votu_277890e4ba36f7889d5f	target_b4e46c791b0511459a4b	SID31512	control		0.01631882897519331	false	true	detection_status_not_detected_at_resolved_signal		assessed	not_detected_at_resolved_signal
votu_277890e4ba36f7889d5f	target_b4e46c791b0511459a4b	SID31866	CRC	0	0.0029258399529411253	true	true			assessed	not_detected
votu_277890e4ba36f7889d5f	target_b4e46c791b0511459a4b	SID530295	control	1	2.4448880105495188	true	true			assessed	detected
votu_277890e4ba36f7889d5f	target_b4e46c791b0511459a4b	SID530368	control	0	0.0	true	true			assessed	not_detected
votu_277890e4ba36f7889d5f	target_b4e46c791b0511459a4b	SID530373	CRC		0.015339673933263234	false	true	detection_status_not_detected_at_resolved_signal		assessed	not_detected_at_resolved_signal
votu_277890e4ba36f7889d5f	target_b4e46c791b0511459a4b	SID531248	CRC		0.029186800576346237	false	true	detection_status_not_detected_at_resolved_signal		assessed	not_detected_at_resolved_signal
votu_277890e4ba36f7889d5f	target_b4e46c791b0511459a4b	SID531361	CRC		0.05152234894380974	false	true	detection_status_not_detected_at_resolved_signal		assessed	not_detected_at_resolved_signal
votu_277890e4ba36f7889d5f	target_b4e46c791b0511459a4b	SID531469	CRC	0	0.0009285746579683741	true	true			assessed	not_detected
votu_277890e4ba36f7889d5f	target_b4e46c791b0511459a4b	SID532796	control	0	0.0	true	true			assessed	not_detected
votu_28ca87e20574eacc4b38	target_6c6f2442a0613d7fff82	SID31160	control	0	0.0026466164935184766	true	true			assessed	not_detected
votu_28ca87e20574eacc4b38	target_6c6f2442a0613d7fff82	SID31512	control	0	0.03466645434526485	true	true			assessed	not_detected
votu_28ca87e20574eacc4b38	target_6c6f2442a0613d7fff82	SID31866	CRC	0	0.044703266477112244	true	true			assessed	not_detected
votu_28ca87e20574eacc4b38	target_6c6f2442a0613d7fff82	SID530295	control	0	0.28806987691738273	true	true			assessed	not_detected
votu_28ca87e20574eacc4b38	target_6c6f2442a0613d7fff82	SID530368	control	0	0.20061148218977512	true	true			assessed	not_detected
votu_28ca87e20574eacc4b38	target_6c6f2442a0613d7fff82	SID530373	CRC	0	0.10527918153392656	true	true			assessed	not_detected
votu_28ca87e20574eacc4b38	target_6c6f2442a0613d7fff82	SID531248	CRC	0	0.04694091790334664	true	true			assessed	not_detected
votu_28ca87e20574eacc4b38	target_6c6f2442a0613d7fff82	SID531361	CRC	1	0.8431483183025205	true	true			assessed	detected
votu_28ca87e20574eacc4b38	target_6c6f2442a0613d7fff82	SID531469	CRC	1	0.327602004765749	true	true			assessed	detected
votu_28ca87e20574eacc4b38	target_6c6f2442a0613d7fff82	SID532796	control	1	2.033803953627636	true	true			assessed	detected
votu_28e2992dfd03fd351d7d	target_ee0f19f0c5ef5443e71e	SID31160	control	1	2.4576219437432862	true	true			assessed	detected
votu_28e2992dfd03fd351d7d	target_ee0f19f0c5ef5443e71e	SID31512	control	0	0.001460899805567955	true	true			assessed	not_detected
votu_28e2992dfd03fd351d7d	target_ee0f19f0c5ef5443e71e	SID31866	CRC	0	0.016697913057095184	true	true			assessed	not_detected
votu_28e2992dfd03fd351d7d	target_ee0f19f0c5ef5443e71e	SID530295	control	0	0.06434054321887075	true	true			assessed	not_detected
votu_28e2992dfd03fd351d7d	target_ee0f19f0c5ef5443e71e	SID530368	control	0	0.015217359419925554	true	true			assessed	not_detected
votu_28e2992dfd03fd351d7d	target_ee0f19f0c5ef5443e71e	SID530373	CRC	1	0.7594036842629505	true	true			assessed	detected
votu_28e2992dfd03fd351d7d	target_ee0f19f0c5ef5443e71e	SID531248	CRC	0	0.05377013012847747	true	true			assessed	not_detected
votu_28e2992dfd03fd351d7d	target_ee0f19f0c5ef5443e71e	SID531361	CRC	0	0.039918237540612724	true	true			assessed	not_detected
votu_28e2992dfd03fd351d7d	target_ee0f19f0c5ef5443e71e	SID531469	CRC	1	0.8832369026309606	true	true			assessed	detected
votu_28e2992dfd03fd351d7d	target_ee0f19f0c5ef5443e71e	SID532796	control	0	0.4181760998455234	true	true			assessed	not_detected
votu_28f87c099306411c6f55	target_006b9e3394d67d979f91	SID31160	control	0	0.0	true	true			assessed	not_detected
votu_28f87c099306411c6f55	target_006b9e3394d67d979f91	SID31512	control	0	0.0	true	true			assessed	not_detected
votu_28f87c099306411c6f55	target_006b9e3394d67d979f91	SID31866	CRC		0.0	false	true	detection_status_not_resolvable		assessed	not_resolvable
votu_28f87c099306411c6f55	target_006b9e3394d67d979f91	SID530295	control	0	0.0	true	true			assessed	not_detected
votu_28f87c099306411c6f55	target_006b9e3394d67d979f91	SID530368	control	0	0.0	true	true			assessed	not_detected
votu_28f87c099306411c6f55	target_006b9e3394d67d979f91	SID530373	CRC	0	0.0	true	true			assessed	not_detected
votu_28f87c099306411c6f55	target_006b9e3394d67d979f91	SID531248	CRC	0	0.0	true	true			assessed	not_detected
votu_28f87c099306411c6f55	target_006b9e3394d67d979f91	SID531361	CRC	0	0.0	true	true			assessed	not_detected
votu_28f87c099306411c6f55	target_006b9e3394d67d979f91	SID531469	CRC		0.0	false	true	detection_status_not_resolvable		assessed	not_resolvable
votu_28f87c099306411c6f55	target_006b9e3394d67d979f91	SID532796	control	0	0.0	true	true			assessed	not_detected
votu_2a290723c6707ad39abe	target_c280d27e45eef2f54470	SID31160	control	1	2.131927866019257	true	true			assessed	detected
votu_2a290723c6707ad39abe	target_c280d27e45eef2f54470	SID31512	control	0	0.0015475977790214606	true	true			assessed	not_detected
votu_2a290723c6707ad39abe	target_c280d27e45eef2f54470	SID31866	CRC	1	0.8030742759075797	true	true			assessed	detected
votu_2a290723c6707ad39abe	target_c280d27e45eef2f54470	SID530295	control	0	0.0	true	true			assessed	not_detected
votu_2a290723c6707ad39abe	target_c280d27e45eef2f54470	SID530368	control	0	0.0	true	true			assessed	not_detected
votu_2a290723c6707ad39abe	target_c280d27e45eef2f54470	SID530373	CRC	0	0.0014547395126279492	true	true			assessed	not_detected
votu_2a290723c6707ad39abe	target_c280d27e45eef2f54470	SID531248	CRC	0	0.0	true	true			assessed	not_detected
votu_2a290723c6707ad39abe	target_c280d27e45eef2f54470	SID531361	CRC	0	0.0015102574729445619	true	true			assessed	not_detected
votu_2a290723c6707ad39abe	target_c280d27e45eef2f54470	SID531469	CRC	0	0.8353511102871816	true	true			assessed	not_detected
votu_2a290723c6707ad39abe	target_c280d27e45eef2f54470	SID532796	control	0	0.0	true	true			assessed	not_detected
votu_2af1dfa046198262d2f6	target_552e7ddae129c28f7ff5	SID31160	control	1	3.361505037013655	true	true			assessed	detected
votu_2af1dfa046198262d2f6	target_552e7ddae129c28f7ff5	SID31512	control	0	0.0	true	true			assessed	not_detected
votu_2af1dfa046198262d2f6	target_552e7ddae129c28f7ff5	SID31866	CRC	0	0.0	true	true			assessed	not_detected
votu_2af1dfa046198262d2f6	target_552e7ddae129c28f7ff5	SID530295	control	0	0.0015865129848789856	true	true			assessed	not_detected
votu_2af1dfa046198262d2f6	target_552e7ddae129c28f7ff5	SID530368	control	0	0.0	true	true			assessed	not_detected
votu_2af1dfa046198262d2f6	target_552e7ddae129c28f7ff5	SID530373	CRC	0	0.0	true	true			assessed	not_detected
votu_2af1dfa046198262d2f6	target_552e7ddae129c28f7ff5	SID531248	CRC	0	0.0	true	true			assessed	not_detected
votu_2af1dfa046198262d2f6	target_552e7ddae129c28f7ff5	SID531361	CRC	0	0.0	true	true			assessed	not_detected
votu_2af1dfa046198262d2f6	target_552e7ddae129c28f7ff5	SID531469	CRC	0	0.0	true	true			assessed	not_detected
votu_2af1dfa046198262d2f6	target_552e7ddae129c28f7ff5	SID532796	control	0	0.0	true	true			assessed	not_detected
votu_2b1ccf127ad829d20d7c	target_9ccbc5c96e92c114fe1c	SID31160	control	0	0.0	true	true			assessed	not_detected
votu_2b1ccf127ad829d20d7c	target_9ccbc5c96e92c114fe1c	SID31512	control	0	0.0	true	true			assessed	not_detected
votu_2b1ccf127ad829d20d7c	target_9ccbc5c96e92c114fe1c	SID31866	CRC	0	0.0	true	true			assessed	not_detected
votu_2b1ccf127ad829d20d7c	target_9ccbc5c96e92c114fe1c	SID530295	control	1	5.608441114463034	true	true			assessed	detected
votu_2b1ccf127ad829d20d7c	target_9ccbc5c96e92c114fe1c	SID530368	control	0	0.007938436975653463	true	true			assessed	not_detected
votu_2b1ccf127ad829d20d7c	target_9ccbc5c96e92c114fe1c	SID530373	CRC	0	0.0	true	true			assessed	not_detected
votu_2b1ccf127ad829d20d7c	target_9ccbc5c96e92c114fe1c	SID531248	CRC	0	0.0	true	true			assessed	not_detected
votu_2b1ccf127ad829d20d7c	target_9ccbc5c96e92c114fe1c	SID531361	CRC	0	0.0	true	true			assessed	not_detected
votu_2b1ccf127ad829d20d7c	target_9ccbc5c96e92c114fe1c	SID531469	CRC	0	0.0	true	true			assessed	not_detected
votu_2b1ccf127ad829d20d7c	target_9ccbc5c96e92c114fe1c	SID532796	control	0	0.0	true	true			assessed	not_detected
votu_2d122201b1ee0a16b16a	target_1c4f2004013f8aa27cfa	SID31160	control		0.0	false	true	detection_status_not_resolvable		assessed	not_resolvable
votu_2d122201b1ee0a16b16a	target_1c4f2004013f8aa27cfa	SID31512	control	0	0.0	true	true			assessed	not_detected
votu_2d122201b1ee0a16b16a	target_1c4f2004013f8aa27cfa	SID31866	CRC	0	0.0	true	true			assessed	not_detected
votu_2d122201b1ee0a16b16a	target_1c4f2004013f8aa27cfa	SID530295	control		0.0	false	true	detection_status_not_resolvable		assessed	not_resolvable
votu_2d122201b1ee0a16b16a	target_1c4f2004013f8aa27cfa	SID530368	control	1	2.7072496595862603	true	true			assessed	detected
votu_2d122201b1ee0a16b16a	target_1c4f2004013f8aa27cfa	SID530373	CRC		0.0	false	true	detection_status_not_resolvable		assessed	not_resolvable
votu_2d122201b1ee0a16b16a	target_1c4f2004013f8aa27cfa	SID531248	CRC		0.0938541157016357	false	true	detection_status_not_detected_at_resolved_signal		assessed	not_detected_at_resolved_signal
votu_2d122201b1ee0a16b16a	target_1c4f2004013f8aa27cfa	SID531361	CRC	0	0.0	true	true			assessed	not_detected
votu_2d122201b1ee0a16b16a	target_1c4f2004013f8aa27cfa	SID531469	CRC		0.06997094328136283	false	true	detection_status_not_detected_at_resolved_signal		assessed	not_detected_at_resolved_signal
votu_2d122201b1ee0a16b16a	target_1c4f2004013f8aa27cfa	SID532796	control	0	0.0	true	true			assessed	not_detected
votu_2d9617603964e546ba4a	target_100e9a5128b6d3be3e48	SID31160	control	1	5.568642443237944	true	true			assessed	detected
votu_2d9617603964e546ba4a	target_100e9a5128b6d3be3e48	SID31512	control		0.0	false	true	detection_status_not_resolvable		assessed	not_resolvable
votu_2d9617603964e546ba4a	target_100e9a5128b6d3be3e48	SID31866	CRC		0.0017033393305305648	false	true	detection_status_not_detected_at_resolved_signal		assessed	not_detected_at_resolved_signal
votu_2d9617603964e546ba4a	target_100e9a5128b6d3be3e48	SID530295	control		0.0046438598078068355	false	true	detection_status_not_detected_at_resolved_signal		assessed	not_detected_at_resolved_signal
votu_2d9617603964e546ba4a	target_100e9a5128b6d3be3e48	SID530368	control		0.023284640468077884	false	true	detection_status_not_detected_at_resolved_signal		assessed	not_detected_at_resolved_signal
votu_2d9617603964e546ba4a	target_100e9a5128b6d3be3e48	SID530373	CRC		0.0010506251939429879	false	true	detection_status_not_detected_at_resolved_signal		assessed	not_detected_at_resolved_signal
votu_2d9617603964e546ba4a	target_100e9a5128b6d3be3e48	SID531248	CRC		0.19406321954761718	false	true	detection_status_not_detected_at_resolved_signal		assessed	not_detected_at_resolved_signal
votu_2d9617603964e546ba4a	target_100e9a5128b6d3be3e48	SID531361	CRC	0	0.0	true	true			assessed	not_detected
votu_2d9617603964e546ba4a	target_100e9a5128b6d3be3e48	SID531469	CRC		0.0010811785755140556	false	true	detection_status_not_detected_at_resolved_signal		assessed	not_detected_at_resolved_signal
votu_2d9617603964e546ba4a	target_100e9a5128b6d3be3e48	SID532796	control		0.12024338920672874	false	true	detection_status_not_detected_at_resolved_signal		assessed	not_detected_at_resolved_signal
votu_2f669e30d85b00a98c58	target_bf61ef37268649ab2285	SID31160	control	0	0.0	true	true			assessed	not_detected
votu_2f669e30d85b00a98c58	target_bf61ef37268649ab2285	SID31512	control	0	0.002792376941075629	true	true			assessed	not_detected
votu_2f669e30d85b00a98c58	target_bf61ef37268649ab2285	SID31866	CRC	0	0.0	true	true			assessed	not_detected
votu_2f669e30d85b00a98c58	target_bf61ef37268649ab2285	SID530295	control	0	0.05452935085950897	true	true			assessed	not_detected
votu_2f669e30d85b00a98c58	target_bf61ef37268649ab2285	SID530368	control	0	0.15512851604217168	true	true			assessed	not_detected
votu_2f669e30d85b00a98c58	target_bf61ef37268649ab2285	SID530373	CRC	1	1.8439430713799063	true	true			assessed	detected
votu_2f669e30d85b00a98c58	target_bf61ef37268649ab2285	SID531248	CRC	0	0.09383960217858905	true	true			assessed	not_detected
votu_2f669e30d85b00a98c58	target_bf61ef37268649ab2285	SID531361	CRC	0	0.0013625013552307074	true	true			assessed	not_detected
votu_2f669e30d85b00a98c58	target_bf61ef37268649ab2285	SID531469	CRC	0	0.032413956617329015	true	true			assessed	not_detected
votu_2f669e30d85b00a98c58	target_bf61ef37268649ab2285	SID532796	control	0	0.004023350000969989	true	true			assessed	not_detected
votu_2fb9e1aaaf77ff769ff6	target_4463b3737bf511e1ae65	SID31160	control	0	0.0	true	true			assessed	not_detected
votu_2fb9e1aaaf77ff769ff6	target_4463b3737bf511e1ae65	SID31512	control	0	0.0	true	true			assessed	not_detected
votu_2fb9e1aaaf77ff769ff6	target_4463b3737bf511e1ae65	SID31866	CRC	1	36.84450235977225	true	true			assessed	detected
votu_2fb9e1aaaf77ff769ff6	target_4463b3737bf511e1ae65	SID530295	control	0	0.09904525997201866	true	true			assessed	not_detected
votu_2fb9e1aaaf77ff769ff6	target_4463b3737bf511e1ae65	SID530368	control	0	0.0	true	true			assessed	not_detected
votu_2fb9e1aaaf77ff769ff6	target_4463b3737bf511e1ae65	SID530373	CRC	0	0.0	true	true			assessed	not_detected
votu_2fb9e1aaaf77ff769ff6	target_4463b3737bf511e1ae65	SID531248	CRC	0	0.43693969757808554	true	true			assessed	not_detected
votu_2fb9e1aaaf77ff769ff6	target_4463b3737bf511e1ae65	SID531361	CRC	0	0.06187002908247548	true	true			assessed	not_detected
votu_2fb9e1aaaf77ff769ff6	target_4463b3737bf511e1ae65	SID531469	CRC	0	0.0	true	true			assessed	not_detected
votu_2fb9e1aaaf77ff769ff6	target_4463b3737bf511e1ae65	SID532796	control	0	0.0	true	true			assessed	not_detected
votu_2ff5461a9e931a5fb1a1	target_fd7dab8f7853214b8f4c	SID31160	control	0	0.0	true	true			assessed	not_detected
votu_2ff5461a9e931a5fb1a1	target_fd7dab8f7853214b8f4c	SID31512	control	0	0.0	true	true			assessed	not_detected
votu_2ff5461a9e931a5fb1a1	target_fd7dab8f7853214b8f4c	SID31866	CRC	0	0.0	true	true			assessed	not_detected
votu_2ff5461a9e931a5fb1a1	target_fd7dab8f7853214b8f4c	SID530295	control	0	0.0	true	true			assessed	not_detected
votu_2ff5461a9e931a5fb1a1	target_fd7dab8f7853214b8f4c	SID530368	control	0	0.0	true	true			assessed	not_detected
votu_2ff5461a9e931a5fb1a1	target_fd7dab8f7853214b8f4c	SID530373	CRC	0	0.0	true	true			assessed	not_detected
votu_2ff5461a9e931a5fb1a1	target_fd7dab8f7853214b8f4c	SID531248	CRC	0	0.0	true	true			assessed	not_detected
votu_2ff5461a9e931a5fb1a1	target_fd7dab8f7853214b8f4c	SID531361	CRC	0	0.0	true	true			assessed	not_detected
votu_2ff5461a9e931a5fb1a1	target_fd7dab8f7853214b8f4c	SID531469	CRC		0.0	false	true	detection_status_not_resolvable		assessed	not_resolvable
votu_2ff5461a9e931a5fb1a1	target_fd7dab8f7853214b8f4c	SID532796	control	0	0.0	true	true			assessed	not_detected
votu_2ff5e397d0f1d32004dc	target_4e599219b76ad51aac32	SID31160	control	0	0.0053857287663665624	true	true			assessed	not_detected
votu_2ff5e397d0f1d32004dc	target_4e599219b76ad51aac32	SID31512	control	0	0.0	true	true			assessed	not_detected
votu_2ff5e397d0f1d32004dc	target_4e599219b76ad51aac32	SID31866	CRC	0	0.0006891579814807177	true	true			assessed	not_detected
votu_2ff5e397d0f1d32004dc	target_4e599219b76ad51aac32	SID530295	control	0	0.31414705256175707	true	true			assessed	not_detected
votu_2ff5e397d0f1d32004dc	target_4e599219b76ad51aac32	SID530368	control	0	0.0	true	true			assessed	not_detected
votu_2ff5e397d0f1d32004dc	target_4e599219b76ad51aac32	SID530373	CRC	0	0.01105194652016295	true	true			assessed	not_detected
votu_2ff5e397d0f1d32004dc	target_4e599219b76ad51aac32	SID531248	CRC	0	0.028222515275471552	true	true			assessed	not_detected
votu_2ff5e397d0f1d32004dc	target_4e599219b76ad51aac32	SID531361	CRC	0	0.011473727549001105	true	true			assessed	not_detected
votu_2ff5e397d0f1d32004dc	target_4e599219b76ad51aac32	SID531469	CRC	0	0.04899289126542395	true	true			assessed	not_detected
votu_2ff5e397d0f1d32004dc	target_4e599219b76ad51aac32	SID532796	control	0	0.3561842030553981	true	true			assessed	not_detected
votu_302acbbe2905ffc7bc73	target_7f44b512da5df5bdcff8	SID31160	control	0	0.0	true	true			assessed	not_detected
votu_302acbbe2905ffc7bc73	target_7f44b512da5df5bdcff8	SID31512	control	1	4.142364326403064	true	true			assessed	detected
votu_302acbbe2905ffc7bc73	target_7f44b512da5df5bdcff8	SID31866	CRC	0	0.007383506797533575	true	true			assessed	not_detected
votu_302acbbe2905ffc7bc73	target_7f44b512da5df5bdcff8	SID530295	control	0	0.0	true	true			assessed	not_detected
votu_302acbbe2905ffc7bc73	target_7f44b512da5df5bdcff8	SID530368	control	0	0.0	true	true			assessed	not_detected
votu_302acbbe2905ffc7bc73	target_7f44b512da5df5bdcff8	SID530373	CRC	0	0.047818793520477736	true	true			assessed	not_detected
votu_302acbbe2905ffc7bc73	target_7f44b512da5df5bdcff8	SID531248	CRC	0	0.0019382732724871252	true	true			assessed	not_detected
votu_302acbbe2905ffc7bc73	target_7f44b512da5df5bdcff8	SID531361	CRC	0	0.0	true	true			assessed	not_detected
votu_302acbbe2905ffc7bc73	target_7f44b512da5df5bdcff8	SID531469	CRC	0	0.0	true	true			assessed	not_detected
votu_302acbbe2905ffc7bc73	target_7f44b512da5df5bdcff8	SID532796	control	0	0.0023268837949802588	true	true			assessed	not_detected
votu_3063035ed00021498858	target_4269d32e2a8ff234190b	SID31160	control		0.0	false	true	detection_status_not_resolvable		assessed	not_resolvable
votu_3063035ed00021498858	target_4269d32e2a8ff234190b	SID31512	control	0	0.0	true	true			assessed	not_detected
votu_3063035ed00021498858	target_4269d32e2a8ff234190b	SID31866	CRC		0.0021094296325457895	false	true	detection_status_not_detected_at_resolved_signal		assessed	not_detected_at_resolved_signal
votu_3063035ed00021498858	target_4269d32e2a8ff234190b	SID530295	control		0.0051758952436285095	false	true	detection_status_not_detected_at_resolved_signal		assessed	not_detected_at_resolved_signal
votu_3063035ed00021498858	target_4269d32e2a8ff234190b	SID530368	control		0.0	false	true	detection_status_not_resolvable		assessed	not_resolvable
votu_3063035ed00021498858	target_4269d32e2a8ff234190b	SID530373	CRC	0	0.0	true	true			assessed	not_detected
votu_3063035ed00021498858	target_4269d32e2a8ff234190b	SID531248	CRC	0	0.0	true	true			assessed	not_detected
votu_3063035ed00021498858	target_4269d32e2a8ff234190b	SID531361	CRC		0.0006753788273296356	false	true	detection_status_not_detected_at_resolved_signal		assessed	not_detected_at_resolved_signal
votu_3063035ed00021498858	target_4269d32e2a8ff234190b	SID531469	CRC	1	2.9844985189344184	true	true			assessed	detected
votu_3063035ed00021498858	target_4269d32e2a8ff234190b	SID532796	control		0.0006647786428884423	false	true	detection_status_not_detected_at_resolved_signal		assessed	not_detected_at_resolved_signal
votu_31acfd3a3dc2dea435a4	target_aa810636fbb524ad86c1	SID31160	control	0	0.0077520755323144605	true	true			assessed	not_detected
votu_31acfd3a3dc2dea435a4	target_aa810636fbb524ad86c1	SID31512	control	0	0.00041109240420764934	true	true			assessed	not_detected
votu_31acfd3a3dc2dea435a4	target_aa810636fbb524ad86c1	SID31866	CRC	0	0.002819242715097585	true	true			assessed	not_detected
votu_31acfd3a3dc2dea435a4	target_aa810636fbb524ad86c1	SID530295	control	0	0.0003416078757357663	true	true			assessed	not_detected
votu_31acfd3a3dc2dea435a4	target_aa810636fbb524ad86c1	SID530368	control	0	0.0	true	true			assessed	not_detected
votu_31acfd3a3dc2dea435a4	target_aa810636fbb524ad86c1	SID530373	CRC	0	0.0034778360027642257	true	true			assessed	not_detected
votu_31acfd3a3dc2dea435a4	target_aa810636fbb524ad86c1	SID531248	CRC	1	4.1586504213267546	true	true			assessed	detected
votu_31acfd3a3dc2dea435a4	target_aa810636fbb524ad86c1	SID531361	CRC	0	0.0	true	true			assessed	not_detected
votu_31acfd3a3dc2dea435a4	target_aa810636fbb524ad86c1	SID531469	CRC	0	0.007157950898223306	true	true			assessed	not_detected
votu_31acfd3a3dc2dea435a4	target_aa810636fbb524ad86c1	SID532796	control	0	0.0	true	true			assessed	not_detected
votu_322e58faa1c800704db8	target_eb58f9a8a47382b10c26	SID31160	control	1	1.1413483879868103	true	true			assessed	detected
votu_322e58faa1c800704db8	target_eb58f9a8a47382b10c26	SID31512	control	0	0.008340801045477257	true	true			assessed	not_detected
votu_322e58faa1c800704db8	target_eb58f9a8a47382b10c26	SID31866	CRC	1	1.0431169589854121	true	true			assessed	detected
votu_322e58faa1c800704db8	target_eb58f9a8a47382b10c26	SID530295	control	0	0.7234236006797431	true	true			assessed	not_detected
votu_322e58faa1c800704db8	target_eb58f9a8a47382b10c26	SID530368	control	0	0.05912759475067056	true	true			assessed	not_detected
votu_322e58faa1c800704db8	target_eb58f9a8a47382b10c26	SID530373	CRC	1	9.013450929737052	true	true			assessed	detected
votu_322e58faa1c800704db8	target_eb58f9a8a47382b10c26	SID531248	CRC	0	0.13180676059258237	true	true			assessed	not_detected
votu_322e58faa1c800704db8	target_eb58f9a8a47382b10c26	SID531361	CRC	0	0.006104666186540109	true	true			assessed	not_detected
votu_322e58faa1c800704db8	target_eb58f9a8a47382b10c26	SID531469	CRC	0	0.04841007660264694	true	true			assessed	not_detected
votu_322e58faa1c800704db8	target_eb58f9a8a47382b10c26	SID532796	control	1	4.214208499052905	true	true			assessed	detected
votu_3283f9c527cba1073969	target_7a657321077d3b99abe4	SID31160	control	0	0.0	true	true			assessed	not_detected
votu_3283f9c527cba1073969	target_7a657321077d3b99abe4	SID31512	control	0	0.0	true	true			assessed	not_detected
votu_3283f9c527cba1073969	target_7a657321077d3b99abe4	SID31866	CRC	0	0.0	true	true			assessed	not_detected
votu_3283f9c527cba1073969	target_7a657321077d3b99abe4	SID530295	control	0	0.0	true	true			assessed	not_detected
votu_3283f9c527cba1073969	target_7a657321077d3b99abe4	SID530368	control	0	0.0	true	true			assessed	not_detected
votu_3283f9c527cba1073969	target_7a657321077d3b99abe4	SID530373	CRC	0	0.0	true	true			assessed	not_detected
votu_3283f9c527cba1073969	target_7a657321077d3b99abe4	SID531248	CRC	0	0.0	true	true			assessed	not_detected
votu_3283f9c527cba1073969	target_7a657321077d3b99abe4	SID531361	CRC	0	0.0	true	true			assessed	not_detected
votu_3283f9c527cba1073969	target_7a657321077d3b99abe4	SID531469	CRC	0	0.0007619014112614654	true	true			assessed	not_detected
votu_3283f9c527cba1073969	target_7a657321077d3b99abe4	SID532796	control	1	3.023978376097382	true	true			assessed	detected
votu_334925eea8cd70fe75b2	target_5fb6db1f0b4bdce1d030	SID31160	control	1	2.7586902669115028	true	true			assessed	detected
votu_334925eea8cd70fe75b2	target_5fb6db1f0b4bdce1d030	SID31512	control	0	0.0	true	true			assessed	not_detected
votu_334925eea8cd70fe75b2	target_5fb6db1f0b4bdce1d030	SID31866	CRC	0	0.0	true	true			assessed	not_detected
votu_334925eea8cd70fe75b2	target_5fb6db1f0b4bdce1d030	SID530295	control	0	0.0	true	true			assessed	not_detected
votu_334925eea8cd70fe75b2	target_5fb6db1f0b4bdce1d030	SID530368	control	0	0.0	true	true			assessed	not_detected
votu_334925eea8cd70fe75b2	target_5fb6db1f0b4bdce1d030	SID530373	CRC	0	0.0	true	true			assessed	not_detected
votu_334925eea8cd70fe75b2	target_5fb6db1f0b4bdce1d030	SID531248	CRC	0	0.0	true	true			assessed	not_detected
votu_334925eea8cd70fe75b2	target_5fb6db1f0b4bdce1d030	SID531361	CRC	0	0.0	true	true			assessed	not_detected
votu_334925eea8cd70fe75b2	target_5fb6db1f0b4bdce1d030	SID531469	CRC	0	0.0	true	true			assessed	not_detected
votu_334925eea8cd70fe75b2	target_5fb6db1f0b4bdce1d030	SID532796	control	0	0.0	true	true			assessed	not_detected
votu_337c474d2938bee00d7b	target_a454f0ecea05d0dc58f5	SID31160	control	0	0.0	true	true			assessed	not_detected
votu_337c474d2938bee00d7b	target_a454f0ecea05d0dc58f5	SID31512	control	0	0.0	true	true			assessed	not_detected
votu_337c474d2938bee00d7b	target_a454f0ecea05d0dc58f5	SID31866	CRC	0	0.0	true	true			assessed	not_detected
votu_337c474d2938bee00d7b	target_a454f0ecea05d0dc58f5	SID530295	control	0	0.0	true	true			assessed	not_detected
votu_337c474d2938bee00d7b	target_a454f0ecea05d0dc58f5	SID530368	control	0	0.0	true	true			assessed	not_detected
votu_337c474d2938bee00d7b	target_a454f0ecea05d0dc58f5	SID530373	CRC	0	0.0	true	true			assessed	not_detected
votu_337c474d2938bee00d7b	target_a454f0ecea05d0dc58f5	SID531248	CRC	0	0.0	true	true			assessed	not_detected
votu_337c474d2938bee00d7b	target_a454f0ecea05d0dc58f5	SID531361	CRC	0	0.0	true	true			assessed	not_detected
votu_337c474d2938bee00d7b	target_a454f0ecea05d0dc58f5	SID531469	CRC	0	0.0	true	true			assessed	not_detected
votu_337c474d2938bee00d7b	target_a454f0ecea05d0dc58f5	SID532796	control	1	1.861536842687126	true	true			assessed	detected
votu_35014d4c54b88d2ab34e	target_f83b4db3b7de5c02839a	SID31160	control	0	0.0	true	true			assessed	not_detected
votu_35014d4c54b88d2ab34e	target_f83b4db3b7de5c02839a	SID31512	control	0	0.0	true	true			assessed	not_detected
votu_35014d4c54b88d2ab34e	target_f83b4db3b7de5c02839a	SID31866	CRC		0.0	false	true	detection_status_not_resolvable		assessed	not_resolvable
votu_35014d4c54b88d2ab34e	target_f83b4db3b7de5c02839a	SID530295	control	0	0.0	true	true			assessed	not_detected
votu_35014d4c54b88d2ab34e	target_f83b4db3b7de5c02839a	SID530368	control	0	0.0	true	true			assessed	not_detected
votu_35014d4c54b88d2ab34e	target_f83b4db3b7de5c02839a	SID530373	CRC	0	0.0	true	true			assessed	not_detected
votu_35014d4c54b88d2ab34e	target_f83b4db3b7de5c02839a	SID531248	CRC	0	0.0	true	true			assessed	not_detected
votu_35014d4c54b88d2ab34e	target_f83b4db3b7de5c02839a	SID531361	CRC	0	0.0	true	true			assessed	not_detected
votu_35014d4c54b88d2ab34e	target_f83b4db3b7de5c02839a	SID531469	CRC	0	0.0	true	true			assessed	not_detected
votu_35014d4c54b88d2ab34e	target_f83b4db3b7de5c02839a	SID532796	control	0	0.0	true	true			assessed	not_detected
votu_35b47354c24394166c88	target_3e2973f00f2b5f4a79ef	SID31160	control	0	0.0	true	true			assessed	not_detected
votu_35b47354c24394166c88	target_3e2973f00f2b5f4a79ef	SID31512	control	0	0.0	true	true			assessed	not_detected
votu_35b47354c24394166c88	target_3e2973f00f2b5f4a79ef	SID31866	CRC	0	0.005540697671219491	true	true			assessed	not_detected
votu_35b47354c24394166c88	target_3e2973f00f2b5f4a79ef	SID530295	control	0	0.01467416006878003	true	true			assessed	not_detected
votu_35b47354c24394166c88	target_3e2973f00f2b5f4a79ef	SID530368	control	0	0.003606729074114741	true	true			assessed	not_detected
votu_35b47354c24394166c88	target_3e2973f00f2b5f4a79ef	SID530373	CRC	0	0.07323257566222525	true	true			assessed	not_detected
votu_35b47354c24394166c88	target_3e2973f00f2b5f4a79ef	SID531248	CRC	1	2.5906905156756634	true	true			assessed	detected
votu_35b47354c24394166c88	target_3e2973f00f2b5f4a79ef	SID531361	CRC	0	0.0	true	true			assessed	not_detected
votu_35b47354c24394166c88	target_3e2973f00f2b5f4a79ef	SID531469	CRC	0	0.3125021825463926	true	true			assessed	not_detected
votu_35b47354c24394166c88	target_3e2973f00f2b5f4a79ef	SID532796	control	0	0.0	true	true			assessed	not_detected
votu_37e04e93d09a9f0a1164	target_157c8a13a0b4217bc98d	SID31160	control	0	0.0	true	true			assessed	not_detected
votu_37e04e93d09a9f0a1164	target_157c8a13a0b4217bc98d	SID31512	control	0	0.0	true	true			assessed	not_detected
votu_37e04e93d09a9f0a1164	target_157c8a13a0b4217bc98d	SID31866	CRC		0.0	false	true	detection_status_not_resolvable		assessed	not_resolvable
votu_37e04e93d09a9f0a1164	target_157c8a13a0b4217bc98d	SID530295	control	0	0.0	true	true			assessed	not_detected
votu_37e04e93d09a9f0a1164	target_157c8a13a0b4217bc98d	SID530368	control	0	0.0	true	true			assessed	not_detected
votu_37e04e93d09a9f0a1164	target_157c8a13a0b4217bc98d	SID530373	CRC	0	0.0	true	true			assessed	not_detected
votu_37e04e93d09a9f0a1164	target_157c8a13a0b4217bc98d	SID531248	CRC	0	0.0	true	true			assessed	not_detected
votu_37e04e93d09a9f0a1164	target_157c8a13a0b4217bc98d	SID531361	CRC	0	0.0	true	true			assessed	not_detected
votu_37e04e93d09a9f0a1164	target_157c8a13a0b4217bc98d	SID531469	CRC		0.0	false	true	detection_status_not_resolvable		assessed	not_resolvable
votu_37e04e93d09a9f0a1164	target_157c8a13a0b4217bc98d	SID532796	control	0	0.0	true	true			assessed	not_detected
votu_3834aa9037a2038033ba	target_61bc3521c3ffd5ee81e3	SID31160	control	0	0.0	true	true			assessed	not_detected
votu_3834aa9037a2038033ba	target_61bc3521c3ffd5ee81e3	SID31512	control	0	0.0	true	true			assessed	not_detected
votu_3834aa9037a2038033ba	target_61bc3521c3ffd5ee81e3	SID31866	CRC	0	0.0	true	true			assessed	not_detected
votu_3834aa9037a2038033ba	target_61bc3521c3ffd5ee81e3	SID530295	control	0	0.0	true	true			assessed	not_detected
votu_3834aa9037a2038033ba	target_61bc3521c3ffd5ee81e3	SID530368	control	1	98.34020924095603	true	true			assessed	detected
votu_3834aa9037a2038033ba	target_61bc3521c3ffd5ee81e3	SID530373	CRC	0	0.0	true	true			assessed	not_detected
votu_3834aa9037a2038033ba	target_61bc3521c3ffd5ee81e3	SID531248	CRC	0	0.0	true	true			assessed	not_detected
votu_3834aa9037a2038033ba	target_61bc3521c3ffd5ee81e3	SID531361	CRC	0	0.0	true	true			assessed	not_detected
votu_3834aa9037a2038033ba	target_61bc3521c3ffd5ee81e3	SID531469	CRC	0	0.0	true	true			assessed	not_detected
votu_3834aa9037a2038033ba	target_61bc3521c3ffd5ee81e3	SID532796	control	0	0.0	true	true			assessed	not_detected
votu_395e17f2c611f050d47a	target_8ddbe74512e89411c661	SID31160	control	0	0.0	true	true			assessed	not_detected
votu_395e17f2c611f050d47a	target_8ddbe74512e89411c661	SID31512	control	0	0.0	true	true			assessed	not_detected
votu_395e17f2c611f050d47a	target_8ddbe74512e89411c661	SID31866	CRC		0.0	false	true	detection_status_not_resolvable		assessed	not_resolvable
votu_395e17f2c611f050d47a	target_8ddbe74512e89411c661	SID530295	control	0	0.0	true	true			assessed	not_detected
votu_395e17f2c611f050d47a	target_8ddbe74512e89411c661	SID530368	control		0.0	false	true	detection_status_not_resolvable		assessed	not_resolvable
votu_395e17f2c611f050d47a	target_8ddbe74512e89411c661	SID530373	CRC		0.0	false	true	detection_status_not_resolvable		assessed	not_resolvable
votu_395e17f2c611f050d47a	target_8ddbe74512e89411c661	SID531248	CRC	0	0.0	true	true			assessed	not_detected
votu_395e17f2c611f050d47a	target_8ddbe74512e89411c661	SID531361	CRC		0.0	false	true	detection_status_not_resolvable		assessed	not_resolvable
votu_395e17f2c611f050d47a	target_8ddbe74512e89411c661	SID531469	CRC	0	0.0005468397879327049	true	true			assessed	not_detected
votu_395e17f2c611f050d47a	target_8ddbe74512e89411c661	SID532796	control		0.001086015082840336	false	true	detection_status_not_detected_at_resolved_signal		assessed	not_detected_at_resolved_signal
votu_398ebeffa75c0644e42c	target_b3d67de8bf9f20d34eda	SID31160	control	0	0.0013314352801706239	true	true			assessed	not_detected
votu_398ebeffa75c0644e42c	target_b3d67de8bf9f20d34eda	SID31512	control	0	0.0	true	true			assessed	not_detected
votu_398ebeffa75c0644e42c	target_b3d67de8bf9f20d34eda	SID31866	CRC	0	0.16151122473503296	true	true			assessed	not_detected
votu_398ebeffa75c0644e42c	target_b3d67de8bf9f20d34eda	SID530295	control	0	0.0011147655542071337	true	true			assessed	not_detected
votu_398ebeffa75c0644e42c	target_b3d67de8bf9f20d34eda	SID530368	control	0	0.0	true	true			assessed	not_detected
votu_398ebeffa75c0644e42c	target_b3d67de8bf9f20d34eda	SID530373	CRC	0	0.001261020815724148	true	true			assessed	not_detected
votu_398ebeffa75c0644e42c	target_b3d67de8bf9f20d34eda	SID531248	CRC	0	1.20112451053181	true	true			assessed	not_detected
votu_398ebeffa75c0644e42c	target_b3d67de8bf9f20d34eda	SID531361	CRC	1	16.034417652611502	true	true			assessed	detected
votu_398ebeffa75c0644e42c	target_b3d67de8bf9f20d34eda	SID531469	CRC	0	0.012976927424721466	true	true			assessed	not_detected
votu_398ebeffa75c0644e42c	target_b3d67de8bf9f20d34eda	SID532796	control	0	0.0	true	true			assessed	not_detected
votu_39ea6dcb138a1aa92197	target_e63c46e03bfc2bbf2baf	SID31160	control	0	0.0	true	true			assessed	not_detected
votu_39ea6dcb138a1aa92197	target_e63c46e03bfc2bbf2baf	SID31512	control	0	0.0	true	true			assessed	not_detected
votu_39ea6dcb138a1aa92197	target_e63c46e03bfc2bbf2baf	SID31866	CRC		0.0	false	true	detection_status_not_resolvable		assessed	not_resolvable
votu_39ea6dcb138a1aa92197	target_e63c46e03bfc2bbf2baf	SID530295	control	0	0.0	true	true			assessed	not_detected
votu_39ea6dcb138a1aa92197	target_e63c46e03bfc2bbf2baf	SID530368	control	0	0.0	true	true			assessed	not_detected
votu_39ea6dcb138a1aa92197	target_e63c46e03bfc2bbf2baf	SID530373	CRC	0	0.0	true	true			assessed	not_detected
votu_39ea6dcb138a1aa92197	target_e63c46e03bfc2bbf2baf	SID531248	CRC	0	0.0	true	true			assessed	not_detected
votu_39ea6dcb138a1aa92197	target_e63c46e03bfc2bbf2baf	SID531361	CRC	0	0.0	true	true			assessed	not_detected
votu_39ea6dcb138a1aa92197	target_e63c46e03bfc2bbf2baf	SID531469	CRC	0	0.0	true	true			assessed	not_detected
votu_39ea6dcb138a1aa92197	target_e63c46e03bfc2bbf2baf	SID532796	control	0	0.0	true	true			assessed	not_detected
votu_3b17cdbd3d4d78975b34	target_e40e962cc23155539a66	SID31160	control	0	0.0	true	true			assessed	not_detected
votu_3b17cdbd3d4d78975b34	target_e40e962cc23155539a66	SID31512	control	0	0.0	true	true			assessed	not_detected
votu_3b17cdbd3d4d78975b34	target_e40e962cc23155539a66	SID31866	CRC	0	0.0	true	true			assessed	not_detected
votu_3b17cdbd3d4d78975b34	target_e40e962cc23155539a66	SID530295	control	0	0.0	true	true			assessed	not_detected
votu_3b17cdbd3d4d78975b34	target_e40e962cc23155539a66	SID530368	control	0	0.0	true	true			assessed	not_detected
votu_3b17cdbd3d4d78975b34	target_e40e962cc23155539a66	SID530373	CRC	0	0.0	true	true			assessed	not_detected
votu_3b17cdbd3d4d78975b34	target_e40e962cc23155539a66	SID531248	CRC	1	1.0011065832519261	true	true			assessed	detected
votu_3b17cdbd3d4d78975b34	target_e40e962cc23155539a66	SID531361	CRC	0	0.0	true	true			assessed	not_detected
votu_3b17cdbd3d4d78975b34	target_e40e962cc23155539a66	SID531469	CRC	0	0.0	true	true			assessed	not_detected
votu_3b17cdbd3d4d78975b34	target_e40e962cc23155539a66	SID532796	control	1	12.800190993598811	true	true			assessed	detected
votu_3b4d9cc52354c1ce9014	target_8f399f18770183a0923a	SID31160	control	0	0.0	true	true			assessed	not_detected
votu_3b4d9cc52354c1ce9014	target_8f399f18770183a0923a	SID31512	control	0	0.0	true	true			assessed	not_detected
votu_3b4d9cc52354c1ce9014	target_8f399f18770183a0923a	SID31866	CRC		0.0	false	true	detection_status_not_resolvable		assessed	not_resolvable
votu_3b4d9cc52354c1ce9014	target_8f399f18770183a0923a	SID530295	control		0.0	false	true	detection_status_not_resolvable		assessed	not_resolvable
votu_3b4d9cc52354c1ce9014	target_8f399f18770183a0923a	SID530368	control		0.0	false	true	detection_status_not_resolvable		assessed	not_resolvable
votu_3b4d9cc52354c1ce9014	target_8f399f18770183a0923a	SID530373	CRC	0	0.0	true	true			assessed	not_detected
votu_3b4d9cc52354c1ce9014	target_8f399f18770183a0923a	SID531248	CRC	0	0.0	true	true			assessed	not_detected
votu_3b4d9cc52354c1ce9014	target_8f399f18770183a0923a	SID531361	CRC	0	0.0	true	true			assessed	not_detected
votu_3b4d9cc52354c1ce9014	target_8f399f18770183a0923a	SID531469	CRC	0	0.0	true	true			assessed	not_detected
votu_3b4d9cc52354c1ce9014	target_8f399f18770183a0923a	SID532796	control		0.0	false	true	detection_status_not_resolvable		assessed	not_resolvable
votu_3c2336b42b0a99ad2a6c	target_cf3360ca8f752c0d0429	SID31160	control	0	0.0	true	true			assessed	not_detected
votu_3c2336b42b0a99ad2a6c	target_cf3360ca8f752c0d0429	SID31512	control	0	0.0	true	true			assessed	not_detected
votu_3c2336b42b0a99ad2a6c	target_cf3360ca8f752c0d0429	SID31866	CRC	0	0.0	true	true			assessed	not_detected
votu_3c2336b42b0a99ad2a6c	target_cf3360ca8f752c0d0429	SID530295	control	1	1.6814043769959992	true	true			assessed	detected
votu_3c2336b42b0a99ad2a6c	target_cf3360ca8f752c0d0429	SID530368	control	0	0.0028215127460268384	true	true			assessed	not_detected
votu_3c2336b42b0a99ad2a6c	target_cf3360ca8f752c0d0429	SID530373	CRC	0	0.0	true	true			assessed	not_detected
votu_3c2336b42b0a99ad2a6c	target_cf3360ca8f752c0d0429	SID531248	CRC	0	0.0	true	true			assessed	not_detected
votu_3c2336b42b0a99ad2a6c	target_cf3360ca8f752c0d0429	SID531361	CRC	0	0.0	true	true			assessed	not_detected
votu_3c2336b42b0a99ad2a6c	target_cf3360ca8f752c0d0429	SID531469	CRC	0	0.0	true	true			assessed	not_detected
votu_3c2336b42b0a99ad2a6c	target_cf3360ca8f752c0d0429	SID532796	control	0	0.0	true	true			assessed	not_detected
votu_3c5086fc21a9000be8b8	target_6e190cb8f84a73d6e366	SID31160	control		0.005358205982260279	false	true	detection_status_not_detected_at_resolved_signal		assessed	not_detected_at_resolved_signal
votu_3c5086fc21a9000be8b8	target_6e190cb8f84a73d6e366	SID31512	control		0.0	false	true	detection_status_not_resolvable		assessed	not_resolvable
votu_3c5086fc21a9000be8b8	target_6e190cb8f84a73d6e366	SID31866	CRC		0.005656498364299329	false	true	detection_status_not_detected_at_resolved_signal		assessed	not_detected_at_resolved_signal
votu_3c5086fc21a9000be8b8	target_6e190cb8f84a73d6e366	SID530295	control		0.04149775647419777	false	true	detection_status_not_detected_at_resolved_signal		assessed	not_detected_at_resolved_signal
votu_3c5086fc21a9000be8b8	target_6e190cb8f84a73d6e366	SID530368	control		0.0	false	true	detection_status_not_resolvable		assessed	not_resolvable
votu_3c5086fc21a9000be8b8	target_6e190cb8f84a73d6e366	SID530373	CRC		0.0	false	true	detection_status_not_resolvable		assessed	not_resolvable
votu_3c5086fc21a9000be8b8	target_6e190cb8f84a73d6e366	SID531248	CRC		0.43953322035527626	false	true	detection_status_not_detected_at_resolved_signal		assessed	not_detected_at_resolved_signal
votu_3c5086fc21a9000be8b8	target_6e190cb8f84a73d6e366	SID531361	CRC		0.13632255482938646	false	true	detection_status_not_detected_at_resolved_signal		assessed	not_detected_at_resolved_signal
votu_3c5086fc21a9000be8b8	target_6e190cb8f84a73d6e366	SID531469	CRC		0.0	false	true	detection_status_not_resolvable		assessed	not_resolvable
votu_3c5086fc21a9000be8b8	target_6e190cb8f84a73d6e366	SID532796	control		0.007130494894169884	false	true	detection_status_not_detected_at_resolved_signal		assessed	not_detected_at_resolved_signal
votu_3ca45bca0a7150a4f4a8	target_56723cae150e5db7a642	SID31160	control	0	0.0	true	true			assessed	not_detected
votu_3ca45bca0a7150a4f4a8	target_56723cae150e5db7a642	SID31512	control		0.0	false	true	detection_status_not_resolvable		assessed	not_resolvable
votu_3ca45bca0a7150a4f4a8	target_56723cae150e5db7a642	SID31866	CRC		0.004186624835465469	false	true	detection_status_not_detected_at_resolved_signal		assessed	not_detected_at_resolved_signal
votu_3ca45bca0a7150a4f4a8	target_56723cae150e5db7a642	SID530295	control	0	0.0	true	true			assessed	not_detected
votu_3ca45bca0a7150a4f4a8	target_56723cae150e5db7a642	SID530368	control		0.0	false	true	detection_status_not_resolvable		assessed	not_resolvable
votu_3ca45bca0a7150a4f4a8	target_56723cae150e5db7a642	SID530373	CRC		0.0	false	true	detection_status_not_resolvable		assessed	not_resolvable
votu_3ca45bca0a7150a4f4a8	target_56723cae150e5db7a642	SID531248	CRC		0.0	false	true	detection_status_not_resolvable		assessed	not_resolvable
votu_3ca45bca0a7150a4f4a8	target_56723cae150e5db7a642	SID531361	CRC	0	0.0	true	true			assessed	not_detected
votu_3ca45bca0a7150a4f4a8	target_56723cae150e5db7a642	SID531469	CRC	0	0.0013287103147000044	true	true			assessed	not_detected
votu_3ca45bca0a7150a4f4a8	target_56723cae150e5db7a642	SID532796	control		0.0	false	true	detection_status_not_resolvable		assessed	not_resolvable
votu_3cb3cac3271ad2891be7	target_a4464a9e623b4e091bb9	SID31160	control	0	0.0	true	true			assessed	not_detected
votu_3cb3cac3271ad2891be7	target_a4464a9e623b4e091bb9	SID31512	control	1	0.873093806768254	true	true			assessed	detected
votu_3cb3cac3271ad2891be7	target_a4464a9e623b4e091bb9	SID31866	CRC	0	0.018764607764974576	true	true			assessed	not_detected
votu_3cb3cac3271ad2891be7	target_a4464a9e623b4e091bb9	SID530295	control	0	0.0009301537199966183	true	true			assessed	not_detected
votu_3cb3cac3271ad2891be7	target_a4464a9e623b4e091bb9	SID530368	control	0	0.0	true	true			assessed	not_detected
votu_3cb3cac3271ad2891be7	target_a4464a9e623b4e091bb9	SID530373	CRC	0	0.011574070602948922	true	true			assessed	not_detected
votu_3cb3cac3271ad2891be7	target_a4464a9e623b4e091bb9	SID531248	CRC	1	0.36004367217990285	true	true			assessed	detected
votu_3cb3cac3271ad2891be7	target_a4464a9e623b4e091bb9	SID531361	CRC	1	1.8679072633450486	true	true			assessed	detected
votu_3cb3cac3271ad2891be7	target_a4464a9e623b4e091bb9	SID531469	CRC	0	0.11585821683997916	true	true			assessed	not_detected
votu_3cb3cac3271ad2891be7	target_a4464a9e623b4e091bb9	SID532796	control	0	0.29460450264699667	true	true			assessed	not_detected
votu_3cbcdc753815f29b5b89	target_6b448769680c6e43c931	SID31160	control	0	0.001381322712753664	true	true			assessed	not_detected
votu_3cbcdc753815f29b5b89	target_6b448769680c6e43c931	SID31512	control	1	13.565389409943922	true	true			assessed	detected
votu_3cbcdc753815f29b5b89	target_6b448769680c6e43c931	SID31866	CRC	0	0.000424209809497856	true	true			assessed	not_detected
votu_3cbcdc753815f29b5b89	target_6b448769680c6e43c931	SID530295	control	0	0.0006939207646162452	true	true			assessed	not_detected
votu_3cbcdc753815f29b5b89	target_6b448769680c6e43c931	SID530368	control	0	0.001288654679682471	true	true			assessed	not_detected
votu_3cbcdc753815f29b5b89	target_6b448769680c6e43c931	SID530373	CRC	0	0.0	true	true			assessed	not_detected
votu_3cbcdc753815f29b5b89	target_6b448769680c6e43c931	SID531248	CRC	0	0.0	true	true			assessed	not_detected
votu_3cbcdc753815f29b5b89	target_6b448769680c6e43c931	SID531361	CRC	0	0.0027163961220609332	true	true			assessed	not_detected
votu_3cbcdc753815f29b5b89	target_6b448769680c6e43c931	SID531469	CRC	0	0.002154105406157066	true	true			assessed	not_detected
votu_3cbcdc753815f29b5b89	target_6b448769680c6e43c931	SID532796	control	0	0.008021285482301896	true	true			assessed	not_detected
votu_3e284b6e8d0da3be94ef	target_12e1de9f8b0ae49db7ab	SID31160	control	0	0.0	true	true			assessed	not_detected
votu_3e284b6e8d0da3be94ef	target_12e1de9f8b0ae49db7ab	SID31512	control	0	0.0	true	true			assessed	not_detected
votu_3e284b6e8d0da3be94ef	target_12e1de9f8b0ae49db7ab	SID31866	CRC		0.0	false	true	detection_status_not_resolvable		assessed	not_resolvable
votu_3e284b6e8d0da3be94ef	target_12e1de9f8b0ae49db7ab	SID530295	control	0	0.0	true	true			assessed	not_detected
votu_3e284b6e8d0da3be94ef	target_12e1de9f8b0ae49db7ab	SID530368	control	0	0.0	true	true			assessed	not_detected
votu_3e284b6e8d0da3be94ef	target_12e1de9f8b0ae49db7ab	SID530373	CRC		0.0	false	true	detection_status_not_resolvable		assessed	not_resolvable
votu_3e284b6e8d0da3be94ef	target_12e1de9f8b0ae49db7ab	SID531248	CRC	0	0.0	true	true			assessed	not_detected
votu_3e284b6e8d0da3be94ef	target_12e1de9f8b0ae49db7ab	SID531361	CRC	0	0.0	true	true			assessed	not_detected
votu_3e284b6e8d0da3be94ef	target_12e1de9f8b0ae49db7ab	SID531469	CRC		0.0	false	true	detection_status_not_resolvable		assessed	not_resolvable
votu_3e284b6e8d0da3be94ef	target_12e1de9f8b0ae49db7ab	SID532796	control		0.0	false	true	detection_status_not_resolvable		assessed	not_resolvable
votu_3e40738bce25e9d8eef4	target_3a4f5e1830a4f08f46b7	SID31160	control	0	0.0	true	true			assessed	not_detected
votu_3e40738bce25e9d8eef4	target_3a4f5e1830a4f08f46b7	SID31512	control	0	0.04139187766679563	true	true			assessed	not_detected
votu_3e40738bce25e9d8eef4	target_3a4f5e1830a4f08f46b7	SID31866	CRC	0	0.0	true	true			assessed	not_detected
votu_3e40738bce25e9d8eef4	target_3a4f5e1830a4f08f46b7	SID530295	control	0	0.004913664615735301	true	true			assessed	not_detected
votu_3e40738bce25e9d8eef4	target_3a4f5e1830a4f08f46b7	SID530368	control	0	0.0	true	true			assessed	not_detected
votu_3e40738bce25e9d8eef4	target_3a4f5e1830a4f08f46b7	SID530373	CRC	1	6.847860945368439	true	true			assessed	detected
votu_3e40738bce25e9d8eef4	target_3a4f5e1830a4f08f46b7	SID531248	CRC	1	3.0091028222142318	true	true			assessed	detected
votu_3e40738bce25e9d8eef4	target_3a4f5e1830a4f08f46b7	SID531361	CRC	0	0.0	true	true			assessed	not_detected
votu_3e40738bce25e9d8eef4	target_3a4f5e1830a4f08f46b7	SID531469	CRC	0	0.05147974117109633	true	true			assessed	not_detected
votu_3e40738bce25e9d8eef4	target_3a4f5e1830a4f08f46b7	SID532796	control	0	1.0848581788381748	true	true			assessed	not_detected
votu_3e565f47dfddd54f32a5	target_95acb8b3c56d399fbfa7	SID31160	control	1	4.0326491522477035	true	true			assessed	detected
votu_3e565f47dfddd54f32a5	target_95acb8b3c56d399fbfa7	SID31512	control	0	0.005325261746202294	true	true			assessed	not_detected
votu_3e565f47dfddd54f32a5	target_95acb8b3c56d399fbfa7	SID31866	CRC	0	0.0	true	true			assessed	not_detected
votu_3e565f47dfddd54f32a5	target_95acb8b3c56d399fbfa7	SID530295	control	0	0.016225601735451855	true	true			assessed	not_detected
votu_3e565f47dfddd54f32a5	target_95acb8b3c56d399fbfa7	SID530368	control	0	0.0	true	true			assessed	not_detected
votu_3e565f47dfddd54f32a5	target_95acb8b3c56d399fbfa7	SID530373	CRC	0	0.0025028688921306472	true	true			assessed	not_detected
votu_3e565f47dfddd54f32a5	target_95acb8b3c56d399fbfa7	SID531248	CRC	0	0.0071015399275081515	true	true			assessed	not_detected
votu_3e565f47dfddd54f32a5	target_95acb8b3c56d399fbfa7	SID531361	CRC	0	0.0	true	true			assessed	not_detected
votu_3e565f47dfddd54f32a5	target_95acb8b3c56d399fbfa7	SID531469	CRC	0	0.0	true	true			assessed	not_detected
votu_3e565f47dfddd54f32a5	target_95acb8b3c56d399fbfa7	SID532796	control	0	0.028986190233521256	true	true			assessed	not_detected
votu_3ef290d078e64894209a	target_d4e2a1751cd3bf378345	SID31160	control	1	22.965664879469642	true	true			assessed	detected
votu_3ef290d078e64894209a	target_d4e2a1751cd3bf378345	SID31512	control	0	1.4701715804734115	true	true			assessed	not_detected
votu_3ef290d078e64894209a	target_d4e2a1751cd3bf378345	SID31866	CRC	0	0.013669275052587597	true	true			assessed	not_detected
votu_3ef290d078e64894209a	target_d4e2a1751cd3bf378345	SID530295	control	0	0.191077621772739	true	true			assessed	not_detected
votu_3ef290d078e64894209a	target_d4e2a1751cd3bf378345	SID530368	control	0	0.05662391646129603	true	true			assessed	not_detected
votu_3ef290d078e64894209a	target_d4e2a1751cd3bf378345	SID530373	CRC	0	0.07434832145678227	true	true			assessed	not_detected
votu_3ef290d078e64894209a	target_d4e2a1751cd3bf378345	SID531248	CRC	0	0.043060498836497645	true	true			assessed	not_detected
votu_3ef290d078e64894209a	target_d4e2a1751cd3bf378345	SID531361	CRC	0	0.1456184090354644	true	true			assessed	not_detected
votu_3ef290d078e64894209a	target_d4e2a1751cd3bf378345	SID531469	CRC	0	0.3754533698936609	true	true			assessed	not_detected
votu_3ef290d078e64894209a	target_d4e2a1751cd3bf378345	SID532796	control	0	0.213041255595545	true	true			assessed	not_detected
votu_3ef8f4835e47a45f969c	target_7493e90715d3d21c8926	SID31160	control	0	0.0	true	true			assessed	not_detected
votu_3ef8f4835e47a45f969c	target_7493e90715d3d21c8926	SID31512	control	0	0.0	true	true			assessed	not_detected
votu_3ef8f4835e47a45f969c	target_7493e90715d3d21c8926	SID31866	CRC		0.0	false	true	detection_status_not_resolvable		assessed	not_resolvable
votu_3ef8f4835e47a45f969c	target_7493e90715d3d21c8926	SID530295	control	0	0.0	true	true			assessed	not_detected
votu_3ef8f4835e47a45f969c	target_7493e90715d3d21c8926	SID530368	control	0	0.0	true	true			assessed	not_detected
votu_3ef8f4835e47a45f969c	target_7493e90715d3d21c8926	SID530373	CRC	0	0.0	true	true			assessed	not_detected
votu_3ef8f4835e47a45f969c	target_7493e90715d3d21c8926	SID531248	CRC		0.0	false	true	detection_status_not_resolvable		assessed	not_resolvable
votu_3ef8f4835e47a45f969c	target_7493e90715d3d21c8926	SID531361	CRC	0	0.0	true	true			assessed	not_detected
votu_3ef8f4835e47a45f969c	target_7493e90715d3d21c8926	SID531469	CRC	0	0.0	true	true			assessed	not_detected
votu_3ef8f4835e47a45f969c	target_7493e90715d3d21c8926	SID532796	control	0	0.0	true	true			assessed	not_detected
votu_400ab5f5687add1039f4	target_9788e13d9b5c419e99ae	SID31160	control	0	0.0	true	true			assessed	not_detected
votu_400ab5f5687add1039f4	target_9788e13d9b5c419e99ae	SID31512	control	0	0.0	true	true			assessed	not_detected
votu_400ab5f5687add1039f4	target_9788e13d9b5c419e99ae	SID31866	CRC		0.0	false	true	detection_status_not_resolvable		assessed	not_resolvable
votu_400ab5f5687add1039f4	target_9788e13d9b5c419e99ae	SID530295	control	0	0.0	true	true			assessed	not_detected
votu_400ab5f5687add1039f4	target_9788e13d9b5c419e99ae	SID530368	control		0.0	false	true	detection_status_not_resolvable		assessed	not_resolvable
votu_400ab5f5687add1039f4	target_9788e13d9b5c419e99ae	SID530373	CRC	0	0.0	true	true			assessed	not_detected
votu_400ab5f5687add1039f4	target_9788e13d9b5c419e99ae	SID531248	CRC	0	0.0	true	true			assessed	not_detected
votu_400ab5f5687add1039f4	target_9788e13d9b5c419e99ae	SID531361	CRC	0	0.0	true	true			assessed	not_detected
votu_400ab5f5687add1039f4	target_9788e13d9b5c419e99ae	SID531469	CRC	0	0.0	true	true			assessed	not_detected
votu_400ab5f5687add1039f4	target_9788e13d9b5c419e99ae	SID532796	control		0.0	false	true	detection_status_not_resolvable		assessed	not_resolvable
votu_413876ca6135fedfe8f2	target_e603dfe0a75889ae1bb3	SID31160	control	0	0.0009552924331394071	true	true			assessed	not_detected
votu_413876ca6135fedfe8f2	target_e603dfe0a75889ae1bb3	SID31512	control	0	0.004812618096307882	true	true			assessed	not_detected
votu_413876ca6135fedfe8f2	target_e603dfe0a75889ae1bb3	SID31866	CRC		0.059408271876210485	false	true	detection_status_not_detected_at_resolved_signal		assessed	not_detected_at_resolved_signal
votu_413876ca6135fedfe8f2	target_e603dfe0a75889ae1bb3	SID530295	control	0	0.0007998339194692676	true	true			assessed	not_detected
votu_413876ca6135fedfe8f2	target_e603dfe0a75889ae1bb3	SID530368	control	1	1.1596808418118476	true	true			assessed	detected
votu_413876ca6135fedfe8f2	target_e603dfe0a75889ae1bb3	SID530373	CRC	1	0.5003382024362587	true	true			assessed	detected
votu_413876ca6135fedfe8f2	target_e603dfe0a75889ae1bb3	SID531248	CRC	1	0.6592467305486219	true	true			assessed	detected
votu_413876ca6135fedfe8f2	target_e603dfe0a75889ae1bb3	SID531361	CRC		0.0695081949812562	false	true	detection_status_not_detected_at_resolved_signal		assessed	not_detected_at_resolved_signal
votu_413876ca6135fedfe8f2	target_e603dfe0a75889ae1bb3	SID531469	CRC		0.11638530951206863	false	true	detection_status_not_detected_at_resolved_signal		assessed	not_detected_at_resolved_signal
votu_413876ca6135fedfe8f2	target_e603dfe0a75889ae1bb3	SID532796	control	0	0.0009245574615481486	true	true			assessed	not_detected
votu_42576ec178f341b9c642	target_85b2bd10a396630f751d	SID31160	control	0	0.0	true	true			assessed	not_detected
votu_42576ec178f341b9c642	target_85b2bd10a396630f751d	SID31512	control	0	0.005934502025583407	true	true			assessed	not_detected
votu_42576ec178f341b9c642	target_85b2bd10a396630f751d	SID31866	CRC	0	0.0	true	true			assessed	not_detected
votu_42576ec178f341b9c642	target_85b2bd10a396630f751d	SID530295	control	0	0.0	true	true			assessed	not_detected
votu_42576ec178f341b9c642	target_85b2bd10a396630f751d	SID530368	control	0	0.0	true	true			assessed	not_detected
votu_42576ec178f341b9c642	target_85b2bd10a396630f751d	SID530373	CRC	0	0.0	true	true			assessed	not_detected
votu_42576ec178f341b9c642	target_85b2bd10a396630f751d	SID531248	CRC	0	0.017806492236345114	true	true			assessed	not_detected
votu_42576ec178f341b9c642	target_85b2bd10a396630f751d	SID531361	CRC	0	0.03619571794523789	true	true			assessed	not_detected
votu_42576ec178f341b9c642	target_85b2bd10a396630f751d	SID531469	CRC	1	2.366582802086739	true	true			assessed	detected
votu_42576ec178f341b9c642	target_85b2bd10a396630f751d	SID532796	control	0	0.04275314406727285	true	true			assessed	not_detected
votu_42e439aa0d582b77c031	target_81de827b3a81ebb7b4fc	SID31160	control	0	0.0	true	true			assessed	not_detected
votu_42e439aa0d582b77c031	target_81de827b3a81ebb7b4fc	SID31512	control	0	0.0	true	true			assessed	not_detected
votu_42e439aa0d582b77c031	target_81de827b3a81ebb7b4fc	SID31866	CRC	0	0.0	true	true			assessed	not_detected
votu_42e439aa0d582b77c031	target_81de827b3a81ebb7b4fc	SID530295	control	0	0.0	true	true			assessed	not_detected
votu_42e439aa0d582b77c031	target_81de827b3a81ebb7b4fc	SID530368	control	0	0.0	true	true			assessed	not_detected
votu_42e439aa0d582b77c031	target_81de827b3a81ebb7b4fc	SID530373	CRC	0	0.0	true	true			assessed	not_detected
votu_42e439aa0d582b77c031	target_81de827b3a81ebb7b4fc	SID531248	CRC	0	0.0	true	true			assessed	not_detected
votu_42e439aa0d582b77c031	target_81de827b3a81ebb7b4fc	SID531361	CRC		0.0	false	true	detection_status_not_resolvable		assessed	not_resolvable
votu_42e439aa0d582b77c031	target_81de827b3a81ebb7b4fc	SID531469	CRC		0.0	false	true	detection_status_not_resolvable		assessed	not_resolvable
votu_42e439aa0d582b77c031	target_81de827b3a81ebb7b4fc	SID532796	control	0	0.0	true	true			assessed	not_detected
votu_434245b271c69e7033e2	target_3d4222849b81141791c8	SID31160	control	0	0.0	true	true			assessed	not_detected
votu_434245b271c69e7033e2	target_3d4222849b81141791c8	SID31512	control	0	0.0	true	true			assessed	not_detected
votu_434245b271c69e7033e2	target_3d4222849b81141791c8	SID31866	CRC		0.0	false	true	detection_status_not_resolvable		assessed	not_resolvable
votu_434245b271c69e7033e2	target_3d4222849b81141791c8	SID530295	control	0	0.0	true	true			assessed	not_detected
votu_434245b271c69e7033e2	target_3d4222849b81141791c8	SID530368	control	0	0.0	true	true			assessed	not_detected
votu_434245b271c69e7033e2	target_3d4222849b81141791c8	SID530373	CRC	0	0.0	true	true			assessed	not_detected
votu_434245b271c69e7033e2	target_3d4222849b81141791c8	SID531248	CRC	0	0.0	true	true			assessed	not_detected
votu_434245b271c69e7033e2	target_3d4222849b81141791c8	SID531361	CRC	0	0.0	true	true			assessed	not_detected
votu_434245b271c69e7033e2	target_3d4222849b81141791c8	SID531469	CRC		0.0	false	true	detection_status_not_resolvable		assessed	not_resolvable
votu_434245b271c69e7033e2	target_3d4222849b81141791c8	SID532796	control	0	0.0	true	true			assessed	not_detected
votu_434980b70ff13124c034	target_500b607aae593a2c49b2	SID31160	control	0	0.0	true	true			assessed	not_detected
votu_434980b70ff13124c034	target_500b607aae593a2c49b2	SID31512	control	0	0.003318556276455967	true	true			assessed	not_detected
votu_434980b70ff13124c034	target_500b607aae593a2c49b2	SID31866	CRC	0	0.00084290462582859	true	true			assessed	not_detected
votu_434980b70ff13124c034	target_500b607aae593a2c49b2	SID530295	control	0	0.05791044523965224	true	true			assessed	not_detected
votu_434980b70ff13124c034	target_500b607aae593a2c49b2	SID530368	control	0	0.0	true	true			assessed	not_detected
votu_434980b70ff13124c034	target_500b607aae593a2c49b2	SID530373	CRC	0	0.0	true	true			assessed	not_detected
votu_434980b70ff13124c034	target_500b607aae593a2c49b2	SID531248	CRC	0	0.0044254838582801145	true	true			assessed	not_detected
votu_434980b70ff13124c034	target_500b607aae593a2c49b2	SID531361	CRC	0	0.002158990957402248	true	true			assessed	not_detected
votu_434980b70ff13124c034	target_500b607aae593a2c49b2	SID531469	CRC	1	2.2374777351762205	true	true			assessed	detected
votu_434980b70ff13124c034	target_500b607aae593a2c49b2	SID532796	control	0	0.01487573661498338	true	true			assessed	not_detected
votu_43df1b830733a03005cb	target_6db47176b846ca2f0668	SID31160	control	0	0.0	true	true			assessed	not_detected
votu_43df1b830733a03005cb	target_6db47176b846ca2f0668	SID31512	control	0	0.0	true	true			assessed	not_detected
votu_43df1b830733a03005cb	target_6db47176b846ca2f0668	SID31866	CRC		0.0	false	true	detection_status_not_resolvable		assessed	not_resolvable
votu_43df1b830733a03005cb	target_6db47176b846ca2f0668	SID530295	control	0	0.0	true	true			assessed	not_detected
votu_43df1b830733a03005cb	target_6db47176b846ca2f0668	SID530368	control	0	0.0	true	true			assessed	not_detected
votu_43df1b830733a03005cb	target_6db47176b846ca2f0668	SID530373	CRC	0	0.0	true	true			assessed	not_detected
votu_43df1b830733a03005cb	target_6db47176b846ca2f0668	SID531248	CRC	0	0.0	true	true			assessed	not_detected
votu_43df1b830733a03005cb	target_6db47176b846ca2f0668	SID531361	CRC	0	0.0	true	true			assessed	not_detected
votu_43df1b830733a03005cb	target_6db47176b846ca2f0668	SID531469	CRC		0.0	false	true	detection_status_not_resolvable		assessed	not_resolvable
votu_43df1b830733a03005cb	target_6db47176b846ca2f0668	SID532796	control	0	0.0	true	true			assessed	not_detected
votu_4477adb5b6de061a9b60	target_d85eb008ee7e18137297	SID31160	control	0	0.0	true	true			assessed	not_detected
votu_4477adb5b6de061a9b60	target_d85eb008ee7e18137297	SID31512	control	0	0.0	true	true			assessed	not_detected
votu_4477adb5b6de061a9b60	target_d85eb008ee7e18137297	SID31866	CRC		0.0	false	true	detection_status_not_resolvable		assessed	not_resolvable
votu_4477adb5b6de061a9b60	target_d85eb008ee7e18137297	SID530295	control	0	0.0	true	true			assessed	not_detected
votu_4477adb5b6de061a9b60	target_d85eb008ee7e18137297	SID530368	control	0	0.0	true	true			assessed	not_detected
votu_4477adb5b6de061a9b60	target_d85eb008ee7e18137297	SID530373	CRC		0.0	false	true	detection_status_not_resolvable		assessed	not_resolvable
votu_4477adb5b6de061a9b60	target_d85eb008ee7e18137297	SID531248	CRC	0	0.0	true	true			assessed	not_detected
votu_4477adb5b6de061a9b60	target_d85eb008ee7e18137297	SID531361	CRC	0	0.0	true	true			assessed	not_detected
votu_4477adb5b6de061a9b60	target_d85eb008ee7e18137297	SID531469	CRC		0.0	false	true	detection_status_not_resolvable		assessed	not_resolvable
votu_4477adb5b6de061a9b60	target_d85eb008ee7e18137297	SID532796	control	0	0.0	true	true			assessed	not_detected
votu_44cde91c21880483dd71	target_800a543e39be2af374a2	SID31160	control	1	5.25783363341857	true	true			assessed	detected
votu_44cde91c21880483dd71	target_800a543e39be2af374a2	SID31512	control	0	0.04979196378100058	true	true			assessed	not_detected
votu_44cde91c21880483dd71	target_800a543e39be2af374a2	SID31866	CRC	0	0.15794080076291597	true	true			assessed	not_detected
votu_44cde91c21880483dd71	target_800a543e39be2af374a2	SID530295	control	0	0.011546768743312539	true	true			assessed	not_detected
votu_44cde91c21880483dd71	target_800a543e39be2af374a2	SID530368	control	0	0.10855558598477916	true	true			assessed	not_detected
votu_44cde91c21880483dd71	target_800a543e39be2af374a2	SID530373	CRC	0	0.02176947383647593	true	true			assessed	not_detected
votu_44cde91c21880483dd71	target_800a543e39be2af374a2	SID531248	CRC	0	0.029648559820928837	true	true			assessed	not_detected
votu_44cde91c21880483dd71	target_800a543e39be2af374a2	SID531361	CRC	0	0.15255184467249505	true	true			assessed	not_detected
votu_44cde91c21880483dd71	target_800a543e39be2af374a2	SID531469	CRC	0	0.2733111712382589	true	true			assessed	not_detected
votu_44cde91c21880483dd71	target_800a543e39be2af374a2	SID532796	control	1	0.612865128115379	true	true			assessed	detected
votu_45af342830217ce554b5	target_bf3b5a80b9ac42e6b27a	SID31160	control	0	0.0	true	true			assessed	not_detected
votu_45af342830217ce554b5	target_bf3b5a80b9ac42e6b27a	SID31512	control	0	0.0	true	true			assessed	not_detected
votu_45af342830217ce554b5	target_bf3b5a80b9ac42e6b27a	SID31866	CRC	0	0.036646894814469574	true	true			assessed	not_detected
votu_45af342830217ce554b5	target_bf3b5a80b9ac42e6b27a	SID530295	control	0	0.0	true	true			assessed	not_detected
votu_45af342830217ce554b5	target_bf3b5a80b9ac42e6b27a	SID530368	control	0	0.0	true	true			assessed	not_detected
votu_45af342830217ce554b5	target_bf3b5a80b9ac42e6b27a	SID530373	CRC	0	0.0015588912373983245	true	true			assessed	not_detected
votu_45af342830217ce554b5	target_bf3b5a80b9ac42e6b27a	SID531248	CRC	0	0.0	true	true			assessed	not_detected
votu_45af342830217ce554b5	target_bf3b5a80b9ac42e6b27a	SID531361	CRC	0	0.0008091919963511487	true	true			assessed	not_detected
votu_45af342830217ce554b5	target_bf3b5a80b9ac42e6b27a	SID531469	CRC	0	0.0032084511529867693	true	true			assessed	not_detected
votu_45af342830217ce554b5	target_bf3b5a80b9ac42e6b27a	SID532796	control	1	1.9880430128471491	true	true			assessed	detected
votu_45dbf1e147ca9e377a82	target_40c46d28873a5dc95556	SID31160	control		0.11994546972843532	false	true	detection_status_not_detected_at_resolved_signal		assessed	not_detected_at_resolved_signal
votu_45dbf1e147ca9e377a82	target_40c46d28873a5dc95556	SID31512	control	0	0.00156372248921547	true	true			assessed	not_detected
votu_45dbf1e147ca9e377a82	target_40c46d28873a5dc95556	SID31866	CRC	1	4.6254046859834705	true	true			assessed	detected
votu_45dbf1e147ca9e377a82	target_40c46d28873a5dc95556	SID530295	control		1.123252043791452	false	true	detection_status_not_detected_at_resolved_signal		assessed	not_detected_at_resolved_signal
votu_45dbf1e147ca9e377a82	target_40c46d28873a5dc95556	SID530368	control		0.010083298101926853	false	true	detection_status_not_detected_at_resolved_signal		assessed	not_detected_at_resolved_signal
votu_45dbf1e147ca9e377a82	target_40c46d28873a5dc95556	SID530373	CRC		0.28935966765092536	false	true	detection_status_not_detected_at_resolved_signal		assessed	not_detected_at_resolved_signal
votu_45dbf1e147ca9e377a82	target_40c46d28873a5dc95556	SID531248	CRC		0.0262749441429581	false	true	detection_status_not_detected_at_resolved_signal		assessed	not_detected_at_resolved_signal
votu_45dbf1e147ca9e377a82	target_40c46d28873a5dc95556	SID531361	CRC		0.007193967601157098	false	true	detection_status_not_detected_at_resolved_signal		assessed	not_detected_at_resolved_signal
votu_45dbf1e147ca9e377a82	target_40c46d28873a5dc95556	SID531469	CRC		0.1467263702115137	false	true	detection_status_not_detected_at_resolved_signal		assessed	not_detected_at_resolved_signal
votu_45dbf1e147ca9e377a82	target_40c46d28873a5dc95556	SID532796	control		0.02167232617800204	false	true	detection_status_not_detected_at_resolved_signal		assessed	not_detected_at_resolved_signal
votu_460353d4d5133754bc17	target_7d6aeb0faf4201984f6c	SID31160	control	0	0.0	true	true			assessed	not_detected
votu_460353d4d5133754bc17	target_7d6aeb0faf4201984f6c	SID31512	control	0	0.0	true	true			assessed	not_detected
votu_460353d4d5133754bc17	target_7d6aeb0faf4201984f6c	SID31866	CRC	0	0.03865158857334972	true	true			assessed	not_detected
votu_460353d4d5133754bc17	target_7d6aeb0faf4201984f6c	SID530295	control	0	0.0	true	true			assessed	not_detected
votu_460353d4d5133754bc17	target_7d6aeb0faf4201984f6c	SID530368	control	0	0.0	true	true			assessed	not_detected
votu_460353d4d5133754bc17	target_7d6aeb0faf4201984f6c	SID530373	CRC		0.0032509669799694876	false	true	detection_status_not_detected_at_resolved_signal		assessed	not_detected_at_resolved_signal
votu_460353d4d5133754bc17	target_7d6aeb0faf4201984f6c	SID531248	CRC	0	0.0004612081736253166	true	true			assessed	not_detected
votu_460353d4d5133754bc17	target_7d6aeb0faf4201984f6c	SID531361	CRC	0	0.0011250117594192772	true	true			assessed	not_detected
votu_460353d4d5133754bc17	target_7d6aeb0faf4201984f6c	SID531469	CRC	0	0.0016727544079041838	true	true			assessed	not_detected
votu_460353d4d5133754bc17	target_7d6aeb0faf4201984f6c	SID532796	control	1	13.22402756298729	true	true			assessed	detected
votu_467bf3f7d9d096c9850f	target_9132b69e02d7fecdc10a	SID31160	control	0	0.00564940641795558	true	true			assessed	not_detected
votu_467bf3f7d9d096c9850f	target_9132b69e02d7fecdc10a	SID31512	control	0	0.018702844914957953	true	true			assessed	not_detected
votu_467bf3f7d9d096c9850f	target_9132b69e02d7fecdc10a	SID31866	CRC	0	0.008674778160852133	true	true			assessed	not_detected
votu_467bf3f7d9d096c9850f	target_9132b69e02d7fecdc10a	SID530295	control	1	5.605116574379146	true	true			assessed	detected
votu_467bf3f7d9d096c9850f	target_9132b69e02d7fecdc10a	SID530368	control	0	0.0018822885047347405	true	true			assessed	not_detected
votu_467bf3f7d9d096c9850f	target_9132b69e02d7fecdc10a	SID530373	CRC	0	0.0321037869236031	true	true			assessed	not_detected
votu_467bf3f7d9d096c9850f	target_9132b69e02d7fecdc10a	SID531248	CRC	0	0.0013012856987492621	true	true			assessed	not_detected
votu_467bf3f7d9d096c9850f	target_9132b69e02d7fecdc10a	SID531361	CRC	0	0.002380641428061019	true	true			assessed	not_detected
votu_467bf3f7d9d096c9850f	target_9132b69e02d7fecdc10a	SID531469	CRC	0	0.0039330240171434865	true	true			assessed	not_detected
votu_467bf3f7d9d096c9850f	target_9132b69e02d7fecdc10a	SID532796	control	0	0.08201469009662826	true	true			assessed	not_detected
votu_46cdd03f6fb67c0662ee	target_13227fd321887fb0fb39	SID31160	control	0	0.0	true	true			assessed	not_detected
votu_46cdd03f6fb67c0662ee	target_13227fd321887fb0fb39	SID31512	control		0.0	false	true	detection_status_not_resolvable		assessed	not_resolvable
votu_46cdd03f6fb67c0662ee	target_13227fd321887fb0fb39	SID31866	CRC		0.0	false	true	detection_status_not_resolvable		assessed	not_resolvable
votu_46cdd03f6fb67c0662ee	target_13227fd321887fb0fb39	SID530295	control		0.0	false	true	detection_status_not_resolvable		assessed	not_resolvable
votu_46cdd03f6fb67c0662ee	target_13227fd321887fb0fb39	SID530368	control		0.0	false	true	detection_status_not_resolvable		assessed	not_resolvable
votu_46cdd03f6fb67c0662ee	target_13227fd321887fb0fb39	SID530373	CRC		0.0	false	true	detection_status_not_resolvable		assessed	not_resolvable
votu_46cdd03f6fb67c0662ee	target_13227fd321887fb0fb39	SID531248	CRC	0	0.0	true	true			assessed	not_detected
votu_46cdd03f6fb67c0662ee	target_13227fd321887fb0fb39	SID531361	CRC		0.0	false	true	detection_status_not_resolvable		assessed	not_resolvable
votu_46cdd03f6fb67c0662ee	target_13227fd321887fb0fb39	SID531469	CRC		0.0	false	true	detection_status_not_resolvable		assessed	not_resolvable
votu_46cdd03f6fb67c0662ee	target_13227fd321887fb0fb39	SID532796	control		0.0	false	true	detection_status_not_resolvable		assessed	not_resolvable
votu_48cbd5bebf4b17459d61	target_41c90645b65a4be20d5c	SID31160	control	0	0.17541896765019505	true	true			assessed	not_detected
votu_48cbd5bebf4b17459d61	target_41c90645b65a4be20d5c	SID31512	control	0	0.40453282842912514	true	true			assessed	not_detected
votu_48cbd5bebf4b17459d61	target_41c90645b65a4be20d5c	SID31866	CRC	1	4.67201689948709	true	true			assessed	detected
votu_48cbd5bebf4b17459d61	target_41c90645b65a4be20d5c	SID530295	control	0	0.21755957084159214	true	true			assessed	not_detected
votu_48cbd5bebf4b17459d61	target_41c90645b65a4be20d5c	SID530368	control	0	0.004375688031013194	true	true			assessed	not_detected
votu_48cbd5bebf4b17459d61	target_41c90645b65a4be20d5c	SID530373	CRC	0	0.009773043332136907	true	true			assessed	not_detected
votu_48cbd5bebf4b17459d61	target_41c90645b65a4be20d5c	SID531248	CRC	0	0.06957619173698817	true	true			assessed	not_detected
votu_48cbd5bebf4b17459d61	target_41c90645b65a4be20d5c	SID531361	CRC	0	0.12082983800016237	true	true			assessed	not_detected
votu_48cbd5bebf4b17459d61	target_41c90645b65a4be20d5c	SID531469	CRC	0	0.0036571834921613018	true	true			assessed	not_detected
votu_48cbd5bebf4b17459d61	target_41c90645b65a4be20d5c	SID532796	control	0	0.627350952670673	true	true			assessed	not_detected
votu_49b44329a88ec3454df1	target_64123f9dce3548df2d4a	SID31160	control	0	0.0	true	true			assessed	not_detected
votu_49b44329a88ec3454df1	target_64123f9dce3548df2d4a	SID31512	control	1	114.57758018634419	true	true			assessed	detected
votu_49b44329a88ec3454df1	target_64123f9dce3548df2d4a	SID31866	CRC	0	0.0	true	true			assessed	not_detected
votu_49b44329a88ec3454df1	target_64123f9dce3548df2d4a	SID530295	control	0	0.0	true	true			assessed	not_detected
votu_49b44329a88ec3454df1	target_64123f9dce3548df2d4a	SID530368	control	0	0.0	true	true			assessed	not_detected
votu_49b44329a88ec3454df1	target_64123f9dce3548df2d4a	SID530373	CRC	0	0.0	true	true			assessed	not_detected
votu_49b44329a88ec3454df1	target_64123f9dce3548df2d4a	SID531248	CRC	0	0.0	true	true			assessed	not_detected
votu_49b44329a88ec3454df1	target_64123f9dce3548df2d4a	SID531361	CRC	0	0.0	true	true			assessed	not_detected
votu_49b44329a88ec3454df1	target_64123f9dce3548df2d4a	SID531469	CRC	0	0.0	true	true			assessed	not_detected
votu_49b44329a88ec3454df1	target_64123f9dce3548df2d4a	SID532796	control	0	0.0	true	true			assessed	not_detected
votu_49ba0587886a1f0f9cb6	target_f426fa43e6ee5895397b	SID31160	control	0	0.0	true	true			assessed	not_detected
votu_49ba0587886a1f0f9cb6	target_f426fa43e6ee5895397b	SID31512	control	0	0.013965084037345463	true	true			assessed	not_detected
votu_49ba0587886a1f0f9cb6	target_f426fa43e6ee5895397b	SID31866	CRC	0	0.001773547433665117	true	true			assessed	not_detected
votu_49ba0587886a1f0f9cb6	target_f426fa43e6ee5895397b	SID530295	control	0	0.09863950895454743	true	true			assessed	not_detected
votu_49ba0587886a1f0f9cb6	target_f426fa43e6ee5895397b	SID530368	control	0	0.0	true	true			assessed	not_detected
votu_49ba0587886a1f0f9cb6	target_f426fa43e6ee5895397b	SID530373	CRC	0	0.0404754018024117	true	true			assessed	not_detected
votu_49ba0587886a1f0f9cb6	target_f426fa43e6ee5895397b	SID531248	CRC	1	2.190092456894889	true	true			assessed	detected
votu_49ba0587886a1f0f9cb6	target_f426fa43e6ee5895397b	SID531361	CRC	0	0.0	true	true			assessed	not_detected
votu_49ba0587886a1f0f9cb6	target_f426fa43e6ee5895397b	SID531469	CRC	0	0.0	true	true			assessed	not_detected
votu_49ba0587886a1f0f9cb6	target_f426fa43e6ee5895397b	SID532796	control	0	0.0	true	true			assessed	not_detected
votu_4a405590d07572b7805d	target_c06c455a617197250ea7	SID31160	control	0	0.0	true	true			assessed	not_detected
votu_4a405590d07572b7805d	target_c06c455a617197250ea7	SID31512	control		0.0	false	true	detection_status_not_resolvable		assessed	not_resolvable
votu_4a405590d07572b7805d	target_c06c455a617197250ea7	SID31866	CRC		0.0	false	true	detection_status_not_resolvable		assessed	not_resolvable
votu_4a405590d07572b7805d	target_c06c455a617197250ea7	SID530295	control	0	0.0	true	true			assessed	not_detected
votu_4a405590d07572b7805d	target_c06c455a617197250ea7	SID530368	control	0	0.0	true	true			assessed	not_detected
votu_4a405590d07572b7805d	target_c06c455a617197250ea7	SID530373	CRC		0.0	false	true	detection_status_not_resolvable		assessed	not_resolvable
votu_4a405590d07572b7805d	target_c06c455a617197250ea7	SID531248	CRC	0	0.0	true	true			assessed	not_detected
votu_4a405590d07572b7805d	target_c06c455a617197250ea7	SID531361	CRC		0.0	false	true	detection_status_not_resolvable		assessed	not_resolvable
votu_4a405590d07572b7805d	target_c06c455a617197250ea7	SID531469	CRC	0	0.0	true	true			assessed	not_detected
votu_4a405590d07572b7805d	target_c06c455a617197250ea7	SID532796	control		0.0	false	true	detection_status_not_resolvable		assessed	not_resolvable
votu_4a47a4eb8e8a373726ab	target_f3bb4e45acd454b205e8	SID31160	control	1	13.66310484814946	true	true			assessed	detected
votu_4a47a4eb8e8a373726ab	target_f3bb4e45acd454b205e8	SID31512	control	0	0.0	true	true			assessed	not_detected
votu_4a47a4eb8e8a373726ab	target_f3bb4e45acd454b205e8	SID31866	CRC	0	0.0	true	true			assessed	not_detected
votu_4a47a4eb8e8a373726ab	target_f3bb4e45acd454b205e8	SID530295	control	0	0.0	true	true			assessed	not_detected
votu_4a47a4eb8e8a373726ab	target_f3bb4e45acd454b205e8	SID530368	control	0	0.0	true	true			assessed	not_detected
votu_4a47a4eb8e8a373726ab	target_f3bb4e45acd454b205e8	SID530373	CRC	0	0.002659374446418881	true	true			assessed	not_detected
votu_4a47a4eb8e8a373726ab	target_f3bb4e45acd454b205e8	SID531248	CRC	0	0.14940292984654052	true	true			assessed	not_detected
votu_4a47a4eb8e8a373726ab	target_f3bb4e45acd454b205e8	SID531361	CRC	0	0.0	true	true			assessed	not_detected
votu_4a47a4eb8e8a373726ab	target_f3bb4e45acd454b205e8	SID531469	CRC	0	0.0	true	true			assessed	not_detected
votu_4a47a4eb8e8a373726ab	target_f3bb4e45acd454b205e8	SID532796	control	0	0.0	true	true			assessed	not_detected
votu_4ae3b65dddd1d91a3bc7	target_d6087c8a36e497cef144	SID31160	control		0.0048107669882185055	false	true	detection_status_not_detected_at_resolved_signal		assessed	not_detected_at_resolved_signal
votu_4ae3b65dddd1d91a3bc7	target_d6087c8a36e497cef144	SID31512	control		0.020842885148937812	false	true	detection_status_not_detected_at_resolved_signal		assessed	not_detected_at_resolved_signal
votu_4ae3b65dddd1d91a3bc7	target_d6087c8a36e497cef144	SID31866	CRC		0.4169978606337843	false	true	detection_status_not_detected_at_resolved_signal		assessed	not_detected_at_resolved_signal
votu_4ae3b65dddd1d91a3bc7	target_d6087c8a36e497cef144	SID530295	control		0.0	false	true	detection_status_not_resolvable		assessed	not_resolvable
votu_4ae3b65dddd1d91a3bc7	target_d6087c8a36e497cef144	SID530368	control		0.20252234126136087	false	true	detection_status_not_detected_at_resolved_signal		assessed	not_detected_at_resolved_signal
votu_4ae3b65dddd1d91a3bc7	target_d6087c8a36e497cef144	SID530373	CRC		0.08657053830534592	false	true	detection_status_not_detected_at_resolved_signal		assessed	not_detected_at_resolved_signal
votu_4ae3b65dddd1d91a3bc7	target_d6087c8a36e497cef144	SID531248	CRC		1.0184669166127485	false	true	detection_status_not_detected_at_resolved_signal		assessed	not_detected_at_resolved_signal
votu_4ae3b65dddd1d91a3bc7	target_d6087c8a36e497cef144	SID531361	CRC		0.04162602565586728	false	true	detection_status_not_detected_at_resolved_signal		assessed	not_detected_at_resolved_signal
votu_4ae3b65dddd1d91a3bc7	target_d6087c8a36e497cef144	SID531469	CRC		0.0534528651089275	false	true	detection_status_not_detected_at_resolved_signal		assessed	not_detected_at_resolved_signal
votu_4ae3b65dddd1d91a3bc7	target_d6087c8a36e497cef144	SID532796	control		0.032126320158067455	false	true	detection_status_not_detected_at_resolved_signal		assessed	not_detected_at_resolved_signal
votu_4aeae3b16a560fb74736	target_32c3a37c7919c9824305	SID31160	control	1	2.427895155357381	true	true			assessed	detected
votu_4aeae3b16a560fb74736	target_32c3a37c7919c9824305	SID31512	control	0	0.0	true	true			assessed	not_detected
votu_4aeae3b16a560fb74736	target_32c3a37c7919c9824305	SID31866	CRC	0	0.011400863193540152	true	true			assessed	not_detected
votu_4aeae3b16a560fb74736	target_32c3a37c7919c9824305	SID530295	control	0	0.0	true	true			assessed	not_detected
votu_4aeae3b16a560fb74736	target_32c3a37c7919c9824305	SID530368	control	0	0.0	true	true			assessed	not_detected
votu_4aeae3b16a560fb74736	target_32c3a37c7919c9824305	SID530373	CRC	0	0.0	true	true			assessed	not_detected
votu_4aeae3b16a560fb74736	target_32c3a37c7919c9824305	SID531248	CRC	0	0.0	true	true			assessed	not_detected
votu_4aeae3b16a560fb74736	target_32c3a37c7919c9824305	SID531361	CRC	0	0.0	true	true			assessed	not_detected
votu_4aeae3b16a560fb74736	target_32c3a37c7919c9824305	SID531469	CRC	0	0.0	true	true			assessed	not_detected
votu_4aeae3b16a560fb74736	target_32c3a37c7919c9824305	SID532796	control	0	0.0	true	true			assessed	not_detected
votu_4b60f616fe91ed32d567	target_96a1659fdd4a1addf237	SID31160	control	0	0.0	true	true			assessed	not_detected
votu_4b60f616fe91ed32d567	target_96a1659fdd4a1addf237	SID31512	control	0	0.0	true	true			assessed	not_detected
votu_4b60f616fe91ed32d567	target_96a1659fdd4a1addf237	SID31866	CRC	0	0.004380914133986852	true	true			assessed	not_detected
votu_4b60f616fe91ed32d567	target_96a1659fdd4a1addf237	SID530295	control		0.004777521590354511	false	true	detection_status_not_detected_at_resolved_signal		assessed	not_detected_at_resolved_signal
votu_4b60f616fe91ed32d567	target_96a1659fdd4a1addf237	SID530368	control		0.005323295570870356	false	true	detection_status_not_detected_at_resolved_signal		assessed	not_detected_at_resolved_signal
votu_4b60f616fe91ed32d567	target_96a1659fdd4a1addf237	SID530373	CRC		0.28426743928739084	false	true	detection_status_not_detected_at_resolved_signal		assessed	not_detected_at_resolved_signal
votu_4b60f616fe91ed32d567	target_96a1659fdd4a1addf237	SID531248	CRC		1.1353302668385723	false	true	detection_status_not_detected_at_resolved_signal		assessed	not_detected_at_resolved_signal
votu_4b60f616fe91ed32d567	target_96a1659fdd4a1addf237	SID531361	CRC	0	0.0	true	true			assessed	not_detected
votu_4b60f616fe91ed32d567	target_96a1659fdd4a1addf237	SID531469	CRC	0	0.01668446357552701	true	true			assessed	not_detected
votu_4b60f616fe91ed32d567	target_96a1659fdd4a1addf237	SID532796	control	0	0.0	true	true			assessed	not_detected
votu_4ca80479da0560d0ea93	target_85b67abebb5c33d201ce	SID31160	control	0	0.004366573299369857	true	true			assessed	not_detected
votu_4ca80479da0560d0ea93	target_85b67abebb5c33d201ce	SID31512	control	0	0.0	true	true			assessed	not_detected
votu_4ca80479da0560d0ea93	target_85b67abebb5c33d201ce	SID31866	CRC	0	0.0	true	true			assessed	not_detected
votu_4ca80479da0560d0ea93	target_85b67abebb5c33d201ce	SID530295	control	1	2.326424209433123	true	true			assessed	detected
votu_4ca80479da0560d0ea93	target_85b67abebb5c33d201ce	SID530368	control	0	0.0016973480878314789	true	true			assessed	not_detected
votu_4ca80479da0560d0ea93	target_85b67abebb5c33d201ce	SID530373	CRC	0	0.0	true	true			assessed	not_detected
votu_4ca80479da0560d0ea93	target_85b67abebb5c33d201ce	SID531248	CRC	1	2.14033728165265	true	true			assessed	detected
votu_4ca80479da0560d0ea93	target_85b67abebb5c33d201ce	SID531361	CRC	0	0.0	true	true			assessed	not_detected
votu_4ca80479da0560d0ea93	target_85b67abebb5c33d201ce	SID531469	CRC	0	0.0	true	true			assessed	not_detected
votu_4ca80479da0560d0ea93	target_85b67abebb5c33d201ce	SID532796	control	0	0.0	true	true			assessed	not_detected
votu_4d4baebffbd8f687df3b	target_ac599cf9e6ab4ce20279	SID31160	control	0	0.0	true	true			assessed	not_detected
votu_4d4baebffbd8f687df3b	target_ac599cf9e6ab4ce20279	SID31512	control	0	0.11519783440426884	true	true			assessed	not_detected
votu_4d4baebffbd8f687df3b	target_ac599cf9e6ab4ce20279	SID31866	CRC	0	0.060537825580872666	true	true			assessed	not_detected
votu_4d4baebffbd8f687df3b	target_ac599cf9e6ab4ce20279	SID530295	control	0	0.013203672105872997	true	true			assessed	not_detected
votu_4d4baebffbd8f687df3b	target_ac599cf9e6ab4ce20279	SID530368	control	0	0.004597509916433642	true	true			assessed	not_detected
votu_4d4baebffbd8f687df3b	target_ac599cf9e6ab4ce20279	SID530373	CRC	0	0.044807911331663924	true	true			assessed	not_detected
votu_4d4baebffbd8f687df3b	target_ac599cf9e6ab4ce20279	SID531248	CRC	0	0.028605638828254457	true	true			assessed	not_detected
votu_4d4baebffbd8f687df3b	target_ac599cf9e6ab4ce20279	SID531361	CRC	1	1.0660360867455745	true	true			assessed	detected
votu_4d4baebffbd8f687df3b	target_ac599cf9e6ab4ce20279	SID531469	CRC	0	0.007685162768578693	true	true			assessed	not_detected
votu_4d4baebffbd8f687df3b	target_ac599cf9e6ab4ce20279	SID532796	control	1	6.280564214459038	true	true			assessed	detected
votu_4d5c86163b3fa4e2a2ad	target_0ce58a3917c01c0155be	SID31160	control	1	6.320805707506421	true	true			assessed	detected
votu_4d5c86163b3fa4e2a2ad	target_0ce58a3917c01c0155be	SID31512	control	0	0.002042107217282678	true	true			assessed	not_detected
votu_4d5c86163b3fa4e2a2ad	target_0ce58a3917c01c0155be	SID31866	CRC	0	0.0025934494950373014	true	true			assessed	not_detected
votu_4d5c86163b3fa4e2a2ad	target_0ce58a3917c01c0155be	SID530295	control		0.6612416776323902	false	true	detection_status_not_detected_at_resolved_signal		assessed	not_detected_at_resolved_signal
votu_4d5c86163b3fa4e2a2ad	target_0ce58a3917c01c0155be	SID530368	control	0	0.01181748071404576	true	true			assessed	not_detected
votu_4d5c86163b3fa4e2a2ad	target_0ce58a3917c01c0155be	SID530373	CRC	0	0.0012797184118827063	true	true			assessed	not_detected
votu_4d5c86163b3fa4e2a2ad	target_0ce58a3917c01c0155be	SID531248	CRC		0.47493764559127355	false	true	detection_status_not_detected_at_resolved_signal		assessed	not_detected_at_resolved_signal
votu_4d5c86163b3fa4e2a2ad	target_0ce58a3917c01c0155be	SID531361	CRC	0	0.0	true	true			assessed	not_detected
votu_4d5c86163b3fa4e2a2ad	target_0ce58a3917c01c0155be	SID531469	CRC	0	0.0	true	true			assessed	not_detected
votu_4d5c86163b3fa4e2a2ad	target_0ce58a3917c01c0155be	SID532796	control	0	0.0	true	true			assessed	not_detected
votu_4e13d6b5f96e87ae0771	target_b7971e14c22765054614	SID31160	control	1	0.759189440749727	true	true			assessed	detected
votu_4e13d6b5f96e87ae0771	target_b7971e14c22765054614	SID31512	control		0.0005175481764091869	false	true	detection_status_not_detected_at_resolved_signal		assessed	not_detected_at_resolved_signal
votu_4e13d6b5f96e87ae0771	target_b7971e14c22765054614	SID31866	CRC		0.1818034888469086	false	true	detection_status_not_detected_at_resolved_signal		assessed	not_detected_at_resolved_signal
votu_4e13d6b5f96e87ae0771	target_b7971e14c22765054614	SID530295	control		0.0008601401111987377	false	true	detection_status_not_detected_at_resolved_signal		assessed	not_detected_at_resolved_signal
votu_4e13d6b5f96e87ae0771	target_b7971e14c22765054614	SID530368	control		0.0017970013155656456	false	true	detection_status_not_detected_at_resolved_signal		assessed	not_detected_at_resolved_signal
votu_4e13d6b5f96e87ae0771	target_b7971e14c22765054614	SID530373	CRC	1	3.642384196707595	true	true			assessed	detected
votu_4e13d6b5f96e87ae0771	target_b7971e14c22765054614	SID531248	CRC	1	2.316105972907783	true	true			assessed	detected
votu_4e13d6b5f96e87ae0771	target_b7971e14c22765054614	SID531361	CRC	1	3.073295080766909	true	true			assessed	detected
votu_4e13d6b5f96e87ae0771	target_b7971e14c22765054614	SID531469	CRC		0.061078360478177836	false	true	detection_status_not_detected_at_resolved_signal		assessed	not_detected_at_resolved_signal
votu_4e13d6b5f96e87ae0771	target_b7971e14c22765054614	SID532796	control	1	2.253507533185363	true	true			assessed	detected
votu_50820871fc98c6c6e90b	target_ad5133d8c84de3d78e1b	SID31160	control	0	0.0	true	true			assessed	not_detected
votu_50820871fc98c6c6e90b	target_ad5133d8c84de3d78e1b	SID31512	control	0	0.0	true	true			assessed	not_detected
votu_50820871fc98c6c6e90b	target_ad5133d8c84de3d78e1b	SID31866	CRC		0.0	false	true	detection_status_not_resolvable		assessed	not_resolvable
votu_50820871fc98c6c6e90b	target_ad5133d8c84de3d78e1b	SID530295	control		0.0	false	true	detection_status_not_resolvable		assessed	not_resolvable
votu_50820871fc98c6c6e90b	target_ad5133d8c84de3d78e1b	SID530368	control		0.0	false	true	detection_status_not_resolvable		assessed	not_resolvable
votu_50820871fc98c6c6e90b	target_ad5133d8c84de3d78e1b	SID530373	CRC		0.0	false	true	detection_status_not_resolvable		assessed	not_resolvable
votu_50820871fc98c6c6e90b	target_ad5133d8c84de3d78e1b	SID531248	CRC	0	0.0	true	true			assessed	not_detected
votu_50820871fc98c6c6e90b	target_ad5133d8c84de3d78e1b	SID531361	CRC	0	0.0	true	true			assessed	not_detected
votu_50820871fc98c6c6e90b	target_ad5133d8c84de3d78e1b	SID531469	CRC	0	0.0	true	true			assessed	not_detected
votu_50820871fc98c6c6e90b	target_ad5133d8c84de3d78e1b	SID532796	control		0.0009782057100814342	false	true	detection_status_not_detected_at_resolved_signal		assessed	not_detected_at_resolved_signal
votu_509302d1801f4dab5adc	target_1cd050f61796646efeb2	SID31160	control	0	0.0	true	true			assessed	not_detected
votu_509302d1801f4dab5adc	target_1cd050f61796646efeb2	SID31512	control	0	0.0	true	true			assessed	not_detected
votu_509302d1801f4dab5adc	target_1cd050f61796646efeb2	SID31866	CRC		0.0	false	true	detection_status_not_resolvable		assessed	not_resolvable
votu_509302d1801f4dab5adc	target_1cd050f61796646efeb2	SID530295	control	0	0.0	true	true			assessed	not_detected
votu_509302d1801f4dab5adc	target_1cd050f61796646efeb2	SID530368	control	0	0.0	true	true			assessed	not_detected
votu_509302d1801f4dab5adc	target_1cd050f61796646efeb2	SID530373	CRC	0	0.0	true	true			assessed	not_detected
votu_509302d1801f4dab5adc	target_1cd050f61796646efeb2	SID531248	CRC		0.0	false	true	detection_status_not_resolvable		assessed	not_resolvable
votu_509302d1801f4dab5adc	target_1cd050f61796646efeb2	SID531361	CRC	0	0.0	true	true			assessed	not_detected
votu_509302d1801f4dab5adc	target_1cd050f61796646efeb2	SID531469	CRC		0.0	false	true	detection_status_not_resolvable		assessed	not_resolvable
votu_509302d1801f4dab5adc	target_1cd050f61796646efeb2	SID532796	control	0	0.0	true	true			assessed	not_detected
votu_50b4033f5976e2f0e8f0	target_be5ab5a93495c1512c24	SID31160	control		0.050199338337140215	false	true	detection_status_not_detected_at_resolved_signal		assessed	not_detected_at_resolved_signal
votu_50b4033f5976e2f0e8f0	target_be5ab5a93495c1512c24	SID31512	control		0.008925763674026744	false	true	detection_status_not_detected_at_resolved_signal		assessed	not_detected_at_resolved_signal
votu_50b4033f5976e2f0e8f0	target_be5ab5a93495c1512c24	SID31866	CRC		0.01964837903809201	false	true	detection_status_not_detected_at_resolved_signal		assessed	not_detected_at_resolved_signal
votu_50b4033f5976e2f0e8f0	target_be5ab5a93495c1512c24	SID530295	control		0.08653276796800624	false	true	detection_status_not_detected_at_resolved_signal		assessed	not_detected_at_resolved_signal
votu_50b4033f5976e2f0e8f0	target_be5ab5a93495c1512c24	SID530368	control		0.00459133755708578	false	true	detection_status_not_detected_at_resolved_signal		assessed	not_detected_at_resolved_signal
votu_50b4033f5976e2f0e8f0	target_be5ab5a93495c1512c24	SID530373	CRC	1	1.9409338618130414	true	true			assessed	detected
votu_50b4033f5976e2f0e8f0	target_be5ab5a93495c1512c24	SID531248	CRC		0.030947837374472344	false	true	detection_status_not_detected_at_resolved_signal		assessed	not_detected_at_resolved_signal
votu_50b4033f5976e2f0e8f0	target_be5ab5a93495c1512c24	SID531361	CRC		0.0	false	true	detection_status_not_resolvable		assessed	not_resolvable
votu_50b4033f5976e2f0e8f0	target_be5ab5a93495c1512c24	SID531469	CRC		0.07962651790652107	false	true	detection_status_not_detected_at_resolved_signal		assessed	not_detected_at_resolved_signal
votu_50b4033f5976e2f0e8f0	target_be5ab5a93495c1512c24	SID532796	control		0.0019052649698249272	false	true	detection_status_not_detected_at_resolved_signal		assessed	not_detected_at_resolved_signal
votu_5396e2dc596bd53f9bf0	target_c974eccd7d6727055ba8	SID31160	control		0.033098455959326534	false	true	detection_status_not_detected_at_resolved_signal		assessed	not_detected_at_resolved_signal
votu_5396e2dc596bd53f9bf0	target_c974eccd7d6727055ba8	SID31512	control		0.016674499094086186	false	true	detection_status_not_detected_at_resolved_signal		assessed	not_detected_at_resolved_signal
votu_5396e2dc596bd53f9bf0	target_c974eccd7d6727055ba8	SID31866	CRC		0.15501121925023026	false	true	detection_status_not_detected_at_resolved_signal		assessed	not_detected_at_resolved_signal
votu_5396e2dc596bd53f9bf0	target_c974eccd7d6727055ba8	SID530295	control		0.0	false	true	detection_status_not_resolvable		assessed	not_resolvable
votu_5396e2dc596bd53f9bf0	target_c974eccd7d6727055ba8	SID530368	control		0.11321932653218773	false	true	detection_status_not_detected_at_resolved_signal		assessed	not_detected_at_resolved_signal
votu_5396e2dc596bd53f9bf0	target_c974eccd7d6727055ba8	SID530373	CRC		0.8881935199668477	false	true	detection_status_not_detected_at_resolved_signal		assessed	not_detected_at_resolved_signal
votu_5396e2dc596bd53f9bf0	target_c974eccd7d6727055ba8	SID531248	CRC		0.10050850321090617	false	true	detection_status_not_detected_at_resolved_signal		assessed	not_detected_at_resolved_signal
votu_5396e2dc596bd53f9bf0	target_c974eccd7d6727055ba8	SID531361	CRC		0.0987178811673763	false	true	detection_status_not_detected_at_resolved_signal		assessed	not_detected_at_resolved_signal
votu_5396e2dc596bd53f9bf0	target_c974eccd7d6727055ba8	SID531469	CRC		0.47744270828036545	false	true	detection_status_not_detected_at_resolved_signal		assessed	not_detected_at_resolved_signal
votu_5396e2dc596bd53f9bf0	target_c974eccd7d6727055ba8	SID532796	control		1.8002864807754906	false	true	detection_status_not_detected_at_resolved_signal		assessed	not_detected_at_resolved_signal
votu_55180679c0de0d1a8121	target_0ea6e64170e1fd4e7f83	SID31160	control	1	3.792755459614469	true	true			assessed	detected
votu_55180679c0de0d1a8121	target_0ea6e64170e1fd4e7f83	SID31512	control		0.6702133814873683	false	true	detection_status_not_detected_at_resolved_signal		assessed	not_detected_at_resolved_signal
votu_55180679c0de0d1a8121	target_0ea6e64170e1fd4e7f83	SID31866	CRC		0.019032199181593205	false	true	detection_status_not_detected_at_resolved_signal		assessed	not_detected_at_resolved_signal
votu_55180679c0de0d1a8121	target_0ea6e64170e1fd4e7f83	SID530295	control		0.0034591997515079154	false	true	detection_status_not_detected_at_resolved_signal		assessed	not_detected_at_resolved_signal
votu_55180679c0de0d1a8121	target_0ea6e64170e1fd4e7f83	SID530368	control		0.015658383927476503	false	true	detection_status_not_detected_at_resolved_signal		assessed	not_detected_at_resolved_signal
votu_55180679c0de0d1a8121	target_0ea6e64170e1fd4e7f83	SID530373	CRC		0.04499996709915449	false	true	detection_status_not_detected_at_resolved_signal		assessed	not_detected_at_resolved_signal
votu_55180679c0de0d1a8121	target_0ea6e64170e1fd4e7f83	SID531248	CRC		2.6138542511474796	false	true	detection_status_not_detected_at_resolved_signal		assessed	not_detected_at_resolved_signal
votu_55180679c0de0d1a8121	target_0ea6e64170e1fd4e7f83	SID531361	CRC	0	0.004062375966927621	true	true			assessed	not_detected
votu_55180679c0de0d1a8121	target_0ea6e64170e1fd4e7f83	SID531469	CRC		0.0020134181556614463	false	true	detection_status_not_detected_at_resolved_signal		assessed	not_detected_at_resolved_signal
votu_55180679c0de0d1a8121	target_0ea6e64170e1fd4e7f83	SID532796	control		0.02199238960571198	false	true	detection_status_not_detected_at_resolved_signal		assessed	not_detected_at_resolved_signal
votu_5695052a1f69a6504506	target_e646c76afd25a232e3d1	SID31160	control		0.0	false	true	detection_status_not_resolvable		assessed	not_resolvable
votu_5695052a1f69a6504506	target_e646c76afd25a232e3d1	SID31512	control		0.0005899302245161302	false	true	detection_status_not_detected_at_resolved_signal		assessed	not_detected_at_resolved_signal
votu_5695052a1f69a6504506	target_e646c76afd25a232e3d1	SID31866	CRC		2.0210518481400594	false	true	detection_status_not_detected_at_resolved_signal		assessed	not_detected_at_resolved_signal
votu_5695052a1f69a6504506	target_e646c76afd25a232e3d1	SID530295	control	0	0.0	true	true			assessed	not_detected
votu_5695052a1f69a6504506	target_e646c76afd25a232e3d1	SID530368	control		0.0	false	true	detection_status_not_resolvable		assessed	not_resolvable
votu_5695052a1f69a6504506	target_e646c76afd25a232e3d1	SID530373	CRC		0.005545334963195184	false	true	detection_status_not_detected_at_resolved_signal		assessed	not_detected_at_resolved_signal
votu_5695052a1f69a6504506	target_e646c76afd25a232e3d1	SID531248	CRC	0	0.0004720233382142566	true	true			assessed	not_detected
votu_5695052a1f69a6504506	target_e646c76afd25a232e3d1	SID531361	CRC		1.0604328402861498	false	true	detection_status_not_detected_at_resolved_signal		assessed	not_detected_at_resolved_signal
votu_5695052a1f69a6504506	target_e646c76afd25a232e3d1	SID531469	CRC		0.034239597855566	false	true	detection_status_not_detected_at_resolved_signal		assessed	not_detected_at_resolved_signal
votu_5695052a1f69a6504506	target_e646c76afd25a232e3d1	SID532796	control	0	0.0	true	true			assessed	not_detected
votu_56ce46f3cb2c0653b3ad	target_5078e6adcfa29aad680b	SID31160	control		0.0	false	true	detection_status_not_resolvable		assessed	not_resolvable
votu_56ce46f3cb2c0653b3ad	target_5078e6adcfa29aad680b	SID31512	control	0	0.0	true	true			assessed	not_detected
votu_56ce46f3cb2c0653b3ad	target_5078e6adcfa29aad680b	SID31866	CRC	1	0.4508452736457146	true	true			assessed	detected
votu_56ce46f3cb2c0653b3ad	target_5078e6adcfa29aad680b	SID530295	control		0.0	false	true	detection_status_not_resolvable		assessed	not_resolvable
votu_56ce46f3cb2c0653b3ad	target_5078e6adcfa29aad680b	SID530368	control	0	0.0	true	true			assessed	not_detected
votu_56ce46f3cb2c0653b3ad	target_5078e6adcfa29aad680b	SID530373	CRC		0.0	false	true	detection_status_not_resolvable		assessed	not_resolvable
votu_56ce46f3cb2c0653b3ad	target_5078e6adcfa29aad680b	SID531248	CRC	0	0.0	true	true			assessed	not_detected
votu_56ce46f3cb2c0653b3ad	target_5078e6adcfa29aad680b	SID531361	CRC	0	0.0025661816405432563	true	true			assessed	not_detected
votu_56ce46f3cb2c0653b3ad	target_5078e6adcfa29aad680b	SID531469	CRC	1	4.413374024233347	true	true			assessed	detected
votu_56ce46f3cb2c0653b3ad	target_5078e6adcfa29aad680b	SID532796	control	0	0.0	true	true			assessed	not_detected
votu_5782d90b8b1665db4327	target_9d6827a01e7422dcd4a7	SID31160	control	0	0.0	true	true			assessed	not_detected
votu_5782d90b8b1665db4327	target_9d6827a01e7422dcd4a7	SID31512	control	0	0.005756621679935731	true	true			assessed	not_detected
votu_5782d90b8b1665db4327	target_9d6827a01e7422dcd4a7	SID31866	CRC	0	0.0017546002438186563	true	true			assessed	not_detected
votu_5782d90b8b1665db4327	target_9d6827a01e7422dcd4a7	SID530295	control	0	0.003826891051003684	true	true			assessed	not_detected
votu_5782d90b8b1665db4327	target_9d6827a01e7422dcd4a7	SID530368	control	1	2.582425580271445	true	true			assessed	detected
votu_5782d90b8b1665db4327	target_9d6827a01e7422dcd4a7	SID530373	CRC	0	0.4448019102463617	true	true			assessed	not_detected
votu_5782d90b8b1665db4327	target_9d6827a01e7422dcd4a7	SID531248	CRC	0	0.0257939907940807	true	true			assessed	not_detected
votu_5782d90b8b1665db4327	target_9d6827a01e7422dcd4a7	SID531361	CRC	0	0.0	true	true			assessed	not_detected
votu_5782d90b8b1665db4327	target_9d6827a01e7422dcd4a7	SID531469	CRC	0	0.3552753902101263	true	true			assessed	not_detected
votu_5782d90b8b1665db4327	target_9d6827a01e7422dcd4a7	SID532796	control	0	0.18911078938504694	true	true			assessed	not_detected
votu_57fad75f5dad4905159c	target_4533d3bd9f00d74467e9	SID31160	control	0	0.0	true	true			assessed	not_detected
votu_57fad75f5dad4905159c	target_4533d3bd9f00d74467e9	SID31512	control	0	0.0	true	true			assessed	not_detected
votu_57fad75f5dad4905159c	target_4533d3bd9f00d74467e9	SID31866	CRC	1	1.500897049366033	true	true			assessed	detected
votu_57fad75f5dad4905159c	target_4533d3bd9f00d74467e9	SID530295	control	0	0.07962686220452182	true	true			assessed	not_detected
votu_57fad75f5dad4905159c	target_4533d3bd9f00d74467e9	SID530368	control	0	0.0	true	true			assessed	not_detected
votu_57fad75f5dad4905159c	target_4533d3bd9f00d74467e9	SID530373	CRC	0	0.0	true	true			assessed	not_detected
votu_57fad75f5dad4905159c	target_4533d3bd9f00d74467e9	SID531248	CRC	0	0.0	true	true			assessed	not_detected
votu_57fad75f5dad4905159c	target_4533d3bd9f00d74467e9	SID531361	CRC	0	0.010390143982498318	true	true			assessed	not_detected
votu_57fad75f5dad4905159c	target_4533d3bd9f00d74467e9	SID531469	CRC	0	0.041196983646238396	true	true			assessed	not_detected
votu_57fad75f5dad4905159c	target_4533d3bd9f00d74467e9	SID532796	control	1	0.5215805150628547	true	true			assessed	detected
votu_5826ca0350e9ea128622	target_98f9a2e5acf41cd1c3fc	SID31160	control	0	0.0	true	true			assessed	not_detected
votu_5826ca0350e9ea128622	target_98f9a2e5acf41cd1c3fc	SID31512	control	0	0.0	true	true			assessed	not_detected
votu_5826ca0350e9ea128622	target_98f9a2e5acf41cd1c3fc	SID31866	CRC	1	0.7409001983398563	true	true			assessed	detected
votu_5826ca0350e9ea128622	target_98f9a2e5acf41cd1c3fc	SID530295	control	0	0.0	true	true			assessed	not_detected
votu_5826ca0350e9ea128622	target_98f9a2e5acf41cd1c3fc	SID530368	control	0	0.0	true	true			assessed	not_detected
votu_5826ca0350e9ea128622	target_98f9a2e5acf41cd1c3fc	SID530373	CRC	0	0.0072538036894627825	true	true			assessed	not_detected
votu_5826ca0350e9ea128622	target_98f9a2e5acf41cd1c3fc	SID531248	CRC	1	38.390768360407165	true	true			assessed	detected
votu_5826ca0350e9ea128622	target_98f9a2e5acf41cd1c3fc	SID531361	CRC	1	82.43579955611908	true	true			assessed	detected
votu_5826ca0350e9ea128622	target_98f9a2e5acf41cd1c3fc	SID531469	CRC		0.03528792134546481	false	true	detection_status_not_detected_at_resolved_signal		assessed	not_detected_at_resolved_signal
votu_5826ca0350e9ea128622	target_98f9a2e5acf41cd1c3fc	SID532796	control	0	0.0	true	true			assessed	not_detected
votu_5876feffc9de8ef1b53c	target_4bf358d18d33298f6fa1	SID31160	control	1	4.028874543270968	true	true			assessed	detected
votu_5876feffc9de8ef1b53c	target_4bf358d18d33298f6fa1	SID31512	control	0	0.0050527402677092905	true	true			assessed	not_detected
votu_5876feffc9de8ef1b53c	target_4bf358d18d33298f6fa1	SID31866	CRC	0	0.021560831539799326	true	true			assessed	not_detected
votu_5876feffc9de8ef1b53c	target_4bf358d18d33298f6fa1	SID530295	control		0.0	false	true	detection_status_not_resolvable		assessed	not_resolvable
votu_5876feffc9de8ef1b53c	target_4bf358d18d33298f6fa1	SID530368	control		0.0	false	true	detection_status_not_resolvable		assessed	not_resolvable
votu_5876feffc9de8ef1b53c	target_4bf358d18d33298f6fa1	SID530373	CRC		0.004749568017040362	false	true	detection_status_not_detected_at_resolved_signal		assessed	not_detected_at_resolved_signal
votu_5876feffc9de8ef1b53c	target_4bf358d18d33298f6fa1	SID531248	CRC		0.004851444247156433	false	true	detection_status_not_detected_at_resolved_signal		assessed	not_detected_at_resolved_signal
votu_5876feffc9de8ef1b53c	target_4bf358d18d33298f6fa1	SID531361	CRC	0	0.0	true	true			assessed	not_detected
votu_5876feffc9de8ef1b53c	target_4bf358d18d33298f6fa1	SID531469	CRC		0.5347133827132384	false	true	detection_status_not_detected_at_resolved_signal		assessed	not_detected_at_resolved_signal
votu_5876feffc9de8ef1b53c	target_4bf358d18d33298f6fa1	SID532796	control	0	0.0	true	true			assessed	not_detected
votu_59558a5483483a3014c9	target_56484bc9a302c5082b4f	SID31160	control	0	0.003456231155845334	true	true			assessed	not_detected
votu_59558a5483483a3014c9	target_56484bc9a302c5082b4f	SID31512	control	0	0.0	true	true			assessed	not_detected
votu_59558a5483483a3014c9	target_56484bc9a302c5082b4f	SID31866	CRC	0	1.1887933241554907	true	true			assessed	not_detected
votu_59558a5483483a3014c9	target_56484bc9a302c5082b4f	SID530295	control	1	1.472936564115118	true	true			assessed	detected
votu_59558a5483483a3014c9	target_56484bc9a302c5082b4f	SID530368	control	0	1.1889845521949576	true	true			assessed	not_detected
votu_59558a5483483a3014c9	target_56484bc9a302c5082b4f	SID530373	CRC	0	0.0	true	true			assessed	not_detected
votu_59558a5483483a3014c9	target_56484bc9a302c5082b4f	SID531248	CRC	0	0.01114552818244761	true	true			assessed	not_detected
votu_59558a5483483a3014c9	target_56484bc9a302c5082b4f	SID531361	CRC	0	0.0	true	true			assessed	not_detected
votu_59558a5483483a3014c9	target_56484bc9a302c5082b4f	SID531469	CRC	0	0.0033686399587307303	true	true			assessed	not_detected
votu_59558a5483483a3014c9	target_56484bc9a302c5082b4f	SID532796	control	0	13.590867337209938	true	true			assessed	not_detected
votu_599344e8c87e24de707f	target_b9bf55a24a890074e944	SID31160	control	0	0.0	true	true			assessed	not_detected
votu_599344e8c87e24de707f	target_b9bf55a24a890074e944	SID31512	control	0	0.0	true	true			assessed	not_detected
votu_599344e8c87e24de707f	target_b9bf55a24a890074e944	SID31866	CRC	0	0.02653839135693491	true	true			assessed	not_detected
votu_599344e8c87e24de707f	target_b9bf55a24a890074e944	SID530295	control	0	0.12891869671619702	true	true			assessed	not_detected
votu_599344e8c87e24de707f	target_b9bf55a24a890074e944	SID530368	control	0	0.0	true	true			assessed	not_detected
votu_599344e8c87e24de707f	target_b9bf55a24a890074e944	SID530373	CRC	0	0.0	true	true			assessed	not_detected
votu_599344e8c87e24de707f	target_b9bf55a24a890074e944	SID531248	CRC	0	0.0008444481213121559	true	true			assessed	not_detected
votu_599344e8c87e24de707f	target_b9bf55a24a890074e944	SID531361	CRC		0.004119675760419107	false	true	detection_status_not_detected_at_resolved_signal		assessed	not_detected_at_resolved_signal
votu_599344e8c87e24de707f	target_b9bf55a24a890074e944	SID531469	CRC	0	0.004083634818142861	true	true			assessed	not_detected
votu_599344e8c87e24de707f	target_b9bf55a24a890074e944	SID532796	control	1	2.6185270698834504	true	true			assessed	detected
votu_59d869f7e0c9d3a06a84	target_86f7b932c69685a48f1f	SID31160	control	0	0.049802170273904676	true	true			assessed	not_detected
votu_59d869f7e0c9d3a06a84	target_86f7b932c69685a48f1f	SID31512	control	0	0.0	true	true			assessed	not_detected
votu_59d869f7e0c9d3a06a84	target_86f7b932c69685a48f1f	SID31866	CRC	0	0.07328589931358462	true	true			assessed	not_detected
votu_59d869f7e0c9d3a06a84	target_86f7b932c69685a48f1f	SID530295	control	0	0.01274095357640667	true	true			assessed	not_detected
votu_59d869f7e0c9d3a06a84	target_86f7b932c69685a48f1f	SID530368	control	0	0.0	true	true			assessed	not_detected
votu_59d869f7e0c9d3a06a84	target_86f7b932c69685a48f1f	SID530373	CRC	0	0.0006551156393128558	true	true			assessed	not_detected
votu_59d869f7e0c9d3a06a84	target_86f7b932c69685a48f1f	SID531248	CRC	1	4.572645221443013	true	true			assessed	detected
votu_59d869f7e0c9d3a06a84	target_86f7b932c69685a48f1f	SID531361	CRC	0	0.0	true	true			assessed	not_detected
votu_59d869f7e0c9d3a06a84	target_86f7b932c69685a48f1f	SID531469	CRC	1	0.9276539996972697	true	true			assessed	detected
votu_59d869f7e0c9d3a06a84	target_86f7b932c69685a48f1f	SID532796	control	0	0.0	true	true			assessed	not_detected
votu_5a3270f10306b3823772	target_872a34c0a47447994c76	SID31160	control	1	2.8489780752182914	true	true			assessed	detected
votu_5a3270f10306b3823772	target_872a34c0a47447994c76	SID31512	control	0	0.0	true	true			assessed	not_detected
votu_5a3270f10306b3823772	target_872a34c0a47447994c76	SID31866	CRC	0	0.0	true	true			assessed	not_detected
votu_5a3270f10306b3823772	target_872a34c0a47447994c76	SID530295	control	0	0.0	true	true			assessed	not_detected
votu_5a3270f10306b3823772	target_872a34c0a47447994c76	SID530368	control	0	0.0	true	true			assessed	not_detected
votu_5a3270f10306b3823772	target_872a34c0a47447994c76	SID530373	CRC	0	0.0	true	true			assessed	not_detected
votu_5a3270f10306b3823772	target_872a34c0a47447994c76	SID531248	CRC	0	0.0	true	true			assessed	not_detected
votu_5a3270f10306b3823772	target_872a34c0a47447994c76	SID531361	CRC	0	0.0	true	true			assessed	not_detected
votu_5a3270f10306b3823772	target_872a34c0a47447994c76	SID531469	CRC	0	0.0	true	true			assessed	not_detected
votu_5a3270f10306b3823772	target_872a34c0a47447994c76	SID532796	control	0	0.0	true	true			assessed	not_detected
votu_5afc2a5f3a6c352ef40e	target_a80939c2630e6c7061e3	SID31160	control	0	0.0	true	true			assessed	not_detected
votu_5afc2a5f3a6c352ef40e	target_a80939c2630e6c7061e3	SID31512	control	0	0.0	true	true			assessed	not_detected
votu_5afc2a5f3a6c352ef40e	target_a80939c2630e6c7061e3	SID31866	CRC	0	0.0	true	true			assessed	not_detected
votu_5afc2a5f3a6c352ef40e	target_a80939c2630e6c7061e3	SID530295	control	0	0.0	true	true			assessed	not_detected
votu_5afc2a5f3a6c352ef40e	target_a80939c2630e6c7061e3	SID530368	control	0	0.0	true	true			assessed	not_detected
votu_5afc2a5f3a6c352ef40e	target_a80939c2630e6c7061e3	SID530373	CRC	0	0.0	true	true			assessed	not_detected
votu_5afc2a5f3a6c352ef40e	target_a80939c2630e6c7061e3	SID531248	CRC	0	0.0	true	true			assessed	not_detected
votu_5afc2a5f3a6c352ef40e	target_a80939c2630e6c7061e3	SID531361	CRC	0	0.0	true	true			assessed	not_detected
votu_5afc2a5f3a6c352ef40e	target_a80939c2630e6c7061e3	SID531469	CRC		0.0	false	true	detection_status_not_resolvable		assessed	not_resolvable
votu_5afc2a5f3a6c352ef40e	target_a80939c2630e6c7061e3	SID532796	control	0	0.0	true	true			assessed	not_detected
votu_5ba7d4fd8c991309bd44	target_e9c9af2b43b4663fb8ea	SID31160	control	0	0.0	true	true			assessed	not_detected
votu_5ba7d4fd8c991309bd44	target_e9c9af2b43b4663fb8ea	SID31512	control	0	0.0	true	true			assessed	not_detected
votu_5ba7d4fd8c991309bd44	target_e9c9af2b43b4663fb8ea	SID31866	CRC	0	0.0	true	true			assessed	not_detected
votu_5ba7d4fd8c991309bd44	target_e9c9af2b43b4663fb8ea	SID530295	control		0.0	false	true	detection_status_not_resolvable		assessed	not_resolvable
votu_5ba7d4fd8c991309bd44	target_e9c9af2b43b4663fb8ea	SID530368	control		0.0	false	true	detection_status_not_resolvable		assessed	not_resolvable
votu_5ba7d4fd8c991309bd44	target_e9c9af2b43b4663fb8ea	SID530373	CRC	1	4.051129683164852	true	true			assessed	detected
votu_5ba7d4fd8c991309bd44	target_e9c9af2b43b4663fb8ea	SID531248	CRC		0.0	false	true	detection_status_not_resolvable		assessed	not_resolvable
votu_5ba7d4fd8c991309bd44	target_e9c9af2b43b4663fb8ea	SID531361	CRC	0	0.0	true	true			assessed	not_detected
votu_5ba7d4fd8c991309bd44	target_e9c9af2b43b4663fb8ea	SID531469	CRC	0	0.0	true	true			assessed	not_detected
votu_5ba7d4fd8c991309bd44	target_e9c9af2b43b4663fb8ea	SID532796	control	0	0.0	true	true			assessed	not_detected
votu_5c473974f64971851bbb	target_e915968058ec07de090f	SID31160	control	0	0.0039854561434357946	true	true			assessed	not_detected
votu_5c473974f64971851bbb	target_e915968058ec07de090f	SID31512	control	1	3.1502573975917807	true	true			assessed	detected
votu_5c473974f64971851bbb	target_e915968058ec07de090f	SID31866	CRC		0.0	false	true	detection_status_not_resolvable		assessed	not_resolvable
votu_5c473974f64971851bbb	target_e915968058ec07de090f	SID530295	control		0.000834221777932773	false	true	detection_status_not_detected_at_resolved_signal		assessed	not_detected_at_resolved_signal
votu_5c473974f64971851bbb	target_e915968058ec07de090f	SID530368	control	0	0.001161901890867122	true	true			assessed	not_detected
votu_5c473974f64971851bbb	target_e915968058ec07de090f	SID530373	CRC		0.008493031746811147	false	true	detection_status_not_detected_at_resolved_signal		assessed	not_detected_at_resolved_signal
votu_5c473974f64971851bbb	target_e915968058ec07de090f	SID531248	CRC	0	0.0	true	true			assessed	not_detected
votu_5c473974f64971851bbb	target_e915968058ec07de090f	SID531361	CRC	0	0.0	true	true			assessed	not_detected
votu_5c473974f64971851bbb	target_e915968058ec07de090f	SID531469	CRC	0	0.00582667921205477	true	true			assessed	not_detected
votu_5c473974f64971851bbb	target_e915968058ec07de090f	SID532796	control		0.03567938314714559	false	true	detection_status_not_detected_at_resolved_signal		assessed	not_detected_at_resolved_signal
votu_5c807b531c5de9cb34b3	target_097e19342f916b4f6ef4	SID31160	control	0	0.0	true	true			assessed	not_detected
votu_5c807b531c5de9cb34b3	target_097e19342f916b4f6ef4	SID31512	control	0	0.0	true	true			assessed	not_detected
votu_5c807b531c5de9cb34b3	target_097e19342f916b4f6ef4	SID31866	CRC	0	0.0	true	true			assessed	not_detected
votu_5c807b531c5de9cb34b3	target_097e19342f916b4f6ef4	SID530295	control	0	0.0	true	true			assessed	not_detected
votu_5c807b531c5de9cb34b3	target_097e19342f916b4f6ef4	SID530368	control	0	0.0	true	true			assessed	not_detected
votu_5c807b531c5de9cb34b3	target_097e19342f916b4f6ef4	SID530373	CRC	0	0.0	true	true			assessed	not_detected
votu_5c807b531c5de9cb34b3	target_097e19342f916b4f6ef4	SID531248	CRC	1	1.7122467254870326	true	true			assessed	detected
votu_5c807b531c5de9cb34b3	target_097e19342f916b4f6ef4	SID531361	CRC	0	0.0	true	true			assessed	not_detected
votu_5c807b531c5de9cb34b3	target_097e19342f916b4f6ef4	SID531469	CRC	0	0.0	true	true			assessed	not_detected
votu_5c807b531c5de9cb34b3	target_097e19342f916b4f6ef4	SID532796	control		0.03776583545447615	false	true	detection_status_not_detected_at_resolved_signal		assessed	not_detected_at_resolved_signal
votu_5cb9d3f17208f388b71e	target_e78a1c98a0d7987abb1a	SID31160	control	0	0.0	true	true			assessed	not_detected
votu_5cb9d3f17208f388b71e	target_e78a1c98a0d7987abb1a	SID31512	control	0	0.0	true	true			assessed	not_detected
votu_5cb9d3f17208f388b71e	target_e78a1c98a0d7987abb1a	SID31866	CRC	0	0.0	true	true			assessed	not_detected
votu_5cb9d3f17208f388b71e	target_e78a1c98a0d7987abb1a	SID530295	control	0	0.0	true	true			assessed	not_detected
votu_5cb9d3f17208f388b71e	target_e78a1c98a0d7987abb1a	SID530368	control	0	0.0	true	true			assessed	not_detected
votu_5cb9d3f17208f388b71e	target_e78a1c98a0d7987abb1a	SID530373	CRC	0	0.0	true	true			assessed	not_detected
votu_5cb9d3f17208f388b71e	target_e78a1c98a0d7987abb1a	SID531248	CRC	0	0.0	true	true			assessed	not_detected
votu_5cb9d3f17208f388b71e	target_e78a1c98a0d7987abb1a	SID531361	CRC	0	0.0	true	true			assessed	not_detected
votu_5cb9d3f17208f388b71e	target_e78a1c98a0d7987abb1a	SID531469	CRC		0.0	false	true	detection_status_not_resolvable		assessed	not_resolvable
votu_5cb9d3f17208f388b71e	target_e78a1c98a0d7987abb1a	SID532796	control	0	0.0	true	true			assessed	not_detected
votu_5d1ac71cab8723e6e4ea	target_ac1f1242395c34676ae9	SID31160	control	0	0.007464787484946896	true	true			assessed	not_detected
votu_5d1ac71cab8723e6e4ea	target_ac1f1242395c34676ae9	SID31512	control	0	0.0009401616219518778	true	true			assessed	not_detected
votu_5d1ac71cab8723e6e4ea	target_ac1f1242395c34676ae9	SID31866	CRC	0	0.0035819789427349626	true	true			assessed	not_detected
votu_5d1ac71cab8723e6e4ea	target_ac1f1242395c34676ae9	SID530295	control	0	0.006250013111135903	true	true			assessed	not_detected
votu_5d1ac71cab8723e6e4ea	target_ac1f1242395c34676ae9	SID530368	control	1	5.0619585280670565	true	true			assessed	detected
votu_5d1ac71cab8723e6e4ea	target_ac1f1242395c34676ae9	SID530373	CRC	0	0.0008837504668522862	true	true			assessed	not_detected
votu_5d1ac71cab8723e6e4ea	target_ac1f1242395c34676ae9	SID531248	CRC	0	0.0007522554512589163	true	true			assessed	not_detected
votu_5d1ac71cab8723e6e4ea	target_ac1f1242395c34676ae9	SID531361	CRC	0	0.0	true	true			assessed	not_detected
votu_5d1ac71cab8723e6e4ea	target_ac1f1242395c34676ae9	SID531469	CRC	0	0.005456705643666981	true	true			assessed	not_detected
votu_5d1ac71cab8723e6e4ea	target_ac1f1242395c34676ae9	SID532796	control	0	0.0	true	true			assessed	not_detected
votu_5d39172b23b8757a748b	target_6612cac8c32bf419cf5b	SID31160	control	0	0.0	true	true			assessed	not_detected
votu_5d39172b23b8757a748b	target_6612cac8c32bf419cf5b	SID31512	control	0	0.0	true	true			assessed	not_detected
votu_5d39172b23b8757a748b	target_6612cac8c32bf419cf5b	SID31866	CRC		0.022233276874442327	false	true	detection_status_not_detected_at_resolved_signal		assessed	not_detected_at_resolved_signal
votu_5d39172b23b8757a748b	target_6612cac8c32bf419cf5b	SID530295	control	0	0.0	true	true			assessed	not_detected
votu_5d39172b23b8757a748b	target_6612cac8c32bf419cf5b	SID530368	control	0	0.0	true	true			assessed	not_detected
votu_5d39172b23b8757a748b	target_6612cac8c32bf419cf5b	SID530373	CRC	0	0.0	true	true			assessed	not_detected
votu_5d39172b23b8757a748b	target_6612cac8c32bf419cf5b	SID531248	CRC	0	0.0	true	true			assessed	not_detected
votu_5d39172b23b8757a748b	target_6612cac8c32bf419cf5b	SID531361	CRC	0	0.0	true	true			assessed	not_detected
votu_5d39172b23b8757a748b	target_6612cac8c32bf419cf5b	SID531469	CRC		0.0	false	true	detection_status_not_resolvable		assessed	not_resolvable
votu_5d39172b23b8757a748b	target_6612cac8c32bf419cf5b	SID532796	control	0	0.0	true	true			assessed	not_detected
votu_5d4e687513bc6f0c002a	target_bff8fab7a7e9cca967d2	SID31160	control		0.026091447473439486	false	true	detection_status_not_detected_at_resolved_signal		assessed	not_detected_at_resolved_signal
votu_5d4e687513bc6f0c002a	target_bff8fab7a7e9cca967d2	SID31512	control		0.024341619831198716	false	true	detection_status_not_detected_at_resolved_signal		assessed	not_detected_at_resolved_signal
votu_5d4e687513bc6f0c002a	target_bff8fab7a7e9cca967d2	SID31866	CRC		0.08754714321901066	false	true	detection_status_not_detected_at_resolved_signal		assessed	not_detected_at_resolved_signal
votu_5d4e687513bc6f0c002a	target_bff8fab7a7e9cca967d2	SID530295	control		0.0008090919664186459	false	true	detection_status_not_detected_at_resolved_signal		assessed	not_detected_at_resolved_signal
votu_5d4e687513bc6f0c002a	target_bff8fab7a7e9cca967d2	SID530368	control		0.09465969707927042	false	true	detection_status_not_detected_at_resolved_signal		assessed	not_detected_at_resolved_signal
votu_5d4e687513bc6f0c002a	target_bff8fab7a7e9cca967d2	SID530373	CRC	1	1.3737803372785022	true	true			assessed	detected
votu_5d4e687513bc6f0c002a	target_bff8fab7a7e9cca967d2	SID531248	CRC		0.07634812341744389	false	true	detection_status_not_detected_at_resolved_signal		assessed	not_detected_at_resolved_signal
votu_5d4e687513bc6f0c002a	target_bff8fab7a7e9cca967d2	SID531361	CRC		0.05415982069404655	false	true	detection_status_not_detected_at_resolved_signal		assessed	not_detected_at_resolved_signal
votu_5d4e687513bc6f0c002a	target_bff8fab7a7e9cca967d2	SID531469	CRC		0.6668366817998967	false	true	detection_status_not_detected_at_resolved_signal		assessed	not_detected_at_resolved_signal
votu_5d4e687513bc6f0c002a	target_bff8fab7a7e9cca967d2	SID532796	control		0.8613737035962805	false	true	detection_status_not_detected_at_resolved_signal		assessed	not_detected_at_resolved_signal
votu_5e038b85c02e9296bd6c	target_5b5f3ee12256ad4bbc55	SID31160	control	0	0.0018660097593012777	true	true			assessed	not_detected
votu_5e038b85c02e9296bd6c	target_5b5f3ee12256ad4bbc55	SID31512	control	0	0.05076363732133277	true	true			assessed	not_detected
votu_5e038b85c02e9296bd6c	target_5b5f3ee12256ad4bbc55	SID31866	CRC	0	0.00477549306669211	true	true			assessed	not_detected
votu_5e038b85c02e9296bd6c	target_5b5f3ee12256ad4bbc55	SID530295	control	0	0.0005207822051044634	true	true			assessed	not_detected
votu_5e038b85c02e9296bd6c	target_5b5f3ee12256ad4bbc55	SID530368	control	0	0.001450688161942442	true	true			assessed	not_detected
votu_5e038b85c02e9296bd6c	target_5b5f3ee12256ad4bbc55	SID530373	CRC	0	0.0	true	true			assessed	not_detected
votu_5e038b85c02e9296bd6c	target_5b5f3ee12256ad4bbc55	SID531248	CRC	0	0.12436043117873495	true	true			assessed	not_detected
votu_5e038b85c02e9296bd6c	target_5b5f3ee12256ad4bbc55	SID531361	CRC	0	0.0030579516448821964	true	true			assessed	not_detected
votu_5e038b85c02e9296bd6c	target_5b5f3ee12256ad4bbc55	SID531469	CRC	1	3.0827295715872625	true	true			assessed	detected
votu_5e038b85c02e9296bd6c	target_5b5f3ee12256ad4bbc55	SID532796	control	0	0.0	true	true			assessed	not_detected
votu_5e307eef704ecd6e3b15	target_1be638c1eeecfe5e6023	SID31160	control	0	0.0	true	true			assessed	not_detected
votu_5e307eef704ecd6e3b15	target_1be638c1eeecfe5e6023	SID31512	control	0	0.0	true	true			assessed	not_detected
votu_5e307eef704ecd6e3b15	target_1be638c1eeecfe5e6023	SID31866	CRC		0.0	false	true	detection_status_not_resolvable		assessed	not_resolvable
votu_5e307eef704ecd6e3b15	target_1be638c1eeecfe5e6023	SID530295	control	0	0.0	true	true			assessed	not_detected
votu_5e307eef704ecd6e3b15	target_1be638c1eeecfe5e6023	SID530368	control	0	0.0	true	true			assessed	not_detected
votu_5e307eef704ecd6e3b15	target_1be638c1eeecfe5e6023	SID530373	CRC	0	0.0	true	true			assessed	not_detected
votu_5e307eef704ecd6e3b15	target_1be638c1eeecfe5e6023	SID531248	CRC	0	0.0	true	true			assessed	not_detected
votu_5e307eef704ecd6e3b15	target_1be638c1eeecfe5e6023	SID531361	CRC	0	0.0	true	true			assessed	not_detected
votu_5e307eef704ecd6e3b15	target_1be638c1eeecfe5e6023	SID531469	CRC		0.0	false	true	detection_status_not_resolvable		assessed	not_resolvable
votu_5e307eef704ecd6e3b15	target_1be638c1eeecfe5e6023	SID532796	control	0	0.0	true	true			assessed	not_detected
votu_5e5a16a238dfa46b3ba7	target_ee4b88409e1ce8e0e74d	SID31160	control	0	1.9408168582364655	true	true			assessed	not_detected
votu_5e5a16a238dfa46b3ba7	target_ee4b88409e1ce8e0e74d	SID31512	control	0	1.128663669825545	true	true			assessed	not_detected
votu_5e5a16a238dfa46b3ba7	target_ee4b88409e1ce8e0e74d	SID31866	CRC	0	0.17649928340610935	true	true			assessed	not_detected
votu_5e5a16a238dfa46b3ba7	target_ee4b88409e1ce8e0e74d	SID530295	control	0	0.017497990588789952	true	true			assessed	not_detected
votu_5e5a16a238dfa46b3ba7	target_ee4b88409e1ce8e0e74d	SID530368	control	0	2.4793588471765013	true	true			assessed	not_detected
votu_5e5a16a238dfa46b3ba7	target_ee4b88409e1ce8e0e74d	SID530373	CRC	0	0.7310471681107712	true	true			assessed	not_detected
votu_5e5a16a238dfa46b3ba7	target_ee4b88409e1ce8e0e74d	SID531248	CRC	0	0.1280489946507347	true	true			assessed	not_detected
votu_5e5a16a238dfa46b3ba7	target_ee4b88409e1ce8e0e74d	SID531361	CRC	0	0.14247370953874	true	true			assessed	not_detected
votu_5e5a16a238dfa46b3ba7	target_ee4b88409e1ce8e0e74d	SID531469	CRC	1	4.46359681168914	true	true			assessed	detected
votu_5e5a16a238dfa46b3ba7	target_ee4b88409e1ce8e0e74d	SID532796	control	0	0.3613814063479229	true	true			assessed	not_detected
votu_5e6868452f78a5de568c	target_59d0c11bbb6da47c3929	SID31160	control	0	0.009846063285430884	true	true			assessed	not_detected
votu_5e6868452f78a5de568c	target_59d0c11bbb6da47c3929	SID31512	control	0	0.056689109100949354	true	true			assessed	not_detected
votu_5e6868452f78a5de568c	target_59d0c11bbb6da47c3929	SID31866	CRC	0	0.011879080648201517	true	true			assessed	not_detected
votu_5e6868452f78a5de568c	target_59d0c11bbb6da47c3929	SID530295	control	1	8.81377260978038	true	true			assessed	detected
votu_5e6868452f78a5de568c	target_59d0c11bbb6da47c3929	SID530368	control	0	0.009841634873437272	true	true			assessed	not_detected
votu_5e6868452f78a5de568c	target_59d0c11bbb6da47c3929	SID530373	CRC	0	0.0	true	true			assessed	not_detected
votu_5e6868452f78a5de568c	target_59d0c11bbb6da47c3929	SID531248	CRC	0	0.013607668198473866	true	true			assessed	not_detected
votu_5e6868452f78a5de568c	target_59d0c11bbb6da47c3929	SID531361	CRC	0	0.01936246170367623	true	true			assessed	not_detected
votu_5e6868452f78a5de568c	target_59d0c11bbb6da47c3929	SID531469	CRC	0	0.0013709335286211607	true	true			assessed	not_detected
votu_5e6868452f78a5de568c	target_59d0c11bbb6da47c3929	SID532796	control	0	0.0013613260433029475	true	true			assessed	not_detected
votu_5e79179941701490d878	target_23247a08709e8102bb15	SID31160	control		0.4885382883678432	false	true	detection_status_not_detected_at_resolved_signal		assessed	not_detected_at_resolved_signal
votu_5e79179941701490d878	target_23247a08709e8102bb15	SID31512	control		9.464904105209117	false	true	detection_status_not_detected_at_resolved_signal		assessed	not_detected_at_resolved_signal
votu_5e79179941701490d878	target_23247a08709e8102bb15	SID31866	CRC		0.006489277270490962	false	true	detection_status_not_detected_at_resolved_signal		assessed	not_detected_at_resolved_signal
votu_5e79179941701490d878	target_23247a08709e8102bb15	SID530295	control		0.0014153512859359963	false	true	detection_status_not_detected_at_resolved_signal		assessed	not_detected_at_resolved_signal
votu_5e79179941701490d878	target_23247a08709e8102bb15	SID530368	control	1	24.28441434677894	true	true			assessed	detected
votu_5e79179941701490d878	target_23247a08709e8102bb15	SID530373	CRC	0	0.0	true	true			assessed	not_detected
votu_5e79179941701490d878	target_23247a08709e8102bb15	SID531248	CRC		0.06268974130137868	false	true	detection_status_not_detected_at_resolved_signal		assessed	not_detected_at_resolved_signal
votu_5e79179941701490d878	target_23247a08709e8102bb15	SID531361	CRC	0	0.004986432812594984	true	true			assessed	not_detected
votu_5e79179941701490d878	target_23247a08709e8102bb15	SID531469	CRC		0.026361648292788753	false	true	detection_status_not_detected_at_resolved_signal		assessed	not_detected_at_resolved_signal
votu_5e79179941701490d878	target_23247a08709e8102bb15	SID532796	control		0.17669411675258492	false	true	detection_status_not_detected_at_resolved_signal		assessed	not_detected_at_resolved_signal
votu_5ea3f6064198f1bcd470	target_7c1a5e0e3e4c2c84d8bd	SID31160	control	0	0.0	true	true			assessed	not_detected
votu_5ea3f6064198f1bcd470	target_7c1a5e0e3e4c2c84d8bd	SID31512	control	0	0.0	true	true			assessed	not_detected
votu_5ea3f6064198f1bcd470	target_7c1a5e0e3e4c2c84d8bd	SID31866	CRC	0	0.1481829667389192	true	true			assessed	not_detected
votu_5ea3f6064198f1bcd470	target_7c1a5e0e3e4c2c84d8bd	SID530295	control	0	0.0007182136992579403	true	true			assessed	not_detected
votu_5ea3f6064198f1bcd470	target_7c1a5e0e3e4c2c84d8bd	SID530368	control	0	0.0	true	true			assessed	not_detected
votu_5ea3f6064198f1bcd470	target_7c1a5e0e3e4c2c84d8bd	SID530373	CRC	0	0.0	true	true			assessed	not_detected
votu_5ea3f6064198f1bcd470	target_7c1a5e0e3e4c2c84d8bd	SID531248	CRC	1	95.2841296416814	true	true			assessed	detected
votu_5ea3f6064198f1bcd470	target_7c1a5e0e3e4c2c84d8bd	SID531361	CRC	0	13.378767402422607	true	true			assessed	not_detected
votu_5ea3f6064198f1bcd470	target_7c1a5e0e3e4c2c84d8bd	SID531469	CRC	0	0.005852481636946478	true	true			assessed	not_detected
votu_5ea3f6064198f1bcd470	target_7c1a5e0e3e4c2c84d8bd	SID532796	control	0	0.0	true	true			assessed	not_detected
votu_5edec6c363088c9feed1	target_37718c432e411aca34da	SID31160	control	0	0.05568650571746599	true	true			assessed	not_detected
votu_5edec6c363088c9feed1	target_37718c432e411aca34da	SID31512	control	0	0.5335988211931426	true	true			assessed	not_detected
votu_5edec6c363088c9feed1	target_37718c432e411aca34da	SID31866	CRC	0	0.5950642018320204	true	true			assessed	not_detected
votu_5edec6c363088c9feed1	target_37718c432e411aca34da	SID530295	control	0	0.06280023989435034	true	true			assessed	not_detected
votu_5edec6c363088c9feed1	target_37718c432e411aca34da	SID530368	control	0	0.0	true	true			assessed	not_detected
votu_5edec6c363088c9feed1	target_37718c432e411aca34da	SID530373	CRC	0	0.0	true	true			assessed	not_detected
votu_5edec6c363088c9feed1	target_37718c432e411aca34da	SID531248	CRC	0	0.021072671904107533	true	true			assessed	not_detected
votu_5edec6c363088c9feed1	target_37718c432e411aca34da	SID531361	CRC	0	0.003352301682871336	true	true			assessed	not_detected
votu_5edec6c363088c9feed1	target_37718c432e411aca34da	SID531469	CRC	0	0.11851940974693431	true	true			assessed	not_detected
votu_5edec6c363088c9feed1	target_37718c432e411aca34da	SID532796	control	1	1.8885207127883175	true	true			assessed	detected
votu_60466dd31454a8e13d2e	target_06ecbb696b866aba26ec	SID31160	control	1	1.9675443696876802	true	true			assessed	detected
votu_60466dd31454a8e13d2e	target_06ecbb696b866aba26ec	SID31512	control	0	0.028192394222939877	true	true			assessed	not_detected
votu_60466dd31454a8e13d2e	target_06ecbb696b866aba26ec	SID31866	CRC	0	0.038082407067663554	true	true			assessed	not_detected
votu_60466dd31454a8e13d2e	target_06ecbb696b866aba26ec	SID530295	control	0	0.0	true	true			assessed	not_detected
votu_60466dd31454a8e13d2e	target_06ecbb696b866aba26ec	SID530368	control	0	0.005932607654979756	true	true			assessed	not_detected
votu_60466dd31454a8e13d2e	target_06ecbb696b866aba26ec	SID530373	CRC	0	0.018068731946864005	true	true			assessed	not_detected
votu_60466dd31454a8e13d2e	target_06ecbb696b866aba26ec	SID531248	CRC	0	0.009228149311950373	true	true			assessed	not_detected
votu_60466dd31454a8e13d2e	target_06ecbb696b866aba26ec	SID531361	CRC	0	0.0	true	true			assessed	not_detected
votu_60466dd31454a8e13d2e	target_06ecbb696b866aba26ec	SID531469	CRC	0	0.003718838265116994	true	true			assessed	not_detected
votu_60466dd31454a8e13d2e	target_06ecbb696b866aba26ec	SID532796	control	0	0.0	true	true			assessed	not_detected
votu_611b8e3673eb62da4590	target_e086464aed7ea699b4e2	SID31160	control	0	0.0	true	true			assessed	not_detected
votu_611b8e3673eb62da4590	target_e086464aed7ea699b4e2	SID31512	control	0	0.0	true	true			assessed	not_detected
votu_611b8e3673eb62da4590	target_e086464aed7ea699b4e2	SID31866	CRC	0	0.0	true	true			assessed	not_detected
votu_611b8e3673eb62da4590	target_e086464aed7ea699b4e2	SID530295	control	0	0.0	true	true			assessed	not_detected
votu_611b8e3673eb62da4590	target_e086464aed7ea699b4e2	SID530368	control	0	0.0	true	true			assessed	not_detected
votu_611b8e3673eb62da4590	target_e086464aed7ea699b4e2	SID530373	CRC	0	0.0	true	true			assessed	not_detected
votu_611b8e3673eb62da4590	target_e086464aed7ea699b4e2	SID531248	CRC	0	0.0	true	true			assessed	not_detected
votu_611b8e3673eb62da4590	target_e086464aed7ea699b4e2	SID531361	CRC	0	0.0	true	true			assessed	not_detected
votu_611b8e3673eb62da4590	target_e086464aed7ea699b4e2	SID531469	CRC	0	0.0	true	true			assessed	not_detected
votu_611b8e3673eb62da4590	target_e086464aed7ea699b4e2	SID532796	control	0	0.0	true	true			assessed	not_detected
votu_6200184ad1ae964fb014	target_c55701bf1406836b7cbd	SID31160	control	0	0.0	true	true			assessed	not_detected
votu_6200184ad1ae964fb014	target_c55701bf1406836b7cbd	SID31512	control	0	0.0	true	true			assessed	not_detected
votu_6200184ad1ae964fb014	target_c55701bf1406836b7cbd	SID31866	CRC	0	0.0	true	true			assessed	not_detected
votu_6200184ad1ae964fb014	target_c55701bf1406836b7cbd	SID530295	control	0	0.0	true	true			assessed	not_detected
votu_6200184ad1ae964fb014	target_c55701bf1406836b7cbd	SID530368	control	0	0.0	true	true			assessed	not_detected
votu_6200184ad1ae964fb014	target_c55701bf1406836b7cbd	SID530373	CRC	0	0.0	true	true			assessed	not_detected
votu_6200184ad1ae964fb014	target_c55701bf1406836b7cbd	SID531248	CRC	1	7.479684735069788	true	true			assessed	detected
votu_6200184ad1ae964fb014	target_c55701bf1406836b7cbd	SID531361	CRC	0	0.0	true	true			assessed	not_detected
votu_6200184ad1ae964fb014	target_c55701bf1406836b7cbd	SID531469	CRC	0	0.0	true	true			assessed	not_detected
votu_6200184ad1ae964fb014	target_c55701bf1406836b7cbd	SID532796	control	0	0.0	true	true			assessed	not_detected
votu_62a5b7c231639ce4a5b3	target_2d2276147b4fbd2ce82b	SID31160	control	0	0.0	true	true			assessed	not_detected
votu_62a5b7c231639ce4a5b3	target_2d2276147b4fbd2ce82b	SID31512	control	0	0.0	true	true			assessed	not_detected
votu_62a5b7c231639ce4a5b3	target_2d2276147b4fbd2ce82b	SID31866	CRC	0	4.868005729869245	true	true			assessed	not_detected
votu_62a5b7c231639ce4a5b3	target_2d2276147b4fbd2ce82b	SID530295	control	0	0.0	true	true			assessed	not_detected
votu_62a5b7c231639ce4a5b3	target_2d2276147b4fbd2ce82b	SID530368	control	0	0.8613438817536948	true	true			assessed	not_detected
votu_62a5b7c231639ce4a5b3	target_2d2276147b4fbd2ce82b	SID530373	CRC	1	18.364164443331752	true	true			assessed	detected
votu_62a5b7c231639ce4a5b3	target_2d2276147b4fbd2ce82b	SID531248	CRC	0	0.03656421288049978	true	true			assessed	not_detected
votu_62a5b7c231639ce4a5b3	target_2d2276147b4fbd2ce82b	SID531361	CRC	0	0.006370716215247378	true	true			assessed	not_detected
votu_62a5b7c231639ce4a5b3	target_2d2276147b4fbd2ce82b	SID531469	CRC	0	0.00378898924081028	true	true			assessed	not_detected
votu_62a5b7c231639ce4a5b3	target_2d2276147b4fbd2ce82b	SID532796	control	0	0.0	true	true			assessed	not_detected
votu_63a52be0968102f27b0e	target_0213b9b2a6a4abd1c02d	SID31160	control	1	1.7614314004518683	true	true			assessed	detected
votu_63a52be0968102f27b0e	target_0213b9b2a6a4abd1c02d	SID31512	control	0	0.027039351993172665	true	true			assessed	not_detected
votu_63a52be0968102f27b0e	target_0213b9b2a6a4abd1c02d	SID31866	CRC	0	0.06836706936958147	true	true			assessed	not_detected
votu_63a52be0968102f27b0e	target_0213b9b2a6a4abd1c02d	SID530295	control	1	2.4828299741699986	true	true			assessed	detected
votu_63a52be0968102f27b0e	target_0213b9b2a6a4abd1c02d	SID530368	control	0	0.0	true	true			assessed	not_detected
votu_63a52be0968102f27b0e	target_0213b9b2a6a4abd1c02d	SID530373	CRC	0	0.006931895167441973	true	true			assessed	not_detected
votu_63a52be0968102f27b0e	target_0213b9b2a6a4abd1c02d	SID531248	CRC	0	0.4159841569096763	true	true			assessed	not_detected
votu_63a52be0968102f27b0e	target_0213b9b2a6a4abd1c02d	SID531361	CRC	0	0.014392881182398978	true	true			assessed	not_detected
votu_63a52be0968102f27b0e	target_0213b9b2a6a4abd1c02d	SID531469	CRC	0	0.015455878972098151	true	true			assessed	not_detected
votu_63a52be0968102f27b0e	target_0213b9b2a6a4abd1c02d	SID532796	control	0	0.0	true	true			assessed	not_detected
votu_64fc83f0fa9633296535	target_56a06a8476b5ee6b6bfb	SID31160	control	0	0.0	true	true			assessed	not_detected
votu_64fc83f0fa9633296535	target_56a06a8476b5ee6b6bfb	SID31512	control	0	0.0	true	true			assessed	not_detected
votu_64fc83f0fa9633296535	target_56a06a8476b5ee6b6bfb	SID31866	CRC		0.0	false	true	detection_status_not_resolvable		assessed	not_resolvable
votu_64fc83f0fa9633296535	target_56a06a8476b5ee6b6bfb	SID530295	control		0.0018258498499117005	false	true	detection_status_not_detected_at_resolved_signal		assessed	not_detected_at_resolved_signal
votu_64fc83f0fa9633296535	target_56a06a8476b5ee6b6bfb	SID530368	control		0.004238398087834017	false	true	detection_status_not_detected_at_resolved_signal		assessed	not_detected_at_resolved_signal
votu_64fc83f0fa9633296535	target_56a06a8476b5ee6b6bfb	SID530373	CRC	0	0.0	true	true			assessed	not_detected
votu_64fc83f0fa9633296535	target_56a06a8476b5ee6b6bfb	SID531248	CRC	0	0.0	true	true			assessed	not_detected
votu_64fc83f0fa9633296535	target_56a06a8476b5ee6b6bfb	SID531361	CRC		0.0	false	true	detection_status_not_resolvable		assessed	not_resolvable
votu_64fc83f0fa9633296535	target_56a06a8476b5ee6b6bfb	SID531469	CRC		0.0	false	true	detection_status_not_resolvable		assessed	not_resolvable
votu_64fc83f0fa9633296535	target_56a06a8476b5ee6b6bfb	SID532796	control		0.0	false	true	detection_status_not_resolvable		assessed	not_resolvable
votu_65214726f79917158bdf	target_6b7960f6de3ec6b37bc4	SID31160	control	1	1.2899397997905533	true	true			assessed	detected
votu_65214726f79917158bdf	target_6b7960f6de3ec6b37bc4	SID31512	control	0	0.003332574703084149	true	true			assessed	not_detected
votu_65214726f79917158bdf	target_6b7960f6de3ec6b37bc4	SID31866	CRC	1	3.056162855799298	true	true			assessed	detected
votu_65214726f79917158bdf	target_6b7960f6de3ec6b37bc4	SID530295	control	1	0.9644049722671766	true	true			assessed	detected
votu_65214726f79917158bdf	target_6b7960f6de3ec6b37bc4	SID530368	control	1	3.5610294662997	true	true			assessed	detected
votu_65214726f79917158bdf	target_6b7960f6de3ec6b37bc4	SID530373	CRC	0	0.03054299677184597	true	true			assessed	not_detected
votu_65214726f79917158bdf	target_6b7960f6de3ec6b37bc4	SID531248	CRC	1	1.329253708246549	true	true			assessed	detected
votu_65214726f79917158bdf	target_6b7960f6de3ec6b37bc4	SID531361	CRC	0	0.0024391249705048752	true	true			assessed	not_detected
votu_65214726f79917158bdf	target_6b7960f6de3ec6b37bc4	SID531469	CRC	0	0.013700789090241035	true	true			assessed	not_detected
votu_65214726f79917158bdf	target_6b7960f6de3ec6b37bc4	SID532796	control	0	0.008803089142096909	true	true			assessed	not_detected
votu_6607b4b5d5deba593995	target_96a5ee6a929947cf78f1	SID31160	control	0	0.0	true	true			assessed	not_detected
votu_6607b4b5d5deba593995	target_96a5ee6a929947cf78f1	SID31512	control	0	0.0010702284986078656	true	true			assessed	not_detected
votu_6607b4b5d5deba593995	target_96a5ee6a929947cf78f1	SID31866	CRC	0	0.010601574481119976	true	true			assessed	not_detected
votu_6607b4b5d5deba593995	target_96a5ee6a929947cf78f1	SID530295	control	0	0.0	true	true			assessed	not_detected
votu_6607b4b5d5deba593995	target_96a5ee6a929947cf78f1	SID530368	control	0	0.0	true	true			assessed	not_detected
votu_6607b4b5d5deba593995	target_96a5ee6a929947cf78f1	SID530373	CRC	0	0.0	true	true			assessed	not_detected
votu_6607b4b5d5deba593995	target_96a5ee6a929947cf78f1	SID531248	CRC	1	2.025211948643531	true	true			assessed	detected
votu_6607b4b5d5deba593995	target_96a5ee6a929947cf78f1	SID531361	CRC	0	0.0	true	true			assessed	not_detected
votu_6607b4b5d5deba593995	target_96a5ee6a929947cf78f1	SID531469	CRC	0	0.0	true	true			assessed	not_detected
votu_6607b4b5d5deba593995	target_96a5ee6a929947cf78f1	SID532796	control	0	0.002056027975102542	true	true			assessed	not_detected
votu_6762dfaf80484d6669be	target_45ad82ce5acbec84d592	SID31160	control	0	0.0	true	true			assessed	not_detected
votu_6762dfaf80484d6669be	target_45ad82ce5acbec84d592	SID31512	control	1	2.1631767608118624	true	true			assessed	detected
votu_6762dfaf80484d6669be	target_45ad82ce5acbec84d592	SID31866	CRC	0	0.0	true	true			assessed	not_detected
votu_6762dfaf80484d6669be	target_45ad82ce5acbec84d592	SID530295	control	0	0.0	true	true			assessed	not_detected
votu_6762dfaf80484d6669be	target_45ad82ce5acbec84d592	SID530368	control	0	0.0	true	true			assessed	not_detected
votu_6762dfaf80484d6669be	target_45ad82ce5acbec84d592	SID530373	CRC	0	0.0	true	true			assessed	not_detected
votu_6762dfaf80484d6669be	target_45ad82ce5acbec84d592	SID531248	CRC	0	0.0	true	true			assessed	not_detected
votu_6762dfaf80484d6669be	target_45ad82ce5acbec84d592	SID531361	CRC	0	0.0	true	true			assessed	not_detected
votu_6762dfaf80484d6669be	target_45ad82ce5acbec84d592	SID531469	CRC	0	0.0	true	true			assessed	not_detected
votu_6762dfaf80484d6669be	target_45ad82ce5acbec84d592	SID532796	control	0	0.0	true	true			assessed	not_detected
votu_67fea9e55a8fcc42403b	target_1bcb0fc319b58ad8e4b3	SID31160	control	0	0.0	true	true			assessed	not_detected
votu_67fea9e55a8fcc42403b	target_1bcb0fc319b58ad8e4b3	SID31512	control	0	0.0	true	true			assessed	not_detected
votu_67fea9e55a8fcc42403b	target_1bcb0fc319b58ad8e4b3	SID31866	CRC	0	0.003930109427229578	true	true			assessed	not_detected
votu_67fea9e55a8fcc42403b	target_1bcb0fc319b58ad8e4b3	SID530295	control	0	0.0	true	true			assessed	not_detected
votu_67fea9e55a8fcc42403b	target_1bcb0fc319b58ad8e4b3	SID530368	control	0	0.0	true	true			assessed	not_detected
votu_67fea9e55a8fcc42403b	target_1bcb0fc319b58ad8e4b3	SID530373	CRC	0	0.0	true	true			assessed	not_detected
votu_67fea9e55a8fcc42403b	target_1bcb0fc319b58ad8e4b3	SID531248	CRC	1	10.775988004221379	true	true			assessed	detected
votu_67fea9e55a8fcc42403b	target_1bcb0fc319b58ad8e4b3	SID531361	CRC	0	0.0	true	true			assessed	not_detected
votu_67fea9e55a8fcc42403b	target_1bcb0fc319b58ad8e4b3	SID531469	CRC	0	0.0	true	true			assessed	not_detected
votu_67fea9e55a8fcc42403b	target_1bcb0fc319b58ad8e4b3	SID532796	control	0	0.0	true	true			assessed	not_detected
votu_682f6bc949806ab5a7f7	target_c3588d1a4f168dd0af84	SID31160	control	0	0.0	true	true			assessed	not_detected
votu_682f6bc949806ab5a7f7	target_c3588d1a4f168dd0af84	SID31512	control	0	0.0	true	true			assessed	not_detected
votu_682f6bc949806ab5a7f7	target_c3588d1a4f168dd0af84	SID31866	CRC	0	0.0007912450226712572	true	true			assessed	not_detected
votu_682f6bc949806ab5a7f7	target_c3588d1a4f168dd0af84	SID530295	control	0	0.0	true	true			assessed	not_detected
votu_682f6bc949806ab5a7f7	target_c3588d1a4f168dd0af84	SID530368	control	0	0.0	true	true			assessed	not_detected
votu_682f6bc949806ab5a7f7	target_c3588d1a4f168dd0af84	SID530373	CRC	0	0.0	true	true			assessed	not_detected
votu_682f6bc949806ab5a7f7	target_c3588d1a4f168dd0af84	SID531248	CRC	0	0.0	true	true			assessed	not_detected
votu_682f6bc949806ab5a7f7	target_c3588d1a4f168dd0af84	SID531361	CRC	0	0.0	true	true			assessed	not_detected
votu_682f6bc949806ab5a7f7	target_c3588d1a4f168dd0af84	SID531469	CRC	0	0.0	true	true			assessed	not_detected
votu_682f6bc949806ab5a7f7	target_c3588d1a4f168dd0af84	SID532796	control	0	0.0	true	true			assessed	not_detected
votu_6849f84635df4fb447c7	target_59cd2d3bcaefc09cba5f	SID31160	control		0.011317598484932129	false	true	detection_status_not_detected_at_resolved_signal		assessed	not_detected_at_resolved_signal
votu_6849f84635df4fb447c7	target_59cd2d3bcaefc09cba5f	SID31512	control	1	0.6378228031085563	true	true			assessed	detected
votu_6849f84635df4fb447c7	target_59cd2d3bcaefc09cba5f	SID31866	CRC	1	4.710705520259299	true	true			assessed	detected
votu_6849f84635df4fb447c7	target_59cd2d3bcaefc09cba5f	SID530295	control		0.04737920473961144	false	true	detection_status_not_detected_at_resolved_signal		assessed	not_detected_at_resolved_signal
votu_6849f84635df4fb447c7	target_59cd2d3bcaefc09cba5f	SID530368	control	0	0.002639585253271646	true	true			assessed	not_detected
votu_6849f84635df4fb447c7	target_59cd2d3bcaefc09cba5f	SID530373	CRC	0	0.09218386832624392	true	true			assessed	not_detected
votu_6849f84635df4fb447c7	target_59cd2d3bcaefc09cba5f	SID531248	CRC	0	0.032238644642731934	true	true			assessed	not_detected
votu_6849f84635df4fb447c7	target_59cd2d3bcaefc09cba5f	SID531361	CRC	0	0.03931939675496445	true	true			assessed	not_detected
votu_6849f84635df4fb447c7	target_59cd2d3bcaefc09cba5f	SID531469	CRC	0	0.008824621450155999	true	true			assessed	not_detected
votu_6849f84635df4fb447c7	target_59cd2d3bcaefc09cba5f	SID532796	control	0	0.01606509412107993	true	true			assessed	not_detected
votu_69ef8e0cb850f282b2ed	target_f391b602ee9e64987192	SID31160	control	0	0.0	true	true			assessed	not_detected
votu_69ef8e0cb850f282b2ed	target_f391b602ee9e64987192	SID31512	control	0	0.0	true	true			assessed	not_detected
votu_69ef8e0cb850f282b2ed	target_f391b602ee9e64987192	SID31866	CRC	0	0.0	true	true			assessed	not_detected
votu_69ef8e0cb850f282b2ed	target_f391b602ee9e64987192	SID530295	control	1	3.3342671642863793	true	true			assessed	detected
votu_69ef8e0cb850f282b2ed	target_f391b602ee9e64987192	SID530368	control	0	0.005355471096057515	true	true			assessed	not_detected
votu_69ef8e0cb850f282b2ed	target_f391b602ee9e64987192	SID530373	CRC	0	0.0	true	true			assessed	not_detected
votu_69ef8e0cb850f282b2ed	target_f391b602ee9e64987192	SID531248	CRC	0	0.0	true	true			assessed	not_detected
votu_69ef8e0cb850f282b2ed	target_f391b602ee9e64987192	SID531361	CRC	0	0.0	true	true			assessed	not_detected
votu_69ef8e0cb850f282b2ed	target_f391b602ee9e64987192	SID531469	CRC	0	0.0	true	true			assessed	not_detected
votu_69ef8e0cb850f282b2ed	target_f391b602ee9e64987192	SID532796	control	0	0.0	true	true			assessed	not_detected
votu_6a9b2226f1673da2b75f	target_6268b0a42db9524130c8	SID31160	control	0	0.0	true	true			assessed	not_detected
votu_6a9b2226f1673da2b75f	target_6268b0a42db9524130c8	SID31512	control	0	0.0	true	true			assessed	not_detected
votu_6a9b2226f1673da2b75f	target_6268b0a42db9524130c8	SID31866	CRC		0.0	false	true	detection_status_not_resolvable		assessed	not_resolvable
votu_6a9b2226f1673da2b75f	target_6268b0a42db9524130c8	SID530295	control	0	0.0	true	true			assessed	not_detected
votu_6a9b2226f1673da2b75f	target_6268b0a42db9524130c8	SID530368	control		0.0	false	true	detection_status_not_resolvable		assessed	not_resolvable
votu_6a9b2226f1673da2b75f	target_6268b0a42db9524130c8	SID530373	CRC		0.06166904437930911	false	true	detection_status_not_detected_at_resolved_signal		assessed	not_detected_at_resolved_signal
votu_6a9b2226f1673da2b75f	target_6268b0a42db9524130c8	SID531248	CRC	0	0.0	true	true			assessed	not_detected
votu_6a9b2226f1673da2b75f	target_6268b0a42db9524130c8	SID531361	CRC	0	0.0	true	true			assessed	not_detected
votu_6a9b2226f1673da2b75f	target_6268b0a42db9524130c8	SID531469	CRC		0.0	false	true	detection_status_not_resolvable		assessed	not_resolvable
votu_6a9b2226f1673da2b75f	target_6268b0a42db9524130c8	SID532796	control		0.0	false	true	detection_status_not_resolvable		assessed	not_resolvable
votu_6aa49d046d45c0de207e	target_9b9e591ad1dbdb181469	SID31160	control	0	0.0004518989700471525	true	true			assessed	not_detected
votu_6aa49d046d45c0de207e	target_9b9e591ad1dbdb181469	SID31512	control	1	5.417393393553372	true	true			assessed	detected
votu_6aa49d046d45c0de207e	target_9b9e591ad1dbdb181469	SID31866	CRC	0	0.0	true	true			assessed	not_detected
votu_6aa49d046d45c0de207e	target_9b9e591ad1dbdb181469	SID530295	control	0	0.0	true	true			assessed	not_detected
votu_6aa49d046d45c0de207e	target_9b9e591ad1dbdb181469	SID530368	control	0	0.0	true	true			assessed	not_detected
votu_6aa49d046d45c0de207e	target_9b9e591ad1dbdb181469	SID530373	CRC	0	0.0	true	true			assessed	not_detected
votu_6aa49d046d45c0de207e	target_9b9e591ad1dbdb181469	SID531248	CRC	0	0.0	true	true			assessed	not_detected
votu_6aa49d046d45c0de207e	target_9b9e591ad1dbdb181469	SID531361	CRC	0	0.0004443337528825263	true	true			assessed	not_detected
votu_6aa49d046d45c0de207e	target_9b9e591ad1dbdb181469	SID531469	CRC		0.03259304125750679	false	true	detection_status_not_detected_at_resolved_signal		assessed	not_detected_at_resolved_signal
votu_6aa49d046d45c0de207e	target_9b9e591ad1dbdb181469	SID532796	control	0	0.0	true	true			assessed	not_detected
votu_6ab2920354ced312d5d9	target_08fb3a32eb34ffe876ba	SID31160	control	0	0.0	true	true			assessed	not_detected
votu_6ab2920354ced312d5d9	target_08fb3a32eb34ffe876ba	SID31512	control	0	0.0	true	true			assessed	not_detected
votu_6ab2920354ced312d5d9	target_08fb3a32eb34ffe876ba	SID31866	CRC	0	0.0	true	true			assessed	not_detected
votu_6ab2920354ced312d5d9	target_08fb3a32eb34ffe876ba	SID530295	control	0	0.0	true	true			assessed	not_detected
votu_6ab2920354ced312d5d9	target_08fb3a32eb34ffe876ba	SID530368	control	0	0.0	true	true			assessed	not_detected
votu_6ab2920354ced312d5d9	target_08fb3a32eb34ffe876ba	SID530373	CRC	0	0.0	true	true			assessed	not_detected
votu_6ab2920354ced312d5d9	target_08fb3a32eb34ffe876ba	SID531248	CRC	0	0.0	true	true			assessed	not_detected
votu_6ab2920354ced312d5d9	target_08fb3a32eb34ffe876ba	SID531361	CRC	0	0.0	true	true			assessed	not_detected
votu_6ab2920354ced312d5d9	target_08fb3a32eb34ffe876ba	SID531469	CRC	0	0.0	true	true			assessed	not_detected
votu_6ab2920354ced312d5d9	target_08fb3a32eb34ffe876ba	SID532796	control	0	0.0	true	true			assessed	not_detected
votu_6ad4d76248e52804c616	target_462597c539bdedaa31af	SID31160	control	0	0.0	true	true			assessed	not_detected
votu_6ad4d76248e52804c616	target_462597c539bdedaa31af	SID31512	control	0	0.0	true	true			assessed	not_detected
votu_6ad4d76248e52804c616	target_462597c539bdedaa31af	SID31866	CRC		0.005920128711887926	false	true	detection_status_not_detected_at_resolved_signal		assessed	not_detected_at_resolved_signal
votu_6ad4d76248e52804c616	target_462597c539bdedaa31af	SID530295	control		0.01702058093433698	false	true	detection_status_not_detected_at_resolved_signal		assessed	not_detected_at_resolved_signal
votu_6ad4d76248e52804c616	target_462597c539bdedaa31af	SID530368	control		0.0	false	true	detection_status_not_resolvable		assessed	not_resolvable
votu_6ad4d76248e52804c616	target_462597c539bdedaa31af	SID530373	CRC	0	0.0	true	true			assessed	not_detected
votu_6ad4d76248e52804c616	target_462597c539bdedaa31af	SID531248	CRC		0.0005651331500965522	false	true	detection_status_not_detected_at_resolved_signal		assessed	not_detected_at_resolved_signal
votu_6ad4d76248e52804c616	target_462597c539bdedaa31af	SID531361	CRC		0.0013785129489330917	false	true	detection_status_not_detected_at_resolved_signal		assessed	not_detected_at_resolved_signal
votu_6ad4d76248e52804c616	target_462597c539bdedaa31af	SID531469	CRC		0.0	false	true	detection_status_not_resolvable		assessed	not_resolvable
votu_6ad4d76248e52804c616	target_462597c539bdedaa31af	SID532796	control		0.008141261736195445	false	true	detection_status_not_detected_at_resolved_signal		assessed	not_detected_at_resolved_signal
votu_6ba347b920af2d0cbebc	target_3dc3809f51ed63c903ee	SID31160	control	0	0.00359531449120999	true	true			assessed	not_detected
votu_6ba347b920af2d0cbebc	target_3dc3809f51ed63c903ee	SID31512	control	0	0.0006037549334658425	true	true			assessed	not_detected
votu_6ba347b920af2d0cbebc	target_3dc3809f51ed63c903ee	SID31866	CRC	0	0.0036804522248115173	true	true			assessed	not_detected
votu_6ba347b920af2d0cbebc	target_3dc3809f51ed63c903ee	SID530295	control	0	0.09381898312586749	true	true			assessed	not_detected
votu_6ba347b920af2d0cbebc	target_3dc3809f51ed63c903ee	SID530368	control	1	1.477209299982894	true	true			assessed	detected
votu_6ba347b920af2d0cbebc	target_3dc3809f51ed63c903ee	SID530373	CRC	0	0.00681034441555352	true	true			assessed	not_detected
votu_6ba347b920af2d0cbebc	target_3dc3809f51ed63c903ee	SID531248	CRC	1	3.934727002578608	true	true			assessed	detected
votu_6ba347b920af2d0cbebc	target_3dc3809f51ed63c903ee	SID531361	CRC	0	0.0005891875863704577	true	true			assessed	not_detected
votu_6ba347b920af2d0cbebc	target_3dc3809f51ed63c903ee	SID531469	CRC	0	0.0005840330846511046	true	true			assessed	not_detected
votu_6ba347b920af2d0cbebc	target_3dc3809f51ed63c903ee	SID532796	control	0	0.5039680233479409	true	true			assessed	not_detected
votu_6bfb9d1fbb5517b11248	target_7e1fa3ca4d465624d4ac	SID31160	control	0	0.02047819885211757	true	true			assessed	not_detected
votu_6bfb9d1fbb5517b11248	target_7e1fa3ca4d465624d4ac	SID31512	control	0	0.006113543917940097	true	true			assessed	not_detected
votu_6bfb9d1fbb5517b11248	target_7e1fa3ca4d465624d4ac	SID31866	CRC	0	0.3493854418469505	true	true			assessed	not_detected
votu_6bfb9d1fbb5517b11248	target_7e1fa3ca4d465624d4ac	SID530295	control	0	0.04762694613293823	true	true			assessed	not_detected
votu_6bfb9d1fbb5517b11248	target_7e1fa3ca4d465624d4ac	SID530368	control	1	11.479438335943119	true	true			assessed	detected
votu_6bfb9d1fbb5517b11248	target_7e1fa3ca4d465624d4ac	SID530373	CRC	1	0.617054253641303	true	true			assessed	detected
votu_6bfb9d1fbb5517b11248	target_7e1fa3ca4d465624d4ac	SID531248	CRC	1	0.9722165242558207	true	true			assessed	detected
votu_6bfb9d1fbb5517b11248	target_7e1fa3ca4d465624d4ac	SID531361	CRC		0.004474527642163818	false	true	detection_status_not_detected_at_resolved_signal		assessed	not_detected_at_resolved_signal
votu_6bfb9d1fbb5517b11248	target_7e1fa3ca4d465624d4ac	SID531469	CRC	0	0.00665307342261225	true	true			assessed	not_detected
votu_6bfb9d1fbb5517b11248	target_7e1fa3ca4d465624d4ac	SID532796	control	0	0.005138349040098226	true	true			assessed	not_detected
votu_6c61f3ec6bdb7477e0b0	target_0b2e7e940a112cf19f20	SID31160	control		0.0	false	true	detection_status_not_resolvable		assessed	not_resolvable
votu_6c61f3ec6bdb7477e0b0	target_0b2e7e940a112cf19f20	SID31512	control		0.0	false	true	detection_status_not_resolvable		assessed	not_resolvable
votu_6c61f3ec6bdb7477e0b0	target_0b2e7e940a112cf19f20	SID31866	CRC		0.005882674267646816	false	true	detection_status_not_detected_at_resolved_signal		assessed	not_detected_at_resolved_signal
votu_6c61f3ec6bdb7477e0b0	target_0b2e7e940a112cf19f20	SID530295	control	0	0.0	true	true			assessed	not_detected
votu_6c61f3ec6bdb7477e0b0	target_0b2e7e940a112cf19f20	SID530368	control		0.0	false	true	detection_status_not_resolvable		assessed	not_resolvable
votu_6c61f3ec6bdb7477e0b0	target_0b2e7e940a112cf19f20	SID530373	CRC		0.0	false	true	detection_status_not_resolvable		assessed	not_resolvable
votu_6c61f3ec6bdb7477e0b0	target_0b2e7e940a112cf19f20	SID531248	CRC		0.080302760199516	false	true	detection_status_not_detected_at_resolved_signal		assessed	not_detected_at_resolved_signal
votu_6c61f3ec6bdb7477e0b0	target_0b2e7e940a112cf19f20	SID531361	CRC		0.03352564970701638	false	true	detection_status_not_detected_at_resolved_signal		assessed	not_detected_at_resolved_signal
votu_6c61f3ec6bdb7477e0b0	target_0b2e7e940a112cf19f20	SID531469	CRC		0.0014935888042757657	false	true	detection_status_not_detected_at_resolved_signal		assessed	not_detected_at_resolved_signal
votu_6c61f3ec6bdb7477e0b0	target_0b2e7e940a112cf19f20	SID532796	control		0.0	false	true	detection_status_not_resolvable		assessed	not_resolvable
votu_6d104d56612a6dae88d6	target_25bc3499f40169ae03db	SID31160	control	0	0.0	true	true			assessed	not_detected
votu_6d104d56612a6dae88d6	target_25bc3499f40169ae03db	SID31512	control	0	0.0	true	true			assessed	not_detected
votu_6d104d56612a6dae88d6	target_25bc3499f40169ae03db	SID31866	CRC	0	0.0	true	true			assessed	not_detected
votu_6d104d56612a6dae88d6	target_25bc3499f40169ae03db	SID530295	control	1	2.7467098185819543	true	true			assessed	detected
votu_6d104d56612a6dae88d6	target_25bc3499f40169ae03db	SID530368	control	0	0.0	true	true			assessed	not_detected
votu_6d104d56612a6dae88d6	target_25bc3499f40169ae03db	SID530373	CRC	0	0.0	true	true			assessed	not_detected
votu_6d104d56612a6dae88d6	target_25bc3499f40169ae03db	SID531248	CRC	0	0.0	true	true			assessed	not_detected
votu_6d104d56612a6dae88d6	target_25bc3499f40169ae03db	SID531361	CRC	0	0.0	true	true			assessed	not_detected
votu_6d104d56612a6dae88d6	target_25bc3499f40169ae03db	SID531469	CRC	0	0.0	true	true			assessed	not_detected
votu_6d104d56612a6dae88d6	target_25bc3499f40169ae03db	SID532796	control	0	0.004107403568847961	true	true			assessed	not_detected
votu_6e91c6edb1ddb3eccc3e	target_d77e4629aae8542488b1	SID31160	control	0	0.0	true	true			assessed	not_detected
votu_6e91c6edb1ddb3eccc3e	target_d77e4629aae8542488b1	SID31512	control	0	0.0	true	true			assessed	not_detected
votu_6e91c6edb1ddb3eccc3e	target_d77e4629aae8542488b1	SID31866	CRC	0	0.5051109946868292	true	true			assessed	not_detected
votu_6e91c6edb1ddb3eccc3e	target_d77e4629aae8542488b1	SID530295	control	0	0.01725519989272387	true	true			assessed	not_detected
votu_6e91c6edb1ddb3eccc3e	target_d77e4629aae8542488b1	SID530368	control	1	2.9745455363768207	true	true			assessed	detected
votu_6e91c6edb1ddb3eccc3e	target_d77e4629aae8542488b1	SID530373	CRC	0	0.025524913477959047	true	true			assessed	not_detected
votu_6e91c6edb1ddb3eccc3e	target_d77e4629aae8542488b1	SID531248	CRC	0	0.0012780594168168762	true	true			assessed	not_detected
votu_6e91c6edb1ddb3eccc3e	target_d77e4629aae8542488b1	SID531361	CRC	0	0.0	true	true			assessed	not_detected
votu_6e91c6edb1ddb3eccc3e	target_d77e4629aae8542488b1	SID531469	CRC	0	0.009270778990056164	true	true			assessed	not_detected
votu_6e91c6edb1ddb3eccc3e	target_d77e4629aae8542488b1	SID532796	control	0	0.0	true	true			assessed	not_detected
votu_6eda6aaf5c983429b5dc	target_e9e8cdf9e3982ebac38f	SID31160	control	0	0.0	true	true			assessed	not_detected
votu_6eda6aaf5c983429b5dc	target_e9e8cdf9e3982ebac38f	SID31512	control	0	0.0	true	true			assessed	not_detected
votu_6eda6aaf5c983429b5dc	target_e9e8cdf9e3982ebac38f	SID31866	CRC	0	0.0	true	true			assessed	not_detected
votu_6eda6aaf5c983429b5dc	target_e9e8cdf9e3982ebac38f	SID530295	control	1	1.648277243770934	true	true			assessed	detected
votu_6eda6aaf5c983429b5dc	target_e9e8cdf9e3982ebac38f	SID530368	control	0	0.007063742139895341	true	true			assessed	not_detected
votu_6eda6aaf5c983429b5dc	target_e9e8cdf9e3982ebac38f	SID530373	CRC	0	0.0	true	true			assessed	not_detected
votu_6eda6aaf5c983429b5dc	target_e9e8cdf9e3982ebac38f	SID531248	CRC	0	0.0	true	true			assessed	not_detected
votu_6eda6aaf5c983429b5dc	target_e9e8cdf9e3982ebac38f	SID531361	CRC	0	0.0	true	true			assessed	not_detected
votu_6eda6aaf5c983429b5dc	target_e9e8cdf9e3982ebac38f	SID531469	CRC	0	0.0	true	true			assessed	not_detected
votu_6eda6aaf5c983429b5dc	target_e9e8cdf9e3982ebac38f	SID532796	control	0	0.0	true	true			assessed	not_detected
votu_6f0504c1dc252e793896	target_f5303c758a2944e02554	SID31160	control	0	0.0011180571423292716	true	true			assessed	not_detected
votu_6f0504c1dc252e793896	target_f5303c758a2944e02554	SID31512	control	0	0.0	true	true			assessed	not_detected
votu_6f0504c1dc252e793896	target_f5303c758a2944e02554	SID31866	CRC	0	0.009442396828665255	true	true			assessed	not_detected
votu_6f0504c1dc252e793896	target_f5303c758a2944e02554	SID530295	control		1.0540613059704882	false	true	detection_status_not_detected_at_resolved_signal		assessed	not_detected_at_resolved_signal
votu_6f0504c1dc252e793896	target_f5303c758a2944e02554	SID530368	control	0	0.0	true	true			assessed	not_detected
votu_6f0504c1dc252e793896	target_f5303c758a2944e02554	SID530373	CRC	0	0.0010589274226424207	true	true			assessed	not_detected
votu_6f0504c1dc252e793896	target_f5303c758a2944e02554	SID531248	CRC	1	4.027309874930859	true	true			assessed	detected
votu_6f0504c1dc252e793896	target_f5303c758a2944e02554	SID531361	CRC	1	0.48480885437284954	true	true			assessed	detected
votu_6f0504c1dc252e793896	target_f5303c758a2944e02554	SID531469	CRC	0	0.016345833637710628	true	true			assessed	not_detected
votu_6f0504c1dc252e793896	target_f5303c758a2944e02554	SID532796	control	0	0.0010820854824324542	true	true			assessed	not_detected
votu_6f288d16a4b6bca8026e	target_c55bde5a960184448262	SID31160	control	0	0.0	true	true			assessed	not_detected
votu_6f288d16a4b6bca8026e	target_c55bde5a960184448262	SID31512	control	0	0.0018625233562230862	true	true			assessed	not_detected
votu_6f288d16a4b6bca8026e	target_c55bde5a960184448262	SID31866	CRC	0	0.0	true	true			assessed	not_detected
votu_6f288d16a4b6bca8026e	target_c55bde5a960184448262	SID530295	control	0	0.0	true	true			assessed	not_detected
votu_6f288d16a4b6bca8026e	target_c55bde5a960184448262	SID530368	control	0	0.019400842707781682	true	true			assessed	not_detected
votu_6f288d16a4b6bca8026e	target_c55bde5a960184448262	SID530373	CRC	1	1.0206983659937454	true	true			assessed	detected
votu_6f288d16a4b6bca8026e	target_c55bde5a960184448262	SID531248	CRC	0	0.0	true	true			assessed	not_detected
votu_6f288d16a4b6bca8026e	target_c55bde5a960184448262	SID531361	CRC	0	0.0018175845529115973	true	true			assessed	not_detected
votu_6f288d16a4b6bca8026e	target_c55bde5a960184448262	SID531469	CRC	1	1.7890716485615592	true	true			assessed	detected
votu_6f288d16a4b6bca8026e	target_c55bde5a960184448262	SID532796	control	0	0.03935925965925533	true	true			assessed	not_detected
votu_6f805cefb41a07d53886	target_2f54d3971ee1589f8672	SID31160	control	0	0.0	true	true			assessed	not_detected
votu_6f805cefb41a07d53886	target_2f54d3971ee1589f8672	SID31512	control	0	0.0	true	true			assessed	not_detected
votu_6f805cefb41a07d53886	target_2f54d3971ee1589f8672	SID31866	CRC		0.0032788650711775345	false	true	detection_status_not_detected_at_resolved_signal		assessed	not_detected_at_resolved_signal
votu_6f805cefb41a07d53886	target_2f54d3971ee1589f8672	SID530295	control	0	0.0	true	true			assessed	not_detected
votu_6f805cefb41a07d53886	target_2f54d3971ee1589f8672	SID530368	control	0	0.0	true	true			assessed	not_detected
votu_6f805cefb41a07d53886	target_2f54d3971ee1589f8672	SID530373	CRC	0	0.0	true	true			assessed	not_detected
votu_6f805cefb41a07d53886	target_2f54d3971ee1589f8672	SID531248	CRC		0.0	false	true	detection_status_not_resolvable		assessed	not_resolvable
votu_6f805cefb41a07d53886	target_2f54d3971ee1589f8672	SID531361	CRC		0.0	false	true	detection_status_not_resolvable		assessed	not_resolvable
votu_6f805cefb41a07d53886	target_2f54d3971ee1589f8672	SID531469	CRC		0.0	false	true	detection_status_not_resolvable		assessed	not_resolvable
votu_6f805cefb41a07d53886	target_2f54d3971ee1589f8672	SID532796	control	0	0.0	true	true			assessed	not_detected
votu_6f8b88b440c54b3d764d	target_3335c7f737e31a1ccd61	SID31160	control	0	0.0	true	true			assessed	not_detected
votu_6f8b88b440c54b3d764d	target_3335c7f737e31a1ccd61	SID31512	control	0	0.0	true	true			assessed	not_detected
votu_6f8b88b440c54b3d764d	target_3335c7f737e31a1ccd61	SID31866	CRC		0.0	false	true	detection_status_not_resolvable		assessed	not_resolvable
votu_6f8b88b440c54b3d764d	target_3335c7f737e31a1ccd61	SID530295	control		0.0	false	true	detection_status_not_resolvable		assessed	not_resolvable
votu_6f8b88b440c54b3d764d	target_3335c7f737e31a1ccd61	SID530368	control		0.0	false	true	detection_status_not_resolvable		assessed	not_resolvable
votu_6f8b88b440c54b3d764d	target_3335c7f737e31a1ccd61	SID530373	CRC		0.0	false	true	detection_status_not_resolvable		assessed	not_resolvable
votu_6f8b88b440c54b3d764d	target_3335c7f737e31a1ccd61	SID531248	CRC	0	0.0	true	true			assessed	not_detected
votu_6f8b88b440c54b3d764d	target_3335c7f737e31a1ccd61	SID531361	CRC	0	0.0	true	true			assessed	not_detected
votu_6f8b88b440c54b3d764d	target_3335c7f737e31a1ccd61	SID531469	CRC		0.0	false	true	detection_status_not_resolvable		assessed	not_resolvable
votu_6f8b88b440c54b3d764d	target_3335c7f737e31a1ccd61	SID532796	control		0.0	false	true	detection_status_not_resolvable		assessed	not_resolvable
votu_6fa3acfedd6260e2e85b	target_89571b87329d5624072a	SID31160	control	0	0.0	true	true			assessed	not_detected
votu_6fa3acfedd6260e2e85b	target_89571b87329d5624072a	SID31512	control	0	0.0	true	true			assessed	not_detected
votu_6fa3acfedd6260e2e85b	target_89571b87329d5624072a	SID31866	CRC	0	0.02878036999354679	true	true			assessed	not_detected
votu_6fa3acfedd6260e2e85b	target_89571b87329d5624072a	SID530295	control	0	0.0	true	true			assessed	not_detected
votu_6fa3acfedd6260e2e85b	target_89571b87329d5624072a	SID530368	control	0	0.0	true	true			assessed	not_detected
votu_6fa3acfedd6260e2e85b	target_89571b87329d5624072a	SID530373	CRC	0	0.0	true	true			assessed	not_detected
votu_6fa3acfedd6260e2e85b	target_89571b87329d5624072a	SID531248	CRC	0	0.0	true	true			assessed	not_detected
votu_6fa3acfedd6260e2e85b	target_89571b87329d5624072a	SID531361	CRC	1	3.418634582412903	true	true			assessed	detected
votu_6fa3acfedd6260e2e85b	target_89571b87329d5624072a	SID531469	CRC	0	0.0018268068419871448	true	true			assessed	not_detected
votu_6fa3acfedd6260e2e85b	target_89571b87329d5624072a	SID532796	control	0	0.0	true	true			assessed	not_detected
votu_705d05d4e852c1a4039a	target_d4537a631d51f3f28bf8	SID31160	control	0	0.0	true	true			assessed	not_detected
votu_705d05d4e852c1a4039a	target_d4537a631d51f3f28bf8	SID31512	control	0	0.0	true	true			assessed	not_detected
votu_705d05d4e852c1a4039a	target_d4537a631d51f3f28bf8	SID31866	CRC		0.0	false	true	detection_status_not_resolvable		assessed	not_resolvable
votu_705d05d4e852c1a4039a	target_d4537a631d51f3f28bf8	SID530295	control	0	0.0	true	true			assessed	not_detected
votu_705d05d4e852c1a4039a	target_d4537a631d51f3f28bf8	SID530368	control	0	0.0	true	true			assessed	not_detected
votu_705d05d4e852c1a4039a	target_d4537a631d51f3f28bf8	SID530373	CRC	0	0.0	true	true			assessed	not_detected
votu_705d05d4e852c1a4039a	target_d4537a631d51f3f28bf8	SID531248	CRC	0	0.0	true	true			assessed	not_detected
votu_705d05d4e852c1a4039a	target_d4537a631d51f3f28bf8	SID531361	CRC	0	0.0	true	true			assessed	not_detected
votu_705d05d4e852c1a4039a	target_d4537a631d51f3f28bf8	SID531469	CRC	0	0.0	true	true			assessed	not_detected
votu_705d05d4e852c1a4039a	target_d4537a631d51f3f28bf8	SID532796	control	0	0.0	true	true			assessed	not_detected
votu_70765cc01baead7b231b	target_86d86d025762371b2998	SID31160	control	0	0.003254285279254904	true	true			assessed	not_detected
votu_70765cc01baead7b231b	target_86d86d025762371b2998	SID31512	control	0	0.0	true	true			assessed	not_detected
votu_70765cc01baead7b231b	target_86d86d025762371b2998	SID31866	CRC		0.1018143041791522	false	true	detection_status_not_detected_at_resolved_signal		assessed	not_detected_at_resolved_signal
votu_70765cc01baead7b231b	target_86d86d025762371b2998	SID530295	control	0	0.0006811756431021963	true	true			assessed	not_detected
votu_70765cc01baead7b231b	target_86d86d025762371b2998	SID530368	control	0	0.0	true	true			assessed	not_detected
votu_70765cc01baead7b231b	target_86d86d025762371b2998	SID530373	CRC	0	0.001541089356186811	true	true			assessed	not_detected
votu_70765cc01baead7b231b	target_86d86d025762371b2998	SID531248	CRC	0	0.05378328998354921	true	true			assessed	not_detected
votu_70765cc01baead7b231b	target_86d86d025762371b2998	SID531361	CRC	0	0.0	true	true			assessed	not_detected
votu_70765cc01baead7b231b	target_86d86d025762371b2998	SID531469	CRC		0.011101341973592931	false	true	detection_status_not_detected_at_resolved_signal		assessed	not_detected_at_resolved_signal
votu_70765cc01baead7b231b	target_86d86d025762371b2998	SID532796	control	1	2.4858091506880777	true	true			assessed	detected
votu_709a40bd3eb404a47d0b	target_9ad54c31b2ef06ebf93e	SID31160	control	0	0.0009902227025992709	true	true			assessed	not_detected
votu_709a40bd3eb404a47d0b	target_9ad54c31b2ef06ebf93e	SID31512	control	0	0.09278780162606177	true	true			assessed	not_detected
votu_709a40bd3eb404a47d0b	target_9ad54c31b2ef06ebf93e	SID31866	CRC	0	0.004561521143665578	true	true			assessed	not_detected
votu_709a40bd3eb404a47d0b	target_9ad54c31b2ef06ebf93e	SID530295	control	0	0.004974479088657323	true	true			assessed	not_detected
votu_709a40bd3eb404a47d0b	target_9ad54c31b2ef06ebf93e	SID530368	control	1	17.06706051926936	true	true			assessed	detected
votu_709a40bd3eb404a47d0b	target_9ad54c31b2ef06ebf93e	SID530373	CRC	0	0.31793238809690844	true	true			assessed	not_detected
votu_709a40bd3eb404a47d0b	target_9ad54c31b2ef06ebf93e	SID531248	CRC	0	0.030335723549772958	true	true			assessed	not_detected
votu_709a40bd3eb404a47d0b	target_9ad54c31b2ef06ebf93e	SID531361	CRC	0	0.0009736454358138987	true	true			assessed	not_detected
votu_709a40bd3eb404a47d0b	target_9ad54c31b2ef06ebf93e	SID531469	CRC	0	0.0019302550168710491	true	true			assessed	not_detected
votu_709a40bd3eb404a47d0b	target_9ad54c31b2ef06ebf93e	SID532796	control	0	0.015333822507503127	true	true			assessed	not_detected
votu_70a3dfc3d79b16e7af79	target_af25ab10a8472fcbea57	SID31160	control	0	0.0	true	true			assessed	not_detected
votu_70a3dfc3d79b16e7af79	target_af25ab10a8472fcbea57	SID31512	control	0	0.0	true	true			assessed	not_detected
votu_70a3dfc3d79b16e7af79	target_af25ab10a8472fcbea57	SID31866	CRC		0.0	false	true	detection_status_not_resolvable		assessed	not_resolvable
votu_70a3dfc3d79b16e7af79	target_af25ab10a8472fcbea57	SID530295	control	0	0.0	true	true			assessed	not_detected
votu_70a3dfc3d79b16e7af79	target_af25ab10a8472fcbea57	SID530368	control	0	0.0	true	true			assessed	not_detected
votu_70a3dfc3d79b16e7af79	target_af25ab10a8472fcbea57	SID530373	CRC	0	0.0	true	true			assessed	not_detected
votu_70a3dfc3d79b16e7af79	target_af25ab10a8472fcbea57	SID531248	CRC		0.0	false	true	detection_status_not_resolvable		assessed	not_resolvable
votu_70a3dfc3d79b16e7af79	target_af25ab10a8472fcbea57	SID531361	CRC	0	0.0	true	true			assessed	not_detected
votu_70a3dfc3d79b16e7af79	target_af25ab10a8472fcbea57	SID531469	CRC	0	0.0	true	true			assessed	not_detected
votu_70a3dfc3d79b16e7af79	target_af25ab10a8472fcbea57	SID532796	control	0	0.0	true	true			assessed	not_detected
votu_7131a31db099660309ab	target_b488fb7a55e6c5f456fd	SID31160	control	1	0.984678689736639	true	true			assessed	detected
votu_7131a31db099660309ab	target_b488fb7a55e6c5f456fd	SID31512	control	0	0.009207724530912273	true	true			assessed	not_detected
votu_7131a31db099660309ab	target_b488fb7a55e6c5f456fd	SID31866	CRC	0	0.599886291711271	true	true			assessed	not_detected
votu_7131a31db099660309ab	target_b488fb7a55e6c5f456fd	SID530295	control	1	6.5974171242606126	true	true			assessed	detected
votu_7131a31db099660309ab	target_b488fb7a55e6c5f456fd	SID530368	control	0	0.02397790270977618	true	true			assessed	not_detected
votu_7131a31db099660309ab	target_b488fb7a55e6c5f456fd	SID530373	CRC	0	3.7736875968973136	true	true			assessed	not_detected
votu_7131a31db099660309ab	target_b488fb7a55e6c5f456fd	SID531248	CRC	1	1.1622097390823352	true	true			assessed	detected
votu_7131a31db099660309ab	target_b488fb7a55e6c5f456fd	SID531361	CRC	0	0.20442152061112953	true	true			assessed	not_detected
votu_7131a31db099660309ab	target_b488fb7a55e6c5f456fd	SID531469	CRC	0	0.21599356785584187	true	true			assessed	not_detected
votu_7131a31db099660309ab	target_b488fb7a55e6c5f456fd	SID532796	control	0	0.011055664308614419	true	true			assessed	not_detected
votu_71380b1a48e87c571269	target_a6e2e682fff976a64ac8	SID31160	control	1	7.003632669337453	true	true			assessed	detected
votu_71380b1a48e87c571269	target_a6e2e682fff976a64ac8	SID31512	control	0	0.0	true	true			assessed	not_detected
votu_71380b1a48e87c571269	target_a6e2e682fff976a64ac8	SID31866	CRC	0	0.0	true	true			assessed	not_detected
votu_71380b1a48e87c571269	target_a6e2e682fff976a64ac8	SID530295	control	0	0.0008913062534575162	true	true			assessed	not_detected
votu_71380b1a48e87c571269	target_a6e2e682fff976a64ac8	SID530368	control	0	0.0	true	true			assessed	not_detected
votu_71380b1a48e87c571269	target_a6e2e682fff976a64ac8	SID530373	CRC	0	0.0	true	true			assessed	not_detected
votu_71380b1a48e87c571269	target_a6e2e682fff976a64ac8	SID531248	CRC	0	0.000858225384148316	true	true			assessed	not_detected
votu_71380b1a48e87c571269	target_a6e2e682fff976a64ac8	SID531361	CRC	0	0.0	true	true			assessed	not_detected
votu_71380b1a48e87c571269	target_a6e2e682fff976a64ac8	SID531469	CRC	0	0.0	true	true			assessed	not_detected
votu_71380b1a48e87c571269	target_a6e2e682fff976a64ac8	SID532796	control	1	0.6253882750524354	true	true			assessed	detected
votu_716ec69f512bcbab1070	target_e94883492c55946ea5f0	SID31160	control	0	0.01772217208991247	true	true			assessed	not_detected
votu_716ec69f512bcbab1070	target_e94883492c55946ea5f0	SID31512	control	0	0.03928390824076951	true	true			assessed	not_detected
votu_716ec69f512bcbab1070	target_e94883492c55946ea5f0	SID31866	CRC	0	0.009070918254338787	true	true			assessed	not_detected
votu_716ec69f512bcbab1070	target_e94883492c55946ea5f0	SID530295	control	1	1.6984761998180347	true	true			assessed	detected
votu_716ec69f512bcbab1070	target_e94883492c55946ea5f0	SID530368	control	0	0.001377771210819903	true	true			assessed	not_detected
votu_716ec69f512bcbab1070	target_e94883492c55946ea5f0	SID530373	CRC	0	0.0022379886566083534	true	true			assessed	not_detected
votu_716ec69f512bcbab1070	target_e94883492c55946ea5f0	SID531248	CRC	0	0.00666747832648926	true	true			assessed	not_detected
votu_716ec69f512bcbab1070	target_e94883492c55946ea5f0	SID531361	CRC	0	0.05576155561049669	true	true			assessed	not_detected
votu_716ec69f512bcbab1070	target_e94883492c55946ea5f0	SID531469	CRC	1	2.1384022822747064	true	true			assessed	detected
votu_716ec69f512bcbab1070	target_e94883492c55946ea5f0	SID532796	control	0	0.056029834616496806	true	true			assessed	not_detected
votu_726e4a1df4ec5608cae3	target_5240e4749fbc04ca55f6	SID31160	control	0	0.0	true	true			assessed	not_detected
votu_726e4a1df4ec5608cae3	target_5240e4749fbc04ca55f6	SID31512	control	0	0.0	true	true			assessed	not_detected
votu_726e4a1df4ec5608cae3	target_5240e4749fbc04ca55f6	SID31866	CRC		0.0	false	true	detection_status_not_resolvable		assessed	not_resolvable
votu_726e4a1df4ec5608cae3	target_5240e4749fbc04ca55f6	SID530295	control		0.0	false	true	detection_status_not_resolvable		assessed	not_resolvable
votu_726e4a1df4ec5608cae3	target_5240e4749fbc04ca55f6	SID530368	control		0.0	false	true	detection_status_not_resolvable		assessed	not_resolvable
votu_726e4a1df4ec5608cae3	target_5240e4749fbc04ca55f6	SID530373	CRC		0.0	false	true	detection_status_not_resolvable		assessed	not_resolvable
votu_726e4a1df4ec5608cae3	target_5240e4749fbc04ca55f6	SID531248	CRC	0	0.0	true	true			assessed	not_detected
votu_726e4a1df4ec5608cae3	target_5240e4749fbc04ca55f6	SID531361	CRC	0	0.0	true	true			assessed	not_detected
votu_726e4a1df4ec5608cae3	target_5240e4749fbc04ca55f6	SID531469	CRC		0.0	false	true	detection_status_not_resolvable		assessed	not_resolvable
votu_726e4a1df4ec5608cae3	target_5240e4749fbc04ca55f6	SID532796	control		0.0	false	true	detection_status_not_resolvable		assessed	not_resolvable
votu_735be50192998fd84ec8	target_7ef84c72b06077bd8aff	SID31160	control	1	0.927342320581911	true	true			assessed	detected
votu_735be50192998fd84ec8	target_7ef84c72b06077bd8aff	SID31512	control	0	0.0013049747701114665	true	true			assessed	not_detected
votu_735be50192998fd84ec8	target_7ef84c72b06077bd8aff	SID31866	CRC	1	0.5180722658531626	true	true			assessed	detected
votu_735be50192998fd84ec8	target_7ef84c72b06077bd8aff	SID530295	control	0	0.004337610274904253	true	true			assessed	not_detected
votu_735be50192998fd84ec8	target_7ef84c72b06077bd8aff	SID530368	control	0	0.046820944118448705	true	true			assessed	not_detected
votu_735be50192998fd84ec8	target_7ef84c72b06077bd8aff	SID530373	CRC	0	0.006133371302277502	true	true			assessed	not_detected
votu_735be50192998fd84ec8	target_7ef84c72b06077bd8aff	SID531248	CRC	1	1.795946464989561	true	true			assessed	detected
votu_735be50192998fd84ec8	target_7ef84c72b06077bd8aff	SID531361	CRC	1	4.486499813300683	true	true			assessed	detected
votu_735be50192998fd84ec8	target_7ef84c72b06077bd8aff	SID531469	CRC	0	0.11739830356078766	true	true			assessed	not_detected
votu_735be50192998fd84ec8	target_7ef84c72b06077bd8aff	SID532796	control	1	2.410482106478233	true	true			assessed	detected
votu_738cf07ba6ea06a2f0fc	target_0f56e56b322ea566b3f2	SID31160	control		0.07576672557453548	false	true	detection_status_not_detected_at_resolved_signal		assessed	not_detected_at_resolved_signal
votu_738cf07ba6ea06a2f0fc	target_0f56e56b322ea566b3f2	SID31512	control	1	4.481976241253117	true	true			assessed	detected
votu_738cf07ba6ea06a2f0fc	target_0f56e56b322ea566b3f2	SID31866	CRC		0.013777264439207107	false	true	detection_status_not_detected_at_resolved_signal		assessed	not_detected_at_resolved_signal
votu_738cf07ba6ea06a2f0fc	target_0f56e56b322ea566b3f2	SID530295	control	0	0.011685745995995886	true	true			assessed	not_detected
votu_738cf07ba6ea06a2f0fc	target_0f56e56b322ea566b3f2	SID530368	control	0	0.05580300406481403	true	true			assessed	not_detected
votu_738cf07ba6ea06a2f0fc	target_0f56e56b322ea566b3f2	SID530373	CRC		0.022660963068644114	false	true	detection_status_not_detected_at_resolved_signal		assessed	not_detected_at_resolved_signal
votu_738cf07ba6ea06a2f0fc	target_0f56e56b322ea566b3f2	SID531248	CRC	0	0.02250405807783608	true	true			assessed	not_detected
votu_738cf07ba6ea06a2f0fc	target_0f56e56b322ea566b3f2	SID531361	CRC	0	0.005881446217941098	true	true			assessed	not_detected
votu_738cf07ba6ea06a2f0fc	target_0f56e56b322ea566b3f2	SID531469	CRC	0	0.025263300592397578	true	true			assessed	not_detected
votu_738cf07ba6ea06a2f0fc	target_0f56e56b322ea566b3f2	SID532796	control	0	0.025086255692361337	true	true			assessed	not_detected
votu_74797d9adaf8e2d62a7e	target_94c116ae65b6f7b5973e	SID31160	control	0	0.0	true	true			assessed	not_detected
votu_74797d9adaf8e2d62a7e	target_94c116ae65b6f7b5973e	SID31512	control	0	0.0	true	true			assessed	not_detected
votu_74797d9adaf8e2d62a7e	target_94c116ae65b6f7b5973e	SID31866	CRC		0.0	false	true	detection_status_not_resolvable		assessed	not_resolvable
votu_74797d9adaf8e2d62a7e	target_94c116ae65b6f7b5973e	SID530295	control	0	0.0	true	true			assessed	not_detected
votu_74797d9adaf8e2d62a7e	target_94c116ae65b6f7b5973e	SID530368	control	0	0.0	true	true			assessed	not_detected
votu_74797d9adaf8e2d62a7e	target_94c116ae65b6f7b5973e	SID530373	CRC	0	0.0	true	true			assessed	not_detected
votu_74797d9adaf8e2d62a7e	target_94c116ae65b6f7b5973e	SID531248	CRC	0	0.0	true	true			assessed	not_detected
votu_74797d9adaf8e2d62a7e	target_94c116ae65b6f7b5973e	SID531361	CRC	0	0.0	true	true			assessed	not_detected
votu_74797d9adaf8e2d62a7e	target_94c116ae65b6f7b5973e	SID531469	CRC		0.0	false	true	detection_status_not_resolvable		assessed	not_resolvable
votu_74797d9adaf8e2d62a7e	target_94c116ae65b6f7b5973e	SID532796	control	0	0.0	true	true			assessed	not_detected
votu_747ff839e1be199627d6	target_f901b31855981c89945a	SID31160	control	0	0.0	true	true			assessed	not_detected
votu_747ff839e1be199627d6	target_f901b31855981c89945a	SID31512	control	0	0.0	true	true			assessed	not_detected
votu_747ff839e1be199627d6	target_f901b31855981c89945a	SID31866	CRC		0.0	false	true	detection_status_not_resolvable		assessed	not_resolvable
votu_747ff839e1be199627d6	target_f901b31855981c89945a	SID530295	control		0.0	false	true	detection_status_not_resolvable		assessed	not_resolvable
votu_747ff839e1be199627d6	target_f901b31855981c89945a	SID530368	control		0.0012454202247340438	false	true	detection_status_not_detected_at_resolved_signal		assessed	not_detected_at_resolved_signal
votu_747ff839e1be199627d6	target_f901b31855981c89945a	SID530373	CRC		0.0	false	true	detection_status_not_resolvable		assessed	not_resolvable
votu_747ff839e1be199627d6	target_f901b31855981c89945a	SID531248	CRC	0	0.0	true	true			assessed	not_detected
votu_747ff839e1be199627d6	target_f901b31855981c89945a	SID531361	CRC	0	0.0	true	true			assessed	not_detected
votu_747ff839e1be199627d6	target_f901b31855981c89945a	SID531469	CRC		0.0	false	true	detection_status_not_resolvable		assessed	not_resolvable
votu_747ff839e1be199627d6	target_f901b31855981c89945a	SID532796	control		0.0	false	true	detection_status_not_resolvable		assessed	not_resolvable
votu_74df171b3af932cb404c	target_e03558f2e58097191b09	SID31160	control	0	0.13667831960593715	true	true			assessed	not_detected
votu_74df171b3af932cb404c	target_e03558f2e58097191b09	SID31512	control	0	0.0	true	true			assessed	not_detected
votu_74df171b3af932cb404c	target_e03558f2e58097191b09	SID31866	CRC	0	0.0	true	true			assessed	not_detected
votu_74df171b3af932cb404c	target_e03558f2e58097191b09	SID530295	control	0	0.0	true	true			assessed	not_detected
votu_74df171b3af932cb404c	target_e03558f2e58097191b09	SID530368	control	0	0.0	true	true			assessed	not_detected
votu_74df171b3af932cb404c	target_e03558f2e58097191b09	SID530373	CRC	1	1.7360477141707804	true	true			assessed	detected
votu_74df171b3af932cb404c	target_e03558f2e58097191b09	SID531248	CRC	0	0.0	true	true			assessed	not_detected
votu_74df171b3af932cb404c	target_e03558f2e58097191b09	SID531361	CRC	0	0.0	true	true			assessed	not_detected
votu_74df171b3af932cb404c	target_e03558f2e58097191b09	SID531469	CRC	0	0.0	true	true			assessed	not_detected
votu_74df171b3af932cb404c	target_e03558f2e58097191b09	SID532796	control	0	0.0	true	true			assessed	not_detected
votu_74ec111ad5aa7417b1c3	target_8482d210e804cfa24b30	SID31160	control	0	0.1499658050240432	true	true			assessed	not_detected
votu_74ec111ad5aa7417b1c3	target_8482d210e804cfa24b30	SID31512	control	0	0.011825294626280758	true	true			assessed	not_detected
votu_74ec111ad5aa7417b1c3	target_8482d210e804cfa24b30	SID31866	CRC	1	4.331182470503335	true	true			assessed	detected
votu_74ec111ad5aa7417b1c3	target_8482d210e804cfa24b30	SID530295	control	1	0.4596634567930911	true	true			assessed	detected
votu_74ec111ad5aa7417b1c3	target_8482d210e804cfa24b30	SID530368	control	0	0.0	true	true			assessed	not_detected
votu_74ec111ad5aa7417b1c3	target_8482d210e804cfa24b30	SID530373	CRC	0	0.41745849012538916	true	true			assessed	not_detected
votu_74ec111ad5aa7417b1c3	target_8482d210e804cfa24b30	SID531248	CRC	1	1.133316067317576	true	true			assessed	detected
votu_74ec111ad5aa7417b1c3	target_8482d210e804cfa24b30	SID531361	CRC	0	0.0102577554976298	true	true			assessed	not_detected
votu_74ec111ad5aa7417b1c3	target_8482d210e804cfa24b30	SID531469	CRC	0	0.054653083989909826	true	true			assessed	not_detected
votu_74ec111ad5aa7417b1c3	target_8482d210e804cfa24b30	SID532796	control	0	0.12116109956999076	true	true			assessed	not_detected
votu_75044b7002fe3c9360f6	target_12de9f4ff275c19b42e4	SID31160	control	0	0.1335094159363226	true	true			assessed	not_detected
votu_75044b7002fe3c9360f6	target_12de9f4ff275c19b42e4	SID31512	control	0	0.16949523709810121	true	true			assessed	not_detected
votu_75044b7002fe3c9360f6	target_12de9f4ff275c19b42e4	SID31866	CRC	0	0.4428138598446902	true	true			assessed	not_detected
votu_75044b7002fe3c9360f6	target_12de9f4ff275c19b42e4	SID530295	control	0	0.3532339670102524	true	true			assessed	not_detected
votu_75044b7002fe3c9360f6	target_12de9f4ff275c19b42e4	SID530368	control	0	0.1276665621585018	true	true			assessed	not_detected
votu_75044b7002fe3c9360f6	target_12de9f4ff275c19b42e4	SID530373	CRC	1	18.4387376363164	true	true			assessed	detected
votu_75044b7002fe3c9360f6	target_12de9f4ff275c19b42e4	SID531248	CRC	0	0.23141325878631672	true	true			assessed	not_detected
votu_75044b7002fe3c9360f6	target_12de9f4ff275c19b42e4	SID531361	CRC	0	0.14965274958919142	true	true			assessed	not_detected
votu_75044b7002fe3c9360f6	target_12de9f4ff275c19b42e4	SID531469	CRC	0	0.010410071158099906	true	true			assessed	not_detected
votu_75044b7002fe3c9360f6	target_12de9f4ff275c19b42e4	SID532796	control	0	0.09432619725480414	true	true			assessed	not_detected
votu_753650f2e422b8f78da2	target_6c6bc8400c50c2a01b4b	SID31160	control	1	2.944059172181973	true	true			assessed	detected
votu_753650f2e422b8f78da2	target_6c6bc8400c50c2a01b4b	SID31512	control	0	0.0	true	true			assessed	not_detected
votu_753650f2e422b8f78da2	target_6c6bc8400c50c2a01b4b	SID31866	CRC	1	4.812785278414111	true	true			assessed	detected
votu_753650f2e422b8f78da2	target_6c6bc8400c50c2a01b4b	SID530295	control	0	0.017646667269665975	true	true			assessed	not_detected
votu_753650f2e422b8f78da2	target_6c6bc8400c50c2a01b4b	SID530368	control	0	0.0	true	true			assessed	not_detected
votu_753650f2e422b8f78da2	target_6c6bc8400c50c2a01b4b	SID530373	CRC	0	0.0	true	true			assessed	not_detected
votu_753650f2e422b8f78da2	target_6c6bc8400c50c2a01b4b	SID531248	CRC	0	0.2960134823514345	true	true			assessed	not_detected
votu_753650f2e422b8f78da2	target_6c6bc8400c50c2a01b4b	SID531361	CRC	0	0.00872576587983023	true	true			assessed	not_detected
votu_753650f2e422b8f78da2	target_6c6bc8400c50c2a01b4b	SID531469	CRC	0	0.022704750085795165	true	true			assessed	not_detected
votu_753650f2e422b8f78da2	target_6c6bc8400c50c2a01b4b	SID532796	control	0	0.0	true	true			assessed	not_detected
votu_7594080340f1037f27ef	target_06db7715d3ac0778d753	SID31160	control	0	0.0	true	true			assessed	not_detected
votu_7594080340f1037f27ef	target_06db7715d3ac0778d753	SID31512	control	0	0.0	true	true			assessed	not_detected
votu_7594080340f1037f27ef	target_06db7715d3ac0778d753	SID31866	CRC		0.0	false	true	detection_status_not_resolvable		assessed	not_resolvable
votu_7594080340f1037f27ef	target_06db7715d3ac0778d753	SID530295	control	0	0.0	true	true			assessed	not_detected
votu_7594080340f1037f27ef	target_06db7715d3ac0778d753	SID530368	control		0.0	false	true	detection_status_not_resolvable		assessed	not_resolvable
votu_7594080340f1037f27ef	target_06db7715d3ac0778d753	SID530373	CRC		0.0	false	true	detection_status_not_resolvable		assessed	not_resolvable
votu_7594080340f1037f27ef	target_06db7715d3ac0778d753	SID531248	CRC	0	0.0	true	true			assessed	not_detected
votu_7594080340f1037f27ef	target_06db7715d3ac0778d753	SID531361	CRC	0	0.0	true	true			assessed	not_detected
votu_7594080340f1037f27ef	target_06db7715d3ac0778d753	SID531469	CRC		0.0	false	true	detection_status_not_resolvable		assessed	not_resolvable
votu_7594080340f1037f27ef	target_06db7715d3ac0778d753	SID532796	control	0	0.0	true	true			assessed	not_detected
votu_76690e045041d26784df	target_1ae68210ac454d766de2	SID31160	control	0	0.004058195009786996	true	true			assessed	not_detected
votu_76690e045041d26784df	target_1ae68210ac454d766de2	SID31512	control	1	2.760016910806632	true	true			assessed	detected
votu_76690e045041d26784df	target_1ae68210ac454d766de2	SID31866	CRC	0	0.020563754520106343	true	true			assessed	not_detected
votu_76690e045041d26784df	target_1ae68210ac454d766de2	SID530295	control	0	0.23988389597591062	true	true			assessed	not_detected
votu_76690e045041d26784df	target_1ae68210ac454d766de2	SID530368	control	0	0.3104475002514576	true	true			assessed	not_detected
votu_76690e045041d26784df	target_1ae68210ac454d766de2	SID530373	CRC	1	1.266072868886327	true	true			assessed	detected
votu_76690e045041d26784df	target_1ae68210ac454d766de2	SID531248	CRC	1	0.5169254109669842	true	true			assessed	detected
votu_76690e045041d26784df	target_1ae68210ac454d766de2	SID531361	CRC	0	0.0	true	true			assessed	not_detected
votu_76690e045041d26784df	target_1ae68210ac454d766de2	SID531469	CRC	0	0.5236881089290804	true	true			assessed	not_detected
votu_76690e045041d26784df	target_1ae68210ac454d766de2	SID532796	control	1	0.9512717977616476	true	true			assessed	detected
votu_766dc0c72d3f9feda1fe	target_3bfc2962f1c52c976c2c	SID31160	control	0	0.0	true	true			assessed	not_detected
votu_766dc0c72d3f9feda1fe	target_3bfc2962f1c52c976c2c	SID31512	control	0	0.0	true	true			assessed	not_detected
votu_766dc0c72d3f9feda1fe	target_3bfc2962f1c52c976c2c	SID31866	CRC		0.0022225125362665002	false	true	detection_status_not_detected_at_resolved_signal		assessed	not_detected_at_resolved_signal
votu_766dc0c72d3f9feda1fe	target_3bfc2962f1c52c976c2c	SID530295	control		0.008483013945800203	false	true	detection_status_not_detected_at_resolved_signal		assessed	not_detected_at_resolved_signal
votu_766dc0c72d3f9feda1fe	target_3bfc2962f1c52c976c2c	SID530368	control		0.0	false	true	detection_status_not_resolvable		assessed	not_resolvable
votu_766dc0c72d3f9feda1fe	target_3bfc2962f1c52c976c2c	SID530373	CRC	0	0.0	true	true			assessed	not_detected
votu_766dc0c72d3f9feda1fe	target_3bfc2962f1c52c976c2c	SID531248	CRC		0.0	false	true	detection_status_not_resolvable		assessed	not_resolvable
votu_766dc0c72d3f9feda1fe	target_3bfc2962f1c52c976c2c	SID531361	CRC		0.00426950836560745	false	true	detection_status_not_detected_at_resolved_signal		assessed	not_detected_at_resolved_signal
votu_766dc0c72d3f9feda1fe	target_3bfc2962f1c52c976c2c	SID531469	CRC		0.0	false	true	detection_status_not_resolvable		assessed	not_resolvable
votu_766dc0c72d3f9feda1fe	target_3bfc2962f1c52c976c2c	SID532796	control		0.01540915828006597	false	true	detection_status_not_detected_at_resolved_signal		assessed	not_detected_at_resolved_signal
votu_77b7edad85e42be675b9	target_4a17fde78aadeea2510b	SID31160	control	0	0.0	true	true			assessed	not_detected
votu_77b7edad85e42be675b9	target_4a17fde78aadeea2510b	SID31512	control	0	0.0	true	true			assessed	not_detected
votu_77b7edad85e42be675b9	target_4a17fde78aadeea2510b	SID31866	CRC	0	0.0	true	true			assessed	not_detected
votu_77b7edad85e42be675b9	target_4a17fde78aadeea2510b	SID530295	control	0	0.0	true	true			assessed	not_detected
votu_77b7edad85e42be675b9	target_4a17fde78aadeea2510b	SID530368	control	0	0.0	true	true			assessed	not_detected
votu_77b7edad85e42be675b9	target_4a17fde78aadeea2510b	SID530373	CRC	0	0.0	true	true			assessed	not_detected
votu_77b7edad85e42be675b9	target_4a17fde78aadeea2510b	SID531248	CRC	0	0.0	true	true			assessed	not_detected
votu_77b7edad85e42be675b9	target_4a17fde78aadeea2510b	SID531361	CRC	0	0.0	true	true			assessed	not_detected
votu_77b7edad85e42be675b9	target_4a17fde78aadeea2510b	SID531469	CRC		0.0	false	true	detection_status_not_resolvable		assessed	not_resolvable
votu_77b7edad85e42be675b9	target_4a17fde78aadeea2510b	SID532796	control	0	0.0	true	true			assessed	not_detected
votu_77cbe8d00162bca5c3ee	target_850817c6bf9ffaea49cf	SID31160	control	0	0.17023780455409612	true	true			assessed	not_detected
votu_77cbe8d00162bca5c3ee	target_850817c6bf9ffaea49cf	SID31512	control	0	0.0	true	true			assessed	not_detected
votu_77cbe8d00162bca5c3ee	target_850817c6bf9ffaea49cf	SID31866	CRC	0	0.0005400900876113583	true	true			assessed	not_detected
votu_77cbe8d00162bca5c3ee	target_850817c6bf9ffaea49cf	SID530295	control	1	7.144975215988539	true	true			assessed	detected
votu_77cbe8d00162bca5c3ee	target_850817c6bf9ffaea49cf	SID530368	control	0	0.005742355814119937	true	true			assessed	not_detected
votu_77cbe8d00162bca5c3ee	target_850817c6bf9ffaea49cf	SID530373	CRC	0	0.0	true	true			assessed	not_detected
votu_77cbe8d00162bca5c3ee	target_850817c6bf9ffaea49cf	SID531248	CRC	0	0.6340453614081896	true	true			assessed	not_detected
votu_77cbe8d00162bca5c3ee	target_850817c6bf9ffaea49cf	SID531361	CRC	0	0.0	true	true			assessed	not_detected
votu_77cbe8d00162bca5c3ee	target_850817c6bf9ffaea49cf	SID531469	CRC	0	0.0006856341788233389	true	true			assessed	not_detected
votu_77cbe8d00162bca5c3ee	target_850817c6bf9ffaea49cf	SID532796	control	0	0.0	true	true			assessed	not_detected
votu_77cc63e92495c9a25d7b	target_194c1f1411a288353067	SID31160	control	0	0.0	true	true			assessed	not_detected
votu_77cc63e92495c9a25d7b	target_194c1f1411a288353067	SID31512	control	0	0.0	true	true			assessed	not_detected
votu_77cc63e92495c9a25d7b	target_194c1f1411a288353067	SID31866	CRC	0	0.0	true	true			assessed	not_detected
votu_77cc63e92495c9a25d7b	target_194c1f1411a288353067	SID530295	control	0	0.0	true	true			assessed	not_detected
votu_77cc63e92495c9a25d7b	target_194c1f1411a288353067	SID530368	control	0	0.0	true	true			assessed	not_detected
votu_77cc63e92495c9a25d7b	target_194c1f1411a288353067	SID530373	CRC	0	0.0	true	true			assessed	not_detected
votu_77cc63e92495c9a25d7b	target_194c1f1411a288353067	SID531248	CRC		0.0	false	true	detection_status_not_resolvable		assessed	not_resolvable
votu_77cc63e92495c9a25d7b	target_194c1f1411a288353067	SID531361	CRC	0	0.0019564190978591527	true	true			assessed	not_detected
votu_77cc63e92495c9a25d7b	target_194c1f1411a288353067	SID531469	CRC	1	2.6966013567122347	true	true			assessed	detected
votu_77cc63e92495c9a25d7b	target_194c1f1411a288353067	SID532796	control	0	0.0	true	true			assessed	not_detected
votu_783cbdb8d00299aaa26b	target_55f37da52b23a396e386	SID31160	control	0	0.0	true	true			assessed	not_detected
votu_783cbdb8d00299aaa26b	target_55f37da52b23a396e386	SID31512	control	0	0.0	true	true			assessed	not_detected
votu_783cbdb8d00299aaa26b	target_55f37da52b23a396e386	SID31866	CRC		0.0	false	true	detection_status_not_resolvable		assessed	not_resolvable
votu_783cbdb8d00299aaa26b	target_55f37da52b23a396e386	SID530295	control		0.0	false	true	detection_status_not_resolvable		assessed	not_resolvable
votu_783cbdb8d00299aaa26b	target_55f37da52b23a396e386	SID530368	control		0.0	false	true	detection_status_not_resolvable		assessed	not_resolvable
votu_783cbdb8d00299aaa26b	target_55f37da52b23a396e386	SID530373	CRC		0.0	false	true	detection_status_not_resolvable		assessed	not_resolvable
votu_783cbdb8d00299aaa26b	target_55f37da52b23a396e386	SID531248	CRC	0	0.0	true	true			assessed	not_detected
votu_783cbdb8d00299aaa26b	target_55f37da52b23a396e386	SID531361	CRC	0	0.0	true	true			assessed	not_detected
votu_783cbdb8d00299aaa26b	target_55f37da52b23a396e386	SID531469	CRC		0.0	false	true	detection_status_not_resolvable		assessed	not_resolvable
votu_783cbdb8d00299aaa26b	target_55f37da52b23a396e386	SID532796	control		0.0	false	true	detection_status_not_resolvable		assessed	not_resolvable
votu_7903b40bbba6d9dbffe2	target_cb3b3d4bf55bce49a573	SID31160	control		4.3167086419151595	false	true	detection_status_not_detected_at_resolved_signal		assessed	not_detected_at_resolved_signal
votu_7903b40bbba6d9dbffe2	target_cb3b3d4bf55bce49a573	SID31512	control	0	0.0	true	true			assessed	not_detected
votu_7903b40bbba6d9dbffe2	target_cb3b3d4bf55bce49a573	SID31866	CRC		0.001658757179707366	false	true	detection_status_not_detected_at_resolved_signal		assessed	not_detected_at_resolved_signal
votu_7903b40bbba6d9dbffe2	target_cb3b3d4bf55bce49a573	SID530295	control		0.0	false	true	detection_status_not_resolvable		assessed	not_resolvable
votu_7903b40bbba6d9dbffe2	target_cb3b3d4bf55bce49a573	SID530368	control		0.005038933928984493	false	true	detection_status_not_detected_at_resolved_signal		assessed	not_detected_at_resolved_signal
votu_7903b40bbba6d9dbffe2	target_cb3b3d4bf55bce49a573	SID530373	CRC		0.0	false	true	detection_status_not_resolvable		assessed	not_resolvable
votu_7903b40bbba6d9dbffe2	target_cb3b3d4bf55bce49a573	SID531248	CRC		0.05399540822496657	false	true	detection_status_not_detected_at_resolved_signal		assessed	not_detected_at_resolved_signal
votu_7903b40bbba6d9dbffe2	target_cb3b3d4bf55bce49a573	SID531361	CRC		0.0	false	true	detection_status_not_resolvable		assessed	not_resolvable
votu_7903b40bbba6d9dbffe2	target_cb3b3d4bf55bce49a573	SID531469	CRC		0.004211521902969506	false	true	detection_status_not_detected_at_resolved_signal		assessed	not_detected_at_resolved_signal
votu_7903b40bbba6d9dbffe2	target_cb3b3d4bf55bce49a573	SID532796	control		0.0	false	true	detection_status_not_resolvable		assessed	not_resolvable
votu_79ec3ea37e10c283d142	target_897af96f1293f25636d4	SID31160	control	0	0.0	true	true			assessed	not_detected
votu_79ec3ea37e10c283d142	target_897af96f1293f25636d4	SID31512	control	0	0.0	true	true			assessed	not_detected
votu_79ec3ea37e10c283d142	target_897af96f1293f25636d4	SID31866	CRC		0.0	false	true	detection_status_not_resolvable		assessed	not_resolvable
votu_79ec3ea37e10c283d142	target_897af96f1293f25636d4	SID530295	control	0	0.0	true	true			assessed	not_detected
votu_79ec3ea37e10c283d142	target_897af96f1293f25636d4	SID530368	control	0	0.0	true	true			assessed	not_detected
votu_79ec3ea37e10c283d142	target_897af96f1293f25636d4	SID530373	CRC	0	0.0	true	true			assessed	not_detected
votu_79ec3ea37e10c283d142	target_897af96f1293f25636d4	SID531248	CRC	0	0.0	true	true			assessed	not_detected
votu_79ec3ea37e10c283d142	target_897af96f1293f25636d4	SID531361	CRC	0	0.0	true	true			assessed	not_detected
votu_79ec3ea37e10c283d142	target_897af96f1293f25636d4	SID531469	CRC		0.0	false	true	detection_status_not_resolvable		assessed	not_resolvable
votu_79ec3ea37e10c283d142	target_897af96f1293f25636d4	SID532796	control	0	0.0	true	true			assessed	not_detected
votu_7a3f6dc77a34bcb9be1f	target_40ced4fc766c277a51c8	SID31160	control	0	0.4861230170263259	true	true			assessed	not_detected
votu_7a3f6dc77a34bcb9be1f	target_40ced4fc766c277a51c8	SID31512	control	0	0.0	true	true			assessed	not_detected
votu_7a3f6dc77a34bcb9be1f	target_40ced4fc766c277a51c8	SID31866	CRC	1	6.496170677460588	true	true			assessed	detected
votu_7a3f6dc77a34bcb9be1f	target_40ced4fc766c277a51c8	SID530295	control	0	0.0	true	true			assessed	not_detected
votu_7a3f6dc77a34bcb9be1f	target_40ced4fc766c277a51c8	SID530368	control	0	0.0	true	true			assessed	not_detected
votu_7a3f6dc77a34bcb9be1f	target_40ced4fc766c277a51c8	SID530373	CRC	0	0.026219467544295997	true	true			assessed	not_detected
votu_7a3f6dc77a34bcb9be1f	target_40ced4fc766c277a51c8	SID531248	CRC	0	0.0008927288020363604	true	true			assessed	not_detected
votu_7a3f6dc77a34bcb9be1f	target_40ced4fc766c277a51c8	SID531361	CRC	0	0.013065645290307923	true	true			assessed	not_detected
votu_7a3f6dc77a34bcb9be1f	target_40ced4fc766c277a51c8	SID531469	CRC	0	0.001079278385239913	true	true			assessed	not_detected
votu_7a3f6dc77a34bcb9be1f	target_40ced4fc766c277a51c8	SID532796	control	0	0.0	true	true			assessed	not_detected
votu_7bb39ca4fe4ee68252f5	target_2eb10aee6e25c17db214	SID31160	control	0	0.0	true	true			assessed	not_detected
votu_7bb39ca4fe4ee68252f5	target_2eb10aee6e25c17db214	SID31512	control	0	0.0	true	true			assessed	not_detected
votu_7bb39ca4fe4ee68252f5	target_2eb10aee6e25c17db214	SID31866	CRC		0.0	false	true	detection_status_not_resolvable		assessed	not_resolvable
votu_7bb39ca4fe4ee68252f5	target_2eb10aee6e25c17db214	SID530295	control	0	0.0	true	true			assessed	not_detected
votu_7bb39ca4fe4ee68252f5	target_2eb10aee6e25c17db214	SID530368	control	0	0.0	true	true			assessed	not_detected
votu_7bb39ca4fe4ee68252f5	target_2eb10aee6e25c17db214	SID530373	CRC	0	0.0	true	true			assessed	not_detected
votu_7bb39ca4fe4ee68252f5	target_2eb10aee6e25c17db214	SID531248	CRC	0	0.0	true	true			assessed	not_detected
votu_7bb39ca4fe4ee68252f5	target_2eb10aee6e25c17db214	SID531361	CRC	0	0.0	true	true			assessed	not_detected
votu_7bb39ca4fe4ee68252f5	target_2eb10aee6e25c17db214	SID531469	CRC		0.0	false	true	detection_status_not_resolvable		assessed	not_resolvable
votu_7bb39ca4fe4ee68252f5	target_2eb10aee6e25c17db214	SID532796	control	0	0.0	true	true			assessed	not_detected
votu_7bc2597790b75cef4199	target_08dcf19fb5fc9c87d1a4	SID31160	control	1	2.522446777624361	true	true			assessed	detected
votu_7bc2597790b75cef4199	target_08dcf19fb5fc9c87d1a4	SID31512	control	0	0.0	true	true			assessed	not_detected
votu_7bc2597790b75cef4199	target_08dcf19fb5fc9c87d1a4	SID31866	CRC	0	0.0	true	true			assessed	not_detected
votu_7bc2597790b75cef4199	target_08dcf19fb5fc9c87d1a4	SID530295	control	0	0.0	true	true			assessed	not_detected
votu_7bc2597790b75cef4199	target_08dcf19fb5fc9c87d1a4	SID530368	control	0	0.0	true	true			assessed	not_detected
votu_7bc2597790b75cef4199	target_08dcf19fb5fc9c87d1a4	SID530373	CRC	0	0.0	true	true			assessed	not_detected
votu_7bc2597790b75cef4199	target_08dcf19fb5fc9c87d1a4	SID531248	CRC	0	0.0	true	true			assessed	not_detected
votu_7bc2597790b75cef4199	target_08dcf19fb5fc9c87d1a4	SID531361	CRC	0	0.0	true	true			assessed	not_detected
votu_7bc2597790b75cef4199	target_08dcf19fb5fc9c87d1a4	SID531469	CRC	0	0.0	true	true			assessed	not_detected
votu_7bc2597790b75cef4199	target_08dcf19fb5fc9c87d1a4	SID532796	control	0	0.0	true	true			assessed	not_detected
votu_7bdb4a4be0d3ac8f3ed1	target_ac9e9feff60fc5c3251d	SID31160	control		0.0012821981269753415	false	true	detection_status_not_detected_at_resolved_signal		assessed	not_detected_at_resolved_signal
votu_7bdb4a4be0d3ac8f3ed1	target_ac9e9feff60fc5c3251d	SID31512	control	0	0.0	true	true			assessed	not_detected
votu_7bdb4a4be0d3ac8f3ed1	target_ac9e9feff60fc5c3251d	SID31866	CRC		0.2382297894527045	false	true	detection_status_not_detected_at_resolved_signal		assessed	not_detected_at_resolved_signal
votu_7bdb4a4be0d3ac8f3ed1	target_ac9e9feff60fc5c3251d	SID530295	control		0.026838523939328163	false	true	detection_status_not_detected_at_resolved_signal		assessed	not_detected_at_resolved_signal
votu_7bdb4a4be0d3ac8f3ed1	target_ac9e9feff60fc5c3251d	SID530368	control		0.07326602562367265	false	true	detection_status_not_detected_at_resolved_signal		assessed	not_detected_at_resolved_signal
votu_7bdb4a4be0d3ac8f3ed1	target_ac9e9feff60fc5c3251d	SID530373	CRC		0.0012143876252033944	false	true	detection_status_not_detected_at_resolved_signal		assessed	not_detected_at_resolved_signal
votu_7bdb4a4be0d3ac8f3ed1	target_ac9e9feff60fc5c3251d	SID531248	CRC	0	0.01964023235069246	true	true			assessed	not_detected
votu_7bdb4a4be0d3ac8f3ed1	target_ac9e9feff60fc5c3251d	SID531361	CRC		0.0226931924662102	false	true	detection_status_not_detected_at_resolved_signal		assessed	not_detected_at_resolved_signal
votu_7bdb4a4be0d3ac8f3ed1	target_ac9e9feff60fc5c3251d	SID531469	CRC	1	2.849323764463292	true	true			assessed	detected
votu_7bdb4a4be0d3ac8f3ed1	target_ac9e9feff60fc5c3251d	SID532796	control		0.6837609701479952	false	true	detection_status_not_detected_at_resolved_signal		assessed	not_detected_at_resolved_signal
votu_7c5237d5ddd7c425cd90	target_9c44e9b7e86c7c177a3a	SID31160	control	1	1.1881260426899753	true	true			assessed	detected
votu_7c5237d5ddd7c425cd90	target_9c44e9b7e86c7c177a3a	SID31512	control	0	0.550322715351297	true	true			assessed	not_detected
votu_7c5237d5ddd7c425cd90	target_9c44e9b7e86c7c177a3a	SID31866	CRC	1	10.290489363117306	true	true			assessed	detected
votu_7c5237d5ddd7c425cd90	target_9c44e9b7e86c7c177a3a	SID530295	control	1	4.485213068566225	true	true			assessed	detected
votu_7c5237d5ddd7c425cd90	target_9c44e9b7e86c7c177a3a	SID530368	control	1	4.239100266415867	true	true			assessed	detected
votu_7c5237d5ddd7c425cd90	target_9c44e9b7e86c7c177a3a	SID530373	CRC	1	0.7065595109912929	true	true			assessed	detected
votu_7c5237d5ddd7c425cd90	target_9c44e9b7e86c7c177a3a	SID531248	CRC	1	0.9773222799215444	true	true			assessed	detected
votu_7c5237d5ddd7c425cd90	target_9c44e9b7e86c7c177a3a	SID531361	CRC	0	0.10233318906592262	true	true			assessed	not_detected
votu_7c5237d5ddd7c425cd90	target_9c44e9b7e86c7c177a3a	SID531469	CRC	0	0.18908029813245986	true	true			assessed	not_detected
votu_7c5237d5ddd7c425cd90	target_9c44e9b7e86c7c177a3a	SID532796	control	1	0.9371644957969596	true	true			assessed	detected
votu_7d0e344433b111d628a3	target_e9908ea86b42a024a8aa	SID31160	control	0	0.0	true	true			assessed	not_detected
votu_7d0e344433b111d628a3	target_e9908ea86b42a024a8aa	SID31512	control	0	0.0	true	true			assessed	not_detected
votu_7d0e344433b111d628a3	target_e9908ea86b42a024a8aa	SID31866	CRC		0.0	false	true	detection_status_not_resolvable		assessed	not_resolvable
votu_7d0e344433b111d628a3	target_e9908ea86b42a024a8aa	SID530295	control	0	0.0	true	true			assessed	not_detected
votu_7d0e344433b111d628a3	target_e9908ea86b42a024a8aa	SID530368	control	0	0.0	true	true			assessed	not_detected
votu_7d0e344433b111d628a3	target_e9908ea86b42a024a8aa	SID530373	CRC	0	0.0	true	true			assessed	not_detected
votu_7d0e344433b111d628a3	target_e9908ea86b42a024a8aa	SID531248	CRC	0	0.0	true	true			assessed	not_detected
votu_7d0e344433b111d628a3	target_e9908ea86b42a024a8aa	SID531361	CRC	0	0.0	true	true			assessed	not_detected
votu_7d0e344433b111d628a3	target_e9908ea86b42a024a8aa	SID531469	CRC		0.0	false	true	detection_status_not_resolvable		assessed	not_resolvable
votu_7d0e344433b111d628a3	target_e9908ea86b42a024a8aa	SID532796	control	0	0.0	true	true			assessed	not_detected
votu_7df24a417ac945ef0e67	target_04f15b677bbeadbf8eb2	SID31160	control	0	0.0	true	true			assessed	not_detected
votu_7df24a417ac945ef0e67	target_04f15b677bbeadbf8eb2	SID31512	control	0	0.0	true	true			assessed	not_detected
votu_7df24a417ac945ef0e67	target_04f15b677bbeadbf8eb2	SID31866	CRC	0	0.0	true	true			assessed	not_detected
votu_7df24a417ac945ef0e67	target_04f15b677bbeadbf8eb2	SID530295	control	0	0.0	true	true			assessed	not_detected
votu_7df24a417ac945ef0e67	target_04f15b677bbeadbf8eb2	SID530368	control	0	0.0	true	true			assessed	not_detected
votu_7df24a417ac945ef0e67	target_04f15b677bbeadbf8eb2	SID530373	CRC	0	0.0	true	true			assessed	not_detected
votu_7df24a417ac945ef0e67	target_04f15b677bbeadbf8eb2	SID531248	CRC	0	0.0	true	true			assessed	not_detected
votu_7df24a417ac945ef0e67	target_04f15b677bbeadbf8eb2	SID531361	CRC	0	0.0	true	true			assessed	not_detected
votu_7df24a417ac945ef0e67	target_04f15b677bbeadbf8eb2	SID531469	CRC	0	0.0	true	true			assessed	not_detected
votu_7df24a417ac945ef0e67	target_04f15b677bbeadbf8eb2	SID532796	control	0	0.0	true	true			assessed	not_detected
votu_7e5d591edfde25b88a26	target_f28c686b2a6d0adacb88	SID31160	control	0	0.0	true	true			assessed	not_detected
votu_7e5d591edfde25b88a26	target_f28c686b2a6d0adacb88	SID31512	control	0	0.0	true	true			assessed	not_detected
votu_7e5d591edfde25b88a26	target_f28c686b2a6d0adacb88	SID31866	CRC	0	0.0015983811245835243	true	true			assessed	not_detected
votu_7e5d591edfde25b88a26	target_f28c686b2a6d0adacb88	SID530295	control		0.08889727235843771	false	true	detection_status_not_detected_at_resolved_signal		assessed	not_detected_at_resolved_signal
votu_7e5d591edfde25b88a26	target_f28c686b2a6d0adacb88	SID530368	control	0	0.0	true	true			assessed	not_detected
votu_7e5d591edfde25b88a26	target_f28c686b2a6d0adacb88	SID530373	CRC	0	0.0	true	true			assessed	not_detected
votu_7e5d591edfde25b88a26	target_f28c686b2a6d0adacb88	SID531248	CRC	0	0.003356778287588834	true	true			assessed	not_detected
votu_7e5d591edfde25b88a26	target_f28c686b2a6d0adacb88	SID531361	CRC	0	0.0	true	true			assessed	not_detected
votu_7e5d591edfde25b88a26	target_f28c686b2a6d0adacb88	SID531469	CRC		0.4362596579936991	false	true	detection_status_not_detected_at_resolved_signal		assessed	not_detected_at_resolved_signal
votu_7e5d591edfde25b88a26	target_f28c686b2a6d0adacb88	SID532796	control	1	2.788614233725123	true	true			assessed	detected
votu_7ecfa8c56bf10e156e37	target_643d58e23ad30b336df2	SID31160	control	0	0.0	true	true			assessed	not_detected
votu_7ecfa8c56bf10e156e37	target_643d58e23ad30b336df2	SID31512	control	0	0.0	true	true			assessed	not_detected
votu_7ecfa8c56bf10e156e37	target_643d58e23ad30b336df2	SID31866	CRC	0	0.034430598100156855	true	true			assessed	not_detected
votu_7ecfa8c56bf10e156e37	target_643d58e23ad30b336df2	SID530295	control	0	0.0	true	true			assessed	not_detected
votu_7ecfa8c56bf10e156e37	target_643d58e23ad30b336df2	SID530368	control	0	0.0	true	true			assessed	not_detected
votu_7ecfa8c56bf10e156e37	target_643d58e23ad30b336df2	SID530373	CRC	0	0.0	true	true			assessed	not_detected
votu_7ecfa8c56bf10e156e37	target_643d58e23ad30b336df2	SID531248	CRC	1	117.1154165599877	true	true			assessed	detected
votu_7ecfa8c56bf10e156e37	target_643d58e23ad30b336df2	SID531361	CRC	0	3.1140021769985204	true	true			assessed	not_detected
votu_7ecfa8c56bf10e156e37	target_643d58e23ad30b336df2	SID531469	CRC	0	0.0015072067187648194	true	true			assessed	not_detected
votu_7ecfa8c56bf10e156e37	target_643d58e23ad30b336df2	SID532796	control	0	0.0	true	true			assessed	not_detected
votu_7f199cd3583c185d6ef1	target_8604130a3cb5d26855dd	SID31160	control	0	0.0	true	true			assessed	not_detected
votu_7f199cd3583c185d6ef1	target_8604130a3cb5d26855dd	SID31512	control	0	0.0	true	true			assessed	not_detected
votu_7f199cd3583c185d6ef1	target_8604130a3cb5d26855dd	SID31866	CRC	0	0.0	true	true			assessed	not_detected
votu_7f199cd3583c185d6ef1	target_8604130a3cb5d26855dd	SID530295	control	0	0.0	true	true			assessed	not_detected
votu_7f199cd3583c185d6ef1	target_8604130a3cb5d26855dd	SID530368	control	0	0.0	true	true			assessed	not_detected
votu_7f199cd3583c185d6ef1	target_8604130a3cb5d26855dd	SID530373	CRC	0	0.0	true	true			assessed	not_detected
votu_7f199cd3583c185d6ef1	target_8604130a3cb5d26855dd	SID531248	CRC	0	0.0	true	true			assessed	not_detected
votu_7f199cd3583c185d6ef1	target_8604130a3cb5d26855dd	SID531361	CRC	0	0.0	true	true			assessed	not_detected
votu_7f199cd3583c185d6ef1	target_8604130a3cb5d26855dd	SID531469	CRC	0	0.0	true	true			assessed	not_detected
votu_7f199cd3583c185d6ef1	target_8604130a3cb5d26855dd	SID532796	control	0	0.0	true	true			assessed	not_detected
votu_7f3d3479c2f29fe608a1	target_97280126edd3c64ef713	SID31160	control	0	0.0	true	true			assessed	not_detected
votu_7f3d3479c2f29fe608a1	target_97280126edd3c64ef713	SID31512	control	0	0.0	true	true			assessed	not_detected
votu_7f3d3479c2f29fe608a1	target_97280126edd3c64ef713	SID31866	CRC		0.0008458755191819203	false	true	detection_status_not_detected_at_resolved_signal		assessed	not_detected_at_resolved_signal
votu_7f3d3479c2f29fe608a1	target_97280126edd3c64ef713	SID530295	control		0.0	false	true	detection_status_not_resolvable		assessed	not_resolvable
votu_7f3d3479c2f29fe608a1	target_97280126edd3c64ef713	SID530368	control		0.0	false	true	detection_status_not_resolvable		assessed	not_resolvable
votu_7f3d3479c2f29fe608a1	target_97280126edd3c64ef713	SID530373	CRC		0.0	false	true	detection_status_not_resolvable		assessed	not_resolvable
votu_7f3d3479c2f29fe608a1	target_97280126edd3c64ef713	SID531248	CRC	0	0.0	true	true			assessed	not_detected
votu_7f3d3479c2f29fe608a1	target_97280126edd3c64ef713	SID531361	CRC	0	0.0	true	true			assessed	not_detected
votu_7f3d3479c2f29fe608a1	target_97280126edd3c64ef713	SID531469	CRC		0.0	false	true	detection_status_not_resolvable		assessed	not_resolvable
votu_7f3d3479c2f29fe608a1	target_97280126edd3c64ef713	SID532796	control		0.0	false	true	detection_status_not_resolvable		assessed	not_resolvable
votu_7fc5eab94128f04fae9a	target_0e9e7e29b5cc7532502f	SID31160	control	0	0.0	true	true			assessed	not_detected
votu_7fc5eab94128f04fae9a	target_0e9e7e29b5cc7532502f	SID31512	control	0	0.0	true	true			assessed	not_detected
votu_7fc5eab94128f04fae9a	target_0e9e7e29b5cc7532502f	SID31866	CRC		0.001041532876988958	false	true	detection_status_not_detected_at_resolved_signal		assessed	not_detected_at_resolved_signal
votu_7fc5eab94128f04fae9a	target_0e9e7e29b5cc7532502f	SID530295	control		0.0005679118164261342	false	true	detection_status_not_detected_at_resolved_signal		assessed	not_detected_at_resolved_signal
votu_7fc5eab94128f04fae9a	target_0e9e7e29b5cc7532502f	SID530368	control		0.0	false	true	detection_status_not_resolvable		assessed	not_resolvable
votu_7fc5eab94128f04fae9a	target_0e9e7e29b5cc7532502f	SID530373	CRC	0	0.0	true	true			assessed	not_detected
votu_7fc5eab94128f04fae9a	target_0e9e7e29b5cc7532502f	SID531248	CRC	0	0.0	true	true			assessed	not_detected
votu_7fc5eab94128f04fae9a	target_0e9e7e29b5cc7532502f	SID531361	CRC		0.0	false	true	detection_status_not_resolvable		assessed	not_resolvable
votu_7fc5eab94128f04fae9a	target_0e9e7e29b5cc7532502f	SID531469	CRC		0.0	false	true	detection_status_not_resolvable		assessed	not_resolvable
votu_7fc5eab94128f04fae9a	target_0e9e7e29b5cc7532502f	SID532796	control		0.0	false	true	detection_status_not_resolvable		assessed	not_resolvable
votu_7fcc473bef500343be81	target_22e474ab52a368c43892	SID31160	control	0	0.012815970408882448	true	true			assessed	not_detected
votu_7fcc473bef500343be81	target_22e474ab52a368c43892	SID31512	control	0	0.0	true	true			assessed	not_detected
votu_7fcc473bef500343be81	target_22e474ab52a368c43892	SID31866	CRC	0	0.003689846728623211	true	true			assessed	not_detected
votu_7fcc473bef500343be81	target_22e474ab52a368c43892	SID530295	control	1	14.308957577493292	true	true			assessed	detected
votu_7fcc473bef500343be81	target_22e474ab52a368c43892	SID530368	control	0	0.01494524061031609	true	true			assessed	not_detected
votu_7fcc473bef500343be81	target_22e474ab52a368c43892	SID530373	CRC	0	0.0	true	true			assessed	not_detected
votu_7fcc473bef500343be81	target_22e474ab52a368c43892	SID531248	CRC	0	0.0025830296234678053	true	true			assessed	not_detected
votu_7fcc473bef500343be81	target_22e474ab52a368c43892	SID531361	CRC	0	0.0031503547286332355	true	true			assessed	not_detected
votu_7fcc473bef500343be81	target_22e474ab52a368c43892	SID531469	CRC	0	0.0	true	true			assessed	not_detected
votu_7fcc473bef500343be81	target_22e474ab52a368c43892	SID532796	control	0	0.0	true	true			assessed	not_detected
votu_80687b7f5037bc19a7fc	target_859c2db14bc22616f23b	SID31160	control	0	0.0	true	true			assessed	not_detected
votu_80687b7f5037bc19a7fc	target_859c2db14bc22616f23b	SID31512	control	0	0.0	true	true			assessed	not_detected
votu_80687b7f5037bc19a7fc	target_859c2db14bc22616f23b	SID31866	CRC	0	0.0	true	true			assessed	not_detected
votu_80687b7f5037bc19a7fc	target_859c2db14bc22616f23b	SID530295	control	0	0.0	true	true			assessed	not_detected
votu_80687b7f5037bc19a7fc	target_859c2db14bc22616f23b	SID530368	control	0	0.0	true	true			assessed	not_detected
votu_80687b7f5037bc19a7fc	target_859c2db14bc22616f23b	SID530373	CRC	0	0.0	true	true			assessed	not_detected
votu_80687b7f5037bc19a7fc	target_859c2db14bc22616f23b	SID531248	CRC	1	6.548822308867521	true	true			assessed	detected
votu_80687b7f5037bc19a7fc	target_859c2db14bc22616f23b	SID531361	CRC	0	0.0	true	true			assessed	not_detected
votu_80687b7f5037bc19a7fc	target_859c2db14bc22616f23b	SID531469	CRC	0	0.0	true	true			assessed	not_detected
votu_80687b7f5037bc19a7fc	target_859c2db14bc22616f23b	SID532796	control	0	0.0	true	true			assessed	not_detected
votu_8084669c3fd935c18cd0	target_4e0baba92f240bc25b93	SID31160	control	1	7.782130243854694	true	true			assessed	detected
votu_8084669c3fd935c18cd0	target_4e0baba92f240bc25b93	SID31512	control	1	8.123643012997578	true	true			assessed	detected
votu_8084669c3fd935c18cd0	target_4e0baba92f240bc25b93	SID31866	CRC	0	0.02803280176343433	true	true			assessed	not_detected
votu_8084669c3fd935c18cd0	target_4e0baba92f240bc25b93	SID530295	control	0	0.0	true	true			assessed	not_detected
votu_8084669c3fd935c18cd0	target_4e0baba92f240bc25b93	SID530368	control	0	0.02999862684303875	true	true			assessed	not_detected
votu_8084669c3fd935c18cd0	target_4e0baba92f240bc25b93	SID530373	CRC	0	0.004715651607230039	true	true			assessed	not_detected
votu_8084669c3fd935c18cd0	target_4e0baba92f240bc25b93	SID531248	CRC	1	1.1205750801824965	true	true			assessed	detected
votu_8084669c3fd935c18cd0	target_4e0baba92f240bc25b93	SID531361	CRC	0	0.05058804653154245	true	true			assessed	not_detected
votu_8084669c3fd935c18cd0	target_4e0baba92f240bc25b93	SID531469	CRC	0	0.0938205708276362	true	true			assessed	not_detected
votu_8084669c3fd935c18cd0	target_4e0baba92f240bc25b93	SID532796	control	1	1.170963507577597	true	true			assessed	detected
votu_81850450a07dd26e4b87	target_bc2e234541b3cb30f307	SID31160	control	0	0.0	true	true			assessed	not_detected
votu_81850450a07dd26e4b87	target_bc2e234541b3cb30f307	SID31512	control	0	0.0	true	true			assessed	not_detected
votu_81850450a07dd26e4b87	target_bc2e234541b3cb30f307	SID31866	CRC		0.0	false	true	detection_status_not_resolvable		assessed	not_resolvable
votu_81850450a07dd26e4b87	target_bc2e234541b3cb30f307	SID530295	control	0	0.0	true	true			assessed	not_detected
votu_81850450a07dd26e4b87	target_bc2e234541b3cb30f307	SID530368	control	0	0.0	true	true			assessed	not_detected
votu_81850450a07dd26e4b87	target_bc2e234541b3cb30f307	SID530373	CRC		0.0	false	true	detection_status_not_resolvable		assessed	not_resolvable
votu_81850450a07dd26e4b87	target_bc2e234541b3cb30f307	SID531248	CRC		0.0	false	true	detection_status_not_resolvable		assessed	not_resolvable
votu_81850450a07dd26e4b87	target_bc2e234541b3cb30f307	SID531361	CRC	0	0.0	true	true			assessed	not_detected
votu_81850450a07dd26e4b87	target_bc2e234541b3cb30f307	SID531469	CRC		0.0	false	true	detection_status_not_resolvable		assessed	not_resolvable
votu_81850450a07dd26e4b87	target_bc2e234541b3cb30f307	SID532796	control	0	0.0	true	true			assessed	not_detected
votu_8287818d42b1ae4c656a	target_88364266ade794c965f9	SID31160	control	1	5.56108505667479	true	true			assessed	detected
votu_8287818d42b1ae4c656a	target_88364266ade794c965f9	SID31512	control	0	0.0	true	true			assessed	not_detected
votu_8287818d42b1ae4c656a	target_88364266ade794c965f9	SID31866	CRC	0	0.01469734753680481	true	true			assessed	not_detected
votu_8287818d42b1ae4c656a	target_88364266ade794c965f9	SID530295	control		0.4227361125279851	false	true	detection_status_not_detected_at_resolved_signal		assessed	not_detected_at_resolved_signal
votu_8287818d42b1ae4c656a	target_88364266ade794c965f9	SID530368	control	0	0.0	true	true			assessed	not_detected
votu_8287818d42b1ae4c656a	target_88364266ade794c965f9	SID530373	CRC	0	0.17450839893936204	true	true			assessed	not_detected
votu_8287818d42b1ae4c656a	target_88364266ade794c965f9	SID531248	CRC		0.15047207117704756	false	true	detection_status_not_detected_at_resolved_signal		assessed	not_detected_at_resolved_signal
votu_8287818d42b1ae4c656a	target_88364266ade794c965f9	SID531361	CRC	0	0.6023256146887029	true	true			assessed	not_detected
votu_8287818d42b1ae4c656a	target_88364266ade794c965f9	SID531469	CRC	0	0.003498376025740566	true	true			assessed	not_detected
votu_8287818d42b1ae4c656a	target_88364266ade794c965f9	SID532796	control		0.006947718899102554	false	true	detection_status_not_detected_at_resolved_signal		assessed	not_detected_at_resolved_signal
votu_840f2d2cafec397b6e7d	target_d32367e28ffd193b44b8	SID31160	control	0	0.0	true	true			assessed	not_detected
votu_840f2d2cafec397b6e7d	target_d32367e28ffd193b44b8	SID31512	control	0	0.0	true	true			assessed	not_detected
votu_840f2d2cafec397b6e7d	target_d32367e28ffd193b44b8	SID31866	CRC		0.0	false	true	detection_status_not_resolvable		assessed	not_resolvable
votu_840f2d2cafec397b6e7d	target_d32367e28ffd193b44b8	SID530295	control	0	0.0	true	true			assessed	not_detected
votu_840f2d2cafec397b6e7d	target_d32367e28ffd193b44b8	SID530368	control	0	0.0	true	true			assessed	not_detected
votu_840f2d2cafec397b6e7d	target_d32367e28ffd193b44b8	SID530373	CRC	0	0.0	true	true			assessed	not_detected
votu_840f2d2cafec397b6e7d	target_d32367e28ffd193b44b8	SID531248	CRC	0	0.0	true	true			assessed	not_detected
votu_840f2d2cafec397b6e7d	target_d32367e28ffd193b44b8	SID531361	CRC	0	0.0	true	true			assessed	not_detected
votu_840f2d2cafec397b6e7d	target_d32367e28ffd193b44b8	SID531469	CRC		0.0	false	true	detection_status_not_resolvable		assessed	not_resolvable
votu_840f2d2cafec397b6e7d	target_d32367e28ffd193b44b8	SID532796	control	0	0.0	true	true			assessed	not_detected
votu_8427b12c4c0f72108d0c	target_6be93588fe4b270ca759	SID31160	control	1	3.628400509220911	true	true			assessed	detected
votu_8427b12c4c0f72108d0c	target_6be93588fe4b270ca759	SID31512	control	0	0.125256242344627	true	true			assessed	not_detected
votu_8427b12c4c0f72108d0c	target_6be93588fe4b270ca759	SID31866	CRC	0	0.30419014135721684	true	true			assessed	not_detected
votu_8427b12c4c0f72108d0c	target_6be93588fe4b270ca759	SID530295	control	0	0.010744249521560079	true	true			assessed	not_detected
votu_8427b12c4c0f72108d0c	target_6be93588fe4b270ca759	SID530368	control	0	1.3168814894842347	true	true			assessed	not_detected
votu_8427b12c4c0f72108d0c	target_6be93588fe4b270ca759	SID530373	CRC	0	0.019750048472473702	true	true			assessed	not_detected
votu_8427b12c4c0f72108d0c	target_6be93588fe4b270ca759	SID531248	CRC	0	0.31230406417511813	true	true			assessed	not_detected
votu_8427b12c4c0f72108d0c	target_6be93588fe4b270ca759	SID531361	CRC	0	0.022080993381506063	true	true			assessed	not_detected
votu_8427b12c4c0f72108d0c	target_6be93588fe4b270ca759	SID531469	CRC	0	0.30564774465099287	true	true			assessed	not_detected
votu_8427b12c4c0f72108d0c	target_6be93588fe4b270ca759	SID532796	control	1	26.647961765280495	true	true			assessed	detected
votu_85265706401014352615	target_5b1195b568fcf6e2d9e4	SID31160	control	0	0.0	true	true			assessed	not_detected
votu_85265706401014352615	target_5b1195b568fcf6e2d9e4	SID31512	control	0	0.0	true	true			assessed	not_detected
votu_85265706401014352615	target_5b1195b568fcf6e2d9e4	SID31866	CRC	0	0.0	true	true			assessed	not_detected
votu_85265706401014352615	target_5b1195b568fcf6e2d9e4	SID530295	control	0	0.0	true	true			assessed	not_detected
votu_85265706401014352615	target_5b1195b568fcf6e2d9e4	SID530368	control	0	0.0	true	true			assessed	not_detected
votu_85265706401014352615	target_5b1195b568fcf6e2d9e4	SID530373	CRC	0	0.0	true	true			assessed	not_detected
votu_85265706401014352615	target_5b1195b568fcf6e2d9e4	SID531248	CRC	0	0.0	true	true			assessed	not_detected
votu_85265706401014352615	target_5b1195b568fcf6e2d9e4	SID531361	CRC	0	0.0	true	true			assessed	not_detected
votu_85265706401014352615	target_5b1195b568fcf6e2d9e4	SID531469	CRC	0	0.0	true	true			assessed	not_detected
votu_85265706401014352615	target_5b1195b568fcf6e2d9e4	SID532796	control	0	0.0	true	true			assessed	not_detected
votu_856ee76b46f585237836	target_1e6a40e578402d06562f	SID31160	control	0	0.0	true	true			assessed	not_detected
votu_856ee76b46f585237836	target_1e6a40e578402d06562f	SID31512	control	0	0.0	true	true			assessed	not_detected
votu_856ee76b46f585237836	target_1e6a40e578402d06562f	SID31866	CRC		0.0	false	true	detection_status_not_resolvable		assessed	not_resolvable
votu_856ee76b46f585237836	target_1e6a40e578402d06562f	SID530295	control	0	0.0	true	true			assessed	not_detected
votu_856ee76b46f585237836	target_1e6a40e578402d06562f	SID530368	control	0	0.0	true	true			assessed	not_detected
votu_856ee76b46f585237836	target_1e6a40e578402d06562f	SID530373	CRC		0.0	false	true	detection_status_not_resolvable		assessed	not_resolvable
votu_856ee76b46f585237836	target_1e6a40e578402d06562f	SID531248	CRC		0.0	false	true	detection_status_not_resolvable		assessed	not_resolvable
votu_856ee76b46f585237836	target_1e6a40e578402d06562f	SID531361	CRC	0	0.0	true	true			assessed	not_detected
votu_856ee76b46f585237836	target_1e6a40e578402d06562f	SID531469	CRC	0	0.0	true	true			assessed	not_detected
votu_856ee76b46f585237836	target_1e6a40e578402d06562f	SID532796	control		0.0007444820779727379	false	true	detection_status_not_detected_at_resolved_signal		assessed	not_detected_at_resolved_signal
votu_8620a57e3ce02ee9b5ad	target_45747f78be653c9ca557	SID31160	control	0	0.0	true	true			assessed	not_detected
votu_8620a57e3ce02ee9b5ad	target_45747f78be653c9ca557	SID31512	control	0	0.0	true	true			assessed	not_detected
votu_8620a57e3ce02ee9b5ad	target_45747f78be653c9ca557	SID31866	CRC		0.0	false	true	detection_status_not_resolvable		assessed	not_resolvable
votu_8620a57e3ce02ee9b5ad	target_45747f78be653c9ca557	SID530295	control	0	0.0	true	true			assessed	not_detected
votu_8620a57e3ce02ee9b5ad	target_45747f78be653c9ca557	SID530368	control	0	0.0	true	true			assessed	not_detected
votu_8620a57e3ce02ee9b5ad	target_45747f78be653c9ca557	SID530373	CRC	0	0.0	true	true			assessed	not_detected
votu_8620a57e3ce02ee9b5ad	target_45747f78be653c9ca557	SID531248	CRC	0	0.0	true	true			assessed	not_detected
votu_8620a57e3ce02ee9b5ad	target_45747f78be653c9ca557	SID531361	CRC	0	0.0	true	true			assessed	not_detected
votu_8620a57e3ce02ee9b5ad	target_45747f78be653c9ca557	SID531469	CRC	0	0.0	true	true			assessed	not_detected
votu_8620a57e3ce02ee9b5ad	target_45747f78be653c9ca557	SID532796	control	0	0.0	true	true			assessed	not_detected
votu_865991bf653ef1057a37	target_ea39471bfc74341b6c27	SID31160	control	0	0.0	true	true			assessed	not_detected
votu_865991bf653ef1057a37	target_ea39471bfc74341b6c27	SID31512	control	0	0.0	true	true			assessed	not_detected
votu_865991bf653ef1057a37	target_ea39471bfc74341b6c27	SID31866	CRC		0.0	false	true	detection_status_not_resolvable		assessed	not_resolvable
votu_865991bf653ef1057a37	target_ea39471bfc74341b6c27	SID530295	control	0	0.0	true	true			assessed	not_detected
votu_865991bf653ef1057a37	target_ea39471bfc74341b6c27	SID530368	control	0	0.0	true	true			assessed	not_detected
votu_865991bf653ef1057a37	target_ea39471bfc74341b6c27	SID530373	CRC	0	0.0	true	true			assessed	not_detected
votu_865991bf653ef1057a37	target_ea39471bfc74341b6c27	SID531248	CRC	0	0.0	true	true			assessed	not_detected
votu_865991bf653ef1057a37	target_ea39471bfc74341b6c27	SID531361	CRC	0	0.0	true	true			assessed	not_detected
votu_865991bf653ef1057a37	target_ea39471bfc74341b6c27	SID531469	CRC	0	0.0	true	true			assessed	not_detected
votu_865991bf653ef1057a37	target_ea39471bfc74341b6c27	SID532796	control	0	0.0	true	true			assessed	not_detected
votu_867cd38945dceebcdf37	target_688dc2464a51307ade5a	SID31160	control	0	0.0	true	true			assessed	not_detected
votu_867cd38945dceebcdf37	target_688dc2464a51307ade5a	SID31512	control	0	0.0	true	true			assessed	not_detected
votu_867cd38945dceebcdf37	target_688dc2464a51307ade5a	SID31866	CRC		0.0	false	true	detection_status_not_resolvable		assessed	not_resolvable
votu_867cd38945dceebcdf37	target_688dc2464a51307ade5a	SID530295	control		0.0	false	true	detection_status_not_resolvable		assessed	not_resolvable
votu_867cd38945dceebcdf37	target_688dc2464a51307ade5a	SID530368	control		0.0013153011503253976	false	true	detection_status_not_detected_at_resolved_signal		assessed	not_detected_at_resolved_signal
votu_867cd38945dceebcdf37	target_688dc2464a51307ade5a	SID530373	CRC	0	0.0	true	true			assessed	not_detected
votu_867cd38945dceebcdf37	target_688dc2464a51307ade5a	SID531248	CRC	0	0.0	true	true			assessed	not_detected
votu_867cd38945dceebcdf37	target_688dc2464a51307ade5a	SID531361	CRC	0	0.0	true	true			assessed	not_detected
votu_867cd38945dceebcdf37	target_688dc2464a51307ade5a	SID531469	CRC	0	0.0	true	true			assessed	not_detected
votu_867cd38945dceebcdf37	target_688dc2464a51307ade5a	SID532796	control		0.0	false	true	detection_status_not_resolvable		assessed	not_resolvable
votu_86ba0d902f940027a6e2	target_d198833fc2f884e3edcd	SID31160	control		0.001952161546051874	false	true	detection_status_not_detected_at_resolved_signal		assessed	not_detected_at_resolved_signal
votu_86ba0d902f940027a6e2	target_d198833fc2f884e3edcd	SID31512	control		0.0	false	true	detection_status_not_resolvable		assessed	not_resolvable
votu_86ba0d902f940027a6e2	target_d198833fc2f884e3edcd	SID31866	CRC		0.09217569743060536	false	true	detection_status_not_detected_at_resolved_signal		assessed	not_detected_at_resolved_signal
votu_86ba0d902f940027a6e2	target_d198833fc2f884e3edcd	SID530295	control		0.08008945048223981	false	true	detection_status_not_detected_at_resolved_signal		assessed	not_detected_at_resolved_signal
votu_86ba0d902f940027a6e2	target_d198833fc2f884e3edcd	SID530368	control	0	0.0	true	true			assessed	not_detected
votu_86ba0d902f940027a6e2	target_d198833fc2f884e3edcd	SID530373	CRC		0.011093515615323842	false	true	detection_status_not_detected_at_resolved_signal		assessed	not_detected_at_resolved_signal
votu_86ba0d902f940027a6e2	target_d198833fc2f884e3edcd	SID531248	CRC		0.003147629679139627	false	true	detection_status_not_detected_at_resolved_signal		assessed	not_detected_at_resolved_signal
votu_86ba0d902f940027a6e2	target_d198833fc2f884e3edcd	SID531361	CRC		0.015355844088773657	false	true	detection_status_not_detected_at_resolved_signal		assessed	not_detected_at_resolved_signal
votu_86ba0d902f940027a6e2	target_d198833fc2f884e3edcd	SID531469	CRC		1.0407703113858324	false	true	detection_status_not_detected_at_resolved_signal		assessed	not_detected_at_resolved_signal
votu_86ba0d902f940027a6e2	target_d198833fc2f884e3edcd	SID532796	control		0.000944676970599557	false	true	detection_status_not_detected_at_resolved_signal		assessed	not_detected_at_resolved_signal
votu_86c22d70b1b2542728c0	target_c49012765067d6986d01	SID31160	control	0	0.0	true	true			assessed	not_detected
votu_86c22d70b1b2542728c0	target_c49012765067d6986d01	SID31512	control	0	0.0	true	true			assessed	not_detected
votu_86c22d70b1b2542728c0	target_c49012765067d6986d01	SID31866	CRC		0.0	false	true	detection_status_not_resolvable		assessed	not_resolvable
votu_86c22d70b1b2542728c0	target_c49012765067d6986d01	SID530295	control	0	0.0	true	true			assessed	not_detected
votu_86c22d70b1b2542728c0	target_c49012765067d6986d01	SID530368	control	0	0.0	true	true			assessed	not_detected
votu_86c22d70b1b2542728c0	target_c49012765067d6986d01	SID530373	CRC	0	0.0	true	true			assessed	not_detected
votu_86c22d70b1b2542728c0	target_c49012765067d6986d01	SID531248	CRC	0	0.0	true	true			assessed	not_detected
votu_86c22d70b1b2542728c0	target_c49012765067d6986d01	SID531361	CRC	0	0.0	true	true			assessed	not_detected
votu_86c22d70b1b2542728c0	target_c49012765067d6986d01	SID531469	CRC	0	0.0	true	true			assessed	not_detected
votu_86c22d70b1b2542728c0	target_c49012765067d6986d01	SID532796	control	0	0.0	true	true			assessed	not_detected
votu_8722c4f3d47fe25e5a42	target_7ac8cc601fa571a7bab6	SID31160	control	1	2.685758213283214	true	true			assessed	detected
votu_8722c4f3d47fe25e5a42	target_7ac8cc601fa571a7bab6	SID31512	control	0	0.0	true	true			assessed	not_detected
votu_8722c4f3d47fe25e5a42	target_7ac8cc601fa571a7bab6	SID31866	CRC		0.42327317491455146	false	true	detection_status_not_detected_at_resolved_signal		assessed	not_detected_at_resolved_signal
votu_8722c4f3d47fe25e5a42	target_7ac8cc601fa571a7bab6	SID530295	control	0	0.0	true	true			assessed	not_detected
votu_8722c4f3d47fe25e5a42	target_7ac8cc601fa571a7bab6	SID530368	control	0	0.006798085914435832	true	true			assessed	not_detected
votu_8722c4f3d47fe25e5a42	target_7ac8cc601fa571a7bab6	SID530373	CRC	0	0.0	true	true			assessed	not_detected
votu_8722c4f3d47fe25e5a42	target_7ac8cc601fa571a7bab6	SID531248	CRC	0	0.0	true	true			assessed	not_detected
votu_8722c4f3d47fe25e5a42	target_7ac8cc601fa571a7bab6	SID531361	CRC	0	0.0008188514960184548	true	true			assessed	not_detected
votu_8722c4f3d47fe25e5a42	target_7ac8cc601fa571a7bab6	SID531469	CRC	0	0.4529217822876782	true	true			assessed	not_detected
votu_8722c4f3d47fe25e5a42	target_7ac8cc601fa571a7bab6	SID532796	control	0	0.0	true	true			assessed	not_detected
votu_884b42a82cb5d080fd92	target_7a252c273ae5ad4d61cf	SID31160	control		0.21402577949924242	false	true	detection_status_not_detected_at_resolved_signal		assessed	not_detected_at_resolved_signal
votu_884b42a82cb5d080fd92	target_7a252c273ae5ad4d61cf	SID31512	control	1	2.4054157212357103	true	true			assessed	detected
votu_884b42a82cb5d080fd92	target_7a252c273ae5ad4d61cf	SID31866	CRC	0	0.008015632347128234	true	true			assessed	not_detected
votu_884b42a82cb5d080fd92	target_7a252c273ae5ad4d61cf	SID530295	control		0.05099087922305618	false	true	detection_status_not_detected_at_resolved_signal		assessed	not_detected_at_resolved_signal
votu_884b42a82cb5d080fd92	target_7a252c273ae5ad4d61cf	SID530368	control	0	0.06899082024940156	true	true			assessed	not_detected
votu_884b42a82cb5d080fd92	target_7a252c273ae5ad4d61cf	SID530373	CRC	0	1.9825712237551103	true	true			assessed	not_detected
votu_884b42a82cb5d080fd92	target_7a252c273ae5ad4d61cf	SID531248	CRC	1	2.8659408640430115	true	true			assessed	detected
votu_884b42a82cb5d080fd92	target_7a252c273ae5ad4d61cf	SID531361	CRC		0.005132750854908119	false	true	detection_status_not_detected_at_resolved_signal		assessed	not_detected_at_resolved_signal
votu_884b42a82cb5d080fd92	target_7a252c273ae5ad4d61cf	SID531469	CRC	0	0.006783796047037444	true	true			assessed	not_detected
votu_884b42a82cb5d080fd92	target_7a252c273ae5ad4d61cf	SID532796	control	0	0.0033681276438602657	true	true			assessed	not_detected
votu_89fb0cd1c15a3937f715	target_77ea2a4d843ddc5ffd9b	SID31160	control	0	0.003816016740347072	true	true			assessed	not_detected
votu_89fb0cd1c15a3937f715	target_77ea2a4d843ddc5ffd9b	SID31512	control	0	0.005126536638295372	true	true			assessed	not_detected
votu_89fb0cd1c15a3937f715	target_77ea2a4d843ddc5ffd9b	SID31866	CRC	0	0.07324463897524908	true	true			assessed	not_detected
votu_89fb0cd1c15a3937f715	target_77ea2a4d843ddc5ffd9b	SID530295	control	0	0.021300141683049275	true	true			assessed	not_detected
votu_89fb0cd1c15a3937f715	target_77ea2a4d843ddc5ffd9b	SID530368	control	0	0.001483339056347853	true	true			assessed	not_detected
votu_89fb0cd1c15a3937f715	target_77ea2a4d843ddc5ffd9b	SID530373	CRC	0	0.0024094682454825745	true	true			assessed	not_detected
votu_89fb0cd1c15a3937f715	target_77ea2a4d843ddc5ffd9b	SID531248	CRC	0	0.002050958602325104	true	true			assessed	not_detected
votu_89fb0cd1c15a3937f715	target_77ea2a4d843ddc5ffd9b	SID531361	CRC	1	2.081183105375963	true	true			assessed	detected
votu_89fb0cd1c15a3937f715	target_77ea2a4d843ddc5ffd9b	SID531469	CRC	0	0.002479538336236171	true	true			assessed	not_detected
votu_89fb0cd1c15a3937f715	target_77ea2a4d843ddc5ffd9b	SID532796	control	0	0.0012310808810261158	true	true			assessed	not_detected
votu_89ff48702186fd7c94bf	target_4be2cebefe8dc9286fa2	SID31160	control		5.587213337398531	false	true	detection_status_not_detected_at_resolved_signal		assessed	not_detected_at_resolved_signal
votu_89ff48702186fd7c94bf	target_4be2cebefe8dc9286fa2	SID31512	control	0	0.8907078273929663	true	true			assessed	not_detected
votu_89ff48702186fd7c94bf	target_4be2cebefe8dc9286fa2	SID31866	CRC	0	0.35133346968949936	true	true			assessed	not_detected
votu_89ff48702186fd7c94bf	target_4be2cebefe8dc9286fa2	SID530295	control	1	3.692075913945294	true	true			assessed	detected
votu_89ff48702186fd7c94bf	target_4be2cebefe8dc9286fa2	SID530368	control		2.0159594157393266	false	true	detection_status_not_detected_at_resolved_signal		assessed	not_detected_at_resolved_signal
votu_89ff48702186fd7c94bf	target_4be2cebefe8dc9286fa2	SID530373	CRC		0.15760263089849844	false	true	detection_status_not_detected_at_resolved_signal		assessed	not_detected_at_resolved_signal
votu_89ff48702186fd7c94bf	target_4be2cebefe8dc9286fa2	SID531248	CRC	0	0.20961346463346223	true	true			assessed	not_detected
votu_89ff48702186fd7c94bf	target_4be2cebefe8dc9286fa2	SID531361	CRC	0	0.05908402495300491	true	true			assessed	not_detected
votu_89ff48702186fd7c94bf	target_4be2cebefe8dc9286fa2	SID531469	CRC		0.6036919445651849	false	true	detection_status_not_detected_at_resolved_signal		assessed	not_detected_at_resolved_signal
votu_89ff48702186fd7c94bf	target_4be2cebefe8dc9286fa2	SID532796	control		0.03131514143182259	false	true	detection_status_not_detected_at_resolved_signal		assessed	not_detected_at_resolved_signal
votu_8a34ab43b18e0ab11760	target_2dc16f7b6d4587213855	SID31160	control		0.422746824559497	false	true	detection_status_not_detected_at_resolved_signal		assessed	not_detected_at_resolved_signal
votu_8a34ab43b18e0ab11760	target_2dc16f7b6d4587213855	SID31512	control		0.008807171729611872	false	true	detection_status_not_detected_at_resolved_signal		assessed	not_detected_at_resolved_signal
votu_8a34ab43b18e0ab11760	target_2dc16f7b6d4587213855	SID31866	CRC		0.2946737265345187	false	true	detection_status_not_detected_at_resolved_signal		assessed	not_detected_at_resolved_signal
votu_8a34ab43b18e0ab11760	target_2dc16f7b6d4587213855	SID530295	control		0.05921370129372028	false	true	detection_status_not_detected_at_resolved_signal		assessed	not_detected_at_resolved_signal
votu_8a34ab43b18e0ab11760	target_2dc16f7b6d4587213855	SID530368	control	0	0.0	true	true			assessed	not_detected
votu_8a34ab43b18e0ab11760	target_2dc16f7b6d4587213855	SID530373	CRC		0.18137939931875444	false	true	detection_status_not_detected_at_resolved_signal		assessed	not_detected_at_resolved_signal
votu_8a34ab43b18e0ab11760	target_2dc16f7b6d4587213855	SID531248	CRC		0.04420340198058194	false	true	detection_status_not_detected_at_resolved_signal		assessed	not_detected_at_resolved_signal
votu_8a34ab43b18e0ab11760	target_2dc16f7b6d4587213855	SID531361	CRC	1	13.757727547747695	true	true			assessed	detected
votu_8a34ab43b18e0ab11760	target_2dc16f7b6d4587213855	SID531469	CRC		0.011617476322350408	false	true	detection_status_not_detected_at_resolved_signal		assessed	not_detected_at_resolved_signal
votu_8a34ab43b18e0ab11760	target_2dc16f7b6d4587213855	SID532796	control		0.003076282984286838	false	true	detection_status_not_detected_at_resolved_signal		assessed	not_detected_at_resolved_signal
votu_8aeba5a3489f1cd92f20	target_c827e23f2b9ed0b86d4b	SID31160	control	0	0.0	true	true			assessed	not_detected
votu_8aeba5a3489f1cd92f20	target_c827e23f2b9ed0b86d4b	SID31512	control		0.0	false	true	detection_status_not_resolvable		assessed	not_resolvable
votu_8aeba5a3489f1cd92f20	target_c827e23f2b9ed0b86d4b	SID31866	CRC		0.00035588380543105435	false	true	detection_status_not_detected_at_resolved_signal		assessed	not_detected_at_resolved_signal
votu_8aeba5a3489f1cd92f20	target_c827e23f2b9ed0b86d4b	SID530295	control		0.0	false	true	detection_status_not_resolvable		assessed	not_resolvable
votu_8aeba5a3489f1cd92f20	target_c827e23f2b9ed0b86d4b	SID530368	control		0.06432518438027303	false	true	detection_status_not_detected_at_resolved_signal		assessed	not_detected_at_resolved_signal
votu_8aeba5a3489f1cd92f20	target_c827e23f2b9ed0b86d4b	SID530373	CRC		0.00043902055849987984	false	true	detection_status_not_detected_at_resolved_signal		assessed	not_detected_at_resolved_signal
votu_8aeba5a3489f1cd92f20	target_c827e23f2b9ed0b86d4b	SID531248	CRC		0.0007473956070938492	false	true	detection_status_not_detected_at_resolved_signal		assessed	not_detected_at_resolved_signal
votu_8aeba5a3489f1cd92f20	target_c827e23f2b9ed0b86d4b	SID531361	CRC	0	0.00045577512227806675	true	true			assessed	not_detected
votu_8aeba5a3489f1cd92f20	target_c827e23f2b9ed0b86d4b	SID531469	CRC	1	3.4046726962845106	true	true			assessed	detected
votu_8aeba5a3489f1cd92f20	target_c827e23f2b9ed0b86d4b	SID532796	control		0.0	false	true	detection_status_not_resolvable		assessed	not_resolvable
votu_8ba82b16c98d9167654b	target_b66b69cb300c0282925b	SID31160	control	1	2.248417391338256	true	true			assessed	detected
votu_8ba82b16c98d9167654b	target_b66b69cb300c0282925b	SID31512	control	0	0.0	true	true			assessed	not_detected
votu_8ba82b16c98d9167654b	target_b66b69cb300c0282925b	SID31866	CRC	0	0.002657124563888964	true	true			assessed	not_detected
votu_8ba82b16c98d9167654b	target_b66b69cb300c0282925b	SID530295	control	0	0.0	true	true			assessed	not_detected
votu_8ba82b16c98d9167654b	target_b66b69cb300c0282925b	SID530368	control	1	2.5426016019278315	true	true			assessed	detected
votu_8ba82b16c98d9167654b	target_b66b69cb300c0282925b	SID530373	CRC	0	0.0010926153351553914	true	true			assessed	not_detected
votu_8ba82b16c98d9167654b	target_b66b69cb300c0282925b	SID531248	CRC	0	0.0	true	true			assessed	not_detected
votu_8ba82b16c98d9167654b	target_b66b69cb300c0282925b	SID531361	CRC	0	0.0	true	true			assessed	not_detected
votu_8ba82b16c98d9167654b	target_b66b69cb300c0282925b	SID531469	CRC	0	0.0022487796760606187	true	true			assessed	not_detected
votu_8ba82b16c98d9167654b	target_b66b69cb300c0282925b	SID532796	control	0	0.0	true	true			assessed	not_detected
votu_8be18822f99b07c4e3d5	target_6b90fcf9086c43497023	SID31160	control	0	0.0	true	true			assessed	not_detected
votu_8be18822f99b07c4e3d5	target_6b90fcf9086c43497023	SID31512	control	0	0.0	true	true			assessed	not_detected
votu_8be18822f99b07c4e3d5	target_6b90fcf9086c43497023	SID31866	CRC	1	1.9096706032982156	true	true			assessed	detected
votu_8be18822f99b07c4e3d5	target_6b90fcf9086c43497023	SID530295	control	0	0.0	true	true			assessed	not_detected
votu_8be18822f99b07c4e3d5	target_6b90fcf9086c43497023	SID530368	control	0	0.0	true	true			assessed	not_detected
votu_8be18822f99b07c4e3d5	target_6b90fcf9086c43497023	SID530373	CRC	0	0.0	true	true			assessed	not_detected
votu_8be18822f99b07c4e3d5	target_6b90fcf9086c43497023	SID531248	CRC	0	0.0	true	true			assessed	not_detected
votu_8be18822f99b07c4e3d5	target_6b90fcf9086c43497023	SID531361	CRC	0	0.003138178199921926	true	true			assessed	not_detected
votu_8be18822f99b07c4e3d5	target_6b90fcf9086c43497023	SID531469	CRC	0	0.0	true	true			assessed	not_detected
votu_8be18822f99b07c4e3d5	target_6b90fcf9086c43497023	SID532796	control	0	0.0	true	true			assessed	not_detected
votu_8d1bb426de744c365f45	target_19309f451c911703cdfe	SID31160	control	0	0.0	true	true			assessed	not_detected
votu_8d1bb426de744c365f45	target_19309f451c911703cdfe	SID31512	control	0	0.014288047799475147	true	true			assessed	not_detected
votu_8d1bb426de744c365f45	target_19309f451c911703cdfe	SID31866	CRC	1	5.316152343583783	true	true			assessed	detected
votu_8d1bb426de744c365f45	target_19309f451c911703cdfe	SID530295	control	0	0.0	true	true			assessed	not_detected
votu_8d1bb426de744c365f45	target_19309f451c911703cdfe	SID530368	control	0	0.0	true	true			assessed	not_detected
votu_8d1bb426de744c365f45	target_19309f451c911703cdfe	SID530373	CRC	0	0.0	true	true			assessed	not_detected
votu_8d1bb426de744c365f45	target_19309f451c911703cdfe	SID531248	CRC	0	0.0	true	true			assessed	not_detected
votu_8d1bb426de744c365f45	target_19309f451c911703cdfe	SID531361	CRC	0	0.007967604006473466	true	true			assessed	not_detected
votu_8d1bb426de744c365f45	target_19309f451c911703cdfe	SID531469	CRC	0	0.0	true	true			assessed	not_detected
votu_8d1bb426de744c365f45	target_19309f451c911703cdfe	SID532796	control	0	0.0	true	true			assessed	not_detected
votu_8d60f732ea3378fbfd36	target_68cc7ad2d196776a874e	SID31160	control	0	0.0	true	true			assessed	not_detected
votu_8d60f732ea3378fbfd36	target_68cc7ad2d196776a874e	SID31512	control	0	0.0	true	true			assessed	not_detected
votu_8d60f732ea3378fbfd36	target_68cc7ad2d196776a874e	SID31866	CRC	1	65.74327783991407	true	true			assessed	detected
votu_8d60f732ea3378fbfd36	target_68cc7ad2d196776a874e	SID530295	control	0	0.009025285921385066	true	true			assessed	not_detected
votu_8d60f732ea3378fbfd36	target_68cc7ad2d196776a874e	SID530368	control		2.252614679055487	false	true	detection_status_not_detected_at_resolved_signal		assessed	not_detected_at_resolved_signal
votu_8d60f732ea3378fbfd36	target_68cc7ad2d196776a874e	SID530373	CRC	0	4.228728265409519	true	true			assessed	not_detected
votu_8d60f732ea3378fbfd36	target_68cc7ad2d196776a874e	SID531248	CRC	0	0.17902042828239245	true	true			assessed	not_detected
votu_8d60f732ea3378fbfd36	target_68cc7ad2d196776a874e	SID531361	CRC	0	0.052995067147687105	true	true			assessed	not_detected
votu_8d60f732ea3378fbfd36	target_68cc7ad2d196776a874e	SID531469	CRC	0	0.004202515226530307	true	true			assessed	not_detected
votu_8d60f732ea3378fbfd36	target_68cc7ad2d196776a874e	SID532796	control	0	2.4078579577019816	true	true			assessed	not_detected
votu_8dc86f1ad09d54a814f4	target_b5dfb1059048f5d96f9d	SID31160	control	0	0.0009325805151656493	true	true			assessed	not_detected
votu_8dc86f1ad09d54a814f4	target_b5dfb1059048f5d96f9d	SID31512	control	0	0.0	true	true			assessed	not_detected
votu_8dc86f1ad09d54a814f4	target_b5dfb1059048f5d96f9d	SID31866	CRC		0.0007159981498660534	false	true	detection_status_not_detected_at_resolved_signal		assessed	not_detected_at_resolved_signal
votu_8dc86f1ad09d54a814f4	target_b5dfb1059048f5d96f9d	SID530295	control		0.0	false	true	detection_status_not_resolvable		assessed	not_resolvable
votu_8dc86f1ad09d54a814f4	target_b5dfb1059048f5d96f9d	SID530368	control	0	0.0	true	true			assessed	not_detected
votu_8dc86f1ad09d54a814f4	target_b5dfb1059048f5d96f9d	SID530373	CRC	0	0.0	true	true			assessed	not_detected
votu_8dc86f1ad09d54a814f4	target_b5dfb1059048f5d96f9d	SID531248	CRC	0	0.006014703268096684	true	true			assessed	not_detected
votu_8dc86f1ad09d54a814f4	target_b5dfb1059048f5d96f9d	SID531361	CRC	0	0.004584841166217256	true	true			assessed	not_detected
votu_8dc86f1ad09d54a814f4	target_b5dfb1059048f5d96f9d	SID531469	CRC	1	3.9902735800889286	true	true			assessed	detected
votu_8dc86f1ad09d54a814f4	target_b5dfb1059048f5d96f9d	SID532796	control		0.059570033317629625	false	true	detection_status_not_detected_at_resolved_signal		assessed	not_detected_at_resolved_signal
votu_8e06fa5b7f19cc06ca82	target_3df12947778aa5dd94fa	SID31160	control		0.0	false	true	detection_status_not_resolvable		assessed	not_resolvable
votu_8e06fa5b7f19cc06ca82	target_3df12947778aa5dd94fa	SID31512	control	0	0.0011459015256275497	true	true			assessed	not_detected
votu_8e06fa5b7f19cc06ca82	target_3df12947778aa5dd94fa	SID31866	CRC		0.007858511846190335	false	true	detection_status_not_detected_at_resolved_signal		assessed	not_detected_at_resolved_signal
votu_8e06fa5b7f19cc06ca82	target_3df12947778aa5dd94fa	SID530295	control	1	4.439233500601643	true	true			assessed	detected
votu_8e06fa5b7f19cc06ca82	target_3df12947778aa5dd94fa	SID530368	control	0	0.001326244681444136	true	true			assessed	not_detected
votu_8e06fa5b7f19cc06ca82	target_3df12947778aa5dd94fa	SID530373	CRC		0.050625845892825275	false	true	detection_status_not_detected_at_resolved_signal		assessed	not_detected_at_resolved_signal
votu_8e06fa5b7f19cc06ca82	target_3df12947778aa5dd94fa	SID531248	CRC	0	0.0	true	true			assessed	not_detected
votu_8e06fa5b7f19cc06ca82	target_3df12947778aa5dd94fa	SID531361	CRC	0	0.0	true	true			assessed	not_detected
votu_8e06fa5b7f19cc06ca82	target_3df12947778aa5dd94fa	SID531469	CRC		0.011084702842540454	false	true	detection_status_not_detected_at_resolved_signal		assessed	not_detected_at_resolved_signal
votu_8e06fa5b7f19cc06ca82	target_3df12947778aa5dd94fa	SID532796	control	0	0.0	true	true			assessed	not_detected
votu_8e75cfe1ff8b48f6df19	target_d98616dcb71fadc7f808	SID31160	control	0	0.0	true	true			assessed	not_detected
votu_8e75cfe1ff8b48f6df19	target_d98616dcb71fadc7f808	SID31512	control	0	0.0	true	true			assessed	not_detected
votu_8e75cfe1ff8b48f6df19	target_d98616dcb71fadc7f808	SID31866	CRC	1	63.05742249658828	true	true			assessed	detected
votu_8e75cfe1ff8b48f6df19	target_d98616dcb71fadc7f808	SID530295	control	0	0.0007282997082364531	true	true			assessed	not_detected
votu_8e75cfe1ff8b48f6df19	target_d98616dcb71fadc7f808	SID530368	control	0	0.9890145639202538	true	true			assessed	not_detected
votu_8e75cfe1ff8b48f6df19	target_d98616dcb71fadc7f808	SID530373	CRC	0	1.704548416061643	true	true			assessed	not_detected
votu_8e75cfe1ff8b48f6df19	target_d98616dcb71fadc7f808	SID531248	CRC	0	0.050491356030008254	true	true			assessed	not_detected
votu_8e75cfe1ff8b48f6df19	target_d98616dcb71fadc7f808	SID531361	CRC	0	0.03763286526818814	true	true			assessed	not_detected
votu_8e75cfe1ff8b48f6df19	target_d98616dcb71fadc7f808	SID531469	CRC	0	0.001695619750998185	true	true			assessed	not_detected
votu_8e75cfe1ff8b48f6df19	target_d98616dcb71fadc7f808	SID532796	control	0	0.05219584292735405	true	true			assessed	not_detected
votu_8e8fb45962905461a0dd	target_55f06cd5a4c2e8847ff7	SID31160	control	0	0.01281953549364092	true	true			assessed	not_detected
votu_8e8fb45962905461a0dd	target_55f06cd5a4c2e8847ff7	SID31512	control	0	0.0	true	true			assessed	not_detected
votu_8e8fb45962905461a0dd	target_55f06cd5a4c2e8847ff7	SID31866	CRC	0	0.0	true	true			assessed	not_detected
votu_8e8fb45962905461a0dd	target_55f06cd5a4c2e8847ff7	SID530295	control		0.099283596746506	false	true	detection_status_not_detected_at_resolved_signal		assessed	not_detected_at_resolved_signal
votu_8e8fb45962905461a0dd	target_55f06cd5a4c2e8847ff7	SID530368	control	0	0.0	true	true			assessed	not_detected
votu_8e8fb45962905461a0dd	target_55f06cd5a4c2e8847ff7	SID530373	CRC	0	0.0	true	true			assessed	not_detected
votu_8e8fb45962905461a0dd	target_55f06cd5a4c2e8847ff7	SID531248	CRC	0	0.0	true	true			assessed	not_detected
votu_8e8fb45962905461a0dd	target_55f06cd5a4c2e8847ff7	SID531361	CRC	0	0.0	true	true			assessed	not_detected
votu_8e8fb45962905461a0dd	target_55f06cd5a4c2e8847ff7	SID531469	CRC	1	0.6059905376976011	true	true			assessed	detected
votu_8e8fb45962905461a0dd	target_55f06cd5a4c2e8847ff7	SID532796	control	1	2.9063603420613684	true	true			assessed	detected
votu_8eb942f264560b19dbdf	target_b0a051f6f6050a4fdf84	SID31160	control	0	0.0	true	true			assessed	not_detected
votu_8eb942f264560b19dbdf	target_b0a051f6f6050a4fdf84	SID31512	control	0	0.0	true	true			assessed	not_detected
votu_8eb942f264560b19dbdf	target_b0a051f6f6050a4fdf84	SID31866	CRC	0	0.004817242937168693	true	true			assessed	not_detected
votu_8eb942f264560b19dbdf	target_b0a051f6f6050a4fdf84	SID530295	control	0	0.004502872773207894	true	true			assessed	not_detected
votu_8eb942f264560b19dbdf	target_b0a051f6f6050a4fdf84	SID530368	control	1	40.499833271923585	true	true			assessed	detected
votu_8eb942f264560b19dbdf	target_b0a051f6f6050a4fdf84	SID530373	CRC	0	0.0	true	true			assessed	not_detected
votu_8eb942f264560b19dbdf	target_b0a051f6f6050a4fdf84	SID531248	CRC	0	0.0	true	true			assessed	not_detected
votu_8eb942f264560b19dbdf	target_b0a051f6f6050a4fdf84	SID531361	CRC	0	0.028202842198653717	true	true			assessed	not_detected
votu_8eb942f264560b19dbdf	target_b0a051f6f6050a4fdf84	SID531469	CRC	0	0.001747256869696198	true	true			assessed	not_detected
votu_8eb942f264560b19dbdf	target_b0a051f6f6050a4fdf84	SID532796	control	0	0.0	true	true			assessed	not_detected
votu_8f261682c678262feca3	target_c9aa400177f32c88ef1b	SID31160	control	1	2.1164451077616095	true	true			assessed	detected
votu_8f261682c678262feca3	target_c9aa400177f32c88ef1b	SID31512	control	0	0.0012470560003882874	true	true			assessed	not_detected
votu_8f261682c678262feca3	target_c9aa400177f32c88ef1b	SID31866	CRC	0	0.07411925820013954	true	true			assessed	not_detected
votu_8f261682c678262feca3	target_c9aa400177f32c88ef1b	SID530295	control	1	0.5927484234726295	true	true			assessed	detected
votu_8f261682c678262feca3	target_c9aa400177f32c88ef1b	SID530368	control	0	0.0	true	true			assessed	not_detected
votu_8f261682c678262feca3	target_c9aa400177f32c88ef1b	SID530373	CRC	0	0.0011722307067225767	true	true			assessed	not_detected
votu_8f261682c678262feca3	target_c9aa400177f32c88ef1b	SID531248	CRC	0	0.29734801593597027	true	true			assessed	not_detected
votu_8f261682c678262feca3	target_c9aa400177f32c88ef1b	SID531361	CRC	1	4.754690617900352	true	true			assessed	detected
votu_8f261682c678262feca3	target_c9aa400177f32c88ef1b	SID531469	CRC	1	0.6550320399751905	true	true			assessed	detected
votu_8f261682c678262feca3	target_c9aa400177f32c88ef1b	SID532796	control	1	0.9870421082797094	true	true			assessed	detected
votu_8f8c96516cdbb779e67b	target_6343a063df25b5eb4fab	SID31160	control	0	0.0	true	true			assessed	not_detected
votu_8f8c96516cdbb779e67b	target_6343a063df25b5eb4fab	SID31512	control	0	0.0	true	true			assessed	not_detected
votu_8f8c96516cdbb779e67b	target_6343a063df25b5eb4fab	SID31866	CRC		0.0	false	true	detection_status_not_resolvable		assessed	not_resolvable
votu_8f8c96516cdbb779e67b	target_6343a063df25b5eb4fab	SID530295	control	0	0.0	true	true			assessed	not_detected
votu_8f8c96516cdbb779e67b	target_6343a063df25b5eb4fab	SID530368	control	0	0.0	true	true			assessed	not_detected
votu_8f8c96516cdbb779e67b	target_6343a063df25b5eb4fab	SID530373	CRC	0	0.0	true	true			assessed	not_detected
votu_8f8c96516cdbb779e67b	target_6343a063df25b5eb4fab	SID531248	CRC	0	0.0	true	true			assessed	not_detected
votu_8f8c96516cdbb779e67b	target_6343a063df25b5eb4fab	SID531361	CRC	0	0.0	true	true			assessed	not_detected
votu_8f8c96516cdbb779e67b	target_6343a063df25b5eb4fab	SID531469	CRC		0.0	false	true	detection_status_not_resolvable		assessed	not_resolvable
votu_8f8c96516cdbb779e67b	target_6343a063df25b5eb4fab	SID532796	control	0	0.0	true	true			assessed	not_detected
votu_8fe7e52a98c27c10d774	target_4748aaaed3098bda5d6d	SID31160	control	0	0.002302180862393167	true	true			assessed	not_detected
votu_8fe7e52a98c27c10d774	target_4748aaaed3098bda5d6d	SID31512	control	0	0.0023196074615426565	true	true			assessed	not_detected
votu_8fe7e52a98c27c10d774	target_4748aaaed3098bda5d6d	SID31866	CRC	0	0.01590770437718161	true	true			assessed	not_detected
votu_8fe7e52a98c27c10d774	target_4748aaaed3098bda5d6d	SID530295	control	0	0.22166685513359505	true	true			assessed	not_detected
votu_8fe7e52a98c27c10d774	target_4748aaaed3098bda5d6d	SID530368	control	1	6.322397048702129	true	true			assessed	detected
votu_8fe7e52a98c27c10d774	target_4748aaaed3098bda5d6d	SID530373	CRC	0	0.0010902137085730226	true	true			assessed	not_detected
votu_8fe7e52a98c27c10d774	target_4748aaaed3098bda5d6d	SID531248	CRC	0	0.0027839958316480317	true	true			assessed	not_detected
votu_8fe7e52a98c27c10d774	target_4748aaaed3098bda5d6d	SID531361	CRC	0	0.0	true	true			assessed	not_detected
votu_8fe7e52a98c27c10d774	target_4748aaaed3098bda5d6d	SID531469	CRC	0	0.0	true	true			assessed	not_detected
votu_8fe7e52a98c27c10d774	target_4748aaaed3098bda5d6d	SID532796	control	0	0.0011140559792586252	true	true			assessed	not_detected
votu_91ed2f48b544a8322403	target_9e23a085bbcb6515cb5f	SID31160	control	0	0.004293699437277457	true	true			assessed	not_detected
votu_91ed2f48b544a8322403	target_9e23a085bbcb6515cb5f	SID31512	control	0	0.039801049612665174	true	true			assessed	not_detected
votu_91ed2f48b544a8322403	target_9e23a085bbcb6515cb5f	SID31866	CRC	0	0.017801268991962296	true	true			assessed	not_detected
votu_91ed2f48b544a8322403	target_9e23a085bbcb6515cb5f	SID530295	control	0	0.010065912516686364	true	true			assessed	not_detected
votu_91ed2f48b544a8322403	target_9e23a085bbcb6515cb5f	SID530368	control	0	0.028039552780372085	true	true			assessed	not_detected
votu_91ed2f48b544a8322403	target_9e23a085bbcb6515cb5f	SID530373	CRC	0	0.10491885467188662	true	true			assessed	not_detected
votu_91ed2f48b544a8322403	target_9e23a085bbcb6515cb5f	SID531248	CRC	0	0.014538473621594977	true	true			assessed	not_detected
votu_91ed2f48b544a8322403	target_9e23a085bbcb6515cb5f	SID531361	CRC	0	0.11821092747002368	true	true			assessed	not_detected
votu_91ed2f48b544a8322403	target_9e23a085bbcb6515cb5f	SID531469	CRC	0	0.002510930578945297	true	true			assessed	not_detected
votu_91ed2f48b544a8322403	target_9e23a085bbcb6515cb5f	SID532796	control	1	5.762926004541203	true	true			assessed	detected
votu_92577a2e4b5f946b269a	target_ededd9e33fb4d6a37294	SID31160	control	0	0.0	true	true			assessed	not_detected
votu_92577a2e4b5f946b269a	target_ededd9e33fb4d6a37294	SID31512	control	0	0.0	true	true			assessed	not_detected
votu_92577a2e4b5f946b269a	target_ededd9e33fb4d6a37294	SID31866	CRC	0	0.0	true	true			assessed	not_detected
votu_92577a2e4b5f946b269a	target_ededd9e33fb4d6a37294	SID530295	control	0	0.0	true	true			assessed	not_detected
votu_92577a2e4b5f946b269a	target_ededd9e33fb4d6a37294	SID530368	control	0	0.0	true	true			assessed	not_detected
votu_92577a2e4b5f946b269a	target_ededd9e33fb4d6a37294	SID530373	CRC	0	0.023376583243988617	true	true			assessed	not_detected
votu_92577a2e4b5f946b269a	target_ededd9e33fb4d6a37294	SID531248	CRC	0	0.0	true	true			assessed	not_detected
votu_92577a2e4b5f946b269a	target_ededd9e33fb4d6a37294	SID531361	CRC	0	0.0	true	true			assessed	not_detected
votu_92577a2e4b5f946b269a	target_ededd9e33fb4d6a37294	SID531469	CRC	0	0.0	true	true			assessed	not_detected
votu_92577a2e4b5f946b269a	target_ededd9e33fb4d6a37294	SID532796	control	1	2.64889315722088	true	true			assessed	detected
votu_928d5b4b6e0e221be800	target_952938a499e52614d2db	SID31160	control	0	0.0	true	true			assessed	not_detected
votu_928d5b4b6e0e221be800	target_952938a499e52614d2db	SID31512	control		2.385469624775598	false	true	detection_status_not_detected_at_resolved_signal		assessed	not_detected_at_resolved_signal
votu_928d5b4b6e0e221be800	target_952938a499e52614d2db	SID31866	CRC		0.3865884513860746	false	true	detection_status_not_detected_at_resolved_signal		assessed	not_detected_at_resolved_signal
votu_928d5b4b6e0e221be800	target_952938a499e52614d2db	SID530295	control	0	0.0	true	true			assessed	not_detected
votu_928d5b4b6e0e221be800	target_952938a499e52614d2db	SID530368	control		0.24503669090330846	false	true	detection_status_not_detected_at_resolved_signal		assessed	not_detected_at_resolved_signal
votu_928d5b4b6e0e221be800	target_952938a499e52614d2db	SID530373	CRC	1	1.6865681470022484	true	true			assessed	detected
votu_928d5b4b6e0e221be800	target_952938a499e52614d2db	SID531248	CRC		2.2389118706003375	false	true	detection_status_not_detected_at_resolved_signal		assessed	not_detected_at_resolved_signal
votu_928d5b4b6e0e221be800	target_952938a499e52614d2db	SID531361	CRC	0	0.002856335237894502	true	true			assessed	not_detected
votu_928d5b4b6e0e221be800	target_952938a499e52614d2db	SID531469	CRC	0	0.011325386470286415	true	true			assessed	not_detected
votu_928d5b4b6e0e221be800	target_952938a499e52614d2db	SID532796	control		3.9604727783724036	false	true	detection_status_not_detected_at_resolved_signal		assessed	not_detected_at_resolved_signal
votu_9293f106a5b400a1c040	target_c7575e83f14d343a625e	SID31160	control	0	0.0	true	true			assessed	not_detected
votu_9293f106a5b400a1c040	target_c7575e83f14d343a625e	SID31512	control	0	0.0	true	true			assessed	not_detected
votu_9293f106a5b400a1c040	target_c7575e83f14d343a625e	SID31866	CRC		0.0	false	true	detection_status_not_resolvable		assessed	not_resolvable
votu_9293f106a5b400a1c040	target_c7575e83f14d343a625e	SID530295	control	0	0.0	true	true			assessed	not_detected
votu_9293f106a5b400a1c040	target_c7575e83f14d343a625e	SID530368	control	0	0.0	true	true			assessed	not_detected
votu_9293f106a5b400a1c040	target_c7575e83f14d343a625e	SID530373	CRC		0.0	false	true	detection_status_not_resolvable		assessed	not_resolvable
votu_9293f106a5b400a1c040	target_c7575e83f14d343a625e	SID531248	CRC		0.0	false	true	detection_status_not_resolvable		assessed	not_resolvable
votu_9293f106a5b400a1c040	target_c7575e83f14d343a625e	SID531361	CRC	0	0.0	true	true			assessed	not_detected
votu_9293f106a5b400a1c040	target_c7575e83f14d343a625e	SID531469	CRC		0.0	false	true	detection_status_not_resolvable		assessed	not_resolvable
votu_9293f106a5b400a1c040	target_c7575e83f14d343a625e	SID532796	control	0	0.0	true	true			assessed	not_detected
votu_92f3be01ec4fb6bd554d	target_8252fa08d261a1e907ad	SID31160	control	0	0.0	true	true			assessed	not_detected
votu_92f3be01ec4fb6bd554d	target_8252fa08d261a1e907ad	SID31512	control	0	0.0016240590195727067	true	true			assessed	not_detected
votu_92f3be01ec4fb6bd554d	target_8252fa08d261a1e907ad	SID31866	CRC	0	0.0	true	true			assessed	not_detected
votu_92f3be01ec4fb6bd554d	target_8252fa08d261a1e907ad	SID530295	control	0	0.0	true	true			assessed	not_detected
votu_92f3be01ec4fb6bd554d	target_8252fa08d261a1e907ad	SID530368	control	0	0.005638965274647235	true	true			assessed	not_detected
votu_92f3be01ec4fb6bd554d	target_8252fa08d261a1e907ad	SID530373	CRC		0.0030532259203758685	false	true	detection_status_not_detected_at_resolved_signal		assessed	not_detected_at_resolved_signal
votu_92f3be01ec4fb6bd554d	target_8252fa08d261a1e907ad	SID531248	CRC	1	11.148111408205448	true	true			assessed	detected
votu_92f3be01ec4fb6bd554d	target_8252fa08d261a1e907ad	SID531361	CRC	0	0.0	true	true			assessed	not_detected
votu_92f3be01ec4fb6bd554d	target_8252fa08d261a1e907ad	SID531469	CRC	0	0.0	true	true			assessed	not_detected
votu_92f3be01ec4fb6bd554d	target_8252fa08d261a1e907ad	SID532796	control		1.0061993556808866	false	true	detection_status_not_detected_at_resolved_signal		assessed	not_detected_at_resolved_signal
votu_93f61d0c77422deaf088	target_80dca78a87d7ebeb1071	SID31160	control	0	0.0	true	true			assessed	not_detected
votu_93f61d0c77422deaf088	target_80dca78a87d7ebeb1071	SID31512	control	0	0.16906696653851774	true	true			assessed	not_detected
votu_93f61d0c77422deaf088	target_80dca78a87d7ebeb1071	SID31866	CRC	1	1.731531677796115	true	true			assessed	detected
votu_93f61d0c77422deaf088	target_80dca78a87d7ebeb1071	SID530295	control	0	0.0	true	true			assessed	not_detected
votu_93f61d0c77422deaf088	target_80dca78a87d7ebeb1071	SID530368	control	0	0.0	true	true			assessed	not_detected
votu_93f61d0c77422deaf088	target_80dca78a87d7ebeb1071	SID530373	CRC	0	0.0	true	true			assessed	not_detected
votu_93f61d0c77422deaf088	target_80dca78a87d7ebeb1071	SID531248	CRC	0	0.0	true	true			assessed	not_detected
votu_93f61d0c77422deaf088	target_80dca78a87d7ebeb1071	SID531361	CRC	0	0.002796402259562971	true	true			assessed	not_detected
votu_93f61d0c77422deaf088	target_80dca78a87d7ebeb1071	SID531469	CRC	0	0.0	true	true			assessed	not_detected
votu_93f61d0c77422deaf088	target_80dca78a87d7ebeb1071	SID532796	control	1	0.503709742689412	true	true			assessed	detected
votu_944648da645554b9f9fb	target_c1db4d3ad3a6ef3e7a9b	SID31160	control		0.012244260715166468	false	true	detection_status_not_detected_at_resolved_signal		assessed	not_detected_at_resolved_signal
votu_944648da645554b9f9fb	target_c1db4d3ad3a6ef3e7a9b	SID31512	control	0	0.0	true	true			assessed	not_detected
votu_944648da645554b9f9fb	target_c1db4d3ad3a6ef3e7a9b	SID31866	CRC		0.0	false	true	detection_status_not_resolvable		assessed	not_resolvable
votu_944648da645554b9f9fb	target_c1db4d3ad3a6ef3e7a9b	SID530295	control		3.663275480684774	false	true	detection_status_not_detected_at_resolved_signal		assessed	not_detected_at_resolved_signal
votu_944648da645554b9f9fb	target_c1db4d3ad3a6ef3e7a9b	SID530368	control		0.0027197230396786122	false	true	detection_status_not_detected_at_resolved_signal		assessed	not_detected_at_resolved_signal
votu_944648da645554b9f9fb	target_c1db4d3ad3a6ef3e7a9b	SID530373	CRC		0.0800725152420961	false	true	detection_status_not_detected_at_resolved_signal		assessed	not_detected_at_resolved_signal
votu_944648da645554b9f9fb	target_c1db4d3ad3a6ef3e7a9b	SID531248	CRC		0.0	false	true	detection_status_not_resolvable		assessed	not_resolvable
votu_944648da645554b9f9fb	target_c1db4d3ad3a6ef3e7a9b	SID531361	CRC		0.0	false	true	detection_status_not_resolvable		assessed	not_resolvable
votu_944648da645554b9f9fb	target_c1db4d3ad3a6ef3e7a9b	SID531469	CRC		0.0051145519973771	false	true	detection_status_not_detected_at_resolved_signal		assessed	not_detected_at_resolved_signal
votu_944648da645554b9f9fb	target_c1db4d3ad3a6ef3e7a9b	SID532796	control		0.0	false	true	detection_status_not_resolvable		assessed	not_resolvable
votu_94a31552e316f25cb7db	target_bb9359db60276175e314	SID31160	control	0	0.0	true	true			assessed	not_detected
votu_94a31552e316f25cb7db	target_bb9359db60276175e314	SID31512	control	0	0.0	true	true			assessed	not_detected
votu_94a31552e316f25cb7db	target_bb9359db60276175e314	SID31866	CRC	0	0.005056824084066361	true	true			assessed	not_detected
votu_94a31552e316f25cb7db	target_bb9359db60276175e314	SID530295	control	0	0.0	true	true			assessed	not_detected
votu_94a31552e316f25cb7db	target_bb9359db60276175e314	SID530368	control	0	0.0	true	true			assessed	not_detected
votu_94a31552e316f25cb7db	target_bb9359db60276175e314	SID530373	CRC	0	0.003358993516379787	true	true			assessed	not_detected
votu_94a31552e316f25cb7db	target_bb9359db60276175e314	SID531248	CRC	0	0.0	true	true			assessed	not_detected
votu_94a31552e316f25cb7db	target_bb9359db60276175e314	SID531361	CRC	0	0.0	true	true			assessed	not_detected
votu_94a31552e316f25cb7db	target_bb9359db60276175e314	SID531469	CRC	0	0.0004938109839112369	true	true			assessed	not_detected
votu_94a31552e316f25cb7db	target_bb9359db60276175e314	SID532796	control	1	4.570555729845837	true	true			assessed	detected
votu_95788108e1fd87ec42d5	target_80ee9ffd0dc48e3153b3	SID31160	control	0	0.0	true	true			assessed	not_detected
votu_95788108e1fd87ec42d5	target_80ee9ffd0dc48e3153b3	SID31512	control	0	0.0	true	true			assessed	not_detected
votu_95788108e1fd87ec42d5	target_80ee9ffd0dc48e3153b3	SID31866	CRC	0	0.0	true	true			assessed	not_detected
votu_95788108e1fd87ec42d5	target_80ee9ffd0dc48e3153b3	SID530295	control	0	0.0	true	true			assessed	not_detected
votu_95788108e1fd87ec42d5	target_80ee9ffd0dc48e3153b3	SID530368	control	0	0.0	true	true			assessed	not_detected
votu_95788108e1fd87ec42d5	target_80ee9ffd0dc48e3153b3	SID530373	CRC	1	3.6734533494240442	true	true			assessed	detected
votu_95788108e1fd87ec42d5	target_80ee9ffd0dc48e3153b3	SID531248	CRC	0	0.0	true	true			assessed	not_detected
votu_95788108e1fd87ec42d5	target_80ee9ffd0dc48e3153b3	SID531361	CRC	0	0.0	true	true			assessed	not_detected
votu_95788108e1fd87ec42d5	target_80ee9ffd0dc48e3153b3	SID531469	CRC	0	0.0	true	true			assessed	not_detected
votu_95788108e1fd87ec42d5	target_80ee9ffd0dc48e3153b3	SID532796	control	0	0.0	true	true			assessed	not_detected
votu_95bbad5c7990e546c032	target_edff45937232da020a70	SID31160	control	0	0.0	true	true			assessed	not_detected
votu_95bbad5c7990e546c032	target_edff45937232da020a70	SID31512	control	0	0.0	true	true			assessed	not_detected
votu_95bbad5c7990e546c032	target_edff45937232da020a70	SID31866	CRC	0	0.0	true	true			assessed	not_detected
votu_95bbad5c7990e546c032	target_edff45937232da020a70	SID530295	control	0	0.0	true	true			assessed	not_detected
votu_95bbad5c7990e546c032	target_edff45937232da020a70	SID530368	control	0	0.0	true	true			assessed	not_detected
votu_95bbad5c7990e546c032	target_edff45937232da020a70	SID530373	CRC		0.0	false	true	detection_status_not_resolvable		assessed	not_resolvable
votu_95bbad5c7990e546c032	target_edff45937232da020a70	SID531248	CRC	0	0.0	true	true			assessed	not_detected
votu_95bbad5c7990e546c032	target_edff45937232da020a70	SID531361	CRC		0.0	false	true	detection_status_not_resolvable		assessed	not_resolvable
votu_95bbad5c7990e546c032	target_edff45937232da020a70	SID531469	CRC		0.0	false	true	detection_status_not_resolvable		assessed	not_resolvable
votu_95bbad5c7990e546c032	target_edff45937232da020a70	SID532796	control		0.0	false	true	detection_status_not_resolvable		assessed	not_resolvable
votu_95c8e267e5a27999eb14	target_fc915813816a8ccc25ce	SID31160	control	0	1.238871130986465	true	true			assessed	not_detected
votu_95c8e267e5a27999eb14	target_fc915813816a8ccc25ce	SID31512	control	0	1.380097495807608	true	true			assessed	not_detected
votu_95c8e267e5a27999eb14	target_fc915813816a8ccc25ce	SID31866	CRC	0	0.20187414959488445	true	true			assessed	not_detected
votu_95c8e267e5a27999eb14	target_fc915813816a8ccc25ce	SID530295	control	0	0.15666486124383538	true	true			assessed	not_detected
votu_95c8e267e5a27999eb14	target_fc915813816a8ccc25ce	SID530368	control	0	2.5300069740523035	true	true			assessed	not_detected
votu_95c8e267e5a27999eb14	target_fc915813816a8ccc25ce	SID530373	CRC	0	0.18185218969817976	true	true			assessed	not_detected
votu_95c8e267e5a27999eb14	target_fc915813816a8ccc25ce	SID531248	CRC	0	0.06211480400181081	true	true			assessed	not_detected
votu_95c8e267e5a27999eb14	target_fc915813816a8ccc25ce	SID531361	CRC	0	0.1479073486830423	true	true			assessed	not_detected
votu_95c8e267e5a27999eb14	target_fc915813816a8ccc25ce	SID531469	CRC	1	25.31524408284562	true	true			assessed	detected
votu_95c8e267e5a27999eb14	target_fc915813816a8ccc25ce	SID532796	control	0	2.411044836047735	true	true			assessed	not_detected
votu_96856ce23838e4468291	target_e1fbd2ead308c7c6ffce	SID31160	control	0	0.0149493558642352	true	true			assessed	not_detected
votu_96856ce23838e4468291	target_e1fbd2ead308c7c6ffce	SID31512	control	1	4.770709796514914	true	true			assessed	detected
votu_96856ce23838e4468291	target_e1fbd2ead308c7c6ffce	SID31866	CRC	0	0.007303876108469818	true	true			assessed	not_detected
votu_96856ce23838e4468291	target_e1fbd2ead308c7c6ffce	SID530295	control	0	0.007396165691606692	true	true			assessed	not_detected
votu_96856ce23838e4468291	target_e1fbd2ead308c7c6ffce	SID530368	control	0	0.005546886184776095	true	true			assessed	not_detected
votu_96856ce23838e4468291	target_e1fbd2ead308c7c6ffce	SID530373	CRC	0	0.0012871583844501888	true	true			assessed	not_detected
votu_96856ce23838e4468291	target_e1fbd2ead308c7c6ffce	SID531248	CRC	0	0.0027390987265473077	true	true			assessed	not_detected
votu_96856ce23838e4468291	target_e1fbd2ead308c7c6ffce	SID531361	CRC	0	0.001336280861353294	true	true			assessed	not_detected
votu_96856ce23838e4468291	target_e1fbd2ead308c7c6ffce	SID531469	CRC	0	0.004636066475507735	true	true			assessed	not_detected
votu_96856ce23838e4468291	target_e1fbd2ead308c7c6ffce	SID532796	control	0	0.00986480781135003	true	true			assessed	not_detected
votu_9693037a18ffc1f48bae	target_de1b5ba8e4827315cc9f	SID31160	control	0	0.0	true	true			assessed	not_detected
votu_9693037a18ffc1f48bae	target_de1b5ba8e4827315cc9f	SID31512	control	0	0.0	true	true			assessed	not_detected
votu_9693037a18ffc1f48bae	target_de1b5ba8e4827315cc9f	SID31866	CRC	0	0.0	true	true			assessed	not_detected
votu_9693037a18ffc1f48bae	target_de1b5ba8e4827315cc9f	SID530295	control	0	0.0	true	true			assessed	not_detected
votu_9693037a18ffc1f48bae	target_de1b5ba8e4827315cc9f	SID530368	control	0	0.0	true	true			assessed	not_detected
votu_9693037a18ffc1f48bae	target_de1b5ba8e4827315cc9f	SID530373	CRC		0.0	false	true	detection_status_not_resolvable		assessed	not_resolvable
votu_9693037a18ffc1f48bae	target_de1b5ba8e4827315cc9f	SID531248	CRC	0	0.0	true	true			assessed	not_detected
votu_9693037a18ffc1f48bae	target_de1b5ba8e4827315cc9f	SID531361	CRC	0	0.0	true	true			assessed	not_detected
votu_9693037a18ffc1f48bae	target_de1b5ba8e4827315cc9f	SID531469	CRC		0.0	false	true	detection_status_not_resolvable		assessed	not_resolvable
votu_9693037a18ffc1f48bae	target_de1b5ba8e4827315cc9f	SID532796	control	0	0.0	true	true			assessed	not_detected
votu_976209df035c841936fc	target_0214476f08801d17ff1a	SID31160	control	0	0.0	true	true			assessed	not_detected
votu_976209df035c841936fc	target_0214476f08801d17ff1a	SID31512	control	0	0.0	true	true			assessed	not_detected
votu_976209df035c841936fc	target_0214476f08801d17ff1a	SID31866	CRC	0	0.0	true	true			assessed	not_detected
votu_976209df035c841936fc	target_0214476f08801d17ff1a	SID530295	control	0	0.0	true	true			assessed	not_detected
votu_976209df035c841936fc	target_0214476f08801d17ff1a	SID530368	control	1	1.6799241508259264	true	true			assessed	detected
votu_976209df035c841936fc	target_0214476f08801d17ff1a	SID530373	CRC	0	0.0	true	true			assessed	not_detected
votu_976209df035c841936fc	target_0214476f08801d17ff1a	SID531248	CRC	0	0.0	true	true			assessed	not_detected
votu_976209df035c841936fc	target_0214476f08801d17ff1a	SID531361	CRC	0	0.0	true	true			assessed	not_detected
votu_976209df035c841936fc	target_0214476f08801d17ff1a	SID531469	CRC	0	0.0	true	true			assessed	not_detected
votu_976209df035c841936fc	target_0214476f08801d17ff1a	SID532796	control	0	0.0	true	true			assessed	not_detected
votu_981f32eac11f8ab04039	target_32f498c770721a34ccd4	SID31160	control	0	0.0	true	true			assessed	not_detected
votu_981f32eac11f8ab04039	target_32f498c770721a34ccd4	SID31512	control	0	0.003197629819978782	true	true			assessed	not_detected
votu_981f32eac11f8ab04039	target_32f498c770721a34ccd4	SID31866	CRC		0.047513092872669326	false	true	detection_status_not_detected_at_resolved_signal		assessed	not_detected_at_resolved_signal
votu_981f32eac11f8ab04039	target_32f498c770721a34ccd4	SID530295	control	0	0.0013285766399621145	true	true			assessed	not_detected
votu_981f32eac11f8ab04039	target_32f498c770721a34ccd4	SID530368	control	0	0.007401752152570957	true	true			assessed	not_detected
votu_981f32eac11f8ab04039	target_32f498c770721a34ccd4	SID530373	CRC	0	0.025549020117478605	true	true			assessed	not_detected
votu_981f32eac11f8ab04039	target_32f498c770721a34ccd4	SID531248	CRC	1	0.5897418388697082	true	true			assessed	detected
votu_981f32eac11f8ab04039	target_32f498c770721a34ccd4	SID531361	CRC	0	0.05460835944838956	true	true			assessed	not_detected
votu_981f32eac11f8ab04039	target_32f498c770721a34ccd4	SID531469	CRC	0	0.004639767322349059	true	true			assessed	not_detected
votu_981f32eac11f8ab04039	target_32f498c770721a34ccd4	SID532796	control	1	4.207956726183708	true	true			assessed	detected
votu_987545c8fa8efc2dbc5b	target_2941f95d9155ad533d11	SID31160	control	0	0.0	true	true			assessed	not_detected
votu_987545c8fa8efc2dbc5b	target_2941f95d9155ad533d11	SID31512	control	1	6.376895974483082	true	true			assessed	detected
votu_987545c8fa8efc2dbc5b	target_2941f95d9155ad533d11	SID31866	CRC	0	0.007580569050455015	true	true			assessed	not_detected
votu_987545c8fa8efc2dbc5b	target_2941f95d9155ad533d11	SID530295	control	0	0.0	true	true			assessed	not_detected
votu_987545c8fa8efc2dbc5b	target_2941f95d9155ad533d11	SID530368	control	0	0.0	true	true			assessed	not_detected
votu_987545c8fa8efc2dbc5b	target_2941f95d9155ad533d11	SID530373	CRC	0	0.0	true	true			assessed	not_detected
votu_987545c8fa8efc2dbc5b	target_2941f95d9155ad533d11	SID531248	CRC	0	0.0	true	true			assessed	not_detected
votu_987545c8fa8efc2dbc5b	target_2941f95d9155ad533d11	SID531361	CRC	0	0.0	true	true			assessed	not_detected
votu_987545c8fa8efc2dbc5b	target_2941f95d9155ad533d11	SID531469	CRC	0	0.0	true	true			assessed	not_detected
votu_987545c8fa8efc2dbc5b	target_2941f95d9155ad533d11	SID532796	control	0	0.0	true	true			assessed	not_detected
votu_9885377d89cd86b6d60f	target_b77b27de01680deb390b	SID31160	control	0	0.0	true	true			assessed	not_detected
votu_9885377d89cd86b6d60f	target_b77b27de01680deb390b	SID31512	control	0	0.0	true	true			assessed	not_detected
votu_9885377d89cd86b6d60f	target_b77b27de01680deb390b	SID31866	CRC	0	0.1743002477327678	true	true			assessed	not_detected
votu_9885377d89cd86b6d60f	target_b77b27de01680deb390b	SID530295	control	0	0.0	true	true			assessed	not_detected
votu_9885377d89cd86b6d60f	target_b77b27de01680deb390b	SID530368	control	0	0.0	true	true			assessed	not_detected
votu_9885377d89cd86b6d60f	target_b77b27de01680deb390b	SID530373	CRC	0	0.001137660900358104	true	true			assessed	not_detected
votu_9885377d89cd86b6d60f	target_b77b27de01680deb390b	SID531248	CRC	0	0.0	true	true			assessed	not_detected
votu_9885377d89cd86b6d60f	target_b77b27de01680deb390b	SID531361	CRC	1	14.294587386315044	true	true			assessed	detected
votu_9885377d89cd86b6d60f	target_b77b27de01680deb390b	SID531469	CRC	0	0.005853726898795268	true	true			assessed	not_detected
votu_9885377d89cd86b6d60f	target_b77b27de01680deb390b	SID532796	control	0	0.0	true	true			assessed	not_detected
votu_98ed9341d98c8616125f	target_a52929040b31e70f48e9	SID31160	control	0	0.0	true	true			assessed	not_detected
votu_98ed9341d98c8616125f	target_a52929040b31e70f48e9	SID31512	control	0	0.0	true	true			assessed	not_detected
votu_98ed9341d98c8616125f	target_a52929040b31e70f48e9	SID31866	CRC		0.0	false	true	detection_status_not_resolvable		assessed	not_resolvable
votu_98ed9341d98c8616125f	target_a52929040b31e70f48e9	SID530295	control	0	0.0	true	true			assessed	not_detected
votu_98ed9341d98c8616125f	target_a52929040b31e70f48e9	SID530368	control	0	0.0	true	true			assessed	not_detected
votu_98ed9341d98c8616125f	target_a52929040b31e70f48e9	SID530373	CRC	0	0.0	true	true			assessed	not_detected
votu_98ed9341d98c8616125f	target_a52929040b31e70f48e9	SID531248	CRC		0.0	false	true	detection_status_not_resolvable		assessed	not_resolvable
votu_98ed9341d98c8616125f	target_a52929040b31e70f48e9	SID531361	CRC	0	0.0	true	true			assessed	not_detected
votu_98ed9341d98c8616125f	target_a52929040b31e70f48e9	SID531469	CRC		0.0	false	true	detection_status_not_resolvable		assessed	not_resolvable
votu_98ed9341d98c8616125f	target_a52929040b31e70f48e9	SID532796	control	0	0.0	true	true			assessed	not_detected
votu_992b0ef69d6f3508184b	target_5139d056f5b6632c66ea	SID31160	control	1	0.8735146800425941	true	true			assessed	detected
votu_992b0ef69d6f3508184b	target_5139d056f5b6632c66ea	SID31512	control	1	1.831305588222586	true	true			assessed	detected
votu_992b0ef69d6f3508184b	target_5139d056f5b6632c66ea	SID31866	CRC	1	0.5597480383978608	true	true			assessed	detected
votu_992b0ef69d6f3508184b	target_5139d056f5b6632c66ea	SID530295	control	0	0.29235521392937686	true	true			assessed	not_detected
votu_992b0ef69d6f3508184b	target_5139d056f5b6632c66ea	SID530368	control	1	0.9257971211138052	true	true			assessed	detected
votu_992b0ef69d6f3508184b	target_5139d056f5b6632c66ea	SID530373	CRC		0.0904878915663501	false	true	detection_status_not_detected_at_resolved_signal		assessed	not_detected_at_resolved_signal
votu_992b0ef69d6f3508184b	target_5139d056f5b6632c66ea	SID531248	CRC	1	1.1416059448019014	true	true			assessed	detected
votu_992b0ef69d6f3508184b	target_5139d056f5b6632c66ea	SID531361	CRC	0	0.04137887369691994	true	true			assessed	not_detected
votu_992b0ef69d6f3508184b	target_5139d056f5b6632c66ea	SID531469	CRC	1	4.3799366879112815	true	true			assessed	detected
votu_992b0ef69d6f3508184b	target_5139d056f5b6632c66ea	SID532796	control	0	0.21575587459013748	true	true			assessed	not_detected
votu_996cdf7d1e5ab962f65c	target_84f8dc6c4e5cfc08a414	SID31160	control	0	0.00209018499353346	true	true			assessed	not_detected
votu_996cdf7d1e5ab962f65c	target_84f8dc6c4e5cfc08a414	SID31512	control	1	4.298360017079591	true	true			assessed	detected
votu_996cdf7d1e5ab962f65c	target_84f8dc6c4e5cfc08a414	SID31866	CRC		0.0032095214598857847	false	true	detection_status_not_detected_at_resolved_signal		assessed	not_detected_at_resolved_signal
votu_996cdf7d1e5ab962f65c	target_84f8dc6c4e5cfc08a414	SID530295	control		0.0	false	true	detection_status_not_resolvable		assessed	not_resolvable
votu_996cdf7d1e5ab962f65c	target_84f8dc6c4e5cfc08a414	SID530368	control		1.435659455188257	false	true	detection_status_not_detected_at_resolved_signal		assessed	not_detected_at_resolved_signal
votu_996cdf7d1e5ab962f65c	target_84f8dc6c4e5cfc08a414	SID530373	CRC	0	0.8314501398771019	true	true			assessed	not_detected
votu_996cdf7d1e5ab962f65c	target_84f8dc6c4e5cfc08a414	SID531248	CRC	0	0.011795616591492766	true	true			assessed	not_detected
votu_996cdf7d1e5ab962f65c	target_84f8dc6c4e5cfc08a414	SID531361	CRC	0	0.0	true	true			assessed	not_detected
votu_996cdf7d1e5ab962f65c	target_84f8dc6c4e5cfc08a414	SID531469	CRC	0	0.0	true	true			assessed	not_detected
votu_996cdf7d1e5ab962f65c	target_84f8dc6c4e5cfc08a414	SID532796	control		0.0505734177501152	false	true	detection_status_not_detected_at_resolved_signal		assessed	not_detected_at_resolved_signal
votu_999cb5bd1d7ba7dac5d3	target_797ebfaf19c291883f0a	SID31160	control	0	0.20455210118392406	true	true			assessed	not_detected
votu_999cb5bd1d7ba7dac5d3	target_797ebfaf19c291883f0a	SID31512	control	0	0.0012219396031835027	true	true			assessed	not_detected
votu_999cb5bd1d7ba7dac5d3	target_797ebfaf19c291883f0a	SID31866	CRC	0	0.02886436046668558	true	true			assessed	not_detected
votu_999cb5bd1d7ba7dac5d3	target_797ebfaf19c291883f0a	SID530295	control	1	2.2193310633833025	true	true			assessed	detected
votu_999cb5bd1d7ba7dac5d3	target_797ebfaf19c291883f0a	SID530368	control	0	0.0018856662793725566	true	true			assessed	not_detected
votu_999cb5bd1d7ba7dac5d3	target_797ebfaf19c291883f0a	SID530373	CRC	0	0.0007657475548631374	true	true			assessed	not_detected
votu_999cb5bd1d7ba7dac5d3	target_797ebfaf19c291883f0a	SID531248	CRC	0	0.00032590521535207437	true	true			assessed	not_detected
votu_999cb5bd1d7ba7dac5d3	target_797ebfaf19c291883f0a	SID531361	CRC	0	0.0	true	true			assessed	not_detected
votu_999cb5bd1d7ba7dac5d3	target_797ebfaf19c291883f0a	SID531469	CRC	0	0.7639818698003356	true	true			assessed	not_detected
votu_999cb5bd1d7ba7dac5d3	target_797ebfaf19c291883f0a	SID532796	control	0	0.0	true	true			assessed	not_detected
votu_99d058376c5ebdfb3b27	target_5936b1af0a114c86732a	SID31160	control	0	0.0	true	true			assessed	not_detected
votu_99d058376c5ebdfb3b27	target_5936b1af0a114c86732a	SID31512	control	0	0.0	true	true			assessed	not_detected
votu_99d058376c5ebdfb3b27	target_5936b1af0a114c86732a	SID31866	CRC	0	0.0	true	true			assessed	not_detected
votu_99d058376c5ebdfb3b27	target_5936b1af0a114c86732a	SID530295	control	0	0.0	true	true			assessed	not_detected
votu_99d058376c5ebdfb3b27	target_5936b1af0a114c86732a	SID530368	control	0	0.0	true	true			assessed	not_detected
votu_99d058376c5ebdfb3b27	target_5936b1af0a114c86732a	SID530373	CRC	0	0.0	true	true			assessed	not_detected
votu_99d058376c5ebdfb3b27	target_5936b1af0a114c86732a	SID531248	CRC	0	0.0	true	true			assessed	not_detected
votu_99d058376c5ebdfb3b27	target_5936b1af0a114c86732a	SID531361	CRC	0	0.0	true	true			assessed	not_detected
votu_99d058376c5ebdfb3b27	target_5936b1af0a114c86732a	SID531469	CRC	0	0.0	true	true			assessed	not_detected
votu_99d058376c5ebdfb3b27	target_5936b1af0a114c86732a	SID532796	control	0	0.0	true	true			assessed	not_detected
votu_99d4a5cbbe52298e9db2	target_4f5b7f2becd37443ec8b	SID31160	control		0.0010929649508117176	false	true	detection_status_not_detected_at_resolved_signal		assessed	not_detected_at_resolved_signal
votu_99d4a5cbbe52298e9db2	target_4f5b7f2becd37443ec8b	SID31512	control	0	0.0	true	true			assessed	not_detected
votu_99d4a5cbbe52298e9db2	target_4f5b7f2becd37443ec8b	SID31866	CRC	0	0.0	true	true			assessed	not_detected
votu_99d4a5cbbe52298e9db2	target_4f5b7f2becd37443ec8b	SID530295	control	1	2.509210901877669	true	true			assessed	detected
votu_99d4a5cbbe52298e9db2	target_4f5b7f2becd37443ec8b	SID530368	control	0	0.002549104538693733	true	true			assessed	not_detected
votu_99d4a5cbbe52298e9db2	target_4f5b7f2becd37443ec8b	SID530373	CRC	0	0.0	true	true			assessed	not_detected
votu_99d4a5cbbe52298e9db2	target_4f5b7f2becd37443ec8b	SID531248	CRC		0.014098214051565703	false	true	detection_status_not_detected_at_resolved_signal		assessed	not_detected_at_resolved_signal
votu_99d4a5cbbe52298e9db2	target_4f5b7f2becd37443ec8b	SID531361	CRC	0	0.0	true	true			assessed	not_detected
votu_99d4a5cbbe52298e9db2	target_4f5b7f2becd37443ec8b	SID531469	CRC	0	0.0	true	true			assessed	not_detected
votu_99d4a5cbbe52298e9db2	target_4f5b7f2becd37443ec8b	SID532796	control	0	0.0	true	true			assessed	not_detected
votu_9beefe215a92319565bf	target_51817ee314acd0436c8d	SID31160	control	0	0.004920092596192845	true	true			assessed	not_detected
votu_9beefe215a92319565bf	target_51817ee314acd0436c8d	SID31512	control	0	0.32346615784344795	true	true			assessed	not_detected
votu_9beefe215a92319565bf	target_51817ee314acd0436c8d	SID31866	CRC	0	0.06043921593910655	true	true			assessed	not_detected
votu_9beefe215a92319565bf	target_51817ee314acd0436c8d	SID530295	control	0	0.28012100065043144	true	true			assessed	not_detected
votu_9beefe215a92319565bf	target_51817ee314acd0436c8d	SID530368	control	1	2.1616130451118543	true	true			assessed	detected
votu_9beefe215a92319565bf	target_51817ee314acd0436c8d	SID530373	CRC	0	0.0	true	true			assessed	not_detected
votu_9beefe215a92319565bf	target_51817ee314acd0436c8d	SID531248	CRC	0	0.0	true	true			assessed	not_detected
votu_9beefe215a92319565bf	target_51817ee314acd0436c8d	SID531361	CRC	0	0.0	true	true			assessed	not_detected
votu_9beefe215a92319565bf	target_51817ee314acd0436c8d	SID531469	CRC	0	0.003596552090886566	true	true			assessed	not_detected
votu_9beefe215a92319565bf	target_51817ee314acd0436c8d	SID532796	control	0	0.36189654646799574	true	true			assessed	not_detected
votu_9c278450d7711cd97278	target_212fe972c5baddf58960	SID31160	control	0	0.06259272523923053	true	true			assessed	not_detected
votu_9c278450d7711cd97278	target_212fe972c5baddf58960	SID31512	control	0	0.693731801712172	true	true			assessed	not_detected
votu_9c278450d7711cd97278	target_212fe972c5baddf58960	SID31866	CRC	0	0.06278309959858597	true	true			assessed	not_detected
votu_9c278450d7711cd97278	target_212fe972c5baddf58960	SID530295	control	0	0.2679507109104544	true	true			assessed	not_detected
votu_9c278450d7711cd97278	target_212fe972c5baddf58960	SID530368	control	1	8.729607994553993	true	true			assessed	detected
votu_9c278450d7711cd97278	target_212fe972c5baddf58960	SID530373	CRC	0	0.013386356966358762	true	true			assessed	not_detected
votu_9c278450d7711cd97278	target_212fe972c5baddf58960	SID531248	CRC	0	0.2344026630096733	true	true			assessed	not_detected
votu_9c278450d7711cd97278	target_212fe972c5baddf58960	SID531361	CRC	0	0.020845840923876754	true	true			assessed	not_detected
votu_9c278450d7711cd97278	target_212fe972c5baddf58960	SID531469	CRC	0	0.8147311538222288	true	true			assessed	not_detected
votu_9c278450d7711cd97278	target_212fe972c5baddf58960	SID532796	control	1	1.4724582639622255	true	true			assessed	detected
votu_9d0058178db3478db596	target_8ae2db335368dc0ac8c3	SID31160	control		0.0	false	true	detection_status_not_resolvable		assessed	not_resolvable
votu_9d0058178db3478db596	target_8ae2db335368dc0ac8c3	SID31512	control		0.0	false	true	detection_status_not_resolvable		assessed	not_resolvable
votu_9d0058178db3478db596	target_8ae2db335368dc0ac8c3	SID31866	CRC		0.005128811358292047	false	true	detection_status_not_detected_at_resolved_signal		assessed	not_detected_at_resolved_signal
votu_9d0058178db3478db596	target_8ae2db335368dc0ac8c3	SID530295	control		0.0	false	true	detection_status_not_resolvable		assessed	not_resolvable
votu_9d0058178db3478db596	target_8ae2db335368dc0ac8c3	SID530368	control		0.0	false	true	detection_status_not_resolvable		assessed	not_resolvable
votu_9d0058178db3478db596	target_8ae2db335368dc0ac8c3	SID530373	CRC		0.0	false	true	detection_status_not_resolvable		assessed	not_resolvable
votu_9d0058178db3478db596	target_8ae2db335368dc0ac8c3	SID531248	CRC		0.0	false	true	detection_status_not_resolvable		assessed	not_resolvable
votu_9d0058178db3478db596	target_8ae2db335368dc0ac8c3	SID531361	CRC		0.0	false	true	detection_status_not_resolvable		assessed	not_resolvable
votu_9d0058178db3478db596	target_8ae2db335368dc0ac8c3	SID531469	CRC		0.0	false	true	detection_status_not_resolvable		assessed	not_resolvable
votu_9d0058178db3478db596	target_8ae2db335368dc0ac8c3	SID532796	control		0.0	false	true	detection_status_not_resolvable		assessed	not_resolvable
votu_9d123955aa035ce55026	target_2b18f8b92e4284a6cc80	SID31160	control	0	0.0	true	true			assessed	not_detected
votu_9d123955aa035ce55026	target_2b18f8b92e4284a6cc80	SID31512	control	0	0.0	true	true			assessed	not_detected
votu_9d123955aa035ce55026	target_2b18f8b92e4284a6cc80	SID31866	CRC		0.0	false	true	detection_status_not_resolvable		assessed	not_resolvable
votu_9d123955aa035ce55026	target_2b18f8b92e4284a6cc80	SID530295	control	0	0.0	true	true			assessed	not_detected
votu_9d123955aa035ce55026	target_2b18f8b92e4284a6cc80	SID530368	control	0	0.0	true	true			assessed	not_detected
votu_9d123955aa035ce55026	target_2b18f8b92e4284a6cc80	SID530373	CRC	0	0.0	true	true			assessed	not_detected
votu_9d123955aa035ce55026	target_2b18f8b92e4284a6cc80	SID531248	CRC	0	0.0	true	true			assessed	not_detected
votu_9d123955aa035ce55026	target_2b18f8b92e4284a6cc80	SID531361	CRC	0	0.0	true	true			assessed	not_detected
votu_9d123955aa035ce55026	target_2b18f8b92e4284a6cc80	SID531469	CRC	0	0.0	true	true			assessed	not_detected
votu_9d123955aa035ce55026	target_2b18f8b92e4284a6cc80	SID532796	control	0	0.0	true	true			assessed	not_detected
votu_9dc0f3699076f1a245d7	target_f9921eb630225155928f	SID31160	control	0	0.029939217465711983	true	true			assessed	not_detected
votu_9dc0f3699076f1a245d7	target_f9921eb630225155928f	SID31512	control	0	0.07972402027089864	true	true			assessed	not_detected
votu_9dc0f3699076f1a245d7	target_f9921eb630225155928f	SID31866	CRC	0	0.006567467968192253	true	true			assessed	not_detected
votu_9dc0f3699076f1a245d7	target_f9921eb630225155928f	SID530295	control	0	0.026857596713022847	true	true			assessed	not_detected
votu_9dc0f3699076f1a245d7	target_f9921eb630225155928f	SID530368	control	1	2.798057799064905	true	true			assessed	detected
votu_9dc0f3699076f1a245d7	target_f9921eb630225155928f	SID530373	CRC	0	0.00405083542904344	true	true			assessed	not_detected
votu_9dc0f3699076f1a245d7	target_f9921eb630225155928f	SID531248	CRC	0	0.05861775864919592	true	true			assessed	not_detected
votu_9dc0f3699076f1a245d7	target_f9921eb630225155928f	SID531361	CRC	0	0.0	true	true			assessed	not_detected
votu_9dc0f3699076f1a245d7	target_f9921eb630225155928f	SID531469	CRC	0	1.2860249321108164	true	true			assessed	not_detected
votu_9dc0f3699076f1a245d7	target_f9921eb630225155928f	SID532796	control	0	0.012418273762009619	true	true			assessed	not_detected
votu_9eb959be08749cb3476e	target_778b83689f79fccacd57	SID31160	control	0	0.0427269512049073	true	true			assessed	not_detected
votu_9eb959be08749cb3476e	target_778b83689f79fccacd57	SID31512	control	0	0.0	true	true			assessed	not_detected
votu_9eb959be08749cb3476e	target_778b83689f79fccacd57	SID31866	CRC	1	4.507453813295464	true	true			assessed	detected
votu_9eb959be08749cb3476e	target_778b83689f79fccacd57	SID530295	control	1	0.4215510253608844	true	true			assessed	detected
votu_9eb959be08749cb3476e	target_778b83689f79fccacd57	SID530368	control	0	0.001346640265336444	true	true			assessed	not_detected
votu_9eb959be08749cb3476e	target_778b83689f79fccacd57	SID530373	CRC	1	0.3456125132537246	true	true			assessed	detected
votu_9eb959be08749cb3476e	target_778b83689f79fccacd57	SID531248	CRC	0	0.0	true	true			assessed	not_detected
votu_9eb959be08749cb3476e	target_778b83689f79fccacd57	SID531361	CRC	0	0.22481916173339128	true	true			assessed	not_detected
votu_9eb959be08749cb3476e	target_778b83689f79fccacd57	SID531469	CRC	0	0.011255168360637885	true	true			assessed	not_detected
votu_9eb959be08749cb3476e	target_778b83689f79fccacd57	SID532796	control	0	0.11846869815851951	true	true			assessed	not_detected
votu_9f1f2e20f3ae292763a4	target_067a4b9cc1350ce06cf1	SID31160	control	0	0.0	true	true			assessed	not_detected
votu_9f1f2e20f3ae292763a4	target_067a4b9cc1350ce06cf1	SID31512	control	0	0.0	true	true			assessed	not_detected
votu_9f1f2e20f3ae292763a4	target_067a4b9cc1350ce06cf1	SID31866	CRC	0	0.0	true	true			assessed	not_detected
votu_9f1f2e20f3ae292763a4	target_067a4b9cc1350ce06cf1	SID530295	control	0	0.0	true	true			assessed	not_detected
votu_9f1f2e20f3ae292763a4	target_067a4b9cc1350ce06cf1	SID530368	control	0	0.0	true	true			assessed	not_detected
votu_9f1f2e20f3ae292763a4	target_067a4b9cc1350ce06cf1	SID530373	CRC	0	0.0	true	true			assessed	not_detected
votu_9f1f2e20f3ae292763a4	target_067a4b9cc1350ce06cf1	SID531248	CRC	0	0.0	true	true			assessed	not_detected
votu_9f1f2e20f3ae292763a4	target_067a4b9cc1350ce06cf1	SID531361	CRC	0	0.0	true	true			assessed	not_detected
votu_9f1f2e20f3ae292763a4	target_067a4b9cc1350ce06cf1	SID531469	CRC		0.0	false	true	detection_status_not_resolvable		assessed	not_resolvable
votu_9f1f2e20f3ae292763a4	target_067a4b9cc1350ce06cf1	SID532796	control	0	0.0	true	true			assessed	not_detected
votu_a05d6257fab9f6f1c275	target_b896f9e613c7889be7d5	SID31160	control		0.05606017762997011	false	true	detection_status_not_detected_at_resolved_signal		assessed	not_detected_at_resolved_signal
votu_a05d6257fab9f6f1c275	target_b896f9e613c7889be7d5	SID31512	control		0.6364454198966187	false	true	detection_status_not_detected_at_resolved_signal		assessed	not_detected_at_resolved_signal
votu_a05d6257fab9f6f1c275	target_b896f9e613c7889be7d5	SID31866	CRC		0.0030310401411844804	false	true	detection_status_not_detected_at_resolved_signal		assessed	not_detected_at_resolved_signal
votu_a05d6257fab9f6f1c275	target_b896f9e613c7889be7d5	SID530295	control		0.11767375258076505	false	true	detection_status_not_detected_at_resolved_signal		assessed	not_detected_at_resolved_signal
votu_a05d6257fab9f6f1c275	target_b896f9e613c7889be7d5	SID530368	control	0	0.0	true	true			assessed	not_detected
votu_a05d6257fab9f6f1c275	target_b896f9e613c7889be7d5	SID530373	CRC	1	3.080279373304558	true	true			assessed	detected
votu_a05d6257fab9f6f1c275	target_b896f9e613c7889be7d5	SID531248	CRC	1	1.4596141260010038	true	true			assessed	detected
votu_a05d6257fab9f6f1c275	target_b896f9e613c7889be7d5	SID531361	CRC		0.0473580606162136	false	true	detection_status_not_detected_at_resolved_signal		assessed	not_detected_at_resolved_signal
votu_a05d6257fab9f6f1c275	target_b896f9e613c7889be7d5	SID531469	CRC		0.0030782786292156985	false	true	detection_status_not_detected_at_resolved_signal		assessed	not_detected_at_resolved_signal
votu_a05d6257fab9f6f1c275	target_b896f9e613c7889be7d5	SID532796	control		0.06495500442137764	false	true	detection_status_not_detected_at_resolved_signal		assessed	not_detected_at_resolved_signal
votu_a06d4c988efc7a876c08	target_e71e9a9db02c5db8e4c7	SID31160	control	0	0.0	true	true			assessed	not_detected
votu_a06d4c988efc7a876c08	target_e71e9a9db02c5db8e4c7	SID31512	control	0	0.0	true	true			assessed	not_detected
votu_a06d4c988efc7a876c08	target_e71e9a9db02c5db8e4c7	SID31866	CRC	1	1.4508481875503327	true	true			assessed	detected
votu_a06d4c988efc7a876c08	target_e71e9a9db02c5db8e4c7	SID530295	control	0	0.03612885231242806	true	true			assessed	not_detected
votu_a06d4c988efc7a876c08	target_e71e9a9db02c5db8e4c7	SID530368	control	0	0.0	true	true			assessed	not_detected
votu_a06d4c988efc7a876c08	target_e71e9a9db02c5db8e4c7	SID530373	CRC	0	0.02677617166329924	true	true			assessed	not_detected
votu_a06d4c988efc7a876c08	target_e71e9a9db02c5db8e4c7	SID531248	CRC	0	0.0	true	true			assessed	not_detected
votu_a06d4c988efc7a876c08	target_e71e9a9db02c5db8e4c7	SID531361	CRC	0	0.0	true	true			assessed	not_detected
votu_a06d4c988efc7a876c08	target_e71e9a9db02c5db8e4c7	SID531469	CRC	0	0.0	true	true			assessed	not_detected
votu_a06d4c988efc7a876c08	target_e71e9a9db02c5db8e4c7	SID532796	control	0	0.0	true	true			assessed	not_detected
votu_a0829da4d2b7455157ae	target_16a18c3229684b7583c4	SID31160	control	0	0.14746975493716655	true	true			assessed	not_detected
votu_a0829da4d2b7455157ae	target_16a18c3229684b7583c4	SID31512	control	0	0.0014151051684946677	true	true			assessed	not_detected
votu_a0829da4d2b7455157ae	target_16a18c3229684b7583c4	SID31866	CRC	0	0.00970469144294955	true	true			assessed	not_detected
votu_a0829da4d2b7455157ae	target_16a18c3229684b7583c4	SID530295	control	0	0.12170754139470015	true	true			assessed	not_detected
votu_a0829da4d2b7455157ae	target_16a18c3229684b7583c4	SID530368	control	0	0.0008189079346815382	true	true			assessed	not_detected
votu_a0829da4d2b7455157ae	target_16a18c3229684b7583c4	SID530373	CRC	0	0.0033254916604281938	true	true			assessed	not_detected
votu_a0829da4d2b7455157ae	target_16a18c3229684b7583c4	SID531248	CRC	0	0.003962959062433883	true	true			assessed	not_detected
votu_a0829da4d2b7455157ae	target_16a18c3229684b7583c4	SID531361	CRC	0	0.007595288979996333	true	true			assessed	not_detected
votu_a0829da4d2b7455157ae	target_16a18c3229684b7583c4	SID531469	CRC	1	2.721334043685024	true	true			assessed	detected
votu_a0829da4d2b7455157ae	target_16a18c3229684b7583c4	SID532796	control	0	0.00475750522562541	true	true			assessed	not_detected
votu_a10a4c44eb8724e53915	target_93293718634063b370d7	SID31160	control	0	0.0	true	true			assessed	not_detected
votu_a10a4c44eb8724e53915	target_93293718634063b370d7	SID31512	control	0	0.0	true	true			assessed	not_detected
votu_a10a4c44eb8724e53915	target_93293718634063b370d7	SID31866	CRC	0	0.0	true	true			assessed	not_detected
votu_a10a4c44eb8724e53915	target_93293718634063b370d7	SID530295	control	0	0.0	true	true			assessed	not_detected
votu_a10a4c44eb8724e53915	target_93293718634063b370d7	SID530368	control	0	0.0	true	true			assessed	not_detected
votu_a10a4c44eb8724e53915	target_93293718634063b370d7	SID530373	CRC	0	0.0	true	true			assessed	not_detected
votu_a10a4c44eb8724e53915	target_93293718634063b370d7	SID531248	CRC	0	0.0	true	true			assessed	not_detected
votu_a10a4c44eb8724e53915	target_93293718634063b370d7	SID531361	CRC	0	0.0	true	true			assessed	not_detected
votu_a10a4c44eb8724e53915	target_93293718634063b370d7	SID531469	CRC	0	0.0	true	true			assessed	not_detected
votu_a10a4c44eb8724e53915	target_93293718634063b370d7	SID532796	control	1	2.5800361943258436	true	true			assessed	detected
votu_a17bd4453ea5d2b64848	target_1b16de26c065eb907772	SID31160	control	0	0.0	true	true			assessed	not_detected
votu_a17bd4453ea5d2b64848	target_1b16de26c065eb907772	SID31512	control	0	0.0	true	true			assessed	not_detected
votu_a17bd4453ea5d2b64848	target_1b16de26c065eb907772	SID31866	CRC	0	0.0	true	true			assessed	not_detected
votu_a17bd4453ea5d2b64848	target_1b16de26c065eb907772	SID530295	control	0	0.0	true	true			assessed	not_detected
votu_a17bd4453ea5d2b64848	target_1b16de26c065eb907772	SID530368	control	0	0.0	true	true			assessed	not_detected
votu_a17bd4453ea5d2b64848	target_1b16de26c065eb907772	SID530373	CRC	0	0.0008947445512375023	true	true			assessed	not_detected
votu_a17bd4453ea5d2b64848	target_1b16de26c065eb907772	SID531248	CRC	0	0.0	true	true			assessed	not_detected
votu_a17bd4453ea5d2b64848	target_1b16de26c065eb907772	SID531361	CRC	0	0.0	true	true			assessed	not_detected
votu_a17bd4453ea5d2b64848	target_1b16de26c065eb907772	SID531469	CRC	0	0.0	true	true			assessed	not_detected
votu_a17bd4453ea5d2b64848	target_1b16de26c065eb907772	SID532796	control	1	2.99345761083321	true	true			assessed	detected
votu_a1d72c3ceee71d4827fc	target_9a58aa5a14c44e3de7e9	SID31160	control	0	0.0	true	true			assessed	not_detected
votu_a1d72c3ceee71d4827fc	target_9a58aa5a14c44e3de7e9	SID31512	control	0	0.0	true	true			assessed	not_detected
votu_a1d72c3ceee71d4827fc	target_9a58aa5a14c44e3de7e9	SID31866	CRC		0.0	false	true	detection_status_not_resolvable		assessed	not_resolvable
votu_a1d72c3ceee71d4827fc	target_9a58aa5a14c44e3de7e9	SID530295	control		0.0	false	true	detection_status_not_resolvable		assessed	not_resolvable
votu_a1d72c3ceee71d4827fc	target_9a58aa5a14c44e3de7e9	SID530368	control		0.0	false	true	detection_status_not_resolvable		assessed	not_resolvable
votu_a1d72c3ceee71d4827fc	target_9a58aa5a14c44e3de7e9	SID530373	CRC		0.0	false	true	detection_status_not_resolvable		assessed	not_resolvable
votu_a1d72c3ceee71d4827fc	target_9a58aa5a14c44e3de7e9	SID531248	CRC	0	0.0	true	true			assessed	not_detected
votu_a1d72c3ceee71d4827fc	target_9a58aa5a14c44e3de7e9	SID531361	CRC		0.0	false	true	detection_status_not_resolvable		assessed	not_resolvable
votu_a1d72c3ceee71d4827fc	target_9a58aa5a14c44e3de7e9	SID531469	CRC		0.0	false	true	detection_status_not_resolvable		assessed	not_resolvable
votu_a1d72c3ceee71d4827fc	target_9a58aa5a14c44e3de7e9	SID532796	control		0.0	false	true	detection_status_not_resolvable		assessed	not_resolvable
votu_a37578bf083dc1ae050b	target_a6402221032935bdc8ac	SID31160	control	0	0.0	true	true			assessed	not_detected
votu_a37578bf083dc1ae050b	target_a6402221032935bdc8ac	SID31512	control		0.0016448356136452129	false	true	detection_status_not_detected_at_resolved_signal		assessed	not_detected_at_resolved_signal
votu_a37578bf083dc1ae050b	target_a6402221032935bdc8ac	SID31866	CRC	0	0.0	true	true			assessed	not_detected
votu_a37578bf083dc1ae050b	target_a6402221032935bdc8ac	SID530295	control		0.0	false	true	detection_status_not_resolvable		assessed	not_resolvable
votu_a37578bf083dc1ae050b	target_a6402221032935bdc8ac	SID530368	control	0	0.0	true	true			assessed	not_detected
votu_a37578bf083dc1ae050b	target_a6402221032935bdc8ac	SID530373	CRC	0	0.0	true	true			assessed	not_detected
votu_a37578bf083dc1ae050b	target_a6402221032935bdc8ac	SID531248	CRC		1.3022702632779826	false	true	detection_status_not_detected_at_resolved_signal		assessed	not_detected_at_resolved_signal
votu_a37578bf083dc1ae050b	target_a6402221032935bdc8ac	SID531361	CRC	0	0.0	true	true			assessed	not_detected
votu_a37578bf083dc1ae050b	target_a6402221032935bdc8ac	SID531469	CRC	0	0.0	true	true			assessed	not_detected
votu_a37578bf083dc1ae050b	target_a6402221032935bdc8ac	SID532796	control	0	0.0	true	true			assessed	not_detected
votu_a4612862065d3a3f003b	target_5b897e1d2a08c390ff6e	SID31160	control	0	0.0	true	true			assessed	not_detected
votu_a4612862065d3a3f003b	target_5b897e1d2a08c390ff6e	SID31512	control		0.0	false	true	detection_status_not_resolvable		assessed	not_resolvable
votu_a4612862065d3a3f003b	target_5b897e1d2a08c390ff6e	SID31866	CRC	0	0.0018236411511240998	true	true			assessed	not_detected
votu_a4612862065d3a3f003b	target_5b897e1d2a08c390ff6e	SID530295	control	0	0.0019887367581490445	true	true			assessed	not_detected
votu_a4612862065d3a3f003b	target_5b897e1d2a08c390ff6e	SID530368	control	1	7.503678899130706	true	true			assessed	detected
votu_a4612862065d3a3f003b	target_5b897e1d2a08c390ff6e	SID530373	CRC	0	0.0	true	true			assessed	not_detected
votu_a4612862065d3a3f003b	target_5b897e1d2a08c390ff6e	SID531248	CRC	0	0.006702236482286645	true	true			assessed	not_detected
votu_a4612862065d3a3f003b	target_5b897e1d2a08c390ff6e	SID531361	CRC	0	0.001167755115518911	true	true			assessed	not_detected
votu_a4612862065d3a3f003b	target_5b897e1d2a08c390ff6e	SID531469	CRC	0	0.0	true	true			assessed	not_detected
votu_a4612862065d3a3f003b	target_5b897e1d2a08c390ff6e	SID532796	control	0	0.0	true	true			assessed	not_detected
votu_a4c45d18a7db5d7d731f	target_9af03d0d9fc151df2277	SID31160	control	0	0.016268675468294514	true	true			assessed	not_detected
votu_a4c45d18a7db5d7d731f	target_9af03d0d9fc151df2277	SID31512	control	0	0.002341688987299979	true	true			assessed	not_detected
votu_a4c45d18a7db5d7d731f	target_9af03d0d9fc151df2277	SID31866	CRC	0	0.007137394632662185	true	true			assessed	not_detected
votu_a4c45d18a7db5d7d731f	target_9af03d0d9fc151df2277	SID530295	control	0	0.0025945161149424413	true	true			assessed	not_detected
votu_a4c45d18a7db5d7d731f	target_9af03d0d9fc151df2277	SID530368	control	0	0.0	true	true			assessed	not_detected
votu_a4c45d18a7db5d7d731f	target_9af03d0d9fc151df2277	SID530373	CRC	0	0.027881664216841538	true	true			assessed	not_detected
votu_a4c45d18a7db5d7d731f	target_9af03d0d9fc151df2277	SID531248	CRC	1	2.0579091694622127	true	true			assessed	detected
votu_a4c45d18a7db5d7d731f	target_9af03d0d9fc151df2277	SID531361	CRC	0	0.0	true	true			assessed	not_detected
votu_a4c45d18a7db5d7d731f	target_9af03d0d9fc151df2277	SID531469	CRC	0	0.0	true	true			assessed	not_detected
votu_a4c45d18a7db5d7d731f	target_9af03d0d9fc151df2277	SID532796	control	0	0.11471544708919255	true	true			assessed	not_detected
votu_a53b473a5bd1204deacc	target_3d051d41d6fe26f31e14	SID31160	control	0	0.00422563737200442	true	true			assessed	not_detected
votu_a53b473a5bd1204deacc	target_3d051d41d6fe26f31e14	SID31512	control		0.1405015846294673	false	true	detection_status_not_detected_at_resolved_signal		assessed	not_detected_at_resolved_signal
votu_a53b473a5bd1204deacc	target_3d051d41d6fe26f31e14	SID31866	CRC		0.004325701271770055	false	true	detection_status_not_detected_at_resolved_signal		assessed	not_detected_at_resolved_signal
votu_a53b473a5bd1204deacc	target_3d051d41d6fe26f31e14	SID530295	control		0.0	false	true	detection_status_not_resolvable		assessed	not_resolvable
votu_a53b473a5bd1204deacc	target_3d051d41d6fe26f31e14	SID530368	control	0	0.003285128645052626	true	true			assessed	not_detected
votu_a53b473a5bd1204deacc	target_3d051d41d6fe26f31e14	SID530373	CRC		1.3113743442013477	false	true	detection_status_not_detected_at_resolved_signal		assessed	not_detected_at_resolved_signal
votu_a53b473a5bd1204deacc	target_3d051d41d6fe26f31e14	SID531248	CRC	0	0.0011355567740028666	true	true			assessed	not_detected
votu_a53b473a5bd1204deacc	target_3d051d41d6fe26f31e14	SID531361	CRC	0	0.0	true	true			assessed	not_detected
votu_a53b473a5bd1204deacc	target_3d051d41d6fe26f31e14	SID531469	CRC	0	0.0	true	true			assessed	not_detected
votu_a53b473a5bd1204deacc	target_3d051d41d6fe26f31e14	SID532796	control		0.6557127322734972	false	true	detection_status_not_detected_at_resolved_signal		assessed	not_detected_at_resolved_signal
votu_a5ec087282a7316e3fd3	target_6ad829dcf675ca413bc6	SID31160	control	0	0.0	true	true			assessed	not_detected
votu_a5ec087282a7316e3fd3	target_6ad829dcf675ca413bc6	SID31512	control		0.0	false	true	detection_status_not_resolvable		assessed	not_resolvable
votu_a5ec087282a7316e3fd3	target_6ad829dcf675ca413bc6	SID31866	CRC		0.0008019854415993131	false	true	detection_status_not_detected_at_resolved_signal		assessed	not_detected_at_resolved_signal
votu_a5ec087282a7316e3fd3	target_6ad829dcf675ca413bc6	SID530295	control		0.0	false	true	detection_status_not_resolvable		assessed	not_resolvable
votu_a5ec087282a7316e3fd3	target_6ad829dcf675ca413bc6	SID530368	control		0.0	false	true	detection_status_not_resolvable		assessed	not_resolvable
votu_a5ec087282a7316e3fd3	target_6ad829dcf675ca413bc6	SID530373	CRC		0.0	false	true	detection_status_not_resolvable		assessed	not_resolvable
votu_a5ec087282a7316e3fd3	target_6ad829dcf675ca413bc6	SID531248	CRC		0.0	false	true	detection_status_not_resolvable		assessed	not_resolvable
votu_a5ec087282a7316e3fd3	target_6ad829dcf675ca413bc6	SID531361	CRC		0.0	false	true	detection_status_not_resolvable		assessed	not_resolvable
votu_a5ec087282a7316e3fd3	target_6ad829dcf675ca413bc6	SID531469	CRC		0.0005090526953670884	false	true	detection_status_not_detected_at_resolved_signal		assessed	not_detected_at_resolved_signal
votu_a5ec087282a7316e3fd3	target_6ad829dcf675ca413bc6	SID532796	control		0.0	false	true	detection_status_not_resolvable		assessed	not_resolvable
votu_a6014f952f6acec25e58	target_53f8792d5af108256a5c	SID31160	control	0	0.0	true	true			assessed	not_detected
votu_a6014f952f6acec25e58	target_53f8792d5af108256a5c	SID31512	control	0	0.0	true	true			assessed	not_detected
votu_a6014f952f6acec25e58	target_53f8792d5af108256a5c	SID31866	CRC	0	0.0	true	true			assessed	not_detected
votu_a6014f952f6acec25e58	target_53f8792d5af108256a5c	SID530295	control	1	1.012566026438552	true	true			assessed	detected
votu_a6014f952f6acec25e58	target_53f8792d5af108256a5c	SID530368	control		0.0013355106908629164	false	true	detection_status_not_detected_at_resolved_signal		assessed	not_detected_at_resolved_signal
votu_a6014f952f6acec25e58	target_53f8792d5af108256a5c	SID530373	CRC		0.0	false	true	detection_status_not_resolvable		assessed	not_resolvable
votu_a6014f952f6acec25e58	target_53f8792d5af108256a5c	SID531248	CRC		0.0	false	true	detection_status_not_resolvable		assessed	not_resolvable
votu_a6014f952f6acec25e58	target_53f8792d5af108256a5c	SID531361	CRC	0	0.0	true	true			assessed	not_detected
votu_a6014f952f6acec25e58	target_53f8792d5af108256a5c	SID531469	CRC	0	0.0	true	true			assessed	not_detected
votu_a6014f952f6acec25e58	target_53f8792d5af108256a5c	SID532796	control	0	0.0	true	true			assessed	not_detected
votu_a63e23612d3072c61428	target_2b242d1227ecd6702a15	SID31160	control	0	0.0	true	true			assessed	not_detected
votu_a63e23612d3072c61428	target_2b242d1227ecd6702a15	SID31512	control	0	0.0	true	true			assessed	not_detected
votu_a63e23612d3072c61428	target_2b242d1227ecd6702a15	SID31866	CRC		0.0	false	true	detection_status_not_resolvable		assessed	not_resolvable
votu_a63e23612d3072c61428	target_2b242d1227ecd6702a15	SID530295	control	0	0.0	true	true			assessed	not_detected
votu_a63e23612d3072c61428	target_2b242d1227ecd6702a15	SID530368	control	0	0.0	true	true			assessed	not_detected
votu_a63e23612d3072c61428	target_2b242d1227ecd6702a15	SID530373	CRC		0.09279572773535376	false	true	detection_status_not_detected_at_resolved_signal		assessed	not_detected_at_resolved_signal
votu_a63e23612d3072c61428	target_2b242d1227ecd6702a15	SID531248	CRC	0	0.00047298481509295756	true	true			assessed	not_detected
votu_a63e23612d3072c61428	target_2b242d1227ecd6702a15	SID531361	CRC	0	0.0	true	true			assessed	not_detected
votu_a63e23612d3072c61428	target_2b242d1227ecd6702a15	SID531469	CRC		0.0	false	true	detection_status_not_resolvable		assessed	not_resolvable
votu_a63e23612d3072c61428	target_2b242d1227ecd6702a15	SID532796	control		0.0	false	true	detection_status_not_resolvable		assessed	not_resolvable
votu_a66882484d81d345cd5e	target_fe7e0c876af44a64573b	SID31160	control	0	0.0009733242148072006	true	true			assessed	not_detected
votu_a66882484d81d345cd5e	target_fe7e0c876af44a64573b	SID31512	control	0	0.0	true	true			assessed	not_detected
votu_a66882484d81d345cd5e	target_fe7e0c876af44a64573b	SID31866	CRC	1	22.202422369479194	true	true			assessed	detected
votu_a66882484d81d345cd5e	target_fe7e0c876af44a64573b	SID530295	control	0	0.031782321403219314	true	true			assessed	not_detected
votu_a66882484d81d345cd5e	target_fe7e0c876af44a64573b	SID530368	control	0	0.0	true	true			assessed	not_detected
votu_a66882484d81d345cd5e	target_fe7e0c876af44a64573b	SID530373	CRC	0	0.0	true	true			assessed	not_detected
votu_a66882484d81d345cd5e	target_fe7e0c876af44a64573b	SID531248	CRC	0	0.010985591507546813	true	true			assessed	not_detected
votu_a66882484d81d345cd5e	target_fe7e0c876af44a64573b	SID531361	CRC	0	0.016269507360366673	true	true			assessed	not_detected
votu_a66882484d81d345cd5e	target_fe7e0c876af44a64573b	SID531469	CRC	0	0.0018973145573637515	true	true			assessed	not_detected
votu_a66882484d81d345cd5e	target_fe7e0c876af44a64573b	SID532796	control	0	0.0	true	true			assessed	not_detected
votu_a7b2d47b89ccdd7c42b7	target_16b4c2ea46aaea4d993f	SID31160	control	0	0.028825564812383506	true	true			assessed	not_detected
votu_a7b2d47b89ccdd7c42b7	target_16b4c2ea46aaea4d993f	SID31512	control	0	0.004709799396354304	true	true			assessed	not_detected
votu_a7b2d47b89ccdd7c42b7	target_16b4c2ea46aaea4d993f	SID31866	CRC	0	0.019738566279640705	true	true			assessed	not_detected
votu_a7b2d47b89ccdd7c42b7	target_16b4c2ea46aaea4d993f	SID530295	control	1	14.827165107959928	true	true			assessed	detected
votu_a7b2d47b89ccdd7c42b7	target_16b4c2ea46aaea4d993f	SID530368	control	0	0.012719075715411155	true	true			assessed	not_detected
votu_a7b2d47b89ccdd7c42b7	target_16b4c2ea46aaea4d993f	SID530373	CRC	0	0.0	true	true			assessed	not_detected
votu_a7b2d47b89ccdd7c42b7	target_16b4c2ea46aaea4d993f	SID531248	CRC	0	0.06971672260289227	true	true			assessed	not_detected
votu_a7b2d47b89ccdd7c42b7	target_16b4c2ea46aaea4d993f	SID531361	CRC	0	0.0	true	true			assessed	not_detected
votu_a7b2d47b89ccdd7c42b7	target_16b4c2ea46aaea4d993f	SID531469	CRC	0	0.003796626905321918	true	true			assessed	not_detected
votu_a7b2d47b89ccdd7c42b7	target_16b4c2ea46aaea4d993f	SID532796	control	0	0.0	true	true			assessed	not_detected
votu_a8b728feefa48219ce7f	target_1c256aea2eab4cea1c36	SID31160	control	0	0.0	true	true			assessed	not_detected
votu_a8b728feefa48219ce7f	target_1c256aea2eab4cea1c36	SID31512	control	0	0.0	true	true			assessed	not_detected
votu_a8b728feefa48219ce7f	target_1c256aea2eab4cea1c36	SID31866	CRC		0.18606389706242304	false	true	detection_status_not_detected_at_resolved_signal		assessed	not_detected_at_resolved_signal
votu_a8b728feefa48219ce7f	target_1c256aea2eab4cea1c36	SID530295	control	0	0.0	true	true			assessed	not_detected
votu_a8b728feefa48219ce7f	target_1c256aea2eab4cea1c36	SID530368	control	1	11.843744071422915	true	true			assessed	detected
votu_a8b728feefa48219ce7f	target_1c256aea2eab4cea1c36	SID530373	CRC	0	0.0	true	true			assessed	not_detected
votu_a8b728feefa48219ce7f	target_1c256aea2eab4cea1c36	SID531248	CRC	0	0.026845756199053685	true	true			assessed	not_detected
votu_a8b728feefa48219ce7f	target_1c256aea2eab4cea1c36	SID531361	CRC	0	0.0	true	true			assessed	not_detected
votu_a8b728feefa48219ce7f	target_1c256aea2eab4cea1c36	SID531469	CRC	0	0.003606177216911633	true	true			assessed	not_detected
votu_a8b728feefa48219ce7f	target_1c256aea2eab4cea1c36	SID532796	control	0	0.0	true	true			assessed	not_detected
votu_a9e3d26d083058054302	target_3a7c9e5ce935d54b727d	SID31160	control		0.0	false	true	detection_status_not_resolvable		assessed	not_resolvable
votu_a9e3d26d083058054302	target_3a7c9e5ce935d54b727d	SID31512	control		0.0	false	true	detection_status_not_resolvable		assessed	not_resolvable
votu_a9e3d26d083058054302	target_3a7c9e5ce935d54b727d	SID31866	CRC		0.0	false	true	detection_status_not_resolvable		assessed	not_resolvable
votu_a9e3d26d083058054302	target_3a7c9e5ce935d54b727d	SID530295	control		0.0	false	true	detection_status_not_resolvable		assessed	not_resolvable
votu_a9e3d26d083058054302	target_3a7c9e5ce935d54b727d	SID530368	control		0.0	false	true	detection_status_not_resolvable		assessed	not_resolvable
votu_a9e3d26d083058054302	target_3a7c9e5ce935d54b727d	SID530373	CRC		0.0	false	true	detection_status_not_resolvable		assessed	not_resolvable
votu_a9e3d26d083058054302	target_3a7c9e5ce935d54b727d	SID531248	CRC		0.0	false	true	detection_status_not_resolvable		assessed	not_resolvable
votu_a9e3d26d083058054302	target_3a7c9e5ce935d54b727d	SID531361	CRC		0.0	false	true	detection_status_not_resolvable		assessed	not_resolvable
votu_a9e3d26d083058054302	target_3a7c9e5ce935d54b727d	SID531469	CRC		0.0	false	true	detection_status_not_resolvable		assessed	not_resolvable
votu_a9e3d26d083058054302	target_3a7c9e5ce935d54b727d	SID532796	control		0.0	false	true	detection_status_not_resolvable		assessed	not_resolvable
votu_aa4c380b38c600f9c058	target_b8c43a16790862957e08	SID31160	control	0	0.0	true	true			assessed	not_detected
votu_aa4c380b38c600f9c058	target_b8c43a16790862957e08	SID31512	control	0	0.0	true	true			assessed	not_detected
votu_aa4c380b38c600f9c058	target_b8c43a16790862957e08	SID31866	CRC	0	0.0	true	true			assessed	not_detected
votu_aa4c380b38c600f9c058	target_b8c43a16790862957e08	SID530295	control	0	0.0	true	true			assessed	not_detected
votu_aa4c380b38c600f9c058	target_b8c43a16790862957e08	SID530368	control	0	0.0	true	true			assessed	not_detected
votu_aa4c380b38c600f9c058	target_b8c43a16790862957e08	SID530373	CRC	0	0.0	true	true			assessed	not_detected
votu_aa4c380b38c600f9c058	target_b8c43a16790862957e08	SID531248	CRC		0.0	false	true	detection_status_not_resolvable		assessed	not_resolvable
votu_aa4c380b38c600f9c058	target_b8c43a16790862957e08	SID531361	CRC	0	0.0	true	true			assessed	not_detected
votu_aa4c380b38c600f9c058	target_b8c43a16790862957e08	SID531469	CRC	0	0.0	true	true			assessed	not_detected
votu_aa4c380b38c600f9c058	target_b8c43a16790862957e08	SID532796	control	0	0.0	true	true			assessed	not_detected
votu_aa82b46995f22eb8f65b	target_5c809d0460db7053687e	SID31160	control	1	13.930680453463257	true	true			assessed	detected
votu_aa82b46995f22eb8f65b	target_5c809d0460db7053687e	SID31512	control	0	0.0016455017817281763	true	true			assessed	not_detected
votu_aa82b46995f22eb8f65b	target_5c809d0460db7053687e	SID31866	CRC	0	0.0062692973152278725	true	true			assessed	not_detected
votu_aa82b46995f22eb8f65b	target_5c809d0460db7053687e	SID530295	control	0	0.37739475609015277	true	true			assessed	not_detected
votu_aa82b46995f22eb8f65b	target_5c809d0460db7053687e	SID530368	control	0	0.0	true	true			assessed	not_detected
votu_aa82b46995f22eb8f65b	target_5c809d0460db7053687e	SID530373	CRC	0	0.0	true	true			assessed	not_detected
votu_aa82b46995f22eb8f65b	target_5c809d0460db7053687e	SID531248	CRC	0	0.011849600013583353	true	true			assessed	not_detected
votu_aa82b46995f22eb8f65b	target_5c809d0460db7053687e	SID531361	CRC	0	0.0	true	true			assessed	not_detected
votu_aa82b46995f22eb8f65b	target_5c809d0460db7053687e	SID531469	CRC	0	0.0	true	true			assessed	not_detected
votu_aa82b46995f22eb8f65b	target_5c809d0460db7053687e	SID532796	control	0	0.0	true	true			assessed	not_detected
votu_ac3204ca7bfe89c9e593	target_abe60cb0a2cda09fcc80	SID31160	control	0	0.0	true	true			assessed	not_detected
votu_ac3204ca7bfe89c9e593	target_abe60cb0a2cda09fcc80	SID31512	control	0	0.0	true	true			assessed	not_detected
votu_ac3204ca7bfe89c9e593	target_abe60cb0a2cda09fcc80	SID31866	CRC		0.0	false	true	detection_status_not_resolvable		assessed	not_resolvable
votu_ac3204ca7bfe89c9e593	target_abe60cb0a2cda09fcc80	SID530295	control		0.0	false	true	detection_status_not_resolvable		assessed	not_resolvable
votu_ac3204ca7bfe89c9e593	target_abe60cb0a2cda09fcc80	SID530368	control		0.0	false	true	detection_status_not_resolvable		assessed	not_resolvable
votu_ac3204ca7bfe89c9e593	target_abe60cb0a2cda09fcc80	SID530373	CRC	0	0.0	true	true			assessed	not_detected
votu_ac3204ca7bfe89c9e593	target_abe60cb0a2cda09fcc80	SID531248	CRC		0.0006059971912788529	false	true	detection_status_not_detected_at_resolved_signal		assessed	not_detected_at_resolved_signal
votu_ac3204ca7bfe89c9e593	target_abe60cb0a2cda09fcc80	SID531361	CRC		0.0	false	true	detection_status_not_resolvable		assessed	not_resolvable
votu_ac3204ca7bfe89c9e593	target_abe60cb0a2cda09fcc80	SID531469	CRC		0.004395778439576262	false	true	detection_status_not_detected_at_resolved_signal		assessed	not_detected_at_resolved_signal
votu_ac3204ca7bfe89c9e593	target_abe60cb0a2cda09fcc80	SID532796	control		0.003637477398584108	false	true	detection_status_not_detected_at_resolved_signal		assessed	not_detected_at_resolved_signal
votu_ac5a48c060300c1cf4ff	target_8709e79806e4e24060ff	SID31160	control	0	0.0	true	true			assessed	not_detected
votu_ac5a48c060300c1cf4ff	target_8709e79806e4e24060ff	SID31512	control	0	0.0	true	true			assessed	not_detected
votu_ac5a48c060300c1cf4ff	target_8709e79806e4e24060ff	SID31866	CRC		0.0	false	true	detection_status_not_resolvable		assessed	not_resolvable
votu_ac5a48c060300c1cf4ff	target_8709e79806e4e24060ff	SID530295	control		0.0	false	true	detection_status_not_resolvable		assessed	not_resolvable
votu_ac5a48c060300c1cf4ff	target_8709e79806e4e24060ff	SID530368	control		0.0012772525919514147	false	true	detection_status_not_detected_at_resolved_signal		assessed	not_detected_at_resolved_signal
votu_ac5a48c060300c1cf4ff	target_8709e79806e4e24060ff	SID530373	CRC	0	0.0	true	true			assessed	not_detected
votu_ac5a48c060300c1cf4ff	target_8709e79806e4e24060ff	SID531248	CRC	0	0.0	true	true			assessed	not_detected
votu_ac5a48c060300c1cf4ff	target_8709e79806e4e24060ff	SID531361	CRC	0	0.0	true	true			assessed	not_detected
votu_ac5a48c060300c1cf4ff	target_8709e79806e4e24060ff	SID531469	CRC	0	0.0	true	true			assessed	not_detected
votu_ac5a48c060300c1cf4ff	target_8709e79806e4e24060ff	SID532796	control		0.0	false	true	detection_status_not_resolvable		assessed	not_resolvable
votu_acd1196a276a1be01bd3	target_34e8e37ff4dce4f3572e	SID31160	control	0	0.0	true	true			assessed	not_detected
votu_acd1196a276a1be01bd3	target_34e8e37ff4dce4f3572e	SID31512	control	0	0.0	true	true			assessed	not_detected
votu_acd1196a276a1be01bd3	target_34e8e37ff4dce4f3572e	SID31866	CRC	1	20.618809256002965	true	true			assessed	detected
votu_acd1196a276a1be01bd3	target_34e8e37ff4dce4f3572e	SID530295	control	0	0.0	true	true			assessed	not_detected
votu_acd1196a276a1be01bd3	target_34e8e37ff4dce4f3572e	SID530368	control	0	0.0	true	true			assessed	not_detected
votu_acd1196a276a1be01bd3	target_34e8e37ff4dce4f3572e	SID530373	CRC	0	0.006914951371541109	true	true			assessed	not_detected
votu_acd1196a276a1be01bd3	target_34e8e37ff4dce4f3572e	SID531248	CRC	0	0.04905051500717313	true	true			assessed	not_detected
votu_acd1196a276a1be01bd3	target_34e8e37ff4dce4f3572e	SID531361	CRC	0	0.031108350696105777	true	true			assessed	not_detected
votu_acd1196a276a1be01bd3	target_34e8e37ff4dce4f3572e	SID531469	CRC	0	0.037952245662151184	true	true			assessed	not_detected
votu_acd1196a276a1be01bd3	target_34e8e37ff4dce4f3572e	SID532796	control	0	0.0	true	true			assessed	not_detected
votu_ace15c9612b3c514e253	target_7d08eab7993aa1c12102	SID31160	control	0	0.03936338236552862	true	true			assessed	not_detected
votu_ace15c9612b3c514e253	target_7d08eab7993aa1c12102	SID31512	control	0	0.07932269522188677	true	true			assessed	not_detected
votu_ace15c9612b3c514e253	target_7d08eab7993aa1c12102	SID31866	CRC	0	0.09912696634786329	true	true			assessed	not_detected
votu_ace15c9612b3c514e253	target_7d08eab7993aa1c12102	SID530295	control	0	0.06987016194689631	true	true			assessed	not_detected
votu_ace15c9612b3c514e253	target_7d08eab7993aa1c12102	SID530368	control	1	2.6348489103975603	true	true			assessed	detected
votu_ace15c9612b3c514e253	target_7d08eab7993aa1c12102	SID530373	CRC	0	0.0	true	true			assessed	not_detected
votu_ace15c9612b3c514e253	target_7d08eab7993aa1c12102	SID531248	CRC	0	0.027926271970925006	true	true			assessed	not_detected
votu_ace15c9612b3c514e253	target_7d08eab7993aa1c12102	SID531361	CRC	0	0.0	true	true			assessed	not_detected
votu_ace15c9612b3c514e253	target_7d08eab7993aa1c12102	SID531469	CRC	0	0.004603895634343393	true	true			assessed	not_detected
votu_ace15c9612b3c514e253	target_7d08eab7993aa1c12102	SID532796	control	0	0.06095508787100179	true	true			assessed	not_detected
votu_ad55163900ec8e9e1368	target_e12955c9af1f240c52eb	SID31160	control	0	0.0	true	true			assessed	not_detected
votu_ad55163900ec8e9e1368	target_e12955c9af1f240c52eb	SID31512	control	1	5.0232209913974515	true	true			assessed	detected
votu_ad55163900ec8e9e1368	target_e12955c9af1f240c52eb	SID31866	CRC	0	0.0	true	true			assessed	not_detected
votu_ad55163900ec8e9e1368	target_e12955c9af1f240c52eb	SID530295	control	0	0.0	true	true			assessed	not_detected
votu_ad55163900ec8e9e1368	target_e12955c9af1f240c52eb	SID530368	control	0	0.0	true	true			assessed	not_detected
votu_ad55163900ec8e9e1368	target_e12955c9af1f240c52eb	SID530373	CRC	0	0.0	true	true			assessed	not_detected
votu_ad55163900ec8e9e1368	target_e12955c9af1f240c52eb	SID531248	CRC	0	0.0	true	true			assessed	not_detected
votu_ad55163900ec8e9e1368	target_e12955c9af1f240c52eb	SID531361	CRC	0	0.0	true	true			assessed	not_detected
votu_ad55163900ec8e9e1368	target_e12955c9af1f240c52eb	SID531469	CRC	0	0.0	true	true			assessed	not_detected
votu_ad55163900ec8e9e1368	target_e12955c9af1f240c52eb	SID532796	control	0	0.0	true	true			assessed	not_detected
votu_ae0d73349d2c5dfc3267	target_1e764ef2e95876bcb16e	SID31160	control	0	0.0	true	true			assessed	not_detected
votu_ae0d73349d2c5dfc3267	target_1e764ef2e95876bcb16e	SID31512	control	0	0.0	true	true			assessed	not_detected
votu_ae0d73349d2c5dfc3267	target_1e764ef2e95876bcb16e	SID31866	CRC		0.0	false	true	detection_status_not_resolvable		assessed	not_resolvable
votu_ae0d73349d2c5dfc3267	target_1e764ef2e95876bcb16e	SID530295	control	0	0.0	true	true			assessed	not_detected
votu_ae0d73349d2c5dfc3267	target_1e764ef2e95876bcb16e	SID530368	control		0.0	false	true	detection_status_not_resolvable		assessed	not_resolvable
votu_ae0d73349d2c5dfc3267	target_1e764ef2e95876bcb16e	SID530373	CRC		0.0	false	true	detection_status_not_resolvable		assessed	not_resolvable
votu_ae0d73349d2c5dfc3267	target_1e764ef2e95876bcb16e	SID531248	CRC	0	0.0	true	true			assessed	not_detected
votu_ae0d73349d2c5dfc3267	target_1e764ef2e95876bcb16e	SID531361	CRC	0	0.0	true	true			assessed	not_detected
votu_ae0d73349d2c5dfc3267	target_1e764ef2e95876bcb16e	SID531469	CRC	0	0.002910822278070762	true	true			assessed	not_detected
votu_ae0d73349d2c5dfc3267	target_1e764ef2e95876bcb16e	SID532796	control		0.001445211635661713	false	true	detection_status_not_detected_at_resolved_signal		assessed	not_detected_at_resolved_signal
votu_ae8219ca05a26f980a9e	target_230d7ad02e37823ee75d	SID31160	control	0	0.0010706773112221207	true	true			assessed	not_detected
votu_ae8219ca05a26f980a9e	target_230d7ad02e37823ee75d	SID31512	control	0	0.0	true	true			assessed	not_detected
votu_ae8219ca05a26f980a9e	target_230d7ad02e37823ee75d	SID31866	CRC	1	2.345232662574273	true	true			assessed	detected
votu_ae8219ca05a26f980a9e	target_230d7ad02e37823ee75d	SID530295	control	0	0.0	true	true			assessed	not_detected
votu_ae8219ca05a26f980a9e	target_230d7ad02e37823ee75d	SID530368	control	0	0.0	true	true			assessed	not_detected
votu_ae8219ca05a26f980a9e	target_230d7ad02e37823ee75d	SID530373	CRC	0	0.0010140533276252336	true	true			assessed	not_detected
votu_ae8219ca05a26f980a9e	target_230d7ad02e37823ee75d	SID531248	CRC	0	0.0	true	true			assessed	not_detected
votu_ae8219ca05a26f980a9e	target_230d7ad02e37823ee75d	SID531361	CRC	0	0.00526376579008199	true	true			assessed	not_detected
votu_ae8219ca05a26f980a9e	target_230d7ad02e37823ee75d	SID531469	CRC	0	0.0	true	true			assessed	not_detected
votu_ae8219ca05a26f980a9e	target_230d7ad02e37823ee75d	SID532796	control	0	0.0	true	true			assessed	not_detected
votu_af20d983a9d9d5f20b29	target_09b6fc70af75515a9ad6	SID31160	control		0.11647716603686686	false	true	detection_status_not_detected_at_resolved_signal		assessed	not_detected_at_resolved_signal
votu_af20d983a9d9d5f20b29	target_09b6fc70af75515a9ad6	SID31512	control		0.0	false	true	detection_status_not_resolvable		assessed	not_resolvable
votu_af20d983a9d9d5f20b29	target_09b6fc70af75515a9ad6	SID31866	CRC		0.02375392088258483	false	true	detection_status_not_detected_at_resolved_signal		assessed	not_detected_at_resolved_signal
votu_af20d983a9d9d5f20b29	target_09b6fc70af75515a9ad6	SID530295	control		0.005333254959560869	false	true	detection_status_not_detected_at_resolved_signal		assessed	not_detected_at_resolved_signal
votu_af20d983a9d9d5f20b29	target_09b6fc70af75515a9ad6	SID530368	control	0	0.0	true	true			assessed	not_detected
votu_af20d983a9d9d5f20b29	target_09b6fc70af75515a9ad6	SID530373	CRC		0.7808384997871849	false	true	detection_status_not_detected_at_resolved_signal		assessed	not_detected_at_resolved_signal
votu_af20d983a9d9d5f20b29	target_09b6fc70af75515a9ad6	SID531248	CRC		1.7900226830911001	false	true	detection_status_not_detected_at_resolved_signal		assessed	not_detected_at_resolved_signal
votu_af20d983a9d9d5f20b29	target_09b6fc70af75515a9ad6	SID531361	CRC		0.15300121846328443	false	true	detection_status_not_detected_at_resolved_signal		assessed	not_detected_at_resolved_signal
votu_af20d983a9d9d5f20b29	target_09b6fc70af75515a9ad6	SID531469	CRC		0.0035476652358009102	false	true	detection_status_not_detected_at_resolved_signal		assessed	not_detected_at_resolved_signal
votu_af20d983a9d9d5f20b29	target_09b6fc70af75515a9ad6	SID532796	control		0.03170522917290006	false	true	detection_status_not_detected_at_resolved_signal		assessed	not_detected_at_resolved_signal
votu_af23e788f4fd66e4bfad	target_0e2663619bb4f2069a74	SID31160	control	1	2.599516744750279	true	true			assessed	detected
votu_af23e788f4fd66e4bfad	target_0e2663619bb4f2069a74	SID31512	control	0	0.03157657812248364	true	true			assessed	not_detected
votu_af23e788f4fd66e4bfad	target_0e2663619bb4f2069a74	SID31866	CRC	0	0.0	true	true			assessed	not_detected
votu_af23e788f4fd66e4bfad	target_0e2663619bb4f2069a74	SID530295	control	0	0.0414305921888787	true	true			assessed	not_detected
votu_af23e788f4fd66e4bfad	target_0e2663619bb4f2069a74	SID530368	control	0	0.00192348064896647	true	true			assessed	not_detected
votu_af23e788f4fd66e4bfad	target_0e2663619bb4f2069a74	SID530373	CRC	0	0.0031244141551128196	true	true			assessed	not_detected
votu_af23e788f4fd66e4bfad	target_0e2663619bb4f2069a74	SID531248	CRC	0	0.05186076220886033	true	true			assessed	not_detected
votu_af23e788f4fd66e4bfad	target_0e2663619bb4f2069a74	SID531361	CRC	0	0.0	true	true			assessed	not_detected
votu_af23e788f4fd66e4bfad	target_0e2663619bb4f2069a74	SID531469	CRC	0	0.0032152756901469653	true	true			assessed	not_detected
votu_af23e788f4fd66e4bfad	target_0e2663619bb4f2069a74	SID532796	control	0	0.004789114616444827	true	true			assessed	not_detected
votu_af7228beaee29421133b	target_b3c7b5b645ce421e4dd0	SID31160	control	0	0.0	true	true			assessed	not_detected
votu_af7228beaee29421133b	target_b3c7b5b645ce421e4dd0	SID31512	control	0	0.0	true	true			assessed	not_detected
votu_af7228beaee29421133b	target_b3c7b5b645ce421e4dd0	SID31866	CRC	0	0.0	true	true			assessed	not_detected
votu_af7228beaee29421133b	target_b3c7b5b645ce421e4dd0	SID530295	control	0	0.0	true	true			assessed	not_detected
votu_af7228beaee29421133b	target_b3c7b5b645ce421e4dd0	SID530368	control	0	0.0	true	true			assessed	not_detected
votu_af7228beaee29421133b	target_b3c7b5b645ce421e4dd0	SID530373	CRC	0	0.0	true	true			assessed	not_detected
votu_af7228beaee29421133b	target_b3c7b5b645ce421e4dd0	SID531248	CRC	0	0.04755767484601855	true	true			assessed	not_detected
votu_af7228beaee29421133b	target_b3c7b5b645ce421e4dd0	SID531361	CRC	0	0.0	true	true			assessed	not_detected
votu_af7228beaee29421133b	target_b3c7b5b645ce421e4dd0	SID531469	CRC	1	3.2787229608871082	true	true			assessed	detected
votu_af7228beaee29421133b	target_b3c7b5b645ce421e4dd0	SID532796	control	0	0.0	true	true			assessed	not_detected
votu_aff726d5d1b64b7d9a45	target_5544c65de7437569fa68	SID31160	control		0.02315889614408827	false	true	detection_status_not_detected_at_resolved_signal		assessed	not_detected_at_resolved_signal
votu_aff726d5d1b64b7d9a45	target_5544c65de7437569fa68	SID31512	control		0.06363872681979388	false	true	detection_status_not_detected_at_resolved_signal		assessed	not_detected_at_resolved_signal
votu_aff726d5d1b64b7d9a45	target_5544c65de7437569fa68	SID31866	CRC		1.4624442677837535	false	true	detection_status_not_detected_at_resolved_signal		assessed	not_detected_at_resolved_signal
votu_aff726d5d1b64b7d9a45	target_5544c65de7437569fa68	SID530295	control		0.0	false	true	detection_status_not_resolvable		assessed	not_resolvable
votu_aff726d5d1b64b7d9a45	target_5544c65de7437569fa68	SID530368	control		0.6739364316942653	false	true	detection_status_not_detected_at_resolved_signal		assessed	not_detected_at_resolved_signal
votu_aff726d5d1b64b7d9a45	target_5544c65de7437569fa68	SID530373	CRC		0.2706868780189357	false	true	detection_status_not_detected_at_resolved_signal		assessed	not_detected_at_resolved_signal
votu_aff726d5d1b64b7d9a45	target_5544c65de7437569fa68	SID531248	CRC		3.0861472831817274	false	true	detection_status_not_detected_at_resolved_signal		assessed	not_detected_at_resolved_signal
votu_aff726d5d1b64b7d9a45	target_5544c65de7437569fa68	SID531361	CRC		0.008797961421613206	false	true	detection_status_not_detected_at_resolved_signal		assessed	not_detected_at_resolved_signal
votu_aff726d5d1b64b7d9a45	target_5544c65de7437569fa68	SID531469	CRC		0.17698484868540756	false	true	detection_status_not_detected_at_resolved_signal		assessed	not_detected_at_resolved_signal
votu_aff726d5d1b64b7d9a45	target_5544c65de7437569fa68	SID532796	control		1.0534484373134443	false	true	detection_status_not_detected_at_resolved_signal		assessed	not_detected_at_resolved_signal
votu_affad52fcaa565127c0c	target_7b483a396f1b6a0f168b	SID31160	control	0	0.0	true	true			assessed	not_detected
votu_affad52fcaa565127c0c	target_7b483a396f1b6a0f168b	SID31512	control	0	0.0	true	true			assessed	not_detected
votu_affad52fcaa565127c0c	target_7b483a396f1b6a0f168b	SID31866	CRC		0.0	false	true	detection_status_not_resolvable		assessed	not_resolvable
votu_affad52fcaa565127c0c	target_7b483a396f1b6a0f168b	SID530295	control	0	0.0	true	true			assessed	not_detected
votu_affad52fcaa565127c0c	target_7b483a396f1b6a0f168b	SID530368	control	0	0.0	true	true			assessed	not_detected
votu_affad52fcaa565127c0c	target_7b483a396f1b6a0f168b	SID530373	CRC		0.0	false	true	detection_status_not_resolvable		assessed	not_resolvable
votu_affad52fcaa565127c0c	target_7b483a396f1b6a0f168b	SID531248	CRC		0.0	false	true	detection_status_not_resolvable		assessed	not_resolvable
votu_affad52fcaa565127c0c	target_7b483a396f1b6a0f168b	SID531361	CRC	0	0.0	true	true			assessed	not_detected
votu_affad52fcaa565127c0c	target_7b483a396f1b6a0f168b	SID531469	CRC		0.0009187414652043441	false	true	detection_status_not_detected_at_resolved_signal		assessed	not_detected_at_resolved_signal
votu_affad52fcaa565127c0c	target_7b483a396f1b6a0f168b	SID532796	control	0	0.0	true	true			assessed	not_detected
votu_b00d0b8f02919d994070	target_1b54ad4f45d6b6989a8e	SID31160	control	0	0.0	true	true			assessed	not_detected
votu_b00d0b8f02919d994070	target_1b54ad4f45d6b6989a8e	SID31512	control	0	0.0	true	true			assessed	not_detected
votu_b00d0b8f02919d994070	target_1b54ad4f45d6b6989a8e	SID31866	CRC		0.0002760700183879214	false	true	detection_status_not_detected_at_resolved_signal		assessed	not_detected_at_resolved_signal
votu_b00d0b8f02919d994070	target_1b54ad4f45d6b6989a8e	SID530295	control		0.0	false	true	detection_status_not_resolvable		assessed	not_resolvable
votu_b00d0b8f02919d994070	target_1b54ad4f45d6b6989a8e	SID530368	control		0.0	false	true	detection_status_not_resolvable		assessed	not_resolvable
votu_b00d0b8f02919d994070	target_1b54ad4f45d6b6989a8e	SID530373	CRC		0.0	false	true	detection_status_not_resolvable		assessed	not_resolvable
votu_b00d0b8f02919d994070	target_1b54ad4f45d6b6989a8e	SID531248	CRC	0	0.0	true	true			assessed	not_detected
votu_b00d0b8f02919d994070	target_1b54ad4f45d6b6989a8e	SID531361	CRC		0.0	false	true	detection_status_not_resolvable		assessed	not_resolvable
votu_b00d0b8f02919d994070	target_1b54ad4f45d6b6989a8e	SID531469	CRC		0.0	false	true	detection_status_not_resolvable		assessed	not_resolvable
votu_b00d0b8f02919d994070	target_1b54ad4f45d6b6989a8e	SID532796	control		0.0010440288654404834	false	true	detection_status_not_detected_at_resolved_signal		assessed	not_detected_at_resolved_signal
votu_b063995468c7f43e07ff	target_88b639f4138e1755f5aa	SID31160	control	0	0.0	true	true			assessed	not_detected
votu_b063995468c7f43e07ff	target_88b639f4138e1755f5aa	SID31512	control	0	0.0	true	true			assessed	not_detected
votu_b063995468c7f43e07ff	target_88b639f4138e1755f5aa	SID31866	CRC		0.034396977838307585	false	true	detection_status_not_detected_at_resolved_signal		assessed	not_detected_at_resolved_signal
votu_b063995468c7f43e07ff	target_88b639f4138e1755f5aa	SID530295	control	0	0.0025648521128685737	true	true			assessed	not_detected
votu_b063995468c7f43e07ff	target_88b639f4138e1755f5aa	SID530368	control	1	7.309858274285297	true	true			assessed	detected
votu_b063995468c7f43e07ff	target_88b639f4138e1755f5aa	SID530373	CRC	0	0.3648455366605101	true	true			assessed	not_detected
votu_b063995468c7f43e07ff	target_88b639f4138e1755f5aa	SID531248	CRC	1	2.5119504031766056	true	true			assessed	detected
votu_b063995468c7f43e07ff	target_88b639f4138e1755f5aa	SID531361	CRC	0	0.0	true	true			assessed	not_detected
votu_b063995468c7f43e07ff	target_88b639f4138e1755f5aa	SID531469	CRC	0	0.0	true	true			assessed	not_detected
votu_b063995468c7f43e07ff	target_88b639f4138e1755f5aa	SID532796	control	0	0.0014824034721443754	true	true			assessed	not_detected
votu_b0ce7a1700373383573b	target_93d21c5c9d54d03cd0a9	SID31160	control	1	2.3060112309455736	true	true			assessed	detected
votu_b0ce7a1700373383573b	target_93d21c5c9d54d03cd0a9	SID31512	control	0	0.36322675930557413	true	true			assessed	not_detected
votu_b0ce7a1700373383573b	target_93d21c5c9d54d03cd0a9	SID31866	CRC	0	0.03309277594175751	true	true			assessed	not_detected
votu_b0ce7a1700373383573b	target_93d21c5c9d54d03cd0a9	SID530295	control	0	0.01722414743991114	true	true			assessed	not_detected
votu_b0ce7a1700373383573b	target_93d21c5c9d54d03cd0a9	SID530368	control	0	0.08567766821894048	true	true			assessed	not_detected
votu_b0ce7a1700373383573b	target_93d21c5c9d54d03cd0a9	SID530373	CRC	0	0.3701945750694458	true	true			assessed	not_detected
votu_b0ce7a1700373383573b	target_93d21c5c9d54d03cd0a9	SID531248	CRC		0.1903311555912623	false	true	detection_status_not_detected_at_resolved_signal		assessed	not_detected_at_resolved_signal
votu_b0ce7a1700373383573b	target_93d21c5c9d54d03cd0a9	SID531361	CRC	0	0.14159249926561224	true	true			assessed	not_detected
votu_b0ce7a1700373383573b	target_93d21c5c9d54d03cd0a9	SID531469	CRC		0.06588034510354661	false	true	detection_status_not_detected_at_resolved_signal		assessed	not_detected_at_resolved_signal
votu_b0ce7a1700373383573b	target_93d21c5c9d54d03cd0a9	SID532796	control	1	4.369776631887025	true	true			assessed	detected
votu_b19d68188bef9c251f83	target_5631bd81c1ae0b7e3041	SID31160	control	0	0.0	true	true			assessed	not_detected
votu_b19d68188bef9c251f83	target_5631bd81c1ae0b7e3041	SID31512	control	0	0.0	true	true			assessed	not_detected
votu_b19d68188bef9c251f83	target_5631bd81c1ae0b7e3041	SID31866	CRC		0.0	false	true	detection_status_not_resolvable		assessed	not_resolvable
votu_b19d68188bef9c251f83	target_5631bd81c1ae0b7e3041	SID530295	control	0	0.0	true	true			assessed	not_detected
votu_b19d68188bef9c251f83	target_5631bd81c1ae0b7e3041	SID530368	control	0	0.0	true	true			assessed	not_detected
votu_b19d68188bef9c251f83	target_5631bd81c1ae0b7e3041	SID530373	CRC		0.0	false	true	detection_status_not_resolvable		assessed	not_resolvable
votu_b19d68188bef9c251f83	target_5631bd81c1ae0b7e3041	SID531248	CRC		0.0	false	true	detection_status_not_resolvable		assessed	not_resolvable
votu_b19d68188bef9c251f83	target_5631bd81c1ae0b7e3041	SID531361	CRC	0	0.0	true	true			assessed	not_detected
votu_b19d68188bef9c251f83	target_5631bd81c1ae0b7e3041	SID531469	CRC		0.0	false	true	detection_status_not_resolvable		assessed	not_resolvable
votu_b19d68188bef9c251f83	target_5631bd81c1ae0b7e3041	SID532796	control	0	0.0	true	true			assessed	not_detected
votu_b1d78b9d3157f56f01ae	target_a70b55d2c2096533e6cf	SID31160	control	0	0.0	true	true			assessed	not_detected
votu_b1d78b9d3157f56f01ae	target_a70b55d2c2096533e6cf	SID31512	control	0	0.0	true	true			assessed	not_detected
votu_b1d78b9d3157f56f01ae	target_a70b55d2c2096533e6cf	SID31866	CRC	0	0.0	true	true			assessed	not_detected
votu_b1d78b9d3157f56f01ae	target_a70b55d2c2096533e6cf	SID530295	control	0	0.0	true	true			assessed	not_detected
votu_b1d78b9d3157f56f01ae	target_a70b55d2c2096533e6cf	SID530368	control	0	0.0	true	true			assessed	not_detected
votu_b1d78b9d3157f56f01ae	target_a70b55d2c2096533e6cf	SID530373	CRC	0	0.0	true	true			assessed	not_detected
votu_b1d78b9d3157f56f01ae	target_a70b55d2c2096533e6cf	SID531248	CRC	0	0.0	true	true			assessed	not_detected
votu_b1d78b9d3157f56f01ae	target_a70b55d2c2096533e6cf	SID531361	CRC	0	0.0	true	true			assessed	not_detected
votu_b1d78b9d3157f56f01ae	target_a70b55d2c2096533e6cf	SID531469	CRC	0	0.0	true	true			assessed	not_detected
votu_b1d78b9d3157f56f01ae	target_a70b55d2c2096533e6cf	SID532796	control	0	0.0	true	true			assessed	not_detected
votu_b1dfc6d56a17c5533f74	target_ede526de6ff20a7d27ca	SID31160	control	0	0.0	true	true			assessed	not_detected
votu_b1dfc6d56a17c5533f74	target_ede526de6ff20a7d27ca	SID31512	control	0	0.0	true	true			assessed	not_detected
votu_b1dfc6d56a17c5533f74	target_ede526de6ff20a7d27ca	SID31866	CRC	0	0.00288857680035999	true	true			assessed	not_detected
votu_b1dfc6d56a17c5533f74	target_ede526de6ff20a7d27ca	SID530295	control	0	0.0015750409169236665	true	true			assessed	not_detected
votu_b1dfc6d56a17c5533f74	target_ede526de6ff20a7d27ca	SID530368	control	0	0.006581138498091944	true	true			assessed	not_detected
votu_b1dfc6d56a17c5533f74	target_ede526de6ff20a7d27ca	SID530373	CRC	0	0.0	true	true			assessed	not_detected
votu_b1dfc6d56a17c5533f74	target_ede526de6ff20a7d27ca	SID531248	CRC	1	3.4403690042863704	true	true			assessed	detected
votu_b1dfc6d56a17c5533f74	target_ede526de6ff20a7d27ca	SID531361	CRC	0	0.0	true	true			assessed	not_detected
votu_b1dfc6d56a17c5533f74	target_ede526de6ff20a7d27ca	SID531469	CRC	0	0.0	true	true			assessed	not_detected
votu_b1dfc6d56a17c5533f74	target_ede526de6ff20a7d27ca	SID532796	control	0	0.0	true	true			assessed	not_detected
votu_b24c3e8871674dcde9c2	target_19c6d32cc0fdeb39f1d0	SID31160	control	0	0.0	true	true			assessed	not_detected
votu_b24c3e8871674dcde9c2	target_19c6d32cc0fdeb39f1d0	SID31512	control	0	0.0007321083410092692	true	true			assessed	not_detected
votu_b24c3e8871674dcde9c2	target_19c6d32cc0fdeb39f1d0	SID31866	CRC		0.0	false	true	detection_status_not_resolvable		assessed	not_resolvable
votu_b24c3e8871674dcde9c2	target_19c6d32cc0fdeb39f1d0	SID530295	control		0.0	false	true	detection_status_not_resolvable		assessed	not_resolvable
votu_b24c3e8871674dcde9c2	target_19c6d32cc0fdeb39f1d0	SID530368	control		0.0	false	true	detection_status_not_resolvable		assessed	not_resolvable
votu_b24c3e8871674dcde9c2	target_19c6d32cc0fdeb39f1d0	SID530373	CRC		0.0	false	true	detection_status_not_resolvable		assessed	not_resolvable
votu_b24c3e8871674dcde9c2	target_19c6d32cc0fdeb39f1d0	SID531248	CRC		0.0	false	true	detection_status_not_resolvable		assessed	not_resolvable
votu_b24c3e8871674dcde9c2	target_19c6d32cc0fdeb39f1d0	SID531361	CRC		0.0	false	true	detection_status_not_resolvable		assessed	not_resolvable
votu_b24c3e8871674dcde9c2	target_19c6d32cc0fdeb39f1d0	SID531469	CRC		0.0	false	true	detection_status_not_resolvable		assessed	not_resolvable
votu_b24c3e8871674dcde9c2	target_19c6d32cc0fdeb39f1d0	SID532796	control		0.0	false	true	detection_status_not_resolvable		assessed	not_resolvable
votu_b2536000d627223f92e9	target_3602fec9a602b7f47968	SID31160	control	0	0.0009837004511916352	true	true			assessed	not_detected
votu_b2536000d627223f92e9	target_3602fec9a602b7f47968	SID31512	control	1	3.1231031722370566	true	true			assessed	detected
votu_b2536000d627223f92e9	target_3602fec9a602b7f47968	SID31866	CRC	0	0.0	true	true			assessed	not_detected
votu_b2536000d627223f92e9	target_3602fec9a602b7f47968	SID530295	control	0	0.0	true	true			assessed	not_detected
votu_b2536000d627223f92e9	target_3602fec9a602b7f47968	SID530368	control	0	0.0	true	true			assessed	not_detected
votu_b2536000d627223f92e9	target_3602fec9a602b7f47968	SID530373	CRC	0	0.0	true	true			assessed	not_detected
votu_b2536000d627223f92e9	target_3602fec9a602b7f47968	SID531248	CRC	0	0.0	true	true			assessed	not_detected
votu_b2536000d627223f92e9	target_3602fec9a602b7f47968	SID531361	CRC	0	0.0	true	true			assessed	not_detected
votu_b2536000d627223f92e9	target_3602fec9a602b7f47968	SID531469	CRC	0	0.0	true	true			assessed	not_detected
votu_b2536000d627223f92e9	target_3602fec9a602b7f47968	SID532796	control	0	0.0	true	true			assessed	not_detected
votu_b2da37aacc4366eec9c7	target_71a487d26e9795efc398	SID31160	control	0	0.0	true	true			assessed	not_detected
votu_b2da37aacc4366eec9c7	target_71a487d26e9795efc398	SID31512	control		0.0	false	true	detection_status_not_resolvable		assessed	not_resolvable
votu_b2da37aacc4366eec9c7	target_71a487d26e9795efc398	SID31866	CRC		0.0	false	true	detection_status_not_resolvable		assessed	not_resolvable
votu_b2da37aacc4366eec9c7	target_71a487d26e9795efc398	SID530295	control	0	0.0	true	true			assessed	not_detected
votu_b2da37aacc4366eec9c7	target_71a487d26e9795efc398	SID530368	control		0.0	false	true	detection_status_not_resolvable		assessed	not_resolvable
votu_b2da37aacc4366eec9c7	target_71a487d26e9795efc398	SID530373	CRC		0.0	false	true	detection_status_not_resolvable		assessed	not_resolvable
votu_b2da37aacc4366eec9c7	target_71a487d26e9795efc398	SID531248	CRC	0	0.0	true	true			assessed	not_detected
votu_b2da37aacc4366eec9c7	target_71a487d26e9795efc398	SID531361	CRC	0	0.0	true	true			assessed	not_detected
votu_b2da37aacc4366eec9c7	target_71a487d26e9795efc398	SID531469	CRC		0.0	false	true	detection_status_not_resolvable		assessed	not_resolvable
votu_b2da37aacc4366eec9c7	target_71a487d26e9795efc398	SID532796	control		0.0	false	true	detection_status_not_resolvable		assessed	not_resolvable
votu_b3f0bf7b8e45a4ce96b5	target_48a4c86bd3c79fb477f2	SID31160	control	0	0.0	true	true			assessed	not_detected
votu_b3f0bf7b8e45a4ce96b5	target_48a4c86bd3c79fb477f2	SID31512	control	0	0.0	true	true			assessed	not_detected
votu_b3f0bf7b8e45a4ce96b5	target_48a4c86bd3c79fb477f2	SID31866	CRC		0.0	false	true	detection_status_not_resolvable		assessed	not_resolvable
votu_b3f0bf7b8e45a4ce96b5	target_48a4c86bd3c79fb477f2	SID530295	control	0	0.0	true	true			assessed	not_detected
votu_b3f0bf7b8e45a4ce96b5	target_48a4c86bd3c79fb477f2	SID530368	control		0.0	false	true	detection_status_not_resolvable		assessed	not_resolvable
votu_b3f0bf7b8e45a4ce96b5	target_48a4c86bd3c79fb477f2	SID530373	CRC	0	0.0	true	true			assessed	not_detected
votu_b3f0bf7b8e45a4ce96b5	target_48a4c86bd3c79fb477f2	SID531248	CRC	0	0.0	true	true			assessed	not_detected
votu_b3f0bf7b8e45a4ce96b5	target_48a4c86bd3c79fb477f2	SID531361	CRC	0	0.0	true	true			assessed	not_detected
votu_b3f0bf7b8e45a4ce96b5	target_48a4c86bd3c79fb477f2	SID531469	CRC	0	0.0	true	true			assessed	not_detected
votu_b3f0bf7b8e45a4ce96b5	target_48a4c86bd3c79fb477f2	SID532796	control		0.0	false	true	detection_status_not_resolvable		assessed	not_resolvable
votu_b447a9d07d6450fbfee7	target_432549907906dcf6d9f0	SID31160	control	0	0.0	true	true			assessed	not_detected
votu_b447a9d07d6450fbfee7	target_432549907906dcf6d9f0	SID31512	control	0	0.0	true	true			assessed	not_detected
votu_b447a9d07d6450fbfee7	target_432549907906dcf6d9f0	SID31866	CRC	0	0.0	true	true			assessed	not_detected
votu_b447a9d07d6450fbfee7	target_432549907906dcf6d9f0	SID530295	control	1	3.656073790239831	true	true			assessed	detected
votu_b447a9d07d6450fbfee7	target_432549907906dcf6d9f0	SID530368	control	0	0.005196091762234679	true	true			assessed	not_detected
votu_b447a9d07d6450fbfee7	target_432549907906dcf6d9f0	SID530373	CRC	0	0.0	true	true			assessed	not_detected
votu_b447a9d07d6450fbfee7	target_432549907906dcf6d9f0	SID531248	CRC	0	0.0	true	true			assessed	not_detected
votu_b447a9d07d6450fbfee7	target_432549907906dcf6d9f0	SID531361	CRC	0	0.0	true	true			assessed	not_detected
votu_b447a9d07d6450fbfee7	target_432549907906dcf6d9f0	SID531469	CRC	0	0.0	true	true			assessed	not_detected
votu_b447a9d07d6450fbfee7	target_432549907906dcf6d9f0	SID532796	control	0	0.0	true	true			assessed	not_detected
votu_b449c47493c8ad1bfb06	target_cbc9cc2f231772fc902e	SID31160	control		1.422812934264014	false	true	detection_status_not_detected_at_resolved_signal		assessed	not_detected_at_resolved_signal
votu_b449c47493c8ad1bfb06	target_cbc9cc2f231772fc902e	SID31512	control		0.017981087484174388	false	true	detection_status_not_detected_at_resolved_signal		assessed	not_detected_at_resolved_signal
votu_b449c47493c8ad1bfb06	target_cbc9cc2f231772fc902e	SID31866	CRC		0.037367584794276744	false	true	detection_status_not_detected_at_resolved_signal		assessed	not_detected_at_resolved_signal
votu_b449c47493c8ad1bfb06	target_cbc9cc2f231772fc902e	SID530295	control		0.19831910190741175	false	true	detection_status_not_detected_at_resolved_signal		assessed	not_detected_at_resolved_signal
votu_b449c47493c8ad1bfb06	target_cbc9cc2f231772fc902e	SID530368	control		0.1891906313630388	false	true	detection_status_not_detected_at_resolved_signal		assessed	not_detected_at_resolved_signal
votu_b449c47493c8ad1bfb06	target_cbc9cc2f231772fc902e	SID530373	CRC		0.007682815615574642	false	true	detection_status_not_detected_at_resolved_signal		assessed	not_detected_at_resolved_signal
votu_b449c47493c8ad1bfb06	target_cbc9cc2f231772fc902e	SID531248	CRC		0.003923804384568988	false	true	detection_status_not_detected_at_resolved_signal		assessed	not_detected_at_resolved_signal
votu_b449c47493c8ad1bfb06	target_cbc9cc2f231772fc902e	SID531361	CRC		0.0	false	true	detection_status_not_resolvable		assessed	not_resolvable
votu_b449c47493c8ad1bfb06	target_cbc9cc2f231772fc902e	SID531469	CRC		1.4926982395572235	false	true	detection_status_not_detected_at_resolved_signal		assessed	not_detected_at_resolved_signal
votu_b449c47493c8ad1bfb06	target_cbc9cc2f231772fc902e	SID532796	control		0.4349361946331227	false	true	detection_status_not_detected_at_resolved_signal		assessed	not_detected_at_resolved_signal
votu_b4c449707b5dbc5bed83	target_e458e13bde92965c2189	SID31160	control		0.0012895791005547831	false	true	detection_status_not_detected_at_resolved_signal		assessed	not_detected_at_resolved_signal
votu_b4c449707b5dbc5bed83	target_e458e13bde92965c2189	SID31512	control		0.0	false	true	detection_status_not_resolvable		assessed	not_resolvable
votu_b4c449707b5dbc5bed83	target_e458e13bde92965c2189	SID31866	CRC		0.0014851311523581636	false	true	detection_status_not_detected_at_resolved_signal		assessed	not_detected_at_resolved_signal
votu_b4c449707b5dbc5bed83	target_e458e13bde92965c2189	SID530295	control		0.0032391623884406844	false	true	detection_status_not_detected_at_resolved_signal		assessed	not_detected_at_resolved_signal
votu_b4c449707b5dbc5bed83	target_e458e13bde92965c2189	SID530368	control		0.0	false	true	detection_status_not_resolvable		assessed	not_resolvable
votu_b4c449707b5dbc5bed83	target_e458e13bde92965c2189	SID530373	CRC		0.0	false	true	detection_status_not_resolvable		assessed	not_resolvable
votu_b4c449707b5dbc5bed83	target_e458e13bde92965c2189	SID531248	CRC		0.21052849990553577	false	true	detection_status_not_detected_at_resolved_signal		assessed	not_detected_at_resolved_signal
votu_b4c449707b5dbc5bed83	target_e458e13bde92965c2189	SID531361	CRC		0.029797772611037106	false	true	detection_status_not_detected_at_resolved_signal		assessed	not_detected_at_resolved_signal
votu_b4c449707b5dbc5bed83	target_e458e13bde92965c2189	SID531469	CRC		0.0	false	true	detection_status_not_resolvable		assessed	not_resolvable
votu_b4c449707b5dbc5bed83	target_e458e13bde92965c2189	SID532796	control		0.0006240445010938773	false	true	detection_status_not_detected_at_resolved_signal		assessed	not_detected_at_resolved_signal
votu_b4db8910315bb5b38ab8	target_2d91b118474faba80306	SID31160	control	0	0.0	true	true			assessed	not_detected
votu_b4db8910315bb5b38ab8	target_2d91b118474faba80306	SID31512	control		0.0	false	true	detection_status_not_resolvable		assessed	not_resolvable
votu_b4db8910315bb5b38ab8	target_2d91b118474faba80306	SID31866	CRC		0.0	false	true	detection_status_not_resolvable		assessed	not_resolvable
votu_b4db8910315bb5b38ab8	target_2d91b118474faba80306	SID530295	control	0	0.0	true	true			assessed	not_detected
votu_b4db8910315bb5b38ab8	target_2d91b118474faba80306	SID530368	control		0.0	false	true	detection_status_not_resolvable		assessed	not_resolvable
votu_b4db8910315bb5b38ab8	target_2d91b118474faba80306	SID530373	CRC		0.0	false	true	detection_status_not_resolvable		assessed	not_resolvable
votu_b4db8910315bb5b38ab8	target_2d91b118474faba80306	SID531248	CRC	0	0.0	true	true			assessed	not_detected
votu_b4db8910315bb5b38ab8	target_2d91b118474faba80306	SID531361	CRC	0	0.0	true	true			assessed	not_detected
votu_b4db8910315bb5b38ab8	target_2d91b118474faba80306	SID531469	CRC		0.0	false	true	detection_status_not_resolvable		assessed	not_resolvable
votu_b4db8910315bb5b38ab8	target_2d91b118474faba80306	SID532796	control		0.0	false	true	detection_status_not_resolvable		assessed	not_resolvable
votu_b5a546771e4e429b5af4	target_380d090dcbf7b9c8bfca	SID31160	control	0	0.0	true	true			assessed	not_detected
votu_b5a546771e4e429b5af4	target_380d090dcbf7b9c8bfca	SID31512	control	1	8.999110899947523	true	true			assessed	detected
votu_b5a546771e4e429b5af4	target_380d090dcbf7b9c8bfca	SID31866	CRC	0	0.0	true	true			assessed	not_detected
votu_b5a546771e4e429b5af4	target_380d090dcbf7b9c8bfca	SID530295	control		0.005266228291174116	false	true	detection_status_not_detected_at_resolved_signal		assessed	not_detected_at_resolved_signal
votu_b5a546771e4e429b5af4	target_380d090dcbf7b9c8bfca	SID530368	control	0	0.0	true	true			assessed	not_detected
votu_b5a546771e4e429b5af4	target_380d090dcbf7b9c8bfca	SID530373	CRC	0	0.0	true	true			assessed	not_detected
votu_b5a546771e4e429b5af4	target_380d090dcbf7b9c8bfca	SID531248	CRC	0	0.0	true	true			assessed	not_detected
votu_b5a546771e4e429b5af4	target_380d090dcbf7b9c8bfca	SID531361	CRC	0	0.0	true	true			assessed	not_detected
votu_b5a546771e4e429b5af4	target_380d090dcbf7b9c8bfca	SID531469	CRC	0	0.0	true	true			assessed	not_detected
votu_b5a546771e4e429b5af4	target_380d090dcbf7b9c8bfca	SID532796	control	0	0.0	true	true			assessed	not_detected
votu_b613d4ae9691860b9c75	target_c9acc57ca65510569815	SID31160	control		0.07697421299162635	false	true	detection_status_not_detected_at_resolved_signal		assessed	not_detected_at_resolved_signal
votu_b613d4ae9691860b9c75	target_c9acc57ca65510569815	SID31512	control		0.05107404118731563	false	true	detection_status_not_detected_at_resolved_signal		assessed	not_detected_at_resolved_signal
votu_b613d4ae9691860b9c75	target_c9acc57ca65510569815	SID31866	CRC		0.026906284846981668	false	true	detection_status_not_detected_at_resolved_signal		assessed	not_detected_at_resolved_signal
votu_b613d4ae9691860b9c75	target_c9acc57ca65510569815	SID530295	control		0.036153697224419815	false	true	detection_status_not_detected_at_resolved_signal		assessed	not_detected_at_resolved_signal
votu_b613d4ae9691860b9c75	target_c9acc57ca65510569815	SID530368	control	0	0.010216910684472197	true	true			assessed	not_detected
votu_b613d4ae9691860b9c75	target_c9acc57ca65510569815	SID530373	CRC		0.8499463085819958	false	true	detection_status_not_detected_at_resolved_signal		assessed	not_detected_at_resolved_signal
votu_b613d4ae9691860b9c75	target_c9acc57ca65510569815	SID531248	CRC		0.2134117835797807	false	true	detection_status_not_detected_at_resolved_signal		assessed	not_detected_at_resolved_signal
votu_b613d4ae9691860b9c75	target_c9acc57ca65510569815	SID531361	CRC		0.059071681321836024	false	true	detection_status_not_detected_at_resolved_signal		assessed	not_detected_at_resolved_signal
votu_b613d4ae9691860b9c75	target_c9acc57ca65510569815	SID531469	CRC	1	3.6950577464139402	true	true			assessed	detected
votu_b613d4ae9691860b9c75	target_c9acc57ca65510569815	SID532796	control	1	7.558790373514752	true	true			assessed	detected
votu_b659057f4c10b43acf01	target_fc89c6466847a58bc7d3	SID31160	control	0	0.0	true	true			assessed	not_detected
votu_b659057f4c10b43acf01	target_fc89c6466847a58bc7d3	SID31512	control	0	0.0	true	true			assessed	not_detected
votu_b659057f4c10b43acf01	target_fc89c6466847a58bc7d3	SID31866	CRC	1	21.809544562638088	true	true			assessed	detected
votu_b659057f4c10b43acf01	target_fc89c6466847a58bc7d3	SID530295	control	0	0.0	true	true			assessed	not_detected
votu_b659057f4c10b43acf01	target_fc89c6466847a58bc7d3	SID530368	control	0	0.0	true	true			assessed	not_detected
votu_b659057f4c10b43acf01	target_fc89c6466847a58bc7d3	SID530373	CRC	0	0.0	true	true			assessed	not_detected
votu_b659057f4c10b43acf01	target_fc89c6466847a58bc7d3	SID531248	CRC	0	0.0	true	true			assessed	not_detected
votu_b659057f4c10b43acf01	target_fc89c6466847a58bc7d3	SID531361	CRC	0	0.028636330564502207	true	true			assessed	not_detected
votu_b659057f4c10b43acf01	target_fc89c6466847a58bc7d3	SID531469	CRC	0	0.0	true	true			assessed	not_detected
votu_b659057f4c10b43acf01	target_fc89c6466847a58bc7d3	SID532796	control	0	0.0	true	true			assessed	not_detected
votu_b70e5a5f6aa8e20f6868	target_a4fd172000e5a8dc6982	SID31160	control	0	0.0039537061373906765	true	true			assessed	not_detected
votu_b70e5a5f6aa8e20f6868	target_a4fd172000e5a8dc6982	SID31512	control	0	0.0	true	true			assessed	not_detected
votu_b70e5a5f6aa8e20f6868	target_a4fd172000e5a8dc6982	SID31866	CRC		0.0	false	true	detection_status_not_resolvable		assessed	not_resolvable
votu_b70e5a5f6aa8e20f6868	target_a4fd172000e5a8dc6982	SID530295	control	0	0.0	true	true			assessed	not_detected
votu_b70e5a5f6aa8e20f6868	target_a4fd172000e5a8dc6982	SID530368	control	0	0.0	true	true			assessed	not_detected
votu_b70e5a5f6aa8e20f6868	target_a4fd172000e5a8dc6982	SID530373	CRC	0	0.0037446099053849934	true	true			assessed	not_detected
votu_b70e5a5f6aa8e20f6868	target_a4fd172000e5a8dc6982	SID531248	CRC	1	3.624121372079338	true	true			assessed	detected
votu_b70e5a5f6aa8e20f6868	target_a4fd172000e5a8dc6982	SID531361	CRC	0	0.0	true	true			assessed	not_detected
votu_b70e5a5f6aa8e20f6868	target_a4fd172000e5a8dc6982	SID531469	CRC	0	0.015414029767040467	true	true			assessed	not_detected
votu_b70e5a5f6aa8e20f6868	target_a4fd172000e5a8dc6982	SID532796	control	0	0.0	true	true			assessed	not_detected
votu_b7a1b3a80cef948e2088	target_8e6d36f643255140c561	SID31160	control	1	2.7974967019199983	true	true			assessed	detected
votu_b7a1b3a80cef948e2088	target_8e6d36f643255140c561	SID31512	control	0	0.0	true	true			assessed	not_detected
votu_b7a1b3a80cef948e2088	target_8e6d36f643255140c561	SID31866	CRC	0	0.1142579558772469	true	true			assessed	not_detected
votu_b7a1b3a80cef948e2088	target_8e6d36f643255140c561	SID530295	control	0	0.0	true	true			assessed	not_detected
votu_b7a1b3a80cef948e2088	target_8e6d36f643255140c561	SID530368	control	0	0.0	true	true			assessed	not_detected
votu_b7a1b3a80cef948e2088	target_8e6d36f643255140c561	SID530373	CRC	0	0.0	true	true			assessed	not_detected
votu_b7a1b3a80cef948e2088	target_8e6d36f643255140c561	SID531248	CRC	0	0.0	true	true			assessed	not_detected
votu_b7a1b3a80cef948e2088	target_8e6d36f643255140c561	SID531361	CRC	0	0.0	true	true			assessed	not_detected
votu_b7a1b3a80cef948e2088	target_8e6d36f643255140c561	SID531469	CRC	0	0.0	true	true			assessed	not_detected
votu_b7a1b3a80cef948e2088	target_8e6d36f643255140c561	SID532796	control	0	0.0	true	true			assessed	not_detected
votu_b7a7b96cf99741cfc25a	target_9f707dc9a7d883861a00	SID31160	control	0	0.0	true	true			assessed	not_detected
votu_b7a7b96cf99741cfc25a	target_9f707dc9a7d883861a00	SID31512	control	0	0.0	true	true			assessed	not_detected
votu_b7a7b96cf99741cfc25a	target_9f707dc9a7d883861a00	SID31866	CRC		0.006604495413842317	false	true	detection_status_not_detected_at_resolved_signal		assessed	not_detected_at_resolved_signal
votu_b7a7b96cf99741cfc25a	target_9f707dc9a7d883861a00	SID530295	control	0	0.0	true	true			assessed	not_detected
votu_b7a7b96cf99741cfc25a	target_9f707dc9a7d883861a00	SID530368	control	0	0.0	true	true			assessed	not_detected
votu_b7a7b96cf99741cfc25a	target_9f707dc9a7d883861a00	SID530373	CRC	0	0.0	true	true			assessed	not_detected
votu_b7a7b96cf99741cfc25a	target_9f707dc9a7d883861a00	SID531248	CRC	0	0.0	true	true			assessed	not_detected
votu_b7a7b96cf99741cfc25a	target_9f707dc9a7d883861a00	SID531361	CRC	0	0.0	true	true			assessed	not_detected
votu_b7a7b96cf99741cfc25a	target_9f707dc9a7d883861a00	SID531469	CRC		0.5845042553400658	false	true	detection_status_not_detected_at_resolved_signal		assessed	not_detected_at_resolved_signal
votu_b7a7b96cf99741cfc25a	target_9f707dc9a7d883861a00	SID532796	control	1	1.5651987758626797	true	true			assessed	detected
votu_b7cff746636a3e40d2a8	target_a6baa75ef228f6885c1b	SID31160	control	0	0.0	true	true			assessed	not_detected
votu_b7cff746636a3e40d2a8	target_a6baa75ef228f6885c1b	SID31512	control	0	0.0	true	true			assessed	not_detected
votu_b7cff746636a3e40d2a8	target_a6baa75ef228f6885c1b	SID31866	CRC	0	0.0024794343684074547	true	true			assessed	not_detected
votu_b7cff746636a3e40d2a8	target_a6baa75ef228f6885c1b	SID530295	control	0	0.0027038994293534734	true	true			assessed	not_detected
votu_b7cff746636a3e40d2a8	target_a6baa75ef228f6885c1b	SID530368	control	1	2.832019960368379	true	true			assessed	detected
votu_b7cff746636a3e40d2a8	target_a6baa75ef228f6885c1b	SID530373	CRC	0	0.005097743723140173	true	true			assessed	not_detected
votu_b7cff746636a3e40d2a8	target_a6baa75ef228f6885c1b	SID531248	CRC	0	0.002603544087628132	true	true			assessed	not_detected
votu_b7cff746636a3e40d2a8	target_a6baa75ef228f6885c1b	SID531361	CRC	0	0.009526124694597354	true	true			assessed	not_detected
votu_b7cff746636a3e40d2a8	target_a6baa75ef228f6885c1b	SID531469	CRC	0	0.0020983967750613434	true	true			assessed	not_detected
votu_b7cff746636a3e40d2a8	target_a6baa75ef228f6885c1b	SID532796	control	0	0.019795066744407726	true	true			assessed	not_detected
votu_b7f4e00754fdeec4ed2d	target_a20de6b54a0b3bae0df2	SID31160	control	0	0.0	true	true			assessed	not_detected
votu_b7f4e00754fdeec4ed2d	target_a20de6b54a0b3bae0df2	SID31512	control	0	0.0	true	true			assessed	not_detected
votu_b7f4e00754fdeec4ed2d	target_a20de6b54a0b3bae0df2	SID31866	CRC	1	10.951822481132748	true	true			assessed	detected
votu_b7f4e00754fdeec4ed2d	target_a20de6b54a0b3bae0df2	SID530295	control	0	0.0	true	true			assessed	not_detected
votu_b7f4e00754fdeec4ed2d	target_a20de6b54a0b3bae0df2	SID530368	control	0	0.029207902035876514	true	true			assessed	not_detected
votu_b7f4e00754fdeec4ed2d	target_a20de6b54a0b3bae0df2	SID530373	CRC	0	0.07568444853371717	true	true			assessed	not_detected
votu_b7f4e00754fdeec4ed2d	target_a20de6b54a0b3bae0df2	SID531248	CRC	0	0.009615403983008685	true	true			assessed	not_detected
votu_b7f4e00754fdeec4ed2d	target_a20de6b54a0b3bae0df2	SID531361	CRC	1	0.9804013123579685	true	true			assessed	detected
votu_b7f4e00754fdeec4ed2d	target_a20de6b54a0b3bae0df2	SID531469	CRC	0	0.14647112373073562	true	true			assessed	not_detected
votu_b7f4e00754fdeec4ed2d	target_a20de6b54a0b3bae0df2	SID532796	control	0	0.6152539808931037	true	true			assessed	not_detected
votu_b8042d70c258be80167e	target_3857e0b056bd75657f3e	SID31160	control	1	6.045856426804317	true	true			assessed	detected
votu_b8042d70c258be80167e	target_3857e0b056bd75657f3e	SID31512	control		0.03701029963905401	false	true	detection_status_not_detected_at_resolved_signal		assessed	not_detected_at_resolved_signal
votu_b8042d70c258be80167e	target_3857e0b056bd75657f3e	SID31866	CRC	1	1.0403241506764525	true	true			assessed	detected
votu_b8042d70c258be80167e	target_3857e0b056bd75657f3e	SID530295	control	1	14.246245013866016	true	true			assessed	detected
votu_b8042d70c258be80167e	target_3857e0b056bd75657f3e	SID530368	control		0.03966205417112288	false	true	detection_status_not_detected_at_resolved_signal		assessed	not_detected_at_resolved_signal
votu_b8042d70c258be80167e	target_3857e0b056bd75657f3e	SID530373	CRC	1	0.6687338888186972	true	true			assessed	detected
votu_b8042d70c258be80167e	target_3857e0b056bd75657f3e	SID531248	CRC	1	1.277754993757405	true	true			assessed	detected
votu_b8042d70c258be80167e	target_3857e0b056bd75657f3e	SID531361	CRC	0	0.07357231508254883	true	true			assessed	not_detected
votu_b8042d70c258be80167e	target_3857e0b056bd75657f3e	SID531469	CRC		0.022541588420198863	false	true	detection_status_not_detected_at_resolved_signal		assessed	not_detected_at_resolved_signal
votu_b8042d70c258be80167e	target_3857e0b056bd75657f3e	SID532796	control		0.1659021042910095	false	true	detection_status_not_detected_at_resolved_signal		assessed	not_detected_at_resolved_signal
votu_b80b106781513223fee4	target_2873a22018a66f021eb1	SID31160	control	0	0.0	true	true			assessed	not_detected
votu_b80b106781513223fee4	target_2873a22018a66f021eb1	SID31512	control	0	0.0	true	true			assessed	not_detected
votu_b80b106781513223fee4	target_2873a22018a66f021eb1	SID31866	CRC	0	0.13352263635469167	true	true			assessed	not_detected
votu_b80b106781513223fee4	target_2873a22018a66f021eb1	SID530295	control	0	0.0	true	true			assessed	not_detected
votu_b80b106781513223fee4	target_2873a22018a66f021eb1	SID530368	control	0	0.0	true	true			assessed	not_detected
votu_b80b106781513223fee4	target_2873a22018a66f021eb1	SID530373	CRC	0	0.003208721798948796	true	true			assessed	not_detected
votu_b80b106781513223fee4	target_2873a22018a66f021eb1	SID531248	CRC	0	0.0	true	true			assessed	not_detected
votu_b80b106781513223fee4	target_2873a22018a66f021eb1	SID531361	CRC	1	11.603602924325257	true	true			assessed	detected
votu_b80b106781513223fee4	target_2873a22018a66f021eb1	SID531469	CRC	0	0.004402713462179565	true	true			assessed	not_detected
votu_b80b106781513223fee4	target_2873a22018a66f021eb1	SID532796	control	0	0.0	true	true			assessed	not_detected
votu_b8ea19bb33cbbb8e6521	target_6520264c3479e2ead7f1	SID31160	control	0	0.0	true	true			assessed	not_detected
votu_b8ea19bb33cbbb8e6521	target_6520264c3479e2ead7f1	SID31512	control	0	0.002024489979104401	true	true			assessed	not_detected
votu_b8ea19bb33cbbb8e6521	target_6520264c3479e2ead7f1	SID31866	CRC	0	0.001542645499584344	true	true			assessed	not_detected
votu_b8ea19bb33cbbb8e6521	target_6520264c3479e2ead7f1	SID530295	control		0.0	false	true	detection_status_not_resolvable		assessed	not_resolvable
votu_b8ea19bb33cbbb8e6521	target_6520264c3479e2ead7f1	SID530368	control	0	0.0	true	true			assessed	not_detected
votu_b8ea19bb33cbbb8e6521	target_6520264c3479e2ead7f1	SID530373	CRC	0	0.0	true	true			assessed	not_detected
votu_b8ea19bb33cbbb8e6521	target_6520264c3479e2ead7f1	SID531248	CRC		0.0009719181812411524	false	true	detection_status_not_detected_at_resolved_signal		assessed	not_detected_at_resolved_signal
votu_b8ea19bb33cbbb8e6521	target_6520264c3479e2ead7f1	SID531361	CRC	0	0.0003951286518099098	true	true			assessed	not_detected
votu_b8ea19bb33cbbb8e6521	target_6520264c3479e2ead7f1	SID531469	CRC	1	2.424840564151163	true	true			assessed	detected
votu_b8ea19bb33cbbb8e6521	target_6520264c3479e2ead7f1	SID532796	control	0	0.0	true	true			assessed	not_detected
votu_b9347e664da8e1cfbfa0	target_af96d57bf50a18412b1e	SID31160	control	0	0.0	true	true			assessed	not_detected
votu_b9347e664da8e1cfbfa0	target_af96d57bf50a18412b1e	SID31512	control	0	0.0	true	true			assessed	not_detected
votu_b9347e664da8e1cfbfa0	target_af96d57bf50a18412b1e	SID31866	CRC	0	0.0	true	true			assessed	not_detected
votu_b9347e664da8e1cfbfa0	target_af96d57bf50a18412b1e	SID530295	control	0	0.0	true	true			assessed	not_detected
votu_b9347e664da8e1cfbfa0	target_af96d57bf50a18412b1e	SID530368	control	0	0.0	true	true			assessed	not_detected
votu_b9347e664da8e1cfbfa0	target_af96d57bf50a18412b1e	SID530373	CRC	0	0.0	true	true			assessed	not_detected
votu_b9347e664da8e1cfbfa0	target_af96d57bf50a18412b1e	SID531248	CRC	0	0.0	true	true			assessed	not_detected
votu_b9347e664da8e1cfbfa0	target_af96d57bf50a18412b1e	SID531361	CRC	0	0.0	true	true			assessed	not_detected
votu_b9347e664da8e1cfbfa0	target_af96d57bf50a18412b1e	SID531469	CRC	0	0.0	true	true			assessed	not_detected
votu_b9347e664da8e1cfbfa0	target_af96d57bf50a18412b1e	SID532796	control	0	0.0	true	true			assessed	not_detected
votu_b956e61d50756b879e0a	target_7eb2a9b394ccd480c5a1	SID31160	control	0	0.11053028998952295	true	true			assessed	not_detected
votu_b956e61d50756b879e0a	target_7eb2a9b394ccd480c5a1	SID31512	control	0	0.0	true	true			assessed	not_detected
votu_b956e61d50756b879e0a	target_7eb2a9b394ccd480c5a1	SID31866	CRC	0	0.26905462999536434	true	true			assessed	not_detected
votu_b956e61d50756b879e0a	target_7eb2a9b394ccd480c5a1	SID530295	control	0	0.14060836251422765	true	true			assessed	not_detected
votu_b956e61d50756b879e0a	target_7eb2a9b394ccd480c5a1	SID530368	control	0	0.0	true	true			assessed	not_detected
votu_b956e61d50756b879e0a	target_7eb2a9b394ccd480c5a1	SID530373	CRC	0	0.011361137859638385	true	true			assessed	not_detected
votu_b956e61d50756b879e0a	target_7eb2a9b394ccd480c5a1	SID531248	CRC	0	0.06838560225424445	true	true			assessed	not_detected
votu_b956e61d50756b879e0a	target_7eb2a9b394ccd480c5a1	SID531361	CRC	0	0.025274397244409663	true	true			assessed	not_detected
votu_b956e61d50756b879e0a	target_7eb2a9b394ccd480c5a1	SID531469	CRC	1	3.770519307068954	true	true			assessed	detected
votu_b956e61d50756b879e0a	target_7eb2a9b394ccd480c5a1	SID532796	control	0	0.0049755422645967745	true	true			assessed	not_detected
votu_b97bf3055e9df8b8a781	target_9a5c1f2ef61ebf4ccba2	SID31160	control		1.0509490931583672	false	true	detection_status_not_detected_at_resolved_signal		assessed	not_detected_at_resolved_signal
votu_b97bf3055e9df8b8a781	target_9a5c1f2ef61ebf4ccba2	SID31512	control	1	13.937252299131384	true	true			assessed	detected
votu_b97bf3055e9df8b8a781	target_9a5c1f2ef61ebf4ccba2	SID31866	CRC	0	0.13930799292115822	true	true			assessed	not_detected
votu_b97bf3055e9df8b8a781	target_9a5c1f2ef61ebf4ccba2	SID530295	control	0	0.06722108427021853	true	true			assessed	not_detected
votu_b97bf3055e9df8b8a781	target_9a5c1f2ef61ebf4ccba2	SID530368	control	0	1.7976066965961954	true	true			assessed	not_detected
votu_b97bf3055e9df8b8a781	target_9a5c1f2ef61ebf4ccba2	SID530373	CRC	0	0.11558136419319613	true	true			assessed	not_detected
votu_b97bf3055e9df8b8a781	target_9a5c1f2ef61ebf4ccba2	SID531248	CRC	1	1.0032556486916635	true	true			assessed	detected
votu_b97bf3055e9df8b8a781	target_9a5c1f2ef61ebf4ccba2	SID531361	CRC	0	0.01263077413629502	true	true			assessed	not_detected
votu_b97bf3055e9df8b8a781	target_9a5c1f2ef61ebf4ccba2	SID531469	CRC	0	1.1839484039611308	true	true			assessed	not_detected
votu_b97bf3055e9df8b8a781	target_9a5c1f2ef61ebf4ccba2	SID532796	control	1	3.934896380839157	true	true			assessed	detected
votu_b99fa5ddb5caf5bb86a9	target_07454cd0462374054c38	SID31160	control	0	0.033862822384319376	true	true			assessed	not_detected
votu_b99fa5ddb5caf5bb86a9	target_07454cd0462374054c38	SID31512	control	1	4.384993230597439	true	true			assessed	detected
votu_b99fa5ddb5caf5bb86a9	target_07454cd0462374054c38	SID31866	CRC	0	0.0	true	true			assessed	not_detected
votu_b99fa5ddb5caf5bb86a9	target_07454cd0462374054c38	SID530295	control	0	0.009072701262940477	true	true			assessed	not_detected
votu_b99fa5ddb5caf5bb86a9	target_07454cd0462374054c38	SID530368	control	0	0.0	true	true			assessed	not_detected
votu_b99fa5ddb5caf5bb86a9	target_07454cd0462374054c38	SID530373	CRC	0	0.017960291231115273	true	true			assessed	not_detected
votu_b99fa5ddb5caf5bb86a9	target_07454cd0462374054c38	SID531248	CRC	0	0.07316372841290972	true	true			assessed	not_detected
votu_b99fa5ddb5caf5bb86a9	target_07454cd0462374054c38	SID531361	CRC	0	0.07058736446665502	true	true			assessed	not_detected
votu_b99fa5ddb5caf5bb86a9	target_07454cd0462374054c38	SID531469	CRC	0	0.15842226025600845	true	true			assessed	not_detected
votu_b99fa5ddb5caf5bb86a9	target_07454cd0462374054c38	SID532796	control	0	0.1337152331528286	true	true			assessed	not_detected
votu_bbd91134c5908c036efe	target_70ebece1c46ad8f2bfd7	SID31160	control	0	0.0	true	true			assessed	not_detected
votu_bbd91134c5908c036efe	target_70ebece1c46ad8f2bfd7	SID31512	control	0	0.0	true	true			assessed	not_detected
votu_bbd91134c5908c036efe	target_70ebece1c46ad8f2bfd7	SID31866	CRC		0.0	false	true	detection_status_not_resolvable		assessed	not_resolvable
votu_bbd91134c5908c036efe	target_70ebece1c46ad8f2bfd7	SID530295	control		0.0	false	true	detection_status_not_resolvable		assessed	not_resolvable
votu_bbd91134c5908c036efe	target_70ebece1c46ad8f2bfd7	SID530368	control		0.0	false	true	detection_status_not_resolvable		assessed	not_resolvable
votu_bbd91134c5908c036efe	target_70ebece1c46ad8f2bfd7	SID530373	CRC		0.0	false	true	detection_status_not_resolvable		assessed	not_resolvable
votu_bbd91134c5908c036efe	target_70ebece1c46ad8f2bfd7	SID531248	CRC	0	0.0	true	true			assessed	not_detected
votu_bbd91134c5908c036efe	target_70ebece1c46ad8f2bfd7	SID531361	CRC	0	0.0	true	true			assessed	not_detected
votu_bbd91134c5908c036efe	target_70ebece1c46ad8f2bfd7	SID531469	CRC		0.0	false	true	detection_status_not_resolvable		assessed	not_resolvable
votu_bbd91134c5908c036efe	target_70ebece1c46ad8f2bfd7	SID532796	control		0.0	false	true	detection_status_not_resolvable		assessed	not_resolvable
votu_bc6ba2c6bd0f2aa382aa	target_b4d70304287c5395e141	SID31160	control	0	0.0273210519491012	true	true			assessed	not_detected
votu_bc6ba2c6bd0f2aa382aa	target_b4d70304287c5395e141	SID31512	control	0	0.017332357249060397	true	true			assessed	not_detected
votu_bc6ba2c6bd0f2aa382aa	target_b4d70304287c5395e141	SID31866	CRC		0.02252979362759574	false	true	detection_status_not_detected_at_resolved_signal		assessed	not_detected_at_resolved_signal
votu_bc6ba2c6bd0f2aa382aa	target_b4d70304287c5395e141	SID530295	control	0	0.21943045169013223	true	true			assessed	not_detected
votu_bc6ba2c6bd0f2aa382aa	target_b4d70304287c5395e141	SID530368	control	0	0.29264206257139913	true	true			assessed	not_detected
votu_bc6ba2c6bd0f2aa382aa	target_b4d70304287c5395e141	SID530373	CRC	0	0.006708630739652468	true	true			assessed	not_detected
votu_bc6ba2c6bd0f2aa382aa	target_b4d70304287c5395e141	SID531248	CRC	0	0.0277364230135317	true	true			assessed	not_detected
votu_bc6ba2c6bd0f2aa382aa	target_b4d70304287c5395e141	SID531361	CRC	0	0.0009949508014357236	true	true			assessed	not_detected
votu_bc6ba2c6bd0f2aa382aa	target_b4d70304287c5395e141	SID531469	CRC	1	2.8354586423016404	true	true			assessed	detected
votu_bc6ba2c6bd0f2aa382aa	target_b4d70304287c5395e141	SID532796	control	0	0.16452826001457202	true	true			assessed	not_detected
votu_bd1785a6a9ff8f5ca0be	target_c708e2c80fd1cadfeb2f	SID31160	control	0	0.0	true	true			assessed	not_detected
votu_bd1785a6a9ff8f5ca0be	target_c708e2c80fd1cadfeb2f	SID31512	control	0	0.0	true	true			assessed	not_detected
votu_bd1785a6a9ff8f5ca0be	target_c708e2c80fd1cadfeb2f	SID31866	CRC	0	0.0	true	true			assessed	not_detected
votu_bd1785a6a9ff8f5ca0be	target_c708e2c80fd1cadfeb2f	SID530295	control	0	0.0	true	true			assessed	not_detected
votu_bd1785a6a9ff8f5ca0be	target_c708e2c80fd1cadfeb2f	SID530368	control	0	0.0	true	true			assessed	not_detected
votu_bd1785a6a9ff8f5ca0be	target_c708e2c80fd1cadfeb2f	SID530373	CRC	0	0.0	true	true			assessed	not_detected
votu_bd1785a6a9ff8f5ca0be	target_c708e2c80fd1cadfeb2f	SID531248	CRC	0	0.0	true	true			assessed	not_detected
votu_bd1785a6a9ff8f5ca0be	target_c708e2c80fd1cadfeb2f	SID531361	CRC	0	0.0	true	true			assessed	not_detected
votu_bd1785a6a9ff8f5ca0be	target_c708e2c80fd1cadfeb2f	SID531469	CRC	0	0.0	true	true			assessed	not_detected
votu_bd1785a6a9ff8f5ca0be	target_c708e2c80fd1cadfeb2f	SID532796	control	1	5.742981467439622	true	true			assessed	detected
votu_bd1add4c25b62c04eb41	target_9a86e0c26a1ebc182b0f	SID31160	control	1	1.8967605420690408	true	true			assessed	detected
votu_bd1add4c25b62c04eb41	target_9a86e0c26a1ebc182b0f	SID31512	control	0	0.1357810493529966	true	true			assessed	not_detected
votu_bd1add4c25b62c04eb41	target_9a86e0c26a1ebc182b0f	SID31866	CRC	0	0.06207845735227661	true	true			assessed	not_detected
votu_bd1add4c25b62c04eb41	target_9a86e0c26a1ebc182b0f	SID530295	control	0	0.3511857968127912	true	true			assessed	not_detected
votu_bd1add4c25b62c04eb41	target_9a86e0c26a1ebc182b0f	SID530368	control	0	0.0	true	true			assessed	not_detected
votu_bd1add4c25b62c04eb41	target_9a86e0c26a1ebc182b0f	SID530373	CRC	0	0.0015954246981795283	true	true			assessed	not_detected
votu_bd1add4c25b62c04eb41	target_9a86e0c26a1ebc182b0f	SID531248	CRC	0	0.006790191186848121	true	true			assessed	not_detected
votu_bd1add4c25b62c04eb41	target_9a86e0c26a1ebc182b0f	SID531361	CRC	0	0.006625246793752792	true	true			assessed	not_detected
votu_bd1add4c25b62c04eb41	target_9a86e0c26a1ebc182b0f	SID531469	CRC	0	0.0016418214720741679	true	true			assessed	not_detected
votu_bd1add4c25b62c04eb41	target_9a86e0c26a1ebc182b0f	SID532796	control	0	0.0	true	true			assessed	not_detected
votu_bd21331de80702b47288	target_fca14d7cab703579c061	SID31160	control	0	0.0024955965401192914	true	true			assessed	not_detected
votu_bd21331de80702b47288	target_fca14d7cab703579c061	SID31512	control	0	0.0	true	true			assessed	not_detected
votu_bd21331de80702b47288	target_fca14d7cab703579c061	SID31866	CRC	1	1.5931702616481904	true	true			assessed	detected
votu_bd21331de80702b47288	target_fca14d7cab703579c061	SID530295	control	1	1.7656091218366183	true	true			assessed	detected
votu_bd21331de80702b47288	target_fca14d7cab703579c061	SID530368	control	0	0.0029102197936182257	true	true			assessed	not_detected
votu_bd21331de80702b47288	target_fca14d7cab703579c061	SID530373	CRC	0	0.0	true	true			assessed	not_detected
votu_bd21331de80702b47288	target_fca14d7cab703579c061	SID531248	CRC	1	2.788531067338132	true	true			assessed	detected
votu_bd21331de80702b47288	target_fca14d7cab703579c061	SID531361	CRC	0	0.0012269089440900354	true	true			assessed	not_detected
votu_bd21331de80702b47288	target_fca14d7cab703579c061	SID531469	CRC	0	0.0	true	true			assessed	not_detected
votu_bd21331de80702b47288	target_fca14d7cab703579c061	SID532796	control	0	0.0	true	true			assessed	not_detected
votu_bd330f87b437ba472db4	target_3248e088674ab08c864b	SID31160	control	0	0.04112218651623511	true	true			assessed	not_detected
votu_bd330f87b437ba472db4	target_3248e088674ab08c864b	SID31512	control	0	0.03714724467450541	true	true			assessed	not_detected
votu_bd330f87b437ba472db4	target_3248e088674ab08c864b	SID31866	CRC	0	0.003266066462924178	true	true			assessed	not_detected
votu_bd330f87b437ba472db4	target_3248e088674ab08c864b	SID530295	control	0	0.02018322687942446	true	true			assessed	not_detected
votu_bd330f87b437ba472db4	target_3248e088674ab08c864b	SID530368	control	0	0.0	true	true			assessed	not_detected
votu_bd330f87b437ba472db4	target_3248e088674ab08c864b	SID530373	CRC	1	9.284252696352427	true	true			assessed	detected
votu_bd330f87b437ba472db4	target_3248e088674ab08c864b	SID531248	CRC	0	0.018290941703360587	true	true			assessed	not_detected
votu_bd330f87b437ba472db4	target_3248e088674ab08c864b	SID531361	CRC	0	0.011154141277128694	true	true			assessed	not_detected
votu_bd330f87b437ba472db4	target_3248e088674ab08c864b	SID531469	CRC	0	0.0013820699229353107	true	true			assessed	not_detected
votu_bd330f87b437ba472db4	target_3248e088674ab08c864b	SID532796	control	0	0.0	true	true			assessed	not_detected
votu_bd46bd75363fc36155e5	target_dbc62d80228a34a43884	SID31160	control	0	0.0	true	true			assessed	not_detected
votu_bd46bd75363fc36155e5	target_dbc62d80228a34a43884	SID31512	control	0	0.0	true	true			assessed	not_detected
votu_bd46bd75363fc36155e5	target_dbc62d80228a34a43884	SID31866	CRC	0	0.0	true	true			assessed	not_detected
votu_bd46bd75363fc36155e5	target_dbc62d80228a34a43884	SID530295	control	0	0.0	true	true			assessed	not_detected
votu_bd46bd75363fc36155e5	target_dbc62d80228a34a43884	SID530368	control	0	0.0	true	true			assessed	not_detected
votu_bd46bd75363fc36155e5	target_dbc62d80228a34a43884	SID530373	CRC	0	0.0	true	true			assessed	not_detected
votu_bd46bd75363fc36155e5	target_dbc62d80228a34a43884	SID531248	CRC	0	0.0	true	true			assessed	not_detected
votu_bd46bd75363fc36155e5	target_dbc62d80228a34a43884	SID531361	CRC	0	0.0	true	true			assessed	not_detected
votu_bd46bd75363fc36155e5	target_dbc62d80228a34a43884	SID531469	CRC		0.0	false	true	detection_status_not_resolvable		assessed	not_resolvable
votu_bd46bd75363fc36155e5	target_dbc62d80228a34a43884	SID532796	control	0	0.0	true	true			assessed	not_detected
votu_be9081ff0c61ccfc3b7c	target_3a934e5a116ebeb94e96	SID31160	control	0	0.0	true	true			assessed	not_detected
votu_be9081ff0c61ccfc3b7c	target_3a934e5a116ebeb94e96	SID31512	control		0.001474169147794577	false	true	detection_status_not_detected_at_resolved_signal		assessed	not_detected_at_resolved_signal
votu_be9081ff0c61ccfc3b7c	target_3a934e5a116ebeb94e96	SID31866	CRC		0.3744351128668668	false	true	detection_status_not_detected_at_resolved_signal		assessed	not_detected_at_resolved_signal
votu_be9081ff0c61ccfc3b7c	target_3a934e5a116ebeb94e96	SID530295	control		0.3646413740623414	false	true	detection_status_not_detected_at_resolved_signal		assessed	not_detected_at_resolved_signal
votu_be9081ff0c61ccfc3b7c	target_3a934e5a116ebeb94e96	SID530368	control		0.0	false	true	detection_status_not_resolvable		assessed	not_resolvable
votu_be9081ff0c61ccfc3b7c	target_3a934e5a116ebeb94e96	SID530373	CRC		0.0013857167131306046	false	true	detection_status_not_detected_at_resolved_signal		assessed	not_detected_at_resolved_signal
votu_be9081ff0c61ccfc3b7c	target_3a934e5a116ebeb94e96	SID531248	CRC	0	0.0	true	true			assessed	not_detected
votu_be9081ff0c61ccfc3b7c	target_3a934e5a116ebeb94e96	SID531361	CRC	0	0.0	true	true			assessed	not_detected
votu_be9081ff0c61ccfc3b7c	target_3a934e5a116ebeb94e96	SID531469	CRC		0.0014260149391104992	false	true	detection_status_not_detected_at_resolved_signal		assessed	not_detected_at_resolved_signal
votu_be9081ff0c61ccfc3b7c	target_3a934e5a116ebeb94e96	SID532796	control	1	5.45593062351851	true	true			assessed	detected
votu_bee9adade5d319b07145	target_edcd94bb95be7f26f968	SID31160	control	1	6.17188778688273	true	true			assessed	detected
votu_bee9adade5d319b07145	target_edcd94bb95be7f26f968	SID31512	control	0	0.0	true	true			assessed	not_detected
votu_bee9adade5d319b07145	target_edcd94bb95be7f26f968	SID31866	CRC	1	1.1071081372604143	true	true			assessed	detected
votu_bee9adade5d319b07145	target_edcd94bb95be7f26f968	SID530295	control	0	0.027131134175934424	true	true			assessed	not_detected
votu_bee9adade5d319b07145	target_edcd94bb95be7f26f968	SID530368	control	0	0.048584792678879496	true	true			assessed	not_detected
votu_bee9adade5d319b07145	target_edcd94bb95be7f26f968	SID530373	CRC	0	0.0010960961003651107	true	true			assessed	not_detected
votu_bee9adade5d319b07145	target_edcd94bb95be7f26f968	SID531248	CRC	1	0.682027202807411	true	true			assessed	detected
votu_bee9adade5d319b07145	target_edcd94bb95be7f26f968	SID531361	CRC	0	0.09331001159060684	true	true			assessed	not_detected
votu_bee9adade5d319b07145	target_edcd94bb95be7f26f968	SID531469	CRC		0.002255943655742125	false	true	detection_status_not_detected_at_resolved_signal		assessed	not_detected_at_resolved_signal
votu_bee9adade5d319b07145	target_edcd94bb95be7f26f968	SID532796	control	0	0.0011200670151654249	true	true			assessed	not_detected
votu_bf222eaf2e64bbd50d11	target_204abc378249496213ea	SID31160	control	0	0.0	true	true			assessed	not_detected
votu_bf222eaf2e64bbd50d11	target_204abc378249496213ea	SID31512	control	0	0.0	true	true			assessed	not_detected
votu_bf222eaf2e64bbd50d11	target_204abc378249496213ea	SID31866	CRC	0	0.0033473760240095452	true	true			assessed	not_detected
votu_bf222eaf2e64bbd50d11	target_204abc378249496213ea	SID530295	control	0	0.0	true	true			assessed	not_detected
votu_bf222eaf2e64bbd50d11	target_204abc378249496213ea	SID530368	control		0.0	false	true	detection_status_not_resolvable		assessed	not_resolvable
votu_bf222eaf2e64bbd50d11	target_204abc378249496213ea	SID530373	CRC	0	0.0	true	true			assessed	not_detected
votu_bf222eaf2e64bbd50d11	target_204abc378249496213ea	SID531248	CRC		0.014059724536247197	false	true	detection_status_not_detected_at_resolved_signal		assessed	not_detected_at_resolved_signal
votu_bf222eaf2e64bbd50d11	target_204abc378249496213ea	SID531361	CRC	0	0.0	true	true			assessed	not_detected
votu_bf222eaf2e64bbd50d11	target_204abc378249496213ea	SID531469	CRC	0	0.005311788403637172	true	true			assessed	not_detected
votu_bf222eaf2e64bbd50d11	target_204abc378249496213ea	SID532796	control	0	0.0	true	true			assessed	not_detected
votu_bfb15d0e744d6c521740	target_27892122be144f358cf6	SID31160	control	0	0.0	true	true			assessed	not_detected
votu_bfb15d0e744d6c521740	target_27892122be144f358cf6	SID31512	control	0	0.0	true	true			assessed	not_detected
votu_bfb15d0e744d6c521740	target_27892122be144f358cf6	SID31866	CRC		0.003387636350598174	false	true	detection_status_not_detected_at_resolved_signal		assessed	not_detected_at_resolved_signal
votu_bfb15d0e744d6c521740	target_27892122be144f358cf6	SID530295	control		0.002462881080715427	false	true	detection_status_not_detected_at_resolved_signal		assessed	not_detected_at_resolved_signal
votu_bfb15d0e744d6c521740	target_27892122be144f358cf6	SID530368	control		0.0	false	true	detection_status_not_resolvable		assessed	not_resolvable
votu_bfb15d0e744d6c521740	target_27892122be144f358cf6	SID530373	CRC	0	0.0	true	true			assessed	not_detected
votu_bfb15d0e744d6c521740	target_27892122be144f358cf6	SID531248	CRC	0	0.0	true	true			assessed	not_detected
votu_bfb15d0e744d6c521740	target_27892122be144f358cf6	SID531361	CRC	0	0.0	true	true			assessed	not_detected
votu_bfb15d0e744d6c521740	target_27892122be144f358cf6	SID531469	CRC		0.0	false	true	detection_status_not_resolvable		assessed	not_resolvable
votu_bfb15d0e744d6c521740	target_27892122be144f358cf6	SID532796	control		0.0	false	true	detection_status_not_resolvable		assessed	not_resolvable
votu_bfb533b8254e6f9a50c5	target_21c163728d3636ec78f8	SID31160	control		0.0	false	true	detection_status_not_resolvable		assessed	not_resolvable
votu_bfb533b8254e6f9a50c5	target_21c163728d3636ec78f8	SID31512	control		0.0	false	true	detection_status_not_resolvable		assessed	not_resolvable
votu_bfb533b8254e6f9a50c5	target_21c163728d3636ec78f8	SID31866	CRC		0.0	false	true	detection_status_not_resolvable		assessed	not_resolvable
votu_bfb533b8254e6f9a50c5	target_21c163728d3636ec78f8	SID530295	control		0.0	false	true	detection_status_not_resolvable		assessed	not_resolvable
votu_bfb533b8254e6f9a50c5	target_21c163728d3636ec78f8	SID530368	control		0.0	false	true	detection_status_not_resolvable		assessed	not_resolvable
votu_bfb533b8254e6f9a50c5	target_21c163728d3636ec78f8	SID530373	CRC		0.0006842965799756598	false	true	detection_status_not_detected_at_resolved_signal		assessed	not_detected_at_resolved_signal
votu_bfb533b8254e6f9a50c5	target_21c163728d3636ec78f8	SID531248	CRC		0.0029123935537935233	false	true	detection_status_not_detected_at_resolved_signal		assessed	not_detected_at_resolved_signal
votu_bfb533b8254e6f9a50c5	target_21c163728d3636ec78f8	SID531361	CRC		0.0	false	true	detection_status_not_resolvable		assessed	not_resolvable
votu_bfb533b8254e6f9a50c5	target_21c163728d3636ec78f8	SID531469	CRC		0.0	false	true	detection_status_not_resolvable		assessed	not_resolvable
votu_bfb533b8254e6f9a50c5	target_21c163728d3636ec78f8	SID532796	control		0.0	false	true	detection_status_not_resolvable		assessed	not_resolvable
votu_c0400de593cb9a0503b5	target_c4b06b16bcc192983ebf	SID31160	control	0	0.0	true	true			assessed	not_detected
votu_c0400de593cb9a0503b5	target_c4b06b16bcc192983ebf	SID31512	control	0	0.0	true	true			assessed	not_detected
votu_c0400de593cb9a0503b5	target_c4b06b16bcc192983ebf	SID31866	CRC	0	0.0	true	true			assessed	not_detected
votu_c0400de593cb9a0503b5	target_c4b06b16bcc192983ebf	SID530295	control	0	0.0	true	true			assessed	not_detected
votu_c0400de593cb9a0503b5	target_c4b06b16bcc192983ebf	SID530368	control	0	0.0	true	true			assessed	not_detected
votu_c0400de593cb9a0503b5	target_c4b06b16bcc192983ebf	SID530373	CRC	0	0.0	true	true			assessed	not_detected
votu_c0400de593cb9a0503b5	target_c4b06b16bcc192983ebf	SID531248	CRC	0	0.0028809570476917815	true	true			assessed	not_detected
votu_c0400de593cb9a0503b5	target_c4b06b16bcc192983ebf	SID531361	CRC	0	0.0	true	true			assessed	not_detected
votu_c0400de593cb9a0503b5	target_c4b06b16bcc192983ebf	SID531469	CRC	0	0.0	true	true			assessed	not_detected
votu_c0400de593cb9a0503b5	target_c4b06b16bcc192983ebf	SID532796	control	1	2.3846834729694644	true	true			assessed	detected
votu_c10843a06079fb2d3926	target_c4f5b210cb4ad24e1cfe	SID31160	control	0	0.0	true	true			assessed	not_detected
votu_c10843a06079fb2d3926	target_c4f5b210cb4ad24e1cfe	SID31512	control	0	0.0	true	true			assessed	not_detected
votu_c10843a06079fb2d3926	target_c4f5b210cb4ad24e1cfe	SID31866	CRC	0	0.0	true	true			assessed	not_detected
votu_c10843a06079fb2d3926	target_c4f5b210cb4ad24e1cfe	SID530295	control	1	13.851555849024274	true	true			assessed	detected
votu_c10843a06079fb2d3926	target_c4f5b210cb4ad24e1cfe	SID530368	control		0.005117350247609456	false	true	detection_status_not_detected_at_resolved_signal		assessed	not_detected_at_resolved_signal
votu_c10843a06079fb2d3926	target_c4f5b210cb4ad24e1cfe	SID530373	CRC	0	0.0	true	true			assessed	not_detected
votu_c10843a06079fb2d3926	target_c4f5b210cb4ad24e1cfe	SID531248	CRC	0	0.0	true	true			assessed	not_detected
votu_c10843a06079fb2d3926	target_c4f5b210cb4ad24e1cfe	SID531361	CRC	0	0.0	true	true			assessed	not_detected
votu_c10843a06079fb2d3926	target_c4f5b210cb4ad24e1cfe	SID531469	CRC	0	0.0	true	true			assessed	not_detected
votu_c10843a06079fb2d3926	target_c4f5b210cb4ad24e1cfe	SID532796	control	0	0.0	true	true			assessed	not_detected
votu_c16b468870d2eee98258	target_783e8452d87c461b9d26	SID31160	control	0	0.0	true	true			assessed	not_detected
votu_c16b468870d2eee98258	target_783e8452d87c461b9d26	SID31512	control	0	0.0	true	true			assessed	not_detected
votu_c16b468870d2eee98258	target_783e8452d87c461b9d26	SID31866	CRC	1	37.22782778861724	true	true			assessed	detected
votu_c16b468870d2eee98258	target_783e8452d87c461b9d26	SID530295	control		0.0	false	true	detection_status_not_resolvable		assessed	not_resolvable
votu_c16b468870d2eee98258	target_783e8452d87c461b9d26	SID530368	control	0	0.0	true	true			assessed	not_detected
votu_c16b468870d2eee98258	target_783e8452d87c461b9d26	SID530373	CRC	0	0.0010123330441876041	true	true			assessed	not_detected
votu_c16b468870d2eee98258	target_783e8452d87c461b9d26	SID531248	CRC		0.0008617059674005743	false	true	detection_status_not_detected_at_resolved_signal		assessed	not_detected_at_resolved_signal
votu_c16b468870d2eee98258	target_783e8452d87c461b9d26	SID531361	CRC	0	0.06831286946453065	true	true			assessed	not_detected
votu_c16b468870d2eee98258	target_783e8452d87c461b9d26	SID531469	CRC	0	0.0	true	true			assessed	not_detected
votu_c16b468870d2eee98258	target_783e8452d87c461b9d26	SID532796	control	0	0.0	true	true			assessed	not_detected
votu_c1cb11d6e6e764600c93	target_b296dbab1fdbdf89225d	SID31160	control		0.0	false	true	detection_status_not_resolvable		assessed	not_resolvable
votu_c1cb11d6e6e764600c93	target_b296dbab1fdbdf89225d	SID31512	control		0.023216619710085942	false	true	detection_status_not_detected_at_resolved_signal		assessed	not_detected_at_resolved_signal
votu_c1cb11d6e6e764600c93	target_b296dbab1fdbdf89225d	SID31866	CRC	0	0.002948480381148408	true	true			assessed	not_detected
votu_c1cb11d6e6e764600c93	target_b296dbab1fdbdf89225d	SID530295	control	1	1.4758725156947827	true	true			assessed	detected
votu_c1cb11d6e6e764600c93	target_b296dbab1fdbdf89225d	SID530368	control	1	4.968798687271601	true	true			assessed	detected
votu_c1cb11d6e6e764600c93	target_b296dbab1fdbdf89225d	SID530373	CRC	0	0.0	true	true			assessed	not_detected
votu_c1cb11d6e6e764600c93	target_b296dbab1fdbdf89225d	SID531248	CRC		0.193504281703298	false	true	detection_status_not_detected_at_resolved_signal		assessed	not_detected_at_resolved_signal
votu_c1cb11d6e6e764600c93	target_b296dbab1fdbdf89225d	SID531361	CRC		0.005664112776744798	false	true	detection_status_not_detected_at_resolved_signal		assessed	not_detected_at_resolved_signal
votu_c1cb11d6e6e764600c93	target_b296dbab1fdbdf89225d	SID531469	CRC		0.10480512639603048	false	true	detection_status_not_detected_at_resolved_signal		assessed	not_detected_at_resolved_signal
votu_c1cb11d6e6e764600c93	target_b296dbab1fdbdf89225d	SID532796	control		0.0055752135727727	false	true	detection_status_not_detected_at_resolved_signal		assessed	not_detected_at_resolved_signal
votu_c20b767710a487a68246	target_309ffe7e7251757a790b	SID31160	control	0	0.0	true	true			assessed	not_detected
votu_c20b767710a487a68246	target_309ffe7e7251757a790b	SID31512	control	0	0.0	true	true			assessed	not_detected
votu_c20b767710a487a68246	target_309ffe7e7251757a790b	SID31866	CRC	0	0.0	true	true			assessed	not_detected
votu_c20b767710a487a68246	target_309ffe7e7251757a790b	SID530295	control	0	0.002454421109717368	true	true			assessed	not_detected
votu_c20b767710a487a68246	target_309ffe7e7251757a790b	SID530368	control	0	0.0	true	true			assessed	not_detected
votu_c20b767710a487a68246	target_309ffe7e7251757a790b	SID530373	CRC	0	0.0	true	true			assessed	not_detected
votu_c20b767710a487a68246	target_309ffe7e7251757a790b	SID531248	CRC	0	0.0	true	true			assessed	not_detected
votu_c20b767710a487a68246	target_309ffe7e7251757a790b	SID531361	CRC	0	0.001441197682280309	true	true			assessed	not_detected
votu_c20b767710a487a68246	target_309ffe7e7251757a790b	SID531469	CRC	1	2.537174736641936	true	true			assessed	detected
votu_c20b767710a487a68246	target_309ffe7e7251757a790b	SID532796	control	0	0.0	true	true			assessed	not_detected
votu_c22953d7868d1281bb1b	target_38472451b7923b5737c2	SID31160	control	0	0.0	true	true			assessed	not_detected
votu_c22953d7868d1281bb1b	target_38472451b7923b5737c2	SID31512	control	0	0.001001036895869377	true	true			assessed	not_detected
votu_c22953d7868d1281bb1b	target_38472451b7923b5737c2	SID31866	CRC	0	0.0	true	true			assessed	not_detected
votu_c22953d7868d1281bb1b	target_38472451b7923b5737c2	SID530295	control	1	2.649402513008462	true	true			assessed	detected
votu_c22953d7868d1281bb1b	target_38472451b7923b5737c2	SID530368	control	0	0.0	true	true			assessed	not_detected
votu_c22953d7868d1281bb1b	target_38472451b7923b5737c2	SID530373	CRC	0	0.0	true	true			assessed	not_detected
votu_c22953d7868d1281bb1b	target_38472451b7923b5737c2	SID531248	CRC	0	0.0008009638388191802	true	true			assessed	not_detected
votu_c22953d7868d1281bb1b	target_38472451b7923b5737c2	SID531361	CRC	0	0.0	true	true			assessed	not_detected
votu_c22953d7868d1281bb1b	target_38472451b7923b5737c2	SID531469	CRC	0	0.0	true	true			assessed	not_detected
votu_c22953d7868d1281bb1b	target_38472451b7923b5737c2	SID532796	control	0	0.0	true	true			assessed	not_detected
votu_c34aefa88b963bf61032	target_fa4cc17bb805b308370e	SID31160	control	0	0.2922465049776037	true	true			assessed	not_detected
votu_c34aefa88b963bf61032	target_fa4cc17bb805b308370e	SID31512	control	0	0.0	true	true			assessed	not_detected
votu_c34aefa88b963bf61032	target_fa4cc17bb805b308370e	SID31866	CRC	0	0.10301131403905116	true	true			assessed	not_detected
votu_c34aefa88b963bf61032	target_fa4cc17bb805b308370e	SID530295	control	0	0.0019368449291343511	true	true			assessed	not_detected
votu_c34aefa88b963bf61032	target_fa4cc17bb805b308370e	SID530368	control	1	0.8569479261157107	true	true			assessed	detected
votu_c34aefa88b963bf61032	target_fa4cc17bb805b308370e	SID530373	CRC	0	0.0021909555450924513	true	true			assessed	not_detected
votu_c34aefa88b963bf61032	target_fa4cc17bb805b308370e	SID531248	CRC	1	11.450225671557574	true	true			assessed	detected
votu_c34aefa88b963bf61032	target_fa4cc17bb805b308370e	SID531361	CRC	0	0.0015163800603210152	true	true			assessed	not_detected
votu_c34aefa88b963bf61032	target_fa4cc17bb805b308370e	SID531469	CRC	0	0.02179515335520005	true	true			assessed	not_detected
votu_c34aefa88b963bf61032	target_fa4cc17bb805b308370e	SID532796	control	0	0.0	true	true			assessed	not_detected
votu_c3a10b9570faafacb200	target_4c3808b56a925ba1727d	SID31160	control	0	0.0	true	true			assessed	not_detected
votu_c3a10b9570faafacb200	target_4c3808b56a925ba1727d	SID31512	control	0	0.0	true	true			assessed	not_detected
votu_c3a10b9570faafacb200	target_4c3808b56a925ba1727d	SID31866	CRC	0	0.172508730065671	true	true			assessed	not_detected
votu_c3a10b9570faafacb200	target_4c3808b56a925ba1727d	SID530295	control	0	0.0	true	true			assessed	not_detected
votu_c3a10b9570faafacb200	target_4c3808b56a925ba1727d	SID530368	control	0	0.0	true	true			assessed	not_detected
votu_c3a10b9570faafacb200	target_4c3808b56a925ba1727d	SID530373	CRC	0	0.0038692342257252974	true	true			assessed	not_detected
votu_c3a10b9570faafacb200	target_4c3808b56a925ba1727d	SID531248	CRC	0	0.0	true	true			assessed	not_detected
votu_c3a10b9570faafacb200	target_4c3808b56a925ba1727d	SID531361	CRC	1	19.339354312898514	true	true			assessed	detected
votu_c3a10b9570faafacb200	target_4c3808b56a925ba1727d	SID531469	CRC	0	0.007963511959578833	true	true			assessed	not_detected
votu_c3a10b9570faafacb200	target_4c3808b56a925ba1727d	SID532796	control	0	0.0	true	true			assessed	not_detected
votu_c5261c16161d0fee1b64	target_b07bf5e9a26a78d9f21c	SID31160	control		0.3562253598126806	false	true	detection_status_not_detected_at_resolved_signal		assessed	not_detected_at_resolved_signal
votu_c5261c16161d0fee1b64	target_b07bf5e9a26a78d9f21c	SID31512	control		0.0	false	true	detection_status_not_resolvable		assessed	not_resolvable
votu_c5261c16161d0fee1b64	target_b07bf5e9a26a78d9f21c	SID31866	CRC	1	1.5571606216259857	true	true			assessed	detected
votu_c5261c16161d0fee1b64	target_b07bf5e9a26a78d9f21c	SID530295	control		0.018039641065107356	false	true	detection_status_not_detected_at_resolved_signal		assessed	not_detected_at_resolved_signal
votu_c5261c16161d0fee1b64	target_b07bf5e9a26a78d9f21c	SID530368	control		0.0	false	true	detection_status_not_resolvable		assessed	not_resolvable
votu_c5261c16161d0fee1b64	target_b07bf5e9a26a78d9f21c	SID530373	CRC		0.0	false	true	detection_status_not_resolvable		assessed	not_resolvable
votu_c5261c16161d0fee1b64	target_b07bf5e9a26a78d9f21c	SID531248	CRC		0.016212092422119365	false	true	detection_status_not_detected_at_resolved_signal		assessed	not_detected_at_resolved_signal
votu_c5261c16161d0fee1b64	target_b07bf5e9a26a78d9f21c	SID531361	CRC	0	0.004237038019151524	true	true			assessed	not_detected
votu_c5261c16161d0fee1b64	target_b07bf5e9a26a78d9f21c	SID531469	CRC		0.005599960445768023	false	true	detection_status_not_detected_at_resolved_signal		assessed	not_detected_at_resolved_signal
votu_c5261c16161d0fee1b64	target_b07bf5e9a26a78d9f21c	SID532796	control		0.013901789979485234	false	true	detection_status_not_detected_at_resolved_signal		assessed	not_detected_at_resolved_signal
votu_c52b0babc29c1847afe2	target_f22d0e27739242dee3fb	SID31160	control	0	0.013254831666309747	true	true			assessed	not_detected
votu_c52b0babc29c1847afe2	target_f22d0e27739242dee3fb	SID31512	control	0	0.0	true	true			assessed	not_detected
votu_c52b0babc29c1847afe2	target_f22d0e27739242dee3fb	SID31866	CRC		0.0	false	true	detection_status_not_resolvable		assessed	not_resolvable
votu_c52b0babc29c1847afe2	target_f22d0e27739242dee3fb	SID530295	control		0.0007398547010873108	false	true	detection_status_not_detected_at_resolved_signal		assessed	not_detected_at_resolved_signal
votu_c52b0babc29c1847afe2	target_f22d0e27739242dee3fb	SID530368	control		0.0	false	true	detection_status_not_resolvable		assessed	not_resolvable
votu_c52b0babc29c1847afe2	target_f22d0e27739242dee3fb	SID530373	CRC		0.0	false	true	detection_status_not_resolvable		assessed	not_resolvable
votu_c52b0babc29c1847afe2	target_f22d0e27739242dee3fb	SID531248	CRC	0	0.0	true	true			assessed	not_detected
votu_c52b0babc29c1847afe2	target_f22d0e27739242dee3fb	SID531361	CRC	0	0.0	true	true			assessed	not_detected
votu_c52b0babc29c1847afe2	target_f22d0e27739242dee3fb	SID531469	CRC		0.0017225219643026508	false	true	detection_status_not_detected_at_resolved_signal		assessed	not_detected_at_resolved_signal
votu_c52b0babc29c1847afe2	target_f22d0e27739242dee3fb	SID532796	control		0.035064236306746537	false	true	detection_status_not_detected_at_resolved_signal		assessed	not_detected_at_resolved_signal
votu_c56c34f3ca3dd9154c44	target_ad4680e022b606611023	SID31160	control		0.193928330679063	false	true	detection_status_not_detected_at_resolved_signal		assessed	not_detected_at_resolved_signal
votu_c56c34f3ca3dd9154c44	target_ad4680e022b606611023	SID31512	control	0	0.007625221131262685	true	true			assessed	not_detected
votu_c56c34f3ca3dd9154c44	target_ad4680e022b606611023	SID31866	CRC	1	0.5476263120525487	true	true			assessed	detected
votu_c56c34f3ca3dd9154c44	target_ad4680e022b606611023	SID530295	control	1	0.8403617214558018	true	true			assessed	detected
votu_c56c34f3ca3dd9154c44	target_ad4680e022b606611023	SID530368	control	0	0.008825286243191158	true	true			assessed	not_detected
votu_c56c34f3ca3dd9154c44	target_ad4680e022b606611023	SID530373	CRC	0	0.04211021423488042	true	true			assessed	not_detected
votu_c56c34f3ca3dd9154c44	target_ad4680e022b606611023	SID531248	CRC	1	2.377942731172251	true	true			assessed	detected
votu_c56c34f3ca3dd9154c44	target_ad4680e022b606611023	SID531361	CRC	0	0.021393566298876565	true	true			assessed	not_detected
votu_c56c34f3ca3dd9154c44	target_ad4680e022b606611023	SID531469	CRC		0.42689415076504467	false	true	detection_status_not_detected_at_resolved_signal		assessed	not_detected_at_resolved_signal
votu_c56c34f3ca3dd9154c44	target_ad4680e022b606611023	SID532796	control	1	0.8368182902125401	true	true			assessed	detected
votu_c5a2f99a831ca65cae7c	target_3a541a834ac3123a2451	SID31160	control	0	0.0	true	true			assessed	not_detected
votu_c5a2f99a831ca65cae7c	target_3a541a834ac3123a2451	SID31512	control	0	0.0	true	true			assessed	not_detected
votu_c5a2f99a831ca65cae7c	target_3a541a834ac3123a2451	SID31866	CRC	0	0.0	true	true			assessed	not_detected
votu_c5a2f99a831ca65cae7c	target_3a541a834ac3123a2451	SID530295	control	0	0.0	true	true			assessed	not_detected
votu_c5a2f99a831ca65cae7c	target_3a541a834ac3123a2451	SID530368	control	0	0.0	true	true			assessed	not_detected
votu_c5a2f99a831ca65cae7c	target_3a541a834ac3123a2451	SID530373	CRC	0	0.0	true	true			assessed	not_detected
votu_c5a2f99a831ca65cae7c	target_3a541a834ac3123a2451	SID531248	CRC	0	0.0	true	true			assessed	not_detected
votu_c5a2f99a831ca65cae7c	target_3a541a834ac3123a2451	SID531361	CRC	0	0.0	true	true			assessed	not_detected
votu_c5a2f99a831ca65cae7c	target_3a541a834ac3123a2451	SID531469	CRC		0.0	false	true	detection_status_not_resolvable		assessed	not_resolvable
votu_c5a2f99a831ca65cae7c	target_3a541a834ac3123a2451	SID532796	control	0	0.0	true	true			assessed	not_detected
votu_c7206db26b8b5431732d	target_59dd840c7f2934f4f5a7	SID31160	control	0	0.0	true	true			assessed	not_detected
votu_c7206db26b8b5431732d	target_59dd840c7f2934f4f5a7	SID31512	control	0	0.0	true	true			assessed	not_detected
votu_c7206db26b8b5431732d	target_59dd840c7f2934f4f5a7	SID31866	CRC	0	0.0	true	true			assessed	not_detected
votu_c7206db26b8b5431732d	target_59dd840c7f2934f4f5a7	SID530295	control	1	2.5804341583125012	true	true			assessed	detected
votu_c7206db26b8b5431732d	target_59dd840c7f2934f4f5a7	SID530368	control	0	0.0024396021491716363	true	true			assessed	not_detected
votu_c7206db26b8b5431732d	target_59dd840c7f2934f4f5a7	SID530373	CRC	0	0.0	true	true			assessed	not_detected
votu_c7206db26b8b5431732d	target_59dd840c7f2934f4f5a7	SID531248	CRC	0	0.0	true	true			assessed	not_detected
votu_c7206db26b8b5431732d	target_59dd840c7f2934f4f5a7	SID531361	CRC	0	0.0	true	true			assessed	not_detected
votu_c7206db26b8b5431732d	target_59dd840c7f2934f4f5a7	SID531469	CRC	0	0.0	true	true			assessed	not_detected
votu_c7206db26b8b5431732d	target_59dd840c7f2934f4f5a7	SID532796	control	0	0.0	true	true			assessed	not_detected
votu_c7f4b3f3ed44fc3f9488	target_95094a699e7bf8a5fe4e	SID31160	control	0	0.0	true	true			assessed	not_detected
votu_c7f4b3f3ed44fc3f9488	target_95094a699e7bf8a5fe4e	SID31512	control	0	0.0	true	true			assessed	not_detected
votu_c7f4b3f3ed44fc3f9488	target_95094a699e7bf8a5fe4e	SID31866	CRC	0	0.0	true	true			assessed	not_detected
votu_c7f4b3f3ed44fc3f9488	target_95094a699e7bf8a5fe4e	SID530295	control	0	0.0	true	true			assessed	not_detected
votu_c7f4b3f3ed44fc3f9488	target_95094a699e7bf8a5fe4e	SID530368	control	0	0.0	true	true			assessed	not_detected
votu_c7f4b3f3ed44fc3f9488	target_95094a699e7bf8a5fe4e	SID530373	CRC	0	0.0	true	true			assessed	not_detected
votu_c7f4b3f3ed44fc3f9488	target_95094a699e7bf8a5fe4e	SID531248	CRC	0	0.0	true	true			assessed	not_detected
votu_c7f4b3f3ed44fc3f9488	target_95094a699e7bf8a5fe4e	SID531361	CRC	0	0.0	true	true			assessed	not_detected
votu_c7f4b3f3ed44fc3f9488	target_95094a699e7bf8a5fe4e	SID531469	CRC		0.000898946074988825	false	true	detection_status_not_detected_at_resolved_signal		assessed	not_detected_at_resolved_signal
votu_c7f4b3f3ed44fc3f9488	target_95094a699e7bf8a5fe4e	SID532796	control	0	0.0	true	true			assessed	not_detected
votu_c8eeecd08a78b3d4f7be	target_074376ecd8a7b278b1be	SID31160	control		0.0	false	true	detection_status_not_resolvable		assessed	not_resolvable
votu_c8eeecd08a78b3d4f7be	target_074376ecd8a7b278b1be	SID31512	control		0.0	false	true	detection_status_not_resolvable		assessed	not_resolvable
votu_c8eeecd08a78b3d4f7be	target_074376ecd8a7b278b1be	SID31866	CRC		0.0	false	true	detection_status_not_resolvable		assessed	not_resolvable
votu_c8eeecd08a78b3d4f7be	target_074376ecd8a7b278b1be	SID530295	control		0.0	false	true	detection_status_not_resolvable		assessed	not_resolvable
votu_c8eeecd08a78b3d4f7be	target_074376ecd8a7b278b1be	SID530368	control		0.0	false	true	detection_status_not_resolvable		assessed	not_resolvable
votu_c8eeecd08a78b3d4f7be	target_074376ecd8a7b278b1be	SID530373	CRC		0.0	false	true	detection_status_not_resolvable		assessed	not_resolvable
votu_c8eeecd08a78b3d4f7be	target_074376ecd8a7b278b1be	SID531248	CRC		0.0	false	true	detection_status_not_resolvable		assessed	not_resolvable
votu_c8eeecd08a78b3d4f7be	target_074376ecd8a7b278b1be	SID531361	CRC		0.0	false	true	detection_status_not_resolvable		assessed	not_resolvable
votu_c8eeecd08a78b3d4f7be	target_074376ecd8a7b278b1be	SID531469	CRC		0.0	false	true	detection_status_not_resolvable		assessed	not_resolvable
votu_c8eeecd08a78b3d4f7be	target_074376ecd8a7b278b1be	SID532796	control		0.0	false	true	detection_status_not_resolvable		assessed	not_resolvable
votu_c9ba2fd9ef1a05abdaa2	target_d8da7bc652a41342a084	SID31160	control	0	0.0	true	true			assessed	not_detected
votu_c9ba2fd9ef1a05abdaa2	target_d8da7bc652a41342a084	SID31512	control	0	0.0	true	true			assessed	not_detected
votu_c9ba2fd9ef1a05abdaa2	target_d8da7bc652a41342a084	SID31866	CRC	0	0.0	true	true			assessed	not_detected
votu_c9ba2fd9ef1a05abdaa2	target_d8da7bc652a41342a084	SID530295	control	0	0.0	true	true			assessed	not_detected
votu_c9ba2fd9ef1a05abdaa2	target_d8da7bc652a41342a084	SID530368	control	0	0.0	true	true			assessed	not_detected
votu_c9ba2fd9ef1a05abdaa2	target_d8da7bc652a41342a084	SID530373	CRC	0	0.0	true	true			assessed	not_detected
votu_c9ba2fd9ef1a05abdaa2	target_d8da7bc652a41342a084	SID531248	CRC	0	0.0	true	true			assessed	not_detected
votu_c9ba2fd9ef1a05abdaa2	target_d8da7bc652a41342a084	SID531361	CRC	0	0.0	true	true			assessed	not_detected
votu_c9ba2fd9ef1a05abdaa2	target_d8da7bc652a41342a084	SID531469	CRC	0	0.0	true	true			assessed	not_detected
votu_c9ba2fd9ef1a05abdaa2	target_d8da7bc652a41342a084	SID532796	control	0	0.0	true	true			assessed	not_detected
votu_c9e82d333dcd51a2db26	target_41fd9194b3de19ccd653	SID31160	control	0	0.0	true	true			assessed	not_detected
votu_c9e82d333dcd51a2db26	target_41fd9194b3de19ccd653	SID31512	control		0.0	false	true	detection_status_not_resolvable		assessed	not_resolvable
votu_c9e82d333dcd51a2db26	target_41fd9194b3de19ccd653	SID31866	CRC		0.008559593865938991	false	true	detection_status_not_detected_at_resolved_signal		assessed	not_detected_at_resolved_signal
votu_c9e82d333dcd51a2db26	target_41fd9194b3de19ccd653	SID530295	control		0.0	false	true	detection_status_not_resolvable		assessed	not_resolvable
votu_c9e82d333dcd51a2db26	target_41fd9194b3de19ccd653	SID530368	control		0.0	false	true	detection_status_not_resolvable		assessed	not_resolvable
votu_c9e82d333dcd51a2db26	target_41fd9194b3de19ccd653	SID530373	CRC		0.0	false	true	detection_status_not_resolvable		assessed	not_resolvable
votu_c9e82d333dcd51a2db26	target_41fd9194b3de19ccd653	SID531248	CRC	0	0.0	true	true			assessed	not_detected
votu_c9e82d333dcd51a2db26	target_41fd9194b3de19ccd653	SID531361	CRC	0	0.0	true	true			assessed	not_detected
votu_c9e82d333dcd51a2db26	target_41fd9194b3de19ccd653	SID531469	CRC		0.0	false	true	detection_status_not_resolvable		assessed	not_resolvable
votu_c9e82d333dcd51a2db26	target_41fd9194b3de19ccd653	SID532796	control		0.0	false	true	detection_status_not_resolvable		assessed	not_resolvable
votu_ca715a490878f3289f5d	target_5a10cf5c9bd25550bd65	SID31160	control	0	0.08970545714376088	true	true			assessed	not_detected
votu_ca715a490878f3289f5d	target_5a10cf5c9bd25550bd65	SID31512	control	0	0.0012553401666198177	true	true			assessed	not_detected
votu_ca715a490878f3289f5d	target_5a10cf5c9bd25550bd65	SID31866	CRC	0	0.03921893415987609	true	true			assessed	not_detected
votu_ca715a490878f3289f5d	target_5a10cf5c9bd25550bd65	SID530295	control	0	0.002086314820004156	true	true			assessed	not_detected
votu_ca715a490878f3289f5d	target_5a10cf5c9bd25550bd65	SID530368	control	0	0.029058137757011146	true	true			assessed	not_detected
votu_ca715a490878f3289f5d	target_5a10cf5c9bd25550bd65	SID530373	CRC	0	0.005900089050675352	true	true			assessed	not_detected
votu_ca715a490878f3289f5d	target_5a10cf5c9bd25550bd65	SID531248	CRC	0	0.3887185039153908	true	true			assessed	not_detected
votu_ca715a490878f3289f5d	target_5a10cf5c9bd25550bd65	SID531361	CRC	1	3.2684372074304293	true	true			assessed	detected
votu_ca715a490878f3289f5d	target_5a10cf5c9bd25550bd65	SID531469	CRC	0	0.01821501115333451	true	true			assessed	not_detected
votu_ca715a490878f3289f5d	target_5a10cf5c9bd25550bd65	SID532796	control	0	0.39189281254620395	true	true			assessed	not_detected
votu_cb939e9383d5cb7c7756	target_3ff6c12d91d559c89d89	SID31160	control	0	0.0	true	true			assessed	not_detected
votu_cb939e9383d5cb7c7756	target_3ff6c12d91d559c89d89	SID31512	control	1	2.660275694260162	true	true			assessed	detected
votu_cb939e9383d5cb7c7756	target_3ff6c12d91d559c89d89	SID31866	CRC	0	0.0	true	true			assessed	not_detected
votu_cb939e9383d5cb7c7756	target_3ff6c12d91d559c89d89	SID530295	control	0	0.0	true	true			assessed	not_detected
votu_cb939e9383d5cb7c7756	target_3ff6c12d91d559c89d89	SID530368	control	0	0.0	true	true			assessed	not_detected
votu_cb939e9383d5cb7c7756	target_3ff6c12d91d559c89d89	SID530373	CRC	0	0.0	true	true			assessed	not_detected
votu_cb939e9383d5cb7c7756	target_3ff6c12d91d559c89d89	SID531248	CRC	0	0.0	true	true			assessed	not_detected
votu_cb939e9383d5cb7c7756	target_3ff6c12d91d559c89d89	SID531361	CRC	0	0.0	true	true			assessed	not_detected
votu_cb939e9383d5cb7c7756	target_3ff6c12d91d559c89d89	SID531469	CRC	0	0.0	true	true			assessed	not_detected
votu_cb939e9383d5cb7c7756	target_3ff6c12d91d559c89d89	SID532796	control	0	0.0	true	true			assessed	not_detected
votu_cc146ff7776e27a652d9	target_950f11cdff9f4aa898a2	SID31160	control	0	0.0	true	true			assessed	not_detected
votu_cc146ff7776e27a652d9	target_950f11cdff9f4aa898a2	SID31512	control	1	2.386304450046235	true	true			assessed	detected
votu_cc146ff7776e27a652d9	target_950f11cdff9f4aa898a2	SID31866	CRC	0	0.0	true	true			assessed	not_detected
votu_cc146ff7776e27a652d9	target_950f11cdff9f4aa898a2	SID530295	control	0	0.0	true	true			assessed	not_detected
votu_cc146ff7776e27a652d9	target_950f11cdff9f4aa898a2	SID530368	control	0	0.0	true	true			assessed	not_detected
votu_cc146ff7776e27a652d9	target_950f11cdff9f4aa898a2	SID530373	CRC	0	0.0	true	true			assessed	not_detected
votu_cc146ff7776e27a652d9	target_950f11cdff9f4aa898a2	SID531248	CRC	0	0.0	true	true			assessed	not_detected
votu_cc146ff7776e27a652d9	target_950f11cdff9f4aa898a2	SID531361	CRC	0	0.0	true	true			assessed	not_detected
votu_cc146ff7776e27a652d9	target_950f11cdff9f4aa898a2	SID531469	CRC	0	0.0	true	true			assessed	not_detected
votu_cc146ff7776e27a652d9	target_950f11cdff9f4aa898a2	SID532796	control	0	0.0	true	true			assessed	not_detected
votu_cc43c35851de75453d7d	target_e9445cdce98dfe54f037	SID31160	control	0	0.005097960617872451	true	true			assessed	not_detected
votu_cc43c35851de75453d7d	target_e9445cdce98dfe54f037	SID31512	control	1	3.758927410518795	true	true			assessed	detected
votu_cc43c35851de75453d7d	target_e9445cdce98dfe54f037	SID31866	CRC	0	0.005479615363584616	true	true			assessed	not_detected
votu_cc43c35851de75453d7d	target_e9445cdce98dfe54f037	SID530295	control	0	0.012805048006795591	true	true			assessed	not_detected
votu_cc43c35851de75453d7d	target_e9445cdce98dfe54f037	SID530368	control	0	0.0	true	true			assessed	not_detected
votu_cc43c35851de75453d7d	target_e9445cdce98dfe54f037	SID530373	CRC	0	0.19699664696210767	true	true			assessed	not_detected
votu_cc43c35851de75453d7d	target_e9445cdce98dfe54f037	SID531248	CRC	0	0.21371632720928613	true	true			assessed	not_detected
votu_cc43c35851de75453d7d	target_e9445cdce98dfe54f037	SID531361	CRC	0	0.06516400701456125	true	true			assessed	not_detected
votu_cc43c35851de75453d7d	target_e9445cdce98dfe54f037	SID531469	CRC	0	0.1450878826312339	true	true			assessed	not_detected
votu_cc43c35851de75453d7d	target_e9445cdce98dfe54f037	SID532796	control	0	0.02861686402368854	true	true			assessed	not_detected
votu_cd571fcf2510fb3f5b10	target_17974c9b850ee74152d9	SID31160	control		1.3421112972637903	false	true	detection_status_not_detected_at_resolved_signal		assessed	not_detected_at_resolved_signal
votu_cd571fcf2510fb3f5b10	target_17974c9b850ee74152d9	SID31512	control		0.10730370454241403	false	true	detection_status_not_detected_at_resolved_signal		assessed	not_detected_at_resolved_signal
votu_cd571fcf2510fb3f5b10	target_17974c9b850ee74152d9	SID31866	CRC		0.28617603699381605	false	true	detection_status_not_detected_at_resolved_signal		assessed	not_detected_at_resolved_signal
votu_cd571fcf2510fb3f5b10	target_17974c9b850ee74152d9	SID530295	control		7.988533883765632	false	true	detection_status_not_detected_at_resolved_signal		assessed	not_detected_at_resolved_signal
votu_cd571fcf2510fb3f5b10	target_17974c9b850ee74152d9	SID530368	control		0.012701380036841224	false	true	detection_status_not_detected_at_resolved_signal		assessed	not_detected_at_resolved_signal
votu_cd571fcf2510fb3f5b10	target_17974c9b850ee74152d9	SID530373	CRC		7.253133169794008	false	true	detection_status_not_detected_at_resolved_signal		assessed	not_detected_at_resolved_signal
votu_cd571fcf2510fb3f5b10	target_17974c9b850ee74152d9	SID531248	CRC		0.39416334357041544	false	true	detection_status_not_detected_at_resolved_signal		assessed	not_detected_at_resolved_signal
votu_cd571fcf2510fb3f5b10	target_17974c9b850ee74152d9	SID531361	CRC		0.04640764670021998	false	true	detection_status_not_detected_at_resolved_signal		assessed	not_detected_at_resolved_signal
votu_cd571fcf2510fb3f5b10	target_17974c9b850ee74152d9	SID531469	CRC		0.02830870760997222	false	true	detection_status_not_detected_at_resolved_signal		assessed	not_detected_at_resolved_signal
votu_cd571fcf2510fb3f5b10	target_17974c9b850ee74152d9	SID532796	control		0.6149132617028713	false	true	detection_status_not_detected_at_resolved_signal		assessed	not_detected_at_resolved_signal
votu_cd5eefff466ce32e237c	target_11cdcd2e17a7017423ce	SID31160	control	0	0.43792298769281796	true	true			assessed	not_detected
votu_cd5eefff466ce32e237c	target_11cdcd2e17a7017423ce	SID31512	control	0	0.06034022449403525	true	true			assessed	not_detected
votu_cd5eefff466ce32e237c	target_11cdcd2e17a7017423ce	SID31866	CRC	1	3.8612594793408705	true	true			assessed	detected
votu_cd5eefff466ce32e237c	target_11cdcd2e17a7017423ce	SID530295	control	0	0.6654164591304113	true	true			assessed	not_detected
votu_cd5eefff466ce32e237c	target_11cdcd2e17a7017423ce	SID530368	control	0	0.0	true	true			assessed	not_detected
votu_cd5eefff466ce32e237c	target_11cdcd2e17a7017423ce	SID530373	CRC	0	0.17134081316918703	true	true			assessed	not_detected
votu_cd5eefff466ce32e237c	target_11cdcd2e17a7017423ce	SID531248	CRC	0	0.2031794957884629	true	true			assessed	not_detected
votu_cd5eefff466ce32e237c	target_11cdcd2e17a7017423ce	SID531361	CRC	0	0.0073605425935421255	true	true			assessed	not_detected
votu_cd5eefff466ce32e237c	target_11cdcd2e17a7017423ce	SID531469	CRC	0	0.03161664549385202	true	true			assessed	not_detected
votu_cd5eefff466ce32e237c	target_11cdcd2e17a7017423ce	SID532796	control	0	0.0012075029396475525	true	true			assessed	not_detected
votu_ce3b58d107a945050ace	target_88327e74856a209380f2	SID31160	control	0	0.0	true	true			assessed	not_detected
votu_ce3b58d107a945050ace	target_88327e74856a209380f2	SID31512	control	0	0.0	true	true			assessed	not_detected
votu_ce3b58d107a945050ace	target_88327e74856a209380f2	SID31866	CRC		0.0	false	true	detection_status_not_resolvable		assessed	not_resolvable
votu_ce3b58d107a945050ace	target_88327e74856a209380f2	SID530295	control	0	0.0	true	true			assessed	not_detected
votu_ce3b58d107a945050ace	target_88327e74856a209380f2	SID530368	control	0	0.0	true	true			assessed	not_detected
votu_ce3b58d107a945050ace	target_88327e74856a209380f2	SID530373	CRC	0	0.0	true	true			assessed	not_detected
votu_ce3b58d107a945050ace	target_88327e74856a209380f2	SID531248	CRC	0	0.0	true	true			assessed	not_detected
votu_ce3b58d107a945050ace	target_88327e74856a209380f2	SID531361	CRC	0	0.0	true	true			assessed	not_detected
votu_ce3b58d107a945050ace	target_88327e74856a209380f2	SID531469	CRC		0.0	false	true	detection_status_not_resolvable		assessed	not_resolvable
votu_ce3b58d107a945050ace	target_88327e74856a209380f2	SID532796	control	0	0.0	true	true			assessed	not_detected
votu_ce5fbe00272c04f275dc	target_3c648cf3553e64a56e27	SID31160	control	0	0.0	true	true			assessed	not_detected
votu_ce5fbe00272c04f275dc	target_3c648cf3553e64a56e27	SID31512	control	0	0.0	true	true			assessed	not_detected
votu_ce5fbe00272c04f275dc	target_3c648cf3553e64a56e27	SID31866	CRC		0.0	false	true	detection_status_not_resolvable		assessed	not_resolvable
votu_ce5fbe00272c04f275dc	target_3c648cf3553e64a56e27	SID530295	control	0	0.0	true	true			assessed	not_detected
votu_ce5fbe00272c04f275dc	target_3c648cf3553e64a56e27	SID530368	control	0	0.0	true	true			assessed	not_detected
votu_ce5fbe00272c04f275dc	target_3c648cf3553e64a56e27	SID530373	CRC	0	0.0	true	true			assessed	not_detected
votu_ce5fbe00272c04f275dc	target_3c648cf3553e64a56e27	SID531248	CRC	0	0.0	true	true			assessed	not_detected
votu_ce5fbe00272c04f275dc	target_3c648cf3553e64a56e27	SID531361	CRC	0	0.0	true	true			assessed	not_detected
votu_ce5fbe00272c04f275dc	target_3c648cf3553e64a56e27	SID531469	CRC	0	0.0	true	true			assessed	not_detected
votu_ce5fbe00272c04f275dc	target_3c648cf3553e64a56e27	SID532796	control	0	0.0	true	true			assessed	not_detected
votu_cefb9fe17bb2a1dff458	target_24be55ca111970586a89	SID31160	control	0	0.050567933485140486	true	true			assessed	not_detected
votu_cefb9fe17bb2a1dff458	target_24be55ca111970586a89	SID31512	control	0	0.0	true	true			assessed	not_detected
votu_cefb9fe17bb2a1dff458	target_24be55ca111970586a89	SID31866	CRC	0	0.010019108091280997	true	true			assessed	not_detected
votu_cefb9fe17bb2a1dff458	target_24be55ca111970586a89	SID530295	control	0	0.02731536373359001	true	true			assessed	not_detected
votu_cefb9fe17bb2a1dff458	target_24be55ca111970586a89	SID530368	control	0	0.0	true	true			assessed	not_detected
votu_cefb9fe17bb2a1dff458	target_24be55ca111970586a89	SID530373	CRC	0	0.0	true	true			assessed	not_detected
votu_cefb9fe17bb2a1dff458	target_24be55ca111970586a89	SID531248	CRC	0	0.0	true	true			assessed	not_detected
votu_cefb9fe17bb2a1dff458	target_24be55ca111970586a89	SID531361	CRC	0	0.0016039154303079928	true	true			assessed	not_detected
votu_cefb9fe17bb2a1dff458	target_24be55ca111970586a89	SID531469	CRC	0	0.0	true	true			assessed	not_detected
votu_cefb9fe17bb2a1dff458	target_24be55ca111970586a89	SID532796	control	1	3.236420500375738	true	true			assessed	detected
votu_d014d89a7ff08092ac53	target_4b448ba527067b5a45fd	SID31160	control	0	0.0	true	true			assessed	not_detected
votu_d014d89a7ff08092ac53	target_4b448ba527067b5a45fd	SID31512	control	0	0.0	true	true			assessed	not_detected
votu_d014d89a7ff08092ac53	target_4b448ba527067b5a45fd	SID31866	CRC	0	0.0	true	true			assessed	not_detected
votu_d014d89a7ff08092ac53	target_4b448ba527067b5a45fd	SID530295	control	0	0.0013998005545303393	true	true			assessed	not_detected
votu_d014d89a7ff08092ac53	target_4b448ba527067b5a45fd	SID530368	control	1	2.9176340427852083	true	true			assessed	detected
votu_d014d89a7ff08092ac53	target_4b448ba527067b5a45fd	SID530373	CRC	0	0.0	true	true			assessed	not_detected
votu_d014d89a7ff08092ac53	target_4b448ba527067b5a45fd	SID531248	CRC	0	0.0	true	true			assessed	not_detected
votu_d014d89a7ff08092ac53	target_4b448ba527067b5a45fd	SID531361	CRC	0	0.0	true	true			assessed	not_detected
votu_d014d89a7ff08092ac53	target_4b448ba527067b5a45fd	SID531469	CRC	0	0.0	true	true			assessed	not_detected
votu_d014d89a7ff08092ac53	target_4b448ba527067b5a45fd	SID532796	control	0	0.0	true	true			assessed	not_detected
votu_d035903db15f19a5ed7f	target_39538ff60ad0c61cc45b	SID31160	control	0	0.0	true	true			assessed	not_detected
votu_d035903db15f19a5ed7f	target_39538ff60ad0c61cc45b	SID31512	control	0	0.001558367304554785	true	true			assessed	not_detected
votu_d035903db15f19a5ed7f	target_39538ff60ad0c61cc45b	SID31866	CRC	0	0.0	true	true			assessed	not_detected
votu_d035903db15f19a5ed7f	target_39538ff60ad0c61cc45b	SID530295	control	0	0.0	true	true			assessed	not_detected
votu_d035903db15f19a5ed7f	target_39538ff60ad0c61cc45b	SID530368	control	0	0.0	true	true			assessed	not_detected
votu_d035903db15f19a5ed7f	target_39538ff60ad0c61cc45b	SID530373	CRC	0	0.0	true	true			assessed	not_detected
votu_d035903db15f19a5ed7f	target_39538ff60ad0c61cc45b	SID531248	CRC	0	0.0	true	true			assessed	not_detected
votu_d035903db15f19a5ed7f	target_39538ff60ad0c61cc45b	SID531361	CRC	0	0.0	true	true			assessed	not_detected
votu_d035903db15f19a5ed7f	target_39538ff60ad0c61cc45b	SID531469	CRC	1	2.5043263081971574	true	true			assessed	detected
votu_d035903db15f19a5ed7f	target_39538ff60ad0c61cc45b	SID532796	control	0	0.0	true	true			assessed	not_detected
votu_d0697457c35d99d3ee5c	target_2d0833cff9f02ecea293	SID31160	control	0	0.0	true	true			assessed	not_detected
votu_d0697457c35d99d3ee5c	target_2d0833cff9f02ecea293	SID31512	control		0.0	false	true	detection_status_not_resolvable		assessed	not_resolvable
votu_d0697457c35d99d3ee5c	target_2d0833cff9f02ecea293	SID31866	CRC	0	0.0007607392373220533	true	true			assessed	not_detected
votu_d0697457c35d99d3ee5c	target_2d0833cff9f02ecea293	SID530295	control	1	15.416633960757094	true	true			assessed	detected
votu_d0697457c35d99d3ee5c	target_2d0833cff9f02ecea293	SID530368	control	0	0.00924382375177576	true	true			assessed	not_detected
votu_d0697457c35d99d3ee5c	target_2d0833cff9f02ecea293	SID530373	CRC	0	0.0	true	true			assessed	not_detected
votu_d0697457c35d99d3ee5c	target_2d0833cff9f02ecea293	SID531248	CRC	0	0.008787003946031421	true	true			assessed	not_detected
votu_d0697457c35d99d3ee5c	target_2d0833cff9f02ecea293	SID531361	CRC	0	0.0	true	true			assessed	not_detected
votu_d0697457c35d99d3ee5c	target_2d0833cff9f02ecea293	SID531469	CRC	0	0.0	true	true			assessed	not_detected
votu_d0697457c35d99d3ee5c	target_2d0833cff9f02ecea293	SID532796	control	0	0.009589761895372738	true	true			assessed	not_detected
votu_d0875a87d31edc9a8d40	target_fd883b3a385fd5596fec	SID31160	control	0	0.0	true	true			assessed	not_detected
votu_d0875a87d31edc9a8d40	target_fd883b3a385fd5596fec	SID31512	control	0	0.0	true	true			assessed	not_detected
votu_d0875a87d31edc9a8d40	target_fd883b3a385fd5596fec	SID31866	CRC		0.0	false	true	detection_status_not_resolvable		assessed	not_resolvable
votu_d0875a87d31edc9a8d40	target_fd883b3a385fd5596fec	SID530295	control		0.0	false	true	detection_status_not_resolvable		assessed	not_resolvable
votu_d0875a87d31edc9a8d40	target_fd883b3a385fd5596fec	SID530368	control		0.0	false	true	detection_status_not_resolvable		assessed	not_resolvable
votu_d0875a87d31edc9a8d40	target_fd883b3a385fd5596fec	SID530373	CRC		0.0	false	true	detection_status_not_resolvable		assessed	not_resolvable
votu_d0875a87d31edc9a8d40	target_fd883b3a385fd5596fec	SID531248	CRC	0	0.0	true	true			assessed	not_detected
votu_d0875a87d31edc9a8d40	target_fd883b3a385fd5596fec	SID531361	CRC	0	0.0	true	true			assessed	not_detected
votu_d0875a87d31edc9a8d40	target_fd883b3a385fd5596fec	SID531469	CRC	0	0.0	true	true			assessed	not_detected
votu_d0875a87d31edc9a8d40	target_fd883b3a385fd5596fec	SID532796	control	0	0.0	true	true			assessed	not_detected
votu_d0f984c9876a6e6c0f84	target_8a3814ae5b53317d50c8	SID31160	control	0	0.0	true	true			assessed	not_detected
votu_d0f984c9876a6e6c0f84	target_8a3814ae5b53317d50c8	SID31512	control	0	0.0	true	true			assessed	not_detected
votu_d0f984c9876a6e6c0f84	target_8a3814ae5b53317d50c8	SID31866	CRC	0	0.0	true	true			assessed	not_detected
votu_d0f984c9876a6e6c0f84	target_8a3814ae5b53317d50c8	SID530295	control	0	0.0	true	true			assessed	not_detected
votu_d0f984c9876a6e6c0f84	target_8a3814ae5b53317d50c8	SID530368	control	0	0.0	true	true			assessed	not_detected
votu_d0f984c9876a6e6c0f84	target_8a3814ae5b53317d50c8	SID530373	CRC	0	0.0	true	true			assessed	not_detected
votu_d0f984c9876a6e6c0f84	target_8a3814ae5b53317d50c8	SID531248	CRC	0	0.0	true	true			assessed	not_detected
votu_d0f984c9876a6e6c0f84	target_8a3814ae5b53317d50c8	SID531361	CRC	0	0.0	true	true			assessed	not_detected
votu_d0f984c9876a6e6c0f84	target_8a3814ae5b53317d50c8	SID531469	CRC	0	0.0	true	true			assessed	not_detected
votu_d0f984c9876a6e6c0f84	target_8a3814ae5b53317d50c8	SID532796	control	0	0.0	true	true			assessed	not_detected
votu_d18621f03798533b36c2	target_db0ec6c017e71bde36d0	SID31160	control		0.0008788215695067455	false	true	detection_status_not_detected_at_resolved_signal		assessed	not_detected_at_resolved_signal
votu_d18621f03798533b36c2	target_db0ec6c017e71bde36d0	SID31512	control	0	0.0	true	true			assessed	not_detected
votu_d18621f03798533b36c2	target_db0ec6c017e71bde36d0	SID31866	CRC		0.0006747241740488684	false	true	detection_status_not_detected_at_resolved_signal		assessed	not_detected_at_resolved_signal
votu_d18621f03798533b36c2	target_db0ec6c017e71bde36d0	SID530295	control	0	0.0	true	true			assessed	not_detected
votu_d18621f03798533b36c2	target_db0ec6c017e71bde36d0	SID530368	control	0	0.0	true	true			assessed	not_detected
votu_d18621f03798533b36c2	target_db0ec6c017e71bde36d0	SID530373	CRC	1	3.5682591324659443	true	true			assessed	detected
votu_d18621f03798533b36c2	target_db0ec6c017e71bde36d0	SID531248	CRC	0	0.009210473176706539	true	true			assessed	not_detected
votu_d18621f03798533b36c2	target_db0ec6c017e71bde36d0	SID531361	CRC		0.0	false	true	detection_status_not_resolvable		assessed	not_resolvable
votu_d18621f03798533b36c2	target_db0ec6c017e71bde36d0	SID531469	CRC		0.0008565496120327659	false	true	detection_status_not_detected_at_resolved_signal		assessed	not_detected_at_resolved_signal
votu_d18621f03798533b36c2	target_db0ec6c017e71bde36d0	SID532796	control	0	0.0	true	true			assessed	not_detected
votu_d1c8a5c53c5837b6a8c3	target_8b8bbece05a47c2b09f9	SID31160	control	0	0.0	true	true			assessed	not_detected
votu_d1c8a5c53c5837b6a8c3	target_8b8bbece05a47c2b09f9	SID31512	control	0	0.0	true	true			assessed	not_detected
votu_d1c8a5c53c5837b6a8c3	target_8b8bbece05a47c2b09f9	SID31866	CRC		0.0	false	true	detection_status_not_resolvable		assessed	not_resolvable
votu_d1c8a5c53c5837b6a8c3	target_8b8bbece05a47c2b09f9	SID530295	control	0	0.0	true	true			assessed	not_detected
votu_d1c8a5c53c5837b6a8c3	target_8b8bbece05a47c2b09f9	SID530368	control	0	0.0	true	true			assessed	not_detected
votu_d1c8a5c53c5837b6a8c3	target_8b8bbece05a47c2b09f9	SID530373	CRC	0	0.0	true	true			assessed	not_detected
votu_d1c8a5c53c5837b6a8c3	target_8b8bbece05a47c2b09f9	SID531248	CRC		0.0	false	true	detection_status_not_resolvable		assessed	not_resolvable
votu_d1c8a5c53c5837b6a8c3	target_8b8bbece05a47c2b09f9	SID531361	CRC	0	0.0	true	true			assessed	not_detected
votu_d1c8a5c53c5837b6a8c3	target_8b8bbece05a47c2b09f9	SID531469	CRC	0	0.0	true	true			assessed	not_detected
votu_d1c8a5c53c5837b6a8c3	target_8b8bbece05a47c2b09f9	SID532796	control	0	0.0	true	true			assessed	not_detected
votu_d25109bb45fe46ce82eb	target_8e495eed18c8ba15655d	SID31160	control	0	0.0025769330837964923	true	true			assessed	not_detected
votu_d25109bb45fe46ce82eb	target_8e495eed18c8ba15655d	SID31512	control	0	0.0038946591729917945	true	true			assessed	not_detected
votu_d25109bb45fe46ce82eb	target_8e495eed18c8ba15655d	SID31866	CRC	1	4.780964329689024	true	true			assessed	detected
votu_d25109bb45fe46ce82eb	target_8e495eed18c8ba15655d	SID530295	control	0	0.014024260751256528	true	true			assessed	not_detected
votu_d25109bb45fe46ce82eb	target_8e495eed18c8ba15655d	SID530368	control	0	0.0	true	true			assessed	not_detected
votu_d25109bb45fe46ce82eb	target_8e495eed18c8ba15655d	SID530373	CRC	0	0.012203245278956273	true	true			assessed	not_detected
votu_d25109bb45fe46ce82eb	target_8e495eed18c8ba15655d	SID531248	CRC	0	0.0020774999569372486	true	true			assessed	not_detected
votu_d25109bb45fe46ce82eb	target_8e495eed18c8ba15655d	SID531361	CRC	0	0.007601378343024077	true	true			assessed	not_detected
votu_d25109bb45fe46ce82eb	target_8e495eed18c8ba15655d	SID531469	CRC	0	0.0	true	true			assessed	not_detected
votu_d25109bb45fe46ce82eb	target_8e495eed18c8ba15655d	SID532796	control	0	0.0	true	true			assessed	not_detected
votu_d38a4f710b946fe1c8e3	target_e5a9d6919ea24047077c	SID31160	control	0	0.0	true	true			assessed	not_detected
votu_d38a4f710b946fe1c8e3	target_e5a9d6919ea24047077c	SID31512	control	0	0.0	true	true			assessed	not_detected
votu_d38a4f710b946fe1c8e3	target_e5a9d6919ea24047077c	SID31866	CRC	0	0.0	true	true			assessed	not_detected
votu_d38a4f710b946fe1c8e3	target_e5a9d6919ea24047077c	SID530295	control	0	0.0	true	true			assessed	not_detected
votu_d38a4f710b946fe1c8e3	target_e5a9d6919ea24047077c	SID530368	control	0	0.0	true	true			assessed	not_detected
votu_d38a4f710b946fe1c8e3	target_e5a9d6919ea24047077c	SID530373	CRC	0	0.0	true	true			assessed	not_detected
votu_d38a4f710b946fe1c8e3	target_e5a9d6919ea24047077c	SID531248	CRC	0	0.0018726220809996582	true	true			assessed	not_detected
votu_d38a4f710b946fe1c8e3	target_e5a9d6919ea24047077c	SID531361	CRC	0	0.0	true	true			assessed	not_detected
votu_d38a4f710b946fe1c8e3	target_e5a9d6919ea24047077c	SID531469	CRC	0	0.0	true	true			assessed	not_detected
votu_d38a4f710b946fe1c8e3	target_e5a9d6919ea24047077c	SID532796	control	1	4.761412236747007	true	true			assessed	detected
votu_d418275ecf510969d78a	target_da5da4063d2463cebee5	SID31160	control	0	0.0	true	true			assessed	not_detected
votu_d418275ecf510969d78a	target_da5da4063d2463cebee5	SID31512	control	0	0.0	true	true			assessed	not_detected
votu_d418275ecf510969d78a	target_da5da4063d2463cebee5	SID31866	CRC	0	0.0	true	true			assessed	not_detected
votu_d418275ecf510969d78a	target_da5da4063d2463cebee5	SID530295	control	0	0.0	true	true			assessed	not_detected
votu_d418275ecf510969d78a	target_da5da4063d2463cebee5	SID530368	control	0	0.0	true	true			assessed	not_detected
votu_d418275ecf510969d78a	target_da5da4063d2463cebee5	SID530373	CRC	0	0.0	true	true			assessed	not_detected
votu_d418275ecf510969d78a	target_da5da4063d2463cebee5	SID531248	CRC	0	0.0	true	true			assessed	not_detected
votu_d418275ecf510969d78a	target_da5da4063d2463cebee5	SID531361	CRC	0	0.0	true	true			assessed	not_detected
votu_d418275ecf510969d78a	target_da5da4063d2463cebee5	SID531469	CRC	0	0.0	true	true			assessed	not_detected
votu_d418275ecf510969d78a	target_da5da4063d2463cebee5	SID532796	control	0	0.0	true	true			assessed	not_detected
votu_d49b9410398233443dc7	target_6369a0e74d33f498393b	SID31160	control	0	0.004612235084326247	true	true			assessed	not_detected
votu_d49b9410398233443dc7	target_6369a0e74d33f498393b	SID31512	control	0	0.006506007033182798	true	true			assessed	not_detected
votu_d49b9410398233443dc7	target_6369a0e74d33f498393b	SID31866	CRC	0	0.0021246541612795636	true	true			assessed	not_detected
votu_d49b9410398233443dc7	target_6369a0e74d33f498393b	SID530295	control	0	0.013902004217068	true	true			assessed	not_detected
votu_d49b9410398233443dc7	target_6369a0e74d33f498393b	SID530368	control	0	0.0	true	true			assessed	not_detected
votu_d49b9410398233443dc7	target_6369a0e74d33f498393b	SID530373	CRC	1	7.415646115559841	true	true			assessed	detected
votu_d49b9410398233443dc7	target_6369a0e74d33f498393b	SID531248	CRC	0	0.0014873367491492	true	true			assessed	not_detected
votu_d49b9410398233443dc7	target_6369a0e74d33f498393b	SID531361	CRC	0	0.0036280175172451468	true	true			assessed	not_detected
votu_d49b9410398233443dc7	target_6369a0e74d33f498393b	SID531469	CRC	0	0.0026972083816519717	true	true			assessed	not_detected
votu_d49b9410398233443dc7	target_6369a0e74d33f498393b	SID532796	control	0	0.0	true	true			assessed	not_detected
votu_d4d8a64753cb8f7d252d	target_e74a5851baeb867abe0c	SID31160	control	1	6.536943634026254	true	true			assessed	detected
votu_d4d8a64753cb8f7d252d	target_e74a5851baeb867abe0c	SID31512	control	0	0.0	true	true			assessed	not_detected
votu_d4d8a64753cb8f7d252d	target_e74a5851baeb867abe0c	SID31866	CRC	0	0.0	true	true			assessed	not_detected
votu_d4d8a64753cb8f7d252d	target_e74a5851baeb867abe0c	SID530295	control	0	0.00023710786975712658	true	true			assessed	not_detected
votu_d4d8a64753cb8f7d252d	target_e74a5851baeb867abe0c	SID530368	control	0	0.0	true	true			assessed	not_detected
votu_d4d8a64753cb8f7d252d	target_e74a5851baeb867abe0c	SID530373	CRC	0	0.0	true	true			assessed	not_detected
votu_d4d8a64753cb8f7d252d	target_e74a5851baeb867abe0c	SID531248	CRC	0	0.0	true	true			assessed	not_detected
votu_d4d8a64753cb8f7d252d	target_e74a5851baeb867abe0c	SID531361	CRC	0	0.0008353561929323742	true	true			assessed	not_detected
votu_d4d8a64753cb8f7d252d	target_e74a5851baeb867abe0c	SID531469	CRC	0	0.0	true	true			assessed	not_detected
votu_d4d8a64753cb8f7d252d	target_e74a5851baeb867abe0c	SID532796	control	0	0.0002740817122649687	true	true			assessed	not_detected
votu_d555819fb920edb26bf7	target_a4a1ff641277ce95e207	SID31160	control	0	0.0013146366151092985	true	true			assessed	not_detected
votu_d555819fb920edb26bf7	target_a4a1ff641277ce95e207	SID31512	control	0	0.0	true	true			assessed	not_detected
votu_d555819fb920edb26bf7	target_a4a1ff641277ce95e207	SID31866	CRC		0.09386728041572133	false	true	detection_status_not_detected_at_resolved_signal		assessed	not_detected_at_resolved_signal
votu_d555819fb920edb26bf7	target_a4a1ff641277ce95e207	SID530295	control		0.02751751505780104	false	true	detection_status_not_detected_at_resolved_signal		assessed	not_detected_at_resolved_signal
votu_d555819fb920edb26bf7	target_a4a1ff641277ce95e207	SID530368	control	0	0.0	true	true			assessed	not_detected
votu_d555819fb920edb26bf7	target_a4a1ff641277ce95e207	SID530373	CRC		7.042345367584582	false	true	detection_status_not_detected_at_resolved_signal		assessed	not_detected_at_resolved_signal
votu_d555819fb920edb26bf7	target_a4a1ff641277ce95e207	SID531248	CRC	0	0.0	true	true			assessed	not_detected
votu_d555819fb920edb26bf7	target_a4a1ff641277ce95e207	SID531361	CRC		0.0	false	true	detection_status_not_resolvable		assessed	not_resolvable
votu_d555819fb920edb26bf7	target_a4a1ff641277ce95e207	SID531469	CRC	0	0.0	true	true			assessed	not_detected
votu_d555819fb920edb26bf7	target_a4a1ff641277ce95e207	SID532796	control	0	0.0	true	true			assessed	not_detected
votu_d5e8cf7142b7efa99219	target_9d2a51f753614a74bd54	SID31160	control	0	0.0	true	true			assessed	not_detected
votu_d5e8cf7142b7efa99219	target_9d2a51f753614a74bd54	SID31512	control	0	0.0014835713317991092	true	true			assessed	not_detected
votu_d5e8cf7142b7efa99219	target_9d2a51f753614a74bd54	SID31866	CRC	1	10.32307274320683	true	true			assessed	detected
votu_d5e8cf7142b7efa99219	target_9d2a51f753614a74bd54	SID530295	control	0	0.013971869392394979	true	true			assessed	not_detected
votu_d5e8cf7142b7efa99219	target_9d2a51f753614a74bd54	SID530368	control	0	0.0	true	true			assessed	not_detected
votu_d5e8cf7142b7efa99219	target_9d2a51f753614a74bd54	SID530373	CRC	0	0.0	true	true			assessed	not_detected
votu_d5e8cf7142b7efa99219	target_9d2a51f753614a74bd54	SID531248	CRC	0	0.06449671669421253	true	true			assessed	not_detected
votu_d5e8cf7142b7efa99219	target_9d2a51f753614a74bd54	SID531361	CRC	0	0.0077214712017748405	true	true			assessed	not_detected
votu_d5e8cf7142b7efa99219	target_9d2a51f753614a74bd54	SID531469	CRC		0.00047836999925158146	false	true	detection_status_not_detected_at_resolved_signal		assessed	not_detected_at_resolved_signal
votu_d5e8cf7142b7efa99219	target_9d2a51f753614a74bd54	SID532796	control	1	0.8996833120063834	true	true			assessed	detected
votu_d7725091a2a62f83471a	target_8c9219ab6877bbbfb4b2	SID31160	control	0	0.0	true	true			assessed	not_detected
votu_d7725091a2a62f83471a	target_8c9219ab6877bbbfb4b2	SID31512	control	0	0.0	true	true			assessed	not_detected
votu_d7725091a2a62f83471a	target_8c9219ab6877bbbfb4b2	SID31866	CRC	0	0.0	true	true			assessed	not_detected
votu_d7725091a2a62f83471a	target_8c9219ab6877bbbfb4b2	SID530295	control	0	0.0	true	true			assessed	not_detected
votu_d7725091a2a62f83471a	target_8c9219ab6877bbbfb4b2	SID530368	control	0	0.0	true	true			assessed	not_detected
votu_d7725091a2a62f83471a	target_8c9219ab6877bbbfb4b2	SID530373	CRC	1	3.6463571453340125	true	true			assessed	detected
votu_d7725091a2a62f83471a	target_8c9219ab6877bbbfb4b2	SID531248	CRC	0	0.001562844061639059	true	true			assessed	not_detected
votu_d7725091a2a62f83471a	target_8c9219ab6877bbbfb4b2	SID531361	CRC	0	0.0	true	true			assessed	not_detected
votu_d7725091a2a62f83471a	target_8c9219ab6877bbbfb4b2	SID531469	CRC	0	0.0	true	true			assessed	not_detected
votu_d7725091a2a62f83471a	target_8c9219ab6877bbbfb4b2	SID532796	control	0	0.0	true	true			assessed	not_detected
votu_d7bf3bcf9aacd699aa89	target_df7481c1417f134a09a3	SID31160	control	0	0.0030587763707234706	true	true			assessed	not_detected
votu_d7bf3bcf9aacd699aa89	target_df7481c1417f134a09a3	SID31512	control	1	5.913196549589009	true	true			assessed	detected
votu_d7bf3bcf9aacd699aa89	target_df7481c1417f134a09a3	SID31866	CRC	0	0.2520623067248923	true	true			assessed	not_detected
votu_d7bf3bcf9aacd699aa89	target_df7481c1417f134a09a3	SID530295	control	0	0.0708545989709356	true	true			assessed	not_detected
votu_d7bf3bcf9aacd699aa89	target_df7481c1417f134a09a3	SID530368	control	0	0.003566967414494674	true	true			assessed	not_detected
votu_d7bf3bcf9aacd699aa89	target_df7481c1417f134a09a3	SID530373	CRC	0	0.0	true	true			assessed	not_detected
votu_d7bf3bcf9aacd699aa89	target_df7481c1417f134a09a3	SID531248	CRC	0	0.0032879434955274786	true	true			assessed	not_detected
votu_d7bf3bcf9aacd699aa89	target_df7481c1417f134a09a3	SID531361	CRC	0	0.002005046369678808	true	true			assessed	not_detected
votu_d7bf3bcf9aacd699aa89	target_df7481c1417f134a09a3	SID531469	CRC	0	0.000993752620761876	true	true			assessed	not_detected
votu_d7bf3bcf9aacd699aa89	target_df7481c1417f134a09a3	SID532796	control	0	0.005920730487659698	true	true			assessed	not_detected
votu_d91c8fd3ea48e9e20345	target_4dc4537386c622558874	SID31160	control	0	0.0	true	true			assessed	not_detected
votu_d91c8fd3ea48e9e20345	target_4dc4537386c622558874	SID31512	control	0	0.0	true	true			assessed	not_detected
votu_d91c8fd3ea48e9e20345	target_4dc4537386c622558874	SID31866	CRC	0	0.003925076894080289	true	true			assessed	not_detected
votu_d91c8fd3ea48e9e20345	target_4dc4537386c622558874	SID530295	control	1	2.0802826920206132	true	true			assessed	detected
votu_d91c8fd3ea48e9e20345	target_4dc4537386c622558874	SID530368	control	0	0.0	true	true			assessed	not_detected
votu_d91c8fd3ea48e9e20345	target_4dc4537386c622558874	SID530373	CRC	0	0.0	true	true			assessed	not_detected
votu_d91c8fd3ea48e9e20345	target_4dc4537386c622558874	SID531248	CRC	0	0.0	true	true			assessed	not_detected
votu_d91c8fd3ea48e9e20345	target_4dc4537386c622558874	SID531361	CRC	0	0.0	true	true			assessed	not_detected
votu_d91c8fd3ea48e9e20345	target_4dc4537386c622558874	SID531469	CRC	0	0.002491405540317682	true	true			assessed	not_detected
votu_d91c8fd3ea48e9e20345	target_4dc4537386c622558874	SID532796	control	0	0.0024739458009134007	true	true			assessed	not_detected
votu_d960a98e96871672e342	target_7414847a2b55a0321b6e	SID31160	control		0.0	false	true	detection_status_not_resolvable		assessed	not_resolvable
votu_d960a98e96871672e342	target_7414847a2b55a0321b6e	SID31512	control		0.0	false	true	detection_status_not_resolvable		assessed	not_resolvable
votu_d960a98e96871672e342	target_7414847a2b55a0321b6e	SID31866	CRC		0.0	false	true	detection_status_not_resolvable		assessed	not_resolvable
votu_d960a98e96871672e342	target_7414847a2b55a0321b6e	SID530295	control		0.0	false	true	detection_status_not_resolvable		assessed	not_resolvable
votu_d960a98e96871672e342	target_7414847a2b55a0321b6e	SID530368	control		0.0	false	true	detection_status_not_resolvable		assessed	not_resolvable
votu_d960a98e96871672e342	target_7414847a2b55a0321b6e	SID530373	CRC		0.0	false	true	detection_status_not_resolvable		assessed	not_resolvable
votu_d960a98e96871672e342	target_7414847a2b55a0321b6e	SID531248	CRC		0.0	false	true	detection_status_not_resolvable		assessed	not_resolvable
votu_d960a98e96871672e342	target_7414847a2b55a0321b6e	SID531361	CRC		0.0	false	true	detection_status_not_resolvable		assessed	not_resolvable
votu_d960a98e96871672e342	target_7414847a2b55a0321b6e	SID531469	CRC		0.0	false	true	detection_status_not_resolvable		assessed	not_resolvable
votu_d960a98e96871672e342	target_7414847a2b55a0321b6e	SID532796	control		0.0	false	true	detection_status_not_resolvable		assessed	not_resolvable
votu_d998630c08dfee6c6843	target_6de6a31c40b396111fa3	SID31160	control	1	0.9894698388220942	true	true			assessed	detected
votu_d998630c08dfee6c6843	target_6de6a31c40b396111fa3	SID31512	control	0	0.10161848532411434	true	true			assessed	not_detected
votu_d998630c08dfee6c6843	target_6de6a31c40b396111fa3	SID31866	CRC	1	3.614213766891932	true	true			assessed	detected
votu_d998630c08dfee6c6843	target_6de6a31c40b396111fa3	SID530295	control	1	0.4762253328925868	true	true			assessed	detected
votu_d998630c08dfee6c6843	target_6de6a31c40b396111fa3	SID530368	control	0	0.0010595613209843013	true	true			assessed	not_detected
votu_d998630c08dfee6c6843	target_6de6a31c40b396111fa3	SID530373	CRC	0	0.08777625496512388	true	true			assessed	not_detected
votu_d998630c08dfee6c6843	target_6de6a31c40b396111fa3	SID531248	CRC	1	0.8929276444024742	true	true			assessed	detected
votu_d998630c08dfee6c6843	target_6de6a31c40b396111fa3	SID531361	CRC	0	0.016974470466585356	true	true			assessed	not_detected
votu_d998630c08dfee6c6843	target_6de6a31c40b396111fa3	SID531469	CRC	0	0.00531346404666671	true	true			assessed	not_detected
votu_d998630c08dfee6c6843	target_6de6a31c40b396111fa3	SID532796	control	0	0.0026381136779681544	true	true			assessed	not_detected
votu_da2d79f7520ef0caead5	target_e1e91d5637f3c125d2bd	SID31160	control	0	0.0	true	true			assessed	not_detected
votu_da2d79f7520ef0caead5	target_e1e91d5637f3c125d2bd	SID31512	control		0.003080761638811829	false	true	detection_status_not_detected_at_resolved_signal		assessed	not_detected_at_resolved_signal
votu_da2d79f7520ef0caead5	target_e1e91d5637f3c125d2bd	SID31866	CRC		0.0011737581135144936	false	true	detection_status_not_detected_at_resolved_signal		assessed	not_detected_at_resolved_signal
votu_da2d79f7520ef0caead5	target_e1e91d5637f3c125d2bd	SID530295	control		0.0089601352374515	false	true	detection_status_not_detected_at_resolved_signal		assessed	not_detected_at_resolved_signal
votu_da2d79f7520ef0caead5	target_e1e91d5637f3c125d2bd	SID530368	control		0.0	false	true	detection_status_not_resolvable		assessed	not_resolvable
votu_da2d79f7520ef0caead5	target_e1e91d5637f3c125d2bd	SID530373	CRC	0	0.0	true	true			assessed	not_detected
votu_da2d79f7520ef0caead5	target_e1e91d5637f3c125d2bd	SID531248	CRC	1	2.956794724880331	true	true			assessed	detected
votu_da2d79f7520ef0caead5	target_e1e91d5637f3c125d2bd	SID531361	CRC		0.016535361078607425	false	true	detection_status_not_detected_at_resolved_signal		assessed	not_detected_at_resolved_signal
votu_da2d79f7520ef0caead5	target_e1e91d5637f3c125d2bd	SID531469	CRC	0	0.0014900637852028901	true	true			assessed	not_detected
votu_da2d79f7520ef0caead5	target_e1e91d5637f3c125d2bd	SID532796	control		0.0014796214365108014	false	true	detection_status_not_detected_at_resolved_signal		assessed	not_detected_at_resolved_signal
votu_da33c8a3da5fbf0a7ff9	target_2e392842cd456cae274f	SID31160	control		0.0009072650525980698	false	true	detection_status_not_detected_at_resolved_signal		assessed	not_detected_at_resolved_signal
votu_da33c8a3da5fbf0a7ff9	target_2e392842cd456cae274f	SID31512	control	0	0.0	true	true			assessed	not_detected
votu_da33c8a3da5fbf0a7ff9	target_2e392842cd456cae274f	SID31866	CRC		0.08707024333750965	false	true	detection_status_not_detected_at_resolved_signal		assessed	not_detected_at_resolved_signal
votu_da33c8a3da5fbf0a7ff9	target_2e392842cd456cae274f	SID530295	control	0	0.044058089015391905	true	true			assessed	not_detected
votu_da33c8a3da5fbf0a7ff9	target_2e392842cd456cae274f	SID530368	control	0	0.0	true	true			assessed	not_detected
votu_da33c8a3da5fbf0a7ff9	target_2e392842cd456cae274f	SID530373	CRC		0.00042964165579216734	false	true	detection_status_not_detected_at_resolved_signal		assessed	not_detected_at_resolved_signal
votu_da33c8a3da5fbf0a7ff9	target_2e392842cd456cae274f	SID531248	CRC		0.03291429660318666	false	true	detection_status_not_detected_at_resolved_signal		assessed	not_detected_at_resolved_signal
votu_da33c8a3da5fbf0a7ff9	target_2e392842cd456cae274f	SID531361	CRC		0.35460043876865827	false	true	detection_status_not_detected_at_resolved_signal		assessed	not_detected_at_resolved_signal
votu_da33c8a3da5fbf0a7ff9	target_2e392842cd456cae274f	SID531469	CRC		0.1569583248188406	false	true	detection_status_not_detected_at_resolved_signal		assessed	not_detected_at_resolved_signal
votu_da33c8a3da5fbf0a7ff9	target_2e392842cd456cae274f	SID532796	control		0.612457510188044	false	true	detection_status_not_detected_at_resolved_signal		assessed	not_detected_at_resolved_signal
votu_da5f095bd4d3e9294192	target_f8916edbea8a40e337fb	SID31160	control	1	18.713525741911774	true	true			assessed	detected
votu_da5f095bd4d3e9294192	target_f8916edbea8a40e337fb	SID31512	control		0.0007717411482857274	false	true	detection_status_not_detected_at_resolved_signal		assessed	not_detected_at_resolved_signal
votu_da5f095bd4d3e9294192	target_f8916edbea8a40e337fb	SID31866	CRC		0.19053166919931017	false	true	detection_status_not_detected_at_resolved_signal		assessed	not_detected_at_resolved_signal
votu_da5f095bd4d3e9294192	target_f8916edbea8a40e337fb	SID530295	control		0.7342865376866478	false	true	detection_status_not_detected_at_resolved_signal		assessed	not_detected_at_resolved_signal
votu_da5f095bd4d3e9294192	target_f8916edbea8a40e337fb	SID530368	control		0.0008931985606747576	false	true	detection_status_not_detected_at_resolved_signal		assessed	not_detected_at_resolved_signal
votu_da5f095bd4d3e9294192	target_f8916edbea8a40e337fb	SID530373	CRC		0.05948570958575708	false	true	detection_status_not_detected_at_resolved_signal		assessed	not_detected_at_resolved_signal
votu_da5f095bd4d3e9294192	target_f8916edbea8a40e337fb	SID531248	CRC		0.05186970374571556	false	true	detection_status_not_detected_at_resolved_signal		assessed	not_detected_at_resolved_signal
votu_da5f095bd4d3e9294192	target_f8916edbea8a40e337fb	SID531361	CRC		0.008284327086755867	false	true	detection_status_not_detected_at_resolved_signal		assessed	not_detected_at_resolved_signal
votu_da5f095bd4d3e9294192	target_f8916edbea8a40e337fb	SID531469	CRC		0.014930639516206903	false	true	detection_status_not_detected_at_resolved_signal		assessed	not_detected_at_resolved_signal
votu_da5f095bd4d3e9294192	target_f8916edbea8a40e337fb	SID532796	control		0.015567306066891821	false	true	detection_status_not_detected_at_resolved_signal		assessed	not_detected_at_resolved_signal
votu_da6bce2aca7df20bf0a8	target_3408cccc12498fbfdf2d	SID31160	control		0.8193819054437346	false	true	detection_status_not_detected_at_resolved_signal		assessed	not_detected_at_resolved_signal
votu_da6bce2aca7df20bf0a8	target_3408cccc12498fbfdf2d	SID31512	control		5.036472277593882	false	true	detection_status_not_detected_at_resolved_signal		assessed	not_detected_at_resolved_signal
votu_da6bce2aca7df20bf0a8	target_3408cccc12498fbfdf2d	SID31866	CRC		0.00932751057908826	false	true	detection_status_not_detected_at_resolved_signal		assessed	not_detected_at_resolved_signal
votu_da6bce2aca7df20bf0a8	target_3408cccc12498fbfdf2d	SID530295	control		0.010171937137535328	false	true	detection_status_not_detected_at_resolved_signal		assessed	not_detected_at_resolved_signal
votu_da6bce2aca7df20bf0a8	target_3408cccc12498fbfdf2d	SID530368	control		0.023612412003858104	false	true	detection_status_not_detected_at_resolved_signal		assessed	not_detected_at_resolved_signal
votu_da6bce2aca7df20bf0a8	target_3408cccc12498fbfdf2d	SID530373	CRC		0.07031736085217545	false	true	detection_status_not_detected_at_resolved_signal		assessed	not_detected_at_resolved_signal
votu_da6bce2aca7df20bf0a8	target_3408cccc12498fbfdf2d	SID531248	CRC		0.9272036979741317	false	true	detection_status_not_detected_at_resolved_signal		assessed	not_detected_at_resolved_signal
votu_da6bce2aca7df20bf0a8	target_3408cccc12498fbfdf2d	SID531361	CRC	0	0.0053091576643296175	true	true			assessed	not_detected
votu_da6bce2aca7df20bf0a8	target_3408cccc12498fbfdf2d	SID531469	CRC		0.057889816066366596	false	true	detection_status_not_detected_at_resolved_signal		assessed	not_detected_at_resolved_signal
votu_da6bce2aca7df20bf0a8	target_3408cccc12498fbfdf2d	SID532796	control		0.06401641187269135	false	true	detection_status_not_detected_at_resolved_signal		assessed	not_detected_at_resolved_signal
votu_daa620346d218f8cf2ff	target_4d663303e3c84350180b	SID31160	control	0	0.0	true	true			assessed	not_detected
votu_daa620346d218f8cf2ff	target_4d663303e3c84350180b	SID31512	control	0	0.0	true	true			assessed	not_detected
votu_daa620346d218f8cf2ff	target_4d663303e3c84350180b	SID31866	CRC	0	0.0	true	true			assessed	not_detected
votu_daa620346d218f8cf2ff	target_4d663303e3c84350180b	SID530295	control	0	0.0	true	true			assessed	not_detected
votu_daa620346d218f8cf2ff	target_4d663303e3c84350180b	SID530368	control	0	0.0	true	true			assessed	not_detected
votu_daa620346d218f8cf2ff	target_4d663303e3c84350180b	SID530373	CRC	0	0.0	true	true			assessed	not_detected
votu_daa620346d218f8cf2ff	target_4d663303e3c84350180b	SID531248	CRC	0	0.0	true	true			assessed	not_detected
votu_daa620346d218f8cf2ff	target_4d663303e3c84350180b	SID531361	CRC	0	0.0	true	true			assessed	not_detected
votu_daa620346d218f8cf2ff	target_4d663303e3c84350180b	SID531469	CRC	0	0.0	true	true			assessed	not_detected
votu_daa620346d218f8cf2ff	target_4d663303e3c84350180b	SID532796	control	1	2.9354461059004757	true	true			assessed	detected
votu_db5be0029f3c3000b8d8	target_0abb3b386d0529c7debd	SID31160	control	0	0.0	true	true			assessed	not_detected
votu_db5be0029f3c3000b8d8	target_0abb3b386d0529c7debd	SID31512	control	0	0.0	true	true			assessed	not_detected
votu_db5be0029f3c3000b8d8	target_0abb3b386d0529c7debd	SID31866	CRC	0	0.0024149491216332833	true	true			assessed	not_detected
votu_db5be0029f3c3000b8d8	target_0abb3b386d0529c7debd	SID530295	control	0	0.0	true	true			assessed	not_detected
votu_db5be0029f3c3000b8d8	target_0abb3b386d0529c7debd	SID530368	control	0	0.0	true	true			assessed	not_detected
votu_db5be0029f3c3000b8d8	target_0abb3b386d0529c7debd	SID530373	CRC	0	0.0007447742043530792	true	true			assessed	not_detected
votu_db5be0029f3c3000b8d8	target_0abb3b386d0529c7debd	SID531248	CRC	0	0.012679154946919426	true	true			assessed	not_detected
votu_db5be0029f3c3000b8d8	target_0abb3b386d0529c7debd	SID531361	CRC	0	0.0007731973992709215	true	true			assessed	not_detected
votu_db5be0029f3c3000b8d8	target_0abb3b386d0529c7debd	SID531469	CRC	1	2.2571454486947125	true	true			assessed	detected
votu_db5be0029f3c3000b8d8	target_0abb3b386d0529c7debd	SID532796	control	0	0.15525663491720618	true	true			assessed	not_detected
votu_df33c1b407ff8281b82a	target_dd4d18fbfe658d98ba81	SID31160	control	0	0.0	true	true			assessed	not_detected
votu_df33c1b407ff8281b82a	target_dd4d18fbfe658d98ba81	SID31512	control	0	0.0	true	true			assessed	not_detected
votu_df33c1b407ff8281b82a	target_dd4d18fbfe658d98ba81	SID31866	CRC	0	0.0	true	true			assessed	not_detected
votu_df33c1b407ff8281b82a	target_dd4d18fbfe658d98ba81	SID530295	control	0	0.028900982176343973	true	true			assessed	not_detected
votu_df33c1b407ff8281b82a	target_dd4d18fbfe658d98ba81	SID530368	control	0	0.03371859941779948	true	true			assessed	not_detected
votu_df33c1b407ff8281b82a	target_dd4d18fbfe658d98ba81	SID530373	CRC	0	0.0002122905177015222	true	true			assessed	not_detected
votu_df33c1b407ff8281b82a	target_dd4d18fbfe658d98ba81	SID531248	CRC	0	0.00036140676623425176	true	true			assessed	not_detected
votu_df33c1b407ff8281b82a	target_dd4d18fbfe658d98ba81	SID531361	CRC	0	0.001101961340882307	true	true			assessed	not_detected
votu_df33c1b407ff8281b82a	target_dd4d18fbfe658d98ba81	SID531469	CRC	1	5.666960533945818	true	true			assessed	detected
votu_df33c1b407ff8281b82a	target_dd4d18fbfe658d98ba81	SID532796	control	0	0.0	true	true			assessed	not_detected
votu_df62291fdf716f1abf4d	target_0ec1c1e056182b0cdd7d	SID31160	control	1	3.9292016065427364	true	true			assessed	detected
votu_df62291fdf716f1abf4d	target_0ec1c1e056182b0cdd7d	SID31512	control	0	0.002243027824144997	true	true			assessed	not_detected
votu_df62291fdf716f1abf4d	target_0ec1c1e056182b0cdd7d	SID31866	CRC		0.005127508874937193	false	true	detection_status_not_detected_at_resolved_signal		assessed	not_detected_at_resolved_signal
votu_df62291fdf716f1abf4d	target_0ec1c1e056182b0cdd7d	SID530295	control		0.0	false	true	detection_status_not_resolvable		assessed	not_resolvable
votu_df62291fdf716f1abf4d	target_0ec1c1e056182b0cdd7d	SID530368	control	0	0.0	true	true			assessed	not_detected
votu_df62291fdf716f1abf4d	target_0ec1c1e056182b0cdd7d	SID530373	CRC		0.0	false	true	detection_status_not_resolvable		assessed	not_resolvable
votu_df62291fdf716f1abf4d	target_0ec1c1e056182b0cdd7d	SID531248	CRC	0	0.20011164075778717	true	true			assessed	not_detected
votu_df62291fdf716f1abf4d	target_0ec1c1e056182b0cdd7d	SID531361	CRC	0	0.0010944541208825899	true	true			assessed	not_detected
votu_df62291fdf716f1abf4d	target_0ec1c1e056182b0cdd7d	SID531469	CRC	0	0.0	true	true			assessed	not_detected
votu_df62291fdf716f1abf4d	target_0ec1c1e056182b0cdd7d	SID532796	control	0	0.016159147186936083	true	true			assessed	not_detected
votu_e058af0ce494d8c237ef	target_2c8a1c1013d3f484f035	SID31160	control	0	0.0010304571423706305	true	true			assessed	not_detected
votu_e058af0ce494d8c237ef	target_2c8a1c1013d3f484f035	SID31512	control	0	0.0	true	true			assessed	not_detected
votu_e058af0ce494d8c237ef	target_2c8a1c1013d3f484f035	SID31866	CRC	0	0.018196310233244927	true	true			assessed	not_detected
votu_e058af0ce494d8c237ef	target_2c8a1c1013d3f484f035	SID530295	control	1	5.9763854743960545	true	true			assessed	detected
votu_e058af0ce494d8c237ef	target_2c8a1c1013d3f484f035	SID530368	control	0	0.0024033185845488752	true	true			assessed	not_detected
votu_e058af0ce494d8c237ef	target_2c8a1c1013d3f484f035	SID530373	CRC	0	0.0	true	true			assessed	not_detected
votu_e058af0ce494d8c237ef	target_2c8a1c1013d3f484f035	SID531248	CRC	0	0.0	true	true			assessed	not_detected
votu_e058af0ce494d8c237ef	target_2c8a1c1013d3f484f035	SID531361	CRC	0	0.0	true	true			assessed	not_detected
votu_e058af0ce494d8c237ef	target_2c8a1c1013d3f484f035	SID531469	CRC	0	0.003013026862811364	true	true			assessed	not_detected
votu_e058af0ce494d8c237ef	target_2c8a1c1013d3f484f035	SID532796	control	0	0.0	true	true			assessed	not_detected
votu_e1b3266e7116ac1152ff	target_8d3a3bfe8b12c81a6510	SID31160	control	0	0.0	true	true			assessed	not_detected
votu_e1b3266e7116ac1152ff	target_8d3a3bfe8b12c81a6510	SID31512	control	0	0.0	true	true			assessed	not_detected
votu_e1b3266e7116ac1152ff	target_8d3a3bfe8b12c81a6510	SID31866	CRC		0.026670437630994383	false	true	detection_status_not_detected_at_resolved_signal		assessed	not_detected_at_resolved_signal
votu_e1b3266e7116ac1152ff	target_8d3a3bfe8b12c81a6510	SID530295	control	0	0.0	true	true			assessed	not_detected
votu_e1b3266e7116ac1152ff	target_8d3a3bfe8b12c81a6510	SID530368	control	0	0.0	true	true			assessed	not_detected
votu_e1b3266e7116ac1152ff	target_8d3a3bfe8b12c81a6510	SID530373	CRC	0	0.0	true	true			assessed	not_detected
votu_e1b3266e7116ac1152ff	target_8d3a3bfe8b12c81a6510	SID531248	CRC		0.0	false	true	detection_status_not_resolvable		assessed	not_resolvable
votu_e1b3266e7116ac1152ff	target_8d3a3bfe8b12c81a6510	SID531361	CRC	0	0.0	true	true			assessed	not_detected
votu_e1b3266e7116ac1152ff	target_8d3a3bfe8b12c81a6510	SID531469	CRC		0.0011285872501295496	false	true	detection_status_not_detected_at_resolved_signal		assessed	not_detected_at_resolved_signal
votu_e1b3266e7116ac1152ff	target_8d3a3bfe8b12c81a6510	SID532796	control	0	0.0	true	true			assessed	not_detected
votu_e2280024ba9142efa3b5	target_f3be1af765d7fc6348e4	SID31160	control	0	0.0	true	true			assessed	not_detected
votu_e2280024ba9142efa3b5	target_f3be1af765d7fc6348e4	SID31512	control	0	0.0	true	true			assessed	not_detected
votu_e2280024ba9142efa3b5	target_f3be1af765d7fc6348e4	SID31866	CRC	0	0.0	true	true			assessed	not_detected
votu_e2280024ba9142efa3b5	target_f3be1af765d7fc6348e4	SID530295	control	0	0.0	true	true			assessed	not_detected
votu_e2280024ba9142efa3b5	target_f3be1af765d7fc6348e4	SID530368	control	0	0.0	true	true			assessed	not_detected
votu_e2280024ba9142efa3b5	target_f3be1af765d7fc6348e4	SID530373	CRC	0	0.0	true	true			assessed	not_detected
votu_e2280024ba9142efa3b5	target_f3be1af765d7fc6348e4	SID531248	CRC	0	0.0	true	true			assessed	not_detected
votu_e2280024ba9142efa3b5	target_f3be1af765d7fc6348e4	SID531361	CRC	0	0.0	true	true			assessed	not_detected
votu_e2280024ba9142efa3b5	target_f3be1af765d7fc6348e4	SID531469	CRC	0	0.0	true	true			assessed	not_detected
votu_e2280024ba9142efa3b5	target_f3be1af765d7fc6348e4	SID532796	control	0	0.0	true	true			assessed	not_detected
votu_e2c3a4443eb65c973a18	target_da4a8173d9c6d59b55fa	SID31160	control	0	0.0	true	true			assessed	not_detected
votu_e2c3a4443eb65c973a18	target_da4a8173d9c6d59b55fa	SID31512	control	0	0.0	true	true			assessed	not_detected
votu_e2c3a4443eb65c973a18	target_da4a8173d9c6d59b55fa	SID31866	CRC		0.0	false	true	detection_status_not_resolvable		assessed	not_resolvable
votu_e2c3a4443eb65c973a18	target_da4a8173d9c6d59b55fa	SID530295	control		0.0	false	true	detection_status_not_resolvable		assessed	not_resolvable
votu_e2c3a4443eb65c973a18	target_da4a8173d9c6d59b55fa	SID530368	control		0.0	false	true	detection_status_not_resolvable		assessed	not_resolvable
votu_e2c3a4443eb65c973a18	target_da4a8173d9c6d59b55fa	SID530373	CRC		0.0	false	true	detection_status_not_resolvable		assessed	not_resolvable
votu_e2c3a4443eb65c973a18	target_da4a8173d9c6d59b55fa	SID531248	CRC	0	0.0	true	true			assessed	not_detected
votu_e2c3a4443eb65c973a18	target_da4a8173d9c6d59b55fa	SID531361	CRC	0	0.0	true	true			assessed	not_detected
votu_e2c3a4443eb65c973a18	target_da4a8173d9c6d59b55fa	SID531469	CRC		0.0	false	true	detection_status_not_resolvable		assessed	not_resolvable
votu_e2c3a4443eb65c973a18	target_da4a8173d9c6d59b55fa	SID532796	control		0.0	false	true	detection_status_not_resolvable		assessed	not_resolvable
votu_e38c8fbabe7174dd30ad	target_18abe46a43971c369859	SID31160	control		0.08844850946873782	false	true	detection_status_not_detected_at_resolved_signal		assessed	not_detected_at_resolved_signal
votu_e38c8fbabe7174dd30ad	target_18abe46a43971c369859	SID31512	control	0	0.00873706173769954	true	true			assessed	not_detected
votu_e38c8fbabe7174dd30ad	target_18abe46a43971c369859	SID31866	CRC	0	0.001331514515593234	true	true			assessed	not_detected
votu_e38c8fbabe7174dd30ad	target_18abe46a43971c369859	SID530295	control		0.7753987197496458	false	true	detection_status_not_detected_at_resolved_signal		assessed	not_detected_at_resolved_signal
votu_e38c8fbabe7174dd30ad	target_18abe46a43971c369859	SID530368	control	0	0.0020224218926189535	true	true			assessed	not_detected
votu_e38c8fbabe7174dd30ad	target_18abe46a43971c369859	SID530373	CRC	0	0.011497954280467543	true	true			assessed	not_detected
votu_e38c8fbabe7174dd30ad	target_18abe46a43971c369859	SID531248	CRC		0.044741259233449314	false	true	detection_status_not_detected_at_resolved_signal		assessed	not_detected_at_resolved_signal
votu_e38c8fbabe7174dd30ad	target_18abe46a43971c369859	SID531361	CRC	0	0.006821003730973048	true	true			assessed	not_detected
votu_e38c8fbabe7174dd30ad	target_18abe46a43971c369859	SID531469	CRC	0	0.0033806651239526413	true	true			assessed	not_detected
votu_e38c8fbabe7174dd30ad	target_18abe46a43971c369859	SID532796	control		0.016784867321581392	false	true	detection_status_not_detected_at_resolved_signal		assessed	not_detected_at_resolved_signal
votu_e3bb28530627da347f4a	target_0cdf525375bf283b66f5	SID31160	control	0	0.8007939242489897	true	true			assessed	not_detected
votu_e3bb28530627da347f4a	target_0cdf525375bf283b66f5	SID31512	control	0	0.0	true	true			assessed	not_detected
votu_e3bb28530627da347f4a	target_0cdf525375bf283b66f5	SID31866	CRC	0	1.0858473152547667	true	true			assessed	not_detected
votu_e3bb28530627da347f4a	target_0cdf525375bf283b66f5	SID530295	control	1	11.026832618947264	true	true			assessed	detected
votu_e3bb28530627da347f4a	target_0cdf525375bf283b66f5	SID530368	control	0	0.005020641834858348	true	true			assessed	not_detected
votu_e3bb28530627da347f4a	target_0cdf525375bf283b66f5	SID530373	CRC	0	0.004077650696671103	true	true			assessed	not_detected
votu_e3bb28530627da347f4a	target_0cdf525375bf283b66f5	SID531248	CRC	0	0.0	true	true			assessed	not_detected
votu_e3bb28530627da347f4a	target_0cdf525375bf283b66f5	SID531361	CRC	0	0.002116634072027204	true	true			assessed	not_detected
votu_e3bb28530627da347f4a	target_0cdf525375bf283b66f5	SID531469	CRC	0	0.0	true	true			assessed	not_detected
votu_e3bb28530627da347f4a	target_0cdf525375bf283b66f5	SID532796	control	0	0.0	true	true			assessed	not_detected
votu_e448bfb6db3309c54b7d	target_6a6c720c4d24611b1905	SID31160	control	0	0.0	true	true			assessed	not_detected
votu_e448bfb6db3309c54b7d	target_6a6c720c4d24611b1905	SID31512	control	0	0.0	true	true			assessed	not_detected
votu_e448bfb6db3309c54b7d	target_6a6c720c4d24611b1905	SID31866	CRC		0.520658362134221	false	true	detection_status_not_detected_at_resolved_signal		assessed	not_detected_at_resolved_signal
votu_e448bfb6db3309c54b7d	target_6a6c720c4d24611b1905	SID530295	control		0.007316932420510003	false	true	detection_status_not_detected_at_resolved_signal		assessed	not_detected_at_resolved_signal
votu_e448bfb6db3309c54b7d	target_6a6c720c4d24611b1905	SID530368	control	0	0.0	true	true			assessed	not_detected
votu_e448bfb6db3309c54b7d	target_6a6c720c4d24611b1905	SID530373	CRC		0.00993228115600231	false	true	detection_status_not_detected_at_resolved_signal		assessed	not_detected_at_resolved_signal
votu_e448bfb6db3309c54b7d	target_6a6c720c4d24611b1905	SID531248	CRC	0	0.0	true	true			assessed	not_detected
votu_e448bfb6db3309c54b7d	target_6a6c720c4d24611b1905	SID531361	CRC		0.0	false	true	detection_status_not_resolvable		assessed	not_resolvable
votu_e448bfb6db3309c54b7d	target_6a6c720c4d24611b1905	SID531469	CRC	0	0.0	true	true			assessed	not_detected
votu_e448bfb6db3309c54b7d	target_6a6c720c4d24611b1905	SID532796	control	0	0.0	true	true			assessed	not_detected
votu_e498f9425d1a8c6de98d	target_cef91333cb9b4dcdc6ef	SID31160	control	0	0.0	true	true			assessed	not_detected
votu_e498f9425d1a8c6de98d	target_cef91333cb9b4dcdc6ef	SID31512	control		0.0	false	true	detection_status_not_resolvable		assessed	not_resolvable
votu_e498f9425d1a8c6de98d	target_cef91333cb9b4dcdc6ef	SID31866	CRC		0.0	false	true	detection_status_not_resolvable		assessed	not_resolvable
votu_e498f9425d1a8c6de98d	target_cef91333cb9b4dcdc6ef	SID530295	control	0	0.0	true	true			assessed	not_detected
votu_e498f9425d1a8c6de98d	target_cef91333cb9b4dcdc6ef	SID530368	control		0.0007058440622228053	false	true	detection_status_not_detected_at_resolved_signal		assessed	not_detected_at_resolved_signal
votu_e498f9425d1a8c6de98d	target_cef91333cb9b4dcdc6ef	SID530373	CRC		0.0	false	true	detection_status_not_resolvable		assessed	not_resolvable
votu_e498f9425d1a8c6de98d	target_cef91333cb9b4dcdc6ef	SID531248	CRC	0	0.0	true	true			assessed	not_detected
votu_e498f9425d1a8c6de98d	target_cef91333cb9b4dcdc6ef	SID531361	CRC		0.0	false	true	detection_status_not_resolvable		assessed	not_resolvable
votu_e498f9425d1a8c6de98d	target_cef91333cb9b4dcdc6ef	SID531469	CRC	0	0.0	true	true			assessed	not_detected
votu_e498f9425d1a8c6de98d	target_cef91333cb9b4dcdc6ef	SID532796	control		0.0005858074903844025	false	true	detection_status_not_detected_at_resolved_signal		assessed	not_detected_at_resolved_signal
votu_e53a6ec7242fb2550222	target_e421dd019e5e0ac6f588	SID31160	control	0	0.0	true	true			assessed	not_detected
votu_e53a6ec7242fb2550222	target_e421dd019e5e0ac6f588	SID31512	control	1	18.155090127675077	true	true			assessed	detected
votu_e53a6ec7242fb2550222	target_e421dd019e5e0ac6f588	SID31866	CRC	0	0.0	true	true			assessed	not_detected
votu_e53a6ec7242fb2550222	target_e421dd019e5e0ac6f588	SID530295	control	0	0.0	true	true			assessed	not_detected
votu_e53a6ec7242fb2550222	target_e421dd019e5e0ac6f588	SID530368	control		0.8484638690328973	false	true	detection_status_not_detected_at_resolved_signal		assessed	not_detected_at_resolved_signal
votu_e53a6ec7242fb2550222	target_e421dd019e5e0ac6f588	SID530373	CRC	0	0.0	true	true			assessed	not_detected
votu_e53a6ec7242fb2550222	target_e421dd019e5e0ac6f588	SID531248	CRC	0	0.0009370127205324859	true	true			assessed	not_detected
votu_e53a6ec7242fb2550222	target_e421dd019e5e0ac6f588	SID531361	CRC	0	0.0	true	true			assessed	not_detected
votu_e53a6ec7242fb2550222	target_e421dd019e5e0ac6f588	SID531469	CRC	0	0.0022656322360357084	true	true			assessed	not_detected
votu_e53a6ec7242fb2550222	target_e421dd019e5e0ac6f588	SID532796	control	0	0.0	true	true			assessed	not_detected
votu_e5fa97fd7941dae0791f	target_2b122efe48f71731d1ac	SID31160	control	0	0.0	true	true			assessed	not_detected
votu_e5fa97fd7941dae0791f	target_2b122efe48f71731d1ac	SID31512	control	0	0.0	true	true			assessed	not_detected
votu_e5fa97fd7941dae0791f	target_2b122efe48f71731d1ac	SID31866	CRC		0.0	false	true	detection_status_not_resolvable		assessed	not_resolvable
votu_e5fa97fd7941dae0791f	target_2b122efe48f71731d1ac	SID530295	control	0	0.0	true	true			assessed	not_detected
votu_e5fa97fd7941dae0791f	target_2b122efe48f71731d1ac	SID530368	control		0.0	false	true	detection_status_not_resolvable		assessed	not_resolvable
votu_e5fa97fd7941dae0791f	target_2b122efe48f71731d1ac	SID530373	CRC		0.0	false	true	detection_status_not_resolvable		assessed	not_resolvable
votu_e5fa97fd7941dae0791f	target_2b122efe48f71731d1ac	SID531248	CRC	0	0.0	true	true			assessed	not_detected
votu_e5fa97fd7941dae0791f	target_2b122efe48f71731d1ac	SID531361	CRC	0	0.0	true	true			assessed	not_detected
votu_e5fa97fd7941dae0791f	target_2b122efe48f71731d1ac	SID531469	CRC	0	0.0	true	true			assessed	not_detected
votu_e5fa97fd7941dae0791f	target_2b122efe48f71731d1ac	SID532796	control	0	0.0	true	true			assessed	not_detected
votu_e6b90e6596d66c95e6be	target_05568f814bb7341587db	SID31160	control		0.02043907835005044	false	true	detection_status_not_detected_at_resolved_signal		assessed	not_detected_at_resolved_signal
votu_e6b90e6596d66c95e6be	target_05568f814bb7341587db	SID31512	control		0.003295007055078902	false	true	detection_status_not_detected_at_resolved_signal		assessed	not_detected_at_resolved_signal
votu_e6b90e6596d66c95e6be	target_05568f814bb7341587db	SID31866	CRC		0.011298462999007523	false	true	detection_status_not_detected_at_resolved_signal		assessed	not_detected_at_resolved_signal
votu_e6b90e6596d66c95e6be	target_05568f814bb7341587db	SID530295	control		0.10404671374552983	false	true	detection_status_not_detected_at_resolved_signal		assessed	not_detected_at_resolved_signal
votu_e6b90e6596d66c95e6be	target_05568f814bb7341587db	SID530368	control		0.0019067893201931507	false	true	detection_status_not_detected_at_resolved_signal		assessed	not_detected_at_resolved_signal
votu_e6b90e6596d66c95e6be	target_05568f814bb7341587db	SID530373	CRC		0.0015486507613244212	false	true	detection_status_not_detected_at_resolved_signal		assessed	not_detected_at_resolved_signal
votu_e6b90e6596d66c95e6be	target_05568f814bb7341587db	SID531248	CRC		0.014500462778788156	false	true	detection_status_not_detected_at_resolved_signal		assessed	not_detected_at_resolved_signal
votu_e6b90e6596d66c95e6be	target_05568f814bb7341587db	SID531361	CRC	0	0.019293032449882935	true	true			assessed	not_detected
votu_e6b90e6596d66c95e6be	target_05568f814bb7341587db	SID531469	CRC	1	4.57706991316349	true	true			assessed	detected
votu_e6b90e6596d66c95e6be	target_05568f814bb7341587db	SID532796	control		0.23421277569411283	false	true	detection_status_not_detected_at_resolved_signal		assessed	not_detected_at_resolved_signal
votu_e76e5dbdac94e570f1f2	target_a941537154754690b158	SID31160	control		0.273899720795992	false	true	detection_status_not_detected_at_resolved_signal		assessed	not_detected_at_resolved_signal
votu_e76e5dbdac94e570f1f2	target_a941537154754690b158	SID31512	control		0.011707946872303185	false	true	detection_status_not_detected_at_resolved_signal		assessed	not_detected_at_resolved_signal
votu_e76e5dbdac94e570f1f2	target_a941537154754690b158	SID31866	CRC		0.02166616915525969	false	true	detection_status_not_detected_at_resolved_signal		assessed	not_detected_at_resolved_signal
votu_e76e5dbdac94e570f1f2	target_a941537154754690b158	SID530295	control		0.1257823500612112	false	true	detection_status_not_detected_at_resolved_signal		assessed	not_detected_at_resolved_signal
votu_e76e5dbdac94e570f1f2	target_a941537154754690b158	SID530368	control	0	0.0009678968245123457	true	true			assessed	not_detected
votu_e76e5dbdac94e570f1f2	target_a941537154754690b158	SID530373	CRC		0.021224800104472384	false	true	detection_status_not_detected_at_resolved_signal		assessed	not_detected_at_resolved_signal
votu_e76e5dbdac94e570f1f2	target_a941537154754690b158	SID531248	CRC		0.17531409059655362	false	true	detection_status_not_detected_at_resolved_signal		assessed	not_detected_at_resolved_signal
votu_e76e5dbdac94e570f1f2	target_a941537154754690b158	SID531361	CRC		0.44396067459490335	false	true	detection_status_not_detected_at_resolved_signal		assessed	not_detected_at_resolved_signal
votu_e76e5dbdac94e570f1f2	target_a941537154754690b158	SID531469	CRC		0.005662751513689563	false	true	detection_status_not_detected_at_resolved_signal		assessed	not_detected_at_resolved_signal
votu_e76e5dbdac94e570f1f2	target_a941537154754690b158	SID532796	control	1	8.44424007448915	true	true			assessed	detected
votu_e8f042746fc9f15d73e7	target_11ee9374153bfab61d19	SID31160	control	0	0.0	true	true			assessed	not_detected
votu_e8f042746fc9f15d73e7	target_11ee9374153bfab61d19	SID31512	control	0	0.0	true	true			assessed	not_detected
votu_e8f042746fc9f15d73e7	target_11ee9374153bfab61d19	SID31866	CRC		0.0	false	true	detection_status_not_resolvable		assessed	not_resolvable
votu_e8f042746fc9f15d73e7	target_11ee9374153bfab61d19	SID530295	control		0.0	false	true	detection_status_not_resolvable		assessed	not_resolvable
votu_e8f042746fc9f15d73e7	target_11ee9374153bfab61d19	SID530368	control		0.0	false	true	detection_status_not_resolvable		assessed	not_resolvable
votu_e8f042746fc9f15d73e7	target_11ee9374153bfab61d19	SID530373	CRC		0.0	false	true	detection_status_not_resolvable		assessed	not_resolvable
votu_e8f042746fc9f15d73e7	target_11ee9374153bfab61d19	SID531248	CRC	0	0.0	true	true			assessed	not_detected
votu_e8f042746fc9f15d73e7	target_11ee9374153bfab61d19	SID531361	CRC	0	0.0	true	true			assessed	not_detected
votu_e8f042746fc9f15d73e7	target_11ee9374153bfab61d19	SID531469	CRC		0.0	false	true	detection_status_not_resolvable		assessed	not_resolvable
votu_e8f042746fc9f15d73e7	target_11ee9374153bfab61d19	SID532796	control		0.0	false	true	detection_status_not_resolvable		assessed	not_resolvable
votu_e90d07081206d569e89f	target_bc49652cb1a5e7b733a6	SID31160	control	0	0.0	true	true			assessed	not_detected
votu_e90d07081206d569e89f	target_bc49652cb1a5e7b733a6	SID31512	control	0	0.0	true	true			assessed	not_detected
votu_e90d07081206d569e89f	target_bc49652cb1a5e7b733a6	SID31866	CRC		0.0	false	true	detection_status_not_resolvable		assessed	not_resolvable
votu_e90d07081206d569e89f	target_bc49652cb1a5e7b733a6	SID530295	control	0	0.0	true	true			assessed	not_detected
votu_e90d07081206d569e89f	target_bc49652cb1a5e7b733a6	SID530368	control	0	0.0	true	true			assessed	not_detected
votu_e90d07081206d569e89f	target_bc49652cb1a5e7b733a6	SID530373	CRC		0.0	false	true	detection_status_not_resolvable		assessed	not_resolvable
votu_e90d07081206d569e89f	target_bc49652cb1a5e7b733a6	SID531248	CRC	0	0.0	true	true			assessed	not_detected
votu_e90d07081206d569e89f	target_bc49652cb1a5e7b733a6	SID531361	CRC	0	0.0	true	true			assessed	not_detected
votu_e90d07081206d569e89f	target_bc49652cb1a5e7b733a6	SID531469	CRC		0.0	false	true	detection_status_not_resolvable		assessed	not_resolvable
votu_e90d07081206d569e89f	target_bc49652cb1a5e7b733a6	SID532796	control	0	0.0	true	true			assessed	not_detected
votu_e9d99f2ffaad183a7db4	target_84ec75c001c705e6c379	SID31160	control	1	11.43036888446477	true	true			assessed	detected
votu_e9d99f2ffaad183a7db4	target_84ec75c001c705e6c379	SID31512	control	0	0.5640293198512707	true	true			assessed	not_detected
votu_e9d99f2ffaad183a7db4	target_84ec75c001c705e6c379	SID31866	CRC	0	0.05914485162779124	true	true			assessed	not_detected
votu_e9d99f2ffaad183a7db4	target_84ec75c001c705e6c379	SID530295	control	1	3.292329893998112	true	true			assessed	detected
votu_e9d99f2ffaad183a7db4	target_84ec75c001c705e6c379	SID530368	control	1	3.2659804802276993	true	true			assessed	detected
votu_e9d99f2ffaad183a7db4	target_84ec75c001c705e6c379	SID530373	CRC	0	0.017835026137772745	true	true			assessed	not_detected
votu_e9d99f2ffaad183a7db4	target_84ec75c001c705e6c379	SID531248	CRC	0	0.0	true	true			assessed	not_detected
votu_e9d99f2ffaad183a7db4	target_84ec75c001c705e6c379	SID531361	CRC	0	0.0	true	true			assessed	not_detected
votu_e9d99f2ffaad183a7db4	target_84ec75c001c705e6c379	SID531469	CRC		0.013348137515945296	false	true	detection_status_not_detected_at_resolved_signal		assessed	not_detected_at_resolved_signal
votu_e9d99f2ffaad183a7db4	target_84ec75c001c705e6c379	SID532796	control		0.016568242415372064	false	true	detection_status_not_detected_at_resolved_signal		assessed	not_detected_at_resolved_signal
votu_ea4db8b809a9c25ffb80	target_f73c94c36acdaa66462f	SID31160	control	1	4.901947804390554	true	true			assessed	detected
votu_ea4db8b809a9c25ffb80	target_f73c94c36acdaa66462f	SID31512	control	1	2.3236815633239316	true	true			assessed	detected
votu_ea4db8b809a9c25ffb80	target_f73c94c36acdaa66462f	SID31866	CRC		0.31362667902014646	false	true	detection_status_not_detected_at_resolved_signal		assessed	not_detected_at_resolved_signal
votu_ea4db8b809a9c25ffb80	target_f73c94c36acdaa66462f	SID530295	control	0	0.1278855665708987	true	true			assessed	not_detected
votu_ea4db8b809a9c25ffb80	target_f73c94c36acdaa66462f	SID530368	control	0	0.17294081104700293	true	true			assessed	not_detected
votu_ea4db8b809a9c25ffb80	target_f73c94c36acdaa66462f	SID530373	CRC	0	0.10345152837116038	true	true			assessed	not_detected
votu_ea4db8b809a9c25ffb80	target_f73c94c36acdaa66462f	SID531248	CRC		0.21262970489490304	false	true	detection_status_not_detected_at_resolved_signal		assessed	not_detected_at_resolved_signal
votu_ea4db8b809a9c25ffb80	target_f73c94c36acdaa66462f	SID531361	CRC	0	0.19908218797755237	true	true			assessed	not_detected
votu_ea4db8b809a9c25ffb80	target_f73c94c36acdaa66462f	SID531469	CRC	0	0.2605241068083144	true	true			assessed	not_detected
votu_ea4db8b809a9c25ffb80	target_f73c94c36acdaa66462f	SID532796	control	0	0.1899413186460396	true	true			assessed	not_detected
votu_eaa783493ad7425f8bea	target_af341337376a9d0f6842	SID31160	control	1	7.204809576291649	true	true			assessed	detected
votu_eaa783493ad7425f8bea	target_af341337376a9d0f6842	SID31512	control		0.0749955011902538	false	true	detection_status_not_detected_at_resolved_signal		assessed	not_detected_at_resolved_signal
votu_eaa783493ad7425f8bea	target_af341337376a9d0f6842	SID31866	CRC		0.053004970871077015	false	true	detection_status_not_detected_at_resolved_signal		assessed	not_detected_at_resolved_signal
votu_eaa783493ad7425f8bea	target_af341337376a9d0f6842	SID530295	control		0.49042700139299295	false	true	detection_status_not_detected_at_resolved_signal		assessed	not_detected_at_resolved_signal
votu_eaa783493ad7425f8bea	target_af341337376a9d0f6842	SID530368	control		1.0365486502349703	false	true	detection_status_not_detected_at_resolved_signal		assessed	not_detected_at_resolved_signal
votu_eaa783493ad7425f8bea	target_af341337376a9d0f6842	SID530373	CRC		0.06334392173433927	false	true	detection_status_not_detected_at_resolved_signal		assessed	not_detected_at_resolved_signal
votu_eaa783493ad7425f8bea	target_af341337376a9d0f6842	SID531248	CRC		0.014784201293293895	false	true	detection_status_not_detected_at_resolved_signal		assessed	not_detected_at_resolved_signal
votu_eaa783493ad7425f8bea	target_af341337376a9d0f6842	SID531361	CRC		0.027577339433604055	false	true	detection_status_not_detected_at_resolved_signal		assessed	not_detected_at_resolved_signal
votu_eaa783493ad7425f8bea	target_af341337376a9d0f6842	SID531469	CRC		0.4037328643168559	false	true	detection_status_not_detected_at_resolved_signal		assessed	not_detected_at_resolved_signal
votu_eaa783493ad7425f8bea	target_af341337376a9d0f6842	SID532796	control	1	2.708186727332246	true	true			assessed	detected
votu_eac01c06fce08ee4ab3b	target_db9a3826a02651a5d6b1	SID31160	control	0	0.1367837479486008	true	true			assessed	not_detected
votu_eac01c06fce08ee4ab3b	target_db9a3826a02651a5d6b1	SID31512	control	0	0.0	true	true			assessed	not_detected
votu_eac01c06fce08ee4ab3b	target_db9a3826a02651a5d6b1	SID31866	CRC	0	0.0011668567768000257	true	true			assessed	not_detected
votu_eac01c06fce08ee4ab3b	target_db9a3826a02651a5d6b1	SID530295	control	0	0.0	true	true			assessed	not_detected
votu_eac01c06fce08ee4ab3b	target_db9a3826a02651a5d6b1	SID530368	control	0	0.0	true	true			assessed	not_detected
votu_eac01c06fce08ee4ab3b	target_db9a3826a02651a5d6b1	SID530373	CRC	0	0.012954978434539195	true	true			assessed	not_detected
votu_eac01c06fce08ee4ab3b	target_db9a3826a02651a5d6b1	SID531248	CRC	1	1.919989566715039	true	true			assessed	detected
votu_eac01c06fce08ee4ab3b	target_db9a3826a02651a5d6b1	SID531361	CRC	0	0.0	true	true			assessed	not_detected
votu_eac01c06fce08ee4ab3b	target_db9a3826a02651a5d6b1	SID531469	CRC	0	0.3940265097996397	true	true			assessed	not_detected
votu_eac01c06fce08ee4ab3b	target_db9a3826a02651a5d6b1	SID532796	control	0	0.011767373740210734	true	true			assessed	not_detected
votu_eb6c40e3bb78ea14d800	target_5841325ea4c2b75deb0f	SID31160	control		0.016062478709486898	false	true	detection_status_not_detected_at_resolved_signal		assessed	not_detected_at_resolved_signal
votu_eb6c40e3bb78ea14d800	target_5841325ea4c2b75deb0f	SID31512	control	0	0.0	true	true			assessed	not_detected
votu_eb6c40e3bb78ea14d800	target_5841325ea4c2b75deb0f	SID31866	CRC		0.0	false	true	detection_status_not_resolvable		assessed	not_resolvable
votu_eb6c40e3bb78ea14d800	target_5841325ea4c2b75deb0f	SID530295	control		7.323585843217353	false	true	detection_status_not_detected_at_resolved_signal		assessed	not_detected_at_resolved_signal
votu_eb6c40e3bb78ea14d800	target_5841325ea4c2b75deb0f	SID530368	control		0.009365565050968862	false	true	detection_status_not_detected_at_resolved_signal		assessed	not_detected_at_resolved_signal
votu_eb6c40e3bb78ea14d800	target_5841325ea4c2b75deb0f	SID530373	CRC	0	0.0	true	true			assessed	not_detected
votu_eb6c40e3bb78ea14d800	target_5841325ea4c2b75deb0f	SID531248	CRC	0	0.0	true	true			assessed	not_detected
votu_eb6c40e3bb78ea14d800	target_5841325ea4c2b75deb0f	SID531361	CRC		0.0	false	true	detection_status_not_resolvable		assessed	not_resolvable
votu_eb6c40e3bb78ea14d800	target_5841325ea4c2b75deb0f	SID531469	CRC		0.0	false	true	detection_status_not_resolvable		assessed	not_resolvable
votu_eb6c40e3bb78ea14d800	target_5841325ea4c2b75deb0f	SID532796	control	0	0.0	true	true			assessed	not_detected
votu_ebe809f76ff948d25f40	target_c0ade56d6c49d430eceb	SID31160	control	0	0.0	true	true			assessed	not_detected
votu_ebe809f76ff948d25f40	target_c0ade56d6c49d430eceb	SID31512	control	0	0.0	true	true			assessed	not_detected
votu_ebe809f76ff948d25f40	target_c0ade56d6c49d430eceb	SID31866	CRC	0	0.0	true	true			assessed	not_detected
votu_ebe809f76ff948d25f40	target_c0ade56d6c49d430eceb	SID530295	control	1	8.005855957962357	true	true			assessed	detected
votu_ebe809f76ff948d25f40	target_c0ade56d6c49d430eceb	SID530368	control	0	0.005934292204099355	true	true			assessed	not_detected
votu_ebe809f76ff948d25f40	target_c0ade56d6c49d430eceb	SID530373	CRC	0	0.0	true	true			assessed	not_detected
votu_ebe809f76ff948d25f40	target_c0ade56d6c49d430eceb	SID531248	CRC	0	0.0	true	true			assessed	not_detected
votu_ebe809f76ff948d25f40	target_c0ade56d6c49d430eceb	SID531361	CRC	0	0.0	true	true			assessed	not_detected
votu_ebe809f76ff948d25f40	target_c0ade56d6c49d430eceb	SID531469	CRC	0	0.0	true	true			assessed	not_detected
votu_ebe809f76ff948d25f40	target_c0ade56d6c49d430eceb	SID532796	control	0	0.0	true	true			assessed	not_detected
votu_ebfa1f386f9627e77577	target_0fe8b393d0698d5b8177	SID31160	control	0	0.007180811841376104	true	true			assessed	not_detected
votu_ebfa1f386f9627e77577	target_0fe8b393d0698d5b8177	SID31512	control	0	0.01447033549733787	true	true			assessed	not_detected
votu_ebfa1f386f9627e77577	target_0fe8b393d0698d5b8177	SID31866	CRC	0	0.0013782852819009118	true	true			assessed	not_detected
votu_ebfa1f386f9627e77577	target_0fe8b393d0698d5b8177	SID530295	control	0	0.0030061249732630446	true	true			assessed	not_detected
votu_ebfa1f386f9627e77577	target_0fe8b393d0698d5b8177	SID530368	control	1	3.179967965230403	true	true			assessed	detected
votu_ebfa1f386f9627e77577	target_0fe8b393d0698d5b8177	SID530373	CRC	0	0.0	true	true			assessed	not_detected
votu_ebfa1f386f9627e77577	target_0fe8b393d0698d5b8177	SID531248	CRC	0	0.004341828776532018	true	true			assessed	not_detected
votu_ebfa1f386f9627e77577	target_0fe8b393d0698d5b8177	SID531361	CRC	0	0.09708322585018017	true	true			assessed	not_detected
votu_ebfa1f386f9627e77577	target_0fe8b393d0698d5b8177	SID531469	CRC	0	0.001749707167594668	true	true			assessed	not_detected
votu_ebfa1f386f9627e77577	target_0fe8b393d0698d5b8177	SID532796	control	1	2.0362858227685527	true	true			assessed	detected
votu_ec01aa460aed31526832	target_ce44a0bb2c47a04a1550	SID31160	control	0	0.0	true	true			assessed	not_detected
votu_ec01aa460aed31526832	target_ce44a0bb2c47a04a1550	SID31512	control	0	0.0	true	true			assessed	not_detected
votu_ec01aa460aed31526832	target_ce44a0bb2c47a04a1550	SID31866	CRC		0.0007540319548457859	false	true	detection_status_not_detected_at_resolved_signal		assessed	not_detected_at_resolved_signal
votu_ec01aa460aed31526832	target_ce44a0bb2c47a04a1550	SID530295	control	0	0.0	true	true			assessed	not_detected
votu_ec01aa460aed31526832	target_ce44a0bb2c47a04a1550	SID530368	control	0	0.0	true	true			assessed	not_detected
votu_ec01aa460aed31526832	target_ce44a0bb2c47a04a1550	SID530373	CRC	0	0.0	true	true			assessed	not_detected
votu_ec01aa460aed31526832	target_ce44a0bb2c47a04a1550	SID531248	CRC	1	2.0388219656302478	true	true			assessed	detected
votu_ec01aa460aed31526832	target_ce44a0bb2c47a04a1550	SID531361	CRC	0	0.0	true	true			assessed	not_detected
votu_ec01aa460aed31526832	target_ce44a0bb2c47a04a1550	SID531469	CRC	0	0.0	true	true			assessed	not_detected
votu_ec01aa460aed31526832	target_ce44a0bb2c47a04a1550	SID532796	control	0	1.6719666014309087	true	true			assessed	not_detected
votu_ec404ac305beca107ed2	target_25c80be4c5d2b4ab617d	SID31160	control		0.717049619059681	false	true	detection_status_not_detected_at_resolved_signal		assessed	not_detected_at_resolved_signal
votu_ec404ac305beca107ed2	target_25c80be4c5d2b4ab617d	SID31512	control		0.025371279976973995	false	true	detection_status_not_detected_at_resolved_signal		assessed	not_detected_at_resolved_signal
votu_ec404ac305beca107ed2	target_25c80be4c5d2b4ab617d	SID31866	CRC		0.20621564294094546	false	true	detection_status_not_detected_at_resolved_signal		assessed	not_detected_at_resolved_signal
votu_ec404ac305beca107ed2	target_25c80be4c5d2b4ab617d	SID530295	control		1.795060208736342	false	true	detection_status_not_detected_at_resolved_signal		assessed	not_detected_at_resolved_signal
votu_ec404ac305beca107ed2	target_25c80be4c5d2b4ab617d	SID530368	control		0.002796594095886484	false	true	detection_status_not_detected_at_resolved_signal		assessed	not_detected_at_resolved_signal
votu_ec404ac305beca107ed2	target_25c80be4c5d2b4ab617d	SID530373	CRC		0.0420196029535757	false	true	detection_status_not_detected_at_resolved_signal		assessed	not_detected_at_resolved_signal
votu_ec404ac305beca107ed2	target_25c80be4c5d2b4ab617d	SID531248	CRC		0.08990189709275709	false	true	detection_status_not_detected_at_resolved_signal		assessed	not_detected_at_resolved_signal
votu_ec404ac305beca107ed2	target_25c80be4c5d2b4ab617d	SID531361	CRC		0.005895029503882599	false	true	detection_status_not_detected_at_resolved_signal		assessed	not_detected_at_resolved_signal
votu_ec404ac305beca107ed2	target_25c80be4c5d2b4ab617d	SID531469	CRC		1.8067968725831476	false	true	detection_status_not_detected_at_resolved_signal		assessed	not_detected_at_resolved_signal
votu_ec404ac305beca107ed2	target_25c80be4c5d2b4ab617d	SID532796	control		0.14274164816549093	false	true	detection_status_not_detected_at_resolved_signal		assessed	not_detected_at_resolved_signal
votu_ec4278acbbdf984fd814	target_22300a27ffab294b13dc	SID31160	control	0	0.0	true	true			assessed	not_detected
votu_ec4278acbbdf984fd814	target_22300a27ffab294b13dc	SID31512	control	0	0.0	true	true			assessed	not_detected
votu_ec4278acbbdf984fd814	target_22300a27ffab294b13dc	SID31866	CRC	0	0.0	true	true			assessed	not_detected
votu_ec4278acbbdf984fd814	target_22300a27ffab294b13dc	SID530295	control	0	0.0	true	true			assessed	not_detected
votu_ec4278acbbdf984fd814	target_22300a27ffab294b13dc	SID530368	control	0	0.0	true	true			assessed	not_detected
votu_ec4278acbbdf984fd814	target_22300a27ffab294b13dc	SID530373	CRC		0.0	false	true	detection_status_not_resolvable		assessed	not_resolvable
votu_ec4278acbbdf984fd814	target_22300a27ffab294b13dc	SID531248	CRC	0	0.0	true	true			assessed	not_detected
votu_ec4278acbbdf984fd814	target_22300a27ffab294b13dc	SID531361	CRC	0	0.0	true	true			assessed	not_detected
votu_ec4278acbbdf984fd814	target_22300a27ffab294b13dc	SID531469	CRC	0	0.0	true	true			assessed	not_detected
votu_ec4278acbbdf984fd814	target_22300a27ffab294b13dc	SID532796	control	0	0.0	true	true			assessed	not_detected
votu_ec5a47efbfa27844ee34	target_5106899a7026e771c8bf	SID31160	control	0	0.0	true	true			assessed	not_detected
votu_ec5a47efbfa27844ee34	target_5106899a7026e771c8bf	SID31512	control	0	0.0	true	true			assessed	not_detected
votu_ec5a47efbfa27844ee34	target_5106899a7026e771c8bf	SID31866	CRC	0	0.0	true	true			assessed	not_detected
votu_ec5a47efbfa27844ee34	target_5106899a7026e771c8bf	SID530295	control	1	7.8722584072316995	true	true			assessed	detected
votu_ec5a47efbfa27844ee34	target_5106899a7026e771c8bf	SID530368	control		0.0	false	true	detection_status_not_resolvable		assessed	not_resolvable
votu_ec5a47efbfa27844ee34	target_5106899a7026e771c8bf	SID530373	CRC	0	0.0	true	true			assessed	not_detected
votu_ec5a47efbfa27844ee34	target_5106899a7026e771c8bf	SID531248	CRC	0	0.0	true	true			assessed	not_detected
votu_ec5a47efbfa27844ee34	target_5106899a7026e771c8bf	SID531361	CRC	0	0.0	true	true			assessed	not_detected
votu_ec5a47efbfa27844ee34	target_5106899a7026e771c8bf	SID531469	CRC	0	0.0	true	true			assessed	not_detected
votu_ec5a47efbfa27844ee34	target_5106899a7026e771c8bf	SID532796	control	0	0.0	true	true			assessed	not_detected
votu_eca909b0488cbffa02e1	target_e65578e4ac5b774b0e1a	SID31160	control	0	0.0	true	true			assessed	not_detected
votu_eca909b0488cbffa02e1	target_e65578e4ac5b774b0e1a	SID31512	control	0	0.0	true	true			assessed	not_detected
votu_eca909b0488cbffa02e1	target_e65578e4ac5b774b0e1a	SID31866	CRC	0	0.0	true	true			assessed	not_detected
votu_eca909b0488cbffa02e1	target_e65578e4ac5b774b0e1a	SID530295	control	0	0.0	true	true			assessed	not_detected
votu_eca909b0488cbffa02e1	target_e65578e4ac5b774b0e1a	SID530368	control	0	0.0	true	true			assessed	not_detected
votu_eca909b0488cbffa02e1	target_e65578e4ac5b774b0e1a	SID530373	CRC	0	0.0	true	true			assessed	not_detected
votu_eca909b0488cbffa02e1	target_e65578e4ac5b774b0e1a	SID531248	CRC	0	0.0	true	true			assessed	not_detected
votu_eca909b0488cbffa02e1	target_e65578e4ac5b774b0e1a	SID531361	CRC	0	0.0	true	true			assessed	not_detected
votu_eca909b0488cbffa02e1	target_e65578e4ac5b774b0e1a	SID531469	CRC	0	0.0	true	true			assessed	not_detected
votu_eca909b0488cbffa02e1	target_e65578e4ac5b774b0e1a	SID532796	control	0	0.0	true	true			assessed	not_detected
votu_ecc65434bd88927d108e	target_efc02c32a475ddb796b1	SID31160	control	0	0.0	true	true			assessed	not_detected
votu_ecc65434bd88927d108e	target_efc02c32a475ddb796b1	SID31512	control	0	0.0	true	true			assessed	not_detected
votu_ecc65434bd88927d108e	target_efc02c32a475ddb796b1	SID31866	CRC		0.0	false	true	detection_status_not_resolvable		assessed	not_resolvable
votu_ecc65434bd88927d108e	target_efc02c32a475ddb796b1	SID530295	control		0.0	false	true	detection_status_not_resolvable		assessed	not_resolvable
votu_ecc65434bd88927d108e	target_efc02c32a475ddb796b1	SID530368	control		0.0	false	true	detection_status_not_resolvable		assessed	not_resolvable
votu_ecc65434bd88927d108e	target_efc02c32a475ddb796b1	SID530373	CRC	0	0.0	true	true			assessed	not_detected
votu_ecc65434bd88927d108e	target_efc02c32a475ddb796b1	SID531248	CRC	0	0.0	true	true			assessed	not_detected
votu_ecc65434bd88927d108e	target_efc02c32a475ddb796b1	SID531361	CRC	0	0.0	true	true			assessed	not_detected
votu_ecc65434bd88927d108e	target_efc02c32a475ddb796b1	SID531469	CRC		0.0	false	true	detection_status_not_resolvable		assessed	not_resolvable
votu_ecc65434bd88927d108e	target_efc02c32a475ddb796b1	SID532796	control	0	0.0	true	true			assessed	not_detected
votu_ed053d4946e20bfefb0d	target_98b52162c4f9ab6fb46b	SID31160	control	0	0.0	true	true			assessed	not_detected
votu_ed053d4946e20bfefb0d	target_98b52162c4f9ab6fb46b	SID31512	control		0.0	false	true	detection_status_not_resolvable		assessed	not_resolvable
votu_ed053d4946e20bfefb0d	target_98b52162c4f9ab6fb46b	SID31866	CRC	0	0.0	true	true			assessed	not_detected
votu_ed053d4946e20bfefb0d	target_98b52162c4f9ab6fb46b	SID530295	control	1	3.295996839734903	true	true			assessed	detected
votu_ed053d4946e20bfefb0d	target_98b52162c4f9ab6fb46b	SID530368	control	0	0.004752231574055916	true	true			assessed	not_detected
votu_ed053d4946e20bfefb0d	target_98b52162c4f9ab6fb46b	SID530373	CRC	0	0.0	true	true			assessed	not_detected
votu_ed053d4946e20bfefb0d	target_98b52162c4f9ab6fb46b	SID531248	CRC	0	0.0	true	true			assessed	not_detected
votu_ed053d4946e20bfefb0d	target_98b52162c4f9ab6fb46b	SID531361	CRC	0	0.0	true	true			assessed	not_detected
votu_ed053d4946e20bfefb0d	target_98b52162c4f9ab6fb46b	SID531469	CRC	0	0.0	true	true			assessed	not_detected
votu_ed053d4946e20bfefb0d	target_98b52162c4f9ab6fb46b	SID532796	control	0	0.0	true	true			assessed	not_detected
votu_ed5bd4f85b7d6f3625df	target_95646b2a7ed43af060e8	SID31160	control	0	0.34862117200502174	true	true			assessed	not_detected
votu_ed5bd4f85b7d6f3625df	target_95646b2a7ed43af060e8	SID31512	control	1	3.5148967824064963	true	true			assessed	detected
votu_ed5bd4f85b7d6f3625df	target_95646b2a7ed43af060e8	SID31866	CRC	0	0.03673729581529208	true	true			assessed	not_detected
votu_ed5bd4f85b7d6f3625df	target_95646b2a7ed43af060e8	SID530295	control	0	0.01716992180439935	true	true			assessed	not_detected
votu_ed5bd4f85b7d6f3625df	target_95646b2a7ed43af060e8	SID530368	control	0	0.04384273992864182	true	true			assessed	not_detected
votu_ed5bd4f85b7d6f3625df	target_95646b2a7ed43af060e8	SID530373	CRC	0	0.3215516860105222	true	true			assessed	not_detected
votu_ed5bd4f85b7d6f3625df	target_95646b2a7ed43af060e8	SID531248	CRC	1	2.088625974675774	true	true			assessed	detected
votu_ed5bd4f85b7d6f3625df	target_95646b2a7ed43af060e8	SID531361	CRC	0	0.10866058019465778	true	true			assessed	not_detected
votu_ed5bd4f85b7d6f3625df	target_95646b2a7ed43af060e8	SID531469	CRC	0	0.03442277206175777	true	true			assessed	not_detected
votu_ed5bd4f85b7d6f3625df	target_95646b2a7ed43af060e8	SID532796	control	0	0.15988138600791915	true	true			assessed	not_detected
votu_ede1be9c18da9e204b83	target_046b1c6d1f1f1e3517ad	SID31160	control	0	0.08144001248826219	true	true			assessed	not_detected
votu_ede1be9c18da9e204b83	target_046b1c6d1f1f1e3517ad	SID31512	control	0	0.03476969542040393	true	true			assessed	not_detected
votu_ede1be9c18da9e204b83	target_046b1c6d1f1f1e3517ad	SID31866	CRC	0	0.00953792476015899	true	true			assessed	not_detected
votu_ede1be9c18da9e204b83	target_046b1c6d1f1f1e3517ad	SID530295	control	0	0.220740828013932	true	true			assessed	not_detected
votu_ede1be9c18da9e204b83	target_046b1c6d1f1f1e3517ad	SID530368	control	0	0.04989981426706541	true	true			assessed	not_detected
votu_ede1be9c18da9e204b83	target_046b1c6d1f1f1e3517ad	SID530373	CRC		0.5072472958240632	false	true	detection_status_not_detected_at_resolved_signal		assessed	not_detected_at_resolved_signal
votu_ede1be9c18da9e204b83	target_046b1c6d1f1f1e3517ad	SID531248	CRC		0.0011128168735204896	false	true	detection_status_not_detected_at_resolved_signal		assessed	not_detected_at_resolved_signal
votu_ede1be9c18da9e204b83	target_046b1c6d1f1f1e3517ad	SID531361	CRC	0	0.27144620160348876	true	true			assessed	not_detected
votu_ede1be9c18da9e204b83	target_046b1c6d1f1f1e3517ad	SID531469	CRC	1	2.5427252707077876	true	true			assessed	detected
votu_ede1be9c18da9e204b83	target_046b1c6d1f1f1e3517ad	SID532796	control	0	0.14027254907020623	true	true			assessed	not_detected
votu_ee0d0a9bb5e5a1d6a786	target_15a6c5762fd8ac7731c0	SID31160	control	0	0.0	true	true			assessed	not_detected
votu_ee0d0a9bb5e5a1d6a786	target_15a6c5762fd8ac7731c0	SID31512	control		0.002382797753366395	false	true	detection_status_not_detected_at_resolved_signal		assessed	not_detected_at_resolved_signal
votu_ee0d0a9bb5e5a1d6a786	target_15a6c5762fd8ac7731c0	SID31866	CRC		0.0	false	true	detection_status_not_resolvable		assessed	not_resolvable
votu_ee0d0a9bb5e5a1d6a786	target_15a6c5762fd8ac7731c0	SID530295	control		0.0	false	true	detection_status_not_resolvable		assessed	not_resolvable
votu_ee0d0a9bb5e5a1d6a786	target_15a6c5762fd8ac7731c0	SID530368	control	1	9.919824241202509	true	true			assessed	detected
votu_ee0d0a9bb5e5a1d6a786	target_15a6c5762fd8ac7731c0	SID530373	CRC	0	0.0	true	true			assessed	not_detected
votu_ee0d0a9bb5e5a1d6a786	target_15a6c5762fd8ac7731c0	SID531248	CRC	0	0.03622460073877938	true	true			assessed	not_detected
votu_ee0d0a9bb5e5a1d6a786	target_15a6c5762fd8ac7731c0	SID531361	CRC	0	0.0	true	true			assessed	not_detected
votu_ee0d0a9bb5e5a1d6a786	target_15a6c5762fd8ac7731c0	SID531469	CRC	0	0.0	true	true			assessed	not_detected
votu_ee0d0a9bb5e5a1d6a786	target_15a6c5762fd8ac7731c0	SID532796	control		0.02746571697336853	false	true	detection_status_not_detected_at_resolved_signal		assessed	not_detected_at_resolved_signal
votu_ee18336a0216376a4f45	target_682c556a904e9a8e071d	SID31160	control	0	0.006956885727021352	true	true			assessed	not_detected
votu_ee18336a0216376a4f45	target_682c556a904e9a8e071d	SID31512	control	1	1.2564612284334844	true	true			assessed	detected
votu_ee18336a0216376a4f45	target_682c556a904e9a8e071d	SID31866	CRC	0	0.012017744059457602	true	true			assessed	not_detected
votu_ee18336a0216376a4f45	target_682c556a904e9a8e071d	SID530295	control	0	0.00291238210694132	true	true			assessed	not_detected
votu_ee18336a0216376a4f45	target_682c556a904e9a8e071d	SID530368	control	1	3.784582119455623	true	true			assessed	detected
votu_ee18336a0216376a4f45	target_682c556a904e9a8e071d	SID530373	CRC	0	0.16142959196256682	true	true			assessed	not_detected
votu_ee18336a0216376a4f45	target_682c556a904e9a8e071d	SID531248	CRC	0	0.0014021444609080898	true	true			assessed	not_detected
votu_ee18336a0216376a4f45	target_682c556a904e9a8e071d	SID531361	CRC	0	0.005130315648550389	true	true			assessed	not_detected
votu_ee18336a0216376a4f45	target_682c556a904e9a8e071d	SID531469	CRC	0	0.1661241490210964	true	true			assessed	not_detected
votu_ee18336a0216376a4f45	target_682c556a904e9a8e071d	SID532796	control	0	0.005049794480406586	true	true			assessed	not_detected
votu_ee355aa61b27d20ea157	target_3ee07493cb8444dda086	SID31160	control		0.01019279988926352	false	true	detection_status_not_detected_at_resolved_signal		assessed	not_detected_at_resolved_signal
votu_ee355aa61b27d20ea157	target_3ee07493cb8444dda086	SID31512	control	0	0.0011411061506150933	true	true			assessed	not_detected
votu_ee355aa61b27d20ea157	target_3ee07493cb8444dda086	SID31866	CRC		0.19998820728755526	false	true	detection_status_not_detected_at_resolved_signal		assessed	not_detected_at_resolved_signal
votu_ee355aa61b27d20ea157	target_3ee07493cb8444dda086	SID530295	control		0.18869810771994758	false	true	detection_status_not_detected_at_resolved_signal		assessed	not_detected_at_resolved_signal
votu_ee355aa61b27d20ea157	target_3ee07493cb8444dda086	SID530368	control	0	0.0	true	true			assessed	not_detected
votu_ee355aa61b27d20ea157	target_3ee07493cb8444dda086	SID530373	CRC		0.0	false	true	detection_status_not_resolvable		assessed	not_resolvable
votu_ee355aa61b27d20ea157	target_3ee07493cb8444dda086	SID531248	CRC	1	0.4565190187635734	true	true			assessed	detected
votu_ee355aa61b27d20ea157	target_3ee07493cb8444dda086	SID531361	CRC		0.00890858911663274	false	true	detection_status_not_detected_at_resolved_signal		assessed	not_detected_at_resolved_signal
votu_ee355aa61b27d20ea157	target_3ee07493cb8444dda086	SID531469	CRC	1	3.2099421523626246	true	true			assessed	detected
votu_ee355aa61b27d20ea157	target_3ee07493cb8444dda086	SID532796	control	0	0.004384383655038213	true	true			assessed	not_detected
votu_eecc35eed6d6d3b1dbd9	target_36566f966a2e40fa09cb	SID31160	control	0	0.0	true	true			assessed	not_detected
votu_eecc35eed6d6d3b1dbd9	target_36566f966a2e40fa09cb	SID31512	control	0	0.0	true	true			assessed	not_detected
votu_eecc35eed6d6d3b1dbd9	target_36566f966a2e40fa09cb	SID31866	CRC	0	0.0	true	true			assessed	not_detected
votu_eecc35eed6d6d3b1dbd9	target_36566f966a2e40fa09cb	SID530295	control	0	0.0	true	true			assessed	not_detected
votu_eecc35eed6d6d3b1dbd9	target_36566f966a2e40fa09cb	SID530368	control	0	0.0	true	true			assessed	not_detected
votu_eecc35eed6d6d3b1dbd9	target_36566f966a2e40fa09cb	SID530373	CRC	0	0.0	true	true			assessed	not_detected
votu_eecc35eed6d6d3b1dbd9	target_36566f966a2e40fa09cb	SID531248	CRC	0	0.0	true	true			assessed	not_detected
votu_eecc35eed6d6d3b1dbd9	target_36566f966a2e40fa09cb	SID531361	CRC	0	0.0	true	true			assessed	not_detected
votu_eecc35eed6d6d3b1dbd9	target_36566f966a2e40fa09cb	SID531469	CRC	0	0.0	true	true			assessed	not_detected
votu_eecc35eed6d6d3b1dbd9	target_36566f966a2e40fa09cb	SID532796	control	0	0.0	true	true			assessed	not_detected
votu_ef2d32aa968f8d0ac860	target_f8253f1929a2fa9c1a58	SID31160	control	0	0.0	true	true			assessed	not_detected
votu_ef2d32aa968f8d0ac860	target_f8253f1929a2fa9c1a58	SID31512	control	0	0.002063280323624427	true	true			assessed	not_detected
votu_ef2d32aa968f8d0ac860	target_f8253f1929a2fa9c1a58	SID31866	CRC	0	0.004716610314408494	true	true			assessed	not_detected
votu_ef2d32aa968f8d0ac860	target_f8253f1929a2fa9c1a58	SID530295	control	0	0.061723303186137224	true	true			assessed	not_detected
votu_ef2d32aa968f8d0ac860	target_f8253f1929a2fa9c1a58	SID530368	control	0	0.0023880014943139572	true	true			assessed	not_detected
votu_ef2d32aa968f8d0ac860	target_f8253f1929a2fa9c1a58	SID530373	CRC	1	6.353737479032608	true	true			assessed	detected
votu_ef2d32aa968f8d0ac860	target_f8253f1929a2fa9c1a58	SID531248	CRC	0	0.18820272722654766	true	true			assessed	not_detected
votu_ef2d32aa968f8d0ac860	target_f8253f1929a2fa9c1a58	SID531361	CRC	0	0.001006748836737008	true	true			assessed	not_detected
votu_ef2d32aa968f8d0ac860	target_f8253f1929a2fa9c1a58	SID531469	CRC	0	0.1417076652512156	true	true			assessed	not_detected
votu_ef2d32aa968f8d0ac860	target_f8253f1929a2fa9c1a58	SID532796	control	0	0.001981895488378686	true	true			assessed	not_detected
votu_ef9f246435aabeba5165	target_5f1376adec9335b2e7b2	SID31160	control		0.0038519223284374563	false	true	detection_status_not_detected_at_resolved_signal		assessed	not_detected_at_resolved_signal
votu_ef9f246435aabeba5165	target_5f1376adec9335b2e7b2	SID31512	control		0.04657295829505706	false	true	detection_status_not_detected_at_resolved_signal		assessed	not_detected_at_resolved_signal
votu_ef9f246435aabeba5165	target_5f1376adec9335b2e7b2	SID31866	CRC		0.004436028657695699	false	true	detection_status_not_detected_at_resolved_signal		assessed	not_detected_at_resolved_signal
votu_ef9f246435aabeba5165	target_5f1376adec9335b2e7b2	SID530295	control		0.0	false	true	detection_status_not_resolvable		assessed	not_resolvable
votu_ef9f246435aabeba5165	target_5f1376adec9335b2e7b2	SID530368	control		1.5788986957049316	false	true	detection_status_not_detected_at_resolved_signal		assessed	not_detected_at_resolved_signal
votu_ef9f246435aabeba5165	target_5f1376adec9335b2e7b2	SID530373	CRC	0	0.0	true	true			assessed	not_detected
votu_ef9f246435aabeba5165	target_5f1376adec9335b2e7b2	SID531248	CRC		0.0031053846612364776	false	true	detection_status_not_detected_at_resolved_signal		assessed	not_detected_at_resolved_signal
votu_ef9f246435aabeba5165	target_5f1376adec9335b2e7b2	SID531361	CRC	0	0.0	true	true			assessed	not_detected
votu_ef9f246435aabeba5165	target_5f1376adec9335b2e7b2	SID531469	CRC		0.0037543031378431896	false	true	detection_status_not_detected_at_resolved_signal		assessed	not_detected_at_resolved_signal
votu_ef9f246435aabeba5165	target_5f1376adec9335b2e7b2	SID532796	control	1	20.485321686650607	true	true			assessed	detected
votu_f03732ee693f5d71d584	target_0a85e4626ad11ab64e4f	SID31160	control	0	0.0	true	true			assessed	not_detected
votu_f03732ee693f5d71d584	target_0a85e4626ad11ab64e4f	SID31512	control	0	0.0	true	true			assessed	not_detected
votu_f03732ee693f5d71d584	target_0a85e4626ad11ab64e4f	SID31866	CRC		0.25346180751042013	false	true	detection_status_not_detected_at_resolved_signal		assessed	not_detected_at_resolved_signal
votu_f03732ee693f5d71d584	target_0a85e4626ad11ab64e4f	SID530295	control	0	0.016614682264708188	true	true			assessed	not_detected
votu_f03732ee693f5d71d584	target_0a85e4626ad11ab64e4f	SID530368	control	0	0.0	true	true			assessed	not_detected
votu_f03732ee693f5d71d584	target_0a85e4626ad11ab64e4f	SID530373	CRC	1	13.464549999659202	true	true			assessed	detected
votu_f03732ee693f5d71d584	target_0a85e4626ad11ab64e4f	SID531248	CRC	0	0.0	true	true			assessed	not_detected
votu_f03732ee693f5d71d584	target_0a85e4626ad11ab64e4f	SID531361	CRC	0	0.0	true	true			assessed	not_detected
votu_f03732ee693f5d71d584	target_0a85e4626ad11ab64e4f	SID531469	CRC	0	0.0008791392998213049	true	true			assessed	not_detected
votu_f03732ee693f5d71d584	target_0a85e4626ad11ab64e4f	SID532796	control	0	0.0017459566048275985	true	true			assessed	not_detected
votu_f07f8875ec47205cfd29	target_b62b08aa10d7f57a1ae2	SID31160	control	0	0.0	true	true			assessed	not_detected
votu_f07f8875ec47205cfd29	target_b62b08aa10d7f57a1ae2	SID31512	control	0	0.0	true	true			assessed	not_detected
votu_f07f8875ec47205cfd29	target_b62b08aa10d7f57a1ae2	SID31866	CRC	0	0.0	true	true			assessed	not_detected
votu_f07f8875ec47205cfd29	target_b62b08aa10d7f57a1ae2	SID530295	control	0	0.03599030954152871	true	true			assessed	not_detected
votu_f07f8875ec47205cfd29	target_b62b08aa10d7f57a1ae2	SID530368	control	0	0.0	true	true			assessed	not_detected
votu_f07f8875ec47205cfd29	target_b62b08aa10d7f57a1ae2	SID530373	CRC	0	0.0	true	true			assessed	not_detected
votu_f07f8875ec47205cfd29	target_b62b08aa10d7f57a1ae2	SID531248	CRC	0	0.0	true	true			assessed	not_detected
votu_f07f8875ec47205cfd29	target_b62b08aa10d7f57a1ae2	SID531361	CRC	0	0.0	true	true			assessed	not_detected
votu_f07f8875ec47205cfd29	target_b62b08aa10d7f57a1ae2	SID531469	CRC	1	2.768496324507116	true	true			assessed	detected
votu_f07f8875ec47205cfd29	target_b62b08aa10d7f57a1ae2	SID532796	control	0	0.0	true	true			assessed	not_detected
votu_f0f713a90add73ebf833	target_2728f778496025b91311	SID31160	control	0	0.006802268707025559	true	true			assessed	not_detected
votu_f0f713a90add73ebf833	target_2728f778496025b91311	SID31512	control	1	3.6918916183155113	true	true			assessed	detected
votu_f0f713a90add73ebf833	target_2728f778496025b91311	SID31866	CRC	0	0.007833766194852805	true	true			assessed	not_detected
votu_f0f713a90add73ebf833	target_2728f778496025b91311	SID530295	control	0	0.2078787650939912	true	true			assessed	not_detected
votu_f0f713a90add73ebf833	target_2728f778496025b91311	SID530368	control	0	0.2723461053083771	true	true			assessed	not_detected
votu_f0f713a90add73ebf833	target_2728f778496025b91311	SID530373	CRC	0	0.6925712239692673	true	true			assessed	not_detected
votu_f0f713a90add73ebf833	target_2728f778496025b91311	SID531248	CRC	0	0.1992493480966483	true	true			assessed	not_detected
votu_f0f713a90add73ebf833	target_2728f778496025b91311	SID531361	CRC	0	0.01672098070057928	true	true			assessed	not_detected
votu_f0f713a90add73ebf833	target_2728f778496025b91311	SID531469	CRC	0	0.004419919298078208	true	true			assessed	not_detected
votu_f0f713a90add73ebf833	target_2728f778496025b91311	SID532796	control	0	0.3873243572402536	true	true			assessed	not_detected
votu_f258ad322815110526f1	target_ce7b0317e90c1be23f28	SID31160	control	0	0.0	true	true			assessed	not_detected
votu_f258ad322815110526f1	target_ce7b0317e90c1be23f28	SID31512	control	0	0.0	true	true			assessed	not_detected
votu_f258ad322815110526f1	target_ce7b0317e90c1be23f28	SID31866	CRC	0	0.0	true	true			assessed	not_detected
votu_f258ad322815110526f1	target_ce7b0317e90c1be23f28	SID530295	control	0	0.0	true	true			assessed	not_detected
votu_f258ad322815110526f1	target_ce7b0317e90c1be23f28	SID530368	control	0	0.0	true	true			assessed	not_detected
votu_f258ad322815110526f1	target_ce7b0317e90c1be23f28	SID530373	CRC	0	0.0023597439788082147	true	true			assessed	not_detected
votu_f258ad322815110526f1	target_ce7b0317e90c1be23f28	SID531248	CRC	0	0.0	true	true			assessed	not_detected
votu_f258ad322815110526f1	target_ce7b0317e90c1be23f28	SID531361	CRC	0	0.0012249000413115507	true	true			assessed	not_detected
votu_f258ad322815110526f1	target_ce7b0317e90c1be23f28	SID531469	CRC	1	3.2115167210622118	true	true			assessed	detected
votu_f258ad322815110526f1	target_ce7b0317e90c1be23f28	SID532796	control	1	1.1465969524528983	true	true			assessed	detected
votu_f2a6cf1364230b9cdf25	target_9eb5eaf9e9d41a195af3	SID31160	control	0	0.014162206726543202	true	true			assessed	not_detected
votu_f2a6cf1364230b9cdf25	target_9eb5eaf9e9d41a195af3	SID31512	control	0	0.4953523421661757	true	true			assessed	not_detected
votu_f2a6cf1364230b9cdf25	target_9eb5eaf9e9d41a195af3	SID31866	CRC	0	0.0947519785322139	true	true			assessed	not_detected
votu_f2a6cf1364230b9cdf25	target_9eb5eaf9e9d41a195af3	SID530295	control	0	0.03726653808859463	true	true			assessed	not_detected
votu_f2a6cf1364230b9cdf25	target_9eb5eaf9e9d41a195af3	SID530368	control		0.0070779185327304135	false	true	detection_status_not_detected_at_resolved_signal		assessed	not_detected_at_resolved_signal
votu_f2a6cf1364230b9cdf25	target_9eb5eaf9e9d41a195af3	SID530373	CRC	0	0.03257496860294849	true	true			assessed	not_detected
votu_f2a6cf1364230b9cdf25	target_9eb5eaf9e9d41a195af3	SID531248	CRC	1	2.2394496831473347	true	true			assessed	detected
votu_f2a6cf1364230b9cdf25	target_9eb5eaf9e9d41a195af3	SID531361	CRC	0	0.001989302565712387	true	true			assessed	not_detected
votu_f2a6cf1364230b9cdf25	target_9eb5eaf9e9d41a195af3	SID531469	CRC	0	0.0019718991720692105	true	true			assessed	not_detected
votu_f2a6cf1364230b9cdf25	target_9eb5eaf9e9d41a195af3	SID532796	control		0.38574178500093087	false	true	detection_status_not_detected_at_resolved_signal		assessed	not_detected_at_resolved_signal
votu_f2e35c4bd772b7de894b	target_4c3abc55e95806f894fb	SID31160	control	0	0.0	true	true			assessed	not_detected
votu_f2e35c4bd772b7de894b	target_4c3abc55e95806f894fb	SID31512	control	0	0.0	true	true			assessed	not_detected
votu_f2e35c4bd772b7de894b	target_4c3abc55e95806f894fb	SID31866	CRC		0.0	false	true	detection_status_not_resolvable		assessed	not_resolvable
votu_f2e35c4bd772b7de894b	target_4c3abc55e95806f894fb	SID530295	control	0	0.0	true	true			assessed	not_detected
votu_f2e35c4bd772b7de894b	target_4c3abc55e95806f894fb	SID530368	control	0	0.0	true	true			assessed	not_detected
votu_f2e35c4bd772b7de894b	target_4c3abc55e95806f894fb	SID530373	CRC	0	0.0	true	true			assessed	not_detected
votu_f2e35c4bd772b7de894b	target_4c3abc55e95806f894fb	SID531248	CRC	0	0.0	true	true			assessed	not_detected
votu_f2e35c4bd772b7de894b	target_4c3abc55e95806f894fb	SID531361	CRC	0	0.0	true	true			assessed	not_detected
votu_f2e35c4bd772b7de894b	target_4c3abc55e95806f894fb	SID531469	CRC	0	0.0	true	true			assessed	not_detected
votu_f2e35c4bd772b7de894b	target_4c3abc55e95806f894fb	SID532796	control	0	0.0	true	true			assessed	not_detected
votu_f302c20067b479aa23d0	target_8ea621d86d320ededbc9	SID31160	control	0	0.0	true	true			assessed	not_detected
votu_f302c20067b479aa23d0	target_8ea621d86d320ededbc9	SID31512	control	0	0.0	true	true			assessed	not_detected
votu_f302c20067b479aa23d0	target_8ea621d86d320ededbc9	SID31866	CRC	0	0.0	true	true			assessed	not_detected
votu_f302c20067b479aa23d0	target_8ea621d86d320ededbc9	SID530295	control	0	0.0	true	true			assessed	not_detected
votu_f302c20067b479aa23d0	target_8ea621d86d320ededbc9	SID530368	control	0	0.0	true	true			assessed	not_detected
votu_f302c20067b479aa23d0	target_8ea621d86d320ededbc9	SID530373	CRC	0	0.0	true	true			assessed	not_detected
votu_f302c20067b479aa23d0	target_8ea621d86d320ededbc9	SID531248	CRC	0	0.0	true	true			assessed	not_detected
votu_f302c20067b479aa23d0	target_8ea621d86d320ededbc9	SID531361	CRC	0	0.0	true	true			assessed	not_detected
votu_f302c20067b479aa23d0	target_8ea621d86d320ededbc9	SID531469	CRC	0	0.0	true	true			assessed	not_detected
votu_f302c20067b479aa23d0	target_8ea621d86d320ededbc9	SID532796	control	1	3.039840320034908	true	true			assessed	detected
votu_f336ae5086066a73a2d0	target_9e0ef13bb383744f1943	SID31160	control	1	3.480909764802525	true	true			assessed	detected
votu_f336ae5086066a73a2d0	target_9e0ef13bb383744f1943	SID31512	control	1	5.0707449989216755	true	true			assessed	detected
votu_f336ae5086066a73a2d0	target_9e0ef13bb383744f1943	SID31866	CRC	1	0.3554735053478214	true	true			assessed	detected
votu_f336ae5086066a73a2d0	target_9e0ef13bb383744f1943	SID530295	control	1	3.267558853076201	true	true			assessed	detected
votu_f336ae5086066a73a2d0	target_9e0ef13bb383744f1943	SID530368	control	0	0.0026728939004102064	true	true			assessed	not_detected
votu_f336ae5086066a73a2d0	target_9e0ef13bb383744f1943	SID530373	CRC	0	0.02605036097049482	true	true			assessed	not_detected
votu_f336ae5086066a73a2d0	target_9e0ef13bb383744f1943	SID531248	CRC	0	0.33754174449074287	true	true			assessed	not_detected
votu_f336ae5086066a73a2d0	target_9e0ef13bb383744f1943	SID531361	CRC	1	17.58120086397949	true	true			assessed	detected
votu_f336ae5086066a73a2d0	target_9e0ef13bb383744f1943	SID531469	CRC	1	1.2428456645404444	true	true			assessed	detected
votu_f336ae5086066a73a2d0	target_9e0ef13bb383744f1943	SID532796	control	0	0.2743345645627099	true	true			assessed	not_detected
votu_f38bd1ce9594ca6426d4	target_b60f7de137363309858a	SID31160	control	0	0.0	true	true			assessed	not_detected
votu_f38bd1ce9594ca6426d4	target_b60f7de137363309858a	SID31512	control	1	38.70242974964429	true	true			assessed	detected
votu_f38bd1ce9594ca6426d4	target_b60f7de137363309858a	SID31866	CRC	0	0.0	true	true			assessed	not_detected
votu_f38bd1ce9594ca6426d4	target_b60f7de137363309858a	SID530295	control	0	0.0	true	true			assessed	not_detected
votu_f38bd1ce9594ca6426d4	target_b60f7de137363309858a	SID530368	control	0	0.001451740650961171	true	true			assessed	not_detected
votu_f38bd1ce9594ca6426d4	target_b60f7de137363309858a	SID530373	CRC	0	0.0	true	true			assessed	not_detected
votu_f38bd1ce9594ca6426d4	target_b60f7de137363309858a	SID531248	CRC	0	0.002007268644139055	true	true			assessed	not_detected
votu_f38bd1ce9594ca6426d4	target_b60f7de137363309858a	SID531361	CRC	0	0.0	true	true			assessed	not_detected
votu_f38bd1ce9594ca6426d4	target_b60f7de137363309858a	SID531469	CRC	0	0.0012133593405116061	true	true			assessed	not_detected
votu_f38bd1ce9594ca6426d4	target_b60f7de137363309858a	SID532796	control	0	0.0	true	true			assessed	not_detected
votu_f47c442ebb0c5d5062e8	target_0fe3840feef13450dd0e	SID31160	control		0.0	false	true	detection_status_not_resolvable		assessed	not_resolvable
votu_f47c442ebb0c5d5062e8	target_0fe3840feef13450dd0e	SID31512	control		0.0	false	true	detection_status_not_resolvable		assessed	not_resolvable
votu_f47c442ebb0c5d5062e8	target_0fe3840feef13450dd0e	SID31866	CRC		0.0	false	true	detection_status_not_resolvable		assessed	not_resolvable
votu_f47c442ebb0c5d5062e8	target_0fe3840feef13450dd0e	SID530295	control		0.0	false	true	detection_status_not_resolvable		assessed	not_resolvable
votu_f47c442ebb0c5d5062e8	target_0fe3840feef13450dd0e	SID530368	control		0.0027850824108791336	false	true	detection_status_not_detected_at_resolved_signal		assessed	not_detected_at_resolved_signal
votu_f47c442ebb0c5d5062e8	target_0fe3840feef13450dd0e	SID530373	CRC		0.053156538497275904	false	true	detection_status_not_detected_at_resolved_signal		assessed	not_detected_at_resolved_signal
votu_f47c442ebb0c5d5062e8	target_0fe3840feef13450dd0e	SID531248	CRC		0.0	false	true	detection_status_not_resolvable		assessed	not_resolvable
votu_f47c442ebb0c5d5062e8	target_0fe3840feef13450dd0e	SID531361	CRC		0.0	false	true	detection_status_not_resolvable		assessed	not_resolvable
votu_f47c442ebb0c5d5062e8	target_0fe3840feef13450dd0e	SID531469	CRC		0.0	false	true	detection_status_not_resolvable		assessed	not_resolvable
votu_f47c442ebb0c5d5062e8	target_0fe3840feef13450dd0e	SID532796	control		0.0	false	true	detection_status_not_resolvable		assessed	not_resolvable
votu_f4e436972332597c4c13	target_1d3e70dba9611c77185b	SID31160	control	0	0.003940214186891392	true	true			assessed	not_detected
votu_f4e436972332597c4c13	target_1d3e70dba9611c77185b	SID31512	control	1	1.7141411388763366	true	true			assessed	detected
votu_f4e436972332597c4c13	target_1d3e70dba9611c77185b	SID31866	CRC	1	0.6978763912040107	true	true			assessed	detected
votu_f4e436972332597c4c13	target_1d3e70dba9611c77185b	SID530295	control	1	1.9253515645806918	true	true			assessed	detected
votu_f4e436972332597c4c13	target_1d3e70dba9611c77185b	SID530368	control	1	1.3067043714289002	true	true			assessed	detected
votu_f4e436972332597c4c13	target_1d3e70dba9611c77185b	SID530373	CRC	0	0.0	true	true			assessed	not_detected
votu_f4e436972332597c4c13	target_1d3e70dba9611c77185b	SID531248	CRC	0	0.1668918250747005	true	true			assessed	not_detected
votu_f4e436972332597c4c13	target_1d3e70dba9611c77185b	SID531361	CRC	0	0.1502017413906664	true	true			assessed	not_detected
votu_f4e436972332597c4c13	target_1d3e70dba9611c77185b	SID531469	CRC	1	2.7325620086005875	true	true			assessed	detected
votu_f4e436972332597c4c13	target_1d3e70dba9611c77185b	SID532796	control	1	2.613969355528316	true	true			assessed	detected
votu_f63eb80bdad26ca19001	target_782d643873ce395f5ef9	SID31160	control		2.289996357014056	false	true	detection_status_not_detected_at_resolved_signal		assessed	not_detected_at_resolved_signal
votu_f63eb80bdad26ca19001	target_782d643873ce395f5ef9	SID31512	control		0.0	false	true	detection_status_not_resolvable		assessed	not_resolvable
votu_f63eb80bdad26ca19001	target_782d643873ce395f5ef9	SID31866	CRC		0.0007800212648540762	false	true	detection_status_not_detected_at_resolved_signal		assessed	not_detected_at_resolved_signal
votu_f63eb80bdad26ca19001	target_782d643873ce395f5ef9	SID530295	control		0.0059544602424545425	false	true	detection_status_not_detected_at_resolved_signal		assessed	not_detected_at_resolved_signal
votu_f63eb80bdad26ca19001	target_782d643873ce395f5ef9	SID530368	control	1	3.698837004528456	true	true			assessed	detected
votu_f63eb80bdad26ca19001	target_782d643873ce395f5ef9	SID530373	CRC	0	0.0	true	true			assessed	not_detected
votu_f63eb80bdad26ca19001	target_782d643873ce395f5ef9	SID531248	CRC		0.14988903090668163	false	true	detection_status_not_detected_at_resolved_signal		assessed	not_detected_at_resolved_signal
votu_f63eb80bdad26ca19001	target_782d643873ce395f5ef9	SID531361	CRC		0.0	false	true	detection_status_not_resolvable		assessed	not_resolvable
votu_f63eb80bdad26ca19001	target_782d643873ce395f5ef9	SID531469	CRC		0.0	false	true	detection_status_not_resolvable		assessed	not_resolvable
votu_f63eb80bdad26ca19001	target_782d643873ce395f5ef9	SID532796	control		0.0	false	true	detection_status_not_resolvable		assessed	not_resolvable
votu_f65696e080f2eaea3d4a	target_dd1fb39b3deb943ca2f7	SID31160	control	1	2.918943145057514	true	true			assessed	detected
votu_f65696e080f2eaea3d4a	target_dd1fb39b3deb943ca2f7	SID31512	control	0	0.0	true	true			assessed	not_detected
votu_f65696e080f2eaea3d4a	target_dd1fb39b3deb943ca2f7	SID31866	CRC		0.0	false	true	detection_status_not_resolvable		assessed	not_resolvable
votu_f65696e080f2eaea3d4a	target_dd1fb39b3deb943ca2f7	SID530295	control		0.0045783664091992695	false	true	detection_status_not_detected_at_resolved_signal		assessed	not_detected_at_resolved_signal
votu_f65696e080f2eaea3d4a	target_dd1fb39b3deb943ca2f7	SID530368	control	0	0.0	true	true			assessed	not_detected
votu_f65696e080f2eaea3d4a	target_dd1fb39b3deb943ca2f7	SID530373	CRC	0	0.0	true	true			assessed	not_detected
votu_f65696e080f2eaea3d4a	target_dd1fb39b3deb943ca2f7	SID531248	CRC		0.0	false	true	detection_status_not_resolvable		assessed	not_resolvable
votu_f65696e080f2eaea3d4a	target_dd1fb39b3deb943ca2f7	SID531361	CRC	0	0.0032260141659201202	true	true			assessed	not_detected
votu_f65696e080f2eaea3d4a	target_dd1fb39b3deb943ca2f7	SID531469	CRC		0.12045014322995828	false	true	detection_status_not_detected_at_resolved_signal		assessed	not_detected_at_resolved_signal
votu_f65696e080f2eaea3d4a	target_dd1fb39b3deb943ca2f7	SID532796	control		0.0	false	true	detection_status_not_resolvable		assessed	not_resolvable
votu_f719fff3975425b6fff9	target_8689cd4efe3f768964c0	SID31160	control	0	0.0011398323457400999	true	true			assessed	not_detected
votu_f719fff3975425b6fff9	target_8689cd4efe3f768964c0	SID31512	control	0	0.0	true	true			assessed	not_detected
votu_f719fff3975425b6fff9	target_8689cd4efe3f768964c0	SID31866	CRC	0	0.007000942759885413	true	true			assessed	not_detected
votu_f719fff3975425b6fff9	target_8689cd4efe3f768964c0	SID530295	control	1	12.645998068083172	true	true			assessed	detected
votu_f719fff3975425b6fff9	target_8689cd4efe3f768964c0	SID530368	control	0	0.011962856738207015	true	true			assessed	not_detected
votu_f719fff3975425b6fff9	target_8689cd4efe3f768964c0	SID530373	CRC	0	0.33789946917578495	true	true			assessed	not_detected
votu_f719fff3975425b6fff9	target_8689cd4efe3f768964c0	SID531248	CRC	0	0.0	true	true			assessed	not_detected
votu_f719fff3975425b6fff9	target_8689cd4efe3f768964c0	SID531361	CRC	0	0.0022415009433933678	true	true			assessed	not_detected
votu_f719fff3975425b6fff9	target_8689cd4efe3f768964c0	SID531469	CRC	0	0.0	true	true			assessed	not_detected
votu_f719fff3975425b6fff9	target_8689cd4efe3f768964c0	SID532796	control	0	0.0	true	true			assessed	not_detected
votu_f7510efb8475f13c244d	target_d0ad2f62197d28ac6f93	SID31160	control	0	0.00904324935977742	true	true			assessed	not_detected
votu_f7510efb8475f13c244d	target_d0ad2f62197d28ac6f93	SID31512	control	0	0.0	true	true			assessed	not_detected
votu_f7510efb8475f13c244d	target_d0ad2f62197d28ac6f93	SID31866	CRC	0	0.0	true	true			assessed	not_detected
votu_f7510efb8475f13c244d	target_d0ad2f62197d28ac6f93	SID530295	control	0	0.0015143211291642634	true	true			assessed	not_detected
votu_f7510efb8475f13c244d	target_d0ad2f62197d28ac6f93	SID530368	control	0	0.0	true	true			assessed	not_detected
votu_f7510efb8475f13c244d	target_d0ad2f62197d28ac6f93	SID530373	CRC	0	0.0	true	true			assessed	not_detected
votu_f7510efb8475f13c244d	target_d0ad2f62197d28ac6f93	SID531248	CRC	1	4.706801793443612	true	true			assessed	detected
votu_f7510efb8475f13c244d	target_d0ad2f62197d28ac6f93	SID531361	CRC	0	0.0	true	true			assessed	not_detected
votu_f7510efb8475f13c244d	target_d0ad2f62197d28ac6f93	SID531469	CRC	0	0.0	true	true			assessed	not_detected
votu_f7510efb8475f13c244d	target_d0ad2f62197d28ac6f93	SID532796	control	0	0.0	true	true			assessed	not_detected
votu_f824b9f655f2de3299cf	target_93c4c63287c28ed308ce	SID31160	control	0	0.0	true	true			assessed	not_detected
votu_f824b9f655f2de3299cf	target_93c4c63287c28ed308ce	SID31512	control		0.013870639458083926	false	true	detection_status_not_detected_at_resolved_signal		assessed	not_detected_at_resolved_signal
votu_f824b9f655f2de3299cf	target_93c4c63287c28ed308ce	SID31866	CRC		0.004529707959723705	false	true	detection_status_not_detected_at_resolved_signal		assessed	not_detected_at_resolved_signal
votu_f824b9f655f2de3299cf	target_93c4c63287c28ed308ce	SID530295	control	1	1.2250668866362484	true	true			assessed	detected
votu_f824b9f655f2de3299cf	target_93c4c63287c28ed308ce	SID530368	control		0.036693976921797336	false	true	detection_status_not_detected_at_resolved_signal		assessed	not_detected_at_resolved_signal
votu_f824b9f655f2de3299cf	target_93c4c63287c28ed308ce	SID530373	CRC	0	0.0	true	true			assessed	not_detected
votu_f824b9f655f2de3299cf	target_93c4c63287c28ed308ce	SID531248	CRC		0.10464180040607532	false	true	detection_status_not_detected_at_resolved_signal		assessed	not_detected_at_resolved_signal
votu_f824b9f655f2de3299cf	target_93c4c63287c28ed308ce	SID531361	CRC		0.1276248587034772	false	true	detection_status_not_detected_at_resolved_signal		assessed	not_detected_at_resolved_signal
votu_f824b9f655f2de3299cf	target_93c4c63287c28ed308ce	SID531469	CRC	0	0.0	true	true			assessed	not_detected
votu_f824b9f655f2de3299cf	target_93c4c63287c28ed308ce	SID532796	control		0.0038067201530831932	false	true	detection_status_not_detected_at_resolved_signal		assessed	not_detected_at_resolved_signal
votu_f9bb7b4c17ed74fd6502	target_4dc23807011644aab1a5	SID31160	control		0.0	false	true	detection_status_not_resolvable		assessed	not_resolvable
votu_f9bb7b4c17ed74fd6502	target_4dc23807011644aab1a5	SID31512	control	0	0.0	true	true			assessed	not_detected
votu_f9bb7b4c17ed74fd6502	target_4dc23807011644aab1a5	SID31866	CRC		0.0	false	true	detection_status_not_resolvable		assessed	not_resolvable
votu_f9bb7b4c17ed74fd6502	target_4dc23807011644aab1a5	SID530295	control		0.0	false	true	detection_status_not_resolvable		assessed	not_resolvable
votu_f9bb7b4c17ed74fd6502	target_4dc23807011644aab1a5	SID530368	control		0.0	false	true	detection_status_not_resolvable		assessed	not_resolvable
votu_f9bb7b4c17ed74fd6502	target_4dc23807011644aab1a5	SID530373	CRC		0.0	false	true	detection_status_not_resolvable		assessed	not_resolvable
votu_f9bb7b4c17ed74fd6502	target_4dc23807011644aab1a5	SID531248	CRC		0.0	false	true	detection_status_not_resolvable		assessed	not_resolvable
votu_f9bb7b4c17ed74fd6502	target_4dc23807011644aab1a5	SID531361	CRC	0	0.0	true	true			assessed	not_detected
votu_f9bb7b4c17ed74fd6502	target_4dc23807011644aab1a5	SID531469	CRC		0.0	false	true	detection_status_not_resolvable		assessed	not_resolvable
votu_f9bb7b4c17ed74fd6502	target_4dc23807011644aab1a5	SID532796	control		0.0	false	true	detection_status_not_resolvable		assessed	not_resolvable
votu_fbf61553c9b2711a4954	target_713faec175641d5d7a2a	SID31160	control	0	0.0	true	true			assessed	not_detected
votu_fbf61553c9b2711a4954	target_713faec175641d5d7a2a	SID31512	control	0	0.0	true	true			assessed	not_detected
votu_fbf61553c9b2711a4954	target_713faec175641d5d7a2a	SID31866	CRC	1	1.54294711438511	true	true			assessed	detected
votu_fbf61553c9b2711a4954	target_713faec175641d5d7a2a	SID530295	control	0	0.0	true	true			assessed	not_detected
votu_fbf61553c9b2711a4954	target_713faec175641d5d7a2a	SID530368	control	0	0.08388597422282669	true	true			assessed	not_detected
votu_fbf61553c9b2711a4954	target_713faec175641d5d7a2a	SID530373	CRC	1	0.5088479800189626	true	true			assessed	detected
votu_fbf61553c9b2711a4954	target_713faec175641d5d7a2a	SID531248	CRC	0	0.023559669486007517	true	true			assessed	not_detected
votu_fbf61553c9b2711a4954	target_713faec175641d5d7a2a	SID531361	CRC	0	0.0	true	true			assessed	not_detected
votu_fbf61553c9b2711a4954	target_713faec175641d5d7a2a	SID531469	CRC	0	0.0	true	true			assessed	not_detected
votu_fbf61553c9b2711a4954	target_713faec175641d5d7a2a	SID532796	control	0	0.0	true	true			assessed	not_detected
votu_fc194411c84d0b8c685b	target_f5c9e4a8e12afdf344fa	SID31160	control		1.1078181353939611	false	true	detection_status_not_detected_at_resolved_signal		assessed	not_detected_at_resolved_signal
votu_fc194411c84d0b8c685b	target_f5c9e4a8e12afdf344fa	SID31512	control	0	0.0	true	true			assessed	not_detected
votu_fc194411c84d0b8c685b	target_f5c9e4a8e12afdf344fa	SID31866	CRC		0.0	false	true	detection_status_not_resolvable		assessed	not_resolvable
votu_fc194411c84d0b8c685b	target_f5c9e4a8e12afdf344fa	SID530295	control		3.9405080814266737	false	true	detection_status_not_detected_at_resolved_signal		assessed	not_detected_at_resolved_signal
votu_fc194411c84d0b8c685b	target_f5c9e4a8e12afdf344fa	SID530368	control		0.0010659019726467333	false	true	detection_status_not_detected_at_resolved_signal		assessed	not_detected_at_resolved_signal
votu_fc194411c84d0b8c685b	target_f5c9e4a8e12afdf344fa	SID530373	CRC	0	0.0	true	true			assessed	not_detected
votu_fc194411c84d0b8c685b	target_f5c9e4a8e12afdf344fa	SID531248	CRC	0	0.0	true	true			assessed	not_detected
votu_fc194411c84d0b8c685b	target_f5c9e4a8e12afdf344fa	SID531361	CRC		0.0017974788936990472	false	true	detection_status_not_detected_at_resolved_signal		assessed	not_detected_at_resolved_signal
votu_fc194411c84d0b8c685b	target_f5c9e4a8e12afdf344fa	SID531469	CRC		0.0008908768337680532	false	true	detection_status_not_detected_at_resolved_signal		assessed	not_detected_at_resolved_signal
votu_fc194411c84d0b8c685b	target_f5c9e4a8e12afdf344fa	SID532796	control	0	0.0	true	true			assessed	not_detected
votu_fd2e0c2eb8316cc02610	target_6b89e50e09fd05fd2e29	SID31160	control		0.0	false	true	detection_status_not_resolvable		assessed	not_resolvable
votu_fd2e0c2eb8316cc02610	target_6b89e50e09fd05fd2e29	SID31512	control	0	0.0	true	true			assessed	not_detected
votu_fd2e0c2eb8316cc02610	target_6b89e50e09fd05fd2e29	SID31866	CRC		0.0	false	true	detection_status_not_resolvable		assessed	not_resolvable
votu_fd2e0c2eb8316cc02610	target_6b89e50e09fd05fd2e29	SID530295	control		0.3055663986772821	false	true	detection_status_not_detected_at_resolved_signal		assessed	not_detected_at_resolved_signal
votu_fd2e0c2eb8316cc02610	target_6b89e50e09fd05fd2e29	SID530368	control		0.10869437853871317	false	true	detection_status_not_detected_at_resolved_signal		assessed	not_detected_at_resolved_signal
votu_fd2e0c2eb8316cc02610	target_6b89e50e09fd05fd2e29	SID530373	CRC		0.05843827295142638	false	true	detection_status_not_detected_at_resolved_signal		assessed	not_detected_at_resolved_signal
votu_fd2e0c2eb8316cc02610	target_6b89e50e09fd05fd2e29	SID531248	CRC		0.039159480891642805	false	true	detection_status_not_detected_at_resolved_signal		assessed	not_detected_at_resolved_signal
votu_fd2e0c2eb8316cc02610	target_6b89e50e09fd05fd2e29	SID531361	CRC	0	0.0	true	true			assessed	not_detected
votu_fd2e0c2eb8316cc02610	target_6b89e50e09fd05fd2e29	SID531469	CRC		0.002559052116064034	false	true	detection_status_not_detected_at_resolved_signal		assessed	not_detected_at_resolved_signal
votu_fd2e0c2eb8316cc02610	target_6b89e50e09fd05fd2e29	SID532796	control	1	3.356817287890946	true	true			assessed	detected
votu_fe453a3cdc620f051a3d	target_af860c4d3f64bd11f09a	SID31160	control	0	0.0	true	true			assessed	not_detected
votu_fe453a3cdc620f051a3d	target_af860c4d3f64bd11f09a	SID31512	control	0	0.0	true	true			assessed	not_detected
votu_fe453a3cdc620f051a3d	target_af860c4d3f64bd11f09a	SID31866	CRC	0	0.0009147572391578502	true	true			assessed	not_detected
votu_fe453a3cdc620f051a3d	target_af860c4d3f64bd11f09a	SID530295	control	0	0.0	true	true			assessed	not_detected
votu_fe453a3cdc620f051a3d	target_af860c4d3f64bd11f09a	SID530368	control	0	0.03195652472466362	true	true			assessed	not_detected
votu_fe453a3cdc620f051a3d	target_af860c4d3f64bd11f09a	SID530373	CRC	0	0.0	true	true			assessed	not_detected
votu_fe453a3cdc620f051a3d	target_af860c4d3f64bd11f09a	SID531248	CRC	0	0.0	true	true			assessed	not_detected
votu_fe453a3cdc620f051a3d	target_af860c4d3f64bd11f09a	SID531361	CRC	0	0.0	true	true			assessed	not_detected
votu_fe453a3cdc620f051a3d	target_af860c4d3f64bd11f09a	SID531469	CRC	0	0.0	true	true			assessed	not_detected
votu_fe453a3cdc620f051a3d	target_af860c4d3f64bd11f09a	SID532796	control	1	7.0444645435669235	true	true			assessed	detected
votu_ff0e7fa8119cedb2c8de	target_76658f0eb7f00e1e1ba7	SID31160	control	0	0.0	true	true			assessed	not_detected
votu_ff0e7fa8119cedb2c8de	target_76658f0eb7f00e1e1ba7	SID31512	control	0	0.0015194975220244368	true	true			assessed	not_detected
votu_ff0e7fa8119cedb2c8de	target_76658f0eb7f00e1e1ba7	SID31866	CRC	1	9.502435593802655	true	true			assessed	detected
votu_ff0e7fa8119cedb2c8de	target_76658f0eb7f00e1e1ba7	SID530295	control	0	0.0025253316060898892	true	true			assessed	not_detected
votu_ff0e7fa8119cedb2c8de	target_76658f0eb7f00e1e1ba7	SID530368	control	0	0.029017520373886878	true	true			assessed	not_detected
votu_ff0e7fa8119cedb2c8de	target_76658f0eb7f00e1e1ba7	SID530373	CRC	1	4.983427022716315	true	true			assessed	detected
votu_ff0e7fa8119cedb2c8de	target_76658f0eb7f00e1e1ba7	SID531248	CRC	0	0.10577476602559618	true	true			assessed	not_detected
votu_ff0e7fa8119cedb2c8de	target_76658f0eb7f00e1e1ba7	SID531361	CRC	0	0.08155593690920385	true	true			assessed	not_detected
votu_ff0e7fa8119cedb2c8de	target_76658f0eb7f00e1e1ba7	SID531469	CRC	0	0.16756434180789137	true	true			assessed	not_detected
votu_ff0e7fa8119cedb2c8de	target_76658f0eb7f00e1e1ba7	SID532796	control	0	0.4546535219040287	true	true			assessed	not_detected
votu_ff3b1d96a0736ee85771	target_582a36fdd515d8dff9bb	SID31160	control	0	0.38072736031218274	true	true			assessed	not_detected
votu_ff3b1d96a0736ee85771	target_582a36fdd515d8dff9bb	SID31512	control	0	0.07538174330705319	true	true			assessed	not_detected
votu_ff3b1d96a0736ee85771	target_582a36fdd515d8dff9bb	SID31866	CRC	0	0.06637545510460256	true	true			assessed	not_detected
votu_ff3b1d96a0736ee85771	target_582a36fdd515d8dff9bb	SID530295	control	0	0.10022465776282849	true	true			assessed	not_detected
votu_ff3b1d96a0736ee85771	target_582a36fdd515d8dff9bb	SID530368	control	1	5.079621024748175	true	true			assessed	detected
votu_ff3b1d96a0736ee85771	target_582a36fdd515d8dff9bb	SID530373	CRC	0	0.020470297415901714	true	true			assessed	not_detected
votu_ff3b1d96a0736ee85771	target_582a36fdd515d8dff9bb	SID531248	CRC	0	0.0	true	true			assessed	not_detected
votu_ff3b1d96a0736ee85771	target_582a36fdd515d8dff9bb	SID531361	CRC	0	0.011443123858353058	true	true			assessed	not_detected
votu_ff3b1d96a0736ee85771	target_582a36fdd515d8dff9bb	SID531469	CRC	0	0.09074411042783212	true	true			assessed	not_detected
votu_ff3b1d96a0736ee85771	target_582a36fdd515d8dff9bb	SID532796	control	0	0.09332632598935087	true	true			assessed	not_detected
votu_ffa0f28f29f980c4e525	target_b82c37fd98280808a663	SID31160	control	0	0.0	true	true			assessed	not_detected
votu_ffa0f28f29f980c4e525	target_b82c37fd98280808a663	SID31512	control	0	0.0	true	true			assessed	not_detected
votu_ffa0f28f29f980c4e525	target_b82c37fd98280808a663	SID31866	CRC	0	0.0	true	true			assessed	not_detected
votu_ffa0f28f29f980c4e525	target_b82c37fd98280808a663	SID530295	control	0	0.0	true	true			assessed	not_detected
votu_ffa0f28f29f980c4e525	target_b82c37fd98280808a663	SID530368	control	0	0.0	true	true			assessed	not_detected
votu_ffa0f28f29f980c4e525	target_b82c37fd98280808a663	SID530373	CRC	0	0.0	true	true			assessed	not_detected
votu_ffa0f28f29f980c4e525	target_b82c37fd98280808a663	SID531248	CRC	0	0.0	true	true			assessed	not_detected
votu_ffa0f28f29f980c4e525	target_b82c37fd98280808a663	SID531361	CRC	0	0.0	true	true			assessed	not_detected
votu_ffa0f28f29f980c4e525	target_b82c37fd98280808a663	SID531469	CRC		0.0	false	true	detection_status_not_resolvable		assessed	not_resolvable
votu_ffa0f28f29f980c4e525	target_b82c37fd98280808a663	SID532796	control	0	0.0	true	true			assessed	not_detected
