votu_id	reference_id	crc_detection_n	control_detection_n	crc_detected	control_detected	crc_detection_fraction	control_detection_fraction	detection_fraction_difference	fisher_p	fisher_q_global	fisher_q_endpoint	detection_test_status	crc_abundance_n	control_abundance_n	crc_median_rpkm	control_median_rpkm	median_rpkm_difference	cliffs_delta	abundance_p	abundance_q_global	abundance_q_endpoint	abundance_test_status	abundance_permutations	has_reference_predicted_provirus	has_metagenome_predicted_provirus	has_metagenome_two_sided_host_markers	evidence_label	n_reference_provirus_occurrences	n_metagenome_provirus_occurrences
votu_011487de8532cdaf28fd	target_66ea25a1e990cdf949b8	5	5	0	1	0	0.2	-0.2	1.0	1.0	1.0	tested_fisher_two_sided	5	5	0.0	0.0015414315326929477	-0.0015414315326929477	-0.6	0.16666666666666666	1.0	1.0	tested_exact_two_sided_rank_permutation	252	false	false	unknown	integration_unknown_viral_sequence	0	0
votu_01295f2763cffaa11197	target_cb5fc62d0ae0d18f0b7d	5	4	1	0	0.2	0	0.2	1.0	1.0	1.0	tested_fisher_two_sided	5	5	0.15858106165448504	0.029256361210290908	0.12932470044419414	0.44	0.30952380952380953	1.0	1.0	tested_exact_two_sided_rank_permutation	252	false	false	unknown	integration_unknown_viral_sequence	0	0
votu_025b2fbb38fd3037238f	target_2457eda4bc94e1c7986f	5	5	0	1	0	0.2	-0.2	1.0	1.0	1.0	tested_fisher_two_sided	5	5	0.0	0.008587167900891762	-0.008587167900891762	-0.4	0.3333333333333333	1.0	1.0	tested_exact_two_sided_rank_permutation	252	false	false	unknown	integration_unknown_viral_sequence	0	0
votu_0265981852b1a695c65a	target_adabb5403bee053d1511	5	5	4	4	0.8	0.8	0.0	1.0	1.0	1.0	tested_fisher_two_sided	5	5	0.6796610263600076	0.9293048570566985	-0.24964383069669094	-0.12	0.8412698412698413	1.0	1.0	tested_exact_two_sided_rank_permutation	252	false	false	unknown	integration_unknown_viral_sequence	0	0
votu_0297babf55283d516960	target_85325c70793e619ea229	2	5	0	0	0	0	0				not_tested_fewer_than_3_evaluable_per_group	5	5	0.0	0.0	0.0	0.0	1.0	1.0	1.0	tested_all_values_equal_p1	252	true	false	unknown	provisional_reference_predicted_provirus_only	1	0
votu_02d0c5ebc48a57874e6c	target_c20bac99592e3b3a3924	5	4	0	1	0	0.25	-0.25	0.4444444444444444	1.0	1.0	tested_fisher_two_sided	5	5	0.015349899123969642	0.0	0.015349899123969642	0.4	0.3333333333333333	1.0	1.0	tested_exact_two_sided_rank_permutation	252	false	true	false	provisional_metagenome_predicted_provirus	0	1
votu_0334bfe34a2a0e21910d	target_0b0b4cc81f68fe21b9bf	5	5	0	1	0	0.2	-0.2	1.0	1.0	1.0	tested_fisher_two_sided	5	5	0.10975364763420313	0.1979890031344359	-0.08823535550023277	-0.6	0.15079365079365079	1.0	1.0	tested_exact_two_sided_rank_permutation	252	false	true	false	provisional_metagenome_predicted_provirus	0	1
votu_0346bca9db701fd5c23f	target_c783393a9dae56f00184	5	5	0	1	0	0.2	-0.2	1.0	1.0	1.0	tested_fisher_two_sided	5	5	0.0	0.0	0.0	-0.2	1.0	1.0	1.0	tested_exact_two_sided_rank_permutation	252	false	false	unknown	integration_unknown_viral_sequence	0	0
votu_0423aa4bc50c4d4be42b	target_d940e59d6747faa8f627	1	2	0	0	0	0	0				not_tested_fewer_than_3_evaluable_per_group	5	5	0.0	0.0	0.0	0.04	1.0	1.0	1.0	tested_exact_two_sided_rank_permutation	252	true	false	unknown	provisional_reference_predicted_provirus_only	1	0
votu_05adc84c1f6bc545db3a	target_020fff28a60fd639560b	5	5	0	1	0	0.2	-0.2	1.0	1.0	1.0	tested_fisher_two_sided	5	5	0.0	0.0009319123849144329	-0.0009319123849144329	-0.6	0.16666666666666666	1.0	1.0	tested_exact_two_sided_rank_permutation	252	false	true	false	provisional_metagenome_predicted_provirus	0	1
votu_05f4050ef5b53c980d93	target_885f24cf3ca1c326bfe1	2	2	0	0	0	0	0				not_tested_fewer_than_3_evaluable_per_group	5	5	0.0	0.0	0.0	0.0	1.0	1.0	1.0	tested_all_values_equal_p1	252	true	false	unknown	provisional_reference_predicted_provirus_only	5	0
votu_0667f690fe6586a6b734	target_c4e9360c5267a005f643	5	5	0	1	0	0.2	-0.2	1.0	1.0	1.0	tested_fisher_two_sided	5	5	0.002781390752677995	0.0028422179746128394	-6.082722193484448e-05	-0.12	0.8253968253968254	1.0	1.0	tested_exact_two_sided_rank_permutation	252	false	true	false	provisional_metagenome_predicted_provirus	0	1
votu_0809d8af0d5c1fd9d302	target_3f3d80b10ce25943cbe2	5	5	1	0	0.2	0	0.2	1.0	1.0	1.0	tested_fisher_two_sided	5	5	0.019186334519831243	0.0	0.019186334519831243	0.4	0.3333333333333333	1.0	1.0	tested_exact_two_sided_rank_permutation	252	false	false	unknown	integration_unknown_viral_sequence	0	0
votu_08954fb545381d3120cd	target_f78b7b45e3fbe4a4c8a8	3	5	0	0	0	0	0	1.0	1.0	1.0	tested_fisher_two_sided	5	5	0.0	0.0	0.0	0.0	1.0	1.0	1.0	tested_all_values_equal_p1	252	true	false	unknown	provisional_reference_predicted_provirus_only	2	0
votu_08981ae721a995571ec9	target_68fe058fb7dbd7b720c2	5	5	0	1	0	0.2	-0.2	1.0	1.0	1.0	tested_fisher_two_sided	5	5	0.0	0.0	0.0	-0.2	1.0	1.0	1.0	tested_exact_two_sided_rank_permutation	252	false	false	unknown	integration_unknown_viral_sequence	0	0
votu_0898c20af715c17f4755	target_e27a79c37917f034dbef	5	5	1	0	0.2	0	0.2	1.0	1.0	1.0	tested_fisher_two_sided	5	5	0.0	0.0	0.0	0.2	1.0	1.0	1.0	tested_exact_two_sided_rank_permutation	252	false	true	true	provisional_metagenome_provirus_with_caller_flank_markers	0	1
votu_094692d425430e3ba66f	target_d16c612c377d1ab347ea	5	5	0	2	0	0.4	-0.4	0.4444444444444444	1.0	1.0	tested_fisher_two_sided	5	5	0.013857708216134232	0.26799069042627166	-0.2541329822101374	-0.68	0.09523809523809523	1.0	1.0	tested_exact_two_sided_rank_permutation	252	false	false	unknown	integration_unknown_viral_sequence	0	0
votu_0a19decd01103d5fc0c2	target_8ee1a7814f4483cf22a3	0	0	0	0							not_tested_fewer_than_3_evaluable_per_group	5	5	0.013656177829577792	0.008669739165064284	0.004986438664513508	0.36	0.42063492063492064	1.0	1.0	tested_exact_two_sided_rank_permutation	252	true	false	unknown	provisional_reference_predicted_provirus_only	1	0
votu_0a33326806f3665ccbde	target_6bfb92f6c4cb398144fc	5	3	1	0	0.2	0	0.2	1.0	1.0	1.0	tested_fisher_two_sided	5	5	0.0022024658058667694	0.02687957931024165	-0.02467711350437488	-0.24	0.5873015873015873	1.0	1.0	tested_exact_two_sided_rank_permutation	252	false	true	false	provisional_metagenome_predicted_provirus	0	1
votu_0b2a4230351d0cdb4e3b	target_561eac57adc31757e100	3	2	0	0	0	0	0				not_tested_fewer_than_3_evaluable_per_group	5	5	0.0	0.0	0.0	0.0	1.0	1.0	1.0	tested_all_values_equal_p1	252	true	false	unknown	provisional_reference_predicted_provirus_only	1	0
votu_0b43bbbcb7b73c2f7fae	target_234eadf46a02f7e90374	5	5	2	1	0.4	0.2	0.2	1.0	1.0	1.0	tested_fisher_two_sided	5	5	0.09112752778430984	0.018757497112070802	0.07237003067223904	0.08	0.8968253968253969	1.0	1.0	tested_exact_two_sided_rank_permutation	252	false	false	unknown	integration_unknown_viral_sequence	0	0
votu_0cb63bbce56e4086459f	target_ada9444f8f46345065c1	2	1	1	0	0.5	0	0.5				not_tested_fewer_than_3_evaluable_per_group	5	5	0.07209253098408361	0.057887277763275354	0.014205253220808255	0.12	0.8412698412698413	1.0	1.0	tested_exact_two_sided_rank_permutation	252	false	false	unknown	integration_unknown_viral_sequence	0	0
votu_0cf0c80101517fa45146	target_45e2a0929b5d6d96f337	4	5	0	0	0	0	0	1.0	1.0	1.0	tested_fisher_two_sided	5	5	0.0	0.0	0.0	0.0	1.0	1.0	1.0	tested_all_values_equal_p1	252	true	false	unknown	provisional_reference_predicted_provirus_only	2	0
votu_10f443cdce98fe7e0907	target_3507184c8efb964cb008	1	3	0	1	0	0.3333333333333333	-0.3333333333333333				not_tested_fewer_than_3_evaluable_per_group	5	5	0.011917325168765435	0.0028222178678084767	0.009095107300956959	0.36	0.42063492063492064	1.0	1.0	tested_exact_two_sided_rank_permutation	252	false	false	unknown	integration_unknown_viral_sequence	0	0
votu_110ea43980dd71e37911	target_93cd0b485ab155d41fdf	3	5	0	0	0	0	0	1.0	1.0	1.0	tested_fisher_two_sided	5	5	0.0	0.0	0.0	0.4	0.4444444444444444	1.0	1.0	tested_exact_two_sided_rank_permutation	252	true	false	unknown	provisional_reference_predicted_provirus_only	1	0
votu_111c98af280d8b9611c5	target_554b507e4152ca7d6702	0	1	0	0		0					not_tested_fewer_than_3_evaluable_per_group	5	5	0.0028806256437620137	0.022682324944721395	-0.01980169930095938	-0.6	0.15079365079365079	1.0	1.0	tested_exact_two_sided_rank_permutation	252	false	false	unknown	integration_unknown_viral_sequence	0	0
votu_1135ad739960faadb914	target_bd159e582699c7900028	2	0	1	0	0.5						not_tested_fewer_than_3_evaluable_per_group	5	5	0.002391939517206418	0.013072421007931274	-0.010680481490724857	0.04	1.0	1.0	1.0	tested_exact_two_sided_rank_permutation	252	false	true	false	provisional_metagenome_predicted_provirus	0	1
votu_119e9c85e03b1f75af31	target_19500186dc8720ea7d8d	5	5	0	1	0	0.2	-0.2	1.0	1.0	1.0	tested_fisher_two_sided	5	5	0.0	0.002458310272293006	-0.002458310272293006	-0.8	0.047619047619047616	1.0	1.0	tested_exact_two_sided_rank_permutation	252	false	false	unknown	integration_unknown_viral_sequence	0	0
votu_11e4a0a1c0592572daf9	target_9c30407c148626b8bfd4	3	3	0	0	0	0	0	1.0	1.0	1.0	tested_fisher_two_sided	5	5	0.0	0.0	0.0	0.0	1.0	1.0	1.0	tested_all_values_equal_p1	252	true	false	unknown	provisional_reference_predicted_provirus_only	1	0
votu_120357a3ad25ba026d12	target_54742bacea35da4ecd82	5	3	0	1	0	0.3333333333333333	-0.3333333333333333	0.375	1.0	1.0	tested_fisher_two_sided	5	5	0.0011946720603422656	0.07324792606871039	-0.07205325400836812	-0.76	0.05555555555555555	1.0	1.0	tested_exact_two_sided_rank_permutation	252	false	false	unknown	integration_unknown_viral_sequence	0	0
votu_123ae6aebee840141daa	target_ba4ac3558d58080e75bc	5	5	0	1	0	0.2	-0.2	1.0	1.0	1.0	tested_fisher_two_sided	5	5	0.0	0.0	0.0	0.12	1.0	1.0	1.0	tested_exact_two_sided_rank_permutation	252	false	false	unknown	integration_unknown_viral_sequence	0	0
votu_1391ca47df19bbb20775	target_2a09be684f660bd1966f	1	1	0	1	0	1	-1				not_tested_fewer_than_3_evaluable_per_group	5	5	0.008376765537503028	0.24833521782404616	-0.23995845228654314	-0.68	0.09523809523809523	1.0	1.0	tested_exact_two_sided_rank_permutation	252	false	true	false	provisional_metagenome_predicted_provirus	0	1
votu_1423b67460f9215adb60	target_d7e93ab8fb765fd374f8	5	5	5	2	1	0.4	0.6	0.16666666666666666	1.0	1.0	tested_fisher_two_sided	5	5	1.2906978144505392	0.083249236833289	1.2074485776172503	0.44	0.30952380952380953	1.0	1.0	tested_exact_two_sided_rank_permutation	252	false	false	unknown	integration_unknown_viral_sequence	0	0
votu_142dc1838ad43b84e2f1	target_ed67ea67aabae4cf65ad	2	3	0	1	0	0.3333333333333333	-0.3333333333333333				not_tested_fewer_than_3_evaluable_per_group	5	5	0.013705638113831776	0.005062622994572259	0.008643015119259518	0.12	0.8412698412698413	1.0	1.0	tested_exact_two_sided_rank_permutation	252	false	true	false	provisional_metagenome_predicted_provirus	0	1
votu_14c5e2fa6d929c6f9c0d	target_7a150cdddf4b20983483	5	5	0	1	0	0.2	-0.2	1.0	1.0	1.0	tested_fisher_two_sided	5	5	0.0	0.0038807734113463143	-0.0038807734113463143	-0.32	0.4444444444444444	1.0	1.0	tested_exact_two_sided_rank_permutation	252	false	false	unknown	integration_unknown_viral_sequence	0	0
votu_14db4064513ec069e143	target_7e523022dab4c93001fa	5	5	0	1	0	0.2	-0.2	1.0	1.0	1.0	tested_fisher_two_sided	5	5	0.003106298369089609	0.0010623560580458812	0.002043942311043728	0.04	1.0	1.0	1.0	tested_exact_two_sided_rank_permutation	252	false	true	false	provisional_metagenome_predicted_provirus	0	1
votu_14ed6541c7c1fe3abc2f	target_02bb5f8c1bd2252fe7db	3	5	1	0	0.3333333333333333	0	0.3333333333333333	0.375	1.0	1.0	tested_fisher_two_sided	5	5	0.19595597185311062	0.0	0.19595597185311062	0.8	0.047619047619047616	1.0	1.0	tested_exact_two_sided_rank_permutation	252	false	false	unknown	integration_unknown_viral_sequence	0	0
votu_1538c442c37ddcf312f9	target_d2ffddb96a37ef6bbe3c	1	5	0	0	0	0	0				not_tested_fewer_than_3_evaluable_per_group	5	5	0.0	0.0	0.0	0.2	1.0	1.0	1.0	tested_exact_two_sided_rank_permutation	252	true	false	unknown	provisional_reference_predicted_provirus_only	1	0
votu_164d2b3ba4e384e08a73	target_b54476d7c83748be844a	4	5	0	1	0	0.2	-0.2	1.0	1.0	1.0	tested_fisher_two_sided	5	5	0.018453925646915104	0.00410666184230237	0.014347263804612733	0.0	1.0	1.0	1.0	tested_exact_two_sided_rank_permutation	252	false	false	unknown	integration_unknown_viral_sequence	0	0
votu_180a27ba91aba2f18d3f	target_437dca25a17f2bef4752	5	5	0	0	0	0	0	1.0	1.0	1.0	tested_fisher_two_sided	5	5	0.0	0.0	0.0	0.0	1.0	1.0	1.0	tested_all_values_equal_p1	252	true	false	unknown	provisional_reference_predicted_provirus_only	1	0
votu_189e7bac5b524df2147d	target_166d4e857be3757f2e3a	5	5	1	0	0.2	0	0.2	1.0	1.0	1.0	tested_fisher_two_sided	5	5	0.0	0.0	0.0	0.2	0.7222222222222222	1.0	1.0	tested_exact_two_sided_rank_permutation	252	false	true	false	provisional_metagenome_predicted_provirus	0	1
votu_1906238b427667fc56c3	target_4100a1827da125f947de	5	3	2	0	0.4	0	0.4	0.4642857142857143	1.0	1.0	tested_fisher_two_sided	5	5	0.0	0.0	0.0	0.4	0.4444444444444444	1.0	1.0	tested_exact_two_sided_rank_permutation	252	false	false	unknown	integration_unknown_viral_sequence	0	0
votu_1a0bec952156d932207a	target_44413f457a3d099d3237	5	5	0	1	0	0.2	-0.2	1.0	1.0	1.0	tested_fisher_two_sided	5	5	0.0	0.003736674643725105	-0.003736674643725105	-0.6	0.12698412698412698	1.0	1.0	tested_exact_two_sided_rank_permutation	252	false	true	false	provisional_metagenome_predicted_provirus	0	1
votu_1b7dadc0ef11df852ec3	target_f3a1295c1fe676de8866	3	4	0	1	0	0.25	-0.25	1.0	1.0	1.0	tested_fisher_two_sided	5	5	0.0	0.0	0.0	-0.16	0.6825396825396826	1.0	1.0	tested_exact_two_sided_rank_permutation	252	false	false	unknown	integration_unknown_viral_sequence	0	0
votu_1bb6d255322759c00fb5	target_b756a6d60de32a8bdc79	5	5	0	1	0	0.2	-0.2	1.0	1.0	1.0	tested_fisher_two_sided	5	5	0.0	0.0	0.0	-0.2	1.0	1.0	1.0	tested_exact_two_sided_rank_permutation	252	false	true	false	provisional_metagenome_predicted_provirus	0	1
votu_1c50e2261a7194a4cf38	target_3b464fc8b550fea05d33	4	3	2	1	0.5	0.3333333333333333	0.16666666666666669	1.0	1.0	1.0	tested_fisher_two_sided	5	5	0.013697502051134383	0.0018714887257951774	0.011826013325339207	0.44	0.30952380952380953	1.0	1.0	tested_exact_two_sided_rank_permutation	252	false	true	unknown	provisional_metagenome_predicted_provirus	0	1
votu_1d09c53f2926ff06986c	target_b938a3d345cab514c231	4	5	0	1	0	0.2	-0.2	1.0	1.0	1.0	tested_fisher_two_sided	5	5	0.0	0.0	0.0	-0.4	0.4444444444444444	1.0	1.0	tested_exact_two_sided_rank_permutation	252	false	false	unknown	integration_unknown_viral_sequence	0	0
votu_1d0cc8660040198ad03e	target_ba43454e309c58cafd71	1	2	0	0	0	0	0				not_tested_fewer_than_3_evaluable_per_group	5	5	0.0	0.0	0.0	-0.2	1.0	1.0	1.0	tested_exact_two_sided_rank_permutation	252	true	false	unknown	provisional_reference_predicted_provirus_only	1	0
votu_1d91b8cbee962128c0ac	target_1c664525285ebfeeda2e	4	4	0	1	0	0.25	-0.25	1.0	1.0	1.0	tested_fisher_two_sided	5	5	0.025026921225723902	0.16894540377663664	-0.14391848255091275	-0.2	0.6349206349206349	1.0	1.0	tested_exact_two_sided_rank_permutation	252	false	false	unknown	integration_unknown_viral_sequence	0	0
votu_1ddf86f7e8cdf9c09bb6	target_7e55fb98db3554fdb046	5	5	0	1	0	0.2	-0.2	1.0	1.0	1.0	tested_fisher_two_sided	5	5	0.0	0.0008166513892154187	-0.0008166513892154187	-0.48	0.23809523809523808	1.0	1.0	tested_exact_two_sided_rank_permutation	252	false	false	unknown	integration_unknown_viral_sequence	0	0
votu_1e45dae377e731ba88f2	target_ace9da3b663f36a1ccf4	3	3	1	0	0.3333333333333333	0	0.3333333333333333	1.0	1.0	1.0	tested_fisher_two_sided	5	5	0.04994795258468999	0.011399855357084848	0.03854809722760514	0.28	0.5476190476190477	1.0	1.0	tested_exact_two_sided_rank_permutation	252	false	false	unknown	integration_unknown_viral_sequence	0	0
votu_206569755c97fdae18b7	target_1224b4ce931909630da6	5	5	0	0	0	0	0	1.0	1.0	1.0	tested_fisher_two_sided	5	5	0.0	0.0	0.0	0.0	1.0	1.0	1.0	tested_all_values_equal_p1	252	true	false	unknown	provisional_reference_predicted_provirus_only	1	0
votu_2162a623f666c51b10c4	target_90abf17ad45f3bb9e00d	5	5	0	0	0	0	0	1.0	1.0	1.0	tested_fisher_two_sided	5	5	0.0	0.0	0.0	0.0	1.0	1.0	1.0	tested_all_values_equal_p1	252	true	false	unknown	provisional_reference_predicted_provirus_only	1	0
votu_2238e7938d318af57ae0	target_4909c51b3da2abdf263d	3	2	0	0	0	0	0				not_tested_fewer_than_3_evaluable_per_group	5	5	0.0	0.0	0.0	0.0	1.0	1.0	1.0	tested_all_values_equal_p1	252	true	false	unknown	provisional_reference_predicted_provirus_only	1	0
votu_2275ee3cfd7c87225e8f	target_fdb5c6c90e4747097aeb	3	5	0	1	0	0.2	-0.2	1.0	1.0	1.0	tested_fisher_two_sided	5	5	0.0	0.0	0.0	0.12	1.0	1.0	1.0	tested_exact_two_sided_rank_permutation	252	false	false	unknown	integration_unknown_viral_sequence	0	0
votu_22ae35350fc818d7b7a0	target_9b761882d890890b1cdc	4	3	2	0	0.5	0	0.5	0.42857142857142855	1.0	1.0	tested_fisher_two_sided	5	5	0.4901686527160967	0.01935206998500964	0.47081658273108706	0.68	0.09523809523809523	1.0	1.0	tested_exact_two_sided_rank_permutation	252	false	true	false	provisional_metagenome_predicted_provirus	0	1
votu_22b2454eae098f85b147	target_201d40f6efe0f9229a23	5	5	0	0	0	0	0	1.0	1.0	1.0	tested_fisher_two_sided	5	5	0.0	0.0	0.0	0.0	1.0	1.0	1.0	tested_all_values_equal_p1	252	true	false	unknown	provisional_reference_predicted_provirus_only	1	0
votu_23410b77a727e82568a7	target_d4ef957b5d90e839c7bf	4	5	1	0	0.25	0	0.25	0.4444444444444444	1.0	1.0	tested_fisher_two_sided	5	5	0.01754782277036867	0.004394807421665311	0.013153015348703358	0.28	0.5079365079365079	1.0	1.0	tested_exact_two_sided_rank_permutation	252	false	false	unknown	integration_unknown_viral_sequence	0	0
votu_235a8ef24c94005aebcb	target_901f5366d7bbb73c9e1a	5	4	1	2	0.2	0.5	-0.3	0.5238095238095238	1.0	1.0	tested_fisher_two_sided	5	5	0.0018449224817693223	0.0	0.0018449224817693223	0.08	0.8571428571428571	1.0	1.0	tested_exact_two_sided_rank_permutation	252	false	false	unknown	integration_unknown_viral_sequence	0	0
votu_2402c5857ed5d3f7f63a	target_880011df40550eac9ad6	3	5	0	0	0	0	0	1.0	1.0	1.0	tested_fisher_two_sided	5	5	0.0	0.0	0.0	0.0	1.0	1.0	1.0	tested_all_values_equal_p1	252	true	false	unknown	provisional_reference_predicted_provirus_only	1	0
votu_2451be49a28049405b8a	target_7c72656acfd9b2a9e676	5	3	0	1	0	0.3333333333333333	-0.3333333333333333	0.375	1.0	1.0	tested_fisher_two_sided	5	5	0.0	0.0	0.0	-0.4	0.4444444444444444	1.0	1.0	tested_exact_two_sided_rank_permutation	252	false	false	unknown	integration_unknown_viral_sequence	0	0
votu_24c0b2e97fd5db2697f5	target_6cc5a00449ff7d830732	3	5	0	0	0	0	0	1.0	1.0	1.0	tested_fisher_two_sided	5	5	0.0	0.0	0.0	0.0	1.0	1.0	1.0	tested_all_values_equal_p1	252	true	false	unknown	provisional_reference_predicted_provirus_only	1	0
votu_2560cb256703a5661bf3	target_703db91d8eef4db44d64	2	2	0	0	0	0	0				not_tested_fewer_than_3_evaluable_per_group	5	5	0.0	0.0	0.0	0.0	1.0	1.0	1.0	tested_all_values_equal_p1	252	true	false	unknown	provisional_reference_predicted_provirus_only	1	0
votu_25e6551e9262f15c0e07	target_6e137a9da4392c94b028	5	5	1	0	0.2	0	0.2	1.0	1.0	1.0	tested_fisher_two_sided	5	5	0.002859056477393438	0.018774599560925604	-0.015915543083532165	-0.28	0.5476190476190477	1.0	1.0	tested_exact_two_sided_rank_permutation	252	false	true	false	provisional_metagenome_predicted_provirus	0	1
votu_2663e0b8daea50044c93	target_9d05d6dfa96711b89105	0	5	0	0		0					not_tested_fewer_than_3_evaluable_per_group	5	5	0.0	0.0	0.0	0.0	1.0	1.0	1.0	tested_all_values_equal_p1	252	true	false	unknown	provisional_reference_predicted_provirus_only	1	0
votu_26cccb4aa0ae0a70cdef	target_3a40e53e1707f7edb28e	2	3	0	0	0	0	0				not_tested_fewer_than_3_evaluable_per_group	5	5	0.0	0.0	0.0	0.2	1.0	1.0	1.0	tested_exact_two_sided_rank_permutation	252	true	false	unknown	provisional_reference_predicted_provirus_only	1	0
votu_277890e4ba36f7889d5f	target_b4e46c791b0511459a4b	2	3	0	1	0	0.3333333333333333	-0.3333333333333333				not_tested_fewer_than_3_evaluable_per_group	5	5	0.015339673933263234	0.01631882897519331	-0.0009791550419300746	-0.04	0.9365079365079365	1.0	1.0	tested_exact_two_sided_rank_permutation	252	false	true	false	provisional_metagenome_predicted_provirus	0	1
votu_28ca87e20574eacc4b38	target_6c6f2442a0613d7fff82	5	5	2	1	0.4	0.2	0.2	1.0	1.0	1.0	tested_fisher_two_sided	5	5	0.10527918153392656	0.20061148218977512	-0.09533230065584856	0.12	0.8412698412698413	1.0	1.0	tested_exact_two_sided_rank_permutation	252	false	true	false	provisional_metagenome_predicted_provirus	0	1
votu_28e2992dfd03fd351d7d	target_ee0f19f0c5ef5443e71e	5	5	2	1	0.4	0.2	0.2	1.0	1.0	1.0	tested_fisher_two_sided	5	5	0.05377013012847747	0.06434054321887075	-0.010570413090393284	0.12	0.8412698412698413	1.0	1.0	tested_exact_two_sided_rank_permutation	252	false	false	unknown	integration_unknown_viral_sequence	0	0
votu_28f87c099306411c6f55	target_006b9e3394d67d979f91	3	5	0	0	0	0	0	1.0	1.0	1.0	tested_fisher_two_sided	5	5	0.0	0.0	0.0	0.0	1.0	1.0	1.0	tested_all_values_equal_p1	252	true	false	unknown	provisional_reference_predicted_provirus_only	1	0
votu_2a290723c6707ad39abe	target_c280d27e45eef2f54470	5	5	1	1	0.2	0.2	0.0	1.0	1.0	1.0	tested_fisher_two_sided	5	5	0.0015102574729445619	0.0	0.0015102574729445619	0.24	0.5555555555555556	1.0	1.0	tested_exact_two_sided_rank_permutation	252	false	false	unknown	integration_unknown_viral_sequence	0	0
votu_2af1dfa046198262d2f6	target_552e7ddae129c28f7ff5	5	5	0	1	0	0.2	-0.2	1.0	1.0	1.0	tested_fisher_two_sided	5	5	0.0	0.0	0.0	-0.4	0.4444444444444444	1.0	1.0	tested_exact_two_sided_rank_permutation	252	false	true	false	provisional_metagenome_predicted_provirus	0	1
votu_2b1ccf127ad829d20d7c	target_9ccbc5c96e92c114fe1c	5	5	0	1	0	0.2	-0.2	1.0	1.0	1.0	tested_fisher_two_sided	5	5	0.0	0.0	0.0	-0.4	0.4444444444444444	1.0	1.0	tested_exact_two_sided_rank_permutation	252	false	false	unknown	integration_unknown_viral_sequence	0	0
votu_2d122201b1ee0a16b16a	target_1c4f2004013f8aa27cfa	2	3	0	1	0	0.3333333333333333	-0.3333333333333333				not_tested_fewer_than_3_evaluable_per_group	5	5	0.0	0.0	0.0	0.12	1.0	1.0	1.0	tested_exact_two_sided_rank_permutation	252	false	true	unknown	provisional_metagenome_predicted_provirus	0	1
votu_2d9617603964e546ba4a	target_100e9a5128b6d3be3e48	1	1	0	1	0	1	-1				not_tested_fewer_than_3_evaluable_per_group	5	5	0.0010811785755140556	0.023284640468077884	-0.02220346189256383	-0.4	0.3333333333333333	1.0	1.0	tested_exact_two_sided_rank_permutation	252	false	true	unknown	provisional_metagenome_predicted_provirus	0	1
votu_2f669e30d85b00a98c58	target_bf61ef37268649ab2285	5	5	1	0	0.2	0	0.2	1.0	1.0	1.0	tested_fisher_two_sided	5	5	0.032413956617329015	0.004023350000969989	0.028390606616359025	0.08	0.8968253968253969	1.0	1.0	tested_exact_two_sided_rank_permutation	252	false	false	unknown	integration_unknown_viral_sequence	0	0
votu_2fb9e1aaaf77ff769ff6	target_4463b3737bf511e1ae65	5	5	1	0	0.2	0	0.2	1.0	1.0	1.0	tested_fisher_two_sided	5	5	0.06187002908247548	0.0	0.06187002908247548	0.44	0.2857142857142857	1.0	1.0	tested_exact_two_sided_rank_permutation	252	false	true	true	provisional_metagenome_provirus_with_caller_flank_markers	0	1
votu_2ff5461a9e931a5fb1a1	target_fd7dab8f7853214b8f4c	4	5	0	0	0	0	0	1.0	1.0	1.0	tested_fisher_two_sided	5	5	0.0	0.0	0.0	0.0	1.0	1.0	1.0	tested_all_values_equal_p1	252	true	false	unknown	provisional_reference_predicted_provirus_only	1	0
votu_2ff5e397d0f1d32004dc	target_4e599219b76ad51aac32	5	5	0	0	0	0	0	1.0	1.0	1.0	tested_fisher_two_sided	5	5	0.011473727549001105	0.0053857287663665624	0.006087998782634542	0.12	0.7857142857142857	1.0	1.0	tested_exact_two_sided_rank_permutation	252	false	false	unknown	integration_unknown_viral_sequence	0	0
votu_302acbbe2905ffc7bc73	target_7f44b512da5df5bdcff8	5	5	0	1	0	0.2	-0.2	1.0	1.0	1.0	tested_fisher_two_sided	5	5	0.0019382732724871252	0.0	0.0019382732724871252	0.12	0.8412698412698413	1.0	1.0	tested_exact_two_sided_rank_permutation	252	false	false	unknown	integration_unknown_viral_sequence	0	0
votu_3063035ed00021498858	target_4269d32e2a8ff234190b	3	1	1	0	0.3333333333333333	0	0.3333333333333333				not_tested_fewer_than_3_evaluable_per_group	5	5	0.0006753788273296356	0.0	0.0006753788273296356	0.28	0.5238095238095238	1.0	1.0	tested_exact_two_sided_rank_permutation	252	false	true	true	provisional_metagenome_provirus_with_caller_flank_markers	0	1
votu_31acfd3a3dc2dea435a4	target_aa810636fbb524ad86c1	5	5	1	0	0.2	0	0.2	1.0	1.0	1.0	tested_fisher_two_sided	5	5	0.0034778360027642257	0.0003416078757357663	0.0031362281270284594	0.44	0.30158730158730157	1.0	1.0	tested_exact_two_sided_rank_permutation	252	false	false	unknown	integration_unknown_viral_sequence	0	0
votu_322e58faa1c800704db8	target_eb58f9a8a47382b10c26	5	5	2	2	0.4	0.4	0.0	1.0	1.0	1.0	tested_fisher_two_sided	5	5	0.13180676059258237	0.7234236006797431	-0.5916168400871608	-0.12	0.8412698412698413	1.0	1.0	tested_exact_two_sided_rank_permutation	252	false	true	false	provisional_metagenome_predicted_provirus	0	2
votu_3283f9c527cba1073969	target_7a657321077d3b99abe4	5	5	0	1	0	0.2	-0.2	1.0	1.0	1.0	tested_fisher_two_sided	5	5	0.0	0.0	0.0	-0.04	1.0	1.0	1.0	tested_exact_two_sided_rank_permutation	252	false	true	false	provisional_metagenome_predicted_provirus	0	1
votu_334925eea8cd70fe75b2	target_5fb6db1f0b4bdce1d030	5	5	0	1	0	0.2	-0.2	1.0	1.0	1.0	tested_fisher_two_sided	5	5	0.0	0.0	0.0	-0.2	1.0	1.0	1.0	tested_exact_two_sided_rank_permutation	252	false	false	unknown	integration_unknown_viral_sequence	0	0
votu_337c474d2938bee00d7b	target_a454f0ecea05d0dc58f5	5	5	0	1	0	0.2	-0.2	1.0	1.0	1.0	tested_fisher_two_sided	5	5	0.0	0.0	0.0	-0.2	1.0	1.0	1.0	tested_exact_two_sided_rank_permutation	252	false	false	unknown	integration_unknown_viral_sequence	0	0
votu_35014d4c54b88d2ab34e	target_f83b4db3b7de5c02839a	4	5	0	0	0	0	0	1.0	1.0	1.0	tested_fisher_two_sided	5	5	0.0	0.0	0.0	0.0	1.0	1.0	1.0	tested_all_values_equal_p1	252	true	false	unknown	provisional_reference_predicted_provirus_only	1	0
votu_35b47354c24394166c88	target_3e2973f00f2b5f4a79ef	5	5	1	0	0.2	0	0.2	1.0	1.0	1.0	tested_fisher_two_sided	5	5	0.07323257566222525	0.0	0.07323257566222525	0.64	0.10317460317460317	1.0	1.0	tested_exact_two_sided_rank_permutation	252	false	true	false	provisional_metagenome_predicted_provirus	0	1
votu_37e04e93d09a9f0a1164	target_157c8a13a0b4217bc98d	3	5	0	0	0	0	0	1.0	1.0	1.0	tested_fisher_two_sided	5	5	0.0	0.0	0.0	0.0	1.0	1.0	1.0	tested_all_values_equal_p1	252	true	false	unknown	provisional_reference_predicted_provirus_only	1	0
votu_3834aa9037a2038033ba	target_61bc3521c3ffd5ee81e3	5	5	0	1	0	0.2	-0.2	1.0	1.0	1.0	tested_fisher_two_sided	5	5	0.0	0.0	0.0	-0.2	1.0	1.0	1.0	tested_exact_two_sided_rank_permutation	252	false	false	unknown	integration_unknown_viral_sequence	0	0
votu_395e17f2c611f050d47a	target_8ddbe74512e89411c661	2	3	0	0	0	0	0				not_tested_fewer_than_3_evaluable_per_group	5	5	0.0	0.0	0.0	-0.04	1.0	1.0	1.0	tested_exact_two_sided_rank_permutation	252	true	false	unknown	provisional_reference_predicted_provirus_only	1	0
votu_398ebeffa75c0644e42c	target_b3d67de8bf9f20d34eda	5	5	1	0	0.2	0	0.2	1.0	1.0	1.0	tested_fisher_two_sided	5	5	0.16151122473503296	0.0	0.16151122473503296	0.92	0.015873015873015872	1.0	0.9384920634920635	tested_exact_two_sided_rank_permutation	252	false	false	unknown	integration_unknown_viral_sequence	0	0
votu_39ea6dcb138a1aa92197	target_e63c46e03bfc2bbf2baf	4	5	0	0	0	0	0	1.0	1.0	1.0	tested_fisher_two_sided	5	5	0.0	0.0	0.0	0.0	1.0	1.0	1.0	tested_all_values_equal_p1	252	true	false	unknown	provisional_reference_predicted_provirus_only	1	0
votu_3b17cdbd3d4d78975b34	target_e40e962cc23155539a66	5	5	1	1	0.2	0.2	0.0	1.0	1.0	1.0	tested_fisher_two_sided	5	5	0.0	0.0	0.0	-0.04	1.0	1.0	1.0	tested_exact_two_sided_rank_permutation	252	false	false	unknown	integration_unknown_viral_sequence	0	0
votu_3b4d9cc52354c1ce9014	target_8f399f18770183a0923a	4	2	0	0	0	0	0				not_tested_fewer_than_3_evaluable_per_group	5	5	0.0	0.0	0.0	0.0	1.0	1.0	1.0	tested_all_values_equal_p1	252	true	false	unknown	provisional_reference_predicted_provirus_only	4	0
votu_3c2336b42b0a99ad2a6c	target_cf3360ca8f752c0d0429	5	5	0	1	0	0.2	-0.2	1.0	1.0	1.0	tested_fisher_two_sided	5	5	0.0	0.0	0.0	-0.4	0.4444444444444444	1.0	1.0	tested_exact_two_sided_rank_permutation	252	false	false	unknown	integration_unknown_viral_sequence	0	0
votu_3c5086fc21a9000be8b8	target_6e190cb8f84a73d6e366	0	0	0	0							not_tested_fewer_than_3_evaluable_per_group	5	5	0.005656498364299329	0.005358205982260279	0.00029829238203905005	0.2	0.6507936507936508	1.0	1.0	tested_exact_two_sided_rank_permutation	252	true	false	unknown	provisional_reference_predicted_provirus_only	1	0
votu_3ca45bca0a7150a4f4a8	target_56723cae150e5db7a642	2	2	0	0	0	0	0				not_tested_fewer_than_3_evaluable_per_group	5	5	0.0	0.0	0.0	0.4	0.4444444444444444	1.0	1.0	tested_exact_two_sided_rank_permutation	252	true	false	unknown	provisional_reference_predicted_provirus_only	1	0
votu_3cb3cac3271ad2891be7	target_a4464a9e623b4e091bb9	5	5	2	1	0.4	0.2	0.2	1.0	1.0	1.0	tested_fisher_two_sided	5	5	0.11585821683997916	0.0009301537199966183	0.11492806311998253	0.44	0.2857142857142857	1.0	1.0	tested_exact_two_sided_rank_permutation	252	false	false	unknown	integration_unknown_viral_sequence	0	0
votu_3cbcdc753815f29b5b89	target_6b448769680c6e43c931	5	5	0	1	0	0.2	-0.2	1.0	1.0	1.0	tested_fisher_two_sided	5	5	0.000424209809497856	0.001381322712753664	-0.000957112903255808	-0.52	0.20634920634920634	1.0	1.0	tested_exact_two_sided_rank_permutation	252	false	false	unknown	integration_unknown_viral_sequence	0	0
votu_3e284b6e8d0da3be94ef	target_12e1de9f8b0ae49db7ab	2	4	0	0	0	0	0				not_tested_fewer_than_3_evaluable_per_group	5	5	0.0	0.0	0.0	0.0	1.0	1.0	1.0	tested_all_values_equal_p1	252	true	false	unknown	provisional_reference_predicted_provirus_only	1	0
votu_3e40738bce25e9d8eef4	target_3a4f5e1830a4f08f46b7	5	5	2	0	0.4	0	0.4	0.4444444444444444	1.0	1.0	tested_fisher_two_sided	5	5	0.05147974117109633	0.004913664615735301	0.046566076555361026	0.28	0.49206349206349204	1.0	1.0	tested_exact_two_sided_rank_permutation	252	false	true	false	provisional_metagenome_predicted_provirus	0	1
votu_3e565f47dfddd54f32a5	target_95acb8b3c56d399fbfa7	5	5	0	1	0	0.2	-0.2	1.0	1.0	1.0	tested_fisher_two_sided	5	5	0.0	0.016225601735451855	-0.016225601735451855	-0.64	0.10317460317460317	1.0	1.0	tested_exact_two_sided_rank_permutation	252	false	true	false	provisional_metagenome_predicted_provirus	0	1
votu_3ef290d078e64894209a	target_d4e2a1751cd3bf378345	5	5	0	1	0	0.2	-0.2	1.0	1.0	1.0	tested_fisher_two_sided	5	5	0.07434832145678227	0.213041255595545	-0.1386929341387627	-0.6	0.15079365079365079	1.0	1.0	tested_exact_two_sided_rank_permutation	252	false	false	unknown	integration_unknown_viral_sequence	0	0
votu_3ef8f4835e47a45f969c	target_7493e90715d3d21c8926	3	5	0	0	0	0	0	1.0	1.0	1.0	tested_fisher_two_sided	5	5	0.0	0.0	0.0	0.0	1.0	1.0	1.0	tested_all_values_equal_p1	252	true	false	unknown	provisional_reference_predicted_provirus_only	8	0
votu_400ab5f5687add1039f4	target_9788e13d9b5c419e99ae	4	3	0	0	0	0	0	1.0	1.0	1.0	tested_fisher_two_sided	5	5	0.0	0.0	0.0	0.0	1.0	1.0	1.0	tested_all_values_equal_p1	252	true	false	unknown	provisional_reference_predicted_provirus_only	2	0
votu_413876ca6135fedfe8f2	target_e603dfe0a75889ae1bb3	2	5	2	1	1	0.2	0.8				not_tested_fewer_than_3_evaluable_per_group	5	5	0.11638530951206863	0.0009552924331394071	0.11543001707892922	0.6	0.15079365079365079	1.0	1.0	tested_exact_two_sided_rank_permutation	252	true	false	unknown	provisional_reference_predicted_provirus_only	1	0
votu_42576ec178f341b9c642	target_85b2bd10a396630f751d	5	5	1	0	0.2	0	0.2	1.0	1.0	1.0	tested_fisher_two_sided	5	5	0.017806492236345114	0.0	0.017806492236345114	0.28	0.5238095238095238	1.0	1.0	tested_exact_two_sided_rank_permutation	252	false	true	false	provisional_metagenome_predicted_provirus	0	1
votu_42e439aa0d582b77c031	target_81de827b3a81ebb7b4fc	3	5	0	0	0	0	0	1.0	1.0	1.0	tested_fisher_two_sided	5	5	0.0	0.0	0.0	0.0	1.0	1.0	1.0	tested_all_values_equal_p1	252	true	false	unknown	provisional_reference_predicted_provirus_only	1	0
votu_434245b271c69e7033e2	target_3d4222849b81141791c8	3	5	0	0	0	0	0	1.0	1.0	1.0	tested_fisher_two_sided	5	5	0.0	0.0	0.0	0.0	1.0	1.0	1.0	tested_all_values_equal_p1	252	true	false	unknown	provisional_reference_predicted_provirus_only	1	0
votu_434980b70ff13124c034	target_500b607aae593a2c49b2	5	5	1	0	0.2	0	0.2	1.0	1.0	1.0	tested_fisher_two_sided	5	5	0.002158990957402248	0.003318556276455967	-0.0011595653190537188	0.04	1.0	1.0	1.0	tested_exact_two_sided_rank_permutation	252	false	false	unknown	integration_unknown_viral_sequence	0	0
votu_43df1b830733a03005cb	target_6db47176b846ca2f0668	3	5	0	0	0	0	0	1.0	1.0	1.0	tested_fisher_two_sided	5	5	0.0	0.0	0.0	0.0	1.0	1.0	1.0	tested_all_values_equal_p1	252	false	false	unknown	integration_unknown_viral_sequence	0	0
votu_4477adb5b6de061a9b60	target_d85eb008ee7e18137297	2	5	0	0	0	0	0				not_tested_fewer_than_3_evaluable_per_group	5	5	0.0	0.0	0.0	0.0	1.0	1.0	1.0	tested_all_values_equal_p1	252	true	false	unknown	provisional_reference_predicted_provirus_only	1	0
votu_44cde91c21880483dd71	target_800a543e39be2af374a2	5	5	0	2	0	0.4	-0.4	0.4444444444444444	1.0	1.0	tested_fisher_two_sided	5	5	0.15255184467249505	0.10855558598477916	0.043996258687715895	-0.12	0.8412698412698413	1.0	1.0	tested_exact_two_sided_rank_permutation	252	false	true	false	provisional_metagenome_predicted_provirus	0	1
votu_45af342830217ce554b5	target_bf3b5a80b9ac42e6b27a	5	5	0	1	0	0.2	-0.2	1.0	1.0	1.0	tested_fisher_two_sided	5	5	0.0015588912373983245	0.0	0.0015588912373983245	0.44	0.2857142857142857	1.0	1.0	tested_exact_two_sided_rank_permutation	252	false	false	unknown	integration_unknown_viral_sequence	0	0
votu_45dbf1e147ca9e377a82	target_40c46d28873a5dc95556	1	1	1	0	1	0	1				not_tested_fewer_than_3_evaluable_per_group	5	5	0.1467263702115137	0.02167232617800204	0.12505404403351164	0.36	0.42063492063492064	1.0	1.0	tested_exact_two_sided_rank_permutation	252	false	true	false	provisional_metagenome_predicted_provirus	0	1
votu_460353d4d5133754bc17	target_7d6aeb0faf4201984f6c	4	5	0	1	0	0.2	-0.2	1.0	1.0	1.0	tested_fisher_two_sided	5	5	0.0016727544079041838	0.0	0.0016727544079041838	0.6	0.1111111111111111	1.0	1.0	tested_exact_two_sided_rank_permutation	252	false	true	true	provisional_metagenome_provirus_with_caller_flank_markers	0	1
votu_467bf3f7d9d096c9850f	target_9132b69e02d7fecdc10a	5	5	0	1	0	0.2	-0.2	1.0	1.0	1.0	tested_fisher_two_sided	5	5	0.0039330240171434865	0.018702844914957953	-0.014769820897814466	-0.44	0.30952380952380953	1.0	1.0	tested_exact_two_sided_rank_permutation	252	false	false	unknown	integration_unknown_viral_sequence	0	0
votu_46cdd03f6fb67c0662ee	target_13227fd321887fb0fb39	1	1	0	0	0	0	0				not_tested_fewer_than_3_evaluable_per_group	5	5	0.0	0.0	0.0	0.0	1.0	1.0	1.0	tested_all_values_equal_p1	252	true	false	unknown	provisional_reference_predicted_provirus_only	1	0
votu_48cbd5bebf4b17459d61	target_41c90645b65a4be20d5c	5	5	1	0	0.2	0	0.2	1.0	1.0	1.0	tested_fisher_two_sided	5	5	0.06957619173698817	0.21755957084159214	-0.14798337910460396	-0.36	0.42063492063492064	1.0	1.0	tested_exact_two_sided_rank_permutation	252	false	true	true	provisional_metagenome_provirus_with_caller_flank_markers	0	1
votu_49b44329a88ec3454df1	target_64123f9dce3548df2d4a	5	5	0	1	0	0.2	-0.2	1.0	1.0	1.0	tested_fisher_two_sided	5	5	0.0	0.0	0.0	-0.2	1.0	1.0	1.0	tested_exact_two_sided_rank_permutation	252	false	false	unknown	integration_unknown_viral_sequence	0	0
votu_49ba0587886a1f0f9cb6	target_f426fa43e6ee5895397b	5	5	1	0	0.2	0	0.2	1.0	1.0	1.0	tested_fisher_two_sided	5	5	0.001773547433665117	0.0	0.001773547433665117	0.2	0.6825396825396826	1.0	1.0	tested_exact_two_sided_rank_permutation	252	false	true	false	provisional_metagenome_predicted_provirus	0	1
votu_4a405590d07572b7805d	target_c06c455a617197250ea7	2	3	0	0	0	0	0				not_tested_fewer_than_3_evaluable_per_group	5	5	0.0	0.0	0.0	0.0	1.0	1.0	1.0	tested_all_values_equal_p1	252	true	false	unknown	provisional_reference_predicted_provirus_only	1	0
votu_4a47a4eb8e8a373726ab	target_f3bb4e45acd454b205e8	5	5	0	1	0	0.2	-0.2	1.0	1.0	1.0	tested_fisher_two_sided	5	5	0.0	0.0	0.0	0.12	1.0	1.0	1.0	tested_exact_two_sided_rank_permutation	252	false	false	unknown	integration_unknown_viral_sequence	0	0
votu_4ae3b65dddd1d91a3bc7	target_d6087c8a36e497cef144	0	0	0	0							not_tested_fewer_than_3_evaluable_per_group	5	5	0.08657053830534592	0.020842885148937812	0.0657276531564081	0.76	0.05555555555555555	1.0	1.0	tested_exact_two_sided_rank_permutation	252	true	false	unknown	provisional_reference_predicted_provirus_only	2	0
votu_4aeae3b16a560fb74736	target_32c3a37c7919c9824305	5	5	0	1	0	0.2	-0.2	1.0	1.0	1.0	tested_fisher_two_sided	5	5	0.0	0.0	0.0	-0.04	1.0	1.0	1.0	tested_exact_two_sided_rank_permutation	252	false	false	unknown	integration_unknown_viral_sequence	0	0
votu_4b60f616fe91ed32d567	target_96a1659fdd4a1addf237	3	3	0	0	0	0	0	1.0	1.0	1.0	tested_fisher_two_sided	5	5	0.01668446357552701	0.0	0.01668446357552701	0.56	0.1746031746031746	1.0	1.0	tested_exact_two_sided_rank_permutation	252	false	true	false	provisional_metagenome_predicted_provirus	0	1
votu_4ca80479da0560d0ea93	target_85b67abebb5c33d201ce	5	5	1	1	0.2	0.2	0.0	1.0	1.0	1.0	tested_fisher_two_sided	5	5	0.0	0.0016973480878314789	-0.0016973480878314789	-0.36	0.40476190476190477	1.0	1.0	tested_exact_two_sided_rank_permutation	252	false	true	unknown	provisional_metagenome_predicted_provirus	0	1
votu_4d4baebffbd8f687df3b	target_ac599cf9e6ab4ce20279	5	5	1	1	0.2	0.2	0.0	1.0	1.0	1.0	tested_fisher_two_sided	5	5	0.044807911331663924	0.013203672105872997	0.03160423922579093	0.2	0.6904761904761905	1.0	1.0	tested_exact_two_sided_rank_permutation	252	false	true	false	provisional_metagenome_predicted_provirus	0	1
votu_4d5c86163b3fa4e2a2ad	target_0ce58a3917c01c0155be	4	4	0	1	0	0.25	-0.25	1.0	1.0	1.0	tested_fisher_two_sided	5	5	0.0012797184118827063	0.01181748071404576	-0.010537762302163054	-0.44	0.30158730158730157	1.0	1.0	tested_exact_two_sided_rank_permutation	252	false	false	unknown	integration_unknown_viral_sequence	0	0
votu_4e13d6b5f96e87ae0771	target_b7971e14c22765054614	3	2	3	2	1	1	0				not_tested_fewer_than_3_evaluable_per_group	5	5	2.316105972907783	0.0017970013155656456	2.3143089715922174	0.68	0.09523809523809523	1.0	1.0	tested_exact_two_sided_rank_permutation	252	true	false	unknown	provisional_reference_predicted_provirus_only	9	0
votu_50820871fc98c6c6e90b	target_ad5133d8c84de3d78e1b	3	2	0	0	0	0	0				not_tested_fewer_than_3_evaluable_per_group	5	5	0.0	0.0	0.0	-0.2	1.0	1.0	1.0	tested_exact_two_sided_rank_permutation	252	true	false	unknown	provisional_reference_predicted_provirus_only	1	0
votu_509302d1801f4dab5adc	target_1cd050f61796646efeb2	2	5	0	0	0	0	0				not_tested_fewer_than_3_evaluable_per_group	5	5	0.0	0.0	0.0	0.0	1.0	1.0	1.0	tested_all_values_equal_p1	252	true	false	unknown	provisional_reference_predicted_provirus_only	1	0
votu_50b4033f5976e2f0e8f0	target_be5ab5a93495c1512c24	1	0	1	0	1						not_tested_fewer_than_3_evaluable_per_group	5	5	0.030947837374472344	0.008925763674026744	0.0220220737004456	0.2	0.6904761904761905	1.0	1.0	tested_exact_two_sided_rank_permutation	252	false	false	unknown	integration_unknown_viral_sequence	0	0
votu_5396e2dc596bd53f9bf0	target_c974eccd7d6727055ba8	0	0	0	0							not_tested_fewer_than_3_evaluable_per_group	5	5	0.15501121925023026	0.033098455959326534	0.12191276329090373	0.44	0.30952380952380953	1.0	1.0	tested_exact_two_sided_rank_permutation	252	false	true	false	provisional_metagenome_predicted_provirus	0	1
votu_55180679c0de0d1a8121	target_0ea6e64170e1fd4e7f83	1	1	0	1	0	1	-1				not_tested_fewer_than_3_evaluable_per_group	5	5	0.019032199181593205	0.02199238960571198	-0.0029601904241187763	-0.2	0.6904761904761905	1.0	1.0	tested_exact_two_sided_rank_permutation	252	false	true	false	provisional_metagenome_predicted_provirus	0	1
votu_5695052a1f69a6504506	target_e646c76afd25a232e3d1	1	2	0	0	0	0	0				not_tested_fewer_than_3_evaluable_per_group	5	5	0.034239597855566	0.0	0.034239597855566	0.92	0.015873015873015872	1.0	0.9384920634920635	tested_exact_two_sided_rank_permutation	252	true	true	false	provisional_metagenome_predicted_provirus	6	1
votu_56ce46f3cb2c0653b3ad	target_5078e6adcfa29aad680b	4	3	2	0	0.5	0	0.5	0.42857142857142855	1.0	1.0	tested_fisher_two_sided	5	5	0.0025661816405432563	0.0	0.0025661816405432563	0.6	0.16666666666666666	1.0	1.0	tested_exact_two_sided_rank_permutation	252	false	true	false	provisional_metagenome_predicted_provirus	0	1
votu_5782d90b8b1665db4327	target_9d6827a01e7422dcd4a7	5	5	0	1	0	0.2	-0.2	1.0	1.0	1.0	tested_fisher_two_sided	5	5	0.0257939907940807	0.005756621679935731	0.02003736911414497	0.0	1.0	1.0	1.0	tested_exact_two_sided_rank_permutation	252	false	false	unknown	integration_unknown_viral_sequence	0	0
votu_57fad75f5dad4905159c	target_4533d3bd9f00d74467e9	5	5	1	1	0.2	0.2	0.0	1.0	1.0	1.0	tested_fisher_two_sided	5	5	0.010390143982498318	0.0	0.010390143982498318	0.12	0.8412698412698413	1.0	1.0	tested_exact_two_sided_rank_permutation	252	false	false	unknown	integration_unknown_viral_sequence	0	0
votu_5826ca0350e9ea128622	target_98f9a2e5acf41cd1c3fc	4	5	3	0	0.75	0	0.75	0.047619047619047616	1.0	1.0	tested_fisher_two_sided	5	5	0.7409001983398563	0.0	0.7409001983398563	1.0	0.007936507936507936	1.0	0.9384920634920635	tested_exact_two_sided_rank_permutation	252	false	false	unknown	integration_unknown_viral_sequence	0	0
votu_5876feffc9de8ef1b53c	target_4bf358d18d33298f6fa1	2	3	0	1	0	0.3333333333333333	-0.3333333333333333				not_tested_fewer_than_3_evaluable_per_group	5	5	0.004851444247156433	0.0	0.004851444247156433	0.24	0.5555555555555556	1.0	1.0	tested_exact_two_sided_rank_permutation	252	false	false	unknown	integration_unknown_viral_sequence	0	0
votu_59558a5483483a3014c9	target_56484bc9a302c5082b4f	5	5	0	1	0	0.2	-0.2	1.0	1.0	1.0	tested_fisher_two_sided	5	5	0.0033686399587307303	1.1889845521949576	-1.1856159122362269	-0.52	0.21428571428571427	1.0	1.0	tested_exact_two_sided_rank_permutation	252	false	false	unknown	integration_unknown_viral_sequence	0	0
votu_599344e8c87e24de707f	target_b9bf55a24a890074e944	4	5	0	1	0	0.2	-0.2	1.0	1.0	1.0	tested_fisher_two_sided	5	5	0.004083634818142861	0.0	0.004083634818142861	0.08	0.8571428571428571	1.0	1.0	tested_exact_two_sided_rank_permutation	252	false	false	unknown	integration_unknown_viral_sequence	0	0
votu_59d869f7e0c9d3a06a84	target_86f7b932c69685a48f1f	5	5	2	0	0.4	0	0.4	0.4444444444444444	1.0	1.0	tested_fisher_two_sided	5	5	0.07328589931358462	0.0	0.07328589931358462	0.56	0.1746031746031746	1.0	1.0	tested_exact_two_sided_rank_permutation	252	false	false	unknown	integration_unknown_viral_sequence	0	0
votu_5a3270f10306b3823772	target_872a34c0a47447994c76	5	5	0	1	0	0.2	-0.2	1.0	1.0	1.0	tested_fisher_two_sided	5	5	0.0	0.0	0.0	-0.2	1.0	1.0	1.0	tested_exact_two_sided_rank_permutation	252	false	true	false	provisional_metagenome_predicted_provirus	0	1
votu_5afc2a5f3a6c352ef40e	target_a80939c2630e6c7061e3	4	5	0	0	0	0	0	1.0	1.0	1.0	tested_fisher_two_sided	5	5	0.0	0.0	0.0	0.0	1.0	1.0	1.0	tested_all_values_equal_p1	252	true	false	unknown	provisional_reference_predicted_provirus_only	1	0
votu_5ba7d4fd8c991309bd44	target_e9c9af2b43b4663fb8ea	4	3	1	0	0.25	0	0.25	1.0	1.0	1.0	tested_fisher_two_sided	5	5	0.0	0.0	0.0	0.2	1.0	1.0	1.0	tested_exact_two_sided_rank_permutation	252	false	true	true	provisional_metagenome_provirus_with_caller_flank_markers	0	1
votu_5c473974f64971851bbb	target_e915968058ec07de090f	3	3	0	1	0	0.3333333333333333	-0.3333333333333333	1.0	1.0	1.0	tested_fisher_two_sided	5	5	0.0	0.0039854561434357946	-0.0039854561434357946	-0.52	0.21428571428571427	1.0	1.0	tested_exact_two_sided_rank_permutation	252	false	true	false	provisional_metagenome_predicted_provirus	0	1
votu_5c807b531c5de9cb34b3	target_097e19342f916b4f6ef4	5	4	1	0	0.2	0	0.2	1.0	1.0	1.0	tested_fisher_two_sided	5	5	0.0	0.0	0.0	0.04	1.0	1.0	1.0	tested_exact_two_sided_rank_permutation	252	false	false	unknown	integration_unknown_viral_sequence	0	0
votu_5cb9d3f17208f388b71e	target_e78a1c98a0d7987abb1a	4	5	0	0	0	0	0	1.0	1.0	1.0	tested_fisher_two_sided	5	5	0.0	0.0	0.0	0.0	1.0	1.0	1.0	tested_all_values_equal_p1	252	true	false	unknown	provisional_reference_predicted_provirus_only	1	0
votu_5d1ac71cab8723e6e4ea	target_ac1f1242395c34676ae9	5	5	0	1	0	0.2	-0.2	1.0	1.0	1.0	tested_fisher_two_sided	5	5	0.0008837504668522862	0.006250013111135903	-0.005366262644283617	-0.48	0.23809523809523808	1.0	1.0	tested_exact_two_sided_rank_permutation	252	false	false	unknown	integration_unknown_viral_sequence	0	0
votu_5d39172b23b8757a748b	target_6612cac8c32bf419cf5b	3	5	0	0	0	0	0	1.0	1.0	1.0	tested_fisher_two_sided	5	5	0.0	0.0	0.0	0.2	1.0	1.0	1.0	tested_exact_two_sided_rank_permutation	252	true	false	unknown	provisional_reference_predicted_provirus_only	3	0
votu_5d4e687513bc6f0c002a	target_bff8fab7a7e9cca967d2	1	0	1	0	1						not_tested_fewer_than_3_evaluable_per_group	5	5	0.08754714321901066	0.026091447473439486	0.06145569574557118	0.44	0.30952380952380953	1.0	1.0	tested_exact_two_sided_rank_permutation	252	false	false	unknown	integration_unknown_viral_sequence	0	0
votu_5e038b85c02e9296bd6c	target_5b5f3ee12256ad4bbc55	5	5	1	0	0.2	0	0.2	1.0	1.0	1.0	tested_fisher_two_sided	5	5	0.00477549306669211	0.001450688161942442	0.0033248049047496678	0.48	0.23809523809523808	1.0	1.0	tested_exact_two_sided_rank_permutation	252	false	true	true	provisional_metagenome_provirus_with_caller_flank_markers	0	1
votu_5e307eef704ecd6e3b15	target_1be638c1eeecfe5e6023	3	5	0	0	0	0	0	1.0	1.0	1.0	tested_fisher_two_sided	5	5	0.0	0.0	0.0	0.0	1.0	1.0	1.0	tested_all_values_equal_p1	252	true	false	unknown	provisional_reference_predicted_provirus_only	3	0
votu_5e5a16a238dfa46b3ba7	target_ee4b88409e1ce8e0e74d	5	5	1	0	0.2	0	0.2	1.0	1.0	1.0	tested_fisher_two_sided	5	5	0.17649928340610935	1.128663669825545	-0.9521643864194357	-0.2	0.6904761904761905	1.0	1.0	tested_exact_two_sided_rank_permutation	252	false	false	unknown	integration_unknown_viral_sequence	0	0
votu_5e6868452f78a5de568c	target_59d0c11bbb6da47c3929	5	5	0	1	0	0.2	-0.2	1.0	1.0	1.0	tested_fisher_two_sided	5	5	0.011879080648201517	0.009846063285430884	0.002033017362770633	-0.2	0.6904761904761905	1.0	1.0	tested_exact_two_sided_rank_permutation	252	false	false	unknown	integration_unknown_viral_sequence	0	0
votu_5e79179941701490d878	target_23247a08709e8102bb15	2	1	0	1	0	1	-1				not_tested_fewer_than_3_evaluable_per_group	5	5	0.006489277270490962	0.4885382883678432	-0.4820490110973522	-0.68	0.09523809523809523	1.0	1.0	tested_exact_two_sided_rank_permutation	252	false	false	unknown	integration_unknown_viral_sequence	0	0
votu_5ea3f6064198f1bcd470	target_7c1a5e0e3e4c2c84d8bd	5	5	1	0	0.2	0	0.2	1.0	1.0	1.0	tested_fisher_two_sided	5	5	0.1481829667389192	0.0	0.1481829667389192	0.76	0.047619047619047616	1.0	1.0	tested_exact_two_sided_rank_permutation	252	false	false	unknown	integration_unknown_viral_sequence	0	0
votu_5edec6c363088c9feed1	target_37718c432e411aca34da	5	5	0	1	0	0.2	-0.2	1.0	1.0	1.0	tested_fisher_two_sided	5	5	0.021072671904107533	0.06280023989435034	-0.041727567990242805	-0.24	0.5873015873015873	1.0	1.0	tested_exact_two_sided_rank_permutation	252	false	false	unknown	integration_unknown_viral_sequence	0	0
votu_60466dd31454a8e13d2e	target_06ecbb696b866aba26ec	5	5	0	1	0	0.2	-0.2	1.0	1.0	1.0	tested_fisher_two_sided	5	5	0.009228149311950373	0.005932607654979756	0.0032955416569706176	0.04	1.0	1.0	1.0	tested_exact_two_sided_rank_permutation	252	false	false	unknown	integration_unknown_viral_sequence	0	0
votu_611b8e3673eb62da4590	target_e086464aed7ea699b4e2	5	5	0	0	0	0	0	1.0	1.0	1.0	tested_fisher_two_sided	5	5	0.0	0.0	0.0	0.0	1.0	1.0	1.0	tested_all_values_equal_p1	252	true	false	unknown	provisional_reference_predicted_provirus_only	1	0
votu_6200184ad1ae964fb014	target_c55701bf1406836b7cbd	5	5	1	0	0.2	0	0.2	1.0	1.0	1.0	tested_fisher_two_sided	5	5	0.0	0.0	0.0	0.2	1.0	1.0	1.0	tested_exact_two_sided_rank_permutation	252	false	true	true	provisional_metagenome_provirus_with_caller_flank_markers	0	1
votu_62a5b7c231639ce4a5b3	target_2d2276147b4fbd2ce82b	5	5	1	0	0.2	0	0.2	1.0	1.0	1.0	tested_fisher_two_sided	5	5	0.03656421288049978	0.0	0.03656421288049978	0.76	0.031746031746031744	1.0	1.0	tested_exact_two_sided_rank_permutation	252	false	true	false	provisional_metagenome_predicted_provirus	0	1
votu_63a52be0968102f27b0e	target_0213b9b2a6a4abd1c02d	5	5	0	2	0	0.4	-0.4	0.4444444444444444	1.0	1.0	tested_fisher_two_sided	5	5	0.015455878972098151	0.027039351993172665	-0.011583473021074514	-0.04	0.9365079365079365	1.0	1.0	tested_exact_two_sided_rank_permutation	252	false	false	unknown	integration_unknown_viral_sequence	0	0
votu_64fc83f0fa9633296535	target_56a06a8476b5ee6b6bfb	2	2	0	0	0	0	0				not_tested_fewer_than_3_evaluable_per_group	5	5	0.0	0.0	0.0	-0.4	0.4444444444444444	1.0	1.0	tested_exact_two_sided_rank_permutation	252	true	false	unknown	provisional_reference_predicted_provirus_only	1	0
votu_65214726f79917158bdf	target_6b7960f6de3ec6b37bc4	5	5	2	3	0.4	0.6	-0.19999999999999996	1.0	1.0	1.0	tested_fisher_two_sided	5	5	0.03054299677184597	0.9644049722671766	-0.9338619754953306	-0.04	1.0	1.0	1.0	tested_exact_two_sided_rank_permutation	252	false	true	false	provisional_metagenome_predicted_provirus	0	2
votu_6607b4b5d5deba593995	target_96a5ee6a929947cf78f1	5	5	1	0	0.2	0	0.2	1.0	1.0	1.0	tested_fisher_two_sided	5	5	0.0	0.0	0.0	0.16	0.6825396825396826	1.0	1.0	tested_exact_two_sided_rank_permutation	252	false	false	unknown	integration_unknown_viral_sequence	0	0
votu_6762dfaf80484d6669be	target_45ad82ce5acbec84d592	5	5	0	1	0	0.2	-0.2	1.0	1.0	1.0	tested_fisher_two_sided	5	5	0.0	0.0	0.0	-0.2	1.0	1.0	1.0	tested_exact_two_sided_rank_permutation	252	false	false	unknown	integration_unknown_viral_sequence	0	0
votu_67fea9e55a8fcc42403b	target_1bcb0fc319b58ad8e4b3	5	5	1	0	0.2	0	0.2	1.0	1.0	1.0	tested_fisher_two_sided	5	5	0.0	0.0	0.0	0.4	0.4444444444444444	1.0	1.0	tested_exact_two_sided_rank_permutation	252	false	true	true	provisional_metagenome_provirus_with_caller_flank_markers	0	1
votu_682f6bc949806ab5a7f7	target_c3588d1a4f168dd0af84	5	5	0	0	0	0	0	1.0	1.0	1.0	tested_fisher_two_sided	5	5	0.0	0.0	0.0	0.2	1.0	1.0	1.0	tested_exact_two_sided_rank_permutation	252	true	false	unknown	provisional_reference_predicted_provirus_only	1	0
votu_6849f84635df4fb447c7	target_59cd2d3bcaefc09cba5f	5	3	1	1	0.2	0.3333333333333333	-0.1333333333333333	1.0	1.0	1.0	tested_fisher_two_sided	5	5	0.03931939675496445	0.01606509412107993	0.023254302633884522	0.28	0.5476190476190477	1.0	1.0	tested_exact_two_sided_rank_permutation	252	false	true	false	provisional_metagenome_predicted_provirus	0	1
votu_69ef8e0cb850f282b2ed	target_f391b602ee9e64987192	5	5	0	1	0	0.2	-0.2	1.0	1.0	1.0	tested_fisher_two_sided	5	5	0.0	0.0	0.0	-0.4	0.4444444444444444	1.0	1.0	tested_exact_two_sided_rank_permutation	252	false	false	unknown	integration_unknown_viral_sequence	0	0
votu_6a9b2226f1673da2b75f	target_6268b0a42db9524130c8	2	3	0	0	0	0	0				not_tested_fewer_than_3_evaluable_per_group	5	5	0.0	0.0	0.0	0.2	1.0	1.0	1.0	tested_exact_two_sided_rank_permutation	252	true	false	unknown	provisional_reference_predicted_provirus_only	1	0
votu_6aa49d046d45c0de207e	target_9b9e591ad1dbdb181469	4	5	0	1	0	0.2	-0.2	1.0	1.0	1.0	tested_fisher_two_sided	5	5	0.0	0.0	0.0	-0.08	0.8412698412698413	1.0	1.0	tested_exact_two_sided_rank_permutation	252	false	false	unknown	integration_unknown_viral_sequence	0	0
votu_6ab2920354ced312d5d9	target_08fb3a32eb34ffe876ba	5	5	0	0	0	0	0	1.0	1.0	1.0	tested_fisher_two_sided	5	5	0.0	0.0	0.0	0.0	1.0	1.0	1.0	tested_all_values_equal_p1	252	true	false	unknown	provisional_reference_predicted_provirus_only	1	0
votu_6ad4d76248e52804c616	target_462597c539bdedaa31af	1	2	0	0	0	0	0				not_tested_fewer_than_3_evaluable_per_group	5	5	0.0005651331500965522	0.0	0.0005651331500965522	-0.04	1.0	1.0	1.0	tested_exact_two_sided_rank_permutation	252	true	false	unknown	provisional_reference_predicted_provirus_only	1	0
votu_6ba347b920af2d0cbebc	target_3dc3809f51ed63c903ee	5	5	1	1	0.2	0.2	0.0	1.0	1.0	1.0	tested_fisher_two_sided	5	5	0.0036804522248115173	0.09381898312586749	-0.09013853090105597	-0.28	0.5476190476190477	1.0	1.0	tested_exact_two_sided_rank_permutation	252	false	true	true	provisional_metagenome_provirus_with_caller_flank_markers	0	2
votu_6bfb9d1fbb5517b11248	target_7e1fa3ca4d465624d4ac	4	5	2	1	0.5	0.2	0.3	0.5238095238095238	1.0	1.0	tested_fisher_two_sided	5	5	0.3493854418469505	0.02047819885211757	0.3289072429948329	0.12	0.8412698412698413	1.0	1.0	tested_exact_two_sided_rank_permutation	252	false	true	false	provisional_metagenome_predicted_provirus	0	1
votu_6c61f3ec6bdb7477e0b0	target_0b2e7e940a112cf19f20	0	1	0	0		0					not_tested_fewer_than_3_evaluable_per_group	5	5	0.005882674267646816	0.0	0.005882674267646816	0.8	0.047619047619047616	1.0	1.0	tested_exact_two_sided_rank_permutation	252	true	false	unknown	provisional_reference_predicted_provirus_only	2	0
votu_6d104d56612a6dae88d6	target_25bc3499f40169ae03db	5	5	0	1	0	0.2	-0.2	1.0	1.0	1.0	tested_fisher_two_sided	5	5	0.0	0.0	0.0	-0.4	0.4444444444444444	1.0	1.0	tested_exact_two_sided_rank_permutation	252	false	false	unknown	integration_unknown_viral_sequence	0	0
votu_6e91c6edb1ddb3eccc3e	target_d77e4629aae8542488b1	5	5	0	1	0	0.2	-0.2	1.0	1.0	1.0	tested_fisher_two_sided	5	5	0.009270778990056164	0.0	0.009270778990056164	0.24	0.5555555555555556	1.0	1.0	tested_exact_two_sided_rank_permutation	252	false	false	unknown	integration_unknown_viral_sequence	0	0
votu_6eda6aaf5c983429b5dc	target_e9e8cdf9e3982ebac38f	5	5	0	1	0	0.2	-0.2	1.0	1.0	1.0	tested_fisher_two_sided	5	5	0.0	0.0	0.0	-0.4	0.4444444444444444	1.0	1.0	tested_exact_two_sided_rank_permutation	252	false	false	unknown	integration_unknown_viral_sequence	0	0
votu_6f0504c1dc252e793896	target_f5303c758a2944e02554	5	4	2	0	0.4	0	0.4	0.4444444444444444	1.0	1.0	tested_fisher_two_sided	5	5	0.016345833637710628	0.0010820854824324542	0.015263748155278173	0.52	0.20634920634920634	1.0	1.0	tested_exact_two_sided_rank_permutation	252	false	true	unknown	provisional_metagenome_predicted_provirus	0	2
votu_6f288d16a4b6bca8026e	target_c55bde5a960184448262	5	5	2	0	0.4	0	0.4	0.4444444444444444	1.0	1.0	tested_fisher_two_sided	5	5	0.0018175845529115973	0.0018625233562230862	-4.493880331148895e-05	0.12	0.8253968253968254	1.0	1.0	tested_exact_two_sided_rank_permutation	252	false	false	unknown	integration_unknown_viral_sequence	0	0
votu_6f805cefb41a07d53886	target_2f54d3971ee1589f8672	1	5	0	0	0	0	0				not_tested_fewer_than_3_evaluable_per_group	5	5	0.0	0.0	0.0	0.2	1.0	1.0	1.0	tested_exact_two_sided_rank_permutation	252	true	false	unknown	provisional_reference_predicted_provirus_only	1	0
votu_6f8b88b440c54b3d764d	target_3335c7f737e31a1ccd61	2	2	0	0	0	0	0				not_tested_fewer_than_3_evaluable_per_group	5	5	0.0	0.0	0.0	0.0	1.0	1.0	1.0	tested_all_values_equal_p1	252	true	false	unknown	provisional_reference_predicted_provirus_only	2	0
votu_6fa3acfedd6260e2e85b	target_89571b87329d5624072a	5	5	1	0	0.2	0	0.2	1.0	1.0	1.0	tested_fisher_two_sided	5	5	0.0018268068419871448	0.0	0.0018268068419871448	0.6	0.16666666666666666	1.0	1.0	tested_exact_two_sided_rank_permutation	252	false	false	unknown	integration_unknown_viral_sequence	0	0
votu_705d05d4e852c1a4039a	target_d4537a631d51f3f28bf8	4	5	0	0	0	0	0	1.0	1.0	1.0	tested_fisher_two_sided	5	5	0.0	0.0	0.0	0.0	1.0	1.0	1.0	tested_all_values_equal_p1	252	true	false	unknown	provisional_reference_predicted_provirus_only	2	0
votu_70765cc01baead7b231b	target_86d86d025762371b2998	3	5	0	1	0	0.2	-0.2	1.0	1.0	1.0	tested_fisher_two_sided	5	5	0.011101341973592931	0.0006811756431021963	0.010420166330490735	0.28	0.5396825396825397	1.0	1.0	tested_exact_two_sided_rank_permutation	252	false	true	unknown	provisional_metagenome_predicted_provirus	0	1
votu_709a40bd3eb404a47d0b	target_9ad54c31b2ef06ebf93e	5	5	0	1	0	0.2	-0.2	1.0	1.0	1.0	tested_fisher_two_sided	5	5	0.004561521143665578	0.015333822507503127	-0.010772301363837548	-0.28	0.5476190476190477	1.0	1.0	tested_exact_two_sided_rank_permutation	252	false	false	unknown	integration_unknown_viral_sequence	0	0
votu_70a3dfc3d79b16e7af79	target_af25ab10a8472fcbea57	3	5	0	0	0	0	0	1.0	1.0	1.0	tested_fisher_two_sided	5	5	0.0	0.0	0.0	0.0	1.0	1.0	1.0	tested_all_values_equal_p1	252	true	false	unknown	provisional_reference_predicted_provirus_only	4	0
votu_7131a31db099660309ab	target_b488fb7a55e6c5f456fd	5	5	1	2	0.2	0.4	-0.2	1.0	1.0	1.0	tested_fisher_two_sided	5	5	0.599886291711271	0.02397790270977618	0.5759083890014948	0.36	0.42063492063492064	1.0	1.0	tested_exact_two_sided_rank_permutation	252	false	false	unknown	integration_unknown_viral_sequence	0	0
votu_71380b1a48e87c571269	target_a6e2e682fff976a64ac8	5	5	0	2	0	0.4	-0.4	0.4444444444444444	1.0	1.0	tested_fisher_two_sided	5	5	0.0	0.0008913062534575162	-0.0008913062534575162	-0.52	0.16666666666666666	1.0	1.0	tested_exact_two_sided_rank_permutation	252	false	false	unknown	integration_unknown_viral_sequence	0	0
votu_716ec69f512bcbab1070	target_e94883492c55946ea5f0	5	5	1	1	0.2	0.2	0.0	1.0	1.0	1.0	tested_fisher_two_sided	5	5	0.009070918254338787	0.03928390824076951	-0.03021298998643072	-0.12	0.8412698412698413	1.0	1.0	tested_exact_two_sided_rank_permutation	252	false	false	unknown	integration_unknown_viral_sequence	0	0
votu_726e4a1df4ec5608cae3	target_5240e4749fbc04ca55f6	2	2	0	0	0	0	0				not_tested_fewer_than_3_evaluable_per_group	5	5	0.0	0.0	0.0	0.0	1.0	1.0	1.0	tested_all_values_equal_p1	252	true	false	unknown	provisional_reference_predicted_provirus_only	1	0
votu_735be50192998fd84ec8	target_7ef84c72b06077bd8aff	5	5	3	2	0.6	0.4	0.19999999999999996	1.0	1.0	1.0	tested_fisher_two_sided	5	5	0.5180722658531626	0.046820944118448705	0.47125132173471385	0.36	0.42063492063492064	1.0	1.0	tested_exact_two_sided_rank_permutation	252	false	true	false	provisional_metagenome_predicted_provirus	0	1
votu_738cf07ba6ea06a2f0fc	target_0f56e56b322ea566b3f2	3	4	0	1	0	0.25	-0.25	1.0	1.0	1.0	tested_fisher_two_sided	5	5	0.02250405807783608	0.05580300406481403	-0.033298945986977954	-0.6	0.15079365079365079	1.0	1.0	tested_exact_two_sided_rank_permutation	252	false	true	true	provisional_metagenome_provirus_with_caller_flank_markers	0	1
votu_74797d9adaf8e2d62a7e	target_94c116ae65b6f7b5973e	3	5	0	0	0	0	0	1.0	1.0	1.0	tested_fisher_two_sided	5	5	0.0	0.0	0.0	0.0	1.0	1.0	1.0	tested_all_values_equal_p1	252	true	false	unknown	provisional_reference_predicted_provirus_only	1	0
votu_747ff839e1be199627d6	target_f901b31855981c89945a	2	2	0	0	0	0	0				not_tested_fewer_than_3_evaluable_per_group	5	5	0.0	0.0	0.0	-0.2	1.0	1.0	1.0	tested_exact_two_sided_rank_permutation	252	true	false	unknown	provisional_reference_predicted_provirus_only	2	0
votu_74df171b3af932cb404c	target_e03558f2e58097191b09	5	5	1	0	0.2	0	0.2	1.0	1.0	1.0	tested_fisher_two_sided	5	5	0.0	0.0	0.0	0.04	1.0	1.0	1.0	tested_exact_two_sided_rank_permutation	252	false	false	unknown	integration_unknown_viral_sequence	0	0
votu_74ec111ad5aa7417b1c3	target_8482d210e804cfa24b30	5	5	2	1	0.4	0.2	0.2	1.0	1.0	1.0	tested_fisher_two_sided	5	5	0.41745849012538916	0.12116109956999076	0.2962973905553984	0.36	0.42063492063492064	1.0	1.0	tested_exact_two_sided_rank_permutation	252	false	true	false	provisional_metagenome_predicted_provirus	0	1
votu_75044b7002fe3c9360f6	target_12de9f4ff275c19b42e4	5	5	1	0	0.2	0	0.2	1.0	1.0	1.0	tested_fisher_two_sided	5	5	0.23141325878631672	0.1335094159363226	0.09790384284999412	0.36	0.42063492063492064	1.0	1.0	tested_exact_two_sided_rank_permutation	252	false	true	false	provisional_metagenome_predicted_provirus	0	1
votu_753650f2e422b8f78da2	target_6c6bc8400c50c2a01b4b	5	5	1	1	0.2	0.2	0.0	1.0	1.0	1.0	tested_fisher_two_sided	5	5	0.022704750085795165	0.0	0.022704750085795165	0.4	0.3333333333333333	1.0	1.0	tested_exact_two_sided_rank_permutation	252	false	true	false	provisional_metagenome_predicted_provirus	0	1
votu_7594080340f1037f27ef	target_06db7715d3ac0778d753	2	4	0	0	0	0	0				not_tested_fewer_than_3_evaluable_per_group	5	5	0.0	0.0	0.0	0.0	1.0	1.0	1.0	tested_all_values_equal_p1	252	true	false	unknown	provisional_reference_predicted_provirus_only	1	0
votu_76690e045041d26784df	target_1ae68210ac454d766de2	5	5	2	2	0.4	0.4	0.0	1.0	1.0	1.0	tested_fisher_two_sided	5	5	0.5169254109669842	0.3104475002514576	0.20647791071552657	-0.12	0.8412698412698413	1.0	1.0	tested_exact_two_sided_rank_permutation	252	false	false	unknown	integration_unknown_viral_sequence	0	0
votu_766dc0c72d3f9feda1fe	target_3bfc2962f1c52c976c2c	1	2	0	0	0	0	0				not_tested_fewer_than_3_evaluable_per_group	5	5	0.0	0.0	0.0	-0.16	0.6825396825396826	1.0	1.0	tested_exact_two_sided_rank_permutation	252	true	false	unknown	provisional_reference_predicted_provirus_only	1	0
votu_77b7edad85e42be675b9	target_4a17fde78aadeea2510b	4	5	0	0	0	0	0	1.0	1.0	1.0	tested_fisher_two_sided	5	5	0.0	0.0	0.0	0.0	1.0	1.0	1.0	tested_all_values_equal_p1	252	true	false	unknown	provisional_reference_predicted_provirus_only	1	0
votu_77cbe8d00162bca5c3ee	target_850817c6bf9ffaea49cf	5	5	0	1	0	0.2	-0.2	1.0	1.0	1.0	tested_fisher_two_sided	5	5	0.0005400900876113583	0.005742355814119937	-0.005202265726508578	-0.2	0.6507936507936508	1.0	1.0	tested_exact_two_sided_rank_permutation	252	false	true	true	provisional_metagenome_provirus_with_caller_flank_markers	0	1
votu_77cc63e92495c9a25d7b	target_194c1f1411a288353067	4	5	1	0	0.25	0	0.25	0.4444444444444444	1.0	1.0	tested_fisher_two_sided	5	5	0.0	0.0	0.0	0.4	0.4444444444444444	1.0	1.0	tested_exact_two_sided_rank_permutation	252	false	true	false	provisional_metagenome_predicted_provirus	0	1
votu_783cbdb8d00299aaa26b	target_55f37da52b23a396e386	2	2	0	0	0	0	0				not_tested_fewer_than_3_evaluable_per_group	5	5	0.0	0.0	0.0	0.0	1.0	1.0	1.0	tested_all_values_equal_p1	252	true	false	unknown	provisional_reference_predicted_provirus_only	1	0
votu_7903b40bbba6d9dbffe2	target_cb3b3d4bf55bce49a573	0	1	0	0		0					not_tested_fewer_than_3_evaluable_per_group	5	5	0.001658757179707366	0.0	0.001658757179707366	0.04	1.0	1.0	1.0	tested_exact_two_sided_rank_permutation	252	false	false	unknown	integration_unknown_viral_sequence	0	0
votu_79ec3ea37e10c283d142	target_897af96f1293f25636d4	3	5	0	0	0	0	0	1.0	1.0	1.0	tested_fisher_two_sided	5	5	0.0	0.0	0.0	0.0	1.0	1.0	1.0	tested_all_values_equal_p1	252	true	false	unknown	provisional_reference_predicted_provirus_only	4	0
votu_7a3f6dc77a34bcb9be1f	target_40ced4fc766c277a51c8	5	5	1	0	0.2	0	0.2	1.0	1.0	1.0	tested_fisher_two_sided	5	5	0.013065645290307923	0.0	0.013065645290307923	0.68	0.07142857142857142	1.0	1.0	tested_exact_two_sided_rank_permutation	252	false	true	false	provisional_metagenome_predicted_provirus	0	1
votu_7bb39ca4fe4ee68252f5	target_2eb10aee6e25c17db214	3	5	0	0	0	0	0	1.0	1.0	1.0	tested_fisher_two_sided	5	5	0.0	0.0	0.0	0.0	1.0	1.0	1.0	tested_all_values_equal_p1	252	true	false	unknown	provisional_reference_predicted_provirus_only	3	0
votu_7bc2597790b75cef4199	target_08dcf19fb5fc9c87d1a4	5	5	0	1	0	0.2	-0.2	1.0	1.0	1.0	tested_fisher_two_sided	5	5	0.0	0.0	0.0	-0.2	1.0	1.0	1.0	tested_exact_two_sided_rank_permutation	252	false	true	true	provisional_metagenome_provirus_with_caller_flank_markers	0	1
votu_7bdb4a4be0d3ac8f3ed1	target_ac9e9feff60fc5c3251d	2	1	1	0	0.5	0	0.5				not_tested_fewer_than_3_evaluable_per_group	5	5	0.0226931924662102	0.026838523939328163	-0.004145331473117964	0.12	0.8412698412698413	1.0	1.0	tested_exact_two_sided_rank_permutation	252	false	false	unknown	integration_unknown_viral_sequence	0	0
votu_7c5237d5ddd7c425cd90	target_9c44e9b7e86c7c177a3a	5	5	3	4	0.6	0.8	-0.20000000000000007	1.0	1.0	1.0	tested_fisher_two_sided	5	5	0.7065595109912929	1.1881260426899753	-0.48156653169868247	-0.36	0.42063492063492064	1.0	1.0	tested_exact_two_sided_rank_permutation	252	false	true	false	provisional_metagenome_predicted_provirus	0	1
votu_7d0e344433b111d628a3	target_e9908ea86b42a024a8aa	3	5	0	0	0	0	0	1.0	1.0	1.0	tested_fisher_two_sided	5	5	0.0	0.0	0.0	0.0	1.0	1.0	1.0	tested_all_values_equal_p1	252	true	false	unknown	provisional_reference_predicted_provirus_only	1	0
votu_7df24a417ac945ef0e67	target_04f15b677bbeadbf8eb2	5	5	0	0	0	0	0	1.0	1.0	1.0	tested_fisher_two_sided	5	5	0.0	0.0	0.0	0.0	1.0	1.0	1.0	tested_all_values_equal_p1	252	true	false	unknown	provisional_reference_predicted_provirus_only	6	0
votu_7e5d591edfde25b88a26	target_f28c686b2a6d0adacb88	4	4	0	1	0	0.25	-0.25	1.0	1.0	1.0	tested_fisher_two_sided	5	5	0.0015983811245835243	0.0	0.0015983811245835243	0.04	1.0	1.0	1.0	tested_exact_two_sided_rank_permutation	252	false	true	false	provisional_metagenome_predicted_provirus	0	1
votu_7ecfa8c56bf10e156e37	target_643d58e23ad30b336df2	5	5	1	0	0.2	0	0.2	1.0	1.0	1.0	tested_fisher_two_sided	5	5	0.034430598100156855	0.0	0.034430598100156855	0.8	0.047619047619047616	1.0	1.0	tested_exact_two_sided_rank_permutation	252	false	false	unknown	integration_unknown_viral_sequence	0	0
votu_7f199cd3583c185d6ef1	target_8604130a3cb5d26855dd	5	5	0	0	0	0	0	1.0	1.0	1.0	tested_fisher_two_sided	5	5	0.0	0.0	0.0	0.0	1.0	1.0	1.0	tested_all_values_equal_p1	252	true	false	unknown	provisional_reference_predicted_provirus_only	1	0
votu_7f3d3479c2f29fe608a1	target_97280126edd3c64ef713	2	2	0	0	0	0	0				not_tested_fewer_than_3_evaluable_per_group	5	5	0.0	0.0	0.0	0.2	1.0	1.0	1.0	tested_exact_two_sided_rank_permutation	252	true	false	unknown	provisional_reference_predicted_provirus_only	1	0
votu_7fc5eab94128f04fae9a	target_0e9e7e29b5cc7532502f	2	2	0	0	0	0	0				not_tested_fewer_than_3_evaluable_per_group	5	5	0.0	0.0	0.0	0.04	1.0	1.0	1.0	tested_exact_two_sided_rank_permutation	252	true	false	unknown	provisional_reference_predicted_provirus_only	2	0
votu_7fcc473bef500343be81	target_22e474ab52a368c43892	5	5	0	1	0	0.2	-0.2	1.0	1.0	1.0	tested_fisher_two_sided	5	5	0.0025830296234678053	0.012815970408882448	-0.010232940785414642	-0.36	0.38095238095238093	1.0	1.0	tested_exact_two_sided_rank_permutation	252	false	true	false	provisional_metagenome_predicted_provirus	0	1
votu_80687b7f5037bc19a7fc	target_859c2db14bc22616f23b	5	5	1	0	0.2	0	0.2	1.0	1.0	1.0	tested_fisher_two_sided	5	5	0.0	0.0	0.0	0.2	1.0	1.0	1.0	tested_exact_two_sided_rank_permutation	252	false	false	unknown	integration_unknown_viral_sequence	0	0
votu_8084669c3fd935c18cd0	target_4e0baba92f240bc25b93	5	5	1	3	0.2	0.6	-0.39999999999999997	0.5238095238095238	1.0	1.0	tested_fisher_two_sided	5	5	0.05058804653154245	1.170963507577597	-1.1203754610460546	-0.36	0.42063492063492064	1.0	1.0	tested_exact_two_sided_rank_permutation	252	false	true	true	provisional_metagenome_provirus_with_caller_flank_markers	0	2
votu_81850450a07dd26e4b87	target_bc2e234541b3cb30f307	1	5	0	0	0	0	0				not_tested_fewer_than_3_evaluable_per_group	5	5	0.0	0.0	0.0	0.0	1.0	1.0	1.0	tested_all_values_equal_p1	252	true	false	unknown	provisional_reference_predicted_provirus_only	1	0
votu_8287818d42b1ae4c656a	target_88364266ade794c965f9	4	3	0	1	0	0.3333333333333333	-0.3333333333333333	0.42857142857142855	1.0	1.0	tested_fisher_two_sided	5	5	0.15047207117704756	0.006947718899102554	0.143524352277945	0.2	0.6349206349206349	1.0	1.0	tested_exact_two_sided_rank_permutation	252	false	true	unknown	provisional_metagenome_predicted_provirus	0	1
votu_840f2d2cafec397b6e7d	target_d32367e28ffd193b44b8	3	5	0	0	0	0	0	1.0	1.0	1.0	tested_fisher_two_sided	5	5	0.0	0.0	0.0	0.0	1.0	1.0	1.0	tested_all_values_equal_p1	252	true	false	unknown	provisional_reference_predicted_provirus_only	1	0
votu_8427b12c4c0f72108d0c	target_6be93588fe4b270ca759	5	5	0	2	0	0.4	-0.4	0.4444444444444444	1.0	1.0	tested_fisher_two_sided	5	5	0.30419014135721684	1.3168814894842347	-1.0126913481270179	-0.36	0.42063492063492064	1.0	1.0	tested_exact_two_sided_rank_permutation	252	false	false	unknown	integration_unknown_viral_sequence	0	0
votu_85265706401014352615	target_5b1195b568fcf6e2d9e4	5	5	0	0	0	0	0	1.0	1.0	1.0	tested_fisher_two_sided	5	5	0.0	0.0	0.0	0.0	1.0	1.0	1.0	tested_all_values_equal_p1	252	true	false	unknown	provisional_reference_predicted_provirus_only	1	0
votu_856ee76b46f585237836	target_1e6a40e578402d06562f	2	4	0	0	0	0	0				not_tested_fewer_than_3_evaluable_per_group	5	5	0.0	0.0	0.0	-0.2	1.0	1.0	1.0	tested_exact_two_sided_rank_permutation	252	true	false	unknown	provisional_reference_predicted_provirus_only	2	0
votu_8620a57e3ce02ee9b5ad	target_45747f78be653c9ca557	4	5	0	0	0	0	0	1.0	1.0	1.0	tested_fisher_two_sided	5	5	0.0	0.0	0.0	0.0	1.0	1.0	1.0	tested_all_values_equal_p1	252	true	false	unknown	provisional_reference_predicted_provirus_only	1	0
votu_865991bf653ef1057a37	target_ea39471bfc74341b6c27	4	5	0	0	0	0	0	1.0	1.0	1.0	tested_fisher_two_sided	5	5	0.0	0.0	0.0	0.0	1.0	1.0	1.0	tested_all_values_equal_p1	252	true	false	unknown	provisional_reference_predicted_provirus_only	1	0
votu_867cd38945dceebcdf37	target_688dc2464a51307ade5a	4	2	0	0	0	0	0				not_tested_fewer_than_3_evaluable_per_group	5	5	0.0	0.0	0.0	-0.2	1.0	1.0	1.0	tested_exact_two_sided_rank_permutation	252	true	false	unknown	provisional_reference_predicted_provirus_only	2	0
votu_86ba0d902f940027a6e2	target_d198833fc2f884e3edcd	0	1	0	0		0					not_tested_fewer_than_3_evaluable_per_group	5	5	0.015355844088773657	0.000944676970599557	0.0144111671181741	0.76	0.05555555555555555	1.0	1.0	tested_exact_two_sided_rank_permutation	252	true	true	false	provisional_metagenome_predicted_provirus	2	1
votu_86c22d70b1b2542728c0	target_c49012765067d6986d01	4	5	0	0	0	0	0	1.0	1.0	1.0	tested_fisher_two_sided	5	5	0.0	0.0	0.0	0.0	1.0	1.0	1.0	tested_all_values_equal_p1	252	true	false	unknown	provisional_reference_predicted_provirus_only	1	0
votu_8722c4f3d47fe25e5a42	target_7ac8cc601fa571a7bab6	4	5	0	1	0	0.2	-0.2	1.0	1.0	1.0	tested_fisher_two_sided	5	5	0.0008188514960184548	0.0	0.0008188514960184548	0.12	0.8412698412698413	1.0	1.0	tested_exact_two_sided_rank_permutation	252	false	true	false	provisional_metagenome_predicted_provirus	0	1
votu_884b42a82cb5d080fd92	target_7a252c273ae5ad4d61cf	4	3	1	1	0.25	0.3333333333333333	-0.08333333333333331	1.0	1.0	1.0	tested_fisher_two_sided	5	5	0.008015632347128234	0.06899082024940156	-0.060975187902273326	-0.04	1.0	1.0	1.0	tested_exact_two_sided_rank_permutation	252	false	false	unknown	integration_unknown_viral_sequence	0	0
votu_89fb0cd1c15a3937f715	target_77ea2a4d843ddc5ffd9b	5	5	1	0	0.2	0	0.2	1.0	1.0	1.0	tested_fisher_two_sided	5	5	0.002479538336236171	0.003816016740347072	-0.0013364784041109009	0.28	0.5476190476190477	1.0	1.0	tested_exact_two_sided_rank_permutation	252	false	false	unknown	integration_unknown_viral_sequence	0	0
votu_89ff48702186fd7c94bf	target_4be2cebefe8dc9286fa2	3	2	0	1	0	0.5	-0.5				not_tested_fewer_than_3_evaluable_per_group	5	5	0.20961346463346223	2.0159594157393266	-1.8063459511058644	-0.6	0.15079365079365079	1.0	1.0	tested_exact_two_sided_rank_permutation	252	false	false	unknown	integration_unknown_viral_sequence	0	0
votu_8a34ab43b18e0ab11760	target_2dc16f7b6d4587213855	1	1	1	0	1	0	1				not_tested_fewer_than_3_evaluable_per_group	5	5	0.18137939931875444	0.008807171729611872	0.17257222758914256	0.52	0.2222222222222222	1.0	1.0	tested_exact_two_sided_rank_permutation	252	false	false	unknown	integration_unknown_viral_sequence	0	0
votu_8aeba5a3489f1cd92f20	target_c827e23f2b9ed0b86d4b	2	1	1	0	0.5	0	0.5				not_tested_fewer_than_3_evaluable_per_group	5	5	0.00045577512227806675	0.0	0.00045577512227806675	0.68	0.07142857142857142	1.0	1.0	tested_exact_two_sided_rank_permutation	252	false	false	unknown	integration_unknown_viral_sequence	0	0
votu_8ba82b16c98d9167654b	target_b66b69cb300c0282925b	5	5	0	2	0	0.4	-0.4	0.4444444444444444	1.0	1.0	tested_fisher_two_sided	5	5	0.0010926153351553914	0.0	0.0010926153351553914	-0.04	1.0	1.0	1.0	tested_exact_two_sided_rank_permutation	252	false	false	unknown	integration_unknown_viral_sequence	0	0
votu_8be18822f99b07c4e3d5	target_6b90fcf9086c43497023	5	5	1	0	0.2	0	0.2	1.0	1.0	1.0	tested_fisher_two_sided	5	5	0.0	0.0	0.0	0.4	0.4444444444444444	1.0	1.0	tested_exact_two_sided_rank_permutation	252	false	false	unknown	integration_unknown_viral_sequence	0	0
votu_8d1bb426de744c365f45	target_19309f451c911703cdfe	5	5	1	0	0.2	0	0.2	1.0	1.0	1.0	tested_fisher_two_sided	5	5	0.0	0.0	0.0	0.2	0.7222222222222222	1.0	1.0	tested_exact_two_sided_rank_permutation	252	false	false	unknown	integration_unknown_viral_sequence	0	0
votu_8d60f732ea3378fbfd36	target_68cc7ad2d196776a874e	5	4	1	0	0.2	0	0.2	1.0	1.0	1.0	tested_fisher_two_sided	5	5	0.17902042828239245	0.009025285921385066	0.16999514236100738	0.44	0.2857142857142857	1.0	1.0	tested_exact_two_sided_rank_permutation	252	false	false	unknown	integration_unknown_viral_sequence	0	0
votu_8dc86f1ad09d54a814f4	target_b5dfb1059048f5d96f9d	4	3	1	0	0.25	0	0.25	1.0	1.0	1.0	tested_fisher_two_sided	5	5	0.004584841166217256	0.0	0.004584841166217256	0.4	0.3333333333333333	1.0	1.0	tested_exact_two_sided_rank_permutation	252	false	true	false	provisional_metagenome_predicted_provirus	0	1
votu_8e06fa5b7f19cc06ca82	target_3df12947778aa5dd94fa	2	4	0	1	0	0.25	-0.25				not_tested_fewer_than_3_evaluable_per_group	5	5	0.007858511846190335	0.0011459015256275497	0.0067126103205627854	0.12	0.8253968253968254	1.0	1.0	tested_exact_two_sided_rank_permutation	252	false	true	unknown	provisional_metagenome_predicted_provirus	0	1
votu_8e75cfe1ff8b48f6df19	target_d98616dcb71fadc7f808	5	5	1	0	0.2	0	0.2	1.0	1.0	1.0	tested_fisher_two_sided	5	5	0.050491356030008254	0.0007282997082364531	0.049763056321771804	0.52	0.20634920634920634	1.0	1.0	tested_exact_two_sided_rank_permutation	252	false	true	true	provisional_metagenome_provirus_with_caller_flank_markers	0	1
votu_8e8fb45962905461a0dd	target_55f06cd5a4c2e8847ff7	5	4	1	1	0.2	0.25	-0.04999999999999999	1.0	1.0	1.0	tested_fisher_two_sided	5	5	0.0	0.01281953549364092	-0.01281953549364092	-0.36	0.40476190476190477	1.0	1.0	tested_exact_two_sided_rank_permutation	252	false	true	false	provisional_metagenome_predicted_provirus	0	1
votu_8eb942f264560b19dbdf	target_b0a051f6f6050a4fdf84	5	5	0	1	0	0.2	-0.2	1.0	1.0	1.0	tested_fisher_two_sided	5	5	0.001747256869696198	0.0	0.001747256869696198	0.12	0.8412698412698413	1.0	1.0	tested_exact_two_sided_rank_permutation	252	false	false	unknown	integration_unknown_viral_sequence	0	0
votu_8f261682c678262feca3	target_c9aa400177f32c88ef1b	5	5	2	3	0.4	0.6	-0.19999999999999996	1.0	1.0	1.0	tested_fisher_two_sided	5	5	0.29734801593597027	0.5927484234726295	-0.2954004075366592	0.04	1.0	1.0	1.0	tested_exact_two_sided_rank_permutation	252	false	true	true	provisional_metagenome_provirus_with_caller_flank_markers	0	2
votu_8f8c96516cdbb779e67b	target_6343a063df25b5eb4fab	3	5	0	0	0	0	0	1.0	1.0	1.0	tested_fisher_two_sided	5	5	0.0	0.0	0.0	0.0	1.0	1.0	1.0	tested_all_values_equal_p1	252	true	false	unknown	provisional_reference_predicted_provirus_only	1	0
votu_8fe7e52a98c27c10d774	target_4748aaaed3098bda5d6d	5	5	0	1	0	0.2	-0.2	1.0	1.0	1.0	tested_fisher_two_sided	5	5	0.0010902137085730226	0.0023196074615426565	-0.001229393752969634	-0.52	0.20634920634920634	1.0	1.0	tested_exact_two_sided_rank_permutation	252	false	true	unknown	provisional_metagenome_predicted_provirus	0	1
votu_91ed2f48b544a8322403	target_9e23a085bbcb6515cb5f	5	5	0	1	0	0.2	-0.2	1.0	1.0	1.0	tested_fisher_two_sided	5	5	0.017801268991962296	0.028039552780372085	-0.01023828378840979	-0.04	1.0	1.0	1.0	tested_exact_two_sided_rank_permutation	252	false	true	true	provisional_metagenome_provirus_with_caller_flank_markers	0	1
votu_92577a2e4b5f946b269a	target_ededd9e33fb4d6a37294	5	5	0	1	0	0.2	-0.2	1.0	1.0	1.0	tested_fisher_two_sided	5	5	0.0	0.0	0.0	-0.04	1.0	1.0	1.0	tested_exact_two_sided_rank_permutation	252	false	false	unknown	integration_unknown_viral_sequence	0	0
votu_928d5b4b6e0e221be800	target_952938a499e52614d2db	3	2	1	0	0.3333333333333333	0	0.3333333333333333				not_tested_fewer_than_3_evaluable_per_group	5	5	0.3865884513860746	0.24503669090330846	0.14155176048276616	0.04	0.9365079365079365	1.0	1.0	tested_exact_two_sided_rank_permutation	252	false	false	unknown	integration_unknown_viral_sequence	0	0
votu_9293f106a5b400a1c040	target_c7575e83f14d343a625e	1	5	0	0	0	0	0				not_tested_fewer_than_3_evaluable_per_group	5	5	0.0	0.0	0.0	0.0	1.0	1.0	1.0	tested_all_values_equal_p1	252	true	false	unknown	provisional_reference_predicted_provirus_only	2	0
votu_92f3be01ec4fb6bd554d	target_8252fa08d261a1e907ad	4	4	1	0	0.25	0	0.25	1.0	1.0	1.0	tested_fisher_two_sided	5	5	0.0	0.0016240590195727067	-0.0016240590195727067	-0.12	0.8412698412698413	1.0	1.0	tested_exact_two_sided_rank_permutation	252	false	true	false	provisional_metagenome_predicted_provirus	0	1
votu_93f61d0c77422deaf088	target_80dca78a87d7ebeb1071	5	5	1	1	0.2	0.2	0.0	1.0	1.0	1.0	tested_fisher_two_sided	5	5	0.0	0.0	0.0	0.0	1.0	1.0	1.0	tested_exact_two_sided_rank_permutation	252	false	false	unknown	integration_unknown_viral_sequence	0	0
votu_944648da645554b9f9fb	target_c1db4d3ad3a6ef3e7a9b	0	1	0	0		0					not_tested_fewer_than_3_evaluable_per_group	5	5	0.0	0.0027197230396786122	-0.0027197230396786122	-0.2	0.6825396825396826	1.0	1.0	tested_exact_two_sided_rank_permutation	252	false	false	unknown	integration_unknown_viral_sequence	0	0
votu_94a31552e316f25cb7db	target_bb9359db60276175e314	5	5	0	1	0	0.2	-0.2	1.0	1.0	1.0	tested_fisher_two_sided	5	5	0.0004938109839112369	0.0	0.0004938109839112369	0.28	0.5238095238095238	1.0	1.0	tested_exact_two_sided_rank_permutation	252	false	false	unknown	integration_unknown_viral_sequence	0	0
votu_95788108e1fd87ec42d5	target_80ee9ffd0dc48e3153b3	5	5	1	0	0.2	0	0.2	1.0	1.0	1.0	tested_fisher_two_sided	5	5	0.0	0.0	0.0	0.2	1.0	1.0	1.0	tested_exact_two_sided_rank_permutation	252	false	true	false	provisional_metagenome_predicted_provirus	0	1
votu_95bbad5c7990e546c032	target_edff45937232da020a70	2	4	0	0	0	0	0				not_tested_fewer_than_3_evaluable_per_group	5	5	0.0	0.0	0.0	0.0	1.0	1.0	1.0	tested_all_values_equal_p1	252	true	false	unknown	provisional_reference_predicted_provirus_only	1	0
votu_95c8e267e5a27999eb14	target_fc915813816a8ccc25ce	5	5	1	0	0.2	0	0.2	1.0	1.0	1.0	tested_fisher_two_sided	5	5	0.18185218969817976	1.380097495807608	-1.1982453061094283	-0.44	0.30952380952380953	1.0	1.0	tested_exact_two_sided_rank_permutation	252	false	false	unknown	integration_unknown_viral_sequence	0	0
votu_96856ce23838e4468291	target_e1fbd2ead308c7c6ffce	5	5	0	1	0	0.2	-0.2	1.0	1.0	1.0	tested_fisher_two_sided	5	5	0.0027390987265473077	0.00986480781135003	-0.007125709084802723	-0.92	0.015873015873015872	1.0	0.9384920634920635	tested_exact_two_sided_rank_permutation	252	false	true	true	provisional_metagenome_provirus_with_caller_flank_markers	0	1
votu_9693037a18ffc1f48bae	target_de1b5ba8e4827315cc9f	3	5	0	0	0	0	0	1.0	1.0	1.0	tested_fisher_two_sided	5	5	0.0	0.0	0.0	0.0	1.0	1.0	1.0	tested_all_values_equal_p1	252	false	false	unknown	integration_unknown_viral_sequence	0	0
votu_976209df035c841936fc	target_0214476f08801d17ff1a	5	5	0	1	0	0.2	-0.2	1.0	1.0	1.0	tested_fisher_two_sided	5	5	0.0	0.0	0.0	-0.2	1.0	1.0	1.0	tested_exact_two_sided_rank_permutation	252	false	false	unknown	integration_unknown_viral_sequence	0	0
votu_981f32eac11f8ab04039	target_32f498c770721a34ccd4	4	5	1	1	0.25	0.2	0.04999999999999999	1.0	1.0	1.0	tested_fisher_two_sided	5	5	0.047513092872669326	0.003197629819978782	0.044315463052690546	0.52	0.2222222222222222	1.0	1.0	tested_exact_two_sided_rank_permutation	252	false	true	unknown	provisional_metagenome_predicted_provirus	0	1
votu_987545c8fa8efc2dbc5b	target_2941f95d9155ad533d11	5	5	0	1	0	0.2	-0.2	1.0	1.0	1.0	tested_fisher_two_sided	5	5	0.0	0.0	0.0	-0.04	1.0	1.0	1.0	tested_exact_two_sided_rank_permutation	252	false	true	false	provisional_metagenome_predicted_provirus	0	1
votu_9885377d89cd86b6d60f	target_b77b27de01680deb390b	5	5	1	0	0.2	0	0.2	1.0	1.0	1.0	tested_fisher_two_sided	5	5	0.005853726898795268	0.0	0.005853726898795268	0.8	0.047619047619047616	1.0	1.0	tested_exact_two_sided_rank_permutation	252	false	true	false	provisional_metagenome_predicted_provirus	0	1
votu_98ed9341d98c8616125f	target_a52929040b31e70f48e9	2	5	0	0	0	0	0				not_tested_fewer_than_3_evaluable_per_group	5	5	0.0	0.0	0.0	0.0	1.0	1.0	1.0	tested_all_values_equal_p1	252	true	false	unknown	provisional_reference_predicted_provirus_only	1	0
votu_992b0ef69d6f3508184b	target_5139d056f5b6632c66ea	4	5	3	3	0.75	0.6	0.15000000000000002	1.0	1.0	1.0	tested_fisher_two_sided	5	5	0.5597480383978608	0.8735146800425941	-0.31376664164473334	-0.12	0.8412698412698413	1.0	1.0	tested_exact_two_sided_rank_permutation	252	false	false	unknown	integration_unknown_viral_sequence	0	0
votu_996cdf7d1e5ab962f65c	target_84f8dc6c4e5cfc08a414	4	2	0	1	0	0.5	-0.5				not_tested_fewer_than_3_evaluable_per_group	5	5	0.0032095214598857847	0.0505734177501152	-0.04736389629022942	-0.36	0.4126984126984127	1.0	1.0	tested_exact_two_sided_rank_permutation	252	false	true	false	provisional_metagenome_predicted_provirus	0	1
votu_999cb5bd1d7ba7dac5d3	target_797ebfaf19c291883f0a	5	5	0	1	0	0.2	-0.2	1.0	1.0	1.0	tested_fisher_two_sided	5	5	0.0007657475548631374	0.0018856662793725566	-0.0011199187245094192	-0.24	0.5873015873015873	1.0	1.0	tested_exact_two_sided_rank_permutation	252	false	false	unknown	integration_unknown_viral_sequence	0	0
votu_99d058376c5ebdfb3b27	target_5936b1af0a114c86732a	5	5	0	0	0	0	0	1.0	1.0	1.0	tested_fisher_two_sided	5	5	0.0	0.0	0.0	0.0	1.0	1.0	1.0	tested_all_values_equal_p1	252	true	false	unknown	provisional_reference_predicted_provirus_only	2	0
votu_99d4a5cbbe52298e9db2	target_4f5b7f2becd37443ec8b	4	4	0	1	0	0.25	-0.25	1.0	1.0	1.0	tested_fisher_two_sided	5	5	0.0	0.0010929649508117176	-0.0010929649508117176	-0.36	0.40476190476190477	1.0	1.0	tested_exact_two_sided_rank_permutation	252	false	false	unknown	integration_unknown_viral_sequence	0	0
votu_9beefe215a92319565bf	target_51817ee314acd0436c8d	5	5	0	1	0	0.2	-0.2	1.0	1.0	1.0	tested_fisher_two_sided	5	5	0.0	0.32346615784344795	-0.32346615784344795	-0.92	0.015873015873015872	1.0	0.9384920634920635	tested_exact_two_sided_rank_permutation	252	false	false	unknown	integration_unknown_viral_sequence	0	0
votu_9c278450d7711cd97278	target_212fe972c5baddf58960	5	5	0	2	0	0.4	-0.4	0.4444444444444444	1.0	1.0	tested_fisher_two_sided	5	5	0.06278309959858597	0.693731801712172	-0.630948702113586	-0.6	0.15079365079365079	1.0	1.0	tested_exact_two_sided_rank_permutation	252	false	true	false	provisional_metagenome_predicted_provirus	0	1
votu_9d0058178db3478db596	target_8ae2db335368dc0ac8c3	0	0	0	0							not_tested_fewer_than_3_evaluable_per_group	5	5	0.0	0.0	0.0	0.2	1.0	1.0	1.0	tested_exact_two_sided_rank_permutation	252	true	false	unknown	provisional_reference_predicted_provirus_only	3	0
votu_9d123955aa035ce55026	target_2b18f8b92e4284a6cc80	4	5	0	0	0	0	0	1.0	1.0	1.0	tested_fisher_two_sided	5	5	0.0	0.0	0.0	0.0	1.0	1.0	1.0	tested_all_values_equal_p1	252	true	false	unknown	provisional_reference_predicted_provirus_only	1	0
votu_9dc0f3699076f1a245d7	target_f9921eb630225155928f	5	5	0	1	0	0.2	-0.2	1.0	1.0	1.0	tested_fisher_two_sided	5	5	0.006567467968192253	0.029939217465711983	-0.02337174949751973	-0.44	0.30952380952380953	1.0	1.0	tested_exact_two_sided_rank_permutation	252	false	false	unknown	integration_unknown_viral_sequence	0	0
votu_9eb959be08749cb3476e	target_778b83689f79fccacd57	5	5	2	1	0.4	0.2	0.2	1.0	1.0	1.0	tested_fisher_two_sided	5	5	0.22481916173339128	0.0427269512049073	0.18209221052848398	0.24	0.5873015873015873	1.0	1.0	tested_exact_two_sided_rank_permutation	252	false	false	unknown	integration_unknown_viral_sequence	0	0
votu_9f1f2e20f3ae292763a4	target_067a4b9cc1350ce06cf1	4	5	0	0	0	0	0	1.0	1.0	1.0	tested_fisher_two_sided	5	5	0.0	0.0	0.0	0.0	1.0	1.0	1.0	tested_all_values_equal_p1	252	true	false	unknown	provisional_reference_predicted_provirus_only	1	0
votu_a05d6257fab9f6f1c275	target_b896f9e613c7889be7d5	2	1	2	0	1	0	1				not_tested_fewer_than_3_evaluable_per_group	5	5	0.0473580606162136	0.06495500442137764	-0.017596943805164036	0.04	1.0	1.0	1.0	tested_exact_two_sided_rank_permutation	252	false	true	true	provisional_metagenome_provirus_with_caller_flank_markers	0	1
votu_a06d4c988efc7a876c08	target_e71e9a9db02c5db8e4c7	5	5	1	0	0.2	0	0.2	1.0	1.0	1.0	tested_fisher_two_sided	5	5	0.0	0.0	0.0	0.2	0.7222222222222222	1.0	1.0	tested_exact_two_sided_rank_permutation	252	false	false	unknown	integration_unknown_viral_sequence	0	0
votu_a0829da4d2b7455157ae	target_16a18c3229684b7583c4	5	5	1	0	0.2	0	0.2	1.0	1.0	1.0	tested_fisher_two_sided	5	5	0.007595288979996333	0.00475750522562541	0.0028377837543709225	0.2	0.6904761904761905	1.0	1.0	tested_exact_two_sided_rank_permutation	252	false	false	unknown	integration_unknown_viral_sequence	0	0
votu_a10a4c44eb8724e53915	target_93293718634063b370d7	5	5	0	1	0	0.2	-0.2	1.0	1.0	1.0	tested_fisher_two_sided	5	5	0.0	0.0	0.0	-0.2	1.0	1.0	1.0	tested_exact_two_sided_rank_permutation	252	false	false	unknown	integration_unknown_viral_sequence	0	0
votu_a17bd4453ea5d2b64848	target_1b16de26c065eb907772	5	5	0	1	0	0.2	-0.2	1.0	1.0	1.0	tested_fisher_two_sided	5	5	0.0	0.0	0.0	-0.04	1.0	1.0	1.0	tested_exact_two_sided_rank_permutation	252	false	true	true	provisional_metagenome_provirus_with_caller_flank_markers	0	1
votu_a1d72c3ceee71d4827fc	target_9a58aa5a14c44e3de7e9	1	2	0	0	0	0	0				not_tested_fewer_than_3_evaluable_per_group	5	5	0.0	0.0	0.0	0.0	1.0	1.0	1.0	tested_all_values_equal_p1	252	true	false	unknown	provisional_reference_predicted_provirus_only	1	0
votu_a37578bf083dc1ae050b	target_a6402221032935bdc8ac	4	3	0	0	0	0	0	1.0	1.0	1.0	tested_fisher_two_sided	5	5	0.0	0.0	0.0	0.04	1.0	1.0	1.0	tested_exact_two_sided_rank_permutation	252	false	false	unknown	integration_unknown_viral_sequence	0	0
votu_a4612862065d3a3f003b	target_5b897e1d2a08c390ff6e	5	4	0	1	0	0.25	-0.25	0.4444444444444444	1.0	1.0	tested_fisher_two_sided	5	5	0.001167755115518911	0.0	0.001167755115518911	0.04	1.0	1.0	1.0	tested_exact_two_sided_rank_permutation	252	false	true	false	provisional_metagenome_predicted_provirus	0	1
votu_a4c45d18a7db5d7d731f	target_9af03d0d9fc151df2277	5	5	1	0	0.2	0	0.2	1.0	1.0	1.0	tested_fisher_two_sided	5	5	0.007137394632662185	0.0025945161149424413	0.004542878517719744	0.04	1.0	1.0	1.0	tested_exact_two_sided_rank_permutation	252	false	true	false	provisional_metagenome_predicted_provirus	0	1
votu_a53b473a5bd1204deacc	target_3d051d41d6fe26f31e14	3	2	0	0	0	0	0				not_tested_fewer_than_3_evaluable_per_group	5	5	0.0011355567740028666	0.00422563737200442	-0.003090080598001554	-0.2	0.6904761904761905	1.0	1.0	tested_exact_two_sided_rank_permutation	252	false	false	unknown	integration_unknown_viral_sequence	0	0
votu_a5ec087282a7316e3fd3	target_6ad829dcf675ca413bc6	0	1	0	0		0					not_tested_fewer_than_3_evaluable_per_group	5	5	0.0	0.0	0.0	0.4	0.4444444444444444	1.0	1.0	tested_exact_two_sided_rank_permutation	252	true	false	unknown	provisional_reference_predicted_provirus_only	1	0
votu_a6014f952f6acec25e58	target_53f8792d5af108256a5c	3	4	0	1	0	0.25	-0.25	1.0	1.0	1.0	tested_fisher_two_sided	5	5	0.0	0.0	0.0	-0.4	0.4444444444444444	1.0	1.0	tested_exact_two_sided_rank_permutation	252	false	true	false	provisional_metagenome_predicted_provirus	0	1
votu_a63e23612d3072c61428	target_2b242d1227ecd6702a15	2	4	0	0	0	0	0				not_tested_fewer_than_3_evaluable_per_group	5	5	0.0	0.0	0.0	0.4	0.4444444444444444	1.0	1.0	tested_exact_two_sided_rank_permutation	252	true	false	unknown	provisional_reference_predicted_provirus_only	1	0
votu_a66882484d81d345cd5e	target_fe7e0c876af44a64573b	5	5	1	0	0.2	0	0.2	1.0	1.0	1.0	tested_fisher_two_sided	5	5	0.010985591507546813	0.0	0.010985591507546813	0.48	0.23809523809523808	1.0	1.0	tested_exact_two_sided_rank_permutation	252	false	false	unknown	integration_unknown_viral_sequence	0	0
votu_a7b2d47b89ccdd7c42b7	target_16b4c2ea46aaea4d993f	5	5	0	1	0	0.2	-0.2	1.0	1.0	1.0	tested_fisher_two_sided	5	5	0.003796626905321918	0.012719075715411155	-0.008922448810089238	-0.28	0.5396825396825397	1.0	1.0	tested_exact_two_sided_rank_permutation	252	false	true	false	provisional_metagenome_predicted_provirus	0	1
votu_a8b728feefa48219ce7f	target_1c256aea2eab4cea1c36	4	5	0	1	0	0.2	-0.2	1.0	1.0	1.0	tested_fisher_two_sided	5	5	0.003606177216911633	0.0	0.003606177216911633	0.28	0.5238095238095238	1.0	1.0	tested_exact_two_sided_rank_permutation	252	false	false	unknown	integration_unknown_viral_sequence	0	0
votu_a9e3d26d083058054302	target_3a7c9e5ce935d54b727d	0	0	0	0							not_tested_fewer_than_3_evaluable_per_group	5	5	0.0	0.0	0.0	0.0	1.0	1.0	1.0	tested_all_values_equal_p1	252	true	false	unknown	provisional_reference_predicted_provirus_only	1	0
votu_aa4c380b38c600f9c058	target_b8c43a16790862957e08	4	5	0	0	0	0	0	1.0	1.0	1.0	tested_fisher_two_sided	5	5	0.0	0.0	0.0	0.0	1.0	1.0	1.0	tested_all_values_equal_p1	252	true	false	unknown	provisional_reference_predicted_provirus_only	2	0
votu_aa82b46995f22eb8f65b	target_5c809d0460db7053687e	5	5	0	1	0	0.2	-0.2	1.0	1.0	1.0	tested_fisher_two_sided	5	5	0.0	0.0016455017817281763	-0.0016455017817281763	-0.28	0.5238095238095238	1.0	1.0	tested_exact_two_sided_rank_permutation	252	false	true	false	provisional_metagenome_predicted_provirus	0	1
votu_ac3204ca7bfe89c9e593	target_abe60cb0a2cda09fcc80	1	2	0	0	0	0	0				not_tested_fewer_than_3_evaluable_per_group	5	5	0.0	0.0	0.0	0.2	0.7222222222222222	1.0	1.0	tested_exact_two_sided_rank_permutation	252	true	false	unknown	provisional_reference_predicted_provirus_only	1	0
votu_ac5a48c060300c1cf4ff	target_8709e79806e4e24060ff	4	2	0	0	0	0	0				not_tested_fewer_than_3_evaluable_per_group	5	5	0.0	0.0	0.0	-0.2	1.0	1.0	1.0	tested_exact_two_sided_rank_permutation	252	true	false	unknown	provisional_reference_predicted_provirus_only	1	0
votu_acd1196a276a1be01bd3	target_34e8e37ff4dce4f3572e	5	5	1	0	0.2	0	0.2	1.0	1.0	1.0	tested_fisher_two_sided	5	5	0.037952245662151184	0.0	0.037952245662151184	1.0	0.007936507936507936	1.0	0.9384920634920635	tested_exact_two_sided_rank_permutation	252	false	false	unknown	integration_unknown_viral_sequence	0	0
votu_ace15c9612b3c514e253	target_7d08eab7993aa1c12102	5	5	0	1	0	0.2	-0.2	1.0	1.0	1.0	tested_fisher_two_sided	5	5	0.004603895634343393	0.06987016194689631	-0.06526626631255292	-0.68	0.0873015873015873	1.0	1.0	tested_exact_two_sided_rank_permutation	252	false	false	unknown	integration_unknown_viral_sequence	0	0
votu_ad55163900ec8e9e1368	target_e12955c9af1f240c52eb	5	5	0	1	0	0.2	-0.2	1.0	1.0	1.0	tested_fisher_two_sided	5	5	0.0	0.0	0.0	-0.2	1.0	1.0	1.0	tested_exact_two_sided_rank_permutation	252	false	false	unknown	integration_unknown_viral_sequence	0	0
votu_ae0d73349d2c5dfc3267	target_1e764ef2e95876bcb16e	3	3	0	0	0	0	0	1.0	1.0	1.0	tested_fisher_two_sided	5	5	0.0	0.0	0.0	0.04	1.0	1.0	1.0	tested_exact_two_sided_rank_permutation	252	true	false	unknown	provisional_reference_predicted_provirus_only	1	0
votu_ae8219ca05a26f980a9e	target_230d7ad02e37823ee75d	5	5	1	0	0.2	0	0.2	1.0	1.0	1.0	tested_fisher_two_sided	5	5	0.0010140533276252336	0.0	0.0010140533276252336	0.44	0.2857142857142857	1.0	1.0	tested_exact_two_sided_rank_permutation	252	false	true	true	provisional_metagenome_provirus_with_caller_flank_markers	0	1
votu_af20d983a9d9d5f20b29	target_09b6fc70af75515a9ad6	0	1	0	0		0					not_tested_fewer_than_3_evaluable_per_group	5	5	0.15300121846328443	0.005333254959560869	0.14766796350372358	0.6	0.14285714285714285	1.0	1.0	tested_exact_two_sided_rank_permutation	252	true	false	unknown	provisional_reference_predicted_provirus_only	3	0
votu_af23e788f4fd66e4bfad	target_0e2663619bb4f2069a74	5	5	0	1	0	0.2	-0.2	1.0	1.0	1.0	tested_fisher_two_sided	5	5	0.0031244141551128196	0.03157657812248364	-0.02845216396737082	-0.52	0.20634920634920634	1.0	1.0	tested_exact_two_sided_rank_permutation	252	false	false	unknown	integration_unknown_viral_sequence	0	0
votu_af7228beaee29421133b	target_b3c7b5b645ce421e4dd0	5	5	1	0	0.2	0	0.2	1.0	1.0	1.0	tested_fisher_two_sided	5	5	0.0	0.0	0.0	0.4	0.4444444444444444	1.0	1.0	tested_exact_two_sided_rank_permutation	252	false	true	true	provisional_metagenome_provirus_with_caller_flank_markers	0	1
votu_aff726d5d1b64b7d9a45	target_5544c65de7437569fa68	0	0	0	0							not_tested_fewer_than_3_evaluable_per_group	5	5	0.2706868780189357	0.06363872681979388	0.20704815119914183	0.36	0.42063492063492064	1.0	1.0	tested_exact_two_sided_rank_permutation	252	false	true	true	provisional_metagenome_provirus_with_caller_flank_markers	0	2
votu_affad52fcaa565127c0c	target_7b483a396f1b6a0f168b	1	5	0	0	0	0	0				not_tested_fewer_than_3_evaluable_per_group	5	5	0.0	0.0	0.0	0.2	1.0	1.0	1.0	tested_exact_two_sided_rank_permutation	252	true	false	unknown	provisional_reference_predicted_provirus_only	2	0
votu_b00d0b8f02919d994070	target_1b54ad4f45d6b6989a8e	1	2	0	0	0	0	0				not_tested_fewer_than_3_evaluable_per_group	5	5	0.0	0.0	0.0	-0.04	1.0	1.0	1.0	tested_exact_two_sided_rank_permutation	252	true	false	unknown	provisional_reference_predicted_provirus_only	5	0
votu_b063995468c7f43e07ff	target_88b639f4138e1755f5aa	4	5	1	1	0.25	0.2	0.04999999999999999	1.0	1.0	1.0	tested_fisher_two_sided	5	5	0.034396977838307585	0.0014824034721443754	0.03291457436616321	0.12	0.8253968253968254	1.0	1.0	tested_exact_two_sided_rank_permutation	252	false	false	unknown	integration_unknown_viral_sequence	0	0
votu_b0ce7a1700373383573b	target_93d21c5c9d54d03cd0a9	3	5	0	2	0	0.4	-0.4	0.4642857142857143	1.0	1.0	tested_fisher_two_sided	5	5	0.14159249926561224	0.36322675930557413	-0.2216342600399619	-0.28	0.5476190476190477	1.0	1.0	tested_exact_two_sided_rank_permutation	252	false	true	false	provisional_metagenome_predicted_provirus	0	1
votu_b19d68188bef9c251f83	target_5631bd81c1ae0b7e3041	1	5	0	0	0	0	0				not_tested_fewer_than_3_evaluable_per_group	5	5	0.0	0.0	0.0	0.0	1.0	1.0	1.0	tested_all_values_equal_p1	252	true	false	unknown	provisional_reference_predicted_provirus_only	1	0
votu_b1d78b9d3157f56f01ae	target_a70b55d2c2096533e6cf	5	5	0	0	0	0	0	1.0	1.0	1.0	tested_fisher_two_sided	5	5	0.0	0.0	0.0	0.0	1.0	1.0	1.0	tested_all_values_equal_p1	252	true	false	unknown	provisional_reference_predicted_provirus_only	1	0
votu_b1dfc6d56a17c5533f74	target_ede526de6ff20a7d27ca	5	5	1	0	0.2	0	0.2	1.0	1.0	1.0	tested_fisher_two_sided	5	5	0.0	0.0	0.0	0.08	0.8412698412698413	1.0	1.0	tested_exact_two_sided_rank_permutation	252	false	false	unknown	integration_unknown_viral_sequence	0	0
votu_b24c3e8871674dcde9c2	target_19c6d32cc0fdeb39f1d0	0	2	0	0		0					not_tested_fewer_than_3_evaluable_per_group	5	5	0.0	0.0	0.0	-0.2	1.0	1.0	1.0	tested_exact_two_sided_rank_permutation	252	true	false	unknown	provisional_reference_predicted_provirus_only	4	0
votu_b2536000d627223f92e9	target_3602fec9a602b7f47968	5	5	0	1	0	0.2	-0.2	1.0	1.0	1.0	tested_fisher_two_sided	5	5	0.0	0.0	0.0	-0.4	0.4444444444444444	1.0	1.0	tested_exact_two_sided_rank_permutation	252	false	false	unknown	integration_unknown_viral_sequence	0	0
votu_b2da37aacc4366eec9c7	target_71a487d26e9795efc398	2	2	0	0	0	0	0				not_tested_fewer_than_3_evaluable_per_group	5	5	0.0	0.0	0.0	0.0	1.0	1.0	1.0	tested_all_values_equal_p1	252	true	false	unknown	provisional_reference_predicted_provirus_only	4	0
votu_b3f0bf7b8e45a4ce96b5	target_48a4c86bd3c79fb477f2	4	3	0	0	0	0	0	1.0	1.0	1.0	tested_fisher_two_sided	5	5	0.0	0.0	0.0	0.0	1.0	1.0	1.0	tested_all_values_equal_p1	252	true	false	unknown	provisional_reference_predicted_provirus_only	1	0
votu_b447a9d07d6450fbfee7	target_432549907906dcf6d9f0	5	5	0	1	0	0.2	-0.2	1.0	1.0	1.0	tested_fisher_two_sided	5	5	0.0	0.0	0.0	-0.4	0.4444444444444444	1.0	1.0	tested_exact_two_sided_rank_permutation	252	false	true	true	provisional_metagenome_provirus_with_caller_flank_markers	0	1
votu_b449c47493c8ad1bfb06	target_cbc9cc2f231772fc902e	0	0	0	0							not_tested_fewer_than_3_evaluable_per_group	5	5	0.007682815615574642	0.19831910190741175	-0.1906362862918371	-0.52	0.2222222222222222	1.0	1.0	tested_exact_two_sided_rank_permutation	252	false	true	false	provisional_metagenome_predicted_provirus	0	1
votu_b4c449707b5dbc5bed83	target_e458e13bde92965c2189	0	0	0	0							not_tested_fewer_than_3_evaluable_per_group	5	5	0.0014851311523581636	0.0006240445010938773	0.0008610866512642864	0.28	0.49206349206349204	1.0	1.0	tested_exact_two_sided_rank_permutation	252	true	false	unknown	provisional_reference_predicted_provirus_only	3	0
votu_b4db8910315bb5b38ab8	target_2d91b118474faba80306	2	2	0	0	0	0	0				not_tested_fewer_than_3_evaluable_per_group	5	5	0.0	0.0	0.0	0.0	1.0	1.0	1.0	tested_all_values_equal_p1	252	true	false	unknown	provisional_reference_predicted_provirus_only	3	0
votu_b5a546771e4e429b5af4	target_380d090dcbf7b9c8bfca	5	4	0	1	0	0.25	-0.25	0.4444444444444444	1.0	1.0	tested_fisher_two_sided	5	5	0.0	0.0	0.0	-0.4	0.4444444444444444	1.0	1.0	tested_exact_two_sided_rank_permutation	252	false	false	unknown	integration_unknown_viral_sequence	0	0
votu_b613d4ae9691860b9c75	target_c9acc57ca65510569815	1	2	1	1	1	0.5	0.5				not_tested_fewer_than_3_evaluable_per_group	5	5	0.2134117835797807	0.05107404118731563	0.16233774239246507	0.28	0.5476190476190477	1.0	1.0	tested_exact_two_sided_rank_permutation	252	false	false	unknown	integration_unknown_viral_sequence	0	0
votu_b659057f4c10b43acf01	target_fc89c6466847a58bc7d3	5	5	1	0	0.2	0	0.2	1.0	1.0	1.0	tested_fisher_two_sided	5	5	0.0	0.0	0.0	0.4	0.4444444444444444	1.0	1.0	tested_exact_two_sided_rank_permutation	252	false	true	unknown	provisional_metagenome_predicted_provirus	0	1
votu_b70e5a5f6aa8e20f6868	target_a4fd172000e5a8dc6982	4	5	1	0	0.25	0	0.25	0.4444444444444444	1.0	1.0	tested_fisher_two_sided	5	5	0.0037446099053849934	0.0	0.0037446099053849934	0.44	0.2857142857142857	1.0	1.0	tested_exact_two_sided_rank_permutation	252	false	false	unknown	integration_unknown_viral_sequence	0	0
votu_b7a1b3a80cef948e2088	target_8e6d36f643255140c561	5	5	0	1	0	0.2	-0.2	1.0	1.0	1.0	tested_fisher_two_sided	5	5	0.0	0.0	0.0	-0.04	1.0	1.0	1.0	tested_exact_two_sided_rank_permutation	252	false	false	unknown	integration_unknown_viral_sequence	0	0
votu_b7a7b96cf99741cfc25a	target_9f707dc9a7d883861a00	3	5	0	1	0	0.2	-0.2	1.0	1.0	1.0	tested_fisher_two_sided	5	5	0.0	0.0	0.0	0.12	1.0	1.0	1.0	tested_exact_two_sided_rank_permutation	252	false	false	unknown	integration_unknown_viral_sequence	0	0
votu_b7cff746636a3e40d2a8	target_a6baa75ef228f6885c1b	5	5	0	1	0	0.2	-0.2	1.0	1.0	1.0	tested_fisher_two_sided	5	5	0.002603544087628132	0.0027038994293534734	-0.00010035534172534149	-0.04	0.9365079365079365	1.0	1.0	tested_exact_two_sided_rank_permutation	252	false	false	unknown	integration_unknown_viral_sequence	0	0
votu_b7f4e00754fdeec4ed2d	target_a20de6b54a0b3bae0df2	5	5	2	0	0.4	0	0.4	0.4444444444444444	1.0	1.0	tested_fisher_two_sided	5	5	0.14647112373073562	0.0	0.14647112373073562	0.68	0.09523809523809523	1.0	1.0	tested_exact_two_sided_rank_permutation	252	false	true	unknown	provisional_metagenome_predicted_provirus	0	1
votu_b8042d70c258be80167e	target_3857e0b056bd75657f3e	4	2	3	2	0.75	1	-0.25				not_tested_fewer_than_3_evaluable_per_group	5	5	0.6687338888186972	0.1659021042910095	0.5028317845276877	-0.12	0.8412698412698413	1.0	1.0	tested_exact_two_sided_rank_permutation	252	false	false	unknown	integration_unknown_viral_sequence	0	0
votu_b80b106781513223fee4	target_2873a22018a66f021eb1	5	5	1	0	0.2	0	0.2	1.0	1.0	1.0	tested_fisher_two_sided	5	5	0.004402713462179565	0.0	0.004402713462179565	0.8	0.047619047619047616	1.0	1.0	tested_exact_two_sided_rank_permutation	252	false	true	false	provisional_metagenome_predicted_provirus	0	1
votu_b8ea19bb33cbbb8e6521	target_6520264c3479e2ead7f1	4	4	1	0	0.25	0	0.25	1.0	1.0	1.0	tested_fisher_two_sided	5	5	0.0009719181812411524	0.0	0.0009719181812411524	0.52	0.16666666666666666	1.0	1.0	tested_exact_two_sided_rank_permutation	252	false	false	unknown	integration_unknown_viral_sequence	0	0
votu_b9347e664da8e1cfbfa0	target_af96d57bf50a18412b1e	5	5	0	0	0	0	0	1.0	1.0	1.0	tested_fisher_two_sided	5	5	0.0	0.0	0.0	0.0	1.0	1.0	1.0	tested_all_values_equal_p1	252	true	false	unknown	provisional_reference_predicted_provirus_only	1	0
votu_b956e61d50756b879e0a	target_7eb2a9b394ccd480c5a1	5	5	1	0	0.2	0	0.2	1.0	1.0	1.0	tested_fisher_two_sided	5	5	0.06838560225424445	0.0049755422645967745	0.06341005998964767	0.52	0.20634920634920634	1.0	1.0	tested_exact_two_sided_rank_permutation	252	false	false	unknown	integration_unknown_viral_sequence	0	0
votu_b97bf3055e9df8b8a781	target_9a5c1f2ef61ebf4ccba2	5	4	1	2	0.2	0.5	-0.3	0.5238095238095238	1.0	1.0	tested_fisher_two_sided	5	5	0.13930799292115822	1.7976066965961954	-1.6582987036750372	-0.6	0.15079365079365079	1.0	1.0	tested_exact_two_sided_rank_permutation	252	false	true	true	provisional_metagenome_provirus_with_caller_flank_markers	0	2
votu_b99fa5ddb5caf5bb86a9	target_07454cd0462374054c38	5	5	0	1	0	0.2	-0.2	1.0	1.0	1.0	tested_fisher_two_sided	5	5	0.07058736446665502	0.033862822384319376	0.036724542082335644	0.0	1.0	1.0	1.0	tested_exact_two_sided_rank_permutation	252	false	true	unknown	provisional_metagenome_predicted_provirus	0	1
votu_bbd91134c5908c036efe	target_70ebece1c46ad8f2bfd7	2	2	0	0	0	0	0				not_tested_fewer_than_3_evaluable_per_group	5	5	0.0	0.0	0.0	0.0	1.0	1.0	1.0	tested_all_values_equal_p1	252	true	false	unknown	provisional_reference_predicted_provirus_only	1	0
votu_bc6ba2c6bd0f2aa382aa	target_b4d70304287c5395e141	4	5	1	0	0.25	0	0.25	0.4444444444444444	1.0	1.0	tested_fisher_two_sided	5	5	0.02252979362759574	0.16452826001457202	-0.14199846638697627	-0.36	0.42063492063492064	1.0	1.0	tested_exact_two_sided_rank_permutation	252	false	true	false	provisional_metagenome_predicted_provirus	0	1
votu_bd1785a6a9ff8f5ca0be	target_c708e2c80fd1cadfeb2f	5	5	0	1	0	0.2	-0.2	1.0	1.0	1.0	tested_fisher_two_sided	5	5	0.0	0.0	0.0	-0.2	1.0	1.0	1.0	tested_exact_two_sided_rank_permutation	252	false	false	unknown	integration_unknown_viral_sequence	0	0
votu_bd1add4c25b62c04eb41	target_9a86e0c26a1ebc182b0f	5	5	0	1	0	0.2	-0.2	1.0	1.0	1.0	tested_fisher_two_sided	5	5	0.006625246793752792	0.1357810493529966	-0.1291558025592438	-0.2	0.6349206349206349	1.0	1.0	tested_exact_two_sided_rank_permutation	252	false	false	unknown	integration_unknown_viral_sequence	0	0
votu_bd21331de80702b47288	target_fca14d7cab703579c061	5	5	2	1	0.4	0.2	0.2	1.0	1.0	1.0	tested_fisher_two_sided	5	5	0.0012269089440900354	0.0024955965401192914	-0.001268687596029256	0.04	1.0	1.0	1.0	tested_exact_two_sided_rank_permutation	252	false	true	true	provisional_metagenome_provirus_with_caller_flank_markers	0	2
votu_bd330f87b437ba472db4	target_3248e088674ab08c864b	5	5	1	0	0.2	0	0.2	1.0	1.0	1.0	tested_fisher_two_sided	5	5	0.011154141277128694	0.02018322687942446	-0.009029085602295765	0.04	0.9365079365079365	1.0	1.0	tested_exact_two_sided_rank_permutation	252	false	true	true	provisional_metagenome_provirus_with_caller_flank_markers	0	1
votu_bd46bd75363fc36155e5	target_dbc62d80228a34a43884	4	5	0	0	0	0	0	1.0	1.0	1.0	tested_fisher_two_sided	5	5	0.0	0.0	0.0	0.0	1.0	1.0	1.0	tested_all_values_equal_p1	252	false	false	unknown	integration_unknown_viral_sequence	0	0
votu_be9081ff0c61ccfc3b7c	target_3a934e5a116ebeb94e96	2	2	0	1	0	0.5	-0.5				not_tested_fewer_than_3_evaluable_per_group	5	5	0.0013857167131306046	0.001474169147794577	-8.845243466397228e-05	-0.2	0.6507936507936508	1.0	1.0	tested_exact_two_sided_rank_permutation	252	false	false	unknown	integration_unknown_viral_sequence	0	0
votu_bee9adade5d319b07145	target_edcd94bb95be7f26f968	4	5	2	1	0.5	0.2	0.3	0.5238095238095238	1.0	1.0	tested_fisher_two_sided	5	5	0.09331001159060684	0.027131134175934424	0.06617887741467242	0.2	0.6904761904761905	1.0	1.0	tested_exact_two_sided_rank_permutation	252	false	true	false	provisional_metagenome_predicted_provirus	0	1
votu_bf222eaf2e64bbd50d11	target_204abc378249496213ea	4	4	0	0	0	0	0	1.0	1.0	1.0	tested_fisher_two_sided	5	5	0.0033473760240095452	0.0	0.0033473760240095452	0.6	0.16666666666666666	1.0	1.0	tested_exact_two_sided_rank_permutation	252	true	false	unknown	provisional_reference_predicted_provirus_only	1	0
votu_bfb15d0e744d6c521740	target_27892122be144f358cf6	3	2	0	0	0	0	0				not_tested_fewer_than_3_evaluable_per_group	5	5	0.0	0.0	0.0	0.04	1.0	1.0	1.0	tested_exact_two_sided_rank_permutation	252	true	false	unknown	provisional_reference_predicted_provirus_only	3	0
votu_bfb533b8254e6f9a50c5	target_21c163728d3636ec78f8	0	0	0	0							not_tested_fewer_than_3_evaluable_per_group	5	5	0.0	0.0	0.0	0.4	0.4444444444444444	1.0	1.0	tested_exact_two_sided_rank_permutation	252	true	false	unknown	provisional_reference_predicted_provirus_only	1	0
votu_c0400de593cb9a0503b5	target_c4b06b16bcc192983ebf	5	5	0	1	0	0.2	-0.2	1.0	1.0	1.0	tested_fisher_two_sided	5	5	0.0	0.0	0.0	-0.04	1.0	1.0	1.0	tested_exact_two_sided_rank_permutation	252	false	false	unknown	integration_unknown_viral_sequence	0	0
votu_c10843a06079fb2d3926	target_c4f5b210cb4ad24e1cfe	5	4	0	1	0	0.25	-0.25	0.4444444444444444	1.0	1.0	tested_fisher_two_sided	5	5	0.0	0.0	0.0	-0.4	0.4444444444444444	1.0	1.0	tested_exact_two_sided_rank_permutation	252	false	false	unknown	integration_unknown_viral_sequence	0	0
votu_c16b468870d2eee98258	target_783e8452d87c461b9d26	4	4	1	0	0.25	0	0.25	1.0	1.0	1.0	tested_fisher_two_sided	5	5	0.0010123330441876041	0.0	0.0010123330441876041	0.8	0.047619047619047616	1.0	1.0	tested_exact_two_sided_rank_permutation	252	false	true	false	provisional_metagenome_predicted_provirus	0	1
votu_c1cb11d6e6e764600c93	target_b296dbab1fdbdf89225d	2	2	0	2	0	1	-1				not_tested_fewer_than_3_evaluable_per_group	5	5	0.005664112776744798	0.023216619710085942	-0.017552506933341143	-0.24	0.5873015873015873	1.0	1.0	tested_exact_two_sided_rank_permutation	252	false	false	unknown	integration_unknown_viral_sequence	0	0
votu_c20b767710a487a68246	target_309ffe7e7251757a790b	5	5	1	0	0.2	0	0.2	1.0	1.0	1.0	tested_fisher_two_sided	5	5	0.0	0.0	0.0	0.2	0.7222222222222222	1.0	1.0	tested_exact_two_sided_rank_permutation	252	false	false	unknown	integration_unknown_viral_sequence	0	0
votu_c22953d7868d1281bb1b	target_38472451b7923b5737c2	5	5	0	1	0	0.2	-0.2	1.0	1.0	1.0	tested_fisher_two_sided	5	5	0.0	0.0	0.0	-0.28	0.4444444444444444	1.0	1.0	tested_exact_two_sided_rank_permutation	252	false	false	unknown	integration_unknown_viral_sequence	0	0
votu_c34aefa88b963bf61032	target_fa4cc17bb805b308370e	5	5	1	1	0.2	0.2	0.0	1.0	1.0	1.0	tested_fisher_two_sided	5	5	0.02179515335520005	0.0019368449291343511	0.0198583084260657	0.28	0.5079365079365079	1.0	1.0	tested_exact_two_sided_rank_permutation	252	false	false	unknown	integration_unknown_viral_sequence	0	0
votu_c3a10b9570faafacb200	target_4c3808b56a925ba1727d	5	5	1	0	0.2	0	0.2	1.0	1.0	1.0	tested_fisher_two_sided	5	5	0.007963511959578833	0.0	0.007963511959578833	0.8	0.047619047619047616	1.0	1.0	tested_exact_two_sided_rank_permutation	252	false	false	unknown	integration_unknown_viral_sequence	0	0
votu_c5261c16161d0fee1b64	target_b07bf5e9a26a78d9f21c	2	0	1	0	0.5						not_tested_fewer_than_3_evaluable_per_group	5	5	0.005599960445768023	0.013901789979485234	-0.00830182953371721	0.04	1.0	1.0	1.0	tested_exact_two_sided_rank_permutation	252	false	true	unknown	provisional_metagenome_predicted_provirus	0	1
votu_c52b0babc29c1847afe2	target_f22d0e27739242dee3fb	2	2	0	0	0	0	0				not_tested_fewer_than_3_evaluable_per_group	5	5	0.0	0.0007398547010873108	-0.0007398547010873108	-0.44	0.2857142857142857	1.0	1.0	tested_exact_two_sided_rank_permutation	252	true	false	unknown	provisional_reference_predicted_provirus_only	1	0
votu_c56c34f3ca3dd9154c44	target_ad4680e022b606611023	4	4	2	2	0.5	0.5	0.0	1.0	1.0	1.0	tested_fisher_two_sided	5	5	0.42689415076504467	0.193928330679063	0.23296582008598166	0.2	0.6904761904761905	1.0	1.0	tested_exact_two_sided_rank_permutation	252	false	true	unknown	provisional_metagenome_predicted_provirus	0	1
votu_c5a2f99a831ca65cae7c	target_3a541a834ac3123a2451	4	5	0	0	0	0	0	1.0	1.0	1.0	tested_fisher_two_sided	5	5	0.0	0.0	0.0	0.0	1.0	1.0	1.0	tested_all_values_equal_p1	252	true	false	unknown	provisional_reference_predicted_provirus_only	1	0
votu_c7206db26b8b5431732d	target_59dd840c7f2934f4f5a7	5	5	0	1	0	0.2	-0.2	1.0	1.0	1.0	tested_fisher_two_sided	5	5	0.0	0.0	0.0	-0.4	0.4444444444444444	1.0	1.0	tested_exact_two_sided_rank_permutation	252	false	false	unknown	integration_unknown_viral_sequence	0	0
votu_c7f4b3f3ed44fc3f9488	target_95094a699e7bf8a5fe4e	4	5	0	0	0	0	0	1.0	1.0	1.0	tested_fisher_two_sided	5	5	0.0	0.0	0.0	0.2	1.0	1.0	1.0	tested_exact_two_sided_rank_permutation	252	true	false	unknown	provisional_reference_predicted_provirus_only	2	0
votu_c8eeecd08a78b3d4f7be	target_074376ecd8a7b278b1be	0	0	0	0							not_tested_fewer_than_3_evaluable_per_group	5	5	0.0	0.0	0.0	0.0	1.0	1.0	1.0	tested_all_values_equal_p1	252	true	false	unknown	provisional_reference_predicted_provirus_only	2	0
votu_c9ba2fd9ef1a05abdaa2	target_d8da7bc652a41342a084	5	5	0	0	0	0	0	1.0	1.0	1.0	tested_fisher_two_sided	5	5	0.0	0.0	0.0	0.0	1.0	1.0	1.0	tested_all_values_equal_p1	252	false	false	unknown	integration_unknown_viral_sequence	0	0
votu_c9e82d333dcd51a2db26	target_41fd9194b3de19ccd653	2	1	0	0	0	0	0				not_tested_fewer_than_3_evaluable_per_group	5	5	0.0	0.0	0.0	0.2	1.0	1.0	1.0	tested_exact_two_sided_rank_permutation	252	true	false	unknown	provisional_reference_predicted_provirus_only	1	0
votu_ca715a490878f3289f5d	target_5a10cf5c9bd25550bd65	5	5	1	0	0.2	0	0.2	1.0	1.0	1.0	tested_fisher_two_sided	5	5	0.03921893415987609	0.029058137757011146	0.010160796402864943	0.28	0.5476190476190477	1.0	1.0	tested_exact_two_sided_rank_permutation	252	false	false	unknown	integration_unknown_viral_sequence	0	0
votu_cb939e9383d5cb7c7756	target_3ff6c12d91d559c89d89	5	5	0	1	0	0.2	-0.2	1.0	1.0	1.0	tested_fisher_two_sided	5	5	0.0	0.0	0.0	-0.2	1.0	1.0	1.0	tested_exact_two_sided_rank_permutation	252	false	false	unknown	integration_unknown_viral_sequence	0	0
votu_cc146ff7776e27a652d9	target_950f11cdff9f4aa898a2	5	5	0	1	0	0.2	-0.2	1.0	1.0	1.0	tested_fisher_two_sided	5	5	0.0	0.0	0.0	-0.2	1.0	1.0	1.0	tested_exact_two_sided_rank_permutation	252	false	false	unknown	integration_unknown_viral_sequence	0	0
votu_cc43c35851de75453d7d	target_e9445cdce98dfe54f037	5	5	0	1	0	0.2	-0.2	1.0	1.0	1.0	tested_fisher_two_sided	5	5	0.1450878826312339	0.012805048006795591	0.1322828346244383	0.44	0.30952380952380953	1.0	1.0	tested_exact_two_sided_rank_permutation	252	false	false	unknown	integration_unknown_viral_sequence	0	0
votu_cd571fcf2510fb3f5b10	target_17974c9b850ee74152d9	0	0	0	0							not_tested_fewer_than_3_evaluable_per_group	5	5	0.28617603699381605	0.6149132617028713	-0.32873722470905525	-0.2	0.6904761904761905	1.0	1.0	tested_exact_two_sided_rank_permutation	252	false	false	unknown	integration_unknown_viral_sequence	0	0
votu_cd5eefff466ce32e237c	target_11cdcd2e17a7017423ce	5	5	1	0	0.2	0	0.2	1.0	1.0	1.0	tested_fisher_two_sided	5	5	0.17134081316918703	0.06034022449403525	0.11100058867515178	0.2	0.6904761904761905	1.0	1.0	tested_exact_two_sided_rank_permutation	252	false	true	true	provisional_metagenome_provirus_with_caller_flank_markers	0	1
votu_ce3b58d107a945050ace	target_88327e74856a209380f2	3	5	0	0	0	0	0	1.0	1.0	1.0	tested_fisher_two_sided	5	5	0.0	0.0	0.0	0.0	1.0	1.0	1.0	tested_all_values_equal_p1	252	true	false	unknown	provisional_reference_predicted_provirus_only	1	0
votu_ce5fbe00272c04f275dc	target_3c648cf3553e64a56e27	4	5	0	0	0	0	0	1.0	1.0	1.0	tested_fisher_two_sided	5	5	0.0	0.0	0.0	0.0	1.0	1.0	1.0	tested_all_values_equal_p1	252	true	false	unknown	provisional_reference_predicted_provirus_only	1	0
votu_cefb9fe17bb2a1dff458	target_24be55ca111970586a89	5	5	0	1	0	0.2	-0.2	1.0	1.0	1.0	tested_fisher_two_sided	5	5	0.0	0.02731536373359001	-0.02731536373359001	-0.44	0.2857142857142857	1.0	1.0	tested_exact_two_sided_rank_permutation	252	false	false	unknown	integration_unknown_viral_sequence	0	0
votu_d014d89a7ff08092ac53	target_4b448ba527067b5a45fd	5	5	0	1	0	0.2	-0.2	1.0	1.0	1.0	tested_fisher_two_sided	5	5	0.0	0.0	0.0	-0.4	0.4444444444444444	1.0	1.0	tested_exact_two_sided_rank_permutation	252	false	true	false	provisional_metagenome_predicted_provirus	0	1
votu_d035903db15f19a5ed7f	target_39538ff60ad0c61cc45b	5	5	1	0	0.2	0	0.2	1.0	1.0	1.0	tested_fisher_two_sided	5	5	0.0	0.0	0.0	0.04	1.0	1.0	1.0	tested_exact_two_sided_rank_permutation	252	false	false	unknown	integration_unknown_viral_sequence	0	0
votu_d0697457c35d99d3ee5c	target_2d0833cff9f02ecea293	5	4	0	1	0	0.25	-0.25	0.4444444444444444	1.0	1.0	tested_fisher_two_sided	5	5	0.0	0.00924382375177576	-0.00924382375177576	-0.44	0.2857142857142857	1.0	1.0	tested_exact_two_sided_rank_permutation	252	false	true	true	provisional_metagenome_provirus_with_caller_flank_markers	0	1
votu_d0875a87d31edc9a8d40	target_fd883b3a385fd5596fec	3	3	0	0	0	0	0	1.0	1.0	1.0	tested_fisher_two_sided	5	5	0.0	0.0	0.0	0.0	1.0	1.0	1.0	tested_all_values_equal_p1	252	true	false	unknown	provisional_reference_predicted_provirus_only	1	0
votu_d0f984c9876a6e6c0f84	target_8a3814ae5b53317d50c8	5	5	0	0	0	0	0	1.0	1.0	1.0	tested_fisher_two_sided	5	5	0.0	0.0	0.0	0.0	1.0	1.0	1.0	tested_all_values_equal_p1	252	true	false	unknown	provisional_reference_predicted_provirus_only	1	0
votu_d18621f03798533b36c2	target_db0ec6c017e71bde36d0	2	4	1	0	0.5	0	0.5				not_tested_fewer_than_3_evaluable_per_group	5	5	0.0008565496120327659	0.0	0.0008565496120327659	0.6	0.12698412698412698	1.0	1.0	tested_exact_two_sided_rank_permutation	252	false	true	false	provisional_metagenome_predicted_provirus	0	1
votu_d1c8a5c53c5837b6a8c3	target_8b8bbece05a47c2b09f9	3	5	0	0	0	0	0	1.0	1.0	1.0	tested_fisher_two_sided	5	5	0.0	0.0	0.0	0.0	1.0	1.0	1.0	tested_all_values_equal_p1	252	true	false	unknown	provisional_reference_predicted_provirus_only	1	0
votu_d25109bb45fe46ce82eb	target_8e495eed18c8ba15655d	5	5	1	0	0.2	0	0.2	1.0	1.0	1.0	tested_fisher_two_sided	5	5	0.007601378343024077	0.0025769330837964923	0.0050244452592275845	0.28	0.5396825396825397	1.0	1.0	tested_exact_two_sided_rank_permutation	252	false	true	false	provisional_metagenome_predicted_provirus	0	1
votu_d38a4f710b946fe1c8e3	target_e5a9d6919ea24047077c	5	5	0	1	0	0.2	-0.2	1.0	1.0	1.0	tested_fisher_two_sided	5	5	0.0	0.0	0.0	-0.04	1.0	1.0	1.0	tested_exact_two_sided_rank_permutation	252	false	false	unknown	integration_unknown_viral_sequence	0	0
votu_d418275ecf510969d78a	target_da5da4063d2463cebee5	5	5	0	0	0	0	0	1.0	1.0	1.0	tested_fisher_two_sided	5	5	0.0	0.0	0.0	0.0	1.0	1.0	1.0	tested_all_values_equal_p1	252	true	false	unknown	provisional_reference_predicted_provirus_only	1	0
votu_d49b9410398233443dc7	target_6369a0e74d33f498393b	5	5	1	0	0.2	0	0.2	1.0	1.0	1.0	tested_fisher_two_sided	5	5	0.0026972083816519717	0.004612235084326247	-0.001915026702674275	0.04	0.9365079365079365	1.0	1.0	tested_exact_two_sided_rank_permutation	252	false	true	false	provisional_metagenome_predicted_provirus	0	1
votu_d4d8a64753cb8f7d252d	target_e74a5851baeb867abe0c	5	5	0	1	0	0.2	-0.2	1.0	1.0	1.0	tested_fisher_two_sided	5	5	0.0	0.00023710786975712658	-0.00023710786975712658	-0.36	0.40476190476190477	1.0	1.0	tested_exact_two_sided_rank_permutation	252	false	true	true	provisional_metagenome_provirus_with_caller_flank_markers	0	1
votu_d555819fb920edb26bf7	target_a4a1ff641277ce95e207	2	4	0	0	0	0	0				not_tested_fewer_than_3_evaluable_per_group	5	5	0.0	0.0	0.0	0.16	0.6825396825396826	1.0	1.0	tested_exact_two_sided_rank_permutation	252	false	true	true	provisional_metagenome_provirus_with_caller_flank_markers	0	1
votu_d5e8cf7142b7efa99219	target_9d2a51f753614a74bd54	4	5	1	1	0.25	0.2	0.04999999999999999	1.0	1.0	1.0	tested_fisher_two_sided	5	5	0.0077214712017748405	0.0014835713317991092	0.006237899869975731	0.2	0.6904761904761905	1.0	1.0	tested_exact_two_sided_rank_permutation	252	false	false	unknown	integration_unknown_viral_sequence	0	0
votu_d7725091a2a62f83471a	target_8c9219ab6877bbbfb4b2	5	5	1	0	0.2	0	0.2	1.0	1.0	1.0	tested_fisher_two_sided	5	5	0.0	0.0	0.0	0.4	0.4444444444444444	1.0	1.0	tested_exact_two_sided_rank_permutation	252	false	true	false	provisional_metagenome_predicted_provirus	0	1
votu_d7bf3bcf9aacd699aa89	target_df7481c1417f134a09a3	5	5	0	1	0	0.2	-0.2	1.0	1.0	1.0	tested_fisher_two_sided	5	5	0.002005046369678808	0.005920730487659698	-0.00391568411798089	-0.6	0.15079365079365079	1.0	1.0	tested_exact_two_sided_rank_permutation	252	false	true	false	provisional_metagenome_predicted_provirus	0	1
votu_d91c8fd3ea48e9e20345	target_4dc4537386c622558874	5	5	0	1	0	0.2	-0.2	1.0	1.0	1.0	tested_fisher_two_sided	5	5	0.0	0.0	0.0	0.0	1.0	1.0	1.0	tested_exact_two_sided_rank_permutation	252	false	false	unknown	integration_unknown_viral_sequence	0	0
votu_d960a98e96871672e342	target_7414847a2b55a0321b6e	0	0	0	0							not_tested_fewer_than_3_evaluable_per_group	5	5	0.0	0.0	0.0	0.0	1.0	1.0	1.0	tested_all_values_equal_p1	252	true	false	unknown	provisional_reference_predicted_provirus_only	1	0
votu_d998630c08dfee6c6843	target_6de6a31c40b396111fa3	5	5	2	2	0.4	0.4	0.0	1.0	1.0	1.0	tested_fisher_two_sided	5	5	0.08777625496512388	0.10161848532411434	-0.01384223035899046	0.2	0.6904761904761905	1.0	1.0	tested_exact_two_sided_rank_permutation	252	false	false	unknown	integration_unknown_viral_sequence	0	0
votu_da2d79f7520ef0caead5	target_e1e91d5637f3c125d2bd	3	1	1	0	0.3333333333333333	0	0.3333333333333333				not_tested_fewer_than_3_evaluable_per_group	5	5	0.0014900637852028901	0.0014796214365108014	1.0442348692088705e-05	0.28	0.5396825396825397	1.0	1.0	tested_exact_two_sided_rank_permutation	252	false	false	unknown	integration_unknown_viral_sequence	0	0
votu_da33c8a3da5fbf0a7ff9	target_2e392842cd456cae274f	0	3	0	0		0					not_tested_fewer_than_3_evaluable_per_group	5	5	0.08707024333750965	0.0009072650525980698	0.08616297828491158	0.36	0.38095238095238093	1.0	1.0	tested_exact_two_sided_rank_permutation	252	true	false	unknown	provisional_reference_predicted_provirus_only	2	0
votu_da5f095bd4d3e9294192	target_f8916edbea8a40e337fb	0	1	0	1		1					not_tested_fewer_than_3_evaluable_per_group	5	5	0.05186970374571556	0.015567306066891821	0.03630239767882374	0.04	1.0	1.0	1.0	tested_exact_two_sided_rank_permutation	252	false	true	false	provisional_metagenome_predicted_provirus	0	1
votu_da6bce2aca7df20bf0a8	target_3408cccc12498fbfdf2d	1	0	0	0	0						not_tested_fewer_than_3_evaluable_per_group	5	5	0.057889816066366596	0.06401641187269135	-0.006126595806324749	-0.28	0.5476190476190477	1.0	1.0	tested_exact_two_sided_rank_permutation	252	false	true	unknown	provisional_metagenome_predicted_provirus	0	1
votu_daa620346d218f8cf2ff	target_4d663303e3c84350180b	5	5	0	1	0	0.2	-0.2	1.0	1.0	1.0	tested_fisher_two_sided	5	5	0.0	0.0	0.0	-0.2	1.0	1.0	1.0	tested_exact_two_sided_rank_permutation	252	false	false	unknown	integration_unknown_viral_sequence	0	0
votu_db5be0029f3c3000b8d8	target_0abb3b386d0529c7debd	5	5	1	0	0.2	0	0.2	1.0	1.0	1.0	tested_fisher_two_sided	5	5	0.0024149491216332833	0.0	0.0024149491216332833	0.68	0.07142857142857142	1.0	1.0	tested_exact_two_sided_rank_permutation	252	false	false	unknown	integration_unknown_viral_sequence	0	0
votu_df33c1b407ff8281b82a	target_dd4d18fbfe658d98ba81	5	5	1	0	0.2	0	0.2	1.0	1.0	1.0	tested_fisher_two_sided	5	5	0.00036140676623425176	0.0	0.00036140676623425176	0.24	0.5555555555555556	1.0	1.0	tested_exact_two_sided_rank_permutation	252	false	false	unknown	integration_unknown_viral_sequence	0	0
votu_df62291fdf716f1abf4d	target_0ec1c1e056182b0cdd7d	3	4	0	1	0	0.25	-0.25	1.0	1.0	1.0	tested_fisher_two_sided	5	5	0.0010944541208825899	0.002243027824144997	-0.001148573703262407	-0.12	0.8253968253968254	1.0	1.0	tested_exact_two_sided_rank_permutation	252	false	false	unknown	integration_unknown_viral_sequence	0	0
votu_e058af0ce494d8c237ef	target_2c8a1c1013d3f484f035	5	5	0	1	0	0.2	-0.2	1.0	1.0	1.0	tested_fisher_two_sided	5	5	0.0	0.0010304571423706305	-0.0010304571423706305	-0.12	0.8412698412698413	1.0	1.0	tested_exact_two_sided_rank_permutation	252	false	true	false	provisional_metagenome_predicted_provirus	0	1
votu_e1b3266e7116ac1152ff	target_8d3a3bfe8b12c81a6510	2	5	0	0	0	0	0				not_tested_fewer_than_3_evaluable_per_group	5	5	0.0	0.0	0.0	0.4	0.4444444444444444	1.0	1.0	tested_exact_two_sided_rank_permutation	252	true	false	unknown	provisional_reference_predicted_provirus_only	1	0
votu_e2280024ba9142efa3b5	target_f3be1af765d7fc6348e4	5	5	0	0	0	0	0	1.0	1.0	1.0	tested_fisher_two_sided	5	5	0.0	0.0	0.0	0.0	1.0	1.0	1.0	tested_all_values_equal_p1	252	true	false	unknown	provisional_reference_predicted_provirus_only	1	0
votu_e2c3a4443eb65c973a18	target_da4a8173d9c6d59b55fa	2	2	0	0	0	0	0				not_tested_fewer_than_3_evaluable_per_group	5	5	0.0	0.0	0.0	0.0	1.0	1.0	1.0	tested_all_values_equal_p1	252	true	false	unknown	provisional_reference_predicted_provirus_only	1	0
votu_e38c8fbabe7174dd30ad	target_18abe46a43971c369859	4	2	0	0	0	0	0				not_tested_fewer_than_3_evaluable_per_group	5	5	0.006821003730973048	0.016784867321581392	-0.009963863590608343	-0.44	0.30952380952380953	1.0	1.0	tested_exact_two_sided_rank_permutation	252	false	false	unknown	integration_unknown_viral_sequence	0	0
votu_e3bb28530627da347f4a	target_0cdf525375bf283b66f5	5	5	0	1	0	0.2	-0.2	1.0	1.0	1.0	tested_fisher_two_sided	5	5	0.002116634072027204	0.005020641834858348	-0.0029040077628311443	-0.2	0.6507936507936508	1.0	1.0	tested_exact_two_sided_rank_permutation	252	false	true	false	provisional_metagenome_predicted_provirus	0	2
votu_e448bfb6db3309c54b7d	target_6a6c720c4d24611b1905	2	4	0	0	0	0	0				not_tested_fewer_than_3_evaluable_per_group	5	5	0.0	0.0	0.0	0.28	0.4444444444444444	1.0	1.0	tested_exact_two_sided_rank_permutation	252	false	false	unknown	integration_unknown_viral_sequence	0	0
votu_e498f9425d1a8c6de98d	target_cef91333cb9b4dcdc6ef	2	2	0	0	0	0	0				not_tested_fewer_than_3_evaluable_per_group	5	5	0.0	0.0	0.0	-0.4	0.4444444444444444	1.0	1.0	tested_exact_two_sided_rank_permutation	252	true	false	unknown	provisional_reference_predicted_provirus_only	1	0
votu_e53a6ec7242fb2550222	target_e421dd019e5e0ac6f588	5	4	0	1	0	0.25	-0.25	0.4444444444444444	1.0	1.0	tested_fisher_two_sided	5	5	0.0	0.0	0.0	-0.16	0.6825396825396826	1.0	1.0	tested_exact_two_sided_rank_permutation	252	false	true	false	provisional_metagenome_predicted_provirus	0	1
votu_e5fa97fd7941dae0791f	target_2b122efe48f71731d1ac	3	4	0	0	0	0	0	1.0	1.0	1.0	tested_fisher_two_sided	5	5	0.0	0.0	0.0	0.0	1.0	1.0	1.0	tested_all_values_equal_p1	252	true	false	unknown	provisional_reference_predicted_provirus_only	1	0
votu_e6b90e6596d66c95e6be	target_05568f814bb7341587db	2	0	1	0	0.5						not_tested_fewer_than_3_evaluable_per_group	5	5	0.014500462778788156	0.02043907835005044	-0.0059386155712622835	-0.12	0.8412698412698413	1.0	1.0	tested_exact_two_sided_rank_permutation	252	false	true	false	provisional_metagenome_predicted_provirus	0	1
votu_e76e5dbdac94e570f1f2	target_a941537154754690b158	0	2	0	1		0.5					not_tested_fewer_than_3_evaluable_per_group	5	5	0.02166616915525969	0.1257823500612112	-0.1041161809059515	-0.04	1.0	1.0	1.0	tested_exact_two_sided_rank_permutation	252	false	true	false	provisional_metagenome_predicted_provirus	0	1
votu_e8f042746fc9f15d73e7	target_11ee9374153bfab61d19	2	2	0	0	0	0	0				not_tested_fewer_than_3_evaluable_per_group	5	5	0.0	0.0	0.0	0.0	1.0	1.0	1.0	tested_all_values_equal_p1	252	true	false	unknown	provisional_reference_predicted_provirus_only	1	0
votu_e90d07081206d569e89f	target_bc49652cb1a5e7b733a6	2	5	0	0	0	0	0				not_tested_fewer_than_3_evaluable_per_group	5	5	0.0	0.0	0.0	0.0	1.0	1.0	1.0	tested_all_values_equal_p1	252	true	false	unknown	provisional_reference_predicted_provirus_only	2	0
votu_e9d99f2ffaad183a7db4	target_84ec75c001c705e6c379	4	4	0	3	0	0.75	-0.75	0.14285714285714285	1.0	1.0	tested_fisher_two_sided	5	5	0.013348137515945296	3.2659804802276993	-3.252632342711754	-0.84	0.031746031746031744	1.0	1.0	tested_exact_two_sided_rank_permutation	252	false	false	unknown	integration_unknown_viral_sequence	0	0
votu_ea4db8b809a9c25ffb80	target_f73c94c36acdaa66462f	3	5	0	2	0	0.4	-0.4	0.4642857142857143	1.0	1.0	tested_fisher_two_sided	5	5	0.21262970489490304	0.1899413186460396	0.022688386248863435	-0.04	1.0	1.0	1.0	tested_exact_two_sided_rank_permutation	252	false	false	unknown	integration_unknown_viral_sequence	0	0
votu_eaa783493ad7425f8bea	target_af341337376a9d0f6842	0	2	0	2		1					not_tested_fewer_than_3_evaluable_per_group	5	5	0.053004970871077015	1.0365486502349703	-0.9835436793638933	-0.92	0.015873015873015872	1.0	0.9384920634920635	tested_exact_two_sided_rank_permutation	252	false	true	unknown	provisional_metagenome_predicted_provirus	0	1
votu_eac01c06fce08ee4ab3b	target_db9a3826a02651a5d6b1	5	5	1	0	0.2	0	0.2	1.0	1.0	1.0	tested_fisher_two_sided	5	5	0.012954978434539195	0.0	0.012954978434539195	0.48	0.23809523809523808	1.0	1.0	tested_exact_two_sided_rank_permutation	252	false	false	unknown	integration_unknown_viral_sequence	0	0
votu_eb6c40e3bb78ea14d800	target_5841325ea4c2b75deb0f	2	2	0	0	0	0	0				not_tested_fewer_than_3_evaluable_per_group	5	5	0.0	0.009365565050968862	-0.009365565050968862	-0.6	0.16666666666666666	1.0	1.0	tested_exact_two_sided_rank_permutation	252	false	true	false	provisional_metagenome_predicted_provirus	0	1
votu_ebe809f76ff948d25f40	target_c0ade56d6c49d430eceb	5	5	0	1	0	0.2	-0.2	1.0	1.0	1.0	tested_fisher_two_sided	5	5	0.0	0.0	0.0	-0.4	0.4444444444444444	1.0	1.0	tested_exact_two_sided_rank_permutation	252	false	false	unknown	integration_unknown_viral_sequence	0	0
votu_ebfa1f386f9627e77577	target_0fe8b393d0698d5b8177	5	5	0	2	0	0.4	-0.4	0.4444444444444444	1.0	1.0	tested_fisher_two_sided	5	5	0.001749707167594668	0.01447033549733787	-0.012720628329743201	-0.68	0.09523809523809523	1.0	1.0	tested_exact_two_sided_rank_permutation	252	false	false	unknown	integration_unknown_viral_sequence	0	0
votu_ec01aa460aed31526832	target_ce44a0bb2c47a04a1550	4	5	1	0	0.25	0	0.25	0.4444444444444444	1.0	1.0	tested_fisher_two_sided	5	5	0.0	0.0	0.0	0.2	0.7222222222222222	1.0	1.0	tested_exact_two_sided_rank_permutation	252	false	false	unknown	integration_unknown_viral_sequence	0	0
votu_ec404ac305beca107ed2	target_25c80be4c5d2b4ab617d	0	0	0	0							not_tested_fewer_than_3_evaluable_per_group	5	5	0.08990189709275709	0.14274164816549093	-0.05283975107273384	0.04	1.0	1.0	1.0	tested_exact_two_sided_rank_permutation	252	false	false	unknown	integration_unknown_viral_sequence	0	0
votu_ec4278acbbdf984fd814	target_22300a27ffab294b13dc	4	5	0	0	0	0	0	1.0	1.0	1.0	tested_fisher_two_sided	5	5	0.0	0.0	0.0	0.0	1.0	1.0	1.0	tested_all_values_equal_p1	252	true	false	unknown	provisional_reference_predicted_provirus_only	1	0
votu_ec5a47efbfa27844ee34	target_5106899a7026e771c8bf	5	4	0	1	0	0.25	-0.25	0.4444444444444444	1.0	1.0	tested_fisher_two_sided	5	5	0.0	0.0	0.0	-0.2	1.0	1.0	1.0	tested_exact_two_sided_rank_permutation	252	false	false	unknown	integration_unknown_viral_sequence	0	0
votu_eca909b0488cbffa02e1	target_e65578e4ac5b774b0e1a	5	5	0	0	0	0	0	1.0	1.0	1.0	tested_fisher_two_sided	5	5	0.0	0.0	0.0	0.0	1.0	1.0	1.0	tested_all_values_equal_p1	252	true	false	unknown	provisional_reference_predicted_provirus_only	1	0
votu_ecc65434bd88927d108e	target_efc02c32a475ddb796b1	3	3	0	0	0	0	0	1.0	1.0	1.0	tested_fisher_two_sided	5	5	0.0	0.0	0.0	0.0	1.0	1.0	1.0	tested_all_values_equal_p1	252	true	false	unknown	provisional_reference_predicted_provirus_only	1	0
votu_ed053d4946e20bfefb0d	target_98b52162c4f9ab6fb46b	5	4	0	1	0	0.25	-0.25	0.4444444444444444	1.0	1.0	tested_fisher_two_sided	5	5	0.0	0.0	0.0	-0.4	0.4444444444444444	1.0	1.0	tested_exact_two_sided_rank_permutation	252	false	false	unknown	integration_unknown_viral_sequence	0	0
votu_ed5bd4f85b7d6f3625df	target_95646b2a7ed43af060e8	5	5	1	1	0.2	0.2	0.0	1.0	1.0	1.0	tested_fisher_two_sided	5	5	0.10866058019465778	0.15988138600791915	-0.05122080581326137	-0.12	0.8412698412698413	1.0	1.0	tested_exact_two_sided_rank_permutation	252	false	false	unknown	integration_unknown_viral_sequence	0	0
votu_ede1be9c18da9e204b83	target_046b1c6d1f1f1e3517ad	3	5	1	0	0.3333333333333333	0	0.3333333333333333	0.375	1.0	1.0	tested_fisher_two_sided	5	5	0.27144620160348876	0.08144001248826219	0.19000618911522657	0.2	0.6904761904761905	1.0	1.0	tested_exact_two_sided_rank_permutation	252	false	true	false	provisional_metagenome_predicted_provirus	0	1
votu_ee0d0a9bb5e5a1d6a786	target_15a6c5762fd8ac7731c0	4	2	0	1	0	0.5	-0.5				not_tested_fewer_than_3_evaluable_per_group	5	5	0.0	0.002382797753366395	-0.002382797753366395	-0.36	0.40476190476190477	1.0	1.0	tested_exact_two_sided_rank_permutation	252	false	false	unknown	integration_unknown_viral_sequence	0	0
votu_ee18336a0216376a4f45	target_682c556a904e9a8e071d	5	5	0	2	0	0.4	-0.4	0.4444444444444444	1.0	1.0	tested_fisher_two_sided	5	5	0.012017744059457602	0.006956885727021352	0.00506085833243625	-0.12	0.8412698412698413	1.0	1.0	tested_exact_two_sided_rank_permutation	252	false	false	unknown	integration_unknown_viral_sequence	0	0
votu_ee355aa61b27d20ea157	target_3ee07493cb8444dda086	2	3	2	0	1	0	1				not_tested_fewer_than_3_evaluable_per_group	5	5	0.19998820728755526	0.004384383655038213	0.19560382363251705	0.48	0.23809523809523808	1.0	1.0	tested_exact_two_sided_rank_permutation	252	false	true	unknown	provisional_metagenome_predicted_provirus	0	1
votu_eecc35eed6d6d3b1dbd9	target_36566f966a2e40fa09cb	5	5	0	0	0	0	0	1.0	1.0	1.0	tested_fisher_two_sided	5	5	0.0	0.0	0.0	0.0	1.0	1.0	1.0	tested_all_values_equal_p1	252	false	false	unknown	integration_unknown_viral_sequence	0	0
votu_ef2d32aa968f8d0ac860	target_f8253f1929a2fa9c1a58	5	5	1	0	0.2	0	0.2	1.0	1.0	1.0	tested_fisher_two_sided	5	5	0.1417076652512156	0.002063280323624427	0.13964438492759115	0.6	0.15079365079365079	1.0	1.0	tested_exact_two_sided_rank_permutation	252	false	true	false	provisional_metagenome_predicted_provirus	0	1
votu_ef9f246435aabeba5165	target_5f1376adec9335b2e7b2	2	1	0	1	0	1	-1				not_tested_fewer_than_3_evaluable_per_group	5	5	0.0031053846612364776	0.04657295829505706	-0.04346757363382058	-0.6	0.14285714285714285	1.0	1.0	tested_exact_two_sided_rank_permutation	252	false	false	unknown	integration_unknown_viral_sequence	0	0
votu_f03732ee693f5d71d584	target_0a85e4626ad11ab64e4f	4	5	1	0	0.25	0	0.25	0.4444444444444444	1.0	1.0	tested_fisher_two_sided	5	5	0.0008791392998213049	0.0	0.0008791392998213049	0.28	0.5238095238095238	1.0	1.0	tested_exact_two_sided_rank_permutation	252	false	true	true	provisional_metagenome_provirus_with_caller_flank_markers	0	1
votu_f07f8875ec47205cfd29	target_b62b08aa10d7f57a1ae2	5	5	1	0	0.2	0	0.2	1.0	1.0	1.0	tested_fisher_two_sided	5	5	0.0	0.0	0.0	0.04	1.0	1.0	1.0	tested_exact_two_sided_rank_permutation	252	false	false	unknown	integration_unknown_viral_sequence	0	0
votu_f0f713a90add73ebf833	target_2728f778496025b91311	5	5	0	1	0	0.2	-0.2	1.0	1.0	1.0	tested_fisher_two_sided	5	5	0.01672098070057928	0.2723461053083771	-0.25562512460779785	-0.44	0.30952380952380953	1.0	1.0	tested_exact_two_sided_rank_permutation	252	false	true	false	provisional_metagenome_predicted_provirus	0	1
votu_f258ad322815110526f1	target_ce7b0317e90c1be23f28	5	5	1	1	0.2	0.2	0.0	1.0	1.0	1.0	tested_fisher_two_sided	5	5	0.0012249000413115507	0.0	0.0012249000413115507	0.36	0.40476190476190477	1.0	1.0	tested_exact_two_sided_rank_permutation	252	false	true	unknown	provisional_metagenome_predicted_provirus	0	1
votu_f2a6cf1364230b9cdf25	target_9eb5eaf9e9d41a195af3	5	3	1	0	0.2	0	0.2	1.0	1.0	1.0	tested_fisher_two_sided	5	5	0.03257496860294849	0.03726653808859463	-0.004691569485646141	-0.2	0.6904761904761905	1.0	1.0	tested_exact_two_sided_rank_permutation	252	false	false	unknown	integration_unknown_viral_sequence	0	0
votu_f2e35c4bd772b7de894b	target_4c3abc55e95806f894fb	4	5	0	0	0	0	0	1.0	1.0	1.0	tested_fisher_two_sided	5	5	0.0	0.0	0.0	0.0	1.0	1.0	1.0	tested_all_values_equal_p1	252	true	false	unknown	provisional_reference_predicted_provirus_only	2	0
votu_f302c20067b479aa23d0	target_8ea621d86d320ededbc9	5	5	0	1	0	0.2	-0.2	1.0	1.0	1.0	tested_fisher_two_sided	5	5	0.0	0.0	0.0	-0.2	1.0	1.0	1.0	tested_exact_two_sided_rank_permutation	252	false	true	true	provisional_metagenome_provirus_with_caller_flank_markers	0	1
votu_f336ae5086066a73a2d0	target_9e0ef13bb383744f1943	5	5	3	3	0.6	0.6	0.0	1.0	1.0	1.0	tested_fisher_two_sided	5	5	0.3554735053478214	3.267558853076201	-2.9120853477283797	-0.04	1.0	1.0	1.0	tested_exact_two_sided_rank_permutation	252	false	false	unknown	integration_unknown_viral_sequence	0	0
votu_f38bd1ce9594ca6426d4	target_b60f7de137363309858a	5	5	0	1	0	0.2	-0.2	1.0	1.0	1.0	tested_fisher_two_sided	5	5	0.0	0.0	0.0	-0.08	0.8412698412698413	1.0	1.0	tested_exact_two_sided_rank_permutation	252	false	false	unknown	integration_unknown_viral_sequence	0	0
votu_f47c442ebb0c5d5062e8	target_0fe3840feef13450dd0e	0	0	0	0							not_tested_fewer_than_3_evaluable_per_group	5	5	0.0	0.0	0.0	0.04	1.0	1.0	1.0	tested_exact_two_sided_rank_permutation	252	true	false	unknown	provisional_reference_predicted_provirus_only	1	0
votu_f4e436972332597c4c13	target_1d3e70dba9611c77185b	5	5	2	4	0.4	0.8	-0.4	0.5238095238095238	1.0	1.0	tested_fisher_two_sided	5	5	0.1668918250747005	1.7141411388763366	-1.547249313801636	-0.36	0.42063492063492064	1.0	1.0	tested_exact_two_sided_rank_permutation	252	false	true	false	provisional_metagenome_predicted_provirus	0	1
votu_f63eb80bdad26ca19001	target_782d643873ce395f5ef9	1	1	0	1	0	1	-1				not_tested_fewer_than_3_evaluable_per_group	5	5	0.0	0.0059544602424545425	-0.0059544602424545425	-0.36	0.36507936507936506	1.0	1.0	tested_exact_two_sided_rank_permutation	252	false	true	false	provisional_metagenome_predicted_provirus	0	1
votu_f65696e080f2eaea3d4a	target_dd1fb39b3deb943ca2f7	2	3	0	1	0	0.3333333333333333	-0.3333333333333333				not_tested_fewer_than_3_evaluable_per_group	5	5	0.0	0.0	0.0	-0.08	0.8412698412698413	1.0	1.0	tested_exact_two_sided_rank_permutation	252	false	false	unknown	integration_unknown_viral_sequence	0	0
votu_f719fff3975425b6fff9	target_8689cd4efe3f768964c0	5	5	0	1	0	0.2	-0.2	1.0	1.0	1.0	tested_fisher_two_sided	5	5	0.0022415009433933678	0.0011398323457400999	0.001101668597653268	-0.04	1.0	1.0	1.0	tested_exact_two_sided_rank_permutation	252	false	false	unknown	integration_unknown_viral_sequence	0	0
votu_f7510efb8475f13c244d	target_d0ad2f62197d28ac6f93	5	5	1	0	0.2	0	0.2	1.0	1.0	1.0	tested_fisher_two_sided	5	5	0.0	0.0	0.0	-0.12	1.0	1.0	1.0	tested_exact_two_sided_rank_permutation	252	false	true	true	provisional_metagenome_provirus_with_caller_flank_markers	0	1
votu_f824b9f655f2de3299cf	target_93c4c63287c28ed308ce	2	2	0	1	0	0.5	-0.5				not_tested_fewer_than_3_evaluable_per_group	5	5	0.004529707959723705	0.013870639458083926	-0.009340931498360221	-0.12	0.8333333333333334	1.0	1.0	tested_exact_two_sided_rank_permutation	252	false	false	unknown	integration_unknown_viral_sequence	0	0
votu_f9bb7b4c17ed74fd6502	target_4dc23807011644aab1a5	1	1	0	0	0	0	0				not_tested_fewer_than_3_evaluable_per_group	5	5	0.0	0.0	0.0	0.0	1.0	1.0	1.0	tested_all_values_equal_p1	252	true	false	unknown	provisional_reference_predicted_provirus_only	1	0
votu_fbf61553c9b2711a4954	target_713faec175641d5d7a2a	5	5	2	0	0.4	0	0.4	0.4444444444444444	1.0	1.0	tested_fisher_two_sided	5	5	0.023559669486007517	0.0	0.023559669486007517	0.44	0.2857142857142857	1.0	1.0	tested_exact_two_sided_rank_permutation	252	false	false	unknown	integration_unknown_viral_sequence	0	0
votu_fc194411c84d0b8c685b	target_f5c9e4a8e12afdf344fa	2	2	0	0	0	0	0				not_tested_fewer_than_3_evaluable_per_group	5	5	0.0	0.0010659019726467333	-0.0010659019726467333	-0.36	0.36507936507936506	1.0	1.0	tested_exact_two_sided_rank_permutation	252	false	false	unknown	integration_unknown_viral_sequence	0	0
votu_fd2e0c2eb8316cc02610	target_6b89e50e09fd05fd2e29	1	2	0	1	0	0.5	-0.5				not_tested_fewer_than_3_evaluable_per_group	5	5	0.002559052116064034	0.10869437853871317	-0.10613532642264913	-0.36	0.38095238095238093	1.0	1.0	tested_exact_two_sided_rank_permutation	252	false	false	unknown	integration_unknown_viral_sequence	0	0
votu_fe453a3cdc620f051a3d	target_af860c4d3f64bd11f09a	5	5	0	1	0	0.2	-0.2	1.0	1.0	1.0	tested_fisher_two_sided	5	5	0.0	0.0	0.0	-0.28	0.4444444444444444	1.0	1.0	tested_exact_two_sided_rank_permutation	252	false	true	false	provisional_metagenome_predicted_provirus	0	1
votu_ff0e7fa8119cedb2c8de	target_76658f0eb7f00e1e1ba7	5	5	2	0	0.4	0	0.4	0.4444444444444444	1.0	1.0	tested_fisher_two_sided	5	5	0.16756434180789137	0.0025253316060898892	0.16503901020180148	0.76	0.05555555555555555	1.0	1.0	tested_exact_two_sided_rank_permutation	252	false	true	true	provisional_metagenome_provirus_with_caller_flank_markers	0	2
votu_ff3b1d96a0736ee85771	target_582a36fdd515d8dff9bb	5	5	0	1	0	0.2	-0.2	1.0	1.0	1.0	tested_fisher_two_sided	5	5	0.020470297415901714	0.10022465776282849	-0.07975436034692678	-0.92	0.015873015873015872	1.0	0.9384920634920635	tested_exact_two_sided_rank_permutation	252	false	true	false	provisional_metagenome_predicted_provirus	0	1
votu_ffa0f28f29f980c4e525	target_b82c37fd98280808a663	4	5	0	0	0	0	0	1.0	1.0	1.0	tested_fisher_two_sided	5	5	0.0	0.0	0.0	0.0	1.0	1.0	1.0	tested_all_values_equal_p1	252	true	false	unknown	provisional_reference_predicted_provirus_only	1	0
