candidate_id	genome_id	source_host_genome	genome_namespace	contig_id	original_contig_id	candidate_type	start0	end0	strand	caller_strand	length	contig_length	touches_contig_start	touches_contig_end	boundary_version	parent_candidate_id	sequence_sha256	caller_sequence_sha256	caller	caller_seq_name	caller_topology	caller_coordinates	virus_score	fdr	n_genes	n_hallmarks	marker_enrichment	genetic_code	taxonomy	viral_identity_confidence	integration_evidence	boundary_confidence	genome_qc_status	checkv_contig_length	checkv_provirus	checkv_proviral_length	checkv_gene_count	checkv_viral_genes	checkv_host_genes	checkv_quality	checkv_miuvig_quality	checkv_completeness	checkv_completeness_method	checkv_contamination	checkv_kmer_freq	checkv_warnings	completeness	completeness_method	contamination	checkv_status
ph_gb384dbe3d68acd93885c_03687fdfa9627125da681c558f8eca8c	GCA_051912815.1	GCA_051912815.1	gb384dbe3d68acd93885c	gb384dbe3d68acd93885c_c337e5ba665fac7720a82e87f	JBMKKS010002160.1	full_contig_virus	0	426	+	+	426	426	true	true	genomad_raw_v1		191f7ee906c9f75dac637be8b84319644c2cdaa16cd550dd9b7984c37b3c0117	191f7ee906c9f75dac637be8b84319644c2cdaa16cd550dd9b7984c37b3c0117	geNomad	gb384dbe3d68acd93885c_c337e5ba665fac7720a82e87f	No terminal repeats	NA	0.9406	NA	1	1	1.7183	11	Viruses;Duplodnaviria;Heunggongvirae;Uroviricota;Caudoviricetes;;	geNomad_predicted_score_reported	unknown	full_contig_extent_integration_unknown	not_assessed	426	No	NA	1	0	0	Low-quality	Genome-fragment	1.01	AAI-based (high-confidence)	0.0	1.0	no viral genes detected	1.01	AAI-based (high-confidence)	0.0	completed
ph_gb384dbe3d68acd93885c_06059c45e43d7ad416e227037dccfb7f	GCA_051912815.1	GCA_051912815.1	gb384dbe3d68acd93885c	gb384dbe3d68acd93885c_c9d1a501554eeda333f5cc64b	JBMKKS010003312.1	full_contig_virus	0	1425	+	+	1425	1425	true	true	genomad_raw_v1		83ea1bf763f1fada05c6597a828b46d359e8c6284f1768e258224027ec2561b1	83ea1bf763f1fada05c6597a828b46d359e8c6284f1768e258224027ec2561b1	geNomad	gb384dbe3d68acd93885c_c9d1a501554eeda333f5cc64b	No terminal repeats	NA	0.9021	NA	1	1	1.7162	11	Viruses;Duplodnaviria;Heunggongvirae;Uroviricota;Caudoviricetes;;	geNomad_predicted_score_reported	unknown	full_contig_extent_integration_unknown	not_assessed	1425	No	NA	1	1	0	Low-quality	Genome-fragment	2.48	AAI-based (high-confidence)	0.0	1.0		2.48	AAI-based (high-confidence)	0.0	completed
ph_gb384dbe3d68acd93885c_0a5fc07c675b8076e012c5ae7ca549a8	GCA_051912815.1	GCA_051912815.1	gb384dbe3d68acd93885c	gb384dbe3d68acd93885c_c443a0f758c75c0622c052629	JBMKKS010003285.1	full_contig_virus	0	4839	+	+	4839	4839	true	true	genomad_raw_v1		be647d472b1799c15bd50bc0bae17b85c961c754bb9c2c5aa6e9e8a95d59a105	be647d472b1799c15bd50bc0bae17b85c961c754bb9c2c5aa6e9e8a95d59a105	geNomad	gb384dbe3d68acd93885c_c443a0f758c75c0622c052629	No terminal repeats	NA	0.9088	NA	1	1	1.1306	11	Viruses;Duplodnaviria;Heunggongvirae;Uroviricota;Caudoviricetes;;	geNomad_predicted_score_reported	unknown	full_contig_extent_integration_unknown	not_assessed	4839	No	NA	1	1	0	Low-quality	Genome-fragment	8.54	AAI-based (high-confidence)	0.0	1.0		8.54	AAI-based (high-confidence)	0.0	completed
ph_gb384dbe3d68acd93885c_122e365a1617f40df2f5fa117bcb589b	GCA_051912815.1	GCA_051912815.1	gb384dbe3d68acd93885c	gb384dbe3d68acd93885c_cdaa72fc9ad4960aa5ea7fed4	JBMKKS010002054.1	full_contig_virus	0	309	+	+	309	309	true	true	genomad_raw_v1		765bb70c0bd187619a429c6c7d677c55f67d327c6e5897431836a468c977ce92	765bb70c0bd187619a429c6c7d677c55f67d327c6e5897431836a468c977ce92	geNomad	gb384dbe3d68acd93885c_cdaa72fc9ad4960aa5ea7fed4	No terminal repeats	NA	0.7600	NA	1	1	0.7382	11	Viruses;Duplodnaviria;Heunggongvirae;Uroviricota;Caudoviricetes;;	geNomad_predicted_score_reported	unknown	full_contig_extent_integration_unknown	not_assessed	309	No	NA	1	0	0	Low-quality	Genome-fragment	0.66	AAI-based (high-confidence)	0.0	1.0	no viral genes detected	0.66	AAI-based (high-confidence)	0.0	completed
ph_gb384dbe3d68acd93885c_1bb18e32bd6391fafc350c0ccf127eae	GCA_051912815.1	GCA_051912815.1	gb384dbe3d68acd93885c	gb384dbe3d68acd93885c_c11ef673598af98c42f61a2d6	JBMKKS010003313.1	full_contig_virus	0	1398	+	+	1398	1398	true	true	genomad_raw_v1		555eff99b918e92ad8278f097942f7a23b67ee9974cdc1e230746c323d7d1281	555eff99b918e92ad8278f097942f7a23b67ee9974cdc1e230746c323d7d1281	geNomad	gb384dbe3d68acd93885c_c11ef673598af98c42f61a2d6	No terminal repeats	NA	0.9163	NA	1	1	1.0946	11	Viruses;Duplodnaviria;Heunggongvirae;Uroviricota;Caudoviricetes;;	geNomad_predicted_score_reported	unknown	full_contig_extent_integration_unknown	not_assessed	1398	No	NA	1	1	0	Low-quality	Genome-fragment	2.5	AAI-based (high-confidence)	0.0	1.0		2.5	AAI-based (high-confidence)	0.0	completed
ph_gb384dbe3d68acd93885c_1da766f0bad0901288f7c43b8f6503c4	GCA_051912815.1	GCA_051912815.1	gb384dbe3d68acd93885c	gb384dbe3d68acd93885c_c38059c117e3f7dffd5e337e5	JBMKKS010003979.1	full_contig_virus	0	1365	+	+	1365	1365	true	true	genomad_raw_v1		3dc34e27cefe03e20e97308a14fdf130c21350c4bcef1f9315e87c4a5ada3fc2	3dc34e27cefe03e20e97308a14fdf130c21350c4bcef1f9315e87c4a5ada3fc2	geNomad	gb384dbe3d68acd93885c_c38059c117e3f7dffd5e337e5	No terminal repeats	NA	0.7682	NA	1	1	1.3307	11	Viruses;Duplodnaviria;Heunggongvirae;Uroviricota;Caudoviricetes;;	geNomad_predicted_score_reported	unknown	full_contig_extent_integration_unknown	not_assessed	1365	No	NA	1	0	0	Not-determined	Genome-fragment	NA	NA	0.0	1.0	no viral genes detected	unknown	unknown	0.0	completed
ph_gb384dbe3d68acd93885c_1fa8f4b0c67232861bfc65c82e53046e	GCA_051912815.1	GCA_051912815.1	gb384dbe3d68acd93885c	gb384dbe3d68acd93885c_cf7b780a6a406dfe734de17fd	JBMKKS010002144.1	full_contig_virus	0	2040	+	+	2040	2040	true	true	genomad_raw_v1		2f5d85003b7132872753f16ca512732431666d1b7f858172e66ca9427bd5f02f	2f5d85003b7132872753f16ca512732431666d1b7f858172e66ca9427bd5f02f	geNomad	gb384dbe3d68acd93885c_cf7b780a6a406dfe734de17fd	No terminal repeats	NA	0.9278	NA	1	1	1.7158	11	Viruses;Duplodnaviria;Heunggongvirae;Uroviricota;Caudoviricetes;;	geNomad_predicted_score_reported	unknown	full_contig_extent_integration_unknown	not_assessed	2040	No	NA	1	0	0	Low-quality	Genome-fragment	4.76	AAI-based (high-confidence)	0.0	1.0	no viral genes detected	4.76	AAI-based (high-confidence)	0.0	completed
ph_gb384dbe3d68acd93885c_2ce8acbe8ea3b6ca0174a90db1701b95	GCA_051912815.1	GCA_051912815.1	gb384dbe3d68acd93885c	gb384dbe3d68acd93885c_caada46dfd457a9d394c46b7e	JBMKKS010002172.1	full_contig_virus	0	3738	+	+	3738	3738	true	true	genomad_raw_v1		307deb5a279232266cf072e3b40d63bf88c45a275ec81c2f5edfbccb8fb474e7	307deb5a279232266cf072e3b40d63bf88c45a275ec81c2f5edfbccb8fb474e7	geNomad	gb384dbe3d68acd93885c_caada46dfd457a9d394c46b7e	No terminal repeats	NA	0.8686	NA	1	0	1.7183	11	Viruses;Duplodnaviria;Heunggongvirae;Uroviricota;Caudoviricetes;;	geNomad_predicted_score_reported	unknown	full_contig_extent_integration_unknown	not_assessed	3738	No	NA	1	0	1	Low-quality	Genome-fragment	8.73	AAI-based (high-confidence)	0.0	1.0	no viral genes detected	8.73	AAI-based (high-confidence)	0.0	completed
ph_gb384dbe3d68acd93885c_31e5aa72ac777ac3b1b7011d6c582d60	GCA_051912815.1	GCA_051912815.1	gb384dbe3d68acd93885c	gb384dbe3d68acd93885c_c4cf9cba1c1a2aa5293cca321	JBMKKS010003365.1	full_contig_virus	0	2835	+	+	2835	2835	true	true	genomad_raw_v1		4da8ad3332aebb9085d19c074351418b3f6c1271018ef5f5ddd8c71924c454cc	4da8ad3332aebb9085d19c074351418b3f6c1271018ef5f5ddd8c71924c454cc	geNomad	gb384dbe3d68acd93885c_c4cf9cba1c1a2aa5293cca321	No terminal repeats	NA	0.7547	NA	1	0	0.0000	11	Unclassified	geNomad_predicted_score_reported	unknown	full_contig_extent_integration_unknown	not_assessed	2835	No	NA	1	0	1	Not-determined	Genome-fragment	NA	NA	0.0	1.0	no viral genes detected	unknown	unknown	0.0	completed
ph_gb384dbe3d68acd93885c_32d4f31e31ab2c1f76e57a87ec03bef2	GCA_051912815.1	GCA_051912815.1	gb384dbe3d68acd93885c	gb384dbe3d68acd93885c_c434934733f8ca3d032324c7c	JBMKKS010000997.1	full_contig_virus	0	1164	+	+	1164	1164	true	true	genomad_raw_v1		2855a9408d0ee4e99fc0424521dcf86a5a80d019afb521009bf08e62de79de09	2855a9408d0ee4e99fc0424521dcf86a5a80d019afb521009bf08e62de79de09	geNomad	gb384dbe3d68acd93885c_c434934733f8ca3d032324c7c	No terminal repeats	NA	0.9511	NA	1	1	1.7183	11	Viruses;Duplodnaviria;Heunggongvirae;Uroviricota;Caudoviricetes;;	geNomad_predicted_score_reported	unknown	full_contig_extent_integration_unknown	not_assessed	1164	No	NA	1	0	1	Not-determined	Genome-fragment	NA	NA	0.0	1.0	no viral genes detected	unknown	unknown	0.0	completed
ph_gb384dbe3d68acd93885c_38ca283392ea4a58988140750f491f0e	GCA_051912815.1	GCA_051912815.1	gb384dbe3d68acd93885c	gb384dbe3d68acd93885c_cfb46b38c02969972f470cf7f	JBMKKS010001946.1	full_contig_virus	0	648	+	+	648	648	true	true	genomad_raw_v1		747a0193cb350f66abd79c22af32cdcae6d7c6dc9acf32e8dceb543f5bf2da2c	747a0193cb350f66abd79c22af32cdcae6d7c6dc9acf32e8dceb543f5bf2da2c	geNomad	gb384dbe3d68acd93885c_cfb46b38c02969972f470cf7f	No terminal repeats	NA	0.9154	NA	1	1	1.7183	11	Viruses;Duplodnaviria;Heunggongvirae;Uroviricota;Caudoviricetes;;	geNomad_predicted_score_reported	unknown	full_contig_extent_integration_unknown	not_assessed	648	No	NA	1	0	0	Low-quality	Genome-fragment	1.13	AAI-based (high-confidence)	0.0	1.0	no viral genes detected	1.13	AAI-based (high-confidence)	0.0	completed
ph_gb384dbe3d68acd93885c_3cc609624bf6f4db9058b7d45637f740	GCA_051912815.1	GCA_051912815.1	gb384dbe3d68acd93885c	gb384dbe3d68acd93885c_c146dae8e0d4d82b760ad9e2e	JBMKKS010002869.1	full_contig_virus	0	2589	+	+	2589	2589	true	true	genomad_raw_v1		26cfed0572c50585ec0471b86b41ebf94a2b6a238452bbdebfd5bbb4e4d3bc13	26cfed0572c50585ec0471b86b41ebf94a2b6a238452bbdebfd5bbb4e4d3bc13	geNomad	gb384dbe3d68acd93885c_c146dae8e0d4d82b760ad9e2e	No terminal repeats	NA	0.9497	NA	1	0	1.7183	11	Viruses;Duplodnaviria;Heunggongvirae;Uroviricota;Caudoviricetes;;	geNomad_predicted_score_reported	unknown	full_contig_extent_integration_unknown	not_assessed	2589	No	NA	1	0	1	Low-quality	Genome-fragment	0.8	AAI-based (medium-confidence)	0.0	1.0	no viral genes detected	0.8	AAI-based (medium-confidence)	0.0	completed
ph_gb384dbe3d68acd93885c_3cde279d0f421053d97a316b11b15b1d	GCA_051912815.1	GCA_051912815.1	gb384dbe3d68acd93885c	gb384dbe3d68acd93885c_c0ab12492107cf89c8736a582	JBMKKS010003280.1	full_contig_virus	0	1041	+	+	1041	1041	true	true	genomad_raw_v1		ca477e5e2856917304071a1593b6a09b620e88a5135198f02401aa4c2eb4b572	ca477e5e2856917304071a1593b6a09b620e88a5135198f02401aa4c2eb4b572	geNomad	gb384dbe3d68acd93885c_c0ab12492107cf89c8736a582	No terminal repeats	NA	0.7657	NA	1	1	1.3160	11	Viruses;Duplodnaviria;Heunggongvirae;Uroviricota;Caudoviricetes;;	geNomad_predicted_score_reported	unknown	full_contig_extent_integration_unknown	not_assessed	1041	No	NA	1	0	0	Low-quality	Genome-fragment	1.0	AAI-based (high-confidence)	0.0	1.0	no viral genes detected	1.0	AAI-based (high-confidence)	0.0	completed
ph_gb384dbe3d68acd93885c_4383f7040cc12c685623371893c797b9	GCA_051912815.1	GCA_051912815.1	gb384dbe3d68acd93885c	gb384dbe3d68acd93885c_c07ff74cad17bd6cf1391c162	JBMKKS010002156.1	full_contig_virus	0	633	+	+	633	633	true	true	genomad_raw_v1		9b552760661fd4d7e4eabd672313475ca4c752c66926896a9fb8f9fa0a57446f	9b552760661fd4d7e4eabd672313475ca4c752c66926896a9fb8f9fa0a57446f	geNomad	gb384dbe3d68acd93885c_c07ff74cad17bd6cf1391c162	No terminal repeats	NA	0.8693	NA	1	1	1.7158	11	Viruses;Duplodnaviria;Heunggongvirae;Uroviricota;Caudoviricetes;;	geNomad_predicted_score_reported	unknown	full_contig_extent_integration_unknown	not_assessed	633	No	NA	1	0	0	Low-quality	Genome-fragment	1.48	AAI-based (high-confidence)	0.0	1.0	no viral genes detected	1.48	AAI-based (high-confidence)	0.0	completed
ph_gb384dbe3d68acd93885c_43a9b16c3410d3e1014246aa6c2db44e	GCA_051912815.1	GCA_051912815.1	gb384dbe3d68acd93885c	gb384dbe3d68acd93885c_c10f8f4152ae36ba6f78d68a2	JBMKKS010001961.1	full_contig_virus	0	1425	+	+	1425	1425	true	true	genomad_raw_v1		4328a56ac5b1de3a79b825e652c21aa711a1340b5b68878c2ae71578f208db8a	4328a56ac5b1de3a79b825e652c21aa711a1340b5b68878c2ae71578f208db8a	geNomad	gb384dbe3d68acd93885c_c10f8f4152ae36ba6f78d68a2	No terminal repeats	NA	0.9190	NA	1	1	1.7162	11	Viruses;Duplodnaviria;Heunggongvirae;Uroviricota;Caudoviricetes;;	geNomad_predicted_score_reported	unknown	full_contig_extent_integration_unknown	not_assessed	1425	No	NA	1	1	0	Low-quality	Genome-fragment	2.48	AAI-based (high-confidence)	0.0	1.0		2.48	AAI-based (high-confidence)	0.0	completed
ph_gb384dbe3d68acd93885c_4a0b4988bc31accb590cdc43af90f153	GCA_051912815.1	GCA_051912815.1	gb384dbe3d68acd93885c	gb384dbe3d68acd93885c_ccd097ab4df53fe049e3c5531	JBMKKS010001580.1	full_contig_virus	0	669	+	+	669	669	true	true	genomad_raw_v1		11396a2a9f4270aff2f66f179637337d62f0b87ca84b9d6a73b8697bb05aec79	11396a2a9f4270aff2f66f179637337d62f0b87ca84b9d6a73b8697bb05aec79	geNomad	gb384dbe3d68acd93885c_ccd097ab4df53fe049e3c5531	No terminal repeats	NA	0.9385	NA	1	1	1.7183	11	Viruses;Duplodnaviria;Heunggongvirae;Uroviricota;Caudoviricetes;;	geNomad_predicted_score_reported	unknown	full_contig_extent_integration_unknown	not_assessed	669	No	NA	1	0	0	Not-determined	Genome-fragment	NA	NA	0.0	1.0	no viral genes detected	unknown	unknown	0.0	completed
ph_gb384dbe3d68acd93885c_4dc3ad668875322e8095207a36ce4c32	GCA_051912815.1	GCA_051912815.1	gb384dbe3d68acd93885c	gb384dbe3d68acd93885c_cecac9fb3485db0a70d939c3f	JBMKKS010002170.1	full_contig_virus	0	4128	+	+	4128	4128	true	true	genomad_raw_v1		bfdbbecc098a3dadfb15bafb0cc6757d4ee2bd25b2aa9b4c298f2849bc009928	bfdbbecc098a3dadfb15bafb0cc6757d4ee2bd25b2aa9b4c298f2849bc009928	geNomad	gb384dbe3d68acd93885c_cecac9fb3485db0a70d939c3f	No terminal repeats	NA	0.9714	NA	1	0	1.7183	11	Viruses;Duplodnaviria;Heunggongvirae;Uroviricota;Caudoviricetes;;	geNomad_predicted_score_reported	unknown	full_contig_extent_integration_unknown	not_assessed	4128	No	NA	1	0	0	Low-quality	Genome-fragment	7.05	AAI-based (medium-confidence)	0.0	1.0	no viral genes detected	7.05	AAI-based (medium-confidence)	0.0	completed
ph_gb384dbe3d68acd93885c_55be63928049bc8d28c9ba956d6d03b3	GCA_051912815.1	GCA_051912815.1	gb384dbe3d68acd93885c	gb384dbe3d68acd93885c_c11c56215405ecc022925f1f8	JBMKKS010003277.1	full_contig_virus	0	4017	+	+	4017	4017	true	true	genomad_raw_v1		b3435f5b69114410866094f406bd98dc23136e045cbddae9ea27e8935846e8db	b3435f5b69114410866094f406bd98dc23136e045cbddae9ea27e8935846e8db	geNomad	gb384dbe3d68acd93885c_c11c56215405ecc022925f1f8	No terminal repeats	NA	0.9359	NA	1	0	1.7158	11	Viruses;Duplodnaviria;Heunggongvirae;Uroviricota;Caudoviricetes;;	geNomad_predicted_score_reported	unknown	full_contig_extent_integration_unknown	not_assessed	4017	No	NA	1	1	0	Low-quality	Genome-fragment	6.96	AAI-based (high-confidence)	0.0	1.0		6.96	AAI-based (high-confidence)	0.0	completed
ph_gb384dbe3d68acd93885c_5a85198a9086ece12a2c5730528192a8	GCA_051912815.1	GCA_051912815.1	gb384dbe3d68acd93885c	gb384dbe3d68acd93885c_cf827107c224b36d50a384911	JBMKKS010001937.1	full_contig_virus	0	5412	+	+	5412	5412	true	true	genomad_raw_v1		c6940bc0a2af10e4d64c8cec7fd52426bd9c8471e310332018ede048cf5b7770	c6940bc0a2af10e4d64c8cec7fd52426bd9c8471e310332018ede048cf5b7770	geNomad	gb384dbe3d68acd93885c_cf827107c224b36d50a384911	No terminal repeats	NA	0.9238	NA	1	1	1.0946	11	Viruses;Duplodnaviria;Heunggongvirae;Uroviricota;Caudoviricetes;;	geNomad_predicted_score_reported	unknown	full_contig_extent_integration_unknown	not_assessed	5412	No	NA	1	1	0	Low-quality	Genome-fragment	9.33	AAI-based (high-confidence)	0.0	1.0		9.33	AAI-based (high-confidence)	0.0	completed
ph_gb384dbe3d68acd93885c_5aba5460520b370b417a68368b8c7b06	GCA_051912815.1	GCA_051912815.1	gb384dbe3d68acd93885c	gb384dbe3d68acd93885c_ce702ac903a80c5fa3285543f	JBMKKS010000679.1	full_contig_virus	0	1233	+	+	1233	1233	true	true	genomad_raw_v1		be12d5da9abe37c1087fae0ff9a1dcc1c91b55dfcd77ff891763b11eae416632	be12d5da9abe37c1087fae0ff9a1dcc1c91b55dfcd77ff891763b11eae416632	geNomad	gb384dbe3d68acd93885c_ce702ac903a80c5fa3285543f	No terminal repeats	NA	0.9540	NA	1	1	1.7183	11	Viruses;Duplodnaviria;Heunggongvirae;Uroviricota;Caudoviricetes;;	geNomad_predicted_score_reported	unknown	full_contig_extent_integration_unknown	not_assessed	1233	No	NA	1	0	1	Not-determined	Genome-fragment	NA	NA	0.0	1.0	no viral genes detected	unknown	unknown	0.0	completed
ph_gb384dbe3d68acd93885c_5f9c8be6452aec1dad7556e800e9fa89	GCA_051912815.1	GCA_051912815.1	gb384dbe3d68acd93885c	gb384dbe3d68acd93885c_c60628f8636d34bce8b6c1c2d	JBMKKS010003625.1	full_contig_virus	0	3198	+	+	3198	3198	true	true	genomad_raw_v1		392813aa5c6f2d102b0f234d08994bfa7a899bcee68300f3200e069b0bb02db0	392813aa5c6f2d102b0f234d08994bfa7a899bcee68300f3200e069b0bb02db0	geNomad	gb384dbe3d68acd93885c_c60628f8636d34bce8b6c1c2d	No terminal repeats	NA	0.7681	NA	1	0	0.0000	11	Unclassified	geNomad_predicted_score_reported	unknown	full_contig_extent_integration_unknown	not_assessed	3198	No	NA	1	0	1	Not-determined	Genome-fragment	NA	NA	0.0	1.0	no viral genes detected	unknown	unknown	0.0	completed
ph_gb384dbe3d68acd93885c_6040a78e316ad446dbceaa173b433392	GCA_051912815.1	GCA_051912815.1	gb384dbe3d68acd93885c	gb384dbe3d68acd93885c_c4647abfef05e2b8aadfe1ad4	JBMKKS010001962.1	full_contig_virus	0	1401	+	+	1401	1401	true	true	genomad_raw_v1		8450be154ab06973fc18a66a6269d99c98282ce0a54f4b4f8cc36757b3871d43	8450be154ab06973fc18a66a6269d99c98282ce0a54f4b4f8cc36757b3871d43	geNomad	gb384dbe3d68acd93885c_c4647abfef05e2b8aadfe1ad4	No terminal repeats	NA	0.9058	NA	1	1	1.0946	11	Viruses;Duplodnaviria;Heunggongvirae;Uroviricota;Caudoviricetes;;	geNomad_predicted_score_reported	unknown	full_contig_extent_integration_unknown	not_assessed	1401	No	NA	1	1	0	Low-quality	Genome-fragment	2.49	AAI-based (high-confidence)	0.0	1.0		2.49	AAI-based (high-confidence)	0.0	completed
ph_gb384dbe3d68acd93885c_6199e1726d3954afb6e6dbfe8b514a0d	GCA_051912815.1	GCA_051912815.1	gb384dbe3d68acd93885c	gb384dbe3d68acd93885c_cc48298833796e8346efa0d8a	JBMKKS010003311.1	full_contig_virus	0	2463	+	+	2463	2463	true	true	genomad_raw_v1		97826a01fef744e70d612746030939fa54e0a77e6ce8e4f8617fb7029fcec4df	97826a01fef744e70d612746030939fa54e0a77e6ce8e4f8617fb7029fcec4df	geNomad	gb384dbe3d68acd93885c_cc48298833796e8346efa0d8a	No terminal repeats	NA	0.9152	NA	1	1	1.7093	11	Viruses;Duplodnaviria;Heunggongvirae;Uroviricota;Caudoviricetes;;	geNomad_predicted_score_reported	unknown	full_contig_extent_integration_unknown	not_assessed	2463	No	NA	1	1	0	Low-quality	Genome-fragment	4.25	AAI-based (high-confidence)	0.0	1.0		4.25	AAI-based (high-confidence)	0.0	completed
ph_gb384dbe3d68acd93885c_736d0dfe335df71563f44ff9cb627e3e	GCA_051912815.1	GCA_051912815.1	gb384dbe3d68acd93885c	gb384dbe3d68acd93885c_cccee8b2bdbb1aebb18f6cac5	JBMKKS010001858.1	full_contig_virus	0	1182	+	+	1182	1182	true	true	genomad_raw_v1		11497bb90a2913be0241fc5f7f7616db00706e1fbfefdc1014d6d8838e459026	11497bb90a2913be0241fc5f7f7616db00706e1fbfefdc1014d6d8838e459026	geNomad	gb384dbe3d68acd93885c_cccee8b2bdbb1aebb18f6cac5	No terminal repeats	NA	0.9412	NA	1	1	1.7183	11	Viruses;Duplodnaviria;Heunggongvirae;Uroviricota;Caudoviricetes;;	geNomad_predicted_score_reported	unknown	full_contig_extent_integration_unknown	not_assessed	1182	No	NA	1	0	1	Not-determined	Genome-fragment	NA	NA	0.0	1.0	no viral genes detected	unknown	unknown	0.0	completed
ph_gb384dbe3d68acd93885c_73c0acc0c551a7d8abc3822a9897c650	GCA_051912815.1	GCA_051912815.1	gb384dbe3d68acd93885c	gb384dbe3d68acd93885c_cd948aeaf13614016f3dbf66e	JBMKKS010002168.1	full_contig_virus	0	498	+	+	498	498	true	true	genomad_raw_v1		3c13e005f615bd706e7025b0ea6a4566183778fb0af4669cb07eabbc87c0fa54	3c13e005f615bd706e7025b0ea6a4566183778fb0af4669cb07eabbc87c0fa54	geNomad	gb384dbe3d68acd93885c_cd948aeaf13614016f3dbf66e	No terminal repeats	NA	0.9335	NA	1	1	1.7183	11	Viruses;Duplodnaviria;Heunggongvirae;Uroviricota;Caudoviricetes;;	geNomad_predicted_score_reported	unknown	full_contig_extent_integration_unknown	not_assessed	498	No	NA	1	0	0	Low-quality	Genome-fragment	1.16	AAI-based (medium-confidence)	0.0	1.0	no viral genes detected	1.16	AAI-based (medium-confidence)	0.0	completed
ph_gb384dbe3d68acd93885c_7630670b9794d10b23af8f9367b4de11	GCA_051912815.1	GCA_051912815.1	gb384dbe3d68acd93885c	gb384dbe3d68acd93885c_c6ebc9fb62e542a3bd968dd6c	JBMKKS010002237.1	full_contig_virus	0	1248	+	+	1248	1248	true	true	genomad_raw_v1		c52272302a83e053cf0b1fe9926027202b72bb237972754669e48cf7a2605ed3	c52272302a83e053cf0b1fe9926027202b72bb237972754669e48cf7a2605ed3	geNomad	gb384dbe3d68acd93885c_c6ebc9fb62e542a3bd968dd6c	No terminal repeats	NA	0.9660	NA	1	1	1.7183	11	Viruses;Duplodnaviria;Heunggongvirae;Uroviricota;Caudoviricetes;;	geNomad_predicted_score_reported	unknown	full_contig_extent_integration_unknown	not_assessed	1248	No	NA	1	0	1	Not-determined	Genome-fragment	NA	NA	0.0	1.0	no viral genes detected	unknown	unknown	0.0	completed
ph_gb384dbe3d68acd93885c_7b036f37cb57df2229566b2a9c0991a0	GCA_051912815.1	GCA_051912815.1	gb384dbe3d68acd93885c	gb384dbe3d68acd93885c_c65188d47ffe3168363d9f83c	JBMKKS010002161.1	full_contig_virus	0	1569	+	+	1569	1569	true	true	genomad_raw_v1		f71df856c68bfc69985a022eeaa5f1939a925ba25be840a6cdd09c77be272fb1	f71df856c68bfc69985a022eeaa5f1939a925ba25be840a6cdd09c77be272fb1	geNomad	gb384dbe3d68acd93885c_c65188d47ffe3168363d9f83c	No terminal repeats	NA	0.9495	NA	1	1	1.7183	11	Viruses;Duplodnaviria;Heunggongvirae;Uroviricota;Caudoviricetes;;	geNomad_predicted_score_reported	unknown	full_contig_extent_integration_unknown	not_assessed	1569	No	NA	1	1	0	Low-quality	Genome-fragment	3.71	AAI-based (high-confidence)	0.0	1.0		3.71	AAI-based (high-confidence)	0.0	completed
ph_gb384dbe3d68acd93885c_7c2e2b0447d7e10bd9ea15bad23567e0	GCA_051912815.1	GCA_051912815.1	gb384dbe3d68acd93885c	gb384dbe3d68acd93885c_c25d6346c8b3fecbf6d5bda1d	JBMKKS010001728.1	full_contig_virus	0	3180	+	+	3180	3180	true	true	genomad_raw_v1		55c8d22519eea49dcec91ba51a3a58f47b223dc23c7ece874a370720f3a17c7b	55c8d22519eea49dcec91ba51a3a58f47b223dc23c7ece874a370720f3a17c7b	geNomad	gb384dbe3d68acd93885c_c25d6346c8b3fecbf6d5bda1d	No terminal repeats	NA	0.7472	NA	1	0	0.0000	11	Unclassified	geNomad_predicted_score_reported	unknown	full_contig_extent_integration_unknown	not_assessed	3180	No	NA	1	0	1	Not-determined	Genome-fragment	NA	NA	0.0	1.0	no viral genes detected	unknown	unknown	0.0	completed
ph_gb384dbe3d68acd93885c_7e008426913fa94ef59a7434d7778fd4	GCA_051912815.1	GCA_051912815.1	gb384dbe3d68acd93885c	gb384dbe3d68acd93885c_c193bf85525b7654d70c6f471	JBMKKS010000217.1	full_contig_virus	0	3822	+	+	3822	3822	true	true	genomad_raw_v1		007132a1ec0cd88b09ad675e4ad85b38d84a8b08af3a4b44631fa64426238881	007132a1ec0cd88b09ad675e4ad85b38d84a8b08af3a4b44631fa64426238881	geNomad	gb384dbe3d68acd93885c_c193bf85525b7654d70c6f471	No terminal repeats	NA	0.9110	NA	1	0	1.7183	11	Viruses;Duplodnaviria;Heunggongvirae;Uroviricota;Caudoviricetes;;	geNomad_predicted_score_reported	unknown	full_contig_extent_integration_unknown	not_assessed	3822	No	NA	1	0	1	Low-quality	Genome-fragment	3.46	AAI-based (medium-confidence)	0.0	1.0	no viral genes detected	3.46	AAI-based (medium-confidence)	0.0	completed
ph_gb384dbe3d68acd93885c_7e58649ead424360ac15d16fbe3d6792	GCA_051912815.1	GCA_051912815.1	gb384dbe3d68acd93885c	gb384dbe3d68acd93885c_c162dd27cdb92a8851f43d106	JBMKKS010000512.1	full_contig_virus	0	6909	+	+	6909	6909	true	true	genomad_raw_v1		b4e4c8b8698183221fab1db38b61fd680175b5989c49597dfda1064f9652b8c2	b4e4c8b8698183221fab1db38b61fd680175b5989c49597dfda1064f9652b8c2	geNomad	gb384dbe3d68acd93885c_c162dd27cdb92a8851f43d106	No terminal repeats	NA	0.7057	NA	1	0	0.0000	11	Unclassified	geNomad_predicted_score_reported	unknown	full_contig_extent_integration_unknown	not_assessed	6909	No	NA	1	0	1	Not-determined	Genome-fragment	NA	NA	0.0	1.0	no viral genes detected	unknown	unknown	0.0	completed
ph_gb384dbe3d68acd93885c_83c645338c043a55697b891440979eb5	GCA_051912815.1	GCA_051912815.1	gb384dbe3d68acd93885c	gb384dbe3d68acd93885c_cd5ea01304d97c141d8ccf2c3	JBMKKS010002163.1	full_contig_virus	0	1035	+	+	1035	1035	true	true	genomad_raw_v1		fb7a3a7e94a368cd05d20d114abe984ffa59b72ebf7986ffb8d99ae484a00189	fb7a3a7e94a368cd05d20d114abe984ffa59b72ebf7986ffb8d99ae484a00189	geNomad	gb384dbe3d68acd93885c_cd5ea01304d97c141d8ccf2c3	No terminal repeats	NA	0.8260	NA	1	1	1.7158	11	Viruses;Duplodnaviria;Heunggongvirae;Uroviricota;Caudoviricetes;;	geNomad_predicted_score_reported	unknown	full_contig_extent_integration_unknown	not_assessed	1035	No	NA	1	1	0	Low-quality	Genome-fragment	2.45	AAI-based (high-confidence)	0.0	1.0		2.45	AAI-based (high-confidence)	0.0	completed
ph_gb384dbe3d68acd93885c_8b390fdce40324ba84ef25830c460ab5	GCA_051912815.1	GCA_051912815.1	gb384dbe3d68acd93885c	gb384dbe3d68acd93885c_c3b25db50b4279c6393e6da3f	JBMKKS010002162.1	full_contig_virus	0	447	+	+	447	447	true	true	genomad_raw_v1		d7c0ef18e1c1cdea1df7384b302889051f8420c73605eff12aebf5c693b5c46f	d7c0ef18e1c1cdea1df7384b302889051f8420c73605eff12aebf5c693b5c46f	geNomad	gb384dbe3d68acd93885c_c3b25db50b4279c6393e6da3f	No terminal repeats	NA	0.9415	NA	1	1	1.7183	11	Viruses;Duplodnaviria;Heunggongvirae;Uroviricota;Caudoviricetes;;	geNomad_predicted_score_reported	unknown	full_contig_extent_integration_unknown	not_assessed	447	No	NA	1	0	0	Low-quality	Genome-fragment	1.06	AAI-based (high-confidence)	0.0	1.0	no viral genes detected	1.06	AAI-based (high-confidence)	0.0	completed
ph_gb384dbe3d68acd93885c_8be637a39b5ae9c2380bdd4d78e7019b	GCA_051912815.1	GCA_051912815.1	gb384dbe3d68acd93885c	gb384dbe3d68acd93885c_cd10a5e3f0488977faef25d0b	JBMKKS010004319.1	full_contig_virus	0	1131	+	+	1131	1131	true	true	genomad_raw_v1		f95ee79116693300eeb0e277d6afe717eec1719a04733fc86df63afe043fe365	f95ee79116693300eeb0e277d6afe717eec1719a04733fc86df63afe043fe365	geNomad	gb384dbe3d68acd93885c_cd10a5e3f0488977faef25d0b	No terminal repeats	NA	0.9499	NA	1	1	1.7183	11	Viruses;Duplodnaviria;Heunggongvirae;Uroviricota;Caudoviricetes;;	geNomad_predicted_score_reported	unknown	full_contig_extent_integration_unknown	not_assessed	1131	No	NA	1	0	1	Not-determined	Genome-fragment	NA	NA	0.0	1.0	no viral genes detected	unknown	unknown	0.0	completed
ph_gb384dbe3d68acd93885c_8bea163e73a8322d90c07ff45227c07e	GCA_051912815.1	GCA_051912815.1	gb384dbe3d68acd93885c	gb384dbe3d68acd93885c_cc9774a131a266c5e3513778c	JBMKKS010001934.1	full_contig_virus	0	5406	+	+	5406	5406	true	true	genomad_raw_v1		1b112fb305ca5f7d7c0ae3410e5496a57b96aef3b05815beaa518cb14621ca1f	1b112fb305ca5f7d7c0ae3410e5496a57b96aef3b05815beaa518cb14621ca1f	geNomad	gb384dbe3d68acd93885c_cc9774a131a266c5e3513778c	No terminal repeats	NA	0.9643	NA	1	1	1.5134	11	Viruses;Duplodnaviria;Heunggongvirae;Uroviricota;Caudoviricetes;;	geNomad_predicted_score_reported	unknown	full_contig_extent_integration_unknown	not_assessed	5406	No	NA	1	1	0	Low-quality	Genome-fragment	9.26	AAI-based (high-confidence)	0.0	1.0		9.26	AAI-based (high-confidence)	0.0	completed
ph_gb384dbe3d68acd93885c_9b5152b758ac8206b390abacde415365	GCA_051912815.1	GCA_051912815.1	gb384dbe3d68acd93885c	gb384dbe3d68acd93885c_c75ee7d6892cf7387c51dc0b3	JBMKKS010001935.1	full_contig_virus	0	1185	+	+	1185	1185	true	true	genomad_raw_v1		9c9773699b6792458744e42813f81a2625c98013b9bbe1d42cef0cfcd31df163	9c9773699b6792458744e42813f81a2625c98013b9bbe1d42cef0cfcd31df163	geNomad	gb384dbe3d68acd93885c_c75ee7d6892cf7387c51dc0b3	No terminal repeats	NA	0.8577	NA	1	1	1.4359	11	Viruses;Duplodnaviria;Heunggongvirae;Uroviricota;Caudoviricetes;;	geNomad_predicted_score_reported	unknown	full_contig_extent_integration_unknown	not_assessed	1185	No	NA	1	0	0	Low-quality	Genome-fragment	2.06	AAI-based (high-confidence)	0.0	1.0	no viral genes detected	2.06	AAI-based (high-confidence)	0.0	completed
ph_gb384dbe3d68acd93885c_a9ffd76595a57429e9549a3d4dbda0eb	GCA_051912815.1	GCA_051912815.1	gb384dbe3d68acd93885c	gb384dbe3d68acd93885c_c84657553c734c16aa1122f37	JBMKKS010001959.1	full_contig_virus	0	2610	+	+	2610	2610	true	true	genomad_raw_v1		c4c8e625f1c750cffe0faa77b96827ec8c3bb4508d0e14fcdc9375f424c2c122	c4c8e625f1c750cffe0faa77b96827ec8c3bb4508d0e14fcdc9375f424c2c122	geNomad	gb384dbe3d68acd93885c_c84657553c734c16aa1122f37	No terminal repeats	NA	0.9321	NA	1	1	1.7125	11	Viruses;Duplodnaviria;Heunggongvirae;Uroviricota;Caudoviricetes;;	geNomad_predicted_score_reported	unknown	full_contig_extent_integration_unknown	not_assessed	2610	No	NA	1	1	0	Low-quality	Genome-fragment	4.5	AAI-based (high-confidence)	0.0	1.0		4.5	AAI-based (high-confidence)	0.0	completed
ph_gb384dbe3d68acd93885c_c7640aed00e9226d0065d03e19f7b53a	GCA_051912815.1	GCA_051912815.1	gb384dbe3d68acd93885c	gb384dbe3d68acd93885c_c667366e13cecd0eddbb0afd7	JBMKKS010000262.1	full_contig_virus	0	1236	+	+	1236	1236	true	true	genomad_raw_v1		551bb05477eec579fd997b7f1a3a5ecf7569d7a5d2a84f3a80264a0a7fa8b702	551bb05477eec579fd997b7f1a3a5ecf7569d7a5d2a84f3a80264a0a7fa8b702	geNomad	gb384dbe3d68acd93885c_c667366e13cecd0eddbb0afd7	No terminal repeats	NA	0.7231	NA	1	1	1.7183	11	Viruses;Duplodnaviria;Heunggongvirae;Uroviricota;Caudoviricetes;;	geNomad_predicted_score_reported	unknown	full_contig_extent_integration_unknown	not_assessed	1236	No	NA	1	0	1	Not-determined	Genome-fragment	NA	NA	0.0	1.0	no viral genes detected	unknown	unknown	0.0	completed
ph_gb384dbe3d68acd93885c_d4d94602771f3655d2b50de4862ccc20	GCA_051912815.1	GCA_051912815.1	gb384dbe3d68acd93885c	gb384dbe3d68acd93885c_c3c228f151ee5a16456662305	JBMKKS010002164.1	full_contig_virus	0	1224	+	+	1224	1224	true	true	genomad_raw_v1		2e1920822ca9ced4ec0dfa76f6f408c48997abb580a4812f77905e56f938df71	2e1920822ca9ced4ec0dfa76f6f408c48997abb580a4812f77905e56f938df71	geNomad	gb384dbe3d68acd93885c_c3c228f151ee5a16456662305	No terminal repeats	NA	0.9419	NA	1	1	1.7183	11	Viruses;Duplodnaviria;Heunggongvirae;Uroviricota;Caudoviricetes;;	geNomad_predicted_score_reported	unknown	full_contig_extent_integration_unknown	not_assessed	1224	No	NA	1	1	0	Low-quality	Genome-fragment	2.9	AAI-based (high-confidence)	0.0	1.0		2.9	AAI-based (high-confidence)	0.0	completed
ph_gb384dbe3d68acd93885c_ddfe40a3fd0d78e2708c6029505ec2c2	GCA_051912815.1	GCA_051912815.1	gb384dbe3d68acd93885c	gb384dbe3d68acd93885c_c61d6afd37963f32dadf4df8b	JBMKKS010002155.1	full_contig_virus	0	474	+	+	474	474	true	true	genomad_raw_v1		5b1ad8e01439deddad1342b5c20601facf387e250e36fa22b536b8d3f8614117	5b1ad8e01439deddad1342b5c20601facf387e250e36fa22b536b8d3f8614117	geNomad	gb384dbe3d68acd93885c_c61d6afd37963f32dadf4df8b	No terminal repeats	NA	0.7993	NA	1	1	1.7097	11	Viruses;Duplodnaviria;Heunggongvirae;Uroviricota;Caudoviricetes;;	geNomad_predicted_score_reported	unknown	full_contig_extent_integration_unknown	not_assessed	474	No	NA	1	0	0	Low-quality	Genome-fragment	1.12	AAI-based (high-confidence)	0.0	1.0	no viral genes detected	1.12	AAI-based (high-confidence)	0.0	completed
ph_gb384dbe3d68acd93885c_de711b92cc4c39c1612316026a6c14de	GCA_051912815.1	GCA_051912815.1	gb384dbe3d68acd93885c	gb384dbe3d68acd93885c_c587cc9f22561b14168539445	JBMKKS010000529.1	full_contig_virus	0	1263	+	+	1263	1263	true	true	genomad_raw_v1		fd59339e13c41d3e6939479d0cd5bad1c703390ecf40b88af0f71a04688400de	fd59339e13c41d3e6939479d0cd5bad1c703390ecf40b88af0f71a04688400de	geNomad	gb384dbe3d68acd93885c_c587cc9f22561b14168539445	No terminal repeats	NA	0.9562	NA	1	1	1.7183	11	Viruses;Duplodnaviria;Heunggongvirae;Uroviricota;Caudoviricetes;;	geNomad_predicted_score_reported	unknown	full_contig_extent_integration_unknown	not_assessed	1263	No	NA	1	0	1	Not-determined	Genome-fragment	NA	NA	0.0	1.0	no viral genes detected	unknown	unknown	0.0	completed
ph_gb384dbe3d68acd93885c_e53f49615cd32db332011da9a541e8f6	GCA_051912815.1	GCA_051912815.1	gb384dbe3d68acd93885c	gb384dbe3d68acd93885c_ce138045dc9ee68306694a520	JBMKKS010004059.1	full_contig_virus	0	2538	+	+	2538	2538	true	true	genomad_raw_v1		e75fe99d9043756558781f5a28db26fe2c3f61c9d056288bb32b6a70dddd9855	e75fe99d9043756558781f5a28db26fe2c3f61c9d056288bb32b6a70dddd9855	geNomad	gb384dbe3d68acd93885c_ce138045dc9ee68306694a520	No terminal repeats	NA	0.8490	NA	1	0	1.7183	11	Viruses;Duplodnaviria;Heunggongvirae;Uroviricota;Caudoviricetes;;	geNomad_predicted_score_reported	unknown	full_contig_extent_integration_unknown	not_assessed	2538	No	NA	1	0	1	Low-quality	Genome-fragment	1.28	AAI-based (medium-confidence)	0.0	1.0	no viral genes detected	1.28	AAI-based (medium-confidence)	0.0	completed
ph_gb384dbe3d68acd93885c_e7d8bd0ce649a931a297c10f16d860a5	GCA_051912815.1	GCA_051912815.1	gb384dbe3d68acd93885c	gb384dbe3d68acd93885c_cae1473420b73888c580306a7	JBMKKS010002174.1	full_contig_virus	0	6747	+	+	6747	6747	true	true	genomad_raw_v1		8a5107d71816f7434b11765918908826c31e3d9e5a3828e12325735e92315f07	8a5107d71816f7434b11765918908826c31e3d9e5a3828e12325735e92315f07	geNomad	gb384dbe3d68acd93885c_cae1473420b73888c580306a7	No terminal repeats	NA	0.9145	NA	1	0	1.7183	11	Viruses;Duplodnaviria;Heunggongvirae;Uroviricota;Caudoviricetes;;	geNomad_predicted_score_reported	unknown	full_contig_extent_integration_unknown	not_assessed	6747	No	NA	1	0	0	Low-quality	Genome-fragment	13.14	AAI-based (high-confidence)	0.0	1.0	no viral genes detected	13.14	AAI-based (high-confidence)	0.0	completed
ph_gb384dbe3d68acd93885c_f066cdac0d416586fd880065cfcfe844	GCA_051912815.1	GCA_051912815.1	gb384dbe3d68acd93885c	gb384dbe3d68acd93885c_c24e891ddb75afaa7168edf88	JBMKKS010003340.1	full_contig_virus	0	246	+	+	246	246	true	true	genomad_raw_v1		f10da1035eec24078531618758f97aa9a983d8a229773dec35e5292be1ecfe8f	f10da1035eec24078531618758f97aa9a983d8a229773dec35e5292be1ecfe8f	geNomad	gb384dbe3d68acd93885c_c24e891ddb75afaa7168edf88	No terminal repeats	NA	0.9583	NA	1	1	1.7183	11	Viruses;Duplodnaviria;Heunggongvirae;Uroviricota;Caudoviricetes;;	geNomad_predicted_score_reported	unknown	full_contig_extent_integration_unknown	not_assessed	246	No	NA	1	0	0	Low-quality	Genome-fragment	0.42	AAI-based (high-confidence)	0.0	1.0	no viral genes detected	0.42	AAI-based (high-confidence)	0.0	completed
ph_gb384dbe3d68acd93885c_f15ec54ea654ce947ef661c81f333b44	GCA_051912815.1	GCA_051912815.1	gb384dbe3d68acd93885c	gb384dbe3d68acd93885c_ce3f8931f94e1927b29e36831	JBMKKS010000510.1	full_contig_virus	0	1254	+	+	1254	1254	true	true	genomad_raw_v1		be74f11487ff5f9bd8176fbb0a74685da20696e098a6fe54a27a646cfa1355dd	be74f11487ff5f9bd8176fbb0a74685da20696e098a6fe54a27a646cfa1355dd	geNomad	gb384dbe3d68acd93885c_ce3f8931f94e1927b29e36831	No terminal repeats	NA	0.9529	NA	1	1	1.7183	11	Viruses;Duplodnaviria;Heunggongvirae;Uroviricota;Caudoviricetes;;	geNomad_predicted_score_reported	unknown	full_contig_extent_integration_unknown	not_assessed	1254	No	NA	1	0	1	Not-determined	Genome-fragment	NA	NA	0.0	1.0	no viral genes detected	unknown	unknown	0.0	completed
ph_gb384dbe3d68acd93885c_f3a8ba25112665bdf42fc6488bcb52b9	GCA_051912815.1	GCA_051912815.1	gb384dbe3d68acd93885c	gb384dbe3d68acd93885c_c2246e16434b69b4354858364	JBMKKS010002078.1	full_contig_virus	0	1236	+	+	1236	1236	true	true	genomad_raw_v1		676c6bfb1611444688671418b8ab1e5bf8bcc83ab1a8f688ae4cf54fea64c654	676c6bfb1611444688671418b8ab1e5bf8bcc83ab1a8f688ae4cf54fea64c654	geNomad	gb384dbe3d68acd93885c_c2246e16434b69b4354858364	No terminal repeats	NA	0.9516	NA	1	1	1.7183	11	Viruses;Duplodnaviria;Heunggongvirae;Uroviricota;Caudoviricetes;;	geNomad_predicted_score_reported	unknown	full_contig_extent_integration_unknown	not_assessed	1236	No	NA	1	0	1	Not-determined	Genome-fragment	NA	NA	0.0	1.0	no viral genes detected	unknown	unknown	0.0	completed
ph_gb384dbe3d68acd93885c_f3e49cde11a78b7c550d34d3ca481890	GCA_051912815.1	GCA_051912815.1	gb384dbe3d68acd93885c	gb384dbe3d68acd93885c_c090700579eab70c94fd46acc	JBMKKS010003295.1	full_contig_virus	0	648	+	+	648	648	true	true	genomad_raw_v1		d066f61cdf17a5bc0d7b40fc190e35d78a7e00dcd8af7b5a6e35b4f1c85c863f	d066f61cdf17a5bc0d7b40fc190e35d78a7e00dcd8af7b5a6e35b4f1c85c863f	geNomad	gb384dbe3d68acd93885c_c090700579eab70c94fd46acc	No terminal repeats	NA	0.9519	NA	1	1	1.7183	11	Viruses;Duplodnaviria;Heunggongvirae;Uroviricota;Caudoviricetes;;	geNomad_predicted_score_reported	unknown	full_contig_extent_integration_unknown	not_assessed	648	No	NA	1	0	0	Low-quality	Genome-fragment	1.13	AAI-based (high-confidence)	0.0	1.0	no viral genes detected	1.13	AAI-based (high-confidence)	0.0	completed
ph_gb384dbe3d68acd93885c_f44461201c60413cc9064c034bc4de2d	GCA_051912815.1	GCA_051912815.1	gb384dbe3d68acd93885c	gb384dbe3d68acd93885c_c69a346a5ef9587b48cdee4a5	JBMKKS010003376.1	full_contig_virus	0	1182	+	+	1182	1182	true	true	genomad_raw_v1		49cf2bd2112d2d594b8db5742528d3288fdf06969b30486ffba27d92a8b12bdb	49cf2bd2112d2d594b8db5742528d3288fdf06969b30486ffba27d92a8b12bdb	geNomad	gb384dbe3d68acd93885c_c69a346a5ef9587b48cdee4a5	No terminal repeats	NA	0.9246	NA	1	1	1.7183	11	Viruses;Duplodnaviria;Heunggongvirae;Uroviricota;Caudoviricetes;;	geNomad_predicted_score_reported	unknown	full_contig_extent_integration_unknown	not_assessed	1182	No	NA	1	0	1	Not-determined	Genome-fragment	NA	NA	0.0	1.0	no viral genes detected	unknown	unknown	0.0	completed
ph_gb384dbe3d68acd93885c_fb42ab54a9b750bbe7cf6c605ee5b685	GCA_051912815.1	GCA_051912815.1	gb384dbe3d68acd93885c	gb384dbe3d68acd93885c_ccecc888390adec7389a7a683	JBMKKS010001481.1	full_contig_virus	0	1176	+	+	1176	1176	true	true	genomad_raw_v1		0e4f97c6c20bd4972383980fa8382ebc8248cb8f9a5d6b7a9b601a4b5bc40b6e	0e4f97c6c20bd4972383980fa8382ebc8248cb8f9a5d6b7a9b601a4b5bc40b6e	geNomad	gb384dbe3d68acd93885c_ccecc888390adec7389a7a683	No terminal repeats	NA	0.9256	NA	1	1	1.7183	11	Viruses;Duplodnaviria;Heunggongvirae;Uroviricota;Caudoviricetes;;	geNomad_predicted_score_reported	unknown	full_contig_extent_integration_unknown	not_assessed	1176	No	NA	1	0	0	Not-determined	Genome-fragment	NA	NA	0.0	1.0	no viral genes detected	unknown	unknown	0.0	completed
ph_gb384dbe3d68acd93885c_fc5fee18035f094a897e9f2ef8efd4c6	GCA_051912815.1	GCA_051912815.1	gb384dbe3d68acd93885c	gb384dbe3d68acd93885c_ce3c78e1bb27f3e04795d8a53	JBMKKS010001987.1	full_contig_virus	0	246	+	+	246	246	true	true	genomad_raw_v1		f4e9598e17f4d8b81ecb26ee5f6e86fc51fa5c7e2e46316087d4be23f98a0529	f4e9598e17f4d8b81ecb26ee5f6e86fc51fa5c7e2e46316087d4be23f98a0529	geNomad	gb384dbe3d68acd93885c_ce3c78e1bb27f3e04795d8a53	No terminal repeats	NA	0.9496	NA	1	1	1.7183	11	Viruses;Duplodnaviria;Heunggongvirae;Uroviricota;Caudoviricetes;;	geNomad_predicted_score_reported	unknown	full_contig_extent_integration_unknown	not_assessed	246	No	NA	1	0	0	Low-quality	Genome-fragment	0.44	AAI-based (high-confidence)	0.0	1.0	no viral genes detected	0.44	AAI-based (high-confidence)	0.0	completed
ph_g31570bd071284df07336_69654d509ad717e44c0835c3f8f7d412	GCA_057797675.1	GCA_057797675.1	g31570bd071284df07336	g31570bd071284df07336_cc6dc93102ac340612e8f8963	CM173563.1	provirus_locus	4016769	4059697	+	+	42928	5485632	false	false	genomad_raw_v1		adb968f624a253fbe9bfc9cdb8cdb5bba27fdc191678c34362184a26801e1599	adb968f624a253fbe9bfc9cdb8cdb5bba27fdc191678c34362184a26801e1599	geNomad	g31570bd071284df07336_cc6dc93102ac340612e8f8963|provirus_4016770_4059697	Provirus	4016770-4059697	0.9004	NA	56	3	54.1940	11	Viruses;Duplodnaviria;Heunggongvirae;Uroviricota;Caudoviricetes;;	geNomad_predicted_score_reported	caller_predicted_provirus_locus	caller_only_not_independently_validated	not_assessed	42928	Yes	36102	56	4	4	Medium-quality	Genome-fragment	59.91	AAI-based (medium-confidence)	15.9	1.0		59.91	AAI-based (medium-confidence)	15.9	completed
ph_g31570bd071284df07336_c225e8b9989a97dff74b35b396ec4f83	GCA_057797675.1	GCA_057797675.1	g31570bd071284df07336	g31570bd071284df07336_cc6dc93102ac340612e8f8963	CM173563.1	provirus_locus	5091586	5114958	+	+	23372	5485632	false	false	genomad_raw_v1		6decd35df00b1fe9791f74dcc7f76cb6d127987f6856f85fcc4fd70321fb9d9f	6decd35df00b1fe9791f74dcc7f76cb6d127987f6856f85fcc4fd70321fb9d9f	geNomad	g31570bd071284df07336_cc6dc93102ac340612e8f8963|provirus_5091587_5114958	Provirus	5091587-5114958	0.7130	NA	31	1	15.0287	11	Viruses;Duplodnaviria;Heunggongvirae;Uroviricota;Caudoviricetes;;	geNomad_predicted_score_reported	caller_predicted_provirus_locus	caller_only_not_independently_validated	not_assessed	23372	No	NA	31	1	2	Low-quality	Genome-fragment	14.89	HMM-based (lower-bound)	0.0	1.01		14.89	HMM-based (lower-bound)	0.0	completed
ph_gb76e85f1698d1997edea_9286fa4e463665d4d0ab888a1e9f2df8	GCF_000493795.1	GCF_000493795.1	gb76e85f1698d1997edea	gb76e85f1698d1997edea_cf9549125b36f2ca3587a6653	NZ_AXUQ01000001.1	provirus_locus	116578	155635	+	+	39057	191756	false	false	genomad_raw_v1		6bd5c9a82f2b3f74bf5dd1c96702ad9f254c5e62d91b9f1281cdb21e3ee4a854	6bd5c9a82f2b3f74bf5dd1c96702ad9f254c5e62d91b9f1281cdb21e3ee4a854	geNomad	gb76e85f1698d1997edea_cf9549125b36f2ca3587a6653|provirus_116579_155635	Provirus	116579-155635	0.9006	NA	59	13	36.1784	11	Viruses;Duplodnaviria;Heunggongvirae;Uroviricota;Caudoviricetes;;	geNomad_predicted_score_reported	caller_predicted_provirus_locus	caller_only_not_independently_validated	not_assessed	39057	Yes	34853	59	23	4	High-quality	High-quality	100.0	AAI-based (high-confidence)	10.76	1.0		100.0	AAI-based (high-confidence)	10.76	completed
ph_gc6afbb0b626c17fe1858_015e2cb47fa4079dca0490a5fd5b4e4f	GCF_000598805.1	GCF_000598805.1	gc6afbb0b626c17fe1858	gc6afbb0b626c17fe1858_c2497bac159ec900330bb6261	NZ_JGDG01000151.1	full_contig_virus	0	5459	+	+	5459	5459	true	true	genomad_raw_v1		e85275bfae7c79c32dba56f0b6632b55d38948109790c4f761003e4f029e525b	e85275bfae7c79c32dba56f0b6632b55d38948109790c4f761003e4f029e525b	geNomad	gc6afbb0b626c17fe1858_c2497bac159ec900330bb6261	No terminal repeats	NA	0.9729	NA	2	0	3.4366	11	Viruses;Duplodnaviria;Heunggongvirae;Uroviricota;Caudoviricetes;;	geNomad_predicted_score_reported	unknown	full_contig_extent_integration_unknown	not_assessed	5459	No	NA	2	1	0	Low-quality	Genome-fragment	9.12	AAI-based (high-confidence)	0.0	1.0		9.12	AAI-based (high-confidence)	0.0	completed
ph_gc6afbb0b626c17fe1858_1905c9dd0017590bcef514bf9e8e155a	GCF_000598805.1	GCF_000598805.1	gc6afbb0b626c17fe1858	gc6afbb0b626c17fe1858_ca491dd68dc6c45e0ce0fb82f	NZ_JGDG01000154.1	full_contig_virus	0	6498	+	+	6498	6498	true	true	genomad_raw_v1		f225d4c4dabcb285f03c9a604d6a02dc723dfe25668ab4df7ef8bfe49b5bd9c2	f225d4c4dabcb285f03c9a604d6a02dc723dfe25668ab4df7ef8bfe49b5bd9c2	geNomad	gc6afbb0b626c17fe1858_ca491dd68dc6c45e0ce0fb82f	No terminal repeats	NA	0.8514	NA	7	0	1.7080	11	Unclassified	geNomad_predicted_score_reported	unknown	full_contig_extent_integration_unknown	not_assessed	6498	No	NA	7	0	1	Low-quality	Genome-fragment	13.98	AAI-based (medium-confidence)	0.0	1.0	no viral genes detected	13.98	AAI-based (medium-confidence)	0.0	completed
ph_gc6afbb0b626c17fe1858_1e55c8fe5a181933a9792730617d2212	GCF_000598805.1	GCF_000598805.1	gc6afbb0b626c17fe1858	gc6afbb0b626c17fe1858_ce1c7fb84d7e1639982fccb16	NZ_JGDG01000158.1	full_contig_virus	0	1228	+	+	1228	1228	true	true	genomad_raw_v1		72375dff82fc51d573155d9532cea5b553fd1280fbfb393f97b1e5bb93ae97fd	72375dff82fc51d573155d9532cea5b553fd1280fbfb393f97b1e5bb93ae97fd	geNomad	gc6afbb0b626c17fe1858_ce1c7fb84d7e1639982fccb16	No terminal repeats	NA	0.7713	NA	1	1	1.4660	11	Viruses;Duplodnaviria;Heunggongvirae;Uroviricota;Caudoviricetes;;	geNomad_predicted_score_reported	unknown	full_contig_extent_integration_unknown	not_assessed	1228	No	NA	1	0	0	Low-quality	Genome-fragment	2.08	AAI-based (high-confidence)	0.0	1.0	no viral genes detected	2.08	AAI-based (high-confidence)	0.0	completed
ph_gc6afbb0b626c17fe1858_22f9143fde2a97e52700c002a79ef5f0	GCF_000598805.1	GCF_000598805.1	gc6afbb0b626c17fe1858	gc6afbb0b626c17fe1858_c0acdcde750f7be94b5a64719	NZ_JGDG01000276.1	full_contig_virus	0	4794	+	+	4794	4794	true	true	genomad_raw_v1		2256a9ed77d285e8dc0719759af55f9d5ff666d288b6425b6d81576046452632	2256a9ed77d285e8dc0719759af55f9d5ff666d288b6425b6d81576046452632	geNomad	gc6afbb0b626c17fe1858_c0acdcde750f7be94b5a64719	No terminal repeats	NA	0.9334	NA	7	1	3.4542	11	Viruses;Duplodnaviria;Heunggongvirae;Uroviricota;Caudoviricetes;;	geNomad_predicted_score_reported	unknown	full_contig_extent_integration_unknown	not_assessed	4794	Yes	1874	7	1	1	Low-quality	Genome-fragment	1.84	HMM-based (lower-bound)	60.91	1.0		1.84	HMM-based (lower-bound)	60.91	completed
ph_gc6afbb0b626c17fe1858_2f8a088eed3154860b8b6a7b591db918	GCF_000598805.1	GCF_000598805.1	gc6afbb0b626c17fe1858	gc6afbb0b626c17fe1858_caee47eec98aa720cecf110f2	NZ_JGDG01000013.1	full_contig_virus	0	1214	+	+	1214	1214	true	true	genomad_raw_v1		6fb5c67fe017af4b0fa6569b9b07e15d8adda0fb2c5db9aa5009dcd6138b4406	6fb5c67fe017af4b0fa6569b9b07e15d8adda0fb2c5db9aa5009dcd6138b4406	geNomad	gc6afbb0b626c17fe1858_caee47eec98aa720cecf110f2	No terminal repeats	NA	0.9567	NA	3	1	3.4366	11	Viruses;Duplodnaviria;Heunggongvirae;Uroviricota;Caudoviricetes;;	geNomad_predicted_score_reported	unknown	full_contig_extent_integration_unknown	not_assessed	1214	No	NA	3	0	0	Low-quality	Genome-fragment	2.03	AAI-based (high-confidence)	0.0	1.0	no viral genes detected	2.03	AAI-based (high-confidence)	0.0	completed
ph_gc6afbb0b626c17fe1858_3e917f9e5399ce8fb5b7e2c63b9a37c5	GCF_000598805.1	GCF_000598805.1	gc6afbb0b626c17fe1858	gc6afbb0b626c17fe1858_c79d396f5a3d722323412defe	NZ_JGDG01000060.1	full_contig_virus	0	6850	+	+	6850	6850	true	true	genomad_raw_v1		40050c81ca5466c10613273727f5a00fbd2b32d9f42c10f413eb39fc2eaf75f6	40050c81ca5466c10613273727f5a00fbd2b32d9f42c10f413eb39fc2eaf75f6	geNomad	gc6afbb0b626c17fe1858_c79d396f5a3d722323412defe	No terminal repeats	NA	0.9755	NA	11	3	15.1669	11	Viruses;Duplodnaviria;Heunggongvirae;Uroviricota;Caudoviricetes;;	geNomad_predicted_score_reported	unknown	full_contig_extent_integration_unknown	not_assessed	6850	No	NA	11	3	0	Low-quality	Genome-fragment	11.26	AAI-based (high-confidence)	0.0	1.0		11.26	AAI-based (high-confidence)	0.0	completed
ph_gc6afbb0b626c17fe1858_42675246d6c019c146068c3482979a28	GCF_000598805.1	GCF_000598805.1	gc6afbb0b626c17fe1858	gc6afbb0b626c17fe1858_c8e4d6acf26f97fb23e330e06	NZ_JGDG01000174.1	provirus_locus	20472	26922	+	+	6450	27495	false	false	genomad_raw_v1		87b680d20cc08fc4f140305647fefd362ab6fac7c74e8253cfb9db1cc9ca49a9	87b680d20cc08fc4f140305647fefd362ab6fac7c74e8253cfb9db1cc9ca49a9	geNomad	gc6afbb0b626c17fe1858_c8e4d6acf26f97fb23e330e06|provirus_20473_26922	Provirus	20473-26922	0.9727	NA	10	2	6.8312	11	Viruses;Duplodnaviria;Heunggongvirae;Uroviricota;Caudoviricetes;;	geNomad_predicted_score_reported	caller_predicted_provirus_locus	caller_only_not_independently_validated	not_assessed	6450	No	NA	10	0	2	Not-determined	Genome-fragment	NA	NA	0.0	1.0	no viral genes detected	unknown	unknown	0.0	completed
ph_gc6afbb0b626c17fe1858_5083bbc11c51a65dfe1d79fdb2ba2ac5	GCF_000598805.1	GCF_000598805.1	gc6afbb0b626c17fe1858	gc6afbb0b626c17fe1858_c9fa0fff15c4eb7dd101edaab	NZ_JGDG01000315.1	full_contig_virus	0	10371	+	+	10371	10371	true	true	genomad_raw_v1		f66391d1b89364048eca344f2e03c3f5da5aa50508b924188365106ea53f6e74	f66391d1b89364048eca344f2e03c3f5da5aa50508b924188365106ea53f6e74	geNomad	gc6afbb0b626c17fe1858_c9fa0fff15c4eb7dd101edaab	No terminal repeats	NA	0.7236	NA	11	0	2.5759	11	Viruses;Duplodnaviria;Heunggongvirae;Uroviricota;Caudoviricetes;;	geNomad_predicted_score_reported	unknown	full_contig_extent_integration_unknown	not_assessed	10371	No	NA	11	1	5	Not-determined	Genome-fragment	NA	NA	0.0	1.0		unknown	unknown	0.0	completed
ph_gc6afbb0b626c17fe1858_77ac8b8b36429c158b99c981b3faa119	GCF_000598805.1	GCF_000598805.1	gc6afbb0b626c17fe1858	gc6afbb0b626c17fe1858_cea89f2bf8092c5de34dd5beb	NZ_JGDG01000389.1	full_contig_virus	0	2977	+	+	2977	2977	true	true	genomad_raw_v1		0d4650ca2440edc7ea84a1476b20baeed5a598086b975338a1693ff4bc47e2ad	0d4650ca2440edc7ea84a1476b20baeed5a598086b975338a1693ff4bc47e2ad	geNomad	gc6afbb0b626c17fe1858_cea89f2bf8092c5de34dd5beb	No terminal repeats	NA	0.9495	NA	4	0	6.3303	11	Viruses;Duplodnaviria;Heunggongvirae;Uroviricota;Caudoviricetes;;	geNomad_predicted_score_reported	unknown	full_contig_extent_integration_unknown	not_assessed	2977	No	NA	4	0	2	Not-determined	Genome-fragment	NA	NA	0.0	1.02	no viral genes detected	unknown	unknown	0.0	completed
ph_gc6afbb0b626c17fe1858_79a386f67e601f9719d0a64c579dccdc	GCF_000598805.1	GCF_000598805.1	gc6afbb0b626c17fe1858	gc6afbb0b626c17fe1858_c17fbe809b613a9985e09386a	NZ_JGDG01000079.1	full_contig_virus	0	5711	+	+	5711	5711	true	true	genomad_raw_v1		a36f04d9aab7a9f1df6d6c488b57da78445a1005bbb49d16470870be6046a907	a36f04d9aab7a9f1df6d6c488b57da78445a1005bbb49d16470870be6046a907	geNomad	gc6afbb0b626c17fe1858_c17fbe809b613a9985e09386a	No terminal repeats	NA	0.9810	NA	8	2	10.7461	11	Viruses;Duplodnaviria;Heunggongvirae;Uroviricota;Caudoviricetes;;	geNomad_predicted_score_reported	unknown	full_contig_extent_integration_unknown	not_assessed	5711	No	NA	8	2	0	Low-quality	Genome-fragment	9.51	AAI-based (high-confidence)	0.0	1.0		9.51	AAI-based (high-confidence)	0.0	completed
ph_gc6afbb0b626c17fe1858_918a0d93caaa21473afb20b76a5ff9b1	GCF_000598805.1	GCF_000598805.1	gc6afbb0b626c17fe1858	gc6afbb0b626c17fe1858_c82ef6092ebc4dc4a5bc4f6d9	NZ_JGDG01000073.1	full_contig_virus	0	4210	+	+	4210	4210	true	true	genomad_raw_v1		6c10a5e2b2b953bb7ed6c834086b6aca8c0bd93253cf11771d6d503608a51aee	6c10a5e2b2b953bb7ed6c834086b6aca8c0bd93253cf11771d6d503608a51aee	geNomad	gc6afbb0b626c17fe1858_c82ef6092ebc4dc4a5bc4f6d9	No terminal repeats	NA	0.9154	NA	4	0	1.7183	11	Viruses;Duplodnaviria;Heunggongvirae;Uroviricota;Caudoviricetes;;	geNomad_predicted_score_reported	unknown	full_contig_extent_integration_unknown	not_assessed	4210	No	NA	4	0	2	Not-determined	Genome-fragment	NA	NA	0.0	1.0	no viral genes detected	unknown	unknown	0.0	completed
ph_gc6afbb0b626c17fe1858_99cb498d1b13986b7e9fba158c8ddd59	GCF_000598805.1	GCF_000598805.1	gc6afbb0b626c17fe1858	gc6afbb0b626c17fe1858_c8013514b9813e263158f3ef0	NZ_JGDG01000388.1	full_contig_virus	0	33380	+	+	33380	33380	true	true	genomad_raw_v1		99100bb6d4ed71b7beb4875d0bfed0ca55cc3e285e868bc39be82ba6052a6426	99100bb6d4ed71b7beb4875d0bfed0ca55cc3e285e868bc39be82ba6052a6426	geNomad	gc6afbb0b626c17fe1858_c8013514b9813e263158f3ef0	No terminal repeats	NA	0.8599	NA	36	3	39.5593	11	Viruses;Duplodnaviria;Heunggongvirae;Uroviricota;Caudoviricetes;;	geNomad_predicted_score_reported	unknown	full_contig_extent_integration_unknown	not_assessed	33380	No	NA	36	4	0	Medium-quality	Genome-fragment	55.83	AAI-based (medium-confidence)	0.0	1.0		55.83	AAI-based (medium-confidence)	0.0	completed
ph_gc6afbb0b626c17fe1858_b88fce2cbe8cb9046b473ab699ff549d	GCF_000598805.1	GCF_000598805.1	gc6afbb0b626c17fe1858	gc6afbb0b626c17fe1858_c36807156f89062b36c5b89b0	NZ_JGDG01000056.1	full_contig_virus	0	28092	+	+	28092	28092	true	true	genomad_raw_v1		9e8cfa90633a855c6fc276fb899edd6df65e1fa0568d85f30fe0cd32b8ecb3d9	9e8cfa90633a855c6fc276fb899edd6df65e1fa0568d85f30fe0cd32b8ecb3d9	geNomad	gc6afbb0b626c17fe1858_c36807156f89062b36c5b89b0	No terminal repeats	NA	0.8999	NA	29	3	38.4606	11	Viruses;Duplodnaviria;Heunggongvirae;Uroviricota;Caudoviricetes;;	geNomad_predicted_score_reported	unknown	full_contig_extent_integration_unknown	not_assessed	28092	Yes	25249	29	3	2	Low-quality	Genome-fragment	42.52	AAI-based (medium-confidence)	10.12	1.0		42.52	AAI-based (medium-confidence)	10.12	completed
ph_gc6afbb0b626c17fe1858_c1a225aeb62abbc7aa764c0248db3727	GCF_000598805.1	GCF_000598805.1	gc6afbb0b626c17fe1858	gc6afbb0b626c17fe1858_c55800139a052c9faad259b5c	NZ_JGDG01000064.1	full_contig_virus	0	3833	+	+	3833	3833	true	true	genomad_raw_v1		c02d14513ba85ccce316e4f236d7e785433487ccb7788d7e510f541be9ee1c4c	c02d14513ba85ccce316e4f236d7e785433487ccb7788d7e510f541be9ee1c4c	geNomad	gc6afbb0b626c17fe1858_c55800139a052c9faad259b5c	No terminal repeats	NA	0.9334	NA	2	1	1.1862	11	Viruses;Duplodnaviria;Heunggongvirae;Uroviricota;Caudoviricetes;;	geNomad_predicted_score_reported	unknown	full_contig_extent_integration_unknown	not_assessed	3833	No	NA	2	1	0	Low-quality	Genome-fragment	6.19	AAI-based (high-confidence)	0.0	1.0		6.19	AAI-based (high-confidence)	0.0	completed
ph_gc6afbb0b626c17fe1858_c8d6c1430aa8a62a1517d1c71580f443	GCF_000598805.1	GCF_000598805.1	gc6afbb0b626c17fe1858	gc6afbb0b626c17fe1858_cdf9068d8a3b8d0e15f637dff	NZ_JGDG01000048.1	full_contig_virus	0	3231	+	+	3231	3231	true	true	genomad_raw_v1		ce089c8b64a86d926b74a00915d94342eae019e0103d72a34e8c6cb7a80fbc0e	ce089c8b64a86d926b74a00915d94342eae019e0103d72a34e8c6cb7a80fbc0e	geNomad	gc6afbb0b626c17fe1858_cdf9068d8a3b8d0e15f637dff	No terminal repeats	NA	0.9782	NA	7	0	10.3097	11	Viruses;Duplodnaviria;Heunggongvirae;Uroviricota;Caudoviricetes;;	geNomad_predicted_score_reported	unknown	full_contig_extent_integration_unknown	not_assessed	3231	No	NA	7	0	0	Low-quality	Genome-fragment	4.83	AAI-based (high-confidence)	0.0	1.0	no viral genes detected	4.83	AAI-based (high-confidence)	0.0	completed
ph_gc6afbb0b626c17fe1858_d0f040297c08e3abc7091517773952c8	GCF_000598805.1	GCF_000598805.1	gc6afbb0b626c17fe1858	gc6afbb0b626c17fe1858_c00876ae99de76a1ae8993a06	NZ_JGDG01000274.1	full_contig_virus	0	6455	+	+	6455	6455	true	true	genomad_raw_v1		a5b5338162f6c4b6e683a85909b2ce0b794344fbd4bd6b9d1152685c75f388d2	a5b5338162f6c4b6e683a85909b2ce0b794344fbd4bd6b9d1152685c75f388d2	geNomad	gc6afbb0b626c17fe1858_c00876ae99de76a1ae8993a06	No terminal repeats	NA	0.9470	NA	7	0	1.5378	11	Viruses;Duplodnaviria;Heunggongvirae;Uroviricota;Caudoviricetes;;	geNomad_predicted_score_reported	unknown	full_contig_extent_integration_unknown	not_assessed	6455	No	NA	7	0	1	Low-quality	Genome-fragment	13.88	AAI-based (medium-confidence)	0.0	1.0	no viral genes detected	13.88	AAI-based (medium-confidence)	0.0	completed
ph_gc6afbb0b626c17fe1858_f3754e4ecafa6837d08ea1d04a46a740	GCF_000598805.1	GCF_000598805.1	gc6afbb0b626c17fe1858	gc6afbb0b626c17fe1858_c78b0efca9275174c31178db1	NZ_JGDG01000485.1	full_contig_virus	0	5296	+	+	5296	5296	true	true	genomad_raw_v1		1eb6fca512894b63df78d4fa85b85965711238e10e6fc01591d7c2327e36bceb	1eb6fca512894b63df78d4fa85b85965711238e10e6fc01591d7c2327e36bceb	geNomad	gc6afbb0b626c17fe1858_c78b0efca9275174c31178db1	No terminal repeats	NA	0.7066	NA	11	0	3.6340	11	Viruses;Duplodnaviria;Heunggongvirae;Uroviricota;Caudoviricetes;;	geNomad_predicted_score_reported	unknown	full_contig_extent_integration_unknown	not_assessed	5296	No	NA	11	0	3	Low-quality	Genome-fragment	8.45	AAI-based (medium-confidence)	0.0	1.0	no viral genes detected	8.45	AAI-based (medium-confidence)	0.0	completed
ph_gc6afbb0b626c17fe1858_f5d39c8765b4305fa21e6661aef392a2	GCF_000598805.1	GCF_000598805.1	gc6afbb0b626c17fe1858	gc6afbb0b626c17fe1858_cbb7cfa31658eed6735eb220d	NZ_JGDG01000117.1	full_contig_virus	0	774	+	+	774	774	true	true	genomad_raw_v1		2c2178237e23a636415a856cc10fa9bdbeba1ae5ce63a9cf9a6227e33f32db82	2c2178237e23a636415a856cc10fa9bdbeba1ae5ce63a9cf9a6227e33f32db82	geNomad	gc6afbb0b626c17fe1858_cbb7cfa31658eed6735eb220d	No terminal repeats	NA	0.7529	NA	2	1	1.5052	11	Viruses;Duplodnaviria;Heunggongvirae;Uroviricota;Caudoviricetes;;	geNomad_predicted_score_reported	unknown	full_contig_extent_integration_unknown	not_assessed	774	No	NA	2	1	0	Low-quality	Genome-fragment	1.29	AAI-based (high-confidence)	0.0	1.0		1.29	AAI-based (high-confidence)	0.0	completed
ph_g460894500d378ca5cdf3_1d84db055007377122000a6cd33a1ce2	GCF_000724815.2	GCF_000724815.2	g460894500d378ca5cdf3	g460894500d378ca5cdf3_cb99f056ec74ad678f73cf873	NZ_CP037440.1	provirus_locus	5446403	5488170	+	+	41767	5504076	false	false	genomad_raw_v1		f650571d3598cc0db87e349f75a925a9445e03975357d64d1eac2bacbcd46bb7	f650571d3598cc0db87e349f75a925a9445e03975357d64d1eac2bacbcd46bb7	geNomad	g460894500d378ca5cdf3_cb99f056ec74ad678f73cf873|provirus_5446404_5488170	Provirus	5446404-5488170	0.9723	NA	54	13	37.4957	11	Viruses;Duplodnaviria;Heunggongvirae;Uroviricota;Caudoviricetes;;	geNomad_predicted_score_reported	caller_predicted_provirus_locus	caller_only_not_independently_validated	not_assessed	41767	Yes	34308	54	13	4	Medium-quality	Genome-fragment	84.83	AAI-based (high-confidence)	17.86	1.0		84.83	AAI-based (high-confidence)	17.86	completed
ph_g460894500d378ca5cdf3_c52f58dafba08e4dd940f760fcaefe87	GCF_000724815.2	GCF_000724815.2	g460894500d378ca5cdf3	g460894500d378ca5cdf3_cb99f056ec74ad678f73cf873	NZ_CP037440.1	provirus_locus	4622958	4658350	+	+	35392	5504076	false	false	genomad_raw_v1		2f325f106aeba343c661497ebcc84a93c60add1a76cb7db39365f45ab3694d0c	2f325f106aeba343c661497ebcc84a93c60add1a76cb7db39365f45ab3694d0c	geNomad	g460894500d378ca5cdf3_cb99f056ec74ad678f73cf873|provirus_4622959_4658350	Provirus	4622959-4658350	0.9790	NA	46	3	53.4415	11	Viruses;Duplodnaviria;Heunggongvirae;Uroviricota;Caudoviricetes;;	geNomad_predicted_score_reported	caller_predicted_provirus_locus	caller_only_not_independently_validated	not_assessed	35392	No	NA	46	15	2	High-quality	High-quality	92.15	AAI-based (high-confidence)	0.0	1.0		92.15	AAI-based (high-confidence)	0.0	completed
ph_g460894500d378ca5cdf3_ece25951106b39b4d997e01cf5c97b97	GCF_000724815.2	GCF_000724815.2	g460894500d378ca5cdf3	g460894500d378ca5cdf3_cb99f056ec74ad678f73cf873	NZ_CP037440.1	provirus_locus	1713461	1738797	+	+	25336	5504076	false	false	genomad_raw_v1		7aa492d282a35be79829519b12889dc8296cadfe4cb2cb51934863b894388ad9	7aa492d282a35be79829519b12889dc8296cadfe4cb2cb51934863b894388ad9	geNomad	g460894500d378ca5cdf3_cb99f056ec74ad678f73cf873|provirus_1713462_1738797	Provirus	1713462-1738797	0.7784	NA	37	1	8.3139	11	Viruses;Duplodnaviria;Heunggongvirae;Uroviricota;Caudoviricetes;;	geNomad_predicted_score_reported	caller_predicted_provirus_locus	caller_only_not_independently_validated	not_assessed	25336	No	NA	37	0	8	Not-determined	Genome-fragment	NA	NA	0.0	1.0	no viral genes detected	unknown	unknown	0.0	completed
ph_g3d55b09061fe78d326c9_1d0dfbf012c9a9e303e9390755b40c06	GCF_015070945.1	GCF_015070945.1	g3d55b09061fe78d326c9	g3d55b09061fe78d326c9_cd3d9318b1d3bcfa289ef18d3	NZ_JADDIJ010000057.1	full_contig_virus	0	22998	+	+	22998	22998	true	true	genomad_raw_v1		62a7503fd4e5a4feb478911f5343e761def9237147d064e58d2888865dfc3b9b	62a7503fd4e5a4feb478911f5343e761def9237147d064e58d2888865dfc3b9b	geNomad	g3d55b09061fe78d326c9_cd3d9318b1d3bcfa289ef18d3	No terminal repeats	NA	0.8682	NA	23	2	4.6748	11	Viruses;Duplodnaviria;Heunggongvirae;Uroviricota;Caudoviricetes;;	geNomad_predicted_score_reported	unknown	full_contig_extent_integration_unknown	not_assessed	22998	No	NA	23	0	5	Not-determined	Genome-fragment	NA	NA	0.0	1.0	no viral genes detected	unknown	unknown	0.0	completed
ph_g3d55b09061fe78d326c9_34f25ad2c76314c7a83a35c77c980c11	GCF_015070945.1	GCF_015070945.1	g3d55b09061fe78d326c9	g3d55b09061fe78d326c9_cba0fae950d79b9bf0c375cdb	NZ_JADDIJ010000040.1	provirus_locus	0	27732	+	+	27732	46606	true	false	genomad_raw_v1		9b66a888d9810a11686678d7020842afd52f7a68b7ea9faa6c874807def9823e	9b66a888d9810a11686678d7020842afd52f7a68b7ea9faa6c874807def9823e	geNomad	g3d55b09061fe78d326c9_cba0fae950d79b9bf0c375cdb|provirus_1_27732	Provirus	1-27732	0.9638	NA	42	5	37.9365	11	Viruses;Duplodnaviria;Heunggongvirae;Uroviricota;Caudoviricetes;;	geNomad_predicted_score_reported	caller_predicted_provirus_locus	caller_only_not_independently_validated	not_assessed	27732	No	NA	42	6	0	Medium-quality	Genome-fragment	72.7	AAI-based (medium-confidence)	0.0	1.0		72.7	AAI-based (medium-confidence)	0.0	completed
ph_g3d55b09061fe78d326c9_8fc4f766dde1cef8583544aa438cc7ac	GCF_015070945.1	GCF_015070945.1	g3d55b09061fe78d326c9	g3d55b09061fe78d326c9_c4a0016f46840a9e636a9ae80	NZ_JADDIJ010000015.1	provirus_locus	40401	57763	+	+	17362	87014	false	false	genomad_raw_v1		4b1056e68cda3e8d97e5a371b0ffdf6075394b9208585e9750a447b7dbe56a44	4b1056e68cda3e8d97e5a371b0ffdf6075394b9208585e9750a447b7dbe56a44	geNomad	g3d55b09061fe78d326c9_c4a0016f46840a9e636a9ae80|provirus_40402_57763	Provirus	40402-57763	0.7878	NA	28	0	6.6439	11	Viruses;Duplodnaviria;Heunggongvirae;Uroviricota;Caudoviricetes;;	geNomad_predicted_score_reported	caller_predicted_provirus_locus	caller_only_not_independently_validated	not_assessed	17362	No	NA	28	0	2	Not-determined	Genome-fragment	NA	NA	0.0	1.0	no viral genes detected	unknown	unknown	0.0	completed
ph_g3d55b09061fe78d326c9_a73427b07554d1361ea302efca19d296	GCF_015070945.1	GCF_015070945.1	g3d55b09061fe78d326c9	g3d55b09061fe78d326c9_cacee7aeeedebca4052fa1d23	NZ_JADDIJ010000017.1	provirus_locus	47694	66433	+	+	18739	83865	false	false	genomad_raw_v1		d8042169290147823c30f083558bc7447095238d17009a06d0f35c225015cb66	d8042169290147823c30f083558bc7447095238d17009a06d0f35c225015cb66	geNomad	g3d55b09061fe78d326c9_cacee7aeeedebca4052fa1d23|provirus_47695_66433	Provirus	47695-66433	0.9184	NA	20	4	4.0549	11	Viruses;Duplodnaviria;Heunggongvirae;Uroviricota;Caudoviricetes;;	geNomad_predicted_score_reported	caller_predicted_provirus_locus	caller_only_not_independently_validated	not_assessed	18739	No	NA	20	0	4	Low-quality	Genome-fragment	32.24	AAI-based (medium-confidence)	0.0	1.0	no viral genes detected	32.24	AAI-based (medium-confidence)	0.0	completed
ph_g3d55b09061fe78d326c9_be4d02d834e94344931d234ae7b3ba53	GCF_015070945.1	GCF_015070945.1	g3d55b09061fe78d326c9	g3d55b09061fe78d326c9_cfae773e080325eb7da298a33	NZ_JADDIJ010000035.1	provirus_locus	385	19758	+	+	19373	55007	false	false	genomad_raw_v1		dcd13724d847eb96b528f3a9c4549748e4bd078eb653d3e49d3507ef1081a9f2	dcd13724d847eb96b528f3a9c4549748e4bd078eb653d3e49d3507ef1081a9f2	geNomad	g3d55b09061fe78d326c9_cfae773e080325eb7da298a33|provirus_386_19758	Provirus	386-19758	0.9649	NA	17	1	16.0464	11	Viruses;Duplodnaviria;Heunggongvirae;Uroviricota;Caudoviricetes;;	geNomad_predicted_score_reported	caller_predicted_provirus_locus	caller_only_not_independently_validated	not_assessed	19373	No	NA	17	3	1	Low-quality	Genome-fragment	21.92	AAI-based (medium-confidence)	0.0	1.0		21.92	AAI-based (medium-confidence)	0.0	completed
ph_g3d55b09061fe78d326c9_d7df78e35ef4e4294425abcba224e87e	GCF_015070945.1	GCF_015070945.1	g3d55b09061fe78d326c9	g3d55b09061fe78d326c9_cd8eb7e55c535afc153eb75be	NZ_JADDIJ010000027.1	provirus_locus	57632	73464	+	+	15832	73466	false	false	genomad_raw_v1		e6040ce28656207690c2a3674f811e10c9ef66e06fc32ce98bdc03b959309e41	e6040ce28656207690c2a3674f811e10c9ef66e06fc32ce98bdc03b959309e41	geNomad	g3d55b09061fe78d326c9_cd8eb7e55c535afc153eb75be|provirus_57633_73464	Provirus	57633-73464	0.9576	NA	20	0	12.1642	11	Viruses;Duplodnaviria;Heunggongvirae;Uroviricota;Caudoviricetes;;	geNomad_predicted_score_reported	caller_predicted_provirus_locus	caller_only_not_independently_validated	not_assessed	15832	No	NA	20	2	2	Low-quality	Genome-fragment	29.65	AAI-based (medium-confidence)	0.0	1.0		29.65	AAI-based (medium-confidence)	0.0	completed
ph_g1fa2701811968bcf4b32_0007743cdf32eda1b7b963889c3cf4c4	GCF_021359565.1	GCF_021359565.1	g1fa2701811968bcf4b32	g1fa2701811968bcf4b32_cdf9e53210d72f15acc129755	NZ_CP080295.1	provirus_locus	5482933	5524700	+	+	41767	5540606	false	false	genomad_raw_v1		e07af19842e5d1512964ebf00e11708f073ba46a6b061b97db181fe8e9071531	e07af19842e5d1512964ebf00e11708f073ba46a6b061b97db181fe8e9071531	geNomad	g1fa2701811968bcf4b32_cdf9e53210d72f15acc129755|provirus_5482934_5524700	Provirus	5482934-5524700	0.9722	NA	54	13	37.4957	11	Viruses;Duplodnaviria;Heunggongvirae;Uroviricota;Caudoviricetes;;	geNomad_predicted_score_reported	caller_predicted_provirus_locus	caller_only_not_independently_validated	not_assessed	41767	Yes	34308	54	13	4	Medium-quality	Genome-fragment	84.83	AAI-based (high-confidence)	17.86	1.0		84.83	AAI-based (high-confidence)	17.86	completed
ph_g1fa2701811968bcf4b32_7788b890d0c8cec52e6e9bdce2c9238f	GCF_021359565.1	GCF_021359565.1	g1fa2701811968bcf4b32	g1fa2701811968bcf4b32_cdf9e53210d72f15acc129755	NZ_CP080295.1	provirus_locus	2442254	2459845	+	+	17591	5540606	false	false	genomad_raw_v1		f36eb722206cbd59bc631cae2c7b026d05ee2f09be796e0a804fd3f6be46938b	f36eb722206cbd59bc631cae2c7b026d05ee2f09be796e0a804fd3f6be46938b	geNomad	g1fa2701811968bcf4b32_cdf9e53210d72f15acc129755|provirus_2442255_2459845	Provirus	2442255-2459845	0.8165	NA	25	0	7.6504	11	Viruses;Duplodnaviria;Heunggongvirae;Uroviricota;Caudoviricetes;;	geNomad_predicted_score_reported	caller_predicted_provirus_locus	caller_only_not_independently_validated	not_assessed	17591	No	NA	25	0	2	Not-determined	Genome-fragment	NA	NA	0.0	1.01	no viral genes detected	unknown	unknown	0.0	completed
ph_gc6740fbaa42ebef60d4e_7a749f094db6c072e77be8bf002ec938	GCF_023383525.1	GCF_023383525.1	gc6740fbaa42ebef60d4e	gc6740fbaa42ebef60d4e_c839d0da5c612843731be9e3e	NZ_AYHE01000027.1	provirus_locus	15929	21790	+	+	5861	21919	false	false	genomad_raw_v1		958e06668701e95a847c5418e477f2031400b09a781e59e171d8ae66806d10b8	958e06668701e95a847c5418e477f2031400b09a781e59e171d8ae66806d10b8	geNomad	gc6740fbaa42ebef60d4e_c839d0da5c612843731be9e3e|provirus_15930_21790	Provirus	15930-21790	0.9296	NA	10	1	9.7019	11	Viruses;Duplodnaviria;Heunggongvirae;Uroviricota;Caudoviricetes;;	geNomad_predicted_score_reported	caller_predicted_provirus_locus	caller_only_not_independently_validated	not_assessed	5861	No	NA	10	3	0	Low-quality	Genome-fragment	7.04	HMM-based (lower-bound)	0.0	1.0		7.04	HMM-based (lower-bound)	0.0	completed
ph_gc6740fbaa42ebef60d4e_80030e952cf2740f08b47161af6378f6	GCF_023383525.1	GCF_023383525.1	gc6740fbaa42ebef60d4e	gc6740fbaa42ebef60d4e_c09fe2cf0471637ed838fefc5	NZ_AYHE01000010.1	provirus_locus	78	43798	+	+	43720	52208	false	false	genomad_raw_v1		8290046d8f01fe9829ab2c4033da6cb15079ef5a0fcf5e8b35faad4e67a80bfb	8290046d8f01fe9829ab2c4033da6cb15079ef5a0fcf5e8b35faad4e67a80bfb	geNomad	gc6740fbaa42ebef60d4e_c09fe2cf0471637ed838fefc5|provirus_79_43798	Provirus	79-43798	0.9715	NA	73	13	76.8968	11	Viruses;Duplodnaviria;Heunggongvirae;Uroviricota;Caudoviricetes;;	geNomad_predicted_score_reported	caller_predicted_provirus_locus	caller_only_not_independently_validated	not_assessed	43720	No	NA	73	26	0	High-quality	High-quality	100.0	AAI-based (medium-confidence)	0.0	1.0		100.0	AAI-based (medium-confidence)	0.0	completed
ph_gc6740fbaa42ebef60d4e_97600c0fde9465202294d1c37cc0f823	GCF_023383525.1	GCF_023383525.1	gc6740fbaa42ebef60d4e	gc6740fbaa42ebef60d4e_c7ead2d7d031d0a7cfefdae1e	NZ_AYHE01000070.1	full_contig_virus	0	10911	+	+	10911	10911	true	true	genomad_raw_v1		494221384d42456d35e2b043b52e4097a8cfced29e957bb2734d3e0ccc255293	494221384d42456d35e2b043b52e4097a8cfced29e957bb2734d3e0ccc255293	geNomad	gc6740fbaa42ebef60d4e_c7ead2d7d031d0a7cfefdae1e	No terminal repeats	NA	0.7959	NA	13	0	3.2853	11	Viruses;Duplodnaviria;Heunggongvirae;Uroviricota;Caudoviricetes;;	geNomad_predicted_score_reported	unknown	full_contig_extent_integration_unknown	not_assessed	10911	No	NA	13	0	9	Not-determined	Genome-fragment	NA	NA	0.0	1.0	no viral genes detected	unknown	unknown	0.0	completed
ph_gc6740fbaa42ebef60d4e_eedb888c32ec861a5bccf8881780d7ef	GCF_023383525.1	GCF_023383525.1	gc6740fbaa42ebef60d4e	gc6740fbaa42ebef60d4e_ce75bfc4babcd175467cff8e5	NZ_AYHE01000205.1	full_contig_virus	0	8205	+	+	8205	8205	true	true	genomad_raw_v1		24ca3236d736452cdddf19d958a134e082a63ab6d76a1d9300f556eacc322fc3	24ca3236d736452cdddf19d958a134e082a63ab6d76a1d9300f556eacc322fc3	geNomad	gc6740fbaa42ebef60d4e_ce75bfc4babcd175467cff8e5	No terminal repeats	NA	0.9273	NA	11	0	5.1548	11	Unclassified	geNomad_predicted_score_reported	unknown	full_contig_extent_integration_unknown	not_assessed	8205	No	NA	11	0	1	Not-determined	Genome-fragment	NA	NA	0.0	1.01	no viral genes detected	unknown	unknown	0.0	completed
ph_g94aa6eed884422942505_4756613f94eda350339d8621687a3ae8	GCF_023383605.1	GCF_023383605.1	g94aa6eed884422942505	g94aa6eed884422942505_c24b0bc4ae1df74a43ce004b8	NZ_AYHC01000186.1	full_contig_virus	0	9677	+	+	9677	9677	true	true	genomad_raw_v1		7295da6539983bdfccf7f5a4656707ce0d212777fca1320f7cea0084eb8e9c77	7295da6539983bdfccf7f5a4656707ce0d212777fca1320f7cea0084eb8e9c77	geNomad	g94aa6eed884422942505_c24b0bc4ae1df74a43ce004b8	No terminal repeats	NA	0.7001	NA	12	0	3.0907	11	Viruses;Duplodnaviria;Heunggongvirae;Uroviricota;Caudoviricetes;;	geNomad_predicted_score_reported	unknown	full_contig_extent_integration_unknown	not_assessed	9677	No	NA	12	0	4	Not-determined	Genome-fragment	NA	NA	0.0	1.0	no viral genes detected	unknown	unknown	0.0	completed
ph_g94aa6eed884422942505_677a176d55ad0f8c570db0c2a1f94245	GCF_023383605.1	GCF_023383605.1	g94aa6eed884422942505	g94aa6eed884422942505_c6d0e9e337677249325a59781	NZ_AYHC01000237.1	full_contig_virus	0	3209	+	+	3209	3209	true	true	genomad_raw_v1		ab8362473a9b0c9cd0b8b2b3691f8e1fdbe48725f444bcf78f08b5003cef90f7	ab8362473a9b0c9cd0b8b2b3691f8e1fdbe48725f444bcf78f08b5003cef90f7	geNomad	g94aa6eed884422942505_c6d0e9e337677249325a59781	No terminal repeats	NA	0.7267	NA	5	0	1.7183	11	Unclassified	geNomad_predicted_score_reported	unknown	full_contig_extent_integration_unknown	not_assessed	3209	No	NA	5	0	0	Not-determined	Genome-fragment	NA	NA	0.0	1.0	no viral genes detected	unknown	unknown	0.0	completed
ph_g94aa6eed884422942505_6b9c399ad8c6e3402bc2f3a74f932e87	GCF_023383605.1	GCF_023383605.1	g94aa6eed884422942505	g94aa6eed884422942505_cdb65ec2540401f7383016652	NZ_AYHC01000045.1	full_contig_virus	0	18054	+	+	18054	18054	true	true	genomad_raw_v1		70e87c9dd0bb0ebe6492033eac319e043447af4de569712795ed62c8c36d5885	70e87c9dd0bb0ebe6492033eac319e043447af4de569712795ed62c8c36d5885	geNomad	g94aa6eed884422942505_cdb65ec2540401f7383016652	No terminal repeats	NA	0.9764	NA	29	8	33.2098	11	Viruses;Duplodnaviria;Heunggongvirae;Uroviricota;Caudoviricetes;;	geNomad_predicted_score_reported	unknown	full_contig_extent_integration_unknown	not_assessed	18054	No	NA	29	12	0	Low-quality	Genome-fragment	46.43	AAI-based (medium-confidence)	0.0	1.0		46.43	AAI-based (medium-confidence)	0.0	completed
ph_g94aa6eed884422942505_9b2802734be5ae29613cde25a66e21cd	GCF_023383605.1	GCF_023383605.1	g94aa6eed884422942505	g94aa6eed884422942505_c85b0d602ee8ab76b2e9dd48d	NZ_AYHC01000015.1	provirus_locus	11868	17729	+	+	5861	17864	false	false	genomad_raw_v1		958e06668701e95a847c5418e477f2031400b09a781e59e171d8ae66806d10b8	958e06668701e95a847c5418e477f2031400b09a781e59e171d8ae66806d10b8	geNomad	g94aa6eed884422942505_c85b0d602ee8ab76b2e9dd48d|provirus_11869_17729	Provirus	11869-17729	0.9296	NA	10	1	9.7019	11	Viruses;Duplodnaviria;Heunggongvirae;Uroviricota;Caudoviricetes;;	geNomad_predicted_score_reported	caller_predicted_provirus_locus	caller_only_not_independently_validated	not_assessed	5861	No	NA	10	3	0	Low-quality	Genome-fragment	7.04	HMM-based (lower-bound)	0.0	1.0		7.04	HMM-based (lower-bound)	0.0	completed
ph_g94aa6eed884422942505_d9dbc06948bafbe7d4f7f8b2ca241a0b	GCF_023383605.1	GCF_023383605.1	g94aa6eed884422942505	g94aa6eed884422942505_c4ecefb88f1c020be63f4f345	NZ_AYHC01000010.1	provirus_locus	8417	33599	+	+	25182	33648	false	false	genomad_raw_v1		16ad216770b303c2aa982adb810950caee59f5a8f3ca80651de7882a56aca379	16ad216770b303c2aa982adb810950caee59f5a8f3ca80651de7882a56aca379	geNomad	g94aa6eed884422942505_c4ecefb88f1c020be63f4f345|provirus_8418_33599	Provirus	8418-33599	0.9815	NA	39	5	36.8930	11	Viruses;Duplodnaviria;Heunggongvirae;Uroviricota;Caudoviricetes;;	geNomad_predicted_score_reported	caller_predicted_provirus_locus	caller_only_not_independently_validated	not_assessed	25182	No	NA	39	15	0	Medium-quality	Genome-fragment	58.27	AAI-based (high-confidence)	0.0	1.0		58.27	AAI-based (high-confidence)	0.0	completed
ph_g734c3cf9f43feaf40ed5_69420e6deb7f201316b5d2306c074663	GCF_026966415.1	GCF_026966415.1	g734c3cf9f43feaf40ed5	g734c3cf9f43feaf40ed5_c0205951f9a7d28451f4791aa	NZ_JAPUAJ010000011.1	provirus_locus	98820	119258	+	+	20438	167441	false	false	genomad_raw_v1		27bb8f74668fb0b19a7b25e739ae51872459b8d971b07a759f4cdc1a87c43484	27bb8f74668fb0b19a7b25e739ae51872459b8d971b07a759f4cdc1a87c43484	geNomad	g734c3cf9f43feaf40ed5_c0205951f9a7d28451f4791aa|provirus_98821_119258	Provirus	98821-119258	0.9137	NA	22	0	3.1964	11	Viruses;Duplodnaviria;Heunggongvirae;Uroviricota;Caudoviricetes;;	geNomad_predicted_score_reported	caller_predicted_provirus_locus	caller_only_not_independently_validated	not_assessed	20438	No	NA	22	1	3	Low-quality	Genome-fragment	10.02	HMM-based (lower-bound)	0.0	1.0		10.02	HMM-based (lower-bound)	0.0	completed
ph_g734c3cf9f43feaf40ed5_9c996067063da521b5b15670f6d71cb0	GCF_026966415.1	GCF_026966415.1	g734c3cf9f43feaf40ed5	g734c3cf9f43feaf40ed5_c12eac8cb5baf450c58f67b4c	NZ_JAPUAJ010000007.1	provirus_locus	55786	87087	+	+	31301	230924	false	false	genomad_raw_v1		ad5aeb5eb257f28ce13a9af1fd59000ae47d75e9baf02017c7c8facc3e17a29b	ad5aeb5eb257f28ce13a9af1fd59000ae47d75e9baf02017c7c8facc3e17a29b	geNomad	g734c3cf9f43feaf40ed5_c12eac8cb5baf450c58f67b4c|provirus_55787_87087	Provirus	55787-87087	0.9759	NA	41	12	38.2748	11	Viruses;Duplodnaviria;Heunggongvirae;Uroviricota;Caudoviricetes;;	geNomad_predicted_score_reported	caller_predicted_provirus_locus	caller_only_not_independently_validated	not_assessed	31301	No	NA	41	11	1	Medium-quality	Genome-fragment	77.39	AAI-based (high-confidence)	0.0	1.0		77.39	AAI-based (high-confidence)	0.0	completed
ph_g62e2ff3b9601053e227f_0cfd5c46cfee7f73dccf5d884345bdd3	GCF_037911905.1	GCF_037911905.1	g62e2ff3b9601053e227f	g62e2ff3b9601053e227f_caafb26d11e93d5587f5430a4	NZ_CP084141.1	provirus_locus	1207528	1218156	+	+	10628	2776034	false	false	genomad_raw_v1		d6a624f1e992eb45b43e4016579d4afaca7d12e5977ff84bbaad6fbde1bb2aae	d6a624f1e992eb45b43e4016579d4afaca7d12e5977ff84bbaad6fbde1bb2aae	geNomad	g62e2ff3b9601053e227f_caafb26d11e93d5587f5430a4|provirus_1207529_1218156	Provirus	1207529-1218156	0.8036	NA	20	0	8.1019	11	Viruses;Duplodnaviria;Heunggongvirae;Uroviricota;Caudoviricetes;;	geNomad_predicted_score_reported	caller_predicted_provirus_locus	caller_only_not_independently_validated	not_assessed	10628	No	NA	20	1	1	Low-quality	Genome-fragment	28.62	AAI-based (medium-confidence)	0.0	1.02		28.62	AAI-based (medium-confidence)	0.0	completed
ph_g62e2ff3b9601053e227f_2e5a419ddf6f0c2d9530842ad20aba8c	GCF_037911905.1	GCF_037911905.1	g62e2ff3b9601053e227f	g62e2ff3b9601053e227f_caafb26d11e93d5587f5430a4	NZ_CP084141.1	provirus_locus	2265079	2304068	+	+	38989	2776034	false	false	genomad_raw_v1		622be31c1e9c276d91c44f574335268329c60e71d49311bccd5387ffde6818f4	622be31c1e9c276d91c44f574335268329c60e71d49311bccd5387ffde6818f4	geNomad	g62e2ff3b9601053e227f_caafb26d11e93d5587f5430a4|provirus_2265080_2304068	Provirus	2265080-2304068	0.9404	NA	57	10	38.6694	11	Viruses;Duplodnaviria;Heunggongvirae;Uroviricota;Caudoviricetes;;	geNomad_predicted_score_reported	caller_predicted_provirus_locus	caller_only_not_independently_validated	not_assessed	38989	No	NA	57	16	1	Medium-quality	Genome-fragment	56.56	HMM-based (lower-bound)	0.0	1.0		56.56	HMM-based (lower-bound)	0.0	completed
ph_g62e2ff3b9601053e227f_61a6c85bd99ab0423bd5bf03887adbd8	GCF_037911905.1	GCF_037911905.1	g62e2ff3b9601053e227f	g62e2ff3b9601053e227f_caafb26d11e93d5587f5430a4	NZ_CP084141.1	provirus_locus	493826	534636	+	+	40810	2776034	false	false	genomad_raw_v1		b3e66fd8cd1b116f334074d3d553f7b37db66b6de4216b0ee1b2b0080a195245	b3e66fd8cd1b116f334074d3d553f7b37db66b6de4216b0ee1b2b0080a195245	geNomad	g62e2ff3b9601053e227f_caafb26d11e93d5587f5430a4|provirus_493827_534636	Provirus	493827-534636	0.9523	NA	70	16	73.6435	11	Viruses;Duplodnaviria;Heunggongvirae;Uroviricota;Caudoviricetes;;	geNomad_predicted_score_reported	caller_predicted_provirus_locus	caller_only_not_independently_validated	not_assessed	40810	No	NA	70	19	1	High-quality	High-quality	100.0	AAI-based (high-confidence)	0.0	1.0		100.0	AAI-based (high-confidence)	0.0	completed
ph_g62e2ff3b9601053e227f_eeff8df3b11e7ca19b149c8a27fbda57	GCF_037911905.1	GCF_037911905.1	g62e2ff3b9601053e227f	g62e2ff3b9601053e227f_caafb26d11e93d5587f5430a4	NZ_CP084141.1	provirus_locus	2503354	2549826	+	+	46472	2776034	false	false	genomad_raw_v1		e59e5b2e659c93760ff910cbb30f202f5e5e7c0eb113202427308f3856fab473	e59e5b2e659c93760ff910cbb30f202f5e5e7c0eb113202427308f3856fab473	geNomad	g62e2ff3b9601053e227f_caafb26d11e93d5587f5430a4|provirus_2503355_2549826	Provirus	2503355-2549826	0.9742	NA	73	18	74.9730	11	Viruses;Duplodnaviria;Heunggongvirae;Uroviricota;Caudoviricetes;;	geNomad_predicted_score_reported	caller_predicted_provirus_locus	caller_only_not_independently_validated	not_assessed	46472	No	NA	73	25	0	High-quality	High-quality	100.0	AAI-based (high-confidence)	0.0	1.0		100.0	AAI-based (high-confidence)	0.0	completed
ph_g898b0d745c21beed9690_0595d5c2e4700e43817a54d2514c710c	GCF_040687795.1	GCF_040687795.1	g898b0d745c21beed9690	g898b0d745c21beed9690_c838663f075e5b2d2cb265d88	NZ_CP131534.1	provirus_locus	424547	469940	+	+	45393	5734009	false	false	genomad_raw_v1		0893e2754c426f4b2e7465d9243950baffb5b3a515149b4fac91bf8fe7fac64b	0893e2754c426f4b2e7465d9243950baffb5b3a515149b4fac91bf8fe7fac64b	geNomad	g898b0d745c21beed9690_c838663f075e5b2d2cb265d88|provirus_424548_469940	Provirus	424548-469940	0.9719	NA	48	8	65.8679	11	Viruses;Duplodnaviria;Heunggongvirae;Uroviricota;Caudoviricetes;;	geNomad_predicted_score_reported	caller_predicted_provirus_locus	caller_only_not_independently_validated	not_assessed	45393	Yes	40322	48	8	4	High-quality	High-quality	94.14	AAI-based (medium-confidence)	11.17	1.0		94.14	AAI-based (medium-confidence)	11.17	completed
ph_g898b0d745c21beed9690_12cae78a528dc960e6d119d72da02217	GCF_040687795.1	GCF_040687795.1	g898b0d745c21beed9690	g898b0d745c21beed9690_c838663f075e5b2d2cb265d88	NZ_CP131534.1	provirus_locus	353494	397774	+	+	44280	5734009	false	false	genomad_raw_v1		eae5969c2cc9810953c2e5c0bffbd7dc9882d580fa092e1915f7eaa5a79cafc4	eae5969c2cc9810953c2e5c0bffbd7dc9882d580fa092e1915f7eaa5a79cafc4	geNomad	g898b0d745c21beed9690_c838663f075e5b2d2cb265d88|provirus_353495_397774	Provirus	353495-397774	0.9140	NA	58	3	54.6754	11	Viruses;Duplodnaviria;Heunggongvirae;Uroviricota;Caudoviricetes;;	geNomad_predicted_score_reported	caller_predicted_provirus_locus	caller_only_not_independently_validated	not_assessed	44280	Yes	37460	58	3	4	Medium-quality	Genome-fragment	61.98	AAI-based (medium-confidence)	15.4	1.0		61.98	AAI-based (medium-confidence)	15.4	completed
ph_g898b0d745c21beed9690_22aa613bb2f2d0808ade1ea7edd7601a	GCF_040687795.1	GCF_040687795.1	g898b0d745c21beed9690	g898b0d745c21beed9690_c838663f075e5b2d2cb265d88	NZ_CP131534.1	provirus_locus	2848219	2908770	+	+	60551	5734009	false	false	genomad_raw_v1		a19534994ed659bb2730958ee5ce425978f72e3004d9187e5c036d2694582eae	a19534994ed659bb2730958ee5ce425978f72e3004d9187e5c036d2694582eae	geNomad	g898b0d745c21beed9690_c838663f075e5b2d2cb265d88|provirus_2848220_2908770	Provirus	2848220-2908770	0.9792	NA	80	8	108.4574	11	Viruses;Duplodnaviria;Heunggongvirae;Uroviricota;Caudoviricetes;;	geNomad_predicted_score_reported	caller_predicted_provirus_locus	caller_only_not_independently_validated	not_assessed	60551	No	NA	80	13	3	High-quality	High-quality	100.0	AAI-based (high-confidence)	0.0	1.0		100.0	AAI-based (high-confidence)	0.0	completed
ph_g898b0d745c21beed9690_66070c0d1ac5ba14223349d33f312868	GCF_040687795.1	GCF_040687795.1	g898b0d745c21beed9690	g898b0d745c21beed9690_c838663f075e5b2d2cb265d88	NZ_CP131534.1	provirus_locus	1550512	1568946	+	+	18434	5734009	false	false	genomad_raw_v1		2eb55a615bae441939982934aae4c31e53bf260d7d5541f21d97c329153dd23a	2eb55a615bae441939982934aae4c31e53bf260d7d5541f21d97c329153dd23a	geNomad	g898b0d745c21beed9690_c838663f075e5b2d2cb265d88|provirus_1550513_1568946	Provirus	1550513-1568946	0.8648	NA	24	1	16.8165	11	Viruses;Duplodnaviria;Heunggongvirae;Uroviricota;Caudoviricetes;;	geNomad_predicted_score_reported	caller_predicted_provirus_locus	caller_only_not_independently_validated	not_assessed	18434	Yes	12815	22	3	2	Low-quality	Genome-fragment	7.78	HMM-based (lower-bound)	30.48	1.02		7.78	HMM-based (lower-bound)	30.48	completed
ph_g898b0d745c21beed9690_7ff0b70e1022be563dcd8a68bac8a9ca	GCF_040687795.1	GCF_040687795.1	g898b0d745c21beed9690	g898b0d745c21beed9690_c838663f075e5b2d2cb265d88	NZ_CP131534.1	provirus_locus	4037998	4093976	+	+	55978	5734009	false	false	genomad_raw_v1		df6bfa86cfbae5e9e4c0ed2d30973dd525458cf82e0c566787c3e7d75a98fbdc	df6bfa86cfbae5e9e4c0ed2d30973dd525458cf82e0c566787c3e7d75a98fbdc	geNomad	g898b0d745c21beed9690_c838663f075e5b2d2cb265d88|provirus_4037999_4093976	Provirus	4037999-4093976	0.9712	NA	60	11	59.5526	11	Viruses;Duplodnaviria;Heunggongvirae;Uroviricota;Caudoviricetes;;	geNomad_predicted_score_reported	caller_predicted_provirus_locus	caller_only_not_independently_validated	not_assessed	55978	Yes	29687	60	7	13	Medium-quality	Genome-fragment	69.31	AAI-based (medium-confidence)	46.97	1.0		69.31	AAI-based (medium-confidence)	46.97	completed
ph_g898b0d745c21beed9690_8782e9f436fa58f3ba4de86f4715c961	GCF_040687795.1	GCF_040687795.1	g898b0d745c21beed9690	g898b0d745c21beed9690_c838663f075e5b2d2cb265d88	NZ_CP131534.1	provirus_locus	5491472	5535302	+	+	43830	5734009	false	false	genomad_raw_v1		00c95d035ac9976cd08d94443ffde926490904c65a3132f7369c51b62958fb15	00c95d035ac9976cd08d94443ffde926490904c65a3132f7369c51b62958fb15	geNomad	g898b0d745c21beed9690_c838663f075e5b2d2cb265d88|provirus_5491473_5535302	Provirus	5491473-5535302	0.9790	NA	47	11	71.8563	11	Viruses;Duplodnaviria;Heunggongvirae;Uroviricota;Caudoviricetes;;	geNomad_predicted_score_reported	caller_predicted_provirus_locus	caller_only_not_independently_validated	not_assessed	43830	No	NA	48	6	3	High-quality	High-quality	100.0	AAI-based (high-confidence)	0.0	1.0		100.0	AAI-based (high-confidence)	0.0	completed
ph_g898b0d745c21beed9690_b30aaec2e7312100e16474771668510a	GCF_040687795.1	GCF_040687795.1	g898b0d745c21beed9690	g898b0d745c21beed9690_c838663f075e5b2d2cb265d88	NZ_CP131534.1	provirus_locus	5196580	5308722	+	+	112142	5734009	false	false	genomad_raw_v1		0cf0bbda9e90f2b33f771b01810706933d95204b63a50e3546d99452181456c5	0cf0bbda9e90f2b33f771b01810706933d95204b63a50e3546d99452181456c5	geNomad	g898b0d745c21beed9690_c838663f075e5b2d2cb265d88|provirus_5196581_5308722	Provirus	5196581-5308722	0.9761	NA	177	22	172.9200	11	Viruses;Duplodnaviria;Heunggongvirae;Uroviricota;Caudoviricetes;;	geNomad_predicted_score_reported	caller_predicted_provirus_locus	caller_only_not_independently_validated	not_assessed	112142	No	NA	174	31	5	High-quality	High-quality	100.0	AAI-based (high-confidence)	0.0	1.0		100.0	AAI-based (high-confidence)	0.0	completed
ph_g898b0d745c21beed9690_c158ff77c954f9eaa09094f57dc3a18b	GCF_040687795.1	GCF_040687795.1	g898b0d745c21beed9690	g898b0d745c21beed9690_c838663f075e5b2d2cb265d88	NZ_CP131534.1	provirus_locus	2047462	2080914	+	+	33452	5734009	false	false	genomad_raw_v1		ef3ef1da38d32a01786a0600370be7746f1bab4c0b467b03483c6494c09c1742	ef3ef1da38d32a01786a0600370be7746f1bab4c0b467b03483c6494c09c1742	geNomad	g898b0d745c21beed9690_c838663f075e5b2d2cb265d88|provirus_2047463_2080914	Provirus	2047463-2080914	0.9737	NA	46	12	41.7757	11	Viruses;Duplodnaviria;Heunggongvirae;Uroviricota;Caudoviricetes;;	geNomad_predicted_score_reported	caller_predicted_provirus_locus	caller_only_not_independently_validated	not_assessed	33452	No	NA	46	13	0	Medium-quality	Genome-fragment	82.71	AAI-based (high-confidence)	0.0	1.0		82.71	AAI-based (high-confidence)	0.0	completed
ph_g898b0d745c21beed9690_d93e4bf1e57fb356b12c258e206ec2af	GCF_040687795.1	GCF_040687795.1	g898b0d745c21beed9690	g898b0d745c21beed9690_c838663f075e5b2d2cb265d88	NZ_CP131534.1	provirus_locus	1626366	1647812	+	+	21446	5734009	false	false	genomad_raw_v1		b2d06b20511ca9024b0f25dc979caf133aae86e4c0acb802e3dd1a43f2d69056	b2d06b20511ca9024b0f25dc979caf133aae86e4c0acb802e3dd1a43f2d69056	geNomad	g898b0d745c21beed9690_c838663f075e5b2d2cb265d88|provirus_1626367_1647812	Provirus	1626367-1647812	0.7904	NA	24	1	6.7758	11	Viruses;Duplodnaviria;Heunggongvirae;Uroviricota;Caudoviricetes;;	geNomad_predicted_score_reported	caller_predicted_provirus_locus	caller_only_not_independently_validated	not_assessed	21446	No	NA	24	0	4	Not-determined	Genome-fragment	NA	NA	0.0	1.0	no viral genes detected	unknown	unknown	0.0	completed
ph_g92491f44d456c6f97f77_8b2a489be0ac1841ab4a611e1cb25a2d	GCF_900637905.1	GCF_900637905.1	g92491f44d456c6f97f77	g92491f44d456c6f97f77_c4b348b27daf9938b5214350e	NZ_LR134472.1	provirus_locus	898346	929578	+	+	31232	1677398	false	false	genomad_raw_v1		18b5b8e40aa4afd4f6f0bb1c775aac0158837719070b873ed720c143d4d09cbf	18b5b8e40aa4afd4f6f0bb1c775aac0158837719070b873ed720c143d4d09cbf	geNomad	g92491f44d456c6f97f77_c4b348b27daf9938b5214350e|provirus_898347_929578	Provirus	898347-929578	0.9585	NA	50	9	43.6412	11	Viruses;Duplodnaviria;Heunggongvirae;Uroviricota;Caudoviricetes;;	geNomad_predicted_score_reported	caller_predicted_provirus_locus	caller_only_not_independently_validated	not_assessed	31232	No	NA	50	23	0	High-quality	High-quality	100.0	AAI-based (medium-confidence)	0.0	1.0		100.0	AAI-based (medium-confidence)	0.0	completed
ph_g9b0d2b3b27d6d475b732_86d8216bdd2d5cba5a861787a0a24493	GCA_001816225.4	GCA_001816225.4	g9b0d2b3b27d6d475b732	g9b0d2b3b27d6d475b732_c4442236638bf7f7a7771dbec	CP129606.2	provirus_locus	706194	722495	+	+	16301	5370799	false	false	genomad_raw_v1		f479a847de737543a81b47b4f36769a6ae30cbb3ee1e52adffa9170eb5489359	f479a847de737543a81b47b4f36769a6ae30cbb3ee1e52adffa9170eb5489359	geNomad	g9b0d2b3b27d6d475b732_c4442236638bf7f7a7771dbec|provirus_706195_722495	Provirus	706195-722495	0.8820	NA	25	1	16.8165	11	Viruses;Duplodnaviria;Heunggongvirae;Uroviricota;Caudoviricetes;;	geNomad_predicted_score_reported	caller_predicted_provirus_locus	caller_only_not_independently_validated	not_assessed	16301	No	NA	25	2	1	Low-quality	Genome-fragment	32.68	AAI-based (medium-confidence)	0.0	1.0		32.68	AAI-based (medium-confidence)	0.0	completed
ph_g9b0d2b3b27d6d475b732_a2a87a1efa96b3ac8d653ab8b6c0070a	GCA_001816225.4	GCA_001816225.4	g9b0d2b3b27d6d475b732	g9b0d2b3b27d6d475b732_c4442236638bf7f7a7771dbec	CP129606.2	provirus_locus	1174295	1205533	+	+	31238	5370799	false	false	genomad_raw_v1		46bd73567880fb034dc8c67a0f9166132ba996ca53874088da2c1e3f824dd3b2	46bd73567880fb034dc8c67a0f9166132ba996ca53874088da2c1e3f824dd3b2	geNomad	g9b0d2b3b27d6d475b732_c4442236638bf7f7a7771dbec|provirus_1174296_1205533	Provirus	1174296-1205533	0.9779	NA	44	12	41.6575	11	Viruses;Duplodnaviria;Heunggongvirae;Uroviricota;Caudoviricetes;;	geNomad_predicted_score_reported	caller_predicted_provirus_locus	caller_only_not_independently_validated	not_assessed	31238	No	NA	44	13	0	Medium-quality	Genome-fragment	77.39	AAI-based (high-confidence)	0.0	1.0		77.39	AAI-based (high-confidence)	0.0	completed
ph_g9b0d2b3b27d6d475b732_c2a3b0635d813a2c05d43f07f1020a56	GCA_001816225.4	GCA_001816225.4	g9b0d2b3b27d6d475b732	g9b0d2b3b27d6d475b732_c4442236638bf7f7a7771dbec	CP129606.2	provirus_locus	300154	339804	+	+	39650	5370799	false	false	genomad_raw_v1		9d3edd782c8acded7ee61686c93a3c7fe0cf3aa4c523491dff665c580a3ca30b	9d3edd782c8acded7ee61686c93a3c7fe0cf3aa4c523491dff665c580a3ca30b	geNomad	g9b0d2b3b27d6d475b732_c4442236638bf7f7a7771dbec|provirus_300155_339804	Provirus	300155-339804	0.9783	NA	46	8	69.0942	11	Viruses;Duplodnaviria;Heunggongvirae;Uroviricota;Caudoviricetes;;	geNomad_predicted_score_reported	caller_predicted_provirus_locus	caller_only_not_independently_validated	not_assessed	39650	No	NA	42	7	1	High-quality	High-quality	92.57	AAI-based (medium-confidence)	0.0	1.0		92.57	AAI-based (medium-confidence)	0.0	completed
ph_g9b0d2b3b27d6d475b732_c7289b81ef99fafbcde644b9cccb580f	GCA_001816225.4	GCA_001816225.4	g9b0d2b3b27d6d475b732	g9b0d2b3b27d6d475b732_c4442236638bf7f7a7771dbec	CP129606.2	provirus_locus	4903212	4945612	+	+	42400	5370799	false	false	genomad_raw_v1		7616fdae24a8338065a4f23f651aa842141ec30c6993bee6c787937ca644a81e	7616fdae24a8338065a4f23f651aa842141ec30c6993bee6c787937ca644a81e	geNomad	g9b0d2b3b27d6d475b732_c4442236638bf7f7a7771dbec|provirus_4903213_4945612	Provirus	4903213-4945612	0.8838	NA	60	4	60.4428	11	Viruses;Duplodnaviria;Heunggongvirae;Uroviricota;Caudoviricetes;;	geNomad_predicted_score_reported	caller_predicted_provirus_locus	caller_only_not_independently_validated	not_assessed	42400	No	NA	60	5	3	Medium-quality	Genome-fragment	67.22	AAI-based (high-confidence)	0.0	1.0		67.22	AAI-based (high-confidence)	0.0	completed
ph_g3d60c79463ebe84e6b3f_2a2bd302c5e7c55449c58667163e89bc	GCA_037578015.1	GCA_037578015.1	g3d60c79463ebe84e6b3f	g3d60c79463ebe84e6b3f_c9fff629324f4628bd07778e1	JAJAVK010000002.1	provirus_locus	1114792	1160484	+	+	45692	1756628	false	false	genomad_raw_v1		788fa34b26cfa45b66f7af9a7c1035e21f599b3e5cc77f105b691198d3779a78	788fa34b26cfa45b66f7af9a7c1035e21f599b3e5cc77f105b691198d3779a78	geNomad	g3d60c79463ebe84e6b3f_c9fff629324f4628bd07778e1|provirus_1114793_1160484	Provirus	1114793-1160484	0.9772	NA	66	16	74.3922	11	Viruses;Duplodnaviria;Heunggongvirae;Uroviricota;Caudoviricetes;;	geNomad_predicted_score_reported	caller_predicted_provirus_locus	caller_only_not_independently_validated	not_assessed	45692	No	NA	66	32	0	High-quality	High-quality	100.0	AAI-based (high-confidence)	0.0	1.0		100.0	AAI-based (high-confidence)	0.0	completed
ph_g3d60c79463ebe84e6b3f_7c24bcde9df756c4f559e0220f9a0fcd	GCA_037578015.1	GCA_037578015.1	g3d60c79463ebe84e6b3f	g3d60c79463ebe84e6b3f_c9fff629324f4628bd07778e1	JAJAVK010000002.1	provirus_locus	999935	1040425	+	+	40490	1756628	false	false	genomad_raw_v1		fc9d5c9ca99c81db0c8a1750a4413d2a9126231eb6a56e8eac0bf770550d6d33	fc9d5c9ca99c81db0c8a1750a4413d2a9126231eb6a56e8eac0bf770550d6d33	geNomad	g3d60c79463ebe84e6b3f_c9fff629324f4628bd07778e1|provirus_999936_1040425	Provirus	999936-1040425	0.9478	NA	69	15	66.5621	11	Viruses;Duplodnaviria;Heunggongvirae;Uroviricota;Caudoviricetes;;	geNomad_predicted_score_reported	caller_predicted_provirus_locus	caller_only_not_independently_validated	not_assessed	40490	No	NA	69	17	2	High-quality	High-quality	100.0	AAI-based (high-confidence)	0.0	1.0		100.0	AAI-based (high-confidence)	0.0	completed
ph_g710ab1c097ca5c5b9ae2_307cff9572271392a4a56d9ee0502f98	GCA_049315025.1	GCA_049315025.1	g710ab1c097ca5c5b9ae2	g710ab1c097ca5c5b9ae2_c9b857ebda335f4ac95d71016	CP186030.1	provirus_locus	4644421	4704443	+	+	60022	5430978	false	false	genomad_raw_v1		50e9370bfb80702a82a4537e60fb62a8eb4ea0a1134753be0527fff2a6d03214	50e9370bfb80702a82a4537e60fb62a8eb4ea0a1134753be0527fff2a6d03214	geNomad	g710ab1c097ca5c5b9ae2_c9b857ebda335f4ac95d71016|provirus_4644422_4704443	Provirus	4644422-4704443	0.9737	NA	80	11	81.1998	11	Viruses;Duplodnaviria;Heunggongvirae;Uroviricota;Caudoviricetes;;	geNomad_predicted_score_reported	caller_predicted_provirus_locus	caller_only_not_independently_validated	not_assessed	60022	No	NA	80	14	4	High-quality	High-quality	97.07	AAI-based (high-confidence)	0.0	1.0		97.07	AAI-based (high-confidence)	0.0	completed
ph_g710ab1c097ca5c5b9ae2_3420e0a6dbfae979caad0527901d0001	GCA_049315025.1	GCA_049315025.1	g710ab1c097ca5c5b9ae2	g710ab1c097ca5c5b9ae2_c9b857ebda335f4ac95d71016	CP186030.1	provirus_locus	5380308	5415083	+	+	34775	5430978	false	false	genomad_raw_v1		2860bc8a6db260396b39f5992392820f9f3d4edb9617f9f8321d257329c2fc07	2860bc8a6db260396b39f5992392820f9f3d4edb9617f9f8321d257329c2fc07	geNomad	g710ab1c097ca5c5b9ae2_c9b857ebda335f4ac95d71016|provirus_5380309_5415083	Provirus	5380309-5415083	0.9754	NA	49	12	38.8693	11	Viruses;Duplodnaviria;Heunggongvirae;Uroviricota;Caudoviricetes;;	geNomad_predicted_score_reported	caller_predicted_provirus_locus	caller_only_not_independently_validated	not_assessed	34775	No	NA	49	13	1	Medium-quality	Genome-fragment	85.99	AAI-based (high-confidence)	0.0	1.0		85.99	AAI-based (high-confidence)	0.0	completed
ph_ge5aa6b5ec1680e613c20_266f8707c89a2bbe005c3bc825664aa4	GCA_050845875.1	GCA_050845875.1	ge5aa6b5ec1680e613c20	ge5aa6b5ec1680e613c20_c967cfb39a3bb32208793b427	CP193408.1	provirus_locus	4009796	4074237	+	+	64441	5142891	false	false	genomad_raw_v1		6dc61b30ed61f518569abc732cd3cc331fa6f96ce2ee575132bce3808d4c2d0e	6dc61b30ed61f518569abc732cd3cc331fa6f96ce2ee575132bce3808d4c2d0e	geNomad	ge5aa6b5ec1680e613c20_c967cfb39a3bb32208793b427|provirus_4009797_4074237	Provirus	4009797-4074237	0.9694	NA	95	7	91.0803	11	Viruses;Duplodnaviria;Heunggongvirae;Uroviricota;Caudoviricetes;;	geNomad_predicted_score_reported	caller_predicted_provirus_locus	caller_only_not_independently_validated	not_assessed	64441	No	NA	93	19	3	High-quality	High-quality	100.0	AAI-based (high-confidence)	0.0	1.0		100.0	AAI-based (high-confidence)	0.0	completed
ph_ge5aa6b5ec1680e613c20_c6e7c4c37eb8191ff429ad548e2c9d23	GCA_050845875.1	GCA_050845875.1	ge5aa6b5ec1680e613c20	ge5aa6b5ec1680e613c20_c967cfb39a3bb32208793b427	CP193408.1	provirus_locus	2593342	2619138	+	+	25796	5142891	false	false	genomad_raw_v1		d8ff9935a9d20b27fc11a198dac18b7c99ff2f55ebc8d478386c3570e314bf4f	d8ff9935a9d20b27fc11a198dac18b7c99ff2f55ebc8d478386c3570e314bf4f	geNomad	ge5aa6b5ec1680e613c20_c967cfb39a3bb32208793b427|provirus_2593343_2619138	Provirus	2593343-2619138	0.7566	NA	30	0	7.9758	11	Viruses;Duplodnaviria;Heunggongvirae;Uroviricota;Caudoviricetes;;	geNomad_predicted_score_reported	caller_predicted_provirus_locus	caller_only_not_independently_validated	not_assessed	25796	No	NA	28	0	11	Not-determined	Genome-fragment	NA	NA	0.0	1.0	no viral genes detected	unknown	unknown	0.0	completed
ph_ge5aa6b5ec1680e613c20_c966ddb82138f8eb25a83d74e63b42d1	GCA_050845875.1	GCA_050845875.1	ge5aa6b5ec1680e613c20	ge5aa6b5ec1680e613c20_c967cfb39a3bb32208793b427	CP193408.1	provirus_locus	5085237	5125540	+	+	40303	5142891	false	false	genomad_raw_v1		d442a9326063f74c0ccf17e4e8928e46d63f14506f01d4e5a6c9712d8ebace71	d442a9326063f74c0ccf17e4e8928e46d63f14506f01d4e5a6c9712d8ebace71	geNomad	ge5aa6b5ec1680e613c20_c967cfb39a3bb32208793b427|provirus_5085238_5125540	Provirus	5085238-5125540	0.9666	NA	54	10	42.8010	11	Viruses;Duplodnaviria;Heunggongvirae;Uroviricota;Caudoviricetes;;	geNomad_predicted_score_reported	caller_predicted_provirus_locus	caller_only_not_independently_validated	not_assessed	40303	Yes	33470	54	10	4	High-quality	High-quality	90.3	AAI-based (high-confidence)	16.95	1.0		90.3	AAI-based (high-confidence)	16.95	completed
ph_ge5aa6b5ec1680e613c20_deb692bd526a685e09251a84cebcf6e3	GCA_050845875.1	GCA_050845875.1	ge5aa6b5ec1680e613c20	ge5aa6b5ec1680e613c20_c967cfb39a3bb32208793b427	CP193408.1	provirus_locus	2408190	2476921	+	+	68731	5142891	false	false	genomad_raw_v1		45b20b5ea23b84659a5b0d2189c6dac420f7dae10be368c1fd931a2c6f32b945	45b20b5ea23b84659a5b0d2189c6dac420f7dae10be368c1fd931a2c6f32b945	geNomad	ge5aa6b5ec1680e613c20_c967cfb39a3bb32208793b427|provirus_2408191_2476921	Provirus	2408191-2476921	0.9527	NA	81	7	54.6207	11	Viruses;Duplodnaviria;Heunggongvirae;Uroviricota;Caudoviricetes;;	geNomad_predicted_score_reported	caller_predicted_provirus_locus	caller_only_not_independently_validated	not_assessed	68731	No	NA	81	5	4	Medium-quality	Genome-fragment	89.91	AAI-based (medium-confidence)	0.0	1.0		89.91	AAI-based (medium-confidence)	0.0	completed
ph_g084a71fa059fe9b8dad4_60c536bee04b4ce32197277b46c35faa	GCA_057796905.1	GCA_057796905.1	g084a71fa059fe9b8dad4	g084a71fa059fe9b8dad4_cf26b36f18ec1488496fa0ecd	CM173547.1	provirus_locus	3660228	3701896	+	+	41668	5308633	false	false	genomad_raw_v1		52f4f0ba2fc54a7bf849d39959fd33e6934a33c66c9792ba5df07e8eb3595709	52f4f0ba2fc54a7bf849d39959fd33e6934a33c66c9792ba5df07e8eb3595709	geNomad	g084a71fa059fe9b8dad4_cf26b36f18ec1488496fa0ecd|provirus_3660229_3701896	Provirus	3660229-3701896	0.8895	NA	54	3	55.8593	11	Viruses;Duplodnaviria;Heunggongvirae;Uroviricota;Caudoviricetes;;	geNomad_predicted_score_reported	caller_predicted_provirus_locus	caller_only_not_independently_validated	not_assessed	41668	Yes	34822	54	5	4	Medium-quality	Genome-fragment	57.81	AAI-based (medium-confidence)	16.43	1.0		57.81	AAI-based (medium-confidence)	16.43	completed
ph_g084a71fa059fe9b8dad4_a990db03a3fd697470ffbab7a0dc0fec	GCA_057796905.1	GCA_057796905.1	g084a71fa059fe9b8dad4	g084a71fa059fe9b8dad4_cf26b36f18ec1488496fa0ecd	CM173547.1	provirus_locus	3533603	3586118	+	+	52515	5308633	false	false	genomad_raw_v1		e71582948e8a7c46d3a7d6f464d00c0d4fa129bd55cf3b7eac2132631efc9932	e71582948e8a7c46d3a7d6f464d00c0d4fa129bd55cf3b7eac2132631efc9932	geNomad	g084a71fa059fe9b8dad4_cf26b36f18ec1488496fa0ecd|provirus_3533604_3586118	Provirus	3533604-3586118	0.9474	NA	65	6	51.0703	11	Viruses;Duplodnaviria;Heunggongvirae;Uroviricota;Caudoviricetes;;	geNomad_predicted_score_reported	caller_predicted_provirus_locus	caller_only_not_independently_validated	not_assessed	52515	Yes	48835	65	6	4	High-quality	High-quality	100.0	AAI-based (high-confidence)	7.01	1.01		100.0	AAI-based (high-confidence)	7.01	completed
ph_g35b139116635ff6c1341_151e13c5897c8be2fead44690289c887	GCA_057797795.1	GCA_057797795.1	g35b139116635ff6c1341	g35b139116635ff6c1341_c3280a5dab56ad0428edcd8d1	CM173564.1	provirus_locus	3713281	3755143	+	+	41862	5295759	false	false	genomad_raw_v1		64c20b0c2bcd32335e43a867746cdaa3d3e1dfae8de73008c8abbf2744b36b02	64c20b0c2bcd32335e43a867746cdaa3d3e1dfae8de73008c8abbf2744b36b02	geNomad	g35b139116635ff6c1341_c3280a5dab56ad0428edcd8d1|provirus_3713282_3755143	Provirus	3713282-3755143	0.8936	NA	55	3	58.2576	11	Viruses;Duplodnaviria;Heunggongvirae;Uroviricota;Caudoviricetes;;	geNomad_predicted_score_reported	caller_predicted_provirus_locus	caller_only_not_independently_validated	not_assessed	41862	Yes	35036	55	4	4	Medium-quality	Genome-fragment	58.45	AAI-based (medium-confidence)	16.31	1.0		58.45	AAI-based (medium-confidence)	16.31	completed
ph_g35b139116635ff6c1341_1858db362be6eea8ae6e9121402cfa89	GCA_057797795.1	GCA_057797795.1	g35b139116635ff6c1341	g35b139116635ff6c1341_c3280a5dab56ad0428edcd8d1	CM173564.1	provirus_locus	3589564	3639344	+	+	49780	5295759	false	false	genomad_raw_v1		a91d7aac2497f602a04a07e191837abb485cb685abe1502338d84b348ccd6d5e	a91d7aac2497f602a04a07e191837abb485cb685abe1502338d84b348ccd6d5e	geNomad	g35b139116635ff6c1341_c3280a5dab56ad0428edcd8d1|provirus_3589565_3639344	Provirus	3589565-3639344	0.9536	NA	59	6	48.5187	11	Viruses;Duplodnaviria;Heunggongvirae;Uroviricota;Caudoviricetes;;	geNomad_predicted_score_reported	caller_predicted_provirus_locus	caller_only_not_independently_validated	not_assessed	49780	Yes	46100	59	6	4	Medium-quality	Genome-fragment	63.84	AAI-based (medium-confidence)	7.39	1.01		63.84	AAI-based (medium-confidence)	7.39	completed
ph_g08a104675f40898b1e28_2eb4e2a06f2f59df71cf3347d53b21e6	GCA_057799855.1	GCA_057799855.1	g08a104675f40898b1e28	g08a104675f40898b1e28_cda175aab8d79acc61999aa89	CM173577.1	provirus_locus	3639269	3682976	+	+	43707	5360389	false	false	genomad_raw_v1		47bf041af84b0f1ccf78d7c249f1749aa44aae76c5fc7055bafa897a7e86b0a0	47bf041af84b0f1ccf78d7c249f1749aa44aae76c5fc7055bafa897a7e86b0a0	geNomad	g08a104675f40898b1e28_cda175aab8d79acc61999aa89|provirus_3639270_3682976	Provirus	3639270-3682976	0.9147	NA	58	3	54.5653	11	Viruses;Duplodnaviria;Heunggongvirae;Uroviricota;Caudoviricetes;;	geNomad_predicted_score_reported	caller_predicted_provirus_locus	caller_only_not_independently_validated	not_assessed	43707	Yes	36884	58	4	4	Medium-quality	Genome-fragment	61.2	AAI-based (medium-confidence)	15.61	1.0		61.2	AAI-based (medium-confidence)	15.61	completed
ph_g08a104675f40898b1e28_3f84e17d80b7b70352e2a9d9d315bb47	GCA_057799855.1	GCA_057799855.1	g08a104675f40898b1e28	g08a104675f40898b1e28_cda175aab8d79acc61999aa89	CM173577.1	provirus_locus	3779283	3813775	+	+	34492	5360389	false	false	genomad_raw_v1		3dd4fe5c0199966c5a0357e8f29d647155b3780da3110b911c983f27dcd36f70	3dd4fe5c0199966c5a0357e8f29d647155b3780da3110b911c983f27dcd36f70	geNomad	g08a104675f40898b1e28_cda175aab8d79acc61999aa89|provirus_3779284_3813775	Provirus	3779284-3813775	0.9704	NA	47	10	46.0907	11	Viruses;Duplodnaviria;Heunggongvirae;Uroviricota;Caudoviricetes;;	geNomad_predicted_score_reported	caller_predicted_provirus_locus	caller_only_not_independently_validated	not_assessed	34492	No	NA	47	12	0	High-quality	High-quality	92.45	AAI-based (medium-confidence)	0.0	1.0		92.45	AAI-based (medium-confidence)	0.0	completed
ph_g08a104675f40898b1e28_3faef69c5e2a87ad30f4a9057f872325	GCA_057799855.1	GCA_057799855.1	g08a104675f40898b1e28	g08a104675f40898b1e28_cda175aab8d79acc61999aa89	CM173577.1	provirus_locus	2553435	2614160	+	+	60725	5360389	false	false	genomad_raw_v1		cc577a4d2cb5b5e080a1e71b0d1c1556b741d9eef8de291dcad97aba2fa324d2	cc577a4d2cb5b5e080a1e71b0d1c1556b741d9eef8de291dcad97aba2fa324d2	geNomad	g08a104675f40898b1e28_cda175aab8d79acc61999aa89|provirus_2553436_2614160	Provirus	2553436-2614160	0.9589	NA	67	6	55.4615	11	Viruses;Duplodnaviria;Heunggongvirae;Uroviricota;Caudoviricetes;;	geNomad_predicted_score_reported	caller_predicted_provirus_locus	caller_only_not_independently_validated	not_assessed	60725	Yes	47688	67	6	4	High-quality	High-quality	100.0	AAI-based (high-confidence)	21.47	1.0		100.0	AAI-based (high-confidence)	21.47	completed
ph_g08a104675f40898b1e28_64800e11dcdfc91fc3b1ae70c3364ad3	GCA_057799855.1	GCA_057799855.1	g08a104675f40898b1e28	g08a104675f40898b1e28_cda175aab8d79acc61999aa89	CM173577.1	provirus_locus	5303133	5343029	+	+	39896	5360389	false	false	genomad_raw_v1		30c4e41beb2231bcea525d1db1c61e484b40b3fb50cd94a9b3af294e6303d1be	30c4e41beb2231bcea525d1db1c61e484b40b3fb50cd94a9b3af294e6303d1be	geNomad	g08a104675f40898b1e28_cda175aab8d79acc61999aa89|provirus_5303134_5343029	Provirus	5303134-5343029	0.9708	NA	54	10	45.1137	11	Viruses;Duplodnaviria;Heunggongvirae;Uroviricota;Caudoviricetes;;	geNomad_predicted_score_reported	caller_predicted_provirus_locus	caller_only_not_independently_validated	not_assessed	39896	No	NA	54	13	3	High-quality	High-quality	100.0	AAI-based (medium-confidence)	0.0	1.0		100.0	AAI-based (medium-confidence)	0.0	completed
ph_g08a104675f40898b1e28_67f475a413795a42b46d9ef0799e2dae	GCA_057799855.1	GCA_057799855.1	g08a104675f40898b1e28	g08a104675f40898b1e28_cda175aab8d79acc61999aa89	CM173577.1	provirus_locus	92321	118013	+	+	25692	5360389	false	false	genomad_raw_v1		c7a364d80e7909c5d5af51053d2ec81d62314ce8e02bb3031279dd97d77f19c5	c7a364d80e7909c5d5af51053d2ec81d62314ce8e02bb3031279dd97d77f19c5	geNomad	g08a104675f40898b1e28_cda175aab8d79acc61999aa89|provirus_92322_118013	Provirus	92322-118013	0.8734	NA	23	2	9.2336	11	Viruses;Duplodnaviria;Heunggongvirae;Uroviricota;Caudoviricetes;;	geNomad_predicted_score_reported	caller_predicted_provirus_locus	caller_only_not_independently_validated	not_assessed	25692	No	NA	23	0	12	Not-determined	Genome-fragment	NA	NA	0.0	1.0	no viral genes detected	unknown	unknown	0.0	completed
ph_g08a104675f40898b1e28_72745359c8991efd6ea2964d6d7707bc	GCA_057799855.1	GCA_057799855.1	g08a104675f40898b1e28	g08a104675f40898b1e28_cda175aab8d79acc61999aa89	CM173577.1	provirus_locus	5213615	5237067	+	+	23452	5360389	false	false	genomad_raw_v1		880f69ed5a3c226ed0e7214e635cfbfa13d9f62161e7624681f4c8652f7271f0	880f69ed5a3c226ed0e7214e635cfbfa13d9f62161e7624681f4c8652f7271f0	geNomad	g08a104675f40898b1e28_cda175aab8d79acc61999aa89|provirus_5213616_5237067	Provirus	5213616-5237067	0.8374	NA	21	1	13.7410	11	Viruses;Duplodnaviria;Heunggongvirae;Uroviricota;Caudoviricetes;;	geNomad_predicted_score_reported	caller_predicted_provirus_locus	caller_only_not_independently_validated	not_assessed	23452	No	NA	23	0	5	Not-determined	Genome-fragment	NA	NA	0.0	1.0	no viral genes detected	unknown	unknown	0.0	completed
ph_gf167d6dbd9727b73cc44_4cb777cc68f61e7061a59a23a3ccfddd	GCA_057801175.1	GCA_057801175.1	gf167d6dbd9727b73cc44	gf167d6dbd9727b73cc44_c16a39b3f1aef39986c633b37	CM173591.1	provirus_locus	3619396	3670832	+	+	51436	5323992	false	false	genomad_raw_v1		f77f19998cacbc244ab51cf1f527d46aa99410cf400a495b7435e256d62a7c0c	f77f19998cacbc244ab51cf1f527d46aa99410cf400a495b7435e256d62a7c0c	geNomad	gf167d6dbd9727b73cc44_c16a39b3f1aef39986c633b37|provirus_3619397_3670832	Provirus	3619397-3670832	0.9519	NA	63	6	50.7313	11	Viruses;Duplodnaviria;Heunggongvirae;Uroviricota;Caudoviricetes;;	geNomad_predicted_score_reported	caller_predicted_provirus_locus	caller_only_not_independently_validated	not_assessed	51436	Yes	47756	63	5	4	Medium-quality	Genome-fragment	66.17	AAI-based (high-confidence)	7.15	1.01		66.17	AAI-based (high-confidence)	7.15	completed
ph_gf167d6dbd9727b73cc44_793cec007f186292d8875964ef864924	GCA_057801175.1	GCA_057801175.1	gf167d6dbd9727b73cc44	gf167d6dbd9727b73cc44_c16a39b3f1aef39986c633b37	CM173591.1	provirus_locus	3743932	3785786	+	+	41854	5323992	false	false	genomad_raw_v1		bc86cfb5d21f6f67eead020b42e0f17b89b981cfa004beddeab9e6b8196f6d7b	bc86cfb5d21f6f67eead020b42e0f17b89b981cfa004beddeab9e6b8196f6d7b	geNomad	gf167d6dbd9727b73cc44_c16a39b3f1aef39986c633b37|provirus_3743933_3785786	Provirus	3743933-3785786	0.9090	NA	55	3	52.6661	11	Viruses;Duplodnaviria;Heunggongvirae;Uroviricota;Caudoviricetes;;	geNomad_predicted_score_reported	caller_predicted_provirus_locus	caller_only_not_independently_validated	not_assessed	41854	Yes	34999	55	3	4	Medium-quality	Genome-fragment	58.06	AAI-based (medium-confidence)	16.38	1.01		58.06	AAI-based (medium-confidence)	16.38	completed
ph_gf167d6dbd9727b73cc44_f153ebbc5c73528539dfd0c2ec5df574	GCA_057801175.1	GCA_057801175.1	gf167d6dbd9727b73cc44	gf167d6dbd9727b73cc44_c16a39b3f1aef39986c633b37	CM173591.1	provirus_locus	2946073	2986114	+	+	40041	5323992	false	false	genomad_raw_v1		035635e4a1516661d968d572be0b17ccea8cf1987cb391d1b2c068f42afadae4	035635e4a1516661d968d572be0b17ccea8cf1987cb391d1b2c068f42afadae4	geNomad	gf167d6dbd9727b73cc44_c16a39b3f1aef39986c633b37|provirus_2946074_2986114	Provirus	2946074-2986114	0.7025	NA	48	0	4.9580	11	Viruses;Duplodnaviria;Heunggongvirae;Uroviricota;Caudoviricetes;;	geNomad_predicted_score_reported	caller_predicted_provirus_locus	caller_only_not_independently_validated	not_assessed	40041	No	NA	48	0	4	Not-determined	Genome-fragment	NA	NA	0.0	1.0	no viral genes detected	unknown	unknown	0.0	completed
ph_g29fac831b0e871f3a535_247443a78553523fd655bd827c8e29f7	GCA_057801255.1	GCA_057801255.1	g29fac831b0e871f3a535	g29fac831b0e871f3a535_cc4363925e23ee86f0c9ef865	CM173593.1	provirus_locus	5035983	5084310	+	+	48327	5319915	false	false	genomad_raw_v1		e88d234dccb806d10d965cb6984f68d055deb859098e95adfe5f74aa64657da5	e88d234dccb806d10d965cb6984f68d055deb859098e95adfe5f74aa64657da5	geNomad	g29fac831b0e871f3a535_cc4363925e23ee86f0c9ef865|provirus_5035984_5084310	Provirus	5035984-5084310	0.9532	NA	42	3	54.5884	11	Viruses;Duplodnaviria;Heunggongvirae;Uroviricota;Caudoviricetes;;	geNomad_predicted_score_reported	caller_predicted_provirus_locus	caller_only_not_independently_validated	not_assessed	48327	No	NA	45	7	2	Low-quality	Genome-fragment	43.52	AAI-based (high-confidence)	0.0	1.0		43.52	AAI-based (high-confidence)	0.0	completed
ph_g29fac831b0e871f3a535_3c72a032cb0e9fb3bc5a8cca6732cbd3	GCA_057801255.1	GCA_057801255.1	g29fac831b0e871f3a535	g29fac831b0e871f3a535_cc4363925e23ee86f0c9ef865	CM173593.1	provirus_locus	5096236	5152047	+	+	55811	5319915	false	false	genomad_raw_v1		87d86138241fe4ee81a235dd8caf545c0bdbb63d4fb6bdfce10a4c4c070a1721	87d86138241fe4ee81a235dd8caf545c0bdbb63d4fb6bdfce10a4c4c070a1721	geNomad	g29fac831b0e871f3a535_cc4363925e23ee86f0c9ef865|provirus_5096237_5152047	Provirus	5096237-5152047	0.9660	NA	80	4	93.4432	11	Viruses;Duplodnaviria;Heunggongvirae;Uroviricota;Caudoviricetes;;	geNomad_predicted_score_reported	caller_predicted_provirus_locus	caller_only_not_independently_validated	not_assessed	55811	No	NA	84	5	4	Medium-quality	Genome-fragment	50.3	AAI-based (high-confidence)	0.0	1.0		50.3	AAI-based (high-confidence)	0.0	completed
ph_g29fac831b0e871f3a535_62240e8fb174009c18bb55690719d96b	GCA_057801255.1	GCA_057801255.1	g29fac831b0e871f3a535	g29fac831b0e871f3a535_cc4363925e23ee86f0c9ef865	CM173593.1	provirus_locus	3844369	3916785	+	+	72416	5319915	false	false	genomad_raw_v1		7ede3aa96777cc8988d35bff73cc2e5f1b935b4d14e6e67c3c5284b65996be82	7ede3aa96777cc8988d35bff73cc2e5f1b935b4d14e6e67c3c5284b65996be82	geNomad	g29fac831b0e871f3a535_cc4363925e23ee86f0c9ef865|provirus_3844370_3916785	Provirus	3844370-3916785	0.9677	NA	69	2	68.3871	11	Viruses;Duplodnaviria;Heunggongvirae;Uroviricota;Caudoviricetes;;	geNomad_predicted_score_reported	caller_predicted_provirus_locus	caller_only_not_independently_validated	not_assessed	72416	Yes	64069	69	7	6	High-quality	High-quality	97.84	AAI-based (high-confidence)	11.53	1.0		97.84	AAI-based (high-confidence)	11.53	completed
ph_g29fac831b0e871f3a535_fee3950af7827a77ba8d91de65b15d49	GCA_057801255.1	GCA_057801255.1	g29fac831b0e871f3a535	g29fac831b0e871f3a535_cc4363925e23ee86f0c9ef865	CM173593.1	provirus_locus	3594363	3638153	+	+	43790	5319915	false	false	genomad_raw_v1		980e61159cd9f8dc0736d9da495388cd6784ba20c9a30ca36438bf93a9d6cf53	980e61159cd9f8dc0736d9da495388cd6784ba20c9a30ca36438bf93a9d6cf53	geNomad	g29fac831b0e871f3a535_cc4363925e23ee86f0c9ef865|provirus_3594364_3638153	Provirus	3594364-3638153	0.9060	NA	56	3	54.6472	11	Viruses;Duplodnaviria;Heunggongvirae;Uroviricota;Caudoviricetes;;	geNomad_predicted_score_reported	caller_predicted_provirus_locus	caller_only_not_independently_validated	not_assessed	43790	Yes	36968	56	3	4	Medium-quality	Genome-fragment	61.75	AAI-based (medium-confidence)	15.58	1.0		61.75	AAI-based (medium-confidence)	15.58	completed
ph_g2ef017f17f99f84fbbca_3408a7a931b050f148340c39dcc649f4	GCF_000009925.1	GCF_000009925.1	g2ef017f17f99f84fbbca	g2ef017f17f99f84fbbca_c0e2dd7367ddeb1ac1ff4aff6	NC_006347.1	provirus_locus	3408701	3423456	+	+	14755	5277274	false	false	genomad_raw_v1		dffb17f5306d61e3ed273022d57a25f8e81a693b8cdfd6c69d57eca14be963c6	dffb17f5306d61e3ed273022d57a25f8e81a693b8cdfd6c69d57eca14be963c6	geNomad	g2ef017f17f99f84fbbca_c0e2dd7367ddeb1ac1ff4aff6|provirus_3408702_3423456	Provirus	3408702-3423456	0.8744	NA	15	2	7.4764	11	Viruses;Duplodnaviria;Heunggongvirae;Uroviricota;Caudoviricetes;;	geNomad_predicted_score_reported	caller_predicted_provirus_locus	caller_only_not_independently_validated	not_assessed	14755	No	NA	14	1	2	Low-quality	Genome-fragment	10.63	HMM-based (lower-bound)	0.0	1.0		10.63	HMM-based (lower-bound)	0.0	completed
ph_g2ef017f17f99f84fbbca_a2c068239015de8678ee0de22b96028d	GCF_000009925.1	GCF_000009925.1	g2ef017f17f99f84fbbca	g2ef017f17f99f84fbbca_c0e2dd7367ddeb1ac1ff4aff6	NC_006347.1	provirus_locus	2683086	2727558	+	+	44472	5277274	false	false	genomad_raw_v1		75d41d12bd025c7353a41f8968ded87ab257476e41d0547535eafbafc8ec0353	75d41d12bd025c7353a41f8968ded87ab257476e41d0547535eafbafc8ec0353	geNomad	g2ef017f17f99f84fbbca_c0e2dd7367ddeb1ac1ff4aff6|provirus_2683087_2727558	Provirus	2683087-2727558	0.8731	NA	62	3	50.6383	11	Viruses;Duplodnaviria;Heunggongvirae;Uroviricota;Caudoviricetes;;	geNomad_predicted_score_reported	caller_predicted_provirus_locus	caller_only_not_independently_validated	not_assessed	44472	Yes	37647	62	3	4	Medium-quality	Genome-fragment	62.47	AAI-based (medium-confidence)	15.35	1.02		62.47	AAI-based (medium-confidence)	15.35	completed
ph_g2ef017f17f99f84fbbca_e4d57bffbcba7b41fcfe335227139c1d	GCF_000009925.1	GCF_000009925.1	g2ef017f17f99f84fbbca	g2ef017f17f99f84fbbca_c0e2dd7367ddeb1ac1ff4aff6	NC_006347.1	provirus_locus	2823775	2858268	+	+	34493	5277274	false	false	genomad_raw_v1		3e8f74290fbed94a7c57e454818135f9dabbe755a2d77da9cfdeed853cf6572d	3e8f74290fbed94a7c57e454818135f9dabbe755a2d77da9cfdeed853cf6572d	geNomad	g2ef017f17f99f84fbbca_c0e2dd7367ddeb1ac1ff4aff6|provirus_2823776_2858268	Provirus	2823776-2858268	0.9706	NA	47	10	46.0907	11	Viruses;Duplodnaviria;Heunggongvirae;Uroviricota;Caudoviricetes;;	geNomad_predicted_score_reported	caller_predicted_provirus_locus	caller_only_not_independently_validated	not_assessed	34493	No	NA	47	12	0	High-quality	High-quality	92.45	AAI-based (medium-confidence)	0.0	1.0		92.45	AAI-based (medium-confidence)	0.0	completed
ph_ga71f009cadc6598e30b9_0fbf3745bc6bb50d8b7090138de57d24	GCF_000158275.2	GCF_000158275.2	ga71f009cadc6598e30b9	ga71f009cadc6598e30b9_ce6d8180d9b8a6486e95b5059	NZ_CP007062.1	provirus_locus	809973	853271	+	+	43298	2507720	false	false	genomad_raw_v1		e273ddabe05ba6645818b6fd989b7ea5632df02290ba843436b849edb74ed2cb	e273ddabe05ba6645818b6fd989b7ea5632df02290ba843436b849edb74ed2cb	geNomad	ga71f009cadc6598e30b9_ce6d8180d9b8a6486e95b5059|provirus_809974_853271	Provirus	809974-853271	0.9458	NA	75	15	72.2408	11	Viruses;Duplodnaviria;Heunggongvirae;Uroviricota;Caudoviricetes;;	geNomad_predicted_score_reported	caller_predicted_provirus_locus	caller_only_not_independently_validated	not_assessed	43298	No	NA	75	18	1	High-quality	High-quality	100.0	AAI-based (high-confidence)	0.0	1.0		100.0	AAI-based (high-confidence)	0.0	completed
ph_ga71f009cadc6598e30b9_9b5f56b66b9573f94e18e87e9f5c71f9	GCF_000158275.2	GCF_000158275.2	ga71f009cadc6598e30b9	ga71f009cadc6598e30b9_ce6d8180d9b8a6486e95b5059	NZ_CP007062.1	provirus_locus	310377	346022	+	+	35645	2507720	false	false	genomad_raw_v1		12dc32d1c078af1dd4dfcb8b71b8ec93451db6abcf27783d1fb95bcb0885febd	12dc32d1c078af1dd4dfcb8b71b8ec93451db6abcf27783d1fb95bcb0885febd	geNomad	ga71f009cadc6598e30b9_ce6d8180d9b8a6486e95b5059|provirus_310378_346022	Provirus	310378-346022	0.9522	NA	55	11	42.4527	11	Viruses;Duplodnaviria;Heunggongvirae;Uroviricota;Caudoviricetes;;	geNomad_predicted_score_reported	caller_predicted_provirus_locus	caller_only_not_independently_validated	not_assessed	35645	No	NA	55	19	2	Low-quality	Genome-fragment	47.07	HMM-based (lower-bound)	0.0	1.0		47.07	HMM-based (lower-bound)	0.0	completed
ph_ga71f009cadc6598e30b9_e44a9ab24a685cdbe02e946023bc7b6c	GCF_000158275.2	GCF_000158275.2	ga71f009cadc6598e30b9	ga71f009cadc6598e30b9_ce6d8180d9b8a6486e95b5059	NZ_CP007062.1	provirus_locus	2202365	2244238	+	+	41873	2507720	false	false	genomad_raw_v1		a59668939795bf53bccbde6819ad9eb988a5b855bf46e7d1f8a89c97ea95e4fc	a59668939795bf53bccbde6819ad9eb988a5b855bf46e7d1f8a89c97ea95e4fc	geNomad	ga71f009cadc6598e30b9_ce6d8180d9b8a6486e95b5059|provirus_2202366_2244238	Provirus	2202366-2244238	0.9676	NA	69	12	70.7400	11	Viruses;Duplodnaviria;Heunggongvirae;Uroviricota;Caudoviricetes;;	geNomad_predicted_score_reported	caller_predicted_provirus_locus	caller_only_not_independently_validated	not_assessed	41873	Yes	37701	69	26	2	High-quality	High-quality	100.0	AAI-based (high-confidence)	9.96	1.0		100.0	AAI-based (high-confidence)	9.96	completed
ph_gdfda72638f02cccdef85_0e3749b85c6f24868664b0d17c6e4eef	GCF_000158535.2	GCF_000158535.2	gdfda72638f02cccdef85	gdfda72638f02cccdef85_c488ca3929627e539ed9d12e1	NZ_KQ235716.1	provirus_locus	13411	53847	+	+	40436	265330	false	false	genomad_raw_v1		41732c6a54fcd58a8229eac0480857d35dcb0079fc7a9ac3bc2d52c206352d28	41732c6a54fcd58a8229eac0480857d35dcb0079fc7a9ac3bc2d52c206352d28	geNomad	gdfda72638f02cccdef85_c488ca3929627e539ed9d12e1|provirus_13412_53847	Provirus	13412-53847	0.9501	NA	69	15	69.0295	11	Viruses;Duplodnaviria;Heunggongvirae;Uroviricota;Caudoviricetes;;	geNomad_predicted_score_reported	caller_predicted_provirus_locus	caller_only_not_independently_validated	not_assessed	40436	No	NA	69	17	1	High-quality	High-quality	100.0	AAI-based (high-confidence)	0.0	1.0		100.0	AAI-based (high-confidence)	0.0	completed
ph_gdfda72638f02cccdef85_b9c32963de9eefffb37c18ae0c529fe7	GCF_000158535.2	GCF_000158535.2	gdfda72638f02cccdef85	gdfda72638f02cccdef85_c433aa61993684100f3f928d8	NZ_KQ235728.1	full_contig_virus	0	27355	+	+	27355	27355	true	true	genomad_raw_v1		ec16b64a3548b4f40cb9685aff65ad7a1fffe36aabab1313037d5c1d10ea237e	ec16b64a3548b4f40cb9685aff65ad7a1fffe36aabab1313037d5c1d10ea237e	geNomad	gdfda72638f02cccdef85_c433aa61993684100f3f928d8	No terminal repeats	NA	0.7854	NA	27	0	3.0907	11	Viruses;Duplodnaviria;Heunggongvirae;Uroviricota;Caudoviricetes;;	geNomad_predicted_score_reported	unknown	full_contig_extent_integration_unknown	not_assessed	27355	No	NA	27	0	8	Not-determined	Genome-fragment	NA	NA	0.0	1.03	no viral genes detected	unknown	unknown	0.0	completed
ph_gdfda72638f02cccdef85_f46438600a8e310a273f200c8a9362da	GCF_000158535.2	GCF_000158535.2	gdfda72638f02cccdef85	gdfda72638f02cccdef85_c49dcdecb59fff9cba7110875	NZ_KQ235724.1	provirus_locus	77602	120380	+	+	42778	120459	false	false	genomad_raw_v1		876cb7159d034d6148a55b14838f31f5441fbbde216646d81d7aa6e7c4fd547a	876cb7159d034d6148a55b14838f31f5441fbbde216646d81d7aa6e7c4fd547a	geNomad	gdfda72638f02cccdef85_c49dcdecb59fff9cba7110875|provirus_77603_120380	Provirus	77603-120380	0.9739	NA	71	14	74.4660	11	Viruses;Duplodnaviria;Heunggongvirae;Uroviricota;Caudoviricetes;;	geNomad_predicted_score_reported	caller_predicted_provirus_locus	caller_only_not_independently_validated	not_assessed	42778	Yes	41085	71	25	2	High-quality	High-quality	98.32	AAI-based (medium-confidence)	3.96	1.01		98.32	AAI-based (medium-confidence)	3.96	completed
ph_g116a3c0f344a769b0556_be96085778db7580f93c9639e0fe5453	GCF_000210835.1	GCF_000210835.1	g116a3c0f344a769b0556	g116a3c0f344a769b0556_c571d38469911535c28af5a4e	NC_016776.1	provirus_locus	4294094	4328868	+	+	34774	5373121	false	false	genomad_raw_v1		fd35ff2ce5d347b49040108e50460e3d40c88bfebd42b242023c654c02423a38	fd35ff2ce5d347b49040108e50460e3d40c88bfebd42b242023c654c02423a38	geNomad	g116a3c0f344a769b0556_c571d38469911535c28af5a4e|provirus_4294095_4328868	Provirus	4294095-4328868	0.9760	NA	48	12	38.8693	11	Viruses;Duplodnaviria;Heunggongvirae;Uroviricota;Caudoviricetes;;	geNomad_predicted_score_reported	caller_predicted_provirus_locus	caller_only_not_independently_validated	not_assessed	34774	No	NA	48	13	1	Medium-quality	Genome-fragment	85.98	AAI-based (high-confidence)	0.0	1.0		85.98	AAI-based (high-confidence)	0.0	completed
ph_g4ddfe526117b710a4272_3b6e19ff43b9a3834eb511c4733a763a	GCF_000218645.2	GCF_000218645.2	g4ddfe526117b710a4272	g4ddfe526117b710a4272_c1ccee5166f5397ab8cfddd74	NZ_CM002368.1	provirus_locus	861834	902965	+	+	41131	2154007	false	false	genomad_raw_v1		ae8e8ae1b42ca0ff03b3cb8a79e29d6dfa9ddc5806a7bfb97ba710056b7a382e	ae8e8ae1b42ca0ff03b3cb8a79e29d6dfa9ddc5806a7bfb97ba710056b7a382e	geNomad	g4ddfe526117b710a4272_c1ccee5166f5397ab8cfddd74|provirus_861835_902965	Provirus	861835-902965	0.9419	NA	73	15	70.4029	11	Viruses;Duplodnaviria;Heunggongvirae;Uroviricota;Caudoviricetes;;	geNomad_predicted_score_reported	caller_predicted_provirus_locus	caller_only_not_independently_validated	not_assessed	41131	No	NA	73	18	1	High-quality	High-quality	100.0	AAI-based (high-confidence)	0.0	1.0		100.0	AAI-based (high-confidence)	0.0	completed
ph_g56f1d3d85e930645dfd4_3b9a8a5a805053c5ebd1a6ab6f2cd29b	GCF_000218655.1	GCF_000218655.1	g56f1d3d85e930645dfd4	g56f1d3d85e930645dfd4_c90fe5d40db1869743c691946	NZ_GL945393.1	provirus_locus	15941	53171	+	+	37230	331754	false	false	genomad_raw_v1		9491f3aea26dbc39cb5280f848d85a25a3a19fb559304a745ee7dbf4ab336a6a	9491f3aea26dbc39cb5280f848d85a25a3a19fb559304a745ee7dbf4ab336a6a	geNomad	g56f1d3d85e930645dfd4_c90fe5d40db1869743c691946|provirus_15942_53171	Provirus	15942-53171	0.9534	NA	51	9	40.8811	11	Viruses;Duplodnaviria;Heunggongvirae;Uroviricota;Caudoviricetes;;	geNomad_predicted_score_reported	caller_predicted_provirus_locus	caller_only_not_independently_validated	not_assessed	37230	No	NA	51	18	1	High-quality	High-quality	95.51	AAI-based (high-confidence)	0.0	1.0		95.51	AAI-based (high-confidence)	0.0	completed
ph_g56f1d3d85e930645dfd4_6c4d1047a654d224c47abb6d904b0aa9	GCF_000218655.1	GCF_000218655.1	g56f1d3d85e930645dfd4	g56f1d3d85e930645dfd4_c90fe5d40db1869743c691946	NZ_GL945393.1	provirus_locus	100811	135788	+	+	34977	331754	false	false	genomad_raw_v1		8b722f156237af8d37f6afadfd02fcda5a962ca4025809a2e727cfb180fca82e	8b722f156237af8d37f6afadfd02fcda5a962ca4025809a2e727cfb180fca82e	geNomad	g56f1d3d85e930645dfd4_c90fe5d40db1869743c691946|provirus_100812_135788	Provirus	100812-135788	0.9537	NA	53	11	38.1427	11	Viruses;Duplodnaviria;Heunggongvirae;Uroviricota;Caudoviricetes;;	geNomad_predicted_score_reported	caller_predicted_provirus_locus	caller_only_not_independently_validated	not_assessed	34977	No	NA	53	17	1	Low-quality	Genome-fragment	49.63	HMM-based (lower-bound)	0.0	1.0		49.63	HMM-based (lower-bound)	0.0	completed
ph_g56f1d3d85e930645dfd4_87370b5d40b0a121535c9d3dd5756e17	GCF_000218655.1	GCF_000218655.1	g56f1d3d85e930645dfd4	g56f1d3d85e930645dfd4_c2f0f2a234f285f580a99d80f	NZ_GL945391.1	provirus_locus	1200702	1243642	+	+	42940	1297456	false	false	genomad_raw_v1		b7aab7dd74a3cdaeba95d906e2b91abe1f29cce9e6e3575662e3f267ebbe9ffe	b7aab7dd74a3cdaeba95d906e2b91abe1f29cce9e6e3575662e3f267ebbe9ffe	geNomad	g56f1d3d85e930645dfd4_c2f0f2a234f285f580a99d80f|provirus_1200703_1243642	Provirus	1200703-1243642	0.9429	NA	76	17	70.6428	11	Viruses;Duplodnaviria;Heunggongvirae;Uroviricota;Caudoviricetes;;	geNomad_predicted_score_reported	caller_predicted_provirus_locus	caller_only_not_independently_validated	not_assessed	42940	No	NA	76	17	2	High-quality	High-quality	100.0	AAI-based (high-confidence)	0.0	1.01		100.0	AAI-based (high-confidence)	0.0	completed
ph_g56f1d3d85e930645dfd4_9b968730cc0ac58470aa8a2021cc632b	GCF_000218655.1	GCF_000218655.1	g56f1d3d85e930645dfd4	g56f1d3d85e930645dfd4_c2f0f2a234f285f580a99d80f	NZ_GL945391.1	provirus_locus	1081803	1116627	+	+	34824	1297456	false	false	genomad_raw_v1		c0ef5dfc3202186bab4aa5a5d49c8b2cd32beffc5d0b1f3dde18b5574a877f33	c0ef5dfc3202186bab4aa5a5d49c8b2cd32beffc5d0b1f3dde18b5574a877f33	geNomad	g56f1d3d85e930645dfd4_c2f0f2a234f285f580a99d80f|provirus_1081804_1116627	Provirus	1081804-1116627	0.9739	NA	55	16	64.0251	11	Viruses;Duplodnaviria;Heunggongvirae;Uroviricota;Caudoviricetes;;	geNomad_predicted_score_reported	caller_predicted_provirus_locus	caller_only_not_independently_validated	not_assessed	34824	No	NA	55	18	2	High-quality	High-quality	95.66	AAI-based (high-confidence)	0.0	1.0		95.66	AAI-based (high-confidence)	0.0	completed
ph_g9543232c444d5596efcf_5ea634e29911c156eb972163640ff082	GCF_000242975.1	GCF_000242975.1	g9543232c444d5596efcf	g9543232c444d5596efcf_c1466f3c2a8de4384170f263c	NZ_JH594451.1	provirus_locus	227492	270562	+	+	43070	2415355	false	false	genomad_raw_v1		0b58d8d7f2866bcb31d799e327eff93aec08e97006a59f605db8d2de8c0be396	0b58d8d7f2866bcb31d799e327eff93aec08e97006a59f605db8d2de8c0be396	geNomad	g9543232c444d5596efcf_c1466f3c2a8de4384170f263c|provirus_227493_270562	Provirus	227493-270562	0.9343	NA	73	15	69.1490	11	Viruses;Duplodnaviria;Heunggongvirae;Uroviricota;Caudoviricetes;;	geNomad_predicted_score_reported	caller_predicted_provirus_locus	caller_only_not_independently_validated	not_assessed	43070	No	NA	73	18	2	High-quality	High-quality	100.0	AAI-based (high-confidence)	0.0	1.0		100.0	AAI-based (high-confidence)	0.0	completed
ph_ge5432a5f8ac61ad33573_58b8bc2c565644d22420ff1e9abd924a	GCF_000263115.1	GCF_000263115.1	ge5432a5f8ac61ad33573	ge5432a5f8ac61ad33573_c1c48a2900a7b734f9f716f0f	NZ_JH724206.1	provirus_locus	1636152	1697004	+	+	60852	3868655	false	false	genomad_raw_v1		bb1fe39542db1f5def7f341fd06d5c6468e9ec115f02b493bc95509e22270923	bb1fe39542db1f5def7f341fd06d5c6468e9ec115f02b493bc95509e22270923	geNomad	ge5432a5f8ac61ad33573_c1c48a2900a7b734f9f716f0f|provirus_1636153_1697004	Provirus	1636153-1697004	0.9483	NA	66	6	55.4615	11	Viruses;Duplodnaviria;Heunggongvirae;Uroviricota;Caudoviricetes;;	geNomad_predicted_score_reported	caller_predicted_provirus_locus	caller_only_not_independently_validated	not_assessed	60852	Yes	48203	66	6	4	High-quality	High-quality	100.0	AAI-based (high-confidence)	20.79	1.0		100.0	AAI-based (high-confidence)	20.79	completed
ph_ge5432a5f8ac61ad33573_710ea1c063bed8e9b3aae4fcd4d08f5a	GCF_000263115.1	GCF_000263115.1	ge5432a5f8ac61ad33573	ge5432a5f8ac61ad33573_c53cf2db50a024d1444bd7575	NZ_JH724207.1	provirus_locus	625819	651500	+	+	25681	696953	false	false	genomad_raw_v1		d48373b59dc15fab555bb9f65da6726685ccfb87a4ed8921f1659e125d7084da	d48373b59dc15fab555bb9f65da6726685ccfb87a4ed8921f1659e125d7084da	geNomad	ge5432a5f8ac61ad33573_c53cf2db50a024d1444bd7575|provirus_625820_651500	Provirus	625820-651500	0.8640	NA	22	2	9.2336	11	Viruses;Duplodnaviria;Heunggongvirae;Uroviricota;Caudoviricetes;;	geNomad_predicted_score_reported	caller_predicted_provirus_locus	caller_only_not_independently_validated	not_assessed	25681	No	NA	22	0	12	Not-determined	Genome-fragment	NA	NA	0.0	1.0	no viral genes detected	unknown	unknown	0.0	completed
ph_ge5432a5f8ac61ad33573_932b0a249576ba9e841c0bc7b4c9a384	GCF_000263115.1	GCF_000263115.1	ge5432a5f8ac61ad33573	ge5432a5f8ac61ad33573_c1c48a2900a7b734f9f716f0f	NZ_JH724206.1	provirus_locus	428519	472228	+	+	43709	3868655	false	false	genomad_raw_v1		35c887a228f402846e62fa4b6cda35a23fd129ec41a3a74f3ade9ddf3b97bdfb	35c887a228f402846e62fa4b6cda35a23fd129ec41a3a74f3ade9ddf3b97bdfb	geNomad	ge5432a5f8ac61ad33573_c1c48a2900a7b734f9f716f0f|provirus_428520_472228	Provirus	428520-472228	0.9262	NA	59	3	56.2754	11	Viruses;Duplodnaviria;Heunggongvirae;Uroviricota;Caudoviricetes;;	geNomad_predicted_score_reported	caller_predicted_provirus_locus	caller_only_not_independently_validated	not_assessed	43709	Yes	36980	59	4	4	Medium-quality	Genome-fragment	61.67	AAI-based (medium-confidence)	15.39	1.0		61.67	AAI-based (medium-confidence)	15.39	completed
ph_ge5432a5f8ac61ad33573_b98704873a11ba9350e5497ddec1c138	GCF_000263115.1	GCF_000263115.1	ge5432a5f8ac61ad33573	ge5432a5f8ac61ad33573_c1c48a2900a7b734f9f716f0f	NZ_JH724206.1	provirus_locus	297718	332216	+	+	34498	3868655	false	false	genomad_raw_v1		d063856f47a2f9b294f068039ef3c7d0ada21da59d07e062ebcbcfb0082a23f1	d063856f47a2f9b294f068039ef3c7d0ada21da59d07e062ebcbcfb0082a23f1	geNomad	ge5432a5f8ac61ad33573_c1c48a2900a7b734f9f716f0f|provirus_297719_332216	Provirus	297719-332216	0.9753	NA	47	10	46.0907	11	Viruses;Duplodnaviria;Heunggongvirae;Uroviricota;Caudoviricetes;;	geNomad_predicted_score_reported	caller_predicted_provirus_locus	caller_only_not_independently_validated	not_assessed	34498	No	NA	47	12	0	High-quality	High-quality	92.46	AAI-based (medium-confidence)	0.0	1.0		92.46	AAI-based (medium-confidence)	0.0	completed
ph_ge5432a5f8ac61ad33573_baf7496bd3a680b2628cc9d18fea2a95	GCF_000263115.1	GCF_000263115.1	ge5432a5f8ac61ad33573	ge5432a5f8ac61ad33573_c53cf2db50a024d1444bd7575	NZ_JH724207.1	provirus_locus	384937	408390	+	+	23453	696953	false	false	genomad_raw_v1		98905e5ed73e872219b4891c4633faf8ec010ce723831514638168e7c8d709f4	98905e5ed73e872219b4891c4633faf8ec010ce723831514638168e7c8d709f4	geNomad	ge5432a5f8ac61ad33573_c53cf2db50a024d1444bd7575|provirus_384938_408390	Provirus	384938-408390	0.8372	NA	20	1	13.7410	11	Viruses;Duplodnaviria;Heunggongvirae;Uroviricota;Caudoviricetes;;	geNomad_predicted_score_reported	caller_predicted_provirus_locus	caller_only_not_independently_validated	not_assessed	23453	No	NA	22	0	5	Not-determined	Genome-fragment	NA	NA	0.0	1.0	no viral genes detected	unknown	unknown	0.0	completed
ph_ge5432a5f8ac61ad33573_d29956d7cf690ce25b7220045ec0f075	GCF_000263115.1	GCF_000263115.1	ge5432a5f8ac61ad33573	ge5432a5f8ac61ad33573_c1c48a2900a7b734f9f716f0f	NZ_JH724206.1	provirus_locus	807204	881550	+	+	74346	3868655	false	false	genomad_raw_v1		7ada7c3cff10c487a9a6ae770b344e67b13d172c49c5e6cd2756a386ca6c98e5	7ada7c3cff10c487a9a6ae770b344e67b13d172c49c5e6cd2756a386ca6c98e5	geNomad	ge5432a5f8ac61ad33573_c1c48a2900a7b734f9f716f0f|provirus_807205_881550	Provirus	807205-881550	0.9735	NA	106	7	108.7619	11	Viruses;Duplodnaviria;Heunggongvirae;Uroviricota;Caudoviricetes;;	geNomad_predicted_score_reported	caller_predicted_provirus_locus	caller_only_not_independently_validated	not_assessed	74346	Yes	68377	107	14	5	High-quality	High-quality	96.6	AAI-based (high-confidence)	8.03	1.0		96.6	AAI-based (high-confidence)	8.03	completed
ph_ge5432a5f8ac61ad33573_e0b184242f7b8eae021a35fcd5e876e7	GCF_000263115.1	GCF_000263115.1	ge5432a5f8ac61ad33573	ge5432a5f8ac61ad33573_c53cf2db50a024d1444bd7575	NZ_JH724207.1	provirus_locus	526943	575106	+	+	48163	696953	false	false	genomad_raw_v1		9fff3da579b40d1ea97f4b3ba4e2e0a56d668a4560a01c886878189089ec5de6	9fff3da579b40d1ea97f4b3ba4e2e0a56d668a4560a01c886878189089ec5de6	geNomad	ge5432a5f8ac61ad33573_c53cf2db50a024d1444bd7575|provirus_526944_575106	Provirus	526944-575106	0.9726	NA	50	8	67.3390	11	Viruses;Duplodnaviria;Heunggongvirae;Uroviricota;Caudoviricetes;;	geNomad_predicted_score_reported	caller_predicted_provirus_locus	caller_only_not_independently_validated	not_assessed	48163	Yes	26531	50	8	5	Medium-quality	Genome-fragment	61.94	AAI-based (medium-confidence)	44.91	1.0		61.94	AAI-based (medium-confidence)	44.91	completed
ph_g272c155a12df04f98deb_608d8c83072ea1ee6c0113c3545c50d2	GCF_000273135.1	GCF_000273135.1	g272c155a12df04f98deb	g272c155a12df04f98deb_ce06595cd7ed380b9ba5647ad	NZ_JH724195.1	provirus_locus	8686	24426	+	+	15740	449120	false	false	genomad_raw_v1		8c6bfe1d88801f25a9e52f9ecd2ad2103b7d600e7da7af7b29a5155686fe3b2b	8c6bfe1d88801f25a9e52f9ecd2ad2103b7d600e7da7af7b29a5155686fe3b2b	geNomad	g272c155a12df04f98deb_ce06595cd7ed380b9ba5647ad|provirus_8687_24426	Provirus	8687-24426	0.8666	NA	22	1	16.0332	11	Viruses;Duplodnaviria;Heunggongvirae;Uroviricota;Caudoviricetes;;	geNomad_predicted_score_reported	caller_predicted_provirus_locus	caller_only_not_independently_validated	not_assessed	15740	No	NA	22	2	1	Low-quality	Genome-fragment	9.9	HMM-based (lower-bound)	0.0	1.0		9.9	HMM-based (lower-bound)	0.0	completed
ph_g272c155a12df04f98deb_ea1442feee018479d0ef56c9c21f0cc7	GCF_000273135.1	GCF_000273135.1	g272c155a12df04f98deb	g272c155a12df04f98deb_c2e58d6c06b58a949b0258e1d	NZ_JH724193.1	provirus_locus	2137259	2182331	+	+	45072	2643952	false	false	genomad_raw_v1		f0fa77c38dc483e66f94541ea9363c9a62b0368ec3e2d71c04fad0e63257b996	f0fa77c38dc483e66f94541ea9363c9a62b0368ec3e2d71c04fad0e63257b996	geNomad	g272c155a12df04f98deb_c2e58d6c06b58a949b0258e1d|provirus_2137260_2182331	Provirus	2137260-2182331	0.7389	NA	56	2	15.4609	11	Viruses;Duplodnaviria;Heunggongvirae;Uroviricota;Caudoviricetes;;	geNomad_predicted_score_reported	caller_predicted_provirus_locus	caller_only_not_independently_validated	not_assessed	45072	No	NA	55	2	10	Low-quality	Genome-fragment	30.02	AAI-based (medium-confidence)	0.0	1.0		30.02	AAI-based (medium-confidence)	0.0	completed
ph_gb3649fdaa21cb8779730_41dea4bf03f50392369d102edf613e5c	GCF_000400875.1	GCF_000400875.1	gb3649fdaa21cb8779730	gb3649fdaa21cb8779730_c8817f43a3ba3c2f3b62d4c4b	NC_021281.1	provirus_locus	662984	698003	+	+	35019	2261267	false	false	genomad_raw_v1		313f4ca800aaca2598a59f5126efb874a447828e5f41dd2a1ce131a34e9e01e5	313f4ca800aaca2598a59f5126efb874a447828e5f41dd2a1ce131a34e9e01e5	geNomad	gb3649fdaa21cb8779730_c8817f43a3ba3c2f3b62d4c4b|provirus_662985_698003	Provirus	662985-698003	0.9302	NA	54	9	40.0734	11	Viruses;Duplodnaviria;Heunggongvirae;Uroviricota;Caudoviricetes;;	geNomad_predicted_score_reported	caller_predicted_provirus_locus	caller_only_not_independently_validated	not_assessed	35019	No	NA	54	19	3	Medium-quality	Genome-fragment	52.74	HMM-based (lower-bound)	0.0	1.0		52.74	HMM-based (lower-bound)	0.0	completed
ph_gdc3bc328e18d13e54d76_39adf43291ac4ca95e0b30ed56ed3bfd	GCF_000479285.1	GCF_000479285.1	gdc3bc328e18d13e54d76	gdc3bc328e18d13e54d76_c114629819c3de320c7dc41a0	NZ_KI518461.1	provirus_locus	258005	293650	+	+	35645	1519075	false	false	genomad_raw_v1		12dc32d1c078af1dd4dfcb8b71b8ec93451db6abcf27783d1fb95bcb0885febd	12dc32d1c078af1dd4dfcb8b71b8ec93451db6abcf27783d1fb95bcb0885febd	geNomad	gdc3bc328e18d13e54d76_c114629819c3de320c7dc41a0|provirus_258006_293650	Provirus	258006-293650	0.9522	NA	55	11	42.4527	11	Viruses;Duplodnaviria;Heunggongvirae;Uroviricota;Caudoviricetes;;	geNomad_predicted_score_reported	caller_predicted_provirus_locus	caller_only_not_independently_validated	not_assessed	35645	No	NA	55	19	2	Low-quality	Genome-fragment	47.07	HMM-based (lower-bound)	0.0	1.0		47.07	HMM-based (lower-bound)	0.0	completed
ph_g67b4f66d6f1bd2314572_1c99df9700182027636c783dda9e5787	GCF_000598145.1	GCF_000598145.1	g67b4f66d6f1bd2314572	g67b4f66d6f1bd2314572_c69fecc3cbc5a6333ebac5228	NZ_JGCO01000301.1	provirus_locus	30883	54425	+	+	23542	54426	false	false	genomad_raw_v1		a08c4cc8281eed35f7869e083f62a332788ce9e9fe9ad88629350e63a16e91f2	a08c4cc8281eed35f7869e083f62a332788ce9e9fe9ad88629350e63a16e91f2	geNomad	g67b4f66d6f1bd2314572_c69fecc3cbc5a6333ebac5228|provirus_30884_54425	Provirus	30884-54425	0.9370	NA	21	1	16.1443	11	Viruses;Duplodnaviria;Heunggongvirae;Uroviricota;Caudoviricetes;;	geNomad_predicted_score_reported	caller_predicted_provirus_locus	caller_only_not_independently_validated	not_assessed	23542	Yes	19862	21	3	3	Low-quality	Genome-fragment	25.08	AAI-based (medium-confidence)	15.63	1.0		25.08	AAI-based (medium-confidence)	15.63	completed
ph_g67b4f66d6f1bd2314572_39848b1d331a243fd4c0b94a4635e37d	GCF_000598145.1	GCF_000598145.1	g67b4f66d6f1bd2314572	g67b4f66d6f1bd2314572_c6d09005ef73546561fbfeffb	NZ_JGCO01000336.1	provirus_locus	31612	48989	+	+	17377	131548	false	false	genomad_raw_v1		68dd7019dbe696034b9192ab9becc5a53f9cc4881951c090aae073d1c859db2a	68dd7019dbe696034b9192ab9becc5a53f9cc4881951c090aae073d1c859db2a	geNomad	g67b4f66d6f1bd2314572_c6d09005ef73546561fbfeffb|provirus_31613_48989	Provirus	31613-48989	0.7146	NA	26	0	6.5956	11	Viruses;Duplodnaviria;Heunggongvirae;Uroviricota;Caudoviricetes;;	geNomad_predicted_score_reported	caller_predicted_provirus_locus	caller_only_not_independently_validated	not_assessed	17377	No	NA	26	0	2	Not-determined	Genome-fragment	NA	NA	0.0	1.0	no viral genes detected	unknown	unknown	0.0	completed
ph_g67b4f66d6f1bd2314572_3b740074ddb812a00457c342bff1cd34	GCF_000598145.1	GCF_000598145.1	g67b4f66d6f1bd2314572	g67b4f66d6f1bd2314572_c470862f81c6385caed4e16de	NZ_JGCO01000304.1	full_contig_virus	0	26073	+	+	26073	26073	true	true	genomad_raw_v1		8abce7733159f12ad499f09b67c5c8301e41bfb6d91a6fece294a981cba2ad8e	8abce7733159f12ad499f09b67c5c8301e41bfb6d91a6fece294a981cba2ad8e	geNomad	g67b4f66d6f1bd2314572_c470862f81c6385caed4e16de	No terminal repeats	NA	0.9692	NA	40	5	37.0213	11	Viruses;Duplodnaviria;Heunggongvirae;Uroviricota;Caudoviricetes;;	geNomad_predicted_score_reported	unknown	full_contig_extent_integration_unknown	not_assessed	26073	No	NA	40	4	0	Medium-quality	Genome-fragment	68.35	AAI-based (medium-confidence)	0.0	1.0		68.35	AAI-based (medium-confidence)	0.0	completed
ph_g67b4f66d6f1bd2314572_4dc2fd5f5a8f9ad9f099d4fc42ae1e68	GCF_000598145.1	GCF_000598145.1	g67b4f66d6f1bd2314572	g67b4f66d6f1bd2314572_c87ab7ee51e5c39505c98c427	NZ_JGCO01000017.1	full_contig_virus	0	624	+	+	624	624	true	true	genomad_raw_v1		9bb2dedefefe229c533fd8886813751c2dda3bd78291ae9fdccb957bb0b9cd0f	9bb2dedefefe229c533fd8886813751c2dda3bd78291ae9fdccb957bb0b9cd0f	geNomad	g67b4f66d6f1bd2314572_c87ab7ee51e5c39505c98c427	No terminal repeats	NA	0.8938	NA	1	1	1.7183	11	Viruses;Duplodnaviria;Heunggongvirae;Uroviricota;Caudoviricetes;;	geNomad_predicted_score_reported	unknown	full_contig_extent_integration_unknown	not_assessed	624	No	NA	1	0	0	Low-quality	Genome-fragment	1.48	AAI-based (medium-confidence)	0.0	1.0	no viral genes detected	1.48	AAI-based (medium-confidence)	0.0	completed
ph_g67b4f66d6f1bd2314572_598e60c8624dbeb07c54ac3e15b30174	GCF_000598145.1	GCF_000598145.1	g67b4f66d6f1bd2314572	g67b4f66d6f1bd2314572_c4bc3be5d8654cf5a3e5c4dd7	NZ_JGCO01000130.1	full_contig_virus	0	25265	+	+	25265	25265	true	true	genomad_raw_v1		fedfb77830079c764fc273ab2cfbc354ba0d71cdd57b2a7128a61e6bff80d3df	fedfb77830079c764fc273ab2cfbc354ba0d71cdd57b2a7128a61e6bff80d3df	geNomad	g67b4f66d6f1bd2314572_c4bc3be5d8654cf5a3e5c4dd7	No terminal repeats	NA	0.8234	NA	32	0	10.4222	11	Viruses;Duplodnaviria;Heunggongvirae;Uroviricota;Caudoviricetes;;	geNomad_predicted_score_reported	unknown	full_contig_extent_integration_unknown	not_assessed	25265	No	NA	32	0	1	Not-determined	Genome-fragment	NA	NA	0.0	1.0	no viral genes detected	unknown	unknown	0.0	completed
ph_g67b4f66d6f1bd2314572_8c246cf4f2ca4eda5c2c50ad60b36f32	GCF_000598145.1	GCF_000598145.1	g67b4f66d6f1bd2314572	g67b4f66d6f1bd2314572_ce277dca206d895ea8edd7d4c	NZ_JGCO01000122.1	full_contig_virus	0	584	+	+	584	584	true	true	genomad_raw_v1		ae6b8e71649ac33a6e017921895fec05531b530beb3ef96deeed73a0db53d443	ae6b8e71649ac33a6e017921895fec05531b530beb3ef96deeed73a0db53d443	geNomad	g67b4f66d6f1bd2314572_ce277dca206d895ea8edd7d4c	No terminal repeats	NA	0.9127	NA	1	1	1.7183	11	Viruses;Duplodnaviria;Heunggongvirae;Uroviricota;Caudoviricetes;;	geNomad_predicted_score_reported	unknown	full_contig_extent_integration_unknown	not_assessed	584	No	NA	1	0	0	Not-determined	Genome-fragment	NA	NA	0.0	1.0	no viral genes detected	unknown	unknown	0.0	completed
ph_g67b4f66d6f1bd2314572_8cb98358b68907e04e26aeef26cfc1ef	GCF_000598145.1	GCF_000598145.1	g67b4f66d6f1bd2314572	g67b4f66d6f1bd2314572_c4a89143fb4c15d3a036130c0	NZ_JGCO01000274.1	full_contig_virus	0	3595	+	+	3595	3595	true	true	genomad_raw_v1		6e15f78c0a9d2b10e2f3abc3047ba821f736ac20aa6baba4047b87d1c3609217	6e15f78c0a9d2b10e2f3abc3047ba821f736ac20aa6baba4047b87d1c3609217	geNomad	g67b4f66d6f1bd2314572_c4a89143fb4c15d3a036130c0	No terminal repeats	NA	0.8077	NA	4	0	2.7915	11	Viruses;Duplodnaviria;Heunggongvirae;Uroviricota;Caudoviricetes;;	geNomad_predicted_score_reported	unknown	full_contig_extent_integration_unknown	not_assessed	3595	No	NA	4	0	0	Not-determined	Genome-fragment	NA	NA	0.0	1.0	no viral genes detected	unknown	unknown	0.0	completed
ph_g67b4f66d6f1bd2314572_91f79f96150414c83da3812a8bdfbec5	GCF_000598145.1	GCF_000598145.1	g67b4f66d6f1bd2314572	g67b4f66d6f1bd2314572_cf4e917dd0714529d0b00eeaf	NZ_JGCO01000048.1	full_contig_virus	0	1207	+	+	1207	1207	true	true	genomad_raw_v1		e642d47b6ba62e69bdc320b71ef41dfd472c94ab24c9aac0ab28ce41d9cb1a87	e642d47b6ba62e69bdc320b71ef41dfd472c94ab24c9aac0ab28ce41d9cb1a87	geNomad	g67b4f66d6f1bd2314572_cf4e917dd0714529d0b00eeaf	No terminal repeats	NA	0.9251	NA	1	1	1.7183	11	Viruses;Duplodnaviria;Heunggongvirae;Uroviricota;Caudoviricetes;;	geNomad_predicted_score_reported	unknown	full_contig_extent_integration_unknown	not_assessed	1207	No	NA	1	0	0	Low-quality	Genome-fragment	2.87	AAI-based (high-confidence)	0.0	1.0	no viral genes detected	2.87	AAI-based (high-confidence)	0.0	completed
ph_g67b4f66d6f1bd2314572_9e3c81459461d1db33d9c67cda4cc238	GCF_000598145.1	GCF_000598145.1	g67b4f66d6f1bd2314572	g67b4f66d6f1bd2314572_cc11918a5c6d7facf5ef32626	NZ_JGCO01000061.1	full_contig_virus	0	8493	+	+	8493	8493	true	true	genomad_raw_v1		d7a156c286b4e0ac38b78c6b4838baf58c822efec699139a820b4652fa82da1e	d7a156c286b4e0ac38b78c6b4838baf58c822efec699139a820b4652fa82da1e	geNomad	g67b4f66d6f1bd2314572_cc11918a5c6d7facf5ef32626	No terminal repeats	NA	0.8459	NA	9	0	1.6774	11	Viruses;Duplodnaviria;Heunggongvirae;Uroviricota;Caudoviricetes;;	geNomad_predicted_score_reported	unknown	full_contig_extent_integration_unknown	not_assessed	8493	No	NA	9	1	1	Low-quality	Genome-fragment	5.32	HMM-based (lower-bound)	0.0	1.0		5.32	HMM-based (lower-bound)	0.0	completed
ph_g67b4f66d6f1bd2314572_a62096889b3576d33dcc976005387e4f	GCF_000598145.1	GCF_000598145.1	g67b4f66d6f1bd2314572	g67b4f66d6f1bd2314572_cbbf9a91a1f43868ec5fdd819	NZ_JGCO01000106.1	full_contig_virus	0	730	+	+	730	730	true	true	genomad_raw_v1		d7bdfc5c7a586ecb05e37ab3ab6013ada8f2401de669d9e93770f6d9056de7e2	d7bdfc5c7a586ecb05e37ab3ab6013ada8f2401de669d9e93770f6d9056de7e2	geNomad	g67b4f66d6f1bd2314572_cbbf9a91a1f43868ec5fdd819	No terminal repeats	NA	0.8923	NA	2	1	3.1646	11	Viruses;Duplodnaviria;Heunggongvirae;Uroviricota;Caudoviricetes;;	geNomad_predicted_score_reported	unknown	full_contig_extent_integration_unknown	not_assessed	730	No	NA	2	0	0	Not-determined	Genome-fragment	NA	NA	0.0	1.0	no viral genes detected	unknown	unknown	0.0	completed
ph_ga0b409f9731f85e62f73_045cb0e6cab53b53a0feb5c82a500333	GCF_000598165.1	GCF_000598165.1	ga0b409f9731f85e62f73	ga0b409f9731f85e62f73_ce7bba2da4df0ed06b0f675dd	NZ_JGCU01000226.1	full_contig_virus	0	19347	+	+	19347	19347	true	true	genomad_raw_v1		008850eb735d73795d65e086fbe69bd48411675e75f5be60fb77f47632ec9bbc	008850eb735d73795d65e086fbe69bd48411675e75f5be60fb77f47632ec9bbc	geNomad	ga0b409f9731f85e62f73_ce7bba2da4df0ed06b0f675dd	No terminal repeats	NA	0.8424	NA	19	0	6.8731	11	Viruses;Duplodnaviria;Heunggongvirae;Uroviricota;Caudoviricetes;;	geNomad_predicted_score_reported	unknown	full_contig_extent_integration_unknown	not_assessed	19347	No	NA	19	0	5	Not-determined	Genome-fragment	NA	NA	0.0	1.0	no viral genes detected	unknown	unknown	0.0	completed
ph_ga0b409f9731f85e62f73_0b64844b046bae1696b0a60983145570	GCF_000598165.1	GCF_000598165.1	ga0b409f9731f85e62f73	ga0b409f9731f85e62f73_ced6f3ea3d3cab96dc5c6cbec	NZ_JGCU01000424.1	full_contig_virus	0	3124	+	+	3124	3124	true	true	genomad_raw_v1		9aab646bd14011ce91eace670ec518aa9a7d9b7188a9e1d620ffc2bfd00adc21	9aab646bd14011ce91eace670ec518aa9a7d9b7188a9e1d620ffc2bfd00adc21	geNomad	ga0b409f9731f85e62f73_ced6f3ea3d3cab96dc5c6cbec	No terminal repeats	NA	0.7743	NA	3	0	1.2114	11	Viruses;Duplodnaviria;Heunggongvirae;Uroviricota;Caudoviricetes;;	geNomad_predicted_score_reported	unknown	full_contig_extent_integration_unknown	not_assessed	3124	No	NA	3	0	0	Low-quality	Genome-fragment	4.09	AAI-based (medium-confidence)	0.0	1.03	no viral genes detected	4.09	AAI-based (medium-confidence)	0.0	completed
ph_ga0b409f9731f85e62f73_0c5ac0720588ba4bbd6f7c80bb4cfc66	GCF_000598165.1	GCF_000598165.1	ga0b409f9731f85e62f73	ga0b409f9731f85e62f73_c3d845304a1eddf653742fd94	NZ_JGCU01000138.1	full_contig_virus	0	25146	+	+	25146	25146	true	true	genomad_raw_v1		b47f961b68cd97cc40babb804473a6d494f312db0543a8ddecac906ebba0cbce	b47f961b68cd97cc40babb804473a6d494f312db0543a8ddecac906ebba0cbce	geNomad	ga0b409f9731f85e62f73_c3d845304a1eddf653742fd94	No terminal repeats	NA	0.9731	NA	38	5	37.6014	11	Viruses;Duplodnaviria;Heunggongvirae;Uroviricota;Caudoviricetes;;	geNomad_predicted_score_reported	unknown	full_contig_extent_integration_unknown	not_assessed	25146	No	NA	38	2	0	Medium-quality	Genome-fragment	65.92	AAI-based (medium-confidence)	0.0	1.0		65.92	AAI-based (medium-confidence)	0.0	completed
ph_ga0b409f9731f85e62f73_4e4184b16740b7e28847688029ae57bb	GCF_000598165.1	GCF_000598165.1	ga0b409f9731f85e62f73	ga0b409f9731f85e62f73_c39cee5f1722f0aa2c85644bc	NZ_JGCU01000410.1	full_contig_virus	0	6736	+	+	6736	6736	true	true	genomad_raw_v1		c91cebe187cc39ee9bcdfebe613d462e5e27301d7439f8feb4155a6581a43c1c	c91cebe187cc39ee9bcdfebe613d462e5e27301d7439f8feb4155a6581a43c1c	geNomad	ga0b409f9731f85e62f73_c39cee5f1722f0aa2c85644bc	No terminal repeats	NA	0.7840	NA	6	1	1.7183	11	Viruses;Duplodnaviria;Heunggongvirae;Uroviricota;Caudoviricetes;;	geNomad_predicted_score_reported	unknown	full_contig_extent_integration_unknown	not_assessed	6736	No	NA	6	0	2	Not-determined	Genome-fragment	NA	NA	0.0	1.0	no viral genes detected	unknown	unknown	0.0	completed
ph_ga0b409f9731f85e62f73_61326cdf8bf661e03e6ec3e6da17d078	GCF_000598165.1	GCF_000598165.1	ga0b409f9731f85e62f73	ga0b409f9731f85e62f73_c3dc73536ac8bc851ffc23982	NZ_JGCU01000042.1	full_contig_virus	0	14960	+	+	14960	14960	true	true	genomad_raw_v1		9e1ea6e4074429114ab37cda4ff43df00b8fa1397e6eab9097a427f64ba1c7ac	9e1ea6e4074429114ab37cda4ff43df00b8fa1397e6eab9097a427f64ba1c7ac	geNomad	ga0b409f9731f85e62f73_c3dc73536ac8bc851ffc23982	No terminal repeats	NA	0.8251	NA	18	0	3.4062	11	Viruses;Duplodnaviria;Heunggongvirae;Uroviricota;Caudoviricetes;;	geNomad_predicted_score_reported	unknown	full_contig_extent_integration_unknown	not_assessed	14960	No	NA	18	0	7	Not-determined	Genome-fragment	NA	NA	0.0	1.0	no viral genes detected	unknown	unknown	0.0	completed
ph_ga0b409f9731f85e62f73_6ce7406d94176420ef8d0175370284a0	GCF_000598165.1	GCF_000598165.1	ga0b409f9731f85e62f73	ga0b409f9731f85e62f73_ca97677cf586adb0de3776c21	NZ_JGCU01000307.1	full_contig_virus	0	8477	+	+	8477	8477	true	true	genomad_raw_v1		d1deeaed1825f04db26e3f606df138dd1cf396f9ec040dbf1174cb4dd5319e55	d1deeaed1825f04db26e3f606df138dd1cf396f9ec040dbf1174cb4dd5319e55	geNomad	ga0b409f9731f85e62f73_ca97677cf586adb0de3776c21	No terminal repeats	NA	0.7546	NA	14	0	6.4555	11	Viruses;Duplodnaviria;Heunggongvirae;Uroviricota;Caudoviricetes;;	geNomad_predicted_score_reported	unknown	full_contig_extent_integration_unknown	not_assessed	8477	No	NA	14	0	0	Not-determined	Genome-fragment	NA	NA	0.0	1.0	no viral genes detected	unknown	unknown	0.0	completed
ph_ga0b409f9731f85e62f73_77d6f382ff4d197f18263d8c2cef2b04	GCF_000598165.1	GCF_000598165.1	ga0b409f9731f85e62f73	ga0b409f9731f85e62f73_c9ae07d39c1d60a3ff4528398	NZ_JGCU01000135.1	full_contig_virus	0	6158	+	+	6158	6158	true	true	genomad_raw_v1		d3dae310d4935c436ee580a20a2edad5eb923fe08c0c06bc15b8a0489848378a	d3dae310d4935c436ee580a20a2edad5eb923fe08c0c06bc15b8a0489848378a	geNomad	ga0b409f9731f85e62f73_c9ae07d39c1d60a3ff4528398	No terminal repeats	NA	0.9700	NA	7	0	4.3758	11	Viruses;Duplodnaviria;Heunggongvirae;Uroviricota;Caudoviricetes;;	geNomad_predicted_score_reported	unknown	full_contig_extent_integration_unknown	not_assessed	6158	No	NA	7	2	0	Low-quality	Genome-fragment	6.49	AAI-based (medium-confidence)	0.0	1.0		6.49	AAI-based (medium-confidence)	0.0	completed
ph_ga0b409f9731f85e62f73_8c4ecd42a48414a115038d3ef43c2e78	GCF_000598165.1	GCF_000598165.1	ga0b409f9731f85e62f73	ga0b409f9731f85e62f73_cb85a9a7224c34453f5210760	NZ_JGCU01000102.1	full_contig_virus	0	3339	+	+	3339	3339	true	true	genomad_raw_v1		5e37282217f4ea37418a284f50ff1e18b46307ca7caae35f6a4de0af9d52e55d	5e37282217f4ea37418a284f50ff1e18b46307ca7caae35f6a4de0af9d52e55d	geNomad	ga0b409f9731f85e62f73_cb85a9a7224c34453f5210760	No terminal repeats	NA	0.7790	NA	4	0	2.5759	11	Viruses;Duplodnaviria;Heunggongvirae;Uroviricota;Caudoviricetes;;	geNomad_predicted_score_reported	unknown	full_contig_extent_integration_unknown	not_assessed	3339	No	NA	4	0	1	Not-determined	Genome-fragment	NA	NA	0.0	1.0	no viral genes detected	unknown	unknown	0.0	completed
ph_ga0b409f9731f85e62f73_9323a032efaa9aa08f87326f899f292d	GCF_000598165.1	GCF_000598165.1	ga0b409f9731f85e62f73	ga0b409f9731f85e62f73_cc69576f9689bc7a473d6c18f	NZ_JGCU01000157.1	full_contig_virus	0	33309	+	+	33309	33309	true	true	genomad_raw_v1		4385cb7f57c0007be7ec02eda85c1f2d740cbfff4d7bfc2c2f3be86c9bb9104c	4385cb7f57c0007be7ec02eda85c1f2d740cbfff4d7bfc2c2f3be86c9bb9104c	geNomad	ga0b409f9731f85e62f73_cc69576f9689bc7a473d6c18f	No terminal repeats	NA	0.8969	NA	35	3	42.5767	11	Viruses;Duplodnaviria;Heunggongvirae;Uroviricota;Caudoviricetes;;	geNomad_predicted_score_reported	unknown	full_contig_extent_integration_unknown	not_assessed	33309	No	NA	35	3	1	Medium-quality	Genome-fragment	55.3	AAI-based (medium-confidence)	0.0	1.0		55.3	AAI-based (medium-confidence)	0.0	completed
ph_ga0b409f9731f85e62f73_948bd69cfc947fd759d49b9dbb814b3a	GCF_000598165.1	GCF_000598165.1	ga0b409f9731f85e62f73	ga0b409f9731f85e62f73_c566ab03338a86f31c25cf751	NZ_JGCU01000423.1	full_contig_virus	0	45669	+	+	45669	45669	true	true	genomad_raw_v1		93edf03f20cb316c29751e0ee2e5a436c9d68971a664c55536a097ac80e166aa	93edf03f20cb316c29751e0ee2e5a436c9d68971a664c55536a097ac80e166aa	geNomad	ga0b409f9731f85e62f73_c566ab03338a86f31c25cf751	No terminal repeats	NA	0.9668	NA	65	4	72.4380	11	Viruses;Duplodnaviria;Heunggongvirae;Uroviricota;Caudoviricetes;;	geNomad_predicted_score_reported	unknown	full_contig_extent_integration_unknown	not_assessed	45669	No	NA	65	4	2	Low-quality	Genome-fragment	41.15	AAI-based (medium-confidence)	0.0	1.0		41.15	AAI-based (medium-confidence)	0.0	completed
ph_ga0b409f9731f85e62f73_99285479011e082d32ca5b14fdd2185f	GCF_000598165.1	GCF_000598165.1	ga0b409f9731f85e62f73	ga0b409f9731f85e62f73_c0cf2b2685d247e62406a11f8	NZ_JGCU01000422.1	full_contig_virus	0	27262	+	+	27262	27262	true	true	genomad_raw_v1		da237db5a457ea1cf6805e1c6af8709686f1f98b0fe426af57d7fa152b3ffb49	da237db5a457ea1cf6805e1c6af8709686f1f98b0fe426af57d7fa152b3ffb49	geNomad	ga0b409f9731f85e62f73_c0cf2b2685d247e62406a11f8	No terminal repeats	NA	0.9682	NA	38	3	23.1444	11	Viruses;Duplodnaviria;Heunggongvirae;Uroviricota;Caudoviricetes;;	geNomad_predicted_score_reported	unknown	full_contig_extent_integration_unknown	not_assessed	27262	No	NA	38	3	2	Medium-quality	Genome-fragment	64.52	AAI-based (medium-confidence)	0.0	1.0		64.52	AAI-based (medium-confidence)	0.0	completed
ph_ga0b409f9731f85e62f73_9d88d2525614fcce845f6c52a1629a78	GCF_000598165.1	GCF_000598165.1	ga0b409f9731f85e62f73	ga0b409f9731f85e62f73_c2d23252298768cdf7e184c67	NZ_JGCU01000435.1	full_contig_virus	0	24095	+	+	24095	24095	true	true	genomad_raw_v1		f474830fb89ab282d228a9cf209a93e48716c6bd5c12e0ddf8e7336b595f9c05	f474830fb89ab282d228a9cf209a93e48716c6bd5c12e0ddf8e7336b595f9c05	geNomad	ga0b409f9731f85e62f73_c2d23252298768cdf7e184c67	No terminal repeats	NA	0.9239	NA	17	0	20.0869	11	Viruses;Duplodnaviria;Heunggongvirae;Uroviricota;Caudoviricetes;;	geNomad_predicted_score_reported	unknown	full_contig_extent_integration_unknown	not_assessed	24095	No	NA	17	5	2	Low-quality	Genome-fragment	21.69	AAI-based (medium-confidence)	0.0	1.0		21.69	AAI-based (medium-confidence)	0.0	completed
ph_ga0b409f9731f85e62f73_adaf62f76bc5dcdbff5eb40f29f6b500	GCF_000598165.1	GCF_000598165.1	ga0b409f9731f85e62f73	ga0b409f9731f85e62f73_c95cfadf6189ce4ccc64764f1	NZ_JGCU01000377.1	full_contig_virus	0	27704	+	+	27704	27704	true	true	genomad_raw_v1		7374b5484c101857809942a9cc12701a1312e63282d6a16f2e7d47272adc12e9	7374b5484c101857809942a9cc12701a1312e63282d6a16f2e7d47272adc12e9	geNomad	ga0b409f9731f85e62f73_c95cfadf6189ce4ccc64764f1	ITR	NA	0.9785	NA	23	5	34.7779	11	Viruses;Duplodnaviria;Heunggongvirae;Uroviricota;Caudoviricetes;;	geNomad_predicted_score_reported	unknown	full_contig_extent_integration_unknown	not_assessed	27704	No	NA	23	5	1	Medium-quality	Genome-fragment	64.68	AAI-based (medium-confidence)	0.0	1.03	low-confidence ITR	64.68	AAI-based (medium-confidence)	0.0	completed
ph_ga0b409f9731f85e62f73_b2746111bfeaf11a41c8005e4e82d8ae	GCF_000598165.1	GCF_000598165.1	ga0b409f9731f85e62f73	ga0b409f9731f85e62f73_c4e696cd662950311072efc4f	NZ_JGCU01000348.1	full_contig_virus	0	27245	+	+	27245	27245	true	true	genomad_raw_v1		2c1e5434e5735e21b313f316ab36ca07f9b4524ad8a0b10e7d2a8cd0988b6029	2c1e5434e5735e21b313f316ab36ca07f9b4524ad8a0b10e7d2a8cd0988b6029	geNomad	ga0b409f9731f85e62f73_c4e696cd662950311072efc4f	No terminal repeats	NA	0.9351	NA	29	3	36.7445	11	Viruses;Duplodnaviria;Heunggongvirae;Uroviricota;Caudoviricetes;;	geNomad_predicted_score_reported	unknown	full_contig_extent_integration_unknown	not_assessed	27245	No	NA	29	3	2	Low-quality	Genome-fragment	24.54	AAI-based (medium-confidence)	0.0	1.0		24.54	AAI-based (medium-confidence)	0.0	completed
ph_ga0b409f9731f85e62f73_d06ed18a2a5d0ee81629d3d726b960b8	GCF_000598165.1	GCF_000598165.1	ga0b409f9731f85e62f73	ga0b409f9731f85e62f73_cd73286eb3161d35a24a7ce3d	NZ_JGCU01000088.1	full_contig_virus	0	681	+	+	681	681	true	true	genomad_raw_v1		4920fba22dc93eef2a125f270da848d1165a1c02918df5234bbe29679921775e	4920fba22dc93eef2a125f270da848d1165a1c02918df5234bbe29679921775e	geNomad	ga0b409f9731f85e62f73_cd73286eb3161d35a24a7ce3d	No terminal repeats	NA	0.9328	NA	1	1	1.7183	11	Viruses;Duplodnaviria;Heunggongvirae;Uroviricota;Caudoviricetes;;	geNomad_predicted_score_reported	unknown	full_contig_extent_integration_unknown	not_assessed	681	No	NA	1	0	0	Low-quality	Genome-fragment	1.18	AAI-based (medium-confidence)	0.0	1.0	no viral genes detected	1.18	AAI-based (medium-confidence)	0.0	completed
ph_ga0b409f9731f85e62f73_d497ce1dd39343c3f045c69e2a462723	GCF_000598165.1	GCF_000598165.1	ga0b409f9731f85e62f73	ga0b409f9731f85e62f73_cbb2c96028e9ec548f6ec47e8	NZ_JGCU01000136.1	full_contig_virus	0	14111	+	+	14111	14111	true	true	genomad_raw_v1		c601d80636f94a6fcc88ec8a92e52340e0a714159cbe9ed0fbb6a9e86d82d64e	c601d80636f94a6fcc88ec8a92e52340e0a714159cbe9ed0fbb6a9e86d82d64e	geNomad	ga0b409f9731f85e62f73_cbb2c96028e9ec548f6ec47e8	No terminal repeats	NA	0.9741	NA	12	1	12.0095	11	Viruses;Duplodnaviria;Heunggongvirae;Uroviricota;Caudoviricetes;;	geNomad_predicted_score_reported	unknown	full_contig_extent_integration_unknown	not_assessed	14111	No	NA	12	2	1	Low-quality	Genome-fragment	28.03	AAI-based (medium-confidence)	0.0	1.0		28.03	AAI-based (medium-confidence)	0.0	completed
ph_g185160bba4eed1403daa_0f084825365a18479a62b3c622b5f07b	GCF_000598205.1	GCF_000598205.1	g185160bba4eed1403daa	g185160bba4eed1403daa_c5bf834381b6b590bf73e7df1	NZ_JGCZ01000386.1	full_contig_virus	0	5042	+	+	5042	5042	true	true	genomad_raw_v1		e1dee00912c10372d7b523ceb36f22b3e76d43f506e843a404db64039f991b26	e1dee00912c10372d7b523ceb36f22b3e76d43f506e843a404db64039f991b26	geNomad	g185160bba4eed1403daa_c5bf834381b6b590bf73e7df1	No terminal repeats	NA	0.7462	NA	8	0	0.6558	11	Viruses;Duplodnaviria;Heunggongvirae;Uroviricota;Caudoviricetes;;	geNomad_predicted_score_reported	unknown	full_contig_extent_integration_unknown	not_assessed	5042	No	NA	8	0	0	Not-determined	Genome-fragment	NA	NA	0.0	1.0	no viral genes detected	unknown	unknown	0.0	completed
ph_g185160bba4eed1403daa_527011fe9bc7c52d206ae85fb899f8aa	GCF_000598205.1	GCF_000598205.1	g185160bba4eed1403daa	g185160bba4eed1403daa_c2860a0688474ebbf375c0912	NZ_JGCZ01000334.1	full_contig_virus	0	10459	+	+	10459	10459	true	true	genomad_raw_v1		5d335c4954fb26fd58680390a8f929a5c6253772f9491b37621e475852dcac9d	5d335c4954fb26fd58680390a8f929a5c6253772f9491b37621e475852dcac9d	geNomad	g185160bba4eed1403daa_c2860a0688474ebbf375c0912	No terminal repeats	NA	0.7563	NA	15	0	5.6098	11	Viruses;Duplodnaviria;Heunggongvirae;Uroviricota;Caudoviricetes;;	geNomad_predicted_score_reported	unknown	full_contig_extent_integration_unknown	not_assessed	10459	No	NA	15	0	0	Not-determined	Genome-fragment	NA	NA	0.0	1.0	no viral genes detected	unknown	unknown	0.0	completed
ph_g185160bba4eed1403daa_7c5bbfb55a58ba2fb84f2ae98f50b71f	GCF_000598205.1	GCF_000598205.1	g185160bba4eed1403daa	g185160bba4eed1403daa_c8d156c50a356b8d89b7b7588	NZ_JGCZ01000404.1	full_contig_virus	0	2018	+	+	2018	2018	true	true	genomad_raw_v1		ae5bffe5bb1146466426fd7faa0dc9bcdf088624f23294f190cab76cd9c7187b	ae5bffe5bb1146466426fd7faa0dc9bcdf088624f23294f190cab76cd9c7187b	geNomad	g185160bba4eed1403daa_c8d156c50a356b8d89b7b7588	No terminal repeats	NA	0.8626	NA	3	1	1.7183	11	Viruses;Duplodnaviria;Heunggongvirae;Uroviricota;Caudoviricetes;;	geNomad_predicted_score_reported	unknown	full_contig_extent_integration_unknown	not_assessed	2018	No	NA	3	0	1	Not-determined	Genome-fragment	NA	NA	0.0	1.0	no viral genes detected	unknown	unknown	0.0	completed
ph_g185160bba4eed1403daa_93a70fd03c2d2f022bfb0ec913c557d0	GCF_000598205.1	GCF_000598205.1	g185160bba4eed1403daa	g185160bba4eed1403daa_ceef74977743fe2abd94635f0	NZ_JGCZ01000093.1	full_contig_virus	0	562	+	+	562	562	true	true	genomad_raw_v1		70fb437b26861eecd20b6401319a03ee99949009c7879fb8db08944a4842d292	70fb437b26861eecd20b6401319a03ee99949009c7879fb8db08944a4842d292	geNomad	g185160bba4eed1403daa_ceef74977743fe2abd94635f0	No terminal repeats	NA	0.9495	NA	1	1	1.7183	11	Viruses;Duplodnaviria;Heunggongvirae;Uroviricota;Caudoviricetes;;	geNomad_predicted_score_reported	unknown	full_contig_extent_integration_unknown	not_assessed	562	No	NA	1	1	0	Low-quality	Genome-fragment	1.22	AAI-based (high-confidence)	0.0	1.0		1.22	AAI-based (high-confidence)	0.0	completed
ph_g185160bba4eed1403daa_9a459767d3a6b5143269cffbb5326f6f	GCF_000598205.1	GCF_000598205.1	g185160bba4eed1403daa	g185160bba4eed1403daa_c3ce73b08a26771dd86301400	NZ_JGCZ01000094.1	full_contig_virus	0	814	+	+	814	814	true	true	genomad_raw_v1		216412cb9456f0c069744e0a46de7348081055182b993ce00b9f61abb0ea4ca3	216412cb9456f0c069744e0a46de7348081055182b993ce00b9f61abb0ea4ca3	geNomad	g185160bba4eed1403daa_c3ce73b08a26771dd86301400	No terminal repeats	NA	0.7711	NA	1	1	1.7085	11	Viruses;Duplodnaviria;Heunggongvirae;Uroviricota;Caudoviricetes;;	geNomad_predicted_score_reported	unknown	full_contig_extent_integration_unknown	not_assessed	814	No	NA	1	0	0	Low-quality	Genome-fragment	1.76	AAI-based (high-confidence)	0.0	1.0	no viral genes detected	1.76	AAI-based (high-confidence)	0.0	completed
ph_g185160bba4eed1403daa_b09007c06e3d30d06b5396e8608dd5cb	GCF_000598205.1	GCF_000598205.1	g185160bba4eed1403daa	g185160bba4eed1403daa_c7bf243497e85e2b4519ced0f	NZ_JGCZ01000239.1	full_contig_virus	0	767	+	+	767	767	true	true	genomad_raw_v1		e9bf5596a6206cc55ea0c2d77e393053fcce2c2ba98aa58e2342fce44185b297	e9bf5596a6206cc55ea0c2d77e393053fcce2c2ba98aa58e2342fce44185b297	geNomad	g185160bba4eed1403daa_c7bf243497e85e2b4519ced0f	No terminal repeats	NA	0.9630	NA	1	1	1.7183	11	Viruses;Duplodnaviria;Heunggongvirae;Uroviricota;Caudoviricetes;;	geNomad_predicted_score_reported	unknown	full_contig_extent_integration_unknown	not_assessed	767	No	NA	1	0	0	Not-determined	Genome-fragment	NA	NA	0.0	1.0	no viral genes detected	unknown	unknown	0.0	completed
ph_g185160bba4eed1403daa_b960d909a5931281957b710fecca0eef	GCF_000598205.1	GCF_000598205.1	g185160bba4eed1403daa	g185160bba4eed1403daa_cdd22d7ea7d4f79fb5dce87a3	NZ_JGCZ01000375.1	full_contig_virus	0	14980	+	+	14980	14980	true	true	genomad_raw_v1		e80f9dc52fcec433f00561451c039ff417a4264c8b20b26ba855ac884c4a3e13	e80f9dc52fcec433f00561451c039ff417a4264c8b20b26ba855ac884c4a3e13	geNomad	g185160bba4eed1403daa_cdd22d7ea7d4f79fb5dce87a3	No terminal repeats	NA	0.8035	NA	19	0	4.2942	11	Viruses;Duplodnaviria;Heunggongvirae;Uroviricota;Caudoviricetes;;	geNomad_predicted_score_reported	unknown	full_contig_extent_integration_unknown	not_assessed	14980	No	NA	19	0	8	Not-determined	Genome-fragment	NA	NA	0.0	1.0	no viral genes detected	unknown	unknown	0.0	completed
ph_g185160bba4eed1403daa_cac792fd276780fc1df5f3368a048a97	GCF_000598205.1	GCF_000598205.1	g185160bba4eed1403daa	g185160bba4eed1403daa_ca924d152ff077213387dcdaa	NZ_JGCZ01000445.1	full_contig_virus	0	3611	+	+	3611	3611	true	true	genomad_raw_v1		994560e2169b9c91ca39889dbe1afe42f0e02c94bca765e04181fcfcda686f44	994560e2169b9c91ca39889dbe1afe42f0e02c94bca765e04181fcfcda686f44	geNomad	g185160bba4eed1403daa_ca924d152ff077213387dcdaa	No terminal repeats	NA	0.9489	NA	5	0	5.6790	11	Viruses;Duplodnaviria;Heunggongvirae;Uroviricota;Caudoviricetes;;	geNomad_predicted_score_reported	unknown	full_contig_extent_integration_unknown	not_assessed	3611	No	NA	5	1	0	Low-quality	Genome-fragment	1.55	HMM-based (lower-bound)	0.0	1.0		1.55	HMM-based (lower-bound)	0.0	completed
ph_g185160bba4eed1403daa_cfc483d41538e5ee3711bba88c5cfa11	GCF_000598205.1	GCF_000598205.1	g185160bba4eed1403daa	g185160bba4eed1403daa_cddf56626b73762d3f46496a8	NZ_JGCZ01000288.1	full_contig_virus	0	2659	+	+	2659	2659	true	true	genomad_raw_v1		6726b3fdebcbab6ad12d63778b00a50d971ba9fa1adc9a254ac8d4368a06ba28	6726b3fdebcbab6ad12d63778b00a50d971ba9fa1adc9a254ac8d4368a06ba28	geNomad	g185160bba4eed1403daa_cddf56626b73762d3f46496a8	No terminal repeats	NA	0.7047	NA	1	0	0.0000	11	Unclassified	geNomad_predicted_score_reported	unknown	full_contig_extent_integration_unknown	not_assessed	2659	No	NA	1	0	1	Not-determined	Genome-fragment	NA	NA	0.0	1.0	no viral genes detected	unknown	unknown	0.0	completed
ph_g185160bba4eed1403daa_d97b6b4cca7828384750a15ab1095a46	GCF_000598205.1	GCF_000598205.1	g185160bba4eed1403daa	g185160bba4eed1403daa_c300bb3e3a1fa0d34f53c603a	NZ_JGCZ01000440.1	full_contig_virus	0	500	+	+	500	500	true	true	genomad_raw_v1		f4775eeed33aa2b79e7819a3ae2535c3680c841b4b7e439823b1c4ad610baf59	f4775eeed33aa2b79e7819a3ae2535c3680c841b4b7e439823b1c4ad610baf59	geNomad	g185160bba4eed1403daa_c300bb3e3a1fa0d34f53c603a	No terminal repeats	NA	0.9511	NA	1	1	1.7183	11	Viruses;Duplodnaviria;Heunggongvirae;Uroviricota;Caudoviricetes;;	geNomad_predicted_score_reported	unknown	full_contig_extent_integration_unknown	not_assessed	500	No	NA	1	0	0	Not-determined	Genome-fragment	NA	NA	0.0	1.0	no viral genes detected	unknown	unknown	0.0	completed
ph_g185160bba4eed1403daa_de8d17af8a4fb690c507ba61535297a8	GCF_000598205.1	GCF_000598205.1	g185160bba4eed1403daa	g185160bba4eed1403daa_cba061689a2648483dffd4df5	NZ_JGCZ01000400.1	full_contig_virus	0	6811	+	+	6811	6811	true	true	genomad_raw_v1		582e6f8b8acb7fa38335efa8ffa5f588f251a286ec05ef68fe897a1697d0df07	582e6f8b8acb7fa38335efa8ffa5f588f251a286ec05ef68fe897a1697d0df07	geNomad	g185160bba4eed1403daa_cba061689a2648483dffd4df5	No terminal repeats	NA	0.8020	NA	6	1	1.7183	11	Viruses;Duplodnaviria;Heunggongvirae;Uroviricota;Caudoviricetes;;	geNomad_predicted_score_reported	unknown	full_contig_extent_integration_unknown	not_assessed	6811	No	NA	6	0	2	Not-determined	Genome-fragment	NA	NA	0.0	1.0	no viral genes detected	unknown	unknown	0.0	completed
ph_g185160bba4eed1403daa_ee427914a30b864bedb337cdc98ecf99	GCF_000598205.1	GCF_000598205.1	g185160bba4eed1403daa	g185160bba4eed1403daa_cd25616e71567ef52dd07b44c	NZ_JGCZ01000098.1	full_contig_virus	0	2558	+	+	2558	2558	true	true	genomad_raw_v1		16cdd97171d804863aabc1ed7b6072fbd8c065e1e09da6ef1f5549b94c1cd27b	16cdd97171d804863aabc1ed7b6072fbd8c065e1e09da6ef1f5549b94c1cd27b	geNomad	g185160bba4eed1403daa_cd25616e71567ef52dd07b44c	No terminal repeats	NA	0.8395	NA	1	1	1.2989	11	Viruses;Duplodnaviria;Heunggongvirae;Uroviricota;Caudoviricetes;;	geNomad_predicted_score_reported	unknown	full_contig_extent_integration_unknown	not_assessed	2558	No	NA	1	1	0	Low-quality	Genome-fragment	5.63	AAI-based (medium-confidence)	0.0	1.0		5.63	AAI-based (medium-confidence)	0.0	completed
ph_g34021ac433cde5ec0abc_182dec51cce8547b06ea4d46f76131f2	GCF_000598325.1	GCF_000598325.1	g34021ac433cde5ec0abc	g34021ac433cde5ec0abc_c182cf5921c5d6c41df17a47f	NZ_JGCS01000083.1	full_contig_virus	0	4283	+	+	4283	4283	true	true	genomad_raw_v1		2c89fd9ef0ac15c90bdb1fc8d71952ec1bf5281719ee14b56b0f8955d518d1de	2c89fd9ef0ac15c90bdb1fc8d71952ec1bf5281719ee14b56b0f8955d518d1de	geNomad	g34021ac433cde5ec0abc_c182cf5921c5d6c41df17a47f	No terminal repeats	NA	0.8516	NA	6	0	2.5759	11	Viruses;Duplodnaviria;Heunggongvirae;Uroviricota;Caudoviricetes;;	geNomad_predicted_score_reported	unknown	full_contig_extent_integration_unknown	not_assessed	4283	No	NA	6	0	1	Not-determined	Genome-fragment	NA	NA	0.0	1.0	no viral genes detected	unknown	unknown	0.0	completed
ph_g34021ac433cde5ec0abc_189058b5da94b4a41f008e396c80e95d	GCF_000598325.1	GCF_000598325.1	g34021ac433cde5ec0abc	g34021ac433cde5ec0abc_c21c3465dc114409fa824be5d	NZ_JGCS01000413.1	full_contig_virus	0	35710	+	+	35710	35710	true	true	genomad_raw_v1		a1558056190ef90de94ed4103509e58ccd797a251d322f28df63487302f06fc3	a1558056190ef90de94ed4103509e58ccd797a251d322f28df63487302f06fc3	geNomad	g34021ac433cde5ec0abc_c21c3465dc114409fa824be5d	No terminal repeats	NA	0.9251	NA	30	3	35.4550	11	Viruses;Duplodnaviria;Heunggongvirae;Uroviricota;Caudoviricetes;;	geNomad_predicted_score_reported	unknown	full_contig_extent_integration_unknown	not_assessed	35710	No	NA	30	6	2	Low-quality	Genome-fragment	32.18	AAI-based (medium-confidence)	0.0	1.0		32.18	AAI-based (medium-confidence)	0.0	completed
ph_g34021ac433cde5ec0abc_481088d351671f8cb2e025fbff6af166	GCF_000598325.1	GCF_000598325.1	g34021ac433cde5ec0abc	g34021ac433cde5ec0abc_c554852a1aef6cd348d7b4c9d	NZ_JGCS01000376.1	full_contig_virus	0	4480	+	+	4480	4480	true	true	genomad_raw_v1		3427c2aed24dc194e03b143db58bf8d75504d85c15cd2c670a686e411d2f4e40	3427c2aed24dc194e03b143db58bf8d75504d85c15cd2c670a686e411d2f4e40	geNomad	g34021ac433cde5ec0abc_c554852a1aef6cd348d7b4c9d	No terminal repeats	NA	0.7678	NA	6	0	1.2049	11	Viruses;Duplodnaviria;Heunggongvirae;Uroviricota;Caudoviricetes;;	geNomad_predicted_score_reported	unknown	full_contig_extent_integration_unknown	not_assessed	4480	No	NA	6	0	6	Not-determined	Genome-fragment	NA	NA	0.0	1.0	no viral genes detected	unknown	unknown	0.0	completed
ph_g34021ac433cde5ec0abc_547924a726e021f2cec8727048b91f25	GCF_000598325.1	GCF_000598325.1	g34021ac433cde5ec0abc	g34021ac433cde5ec0abc_cb58681698318851803a6e64d	NZ_JGCS01000296.1	full_contig_virus	0	27427	+	+	27427	27427	true	true	genomad_raw_v1		405398cff1e401b57464522a4d4093a1f17338070b5e9a4c8d95978776487cb7	405398cff1e401b57464522a4d4093a1f17338070b5e9a4c8d95978776487cb7	geNomad	g34021ac433cde5ec0abc_cb58681698318851803a6e64d	No terminal repeats	NA	0.9340	NA	29	3	36.7445	11	Viruses;Duplodnaviria;Heunggongvirae;Uroviricota;Caudoviricetes;;	geNomad_predicted_score_reported	unknown	full_contig_extent_integration_unknown	not_assessed	27427	No	NA	29	3	2	Low-quality	Genome-fragment	24.7	AAI-based (medium-confidence)	0.0	1.0		24.7	AAI-based (medium-confidence)	0.0	completed
ph_g34021ac433cde5ec0abc_6352f228d0dac4810c338ad9cea0906b	GCF_000598325.1	GCF_000598325.1	g34021ac433cde5ec0abc	g34021ac433cde5ec0abc_c3c888140f92ed1dff4728559	NZ_JGCS01000447.1	full_contig_virus	0	10574	+	+	10574	10574	true	true	genomad_raw_v1		aa20d3706beb5ac3318f62dc6c8522ccd4a5b2198995bd890afb0b2865fc05a1	aa20d3706beb5ac3318f62dc6c8522ccd4a5b2198995bd890afb0b2865fc05a1	geNomad	g34021ac433cde5ec0abc_c3c888140f92ed1dff4728559	No terminal repeats	NA	0.7838	NA	6	0	1.2114	11	Viruses;Duplodnaviria;Heunggongvirae;Uroviricota;Caudoviricetes;;	geNomad_predicted_score_reported	unknown	full_contig_extent_integration_unknown	not_assessed	10574	No	NA	6	0	3	Not-determined	Genome-fragment	NA	NA	0.0	1.01	no viral genes detected	unknown	unknown	0.0	completed
ph_g34021ac433cde5ec0abc_6882969e4d8556af0e0013bb197d9106	GCF_000598325.1	GCF_000598325.1	g34021ac433cde5ec0abc	g34021ac433cde5ec0abc_c64c61107f59d25380f8e6091	NZ_JGCS01000105.1	full_contig_virus	0	3343	+	+	3343	3343	true	true	genomad_raw_v1		5e386322326e3112a33cab38762bb0716a685a930f4acabbeae3f44a34a66bb8	5e386322326e3112a33cab38762bb0716a685a930f4acabbeae3f44a34a66bb8	geNomad	g34021ac433cde5ec0abc_c64c61107f59d25380f8e6091	No terminal repeats	NA	0.8841	NA	4	0	2.5759	11	Viruses;Duplodnaviria;Heunggongvirae;Uroviricota;Caudoviricetes;;	geNomad_predicted_score_reported	unknown	full_contig_extent_integration_unknown	not_assessed	3343	No	NA	4	0	1	Not-determined	Genome-fragment	NA	NA	0.0	1.0	no viral genes detected	unknown	unknown	0.0	completed
ph_g34021ac433cde5ec0abc_6a19bfc87733370d56503df335795afc	GCF_000598325.1	GCF_000598325.1	g34021ac433cde5ec0abc	g34021ac433cde5ec0abc_c1026258fb41dc4ad8b16e57e	NZ_JGCS01000218.1	full_contig_virus	0	17444	+	+	17444	17444	true	true	genomad_raw_v1		78be0832041bf1ffab87d79166b67d82bbb7c6b93716a2f7459bcd75f6508ae9	78be0832041bf1ffab87d79166b67d82bbb7c6b93716a2f7459bcd75f6508ae9	geNomad	g34021ac433cde5ec0abc_c1026258fb41dc4ad8b16e57e	No terminal repeats	NA	0.7200	NA	16	0	3.4366	11	Viruses;Duplodnaviria;Heunggongvirae;Uroviricota;Caudoviricetes;;	geNomad_predicted_score_reported	unknown	full_contig_extent_integration_unknown	not_assessed	17444	No	NA	16	0	5	Not-determined	Genome-fragment	NA	NA	0.0	1.0	no viral genes detected	unknown	unknown	0.0	completed
ph_g34021ac433cde5ec0abc_760ed286561b2bfe0c86285df2417e5e	GCF_000598325.1	GCF_000598325.1	g34021ac433cde5ec0abc	g34021ac433cde5ec0abc_c81a78de6cbfdbf09059ef268	NZ_JGCS01000396.1	full_contig_virus	0	5343	+	+	5343	5343	true	true	genomad_raw_v1		011891e54f123d12ed368babe28f1b33c5897d9cb16fe91c11ee53f8350560e4	011891e54f123d12ed368babe28f1b33c5897d9cb16fe91c11ee53f8350560e4	geNomad	g34021ac433cde5ec0abc_c81a78de6cbfdbf09059ef268	No terminal repeats	NA	0.9711	NA	8	0	10.2732	11	Viruses;Duplodnaviria;Heunggongvirae;Uroviricota;Caudoviricetes;;	geNomad_predicted_score_reported	unknown	full_contig_extent_integration_unknown	not_assessed	5343	No	NA	8	1	0	Low-quality	Genome-fragment	3.46	HMM-based (lower-bound)	0.0	1.0		3.46	HMM-based (lower-bound)	0.0	completed
ph_g34021ac433cde5ec0abc_910044ac9880bc2e55043a0d19969078	GCF_000598325.1	GCF_000598325.1	g34021ac433cde5ec0abc	g34021ac433cde5ec0abc_ce9ccdd39f5d999e6f8baa224	NZ_JGCS01000138.1	full_contig_virus	0	20240	+	+	20240	20240	true	true	genomad_raw_v1		400b3190e1162c3a0f7905d4e64161517809e4bead89703d8a2d9268da4c168f	400b3190e1162c3a0f7905d4e64161517809e4bead89703d8a2d9268da4c168f	geNomad	g34021ac433cde5ec0abc_ce9ccdd39f5d999e6f8baa224	No terminal repeats	NA	0.9727	NA	18	1	16.0464	11	Viruses;Duplodnaviria;Heunggongvirae;Uroviricota;Caudoviricetes;;	geNomad_predicted_score_reported	unknown	full_contig_extent_integration_unknown	not_assessed	20240	No	NA	18	3	1	Low-quality	Genome-fragment	20.84	AAI-based (high-confidence)	0.0	1.0		20.84	AAI-based (high-confidence)	0.0	completed
ph_g34021ac433cde5ec0abc_9c86264ad4ff2a8de22dd2bac01d8cf3	GCF_000598325.1	GCF_000598325.1	g34021ac433cde5ec0abc	g34021ac433cde5ec0abc_c3ddd6cc4e0971178ad7dc02c	NZ_JGCS01000408.1	full_contig_virus	0	26979	+	+	26979	26979	true	true	genomad_raw_v1		70191b3b2d128b53f70c7448781e908a0376f1d8d34d9e9234486553d9abbaa6	70191b3b2d128b53f70c7448781e908a0376f1d8d34d9e9234486553d9abbaa6	geNomad	g34021ac433cde5ec0abc_c3ddd6cc4e0971178ad7dc02c	No terminal repeats	NA	0.9800	NA	22	5	34.7779	11	Viruses;Duplodnaviria;Heunggongvirae;Uroviricota;Caudoviricetes;;	geNomad_predicted_score_reported	unknown	full_contig_extent_integration_unknown	not_assessed	26979	No	NA	22	5	1	Medium-quality	Genome-fragment	62.99	AAI-based (medium-confidence)	0.0	1.0		62.99	AAI-based (medium-confidence)	0.0	completed
ph_g34021ac433cde5ec0abc_a85d6e6f6fdf21ce39c8aff997ada527	GCF_000598325.1	GCF_000598325.1	g34021ac433cde5ec0abc	g34021ac433cde5ec0abc_c3d5db028cfe68278c511b51c	NZ_JGCS01000348.1	full_contig_virus	0	6696	+	+	6696	6696	true	true	genomad_raw_v1		d132c92c42edcbe4d06469a3f72a03278f3563aa6422e27ae0866218d5f4e4c8	d132c92c42edcbe4d06469a3f72a03278f3563aa6422e27ae0866218d5f4e4c8	geNomad	g34021ac433cde5ec0abc_c3d5db028cfe68278c511b51c	No terminal repeats	NA	0.7453	NA	6	1	1.7183	11	Viruses;Duplodnaviria;Heunggongvirae;Uroviricota;Caudoviricetes;;	geNomad_predicted_score_reported	unknown	full_contig_extent_integration_unknown	not_assessed	6696	No	NA	6	0	2	Not-determined	Genome-fragment	NA	NA	0.0	1.0	no viral genes detected	unknown	unknown	0.0	completed
ph_g34021ac433cde5ec0abc_ad2c95a0ce75723dbb0370625c7720a1	GCF_000598325.1	GCF_000598325.1	g34021ac433cde5ec0abc	g34021ac433cde5ec0abc_c687b890e0864e37a98b0dbc8	NZ_JGCS01000414.1	full_contig_virus	0	7936	+	+	7936	7936	true	true	genomad_raw_v1		55420408a4f958c257c330c7b361c72e94f20b430c0127c5c0f15d4c400900f9	55420408a4f958c257c330c7b361c72e94f20b430c0127c5c0f15d4c400900f9	geNomad	g34021ac433cde5ec0abc_c687b890e0864e37a98b0dbc8	No terminal repeats	NA	0.9262	NA	10	1	6.8137	11	Viruses;Duplodnaviria;Heunggongvirae;Uroviricota;Caudoviricetes;;	geNomad_predicted_score_reported	unknown	full_contig_extent_integration_unknown	not_assessed	7936	Yes	4626	10	1	3	Low-quality	Genome-fragment	4.18	AAI-based (high-confidence)	41.71	1.0		4.18	AAI-based (high-confidence)	41.71	completed
ph_g34021ac433cde5ec0abc_c4d699b68ed5fb439f1dd44f41da831e	GCF_000598325.1	GCF_000598325.1	g34021ac433cde5ec0abc	g34021ac433cde5ec0abc_cf7380014672cb758b2883c17	NZ_JGCS01000428.1	full_contig_virus	0	28714	+	+	28714	28714	true	true	genomad_raw_v1		e89fb424de5dac07ce1f123b92b9177cac814cbc3b7b8d7e6e17d17e8b493d49	e89fb424de5dac07ce1f123b92b9177cac814cbc3b7b8d7e6e17d17e8b493d49	geNomad	g34021ac433cde5ec0abc_cf7380014672cb758b2883c17	No terminal repeats	NA	0.9762	NA	42	1	45.0785	11	Viruses;Duplodnaviria;Heunggongvirae;Uroviricota;Caudoviricetes;;	geNomad_predicted_score_reported	unknown	full_contig_extent_integration_unknown	not_assessed	28714	No	NA	42	1	2	Low-quality	Genome-fragment	34.19	HMM-based (lower-bound)	0.0	1.0		34.19	HMM-based (lower-bound)	0.0	completed
ph_g34021ac433cde5ec0abc_d43cfc95177b59d16482920cbbe92a7c	GCF_000598325.1	GCF_000598325.1	g34021ac433cde5ec0abc	g34021ac433cde5ec0abc_c4990136aac77c714c21b1248	NZ_JGCS01000034.1	full_contig_virus	0	1187	+	+	1187	1187	true	true	genomad_raw_v1		55b96633eef11c91b9d567f327d9c9aaa7bbfc05c94f290c9e509958e3bebd04	55b96633eef11c91b9d567f327d9c9aaa7bbfc05c94f290c9e509958e3bebd04	geNomad	g34021ac433cde5ec0abc_c4990136aac77c714c21b1248	No terminal repeats	NA	0.8979	NA	1	1	1.7183	11	Viruses;Duplodnaviria;Heunggongvirae;Uroviricota;Caudoviricetes;;	geNomad_predicted_score_reported	unknown	full_contig_extent_integration_unknown	not_assessed	1187	No	NA	1	0	1	Not-determined	Genome-fragment	NA	NA	0.0	1.0	no viral genes detected	unknown	unknown	0.0	completed
ph_g34021ac433cde5ec0abc_dd1e5123af4ac5593b9fca2d3052c279	GCF_000598325.1	GCF_000598325.1	g34021ac433cde5ec0abc	g34021ac433cde5ec0abc_ccfd02106bb920fe9a0a6b792	NZ_JGCS01000155.1	full_contig_virus	0	34351	+	+	34351	34351	true	true	genomad_raw_v1		a1c2b70c4c510debd240c9af9c08192dea0e0b476befc109e771742bd2339d6c	a1c2b70c4c510debd240c9af9c08192dea0e0b476befc109e771742bd2339d6c	geNomad	g34021ac433cde5ec0abc_ccfd02106bb920fe9a0a6b792	No terminal repeats	NA	0.8884	NA	42	3	46.7825	11	Viruses;Duplodnaviria;Heunggongvirae;Uroviricota;Caudoviricetes;;	geNomad_predicted_score_reported	unknown	full_contig_extent_integration_unknown	not_assessed	34351	Yes	31375	42	3	2	Medium-quality	Genome-fragment	52.06	AAI-based (medium-confidence)	8.66	1.0		52.06	AAI-based (medium-confidence)	8.66	completed
ph_g34021ac433cde5ec0abc_de91de5e4861c5ae001f4329068bcc75	GCF_000598325.1	GCF_000598325.1	g34021ac433cde5ec0abc	g34021ac433cde5ec0abc_c92bbf4613c1f3f02a2e7eb94	NZ_JGCS01000140.1	full_contig_virus	0	25059	+	+	25059	25059	true	true	genomad_raw_v1		571e857aa9b60d96621ddc02bf474ce5cf356dd0cc5df1cf9be7ee40c74b251c	571e857aa9b60d96621ddc02bf474ce5cf356dd0cc5df1cf9be7ee40c74b251c	geNomad	g34021ac433cde5ec0abc_c92bbf4613c1f3f02a2e7eb94	No terminal repeats	NA	0.9717	NA	39	5	37.6014	11	Viruses;Duplodnaviria;Heunggongvirae;Uroviricota;Caudoviricetes;;	geNomad_predicted_score_reported	unknown	full_contig_extent_integration_unknown	not_assessed	25059	No	NA	39	2	0	Medium-quality	Genome-fragment	65.69	AAI-based (medium-confidence)	0.0	1.0		65.69	AAI-based (medium-confidence)	0.0	completed
ph_g34021ac433cde5ec0abc_f2af321db977a32afc858cd3b94d3311	GCF_000598325.1	GCF_000598325.1	g34021ac433cde5ec0abc	g34021ac433cde5ec0abc_c68f45d8ad59992180adfd718	NZ_JGCS01000351.1	full_contig_virus	0	26885	+	+	26885	26885	true	true	genomad_raw_v1		244097b17583a9a9dc519558f814363d6e1215e56eb4c32f71971b4edea43201	244097b17583a9a9dc519558f814363d6e1215e56eb4c32f71971b4edea43201	geNomad	g34021ac433cde5ec0abc_c68f45d8ad59992180adfd718	No terminal repeats	NA	0.9704	NA	39	3	24.8627	11	Viruses;Duplodnaviria;Heunggongvirae;Uroviricota;Caudoviricetes;;	geNomad_predicted_score_reported	unknown	full_contig_extent_integration_unknown	not_assessed	26885	No	NA	39	3	1	Medium-quality	Genome-fragment	63.63	AAI-based (medium-confidence)	0.0	1.0		63.63	AAI-based (medium-confidence)	0.0	completed
ph_gf0140d84553bf4553c4f_00f403625cd87a94d1d03d8652b5a1b6	GCF_000598505.1	GCF_000598505.1	gf0140d84553bf4553c4f	gf0140d84553bf4553c4f_c2c101a8c1b9fc7b085bb34c4	NZ_JGDE01000075.1	full_contig_virus	0	3497	+	+	3497	3497	true	true	genomad_raw_v1		f572c384d648ff1a83252ebb4df9d88ab0774e405837a5ad309965b7f6663c36	f572c384d648ff1a83252ebb4df9d88ab0774e405837a5ad309965b7f6663c36	geNomad	gf0140d84553bf4553c4f_c2c101a8c1b9fc7b085bb34c4	No terminal repeats	NA	0.8063	NA	4	0	2.5759	11	Viruses;Duplodnaviria;Heunggongvirae;Uroviricota;Caudoviricetes;;	geNomad_predicted_score_reported	unknown	full_contig_extent_integration_unknown	not_assessed	3497	No	NA	4	0	1	Not-determined	Genome-fragment	NA	NA	0.0	1.0	no viral genes detected	unknown	unknown	0.0	completed
ph_gf0140d84553bf4553c4f_1a3199fa64965f197a6d28367012681e	GCF_000598505.1	GCF_000598505.1	gf0140d84553bf4553c4f	gf0140d84553bf4553c4f_cc20e7c3eea0917dd0c9e5a27	NZ_JGDE01000062.1	full_contig_virus	0	2503	+	+	2503	2503	true	true	genomad_raw_v1		87124b78a8b279cafe9ac4dc1e3fce3d883989039119379d68affe69089c4da5	87124b78a8b279cafe9ac4dc1e3fce3d883989039119379d68affe69089c4da5	geNomad	gf0140d84553bf4553c4f_cc20e7c3eea0917dd0c9e5a27	No terminal repeats	NA	0.7170	NA	5	0	2.5759	11	Viruses;Duplodnaviria;Heunggongvirae;Uroviricota;Caudoviricetes;;	geNomad_predicted_score_reported	unknown	full_contig_extent_integration_unknown	not_assessed	2503	No	NA	5	0	0	Not-determined	Genome-fragment	NA	NA	0.0	1.0	no viral genes detected	unknown	unknown	0.0	completed
ph_gf0140d84553bf4553c4f_5612a64d22f52345a6690362bf87df54	GCF_000598505.1	GCF_000598505.1	gf0140d84553bf4553c4f	gf0140d84553bf4553c4f_ccf6fe2780b677dd23cac7da6	NZ_JGDE01000141.1	provirus_locus	35	10123	+	+	10088	15341	false	false	genomad_raw_v1		1f94adaab0673467dfb093ccf224c38d04035e71d676c79891bbbd37183c74d9	1f94adaab0673467dfb093ccf224c38d04035e71d676c79891bbbd37183c74d9	geNomad	gf0140d84553bf4553c4f_ccf6fe2780b677dd23cac7da6|provirus_36_10123	Provirus	36-10123	0.9365	NA	14	1	6.0095	11	Viruses;Duplodnaviria;Heunggongvirae;Uroviricota;Caudoviricetes;;	geNomad_predicted_score_reported	caller_predicted_provirus_locus	caller_only_not_independently_validated	not_assessed	10088	No	NA	14	0	3	Not-determined	Genome-fragment	NA	NA	0.0	1.0	no viral genes detected	unknown	unknown	0.0	completed
ph_gf0140d84553bf4553c4f_7f2bfe8addb54ce53c43ec74e70ce068	GCF_000598505.1	GCF_000598505.1	gf0140d84553bf4553c4f	gf0140d84553bf4553c4f_c718d01596a4dfea4e7be8302	NZ_JGDE01000227.1	full_contig_virus	0	13387	+	+	13387	13387	true	true	genomad_raw_v1		e2723a8aa06a21c8e39df7693e41040493d8d09fbf7a55d9506ac7db0d2ab188	e2723a8aa06a21c8e39df7693e41040493d8d09fbf7a55d9506ac7db0d2ab188	geNomad	gf0140d84553bf4553c4f_c718d01596a4dfea4e7be8302	No terminal repeats	NA	0.9786	NA	26	3	24.3484	11	Viruses;Duplodnaviria;Heunggongvirae;Uroviricota;Caudoviricetes;;	geNomad_predicted_score_reported	unknown	full_contig_extent_integration_unknown	not_assessed	13387	No	NA	26	6	0	Low-quality	Genome-fragment	41.22	AAI-based (high-confidence)	0.0	1.0		41.22	AAI-based (high-confidence)	0.0	completed
ph_gf0140d84553bf4553c4f_87bd50ee160a8071bbbaa5eb7f67b4ff	GCF_000598505.1	GCF_000598505.1	gf0140d84553bf4553c4f	gf0140d84553bf4553c4f_cb4871db170f2afdbc13ab44a	NZ_JGDE01000054.1	full_contig_virus	0	3845	+	+	3845	3845	true	true	genomad_raw_v1		f59efbfecc34e5d712ed9fc7df29b11bc0ed7bd14b12687b0ba09d3722202a9b	f59efbfecc34e5d712ed9fc7df29b11bc0ed7bd14b12687b0ba09d3722202a9b	geNomad	gf0140d84553bf4553c4f_cb4871db170f2afdbc13ab44a	No terminal repeats	NA	0.7580	NA	8	0	0.6707	11	Viruses;Duplodnaviria;Heunggongvirae;Uroviricota;Caudoviricetes;;	geNomad_predicted_score_reported	unknown	full_contig_extent_integration_unknown	not_assessed	3845	No	NA	8	0	1	Not-determined	Genome-fragment	NA	NA	0.0	1.0	no viral genes detected	unknown	unknown	0.0	completed
ph_gf0140d84553bf4553c4f_a16b8e84e05dc53fda762555924987d5	GCF_000598505.1	GCF_000598505.1	gf0140d84553bf4553c4f	gf0140d84553bf4553c4f_ce76be3f938335abde0588ed4	NZ_JGDE01000022.1	full_contig_virus	0	1246	+	+	1246	1246	true	true	genomad_raw_v1		7c50a6a0f580a5f21e6a11458c9afb02a181358583921fd0d56fa355988dbb44	7c50a6a0f580a5f21e6a11458c9afb02a181358583921fd0d56fa355988dbb44	geNomad	gf0140d84553bf4553c4f_ce76be3f938335abde0588ed4	No terminal repeats	NA	0.8536	NA	1	1	1.7183	11	Viruses;Duplodnaviria;Heunggongvirae;Uroviricota;Caudoviricetes;;	geNomad_predicted_score_reported	unknown	full_contig_extent_integration_unknown	not_assessed	1246	No	NA	1	0	1	Not-determined	Genome-fragment	NA	NA	0.0	1.0	no viral genes detected	unknown	unknown	0.0	completed
ph_gf0140d84553bf4553c4f_eacfd3f134424e9f753ef603f2888911	GCF_000598505.1	GCF_000598505.1	gf0140d84553bf4553c4f	gf0140d84553bf4553c4f_cc823ece1f47c41383a33f04a	NZ_JGDE01000064.1	full_contig_virus	0	1468	+	+	1468	1468	true	true	genomad_raw_v1		e720cacf90064db10323770e9d63839a356d52691455a724dbbea163421b3ea3	e720cacf90064db10323770e9d63839a356d52691455a724dbbea163421b3ea3	geNomad	gf0140d84553bf4553c4f_cc823ece1f47c41383a33f04a	No terminal repeats	NA	0.9425	NA	1	1	1.7183	11	Viruses;Duplodnaviria;Heunggongvirae;Uroviricota;Caudoviricetes;;	geNomad_predicted_score_reported	unknown	full_contig_extent_integration_unknown	not_assessed	1468	No	NA	1	0	1	Not-determined	Genome-fragment	NA	NA	0.0	1.0	no viral genes detected	unknown	unknown	0.0	completed
ph_gf0140d84553bf4553c4f_f2f07025051f70dc6d43ba22b17253fa	GCF_000598505.1	GCF_000598505.1	gf0140d84553bf4553c4f	gf0140d84553bf4553c4f_cadd0eed7cf8c2e913bed469b	NZ_JGDE01000193.1	full_contig_virus	0	15367	+	+	15367	15367	true	true	genomad_raw_v1		1a1ef9c1927f7c4488ca1a734522cbf2b79578f0e1fbaa28cbdfd14bff0574f5	1a1ef9c1927f7c4488ca1a734522cbf2b79578f0e1fbaa28cbdfd14bff0574f5	geNomad	gf0140d84553bf4553c4f_cadd0eed7cf8c2e913bed469b	No terminal repeats	NA	0.9807	NA	18	8	24.7606	11	Viruses;Duplodnaviria;Heunggongvirae;Uroviricota;Caudoviricetes;;	geNomad_predicted_score_reported	unknown	full_contig_extent_integration_unknown	not_assessed	15367	No	NA	18	7	0	Low-quality	Genome-fragment	35.57	AAI-based (high-confidence)	0.0	1.0		35.57	AAI-based (high-confidence)	0.0	completed
ph_g2f05734ec4f49e252b11_325364561912a3922c89d7e0a7bbde66	GCF_000598545.2	GCF_000598545.2	g2f05734ec4f49e252b11	g2f05734ec4f49e252b11_ca1c88ac0e152f933f557845a	NZ_JGDK01000070.1	full_contig_virus	0	23848	+	+	23848	23848	true	true	genomad_raw_v1		9e87f5fa4ba5b4f22497124555f60f59f3060cfd557c00e993a85f350c55a071	9e87f5fa4ba5b4f22497124555f60f59f3060cfd557c00e993a85f350c55a071	geNomad	g2f05734ec4f49e252b11_ca1c88ac0e152f933f557845a	No terminal repeats	NA	0.9795	NA	31	9	35.3985	11	Viruses;Duplodnaviria;Heunggongvirae;Uroviricota;Caudoviricetes;;	geNomad_predicted_score_reported	unknown	full_contig_extent_integration_unknown	not_assessed	23848	No	NA	31	11	0	Medium-quality	Genome-fragment	64.34	AAI-based (medium-confidence)	0.0	1.0		64.34	AAI-based (medium-confidence)	0.0	completed
ph_g2f05734ec4f49e252b11_404eaf5cca2bdbe96e709b7781947f41	GCF_000598545.2	GCF_000598545.2	g2f05734ec4f49e252b11	g2f05734ec4f49e252b11_c81b375827e493a95d40ae7b5	NZ_JGDK01000052.1	full_contig_virus	0	36938	+	+	36938	36938	true	true	genomad_raw_v1		1687dda38678c5a17a68c24e465a24292840220427cab2aa2607b5cb6c743101	1687dda38678c5a17a68c24e465a24292840220427cab2aa2607b5cb6c743101	geNomad	g2f05734ec4f49e252b11_c81b375827e493a95d40ae7b5	No terminal repeats	NA	0.9712	NA	53	7	45.5801	11	Viruses;Duplodnaviria;Heunggongvirae;Uroviricota;Caudoviricetes;;	geNomad_predicted_score_reported	unknown	full_contig_extent_integration_unknown	not_assessed	36938	No	NA	53	7	2	Medium-quality	Genome-fragment	61.26	AAI-based (high-confidence)	0.0	1.0		61.26	AAI-based (high-confidence)	0.0	completed
ph_g2f05734ec4f49e252b11_49b079a77b38f0a139827d510cb56acf	GCF_000598545.2	GCF_000598545.2	g2f05734ec4f49e252b11	g2f05734ec4f49e252b11_c35aee11877fcde1373f108ae	NZ_JGDK01000114.1	provirus_locus	163457	222668	+	+	59211	223098	false	false	genomad_raw_v1		cc789e46bd4729586dbc73f3cdfaf64686a2f1815dbce12916a7101a3ab3fb39	cc789e46bd4729586dbc73f3cdfaf64686a2f1815dbce12916a7101a3ab3fb39	geNomad	g2f05734ec4f49e252b11_c35aee11877fcde1373f108ae|provirus_163458_222668	Provirus	163458-222668	0.9692	NA	67	3	58.7465	11	Viruses;Duplodnaviria;Heunggongvirae;Uroviricota;Caudoviricetes;;	geNomad_predicted_score_reported	caller_predicted_provirus_locus	caller_only_not_independently_validated	not_assessed	59211	Yes	50883	67	8	6	High-quality	High-quality	100.0	AAI-based (high-confidence)	14.06	1.0		100.0	AAI-based (high-confidence)	14.06	completed
ph_g2f05734ec4f49e252b11_570fee8c9724d0a47370305e4c8f2693	GCF_000598545.2	GCF_000598545.2	g2f05734ec4f49e252b11	g2f05734ec4f49e252b11_c5ef01ee7141a718d4b975186	NZ_JGDK01000129.1	full_contig_virus	0	7573	+	+	7573	7573	true	true	genomad_raw_v1		2bd1dc18ae57f415cee45bae9034ab7e47f222d621d0fac0bf6b8f17bbe63478	2bd1dc18ae57f415cee45bae9034ab7e47f222d621d0fac0bf6b8f17bbe63478	geNomad	g2f05734ec4f49e252b11_c5ef01ee7141a718d4b975186	No terminal repeats	NA	0.7370	NA	7	2	4.2842	11	Viruses;Duplodnaviria;Heunggongvirae;Uroviricota;Caudoviricetes;;	geNomad_predicted_score_reported	unknown	full_contig_extent_integration_unknown	not_assessed	7573	No	NA	7	0	2	Not-determined	Genome-fragment	NA	NA	0.0	1.0	no viral genes detected	unknown	unknown	0.0	completed
ph_g2f05734ec4f49e252b11_6079e203b3b17f3017c280ee250cbb3a	GCF_000598545.2	GCF_000598545.2	g2f05734ec4f49e252b11	g2f05734ec4f49e252b11_c4ef27393852013dbf04d87bf	NZ_JGDK01000115.1	provirus_locus	199	29311	+	+	29112	137809	false	false	genomad_raw_v1		a3be7203bc510174756ade21ecba7fe1fc41df6391ddc76f017f03c2d2fad87c	a3be7203bc510174756ade21ecba7fe1fc41df6391ddc76f017f03c2d2fad87c	geNomad	g2f05734ec4f49e252b11_c4ef27393852013dbf04d87bf|provirus_200_29311	Provirus	200-29311	0.9639	NA	43	5	37.2436	11	Viruses;Duplodnaviria;Heunggongvirae;Uroviricota;Caudoviricetes;;	geNomad_predicted_score_reported	caller_predicted_provirus_locus	caller_only_not_independently_validated	not_assessed	29112	No	NA	43	4	1	Medium-quality	Genome-fragment	76.32	AAI-based (medium-confidence)	0.0	1.0		76.32	AAI-based (medium-confidence)	0.0	completed
ph_g2f05734ec4f49e252b11_7444f663ed7a111eb0c8002582b2a96a	GCF_000598545.2	GCF_000598545.2	g2f05734ec4f49e252b11	g2f05734ec4f49e252b11_cd1028ac98f6db55728ed1f4a	NZ_JGDK01000087.1	full_contig_virus	0	1696	+	+	1696	1696	true	true	genomad_raw_v1		9289c67fef47ef4e06aebdc25163bf63887fdc5306f9d6e4af4f0c32517c26ed	9289c67fef47ef4e06aebdc25163bf63887fdc5306f9d6e4af4f0c32517c26ed	geNomad	g2f05734ec4f49e252b11_cd1028ac98f6db55728ed1f4a	No terminal repeats	NA	0.9098	NA	1	1	1.7183	11	Viruses;Duplodnaviria;Heunggongvirae;Uroviricota;Caudoviricetes;;	geNomad_predicted_score_reported	unknown	full_contig_extent_integration_unknown	not_assessed	1696	No	NA	1	0	1	Low-quality	Genome-fragment	2.62	AAI-based (medium-confidence)	0.0	1.0	no viral genes detected	2.62	AAI-based (medium-confidence)	0.0	completed
ph_g2f05734ec4f49e252b11_ae6a74587fb7e6e5bda9c9860b4c4f04	GCF_000598545.2	GCF_000598545.2	g2f05734ec4f49e252b11	g2f05734ec4f49e252b11_cdc8438c599542dbeb51b63f2	NZ_JGDK01000134.1	provirus_locus	2	19481	+	+	19479	185809	false	false	genomad_raw_v1		da12ff0c84ee7522799a323e2cceddbb3416cfdd9f72b35dfbe0ee7c35c556c0	da12ff0c84ee7522799a323e2cceddbb3416cfdd9f72b35dfbe0ee7c35c556c0	geNomad	g2f05734ec4f49e252b11_cdc8438c599542dbeb51b63f2|provirus_3_19481	Provirus	3-19481	0.9769	NA	28	3	28.2769	11	Viruses;Duplodnaviria;Heunggongvirae;Uroviricota;Caudoviricetes;;	geNomad_predicted_score_reported	caller_predicted_provirus_locus	caller_only_not_independently_validated	not_assessed	19479	No	NA	27	6	0	Low-quality	Genome-fragment	34.2	AAI-based (high-confidence)	0.0	1.0		34.2	AAI-based (high-confidence)	0.0	completed
ph_g2f05734ec4f49e252b11_be74e14baf2681e421b4fccf5879132c	GCF_000598545.2	GCF_000598545.2	g2f05734ec4f49e252b11	g2f05734ec4f49e252b11_c87535cbd55c67dd19aec9404	NZ_JGDK01000097.1	provirus_locus	107823	166505	+	+	58682	441791	false	false	genomad_raw_v1		43840f03ca24075201c096100e9ded907afa11bdfd4cfc0d2c8b47cfd2941330	43840f03ca24075201c096100e9ded907afa11bdfd4cfc0d2c8b47cfd2941330	geNomad	g2f05734ec4f49e252b11_c87535cbd55c67dd19aec9404|provirus_107824_166505	Provirus	107824-166505	0.9766	NA	80	6	110.3484	11	Viruses;Duplodnaviria;Heunggongvirae;Uroviricota;Caudoviricetes;;	geNomad_predicted_score_reported	caller_predicted_provirus_locus	caller_only_not_independently_validated	not_assessed	58682	Yes	52177	80	13	5	Complete	High-quality	100.0	Provirus (high-confidence)	11.09	1.0		100.0	Provirus (high-confidence)	11.09	completed
ph_g2f05734ec4f49e252b11_cb63a4a407414d30052dd1fc1e90b13c	GCF_000598545.2	GCF_000598545.2	g2f05734ec4f49e252b11	g2f05734ec4f49e252b11_c4ef27393852013dbf04d87bf	NZ_JGDK01000115.1	provirus_locus	102286	137749	+	+	35463	137809	false	false	genomad_raw_v1		d97112b613b0a47a29ca28f59f37515a73dd256b4b62ad11ee36460d3a89d006	d97112b613b0a47a29ca28f59f37515a73dd256b4b62ad11ee36460d3a89d006	geNomad	g2f05734ec4f49e252b11_c4ef27393852013dbf04d87bf|provirus_102287_137749	Provirus	102287-137749	0.8363	NA	45	3	46.4413	11	Viruses;Duplodnaviria;Heunggongvirae;Uroviricota;Caudoviricetes;;	geNomad_predicted_score_reported	caller_predicted_provirus_locus	caller_only_not_independently_validated	not_assessed	35463	No	NA	45	4	1	Medium-quality	Genome-fragment	59.24	AAI-based (medium-confidence)	0.0	1.0		59.24	AAI-based (medium-confidence)	0.0	completed
ph_g2f05734ec4f49e252b11_ff2f8aeff769b4151abbe7a632a7c18c	GCF_000598545.2	GCF_000598545.2	g2f05734ec4f49e252b11	g2f05734ec4f49e252b11_ca8dd9422d9bbf18a7ac0ad43	NZ_JGDK01000055.1	full_contig_virus	0	2847	+	+	2847	2847	true	true	genomad_raw_v1		67de1b7ec24e711a12c7a4833ebfff900339d281cd3a240a19958e136350bb67	67de1b7ec24e711a12c7a4833ebfff900339d281cd3a240a19958e136350bb67	geNomad	g2f05734ec4f49e252b11_ca8dd9422d9bbf18a7ac0ad43	No terminal repeats	NA	0.7294	NA	5	0	2.5759	11	Viruses;Duplodnaviria;Heunggongvirae;Uroviricota;Caudoviricetes;;	geNomad_predicted_score_reported	unknown	full_contig_extent_integration_unknown	not_assessed	2847	No	NA	5	0	2	Not-determined	Genome-fragment	NA	NA	0.0	1.0	no viral genes detected	unknown	unknown	0.0	completed
ph_gce8b1a7bb2d63d1c4ca8_1fe0c1246b1d1e9c33e0958755def977	GCF_000598565.1	GCF_000598565.1	gce8b1a7bb2d63d1c4ca8	gce8b1a7bb2d63d1c4ca8_c5e1bf6ace3faa3566e49f53a	NZ_JGDN01000031.1	full_contig_virus	0	12469	+	+	12469	12469	true	true	genomad_raw_v1		ed457a077cbebe3af851a42326b2f930e31c5ac1bbd952b429f6696a48a36b6c	ed457a077cbebe3af851a42326b2f930e31c5ac1bbd952b429f6696a48a36b6c	geNomad	gce8b1a7bb2d63d1c4ca8_c5e1bf6ace3faa3566e49f53a	No terminal repeats	NA	0.7700	NA	13	1	1.7308	11	Viruses;Duplodnaviria;Heunggongvirae;Uroviricota;Caudoviricetes;;	geNomad_predicted_score_reported	unknown	full_contig_extent_integration_unknown	not_assessed	12469	No	NA	13	0	5	Low-quality	Genome-fragment	2.11	AAI-based (medium-confidence)	0.0	1.0	no viral genes detected	2.11	AAI-based (medium-confidence)	0.0	completed
ph_gce8b1a7bb2d63d1c4ca8_da10c0d2665c4c5084f2623fe47460f5	GCF_000598565.1	GCF_000598565.1	gce8b1a7bb2d63d1c4ca8	gce8b1a7bb2d63d1c4ca8_ccc2d3ac834b66557cc3ff034	NZ_JGDN01000065.1	provirus_locus	46609	87066	+	+	40457	244242	false	false	genomad_raw_v1		ae7beb90babba97830939bff5c1be548dd40f0f4700e41cb4f12552da1c443e3	ae7beb90babba97830939bff5c1be548dd40f0f4700e41cb4f12552da1c443e3	geNomad	gce8b1a7bb2d63d1c4ca8_ccc2d3ac834b66557cc3ff034|provirus_46610_87066	Provirus	46610-87066	0.9071	NA	52	3	52.6661	11	Viruses;Duplodnaviria;Heunggongvirae;Uroviricota;Caudoviricetes;;	geNomad_predicted_score_reported	caller_predicted_provirus_locus	caller_only_not_independently_validated	not_assessed	40457	Yes	33632	52	3	4	Medium-quality	Genome-fragment	55.82	AAI-based (medium-confidence)	16.87	1.0		55.82	AAI-based (medium-confidence)	16.87	completed
ph_g089e029536871101b82a_0e8083fccd53e163432d76bade8d2ac5	GCF_000598585.1	GCF_000598585.1	g089e029536871101b82a	g089e029536871101b82a_cb648e8946bd4aa1339b6a9c4	NZ_JGDQ01000013.1	provirus_locus	357000	435503	+	+	78503	452931	false	false	genomad_raw_v1		9e0f55dc43c1e69a20c677a093759d6dabe5edc2b53a855540117a960afa858a	9e0f55dc43c1e69a20c677a093759d6dabe5edc2b53a855540117a960afa858a	geNomad	g089e029536871101b82a_cb648e8946bd4aa1339b6a9c4|provirus_357001_435503	Provirus	357001-435503	0.9714	NA	114	8	109.6528	11	Viruses;Duplodnaviria;Heunggongvirae;Uroviricota;Caudoviricetes;;	geNomad_predicted_score_reported	caller_predicted_provirus_locus	caller_only_not_independently_validated	not_assessed	78503	Yes	72517	113	17	6	High-quality	High-quality	100.0	AAI-based (high-confidence)	7.63	1.0		100.0	AAI-based (high-confidence)	7.63	completed
ph_g089e029536871101b82a_5ada010cea9b7b3ea05d5fa0cde99e7d	GCF_000598585.1	GCF_000598585.1	g089e029536871101b82a	g089e029536871101b82a_cb648e8946bd4aa1339b6a9c4	NZ_JGDQ01000013.1	provirus_locus	203230	225714	+	+	22484	452931	false	false	genomad_raw_v1		f7222dfe8d29d96bba3cf0b102958a0fcfcba062ae4e5d2e11ed2a12d0bf1170	f7222dfe8d29d96bba3cf0b102958a0fcfcba062ae4e5d2e11ed2a12d0bf1170	geNomad	g089e029536871101b82a_cb648e8946bd4aa1339b6a9c4|provirus_203231_225714	Provirus	203231-225714	0.8733	NA	26	1	17.7957	11	Viruses;Duplodnaviria;Heunggongvirae;Uroviricota;Caudoviricetes;;	geNomad_predicted_score_reported	caller_predicted_provirus_locus	caller_only_not_independently_validated	not_assessed	22484	No	NA	26	1	1	Low-quality	Genome-fragment	12.19	HMM-based (lower-bound)	0.0	1.0		12.19	HMM-based (lower-bound)	0.0	completed
ph_g089e029536871101b82a_bb5bf896deb3df823f3324d420d40fdf	GCF_000598585.1	GCF_000598585.1	g089e029536871101b82a	g089e029536871101b82a_cfa2fd430c353be3adbc4544c	NZ_JGDQ01000014.1	provirus_locus	255165	291321	+	+	36156	291369	false	false	genomad_raw_v1		b5bbbfadf6d06e9d4be719ab08ac752ca2b0d07b54eed0ec084384db08c766b7	b5bbbfadf6d06e9d4be719ab08ac752ca2b0d07b54eed0ec084384db08c766b7	geNomad	g089e029536871101b82a_cfa2fd430c353be3adbc4544c|provirus_255166_291321	Provirus	255166-291321	0.9094	NA	46	3	48.0585	11	Viruses;Duplodnaviria;Heunggongvirae;Uroviricota;Caudoviricetes;;	geNomad_predicted_score_reported	caller_predicted_provirus_locus	caller_only_not_independently_validated	not_assessed	36156	No	NA	46	4	1	Medium-quality	Genome-fragment	60.49	AAI-based (medium-confidence)	0.0	1.0		60.49	AAI-based (medium-confidence)	0.0	completed
ph_g41ad03260f0231873bc2_33a18bdac61082b56dd0cf2b5ab7a273	GCF_000598645.1	GCF_000598645.1	g41ad03260f0231873bc2	g41ad03260f0231873bc2_c0ec7a9953ac0a05b1cbac0c5	NZ_JGDV01000024.1	full_contig_virus	0	9589	+	+	9589	9589	true	true	genomad_raw_v1		172853efb36a74242d522e11b86c24e4432381db68e60f2ef8b8d9bda994ddc3	172853efb36a74242d522e11b86c24e4432381db68e60f2ef8b8d9bda994ddc3	geNomad	g41ad03260f0231873bc2_c0ec7a9953ac0a05b1cbac0c5	No terminal repeats	NA	0.7794	NA	20	1	4.9751	11	Viruses;Duplodnaviria;Heunggongvirae;Uroviricota;Caudoviricetes;;	geNomad_predicted_score_reported	unknown	full_contig_extent_integration_unknown	not_assessed	9589	No	NA	20	2	1	Low-quality	Genome-fragment	9.48	HMM-based (lower-bound)	0.0	1.0		9.48	HMM-based (lower-bound)	0.0	completed
ph_g41ad03260f0231873bc2_3abbc343693d64a7c2fd0c93541c7b78	GCF_000598645.1	GCF_000598645.1	g41ad03260f0231873bc2	g41ad03260f0231873bc2_c884ad20025e8bb54e9a797fb	NZ_JGDV01000083.1	full_contig_virus	0	4173	+	+	4173	4173	true	true	genomad_raw_v1		10d1c0dc59121f39b37cf728470aed92ae8cc95c4a5c39e6dfd2dd826c4dd988	10d1c0dc59121f39b37cf728470aed92ae8cc95c4a5c39e6dfd2dd826c4dd988	geNomad	g41ad03260f0231873bc2_c884ad20025e8bb54e9a797fb	No terminal repeats	NA	0.7980	NA	5	0	6.8070	11	Viruses;Duplodnaviria;Heunggongvirae;Uroviricota;Caudoviricetes;;	geNomad_predicted_score_reported	unknown	full_contig_extent_integration_unknown	not_assessed	4173	No	NA	5	0	2	Low-quality	Genome-fragment	8.08	AAI-based (medium-confidence)	0.0	1.31	no viral genes detected	8.08	AAI-based (medium-confidence)	0.0	completed
ph_g41ad03260f0231873bc2_3b6f4d0ac19cb2d3952a7e4c39d674b6	GCF_000598645.1	GCF_000598645.1	g41ad03260f0231873bc2	g41ad03260f0231873bc2_cfcb09b5614647b5d57bd1016	NZ_JGDV01000039.1	full_contig_virus	0	3222	+	+	3222	3222	true	true	genomad_raw_v1		22accb538433e4aa4276506fefb734268c547d69f0708bfb08c59c32d356fc59	22accb538433e4aa4276506fefb734268c547d69f0708bfb08c59c32d356fc59	geNomad	g41ad03260f0231873bc2_cfcb09b5614647b5d57bd1016	No terminal repeats	NA	0.8268	NA	4	0	5.0887	11	Viruses;Duplodnaviria;Heunggongvirae;Uroviricota;Caudoviricetes;;	geNomad_predicted_score_reported	unknown	full_contig_extent_integration_unknown	not_assessed	3222	No	NA	4	0	2	Not-determined	Genome-fragment	NA	NA	0.0	1.01	no viral genes detected	unknown	unknown	0.0	completed
ph_g41ad03260f0231873bc2_3d6642c3486afb62e203cb87f417cae3	GCF_000598645.1	GCF_000598645.1	g41ad03260f0231873bc2	g41ad03260f0231873bc2_cc31004c5c9715f287bf08b8a	NZ_JGDV01000048.1	provirus_locus	50127	59190	+	+	9063	59191	false	false	genomad_raw_v1		bfe039e62822879e59009d7764187fc23edbd15637f0b690043041c47e0548e0	bfe039e62822879e59009d7764187fc23edbd15637f0b690043041c47e0548e0	geNomad	g41ad03260f0231873bc2_cc31004c5c9715f287bf08b8a|provirus_50128_59190	Provirus	50128-59190	0.8770	NA	16	0	7.4284	11	Viruses;Duplodnaviria;Heunggongvirae;Uroviricota;Caudoviricetes;;	geNomad_predicted_score_reported	caller_predicted_provirus_locus	caller_only_not_independently_validated	not_assessed	9063	No	NA	16	2	3	Low-quality	Genome-fragment	6.36	HMM-based (lower-bound)	0.0	1.0		6.36	HMM-based (lower-bound)	0.0	completed
ph_g41ad03260f0231873bc2_684fcf390be2d96e943374e3f3363e71	GCF_000598645.1	GCF_000598645.1	g41ad03260f0231873bc2	g41ad03260f0231873bc2_c20c0abee947d7a5049241eab	NZ_JGDV01000038.1	provirus_locus	22595	56110	+	+	33515	56110	false	true	genomad_raw_v1		fa07da7beb908d8a231a064b9872a380d81de7252b8eec65e67ef3eec567f193	fa07da7beb908d8a231a064b9872a380d81de7252b8eec65e67ef3eec567f193	geNomad	g41ad03260f0231873bc2_c20c0abee947d7a5049241eab|provirus_22596_56110	Provirus	22596-56110	0.8907	NA	45	3	49.9846	11	Viruses;Duplodnaviria;Heunggongvirae;Uroviricota;Caudoviricetes;;	geNomad_predicted_score_reported	caller_predicted_provirus_locus	caller_only_not_independently_validated	not_assessed	33515	No	NA	45	3	1	Medium-quality	Genome-fragment	55.22	AAI-based (medium-confidence)	0.0	1.0		55.22	AAI-based (medium-confidence)	0.0	completed
ph_g52cd73080ed39fd77591_0ed064a739c13d498ab4c0eaac8fe992	GCF_000598705.1	GCF_000598705.1	g52cd73080ed39fd77591	g52cd73080ed39fd77591_c516c0f3408cec68812cb8920	NZ_JGED01000039.1	full_contig_virus	0	2047	+	+	2047	2047	true	true	genomad_raw_v1		c0c00391c47483b85f34fdc157bce00694729557d3834a865af99e5b3c39eb4b	c0c00391c47483b85f34fdc157bce00694729557d3834a865af99e5b3c39eb4b	geNomad	g52cd73080ed39fd77591_c516c0f3408cec68812cb8920	No terminal repeats	NA	0.7029	NA	2	1	1.7183	11	Viruses;Duplodnaviria;Heunggongvirae;Uroviricota;Caudoviricetes;;	geNomad_predicted_score_reported	unknown	full_contig_extent_integration_unknown	not_assessed	2047	No	NA	2	0	1	Low-quality	Genome-fragment	3.16	AAI-based (medium-confidence)	0.0	1.0	no viral genes detected	3.16	AAI-based (medium-confidence)	0.0	completed
ph_g52cd73080ed39fd77591_1660f22b608fffae81c49f9c340ae8f1	GCF_000598705.1	GCF_000598705.1	g52cd73080ed39fd77591	g52cd73080ed39fd77591_c6dae5c1293b97e7ff3127a5b	NZ_JGED01000021.1	provirus_locus	648315	690904	+	+	42589	1218737	false	false	genomad_raw_v1		b6479adf57e881376ddedd3d05726eacbb568d16976827762035946d17171960	b6479adf57e881376ddedd3d05726eacbb568d16976827762035946d17171960	geNomad	g52cd73080ed39fd77591_c6dae5c1293b97e7ff3127a5b|provirus_648316_690904	Provirus	648316-690904	0.8977	NA	55	3	55.7796	11	Viruses;Duplodnaviria;Heunggongvirae;Uroviricota;Caudoviricetes;;	geNomad_predicted_score_reported	caller_predicted_provirus_locus	caller_only_not_independently_validated	not_assessed	42589	Yes	35730	55	3	4	Medium-quality	Genome-fragment	59.79	AAI-based (medium-confidence)	16.11	1.01		59.79	AAI-based (medium-confidence)	16.11	completed
ph_g89faec93259e773378ce_0a9663d699b0c8a34761fb37e3ca1f82	GCF_000598725.1	GCF_000598725.1	g89faec93259e773378ce	g89faec93259e773378ce_c554daeae88365c7407fecc51	NZ_JGEH01000019.1	full_contig_virus	0	3413	+	+	3413	3413	true	true	genomad_raw_v1		83ba186a5f038a2e26fe81a1c3b79e79b7f3705a959f7a3c95e4a7b039aec639	83ba186a5f038a2e26fe81a1c3b79e79b7f3705a959f7a3c95e4a7b039aec639	geNomad	g89faec93259e773378ce_c554daeae88365c7407fecc51	No terminal repeats	NA	0.9707	NA	7	1	9.2852	11	Viruses;Duplodnaviria;Heunggongvirae;Uroviricota;Caudoviricetes;;	geNomad_predicted_score_reported	unknown	full_contig_extent_integration_unknown	not_assessed	3413	No	NA	7	0	1	Low-quality	Genome-fragment	7.97	AAI-based (medium-confidence)	0.0	1.0	no viral genes detected	7.97	AAI-based (medium-confidence)	0.0	completed
ph_g89faec93259e773378ce_4884b48c95ffda0fb685d2d33dc9c3ff	GCF_000598725.1	GCF_000598725.1	g89faec93259e773378ce	g89faec93259e773378ce_c78960c335b657f745b007db2	NZ_JGEH01000015.1	full_contig_virus	0	2563	+	+	2563	2563	true	true	genomad_raw_v1		ca2f40cfcc824d11ec03cc142df616324e7cf9a99c960f76565b9b640cb5b080	ca2f40cfcc824d11ec03cc142df616324e7cf9a99c960f76565b9b640cb5b080	geNomad	g89faec93259e773378ce_c78960c335b657f745b007db2	No terminal repeats	NA	0.9499	NA	2	2	2.6228	11	Viruses;Duplodnaviria;Heunggongvirae;Uroviricota;Caudoviricetes;;	geNomad_predicted_score_reported	unknown	full_contig_extent_integration_unknown	not_assessed	2563	No	NA	2	0	0	Low-quality	Genome-fragment	5.98	AAI-based (high-confidence)	0.0	1.0	no viral genes detected	5.98	AAI-based (high-confidence)	0.0	completed
ph_g89faec93259e773378ce_64713c69107203fa6b5c54062bd4e24d	GCF_000598725.1	GCF_000598725.1	g89faec93259e773378ce	g89faec93259e773378ce_cfbfcc10f6ced6b1b76ff55fa	NZ_JGEH01000048.1	provirus_locus	9224	25023	+	+	15799	650508	false	false	genomad_raw_v1		5d6e2f0e95eb70db1f5bf5c499db1877fb908b5db04d45cdefd531415247392a	5d6e2f0e95eb70db1f5bf5c499db1877fb908b5db04d45cdefd531415247392a	geNomad	g89faec93259e773378ce_cfbfcc10f6ced6b1b76ff55fa|provirus_9225_25023	Provirus	9225-25023	0.9035	NA	22	1	14.7777	11	Viruses;Duplodnaviria;Heunggongvirae;Uroviricota;Caudoviricetes;;	geNomad_predicted_score_reported	caller_predicted_provirus_locus	caller_only_not_independently_validated	not_assessed	15799	No	NA	22	1	1	Low-quality	Genome-fragment	8.57	HMM-based (lower-bound)	0.0	1.0		8.57	HMM-based (lower-bound)	0.0	completed
ph_g89faec93259e773378ce_83a5a2cb09cacb05c703becf56563d75	GCF_000598725.1	GCF_000598725.1	g89faec93259e773378ce	g89faec93259e773378ce_cf9e6b0ea38ac3c33fdeb7edd	NZ_JGEH01000029.1	provirus_locus	56003	59658	+	+	3655	59660	false	false	genomad_raw_v1		facc7089603c421e4790a0f55804e93e8bc84b50ccf540cf9ecceb835a2add34	facc7089603c421e4790a0f55804e93e8bc84b50ccf540cf9ecceb835a2add34	geNomad	g89faec93259e773378ce_cf9e6b0ea38ac3c33fdeb7edd|provirus_56004_59658	Provirus	56004-59658	0.9791	NA	6	1	8.4101	11	Viruses;Duplodnaviria;Heunggongvirae;Uroviricota;Caudoviricetes;;	geNomad_predicted_score_reported	caller_predicted_provirus_locus	caller_only_not_independently_validated	not_assessed	3655	No	NA	6	0	1	Low-quality	Genome-fragment	8.53	AAI-based (medium-confidence)	0.0	1.0	no viral genes detected	8.53	AAI-based (medium-confidence)	0.0	completed
ph_g89faec93259e773378ce_ac07fc82c165c239a53df0bf4d78bfbb	GCF_000598725.1	GCF_000598725.1	g89faec93259e773378ce	g89faec93259e773378ce_c19627c6377aba1f655e75bc6	NZ_JGEH01000047.1	provirus_locus	258654	313485	+	+	54831	517107	false	false	genomad_raw_v1		424e0ecd8f02d57ac9fa9dca85928869f8f1ede58c1c3cdbd9557ca1be1fb31c	424e0ecd8f02d57ac9fa9dca85928869f8f1ede58c1c3cdbd9557ca1be1fb31c	geNomad	g89faec93259e773378ce_c19627c6377aba1f655e75bc6|provirus_258655_313485	Provirus	258655-313485	0.9752	NA	78	10	76.8602	11	Viruses;Duplodnaviria;Heunggongvirae;Uroviricota;Caudoviricetes;;	geNomad_predicted_score_reported	caller_predicted_provirus_locus	caller_only_not_independently_validated	not_assessed	54831	No	NA	78	14	1	Medium-quality	Genome-fragment	87.63	AAI-based (high-confidence)	0.0	1.0		87.63	AAI-based (high-confidence)	0.0	completed
ph_g89faec93259e773378ce_d3254b264d4c23eeca8b1aa2d1beaa47	GCF_000598725.1	GCF_000598725.1	g89faec93259e773378ce	g89faec93259e773378ce_c0b376dcbdd395c8f1db00038	NZ_JGEH01000041.1	provirus_locus	34742	100419	+	+	65677	562522	false	false	genomad_raw_v1		52dad53cdeab5718e5efa5728be02051cc77638018a001c14a22755d93bde450	52dad53cdeab5718e5efa5728be02051cc77638018a001c14a22755d93bde450	geNomad	g89faec93259e773378ce_c0b376dcbdd395c8f1db00038|provirus_34743_100419	Provirus	34743-100419	0.9469	NA	73	9	71.7183	11	Viruses;Duplodnaviria;Heunggongvirae;Uroviricota;Caudoviricetes;;	geNomad_predicted_score_reported	caller_predicted_provirus_locus	caller_only_not_independently_validated	not_assessed	65677	No	NA	73	12	4	High-quality	High-quality	100.0	AAI-based (high-confidence)	0.0	1.0		100.0	AAI-based (high-confidence)	0.0	completed
ph_g89faec93259e773378ce_df940ceaa106bd39db4e3cd66b1c6201	GCF_000598725.1	GCF_000598725.1	g89faec93259e773378ce	g89faec93259e773378ce_c0b376dcbdd395c8f1db00038	NZ_JGEH01000041.1	provirus_locus	559306	562520	+	+	3214	562522	false	false	genomad_raw_v1		aa4b81f8d99c5bacda89cf07f41bddaef71560a233c41e1dc79bd889a3ce1eea	aa4b81f8d99c5bacda89cf07f41bddaef71560a233c41e1dc79bd889a3ce1eea	geNomad	g89faec93259e773378ce_c0b376dcbdd395c8f1db00038|provirus_559307_562520	Provirus	559307-562520	0.9775	NA	5	1	8.4101	11	Viruses;Duplodnaviria;Heunggongvirae;Uroviricota;Caudoviricetes;;	geNomad_predicted_score_reported	caller_predicted_provirus_locus	caller_only_not_independently_validated	not_assessed	3214	No	NA	5	0	1	Low-quality	Genome-fragment	7.6	AAI-based (medium-confidence)	0.0	1.0	no viral genes detected	7.6	AAI-based (medium-confidence)	0.0	completed
ph_g89faec93259e773378ce_ec41a4be4fb25838c3cd478fd5a732cc	GCF_000598725.1	GCF_000598725.1	g89faec93259e773378ce	g89faec93259e773378ce_c41dd15c5355d543ca323a4c3	NZ_JGEH01000004.1	full_contig_virus	0	13604	+	+	13604	13604	true	true	genomad_raw_v1		415d6724ac61735131487b6f02757505eea9df1eec16e5c54404779b8e1dccc9	415d6724ac61735131487b6f02757505eea9df1eec16e5c54404779b8e1dccc9	geNomad	g89faec93259e773378ce_c41dd15c5355d543ca323a4c3	No terminal repeats	NA	0.9800	NA	20	8	30.3399	11	Viruses;Duplodnaviria;Heunggongvirae;Uroviricota;Caudoviricetes;;	geNomad_predicted_score_reported	unknown	full_contig_extent_integration_unknown	not_assessed	13604	No	NA	20	5	1	Low-quality	Genome-fragment	33.65	AAI-based (medium-confidence)	0.0	1.0		33.65	AAI-based (medium-confidence)	0.0	completed
ph_g70b256511fd8ba6b2ae4_2607832998db14e3ee6044a2858f07c9	GCF_000598865.1	GCF_000598865.1	g70b256511fd8ba6b2ae4	g70b256511fd8ba6b2ae4_c3552a30169e7bac28208e777	NZ_JGDT01000106.1	full_contig_virus	0	5147	+	+	5147	5147	true	true	genomad_raw_v1		4b06549db7f1206341ea7f98229afa5258440368beb70cf2987e96e86d87bb80	4b06549db7f1206341ea7f98229afa5258440368beb70cf2987e96e86d87bb80	geNomad	g70b256511fd8ba6b2ae4_c3552a30169e7bac28208e777	No terminal repeats	NA	0.9376	NA	4	1	3.6124	11	Viruses;Duplodnaviria;Heunggongvirae;Uroviricota;Caudoviricetes;;	geNomad_predicted_score_reported	unknown	full_contig_extent_integration_unknown	not_assessed	5147	No	NA	4	0	1	Low-quality	Genome-fragment	7.3	AAI-based (high-confidence)	0.0	1.0	no viral genes detected	7.3	AAI-based (high-confidence)	0.0	completed
ph_g70b256511fd8ba6b2ae4_2c988ed2dcb962bf5080d604950c49e8	GCF_000598865.1	GCF_000598865.1	g70b256511fd8ba6b2ae4	g70b256511fd8ba6b2ae4_c46485e6629eca3858c3793a5	NZ_JGDT01000057.1	provirus_locus	7141	34813	+	+	27672	34815	false	false	genomad_raw_v1		5916d553d37ccaf0e7b8b2bb8c40ec5948cb33d815207672f786c5c68a2d027b	5916d553d37ccaf0e7b8b2bb8c40ec5948cb33d815207672f786c5c68a2d027b	geNomad	g70b256511fd8ba6b2ae4_c46485e6629eca3858c3793a5|provirus_7142_34813	Provirus	7142-34813	0.9158	NA	30	3	36.7862	11	Viruses;Duplodnaviria;Heunggongvirae;Uroviricota;Caudoviricetes;;	geNomad_predicted_score_reported	caller_predicted_provirus_locus	caller_only_not_independently_validated	not_assessed	27672	No	NA	26	3	0	Low-quality	Genome-fragment	46.18	AAI-based (medium-confidence)	0.0	1.0		46.18	AAI-based (medium-confidence)	0.0	completed
ph_g70b256511fd8ba6b2ae4_3a95b44e4d530ee4484a3823c469dce9	GCF_000598865.1	GCF_000598865.1	g70b256511fd8ba6b2ae4	g70b256511fd8ba6b2ae4_c9da6ce4208f7fbfade68b8bf	NZ_JGDT01000041.1	full_contig_virus	0	8642	+	+	8642	8642	true	true	genomad_raw_v1		94864da2866aabe139d6f20541352ba81a002c7170aa0eeb7297658eab44d2d3	94864da2866aabe139d6f20541352ba81a002c7170aa0eeb7297658eab44d2d3	geNomad	g70b256511fd8ba6b2ae4_c9da6ce4208f7fbfade68b8bf	No terminal repeats	NA	0.7854	NA	9	0	3.9635	11	Viruses;Duplodnaviria;Heunggongvirae;Uroviricota;Caudoviricetes;;	geNomad_predicted_score_reported	unknown	full_contig_extent_integration_unknown	not_assessed	8642	No	NA	9	1	1	Low-quality	Genome-fragment	5.43	HMM-based (lower-bound)	0.0	1.0		5.43	HMM-based (lower-bound)	0.0	completed
ph_g70b256511fd8ba6b2ae4_5c5fc49e7a219062abe19c3370e298a5	GCF_000598865.1	GCF_000598865.1	g70b256511fd8ba6b2ae4	g70b256511fd8ba6b2ae4_c3e9b2d432120cb307b4e2c13	NZ_JGDT01000144.1	full_contig_virus	0	9523	+	+	9523	9523	true	true	genomad_raw_v1		95a9fc51e1770089521cc8c75d8b49daaea3ea1ee553ab26a851cc952be8ccf0	95a9fc51e1770089521cc8c75d8b49daaea3ea1ee553ab26a851cc952be8ccf0	geNomad	g70b256511fd8ba6b2ae4_c3e9b2d432120cb307b4e2c13	No terminal repeats	NA	0.9688	NA	17	1	10.6601	11	Viruses;Duplodnaviria;Heunggongvirae;Uroviricota;Caudoviricetes;;	geNomad_predicted_score_reported	unknown	full_contig_extent_integration_unknown	not_assessed	9523	No	NA	17	2	1	Low-quality	Genome-fragment	13.4	AAI-based (high-confidence)	0.0	1.0		13.4	AAI-based (high-confidence)	0.0	completed
ph_g70b256511fd8ba6b2ae4_cfb2035c2058e4900f43894c63456d8f	GCF_000598865.1	GCF_000598865.1	g70b256511fd8ba6b2ae4	g70b256511fd8ba6b2ae4_cf60ef9c7824ba269b16b1eee	NZ_JGDT01000192.1	full_contig_virus	0	61634	+	+	61634	61634	true	true	genomad_raw_v1		7214050498b8b4c6550f028e9a99149629a5848a41df8315bb89960b876a57a5	7214050498b8b4c6550f028e9a99149629a5848a41df8315bb89960b876a57a5	geNomad	g70b256511fd8ba6b2ae4_cf60ef9c7824ba269b16b1eee	No terminal repeats	NA	0.9731	NA	87	6	93.1757	11	Viruses;Duplodnaviria;Heunggongvirae;Uroviricota;Caudoviricetes;;	geNomad_predicted_score_reported	unknown	full_contig_extent_integration_unknown	not_assessed	61634	No	NA	87	13	2	Medium-quality	Genome-fragment	87.14	AAI-based (high-confidence)	0.0	1.0		87.14	AAI-based (high-confidence)	0.0	completed
ph_g70b256511fd8ba6b2ae4_f1ac490cfaa626e855bc1a85760d6af4	GCF_000598865.1	GCF_000598865.1	g70b256511fd8ba6b2ae4	g70b256511fd8ba6b2ae4_c0840a26906e7e86438612c76	NZ_JGDT01000015.1	full_contig_virus	0	1678	+	+	1678	1678	true	true	genomad_raw_v1		01971f9847521d78a7dabec76f3d9c3f3e5be2ae8619a77102b6fbce7ca991b5	01971f9847521d78a7dabec76f3d9c3f3e5be2ae8619a77102b6fbce7ca991b5	geNomad	g70b256511fd8ba6b2ae4_c0840a26906e7e86438612c76	No terminal repeats	NA	0.9002	NA	1	1	1.7183	11	Viruses;Duplodnaviria;Heunggongvirae;Uroviricota;Caudoviricetes;;	geNomad_predicted_score_reported	unknown	full_contig_extent_integration_unknown	not_assessed	1678	No	NA	1	0	1	Low-quality	Genome-fragment	2.59	AAI-based (medium-confidence)	0.0	1.0	no viral genes detected	2.59	AAI-based (medium-confidence)	0.0	completed
ph_g1d998c792bd2859dff5a_3a71ef7da06a4e4e80669c1f1f1b45c7	GCF_000598985.1	GCF_000598985.1	g1d998c792bd2859dff5a	g1d998c792bd2859dff5a_c518038b0c0a04fac8e7b2890	NZ_JGEK01000004.1	full_contig_virus	0	3750	+	+	3750	3750	true	true	genomad_raw_v1		f3d5267f72e3202400b6ba358eb482166cf93d5631dde3f069b94475f77f9a58	f3d5267f72e3202400b6ba358eb482166cf93d5631dde3f069b94475f77f9a58	geNomad	g1d998c792bd2859dff5a_c518038b0c0a04fac8e7b2890	No terminal repeats	NA	0.7459	NA	6	0	2.5759	11	Viruses;Duplodnaviria;Heunggongvirae;Uroviricota;Caudoviricetes;;	geNomad_predicted_score_reported	unknown	full_contig_extent_integration_unknown	not_assessed	3750	No	NA	6	0	0	Not-determined	Genome-fragment	NA	NA	0.0	1.0	no viral genes detected	unknown	unknown	0.0	completed
ph_g1d998c792bd2859dff5a_7d7fd71d5a2979464d354a3b4fcbf5df	GCF_000598985.1	GCF_000598985.1	g1d998c792bd2859dff5a	g1d998c792bd2859dff5a_cf517bddf9addb4cfbc051520	NZ_JGEK01000043.1	full_contig_virus	0	2111	+	+	2111	2111	true	true	genomad_raw_v1		f862968fc00b462c1f71ba0c4f268c659a33ea3907519757506455dc68dce101	f862968fc00b462c1f71ba0c4f268c659a33ea3907519757506455dc68dce101	geNomad	g1d998c792bd2859dff5a_cf517bddf9addb4cfbc051520	No terminal repeats	NA	0.8606	NA	1	1	1.7183	11	Viruses;Duplodnaviria;Heunggongvirae;Uroviricota;Caudoviricetes;;	geNomad_predicted_score_reported	unknown	full_contig_extent_integration_unknown	not_assessed	2111	No	NA	1	0	1	Low-quality	Genome-fragment	3.26	AAI-based (medium-confidence)	0.0	1.0	no viral genes detected	3.26	AAI-based (medium-confidence)	0.0	completed
ph_g1d998c792bd2859dff5a_951236adc1e47e5ecc4d1baeadad18d5	GCF_000598985.1	GCF_000598985.1	g1d998c792bd2859dff5a	g1d998c792bd2859dff5a_c4cb5b98a8fb501a9940adc16	NZ_JGEK01000062.1	provirus_locus	628716	669633	+	+	40917	897750	false	false	genomad_raw_v1		3e6b1b08fbc41c990e9de04df1420ceacbf993e590f36255ff844caf1518511a	3e6b1b08fbc41c990e9de04df1420ceacbf993e590f36255ff844caf1518511a	geNomad	g1d998c792bd2859dff5a_c4cb5b98a8fb501a9940adc16|provirus_628717_669633	Provirus	628717-669633	0.9014	NA	53	3	52.8588	11	Viruses;Duplodnaviria;Heunggongvirae;Uroviricota;Caudoviricetes;;	geNomad_predicted_score_reported	caller_predicted_provirus_locus	caller_only_not_independently_validated	not_assessed	40917	Yes	34092	53	3	4	Medium-quality	Genome-fragment	56.95	AAI-based (medium-confidence)	16.68	1.0		56.95	AAI-based (medium-confidence)	16.68	completed
ph_gf93f9e11f0f4a06e984e_00ba6c0b6fe28ba41c044e00f4eb9d47	GCF_000599045.1	GCF_000599045.1	gf93f9e11f0f4a06e984e	gf93f9e11f0f4a06e984e_c8711f81b84724e3e5c00b943	NZ_JGET01000015.1	provirus_locus	175281	211599	+	+	36318	247021	false	false	genomad_raw_v1		ca2427bfdce23dce2b7d86b698db9cb10978c976ea709cb180fc6df3e3e6d494	ca2427bfdce23dce2b7d86b698db9cb10978c976ea709cb180fc6df3e3e6d494	geNomad	gf93f9e11f0f4a06e984e_c8711f81b84724e3e5c00b943|provirus_175282_211599	Provirus	175282-211599	0.9739	NA	55	12	48.7897	11	Viruses;Duplodnaviria;Heunggongvirae;Uroviricota;Caudoviricetes;;	geNomad_predicted_score_reported	caller_predicted_provirus_locus	caller_only_not_independently_validated	not_assessed	36318	No	NA	52	14	1	High-quality	High-quality	100.0	AAI-based (high-confidence)	0.0	1.0		100.0	AAI-based (high-confidence)	0.0	completed
ph_gf93f9e11f0f4a06e984e_117b85c30398906daa06eb579f0ef051	GCF_000599045.1	GCF_000599045.1	gf93f9e11f0f4a06e984e	gf93f9e11f0f4a06e984e_c7a8b971eb802b1ac6eda6259	NZ_JGET01000006.1	full_contig_virus	0	1093	+	+	1093	1093	true	true	genomad_raw_v1		676d986545c05682e833bb485488966b556c3af6f952f641798d0fbccf91c469	676d986545c05682e833bb485488966b556c3af6f952f641798d0fbccf91c469	geNomad	gf93f9e11f0f4a06e984e_c7a8b971eb802b1ac6eda6259	No terminal repeats	NA	0.8915	NA	1	1	1.7183	11	Viruses;Duplodnaviria;Heunggongvirae;Uroviricota;Caudoviricetes;;	geNomad_predicted_score_reported	unknown	full_contig_extent_integration_unknown	not_assessed	1093	No	NA	1	0	0	Not-determined	Genome-fragment	NA	NA	0.0	1.01	no viral genes detected	unknown	unknown	0.0	completed
ph_gf93f9e11f0f4a06e984e_4f0f32cf739108c44e2760d3f365761d	GCF_000599045.1	GCF_000599045.1	gf93f9e11f0f4a06e984e	gf93f9e11f0f4a06e984e_cd9d4ac71105040fc873a1a0b	NZ_JGET01000069.1	full_contig_virus	0	3597	+	+	3597	3597	true	true	genomad_raw_v1		2684d32e6d1cd2efc13caa9d10d3fd2479e234151f7f01dd08d25751da715ad9	2684d32e6d1cd2efc13caa9d10d3fd2479e234151f7f01dd08d25751da715ad9	geNomad	gf93f9e11f0f4a06e984e_cd9d4ac71105040fc873a1a0b	No terminal repeats	NA	0.9350	NA	2	1	1.7183	11	Viruses;Duplodnaviria;Heunggongvirae;Uroviricota;Caudoviricetes;;	geNomad_predicted_score_reported	unknown	full_contig_extent_integration_unknown	not_assessed	3597	No	NA	2	0	2	Not-determined	Genome-fragment	NA	NA	0.0	1.0	no viral genes detected	unknown	unknown	0.0	completed
ph_gf93f9e11f0f4a06e984e_9e0c79591f9c7b82dd55dcf00ab9bf3a	GCF_000599045.1	GCF_000599045.1	gf93f9e11f0f4a06e984e	gf93f9e11f0f4a06e984e_cf6c522ff4c54283cf19d204a	NZ_JGET01000033.1	provirus_locus	2	34251	+	+	34249	147059	false	false	genomad_raw_v1		ecc618ee4c636579b26e7b14d371651daebadee1ba3a943b25f8c5deaac23505	ecc618ee4c636579b26e7b14d371651daebadee1ba3a943b25f8c5deaac23505	geNomad	gf93f9e11f0f4a06e984e_cf6c522ff4c54283cf19d204a|provirus_3_34251	Provirus	3-34251	0.9715	NA	47	12	41.7757	11	Viruses;Duplodnaviria;Heunggongvirae;Uroviricota;Caudoviricetes;;	geNomad_predicted_score_reported	caller_predicted_provirus_locus	caller_only_not_independently_validated	not_assessed	34249	No	NA	47	13	1	Medium-quality	Genome-fragment	84.68	AAI-based (high-confidence)	0.0	1.0		84.68	AAI-based (high-confidence)	0.0	completed
ph_gf93f9e11f0f4a06e984e_cd503c859bc756211450a42438210c4d	GCF_000599045.1	GCF_000599045.1	gf93f9e11f0f4a06e984e	gf93f9e11f0f4a06e984e_c0403415f763594d3db6fed50	NZ_JGET01000036.1	provirus_locus	29485	55094	+	+	25609	140079	false	false	genomad_raw_v1		87f0a9c7c660be6fd0b76c51bd1a275c36cb54a5c7d3b737599c849d65e2aca2	87f0a9c7c660be6fd0b76c51bd1a275c36cb54a5c7d3b737599c849d65e2aca2	geNomad	gf93f9e11f0f4a06e984e_c0403415f763594d3db6fed50|provirus_29486_55094	Provirus	29486-55094	0.9152	NA	27	1	7.8096	11	Viruses;Duplodnaviria;Heunggongvirae;Uroviricota;Caudoviricetes;;	geNomad_predicted_score_reported	caller_predicted_provirus_locus	caller_only_not_independently_validated	not_assessed	25609	No	NA	27	0	9	Not-determined	Genome-fragment	NA	NA	0.0	1.0	no viral genes detected	unknown	unknown	0.0	completed
ph_gf93f9e11f0f4a06e984e_ea91f30df239e499a39f93a78f83e417	GCF_000599045.1	GCF_000599045.1	gf93f9e11f0f4a06e984e	gf93f9e11f0f4a06e984e_c3efe6784bd4fe23241caafba	NZ_JGET01000018.1	provirus_locus	72091	108319	+	+	36228	108319	false	true	genomad_raw_v1		d645da17c2df685fc8363cb50bb7c8fe06f592c6081ddf05b7b845009b030cb9	d645da17c2df685fc8363cb50bb7c8fe06f592c6081ddf05b7b845009b030cb9	geNomad	gf93f9e11f0f4a06e984e_c3efe6784bd4fe23241caafba|provirus_72092_108319	Provirus	72092-108319	0.9331	NA	47	3	48.3203	11	Viruses;Duplodnaviria;Heunggongvirae;Uroviricota;Caudoviricetes;;	geNomad_predicted_score_reported	caller_predicted_provirus_locus	caller_only_not_independently_validated	not_assessed	36228	No	NA	47	3	2	Medium-quality	Genome-fragment	60.16	AAI-based (medium-confidence)	0.0	1.0		60.16	AAI-based (medium-confidence)	0.0	completed
ph_gf93f9e11f0f4a06e984e_ff8d89a3070fb1122d976cc9a33b524f	GCF_000599045.1	GCF_000599045.1	gf93f9e11f0f4a06e984e	gf93f9e11f0f4a06e984e_c85f6cc8bc67a77755e0cc9b2	NZ_JGET01000026.1	provirus_locus	0	33740	+	+	33740	204746	true	false	genomad_raw_v1		3f9e58afe98307d34f10e776e4d51a93893776487355aced0e2dd708f9e26d87	3f9e58afe98307d34f10e776e4d51a93893776487355aced0e2dd708f9e26d87	geNomad	gf93f9e11f0f4a06e984e_c85f6cc8bc67a77755e0cc9b2|provirus_1_33740	Provirus	1-33740	0.9772	NA	45	3	49.9771	11	Viruses;Duplodnaviria;Heunggongvirae;Uroviricota;Caudoviricetes;;	geNomad_predicted_score_reported	caller_predicted_provirus_locus	caller_only_not_independently_validated	not_assessed	33740	No	NA	45	15	2	Medium-quality	Genome-fragment	87.87	AAI-based (high-confidence)	0.0	1.0		87.87	AAI-based (high-confidence)	0.0	completed
ph_gbb98f173da7722b89ff8_04cf2937e91ecac92fb642588bc8c16a	GCF_000599065.2	GCF_000599065.2	gbb98f173da7722b89ff8	gbb98f173da7722b89ff8_cf2404cf56482ffed79cb3737	NZ_JGEU01000034.1	provirus_locus	885089	925546	+	+	40457	1327911	false	false	genomad_raw_v1		a530ffaa41eb181d29f0c003374b71b1ed25c426809182fe44458633d020a9b4	a530ffaa41eb181d29f0c003374b71b1ed25c426809182fe44458633d020a9b4	geNomad	gbb98f173da7722b89ff8_cf2404cf56482ffed79cb3737|provirus_885090_925546	Provirus	885090-925546	0.9243	NA	52	3	52.6661	11	Viruses;Duplodnaviria;Heunggongvirae;Uroviricota;Caudoviricetes;;	geNomad_predicted_score_reported	caller_predicted_provirus_locus	caller_only_not_independently_validated	not_assessed	40457	Yes	33729	52	3	4	Medium-quality	Genome-fragment	55.98	AAI-based (medium-confidence)	16.63	1.0		55.98	AAI-based (medium-confidence)	16.63	completed
ph_gbb98f173da7722b89ff8_9cd26e323be091d3dd293ac8191cc4f0	GCF_000599065.2	GCF_000599065.2	gbb98f173da7722b89ff8	gbb98f173da7722b89ff8_c28513001ec9841215bb0bb02	NZ_JGEU01000010.1	provirus_locus	0	60205	+	+	60205	85353	true	false	genomad_raw_v1		63022ff2b2f80714fa61e14b21c4f3d9656ac082053a766a0fc58fd7721ced20	63022ff2b2f80714fa61e14b21c4f3d9656ac082053a766a0fc58fd7721ced20	geNomad	gbb98f173da7722b89ff8_c28513001ec9841215bb0bb02|provirus_1_60205	Provirus	1-60205	0.9481	NA	78	4	22.3666	11	Viruses;Duplodnaviria;Heunggongvirae;Uroviricota;Caudoviricetes;;	geNomad_predicted_score_reported	caller_predicted_provirus_locus	caller_only_not_independently_validated	not_assessed	60205	No	NA	78	5	9	High-quality	High-quality	100.0	AAI-based (medium-confidence)	0.0	1.0		100.0	AAI-based (medium-confidence)	0.0	completed
ph_gbb98f173da7722b89ff8_ba52dee69aeb6a5edf726edd358fb3da	GCF_000599065.2	GCF_000599065.2	gbb98f173da7722b89ff8	gbb98f173da7722b89ff8_cf2404cf56482ffed79cb3737	NZ_JGEU01000034.1	provirus_locus	149005	249615	+	+	100610	1327911	false	false	genomad_raw_v1		c4d9283cb3935732872270eee1cc3c6169912903f0fc661f5d88cefc13f0d3d9	c4d9283cb3935732872270eee1cc3c6169912903f0fc661f5d88cefc13f0d3d9	geNomad	gbb98f173da7722b89ff8_cf2404cf56482ffed79cb3737|provirus_149006_249615	Provirus	149006-249615	0.9272	NA	114	8	52.7432	11	Viruses;Duplodnaviria;Heunggongvirae;Uroviricota;Caudoviricetes;;	geNomad_predicted_score_reported	caller_predicted_provirus_locus	caller_only_not_independently_validated	not_assessed	100610	Yes	53421	114	6	21	Medium-quality	Genome-fragment	73.86	AAI-based (medium-confidence)	46.9	1.0		73.86	AAI-based (medium-confidence)	46.9	completed
ph_gbb98f173da7722b89ff8_c397e95e7e4d5de4ee0aef02f16f9a1c	GCF_000599065.2	GCF_000599065.2	gbb98f173da7722b89ff8	gbb98f173da7722b89ff8_cf2404cf56482ffed79cb3737	NZ_JGEU01000034.1	provirus_locus	1299254	1327909	+	+	28655	1327911	false	false	genomad_raw_v1		e92a490389123f6ae88c40c7bf5af6ff7fc69924f94d719fcd5dacc53d9a67c0	e92a490389123f6ae88c40c7bf5af6ff7fc69924f94d719fcd5dacc53d9a67c0	geNomad	gbb98f173da7722b89ff8_cf2404cf56482ffed79cb3737|provirus_1299255_1327909	Provirus	1299255-1327909	0.9800	NA	23	5	33.0597	11	Viruses;Duplodnaviria;Heunggongvirae;Uroviricota;Caudoviricetes;;	geNomad_predicted_score_reported	caller_predicted_provirus_locus	caller_only_not_independently_validated	not_assessed	28655	No	NA	24	5	1	Medium-quality	Genome-fragment	66.9	AAI-based (medium-confidence)	0.0	1.0		66.9	AAI-based (medium-confidence)	0.0	completed
ph_gbb98f173da7722b89ff8_f4ebb2149a9da111eedaccbcde4d83d3	GCF_000599065.2	GCF_000599065.2	gbb98f173da7722b89ff8	gbb98f173da7722b89ff8_cf1695835cf49ce8b37fb0b33	NZ_JGEU01000023.1	full_contig_virus	0	108084	+	+	108084	108084	true	true	genomad_raw_v1		ea54eb441ce4021f4bccb61b9ea155105c66a2ec7f13cac0e603a994554d5663	ea54eb441ce4021f4bccb61b9ea155105c66a2ec7f13cac0e603a994554d5663	geNomad	gbb98f173da7722b89ff8_cf1695835cf49ce8b37fb0b33	No terminal repeats	NA	0.9486	NA	123	7	113.6284	11	Viruses;Duplodnaviria;Heunggongvirae;Uroviricota;Caudoviricetes;;	geNomad_predicted_score_reported	unknown	full_contig_extent_integration_unknown	not_assessed	108084	Yes	95984	123	13	11	Medium-quality	Genome-fragment	86.47	AAI-based (medium-confidence)	11.19	1.0		86.47	AAI-based (medium-confidence)	11.19	completed
ph_gbb98f173da7722b89ff8_fe50ba04e8ba4cd54d576ef05be0e7b2	GCF_000599065.2	GCF_000599065.2	gbb98f173da7722b89ff8	gbb98f173da7722b89ff8_c88613142cef68e23084af1b7	NZ_JGEU01000056.1	provirus_locus	38313	99804	+	+	61491	181572	false	false	genomad_raw_v1		c521919652493609d73729a94a604b3374f5dd930113519fd05e54683abf73f5	c521919652493609d73729a94a604b3374f5dd930113519fd05e54683abf73f5	geNomad	gbb98f173da7722b89ff8_c88613142cef68e23084af1b7|provirus_38314_99804	Provirus	38314-99804	0.9764	NA	83	8	109.0133	11	Viruses;Duplodnaviria;Heunggongvirae;Uroviricota;Caudoviricetes;;	geNomad_predicted_score_reported	caller_predicted_provirus_locus	caller_only_not_independently_validated	not_assessed	61491	Yes	59661	83	12	4	High-quality	High-quality	100.0	AAI-based (high-confidence)	2.98	1.01		100.0	AAI-based (high-confidence)	2.98	completed
ph_gbbe1bef007abfdc5c871_0c6976fe828583f7fb2abf37137900f4	GCF_000599145.2	GCF_000599145.2	gbbe1bef007abfdc5c871	gbbe1bef007abfdc5c871_c8ed3820131853adc73abc38e	NZ_JGDL01000130.1	full_contig_virus	0	3556	+	+	3556	3556	true	true	genomad_raw_v1		1d62f2b6bebb55a4613b6d52069bf9f12e00f310df642e63169a1d25127eed9a	1d62f2b6bebb55a4613b6d52069bf9f12e00f310df642e63169a1d25127eed9a	geNomad	gbbe1bef007abfdc5c871_c8ed3820131853adc73abc38e	No terminal repeats	NA	0.9735	NA	2	0	3.4366	11	Viruses;Duplodnaviria;Heunggongvirae;Uroviricota;Caudoviricetes;;	geNomad_predicted_score_reported	unknown	full_contig_extent_integration_unknown	not_assessed	3556	No	NA	2	0	0	Low-quality	Genome-fragment	7.65	AAI-based (high-confidence)	0.0	1.0	no viral genes detected	7.65	AAI-based (high-confidence)	0.0	completed
ph_gbbe1bef007abfdc5c871_105a104dea267095f1ceed2653caa90a	GCF_000599145.2	GCF_000599145.2	gbbe1bef007abfdc5c871	gbbe1bef007abfdc5c871_cbc7a53d7770a2d573ba44661	NZ_JGDL01000046.1	provirus_locus	133	30658	+	+	30525	246844	false	false	genomad_raw_v1		f6669484d67b34c4708493d6fde1acab2e00ad3c1c41f794b6a937aa13971d7e	f6669484d67b34c4708493d6fde1acab2e00ad3c1c41f794b6a937aa13971d7e	geNomad	gbbe1bef007abfdc5c871_cbc7a53d7770a2d573ba44661|provirus_134_30658	Provirus	134-30658	0.9747	NA	49	6	47.2144	11	Viruses;Duplodnaviria;Heunggongvirae;Uroviricota;Caudoviricetes;;	geNomad_predicted_score_reported	caller_predicted_provirus_locus	caller_only_not_independently_validated	not_assessed	30525	No	NA	49	11	0	Low-quality	Genome-fragment	48.7	AAI-based (high-confidence)	0.0	1.0		48.7	AAI-based (high-confidence)	0.0	completed
ph_gbbe1bef007abfdc5c871_34c29b8efa359a701e6457273719efa2	GCF_000599145.2	GCF_000599145.2	gbbe1bef007abfdc5c871	gbbe1bef007abfdc5c871_ca1b3f0698365b236bd8a288a	NZ_JGDL01000119.1	full_contig_virus	0	3283	+	+	3283	3283	true	true	genomad_raw_v1		626a8e6ba1e0b9e91737f2e962f2e1ae21334f452e267cb9f0cba93f7f701744	626a8e6ba1e0b9e91737f2e962f2e1ae21334f452e267cb9f0cba93f7f701744	geNomad	gbbe1bef007abfdc5c871_ca1b3f0698365b236bd8a288a	No terminal repeats	NA	0.9755	NA	2	0	3.4366	11	Viruses;Duplodnaviria;Heunggongvirae;Uroviricota;Caudoviricetes;;	geNomad_predicted_score_reported	unknown	full_contig_extent_integration_unknown	not_assessed	3283	No	NA	2	0	0	Low-quality	Genome-fragment	7.1	AAI-based (medium-confidence)	0.0	1.0	no viral genes detected	7.1	AAI-based (medium-confidence)	0.0	completed
ph_gbbe1bef007abfdc5c871_4fbe47180e80534459a9bf18ea631892	GCF_000599145.2	GCF_000599145.2	gbbe1bef007abfdc5c871	gbbe1bef007abfdc5c871_c48ab8b7fbba72f765dc2cd8d	NZ_JGDL01000075.1	full_contig_virus	0	3572	+	+	3572	3572	true	true	genomad_raw_v1		0f06d2374f678473100a4f17bd6794064a84c8e500eabfd4bd3fb16c5a3b0fe5	0f06d2374f678473100a4f17bd6794064a84c8e500eabfd4bd3fb16c5a3b0fe5	geNomad	gbbe1bef007abfdc5c871_c48ab8b7fbba72f765dc2cd8d	No terminal repeats	NA	0.7925	NA	2	1	1.7183	11	Viruses;Duplodnaviria;Heunggongvirae;Uroviricota;Caudoviricetes;;	geNomad_predicted_score_reported	unknown	full_contig_extent_integration_unknown	not_assessed	3572	No	NA	2	0	2	Low-quality	Genome-fragment	5.52	AAI-based (medium-confidence)	0.0	1.0	no viral genes detected	5.52	AAI-based (medium-confidence)	0.0	completed
ph_gbbe1bef007abfdc5c871_685eefd80f880668637624eb128c1d28	GCF_000599145.2	GCF_000599145.2	gbbe1bef007abfdc5c871	gbbe1bef007abfdc5c871_c81f7efab6c20be53caa78cbb	NZ_JGDL01000031.1	provirus_locus	284069	372960	+	+	88891	416890	false	false	genomad_raw_v1		a6fee80c29fb9c61bb946fef9e48d4dc55a4e7983d905e5b8e447c31ccfca902	a6fee80c29fb9c61bb946fef9e48d4dc55a4e7983d905e5b8e447c31ccfca902	geNomad	gbbe1bef007abfdc5c871_c81f7efab6c20be53caa78cbb|provirus_284070_372960	Provirus	284070-372960	0.9659	NA	110	8	95.9901	11	Viruses;Duplodnaviria;Heunggongvirae;Uroviricota;Caudoviricetes;;	geNomad_predicted_score_reported	caller_predicted_provirus_locus	caller_only_not_independently_validated	not_assessed	88891	Yes	80563	110	12	7	High-quality	High-quality	100.0	AAI-based (high-confidence)	9.37	1.0	contig >1.5x longer than expected genome length	100.0	AAI-based (high-confidence)	9.37	completed
ph_gbbe1bef007abfdc5c871_7cfe0e27f7f10c536c9fc9ac42d89598	GCF_000599145.2	GCF_000599145.2	gbbe1bef007abfdc5c871	gbbe1bef007abfdc5c871_c11c542dc773bfa0f9d69730d	NZ_JGDL01000093.1	full_contig_virus	0	19143	+	+	19143	19143	true	true	genomad_raw_v1		c3404aab255c200e69c9ec1e1ca4f578c9f9e93915761b1d94c374db244acb79	c3404aab255c200e69c9ec1e1ca4f578c9f9e93915761b1d94c374db244acb79	geNomad	gbbe1bef007abfdc5c871_c11c542dc773bfa0f9d69730d	No terminal repeats	NA	0.9694	NA	24	3	22.0325	11	Viruses;Duplodnaviria;Heunggongvirae;Uroviricota;Caudoviricetes;;	geNomad_predicted_score_reported	unknown	full_contig_extent_integration_unknown	not_assessed	19143	No	NA	24	2	1	Low-quality	Genome-fragment	31.9	AAI-based (medium-confidence)	0.0	1.0		31.9	AAI-based (medium-confidence)	0.0	completed
ph_gbbe1bef007abfdc5c871_93744f9e793baa1f3b410fd4d0350e03	GCF_000599145.2	GCF_000599145.2	gbbe1bef007abfdc5c871	gbbe1bef007abfdc5c871_c9466a011648c0458e43f62ba	NZ_JGDL01000078.1	full_contig_virus	0	5267	+	+	5267	5267	true	true	genomad_raw_v1		320769c0c34fd5ba3336d013383e34b2d684a3b1139cf1627054816a1c9823fb	320769c0c34fd5ba3336d013383e34b2d684a3b1139cf1627054816a1c9823fb	geNomad	gbbe1bef007abfdc5c871_c9466a011648c0458e43f62ba	No terminal repeats	NA	0.9770	NA	8	1	6.3284	11	Viruses;Duplodnaviria;Heunggongvirae;Uroviricota;Caudoviricetes;;	geNomad_predicted_score_reported	unknown	full_contig_extent_integration_unknown	not_assessed	5267	No	NA	8	0	1	Low-quality	Genome-fragment	9.89	AAI-based (medium-confidence)	0.0	1.0	no viral genes detected	9.89	AAI-based (medium-confidence)	0.0	completed
ph_gbbe1bef007abfdc5c871_954f1b6a54006e3793e4f69f22cf179a	GCF_000599145.2	GCF_000599145.2	gbbe1bef007abfdc5c871	gbbe1bef007abfdc5c871_c5441d49d8243a9685fb02abe	NZ_JGDL01000125.1	full_contig_virus	0	97038	+	+	97038	97038	true	true	genomad_raw_v1		aa19bccce39ebd55d4313e4f4c449132eda0db531e9cd325eeac22feabebe3de	aa19bccce39ebd55d4313e4f4c449132eda0db531e9cd325eeac22feabebe3de	geNomad	gbbe1bef007abfdc5c871_c5441d49d8243a9685fb02abe	No terminal repeats	NA	0.9459	NA	117	7	130.9724	11	Viruses;Duplodnaviria;Heunggongvirae;Uroviricota;Caudoviricetes;;	geNomad_predicted_score_reported	unknown	full_contig_extent_integration_unknown	not_assessed	97038	No	NA	117	11	5	Medium-quality	Genome-fragment	87.42	AAI-based (medium-confidence)	0.0	1.0		87.42	AAI-based (medium-confidence)	0.0	completed
ph_gbbe1bef007abfdc5c871_9e6f819e74d3d7d65e117a2b301997fb	GCF_000599145.2	GCF_000599145.2	gbbe1bef007abfdc5c871	gbbe1bef007abfdc5c871_c8c8bc331f6163ffe713788a2	NZ_JGDL01000032.1	provirus_locus	28903	64366	+	+	35463	64426	false	false	genomad_raw_v1		85c6484d079ec53206be2fe7a3078a2db7b801a030c10e076f2d3d2cf8c403a5	85c6484d079ec53206be2fe7a3078a2db7b801a030c10e076f2d3d2cf8c403a5	geNomad	gbbe1bef007abfdc5c871_c8c8bc331f6163ffe713788a2|provirus_28904_64366	Provirus	28904-64366	0.8351	NA	45	3	46.4413	11	Viruses;Duplodnaviria;Heunggongvirae;Uroviricota;Caudoviricetes;;	geNomad_predicted_score_reported	caller_predicted_provirus_locus	caller_only_not_independently_validated	not_assessed	35463	No	NA	45	4	1	Medium-quality	Genome-fragment	59.25	AAI-based (medium-confidence)	0.0	1.0		59.25	AAI-based (medium-confidence)	0.0	completed
ph_gbbe1bef007abfdc5c871_a15ab5040cab48417baceb424c9b29f8	GCF_000599145.2	GCF_000599145.2	gbbe1bef007abfdc5c871	gbbe1bef007abfdc5c871_c26290fab0dfc924f683a7bd2	NZ_JGDL01000020.1	full_contig_virus	0	3528	+	+	3528	3528	true	true	genomad_raw_v1		2d2e8b0343fd559cf941aad121a5a85e23dd38ab5b559390eea5e880cda36d30	2d2e8b0343fd559cf941aad121a5a85e23dd38ab5b559390eea5e880cda36d30	geNomad	gbbe1bef007abfdc5c871_c26290fab0dfc924f683a7bd2	No terminal repeats	NA	0.9029	NA	3	0	4.1137	11	Viruses;Duplodnaviria;Heunggongvirae;Uroviricota;Caudoviricetes;;	geNomad_predicted_score_reported	unknown	full_contig_extent_integration_unknown	not_assessed	3528	No	NA	3	0	0	Not-determined	Genome-fragment	NA	NA	0.0	1.0	no viral genes detected	unknown	unknown	0.0	completed
ph_gbbe1bef007abfdc5c871_d9e9ab24de06145d23279b72beb47b7f	GCF_000599145.2	GCF_000599145.2	gbbe1bef007abfdc5c871	gbbe1bef007abfdc5c871_cd489a496d8a04d42cc507b0e	NZ_JGDL01000071.1	full_contig_virus	0	27783	+	+	27783	27783	true	true	genomad_raw_v1		5ba93dd2917078cc5e7d8307b6a4641c96af172e8dbb2a579599eb7739b070ea	5ba93dd2917078cc5e7d8307b6a4641c96af172e8dbb2a579599eb7739b070ea	geNomad	gbbe1bef007abfdc5c871_cd489a496d8a04d42cc507b0e	No terminal repeats	NA	0.9762	NA	43	9	38.7330	11	Viruses;Duplodnaviria;Heunggongvirae;Uroviricota;Caudoviricetes;;	geNomad_predicted_score_reported	unknown	full_contig_extent_integration_unknown	not_assessed	27783	No	NA	43	11	1	Medium-quality	Genome-fragment	74.89	AAI-based (medium-confidence)	0.0	1.0		74.89	AAI-based (medium-confidence)	0.0	completed
ph_gbbe1bef007abfdc5c871_f616bcf862413de562dd7b37805ef0d8	GCF_000599145.2	GCF_000599145.2	gbbe1bef007abfdc5c871	gbbe1bef007abfdc5c871_c871becfcfa0827bf31136398	NZ_JGDL01000045.1	provirus_locus	45473	49718	+	+	4245	49719	false	false	genomad_raw_v1		77b948d5cf05651d320f6bfebb8cd596d611889341f1c936bc7ed8d318f2c122	77b948d5cf05651d320f6bfebb8cd596d611889341f1c936bc7ed8d318f2c122	geNomad	gbbe1bef007abfdc5c871_c871becfcfa0827bf31136398|provirus_45474_49718	Provirus	45474-49718	0.9793	NA	6	1	8.0467	11	Viruses;Duplodnaviria;Heunggongvirae;Uroviricota;Caudoviricetes;;	geNomad_predicted_score_reported	caller_predicted_provirus_locus	caller_only_not_independently_validated	not_assessed	4245	No	NA	6	1	0	Low-quality	Genome-fragment	9.04	AAI-based (medium-confidence)	0.0	1.0		9.04	AAI-based (medium-confidence)	0.0	completed
ph_gbbe1bef007abfdc5c871_fa48f7e6e256274e8170d0997d12f3c0	GCF_000599145.2	GCF_000599145.2	gbbe1bef007abfdc5c871	gbbe1bef007abfdc5c871_cedfab17ebe2f26baa23b475a	NZ_JGDL01000015.1	provirus_locus	15030	73714	+	+	58684	256965	false	false	genomad_raw_v1		31741eebd8443824163dbed9e4806b70574fa777e3c32563c3fc9850910adde3	31741eebd8443824163dbed9e4806b70574fa777e3c32563c3fc9850910adde3	geNomad	gbbe1bef007abfdc5c871_cedfab17ebe2f26baa23b475a|provirus_15031_73714	Provirus	15031-73714	0.9762	NA	81	6	112.0667	11	Viruses;Duplodnaviria;Heunggongvirae;Uroviricota;Caudoviricetes;;	geNomad_predicted_score_reported	caller_predicted_provirus_locus	caller_only_not_independently_validated	not_assessed	58684	Yes	52179	81	13	5	Complete	High-quality	100.0	Provirus (high-confidence)	11.08	1.0		100.0	Provirus (high-confidence)	11.08	completed
ph_ge6b10e2e3fee8718f6b0_2ff9271a8a05b93874c3261995203b54	GCF_000599185.2	GCF_000599185.2	ge6b10e2e3fee8718f6b0	ge6b10e2e3fee8718f6b0_c74be4affeb02ca19aae62f4e	NZ_JGDS01000067.1	provirus_locus	2095	21552	+	+	19457	143521	false	false	genomad_raw_v1		d381ce4cf43a3969d7c60d2df06871487c35bfad0cbe25e1e5c0801b99f1c05f	d381ce4cf43a3969d7c60d2df06871487c35bfad0cbe25e1e5c0801b99f1c05f	geNomad	ge6b10e2e3fee8718f6b0_c74be4affeb02ca19aae62f4e|provirus_2096_21552	Provirus	2096-21552	0.7902	NA	19	0	7.7941	11	Viruses;Duplodnaviria;Heunggongvirae;Uroviricota;Caudoviricetes;;	geNomad_predicted_score_reported	caller_predicted_provirus_locus	caller_only_not_independently_validated	not_assessed	19457	No	NA	19	1	2	Low-quality	Genome-fragment	11.88	AAI-based (medium-confidence)	0.0	1.0		11.88	AAI-based (medium-confidence)	0.0	completed
ph_ge6b10e2e3fee8718f6b0_42b09288a432c9a1c538bf7676f34342	GCF_000599185.2	GCF_000599185.2	ge6b10e2e3fee8718f6b0	ge6b10e2e3fee8718f6b0_cecbd39fb7e10c38fce4ea04a	NZ_JGDS01000006.1	provirus_locus	2	17111	+	+	17109	47839	false	false	genomad_raw_v1		1810796c312ef6e5f840390e34b10ad40e027860fc1a487ef82872a2ed91925c	1810796c312ef6e5f840390e34b10ad40e027860fc1a487ef82872a2ed91925c	geNomad	ge6b10e2e3fee8718f6b0_cecbd39fb7e10c38fce4ea04a|provirus_3_17111	Provirus	3-17111	0.7316	NA	17	0	4.1799	11	Viruses;Duplodnaviria;Heunggongvirae;Uroviricota;Caudoviricetes;;	geNomad_predicted_score_reported	caller_predicted_provirus_locus	caller_only_not_independently_validated	not_assessed	17109	No	NA	17	0	0	Not-determined	Genome-fragment	NA	NA	0.0	1.0	no viral genes detected	unknown	unknown	0.0	completed
ph_ge6b10e2e3fee8718f6b0_4bff6c158058616500b5a71d79d9f3d9	GCF_000599185.2	GCF_000599185.2	ge6b10e2e3fee8718f6b0	ge6b10e2e3fee8718f6b0_cf0d1cfb8ea90b8046843ec35	NZ_JGDS01000050.1	provirus_locus	89939	105695	+	+	15756	285593	false	false	genomad_raw_v1		732591ec74ce897e9337f7420105e6ceb0f6dc9cbb5daaebd36b8e02c554fb27	732591ec74ce897e9337f7420105e6ceb0f6dc9cbb5daaebd36b8e02c554fb27	geNomad	ge6b10e2e3fee8718f6b0_cf0d1cfb8ea90b8046843ec35|provirus_89940_105695	Provirus	89940-105695	0.9227	NA	22	1	16.4960	11	Viruses;Duplodnaviria;Heunggongvirae;Uroviricota;Caudoviricetes;;	geNomad_predicted_score_reported	caller_predicted_provirus_locus	caller_only_not_independently_validated	not_assessed	15756	No	NA	22	1	1	Low-quality	Genome-fragment	8.55	HMM-based (lower-bound)	0.0	1.0		8.55	HMM-based (lower-bound)	0.0	completed
ph_ge6b10e2e3fee8718f6b0_5df1d6eb77f34bbe9f4b9effaa3e8c73	GCF_000599185.2	GCF_000599185.2	ge6b10e2e3fee8718f6b0	ge6b10e2e3fee8718f6b0_cb48ddf8f25d6fb198d9c52e8	NZ_JGDS01000015.1	provirus_locus	21	18917	+	+	18896	119375	false	false	genomad_raw_v1		40a0e77f0ad8cc74a4043b104daddfb926a97eb127a03c757dca02542420f22b	40a0e77f0ad8cc74a4043b104daddfb926a97eb127a03c757dca02542420f22b	geNomad	ge6b10e2e3fee8718f6b0_cb48ddf8f25d6fb198d9c52e8|provirus_22_18917	Provirus	22-18917	0.8868	NA	18	2	6.3043	11	Viruses;Duplodnaviria;Heunggongvirae;Uroviricota;Caudoviricetes;;	geNomad_predicted_score_reported	caller_predicted_provirus_locus	caller_only_not_independently_validated	not_assessed	18896	No	NA	20	0	4	Not-determined	Genome-fragment	NA	NA	0.0	1.0	no viral genes detected	unknown	unknown	0.0	completed
ph_ge6b10e2e3fee8718f6b0_702aa11e34217b09813e4f9a63e3a894	GCF_000599185.2	GCF_000599185.2	ge6b10e2e3fee8718f6b0	ge6b10e2e3fee8718f6b0_c17bdcdeec48ba73f4367d895	NZ_JGDS01000062.1	provirus_locus	9419	25163	+	+	15744	287437	false	false	genomad_raw_v1		7223180c7f575d7566f59c2d5cbd263eebb039c5926f949f152d2e8515c40868	7223180c7f575d7566f59c2d5cbd263eebb039c5926f949f152d2e8515c40868	geNomad	ge6b10e2e3fee8718f6b0_c17bdcdeec48ba73f4367d895|provirus_9420_25163	Provirus	9420-25163	0.8731	NA	23	1	16.8165	11	Viruses;Duplodnaviria;Heunggongvirae;Uroviricota;Caudoviricetes;;	geNomad_predicted_score_reported	caller_predicted_provirus_locus	caller_only_not_independently_validated	not_assessed	15744	No	NA	22	3	1	Low-quality	Genome-fragment	9.56	HMM-based (lower-bound)	0.0	1.0		9.56	HMM-based (lower-bound)	0.0	completed
ph_g39fbbfa30eb6c6d2c1c6_0bf4e5e28d13c8205bedd052dcecf1ca	GCF_000599225.1	GCF_000599225.1	g39fbbfa30eb6c6d2c1c6	g39fbbfa30eb6c6d2c1c6_cd8836c554458c1ec8e448ca8	NZ_JGDY01000037.1	provirus_locus	2	33433	+	+	33431	265759	false	false	genomad_raw_v1		98c98315ecf76efa2b4e1985b5cba7e8579721f252c084bd75a62c4eaf2f99a0	98c98315ecf76efa2b4e1985b5cba7e8579721f252c084bd75a62c4eaf2f99a0	geNomad	g39fbbfa30eb6c6d2c1c6_cd8836c554458c1ec8e448ca8|provirus_3_33433	Provirus	3-33433	0.9779	NA	44	3	48.2918	11	Viruses;Duplodnaviria;Heunggongvirae;Uroviricota;Caudoviricetes;;	geNomad_predicted_score_reported	caller_predicted_provirus_locus	caller_only_not_independently_validated	not_assessed	33431	No	NA	44	15	1	Medium-quality	Genome-fragment	87.07	AAI-based (high-confidence)	0.0	1.0		87.07	AAI-based (high-confidence)	0.0	completed
ph_g39fbbfa30eb6c6d2c1c6_0cb1f2d2d32fe36a1b26c9a05cfba363	GCF_000599225.1	GCF_000599225.1	g39fbbfa30eb6c6d2c1c6	g39fbbfa30eb6c6d2c1c6_c3e9b79e42f1811bea21b5d3b	NZ_JGDY01000042.1	provirus_locus	23767	49376	+	+	25609	114605	false	false	genomad_raw_v1		c4f1e427c26b4552b00ee3faced991c2229a977ccb7cadc195039d77b8251c8c	c4f1e427c26b4552b00ee3faced991c2229a977ccb7cadc195039d77b8251c8c	geNomad	g39fbbfa30eb6c6d2c1c6_c3e9b79e42f1811bea21b5d3b|provirus_23768_49376	Provirus	23768-49376	0.9138	NA	27	1	7.8096	11	Viruses;Duplodnaviria;Heunggongvirae;Uroviricota;Caudoviricetes;;	geNomad_predicted_score_reported	caller_predicted_provirus_locus	caller_only_not_independently_validated	not_assessed	25609	No	NA	27	0	9	Not-determined	Genome-fragment	NA	NA	0.0	1.0	no viral genes detected	unknown	unknown	0.0	completed
ph_g39fbbfa30eb6c6d2c1c6_2776e2d7a5d15932794c8deb8ec1fa4e	GCF_000599225.1	GCF_000599225.1	g39fbbfa30eb6c6d2c1c6	g39fbbfa30eb6c6d2c1c6_ca87f3a93be93f1160819e80f	NZ_JGDY01000019.1	provirus_locus	157033	190485	+	+	33452	352500	false	false	genomad_raw_v1		cf1558a4eae894b9ecef8b3d76fd9e1bed5ab016949662a0aadf22714aa9f02f	cf1558a4eae894b9ecef8b3d76fd9e1bed5ab016949662a0aadf22714aa9f02f	geNomad	g39fbbfa30eb6c6d2c1c6_ca87f3a93be93f1160819e80f|provirus_157034_190485	Provirus	157034-190485	0.9738	NA	46	12	41.7757	11	Viruses;Duplodnaviria;Heunggongvirae;Uroviricota;Caudoviricetes;;	geNomad_predicted_score_reported	caller_predicted_provirus_locus	caller_only_not_independently_validated	not_assessed	33452	No	NA	46	13	0	Medium-quality	Genome-fragment	82.71	AAI-based (high-confidence)	0.0	1.0		82.71	AAI-based (high-confidence)	0.0	completed
ph_g39fbbfa30eb6c6d2c1c6_55dd0441ca72decac775b664efe09de9	GCF_000599225.1	GCF_000599225.1	g39fbbfa30eb6c6d2c1c6	g39fbbfa30eb6c6d2c1c6_cbd731ec414e32aab72bd6d32	NZ_JGDY01000028.1	provirus_locus	22858	57600	+	+	34742	57602	false	false	genomad_raw_v1		c3c3e77eee3652ca9283b583f3e5469b441733fb4aff81824ff87a5612804cbe	c3c3e77eee3652ca9283b583f3e5469b441733fb4aff81824ff87a5612804cbe	geNomad	g39fbbfa30eb6c6d2c1c6_cbd731ec414e32aab72bd6d32|provirus_22859_57600	Provirus	22859-57600	0.9305	NA	46	3	44.9168	11	Viruses;Duplodnaviria;Heunggongvirae;Uroviricota;Caudoviricetes;;	geNomad_predicted_score_reported	caller_predicted_provirus_locus	caller_only_not_independently_validated	not_assessed	34742	No	NA	46	3	1	Medium-quality	Genome-fragment	57.3	AAI-based (medium-confidence)	0.0	1.0		57.3	AAI-based (medium-confidence)	0.0	completed
ph_g39fbbfa30eb6c6d2c1c6_5eb6c8008aed7b70e735e29c8ae2b28d	GCF_000599225.1	GCF_000599225.1	g39fbbfa30eb6c6d2c1c6	g39fbbfa30eb6c6d2c1c6_c6434d18f4a9972264e1958ec	NZ_JGDY01000021.1	provirus_locus	284754	321072	+	+	36318	341986	false	false	genomad_raw_v1		8daa54c7fe2b334a1b0574aeddcaae6af3084e434ea1079eb0620ef4eaad6159	8daa54c7fe2b334a1b0574aeddcaae6af3084e434ea1079eb0620ef4eaad6159	geNomad	g39fbbfa30eb6c6d2c1c6_c6434d18f4a9972264e1958ec|provirus_284755_321072	Provirus	284755-321072	0.9739	NA	55	12	48.7897	11	Viruses;Duplodnaviria;Heunggongvirae;Uroviricota;Caudoviricetes;;	geNomad_predicted_score_reported	caller_predicted_provirus_locus	caller_only_not_independently_validated	not_assessed	36318	No	NA	52	14	1	High-quality	High-quality	100.0	AAI-based (high-confidence)	0.0	1.0		100.0	AAI-based (high-confidence)	0.0	completed
ph_g39fbbfa30eb6c6d2c1c6_7d6a51c7971783f6a795bebeacb63877	GCF_000599225.1	GCF_000599225.1	g39fbbfa30eb6c6d2c1c6	g39fbbfa30eb6c6d2c1c6_cff2b2d6cf65a628467075675	NZ_JGDY01000075.1	full_contig_virus	0	2092	+	+	2092	2092	true	true	genomad_raw_v1		813e4bdff3951e861d1971a7bb2a2edf946331941d556184778b0db6c550f5f4	813e4bdff3951e861d1971a7bb2a2edf946331941d556184778b0db6c550f5f4	geNomad	g39fbbfa30eb6c6d2c1c6_cff2b2d6cf65a628467075675	No terminal repeats	NA	0.9740	NA	4	1	6.8401	11	Viruses;Duplodnaviria;Heunggongvirae;Uroviricota;Caudoviricetes;;	geNomad_predicted_score_reported	unknown	full_contig_extent_integration_unknown	not_assessed	2092	No	NA	4	0	1	Low-quality	Genome-fragment	5.44	AAI-based (medium-confidence)	0.0	1.0	no viral genes detected	5.44	AAI-based (medium-confidence)	0.0	completed
ph_g39fbbfa30eb6c6d2c1c6_d01cb22faa6836fe8f049bd8fefd72f5	GCF_000599225.1	GCF_000599225.1	g39fbbfa30eb6c6d2c1c6	g39fbbfa30eb6c6d2c1c6_cae1b76f9c4338426df45e3b8	NZ_JGDY01000103.1	full_contig_virus	0	3107	+	+	3107	3107	true	true	genomad_raw_v1		03cf5e7dae00227063a2b5e09a9b5b7d96dc80d4c0120d179eddfd1662b4052b	03cf5e7dae00227063a2b5e09a9b5b7d96dc80d4c0120d179eddfd1662b4052b	geNomad	g39fbbfa30eb6c6d2c1c6_cae1b76f9c4338426df45e3b8	No terminal repeats	NA	0.9342	NA	3	0	5.0887	11	Viruses;Duplodnaviria;Heunggongvirae;Uroviricota;Caudoviricetes;;	geNomad_predicted_score_reported	unknown	full_contig_extent_integration_unknown	not_assessed	3107	No	NA	3	0	2	Not-determined	Genome-fragment	NA	NA	0.0	1.01	no viral genes detected	unknown	unknown	0.0	completed
ph_g4942da3d571f42c5a7e6_114b5726c886dfa0e222e1fccc49412a	GCF_000601055.1	GCF_000601055.1	g4942da3d571f42c5a7e6	g4942da3d571f42c5a7e6_c460fc78acd26b96e25ff63e5	NZ_JHEF01000037.1	provirus_locus	259954	296770	+	+	36816	296770	false	true	genomad_raw_v1		34bcae5bc28897896bd142984280fd22a700f20125ca178742702c74997056b4	34bcae5bc28897896bd142984280fd22a700f20125ca178742702c74997056b4	geNomad	g4942da3d571f42c5a7e6_c460fc78acd26b96e25ff63e5|provirus_259955_296770	Provirus	259955-296770	0.9753	NA	51	11	50.2746	11	Viruses;Duplodnaviria;Heunggongvirae;Uroviricota;Caudoviricetes;;	geNomad_predicted_score_reported	caller_predicted_provirus_locus	caller_only_not_independently_validated	not_assessed	36816	No	NA	51	10	0	High-quality	High-quality	98.86	AAI-based (medium-confidence)	0.0	1.0		98.86	AAI-based (medium-confidence)	0.0	completed
ph_g4942da3d571f42c5a7e6_80198de708f26aef9babf6a68aa34e88	GCF_000601055.1	GCF_000601055.1	g4942da3d571f42c5a7e6	g4942da3d571f42c5a7e6_c132201c22d3a67f6118ddfe0	NZ_JHEF01000061.1	provirus_locus	66	42249	+	+	42183	73765	false	false	genomad_raw_v1		646fae17a2d68353497fdaebf7aa21587d2126a4eb7aa9476e692d91eb97df53	646fae17a2d68353497fdaebf7aa21587d2126a4eb7aa9476e692d91eb97df53	geNomad	g4942da3d571f42c5a7e6_c132201c22d3a67f6118ddfe0|provirus_67_42249	Provirus	67-42249	0.9646	NA	47	3	32.6178	11	Viruses;Duplodnaviria;Heunggongvirae;Uroviricota;Caudoviricetes;;	geNomad_predicted_score_reported	caller_predicted_provirus_locus	caller_only_not_independently_validated	not_assessed	42183	No	NA	47	9	1	High-quality	High-quality	93.31	AAI-based (medium-confidence)	0.0	1.0		93.31	AAI-based (medium-confidence)	0.0	completed
ph_g4942da3d571f42c5a7e6_cff34d993bf71467fde6ff67218d9f8b	GCF_000601055.1	GCF_000601055.1	g4942da3d571f42c5a7e6	g4942da3d571f42c5a7e6_cd90d30b7b0bdff15ab5699d8	NZ_JHEF01000038.1	provirus_locus	2	47750	+	+	47748	105766	false	false	genomad_raw_v1		9ef0a3148a2e8e6312cd969f2599f1b9a24bd132d89abd533bf91971fed1f74f	9ef0a3148a2e8e6312cd969f2599f1b9a24bd132d89abd533bf91971fed1f74f	geNomad	g4942da3d571f42c5a7e6_cd90d30b7b0bdff15ab5699d8|provirus_3_47750	Provirus	3-47750	0.9771	NA	68	9	71.5935	11	Viruses;Duplodnaviria;Heunggongvirae;Uroviricota;Caudoviricetes;;	geNomad_predicted_score_reported	caller_predicted_provirus_locus	caller_only_not_independently_validated	not_assessed	47748	No	NA	68	11	1	Medium-quality	Genome-fragment	76.37	AAI-based (high-confidence)	0.0	1.0		76.37	AAI-based (high-confidence)	0.0	completed
ph_g5750bcf0c92106e186d1_22030ba651a56eb9e014db368198e32e	GCF_000601095.1	GCF_000601095.1	g5750bcf0c92106e186d1	g5750bcf0c92106e186d1_ccf79fe199d1036cc8d0c8ab4	NZ_JGVF01000015.1	full_contig_virus	0	3701	+	+	3701	3701	true	true	genomad_raw_v1		42411fe08b288812c12e5ba0c9df7128ebfde0187f1db6aafae9caa46e7f3396	42411fe08b288812c12e5ba0c9df7128ebfde0187f1db6aafae9caa46e7f3396	geNomad	g5750bcf0c92106e186d1_ccf79fe199d1036cc8d0c8ab4	No terminal repeats	NA	0.7236	NA	6	0	2.5759	11	Viruses;Duplodnaviria;Heunggongvirae;Uroviricota;Caudoviricetes;;	geNomad_predicted_score_reported	unknown	full_contig_extent_integration_unknown	not_assessed	3701	No	NA	6	0	0	Not-determined	Genome-fragment	NA	NA	0.0	1.0	no viral genes detected	unknown	unknown	0.0	completed
ph_g5750bcf0c92106e186d1_3c651bc9f7099e7e2524fefe0ef969fe	GCF_000601095.1	GCF_000601095.1	g5750bcf0c92106e186d1	g5750bcf0c92106e186d1_c5243cea20678daba9261af3d	NZ_JGVF01000069.1	provirus_locus	0	51930	+	+	51930	255992	true	false	genomad_raw_v1		a6079e9df01d1d36d9447fe3f08cf629106d172c8ea74791e8cff40d42c90cd8	a6079e9df01d1d36d9447fe3f08cf629106d172c8ea74791e8cff40d42c90cd8	geNomad	g5750bcf0c92106e186d1_c5243cea20678daba9261af3d|provirus_1_51930	Provirus	1-51930	0.9742	NA	73	9	69.2469	11	Viruses;Duplodnaviria;Heunggongvirae;Uroviricota;Caudoviricetes;;	geNomad_predicted_score_reported	caller_predicted_provirus_locus	caller_only_not_independently_validated	not_assessed	51930	No	NA	73	13	1	Medium-quality	Genome-fragment	83.09	AAI-based (high-confidence)	0.0	1.0		83.09	AAI-based (high-confidence)	0.0	completed
ph_g5750bcf0c92106e186d1_699fbffe04f0efbd08890ae32112a2b7	GCF_000601095.1	GCF_000601095.1	g5750bcf0c92106e186d1	g5750bcf0c92106e186d1_c2de025ce79548a5bb53acc23	NZ_JGVF01000050.1	full_contig_virus	0	3750	+	+	3750	3750	true	true	genomad_raw_v1		ba525e7f86404ea3b64b88a7e6dced8e6a607765d815b5dc7fd397c0e83da054	ba525e7f86404ea3b64b88a7e6dced8e6a607765d815b5dc7fd397c0e83da054	geNomad	g5750bcf0c92106e186d1_c2de025ce79548a5bb53acc23	No terminal repeats	NA	0.8186	NA	6	0	2.5759	11	Viruses;Duplodnaviria;Heunggongvirae;Uroviricota;Caudoviricetes;;	geNomad_predicted_score_reported	unknown	full_contig_extent_integration_unknown	not_assessed	3750	No	NA	6	0	0	Not-determined	Genome-fragment	NA	NA	0.0	1.0	no viral genes detected	unknown	unknown	0.0	completed
ph_g5750bcf0c92106e186d1_6c0ff41947d6db256930f8364d335706	GCF_000601095.1	GCF_000601095.1	g5750bcf0c92106e186d1	g5750bcf0c92106e186d1_cb4a85b8072074f59e2f72807	NZ_JGVF01000068.1	provirus_locus	248418	252363	+	+	3945	252363	false	true	genomad_raw_v1		56dd33b3f68a9e8aaa6604643faac0ea17a61ea7a43efdeeb260ac5f10d5f259	56dd33b3f68a9e8aaa6604643faac0ea17a61ea7a43efdeeb260ac5f10d5f259	geNomad	g5750bcf0c92106e186d1_cb4a85b8072074f59e2f72807|provirus_248419_252363	Provirus	248419-252363	0.9787	NA	6	1	8.0467	11	Viruses;Duplodnaviria;Heunggongvirae;Uroviricota;Caudoviricetes;;	geNomad_predicted_score_reported	caller_predicted_provirus_locus	caller_only_not_independently_validated	not_assessed	3945	No	NA	6	1	0	Low-quality	Genome-fragment	8.41	AAI-based (medium-confidence)	0.0	1.0		8.41	AAI-based (medium-confidence)	0.0	completed
ph_g5750bcf0c92106e186d1_87e0cca0d633f61b9927c5a6f096a6ea	GCF_000601095.1	GCF_000601095.1	g5750bcf0c92106e186d1	g5750bcf0c92106e186d1_ce0fcceac427c00c8db4a2b79	NZ_JGVF01000062.1	provirus_locus	599369	688259	+	+	88890	798744	false	false	genomad_raw_v1		2fea3227d7f77e1e0af8cba761e4fa84f64cef8e847b4d98d524f019c2da45b9	2fea3227d7f77e1e0af8cba761e4fa84f64cef8e847b4d98d524f019c2da45b9	geNomad	g5750bcf0c92106e186d1_ce0fcceac427c00c8db4a2b79|provirus_599370_688259	Provirus	599370-688259	0.9663	NA	110	8	95.9901	11	Viruses;Duplodnaviria;Heunggongvirae;Uroviricota;Caudoviricetes;;	geNomad_predicted_score_reported	caller_predicted_provirus_locus	caller_only_not_independently_validated	not_assessed	88890	Yes	80562	110	12	7	High-quality	High-quality	100.0	AAI-based (high-confidence)	9.37	1.0	contig >1.5x longer than expected genome length	100.0	AAI-based (high-confidence)	9.37	completed
ph_g5750bcf0c92106e186d1_9219cc3d2607cdb2b40ef08e942f2974	GCF_000601095.1	GCF_000601095.1	g5750bcf0c92106e186d1	g5750bcf0c92106e186d1_ccd5888dbe9215a3284f5eef2	NZ_JGVF01000041.1	full_contig_virus	0	30056	+	+	30056	30056	true	true	genomad_raw_v1		528d089443b1448db52c3e76461c1870c91c7e4fdcc11503c74ae097f332faaa	528d089443b1448db52c3e76461c1870c91c7e4fdcc11503c74ae097f332faaa	geNomad	g5750bcf0c92106e186d1_ccd5888dbe9215a3284f5eef2	No terminal repeats	NA	0.9761	NA	44	9	40.4512	11	Viruses;Duplodnaviria;Heunggongvirae;Uroviricota;Caudoviricetes;;	geNomad_predicted_score_reported	unknown	full_contig_extent_integration_unknown	not_assessed	30056	No	NA	44	11	1	Medium-quality	Genome-fragment	81.11	AAI-based (medium-confidence)	0.0	1.0		81.11	AAI-based (medium-confidence)	0.0	completed
ph_g5750bcf0c92106e186d1_b10db8a1e01e1a8a833b6c49b3de4ede	GCF_000601095.1	GCF_000601095.1	g5750bcf0c92106e186d1	g5750bcf0c92106e186d1_c63890dd4e9eeb86ffbda1486	NZ_JGVF01000036.1	full_contig_virus	0	108329	+	+	108329	108329	true	true	genomad_raw_v1		37e425074d56c84fa640bfd3611f4142e5680055b8624e69a1c9a669d16d27a0	37e425074d56c84fa640bfd3611f4142e5680055b8624e69a1c9a669d16d27a0	geNomad	g5750bcf0c92106e186d1_c63890dd4e9eeb86ffbda1486	No terminal repeats	NA	0.9434	NA	126	7	113.6130	11	Viruses;Duplodnaviria;Heunggongvirae;Uroviricota;Caudoviricetes;;	geNomad_predicted_score_reported	unknown	full_contig_extent_integration_unknown	not_assessed	108329	Yes	96229	126	10	11	Medium-quality	Genome-fragment	86.69	AAI-based (medium-confidence)	11.17	1.0		86.69	AAI-based (medium-confidence)	11.17	completed
ph_g5750bcf0c92106e186d1_b4b9ee8123673280eeb502fcc2de6739	GCF_000601095.1	GCF_000601095.1	g5750bcf0c92106e186d1	g5750bcf0c92106e186d1_c49b812db6b10ab31e1c382a6	NZ_JGVF01000057.1	provirus_locus	22206	80890	+	+	58684	351347	false	false	genomad_raw_v1		a6113261237cfd2b18e51289e6c1452c70839c15be9d7e161da4ed9ed0c06737	a6113261237cfd2b18e51289e6c1452c70839c15be9d7e161da4ed9ed0c06737	geNomad	g5750bcf0c92106e186d1_c49b812db6b10ab31e1c382a6|provirus_22207_80890	Provirus	22207-80890	0.9762	NA	81	6	112.0667	11	Viruses;Duplodnaviria;Heunggongvirae;Uroviricota;Caudoviricetes;;	geNomad_predicted_score_reported	caller_predicted_provirus_locus	caller_only_not_independently_validated	not_assessed	58684	Yes	52179	81	13	5	Complete	High-quality	100.0	Provirus (high-confidence)	11.08	1.0		100.0	Provirus (high-confidence)	11.08	completed
ph_g5750bcf0c92106e186d1_c26684bb16236c66733fb5fde81638c7	GCF_000601095.1	GCF_000601095.1	g5750bcf0c92106e186d1	g5750bcf0c92106e186d1_c9a4ca3e1edfc88dafeb91c4b	NZ_JGVF01000037.1	full_contig_virus	0	4136	+	+	4136	4136	true	true	genomad_raw_v1		af7ee2305daeaf67d572c35879a654251bccaf9df8fe5188d72a39ad5bc8da57	af7ee2305daeaf67d572c35879a654251bccaf9df8fe5188d72a39ad5bc8da57	geNomad	g5750bcf0c92106e186d1_c9a4ca3e1edfc88dafeb91c4b	No terminal repeats	NA	0.9746	NA	8	1	4.6102	11	Viruses;Duplodnaviria;Heunggongvirae;Uroviricota;Caudoviricetes;;	geNomad_predicted_score_reported	unknown	full_contig_extent_integration_unknown	not_assessed	4136	No	NA	8	0	1	Low-quality	Genome-fragment	6.96	AAI-based (high-confidence)	0.0	1.0	no viral genes detected	6.96	AAI-based (high-confidence)	0.0	completed
ph_g5750bcf0c92106e186d1_e6601cba351ed5159abf048ea8817d01	GCF_000601095.1	GCF_000601095.1	g5750bcf0c92106e186d1	g5750bcf0c92106e186d1_ce0fcceac427c00c8db4a2b79	NZ_JGVF01000062.1	provirus_locus	761234	798742	+	+	37508	798744	false	false	genomad_raw_v1		8e773d09d8e70cb2dae5d305cfdc8d089c21ab025886c5055a74482b4bd9379d	8e773d09d8e70cb2dae5d305cfdc8d089c21ab025886c5055a74482b4bd9379d	geNomad	g5750bcf0c92106e186d1_ce0fcceac427c00c8db4a2b79|provirus_761235_798742	Provirus	761235-798742	0.8544	NA	47	3	49.8118	11	Viruses;Duplodnaviria;Heunggongvirae;Uroviricota;Caudoviricetes;;	geNomad_predicted_score_reported	caller_predicted_provirus_locus	caller_only_not_independently_validated	not_assessed	37508	Yes	31893	47	4	3	Medium-quality	Genome-fragment	53.28	AAI-based (medium-confidence)	14.97	1.02		53.28	AAI-based (medium-confidence)	14.97	completed
ph_g2908dcdcb17ccad0625a_2ede816582ed2a4299aeb4b23886ef4b	GCF_000710365.2	GCF_000710365.2	g2908dcdcb17ccad0625a	g2908dcdcb17ccad0625a_c18b0dcea6d7da96b46042f3c	NZ_CP036546.1	provirus_locus	3670776	3713894	+	+	43118	5325251	false	false	genomad_raw_v1		63c45fce2495a32873a0df74952f1cd106e2dce6a416c53585a68c0d744739e0	63c45fce2495a32873a0df74952f1cd106e2dce6a416c53585a68c0d744739e0	geNomad	g2908dcdcb17ccad0625a_c18b0dcea6d7da96b46042f3c|provirus_3670777_3713894	Provirus	3670777-3713894	0.8864	NA	59	5	55.2598	11	Viruses;Duplodnaviria;Heunggongvirae;Uroviricota;Caudoviricetes;;	geNomad_predicted_score_reported	caller_predicted_provirus_locus	caller_only_not_independently_validated	not_assessed	43118	Yes	35697	59	3	4	Medium-quality	Genome-fragment	59.91	AAI-based (medium-confidence)	17.21	1.0		59.91	AAI-based (medium-confidence)	17.21	completed
ph_g945c0109049cbb5bfb31_0494071c0d1cb2409e46b045c85017df	GCF_000710375.2	GCF_000710375.2	g945c0109049cbb5bfb31	g945c0109049cbb5bfb31_c29fadb821313c80a9f5c3666	NZ_CP036539.1	provirus_locus	3862121	3900707	+	+	38586	5474541	false	false	genomad_raw_v1		af4ed26c850d697883392b1cb811fa664ecfd9d2bdcf548112644f299f8185fd	af4ed26c850d697883392b1cb811fa664ecfd9d2bdcf548112644f299f8185fd	geNomad	g945c0109049cbb5bfb31_c29fadb821313c80a9f5c3666|provirus_3862122_3900707	Provirus	3862122-3900707	0.9712	NA	49	9	50.8890	11	Viruses;Duplodnaviria;Heunggongvirae;Uroviricota;Caudoviricetes;;	geNomad_predicted_score_reported	caller_predicted_provirus_locus	caller_only_not_independently_validated	not_assessed	38586	No	NA	49	11	0	High-quality	High-quality	100.0	AAI-based (medium-confidence)	0.0	1.0		100.0	AAI-based (medium-confidence)	0.0	completed
ph_g945c0109049cbb5bfb31_1c15af46e359b3ffc93e20f9e8760b4d	GCF_000710375.2	GCF_000710375.2	g945c0109049cbb5bfb31	g945c0109049cbb5bfb31_c29fadb821313c80a9f5c3666	NZ_CP036539.1	provirus_locus	362696	419313	+	+	56617	5474541	false	false	genomad_raw_v1		2b187cc780405e64292eb88630d41d3028c5b06260c09b726b6d83562b7a5291	2b187cc780405e64292eb88630d41d3028c5b06260c09b726b6d83562b7a5291	geNomad	g945c0109049cbb5bfb31_c29fadb821313c80a9f5c3666|provirus_362697_419313	Provirus	362697-419313	0.9452	NA	65	4	45.1951	11	Viruses;Duplodnaviria;Heunggongvirae;Uroviricota;Caudoviricetes;;	geNomad_predicted_score_reported	caller_predicted_provirus_locus	caller_only_not_independently_validated	not_assessed	56617	Yes	41075	65	4	5	High-quality	High-quality	93.32	AAI-based (medium-confidence)	27.45	1.0		93.32	AAI-based (medium-confidence)	27.45	completed
ph_g945c0109049cbb5bfb31_964716cecb668a0431b041b637199a9a	GCF_000710375.2	GCF_000710375.2	g945c0109049cbb5bfb31	g945c0109049cbb5bfb31_c29fadb821313c80a9f5c3666	NZ_CP036539.1	provirus_locus	2600681	2653102	+	+	52421	5474541	false	false	genomad_raw_v1		1e42f5322c4384c09bd675b1c4d097a900461d8f5d290c0b471c3c595b795771	1e42f5322c4384c09bd675b1c4d097a900461d8f5d290c0b471c3c595b795771	geNomad	g945c0109049cbb5bfb31_c29fadb821313c80a9f5c3666|provirus_2600682_2653102	Provirus	2600682-2653102	0.9572	NA	73	7	54.3383	11	Viruses;Duplodnaviria;Heunggongvirae;Uroviricota;Caudoviricetes;;	geNomad_predicted_score_reported	caller_predicted_provirus_locus	caller_only_not_independently_validated	not_assessed	52421	No	NA	73	4	2	High-quality	High-quality	100.0	AAI-based (high-confidence)	0.0	1.0		100.0	AAI-based (high-confidence)	0.0	completed
ph_g945c0109049cbb5bfb31_9e921da0b4545c9031e8d821b444b4ed	GCF_000710375.2	GCF_000710375.2	g945c0109049cbb5bfb31	g945c0109049cbb5bfb31_c29fadb821313c80a9f5c3666	NZ_CP036539.1	provirus_locus	4469286	4496349	+	+	27063	5474541	false	false	genomad_raw_v1		eb0c921726308d458cc5589018fed66761ab6d7da002b1a1212d357b1ae342f8	eb0c921726308d458cc5589018fed66761ab6d7da002b1a1212d357b1ae342f8	geNomad	g945c0109049cbb5bfb31_c29fadb821313c80a9f5c3666|provirus_4469287_4496349	Provirus	4469287-4496349	0.8490	NA	34	3	9.5222	11	Viruses;Duplodnaviria;Heunggongvirae;Uroviricota;Caudoviricetes;;	geNomad_predicted_score_reported	caller_predicted_provirus_locus	caller_only_not_independently_validated	not_assessed	27063	No	NA	34	1	3	Low-quality	Genome-fragment	17.51	HMM-based (lower-bound)	0.0	1.0		17.51	HMM-based (lower-bound)	0.0	completed
ph_g945c0109049cbb5bfb31_a6438c68732964c34761418edc123669	GCF_000710375.2	GCF_000710375.2	g945c0109049cbb5bfb31	g945c0109049cbb5bfb31_c29fadb821313c80a9f5c3666	NZ_CP036539.1	provirus_locus	3703831	3766369	+	+	62538	5474541	false	false	genomad_raw_v1		e196f57d668c88f88b856ac2e087111a87b79fbec7a09aa0665ddaaf4f444e76	e196f57d668c88f88b856ac2e087111a87b79fbec7a09aa0665ddaaf4f444e76	geNomad	g945c0109049cbb5bfb31_c29fadb821313c80a9f5c3666|provirus_3703832_3766369	Provirus	3703832-3766369	0.9278	NA	81	4	50.3918	11	Viruses;Duplodnaviria;Heunggongvirae;Uroviricota;Caudoviricetes;;	geNomad_predicted_score_reported	caller_predicted_provirus_locus	caller_only_not_independently_validated	not_assessed	62538	No	NA	81	3	4	High-quality	High-quality	100.0	AAI-based (medium-confidence)	0.0	1.01		100.0	AAI-based (medium-confidence)	0.0	completed
ph_gbd730751a19e682a36ce_1b5b81d46f1cc7c5dcdf45f3ce5ce66e	GCF_000724665.2	GCF_000724665.2	gbd730751a19e682a36ce	gbd730751a19e682a36ce_cbeec35263bb8bdcc4edbbd41	NZ_CP036542.1	provirus_locus	3567854	3584918	+	+	17064	5302644	false	false	genomad_raw_v1		b6c86ad6c44c566ecf00fbcd0d1ded7f31c38dfdad15cef6b733b15d76a01b9c	b6c86ad6c44c566ecf00fbcd0d1ded7f31c38dfdad15cef6b733b15d76a01b9c	geNomad	gbd730751a19e682a36ce_cbeec35263bb8bdcc4edbbd41|provirus_3567855_3584918	Provirus	3567855-3584918	0.9459	NA	23	1	10.3097	11	Viruses;Duplodnaviria;Heunggongvirae;Uroviricota;Caudoviricetes;;	geNomad_predicted_score_reported	caller_predicted_provirus_locus	caller_only_not_independently_validated	not_assessed	17064	No	NA	23	0	5	Low-quality	Genome-fragment	25.09	AAI-based (medium-confidence)	0.0	1.0	no viral genes detected	25.09	AAI-based (medium-confidence)	0.0	completed
ph_gbd730751a19e682a36ce_5567d9c9d1eed4dc949a1ea1ec279e93	GCF_000724665.2	GCF_000724665.2	gbd730751a19e682a36ce	gbd730751a19e682a36ce_cbeec35263bb8bdcc4edbbd41	NZ_CP036542.1	provirus_locus	2366648	2443854	+	+	77206	5302644	false	false	genomad_raw_v1		c9d82ff8c2023ce69d03484dac938663486cec24414a7c8b7ea2324a85f76ba4	c9d82ff8c2023ce69d03484dac938663486cec24414a7c8b7ea2324a85f76ba4	geNomad	gbd730751a19e682a36ce_cbeec35263bb8bdcc4edbbd41|provirus_2366649_2443854	Provirus	2366649-2443854	0.9701	NA	118	12	91.3773	11	Viruses;Duplodnaviria;Heunggongvirae;Uroviricota;Caudoviricetes;;	geNomad_predicted_score_reported	caller_predicted_provirus_locus	caller_only_not_independently_validated	not_assessed	77206	No	NA	118	19	1	High-quality	High-quality	100.0	AAI-based (high-confidence)	0.0	1.0		100.0	AAI-based (high-confidence)	0.0	completed
ph_gbd730751a19e682a36ce_73505ae46e66bfb790f0ca775cf6dcbd	GCF_000724665.2	GCF_000724665.2	gbd730751a19e682a36ce	gbd730751a19e682a36ce_cbeec35263bb8bdcc4edbbd41	NZ_CP036542.1	provirus_locus	3604198	3633957	+	+	29759	5302644	false	false	genomad_raw_v1		468be7616c393e19a50574cc7d2b4f078fbc851203d8377f6bbb7973d7f38dec	468be7616c393e19a50574cc7d2b4f078fbc851203d8377f6bbb7973d7f38dec	geNomad	gbd730751a19e682a36ce_cbeec35263bb8bdcc4edbbd41|provirus_3604199_3633957	Provirus	3604199-3633957	0.9545	NA	34	0	17.6988	11	Viruses;Duplodnaviria;Heunggongvirae;Uroviricota;Caudoviricetes;;	geNomad_predicted_score_reported	caller_predicted_provirus_locus	caller_only_not_independently_validated	not_assessed	29759	Yes	22469	34	4	5	Low-quality	Genome-fragment	37.83	AAI-based (medium-confidence)	24.5	1.0		37.83	AAI-based (medium-confidence)	24.5	completed
ph_gbd730751a19e682a36ce_76189a2637dc27cae64b3a1c902d543d	GCF_000724665.2	GCF_000724665.2	gbd730751a19e682a36ce	gbd730751a19e682a36ce_cbeec35263bb8bdcc4edbbd41	NZ_CP036542.1	provirus_locus	2616398	2633775	+	+	17377	5302644	false	false	genomad_raw_v1		1a31f031fa0a6bfc4e4ef71ad67e24952a1ab52e707224cf4b72af041e105bf4	1a31f031fa0a6bfc4e4ef71ad67e24952a1ab52e707224cf4b72af041e105bf4	geNomad	gbd730751a19e682a36ce_cbeec35263bb8bdcc4edbbd41|provirus_2616399_2633775	Provirus	2616399-2633775	0.7192	NA	26	0	6.5956	11	Viruses;Duplodnaviria;Heunggongvirae;Uroviricota;Caudoviricetes;;	geNomad_predicted_score_reported	caller_predicted_provirus_locus	caller_only_not_independently_validated	not_assessed	17377	No	NA	26	0	2	Not-determined	Genome-fragment	NA	NA	0.0	1.0	no viral genes detected	unknown	unknown	0.0	completed
ph_gbd730751a19e682a36ce_d039864120689cd45c029735dc988411	GCF_000724665.2	GCF_000724665.2	gbd730751a19e682a36ce	gbd730751a19e682a36ce_cbeec35263bb8bdcc4edbbd41	NZ_CP036542.1	provirus_locus	663369	719997	+	+	56628	5302644	false	false	genomad_raw_v1		308abb6216eb0909d1e057a842b82cdab56641f365f9e14159cfcd90a945caa1	308abb6216eb0909d1e057a842b82cdab56641f365f9e14159cfcd90a945caa1	geNomad	gbd730751a19e682a36ce_cbeec35263bb8bdcc4edbbd41|provirus_663370_719997	Provirus	663370-719997	0.9801	NA	79	8	110.4957	11	Viruses;Duplodnaviria;Heunggongvirae;Uroviricota;Caudoviricetes;;	geNomad_predicted_score_reported	caller_predicted_provirus_locus	caller_only_not_independently_validated	not_assessed	56628	No	NA	79	12	2	High-quality	High-quality	97.01	AAI-based (high-confidence)	0.0	1.0		97.01	AAI-based (high-confidence)	0.0	completed
ph_g1010678b2dbdd8ca6edf_1d9306bf53a42aeeaf4c78d8715710b0	GCF_000724805.2	GCF_000724805.2	g1010678b2dbdd8ca6edf	g1010678b2dbdd8ca6edf_c9ba3b2e10fad8bd5ab2fe01b	NZ_CP036553.1	provirus_locus	2989636	3006739	+	+	17103	5478614	false	false	genomad_raw_v1		b0f8abf121803f072fc189f442d4bd4622c81138575a69c72e4e2e4be8c9a876	b0f8abf121803f072fc189f442d4bd4622c81138575a69c72e4e2e4be8c9a876	geNomad	g1010678b2dbdd8ca6edf_c9ba3b2e10fad8bd5ab2fe01b|provirus_2989637_3006739	Provirus	2989637-3006739	0.7507	NA	22	0	5.9352	11	Viruses;Duplodnaviria;Heunggongvirae;Uroviricota;Caudoviricetes;;	geNomad_predicted_score_reported	caller_predicted_provirus_locus	caller_only_not_independently_validated	not_assessed	17103	No	NA	23	0	0	Not-determined	Genome-fragment	NA	NA	0.0	1.0	no viral genes detected	unknown	unknown	0.0	completed
ph_g1010678b2dbdd8ca6edf_2c5a5358f6c5938187fd197187498688	GCF_000724805.2	GCF_000724805.2	g1010678b2dbdd8ca6edf	g1010678b2dbdd8ca6edf_c9ba3b2e10fad8bd5ab2fe01b	NZ_CP036553.1	provirus_locus	4306790	4345917	+	+	39127	5478614	false	false	genomad_raw_v1		573e4231e594c69735c959b13c99697c4fb14fd1b97cba5c92a6ce588c418428	573e4231e594c69735c959b13c99697c4fb14fd1b97cba5c92a6ce588c418428	geNomad	g1010678b2dbdd8ca6edf_c9ba3b2e10fad8bd5ab2fe01b|provirus_4306791_4345917	Provirus	4306791-4345917	0.9661	NA	44	3	34.0040	11	Viruses;Duplodnaviria;Heunggongvirae;Uroviricota;Caudoviricetes;;	geNomad_predicted_score_reported	caller_predicted_provirus_locus	caller_only_not_independently_validated	not_assessed	39127	No	NA	41	7	0	High-quality	High-quality	100.0	AAI-based (medium-confidence)	0.0	1.0		100.0	AAI-based (medium-confidence)	0.0	completed
ph_g1010678b2dbdd8ca6edf_88a8231881ce8abfc61635268985a71e	GCF_000724805.2	GCF_000724805.2	g1010678b2dbdd8ca6edf	g1010678b2dbdd8ca6edf_c9ba3b2e10fad8bd5ab2fe01b	NZ_CP036553.1	provirus_locus	2333605	2353092	+	+	19487	5478614	false	false	genomad_raw_v1		0361fb818f802e79f00ef8fa4e4cb8b4005be6c84bb5095139e4762abc45ee91	0361fb818f802e79f00ef8fa4e4cb8b4005be6c84bb5095139e4762abc45ee91	geNomad	g1010678b2dbdd8ca6edf_c9ba3b2e10fad8bd5ab2fe01b|provirus_2333606_2353092	Provirus	2333606-2353092	0.9065	NA	22	4	6.0409	11	Viruses;Duplodnaviria;Heunggongvirae;Uroviricota;Caudoviricetes;;	geNomad_predicted_score_reported	caller_predicted_provirus_locus	caller_only_not_independently_validated	not_assessed	19487	No	NA	21	0	6	Low-quality	Genome-fragment	30.82	AAI-based (medium-confidence)	0.0	1.0	no viral genes detected	30.82	AAI-based (medium-confidence)	0.0	completed
ph_gebe6d10829e685ea6b80_215817ad805eaf0f1e649e3455658123	GCF_000965785.1	GCF_000965785.1	gebe6d10829e685ea6b80	gebe6d10829e685ea6b80_cba47b1b9fb57137c1318c48b	NZ_CP011073.1	provirus_locus	3462464	3497930	+	+	35466	5282232	false	false	genomad_raw_v1		5a708cb1582209b14b0131ff9541a0e2d2f9010ccab473b38c31c5e4ae0acc27	5a708cb1582209b14b0131ff9541a0e2d2f9010ccab473b38c31c5e4ae0acc27	geNomad	gebe6d10829e685ea6b80_cba47b1b9fb57137c1318c48b|provirus_3462465_3497930	Provirus	3462465-3497930	0.9785	NA	48	3	54.2182	11	Viruses;Duplodnaviria;Heunggongvirae;Uroviricota;Caudoviricetes;;	geNomad_predicted_score_reported	caller_predicted_provirus_locus	caller_only_not_independently_validated	not_assessed	35466	Yes	34169	48	15	3	Medium-quality	Genome-fragment	88.99	AAI-based (high-confidence)	3.66	1.0		88.99	AAI-based (high-confidence)	3.66	completed
ph_gebe6d10829e685ea6b80_2b88c847f2081cbb307b9b15c262d752	GCF_000965785.1	GCF_000965785.1	gebe6d10829e685ea6b80	gebe6d10829e685ea6b80_cba47b1b9fb57137c1318c48b	NZ_CP011073.1	provirus_locus	2526009	2571573	+	+	45564	5282232	false	false	genomad_raw_v1		dcadc7fb1839860305c16243fc5383996014f285a3f85161986567d4d1cc204c	dcadc7fb1839860305c16243fc5383996014f285a3f85161986567d4d1cc204c	geNomad	gebe6d10829e685ea6b80_cba47b1b9fb57137c1318c48b|provirus_2526010_2571573	Provirus	2526010-2571573	0.8903	NA	55	5	54.6837	11	Viruses;Duplodnaviria;Heunggongvirae;Uroviricota;Caudoviricetes;;	geNomad_predicted_score_reported	caller_predicted_provirus_locus	caller_only_not_independently_validated	not_assessed	45564	Yes	33076	55	3	6	Medium-quality	Genome-fragment	54.49	AAI-based (medium-confidence)	27.41	1.0		54.49	AAI-based (medium-confidence)	27.41	completed
ph_gd42022bee2ffc63ecdf2_369c45d1311e8cd15cdb35aaee5396fb	GCF_001056335.1	GCF_001056335.1	gd42022bee2ffc63ecdf2	gd42022bee2ffc63ecdf2_c1df8f131349d6edfee9a89af	NZ_JVLQ01000143.1	provirus_locus	35315	50913	+	+	15598	112686	false	false	genomad_raw_v1		2af2be56870a8b6adfb838465fe3c896897f2284c4f7d48c859bb8190f9be589	2af2be56870a8b6adfb838465fe3c896897f2284c4f7d48c859bb8190f9be589	geNomad	gd42022bee2ffc63ecdf2_c1df8f131349d6edfee9a89af|provirus_35316_50913	Provirus	35316-50913	0.7287	NA	23	0	5.9352	11	Viruses;Duplodnaviria;Heunggongvirae;Uroviricota;Caudoviricetes;;	geNomad_predicted_score_reported	caller_predicted_provirus_locus	caller_only_not_independently_validated	not_assessed	15598	No	NA	23	0	0	Not-determined	Genome-fragment	NA	NA	0.0	1.0	no viral genes detected	unknown	unknown	0.0	completed
ph_gd42022bee2ffc63ecdf2_742944da50d5f20e795aff0762c64c55	GCF_001056335.1	GCF_001056335.1	gd42022bee2ffc63ecdf2	gd42022bee2ffc63ecdf2_c5330c85846015f2ef1d48558	NZ_JVLQ01000127.1	full_contig_virus	0	39617	+	+	39617	39617	true	true	genomad_raw_v1		e15b884b80f173fcde2c9d27a6f4104311a9580c30b5c6b74aa55686e2c8ed36	e15b884b80f173fcde2c9d27a6f4104311a9580c30b5c6b74aa55686e2c8ed36	geNomad	gd42022bee2ffc63ecdf2_c5330c85846015f2ef1d48558	No terminal repeats	NA	0.7746	NA	44	0	5.6282	11	Viruses;Duplodnaviria;Heunggongvirae;Uroviricota;Caudoviricetes;;	geNomad_predicted_score_reported	unknown	full_contig_extent_integration_unknown	not_assessed	39617	No	NA	44	0	4	Not-determined	Genome-fragment	NA	NA	0.0	1.0	no viral genes detected	unknown	unknown	0.0	completed
ph_gd42022bee2ffc63ecdf2_c2876c120b0ef6fb68a3c01133076948	GCF_001056335.1	GCF_001056335.1	gd42022bee2ffc63ecdf2	gd42022bee2ffc63ecdf2_c2cde12212ebce2d9dfb36fd5	NZ_JVLQ01000093.1	full_contig_virus	0	6986	+	+	6986	6986	true	true	genomad_raw_v1		16f5e966d0c0786983ade26815f21cbe2ef185d4dda19037d33393b01431c0bf	16f5e966d0c0786983ade26815f21cbe2ef185d4dda19037d33393b01431c0bf	geNomad	gd42022bee2ffc63ecdf2_c2cde12212ebce2d9dfb36fd5	No terminal repeats	NA	0.9590	NA	4	0	3.4283	11	Viruses;Duplodnaviria;Heunggongvirae;Uroviricota;Caudoviricetes;;	geNomad_predicted_score_reported	unknown	full_contig_extent_integration_unknown	not_assessed	6986	No	NA	4	1	0	Low-quality	Genome-fragment	14.08	AAI-based (medium-confidence)	0.0	1.0		14.08	AAI-based (medium-confidence)	0.0	completed
ph_gd42022bee2ffc63ecdf2_fa4bdffe7f69fe2390170975dabb02f0	GCF_001056335.1	GCF_001056335.1	gd42022bee2ffc63ecdf2	gd42022bee2ffc63ecdf2_c1bf9a253ad277b56d4905c5f	NZ_JVLQ01000078.1	provirus_locus	19617	53385	+	+	33768	53506	false	false	genomad_raw_v1		74b47167d69c08137e9c18cbde935604af402873ba41ee2c5e8faaacabb1ec27	74b47167d69c08137e9c18cbde935604af402873ba41ee2c5e8faaacabb1ec27	geNomad	gd42022bee2ffc63ecdf2_c1bf9a253ad277b56d4905c5f|provirus_19618_53385	Provirus	19618-53385	0.8982	NA	46	2	43.7648	11	Viruses;Duplodnaviria;Heunggongvirae;Uroviricota;Caudoviricetes;;	geNomad_predicted_score_reported	caller_predicted_provirus_locus	caller_only_not_independently_validated	not_assessed	33768	No	NA	46	5	1	Medium-quality	Genome-fragment	55.14	AAI-based (medium-confidence)	0.0	1.0		55.14	AAI-based (medium-confidence)	0.0	completed
ph_g0f2cfb984d8dbc65c31b_5cdfcf250dae74f5361ed2b6388f9f7d	GCF_001286525.1	GCF_001286525.1	g0f2cfb984d8dbc65c31b	g0f2cfb984d8dbc65c31b_cc4592acbd8cfd400395d28df	NZ_LN877293.1	provirus_locus	2722267	2763761	+	+	41494	5188967	false	false	genomad_raw_v1		e360f835c145af386d32f90a0c44eb67b06d94f56c42243058605b487363a578	e360f835c145af386d32f90a0c44eb67b06d94f56c42243058605b487363a578	geNomad	g0f2cfb984d8dbc65c31b_cc4592acbd8cfd400395d28df|provirus_2722268_2763761	Provirus	2722268-2763761	0.9022	NA	53	3	54.3588	11	Viruses;Duplodnaviria;Heunggongvirae;Uroviricota;Caudoviricetes;;	geNomad_predicted_score_reported	caller_predicted_provirus_locus	caller_only_not_independently_validated	not_assessed	41494	Yes	34669	53	3	4	Medium-quality	Genome-fragment	57.54	AAI-based (medium-confidence)	16.45	1.0		57.54	AAI-based (medium-confidence)	16.45	completed
ph_g0f2cfb984d8dbc65c31b_ea207d3c76dd1183f4cd5e8c2ce8db55	GCF_001286525.1	GCF_001286525.1	g0f2cfb984d8dbc65c31b	g0f2cfb984d8dbc65c31b_cc4592acbd8cfd400395d28df	NZ_LN877293.1	provirus_locus	4184738	4221645	+	+	36907	5188967	false	false	genomad_raw_v1		02178ca99efb1d1b6fd27cd2c394d4b5c8cb5282f32c118210a7d674c982a85e	02178ca99efb1d1b6fd27cd2c394d4b5c8cb5282f32c118210a7d674c982a85e	geNomad	g0f2cfb984d8dbc65c31b_cc4592acbd8cfd400395d28df|provirus_4184739_4221645	Provirus	4184739-4221645	0.9768	NA	51	12	42.1182	11	Viruses;Duplodnaviria;Heunggongvirae;Uroviricota;Caudoviricetes;;	geNomad_predicted_score_reported	caller_predicted_provirus_locus	caller_only_not_independently_validated	not_assessed	36907	No	NA	51	12	1	High-quality	High-quality	91.2	AAI-based (high-confidence)	0.0	1.0		91.2	AAI-based (high-confidence)	0.0	completed
ph_g0f2cfb984d8dbc65c31b_fc56c4fc794203900b273d2c69e8d958	GCF_001286525.1	GCF_001286525.1	g0f2cfb984d8dbc65c31b	g0f2cfb984d8dbc65c31b_cc4592acbd8cfd400395d28df	NZ_LN877293.1	provirus_locus	2170982	2234051	+	+	63069	5188967	false	false	genomad_raw_v1		e6298a042bc250708c1e8f4e0bc23743331cb27dea3338205c36c484db3c5bd6	e6298a042bc250708c1e8f4e0bc23743331cb27dea3338205c36c484db3c5bd6	geNomad	g0f2cfb984d8dbc65c31b_cc4592acbd8cfd400395d28df|provirus_2170983_2234051	Provirus	2170983-2234051	0.9523	NA	71	9	65.5088	11	Viruses;Duplodnaviria;Heunggongvirae;Uroviricota;Caudoviricetes;;	geNomad_predicted_score_reported	caller_predicted_provirus_locus	caller_only_not_independently_validated	not_assessed	63069	No	NA	71	11	5	High-quality	High-quality	96.85	AAI-based (high-confidence)	0.0	1.0		96.85	AAI-based (high-confidence)	0.0	completed
ph_gc6a03cbbcb25fe2eb858_436b5e9bfea91250cd4baffa62f874e7	GCF_001546435.1	GCF_001546435.1	gc6a03cbbcb25fe2eb858	gc6a03cbbcb25fe2eb858_c1910cc6ffd190630045175e4	NZ_KQ956618.1	full_contig_virus	0	18019	+	+	18019	18019	true	true	genomad_raw_v1		09514978b9edc5c5b0e86b39638b32f5fe4959f4999b3ef108b52f09f5ad783d	09514978b9edc5c5b0e86b39638b32f5fe4959f4999b3ef108b52f09f5ad783d	geNomad	gc6a03cbbcb25fe2eb858_c1910cc6ffd190630045175e4	No terminal repeats	NA	0.9763	NA	29	8	33.2098	11	Viruses;Duplodnaviria;Heunggongvirae;Uroviricota;Caudoviricetes;;	geNomad_predicted_score_reported	unknown	full_contig_extent_integration_unknown	not_assessed	18019	No	NA	29	12	0	Low-quality	Genome-fragment	46.34	AAI-based (medium-confidence)	0.0	1.0		46.34	AAI-based (medium-confidence)	0.0	completed
ph_gc6a03cbbcb25fe2eb858_8f4f8ba00752ace96595db06a203063b	GCF_001546435.1	GCF_001546435.1	gc6a03cbbcb25fe2eb858	gc6a03cbbcb25fe2eb858_c3df82aef20c75c6d4336a545	NZ_KQ956729.1	provirus_locus	125	5986	+	+	5861	21899	false	false	genomad_raw_v1		4f3649ecb23f9c11b0c54984f4d1dd9b756fde7d03dd7be9c6ce797fc8cdc385	4f3649ecb23f9c11b0c54984f4d1dd9b756fde7d03dd7be9c6ce797fc8cdc385	geNomad	gc6a03cbbcb25fe2eb858_c3df82aef20c75c6d4336a545|provirus_126_5986	Provirus	126-5986	0.9206	NA	10	1	9.7019	11	Viruses;Duplodnaviria;Heunggongvirae;Uroviricota;Caudoviricetes;;	geNomad_predicted_score_reported	caller_predicted_provirus_locus	caller_only_not_independently_validated	not_assessed	5861	No	NA	10	3	0	Low-quality	Genome-fragment	7.04	HMM-based (lower-bound)	0.0	1.0		7.04	HMM-based (lower-bound)	0.0	completed
ph_gc6a03cbbcb25fe2eb858_a76e9cf752d6994e3ee9722391930c22	GCF_001546435.1	GCF_001546435.1	gc6a03cbbcb25fe2eb858	gc6a03cbbcb25fe2eb858_cedf3c332e3b5ffcda838ffb1	NZ_KQ956800.1	provirus_locus	8644	34096	+	+	25452	34129	false	false	genomad_raw_v1		50998d6c97b37a578afe945b3e3e1d57cb369045325372fb6835f7e72079fed0	50998d6c97b37a578afe945b3e3e1d57cb369045325372fb6835f7e72079fed0	geNomad	gc6a03cbbcb25fe2eb858_cedf3c332e3b5ffcda838ffb1|provirus_8645_34096	Provirus	8645-34096	0.9737	NA	44	5	43.6871	11	Viruses;Duplodnaviria;Heunggongvirae;Uroviricota;Caudoviricetes;;	geNomad_predicted_score_reported	caller_predicted_provirus_locus	caller_only_not_independently_validated	not_assessed	25452	No	NA	44	14	0	Medium-quality	Genome-fragment	58.12	AAI-based (high-confidence)	0.0	1.0		58.12	AAI-based (high-confidence)	0.0	completed
ph_gc6a03cbbcb25fe2eb858_a9eaee6e8a98e0d385fad5f5ae03533e	GCF_001546435.1	GCF_001546435.1	gc6a03cbbcb25fe2eb858	gc6a03cbbcb25fe2eb858_c217ed8a0cd068dd8e6054e05	NZ_KQ956738.1	provirus_locus	68333	113471	+	+	45138	157136	false	false	genomad_raw_v1		c900ba4f889a256fd50c3f79667aca61c7a9d1d0f4780767696a69dc63bd7707	c900ba4f889a256fd50c3f79667aca61c7a9d1d0f4780767696a69dc63bd7707	geNomad	gc6a03cbbcb25fe2eb858_c217ed8a0cd068dd8e6054e05|provirus_68334_113471	Provirus	68334-113471	0.9593	NA	72	12	67.9812	11	Viruses;Duplodnaviria;Heunggongvirae;Uroviricota;Caudoviricetes;;	geNomad_predicted_score_reported	caller_predicted_provirus_locus	caller_only_not_independently_validated	not_assessed	45138	No	NA	72	18	1	High-quality	High-quality	95.46	AAI-based (high-confidence)	0.0	1.0		95.46	AAI-based (high-confidence)	0.0	completed
ph_gc6a03cbbcb25fe2eb858_c4ea3002d4575290847d852fb8c6ec9b	GCF_001546435.1	GCF_001546435.1	gc6a03cbbcb25fe2eb858	gc6a03cbbcb25fe2eb858_c085aede903952088b8490473	NZ_KQ956688.1	provirus_locus	3629	46150	+	+	42521	46277	false	false	genomad_raw_v1		d80f709494b13e69378e5a075e16c49f5f4c8b23cdc379436cb70efdf026fbb5	d80f709494b13e69378e5a075e16c49f5f4c8b23cdc379436cb70efdf026fbb5	geNomad	gc6a03cbbcb25fe2eb858_c085aede903952088b8490473|provirus_3630_46150	Provirus	3630-46150	0.9481	NA	61	4	34.3501	11	Viruses;Duplodnaviria;Heunggongvirae;Uroviricota;Caudoviricetes;;	geNomad_predicted_score_reported	caller_predicted_provirus_locus	caller_only_not_independently_validated	not_assessed	42521	Yes	26918	61	9	5	Medium-quality	Genome-fragment	78.86	AAI-based (high-confidence)	36.69	1.0	low-confidence Provirus	78.86	AAI-based (high-confidence)	36.69	completed
ph_g9bd1fb38b45b8008e6c8_6ab94b985d772c8849fee281743e83d5	GCF_001580095.1	GCF_001580095.1	g9bd1fb38b45b8008e6c8	g9bd1fb38b45b8008e6c8_c883132c0aadcd49c6da52d74	NZ_KQ971030.1	provirus_locus	173369	223328	+	+	49959	303861	false	false	genomad_raw_v1		46fad37404219fc83d601096d25da82d8d359486301ff64101c247108b2d0e29	46fad37404219fc83d601096d25da82d8d359486301ff64101c247108b2d0e29	geNomad	g9bd1fb38b45b8008e6c8_c883132c0aadcd49c6da52d74|provirus_173370_223328	Provirus	173370-223328	0.9504	NA	59	6	49.3927	11	Viruses;Duplodnaviria;Heunggongvirae;Uroviricota;Caudoviricetes;;	geNomad_predicted_score_reported	caller_predicted_provirus_locus	caller_only_not_independently_validated	not_assessed	49959	Yes	46279	59	6	3	High-quality	High-quality	100.0	AAI-based (medium-confidence)	7.37	1.0		100.0	AAI-based (medium-confidence)	7.37	completed
ph_g9bd1fb38b45b8008e6c8_71894a2bb11363f5e503da4a32952acf	GCF_001580095.1	GCF_001580095.1	g9bd1fb38b45b8008e6c8	g9bd1fb38b45b8008e6c8_cd01b38c3cb6476dec339eeb0	NZ_KQ971046.1	provirus_locus	0	33510	+	+	33510	397673	true	false	genomad_raw_v1		a1fc84bfe41573aaf60235f2a002979387d1508a3a96146075c2c4d5a64f12a9	a1fc84bfe41573aaf60235f2a002979387d1508a3a96146075c2c4d5a64f12a9	geNomad	g9bd1fb38b45b8008e6c8_cd01b38c3cb6476dec339eeb0|provirus_1_33510	Provirus	1-33510	0.9064	NA	35	3	41.6166	11	Viruses;Duplodnaviria;Heunggongvirae;Uroviricota;Caudoviricetes;;	geNomad_predicted_score_reported	caller_predicted_provirus_locus	caller_only_not_independently_validated	not_assessed	33510	Yes	28246	35	3	2	Low-quality	Genome-fragment	47.54	AAI-based (medium-confidence)	15.71	1.0		47.54	AAI-based (medium-confidence)	15.71	completed
ph_g9bd1fb38b45b8008e6c8_7470004ccb600b3cd3f2936fd3441046	GCF_001580095.1	GCF_001580095.1	g9bd1fb38b45b8008e6c8	g9bd1fb38b45b8008e6c8_c883132c0aadcd49c6da52d74	NZ_KQ971030.1	provirus_locus	296679	303817	+	+	7138	303861	false	false	genomad_raw_v1		f859a9f758627a53764487857e349884629df8e6c7ad7ab0d0ddc6663fade370	f859a9f758627a53764487857e349884629df8e6c7ad7ab0d0ddc6663fade370	geNomad	g9bd1fb38b45b8008e6c8_c883132c0aadcd49c6da52d74|provirus_296680_303817	Provirus	296680-303817	0.8344	NA	16	0	11.2423	11	Viruses;Duplodnaviria;Heunggongvirae;Uroviricota;Caudoviricetes;;	geNomad_predicted_score_reported	caller_predicted_provirus_locus	caller_only_not_independently_validated	not_assessed	7138	No	NA	16	0	1	Not-determined	Genome-fragment	NA	NA	0.0	1.01	no viral genes detected	unknown	unknown	0.0	completed
ph_g9bd1fb38b45b8008e6c8_effcf4ab2d43edfd5122dcf18cc6357f	GCF_001580095.1	GCF_001580095.1	g9bd1fb38b45b8008e6c8	g9bd1fb38b45b8008e6c8_cbca3a0a28e22a14fc2ccfd3b	NZ_KQ971013.1	provirus_locus	30594	37831	+	+	7237	150320	false	false	genomad_raw_v1		0fe8a57a93efe17cd3a4bd263ce2989d6464c96414bec1f87ca3b37bd97399cd	0fe8a57a93efe17cd3a4bd263ce2989d6464c96414bec1f87ca3b37bd97399cd	geNomad	g9bd1fb38b45b8008e6c8_cbca3a0a28e22a14fc2ccfd3b|provirus_30595_37831	Provirus	30595-37831	0.9358	NA	11	1	10.3097	11	Viruses;Duplodnaviria;Heunggongvirae;Uroviricota;Caudoviricetes;;	geNomad_predicted_score_reported	caller_predicted_provirus_locus	caller_only_not_independently_validated	not_assessed	7237	No	NA	11	0	2	Not-determined	Genome-fragment	NA	NA	0.0	1.0	no viral genes detected	unknown	unknown	0.0	completed
ph_gc72d90803327edc22de7_a9ddee8073b69e3121fddeded36955ad	GCF_001682215.1	GCF_001682215.1	gc72d90803327edc22de7	gc72d90803327edc22de7_cc566e0bbdac970b2028fe73e	NZ_CP012706.1	provirus_locus	1337473	1373379	+	+	35906	4902215	false	false	genomad_raw_v1		4f27df987ebb370aff5b5ac868d831fdde167c6a33fc064dd7baf906dfd19d81	4f27df987ebb370aff5b5ac868d831fdde167c6a33fc064dd7baf906dfd19d81	geNomad	gc72d90803327edc22de7_cc566e0bbdac970b2028fe73e|provirus_1337474_1373379	Provirus	1337474-1373379	0.9780	NA	52	12	53.6108	11	Viruses;Duplodnaviria;Heunggongvirae;Uroviricota;Caudoviricetes;;	geNomad_predicted_score_reported	caller_predicted_provirus_locus	caller_only_not_independently_validated	not_assessed	35906	No	NA	50	13	1	High-quality	High-quality	100.0	AAI-based (high-confidence)	0.0	1.0		100.0	AAI-based (high-confidence)	0.0	completed
ph_gc72d90803327edc22de7_cb5b7835ba6fc58199e450d5e337b598	GCF_001682215.1	GCF_001682215.1	gc72d90803327edc22de7	gc72d90803327edc22de7_cc566e0bbdac970b2028fe73e	NZ_CP012706.1	provirus_locus	1829250	1874728	+	+	45478	4902215	false	false	genomad_raw_v1		4dfcc602448fa225c5138b52a474f10749793c68fce0fc75bdbaf999f8c4eaa0	4dfcc602448fa225c5138b52a474f10749793c68fce0fc75bdbaf999f8c4eaa0	geNomad	gc72d90803327edc22de7_cc566e0bbdac970b2028fe73e|provirus_1829251_1874728	Provirus	1829251-1874728	0.9618	NA	57	6	45.4133	11	Viruses;Duplodnaviria;Heunggongvirae;Uroviricota;Caudoviricetes;;	geNomad_predicted_score_reported	caller_predicted_provirus_locus	caller_only_not_independently_validated	not_assessed	45478	No	NA	57	5	4	High-quality	High-quality	99.75	AAI-based (medium-confidence)	0.0	1.01		99.75	AAI-based (medium-confidence)	0.0	completed
ph_g8d2ce7ebeb2805c8b20e_1a6b98d5cca233348fcab96cee990902	GCF_001692695.1	GCF_001692695.1	g8d2ce7ebeb2805c8b20e	g8d2ce7ebeb2805c8b20e_c1def469aeaf35ebc93c8146d	NZ_MBRB01000001.1	provirus_locus	391353	436986	+	+	45633	436986	false	true	genomad_raw_v1		8b2c46cbaa7ecfd7beb8b7c8e64c302102debdd378c5892179b1093bf6e52fdd	8b2c46cbaa7ecfd7beb8b7c8e64c302102debdd378c5892179b1093bf6e52fdd	geNomad	g8d2ce7ebeb2805c8b20e_c1def469aeaf35ebc93c8146d|provirus_391354_436986	Provirus	391354-436986	0.9325	NA	57	4	44.2194	11	Viruses;Duplodnaviria;Heunggongvirae;Uroviricota;Caudoviricetes;;	geNomad_predicted_score_reported	caller_predicted_provirus_locus	caller_only_not_independently_validated	not_assessed	45633	No	NA	57	3	2	Medium-quality	Genome-fragment	76.67	AAI-based (medium-confidence)	0.0	1.0		76.67	AAI-based (medium-confidence)	0.0	completed
ph_g8d2ce7ebeb2805c8b20e_7eaa0ab8bf589d046870b286b70a2d63	GCF_001692695.1	GCF_001692695.1	g8d2ce7ebeb2805c8b20e	g8d2ce7ebeb2805c8b20e_ce7a9f8fe934cc243b5d0c0a3	NZ_MBRB01000014.1	provirus_locus	107937	131872	+	+	23935	178527	false	false	genomad_raw_v1		b0110826fd10e2be064615115c78944923cbb2df3744e16e9aeba14e52182e40	b0110826fd10e2be064615115c78944923cbb2df3744e16e9aeba14e52182e40	geNomad	g8d2ce7ebeb2805c8b20e_ce7a9f8fe934cc243b5d0c0a3|provirus_107938_131872	Provirus	107938-131872	0.8996	NA	24	3	7.6271	11	Viruses;Duplodnaviria;Heunggongvirae;Uroviricota;Caudoviricetes;;	geNomad_predicted_score_reported	caller_predicted_provirus_locus	caller_only_not_independently_validated	not_assessed	23935	No	NA	23	1	4	Low-quality	Genome-fragment	15.04	HMM-based (lower-bound)	0.0	1.0		15.04	HMM-based (lower-bound)	0.0	completed
ph_gd5e1ebf49f5572aab46a_8a67fc9ffc8535347a7cb10639a606c6	GCF_001693695.1	GCF_001693695.1	gd5e1ebf49f5572aab46a	gd5e1ebf49f5572aab46a_c8e2cf1fa3435c28845afdc88	NZ_KV751176.1	provirus_locus	86683	149001	+	+	62318	931600	false	false	genomad_raw_v1		df73dd2507aee9272ce6736c327e9a1ad0a42521b14bd1ffed749d1f769df7a0	df73dd2507aee9272ce6736c327e9a1ad0a42521b14bd1ffed749d1f769df7a0	geNomad	gd5e1ebf49f5572aab46a_c8e2cf1fa3435c28845afdc88|provirus_86684_149001	Provirus	86684-149001	0.9687	NA	75	9	71.6649	11	Viruses;Duplodnaviria;Heunggongvirae;Uroviricota;Caudoviricetes;;	geNomad_predicted_score_reported	caller_predicted_provirus_locus	caller_only_not_independently_validated	not_assessed	62318	No	NA	73	13	2	High-quality	High-quality	95.74	AAI-based (high-confidence)	0.0	1.0		95.74	AAI-based (high-confidence)	0.0	completed
ph_gd5e1ebf49f5572aab46a_c431807841889af2f9127bff348bef13	GCF_001693695.1	GCF_001693695.1	gd5e1ebf49f5572aab46a	gd5e1ebf49f5572aab46a_cad9225b2ffdf8506c31c7dc5	NZ_KV751175.1	provirus_locus	135533	168317	+	+	32784	1093479	false	false	genomad_raw_v1		42512a16a6d7bbfc55174d7d9e74c905e80b3cbf77a47d02bc327faffd9de9ca	42512a16a6d7bbfc55174d7d9e74c905e80b3cbf77a47d02bc327faffd9de9ca	geNomad	gd5e1ebf49f5572aab46a_cad9225b2ffdf8506c31c7dc5|provirus_135534_168317	Provirus	135534-168317	0.9744	NA	49	12	50.2873	11	Viruses;Duplodnaviria;Heunggongvirae;Uroviricota;Caudoviricetes;;	geNomad_predicted_score_reported	caller_predicted_provirus_locus	caller_only_not_independently_validated	not_assessed	32784	No	NA	50	13	0	High-quality	High-quality	100.0	AAI-based (high-confidence)	0.0	1.0		100.0	AAI-based (high-confidence)	0.0	completed
ph_g0af6958d614afd0ef93e_2aef7b373717d25cac74fd1b2639fbca	GCF_001699855.1	GCF_001699855.1	g0af6958d614afd0ef93e	g0af6958d614afd0ef93e_ce56dcc63dcbc90d6c8c4fa6a	NZ_LIDT01000030.1	provirus_locus	92073	120141	+	+	28068	120142	false	false	genomad_raw_v1		fc72386a2dc5517df86739d1bead8b71543a07fc39616d70996a7f9252a7100b	fc72386a2dc5517df86739d1bead8b71543a07fc39616d70996a7f9252a7100b	geNomad	g0af6958d614afd0ef93e_ce56dcc63dcbc90d6c8c4fa6a|provirus_92074_120141	Provirus	92074-120141	0.9708	NA	31	2	28.3040	11	Viruses;Duplodnaviria;Heunggongvirae;Uroviricota;Caudoviricetes;;	geNomad_predicted_score_reported	caller_predicted_provirus_locus	caller_only_not_independently_validated	not_assessed	28068	No	NA	30	5	0	Medium-quality	Genome-fragment	73.15	AAI-based (medium-confidence)	0.0	1.0		73.15	AAI-based (medium-confidence)	0.0	completed
ph_g0af6958d614afd0ef93e_4d480a0e2bea63c88090f89e650446f6	GCF_001699855.1	GCF_001699855.1	g0af6958d614afd0ef93e	g0af6958d614afd0ef93e_ca560d65f707d7ae7920120b6	NZ_LIDT01000023.1	provirus_locus	15694	48567	+	+	32873	301080	false	false	genomad_raw_v1		328b767f071e01465c2e353960e767554836ed65ea0773788428e78aaaaf5ae9	328b767f071e01465c2e353960e767554836ed65ea0773788428e78aaaaf5ae9	geNomad	g0af6958d614afd0ef93e_ca560d65f707d7ae7920120b6|provirus_15695_48567	Provirus	15695-48567	0.9769	NA	51	11	53.2458	11	Viruses;Duplodnaviria;Heunggongvirae;Uroviricota;Caudoviricetes;;	geNomad_predicted_score_reported	caller_predicted_provirus_locus	caller_only_not_independently_validated	not_assessed	32873	No	NA	51	13	1	High-quality	High-quality	100.0	AAI-based (high-confidence)	0.0	1.0		100.0	AAI-based (high-confidence)	0.0	completed
ph_g0af6958d614afd0ef93e_88295b2f1ac1b7ae0ac31ab27f75e318	GCF_001699855.1	GCF_001699855.1	g0af6958d614afd0ef93e	g0af6958d614afd0ef93e_c7d320d7ef80fa0e54d0d3e0b	NZ_LIDT01000013.1	provirus_locus	165429	213525	+	+	48096	222487	false	false	genomad_raw_v1		ad11d2b01cae0b3098441456355c65b2a77a17ea5739684525b379646815313d	ad11d2b01cae0b3098441456355c65b2a77a17ea5739684525b379646815313d	geNomad	g0af6958d614afd0ef93e_c7d320d7ef80fa0e54d0d3e0b|provirus_165430_213525	Provirus	165430-213525	0.9673	NA	57	6	51.5907	11	Viruses;Duplodnaviria;Heunggongvirae;Uroviricota;Caudoviricetes;;	geNomad_predicted_score_reported	caller_predicted_provirus_locus	caller_only_not_independently_validated	not_assessed	48096	No	NA	57	6	1	Medium-quality	Genome-fragment	62.78	AAI-based (medium-confidence)	0.0	1.0		62.78	AAI-based (medium-confidence)	0.0	completed
ph_g0af6958d614afd0ef93e_d35fd456b42b6e69b14298d7533e5af5	GCF_001699855.1	GCF_001699855.1	g0af6958d614afd0ef93e	g0af6958d614afd0ef93e_ce782eb3f37963e9119eea42d	NZ_LIDT01000025.1	provirus_locus	136244	177677	+	+	41433	190126	false	false	genomad_raw_v1		46855f88040b8773957a81accdc873c2776420930e6efa30fa47a886d65c6ea2	46855f88040b8773957a81accdc873c2776420930e6efa30fa47a886d65c6ea2	geNomad	g0af6958d614afd0ef93e_ce782eb3f37963e9119eea42d|provirus_136245_177677	Provirus	136245-177677	0.9650	NA	46	12	61.7403	11	Viruses;Duplodnaviria;Heunggongvirae;Uroviricota;Caudoviricetes;;	geNomad_predicted_score_reported	caller_predicted_provirus_locus	caller_only_not_independently_validated	not_assessed	41433	Yes	32260	46	9	7	Medium-quality	Genome-fragment	75.32	AAI-based (medium-confidence)	22.14	1.0		75.32	AAI-based (medium-confidence)	22.14	completed
ph_gbd691699a9b62563aeed_949f51e495bda803e51b8f53a920eb93	GCF_002762005.1	GCF_002762005.1	gbd691699a9b62563aeed	gbd691699a9b62563aeed_ce438d6333412c0f1f34e8508	NZ_NPND01000072.1	full_contig_virus	0	3127	+	+	3127	3127	true	true	genomad_raw_v1		508e0cfb56e01242823ea8217ed0b0ac55be7863584a07e55a4bb1ab206fc4dd	508e0cfb56e01242823ea8217ed0b0ac55be7863584a07e55a4bb1ab206fc4dd	geNomad	gbd691699a9b62563aeed_ce438d6333412c0f1f34e8508	No terminal repeats	NA	0.7633	NA	1	0	0.0000	11	Unclassified	geNomad_predicted_score_reported	unknown	full_contig_extent_integration_unknown	not_assessed	3127	No	NA	1	0	0	Not-determined	Genome-fragment	NA	NA	0.0	1.0	no viral genes detected	unknown	unknown	0.0	completed
ph_gbd691699a9b62563aeed_d18b56082cb045a6cdfc07173f090e78	GCF_002762005.1	GCF_002762005.1	gbd691699a9b62563aeed	gbd691699a9b62563aeed_c0399d0f61df31dc5a35ec97b	NZ_NPND01000005.1	provirus_locus	45854	89761	+	+	43907	90591	false	false	genomad_raw_v1		c8157c3c926450037bb869af851be13768c9bb09a2fc697354db8ee58ac55e2f	c8157c3c926450037bb869af851be13768c9bb09a2fc697354db8ee58ac55e2f	geNomad	gbd691699a9b62563aeed_c0399d0f61df31dc5a35ec97b|provirus_45855_89761	Provirus	45855-89761	0.9666	NA	78	13	69.6870	11	Viruses;Duplodnaviria;Heunggongvirae;Uroviricota;Caudoviricetes;;	geNomad_predicted_score_reported	caller_predicted_provirus_locus	caller_only_not_independently_validated	not_assessed	43907	No	NA	78	28	0	High-quality	High-quality	100.0	AAI-based (medium-confidence)	0.0	1.0		100.0	AAI-based (medium-confidence)	0.0	completed
ph_g87d30e78cb0c920f7936_163732e43d76ef7e2f088d82df9c4341	GCF_002762015.1	GCF_002762015.1	g87d30e78cb0c920f7936	g87d30e78cb0c920f7936_cb26f244be8fd2c8512e105f6	NZ_NPNC01000107.1	full_contig_virus	0	2591	+	+	2591	2591	true	true	genomad_raw_v1		43250523c4e593549bf83f97215f3fdd8ada46b603c50ffe2f7ba37bf0cd4328	43250523c4e593549bf83f97215f3fdd8ada46b603c50ffe2f7ba37bf0cd4328	geNomad	g87d30e78cb0c920f7936_cb26f244be8fd2c8512e105f6	No terminal repeats	NA	0.7534	NA	1	0	0.0000	11	Unclassified	geNomad_predicted_score_reported	unknown	full_contig_extent_integration_unknown	not_assessed	2591	No	NA	1	0	0	Not-determined	Genome-fragment	NA	NA	0.0	1.0	no viral genes detected	unknown	unknown	0.0	completed
ph_g87d30e78cb0c920f7936_5d6b0753fd24a658ae0892a17347afd7	GCF_002762015.1	GCF_002762015.1	g87d30e78cb0c920f7936	g87d30e78cb0c920f7936_c6184e772d94a4291b91ec053	NZ_NPNC01000046.1	full_contig_virus	0	18577	+	+	18577	18577	true	true	genomad_raw_v1		918303624d78265a73f58be5dd712b7ddd88ce346cf3c2a6d3abe912925e0a53	918303624d78265a73f58be5dd712b7ddd88ce346cf3c2a6d3abe912925e0a53	geNomad	g87d30e78cb0c920f7936_c6184e772d94a4291b91ec053	No terminal repeats	NA	0.7435	NA	18	0	2.0609	11	Viruses;Duplodnaviria;Heunggongvirae;Uroviricota;Caudoviricetes;;	geNomad_predicted_score_reported	unknown	full_contig_extent_integration_unknown	not_assessed	18577	No	NA	18	0	16	Not-determined	Genome-fragment	NA	NA	0.0	1.0	no viral genes detected	unknown	unknown	0.0	completed
ph_g87d30e78cb0c920f7936_6d2660c064e2cb7fcab15cb3111a0a4a	GCF_002762015.1	GCF_002762015.1	g87d30e78cb0c920f7936	g87d30e78cb0c920f7936_c52883ca5f59b0dd5666919ca	NZ_NPNC01000009.1	provirus_locus	6073	49980	+	+	43907	50810	false	false	genomad_raw_v1		900a3b5379b3d6171b9a885816579cff9a2fd0148cd018f674b1a7810034dc6a	900a3b5379b3d6171b9a885816579cff9a2fd0148cd018f674b1a7810034dc6a	geNomad	g87d30e78cb0c920f7936_c52883ca5f59b0dd5666919ca|provirus_6074_49980	Provirus	6074-49980	0.9666	NA	78	13	69.6870	11	Viruses;Duplodnaviria;Heunggongvirae;Uroviricota;Caudoviricetes;;	geNomad_predicted_score_reported	caller_predicted_provirus_locus	caller_only_not_independently_validated	not_assessed	43907	No	NA	78	28	0	High-quality	High-quality	100.0	AAI-based (medium-confidence)	0.0	1.0		100.0	AAI-based (medium-confidence)	0.0	completed
ph_gc650b7db718c23d26bd0_a2c335aaadc00d9e7592ba9e4e825457	GCF_002849695.1	GCF_002849695.1	gc650b7db718c23d26bd0	gc650b7db718c23d26bd0_c633f9721696f315c01144954	NZ_CP018937.1	provirus_locus	569014	674269	+	+	105255	5196111	false	false	genomad_raw_v1		2017c00e8c80984e6dce78a8055635266fcdf6bc26bd7d2ec063a4d918b241f1	2017c00e8c80984e6dce78a8055635266fcdf6bc26bd7d2ec063a4d918b241f1	geNomad	gc650b7db718c23d26bd0_c633f9721696f315c01144954|provirus_569015_674269	Provirus	569015-674269	0.9511	NA	131	7	156.7976	11	Viruses;Duplodnaviria;Heunggongvirae;Uroviricota;Caudoviricetes;;	geNomad_predicted_score_reported	caller_predicted_provirus_locus	caller_only_not_independently_validated	not_assessed	105255	No	NA	137	13	4	High-quality	High-quality	94.83	AAI-based (medium-confidence)	0.0	1.0		94.83	AAI-based (medium-confidence)	0.0	completed
ph_gc650b7db718c23d26bd0_bf4c48676bb2deae564886e8cc1908cc	GCF_002849695.1	GCF_002849695.1	gc650b7db718c23d26bd0	gc650b7db718c23d26bd0_c633f9721696f315c01144954	NZ_CP018937.1	provirus_locus	5012449	5032743	+	+	20294	5196111	false	false	genomad_raw_v1		60f435dc4615918d134c1437ab5f90926387e1c137767293d6be4ddb262edc2f	60f435dc4615918d134c1437ab5f90926387e1c137767293d6be4ddb262edc2f	geNomad	gc650b7db718c23d26bd0_c633f9721696f315c01144954|provirus_5012450_5032743	Provirus	5012450-5032743	0.9681	NA	32	0	17.6988	11	Viruses;Duplodnaviria;Heunggongvirae;Uroviricota;Caudoviricetes;;	geNomad_predicted_score_reported	caller_predicted_provirus_locus	caller_only_not_independently_validated	not_assessed	20294	No	NA	31	3	3	Low-quality	Genome-fragment	33.9	AAI-based (medium-confidence)	0.0	1.0		33.9	AAI-based (medium-confidence)	0.0	completed
ph_gc1f5a5c723027a0729ee_0a78b51e3e9febc4dde2fe9590d117a2	GCF_003363115.1	GCF_003363115.1	gc1f5a5c723027a0729ee	gc1f5a5c723027a0729ee_c8c35ce3fd0aeef92d0741d2b	NZ_QRBX01000023.1	provirus_locus	7768	26552	+	+	18784	72997	false	false	genomad_raw_v1		dbcb61072470163941cf9ac6649e8a283f0508a055976d7a469d774b016bfe95	dbcb61072470163941cf9ac6649e8a283f0508a055976d7a469d774b016bfe95	geNomad	gc1f5a5c723027a0729ee_c8c35ce3fd0aeef92d0741d2b|provirus_7769_26552	Provirus	7769-26552	0.7290	NA	20	1	5.2696	11	Viruses;Duplodnaviria;Heunggongvirae;Uroviricota;Caudoviricetes;;	geNomad_predicted_score_reported	caller_predicted_provirus_locus	caller_only_not_independently_validated	not_assessed	18784	No	NA	20	2	2	Low-quality	Genome-fragment	11.04	HMM-based (lower-bound)	0.0	1.0		11.04	HMM-based (lower-bound)	0.0	completed
ph_gc1f5a5c723027a0729ee_54fc1f3c386f12632477c2e0a728bbc6	GCF_003363115.1	GCF_003363115.1	gc1f5a5c723027a0729ee	gc1f5a5c723027a0729ee_ca6ce2c3a18dda082a5d6ad8a	NZ_QRBX01000039.1	full_contig_virus	0	7614	+	+	7614	7614	true	true	genomad_raw_v1		9bfee0f20cb06beb548d6889efe89a324d57188285b7f280e7ef7f3e22044b7e	9bfee0f20cb06beb548d6889efe89a324d57188285b7f280e7ef7f3e22044b7e	geNomad	gc1f5a5c723027a0729ee_ca6ce2c3a18dda082a5d6ad8a	No terminal repeats	NA	0.9229	NA	10	0	1.7183	11	Unclassified	geNomad_predicted_score_reported	unknown	full_contig_extent_integration_unknown	not_assessed	7614	No	NA	10	0	3	Not-determined	Genome-fragment	NA	NA	0.0	1.0	no viral genes detected	unknown	unknown	0.0	completed
ph_gc1f5a5c723027a0729ee_6e1c343206db626f2b89824011b5f41c	GCF_003363115.1	GCF_003363115.1	gc1f5a5c723027a0729ee	gc1f5a5c723027a0729ee_c0ced408d0a9ffb2d03757075	NZ_QRBX01000008.1	provirus_locus	19589	61458	+	+	41869	239494	false	false	genomad_raw_v1		9fe28335a8968bda306ab2fdf8226b2ca69b52bce352a7b02384845f224a9204	9fe28335a8968bda306ab2fdf8226b2ca69b52bce352a7b02384845f224a9204	geNomad	gc1f5a5c723027a0729ee_c0ced408d0a9ffb2d03757075|provirus_19590_61458	Provirus	19590-61458	0.8650	NA	52	3	51.2437	11	Viruses;Duplodnaviria;Heunggongvirae;Uroviricota;Caudoviricetes;;	geNomad_predicted_score_reported	caller_predicted_provirus_locus	caller_only_not_independently_validated	not_assessed	41869	Yes	34246	52	3	5	Medium-quality	Genome-fragment	57.23	AAI-based (medium-confidence)	18.21	1.0		57.23	AAI-based (medium-confidence)	18.21	completed
ph_gc1f5a5c723027a0729ee_8391c17cfdc57805bdbe5709ffb76f47	GCF_003363115.1	GCF_003363115.1	gc1f5a5c723027a0729ee	gc1f5a5c723027a0729ee_c180ae2d52bb015e2a26f85fa	NZ_QRBX01000019.1	provirus_locus	2	34584	+	+	34582	98482	false	false	genomad_raw_v1		f8f58ca9ded691c9e732858e3e6b4c1e96f2cbf45ef6cdf4b492d9091c9ad887	f8f58ca9ded691c9e732858e3e6b4c1e96f2cbf45ef6cdf4b492d9091c9ad887	geNomad	gc1f5a5c723027a0729ee_c180ae2d52bb015e2a26f85fa|provirus_3_34584	Provirus	3-34584	0.9703	NA	47	12	43.9293	11	Viruses;Duplodnaviria;Heunggongvirae;Uroviricota;Caudoviricetes;;	geNomad_predicted_score_reported	caller_predicted_provirus_locus	caller_only_not_independently_validated	not_assessed	34582	No	NA	47	13	1	Medium-quality	Genome-fragment	85.48	AAI-based (high-confidence)	0.0	1.0		85.48	AAI-based (high-confidence)	0.0	completed
ph_g029b6a40c215f4f2e466_28b7bf9e2e2aef903a7839cc59dd79a5	GCF_003438895.1	GCF_003438895.1	g029b6a40c215f4f2e466	g029b6a40c215f4f2e466_c2109990b403a74b9ae66246d	NZ_QSUD01000002.1	provirus_locus	215148	257826	+	+	42678	1123747	false	false	genomad_raw_v1		0e41102608511fd6055fbbf352000fd27342301deb6d18ad7b102840a978c12d	0e41102608511fd6055fbbf352000fd27342301deb6d18ad7b102840a978c12d	geNomad	g029b6a40c215f4f2e466_c2109990b403a74b9ae66246d|provirus_215149_257826	Provirus	215149-257826	0.9123	NA	55	3	52.9654	11	Viruses;Duplodnaviria;Heunggongvirae;Uroviricota;Caudoviricetes;;	geNomad_predicted_score_reported	caller_predicted_provirus_locus	caller_only_not_independently_validated	not_assessed	42678	Yes	35952	55	3	4	Medium-quality	Genome-fragment	59.71	AAI-based (medium-confidence)	15.76	1.0		59.71	AAI-based (medium-confidence)	15.76	completed
ph_g029b6a40c215f4f2e466_666ca079fdc492fe2b0e5461b44c0218	GCF_003438895.1	GCF_003438895.1	g029b6a40c215f4f2e466	g029b6a40c215f4f2e466_c2109990b403a74b9ae66246d	NZ_QSUD01000002.1	provirus_locus	911780	948098	+	+	36318	1123747	false	false	genomad_raw_v1		cf8a85898f1c9175d178900d646043bf2988d7c44dfaa5fdb3f43f38bac1329b	cf8a85898f1c9175d178900d646043bf2988d7c44dfaa5fdb3f43f38bac1329b	geNomad	g029b6a40c215f4f2e466_c2109990b403a74b9ae66246d|provirus_911781_948098	Provirus	911781-948098	0.9751	NA	55	12	48.7897	11	Viruses;Duplodnaviria;Heunggongvirae;Uroviricota;Caudoviricetes;;	geNomad_predicted_score_reported	caller_predicted_provirus_locus	caller_only_not_independently_validated	not_assessed	36318	No	NA	52	14	1	High-quality	High-quality	100.0	AAI-based (high-confidence)	0.0	1.0		100.0	AAI-based (high-confidence)	0.0	completed
ph_g029b6a40c215f4f2e466_6e29e86aac75c76e6992fce493996428	GCF_003438895.1	GCF_003438895.1	g029b6a40c215f4f2e466	g029b6a40c215f4f2e466_c8060a3e399b598ee94d7d1ad	NZ_QSUD01000006.1	provirus_locus	1	34133	+	+	34132	338472	false	false	genomad_raw_v1		c0f25abe1974c7149cac080303da2cfda11ede2d0831e30171333a28f4d43d45	c0f25abe1974c7149cac080303da2cfda11ede2d0831e30171333a28f4d43d45	geNomad	g029b6a40c215f4f2e466_c8060a3e399b598ee94d7d1ad|provirus_2_34133	Provirus	2-34133	0.9729	NA	47	12	41.7757	11	Viruses;Duplodnaviria;Heunggongvirae;Uroviricota;Caudoviricetes;;	geNomad_predicted_score_reported	caller_predicted_provirus_locus	caller_only_not_independently_validated	not_assessed	34132	No	NA	47	13	1	Medium-quality	Genome-fragment	84.39	AAI-based (high-confidence)	0.0	1.0		84.39	AAI-based (high-confidence)	0.0	completed
ph_g967c26f846d106d239b1_b8bdfd3c6279c75ae59734937a5577b0	GCF_003454775.1	GCF_003454775.1	g967c26f846d106d239b1	g967c26f846d106d239b1_c83b9ed51d57f631666608872	NZ_CP031971.1	provirus_locus	1603364	1634924	+	+	31560	1661863	false	false	genomad_raw_v1		2333d3f7568533df72a898a5ad72c5a4b18e00ccf39a77f07501b9e06f576780	2333d3f7568533df72a898a5ad72c5a4b18e00ccf39a77f07501b9e06f576780	geNomad	g967c26f846d106d239b1_c83b9ed51d57f631666608872|provirus_1603365_1634924	Provirus	1603365-1634924	0.9544	NA	52	7	42.4149	11	Viruses;Duplodnaviria;Heunggongvirae;Uroviricota;Caudoviricetes;;	geNomad_predicted_score_reported	caller_predicted_provirus_locus	caller_only_not_independently_validated	not_assessed	31560	No	NA	52	26	0	High-quality	High-quality	98.92	AAI-based (high-confidence)	0.0	1.0		98.92	AAI-based (high-confidence)	0.0	completed
ph_g508e51f7d435b278834e_501f1c0d4d65b29e99d0638340ee47a9	GCF_004798515.1	GCF_004798515.1	g508e51f7d435b278834e	g508e51f7d435b278834e_ccc0e3e7e8b7ba1bffe0e7f11	NZ_SSKK01000013.1	provirus_locus	113422	141753	+	+	28331	141753	false	true	genomad_raw_v1		6107f775a9580a64194b7be06c9f0c3af02bd9d6f702819d00b25321ada050a5	6107f775a9580a64194b7be06c9f0c3af02bd9d6f702819d00b25321ada050a5	geNomad	g508e51f7d435b278834e_ccc0e3e7e8b7ba1bffe0e7f11|provirus_113423_141753	Provirus	113423-141753	0.9746	NA	39	11	35.6859	11	Viruses;Duplodnaviria;Heunggongvirae;Uroviricota;Caudoviricetes;;	geNomad_predicted_score_reported	caller_predicted_provirus_locus	caller_only_not_independently_validated	not_assessed	28331	No	NA	39	12	1	Medium-quality	Genome-fragment	70.05	AAI-based (high-confidence)	0.0	1.0		70.05	AAI-based (high-confidence)	0.0	completed
ph_g508e51f7d435b278834e_85420670fa20618465c13979158a5608	GCF_004798515.1	GCF_004798515.1	g508e51f7d435b278834e	g508e51f7d435b278834e_cda6ce26da6e31dfe69c1a8c6	NZ_SSKK01000002.1	provirus_locus	561324	625694	+	+	64370	625694	false	true	genomad_raw_v1		54f11641fc7d98ad9c20bdd126b8d7f93d656f5a637b7b6738ec6ecb605f903c	54f11641fc7d98ad9c20bdd126b8d7f93d656f5a637b7b6738ec6ecb605f903c	geNomad	g508e51f7d435b278834e_cda6ce26da6e31dfe69c1a8c6|provirus_561325_625694	Provirus	561325-625694	0.9451	NA	73	9	64.8557	11	Viruses;Duplodnaviria;Heunggongvirae;Uroviricota;Caudoviricetes;;	geNomad_predicted_score_reported	caller_predicted_provirus_locus	caller_only_not_independently_validated	not_assessed	64370	No	NA	73	11	5	High-quality	High-quality	98.87	AAI-based (high-confidence)	0.0	1.0		98.87	AAI-based (high-confidence)	0.0	completed
ph_g508e51f7d435b278834e_8df841fdd085994318c9d7bfd8210388	GCF_004798515.1	GCF_004798515.1	g508e51f7d435b278834e	g508e51f7d435b278834e_c8825cbaf1cb222773a297076	NZ_SSKK01000018.1	provirus_locus	36087	87238	+	+	51151	102855	false	false	genomad_raw_v1		342e771a435c4216a1e0cfde64f83af3b64358fd6d9f169cea891af24372fc02	342e771a435c4216a1e0cfde64f83af3b64358fd6d9f169cea891af24372fc02	geNomad	g508e51f7d435b278834e_c8825cbaf1cb222773a297076|provirus_36088_87238	Provirus	36088-87238	0.9519	NA	59	4	42.9243	11	Viruses;Duplodnaviria;Heunggongvirae;Uroviricota;Caudoviricetes;;	geNomad_predicted_score_reported	caller_predicted_provirus_locus	caller_only_not_independently_validated	not_assessed	51151	Yes	36700	59	4	6	Medium-quality	Genome-fragment	83.38	AAI-based (medium-confidence)	28.25	1.0		83.38	AAI-based (medium-confidence)	28.25	completed
ph_g508e51f7d435b278834e_ddcaf43d97840ce887026c0c88356231	GCF_004798515.1	GCF_004798515.1	g508e51f7d435b278834e	g508e51f7d435b278834e_c58f8a670ba1d53ae96c4be30	NZ_SSKK01000007.1	provirus_locus	213354	250555	+	+	37201	250555	false	true	genomad_raw_v1		d8eb287279f5f8dc3fedb567b8d6d20020b20c4acdb2569f43dd2980dd8df8d0	d8eb287279f5f8dc3fedb567b8d6d20020b20c4acdb2569f43dd2980dd8df8d0	geNomad	g508e51f7d435b278834e_c58f8a670ba1d53ae96c4be30|provirus_213355_250555	Provirus	213355-250555	0.9575	NA	49	6	42.2063	11	Viruses;Duplodnaviria;Heunggongvirae;Uroviricota;Caudoviricetes;;	geNomad_predicted_score_reported	caller_predicted_provirus_locus	caller_only_not_independently_validated	not_assessed	37201	No	NA	49	4	2	High-quality	High-quality	92.7	AAI-based (medium-confidence)	0.0	1.0		92.7	AAI-based (medium-confidence)	0.0	completed
ph_g983350cd0b5c315e695b_1cb12ab637ed6fde6bdaff299d8f8ed1	GCF_005706655.1	GCF_005706655.1	g983350cd0b5c315e695b	g983350cd0b5c315e695b_ca3612f480bb69013bb02a8f4	NZ_CP036555.1	provirus_locus	3611157	3660950	+	+	49793	5205133	false	false	genomad_raw_v1		0496c64ed5d913d3ebe6473baab60be5a482b37e7f58d05a0dd9b9dc97c84726	0496c64ed5d913d3ebe6473baab60be5a482b37e7f58d05a0dd9b9dc97c84726	geNomad	g983350cd0b5c315e695b_ca3612f480bb69013bb02a8f4|provirus_3611158_3660950	Provirus	3611158-3660950	0.9510	NA	60	6	49.3927	11	Viruses;Duplodnaviria;Heunggongvirae;Uroviricota;Caudoviricetes;;	geNomad_predicted_score_reported	caller_predicted_provirus_locus	caller_only_not_independently_validated	not_assessed	49793	Yes	46113	60	6	3	High-quality	High-quality	100.0	AAI-based (medium-confidence)	7.39	1.0		100.0	AAI-based (medium-confidence)	7.39	completed
ph_g983350cd0b5c315e695b_3200aa51206d3f74bf0a4584f6a7d53d	GCF_005706655.1	GCF_005706655.1	g983350cd0b5c315e695b	g983350cd0b5c315e695b_ca3612f480bb69013bb02a8f4	NZ_CP036555.1	provirus_locus	2713395	2748708	+	+	35313	5205133	false	false	genomad_raw_v1		44f27cae76f2a97a48911606df47db00048e142dd200a6c27d2122d19ad229eb	44f27cae76f2a97a48911606df47db00048e142dd200a6c27d2122d19ad229eb	geNomad	g983350cd0b5c315e695b_ca3612f480bb69013bb02a8f4|provirus_2713396_2748708	Provirus	2713396-2748708	0.7449	NA	37	0	4.0557	11	Viruses;Duplodnaviria;Heunggongvirae;Uroviricota;Caudoviricetes;;	geNomad_predicted_score_reported	caller_predicted_provirus_locus	caller_only_not_independently_validated	not_assessed	35313	No	NA	37	2	10	Low-quality	Genome-fragment	22.69	HMM-based (lower-bound)	0.0	1.0		22.69	HMM-based (lower-bound)	0.0	completed
ph_g983350cd0b5c315e695b_b57e89da50363c51db86fe9b3fcdf644	GCF_005706655.1	GCF_005706655.1	g983350cd0b5c315e695b	g983350cd0b5c315e695b_ca3612f480bb69013bb02a8f4	NZ_CP036555.1	provirus_locus	3734073	3774990	+	+	40917	5205133	false	false	genomad_raw_v1		9f307a98a64569461925b92e09b1dbb5866ff47ead231da11069cdb6ec2e9af7	9f307a98a64569461925b92e09b1dbb5866ff47ead231da11069cdb6ec2e9af7	geNomad	g983350cd0b5c315e695b_ca3612f480bb69013bb02a8f4|provirus_3734074_3774990	Provirus	3734074-3774990	0.9004	NA	53	3	52.8588	11	Viruses;Duplodnaviria;Heunggongvirae;Uroviricota;Caudoviricetes;;	geNomad_predicted_score_reported	caller_predicted_provirus_locus	caller_only_not_independently_validated	not_assessed	40917	Yes	34092	53	3	4	Medium-quality	Genome-fragment	56.95	AAI-based (medium-confidence)	16.68	1.0		56.95	AAI-based (medium-confidence)	16.68	completed
ph_g983350cd0b5c315e695b_c0e92e7bc2033f8d53f14748fb19af91	GCF_005706655.1	GCF_005706655.1	g983350cd0b5c315e695b	g983350cd0b5c315e695b_ca3612f480bb69013bb02a8f4	NZ_CP036555.1	provirus_locus	261412	268649	+	+	7237	5205133	false	false	genomad_raw_v1		854d18186a85cf2d6b744ecb1a033d859306899caffa689c6aefb9996af2630a	854d18186a85cf2d6b744ecb1a033d859306899caffa689c6aefb9996af2630a	geNomad	g983350cd0b5c315e695b_ca3612f480bb69013bb02a8f4|provirus_261413_268649	Provirus	261413-268649	0.9576	NA	11	1	10.3097	11	Viruses;Duplodnaviria;Heunggongvirae;Uroviricota;Caudoviricetes;;	geNomad_predicted_score_reported	caller_predicted_provirus_locus	caller_only_not_independently_validated	not_assessed	7237	No	NA	11	0	2	Not-determined	Genome-fragment	NA	NA	0.0	1.0	no viral genes detected	unknown	unknown	0.0	completed
ph_g2dad8ae78cd3673fad26_15758cd9fb427b417135161304790d3d	GCF_008086695.1	GCF_008086695.1	g2dad8ae78cd3673fad26	g2dad8ae78cd3673fad26_c9902a04b8572038103f2f3a2	NZ_SRKB01000002.1	provirus_locus	187568	230232	+	+	42664	1260093	false	false	genomad_raw_v1		37f6dd0a5ed55800d23cb8a546c15b20eef23f47374ce912d542854e955b754b	37f6dd0a5ed55800d23cb8a546c15b20eef23f47374ce912d542854e955b754b	geNomad	g2dad8ae78cd3673fad26_c9902a04b8572038103f2f3a2|provirus_187569_230232	Provirus	187569-230232	0.9134	NA	59	3	57.0680	11	Viruses;Duplodnaviria;Heunggongvirae;Uroviricota;Caudoviricetes;;	geNomad_predicted_score_reported	caller_predicted_provirus_locus	caller_only_not_independently_validated	not_assessed	42664	Yes	35919	59	3	4	Medium-quality	Genome-fragment	60.0	AAI-based (medium-confidence)	15.81	1.0		60.0	AAI-based (medium-confidence)	15.81	completed
ph_g4709df73a0560c0291e4_269049875c1d20ccdc6ff4d5ea323d9a	GCF_008369705.1	GCF_008369705.1	g4709df73a0560c0291e4	g4709df73a0560c0291e4_c75b2a34f8b9e8bb2484aeea5	NZ_CP043610.1	provirus_locus	3466172	3499652	+	+	33480	5330584	false	false	genomad_raw_v1		638daf811c6147f91ff4d7057e5875ddceabd5a75c57988fd74fd85c7de4452f	638daf811c6147f91ff4d7057e5875ddceabd5a75c57988fd74fd85c7de4452f	geNomad	g4709df73a0560c0291e4_c75b2a34f8b9e8bb2484aeea5|provirus_3466173_3499652	Provirus	3466173-3499652	0.9756	NA	48	12	42.2534	11	Viruses;Duplodnaviria;Heunggongvirae;Uroviricota;Caudoviricetes;;	geNomad_predicted_score_reported	caller_predicted_provirus_locus	caller_only_not_independently_validated	not_assessed	33480	No	NA	48	11	1	Medium-quality	Genome-fragment	82.9	AAI-based (high-confidence)	0.0	1.0		82.9	AAI-based (high-confidence)	0.0	completed
ph_g4709df73a0560c0291e4_77c3abab9a36c62b31c22b082aedf4b0	GCF_008369705.1	GCF_008369705.1	g4709df73a0560c0291e4	g4709df73a0560c0291e4_c75b2a34f8b9e8bb2484aeea5	NZ_CP043610.1	provirus_locus	1327057	1389324	+	+	62267	5330584	false	false	genomad_raw_v1		2775c259faf919c09772d72cf5638c6bf1738854ab8de53da5c8e2172be684ed	2775c259faf919c09772d72cf5638c6bf1738854ab8de53da5c8e2172be684ed	geNomad	g4709df73a0560c0291e4_c75b2a34f8b9e8bb2484aeea5|provirus_1327058_1389324	Provirus	1327058-1389324	0.9657	NA	73	9	69.6946	11	Viruses;Duplodnaviria;Heunggongvirae;Uroviricota;Caudoviricetes;;	geNomad_predicted_score_reported	caller_predicted_provirus_locus	caller_only_not_independently_validated	not_assessed	62267	No	NA	71	12	3	High-quality	High-quality	95.63	AAI-based (high-confidence)	0.0	1.0		95.63	AAI-based (high-confidence)	0.0	completed
ph_g4709df73a0560c0291e4_7aba00713fc845665b143c8ab36ebf7d	GCF_008369705.1	GCF_008369705.1	g4709df73a0560c0291e4	g4709df73a0560c0291e4_c75b2a34f8b9e8bb2484aeea5	NZ_CP043610.1	provirus_locus	1768202	1819065	+	+	50863	5330584	false	false	genomad_raw_v1		199796d4bfebc4649d02116fe21741a08fdc4e3f03386d16cc24c06a0a493ed9	199796d4bfebc4649d02116fe21741a08fdc4e3f03386d16cc24c06a0a493ed9	geNomad	g4709df73a0560c0291e4_c75b2a34f8b9e8bb2484aeea5|provirus_1768203_1819065	Provirus	1768203-1819065	0.9494	NA	62	6	50.7313	11	Viruses;Duplodnaviria;Heunggongvirae;Uroviricota;Caudoviricetes;;	geNomad_predicted_score_reported	caller_predicted_provirus_locus	caller_only_not_independently_validated	not_assessed	50863	Yes	47183	62	5	4	Medium-quality	Genome-fragment	65.4	AAI-based (medium-confidence)	7.24	1.01		65.4	AAI-based (medium-confidence)	7.24	completed
ph_g4709df73a0560c0291e4_e47bb2911ffc9235fe710f9e46911e7c	GCF_008369705.1	GCF_008369705.1	g4709df73a0560c0291e4	g4709df73a0560c0291e4_c75b2a34f8b9e8bb2484aeea5	NZ_CP043610.1	provirus_locus	1905961	1946694	+	+	40733	5330584	false	false	genomad_raw_v1		ab8e7b82e04a0a589e2aa39caa7de3b6f4a5f0308bcfaa72f512cead1ac4596f	ab8e7b82e04a0a589e2aa39caa7de3b6f4a5f0308bcfaa72f512cead1ac4596f	geNomad	g4709df73a0560c0291e4_c75b2a34f8b9e8bb2484aeea5|provirus_1905962_1946694	Provirus	1905962-1946694	0.9135	NA	53	3	52.6661	11	Viruses;Duplodnaviria;Heunggongvirae;Uroviricota;Caudoviricetes;;	geNomad_predicted_score_reported	caller_predicted_provirus_locus	caller_only_not_independently_validated	not_assessed	40733	Yes	33907	53	3	4	Medium-quality	Genome-fragment	56.28	AAI-based (medium-confidence)	16.76	1.01		56.28	AAI-based (medium-confidence)	16.76	completed
ph_gd0b0a10315a099289b2e_343c5a50e6f902e0355116219a401994	GCF_008633155.1	GCF_008633155.1	gd0b0a10315a099289b2e	gd0b0a10315a099289b2e_cb70d2e414d481b64d8108a9c	NZ_BHYQ01000008.1	full_contig_virus	0	33903	+	+	33903	33903	true	true	genomad_raw_v1		aff3c7e7ede07cad4803d91fdc501445c17788019e1291e366458dcd2de7eec4	aff3c7e7ede07cad4803d91fdc501445c17788019e1291e366458dcd2de7eec4	geNomad	gd0b0a10315a099289b2e_cb70d2e414d481b64d8108a9c	No terminal repeats	NA	0.9595	NA	51	6	40.1600	11	Viruses;Duplodnaviria;Heunggongvirae;Uroviricota;Caudoviricetes;;	geNomad_predicted_score_reported	unknown	full_contig_extent_integration_unknown	not_assessed	33903	No	NA	51	23	0	Medium-quality	Genome-fragment	69.49	AAI-based (medium-confidence)	0.0	1.0		69.49	AAI-based (medium-confidence)	0.0	completed
ph_gd632b02f2fd02eeabd27_37ff606b505eb14bbcacef4818a0c821	GCF_013267555.1	GCF_013267555.1	gd632b02f2fd02eeabd27	gd632b02f2fd02eeabd27_cef7d38f1cc05a9e7e48737aa	NZ_CP054003.1	provirus_locus	5214897	5255768	+	+	40871	5460140	false	false	genomad_raw_v1		37907512def508113cbdd1cff868b8d1a3cb99585b65cf0464fa533db7d3abd1	37907512def508113cbdd1cff868b8d1a3cb99585b65cf0464fa533db7d3abd1	geNomad	gd632b02f2fd02eeabd27_cef7d38f1cc05a9e7e48737aa|provirus_5214898_5255768	Provirus	5214898-5255768	0.9767	NA	43	9	65.8064	11	Viruses;Duplodnaviria;Heunggongvirae;Uroviricota;Caudoviricetes;;	geNomad_predicted_score_reported	caller_predicted_provirus_locus	caller_only_not_independently_validated	not_assessed	40871	No	NA	45	8	2	High-quality	High-quality	95.42	AAI-based (high-confidence)	0.0	1.0		95.42	AAI-based (high-confidence)	0.0	completed
ph_gd632b02f2fd02eeabd27_71e75365b68d2bb6c0a3486ee4977f86	GCF_013267555.1	GCF_013267555.1	gd632b02f2fd02eeabd27	gd632b02f2fd02eeabd27_cef7d38f1cc05a9e7e48737aa	NZ_CP054003.1	provirus_locus	3291989	3335667	+	+	43678	5460140	false	false	genomad_raw_v1		046c8925444b8edc9dc6b7b952aec0ee3f2ed40dbb6339c418bac8c0a442ac44	046c8925444b8edc9dc6b7b952aec0ee3f2ed40dbb6339c418bac8c0a442ac44	geNomad	gd632b02f2fd02eeabd27_cef7d38f1cc05a9e7e48737aa|provirus_3291990_3335667	Provirus	3291990-3335667	0.9756	NA	46	11	61.1322	11	Viruses;Duplodnaviria;Heunggongvirae;Uroviricota;Caudoviricetes;;	geNomad_predicted_score_reported	caller_predicted_provirus_locus	caller_only_not_independently_validated	not_assessed	43678	Yes	24531	46	6	8	Medium-quality	Genome-fragment	57.27	AAI-based (medium-confidence)	43.84	1.0		57.27	AAI-based (medium-confidence)	43.84	completed
ph_gd632b02f2fd02eeabd27_a21a9d4279146294f2ddad32dd121b1c	GCF_013267555.1	GCF_013267555.1	gd632b02f2fd02eeabd27	gd632b02f2fd02eeabd27_cef7d38f1cc05a9e7e48737aa	NZ_CP054003.1	provirus_locus	1049012	1090948	+	+	41936	5460140	false	false	genomad_raw_v1		b100e7b0375caa0da39e5e29ccd275bb2d540a98d489ead33f46f9d3587ede59	b100e7b0375caa0da39e5e29ccd275bb2d540a98d489ead33f46f9d3587ede59	geNomad	gd632b02f2fd02eeabd27_cef7d38f1cc05a9e7e48737aa|provirus_1049013_1090948	Provirus	1049013-1090948	0.9275	NA	60	14	64.6102	11	Viruses;Duplodnaviria;Heunggongvirae;Uroviricota;Caudoviricetes;;	geNomad_predicted_score_reported	caller_predicted_provirus_locus	caller_only_not_independently_validated	not_assessed	41936	No	NA	60	8	1	Medium-quality	Genome-fragment	78.01	AAI-based (medium-confidence)	0.0	1.0		78.01	AAI-based (medium-confidence)	0.0	completed
ph_gd632b02f2fd02eeabd27_ce094809727b551fb1e1af5f7b924aa9	GCF_013267555.1	GCF_013267555.1	gd632b02f2fd02eeabd27	gd632b02f2fd02eeabd27_cef7d38f1cc05a9e7e48737aa	NZ_CP054003.1	provirus_locus	2840993	2890344	+	+	49351	5460140	false	false	genomad_raw_v1		43974fbc039c78a064938ca53c06646a64b17571b042dd7b12f48ba1d662345f	43974fbc039c78a064938ca53c06646a64b17571b042dd7b12f48ba1d662345f	geNomad	gd632b02f2fd02eeabd27_cef7d38f1cc05a9e7e48737aa|provirus_2840994_2890344	Provirus	2840994-2890344	0.9809	NA	71	10	78.6969	11	Viruses;Duplodnaviria;Heunggongvirae;Uroviricota;Caudoviricetes;;	geNomad_predicted_score_reported	caller_predicted_provirus_locus	caller_only_not_independently_validated	not_assessed	49351	No	NA	68	15	2	High-quality	High-quality	96.74	AAI-based (high-confidence)	0.0	1.0		96.74	AAI-based (high-confidence)	0.0	completed
ph_gd632b02f2fd02eeabd27_e283010016e450097c793508bb53cdf9	GCF_013267555.1	GCF_013267555.1	gd632b02f2fd02eeabd27	gd632b02f2fd02eeabd27_cef7d38f1cc05a9e7e48737aa	NZ_CP054003.1	provirus_locus	1110633	1126389	+	+	15756	5460140	false	false	genomad_raw_v1		f66919c7c05f53703f6f084a8c5ab74df97763ad40cb2ac795f22afb1f2d8527	f66919c7c05f53703f6f084a8c5ab74df97763ad40cb2ac795f22afb1f2d8527	geNomad	gd632b02f2fd02eeabd27_cef7d38f1cc05a9e7e48737aa|provirus_1110634_1126389	Provirus	1110634-1126389	0.8870	NA	22	1	16.4960	11	Viruses;Duplodnaviria;Heunggongvirae;Uroviricota;Caudoviricetes;;	geNomad_predicted_score_reported	caller_predicted_provirus_locus	caller_only_not_independently_validated	not_assessed	15756	No	NA	22	1	1	Low-quality	Genome-fragment	8.55	HMM-based (lower-bound)	0.0	1.0		8.55	HMM-based (lower-bound)	0.0	completed
ph_g34dd6ba36fc966a2bfeb_719d2e130bd3dd01b323b0fe335a8e49	GCF_014042525.1	GCF_014042525.1	g34dd6ba36fc966a2bfeb	g34dd6ba36fc966a2bfeb_cd52e55b2128f7e390afddaa0	NZ_JACFST010000010.1	provirus_locus	61236	122641	+	+	61405	220777	false	false	genomad_raw_v1		98c919b6c78cc5843305447eb6b989e4f426994a69b2a2cbf5296c588adf7ede	98c919b6c78cc5843305447eb6b989e4f426994a69b2a2cbf5296c588adf7ede	geNomad	g34dd6ba36fc966a2bfeb_cd52e55b2128f7e390afddaa0|provirus_61237_122641	Provirus	61237-122641	0.9599	NA	76	6	55.4312	11	Viruses;Duplodnaviria;Heunggongvirae;Uroviricota;Caudoviricetes;;	geNomad_predicted_score_reported	caller_predicted_provirus_locus	caller_only_not_independently_validated	not_assessed	61405	Yes	49168	76	6	4	Medium-quality	Genome-fragment	82.29	AAI-based (high-confidence)	19.93	1.0		82.29	AAI-based (high-confidence)	19.93	completed
ph_g34dd6ba36fc966a2bfeb_8cf565e97a94fd1b2f8979205799430b	GCF_014042525.1	GCF_014042525.1	g34dd6ba36fc966a2bfeb	g34dd6ba36fc966a2bfeb_c8ad8b92f4e4954b44fe0525c	NZ_JACFST010000007.1	provirus_locus	13306	29886	+	+	16580	294727	false	false	genomad_raw_v1		4a0e38be00779fcee24b5275f765242ace578d46972a6e47489b73e40515a53c	4a0e38be00779fcee24b5275f765242ace578d46972a6e47489b73e40515a53c	geNomad	g34dd6ba36fc966a2bfeb_c8ad8b92f4e4954b44fe0525c|provirus_13307_29886	Provirus	13307-29886	0.8344	NA	18	1	5.7619	11	Viruses;Duplodnaviria;Heunggongvirae;Uroviricota;Caudoviricetes;;	geNomad_predicted_score_reported	caller_predicted_provirus_locus	caller_only_not_independently_validated	not_assessed	16580	No	NA	18	1	1	Low-quality	Genome-fragment	10.42	HMM-based (lower-bound)	0.0	1.0		10.42	HMM-based (lower-bound)	0.0	completed
ph_g34dd6ba36fc966a2bfeb_de44a83a5223ba52d868879b6e0ed4be	GCF_014042525.1	GCF_014042525.1	g34dd6ba36fc966a2bfeb	g34dd6ba36fc966a2bfeb_c4cbe6eabd7b309520ae87f36	NZ_JACFST010000013.1	provirus_locus	2	33383	+	+	33381	143857	false	false	genomad_raw_v1		f40c6397617d28255a1972fce1978dee20ffcf1d620badb4ccf3f059102d31be	f40c6397617d28255a1972fce1978dee20ffcf1d620badb4ccf3f059102d31be	geNomad	g34dd6ba36fc966a2bfeb_c4cbe6eabd7b309520ae87f36|provirus_3_33383	Provirus	3-33383	0.9738	NA	47	10	44.5179	11	Viruses;Duplodnaviria;Heunggongvirae;Uroviricota;Caudoviricetes;;	geNomad_predicted_score_reported	caller_predicted_provirus_locus	caller_only_not_independently_validated	not_assessed	33381	No	NA	47	10	2	High-quality	High-quality	90.06	AAI-based (medium-confidence)	0.0	1.0		90.06	AAI-based (medium-confidence)	0.0	completed
ph_g34dd6ba36fc966a2bfeb_e290cfeba364993c8e523a8ec144c7bb	GCF_014042525.1	GCF_014042525.1	g34dd6ba36fc966a2bfeb	g34dd6ba36fc966a2bfeb_cc90f68ce258f33e88263c533	NZ_JACFST010000004.1	provirus_locus	442573	479723	+	+	37150	488361	false	false	genomad_raw_v1		e1b9d0fe73002ad16ac87ac1575f17af6ff7d9dc62b461959e3ee8cd83174023	e1b9d0fe73002ad16ac87ac1575f17af6ff7d9dc62b461959e3ee8cd83174023	geNomad	g34dd6ba36fc966a2bfeb_cc90f68ce258f33e88263c533|provirus_442574_479723	Provirus	442574-479723	0.9251	NA	55	4	39.1301	11	Viruses;Duplodnaviria;Heunggongvirae;Uroviricota;Caudoviricetes;;	geNomad_predicted_score_reported	caller_predicted_provirus_locus	caller_only_not_independently_validated	not_assessed	37150	Yes	35923	55	8	3	Medium-quality	Genome-fragment	54.93	AAI-based (medium-confidence)	3.3	1.0		54.93	AAI-based (medium-confidence)	3.3	completed
ph_g34dd6ba36fc966a2bfeb_ef3ec8f2e9953035a333ff4e5c90efdc	GCF_014042525.1	GCF_014042525.1	g34dd6ba36fc966a2bfeb	g34dd6ba36fc966a2bfeb_c48dff77aba1d32a74f5a8c35	NZ_JACFST010000002.1	provirus_locus	443910	510530	+	+	66620	593470	false	false	genomad_raw_v1		353658156594d8ce50abf870353567fd4586444b7772c383d99213b81ae7ef80	353658156594d8ce50abf870353567fd4586444b7772c383d99213b81ae7ef80	geNomad	g34dd6ba36fc966a2bfeb_c48dff77aba1d32a74f5a8c35|provirus_443911_510530	Provirus	443911-510530	0.9752	NA	101	8	101.8095	11	Viruses;Duplodnaviria;Heunggongvirae;Uroviricota;Caudoviricetes;;	geNomad_predicted_score_reported	caller_predicted_provirus_locus	caller_only_not_independently_validated	not_assessed	66620	No	NA	100	20	3	High-quality	High-quality	100.0	AAI-based (high-confidence)	0.0	1.0		100.0	AAI-based (high-confidence)	0.0	completed
ph_g34dd6ba36fc966a2bfeb_ff14245c1b3539731ac562d9950f7a12	GCF_014042525.1	GCF_014042525.1	g34dd6ba36fc966a2bfeb	g34dd6ba36fc966a2bfeb_c8486357ff6b520e80a2559e8	NZ_JACFST010000009.1	provirus_locus	20406	55472	+	+	35066	230418	false	false	genomad_raw_v1		353243e48863f541d8f00d9dceb356904185e105a122828d63f1c65d6ae5fa75	353243e48863f541d8f00d9dceb356904185e105a122828d63f1c65d6ae5fa75	geNomad	g34dd6ba36fc966a2bfeb_c8486357ff6b520e80a2559e8|provirus_20407_55472	Provirus	20407-55472	0.9759	NA	56	12	48.7897	11	Viruses;Duplodnaviria;Heunggongvirae;Uroviricota;Caudoviricetes;;	geNomad_predicted_score_reported	caller_predicted_provirus_locus	caller_only_not_independently_validated	not_assessed	35066	No	NA	51	14	0	High-quality	High-quality	100.0	AAI-based (high-confidence)	0.0	1.0		100.0	AAI-based (high-confidence)	0.0	completed
ph_g1370d6ffb889cc1574cb_55baa7f5178f1249df705e37bff76000	GCF_015831765.1	GCF_015831765.1	g1370d6ffb889cc1574cb	g1370d6ffb889cc1574cb_ceacacf68e5646409e5e9be0b	NZ_JACSWF010000039.1	full_contig_virus	0	4648	+	+	4648	4648	true	true	genomad_raw_v1		e5d0683bf925ac16ac1748417c53e259c855c6d62e44b140fe876c189507164c	e5d0683bf925ac16ac1748417c53e259c855c6d62e44b140fe876c189507164c	geNomad	g1370d6ffb889cc1574cb_ceacacf68e5646409e5e9be0b	No terminal repeats	NA	0.9819	NA	3	0	5.1523	11	Viruses;Duplodnaviria;Heunggongvirae;Uroviricota;Caudoviricetes;;	geNomad_predicted_score_reported	unknown	full_contig_extent_integration_unknown	not_assessed	4648	No	NA	3	1	0	Low-quality	Genome-fragment	12.62	AAI-based (medium-confidence)	0.0	1.0		12.62	AAI-based (medium-confidence)	0.0	completed
ph_g1370d6ffb889cc1574cb_5922e0dec1f715c9df9042fb21234c9a	GCF_015831765.1	GCF_015831765.1	g1370d6ffb889cc1574cb	g1370d6ffb889cc1574cb_c1abef7b9cb9cc8da0feffd51	NZ_JACSWF010000016.1	provirus_locus	33913	85068	+	+	51155	100697	false	false	genomad_raw_v1		ec3b522d0b75921d1afdf542882a4bb615461b361e8b9c7745b07be7ec2792a0	ec3b522d0b75921d1afdf542882a4bb615461b361e8b9c7745b07be7ec2792a0	geNomad	g1370d6ffb889cc1574cb_c1abef7b9cb9cc8da0feffd51|provirus_33914_85068	Provirus	33914-85068	0.9572	NA	58	4	44.1294	11	Viruses;Duplodnaviria;Heunggongvirae;Uroviricota;Caudoviricetes;;	geNomad_predicted_score_reported	caller_predicted_provirus_locus	caller_only_not_independently_validated	not_assessed	51155	Yes	36704	58	4	6	Medium-quality	Genome-fragment	83.39	AAI-based (medium-confidence)	28.25	1.0		83.39	AAI-based (medium-confidence)	28.25	completed
ph_g1370d6ffb889cc1574cb_59c34d355e8f15abaf6c876183f443f6	GCF_015831765.1	GCF_015831765.1	g1370d6ffb889cc1574cb	g1370d6ffb889cc1574cb_cacc1f6247a2490f17d9b1546	NZ_JACSWF010000042.1	full_contig_virus	0	4287	+	+	4287	4287	true	true	genomad_raw_v1		2c6fe243b3b948d1710111888c792adc8b7b5cbb89fa616bdda8130b36d08b98	2c6fe243b3b948d1710111888c792adc8b7b5cbb89fa616bdda8130b36d08b98	geNomad	g1370d6ffb889cc1574cb_cacc1f6247a2490f17d9b1546	No terminal repeats	NA	0.9815	NA	3	0	5.1523	11	Viruses;Duplodnaviria;Heunggongvirae;Uroviricota;Caudoviricetes;;	geNomad_predicted_score_reported	unknown	full_contig_extent_integration_unknown	not_assessed	4287	No	NA	3	0	0	Low-quality	Genome-fragment	11.82	AAI-based (medium-confidence)	0.0	1.0	no viral genes detected	11.82	AAI-based (medium-confidence)	0.0	completed
ph_g1370d6ffb889cc1574cb_6580f496083ee70071d7879813d34e8c	GCF_015831765.1	GCF_015831765.1	g1370d6ffb889cc1574cb	g1370d6ffb889cc1574cb_c058ea06c69bda5b806cd1ab2	NZ_JACSWF010000059.1	full_contig_virus	0	434	+	+	434	434	true	true	genomad_raw_v1		71e88225a065240a0298ce56351db67b7eb8b602c56f28b763db01506020be0b	71e88225a065240a0298ce56351db67b7eb8b602c56f28b763db01506020be0b	geNomad	g1370d6ffb889cc1574cb_c058ea06c69bda5b806cd1ab2	No terminal repeats	NA	0.9163	NA	1	1	1.7183	11	Viruses;Duplodnaviria;Heunggongvirae;Uroviricota;Caudoviricetes;;	geNomad_predicted_score_reported	unknown	full_contig_extent_integration_unknown	not_assessed	434	No	NA	1	0	0	Low-quality	Genome-fragment	1.2	AAI-based (medium-confidence)	0.0	1.0	no viral genes detected	1.2	AAI-based (medium-confidence)	0.0	completed
ph_g1370d6ffb889cc1574cb_6c2c0a70d0650b6086de48b320156ae1	GCF_015831765.1	GCF_015831765.1	g1370d6ffb889cc1574cb	g1370d6ffb889cc1574cb_c2abf96b519fd89b7243c11fd	NZ_JACSWF010000029.1	full_contig_virus	0	15099	+	+	15099	15099	true	true	genomad_raw_v1		fecd6c0c59fdc7338757563e11b6f5a5c6934ff2435a10fb6c1a07a439bb6059	fecd6c0c59fdc7338757563e11b6f5a5c6934ff2435a10fb6c1a07a439bb6059	geNomad	g1370d6ffb889cc1574cb_c2abf96b519fd89b7243c11fd	No terminal repeats	NA	0.9800	NA	28	9	29.9887	11	Viruses;Duplodnaviria;Heunggongvirae;Uroviricota;Caudoviricetes;;	geNomad_predicted_score_reported	unknown	full_contig_extent_integration_unknown	not_assessed	15099	No	NA	28	11	0	Low-quality	Genome-fragment	46.56	AAI-based (high-confidence)	0.0	1.0		46.56	AAI-based (high-confidence)	0.0	completed
ph_g1370d6ffb889cc1574cb_71f6f6fe601f5ce9375f88486cad3d5c	GCF_015831765.1	GCF_015831765.1	g1370d6ffb889cc1574cb	g1370d6ffb889cc1574cb_c2fa915189218a757f8bf616e	NZ_JACSWF010000028.1	full_contig_virus	0	15674	+	+	15674	15674	true	true	genomad_raw_v1		f635bb08dfbd0454ead9056c9f13d723eef5471be1a7325ec547ff06a400e549	f635bb08dfbd0454ead9056c9f13d723eef5471be1a7325ec547ff06a400e549	geNomad	g1370d6ffb889cc1574cb_c2fa915189218a757f8bf616e	No terminal repeats	NA	0.9772	NA	21	8	24.7007	11	Viruses;Duplodnaviria;Heunggongvirae;Uroviricota;Caudoviricetes;;	geNomad_predicted_score_reported	unknown	full_contig_extent_integration_unknown	not_assessed	15674	No	NA	21	10	0	Low-quality	Genome-fragment	39.58	AAI-based (medium-confidence)	0.0	1.0		39.58	AAI-based (medium-confidence)	0.0	completed
ph_g1370d6ffb889cc1574cb_ab98f3c478196c8d39f322466cda9b8d	GCF_015831765.1	GCF_015831765.1	g1370d6ffb889cc1574cb	g1370d6ffb889cc1574cb_c260144504a3c6c224bb8dcbc	NZ_JACSWF010000018.1	provirus_locus	2	7520	+	+	7518	89844	false	false	genomad_raw_v1		fbd1f1b07fe5540406948e4b106fd7e5c6eaf315cade1a921341b0864c03e6ef	fbd1f1b07fe5540406948e4b106fd7e5c6eaf315cade1a921341b0864c03e6ef	geNomad	g1370d6ffb889cc1574cb_c260144504a3c6c224bb8dcbc|provirus_3_7520	Provirus	3-7520	0.9546	NA	14	0	10.0462	11	Viruses;Duplodnaviria;Heunggongvirae;Uroviricota;Caudoviricetes;;	geNomad_predicted_score_reported	caller_predicted_provirus_locus	caller_only_not_independently_validated	not_assessed	7518	No	NA	13	0	0	Low-quality	Genome-fragment	12.39	AAI-based (high-confidence)	0.0	1.0	no viral genes detected	12.39	AAI-based (high-confidence)	0.0	completed
ph_gec7886586a21f2182b24_1f25ce1f4ea5b460d865b7013fdc8ff1	GCF_016864615.1	GCF_016864615.1	gec7886586a21f2182b24	gec7886586a21f2182b24_ccb71f708f98485e87a87a6ef	NZ_CP044428.1	provirus_locus	3563622	3605664	+	+	42042	5380874	false	false	genomad_raw_v1		a5790a73a84990c1cd891068397e4c3b538ba44722bb8bac9b8d38ee9f964f17	a5790a73a84990c1cd891068397e4c3b538ba44722bb8bac9b8d38ee9f964f17	geNomad	gec7886586a21f2182b24_ccb71f708f98485e87a87a6ef|provirus_3563623_3605664	Provirus	3563623-3605664	0.9081	NA	59	2	34.7865	11	Viruses;Duplodnaviria;Heunggongvirae;Uroviricota;Caudoviricetes;;	geNomad_predicted_score_reported	caller_predicted_provirus_locus	caller_only_not_independently_validated	not_assessed	42042	No	NA	59	3	2	Medium-quality	Genome-fragment	67.31	AAI-based (high-confidence)	0.0	1.0		67.31	AAI-based (high-confidence)	0.0	completed
ph_gec7886586a21f2182b24_6f95259bdcd8c80bee9942c231e3d72f	GCF_016864615.1	GCF_016864615.1	gec7886586a21f2182b24	gec7886586a21f2182b24_ccb71f708f98485e87a87a6ef	NZ_CP044428.1	provirus_locus	3438693	3487214	+	+	48521	5380874	false	false	genomad_raw_v1		d51261d94391347f25d7cb4025dd8d7afa5e868b1054d93cb591a031ec196726	d51261d94391347f25d7cb4025dd8d7afa5e868b1054d93cb591a031ec196726	geNomad	gec7886586a21f2182b24_ccb71f708f98485e87a87a6ef|provirus_3438694_3487214	Provirus	3438694-3487214	0.9599	NA	62	6	46.0129	11	Viruses;Duplodnaviria;Heunggongvirae;Uroviricota;Caudoviricetes;;	geNomad_predicted_score_reported	caller_predicted_provirus_locus	caller_only_not_independently_validated	not_assessed	48521	No	NA	62	4	5	High-quality	High-quality	100.0	AAI-based (medium-confidence)	0.0	1.01		100.0	AAI-based (medium-confidence)	0.0	completed
ph_gec7886586a21f2182b24_968d914998c1c5ea65f396d6c76ad9dd	GCF_016864615.1	GCF_016864615.1	gec7886586a21f2182b24	gec7886586a21f2182b24_ccb71f708f98485e87a87a6ef	NZ_CP044428.1	provirus_locus	4604282	4638953	+	+	34671	5380874	false	false	genomad_raw_v1		6d58090afb7be57aeafca92d550bd2a1b917ca7930426d517cbbad7effd82dcd	6d58090afb7be57aeafca92d550bd2a1b917ca7930426d517cbbad7effd82dcd	geNomad	gec7886586a21f2182b24_ccb71f708f98485e87a87a6ef|provirus_4604283_4638953	Provirus	4604283-4638953	0.9793	NA	44	3	52.3770	11	Viruses;Duplodnaviria;Heunggongvirae;Uroviricota;Caudoviricetes;;	geNomad_predicted_score_reported	caller_predicted_provirus_locus	caller_only_not_independently_validated	not_assessed	34671	No	NA	44	16	2	High-quality	High-quality	90.28	AAI-based (high-confidence)	0.0	1.0		90.28	AAI-based (high-confidence)	0.0	completed
ph_gec7886586a21f2182b24_ab9b0ca09fb2c7a5c5a58232f082ffdd	GCF_016864615.1	GCF_016864615.1	gec7886586a21f2182b24	gec7886586a21f2182b24_ccb71f708f98485e87a87a6ef	NZ_CP044428.1	provirus_locus	4248687	4271597	+	+	22910	5380874	false	false	genomad_raw_v1		b8f587f08709352cf77b134f4b5778a0dc1df3365885a31563015d4d8977a499	b8f587f08709352cf77b134f4b5778a0dc1df3365885a31563015d4d8977a499	geNomad	gec7886586a21f2182b24_ccb71f708f98485e87a87a6ef|provirus_4248688_4271597	Provirus	4248688-4271597	0.9044	NA	30	3	10.7232	11	Viruses;Duplodnaviria;Heunggongvirae;Uroviricota;Caudoviricetes;;	geNomad_predicted_score_reported	caller_predicted_provirus_locus	caller_only_not_independently_validated	not_assessed	22910	No	NA	30	1	2	Low-quality	Genome-fragment	14.83	HMM-based (lower-bound)	0.0	1.0		14.83	HMM-based (lower-bound)	0.0	completed
ph_gec7886586a21f2182b24_b2d09dc49bcd7c51fa86fd2e5a67613d	GCF_016864615.1	GCF_016864615.1	gec7886586a21f2182b24	gec7886586a21f2182b24_ccb71f708f98485e87a87a6ef	NZ_CP044428.1	provirus_locus	3617778	3667373	+	+	49595	5380874	false	false	genomad_raw_v1		bcd0c82acc14401c2c7f8eea907993d8601f73650c9ec814383861c07c01f03c	bcd0c82acc14401c2c7f8eea907993d8601f73650c9ec814383861c07c01f03c	geNomad	gec7886586a21f2182b24_ccb71f708f98485e87a87a6ef|provirus_3617779_3667373	Provirus	3617779-3667373	0.9146	NA	63	2	12.8525	11	Viruses;Duplodnaviria;Heunggongvirae;Uroviricota;Caudoviricetes;;	geNomad_predicted_score_reported	caller_predicted_provirus_locus	caller_only_not_independently_validated	not_assessed	49595	No	NA	49	4	8	High-quality	High-quality	100.0	AAI-based (medium-confidence)	0.0	1.0		100.0	AAI-based (medium-confidence)	0.0	completed
ph_g46503cab4e10f429158f_2c2a5339721abef6e127c25668556c93	GCF_016889925.1	GCF_016889925.1	g46503cab4e10f429158f	g46503cab4e10f429158f_c9333d7bb2eb0808d89a2b32e	NZ_CP069563.1	provirus_locus	511130	556016	+	+	44886	5150703	false	false	genomad_raw_v1		bb8184b9289750776876fd1c126ff49b9dba8b9d459ea8f6eabfd063d3c6e7bd	bb8184b9289750776876fd1c126ff49b9dba8b9d459ea8f6eabfd063d3c6e7bd	geNomad	g46503cab4e10f429158f_c9333d7bb2eb0808d89a2b32e|provirus_511131_556016	Provirus	511131-556016	0.9431	NA	58	3	58.9610	11	Viruses;Duplodnaviria;Heunggongvirae;Uroviricota;Caudoviricetes;;	geNomad_predicted_score_reported	caller_predicted_provirus_locus	caller_only_not_independently_validated	not_assessed	44886	Yes	38157	58	6	4	Medium-quality	Genome-fragment	61.59	AAI-based (high-confidence)	14.99	1.0		61.59	AAI-based (high-confidence)	14.99	completed
ph_g46503cab4e10f429158f_a33389b0c4c563f04112843bc41bbc1f	GCF_016889925.1	GCF_016889925.1	g46503cab4e10f429158f	g46503cab4e10f429158f_c9333d7bb2eb0808d89a2b32e	NZ_CP069563.1	provirus_locus	629136	680572	+	+	51436	5150703	false	false	genomad_raw_v1		37bcb3877d5e22921992a859c814a9ae23639598cc4e7ae10104162a3d4ce78b	37bcb3877d5e22921992a859c814a9ae23639598cc4e7ae10104162a3d4ce78b	geNomad	g46503cab4e10f429158f_c9333d7bb2eb0808d89a2b32e|provirus_629137_680572	Provirus	629137-680572	0.9488	NA	63	6	50.7313	11	Viruses;Duplodnaviria;Heunggongvirae;Uroviricota;Caudoviricetes;;	geNomad_predicted_score_reported	caller_predicted_provirus_locus	caller_only_not_independently_validated	not_assessed	51436	Yes	47661	63	5	4	Medium-quality	Genome-fragment	66.04	AAI-based (high-confidence)	7.34	1.01		66.04	AAI-based (high-confidence)	7.34	completed
ph_g46503cab4e10f429158f_af0bb0e7df14d9db4e9bfe67ff6fe0e0	GCF_016889925.1	GCF_016889925.1	g46503cab4e10f429158f	g46503cab4e10f429158f_c9333d7bb2eb0808d89a2b32e	NZ_CP069563.1	provirus_locus	918068	1059088	+	+	141020	5150703	false	false	genomad_raw_v1		5e7386aa1ba7b0e78b3c995fc7e15a8d581bec77ea471861c64d7cb9bdec1db4	5e7386aa1ba7b0e78b3c995fc7e15a8d581bec77ea471861c64d7cb9bdec1db4	geNomad	g46503cab4e10f429158f_c9333d7bb2eb0808d89a2b32e|provirus_918069_1059088	Provirus	918069-1059088	0.9639	NA	185	10	148.7930	11	Viruses;Duplodnaviria;Heunggongvirae;Uroviricota;Caudoviricetes;;	geNomad_predicted_score_reported	caller_predicted_provirus_locus	caller_only_not_independently_validated	not_assessed	141020	No	NA	182	13	8	High-quality	High-quality	100.0	AAI-based (medium-confidence)	0.0	1.01		100.0	AAI-based (medium-confidence)	0.0	completed
ph_ge233e0e8a1f75c11ddbb_25578952fa284a4505b7920e4ca4aa5b	GCF_018292185.1	GCF_018292185.1	ge233e0e8a1f75c11ddbb	ge233e0e8a1f75c11ddbb_c29a0663914b719a20be01c29	NZ_CP072257.1	provirus_locus	2404180	2463629	+	+	59449	5224217	false	false	genomad_raw_v1		e76ef3253424b7f5650f6131fcee12e65c7ba9803c98f609f8aa6e71bb2d7082	e76ef3253424b7f5650f6131fcee12e65c7ba9803c98f609f8aa6e71bb2d7082	geNomad	ge233e0e8a1f75c11ddbb_c29a0663914b719a20be01c29|provirus_2404181_2463629	Provirus	2404181-2463629	0.9666	NA	83	10	81.3850	11	Viruses;Duplodnaviria;Heunggongvirae;Uroviricota;Caudoviricetes;;	geNomad_predicted_score_reported	caller_predicted_provirus_locus	caller_only_not_independently_validated	not_assessed	59449	No	NA	83	14	2	High-quality	High-quality	95.83	AAI-based (high-confidence)	0.0	1.0		95.83	AAI-based (high-confidence)	0.0	completed
ph_ge233e0e8a1f75c11ddbb_90d297e11de8282150bdaad63234af42	GCF_018292185.1	GCF_018292185.1	ge233e0e8a1f75c11ddbb	ge233e0e8a1f75c11ddbb_c29a0663914b719a20be01c29	NZ_CP072257.1	provirus_locus	4833877	4849647	+	+	15770	5224217	false	false	genomad_raw_v1		2da4f6464bf96910e3df73c5c7821792fe975cecb285858f0cb7b980a90103fc	2da4f6464bf96910e3df73c5c7821792fe975cecb285858f0cb7b980a90103fc	geNomad	ge233e0e8a1f75c11ddbb_c29a0663914b719a20be01c29|provirus_4833878_4849647	Provirus	4833878-4849647	0.9136	NA	22	1	16.4960	11	Viruses;Duplodnaviria;Heunggongvirae;Uroviricota;Caudoviricetes;;	geNomad_predicted_score_reported	caller_predicted_provirus_locus	caller_only_not_independently_validated	not_assessed	15770	No	NA	22	1	1	Low-quality	Genome-fragment	8.55	HMM-based (lower-bound)	0.0	1.0		8.55	HMM-based (lower-bound)	0.0	completed
ph_ge233e0e8a1f75c11ddbb_b4ac47af391259eec8994ecc61faa3a6	GCF_018292185.1	GCF_018292185.1	ge233e0e8a1f75c11ddbb	ge233e0e8a1f75c11ddbb_c29a0663914b719a20be01c29	NZ_CP072257.1	provirus_locus	2685825	2702223	+	+	16398	5224217	false	false	genomad_raw_v1		78105bbb2589ca6e613c4698e9cb52786e5e03545947d29c4d9d68120f9c3bc5	78105bbb2589ca6e613c4698e9cb52786e5e03545947d29c4d9d68120f9c3bc5	geNomad	ge233e0e8a1f75c11ddbb_c29a0663914b719a20be01c29|provirus_2685826_2702223	Provirus	2685826-2702223	0.8690	NA	23	1	15.4406	11	Viruses;Duplodnaviria;Heunggongvirae;Uroviricota;Caudoviricetes;;	geNomad_predicted_score_reported	caller_predicted_provirus_locus	caller_only_not_independently_validated	not_assessed	16398	No	NA	23	3	1	Low-quality	Genome-fragment	9.96	HMM-based (lower-bound)	0.0	1.0		9.96	HMM-based (lower-bound)	0.0	completed
ph_ge233e0e8a1f75c11ddbb_f3c3ca8b6f8e2d4e11b08f606a2193ad	GCF_018292185.1	GCF_018292185.1	ge233e0e8a1f75c11ddbb	ge233e0e8a1f75c11ddbb_c29a0663914b719a20be01c29	NZ_CP072257.1	provirus_locus	2770753	2791064	+	+	20311	5224217	false	false	genomad_raw_v1		ed1b54656d1ddb8fce6e6add91d89f19f80db48e7b31fc3e65702096cbfed091	ed1b54656d1ddb8fce6e6add91d89f19f80db48e7b31fc3e65702096cbfed091	geNomad	ge233e0e8a1f75c11ddbb_c29a0663914b719a20be01c29|provirus_2770754_2791064	Provirus	2770754-2791064	0.7005	NA	24	1	5.6104	11	Viruses;Duplodnaviria;Heunggongvirae;Uroviricota;Caudoviricetes;;	geNomad_predicted_score_reported	caller_predicted_provirus_locus	caller_only_not_independently_validated	not_assessed	20311	No	NA	24	0	5	Not-determined	Genome-fragment	NA	NA	0.0	1.0	no viral genes detected	unknown	unknown	0.0	completed
ph_g58f23f5a54fa314b5e7f_2c3f55b24875c30597528998ba98dcf1	GCF_019552105.1	GCF_019552105.1	g58f23f5a54fa314b5e7f	g58f23f5a54fa314b5e7f_c6b035ab7b41ef03654068884	NZ_CP071098.1	provirus_locus	2218432	2268558	+	+	50126	2268559	false	false	genomad_raw_v1		8e54de8b96c7371b795ae70ed797072c9e125c8586708df035fd99efd7aa62ce	8e54de8b96c7371b795ae70ed797072c9e125c8586708df035fd99efd7aa62ce	geNomad	g58f23f5a54fa314b5e7f_c6b035ab7b41ef03654068884|provirus_2218433_2268558	Provirus	2218433-2268558	0.9199	NA	63	10	37.4472	11	Viruses;Duplodnaviria;Heunggongvirae;Uroviricota;Caudoviricetes;;	geNomad_predicted_score_reported	caller_predicted_provirus_locus	caller_only_not_independently_validated	not_assessed	50126	Yes	45827	63	20	5	Medium-quality	Genome-fragment	70.57	HMM-based (lower-bound)	8.58	1.01		70.57	HMM-based (lower-bound)	8.58	completed
ph_g1359416686f75b952704_12014ed01142a594b2383a9e8cd378e1	GCF_019552125.1	GCF_019552125.1	g1359416686f75b952704	g1359416686f75b952704_c9211d5187aa6d932b33506e5	NZ_CP071099.1	provirus_locus	1522976	1578665	+	+	55689	2490990	false	false	genomad_raw_v1		58debe02e033cf9d3cba9c525b138669467562eabb3ad983c473cecf11986af8	58debe02e033cf9d3cba9c525b138669467562eabb3ad983c473cecf11986af8	geNomad	g1359416686f75b952704_c9211d5187aa6d932b33506e5|provirus_1522977_1578665	Provirus	1522977-1578665	0.9587	NA	75	16	66.5920	11	Viruses;Duplodnaviria;Heunggongvirae;Uroviricota;Caudoviricetes;;	geNomad_predicted_score_reported	caller_predicted_provirus_locus	caller_only_not_independently_validated	not_assessed	55689	Yes	48954	75	22	2	High-quality	High-quality	100.0	AAI-based (high-confidence)	12.09	1.0		100.0	AAI-based (high-confidence)	12.09	completed
ph_g1359416686f75b952704_3d5b7e7ffaa195d58d191436ca631830	GCF_019552125.1	GCF_019552125.1	g1359416686f75b952704	g1359416686f75b952704_c9211d5187aa6d932b33506e5	NZ_CP071099.1	provirus_locus	1163324	1203869	+	+	40545	2490990	false	false	genomad_raw_v1		7d76cf12bf99a087fffb08fcad6352c85d1f229e37b7a1c535e8e9cdb7935b46	7d76cf12bf99a087fffb08fcad6352c85d1f229e37b7a1c535e8e9cdb7935b46	geNomad	g1359416686f75b952704_c9211d5187aa6d932b33506e5|provirus_1163325_1203869	Provirus	1163325-1203869	0.9483	NA	66	16	68.9561	11	Viruses;Duplodnaviria;Heunggongvirae;Uroviricota;Caudoviricetes;;	geNomad_predicted_score_reported	caller_predicted_provirus_locus	caller_only_not_independently_validated	not_assessed	40545	No	NA	66	18	1	High-quality	High-quality	100.0	AAI-based (high-confidence)	0.0	1.0		100.0	AAI-based (high-confidence)	0.0	completed
ph_gd771cd5c2214568de8d6_54bc1141f0503ff1ebdb6e8694f71da2	GCF_019733435.1	GCF_019733435.1	gd771cd5c2214568de8d6	gd771cd5c2214568de8d6_c228e6a326286797a07001dab	NZ_JABFHU010000011.1	provirus_locus	118503	153577	+	+	35074	153579	false	false	genomad_raw_v1		101a69a8fb0843838486e1071ef01d17178ad0d7a832b3b7c68d1efb02e79515	101a69a8fb0843838486e1071ef01d17178ad0d7a832b3b7c68d1efb02e79515	geNomad	gd771cd5c2214568de8d6_c228e6a326286797a07001dab|provirus_118504_153577	Provirus	118504-153577	0.9744	NA	47	12	43.9293	11	Viruses;Duplodnaviria;Heunggongvirae;Uroviricota;Caudoviricetes;;	geNomad_predicted_score_reported	caller_predicted_provirus_locus	caller_only_not_independently_validated	not_assessed	35074	No	NA	47	13	2	Medium-quality	Genome-fragment	86.69	AAI-based (high-confidence)	0.0	1.0		86.69	AAI-based (high-confidence)	0.0	completed
ph_gd771cd5c2214568de8d6_93d07edb1b2b37e171430fd8a5cfde24	GCF_019733435.1	GCF_019733435.1	gd771cd5c2214568de8d6	gd771cd5c2214568de8d6_cff06a3d8c6268767d7dc2e8c	NZ_JABFHU010000002.1	provirus_locus	177708	219577	+	+	41869	677369	false	false	genomad_raw_v1		f0d5d4ac529ba94a6d32fc9dd74c9255fa9f1cc8386c454913fc52e39cb4147c	f0d5d4ac529ba94a6d32fc9dd74c9255fa9f1cc8386c454913fc52e39cb4147c	geNomad	gd771cd5c2214568de8d6_cff06a3d8c6268767d7dc2e8c|provirus_177709_219577	Provirus	177709-219577	0.8899	NA	52	3	51.2437	11	Viruses;Duplodnaviria;Heunggongvirae;Uroviricota;Caudoviricetes;;	geNomad_predicted_score_reported	caller_predicted_provirus_locus	caller_only_not_independently_validated	not_assessed	41869	Yes	34343	52	3	5	Medium-quality	Genome-fragment	57.39	AAI-based (medium-confidence)	17.98	1.0		57.39	AAI-based (medium-confidence)	17.98	completed
ph_gb3d775da4538947fd7ed_a102a51cdc15169aa890376c597c380a	GCF_019915805.1	GCF_019915805.1	gb3d775da4538947fd7ed	gb3d775da4538947fd7ed_c8118985750116226bc010799	NZ_MU255077.1	provirus_locus	2156422	2230040	+	+	73618	3936861	false	false	genomad_raw_v1		1605611290198936d4bf5a11875552d7ee726c31a83f5b6a0a483684620f90d5	1605611290198936d4bf5a11875552d7ee726c31a83f5b6a0a483684620f90d5	geNomad	gb3d775da4538947fd7ed_c8118985750116226bc010799|provirus_2156423_2230040	Provirus	2156423-2230040	0.9717	NA	108	7	105.5835	11	Viruses;Duplodnaviria;Heunggongvirae;Uroviricota;Caudoviricetes;;	geNomad_predicted_score_reported	caller_predicted_provirus_locus	caller_only_not_independently_validated	not_assessed	73618	Yes	67637	108	15	5	High-quality	High-quality	95.56	AAI-based (high-confidence)	8.12	1.0		95.56	AAI-based (high-confidence)	8.12	completed
ph_gb3d775da4538947fd7ed_ab382154d9ccb35f17241477cbb8dc36	GCF_019915805.1	GCF_019915805.1	gb3d775da4538947fd7ed	gb3d775da4538947fd7ed_c8118985750116226bc010799	NZ_MU255077.1	provirus_locus	3453722	3470838	+	+	17116	3936861	false	false	genomad_raw_v1		729823ee1d9bb5cf21d5b272f58460ce9bb4e50a81bef8d3d0f3edb54bdc6e4b	729823ee1d9bb5cf21d5b272f58460ce9bb4e50a81bef8d3d0f3edb54bdc6e4b	geNomad	gb3d775da4538947fd7ed_c8118985750116226bc010799|provirus_3453723_3470838	Provirus	3453723-3470838	0.7489	NA	22	0	5.9352	11	Viruses;Duplodnaviria;Heunggongvirae;Uroviricota;Caudoviricetes;;	geNomad_predicted_score_reported	caller_predicted_provirus_locus	caller_only_not_independently_validated	not_assessed	17116	No	NA	23	0	0	Not-determined	Genome-fragment	NA	NA	0.0	1.0	no viral genes detected	unknown	unknown	0.0	completed
ph_gb3d775da4538947fd7ed_ff11a393a0c1afaab534b6c9fddff6e9	GCF_019915805.1	GCF_019915805.1	gb3d775da4538947fd7ed	gb3d775da4538947fd7ed_c8118985750116226bc010799	NZ_MU255077.1	provirus_locus	1907712	1958820	+	+	51108	3936861	false	false	genomad_raw_v1		5cc6de11f01f3f014ed9f1ec5dcf687739cfef3b6d6298e262df5d0f8567934b	5cc6de11f01f3f014ed9f1ec5dcf687739cfef3b6d6298e262df5d0f8567934b	geNomad	gb3d775da4538947fd7ed_c8118985750116226bc010799|provirus_1907713_1958820	Provirus	1907713-1958820	0.9522	NA	61	6	50.5090	11	Viruses;Duplodnaviria;Heunggongvirae;Uroviricota;Caudoviricetes;;	geNomad_predicted_score_reported	caller_predicted_provirus_locus	caller_only_not_independently_validated	not_assessed	51108	Yes	47333	61	5	3	Medium-quality	Genome-fragment	65.56	AAI-based (high-confidence)	7.39	1.0		65.56	AAI-based (high-confidence)	7.39	completed
ph_g1982e6aeb7b2a4eef78f_c869d10326feba7910529ebc6751578d	GCF_019915815.1	GCF_019915815.1	g1982e6aeb7b2a4eef78f	g1982e6aeb7b2a4eef78f_cf622404068f2c2bcf16cece4	NZ_MU255076.1	provirus_locus	1500910	1556629	+	+	55719	4897715	false	false	genomad_raw_v1		994da327e795ccacacda7e1f35f56a02c28b2fbcc9c4246d640e2c2222928acb	994da327e795ccacacda7e1f35f56a02c28b2fbcc9c4246d640e2c2222928acb	geNomad	g1982e6aeb7b2a4eef78f_cf622404068f2c2bcf16cece4|provirus_1500911_1556629	Provirus	1500911-1556629	0.9693	NA	79	11	78.2346	11	Viruses;Duplodnaviria;Heunggongvirae;Uroviricota;Caudoviricetes;;	geNomad_predicted_score_reported	caller_predicted_provirus_locus	caller_only_not_independently_validated	not_assessed	55719	No	NA	79	14	4	High-quality	High-quality	90.23	AAI-based (high-confidence)	0.0	1.0		90.23	AAI-based (high-confidence)	0.0	completed
ph_g3a08b399717283722272_3b0e920086fd02de955dde4a931d4520	GCF_019915865.1	GCF_019915865.1	g3a08b399717283722272	g3a08b399717283722272_cddbd1021b51c6e78f0ee78e4	NZ_MU255084.1	provirus_locus	238908	276604	+	+	37696	1098942	false	false	genomad_raw_v1		458d8d7d9483de70fa205b20dbc18c62f101413ce496123705d0ccbcd371ae0f	458d8d7d9483de70fa205b20dbc18c62f101413ce496123705d0ccbcd371ae0f	geNomad	g3a08b399717283722272_cddbd1021b51c6e78f0ee78e4|provirus_238909_276604	Provirus	238909-276604	0.9778	NA	52	12	39.2775	11	Viruses;Duplodnaviria;Heunggongvirae;Uroviricota;Caudoviricetes;;	geNomad_predicted_score_reported	caller_predicted_provirus_locus	caller_only_not_independently_validated	not_assessed	37696	No	NA	52	15	1	High-quality	High-quality	93.08	AAI-based (high-confidence)	0.0	1.0		93.08	AAI-based (high-confidence)	0.0	completed
ph_g3a08b399717283722272_76100b799f03dfc58543dd915454a3f4	GCF_019915865.1	GCF_019915865.1	g3a08b399717283722272	g3a08b399717283722272_cddbd1021b51c6e78f0ee78e4	NZ_MU255084.1	provirus_locus	789082	806459	+	+	17377	1098942	false	false	genomad_raw_v1		6e544dbfbe25260b56405686ae33a7a956e6a50a40460ff58c9e30c9bb32d8f7	6e544dbfbe25260b56405686ae33a7a956e6a50a40460ff58c9e30c9bb32d8f7	geNomad	g3a08b399717283722272_cddbd1021b51c6e78f0ee78e4|provirus_789083_806459	Provirus	789083-806459	0.7195	NA	26	0	6.5956	11	Viruses;Duplodnaviria;Heunggongvirae;Uroviricota;Caudoviricetes;;	geNomad_predicted_score_reported	caller_predicted_provirus_locus	caller_only_not_independently_validated	not_assessed	17377	No	NA	26	0	2	Not-determined	Genome-fragment	NA	NA	0.0	1.0	no viral genes detected	unknown	unknown	0.0	completed
ph_g3a08b399717283722272_d2583d740323d2da5f17893f62ac4df9	GCF_019915865.1	GCF_019915865.1	g3a08b399717283722272	g3a08b399717283722272_c9622d6a3faeaae33a89fb3e8	NZ_MU255083.1	provirus_locus	2001970	2016356	+	+	14386	4152746	false	false	genomad_raw_v1		3b3b32758401cc98a9b18e3eaf6ecfcd74410fcb2c9b40b2faf0df2e538b1d5a	3b3b32758401cc98a9b18e3eaf6ecfcd74410fcb2c9b40b2faf0df2e538b1d5a	geNomad	g3a08b399717283722272_c9622d6a3faeaae33a89fb3e8|provirus_2001971_2016356	Provirus	2001971-2016356	0.7215	NA	15	2	5.3976	11	Viruses;Duplodnaviria;Heunggongvirae;Uroviricota;Caudoviricetes;;	geNomad_predicted_score_reported	caller_predicted_provirus_locus	caller_only_not_independently_validated	not_assessed	14386	No	NA	15	0	3	Not-determined	Genome-fragment	NA	NA	0.0	1.0	no viral genes detected	unknown	unknown	0.0	completed
ph_gca2817db69b312f3d84d_63eaa989ff0dfb60a4ad700b28b6df6f	GCF_020256545.1	GCF_020256545.1	gca2817db69b312f3d84d	gca2817db69b312f3d84d_c4acd587a7488fc08b1ff8fa2	NZ_JAIWXH010000005.1	provirus_locus	955414	997190	+	+	41776	1432774	false	false	genomad_raw_v1		f3763124c563e44b0c87e2d84e6038082fe4b6f4ec84dc1c4c85bfb76ab30488	f3763124c563e44b0c87e2d84e6038082fe4b6f4ec84dc1c4c85bfb76ab30488	geNomad	gca2817db69b312f3d84d_c4acd587a7488fc08b1ff8fa2|provirus_955415_997190	Provirus	955415-997190	0.8854	NA	54	4	55.2879	11	Viruses;Duplodnaviria;Heunggongvirae;Uroviricota;Caudoviricetes;;	geNomad_predicted_score_reported	caller_predicted_provirus_locus	caller_only_not_independently_validated	not_assessed	41776	Yes	34954	54	3	4	Medium-quality	Genome-fragment	58.39	AAI-based (medium-confidence)	16.33	1.0		58.39	AAI-based (medium-confidence)	16.33	completed
ph_gca2817db69b312f3d84d_729325f498f10244e2cd8a1ead4e5174	GCF_020256545.1	GCF_020256545.1	gca2817db69b312f3d84d	gca2817db69b312f3d84d_cc624ddc5b3b4a369b73c4a90	NZ_JAIWXH010000004.1	provirus_locus	372532	407777	+	+	35245	567290	false	false	genomad_raw_v1		c8e40d8510cb76f804db8d01bf9ae9120b159832a1699f8a0bc877714b303ca1	c8e40d8510cb76f804db8d01bf9ae9120b159832a1699f8a0bc877714b303ca1	geNomad	gca2817db69b312f3d84d_cc624ddc5b3b4a369b73c4a90|provirus_372533_407777	Provirus	372533-407777	0.9735	NA	45	12	39.4943	11	Viruses;Duplodnaviria;Heunggongvirae;Uroviricota;Caudoviricetes;;	geNomad_predicted_score_reported	caller_predicted_provirus_locus	caller_only_not_independently_validated	not_assessed	35245	No	NA	45	13	1	Medium-quality	Genome-fragment	87.03	AAI-based (high-confidence)	0.0	1.0		87.03	AAI-based (high-confidence)	0.0	completed
ph_gca2817db69b312f3d84d_f64ddbecf8a690316681c1df7943d40f	GCF_020256545.1	GCF_020256545.1	gca2817db69b312f3d84d	gca2817db69b312f3d84d_cc1dfb92fdf8dac3f4628a770	NZ_JAIWXH010000007.1	provirus_locus	215	22494	+	+	22279	666667	false	false	genomad_raw_v1		deef007fb294419b16acc60b97307adf5df1a2a0f62da00535fa60d6d33da10d	deef007fb294419b16acc60b97307adf5df1a2a0f62da00535fa60d6d33da10d	geNomad	gca2817db69b312f3d84d_cc1dfb92fdf8dac3f4628a770|provirus_216_22494	Provirus	216-22494	0.8513	NA	28	1	10.8948	11	Viruses;Duplodnaviria;Heunggongvirae;Uroviricota;Caudoviricetes;;	geNomad_predicted_score_reported	caller_predicted_provirus_locus	caller_only_not_independently_validated	not_assessed	22279	No	NA	27	1	0	Low-quality	Genome-fragment	12.08	HMM-based (lower-bound)	0.0	1.0		12.08	HMM-based (lower-bound)	0.0	completed
ph_gf8237a497f0233db7154_5f332c156c19cc9176eef9236376f44c	GCF_021359585.1	GCF_021359585.1	gf8237a497f0233db7154	gf8237a497f0233db7154_c901c3a4b8f34c744ac6aa229	NZ_CP080296.1	provirus_locus	81608	115216	+	+	33608	4932104	false	false	genomad_raw_v1		95367d4ea4c8fbd942d34dbfbad90d1b302b64da7a3e58b489bf1cdf4ff90137	95367d4ea4c8fbd942d34dbfbad90d1b302b64da7a3e58b489bf1cdf4ff90137	geNomad	gf8237a497f0233db7154_c901c3a4b8f34c744ac6aa229|provirus_81609_115216	Provirus	81609-115216	0.8480	NA	33	2	11.3777	11	Viruses;Duplodnaviria;Heunggongvirae;Uroviricota;Caudoviricetes;;	geNomad_predicted_score_reported	caller_predicted_provirus_locus	caller_only_not_independently_validated	not_assessed	33608	No	NA	33	0	14	Not-determined	Genome-fragment	NA	NA	0.0	1.0	no viral genes detected	unknown	unknown	0.0	completed
ph_gf8237a497f0233db7154_d51a486f37cc9d29ac3a8e665d84d85b	GCF_021359585.1	GCF_021359585.1	gf8237a497f0233db7154	gf8237a497f0233db7154_c901c3a4b8f34c744ac6aa229	NZ_CP080296.1	provirus_locus	2287610	2334044	+	+	46434	4932104	false	false	genomad_raw_v1		a992a14226ba19ddd08befd4b6830f5cbd9b8150be4a017001645f43cd617bf2	a992a14226ba19ddd08befd4b6830f5cbd9b8150be4a017001645f43cd617bf2	geNomad	gf8237a497f0233db7154_c901c3a4b8f34c744ac6aa229|provirus_2287611_2334044	Provirus	2287611-2334044	0.9692	NA	55	6	54.5156	11	Viruses;Duplodnaviria;Heunggongvirae;Uroviricota;Caudoviricetes;;	geNomad_predicted_score_reported	caller_predicted_provirus_locus	caller_only_not_independently_validated	not_assessed	46434	No	NA	55	6	1	High-quality	High-quality	99.67	AAI-based (medium-confidence)	0.0	1.0		99.67	AAI-based (medium-confidence)	0.0	completed
ph_g029093293eb37d0e1007_05e5f932f90ed6f7d1a8066e1da5b407	GCF_023383545.1	GCF_023383545.1	g029093293eb37d0e1007	g029093293eb37d0e1007_cb579f5dcbdfe0d78b20dfeb8	NZ_AXZQ01000048.1	provirus_locus	1854	15475	+	+	13621	15890	false	false	genomad_raw_v1		b74d53bb62d8f0961b33ad24bc0e2dd7178b18bb92a54bf447fb0ffa2d49c77e	b74d53bb62d8f0961b33ad24bc0e2dd7178b18bb92a54bf447fb0ffa2d49c77e	geNomad	g029093293eb37d0e1007_cb579f5dcbdfe0d78b20dfeb8|provirus_1855_15475	Provirus	1855-15475	0.9493	NA	29	0	23.8401	11	Viruses;Duplodnaviria;Heunggongvirae;Uroviricota;Caudoviricetes;;	geNomad_predicted_score_reported	caller_predicted_provirus_locus	caller_only_not_independently_validated	not_assessed	13621	No	NA	29	2	1	Low-quality	Genome-fragment	31.84	AAI-based (high-confidence)	0.0	1.0		31.84	AAI-based (high-confidence)	0.0	completed
ph_g029093293eb37d0e1007_0ec57b2b2aeff1050166e88af3ee5570	GCF_023383545.1	GCF_023383545.1	g029093293eb37d0e1007	g029093293eb37d0e1007_ca5705c474bb516d92d91abcb	NZ_AXZQ01000044.1	full_contig_virus	0	11275	+	+	11275	11275	true	true	genomad_raw_v1		0d231020f7df54d250afa0ea2b156a542a74d8bba1603926ee20a4085c44ef1f	0d231020f7df54d250afa0ea2b156a542a74d8bba1603926ee20a4085c44ef1f	geNomad	g029093293eb37d0e1007_ca5705c474bb516d92d91abcb	No terminal repeats	NA	0.7115	NA	13	0	3.0907	11	Viruses;Duplodnaviria;Heunggongvirae;Uroviricota;Caudoviricetes;;	geNomad_predicted_score_reported	unknown	full_contig_extent_integration_unknown	not_assessed	11275	No	NA	13	0	4	Not-determined	Genome-fragment	NA	NA	0.0	1.0	no viral genes detected	unknown	unknown	0.0	completed
ph_g029093293eb37d0e1007_2191f2d4d2d82a9df6c1b93e1207350a	GCF_023383545.1	GCF_023383545.1	g029093293eb37d0e1007	g029093293eb37d0e1007_c8a3049a890a7c92ae2298aad	NZ_AXZQ01000229.1	full_contig_virus	0	3556	+	+	3556	3556	true	true	genomad_raw_v1		51b877b7df808888cf9864afed003b4fe4d8fe1b65b4fa02a61533f747f71fc0	51b877b7df808888cf9864afed003b4fe4d8fe1b65b4fa02a61533f747f71fc0	geNomad	g029093293eb37d0e1007_c8a3049a890a7c92ae2298aad	No terminal repeats	NA	0.7016	NA	6	0	1.7183	11	Unclassified	geNomad_predicted_score_reported	unknown	full_contig_extent_integration_unknown	not_assessed	3556	No	NA	6	0	0	Not-determined	Genome-fragment	NA	NA	0.0	1.0	no viral genes detected	unknown	unknown	0.0	completed
ph_g029093293eb37d0e1007_2431914d911f66cd54f2137d2ce1cf05	GCF_023383545.1	GCF_023383545.1	g029093293eb37d0e1007	g029093293eb37d0e1007_c62cf0b7698864ad444135bfb	NZ_AXZQ01000145.1	full_contig_virus	0	8484	+	+	8484	8484	true	true	genomad_raw_v1		b49c2588034f90672718dd09a09d33d887cfd7251a77408374e6e255eb6101f5	b49c2588034f90672718dd09a09d33d887cfd7251a77408374e6e255eb6101f5	geNomad	g029093293eb37d0e1007_c62cf0b7698864ad444135bfb	No terminal repeats	NA	0.9688	NA	15	4	16.5760	11	Viruses;Duplodnaviria;Heunggongvirae;Uroviricota;Caudoviricetes;;	geNomad_predicted_score_reported	unknown	full_contig_extent_integration_unknown	not_assessed	8484	No	NA	15	4	0	Low-quality	Genome-fragment	21.77	AAI-based (medium-confidence)	0.0	1.0		21.77	AAI-based (medium-confidence)	0.0	completed
ph_g029093293eb37d0e1007_4573102e512b3d3bc534ba6407fbcf3b	GCF_023383545.1	GCF_023383545.1	g029093293eb37d0e1007	g029093293eb37d0e1007_cc99e113cddf9fa746fa21651	NZ_AXZQ01000203.1	provirus_locus	47	28212	+	+	28165	36073	false	false	genomad_raw_v1		94eff31904efed03b6b66aa48ef37a34e33b4226bee5af74ff2b6630215dbc0d	94eff31904efed03b6b66aa48ef37a34e33b4226bee5af74ff2b6630215dbc0d	geNomad	g029093293eb37d0e1007_cc99e113cddf9fa746fa21651|provirus_48_28212	Provirus	48-28212	0.9698	NA	49	6	44.9965	11	Viruses;Duplodnaviria;Heunggongvirae;Uroviricota;Caudoviricetes;;	geNomad_predicted_score_reported	caller_predicted_provirus_locus	caller_only_not_independently_validated	not_assessed	28165	No	NA	49	15	0	Medium-quality	Genome-fragment	82.35	AAI-based (high-confidence)	0.0	1.0		82.35	AAI-based (high-confidence)	0.0	completed
ph_g029093293eb37d0e1007_5086b08a9c766cf01776be09ed25ffea	GCF_023383545.1	GCF_023383545.1	g029093293eb37d0e1007	g029093293eb37d0e1007_c7641bf91e883c8564036c9e2	NZ_AXZQ01000228.1	full_contig_virus	0	3500	+	+	3500	3500	true	true	genomad_raw_v1		67b9bd19d2a0fd37c19afd67f24f7e2108780f9618095bbba5ffe977561897a1	67b9bd19d2a0fd37c19afd67f24f7e2108780f9618095bbba5ffe977561897a1	geNomad	g029093293eb37d0e1007_c7641bf91e883c8564036c9e2	No terminal repeats	NA	0.9065	NA	5	0	3.4366	11	Unclassified	geNomad_predicted_score_reported	unknown	full_contig_extent_integration_unknown	not_assessed	3500	No	NA	5	0	1	Not-determined	Genome-fragment	NA	NA	0.0	1.02	no viral genes detected	unknown	unknown	0.0	completed
ph_g029093293eb37d0e1007_f4beda4d7fbbdc54f58e4468c198fb9d	GCF_023383545.1	GCF_023383545.1	g029093293eb37d0e1007	g029093293eb37d0e1007_cfcbca72900cbd498b338d05a	NZ_AXZQ01000019.1	full_contig_virus	0	33039	+	+	33039	33039	true	true	genomad_raw_v1		7f844bdde444c05db1791b225882f5adb32eb16d0fbda820c3b725a5a87ee070	7f844bdde444c05db1791b225882f5adb32eb16d0fbda820c3b725a5a87ee070	geNomad	g029093293eb37d0e1007_cfcbca72900cbd498b338d05a	No terminal repeats	NA	0.9653	NA	47	12	48.7407	11	Viruses;Duplodnaviria;Heunggongvirae;Uroviricota;Caudoviricetes;;	geNomad_predicted_score_reported	unknown	full_contig_extent_integration_unknown	not_assessed	33039	No	NA	47	16	0	Medium-quality	Genome-fragment	69.87	AAI-based (high-confidence)	0.0	1.0		69.87	AAI-based (high-confidence)	0.0	completed
ph_gc75b1632735bb3d9bc66_3df27f145001f4c3e216bc88be828d30	GCF_023383575.1	GCF_023383575.1	gc75b1632735bb3d9bc66	gc75b1632735bb3d9bc66_c8d3db6d1a632baded77b8daf	NZ_AYHD01000022.1	full_contig_virus	0	6200	+	+	6200	6200	true	true	genomad_raw_v1		030d0f00c454418c70761d548410bc4a739d455e3faf2d31768768fa15cd827e	030d0f00c454418c70761d548410bc4a739d455e3faf2d31768768fa15cd827e	geNomad	gc75b1632735bb3d9bc66_c8d3db6d1a632baded77b8daf	No terminal repeats	NA	0.7118	NA	1	0	0.0000	11	Unclassified	geNomad_predicted_score_reported	unknown	full_contig_extent_integration_unknown	not_assessed	6200	No	NA	1	0	0	Not-determined	Genome-fragment	NA	NA	0.0	1.0	no viral genes detected	unknown	unknown	0.0	completed
ph_gc75b1632735bb3d9bc66_74d5d23ffbb8a347312fdcb1d3a2fd89	GCF_023383575.1	GCF_023383575.1	gc75b1632735bb3d9bc66	gc75b1632735bb3d9bc66_cfa1c7d12f228995ca9fff819	NZ_AYHD01000111.1	provirus_locus	491	42384	+	+	41893	60449	false	false	genomad_raw_v1		bdaf16dc79135e8e6e23b15f30aa245ba343bef011be5737219f5bdd3f60d770	bdaf16dc79135e8e6e23b15f30aa245ba343bef011be5737219f5bdd3f60d770	geNomad	gc75b1632735bb3d9bc66_cfa1c7d12f228995ca9fff819|provirus_492_42384	Provirus	492-42384	0.9464	NA	68	15	69.0295	11	Viruses;Duplodnaviria;Heunggongvirae;Uroviricota;Caudoviricetes;;	geNomad_predicted_score_reported	caller_predicted_provirus_locus	caller_only_not_independently_validated	not_assessed	41893	No	NA	68	18	1	High-quality	High-quality	100.0	AAI-based (high-confidence)	0.0	1.0		100.0	AAI-based (high-confidence)	0.0	completed
ph_gc75b1632735bb3d9bc66_ef9ca65c82a5331499aa3a316524baa7	GCF_023383575.1	GCF_023383575.1	gc75b1632735bb3d9bc66	gc75b1632735bb3d9bc66_c0fa6ce4ddd0fa2384c66ca69	NZ_AYHD01000006.1	full_contig_virus	0	32103	+	+	32103	32103	true	true	genomad_raw_v1		083c42630c1db1720fc15238c71c5ebf7f72ed2c0c506a1b79831952ed65b1c7	083c42630c1db1720fc15238c71c5ebf7f72ed2c0c506a1b79831952ed65b1c7	geNomad	gc75b1632735bb3d9bc66_c0fa6ce4ddd0fa2384c66ca69	No terminal repeats	NA	0.9816	NA	45	17	56.2795	11	Viruses;Duplodnaviria;Heunggongvirae;Uroviricota;Caudoviricetes;;	geNomad_predicted_score_reported	unknown	full_contig_extent_integration_unknown	not_assessed	32103	No	NA	45	21	0	Medium-quality	Genome-fragment	88.57	AAI-based (high-confidence)	0.0	1.0		88.57	AAI-based (high-confidence)	0.0	completed
ph_g803d88a0cca49e27d143_0f70994489682e68878bb9853819f539	GCF_023383645.1	GCF_023383645.1	g803d88a0cca49e27d143	g803d88a0cca49e27d143_c85045d013d6834718da02628	NZ_AYHB01000021.1	full_contig_virus	0	6460	+	+	6460	6460	true	true	genomad_raw_v1		6848cc56438c25c83a289a8a1e1d40f6d01a2e2cc17ab57c490f5c477f65934e	6848cc56438c25c83a289a8a1e1d40f6d01a2e2cc17ab57c490f5c477f65934e	geNomad	g803d88a0cca49e27d143_c85045d013d6834718da02628	No terminal repeats	NA	0.7703	NA	4	0	0.0000	11	Unclassified	geNomad_predicted_score_reported	unknown	full_contig_extent_integration_unknown	not_assessed	6460	No	NA	4	0	1	Not-determined	Genome-fragment	NA	NA	0.0	1.0	no viral genes detected	unknown	unknown	0.0	completed
ph_g803d88a0cca49e27d143_40d3ca6ee9b6adaea0e3cd950ed15a82	GCF_023383645.1	GCF_023383645.1	g803d88a0cca49e27d143	g803d88a0cca49e27d143_ca7d5840ca2af353b4e7bc2ac	NZ_AYHB01000258.1	full_contig_virus	0	3806	+	+	3806	3806	true	true	genomad_raw_v1		12d35ecf3a1199011d8d4aa5cf75edcdf55f300736cd936c36573f30a2f58fa9	12d35ecf3a1199011d8d4aa5cf75edcdf55f300736cd936c36573f30a2f58fa9	geNomad	g803d88a0cca49e27d143_ca7d5840ca2af353b4e7bc2ac	No terminal repeats	NA	0.8208	NA	6	0	1.7183	11	Unclassified	geNomad_predicted_score_reported	unknown	full_contig_extent_integration_unknown	not_assessed	3806	No	NA	6	0	0	Not-determined	Genome-fragment	NA	NA	0.0	1.0	no viral genes detected	unknown	unknown	0.0	completed
ph_g803d88a0cca49e27d143_936fdd67259aff1c4d373159178af1e7	GCF_023383645.1	GCF_023383645.1	g803d88a0cca49e27d143	g803d88a0cca49e27d143_cc7cdab133bf40252ac77b618	NZ_AYHB01000041.1	full_contig_virus	0	11244	+	+	11244	11244	true	true	genomad_raw_v1		e1a95dd46c940a7aad7770f9dcafa92f4d11ef4807007d6a544fc7e59e7bd013	e1a95dd46c940a7aad7770f9dcafa92f4d11ef4807007d6a544fc7e59e7bd013	geNomad	g803d88a0cca49e27d143_cc7cdab133bf40252ac77b618	No terminal repeats	NA	0.7955	NA	14	0	3.2853	11	Viruses;Duplodnaviria;Heunggongvirae;Uroviricota;Caudoviricetes;;	geNomad_predicted_score_reported	unknown	full_contig_extent_integration_unknown	not_assessed	11244	No	NA	14	0	9	Not-determined	Genome-fragment	NA	NA	0.0	1.0	no viral genes detected	unknown	unknown	0.0	completed
ph_g803d88a0cca49e27d143_a00d2b70a3ba958a472c73ee1a87e64d	GCF_023383645.1	GCF_023383645.1	g803d88a0cca49e27d143	g803d88a0cca49e27d143_c4f46a160b28c89551534cf10	NZ_AYHB01000174.1	full_contig_virus	0	40133	+	+	40133	40133	true	true	genomad_raw_v1		a9cc78d94dd5f1056de2e2aa16a331c3ceaa91d400cbfcdf5847214a27db9368	a9cc78d94dd5f1056de2e2aa16a331c3ceaa91d400cbfcdf5847214a27db9368	geNomad	g803d88a0cca49e27d143_c4f46a160b28c89551534cf10	No terminal repeats	NA	0.9667	NA	57	10	43.2267	11	Viruses;Duplodnaviria;Heunggongvirae;Uroviricota;Caudoviricetes;;	geNomad_predicted_score_reported	unknown	full_contig_extent_integration_unknown	not_assessed	40133	No	NA	57	18	0	High-quality	High-quality	95.29	AAI-based (high-confidence)	0.0	1.0		95.29	AAI-based (high-confidence)	0.0	completed
ph_g803d88a0cca49e27d143_e721dfe4320d5ddc95a961f926714ee6	GCF_023383645.1	GCF_023383645.1	g803d88a0cca49e27d143	g803d88a0cca49e27d143_cdf4288c300d320c425749dea	NZ_AYHB01000197.1	full_contig_virus	0	5642	+	+	5642	5642	true	true	genomad_raw_v1		e8ec5219d4d4ded8d8815220fdd4ebb925a07f87a45eccc91cf55e360f12f7b6	e8ec5219d4d4ded8d8815220fdd4ebb925a07f87a45eccc91cf55e360f12f7b6	geNomad	g803d88a0cca49e27d143_cdf4288c300d320c425749dea	No terminal repeats	NA	0.8503	NA	6	0	5.1548	11	Unclassified	geNomad_predicted_score_reported	unknown	full_contig_extent_integration_unknown	not_assessed	5642	No	NA	6	0	1	Not-determined	Genome-fragment	NA	NA	0.0	1.01	no viral genes detected	unknown	unknown	0.0	completed
ph_g803d88a0cca49e27d143_e74f8966872bd026cebeba28c8717f1d	GCF_023383645.1	GCF_023383645.1	g803d88a0cca49e27d143	g803d88a0cca49e27d143_ce4be095b3e00c6ef404b50c2	NZ_AYHB01000007.1	full_contig_virus	0	11594	+	+	11594	11594	true	true	genomad_raw_v1		08320928392f7a3c01dcb491dd837a62b74ece6fc77e085e6e4c6283e32ddcab	08320928392f7a3c01dcb491dd837a62b74ece6fc77e085e6e4c6283e32ddcab	geNomad	g803d88a0cca49e27d143_ce4be095b3e00c6ef404b50c2	No terminal repeats	NA	0.9186	NA	20	1	7.8704	11	Viruses;Duplodnaviria;Heunggongvirae;Uroviricota;Caudoviricetes;;	geNomad_predicted_score_reported	unknown	full_contig_extent_integration_unknown	not_assessed	11594	No	NA	20	1	0	Low-quality	Genome-fragment	25.56	HMM-based (lower-bound)	0.0	1.0		25.56	HMM-based (lower-bound)	0.0	completed
ph_g803d88a0cca49e27d143_f45227dde178abdd911fba46177a9e48	GCF_023383645.1	GCF_023383645.1	g803d88a0cca49e27d143	g803d88a0cca49e27d143_cd8a900e0f35231f5b049e9f9	NZ_AYHB01000054.1	full_contig_virus	0	8020	+	+	8020	8020	true	true	genomad_raw_v1		a077fca5671957d0105b84be66ffd07875b7f09e722c7e3ee35aa0728cbcfc01	a077fca5671957d0105b84be66ffd07875b7f09e722c7e3ee35aa0728cbcfc01	geNomad	g803d88a0cca49e27d143_cd8a900e0f35231f5b049e9f9	No terminal repeats	NA	0.9622	NA	15	2	12.9380	11	Viruses;Duplodnaviria;Heunggongvirae;Uroviricota;Caudoviricetes;;	geNomad_predicted_score_reported	unknown	full_contig_extent_integration_unknown	not_assessed	8020	No	NA	15	4	0	Low-quality	Genome-fragment	18.82	AAI-based (high-confidence)	0.0	1.0		18.82	AAI-based (high-confidence)	0.0	completed
ph_gbbbf05d6192f7ab34812_016ca91699fe2f1c13877a4a34fbc3c9	GCF_023702735.1	GCF_023702735.1	gbbbf05d6192f7ab34812	gbbbf05d6192f7ab34812_c45c2557df3a73b17a2306e79	NZ_CP098482.1	provirus_locus	4356944	4418462	+	+	61518	5369373	false	false	genomad_raw_v1		055b15f8fb6254f6abb3e34dd35587565bb1638e0c1299e849528f8d10c904bb	055b15f8fb6254f6abb3e34dd35587565bb1638e0c1299e849528f8d10c904bb	geNomad	gbbbf05d6192f7ab34812_c45c2557df3a73b17a2306e79|provirus_4356945_4418462	Provirus	4356945-4418462	0.9580	NA	68	6	53.6478	11	Viruses;Duplodnaviria;Heunggongvirae;Uroviricota;Caudoviricetes;;	geNomad_predicted_score_reported	caller_predicted_provirus_locus	caller_only_not_independently_validated	not_assessed	61518	No	NA	68	5	3	Medium-quality	Genome-fragment	80.09	AAI-based (high-confidence)	0.0	1.0		80.09	AAI-based (high-confidence)	0.0	completed
ph_gbbbf05d6192f7ab34812_2d445407062aac3fd7161775084926b1	GCF_023702735.1	GCF_023702735.1	gbbbf05d6192f7ab34812	gbbbf05d6192f7ab34812_c45c2557df3a73b17a2306e79	NZ_CP098482.1	provirus_locus	1507219	1560864	+	+	53645	5369373	false	false	genomad_raw_v1		e22fb722521b4f59354993e887b3426973bb9762b218ece98356cf5c3642adac	e22fb722521b4f59354993e887b3426973bb9762b218ece98356cf5c3642adac	geNomad	gbbbf05d6192f7ab34812_c45c2557df3a73b17a2306e79|provirus_1507220_1560864	Provirus	1507220-1560864	0.9735	NA	77	10	80.8198	11	Viruses;Duplodnaviria;Heunggongvirae;Uroviricota;Caudoviricetes;;	geNomad_predicted_score_reported	caller_predicted_provirus_locus	caller_only_not_independently_validated	not_assessed	53645	No	NA	75	13	2	Medium-quality	Genome-fragment	86.05	AAI-based (high-confidence)	0.0	1.0		86.05	AAI-based (high-confidence)	0.0	completed
ph_gbbbf05d6192f7ab34812_2e01505f6e76b76a39df305139a05c9d	GCF_023702735.1	GCF_023702735.1	gbbbf05d6192f7ab34812	gbbbf05d6192f7ab34812_c45c2557df3a73b17a2306e79	NZ_CP098482.1	provirus_locus	5121578	5138902	+	+	17324	5369373	false	false	genomad_raw_v1		7cf85a0c1c77e218ed4c26e220a3ef792a67ad3c6c8d11cb753d7bfb83ede1d3	7cf85a0c1c77e218ed4c26e220a3ef792a67ad3c6c8d11cb753d7bfb83ede1d3	geNomad	gbbbf05d6192f7ab34812_c45c2557df3a73b17a2306e79|provirus_5121579_5138902	Provirus	5121579-5138902	0.7836	NA	20	1	6.9718	11	Viruses;Duplodnaviria;Heunggongvirae;Uroviricota;Caudoviricetes;;	geNomad_predicted_score_reported	caller_predicted_provirus_locus	caller_only_not_independently_validated	not_assessed	17324	No	NA	19	2	2	Low-quality	Genome-fragment	10.19	HMM-based (lower-bound)	0.0	1.0		10.19	HMM-based (lower-bound)	0.0	completed
ph_gbbbf05d6192f7ab34812_432340429dda982370a32278318534b7	GCF_023702735.1	GCF_023702735.1	gbbbf05d6192f7ab34812	gbbbf05d6192f7ab34812_c45c2557df3a73b17a2306e79	NZ_CP098482.1	provirus_locus	859545	900470	+	+	40925	5369373	false	false	genomad_raw_v1		1f0f73c666ffcfe6a274fd611fb236565b2fc49a4d32d67fd6b13a6a4062a058	1f0f73c666ffcfe6a274fd611fb236565b2fc49a4d32d67fd6b13a6a4062a058	geNomad	gbbbf05d6192f7ab34812_c45c2557df3a73b17a2306e79|provirus_859546_900470	Provirus	859546-900470	0.9611	NA	56	12	43.4914	11	Viruses;Duplodnaviria;Heunggongvirae;Uroviricota;Caudoviricetes;;	geNomad_predicted_score_reported	caller_predicted_provirus_locus	caller_only_not_independently_validated	not_assessed	40925	Yes	31629	56	14	3	Medium-quality	Genome-fragment	78.18	AAI-based (high-confidence)	22.71	1.0		78.18	AAI-based (high-confidence)	22.71	completed
ph_gbbbf05d6192f7ab34812_4365519307c721c922fed10f4afd960a	GCF_023702735.1	GCF_023702735.1	gbbbf05d6192f7ab34812	gbbbf05d6192f7ab34812_c45c2557df3a73b17a2306e79	NZ_CP098482.1	provirus_locus	2475932	2528233	+	+	52301	5369373	false	false	genomad_raw_v1		c2f6e7b8f8a274135d648fc020b22a2d624e05f632a32029d73f1c79b0776d63	c2f6e7b8f8a274135d648fc020b22a2d624e05f632a32029d73f1c79b0776d63	geNomad	gbbbf05d6192f7ab34812_c45c2557df3a73b17a2306e79|provirus_2475933_2528233	Provirus	2475933-2528233	0.9479	NA	70	7	48.0121	11	Viruses;Duplodnaviria;Heunggongvirae;Uroviricota;Caudoviricetes;;	geNomad_predicted_score_reported	caller_predicted_provirus_locus	caller_only_not_independently_validated	not_assessed	52301	Yes	48526	70	8	3	High-quality	High-quality	100.0	AAI-based (medium-confidence)	7.22	1.0		100.0	AAI-based (medium-confidence)	7.22	completed
ph_gbbbf05d6192f7ab34812_cdce09b6ec18204423b18e4b6bf22387	GCF_023702735.1	GCF_023702735.1	gbbbf05d6192f7ab34812	gbbbf05d6192f7ab34812_c45c2557df3a73b17a2306e79	NZ_CP098482.1	provirus_locus	2361715	2402814	+	+	41099	5369373	false	false	genomad_raw_v1		c9298930542d918903c750d2afbd4119ed3b95d2c26ba289a570d7417bbddefb	c9298930542d918903c750d2afbd4119ed3b95d2c26ba289a570d7417bbddefb	geNomad	gbbbf05d6192f7ab34812_c45c2557df3a73b17a2306e79|provirus_2361716_2402814	Provirus	2361716-2402814	0.8895	NA	54	3	51.2471	11	Viruses;Duplodnaviria;Heunggongvirae;Uroviricota;Caudoviricetes;;	geNomad_predicted_score_reported	caller_predicted_provirus_locus	caller_only_not_independently_validated	not_assessed	41099	Yes	34369	54	3	4	Medium-quality	Genome-fragment	57.53	AAI-based (medium-confidence)	16.38	1.0		57.53	AAI-based (medium-confidence)	16.38	completed
ph_g241636d1d0c9195e9e5d_90b72ff5f4d8775d80818487dd552d88	GCF_024296585.1	GCF_024296585.1	g241636d1d0c9195e9e5d	g241636d1d0c9195e9e5d_cd285955395774b8026f11e69	NZ_JANCNB010000003.1	provirus_locus	439025	485542	+	+	46517	785379	false	false	genomad_raw_v1		13af9bed31d7618a6d4109b3cf188699e853fa158bbe9c42b7cbff9b936f17d4	13af9bed31d7618a6d4109b3cf188699e853fa158bbe9c42b7cbff9b936f17d4	geNomad	g241636d1d0c9195e9e5d_cd285955395774b8026f11e69|provirus_439026_485542	Provirus	439026-485542	0.9655	NA	57	6	48.8576	11	Viruses;Duplodnaviria;Heunggongvirae;Uroviricota;Caudoviricetes;;	geNomad_predicted_score_reported	caller_predicted_provirus_locus	caller_only_not_independently_validated	not_assessed	46517	No	NA	57	5	4	High-quality	High-quality	100.0	AAI-based (medium-confidence)	0.0	1.01		100.0	AAI-based (medium-confidence)	0.0	completed
ph_g241636d1d0c9195e9e5d_e4688098346c2e6e6a663a916a396dcc	GCF_024296585.1	GCF_024296585.1	g241636d1d0c9195e9e5d	g241636d1d0c9195e9e5d_cc68455771e1df40c82757798	NZ_JANCNB010000006.1	provirus_locus	30386	72555	+	+	42169	407745	false	false	genomad_raw_v1		c90ec865cf7c77143825881bf4bd451a9f5bf43677fe06113e23641d376bb988	c90ec865cf7c77143825881bf4bd451a9f5bf43677fe06113e23641d376bb988	geNomad	g241636d1d0c9195e9e5d_cc68455771e1df40c82757798|provirus_30387_72555	Provirus	30387-72555	0.9788	NA	46	11	70.2844	11	Viruses;Duplodnaviria;Heunggongvirae;Uroviricota;Caudoviricetes;;	geNomad_predicted_score_reported	caller_predicted_provirus_locus	caller_only_not_independently_validated	not_assessed	42169	No	NA	47	7	3	High-quality	High-quality	98.45	AAI-based (high-confidence)	0.0	1.0		98.45	AAI-based (high-confidence)	0.0	completed
ph_ga696cec03f93e21742f9_3b44e1967f230c3ecc365bb271317cdd	GCF_024758185.1	GCF_024758185.1	ga696cec03f93e21742f9	ga696cec03f93e21742f9_c60549d30937c9852fbc45b0a	NZ_CP103070.1	provirus_locus	4260611	4331658	+	+	71047	5400922	false	false	genomad_raw_v1		66d48a160cb488b0d3c1092a3d0d7291788d5278b1734d6dd8c138c7bcc93253	66d48a160cb488b0d3c1092a3d0d7291788d5278b1734d6dd8c138c7bcc93253	geNomad	ga696cec03f93e21742f9_c60549d30937c9852fbc45b0a|provirus_4260612_4331658	Provirus	4260612-4331658	0.9735	NA	109	7	109.7559	11	Viruses;Duplodnaviria;Heunggongvirae;Uroviricota;Caudoviricetes;;	geNomad_predicted_score_reported	caller_predicted_provirus_locus	caller_only_not_independently_validated	not_assessed	71047	No	NA	104	20	3	High-quality	High-quality	100.0	AAI-based (high-confidence)	0.0	1.0		100.0	AAI-based (high-confidence)	0.0	completed
ph_ga696cec03f93e21742f9_4e0f0f82199fb6d0064a82c59e5debb1	GCF_024758185.1	GCF_024758185.1	ga696cec03f93e21742f9	ga696cec03f93e21742f9_c60549d30937c9852fbc45b0a	NZ_CP103070.1	provirus_locus	4935107	4947196	+	+	12089	5400922	false	false	genomad_raw_v1		10623a8b31e616f71dc397db309a8740c39fd99f287477d5efa46457262fb95e	10623a8b31e616f71dc397db309a8740c39fd99f287477d5efa46457262fb95e	geNomad	ga696cec03f93e21742f9_c60549d30937c9852fbc45b0a|provirus_4935108_4947196	Provirus	4935108-4947196	0.9210	NA	13	1	10.3097	11	Viruses;Duplodnaviria;Heunggongvirae;Uroviricota;Caudoviricetes;;	geNomad_predicted_score_reported	caller_predicted_provirus_locus	caller_only_not_independently_validated	not_assessed	12089	No	NA	10	0	2	Not-determined	Genome-fragment	NA	NA	0.0	1.0	no viral genes detected	unknown	unknown	0.0	completed
ph_g162c3d611179d88beb9b_2849296e96685d701fae213654264c70	GCF_024758305.1	GCF_024758305.1	g162c3d611179d88beb9b	g162c3d611179d88beb9b_c84311ee57491512b89371ae9	NZ_CP103092.1	provirus_locus	3676667	3716950	+	+	40283	5442406	false	false	genomad_raw_v1		4902b8375c74c06f3133909f41ec7b42151e31c41f766014a8ef9e0f6e60f8d3	4902b8375c74c06f3133909f41ec7b42151e31c41f766014a8ef9e0f6e60f8d3	geNomad	g162c3d611179d88beb9b_c84311ee57491512b89371ae9|provirus_3676668_3716950	Provirus	3676668-3716950	0.8535	NA	52	3	51.4398	11	Viruses;Duplodnaviria;Heunggongvirae;Uroviricota;Caudoviricetes;;	geNomad_predicted_score_reported	caller_predicted_provirus_locus	caller_only_not_independently_validated	not_assessed	40283	Yes	33459	52	3	4	Medium-quality	Genome-fragment	55.87	AAI-based (medium-confidence)	16.94	1.0		55.87	AAI-based (medium-confidence)	16.94	completed
ph_g162c3d611179d88beb9b_446480f1c487e847e7db51e3ad57201f	GCF_024758305.1	GCF_024758305.1	g162c3d611179d88beb9b	g162c3d611179d88beb9b_c84311ee57491512b89371ae9	NZ_CP103092.1	provirus_locus	2404635	2467432	+	+	62797	5442406	false	false	genomad_raw_v1		d9c92a6115559d3430f5844d1da0a3f4962dfbe84b69649ee49a555bca7d79a9	d9c92a6115559d3430f5844d1da0a3f4962dfbe84b69649ee49a555bca7d79a9	geNomad	g162c3d611179d88beb9b_c84311ee57491512b89371ae9|provirus_2404636_2467432	Provirus	2404636-2467432	0.9583	NA	63	9	67.9121	11	Viruses;Duplodnaviria;Heunggongvirae;Uroviricota;Caudoviricetes;;	geNomad_predicted_score_reported	caller_predicted_provirus_locus	caller_only_not_independently_validated	not_assessed	62797	Yes	21590	63	8	10	Medium-quality	Genome-fragment	50.41	AAI-based (high-confidence)	65.62	1.0	low-confidence Provirus	50.41	AAI-based (high-confidence)	65.62	completed
ph_g162c3d611179d88beb9b_bb328f7991ca274c29205f99378cacb9	GCF_024758305.1	GCF_024758305.1	g162c3d611179d88beb9b	g162c3d611179d88beb9b_c84311ee57491512b89371ae9	NZ_CP103092.1	provirus_locus	3828340	3864232	+	+	35892	5442406	false	false	genomad_raw_v1		4a3550ea0f5d78ed72cf76c02204109429a725beef97e2634da687009e24ba24	4a3550ea0f5d78ed72cf76c02204109429a725beef97e2634da687009e24ba24	geNomad	g162c3d611179d88beb9b_c84311ee57491512b89371ae9|provirus_3828341_3864232	Provirus	3828341-3864232	0.9728	NA	50	9	49.2255	11	Viruses;Duplodnaviria;Heunggongvirae;Uroviricota;Caudoviricetes;;	geNomad_predicted_score_reported	caller_predicted_provirus_locus	caller_only_not_independently_validated	not_assessed	35892	No	NA	50	12	0	High-quality	High-quality	97.07	AAI-based (medium-confidence)	0.0	1.0		97.07	AAI-based (medium-confidence)	0.0	completed
ph_g162c3d611179d88beb9b_be6881f822f24f6b9186efabb7dc9e41	GCF_024758305.1	GCF_024758305.1	g162c3d611179d88beb9b	g162c3d611179d88beb9b_c84311ee57491512b89371ae9	NZ_CP103092.1	provirus_locus	5385671	5425046	+	+	39375	5442406	false	false	genomad_raw_v1		f9176959d1351fb30fe55a432542cc21998eaaa5f60344d2bc16ad3c594d4ecb	f9176959d1351fb30fe55a432542cc21998eaaa5f60344d2bc16ad3c594d4ecb	geNomad	g162c3d611179d88beb9b_c84311ee57491512b89371ae9|provirus_5385672_5425046	Provirus	5385672-5425046	0.9652	NA	53	10	44.7041	11	Viruses;Duplodnaviria;Heunggongvirae;Uroviricota;Caudoviricetes;;	geNomad_predicted_score_reported	caller_predicted_provirus_locus	caller_only_not_independently_validated	not_assessed	39375	Yes	32542	53	10	4	Medium-quality	Genome-fragment	87.78	AAI-based (high-confidence)	17.35	1.0		87.78	AAI-based (high-confidence)	17.35	completed
ph_gaa78cf9baf38f3c092b4_22d369a6b2fd208316c5066ab7511e44	GCF_024758845.1	GCF_024758845.1	gaa78cf9baf38f3c092b4	gaa78cf9baf38f3c092b4_c88e452b751f5c6f70cb84959	NZ_CP103073.1	provirus_locus	3775021	3810772	+	+	35751	5289395	false	false	genomad_raw_v1		ba7d0cb4c28350be953c2446b4147648d6723ea1de9b5175e34b89543140fbfc	ba7d0cb4c28350be953c2446b4147648d6723ea1de9b5175e34b89543140fbfc	geNomad	gaa78cf9baf38f3c092b4_c88e452b751f5c6f70cb84959|provirus_3775022_3810772	Provirus	3775022-3810772	0.9739	NA	48	10	54.9409	11	Viruses;Duplodnaviria;Heunggongvirae;Uroviricota;Caudoviricetes;;	geNomad_predicted_score_reported	caller_predicted_provirus_locus	caller_only_not_independently_validated	not_assessed	35751	No	NA	48	11	1	High-quality	High-quality	93.44	AAI-based (high-confidence)	0.0	1.0		93.44	AAI-based (high-confidence)	0.0	completed
ph_gaa78cf9baf38f3c092b4_32eadf3ec66fe509c2a199a569b0246c	GCF_024758845.1	GCF_024758845.1	gaa78cf9baf38f3c092b4	gaa78cf9baf38f3c092b4_c88e452b751f5c6f70cb84959	NZ_CP103073.1	provirus_locus	5232727	5276552	+	+	43825	5289395	false	false	genomad_raw_v1		4e30bd527db55dd31f739a992f0964c4f8109ae4ea23c61d4e6706a1c29a2e18	4e30bd527db55dd31f739a992f0964c4f8109ae4ea23c61d4e6706a1c29a2e18	geNomad	gaa78cf9baf38f3c092b4_c88e452b751f5c6f70cb84959|provirus_5232728_5276552	Provirus	5232728-5276552	0.9673	NA	56	11	48.9591	11	Viruses;Duplodnaviria;Heunggongvirae;Uroviricota;Caudoviricetes;;	geNomad_predicted_score_reported	caller_predicted_provirus_locus	caller_only_not_independently_validated	not_assessed	43825	Yes	36491	56	11	4	High-quality	High-quality	97.79	AAI-based (medium-confidence)	16.73	1.0		97.79	AAI-based (medium-confidence)	16.73	completed
ph_gaa78cf9baf38f3c092b4_540d72acf5341a623989ed3f68a5a9f5	GCF_024758845.1	GCF_024758845.1	gaa78cf9baf38f3c092b4	gaa78cf9baf38f3c092b4_c88e452b751f5c6f70cb84959	NZ_CP103073.1	provirus_locus	3635557	3680424	+	+	44867	5289395	false	false	genomad_raw_v1		98bdeaf890d6e7e5282b2a44cb242c8d1f03019f003fe824babbe64323f5edb2	98bdeaf890d6e7e5282b2a44cb242c8d1f03019f003fe824babbe64323f5edb2	geNomad	gaa78cf9baf38f3c092b4_c88e452b751f5c6f70cb84959|provirus_3635558_3680424	Provirus	3635558-3680424	0.9132	NA	60	3	55.4627	11	Viruses;Duplodnaviria;Heunggongvirae;Uroviricota;Caudoviricetes;;	geNomad_predicted_score_reported	caller_predicted_provirus_locus	caller_only_not_independently_validated	not_assessed	44867	No	NA	60	5	2	Medium-quality	Genome-fragment	74.9	AAI-based (medium-confidence)	0.0	1.0		74.9	AAI-based (medium-confidence)	0.0	completed
ph_gaa78cf9baf38f3c092b4_ff1c9dc08311fd04cd3ddd06e771ffa2	GCF_024758845.1	GCF_024758845.1	gaa78cf9baf38f3c092b4	gaa78cf9baf38f3c092b4_c88e452b751f5c6f70cb84959	NZ_CP103073.1	provirus_locus	3094385	3111493	+	+	17108	5289395	false	false	genomad_raw_v1		addd5499854b9cb5dd76725c3013abb1f6d7171fe08e69ed9f74e61039317df5	addd5499854b9cb5dd76725c3013abb1f6d7171fe08e69ed9f74e61039317df5	geNomad	gaa78cf9baf38f3c092b4_c88e452b751f5c6f70cb84959|provirus_3094386_3111493	Provirus	3094386-3111493	0.7539	NA	22	0	5.9352	11	Viruses;Duplodnaviria;Heunggongvirae;Uroviricota;Caudoviricetes;;	geNomad_predicted_score_reported	caller_predicted_provirus_locus	caller_only_not_independently_validated	not_assessed	17108	No	NA	23	0	0	Not-determined	Genome-fragment	NA	NA	0.0	1.0	no viral genes detected	unknown	unknown	0.0	completed
ph_gfd6f32c53e25ba4b1b93_837202c0e55f24561590769228f201bc	GCF_024759005.1	GCF_024759005.1	gfd6f32c53e25ba4b1b93	gfd6f32c53e25ba4b1b93_c6344886637e92153cdce28ab	NZ_CP103085.1	provirus_locus	3635932	3676215	+	+	40283	5401651	false	false	genomad_raw_v1		4902b8375c74c06f3133909f41ec7b42151e31c41f766014a8ef9e0f6e60f8d3	4902b8375c74c06f3133909f41ec7b42151e31c41f766014a8ef9e0f6e60f8d3	geNomad	gfd6f32c53e25ba4b1b93_c6344886637e92153cdce28ab|provirus_3635933_3676215	Provirus	3635933-3676215	0.8535	NA	52	3	51.4398	11	Viruses;Duplodnaviria;Heunggongvirae;Uroviricota;Caudoviricetes;;	geNomad_predicted_score_reported	caller_predicted_provirus_locus	caller_only_not_independently_validated	not_assessed	40283	Yes	33459	52	3	4	Medium-quality	Genome-fragment	55.87	AAI-based (medium-confidence)	16.94	1.0		55.87	AAI-based (medium-confidence)	16.94	completed
ph_gfd6f32c53e25ba4b1b93_8c2dda6e361e7863645570699f2305a7	GCF_024759005.1	GCF_024759005.1	gfd6f32c53e25ba4b1b93	gfd6f32c53e25ba4b1b93_c6344886637e92153cdce28ab	NZ_CP103085.1	provirus_locus	3787603	3823495	+	+	35892	5401651	false	false	genomad_raw_v1		4a3550ea0f5d78ed72cf76c02204109429a725beef97e2634da687009e24ba24	4a3550ea0f5d78ed72cf76c02204109429a725beef97e2634da687009e24ba24	geNomad	gfd6f32c53e25ba4b1b93_c6344886637e92153cdce28ab|provirus_3787604_3823495	Provirus	3787604-3823495	0.9728	NA	50	9	49.2255	11	Viruses;Duplodnaviria;Heunggongvirae;Uroviricota;Caudoviricetes;;	geNomad_predicted_score_reported	caller_predicted_provirus_locus	caller_only_not_independently_validated	not_assessed	35892	No	NA	50	12	0	High-quality	High-quality	97.07	AAI-based (medium-confidence)	0.0	1.0		97.07	AAI-based (medium-confidence)	0.0	completed
ph_gfd6f32c53e25ba4b1b93_d7c7280d061fecad987f8a812c6b96ad	GCF_024759005.1	GCF_024759005.1	gfd6f32c53e25ba4b1b93	gfd6f32c53e25ba4b1b93_c6344886637e92153cdce28ab	NZ_CP103085.1	provirus_locus	5344916	5384291	+	+	39375	5401651	false	false	genomad_raw_v1		f9176959d1351fb30fe55a432542cc21998eaaa5f60344d2bc16ad3c594d4ecb	f9176959d1351fb30fe55a432542cc21998eaaa5f60344d2bc16ad3c594d4ecb	geNomad	gfd6f32c53e25ba4b1b93_c6344886637e92153cdce28ab|provirus_5344917_5384291	Provirus	5344917-5384291	0.9652	NA	53	10	44.7041	11	Viruses;Duplodnaviria;Heunggongvirae;Uroviricota;Caudoviricetes;;	geNomad_predicted_score_reported	caller_predicted_provirus_locus	caller_only_not_independently_validated	not_assessed	39375	Yes	32542	53	10	4	Medium-quality	Genome-fragment	87.78	AAI-based (high-confidence)	17.35	1.0		87.78	AAI-based (high-confidence)	17.35	completed
ph_gc024d400184d70a13c0a_28d41ed36d052256a5271fa45e8da3ff	GCF_024759065.1	GCF_024759065.1	gc024d400184d70a13c0a	gc024d400184d70a13c0a_cdc9189a4051b5c9dbb2e6de5	NZ_CP103083.1	provirus_locus	3556054	3607131	+	+	51077	5322471	false	false	genomad_raw_v1		81c7f5b757cb030e5a77e20b07e421370a57292427a8f6502897bd09d5632cdf	81c7f5b757cb030e5a77e20b07e421370a57292427a8f6502897bd09d5632cdf	geNomad	gc024d400184d70a13c0a_cdc9189a4051b5c9dbb2e6de5|provirus_3556055_3607131	Provirus	3556055-3607131	0.9538	NA	60	6	50.8298	11	Viruses;Duplodnaviria;Heunggongvirae;Uroviricota;Caudoviricetes;;	geNomad_predicted_score_reported	caller_predicted_provirus_locus	caller_only_not_independently_validated	not_assessed	51077	Yes	47397	60	5	4	Medium-quality	Genome-fragment	67.53	AAI-based (medium-confidence)	7.2	1.01		67.53	AAI-based (medium-confidence)	7.2	completed
ph_gc024d400184d70a13c0a_7c76bf59fb1acac18ffe734f8eb81639	GCF_024759065.1	GCF_024759065.1	gc024d400184d70a13c0a	gc024d400184d70a13c0a_cdc9189a4051b5c9dbb2e6de5	NZ_CP103083.1	provirus_locus	5274861	5309635	+	+	34774	5322471	false	false	genomad_raw_v1		96216b1a6e94f06fb45c6b5fb3bb398fa9a4fd16edef55ec98c7546c35a6e5d7	96216b1a6e94f06fb45c6b5fb3bb398fa9a4fd16edef55ec98c7546c35a6e5d7	geNomad	gc024d400184d70a13c0a_cdc9189a4051b5c9dbb2e6de5|provirus_5274862_5309635	Provirus	5274862-5309635	0.9760	NA	48	12	38.8693	11	Viruses;Duplodnaviria;Heunggongvirae;Uroviricota;Caudoviricetes;;	geNomad_predicted_score_reported	caller_predicted_provirus_locus	caller_only_not_independently_validated	not_assessed	34774	No	NA	48	13	1	Medium-quality	Genome-fragment	85.98	AAI-based (high-confidence)	0.0	1.0		85.98	AAI-based (high-confidence)	0.0	completed
ph_gc024d400184d70a13c0a_95e0ddb7d3c421bf2ced34de5f48f8dc	GCF_024759065.1	GCF_024759065.1	gc024d400184d70a13c0a	gc024d400184d70a13c0a_cdc9189a4051b5c9dbb2e6de5	NZ_CP103083.1	provirus_locus	3679564	3722151	+	+	42587	5322471	false	false	genomad_raw_v1		50cd67e6ea20be2fd58c42b03b4eb33e4ef172f998f3714055d6cdd52b4ff2a9	50cd67e6ea20be2fd58c42b03b4eb33e4ef172f998f3714055d6cdd52b4ff2a9	geNomad	gc024d400184d70a13c0a_cdc9189a4051b5c9dbb2e6de5|provirus_3679565_3722151	Provirus	3679565-3722151	0.8943	NA	56	3	55.7796	11	Viruses;Duplodnaviria;Heunggongvirae;Uroviricota;Caudoviricetes;;	geNomad_predicted_score_reported	caller_predicted_provirus_locus	caller_only_not_independently_validated	not_assessed	42587	Yes	35730	56	3	4	Medium-quality	Genome-fragment	59.8	AAI-based (medium-confidence)	16.1	1.01		59.8	AAI-based (medium-confidence)	16.1	completed
ph_gc024d400184d70a13c0a_9c0bf620b2715f8ee990d9feba3a46ea	GCF_024759065.1	GCF_024759065.1	gc024d400184d70a13c0a	gc024d400184d70a13c0a_cdc9189a4051b5c9dbb2e6de5	NZ_CP103083.1	provirus_locus	345811	397847	+	+	52036	5322471	false	false	genomad_raw_v1		64bd58828ac0684dfdee81348834ef3fe333d9888bdf186dd741f1d486bd7998	64bd58828ac0684dfdee81348834ef3fe333d9888bdf186dd741f1d486bd7998	geNomad	gc024d400184d70a13c0a_cdc9189a4051b5c9dbb2e6de5|provirus_345812_397847	Provirus	345812-397847	0.9537	NA	59	4	44.9060	11	Viruses;Duplodnaviria;Heunggongvirae;Uroviricota;Caudoviricetes;;	geNomad_predicted_score_reported	caller_predicted_provirus_locus	caller_only_not_independently_validated	not_assessed	52036	Yes	36381	59	4	5	Medium-quality	Genome-fragment	82.65	AAI-based (medium-confidence)	30.08	1.0		82.65	AAI-based (medium-confidence)	30.08	completed
ph_g4a535d410fe915d6b243_764abdc38b64a4e79f89b6834ae05abc	GCF_024759105.1	GCF_024759105.1	g4a535d410fe915d6b243	g4a535d410fe915d6b243_cb5b60b3dc1f990eee6f383ec	NZ_CP103090.1	provirus_locus	2943397	3020201	+	+	76804	5379231	false	false	genomad_raw_v1		0683d11725b7ff3bd3b637e3b8d4fa65293cebfda20295a90ac2691a8ed89271	0683d11725b7ff3bd3b637e3b8d4fa65293cebfda20295a90ac2691a8ed89271	geNomad	g4a535d410fe915d6b243_cb5b60b3dc1f990eee6f383ec|provirus_2943398_3020201	Provirus	2943398-3020201	0.9749	NA	122	10	123.9082	11	Viruses;Duplodnaviria;Heunggongvirae;Uroviricota;Caudoviricetes;;	geNomad_predicted_score_reported	caller_predicted_provirus_locus	caller_only_not_independently_validated	not_assessed	76804	Yes	72531	117	17	6	High-quality	High-quality	93.7	AAI-based (high-confidence)	5.56	1.0		93.7	AAI-based (high-confidence)	5.56	completed
ph_g4a535d410fe915d6b243_892e813776252973e6b6adbb7e618b63	GCF_024759105.1	GCF_024759105.1	g4a535d410fe915d6b243	g4a535d410fe915d6b243_cb5b60b3dc1f990eee6f383ec	NZ_CP103090.1	provirus_locus	3841139	3915149	+	+	74010	5379231	false	false	genomad_raw_v1		3ac4a193b82078234dbed3173b3c903d1888ada4a0a40d1546bd47093903c293	3ac4a193b82078234dbed3173b3c903d1888ada4a0a40d1546bd47093903c293	geNomad	g4a535d410fe915d6b243_cb5b60b3dc1f990eee6f383ec|provirus_3841140_3915149	Provirus	3841140-3915149	0.9410	NA	93	4	50.2685	11	Viruses;Duplodnaviria;Heunggongvirae;Uroviricota;Caudoviricetes;;	geNomad_predicted_score_reported	caller_predicted_provirus_locus	caller_only_not_independently_validated	not_assessed	74010	No	NA	93	4	11	High-quality	High-quality	100.0	AAI-based (medium-confidence)	0.0	1.0		100.0	AAI-based (medium-confidence)	0.0	completed
ph_g0f643645b9ca5ddc9055_7eee0b23a23d54ddf51a751e8c4c646d	GCF_025916355.1	GCF_025916355.1	g0f643645b9ca5ddc9055	g0f643645b9ca5ddc9055_c46061784d49450d04bc8d6cd	NZ_CP083688.1	provirus_locus	3661257	3677056	+	+	15799	4950652	false	false	genomad_raw_v1		5d6e2f0e95eb70db1f5bf5c499db1877fb908b5db04d45cdefd531415247392a	5d6e2f0e95eb70db1f5bf5c499db1877fb908b5db04d45cdefd531415247392a	geNomad	g0f643645b9ca5ddc9055_c46061784d49450d04bc8d6cd|provirus_3661258_3677056	Provirus	3661258-3677056	0.9035	NA	22	1	14.7777	11	Viruses;Duplodnaviria;Heunggongvirae;Uroviricota;Caudoviricetes;;	geNomad_predicted_score_reported	caller_predicted_provirus_locus	caller_only_not_independently_validated	not_assessed	15799	No	NA	22	1	1	Low-quality	Genome-fragment	8.57	HMM-based (lower-bound)	0.0	1.0		8.57	HMM-based (lower-bound)	0.0	completed
ph_g3b42df910d23087f6889_4001328700935e365469020d72562c2e	GCF_026965925.1	GCF_026965925.1	g3b42df910d23087f6889	g3b42df910d23087f6889_c8506065bac8bb0102787267f	NZ_JAPUBH010000013.1	provirus_locus	18370	52917	+	+	34547	156382	false	false	genomad_raw_v1		529d80c9747dc1e7c0168d77fe1531b4c6e8978235b916998811cd9cd0bf17ff	529d80c9747dc1e7c0168d77fe1531b4c6e8978235b916998811cd9cd0bf17ff	geNomad	g3b42df910d23087f6889_c8506065bac8bb0102787267f|provirus_18371_52917	Provirus	18371-52917	0.9745	NA	52	11	51.5079	11	Viruses;Duplodnaviria;Heunggongvirae;Uroviricota;Caudoviricetes;;	geNomad_predicted_score_reported	caller_predicted_provirus_locus	caller_only_not_independently_validated	not_assessed	34547	No	NA	52	13	1	High-quality	High-quality	100.0	AAI-based (high-confidence)	0.0	1.0		100.0	AAI-based (high-confidence)	0.0	completed
ph_g3b42df910d23087f6889_79800df23f40dbff038e9b771c1148e0	GCF_026965925.1	GCF_026965925.1	g3b42df910d23087f6889	g3b42df910d23087f6889_c9e2ae1ab55feaffe6c0fe9ae	NZ_JAPUBH010000009.1	provirus_locus	49369	68576	+	+	19207	217008	false	false	genomad_raw_v1		979c1f28300ddfe81e4d96bca93220c1665c0152c4d4fb7ac0261d4819b0eeb8	979c1f28300ddfe81e4d96bca93220c1665c0152c4d4fb7ac0261d4819b0eeb8	geNomad	g3b42df910d23087f6889_c9e2ae1ab55feaffe6c0fe9ae|provirus_49370_68576	Provirus	49370-68576	0.7198	NA	22	0	5.9352	11	Viruses;Duplodnaviria;Heunggongvirae;Uroviricota;Caudoviricetes;;	geNomad_predicted_score_reported	caller_predicted_provirus_locus	caller_only_not_independently_validated	not_assessed	19207	No	NA	22	0	1	Not-determined	Genome-fragment	NA	NA	0.0	1.0	no viral genes detected	unknown	unknown	0.0	completed
ph_g3b42df910d23087f6889_df5d3d057f4eafaf4b746571cd546b45	GCF_026965925.1	GCF_026965925.1	g3b42df910d23087f6889	g3b42df910d23087f6889_c64b29a1c650525b51c33585a	NZ_JAPUBH010000031.1	full_contig_virus	0	7376	+	+	7376	7376	true	true	genomad_raw_v1		40155b5c39a1b4623677bbf8c76af95c28885cddb4dbffbb228f5e7e3e61c824	40155b5c39a1b4623677bbf8c76af95c28885cddb4dbffbb228f5e7e3e61c824	geNomad	g3b42df910d23087f6889_c64b29a1c650525b51c33585a	No terminal repeats	NA	0.8126	NA	7	0	2.5759	11	Viruses;Duplodnaviria;Heunggongvirae;Uroviricota;Caudoviricetes;;	geNomad_predicted_score_reported	unknown	full_contig_extent_integration_unknown	not_assessed	7376	No	NA	7	0	0	Not-determined	Genome-fragment	NA	NA	0.0	1.0	no viral genes detected	unknown	unknown	0.0	completed
ph_g3b42df910d23087f6889_ebbc2c56c7eefcdf97a7cbe77f844a53	GCF_026965925.1	GCF_026965925.1	g3b42df910d23087f6889	g3b42df910d23087f6889_c0269baceba74bf298f83d9e2	NZ_JAPUBH010000029.1	full_contig_virus	0	15014	+	+	15014	15014	true	true	genomad_raw_v1		08f0a4a28567499d1d49140ef335ddedde2f040b95157c64034e1503ce1e1a9f	08f0a4a28567499d1d49140ef335ddedde2f040b95157c64034e1503ce1e1a9f	geNomad	g3b42df910d23087f6889_c0269baceba74bf298f83d9e2	No terminal repeats	NA	0.8710	NA	13	2	18.3422	11	Viruses;Duplodnaviria;Heunggongvirae;Uroviricota;Caudoviricetes;;	geNomad_predicted_score_reported	unknown	full_contig_extent_integration_unknown	not_assessed	15014	No	NA	13	2	0	Low-quality	Genome-fragment	32.76	AAI-based (medium-confidence)	0.0	1.0		32.76	AAI-based (medium-confidence)	0.0	completed
ph_g3b42df910d23087f6889_f6d9852f60b5af9b46d2f00f3afb97f1	GCF_026965925.1	GCF_026965925.1	g3b42df910d23087f6889	g3b42df910d23087f6889_c9ab2a82f15197e31546ef4e8	NZ_JAPUBH010000024.1	provirus_locus	22516	42409	+	+	19893	42813	false	false	genomad_raw_v1		5317d819d2442c595667a6e42dc94792c7701d7023cb2313715dac3a945f7d0f	5317d819d2442c595667a6e42dc94792c7701d7023cb2313715dac3a945f7d0f	geNomad	g3b42df910d23087f6889_c9ab2a82f15197e31546ef4e8|provirus_22517_42409	Provirus	22517-42409	0.9340	NA	34	1	29.8724	11	Viruses;Duplodnaviria;Heunggongvirae;Uroviricota;Caudoviricetes;;	geNomad_predicted_score_reported	caller_predicted_provirus_locus	caller_only_not_independently_validated	not_assessed	19893	No	NA	34	1	1	Low-quality	Genome-fragment	31.95	AAI-based (high-confidence)	0.0	1.0		31.95	AAI-based (high-confidence)	0.0	completed
ph_gd5f79433a1dee745a7ea_3241e070e95ef73b5d69910d0af6bfa0	GCF_026965975.1	GCF_026965975.1	gd5f79433a1dee745a7ea	gd5f79433a1dee745a7ea_c66ecb692857e63ea0e7f12f0	NZ_JAPUBE010000015.1	provirus_locus	2	37458	+	+	37456	132369	false	false	genomad_raw_v1		8aad3aca65efcb72872dca0b77d7f2acaeecdf50423d74ec96a2ff100a0c2f87	8aad3aca65efcb72872dca0b77d7f2acaeecdf50423d74ec96a2ff100a0c2f87	geNomad	gd5f79433a1dee745a7ea_c66ecb692857e63ea0e7f12f0|provirus_3_37458	Provirus	3-37458	0.9736	NA	52	12	42.1182	11	Viruses;Duplodnaviria;Heunggongvirae;Uroviricota;Caudoviricetes;;	geNomad_predicted_score_reported	caller_predicted_provirus_locus	caller_only_not_independently_validated	not_assessed	37456	No	NA	52	12	1	High-quality	High-quality	92.56	AAI-based (high-confidence)	0.0	1.0		92.56	AAI-based (high-confidence)	0.0	completed
ph_gd5f79433a1dee745a7ea_c5f5e81946819b5a1c11b5503e08aef6	GCF_026965975.1	GCF_026965975.1	gd5f79433a1dee745a7ea	gd5f79433a1dee745a7ea_c8c3866e4703130c4dd7c7c89	NZ_JAPUBE010000016.1	provirus_locus	44915	94696	+	+	49781	127996	false	false	genomad_raw_v1		f7c8bbaffb219dc68b49b480d70f28db84dbe105b6f1bdf9a5662d74fb499197	f7c8bbaffb219dc68b49b480d70f28db84dbe105b6f1bdf9a5662d74fb499197	geNomad	gd5f79433a1dee745a7ea_c8c3866e4703130c4dd7c7c89|provirus_44916_94696	Provirus	44916-94696	0.9553	NA	59	6	48.5187	11	Viruses;Duplodnaviria;Heunggongvirae;Uroviricota;Caudoviricetes;;	geNomad_predicted_score_reported	caller_predicted_provirus_locus	caller_only_not_independently_validated	not_assessed	49781	Yes	46006	59	6	4	Medium-quality	Genome-fragment	63.71	AAI-based (medium-confidence)	7.58	1.01		63.71	AAI-based (medium-confidence)	7.58	completed
ph_ga872b191fb784cf0403e_bb22ad1f76ec5a710ecddca00179d818	GCF_026966015.1	GCF_026966015.1	ga872b191fb784cf0403e	ga872b191fb784cf0403e_cdbfd6b0da6bfa9307b3bbd11	NZ_JAPUBC010000001.1	provirus_locus	80671	141747	+	+	61076	638647	false	false	genomad_raw_v1		1dd1955599b6ee0b0859aec868bd3a6993be6390f01a993577b754d039aa9bf1	1dd1955599b6ee0b0859aec868bd3a6993be6390f01a993577b754d039aa9bf1	geNomad	ga872b191fb784cf0403e_cdbfd6b0da6bfa9307b3bbd11|provirus_80672_141747	Provirus	80672-141747	0.9745	NA	87	7	95.6736	11	Viruses;Duplodnaviria;Heunggongvirae;Uroviricota;Caudoviricetes;;	geNomad_predicted_score_reported	caller_predicted_provirus_locus	caller_only_not_independently_validated	not_assessed	61076	No	NA	86	21	1	High-quality	High-quality	100.0	AAI-based (high-confidence)	0.0	1.0		100.0	AAI-based (high-confidence)	0.0	completed
ph_ga872b191fb784cf0403e_e36439a3b3bcf73363a6a17292d0a49e	GCF_026966015.1	GCF_026966015.1	ga872b191fb784cf0403e	ga872b191fb784cf0403e_c5346ba3a595cf00527a530de	NZ_JAPUBC010000003.1	provirus_locus	190746	232600	+	+	41854	502284	false	false	genomad_raw_v1		0bab5c8e886446e449dc39f87a22df732e6efd10a0d5f9928d9001e7bffea730	0bab5c8e886446e449dc39f87a22df732e6efd10a0d5f9928d9001e7bffea730	geNomad	ga872b191fb784cf0403e_c5346ba3a595cf00527a530de|provirus_190747_232600	Provirus	190747-232600	0.9079	NA	55	3	52.6661	11	Viruses;Duplodnaviria;Heunggongvirae;Uroviricota;Caudoviricetes;;	geNomad_predicted_score_reported	caller_predicted_provirus_locus	caller_only_not_independently_validated	not_assessed	41854	Yes	35109	55	3	4	Medium-quality	Genome-fragment	58.25	AAI-based (medium-confidence)	16.12	1.01		58.25	AAI-based (medium-confidence)	16.12	completed
ph_g593915097233d4739f62_0533943f2c3b35f53707b5d294dea2f1	GCF_026966035.1	GCF_026966035.1	g593915097233d4739f62	g593915097233d4739f62_c094750b4ce2d88fd2c261d0e	NZ_JAPUBD010000077.1	full_contig_virus	0	2853	+	+	2853	2853	true	true	genomad_raw_v1		40a31c9fdda076b424c6dfcff3e70d8852499a95995fb318178341c5533378aa	40a31c9fdda076b424c6dfcff3e70d8852499a95995fb318178341c5533378aa	geNomad	g593915097233d4739f62_c094750b4ce2d88fd2c261d0e	No terminal repeats	NA	0.9439	NA	2	0	3.2182	11	Viruses;Duplodnaviria;Heunggongvirae;Uroviricota;Caudoviricetes;;	geNomad_predicted_score_reported	unknown	full_contig_extent_integration_unknown	not_assessed	2853	No	NA	2	0	0	Not-determined	Genome-fragment	NA	NA	0.0	1.0	no viral genes detected	unknown	unknown	0.0	completed
ph_g593915097233d4739f62_0b3863ae1519b5eeda5de1decae8f2ec	GCF_026966035.1	GCF_026966035.1	g593915097233d4739f62	g593915097233d4739f62_c24fe07e5914d0b3ff1df304f	NZ_JAPUBD010000035.1	provirus_locus	1	24018	+	+	24017	40750	false	false	genomad_raw_v1		5f31ef41a8b366150fbfc6be1d56eadabaa0698377c9d31f9b18306272a73417	5f31ef41a8b366150fbfc6be1d56eadabaa0698377c9d31f9b18306272a73417	geNomad	g593915097233d4739f62_c24fe07e5914d0b3ff1df304f|provirus_2_24018	Provirus	2-24018	0.9743	NA	39	11	56.2518	11	Viruses;Duplodnaviria;Heunggongvirae;Uroviricota;Caudoviricetes;;	geNomad_predicted_score_reported	caller_predicted_provirus_locus	caller_only_not_independently_validated	not_assessed	24017	No	NA	39	5	4	Medium-quality	Genome-fragment	56.83	AAI-based (high-confidence)	0.0	1.0		56.83	AAI-based (high-confidence)	0.0	completed
ph_g593915097233d4739f62_40da08809d20e5702e2ca6ef61603187	GCF_026966035.1	GCF_026966035.1	g593915097233d4739f62	g593915097233d4739f62_ca9c7f775978f3fe3ba2f6262	NZ_JAPUBD010000025.1	provirus_locus	21835	39355	+	+	17520	61183	false	false	genomad_raw_v1		1156734e8aa8726a81f6aa7587697b5e40791931441bb09cf59a9b3815539805	1156734e8aa8726a81f6aa7587697b5e40791931441bb09cf59a9b3815539805	geNomad	g593915097233d4739f62_ca9c7f775978f3fe3ba2f6262|provirus_21836_39355	Provirus	21836-39355	0.9145	NA	20	1	10.6284	11	Viruses;Duplodnaviria;Heunggongvirae;Uroviricota;Caudoviricetes;;	geNomad_predicted_score_reported	caller_predicted_provirus_locus	caller_only_not_independently_validated	not_assessed	17520	No	NA	20	1	1	Low-quality	Genome-fragment	10.71	AAI-based (medium-confidence)	0.0	1.0		10.71	AAI-based (medium-confidence)	0.0	completed
ph_g593915097233d4739f62_6ae0e09226881654873dfab898c3e6e5	GCF_026966035.1	GCF_026966035.1	g593915097233d4739f62	g593915097233d4739f62_c9a424b7b3072ce314850db51	NZ_JAPUBD010000019.1	provirus_locus	58696	77506	+	+	18810	77596	false	false	genomad_raw_v1		c4c270a55d9731b1a14557771fdb22829a14ac9eed70cd288eb2d33f831d9993	c4c270a55d9731b1a14557771fdb22829a14ac9eed70cd288eb2d33f831d9993	geNomad	g593915097233d4739f62_c9a424b7b3072ce314850db51|provirus_58697_77506	Provirus	58697-77506	0.9684	NA	31	9	24.9934	11	Viruses;Duplodnaviria;Heunggongvirae;Uroviricota;Caudoviricetes;;	geNomad_predicted_score_reported	caller_predicted_provirus_locus	caller_only_not_independently_validated	not_assessed	18810	No	NA	31	10	0	Low-quality	Genome-fragment	46.5	AAI-based (high-confidence)	0.0	1.0		46.5	AAI-based (high-confidence)	0.0	completed
ph_g593915097233d4739f62_6f6e56d84844a9e96fdbb62f9749503f	GCF_026966035.1	GCF_026966035.1	g593915097233d4739f62	g593915097233d4739f62_cfc78dbce0e46ad22198a6f9f	NZ_JAPUBD010000036.1	full_contig_virus	0	40121	+	+	40121	40121	true	true	genomad_raw_v1		ec9f570eda05abdac0f405a9738f2d70d11d59e368c793a19156c8ce4d203806	ec9f570eda05abdac0f405a9738f2d70d11d59e368c793a19156c8ce4d203806	geNomad	g593915097233d4739f62_cfc78dbce0e46ad22198a6f9f	No terminal repeats	NA	0.9738	NA	42	12	63.0793	11	Viruses;Duplodnaviria;Heunggongvirae;Uroviricota;Caudoviricetes;;	geNomad_predicted_score_reported	unknown	full_contig_extent_integration_unknown	not_assessed	40121	No	NA	42	5	2	High-quality	High-quality	93.67	AAI-based (high-confidence)	0.0	1.0		93.67	AAI-based (high-confidence)	0.0	completed
ph_g593915097233d4739f62_a0f8fd6a3fd0b2e501ab9a70a5619f01	GCF_026966035.1	GCF_026966035.1	g593915097233d4739f62	g593915097233d4739f62_c3a64dd2a0f7573a5c517f457	NZ_JAPUBD010000009.1	provirus_locus	2	45859	+	+	45857	186137	false	false	genomad_raw_v1		4d8fc14d8ccceb047cdb3e22c534cea51bfde50ff30230930950e33d88d2a6d5	4d8fc14d8ccceb047cdb3e22c534cea51bfde50ff30230930950e33d88d2a6d5	geNomad	g593915097233d4739f62_c3a64dd2a0f7573a5c517f457|provirus_3_45859	Provirus	3-45859	0.9129	NA	58	4	62.0401	11	Viruses;Duplodnaviria;Heunggongvirae;Uroviricota;Caudoviricetes;;	geNomad_predicted_score_reported	caller_predicted_provirus_locus	caller_only_not_independently_validated	not_assessed	45857	Yes	39032	58	3	3	Medium-quality	Genome-fragment	66.38	AAI-based (medium-confidence)	14.88	1.0		66.38	AAI-based (medium-confidence)	14.88	completed
ph_g593915097233d4739f62_c3bcddb931a345498e94fd1ce28b09c8	GCF_026966035.1	GCF_026966035.1	g593915097233d4739f62	g593915097233d4739f62_caff9310dd4cdb1010002b188	NZ_JAPUBD010000063.1	full_contig_virus	0	14326	+	+	14326	14326	true	true	genomad_raw_v1		529de9b3a31c2499b37272e8c9b5a56a443990c615dbf2973655a7667f94a87c	529de9b3a31c2499b37272e8c9b5a56a443990c615dbf2973655a7667f94a87c	geNomad	g593915097233d4739f62_caff9310dd4cdb1010002b188	No terminal repeats	NA	0.9824	NA	11	3	14.5009	11	Viruses;Duplodnaviria;Heunggongvirae;Uroviricota;Caudoviricetes;;	geNomad_predicted_score_reported	unknown	full_contig_extent_integration_unknown	not_assessed	14326	No	NA	11	3	1	Low-quality	Genome-fragment	28.65	AAI-based (medium-confidence)	0.0	1.0		28.65	AAI-based (medium-confidence)	0.0	completed
ph_g593915097233d4739f62_d3d96874be116adc0527a2c0d64fa8e6	GCF_026966035.1	GCF_026966035.1	g593915097233d4739f62	g593915097233d4739f62_cdba254731b632d5712958d8a	NZ_JAPUBD010000072.1	full_contig_virus	0	4136	+	+	4136	4136	true	true	genomad_raw_v1		75b78288dea067aa6b4423018c59eb3a939ab9ee4424a3ed37cb3af26b7d6b3e	75b78288dea067aa6b4423018c59eb3a939ab9ee4424a3ed37cb3af26b7d6b3e	geNomad	g593915097233d4739f62_cdba254731b632d5712958d8a	No terminal repeats	NA	0.9818	NA	5	0	8.5914	11	Viruses;Duplodnaviria;Heunggongvirae;Uroviricota;Caudoviricetes;;	geNomad_predicted_score_reported	unknown	full_contig_extent_integration_unknown	not_assessed	4136	No	NA	5	0	0	Not-determined	Genome-fragment	NA	NA	0.0	1.0	no viral genes detected	unknown	unknown	0.0	completed
ph_g593915097233d4739f62_e357bb69d9ebdc25f4f2f3a3ada141d2	GCF_026966035.1	GCF_026966035.1	g593915097233d4739f62	g593915097233d4739f62_cbf2fc4b1e5cbf0cb615fd48e	NZ_JAPUBD010000003.1	provirus_locus	279125	298978	+	+	19853	314377	false	false	genomad_raw_v1		79a4ea8f7466fcc94c6a6213475886a4991bf0aea3fb8d421aef0aa2d61a3265	79a4ea8f7466fcc94c6a6213475886a4991bf0aea3fb8d421aef0aa2d61a3265	geNomad	g593915097233d4739f62_cbf2fc4b1e5cbf0cb615fd48e|provirus_279126_298978	Provirus	279126-298978	0.8873	NA	26	1	10.4817	11	Viruses;Duplodnaviria;Heunggongvirae;Uroviricota;Caudoviricetes;;	geNomad_predicted_score_reported	caller_predicted_provirus_locus	caller_only_not_independently_validated	not_assessed	19853	No	NA	26	1	1	Low-quality	Genome-fragment	10.77	HMM-based (lower-bound)	0.0	1.0		10.77	HMM-based (lower-bound)	0.0	completed
ph_g593915097233d4739f62_e5cb707b533e6d2e29439027943b991f	GCF_026966035.1	GCF_026966035.1	g593915097233d4739f62	g593915097233d4739f62_c79d53fa39a365a42dd622b3d	NZ_JAPUBD010000088.1	full_contig_virus	0	1298	+	+	1298	1298	true	true	genomad_raw_v1		b4f3178c76f456329f83b7812b494f07eac3956958b4889c93ba3be9cc4793d5	b4f3178c76f456329f83b7812b494f07eac3956958b4889c93ba3be9cc4793d5	geNomad	g593915097233d4739f62_c79d53fa39a365a42dd622b3d	No terminal repeats	NA	0.9499	NA	2	1	3.4296	11	Viruses;Duplodnaviria;Heunggongvirae;Uroviricota;Caudoviricetes;;	geNomad_predicted_score_reported	unknown	full_contig_extent_integration_unknown	not_assessed	1298	No	NA	2	0	0	Low-quality	Genome-fragment	3.03	AAI-based (high-confidence)	0.0	1.0	no viral genes detected	3.03	AAI-based (high-confidence)	0.0	completed
ph_g593915097233d4739f62_e734e4941fef442b66fe605b42bb501b	GCF_026966035.1	GCF_026966035.1	g593915097233d4739f62	g593915097233d4739f62_c94a452fcf34c912e33941d47	NZ_JAPUBD010000080.1	full_contig_virus	0	2708	+	+	2708	2708	true	true	genomad_raw_v1		41965ae7c34e56899e3a3f4bd2825c6afd2a95e30058a782051de3ecf835e7d9	41965ae7c34e56899e3a3f4bd2825c6afd2a95e30058a782051de3ecf835e7d9	geNomad	g593915097233d4739f62_c94a452fcf34c912e33941d47	No terminal repeats	NA	0.8980	NA	7	0	6.0869	11	Viruses;Duplodnaviria;Heunggongvirae;Uroviricota;Caudoviricetes;;	geNomad_predicted_score_reported	unknown	full_contig_extent_integration_unknown	not_assessed	2708	No	NA	7	0	0	Low-quality	Genome-fragment	6.32	AAI-based (high-confidence)	0.0	1.0	no viral genes detected	6.32	AAI-based (high-confidence)	0.0	completed
ph_g593915097233d4739f62_f7189f426c3ac4efe89f812eb88c56a4	GCF_026966035.1	GCF_026966035.1	g593915097233d4739f62	g593915097233d4739f62_ca32269f2092f6039fe7c07a1	NZ_JAPUBD010000051.1	full_contig_virus	0	22229	+	+	22229	22229	true	true	genomad_raw_v1		33156f01e6f77059c64d5516c2611dd8358cdb24d5b48e186e8dcbcb041af78c	33156f01e6f77059c64d5516c2611dd8358cdb24d5b48e186e8dcbcb041af78c	geNomad	g593915097233d4739f62_ca32269f2092f6039fe7c07a1	No terminal repeats	NA	0.9773	NA	33	7	50.6217	11	Viruses;Duplodnaviria;Heunggongvirae;Uroviricota;Caudoviricetes;;	geNomad_predicted_score_reported	unknown	full_contig_extent_integration_unknown	not_assessed	22229	No	NA	33	8	0	Medium-quality	Genome-fragment	52.51	AAI-based (medium-confidence)	0.0	1.0		52.51	AAI-based (medium-confidence)	0.0	completed
ph_g593915097233d4739f62_fa113d93acb5fd0c4ff6fbe478bcf149	GCF_026966035.1	GCF_026966035.1	g593915097233d4739f62	g593915097233d4739f62_c412ab3d3debdd840d9bbc55e	NZ_JAPUBD010000029.1	provirus_locus	32624	48412	+	+	15788	55088	false	false	genomad_raw_v1		effa70899218575a26fcce6cb544e27a7ad4f5c9845775acce5ca69e2a3701da	effa70899218575a26fcce6cb544e27a7ad4f5c9845775acce5ca69e2a3701da	geNomad	g593915097233d4739f62_c412ab3d3debdd840d9bbc55e|provirus_32625_48412	Provirus	32625-48412	0.8493	NA	23	1	16.8165	11	Viruses;Duplodnaviria;Heunggongvirae;Uroviricota;Caudoviricetes;;	geNomad_predicted_score_reported	caller_predicted_provirus_locus	caller_only_not_independently_validated	not_assessed	15788	No	NA	23	3	1	Low-quality	Genome-fragment	9.59	HMM-based (lower-bound)	0.0	1.0		9.59	HMM-based (lower-bound)	0.0	completed
ph_g67fea2f005b558cf4af0_1885c385e04ca0738387a2ce11fb236e	GCF_026966055.1	GCF_026966055.1	g67fea2f005b558cf4af0	g67fea2f005b558cf4af0_c4e7a58d6f85d6656eac489a3	NZ_JAPUBA010000012.1	provirus_locus	161668	194492	+	+	32824	194494	false	false	genomad_raw_v1		a6aab1dbe6156d9ee2789d50c406ee67c8784ad1091e688ceaa89eb759094efa	a6aab1dbe6156d9ee2789d50c406ee67c8784ad1091e688ceaa89eb759094efa	geNomad	g67fea2f005b558cf4af0_c4e7a58d6f85d6656eac489a3|provirus_161669_194492	Provirus	161669-194492	0.9682	NA	45	12	38.8693	11	Viruses;Duplodnaviria;Heunggongvirae;Uroviricota;Caudoviricetes;;	geNomad_predicted_score_reported	caller_predicted_provirus_locus	caller_only_not_independently_validated	not_assessed	32824	No	NA	45	13	1	Medium-quality	Genome-fragment	81.16	AAI-based (high-confidence)	0.0	1.0		81.16	AAI-based (high-confidence)	0.0	completed
ph_g67fea2f005b558cf4af0_50b44323596a9524111bb15f12742bff	GCF_026966055.1	GCF_026966055.1	g67fea2f005b558cf4af0	g67fea2f005b558cf4af0_c451f900e273ccd35d08dc578	NZ_JAPUBA010000007.1	provirus_locus	36837	78700	+	+	41863	314225	false	false	genomad_raw_v1		bc691d47ef609a8cb55eab0b7e898e419f0dedb9d67f6620387dd1b327822895	bc691d47ef609a8cb55eab0b7e898e419f0dedb9d67f6620387dd1b327822895	geNomad	g67fea2f005b558cf4af0_c451f900e273ccd35d08dc578|provirus_36838_78700	Provirus	36838-78700	0.9068	NA	54	3	56.5393	11	Viruses;Duplodnaviria;Heunggongvirae;Uroviricota;Caudoviricetes;;	geNomad_predicted_score_reported	caller_predicted_provirus_locus	caller_only_not_independently_validated	not_assessed	41863	Yes	35131	54	3	4	Medium-quality	Genome-fragment	59.27	AAI-based (medium-confidence)	16.08	1.0		59.27	AAI-based (medium-confidence)	16.08	completed
ph_g67fea2f005b558cf4af0_e1ebc2136b08db6116c0f7fa8daad0ab	GCF_026966055.1	GCF_026966055.1	g67fea2f005b558cf4af0	g67fea2f005b558cf4af0_cb8af7cc96153ada71713d1f0	NZ_JAPUBA010000002.1	provirus_locus	29777	108072	+	+	78295	499600	false	false	genomad_raw_v1		cb7baa596fae500f0f3c8e563177f3a12ec4730a759d2200c769badf70a50a7e	cb7baa596fae500f0f3c8e563177f3a12ec4730a759d2200c769badf70a50a7e	geNomad	g67fea2f005b558cf4af0_cb8af7cc96153ada71713d1f0|provirus_29778_108072	Provirus	29778-108072	0.9651	NA	111	8	107.3018	11	Viruses;Duplodnaviria;Heunggongvirae;Uroviricota;Caudoviricetes;;	geNomad_predicted_score_reported	caller_predicted_provirus_locus	caller_only_not_independently_validated	not_assessed	78295	Yes	72578	111	17	6	High-quality	High-quality	100.0	AAI-based (high-confidence)	7.3	1.0		100.0	AAI-based (high-confidence)	7.3	completed
ph_ge9f2be72eb30b7a41bf4_142ba2bebd956a406dd7ceb7d3c730ca	GCF_026966075.1	GCF_026966075.1	ge9f2be72eb30b7a41bf4	ge9f2be72eb30b7a41bf4_c9e6392054a81b81aea43d6c7	NZ_JAPUBB010000024.1	provirus_locus	2	38156	+	+	38154	70302	false	false	genomad_raw_v1		2fa4cbe09ae8949a8624022eee5dca9b98fe0549fd878f23452f7f6e7a16d49d	2fa4cbe09ae8949a8624022eee5dca9b98fe0549fd878f23452f7f6e7a16d49d	geNomad	ge9f2be72eb30b7a41bf4_c9e6392054a81b81aea43d6c7|provirus_3_38156	Provirus	3-38156	0.9055	NA	48	3	47.2745	11	Viruses;Duplodnaviria;Heunggongvirae;Uroviricota;Caudoviricetes;;	geNomad_predicted_score_reported	caller_predicted_provirus_locus	caller_only_not_independently_validated	not_assessed	38154	Yes	31330	48	3	3	Medium-quality	Genome-fragment	52.34	AAI-based (medium-confidence)	17.89	1.0		52.34	AAI-based (medium-confidence)	17.89	completed
ph_ge9f2be72eb30b7a41bf4_563fb7e95b24365badc1c7b79795c919	GCF_026966075.1	GCF_026966075.1	ge9f2be72eb30b7a41bf4	ge9f2be72eb30b7a41bf4_ca908d2b8b6b452ef66f0d763	NZ_JAPUBB010000003.1	provirus_locus	0	60249	+	+	60249	307681	true	false	genomad_raw_v1		58d29a2319928dd593dd090036382a5cd4693c48ad0355f8178c64634b4dc4d5	58d29a2319928dd593dd090036382a5cd4693c48ad0355f8178c64634b4dc4d5	geNomad	ge9f2be72eb30b7a41bf4_ca908d2b8b6b452ef66f0d763|provirus_1_60249	Provirus	1-60249	0.9492	NA	65	8	63.1142	11	Viruses;Duplodnaviria;Heunggongvirae;Uroviricota;Caudoviricetes;;	geNomad_predicted_score_reported	caller_predicted_provirus_locus	caller_only_not_independently_validated	not_assessed	60249	No	NA	65	10	5	High-quality	High-quality	92.71	AAI-based (high-confidence)	0.0	1.0		92.71	AAI-based (high-confidence)	0.0	completed
ph_g3cd793fa5e3ec7a7051b_3abdbf7ac50c8f490aa4807c4f553e43	GCF_026966095.1	GCF_026966095.1	g3cd793fa5e3ec7a7051b	g3cd793fa5e3ec7a7051b_ccf13662a1c2854ab21687f82	NZ_JAPUBG010000024.1	provirus_locus	0	24420	+	+	24420	85078	true	false	genomad_raw_v1		c6887578f40d6ffdabb04e5b3046725b2cc68baf29c6656875592a664a3db333	c6887578f40d6ffdabb04e5b3046725b2cc68baf29c6656875592a664a3db333	geNomad	g3cd793fa5e3ec7a7051b_ccf13662a1c2854ab21687f82|provirus_1_24420	Provirus	1-24420	0.9807	NA	43	10	44.4516	11	Viruses;Duplodnaviria;Heunggongvirae;Uroviricota;Caudoviricetes;;	geNomad_predicted_score_reported	caller_predicted_provirus_locus	caller_only_not_independently_validated	not_assessed	24420	No	NA	41	13	0	Medium-quality	Genome-fragment	75.23	AAI-based (high-confidence)	0.0	1.0		75.23	AAI-based (high-confidence)	0.0	completed
ph_g3cd793fa5e3ec7a7051b_5f562fac619daf76adb35bd6e221b18e	GCF_026966095.1	GCF_026966095.1	g3cd793fa5e3ec7a7051b	g3cd793fa5e3ec7a7051b_c204c35ef90a656cf4b71ffe0	NZ_JAPUBG010000038.1	full_contig_virus	0	10034	+	+	10034	10034	true	true	genomad_raw_v1		1d32e54d50d0f9112172f1d1c4fafeb67c8813eb523e0a84a843d61b0676400a	1d32e54d50d0f9112172f1d1c4fafeb67c8813eb523e0a84a843d61b0676400a	geNomad	g3cd793fa5e3ec7a7051b_c204c35ef90a656cf4b71ffe0	No terminal repeats	NA	0.7792	NA	11	0	1.7183	11	Viruses;Duplodnaviria;Heunggongvirae;Uroviricota;Caudoviricetes;;	geNomad_predicted_score_reported	unknown	full_contig_extent_integration_unknown	not_assessed	10034	No	NA	11	0	8	Not-determined	Genome-fragment	NA	NA	0.0	1.0	no viral genes detected	unknown	unknown	0.0	completed
ph_g3cd793fa5e3ec7a7051b_7e97ea0246aaab92a3872c2335d5c4ef	GCF_026966095.1	GCF_026966095.1	g3cd793fa5e3ec7a7051b	g3cd793fa5e3ec7a7051b_c73deadbc3c4bdadd7f9990ea	NZ_JAPUBG010000003.1	provirus_locus	27023	66945	+	+	39922	299527	false	false	genomad_raw_v1		cbad9705f2dad9055e5f9f7b95f52b31009096b219fdfb967cf3b01ee74653ce	cbad9705f2dad9055e5f9f7b95f52b31009096b219fdfb967cf3b01ee74653ce	geNomad	g3cd793fa5e3ec7a7051b_c73deadbc3c4bdadd7f9990ea|provirus_27024_66945	Provirus	27024-66945	0.9239	NA	51	3	51.2471	11	Viruses;Duplodnaviria;Heunggongvirae;Uroviricota;Caudoviricetes;;	geNomad_predicted_score_reported	caller_predicted_provirus_locus	caller_only_not_independently_validated	not_assessed	39922	Yes	33194	51	3	4	Medium-quality	Genome-fragment	55.49	AAI-based (medium-confidence)	16.85	1.0		55.49	AAI-based (medium-confidence)	16.85	completed
ph_g3cd793fa5e3ec7a7051b_7f00a57e48672dad66ebd3df6d5e15c4	GCF_026966095.1	GCF_026966095.1	g3cd793fa5e3ec7a7051b	g3cd793fa5e3ec7a7051b_cc416aba69336a48b466264dc	NZ_JAPUBG010000041.1	full_contig_virus	0	2811	+	+	2811	2811	true	true	genomad_raw_v1		be11542ccee2cf3f5663874d58d6fc752e80354aabdbc6cdff273cd0dd99b1db	be11542ccee2cf3f5663874d58d6fc752e80354aabdbc6cdff273cd0dd99b1db	geNomad	g3cd793fa5e3ec7a7051b_cc416aba69336a48b466264dc	No terminal repeats	NA	0.9470	NA	5	1	4.6102	11	Viruses;Duplodnaviria;Heunggongvirae;Uroviricota;Caudoviricetes;;	geNomad_predicted_score_reported	unknown	full_contig_extent_integration_unknown	not_assessed	2811	No	NA	5	1	0	Low-quality	Genome-fragment	4.63	AAI-based (medium-confidence)	0.0	1.0		4.63	AAI-based (medium-confidence)	0.0	completed
ph_g3cd793fa5e3ec7a7051b_da4275a7398cfc244ec9e806d0559f8c	GCF_026966095.1	GCF_026966095.1	g3cd793fa5e3ec7a7051b	g3cd793fa5e3ec7a7051b_c201b0db5a47477728c2c1441	NZ_JAPUBG010000018.1	provirus_locus	94771	122200	+	+	27429	122200	false	true	genomad_raw_v1		127aab1ffbf4aa2ed31cde22d19937f450611b889f41bba06469f12cac8b0608	127aab1ffbf4aa2ed31cde22d19937f450611b889f41bba06469f12cac8b0608	geNomad	g3cd793fa5e3ec7a7051b_c201b0db5a47477728c2c1441|provirus_94772_122200	Provirus	94772-122200	0.9732	NA	37	9	40.7917	11	Viruses;Duplodnaviria;Heunggongvirae;Uroviricota;Caudoviricetes;;	geNomad_predicted_score_reported	caller_predicted_provirus_locus	caller_only_not_independently_validated	not_assessed	27429	No	NA	37	10	1	Medium-quality	Genome-fragment	74.11	AAI-based (medium-confidence)	0.0	1.0		74.11	AAI-based (medium-confidence)	0.0	completed
ph_g3cd793fa5e3ec7a7051b_e7765e4bfcb82fe73a252857e05a95d0	GCF_026966095.1	GCF_026966095.1	g3cd793fa5e3ec7a7051b	g3cd793fa5e3ec7a7051b_c20c4cb4d2b5f9934f39f8038	NZ_JAPUBG010000042.1	full_contig_virus	0	2527	+	+	2527	2527	true	true	genomad_raw_v1		66027faff0d5a8de941cce5a6a2480d5abcf1d848c8916e71aa24b54e40d3d73	66027faff0d5a8de941cce5a6a2480d5abcf1d848c8916e71aa24b54e40d3d73	geNomad	g3cd793fa5e3ec7a7051b_c20c4cb4d2b5f9934f39f8038	No terminal repeats	NA	0.9632	NA	1	0	1.7183	11	Viruses;Duplodnaviria;Heunggongvirae;Uroviricota;Caudoviricetes;;	geNomad_predicted_score_reported	unknown	full_contig_extent_integration_unknown	not_assessed	2527	No	NA	1	1	0	Low-quality	Genome-fragment	5.45	AAI-based (high-confidence)	0.0	1.0		5.45	AAI-based (high-confidence)	0.0	completed
ph_g7f1686982da1b0e73347_0ff9ad4438b1acee3d1893eff127b256	GCF_026966195.1	GCF_026966195.1	g7f1686982da1b0e73347	g7f1686982da1b0e73347_cc6afe38470611f0c3efda0e4	NZ_JAPUAT010000008.1	provirus_locus	75	43173	+	+	43098	233937	false	false	genomad_raw_v1		495b3f6f094685b33f43ad2c661fdf3cae9c02b620a0ff7712f1d28ffbf713fb	495b3f6f094685b33f43ad2c661fdf3cae9c02b620a0ff7712f1d28ffbf713fb	geNomad	g7f1686982da1b0e73347_cc6afe38470611f0c3efda0e4|provirus_76_43173	Provirus	76-43173	0.9109	NA	57	3	53.9251	11	Viruses;Duplodnaviria;Heunggongvirae;Uroviricota;Caudoviricetes;;	geNomad_predicted_score_reported	caller_predicted_provirus_locus	caller_only_not_independently_validated	not_assessed	43098	Yes	36243	57	3	4	Medium-quality	Genome-fragment	60.13	AAI-based (medium-confidence)	15.91	1.01		60.13	AAI-based (medium-confidence)	15.91	completed
ph_g7f1686982da1b0e73347_4fd50fc36606eeab7c755ada437f56e0	GCF_026966195.1	GCF_026966195.1	g7f1686982da1b0e73347	g7f1686982da1b0e73347_ceb5cd8456390a061c37aed7f	NZ_JAPUAT010000050.1	full_contig_virus	0	5571	+	+	5571	5571	true	true	genomad_raw_v1		d8752488fe20c245d9b89dc9c8b1db92fa91162f81a7baf28ef53ef3456c4895	d8752488fe20c245d9b89dc9c8b1db92fa91162f81a7baf28ef53ef3456c4895	geNomad	g7f1686982da1b0e73347_ceb5cd8456390a061c37aed7f	No terminal repeats	NA	0.7897	NA	6	0	2.9518	11	Viruses;Duplodnaviria;Heunggongvirae;Uroviricota;Caudoviricetes;;	geNomad_predicted_score_reported	unknown	full_contig_extent_integration_unknown	not_assessed	5571	No	NA	6	0	0	Low-quality	Genome-fragment	12.16	AAI-based (medium-confidence)	0.0	1.0	no viral genes detected	12.16	AAI-based (medium-confidence)	0.0	completed
ph_g7f1686982da1b0e73347_70dd6738b1491d381b0e3a95bd1c7902	GCF_026966195.1	GCF_026966195.1	g7f1686982da1b0e73347	g7f1686982da1b0e73347_c5275a895e0af256297bd8b48	NZ_JAPUAT010000021.1	provirus_locus	38591	64010	+	+	25419	86562	false	false	genomad_raw_v1		ce088b337b1603ec525d6a29a1683a01ae1ae3dedaa2564737893cfab35c95d4	ce088b337b1603ec525d6a29a1683a01ae1ae3dedaa2564737893cfab35c95d4	geNomad	g7f1686982da1b0e73347_c5275a895e0af256297bd8b48|provirus_38592_64010	Provirus	38592-64010	0.8716	NA	27	1	13.7223	11	Viruses;Duplodnaviria;Heunggongvirae;Uroviricota;Caudoviricetes;;	geNomad_predicted_score_reported	caller_predicted_provirus_locus	caller_only_not_independently_validated	not_assessed	25419	No	NA	27	0	4	Not-determined	Genome-fragment	NA	NA	0.0	1.0	no viral genes detected	unknown	unknown	0.0	completed
ph_g20117be12393b68a12fb_1b88bf71d673eea058fa877f2121a650	GCF_026966255.1	GCF_026966255.1	g20117be12393b68a12fb	g20117be12393b68a12fb_c94c96a89a753e3680d4eee61	NZ_JAPUAQ010000007.1	provirus_locus	152496	224367	+	+	71871	380104	false	false	genomad_raw_v1		599eb5913fceaeb2b7a0b0e611841946603a8ea63a77cb1fff8dc8bf830c02e4	599eb5913fceaeb2b7a0b0e611841946603a8ea63a77cb1fff8dc8bf830c02e4	geNomad	g20117be12393b68a12fb_c94c96a89a753e3680d4eee61|provirus_152497_224367	Provirus	152497-224367	0.9705	NA	118	7	107.4396	11	Viruses;Duplodnaviria;Heunggongvirae;Uroviricota;Caudoviricetes;;	geNomad_predicted_score_reported	caller_predicted_provirus_locus	caller_only_not_independently_validated	not_assessed	71871	Yes	67593	114	19	4	Medium-quality	Genome-fragment	79.79	HMM-based (lower-bound)	5.95	1.01		79.79	HMM-based (lower-bound)	5.95	completed
ph_g20117be12393b68a12fb_2aa231ebe3bce2ccc3816887c00259ef	GCF_026966255.1	GCF_026966255.1	g20117be12393b68a12fb	g20117be12393b68a12fb_c8786cebea9aa394ad325120d	NZ_JAPUAQ010000011.1	provirus_locus	118767	145771	+	+	27004	145772	false	false	genomad_raw_v1		e2da0294471f7184dad1bf7054c7d51d440aba23963dd70cb44964b2261eda36	e2da0294471f7184dad1bf7054c7d51d440aba23963dd70cb44964b2261eda36	geNomad	g20117be12393b68a12fb_c8786cebea9aa394ad325120d|provirus_118768_145771	Provirus	118768-145771	0.9762	NA	41	10	44.1751	11	Viruses;Duplodnaviria;Heunggongvirae;Uroviricota;Caudoviricetes;;	geNomad_predicted_score_reported	caller_predicted_provirus_locus	caller_only_not_independently_validated	not_assessed	27004	No	NA	41	13	1	Medium-quality	Genome-fragment	83.25	AAI-based (high-confidence)	0.0	1.0		83.25	AAI-based (high-confidence)	0.0	completed
ph_g20117be12393b68a12fb_c8bed99a709a6d84c4e4316d470551cd	GCF_026966255.1	GCF_026966255.1	g20117be12393b68a12fb	g20117be12393b68a12fb_c4c63726de33ea96fa42cde7e	NZ_JAPUAQ010000015.1	provirus_locus	46535	73299	+	+	26764	73300	false	false	genomad_raw_v1		b6eb2e3f414d50dc113e4368e1bcba706929e42afdbefb80694bf66ee73b3b7f	b6eb2e3f414d50dc113e4368e1bcba706929e42afdbefb80694bf66ee73b3b7f	geNomad	g20117be12393b68a12fb_c4c63726de33ea96fa42cde7e|provirus_46536_73299	Provirus	46536-73299	0.9744	NA	42	9	43.5590	11	Viruses;Duplodnaviria;Heunggongvirae;Uroviricota;Caudoviricetes;;	geNomad_predicted_score_reported	caller_predicted_provirus_locus	caller_only_not_independently_validated	not_assessed	26764	No	NA	42	11	1	Medium-quality	Genome-fragment	72.36	AAI-based (medium-confidence)	0.0	1.0		72.36	AAI-based (medium-confidence)	0.0	completed
ph_g5af49c706a57e732aa5b_395eccc40a4c8fcde832c757c25e89f4	GCF_026966425.1	GCF_026966425.1	g5af49c706a57e732aa5b	g5af49c706a57e732aa5b_c4e2932858e836fe8e7e78e49	NZ_JAPUAH010000024.1	provirus_locus	0	8914	+	+	8914	32886	true	false	genomad_raw_v1		80f91ba34ed3e2296b326e9938a6c7a7ff6abb17e6227139f419dff656503b2a	80f91ba34ed3e2296b326e9938a6c7a7ff6abb17e6227139f419dff656503b2a	geNomad	g5af49c706a57e732aa5b_c4e2932858e836fe8e7e78e49|provirus_1_8914	Provirus	1-8914	0.9111	NA	19	0	12.5012	11	Viruses;Duplodnaviria;Heunggongvirae;Uroviricota;Caudoviricetes;;	geNomad_predicted_score_reported	caller_predicted_provirus_locus	caller_only_not_independently_validated	not_assessed	8914	No	NA	19	0	1	Not-determined	Genome-fragment	NA	NA	0.0	1.01	no viral genes detected	unknown	unknown	0.0	completed
ph_g5af49c706a57e732aa5b_635f83a0fa9553f203019e798e312426	GCF_026966425.1	GCF_026966425.1	g5af49c706a57e732aa5b	g5af49c706a57e732aa5b_cb9c1d2c14f45e17c388697ca	NZ_JAPUAH010000007.1	provirus_locus	273541	305129	+	+	31588	305129	false	true	genomad_raw_v1		2624d7449d8492933ce3847001ceaa1642f5b9f02eb4b69264596e5d51ddf297	2624d7449d8492933ce3847001ceaa1642f5b9f02eb4b69264596e5d51ddf297	geNomad	g5af49c706a57e732aa5b_cb9c1d2c14f45e17c388697ca|provirus_273542_305129	Provirus	273542-305129	0.9260	NA	35	3	42.1865	11	Viruses;Duplodnaviria;Heunggongvirae;Uroviricota;Caudoviricetes;;	geNomad_predicted_score_reported	caller_predicted_provirus_locus	caller_only_not_independently_validated	not_assessed	31588	No	NA	35	3	2	Medium-quality	Genome-fragment	52.8	AAI-based (medium-confidence)	0.0	1.0		52.8	AAI-based (medium-confidence)	0.0	completed
ph_g5af49c706a57e732aa5b_6fd67e464306be72930b3242433275d5	GCF_026966425.1	GCF_026966425.1	g5af49c706a57e732aa5b	g5af49c706a57e732aa5b_c8dcd2ec78b88037a4418f1a1	NZ_JAPUAH010000030.1	full_contig_virus	0	2610	+	+	2610	2610	true	true	genomad_raw_v1		e7013987390a7af65f1da64df9aad4fc23276a7f420c6eca85b8687f8411fa1f	e7013987390a7af65f1da64df9aad4fc23276a7f420c6eca85b8687f8411fa1f	geNomad	g5af49c706a57e732aa5b_c8dcd2ec78b88037a4418f1a1	ITR	NA	0.7168	NA	2	1	1.7183	11	Viruses;Duplodnaviria;Heunggongvirae;Uroviricota;Caudoviricetes;;	geNomad_predicted_score_reported	unknown	full_contig_extent_integration_unknown	not_assessed	2610	No	NA	2	0	2	Not-determined	Genome-fragment	NA	NA	0.0	1.03	no viral genes detected; low-confidence ITR	unknown	unknown	0.0	completed
ph_g5af49c706a57e732aa5b_9f499204128fa15a97a0d2867d59ce67	GCF_026966425.1	GCF_026966425.1	g5af49c706a57e732aa5b	g5af49c706a57e732aa5b_c5ab58eb38baba9c3806a9ad8	NZ_JAPUAH010000004.1	provirus_locus	162741	204941	+	+	42200	367320	false	false	genomad_raw_v1		2378c2d0630bfa5227b117f77e22c8c5e203edc207c042a781aa4e077fd77ba2	2378c2d0630bfa5227b117f77e22c8c5e203edc207c042a781aa4e077fd77ba2	geNomad	g5af49c706a57e732aa5b_c5ab58eb38baba9c3806a9ad8|provirus_162742_204941	Provirus	162742-204941	0.9684	NA	55	12	46.7789	11	Viruses;Duplodnaviria;Heunggongvirae;Uroviricota;Caudoviricetes;;	geNomad_predicted_score_reported	caller_predicted_provirus_locus	caller_only_not_independently_validated	not_assessed	42200	Yes	39341	55	13	3	High-quality	High-quality	97.27	AAI-based (high-confidence)	6.77	1.0		97.27	AAI-based (high-confidence)	6.77	completed
ph_g5af49c706a57e732aa5b_bb791fdd204f667a02d3fee226bdb97c	GCF_026966425.1	GCF_026966425.1	g5af49c706a57e732aa5b	g5af49c706a57e732aa5b_c434de84c8a1813dd4cc7b3dd	NZ_JAPUAH010000009.1	provirus_locus	123292	141673	+	+	18381	199998	false	false	genomad_raw_v1		2ecc7a676abd3c9bf472145401e042aa4351c913856c88568e27a5d2ef301f5c	2ecc7a676abd3c9bf472145401e042aa4351c913856c88568e27a5d2ef301f5c	geNomad	g5af49c706a57e732aa5b_c434de84c8a1813dd4cc7b3dd|provirus_123293_141673	Provirus	123293-141673	0.9476	NA	22	2	20.6194	11	Viruses;Duplodnaviria;Heunggongvirae;Uroviricota;Caudoviricetes;;	geNomad_predicted_score_reported	caller_predicted_provirus_locus	caller_only_not_independently_validated	not_assessed	18381	No	NA	21	0	3	Not-determined	Genome-fragment	NA	NA	0.0	1.0	no viral genes detected	unknown	unknown	0.0	completed
ph_g6be3e958a07406782b77_2478d1f7ecb7607cd2bb3445a4fc82d9	GCF_026966435.1	GCF_026966435.1	g6be3e958a07406782b77	g6be3e958a07406782b77_c7043c7836bc8a5e9b42dad79	NZ_JAPUAK010000002.1	provirus_locus	65224	81909	+	+	16685	678600	false	false	genomad_raw_v1		c2443408a2ccbc48a23cdc8f4cbc10141ce128f28b1ed1e96b5aaf76738f34a1	c2443408a2ccbc48a23cdc8f4cbc10141ce128f28b1ed1e96b5aaf76738f34a1	geNomad	g6be3e958a07406782b77_c7043c7836bc8a5e9b42dad79|provirus_65225_81909	Provirus	65225-81909	0.7308	NA	17	1	12.0280	11	Viruses;Duplodnaviria;Heunggongvirae;Uroviricota;Caudoviricetes;;	geNomad_predicted_score_reported	caller_predicted_provirus_locus	caller_only_not_independently_validated	not_assessed	16685	No	NA	18	0	3	Not-determined	Genome-fragment	NA	NA	0.0	1.0	no viral genes detected	unknown	unknown	0.0	completed
ph_g6be3e958a07406782b77_27e2d26c1fb865b33a18e9eba98a6ed5	GCF_026966435.1	GCF_026966435.1	g6be3e958a07406782b77	g6be3e958a07406782b77_c1e8c72bad20e30b8a13cb09e	NZ_JAPUAK010000012.1	provirus_locus	87174	142647	+	+	55473	142697	false	false	genomad_raw_v1		cee79a8fafc5576602baf33313e285986d2c4b68ec6ee9047ba50740339ea679	cee79a8fafc5576602baf33313e285986d2c4b68ec6ee9047ba50740339ea679	geNomad	g6be3e958a07406782b77_c1e8c72bad20e30b8a13cb09e|provirus_87175_142647	Provirus	87175-142647	0.9772	NA	78	10	80.4554	11	Viruses;Duplodnaviria;Heunggongvirae;Uroviricota;Caudoviricetes;;	geNomad_predicted_score_reported	caller_predicted_provirus_locus	caller_only_not_independently_validated	not_assessed	55473	No	NA	78	12	1	High-quality	High-quality	90.13	AAI-based (high-confidence)	0.0	1.0		90.13	AAI-based (high-confidence)	0.0	completed
ph_g6be3e958a07406782b77_2f4fba93c2dddf1dd7c63b05a9b275fd	GCF_026966435.1	GCF_026966435.1	g6be3e958a07406782b77	g6be3e958a07406782b77_ccf2778a5d2c043ba25f6d66f	NZ_JAPUAK010000031.1	full_contig_virus	0	4861	+	+	4861	4861	true	true	genomad_raw_v1		26e7f445c8d82208131bc54774064190638690b77ecf470941abc1d5d776972d	26e7f445c8d82208131bc54774064190638690b77ecf470941abc1d5d776972d	geNomad	g6be3e958a07406782b77_ccf2778a5d2c043ba25f6d66f	No terminal repeats	NA	0.7515	NA	6	0	2.5759	11	Viruses;Duplodnaviria;Heunggongvirae;Uroviricota;Caudoviricetes;;	geNomad_predicted_score_reported	unknown	full_contig_extent_integration_unknown	not_assessed	4861	No	NA	6	0	1	Not-determined	Genome-fragment	NA	NA	0.0	1.0	no viral genes detected	unknown	unknown	0.0	completed
ph_g6be3e958a07406782b77_588dca23aa205d41f3087fcf33642c70	GCF_026966435.1	GCF_026966435.1	g6be3e958a07406782b77	g6be3e958a07406782b77_c1e12644fc9a50b8c8cf3bcd0	NZ_JAPUAK010000003.1	provirus_locus	288618	350105	+	+	61487	562693	false	false	genomad_raw_v1		0f590b0e5cdecc053da6c54692e1a2baba40fe286c2395fb04aa28d701cda428	0f590b0e5cdecc053da6c54692e1a2baba40fe286c2395fb04aa28d701cda428	geNomad	g6be3e958a07406782b77_c1e12644fc9a50b8c8cf3bcd0|provirus_288619_350105	Provirus	288619-350105	0.9521	NA	77	6	54.2244	11	Viruses;Duplodnaviria;Heunggongvirae;Uroviricota;Caudoviricetes;;	geNomad_predicted_score_reported	caller_predicted_provirus_locus	caller_only_not_independently_validated	not_assessed	61487	Yes	58887	77	4	4	High-quality	High-quality	100.0	AAI-based (high-confidence)	4.23	1.0		100.0	AAI-based (high-confidence)	4.23	completed
ph_g6be3e958a07406782b77_7c27dce1f0c66bf42d8e7f7d7eea9c6f	GCF_026966435.1	GCF_026966435.1	g6be3e958a07406782b77	g6be3e958a07406782b77_c8a95811dcaff47b47399f49b	NZ_JAPUAK010000001.1	provirus_locus	163740	205284	+	+	41544	687960	false	false	genomad_raw_v1		62fb1a4cfa9d8f2965211656a6fa7de62de28efe28e43d99a95f7b0a232ee597	62fb1a4cfa9d8f2965211656a6fa7de62de28efe28e43d99a95f7b0a232ee597	geNomad	g6be3e958a07406782b77_c8a95811dcaff47b47399f49b|provirus_163741_205284	Provirus	163741-205284	0.9270	NA	54	3	57.9001	11	Viruses;Duplodnaviria;Heunggongvirae;Uroviricota;Caudoviricetes;;	geNomad_predicted_score_reported	caller_predicted_provirus_locus	caller_only_not_independently_validated	not_assessed	41544	Yes	34816	54	5	4	Medium-quality	Genome-fragment	57.78	AAI-based (medium-confidence)	16.19	1.0		57.78	AAI-based (medium-confidence)	16.19	completed
ph_g6be3e958a07406782b77_f856c051887354eb4ef4bd133f9a5355	GCF_026966435.1	GCF_026966435.1	g6be3e958a07406782b77	g6be3e958a07406782b77_c1e12644fc9a50b8c8cf3bcd0	NZ_JAPUAK010000003.1	provirus_locus	444152	465744	+	+	21592	562693	false	false	genomad_raw_v1		6ecc3762b805efa6f73a31e50e91fd9fb5669a5a3f6bbf5ff9d714896c66f212	6ecc3762b805efa6f73a31e50e91fd9fb5669a5a3f6bbf5ff9d714896c66f212	geNomad	g6be3e958a07406782b77_c1e12644fc9a50b8c8cf3bcd0|provirus_444153_465744	Provirus	444153-465744	0.7080	NA	26	0	9.3448	11	Viruses;Duplodnaviria;Heunggongvirae;Uroviricota;Caudoviricetes;;	geNomad_predicted_score_reported	caller_predicted_provirus_locus	caller_only_not_independently_validated	not_assessed	21592	No	NA	24	0	11	Not-determined	Genome-fragment	NA	NA	0.0	1.0	no viral genes detected	unknown	unknown	0.0	completed
ph_g6056d898241bc4f3b67d_0b3610a4296b344f3aef898c9a41bee1	GCF_026966445.1	GCF_026966445.1	g6056d898241bc4f3b67d	g6056d898241bc4f3b67d_c5771dccca3cbd5d6569b8a77	NZ_JAPUAG010000031.1	full_contig_virus	0	6866	+	+	6866	6866	true	true	genomad_raw_v1		88d767f5880e5e0082ce66a116ba330537039360a76f077db86f1936c72a4ad7	88d767f5880e5e0082ce66a116ba330537039360a76f077db86f1936c72a4ad7	geNomad	g6056d898241bc4f3b67d_c5771dccca3cbd5d6569b8a77	No terminal repeats	NA	0.7762	NA	9	1	2.8432	11	Viruses;Duplodnaviria;Heunggongvirae;Uroviricota;Caudoviricetes;;	geNomad_predicted_score_reported	unknown	full_contig_extent_integration_unknown	not_assessed	6866	No	NA	9	0	1	Low-quality	Genome-fragment	11.56	AAI-based (high-confidence)	0.0	1.0	no viral genes detected	11.56	AAI-based (high-confidence)	0.0	completed
ph_g6056d898241bc4f3b67d_694722cbb71611c36fd737435b699679	GCF_026966445.1	GCF_026966445.1	g6056d898241bc4f3b67d	g6056d898241bc4f3b67d_cd4f91994fa8fafe3ad9ef622	NZ_JAPUAG010000007.1	provirus_locus	51160	97677	+	+	46517	271128	false	false	genomad_raw_v1		96e33cc2b62e0e441885fe40bd91942618ade4ddcbd1759c91f93a45844df535	96e33cc2b62e0e441885fe40bd91942618ade4ddcbd1759c91f93a45844df535	geNomad	g6056d898241bc4f3b67d_cd4f91994fa8fafe3ad9ef622|provirus_51161_97677	Provirus	51161-97677	0.9635	NA	57	6	48.8576	11	Viruses;Duplodnaviria;Heunggongvirae;Uroviricota;Caudoviricetes;;	geNomad_predicted_score_reported	caller_predicted_provirus_locus	caller_only_not_independently_validated	not_assessed	46517	Yes	42742	57	5	4	High-quality	High-quality	93.75	AAI-based (medium-confidence)	8.12	1.01		93.75	AAI-based (medium-confidence)	8.12	completed
ph_g6056d898241bc4f3b67d_7d379c9afcbab252729091712d816f87	GCF_026966445.1	GCF_026966445.1	g6056d898241bc4f3b67d	g6056d898241bc4f3b67d_ceba392e02d9b50e93be5a217	NZ_JAPUAG010000017.1	provirus_locus	2	59160	+	+	59158	94770	false	false	genomad_raw_v1		c5d1781b46bfdff5b71c2e6100463db97c194fd7ff79a14d94b33b21d93e8692	c5d1781b46bfdff5b71c2e6100463db97c194fd7ff79a14d94b33b21d93e8692	geNomad	g6056d898241bc4f3b67d_ceba392e02d9b50e93be5a217|provirus_3_59160	Provirus	3-59160	0.9745	NA	88	8	90.2364	11	Viruses;Duplodnaviria;Heunggongvirae;Uroviricota;Caudoviricetes;;	geNomad_predicted_score_reported	caller_predicted_provirus_locus	caller_only_not_independently_validated	not_assessed	59158	No	NA	88	18	2	High-quality	High-quality	98.46	AAI-based (high-confidence)	0.0	1.0		98.46	AAI-based (high-confidence)	0.0	completed
ph_g6056d898241bc4f3b67d_9bcf06a8beacbd0627378a19eacdfe74	GCF_026966445.1	GCF_026966445.1	g6056d898241bc4f3b67d	g6056d898241bc4f3b67d_ccc0d29d3baeb64efd52b417f	NZ_JAPUAG010000004.1	provirus_locus	22823	65486	+	+	42663	503960	false	false	genomad_raw_v1		a84002f6b18eb30c461c0a5e35a24f382efb72bf796c3f3f7cdff0855ac73a02	a84002f6b18eb30c461c0a5e35a24f382efb72bf796c3f3f7cdff0855ac73a02	geNomad	g6056d898241bc4f3b67d_ccc0d29d3baeb64efd52b417f|provirus_22824_65486	Provirus	22824-65486	0.9084	NA	59	3	57.0680	11	Viruses;Duplodnaviria;Heunggongvirae;Uroviricota;Caudoviricetes;;	geNomad_predicted_score_reported	caller_predicted_provirus_locus	caller_only_not_independently_validated	not_assessed	42663	Yes	35809	59	3	4	Medium-quality	Genome-fragment	59.82	AAI-based (medium-confidence)	16.07	1.0		59.82	AAI-based (medium-confidence)	16.07	completed
ph_g467af8064645802a9819_0fe24fe59b9f14cb85083a3c2a74c8fc	GCF_026966455.1	GCF_026966455.1	g467af8064645802a9819	g467af8064645802a9819_c9798b0d526d84b4701c0a5bf	NZ_JAPUAI010000054.1	full_contig_virus	0	36014	+	+	36014	36014	true	true	genomad_raw_v1		c578e92fd4235fdef145dfceec7841b471f164631cb32541a8ce261ed2ee5c78	c578e92fd4235fdef145dfceec7841b471f164631cb32541a8ce261ed2ee5c78	geNomad	g467af8064645802a9819_c9798b0d526d84b4701c0a5bf	No terminal repeats	NA	0.8848	NA	45	4	51.6217	11	Viruses;Duplodnaviria;Heunggongvirae;Uroviricota;Caudoviricetes;;	geNomad_predicted_score_reported	unknown	full_contig_extent_integration_unknown	not_assessed	36014	Yes	30918	45	3	2	Medium-quality	Genome-fragment	51.29	AAI-based (medium-confidence)	14.15	1.0		51.29	AAI-based (medium-confidence)	14.15	completed
ph_g467af8064645802a9819_1fc7b849950f0a8a3dd625636f9bd4d4	GCF_026966455.1	GCF_026966455.1	g467af8064645802a9819	g467af8064645802a9819_cbf2ec56d3b8db227ebe9f539	NZ_JAPUAI010000072.1	provirus_locus	4631	26910	+	+	22279	27151	false	false	genomad_raw_v1		e42915674dbca0a22625ebda34f3f7dcf810547c9bc53238c50ac6eeb9ddfe4a	e42915674dbca0a22625ebda34f3f7dcf810547c9bc53238c50ac6eeb9ddfe4a	geNomad	g467af8064645802a9819_cbf2ec56d3b8db227ebe9f539|provirus_4632_26910	Provirus	4632-26910	0.8428	NA	27	1	10.8948	11	Viruses;Duplodnaviria;Heunggongvirae;Uroviricota;Caudoviricetes;;	geNomad_predicted_score_reported	caller_predicted_provirus_locus	caller_only_not_independently_validated	not_assessed	22279	No	NA	26	1	0	Low-quality	Genome-fragment	12.08	HMM-based (lower-bound)	0.0	1.0		12.08	HMM-based (lower-bound)	0.0	completed
ph_g467af8064645802a9819_2f2e807655206317da5b6de496612dc1	GCF_026966455.1	GCF_026966455.1	g467af8064645802a9819	g467af8064645802a9819_cc6e82ca6f6da9b2a8ba9e10e	NZ_JAPUAI010000003.1	provirus_locus	94236	126841	+	+	32605	126843	false	false	genomad_raw_v1		021a3dd13fe2b62c1e46b9b6c6390a0f5e7f9a4e115e730ece975ccf43bfce60	021a3dd13fe2b62c1e46b9b6c6390a0f5e7f9a4e115e730ece975ccf43bfce60	geNomad	g467af8064645802a9819_cc6e82ca6f6da9b2a8ba9e10e|provirus_94237_126841	Provirus	94237-126841	0.9766	NA	45	10	44.7041	11	Viruses;Duplodnaviria;Heunggongvirae;Uroviricota;Caudoviricetes;;	geNomad_predicted_score_reported	caller_predicted_provirus_locus	caller_only_not_independently_validated	not_assessed	32605	No	NA	45	10	1	Medium-quality	Genome-fragment	87.95	AAI-based (medium-confidence)	0.0	1.0		87.95	AAI-based (medium-confidence)	0.0	completed
ph_g467af8064645802a9819_46796d1b534f332e55602ef2a0f4fac0	GCF_026966455.1	GCF_026966455.1	g467af8064645802a9819	g467af8064645802a9819_cacb803b5193ddc452bff0825	NZ_JAPUAI010000106.1	full_contig_virus	0	16198	+	+	16198	16198	true	true	genomad_raw_v1		659378bb0359a48065a3b7dc65534e6d2002a22641c02e294009578c7c2c7117	659378bb0359a48065a3b7dc65534e6d2002a22641c02e294009578c7c2c7117	geNomad	g467af8064645802a9819_cacb803b5193ddc452bff0825	No terminal repeats	NA	0.8033	NA	11	1	3.6855	11	Viruses;Duplodnaviria;Heunggongvirae;Uroviricota;Caudoviricetes;;	geNomad_predicted_score_reported	unknown	full_contig_extent_integration_unknown	not_assessed	16198	No	NA	11	0	3	Not-determined	Genome-fragment	NA	NA	0.0	1.0	no viral genes detected	unknown	unknown	0.0	completed
ph_g467af8064645802a9819_4a06721c09f2a8552d1679962e8691c0	GCF_026966455.1	GCF_026966455.1	g467af8064645802a9819	g467af8064645802a9819_c61771d5dec88a203faa6d3d7	NZ_JAPUAI010000113.1	full_contig_virus	0	14239	+	+	14239	14239	true	true	genomad_raw_v1		1df49e9aa03b40654f6b19eb9db5b2a7a28a7643ffd1d7948995c0f757027e2c	1df49e9aa03b40654f6b19eb9db5b2a7a28a7643ffd1d7948995c0f757027e2c	geNomad	g467af8064645802a9819_c61771d5dec88a203faa6d3d7	No terminal repeats	NA	0.7501	NA	19	0	12.0211	11	Viruses;Duplodnaviria;Heunggongvirae;Uroviricota;Caudoviricetes;;	geNomad_predicted_score_reported	unknown	full_contig_extent_integration_unknown	not_assessed	14239	No	NA	19	1	0	Low-quality	Genome-fragment	28.84	AAI-based (medium-confidence)	0.0	1.01		28.84	AAI-based (medium-confidence)	0.0	completed
ph_g467af8064645802a9819_515689a41a6b2315bbe38a409ce548ad	GCF_026966455.1	GCF_026966455.1	g467af8064645802a9819	g467af8064645802a9819_cac1d8186870003f07563ebc7	NZ_JAPUAI010000144.1	full_contig_virus	0	6158	+	+	6158	6158	true	true	genomad_raw_v1		a931919ff011c6a455a20cbf7b3a012c89295fea6d7ce83cb2fa03bc6680d3fa	a931919ff011c6a455a20cbf7b3a012c89295fea6d7ce83cb2fa03bc6680d3fa	geNomad	g467af8064645802a9819_cac1d8186870003f07563ebc7	No terminal repeats	NA	0.8847	NA	9	1	3.2256	11	Viruses;Duplodnaviria;Heunggongvirae;Uroviricota;Caudoviricetes;;	geNomad_predicted_score_reported	unknown	full_contig_extent_integration_unknown	not_assessed	6158	No	NA	9	1	1	Low-quality	Genome-fragment	6.11	HMM-based (lower-bound)	0.0	1.0		6.11	HMM-based (lower-bound)	0.0	completed
ph_g467af8064645802a9819_7e4706f8f3bdc7079b15b484fe0082b1	GCF_026966455.1	GCF_026966455.1	g467af8064645802a9819	g467af8064645802a9819_c912b6109fc346cef9c0a3130	NZ_JAPUAI010000142.1	full_contig_virus	0	6559	+	+	6559	6559	true	true	genomad_raw_v1		b09540c93f8a4e48b8c1e269418a729e07b0fb6eb5552e3c2061d5628de6a955	b09540c93f8a4e48b8c1e269418a729e07b0fb6eb5552e3c2061d5628de6a955	geNomad	g467af8064645802a9819_c912b6109fc346cef9c0a3130	No terminal repeats	NA	0.9121	NA	10	1	4.8194	11	Viruses;Duplodnaviria;Heunggongvirae;Uroviricota;Caudoviricetes;;	geNomad_predicted_score_reported	unknown	full_contig_extent_integration_unknown	not_assessed	6559	No	NA	10	0	1	Not-determined	Genome-fragment	NA	NA	0.0	1.0	no viral genes detected	unknown	unknown	0.0	completed
ph_g467af8064645802a9819_8bf9a9984feadc3e50f1902347239d72	GCF_026966455.1	GCF_026966455.1	g467af8064645802a9819	g467af8064645802a9819_cbb71bc4bcd9a7fc2b06da755	NZ_JAPUAI010000168.1	full_contig_virus	0	3479	+	+	3479	3479	true	true	genomad_raw_v1		41b62fcad56bb1ed779d56a9623477ad4411ea2e341a7a952f06b1f82c9d262e	41b62fcad56bb1ed779d56a9623477ad4411ea2e341a7a952f06b1f82c9d262e	geNomad	g467af8064645802a9819_cbb71bc4bcd9a7fc2b06da755	No terminal repeats	NA	0.8200	NA	5	0	3.7444	11	Viruses;Duplodnaviria;Heunggongvirae;Uroviricota;Caudoviricetes;;	geNomad_predicted_score_reported	unknown	full_contig_extent_integration_unknown	not_assessed	3479	No	NA	5	1	0	Low-quality	Genome-fragment	4.89	AAI-based (medium-confidence)	0.0	1.0		4.89	AAI-based (medium-confidence)	0.0	completed
ph_g467af8064645802a9819_b249ef822debd4ff74974f18ff1c1737	GCF_026966455.1	GCF_026966455.1	g467af8064645802a9819	g467af8064645802a9819_c68f00d876768ab08d2eaa427	NZ_JAPUAI010000058.1	full_contig_virus	0	34428	+	+	34428	34428	true	true	genomad_raw_v1		715e4e70993d1684cfcdb658224e6c54808407d5b12d020bf0970806f14f9ae2	715e4e70993d1684cfcdb658224e6c54808407d5b12d020bf0970806f14f9ae2	geNomad	g467af8064645802a9819_c68f00d876768ab08d2eaa427	No terminal repeats	NA	0.7554	NA	35	2	1.3791	11	Viruses;Duplodnaviria;Heunggongvirae;Uroviricota;Caudoviricetes;;	geNomad_predicted_score_reported	unknown	full_contig_extent_integration_unknown	not_assessed	34428	No	NA	35	1	5	Low-quality	Genome-fragment	39.78	HMM-based (lower-bound)	0.0	1.0		39.78	HMM-based (lower-bound)	0.0	completed
ph_g467af8064645802a9819_ba3599b51d6e8606fb9c3ec061e357ea	GCF_026966455.1	GCF_026966455.1	g467af8064645802a9819	g467af8064645802a9819_cfdea925ce2c3fdaf51c6e74c	NZ_JAPUAI010000012.1	provirus_locus	38679	95814	+	+	57135	95956	false	false	genomad_raw_v1		9075231c8d627ffd10a75cc0cafb2af3c92d6790e9c8f98fde02b5520e260674	9075231c8d627ffd10a75cc0cafb2af3c92d6790e9c8f98fde02b5520e260674	geNomad	g467af8064645802a9819_cfdea925ce2c3fdaf51c6e74c|provirus_38680_95814	Provirus	38680-95814	0.9766	NA	74	8	99.1226	11	Viruses;Duplodnaviria;Heunggongvirae;Uroviricota;Caudoviricetes;;	geNomad_predicted_score_reported	caller_predicted_provirus_locus	caller_only_not_independently_validated	not_assessed	57135	Yes	55305	74	13	3	High-quality	High-quality	94.73	AAI-based (high-confidence)	3.2	1.0		94.73	AAI-based (high-confidence)	3.2	completed
ph_g467af8064645802a9819_ef3bc470f30ba412c141c0f8934b49de	GCF_026966455.1	GCF_026966455.1	g467af8064645802a9819	g467af8064645802a9819_cc6d878989b9a3effa61fa72d	NZ_JAPUAI010000179.1	full_contig_virus	0	2814	+	+	2814	2814	true	true	genomad_raw_v1		b594d3ff5d522e5baa404bc2d6623e04b0a1fc48abe7e618459dd54145145f7a	b594d3ff5d522e5baa404bc2d6623e04b0a1fc48abe7e618459dd54145145f7a	geNomad	g467af8064645802a9819_cc6d878989b9a3effa61fa72d	No terminal repeats	NA	0.9414	NA	2	0	1.7183	11	Viruses;Duplodnaviria;Heunggongvirae;Uroviricota;Caudoviricetes;;	geNomad_predicted_score_reported	unknown	full_contig_extent_integration_unknown	not_assessed	2814	No	NA	2	1	0	Low-quality	Genome-fragment	1.65	HMM-based (lower-bound)	0.0	1.0		1.65	HMM-based (lower-bound)	0.0	completed
ph_g621bd1d2973af0a86982_4c567da31368cc6d953be1dd2cc1d9a9	GCF_026966515.1	GCF_026966515.1	g621bd1d2973af0a86982	g621bd1d2973af0a86982_cb9e6471012baca80cbb059f2	NZ_JAPUAF010000053.1	full_contig_virus	0	2551	+	+	2551	2551	true	true	genomad_raw_v1		efd1166e045a72bb157a07db7cba8176da6b166da9486d15be56dd66f5d5b41a	efd1166e045a72bb157a07db7cba8176da6b166da9486d15be56dd66f5d5b41a	geNomad	g621bd1d2973af0a86982_cb9e6471012baca80cbb059f2	No terminal repeats	NA	0.9652	NA	1	0	1.7183	11	Viruses;Duplodnaviria;Heunggongvirae;Uroviricota;Caudoviricetes;;	geNomad_predicted_score_reported	unknown	full_contig_extent_integration_unknown	not_assessed	2551	No	NA	1	1	0	Low-quality	Genome-fragment	5.5	AAI-based (high-confidence)	0.0	1.0		5.5	AAI-based (high-confidence)	0.0	completed
ph_g621bd1d2973af0a86982_57cfece55e17ab11bd01b39bc24587f7	GCF_026966515.1	GCF_026966515.1	g621bd1d2973af0a86982	g621bd1d2973af0a86982_cecf5fb7f6d7ee285c6222362	NZ_JAPUAF010000024.1	provirus_locus	63168	69966	+	+	6798	69966	false	true	genomad_raw_v1		32afd5a20ab4b3f752b9ab6db51c5aeba1093eb5f21c235afd6f53bd759cf467	32afd5a20ab4b3f752b9ab6db51c5aeba1093eb5f21c235afd6f53bd759cf467	geNomad	g621bd1d2973af0a86982_cecf5fb7f6d7ee285c6222362|provirus_63169_69966	Provirus	63169-69966	0.9475	NA	12	1	8.5870	11	Viruses;Duplodnaviria;Heunggongvirae;Uroviricota;Caudoviricetes;;	geNomad_predicted_score_reported	caller_predicted_provirus_locus	caller_only_not_independently_validated	not_assessed	6798	No	NA	12	1	2	Low-quality	Genome-fragment	11.34	AAI-based (medium-confidence)	0.0	1.0		11.34	AAI-based (medium-confidence)	0.0	completed
ph_g621bd1d2973af0a86982_5fc0133f60fd4c4dc571c1bfcb8eb0dd	GCF_026966515.1	GCF_026966515.1	g621bd1d2973af0a86982	g621bd1d2973af0a86982_c43d7844d723f284c39a77a02	NZ_JAPUAF010000035.1	full_contig_virus	0	22411	+	+	22411	22411	true	true	genomad_raw_v1		dd405761f094c0a9e63dc34d9d0d77b98b23e93e7bcc8a82f73808b5f32e9d17	dd405761f094c0a9e63dc34d9d0d77b98b23e93e7bcc8a82f73808b5f32e9d17	geNomad	g621bd1d2973af0a86982_c43d7844d723f284c39a77a02	No terminal repeats	NA	0.9790	NA	30	9	36.3186	11	Viruses;Duplodnaviria;Heunggongvirae;Uroviricota;Caudoviricetes;;	geNomad_predicted_score_reported	unknown	full_contig_extent_integration_unknown	not_assessed	22411	No	NA	30	10	0	Medium-quality	Genome-fragment	60.39	AAI-based (medium-confidence)	0.0	1.0		60.39	AAI-based (medium-confidence)	0.0	completed
ph_g621bd1d2973af0a86982_8ef9e8c8311fe4b9f23e91bbe6bd4327	GCF_026966515.1	GCF_026966515.1	g621bd1d2973af0a86982	g621bd1d2973af0a86982_ca53f708ec29527f85a22d96e	NZ_JAPUAF010000041.1	full_contig_virus	0	13017	+	+	13017	13017	true	true	genomad_raw_v1		c80024c28437c261ddece81a1b9badde1b1e8b2c8cd01ccacb7d27d1a4d3106a	c80024c28437c261ddece81a1b9badde1b1e8b2c8cd01ccacb7d27d1a4d3106a	geNomad	g621bd1d2973af0a86982_ca53f708ec29527f85a22d96e	No terminal repeats	NA	0.7128	NA	13	0	2.5759	11	Viruses;Duplodnaviria;Heunggongvirae;Uroviricota;Caudoviricetes;;	geNomad_predicted_score_reported	unknown	full_contig_extent_integration_unknown	not_assessed	13017	No	NA	13	1	6	Not-determined	Genome-fragment	NA	NA	0.0	1.0		unknown	unknown	0.0	completed
ph_g621bd1d2973af0a86982_e00e24a4b202ad5d5dd0049223b41586	GCF_026966515.1	GCF_026966515.1	g621bd1d2973af0a86982	g621bd1d2973af0a86982_cb966c26629ea57f5ebfd1653	NZ_JAPUAF010000052.1	full_contig_virus	0	2813	+	+	2813	2813	true	true	genomad_raw_v1		3b41a6d11c53dd484b1453a0c16f08e433fd9e78f684f8a9efbd4fbcc6f01ad5	3b41a6d11c53dd484b1453a0c16f08e433fd9e78f684f8a9efbd4fbcc6f01ad5	geNomad	g621bd1d2973af0a86982_cb966c26629ea57f5ebfd1653	No terminal repeats	NA	0.9593	NA	5	1	4.6102	11	Viruses;Duplodnaviria;Heunggongvirae;Uroviricota;Caudoviricetes;;	geNomad_predicted_score_reported	unknown	full_contig_extent_integration_unknown	not_assessed	2813	No	NA	5	1	0	Low-quality	Genome-fragment	4.63	AAI-based (medium-confidence)	0.0	1.0		4.63	AAI-based (medium-confidence)	0.0	completed
ph_g621bd1d2973af0a86982_e3fb7dafb82c07cdf329ac290281d664	GCF_026966515.1	GCF_026966515.1	g621bd1d2973af0a86982	g621bd1d2973af0a86982_c7b4101deddeedf4010ab6e83	NZ_JAPUAF010000013.1	provirus_locus	68138	108593	+	+	40455	137608	false	false	genomad_raw_v1		5eb06d3175d7decfc1aff32ee0d86aa4a87967ad16bc0db38be56147b6dba6a5	5eb06d3175d7decfc1aff32ee0d86aa4a87967ad16bc0db38be56147b6dba6a5	geNomad	g621bd1d2973af0a86982_c7b4101deddeedf4010ab6e83|provirus_68139_108593	Provirus	68139-108593	0.9308	NA	51	3	52.6661	11	Viruses;Duplodnaviria;Heunggongvirae;Uroviricota;Caudoviricetes;;	geNomad_predicted_score_reported	caller_predicted_provirus_locus	caller_only_not_independently_validated	not_assessed	40455	Yes	33727	51	3	4	Medium-quality	Genome-fragment	56.38	AAI-based (medium-confidence)	16.63	1.0		56.38	AAI-based (medium-confidence)	16.63	completed
ph_g621bd1d2973af0a86982_ee1e8db67949a6557e639ba0753614c9	GCF_026966515.1	GCF_026966515.1	g621bd1d2973af0a86982	g621bd1d2973af0a86982_c647fc5f4d725ab27f43dfb5f	NZ_JAPUAF010000036.1	full_contig_virus	0	22159	+	+	22159	22159	true	true	genomad_raw_v1		a2252d61c976a2ff6d08e693691b72ede98c27816041a9df945e6b9688a186df	a2252d61c976a2ff6d08e693691b72ede98c27816041a9df945e6b9688a186df	geNomad	g621bd1d2973af0a86982_c647fc5f4d725ab27f43dfb5f	No terminal repeats	NA	0.9801	NA	38	10	43.3552	11	Viruses;Duplodnaviria;Heunggongvirae;Uroviricota;Caudoviricetes;;	geNomad_predicted_score_reported	unknown	full_contig_extent_integration_unknown	not_assessed	22159	No	NA	38	13	0	Medium-quality	Genome-fragment	68.25	AAI-based (high-confidence)	0.0	1.0		68.25	AAI-based (high-confidence)	0.0	completed
ph_g43ec781b7b55728bd250_0e179db6e8ba26cff99ac5f37ffad2c0	GCF_026966535.1	GCF_026966535.1	g43ec781b7b55728bd250	g43ec781b7b55728bd250_ca34faaeb985d5cf948da52f4	NZ_JAPUAE010000024.1	provirus_locus	40565	77560	+	+	36995	84355	false	false	genomad_raw_v1		d933a0bd5c6bb0a5133e45b8dac44993e9109adbf76b98888b6ad2738d145209	d933a0bd5c6bb0a5133e45b8dac44993e9109adbf76b98888b6ad2738d145209	geNomad	g43ec781b7b55728bd250_ca34faaeb985d5cf948da52f4|provirus_40566_77560	Provirus	40566-77560	0.9799	NA	41	11	58.8597	11	Viruses;Duplodnaviria;Heunggongvirae;Uroviricota;Caudoviricetes;;	geNomad_predicted_score_reported	caller_predicted_provirus_locus	caller_only_not_independently_validated	not_assessed	36995	No	NA	41	6	4	Medium-quality	Genome-fragment	86.37	AAI-based (medium-confidence)	0.0	1.0		86.37	AAI-based (medium-confidence)	0.0	completed
ph_g43ec781b7b55728bd250_3a3d78489e963146dba323003b0db748	GCF_026966535.1	GCF_026966535.1	g43ec781b7b55728bd250	g43ec781b7b55728bd250_c21671f2f96514465437f0747	NZ_JAPUAE010000011.1	provirus_locus	0	97376	+	+	97376	189475	true	false	genomad_raw_v1		96e5d05724422c50577bae4d91a7c7e4abb06cc28acc96368bf8905d106fa97b	96e5d05724422c50577bae4d91a7c7e4abb06cc28acc96368bf8905d106fa97b	geNomad	g43ec781b7b55728bd250_c21671f2f96514465437f0747|provirus_1_97376	Provirus	1-97376	0.9454	NA	113	8	132.6105	11	Viruses;Duplodnaviria;Heunggongvirae;Uroviricota;Caudoviricetes;;	geNomad_predicted_score_reported	caller_predicted_provirus_locus	caller_only_not_independently_validated	not_assessed	97376	No	NA	115	11	5	Medium-quality	Genome-fragment	87.72	AAI-based (medium-confidence)	0.0	1.0		87.72	AAI-based (medium-confidence)	0.0	completed
ph_g43ec781b7b55728bd250_9505610c7c3475bae1c375ef66770dee	GCF_026966535.1	GCF_026966535.1	g43ec781b7b55728bd250	g43ec781b7b55728bd250_c0578d53321fd09ef9907f928	NZ_JAPUAE010000023.1	provirus_locus	39342	98240	+	+	58898	98363	false	false	genomad_raw_v1		791d2fe7030d66dcb8ed91b0d2a9907fecfb68fea99ec572b477e365770868f5	791d2fe7030d66dcb8ed91b0d2a9907fecfb68fea99ec572b477e365770868f5	geNomad	g43ec781b7b55728bd250_c0578d53321fd09ef9907f928|provirus_39343_98240	Provirus	39343-98240	0.9765	NA	79	8	108.6707	11	Viruses;Duplodnaviria;Heunggongvirae;Uroviricota;Caudoviricetes;;	geNomad_predicted_score_reported	caller_predicted_provirus_locus	caller_only_not_independently_validated	not_assessed	58898	Yes	57067	79	13	3	High-quality	High-quality	97.77	AAI-based (high-confidence)	3.11	1.0		97.77	AAI-based (high-confidence)	3.11	completed
ph_g43ec781b7b55728bd250_95a1a77310abefbe2e3640254f9e93e1	GCF_026966535.1	GCF_026966535.1	g43ec781b7b55728bd250	g43ec781b7b55728bd250_c55d6514ab8963c86eb025317	NZ_JAPUAE010000008.1	provirus_locus	168306	203250	+	+	34944	203252	false	false	genomad_raw_v1		2add14b04096dbc3d758c6a9088a8aa5bb931844f6433bc0b5307ac6c3a8cf7f	2add14b04096dbc3d758c6a9088a8aa5bb931844f6433bc0b5307ac6c3a8cf7f	geNomad	g43ec781b7b55728bd250_c55d6514ab8963c86eb025317|provirus_168307_203250	Provirus	168307-203250	0.9283	NA	39	3	43.3383	11	Viruses;Duplodnaviria;Heunggongvirae;Uroviricota;Caudoviricetes;;	geNomad_predicted_score_reported	caller_predicted_provirus_locus	caller_only_not_independently_validated	not_assessed	34944	Yes	27414	39	3	4	Low-quality	Genome-fragment	46.2	AAI-based (medium-confidence)	21.55	1.0		46.2	AAI-based (medium-confidence)	21.55	completed
ph_g43ec781b7b55728bd250_a12a2b1eaea97fbe0ebdcd55d230be0a	GCF_026966535.1	GCF_026966535.1	g43ec781b7b55728bd250	g43ec781b7b55728bd250_c234714330445f657443ec75e	NZ_JAPUAE010000026.1	provirus_locus	26825	77882	+	+	51057	77994	false	false	genomad_raw_v1		ef0228e78fd4dfa47dcd28585075852cb6d2d921446faee57a37e29b65effcad	ef0228e78fd4dfa47dcd28585075852cb6d2d921446faee57a37e29b65effcad	geNomad	g43ec781b7b55728bd250_c234714330445f657443ec75e|provirus_26826_77882	Provirus	26826-77882	0.9452	NA	60	6	51.1464	11	Viruses;Duplodnaviria;Heunggongvirae;Uroviricota;Caudoviricetes;;	geNomad_predicted_score_reported	caller_predicted_provirus_locus	caller_only_not_independently_validated	not_assessed	51057	Yes	47377	60	7	3	Medium-quality	Genome-fragment	65.6	AAI-based (medium-confidence)	7.21	1.0		65.6	AAI-based (medium-confidence)	7.21	completed
ph_g43ec781b7b55728bd250_df2dfbbe7a5656d8814f34f76075abe8	GCF_026966535.1	GCF_026966535.1	g43ec781b7b55728bd250	g43ec781b7b55728bd250_c32f1f1d546f01c7a48fc1199	NZ_JAPUAE010000003.1	provirus_locus	87655	130486	+	+	42831	287118	false	false	genomad_raw_v1		49b5954574a24938f4c8813892c9de55bc819202bc0bec968f88f12860e790b3	49b5954574a24938f4c8813892c9de55bc819202bc0bec968f88f12860e790b3	geNomad	g43ec781b7b55728bd250_c32f1f1d546f01c7a48fc1199|provirus_87656_130486	Provirus	87656-130486	0.9635	NA	57	13	43.5532	11	Viruses;Duplodnaviria;Heunggongvirae;Uroviricota;Caudoviricetes;;	geNomad_predicted_score_reported	caller_predicted_provirus_locus	caller_only_not_independently_validated	not_assessed	42831	Yes	34412	57	13	3	Medium-quality	Genome-fragment	85.08	AAI-based (high-confidence)	19.66	1.0		85.08	AAI-based (high-confidence)	19.66	completed
ph_g43ec781b7b55728bd250_e02962d16674ec306d607c62be244277	GCF_026966535.1	GCF_026966535.1	g43ec781b7b55728bd250	g43ec781b7b55728bd250_c6beeb6e98055fe747848937d	NZ_JAPUAE010000016.1	provirus_locus	92690	134901	+	+	42211	140840	false	false	genomad_raw_v1		f46d86c1aad71db195d1edb804feeef5b0919945e0121994b88282a517fd31c4	f46d86c1aad71db195d1edb804feeef5b0919945e0121994b88282a517fd31c4	geNomad	g43ec781b7b55728bd250_c6beeb6e98055fe747848937d|provirus_92691_134901	Provirus	92691-134901	0.9743	NA	47	11	67.8591	11	Viruses;Duplodnaviria;Heunggongvirae;Uroviricota;Caudoviricetes;;	geNomad_predicted_score_reported	caller_predicted_provirus_locus	caller_only_not_independently_validated	not_assessed	42211	No	NA	45	5	2	High-quality	High-quality	98.55	AAI-based (high-confidence)	0.0	1.0		98.55	AAI-based (high-confidence)	0.0	completed
ph_gfd48207cdd274bcbace4_346d285402631bb4a71fa0fae301c9f7	GCF_026966575.1	GCF_026966575.1	gfd48207cdd274bcbace4	gfd48207cdd274bcbace4_c593a505f2588134084649ebb	NZ_JAPUAB010000010.1	provirus_locus	113557	182428	+	+	68871	224910	false	false	genomad_raw_v1		af5ceeea6b96cc8a212ebd87c2704e4e1ac1ffef57833c047ba2d6705055b5c7	af5ceeea6b96cc8a212ebd87c2704e4e1ac1ffef57833c047ba2d6705055b5c7	geNomad	gfd48207cdd274bcbace4_c593a505f2588134084649ebb|provirus_113558_182428	Provirus	113558-182428	0.9755	NA	92	8	116.1290	11	Viruses;Duplodnaviria;Heunggongvirae;Uroviricota;Caudoviricetes;;	geNomad_predicted_score_reported	caller_predicted_provirus_locus	caller_only_not_independently_validated	not_assessed	68871	Yes	62267	92	15	4	High-quality	High-quality	100.0	AAI-based (high-confidence)	9.59	1.0		100.0	AAI-based (high-confidence)	9.59	completed
ph_gfd48207cdd274bcbace4_47ebe24359f577d16377563985f95f46	GCF_026966575.1	GCF_026966575.1	gfd48207cdd274bcbace4	gfd48207cdd274bcbace4_cec84708c621f4724530475f0	NZ_JAPUAB010000020.1	provirus_locus	117	33298	+	+	33181	105271	false	false	genomad_raw_v1		bc4a3fd5e318dceca53f69d35024e32a495a79a320c15744a4194afd0ab80258	bc4a3fd5e318dceca53f69d35024e32a495a79a320c15744a4194afd0ab80258	geNomad	gfd48207cdd274bcbace4_cec84708c621f4724530475f0|provirus_118_33298	Provirus	118-33298	0.8835	NA	36	3	41.4238	11	Viruses;Duplodnaviria;Heunggongvirae;Uroviricota;Caudoviricetes;;	geNomad_predicted_score_reported	caller_predicted_provirus_locus	caller_only_not_independently_validated	not_assessed	33181	Yes	26357	36	3	3	Low-quality	Genome-fragment	44.44	AAI-based (medium-confidence)	20.57	1.0		44.44	AAI-based (medium-confidence)	20.57	completed
ph_gfd48207cdd274bcbace4_56206019716313c39de7e68869735444	GCF_026966575.1	GCF_026966575.1	gfd48207cdd274bcbace4	gfd48207cdd274bcbace4_c1dae07c57ab2a02e6e00c2b1	NZ_JAPUAB010000004.1	provirus_locus	201403	218506	+	+	17103	390018	false	false	genomad_raw_v1		0fa870a7e55aa00e790ddcb744b11c3bb1834b426615089356abe6d377dce9ae	0fa870a7e55aa00e790ddcb744b11c3bb1834b426615089356abe6d377dce9ae	geNomad	gfd48207cdd274bcbace4_c1dae07c57ab2a02e6e00c2b1|provirus_201404_218506	Provirus	201404-218506	0.7263	NA	21	0	5.9352	11	Viruses;Duplodnaviria;Heunggongvirae;Uroviricota;Caudoviricetes;;	geNomad_predicted_score_reported	caller_predicted_provirus_locus	caller_only_not_independently_validated	not_assessed	17103	No	NA	23	0	0	Not-determined	Genome-fragment	NA	NA	0.0	1.0	no viral genes detected	unknown	unknown	0.0	completed
ph_gfd48207cdd274bcbace4_5e9b2d981c88a9fa701e2d16c7a7097a	GCF_026966575.1	GCF_026966575.1	gfd48207cdd274bcbace4	gfd48207cdd274bcbace4_ca55ec8da6686db575a291e57	NZ_JAPUAB010000009.1	provirus_locus	193590	225623	+	+	32033	225735	false	false	genomad_raw_v1		3ffcb1a118e4ba29ee3f04472fba6d9cc27b478891dfac8916beeeccce84d727	3ffcb1a118e4ba29ee3f04472fba6d9cc27b478891dfac8916beeeccce84d727	geNomad	gfd48207cdd274bcbace4_ca55ec8da6686db575a291e57|provirus_193591_225623	Provirus	193591-225623	0.9677	NA	39	10	40.4580	11	Viruses;Duplodnaviria;Heunggongvirae;Uroviricota;Caudoviricetes;;	geNomad_predicted_score_reported	caller_predicted_provirus_locus	caller_only_not_independently_validated	not_assessed	32033	Yes	25650	39	11	4	Medium-quality	Genome-fragment	69.17	AAI-based (medium-confidence)	19.93	1.0		69.17	AAI-based (medium-confidence)	19.93	completed
ph_gfd48207cdd274bcbace4_aed99b9afefe912d998c2b0d15784938	GCF_026966575.1	GCF_026966575.1	gfd48207cdd274bcbace4	gfd48207cdd274bcbace4_ce85f76c8c73c3f47d0201471	NZ_JAPUAB010000030.1	full_contig_virus	0	12534	+	+	12534	12534	true	true	genomad_raw_v1		47ad8403054540d54326b0746ff5f68300e75889b29aa7fc2fddbb40e70af7c4	47ad8403054540d54326b0746ff5f68300e75889b29aa7fc2fddbb40e70af7c4	geNomad	gfd48207cdd274bcbace4_ce85f76c8c73c3f47d0201471	No terminal repeats	NA	0.9770	NA	21	2	19.1039	11	Viruses;Duplodnaviria;Heunggongvirae;Uroviricota;Caudoviricetes;;	geNomad_predicted_score_reported	unknown	full_contig_extent_integration_unknown	not_assessed	12534	No	NA	21	4	0	Low-quality	Genome-fragment	20.72	AAI-based (high-confidence)	0.0	1.02		20.72	AAI-based (high-confidence)	0.0	completed
ph_gfd48207cdd274bcbace4_b99f6b5d62c7b343fc0aaa378b6cd427	GCF_026966575.1	GCF_026966575.1	gfd48207cdd274bcbace4	gfd48207cdd274bcbace4_cb88a85657ee8050868dd1bfc	NZ_JAPUAB010000021.1	provirus_locus	112	40583	+	+	40471	84633	false	false	genomad_raw_v1		9192154a54bf0d86f0827213b9715f4d0d914d701864e370f264b47ce39fa13f	9192154a54bf0d86f0827213b9715f4d0d914d701864e370f264b47ce39fa13f	geNomad	gfd48207cdd274bcbace4_cb88a85657ee8050868dd1bfc|provirus_113_40583	Provirus	113-40583	0.9762	NA	56	6	62.0969	11	Viruses;Duplodnaviria;Heunggongvirae;Uroviricota;Caudoviricetes;;	geNomad_predicted_score_reported	caller_predicted_provirus_locus	caller_only_not_independently_validated	not_assessed	40471	No	NA	54	14	1	Medium-quality	Genome-fragment	67.41	AAI-based (high-confidence)	0.0	1.0		67.41	AAI-based (high-confidence)	0.0	completed
ph_gb190a88ae60958d52a35_7ccb6b006f674d6cc0d7f19fb9fa9dd2	GCF_026966705.1	GCF_026966705.1	gb190a88ae60958d52a35	gb190a88ae60958d52a35_c900e83ad771625a31816867f	NZ_JAPTZW010000001.1	provirus_locus	1995429	2035672	+	+	40243	2406804	false	false	genomad_raw_v1		f32510ea15d035de661217d3563d185ccc515e99b41467e6742bf80e5af438ae	f32510ea15d035de661217d3563d185ccc515e99b41467e6742bf80e5af438ae	geNomad	gb190a88ae60958d52a35_c900e83ad771625a31816867f|provirus_1995430_2035672	Provirus	1995430-2035672	0.9106	NA	52	3	52.6661	11	Viruses;Duplodnaviria;Heunggongvirae;Uroviricota;Caudoviricetes;;	geNomad_predicted_score_reported	caller_predicted_provirus_locus	caller_only_not_independently_validated	not_assessed	40243	Yes	33418	52	3	4	Medium-quality	Genome-fragment	55.4	AAI-based (medium-confidence)	16.96	1.0		55.4	AAI-based (medium-confidence)	16.96	completed
ph_gf31a4c159df6216029a9_e8b0d45c0041521c0b6a6729e3c429c4	GCF_028743415.1	GCF_028743415.1	gf31a4c159df6216029a9	gf31a4c159df6216029a9_cb363649822716eee01c620f9	NZ_CP117964.1	provirus_locus	2381357	2421711	+	+	40354	2448186	false	false	genomad_raw_v1		b7ca99a769238bcb7db2d681e348c5f282edb1d429d50f136761c38087806384	b7ca99a769238bcb7db2d681e348c5f282edb1d429d50f136761c38087806384	geNomad	gf31a4c159df6216029a9_cb363649822716eee01c620f9|provirus_2381358_2421711	Provirus	2381358-2421711	0.9513	NA	67	15	69.0295	11	Viruses;Duplodnaviria;Heunggongvirae;Uroviricota;Caudoviricetes;;	geNomad_predicted_score_reported	caller_predicted_provirus_locus	caller_only_not_independently_validated	not_assessed	40354	No	NA	67	18	1	High-quality	High-quality	100.0	AAI-based (high-confidence)	0.0	1.0		100.0	AAI-based (high-confidence)	0.0	completed
ph_gf31a4c159df6216029a9_f5c2f3b662a9582d02f80aa9b749bd67	GCF_028743415.1	GCF_028743415.1	gf31a4c159df6216029a9	gf31a4c159df6216029a9_cb363649822716eee01c620f9	NZ_CP117964.1	provirus_locus	64931	104284	+	+	39353	2448186	false	false	genomad_raw_v1		d776e8ea729c559aaf87b1bd73839e93b529313f40c4f4f4f2fbc000d00f8502	d776e8ea729c559aaf87b1bd73839e93b529313f40c4f4f4f2fbc000d00f8502	geNomad	gf31a4c159df6216029a9_cb363649822716eee01c620f9|provirus_64932_104284	Provirus	64932-104284	0.9770	NA	66	14	77.3362	11	Viruses;Duplodnaviria;Heunggongvirae;Uroviricota;Caudoviricetes;;	geNomad_predicted_score_reported	caller_predicted_provirus_locus	caller_only_not_independently_validated	not_assessed	39353	No	NA	66	25	0	High-quality	High-quality	94.07	AAI-based (medium-confidence)	0.0	1.01		94.07	AAI-based (medium-confidence)	0.0	completed
ph_gb74d8a7d50e5e73256a0_8552005ca268f1a54e2f95c7a22c2868	GCF_030294885.1	GCF_030294885.1	gb74d8a7d50e5e73256a0	gb74d8a7d50e5e73256a0_cc6c5f322a2daaf46dc34bc87	NZ_CP114371.1	provirus_locus	2461001	2502631	+	+	41630	5040211	false	false	genomad_raw_v1		c9acaf2115685b65b95b61543017e48039f5c62456d896595b1a36fd8d655673	c9acaf2115685b65b95b61543017e48039f5c62456d896595b1a36fd8d655673	geNomad	gb74d8a7d50e5e73256a0_cc6c5f322a2daaf46dc34bc87|provirus_2461002_2502631	Provirus	2461002-2502631	0.8829	NA	53	3	49.6547	11	Viruses;Duplodnaviria;Heunggongvirae;Uroviricota;Caudoviricetes;;	geNomad_predicted_score_reported	caller_predicted_provirus_locus	caller_only_not_independently_validated	not_assessed	41630	Yes	34807	53	3	4	Medium-quality	Genome-fragment	58.24	AAI-based (medium-confidence)	16.39	1.0		58.24	AAI-based (medium-confidence)	16.39	completed
ph_gb74d8a7d50e5e73256a0_8b8ea967c7cfb0f9ea97c5e32200d65c	GCF_030294885.1	GCF_030294885.1	gb74d8a7d50e5e73256a0	gb74d8a7d50e5e73256a0_cc6c5f322a2daaf46dc34bc87	NZ_CP114371.1	provirus_locus	4090860	4135120	+	+	44260	5040211	false	false	genomad_raw_v1		426e8225bc4b3684d3730cde5201d010408311d267ea25c5acb65909ad3bf7c5	426e8225bc4b3684d3730cde5201d010408311d267ea25c5acb65909ad3bf7c5	geNomad	gb74d8a7d50e5e73256a0_cc6c5f322a2daaf46dc34bc87|provirus_4090861_4135120	Provirus	4090861-4135120	0.9664	NA	61	12	48.7803	11	Viruses;Duplodnaviria;Heunggongvirae;Uroviricota;Caudoviricetes;;	geNomad_predicted_score_reported	caller_predicted_provirus_locus	caller_only_not_independently_validated	not_assessed	44260	Yes	37136	61	11	6	High-quality	High-quality	91.95	AAI-based (high-confidence)	16.1	1.0		91.95	AAI-based (high-confidence)	16.1	completed
ph_gb74d8a7d50e5e73256a0_d08931a5a96a8d2132fbce9e90f49e51	GCF_030294885.1	GCF_030294885.1	gb74d8a7d50e5e73256a0	gb74d8a7d50e5e73256a0_cc6c5f322a2daaf46dc34bc87	NZ_CP114371.1	provirus_locus	2771683	2843302	+	+	71619	5040211	false	false	genomad_raw_v1		77655dce1b3ca93c5da073ba72a27a6308b2cb3a00d17934e93983b28496e258	77655dce1b3ca93c5da073ba72a27a6308b2cb3a00d17934e93983b28496e258	geNomad	gb74d8a7d50e5e73256a0_cc6c5f322a2daaf46dc34bc87|provirus_2771684_2843302	Provirus	2771684-2843302	0.9551	NA	95	4	96.2320	11	Viruses;Duplodnaviria;Heunggongvirae;Uroviricota;Caudoviricetes;;	geNomad_predicted_score_reported	caller_predicted_provirus_locus	caller_only_not_independently_validated	not_assessed	71619	Yes	61018	95	5	5	Medium-quality	Genome-fragment	55.01	AAI-based (medium-confidence)	14.8	1.0		55.01	AAI-based (medium-confidence)	14.8	completed
ph_gb74d8a7d50e5e73256a0_f3d32452e4617e6adb868a027cd7638c	GCF_030294885.1	GCF_030294885.1	gb74d8a7d50e5e73256a0	gb74d8a7d50e5e73256a0_cc6c5f322a2daaf46dc34bc87	NZ_CP114371.1	provirus_locus	2656260	2740080	+	+	83820	5040211	false	false	genomad_raw_v1		c328a6e4ab1a8286410a9d2756ec6ba721f321ce5a7ff5eed3ce6f0fde12c2c0	c328a6e4ab1a8286410a9d2756ec6ba721f321ce5a7ff5eed3ce6f0fde12c2c0	geNomad	gb74d8a7d50e5e73256a0_cc6c5f322a2daaf46dc34bc87|provirus_2656261_2740080	Provirus	2656261-2740080	0.9052	NA	76	5	50.8492	11	Viruses;Duplodnaviria;Heunggongvirae;Uroviricota;Caudoviricetes;;	geNomad_predicted_score_reported	caller_predicted_provirus_locus	caller_only_not_independently_validated	not_assessed	83820	No	NA	76	7	10	Medium-quality	Genome-fragment	75.46	AAI-based (medium-confidence)	0.0	1.0		75.46	AAI-based (medium-confidence)	0.0	completed
ph_g712d3477a84522744d33_048073a45fe8b8b29f129b09b913530a	GCF_035282285.1	GCF_035282285.1	g712d3477a84522744d33	g712d3477a84522744d33_cc99fb80ce123a5dea3e5fa96	NZ_JAYKBJ010000016.1	full_contig_virus	0	1068	+	+	1068	1068	true	true	genomad_raw_v1		ff970d8407b87b1781a7bdb19b016e30126b20b91763bfe4427549f93ed52584	ff970d8407b87b1781a7bdb19b016e30126b20b91763bfe4427549f93ed52584	geNomad	g712d3477a84522744d33_cc99fb80ce123a5dea3e5fa96	No terminal repeats	NA	0.7635	NA	2	1	1.6307	11	Viruses;Duplodnaviria;Heunggongvirae;Uroviricota;Caudoviricetes;;	geNomad_predicted_score_reported	unknown	full_contig_extent_integration_unknown	not_assessed	1068	No	NA	2	1	0	Low-quality	Genome-fragment	0.64	HMM-based (lower-bound)	0.0	1.0		0.64	HMM-based (lower-bound)	0.0	completed
ph_g712d3477a84522744d33_37d01b4eaf86a10a793d2e94785685c3	GCF_035282285.1	GCF_035282285.1	g712d3477a84522744d33	g712d3477a84522744d33_cf4e6f37381d691de154f9a2a	NZ_JAYKBJ010000045.1	full_contig_virus	0	552	+	+	552	552	true	true	genomad_raw_v1		779ebef973af50cd802b4e264559b1fe236abb090e7c35cfd37b833ada9a66c4	779ebef973af50cd802b4e264559b1fe236abb090e7c35cfd37b833ada9a66c4	geNomad	g712d3477a84522744d33_cf4e6f37381d691de154f9a2a	No terminal repeats	NA	0.9091	NA	1	1	1.7183	11	Viruses;Duplodnaviria;Heunggongvirae;Uroviricota;Caudoviricetes;;	geNomad_predicted_score_reported	unknown	full_contig_extent_integration_unknown	not_assessed	552	No	NA	1	0	0	Low-quality	Genome-fragment	0.82	AAI-based (medium-confidence)	0.0	1.0	no viral genes detected	0.82	AAI-based (medium-confidence)	0.0	completed
ph_ge04195b5ef27646c013f_6229f35b08a32240a3193d2e4a3aeb37	GCF_035282305.1	GCF_035282305.1	ge04195b5ef27646c013f	ge04195b5ef27646c013f_c30ef157d1f34a7ebe1ea0070	NZ_JAYKBK010000025.1	full_contig_virus	0	429	+	+	429	429	true	true	genomad_raw_v1		429d0a9be556cbc30e3a917acc172f34c916d5076bc7ba7d1a1aa38e4296562c	429d0a9be556cbc30e3a917acc172f34c916d5076bc7ba7d1a1aa38e4296562c	geNomad	ge04195b5ef27646c013f_c30ef157d1f34a7ebe1ea0070	No terminal repeats	NA	0.7368	NA	1	1	1.6307	11	Viruses;Duplodnaviria;Heunggongvirae;Uroviricota;Caudoviricetes;;	geNomad_predicted_score_reported	unknown	full_contig_extent_integration_unknown	not_assessed	429	No	NA	1	1	0	Low-quality	Genome-fragment	0.26	HMM-based (lower-bound)	0.0	1.0		0.26	HMM-based (lower-bound)	0.0	completed
ph_ge04195b5ef27646c013f_efcb0dcc574de850d9b2b177c1bab6a5	GCF_035282305.1	GCF_035282305.1	ge04195b5ef27646c013f	ge04195b5ef27646c013f_c37db3880b8527a43efcfff0d	NZ_JAYKBK010000027.1	full_contig_virus	0	408	+	+	408	408	true	true	genomad_raw_v1		4022b2aed42297d1ed246189c296a804724028a531d8a3c5424e3d9f17d7b2af	4022b2aed42297d1ed246189c296a804724028a531d8a3c5424e3d9f17d7b2af	geNomad	ge04195b5ef27646c013f_c37db3880b8527a43efcfff0d	No terminal repeats	NA	0.9450	NA	1	1	1.5004	11	Viruses;Duplodnaviria;Heunggongvirae;Uroviricota;Caudoviricetes;;	geNomad_predicted_score_reported	unknown	full_contig_extent_integration_unknown	not_assessed	408	No	NA	1	1	0	Low-quality	Genome-fragment	0.64	HMM-based (lower-bound)	0.0	1.0		0.64	HMM-based (lower-bound)	0.0	completed
ph_ge04195b5ef27646c013f_f33d624296974e5e8b20381ced15edba	GCF_035282305.1	GCF_035282305.1	ge04195b5ef27646c013f	ge04195b5ef27646c013f_c0329119397a4542a1f7ac3b4	NZ_JAYKBK010000014.1	full_contig_virus	0	613	+	+	613	613	true	true	genomad_raw_v1		962ea6667ccf5b6ed9e50b19e8ac8d0b3ac62b7d088f8b92a078e4600fa34ce1	962ea6667ccf5b6ed9e50b19e8ac8d0b3ac62b7d088f8b92a078e4600fa34ce1	geNomad	ge04195b5ef27646c013f_c0329119397a4542a1f7ac3b4	No terminal repeats	NA	0.9647	NA	1	1	1.6244	11	Viruses;Duplodnaviria;Heunggongvirae;Uroviricota;Caudoviricetes;;	geNomad_predicted_score_reported	unknown	full_contig_extent_integration_unknown	not_assessed	613	No	NA	1	1	0	Low-quality	Genome-fragment	0.98	HMM-based (lower-bound)	0.0	1.0		0.98	HMM-based (lower-bound)	0.0	completed
ph_g7bbacc173af3a937db84_1b29783fc7d73f198277a179485f9729	GCF_035282325.1	GCF_035282325.1	g7bbacc173af3a937db84	g7bbacc173af3a937db84_c476c82ccaf258413de6c8931	NZ_JAYKBL010000068.1	full_contig_virus	0	325	+	+	325	325	true	true	genomad_raw_v1		5e772b1e3cf78d56200fdd4e7c0c92b21d68b8accdc409201dfa506ccb13d0a2	5e772b1e3cf78d56200fdd4e7c0c92b21d68b8accdc409201dfa506ccb13d0a2	geNomad	g7bbacc173af3a937db84_c476c82ccaf258413de6c8931	No terminal repeats	NA	0.9465	NA	1	1	1.7183	11	Viruses;Duplodnaviria;Heunggongvirae;Uroviricota;Caudoviricetes;;	geNomad_predicted_score_reported	unknown	full_contig_extent_integration_unknown	not_assessed	325	No	NA	1	0	0	Not-determined	Genome-fragment	NA	NA	0.0	1.0	no viral genes detected	unknown	unknown	0.0	completed
ph_g7bbacc173af3a937db84_2c07c2f24af05927a6d011d78ec41eaf	GCF_035282325.1	GCF_035282325.1	g7bbacc173af3a937db84	g7bbacc173af3a937db84_c8fce7fa98785bdacbe83f1ab	NZ_JAYKBL010000318.1	full_contig_virus	0	234	+	+	234	234	true	true	genomad_raw_v1		27640e3fe45f20ac0240008375efbf8b305f79977f945b4f9f98eb58824f893f	27640e3fe45f20ac0240008375efbf8b305f79977f945b4f9f98eb58824f893f	geNomad	g7bbacc173af3a937db84_c8fce7fa98785bdacbe83f1ab	No terminal repeats	NA	0.9369	NA	1	1	1.7183	11	Unclassified	geNomad_predicted_score_reported	unknown	full_contig_extent_integration_unknown	not_assessed	234	No	NA	1	0	0	Not-determined	Genome-fragment	NA	NA	0.0	1.0	no viral genes detected	unknown	unknown	0.0	completed
ph_g7bbacc173af3a937db84_7525b6227c9b35eb9a11f7b2122dc9ca	GCF_035282325.1	GCF_035282325.1	g7bbacc173af3a937db84	g7bbacc173af3a937db84_c5891c2cda44f8217214991ff	NZ_JAYKBL010000021.1	full_contig_virus	0	557	+	+	557	557	true	true	genomad_raw_v1		c3cee89eea38d763c7acff05ffd53667331c7681cf6e3a5f66d70989c9505812	c3cee89eea38d763c7acff05ffd53667331c7681cf6e3a5f66d70989c9505812	geNomad	g7bbacc173af3a937db84_c5891c2cda44f8217214991ff	No terminal repeats	NA	0.8860	NA	2	1	1.7183	11	Unclassified	geNomad_predicted_score_reported	unknown	full_contig_extent_integration_unknown	not_assessed	557	No	NA	2	0	0	Not-determined	Genome-fragment	NA	NA	0.0	1.0	no viral genes detected	unknown	unknown	0.0	completed
ph_g7bbacc173af3a937db84_ca42251f5feaf6785f0e033a9e7b5f13	GCF_035282325.1	GCF_035282325.1	g7bbacc173af3a937db84	g7bbacc173af3a937db84_c153990eb2037627df59f0f77	NZ_JAYKBL010000081.1	full_contig_virus	0	300	+	+	300	300	true	true	genomad_raw_v1		dff551ea8a4f9c84d96356664b9ccd8765d6c8f26bec539d4325f3515d8de74f	dff551ea8a4f9c84d96356664b9ccd8765d6c8f26bec539d4325f3515d8de74f	geNomad	g7bbacc173af3a937db84_c153990eb2037627df59f0f77	No terminal repeats	NA	0.9003	NA	1	1	1.7183	11	Viruses;Duplodnaviria;Heunggongvirae;Uroviricota;Caudoviricetes;;	geNomad_predicted_score_reported	unknown	full_contig_extent_integration_unknown	not_assessed	300	No	NA	1	1	0	Low-quality	Genome-fragment	0.31	HMM-based (lower-bound)	0.0	1.0		0.31	HMM-based (lower-bound)	0.0	completed
ph_g7bbacc173af3a937db84_cbdb12e778558d6cbf6fe993851902fb	GCF_035282325.1	GCF_035282325.1	g7bbacc173af3a937db84	g7bbacc173af3a937db84_c1fdaae13c180d36aa408d2c0	NZ_JAYKBL010000285.1	full_contig_virus	0	244	+	+	244	244	true	true	genomad_raw_v1		91b25463625dc949b61f0b1cd4250355b78a802234ea8c94fd1f945472b5af8e	91b25463625dc949b61f0b1cd4250355b78a802234ea8c94fd1f945472b5af8e	geNomad	g7bbacc173af3a937db84_c1fdaae13c180d36aa408d2c0	No terminal repeats	NA	0.8405	NA	1	1	1.4634	11	Viruses;Duplodnaviria;Heunggongvirae;Uroviricota;Caudoviricetes;;	geNomad_predicted_score_reported	unknown	full_contig_extent_integration_unknown	not_assessed	244	No	NA	1	1	0	Low-quality	Genome-fragment	0.5	HMM-based (lower-bound)	0.0	1.0		0.5	HMM-based (lower-bound)	0.0	completed
ph_g7bbacc173af3a937db84_e682138c09563466ad736998c56b9301	GCF_035282325.1	GCF_035282325.1	g7bbacc173af3a937db84	g7bbacc173af3a937db84_c4c687ef830260efa3b09399a	NZ_JAYKBL010000010.1	full_contig_virus	0	1009	+	+	1009	1009	true	true	genomad_raw_v1		dee32149e07e06975342bbc94e139b215e989142b08b017d5fe53e277c2aa2be	dee32149e07e06975342bbc94e139b215e989142b08b017d5fe53e277c2aa2be	geNomad	g7bbacc173af3a937db84_c4c687ef830260efa3b09399a	No terminal repeats	NA	0.9093	NA	2	1	1.5098	11	Viruses;Duplodnaviria;Heunggongvirae;Uroviricota;Caudoviricetes;;	geNomad_predicted_score_reported	unknown	full_contig_extent_integration_unknown	not_assessed	1009	No	NA	2	1	0	Low-quality	Genome-fragment	0.46	HMM-based (lower-bound)	0.0	1.0		0.46	HMM-based (lower-bound)	0.0	completed
ph_g7bbacc173af3a937db84_ea942c0aca4e7b08e3389554101f43d2	GCF_035282325.1	GCF_035282325.1	g7bbacc173af3a937db84	g7bbacc173af3a937db84_c838d0bc6bce38dda4d33027d	NZ_JAYKBL010000002.1	provirus_locus	170537	202804	+	+	32267	367582	false	false	genomad_raw_v1		48d59defd4da015d40db004dabfa6615681cea368e3f8430bed0860018f58530	48d59defd4da015d40db004dabfa6615681cea368e3f8430bed0860018f58530	geNomad	g7bbacc173af3a937db84_c838d0bc6bce38dda4d33027d|provirus_170538_202804	Provirus	170538-202804	0.9483	NA	49	11	39.9317	11	Viruses;Duplodnaviria;Heunggongvirae;Uroviricota;Caudoviricetes;;	geNomad_predicted_score_reported	caller_predicted_provirus_locus	caller_only_not_independently_validated	not_assessed	32267	Yes	29621	49	21	3	High-quality	High-quality	97.02	AAI-based (medium-confidence)	8.2	1.0		97.02	AAI-based (medium-confidence)	8.2	completed
ph_g9b75df83c5ebfa5de4dd_78192125f1baa4d5e102a4d62efa8f77	GCF_036323115.1	GCF_036323115.1	g9b75df83c5ebfa5de4dd	g9b75df83c5ebfa5de4dd_c53b2782618c8b52968ebfef1	NZ_AP028635.1	provirus_locus	2120890	2129440	+	+	8550	2276335	false	false	genomad_raw_v1		d19200e5a33044c1f0a7b2fcfb9c680aec39f766686d745dde2b6ef50ec2df72	d19200e5a33044c1f0a7b2fcfb9c680aec39f766686d745dde2b6ef50ec2df72	geNomad	g9b75df83c5ebfa5de4dd_c53b2782618c8b52968ebfef1|provirus_2120891_2129440	Provirus	2120891-2129440	0.9131	NA	17	0	10.0008	11	Viruses;Duplodnaviria;Heunggongvirae;Uroviricota;Caudoviricetes;;	geNomad_predicted_score_reported	caller_predicted_provirus_locus	caller_only_not_independently_validated	not_assessed	8550	No	NA	17	1	0	Low-quality	Genome-fragment	19.33	AAI-based (medium-confidence)	0.0	1.03		19.33	AAI-based (medium-confidence)	0.0	completed
ph_g9b75df83c5ebfa5de4dd_bedaee753eb477790024716e31c20c4c	GCF_036323115.1	GCF_036323115.1	g9b75df83c5ebfa5de4dd	g9b75df83c5ebfa5de4dd_c53b2782618c8b52968ebfef1	NZ_AP028635.1	provirus_locus	462322	497967	+	+	35645	2276335	false	false	genomad_raw_v1		0dd17b55afcde37ff9e4e1f6e2a8abc135cefafaa83232c35b49d485653b5917	0dd17b55afcde37ff9e4e1f6e2a8abc135cefafaa83232c35b49d485653b5917	geNomad	g9b75df83c5ebfa5de4dd_c53b2782618c8b52968ebfef1|provirus_462323_497967	Provirus	462323-497967	0.9519	NA	55	11	42.4527	11	Viruses;Duplodnaviria;Heunggongvirae;Uroviricota;Caudoviricetes;;	geNomad_predicted_score_reported	caller_predicted_provirus_locus	caller_only_not_independently_validated	not_assessed	35645	No	NA	55	19	2	Low-quality	Genome-fragment	47.07	HMM-based (lower-bound)	0.0	1.0		47.07	HMM-based (lower-bound)	0.0	completed
ph_g63018c148afe13847ad3_43f3968ab745904ed6cbd2217def5d42	GCF_036323215.1	GCF_036323215.1	g63018c148afe13847ad3	g63018c148afe13847ad3_c8bce1eef88b23f962f10808c	NZ_AP028640.1	provirus_locus	754527	763077	+	+	8550	2275970	false	false	genomad_raw_v1		0212059cd9263280338deffac57f4a4e3e22623dd429e43b0332fabf845cef2a	0212059cd9263280338deffac57f4a4e3e22623dd429e43b0332fabf845cef2a	geNomad	g63018c148afe13847ad3_c8bce1eef88b23f962f10808c|provirus_754528_763077	Provirus	754528-763077	0.9077	NA	17	0	10.0008	11	Viruses;Duplodnaviria;Heunggongvirae;Uroviricota;Caudoviricetes;;	geNomad_predicted_score_reported	caller_predicted_provirus_locus	caller_only_not_independently_validated	not_assessed	8550	No	NA	17	1	0	Low-quality	Genome-fragment	19.33	AAI-based (medium-confidence)	0.0	1.03		19.33	AAI-based (medium-confidence)	0.0	completed
ph_g63018c148afe13847ad3_4c5ca0b8cc539e8061431989a1abe0a9	GCF_036323215.1	GCF_036323215.1	g63018c148afe13847ad3	g63018c148afe13847ad3_c8bce1eef88b23f962f10808c	NZ_AP028640.1	provirus_locus	109674	145319	+	+	35645	2275970	false	false	genomad_raw_v1		1f0c7930f68160abecbb569d0c9329bc7692d2d0ee677d2c5af79f6a975960ad	1f0c7930f68160abecbb569d0c9329bc7692d2d0ee677d2c5af79f6a975960ad	geNomad	g63018c148afe13847ad3_c8bce1eef88b23f962f10808c|provirus_109675_145319	Provirus	109675-145319	0.9536	NA	55	11	42.4527	11	Viruses;Duplodnaviria;Heunggongvirae;Uroviricota;Caudoviricetes;;	geNomad_predicted_score_reported	caller_predicted_provirus_locus	caller_only_not_independently_validated	not_assessed	35645	No	NA	55	19	2	Low-quality	Genome-fragment	47.07	HMM-based (lower-bound)	0.0	1.0		47.07	HMM-based (lower-bound)	0.0	completed
ph_g8b8cc18e4dc0a85e2151_7c2fa120b966d9102bb187ab21c84343	GCF_037578025.1	GCF_037578025.1	g8b8cc18e4dc0a85e2151	g8b8cc18e4dc0a85e2151_cad1ffac3f74812d430d4c58a	NZ_JAJAVJ010000004.1	provirus_locus	1653479	1677480	+	+	24001	1677481	false	false	genomad_raw_v1		c9050f70c4be8a6fc7a2e7477982a8d101bbbeaa590664ad2eba49cb28541e0c	c9050f70c4be8a6fc7a2e7477982a8d101bbbeaa590664ad2eba49cb28541e0c	geNomad	g8b8cc18e4dc0a85e2151_cad1ffac3f74812d430d4c58a|provirus_1653480_1677480	Provirus	1653480-1677480	0.9005	NA	43	8	24.4560	11	Viruses;Duplodnaviria;Heunggongvirae;Uroviricota;Caudoviricetes;;	geNomad_predicted_score_reported	caller_predicted_provirus_locus	caller_only_not_independently_validated	not_assessed	24001	No	NA	43	11	1	Medium-quality	Genome-fragment	59.45	AAI-based (high-confidence)	0.0	1.0		59.45	AAI-based (high-confidence)	0.0	completed
ph_g8b8cc18e4dc0a85e2151_8e47e0616aecf2cd2665456f83af6ddd	GCF_037578025.1	GCF_037578025.1	g8b8cc18e4dc0a85e2151	g8b8cc18e4dc0a85e2151_cad1ffac3f74812d430d4c58a	NZ_JAJAVJ010000004.1	provirus_locus	391452	426131	+	+	34679	1677481	false	false	genomad_raw_v1		0d0cfd50836214c044a02c129b4213dece4a973c770bbfa384c45a03cfcd80fc	0d0cfd50836214c044a02c129b4213dece4a973c770bbfa384c45a03cfcd80fc	geNomad	g8b8cc18e4dc0a85e2151_cad1ffac3f74812d430d4c58a|provirus_391453_426131	Provirus	391453-426131	0.9261	NA	50	3	23.1197	11	Viruses;Duplodnaviria;Heunggongvirae;Uroviricota;Caudoviricetes;;	geNomad_predicted_score_reported	caller_predicted_provirus_locus	caller_only_not_independently_validated	not_assessed	34679	No	NA	50	8	1	High-quality	High-quality	100.0	AAI-based (medium-confidence)	0.0	1.0		100.0	AAI-based (medium-confidence)	0.0	completed
ph_g8b8cc18e4dc0a85e2151_905dfd3388eddeeb9d75246065daf536	GCF_037578025.1	GCF_037578025.1	g8b8cc18e4dc0a85e2151	g8b8cc18e4dc0a85e2151_c13777a5094a9e122ec0cf0fb	NZ_JAJAVJ010000001.1	provirus_locus	0	16930	+	+	16930	757905	true	false	genomad_raw_v1		46c86e16a0966380f7fa5c738bc06819c06c639571072b6c8e825fcab0671f32	46c86e16a0966380f7fa5c738bc06819c06c639571072b6c8e825fcab0671f32	geNomad	g8b8cc18e4dc0a85e2151_c13777a5094a9e122ec0cf0fb|provirus_1_16930	Provirus	1-16930	0.9127	NA	38	2	26.3951	11	Viruses;Duplodnaviria;Heunggongvirae;Uroviricota;Caudoviricetes;;	geNomad_predicted_score_reported	caller_predicted_provirus_locus	caller_only_not_independently_validated	not_assessed	16930	No	NA	40	2	0	Low-quality	Genome-fragment	40.73	AAI-based (high-confidence)	0.0	1.0		40.73	AAI-based (high-confidence)	0.0	completed
ph_g8b8cc18e4dc0a85e2151_cb324c2cf17d349682c9934f196ad9e3	GCF_037578025.1	GCF_037578025.1	g8b8cc18e4dc0a85e2151	g8b8cc18e4dc0a85e2151_c13777a5094a9e122ec0cf0fb	NZ_JAJAVJ010000001.1	provirus_locus	741325	757905	+	+	16580	757905	false	true	genomad_raw_v1		78d1876ae99a73051094b95e4282ba713b2ac3c0d20397cfcb750f720a30585c	78d1876ae99a73051094b95e4282ba713b2ac3c0d20397cfcb750f720a30585c	geNomad	g8b8cc18e4dc0a85e2151_c13777a5094a9e122ec0cf0fb|provirus_741326_757905	Provirus	741326-757905	0.9159	NA	40	3	28.7355	11	Viruses;Duplodnaviria;Heunggongvirae;Uroviricota;Caudoviricetes;;	geNomad_predicted_score_reported	caller_predicted_provirus_locus	caller_only_not_independently_validated	not_assessed	16580	No	NA	40	2	1	Low-quality	Genome-fragment	41.21	AAI-based (high-confidence)	0.0	1.0		41.21	AAI-based (high-confidence)	0.0	completed
ph_g8b8cc18e4dc0a85e2151_cd6019f807eba010c799fb07339a5542	GCF_037578025.1	GCF_037578025.1	g8b8cc18e4dc0a85e2151	g8b8cc18e4dc0a85e2151_c2676141da7a396ef77b2fa2b	NZ_JAJAVJ010000002.1	full_contig_virus	0	35276	+	+	35276	35276	true	true	genomad_raw_v1		ae65967d0c11583ccd6798a83755d336491d4f55e2008b6cbaa5e1b3fa9b11c7	ae65967d0c11583ccd6798a83755d336491d4f55e2008b6cbaa5e1b3fa9b11c7	geNomad	g8b8cc18e4dc0a85e2151_c2676141da7a396ef77b2fa2b	No terminal repeats	NA	0.9432	NA	54	12	51.0101	11	Viruses;Duplodnaviria;Heunggongvirae;Uroviricota;Caudoviricetes;;	geNomad_predicted_score_reported	unknown	full_contig_extent_integration_unknown	not_assessed	35276	No	NA	54	12	1	Medium-quality	Genome-fragment	87.49	AAI-based (high-confidence)	0.0	1.0		87.49	AAI-based (high-confidence)	0.0	completed
ph_g8b8cc18e4dc0a85e2151_f3ad663f328a75e1c5dd71821cca0e79	GCF_037578025.1	GCF_037578025.1	g8b8cc18e4dc0a85e2151	g8b8cc18e4dc0a85e2151_cad1ffac3f74812d430d4c58a	NZ_JAJAVJ010000004.1	provirus_locus	1	20891	+	+	20890	1677481	false	false	genomad_raw_v1		101ae5c0e4006b16353af9d8496f66d887133ea32a588943e429e534d17e7d10	101ae5c0e4006b16353af9d8496f66d887133ea32a588943e429e534d17e7d10	geNomad	g8b8cc18e4dc0a85e2151_cad1ffac3f74812d430d4c58a|provirus_2_20891	Provirus	2-20891	0.9395	NA	32	10	28.3672	11	Viruses;Duplodnaviria;Heunggongvirae;Uroviricota;Caudoviricetes;;	geNomad_predicted_score_reported	caller_predicted_provirus_locus	caller_only_not_independently_validated	not_assessed	20890	No	NA	32	10	0	Medium-quality	Genome-fragment	51.74	AAI-based (high-confidence)	0.0	1.0		51.74	AAI-based (high-confidence)	0.0	completed
ph_g6c99b333c3c84a398b41_2f99b7cabe8e4ea24bc33013f8049c0c	GCF_037888955.1	GCF_037888955.1	g6c99b333c3c84a398b41	g6c99b333c3c84a398b41_c21387dc663425386e47fde7d	NZ_CP056003.1	provirus_locus	1325709	1368604	+	+	42895	2209938	false	false	genomad_raw_v1		fe3933510bc46fd3823aec5d2ee4635c47f217f479b9ecfa793ff78445666668	fe3933510bc46fd3823aec5d2ee4635c47f217f479b9ecfa793ff78445666668	geNomad	g6c99b333c3c84a398b41_c21387dc663425386e47fde7d|provirus_1325710_1368604	Provirus	1325710-1368604	0.9531	NA	74	11	65.8479	11	Viruses;Duplodnaviria;Heunggongvirae;Uroviricota;Caudoviricetes;;	geNomad_predicted_score_reported	caller_predicted_provirus_locus	caller_only_not_independently_validated	not_assessed	42895	No	NA	74	15	1	High-quality	High-quality	90.71	AAI-based (high-confidence)	0.0	1.0		90.71	AAI-based (high-confidence)	0.0	completed
ph_g3e267d71d6fb0ca3b52d_2dc90b5d88c86a8319fd5e33f400d837	GCF_037888995.1	GCF_037888995.1	g3e267d71d6fb0ca3b52d	g3e267d71d6fb0ca3b52d_c3365de3bbae41a5c6fbba1d1	NZ_CP056010.1	provirus_locus	495881	532463	+	+	36582	2453952	false	false	genomad_raw_v1		642aec916f1e55434fee6682f6eb655a51d84b24b6d304a272dd3f17ee4808da	642aec916f1e55434fee6682f6eb655a51d84b24b6d304a272dd3f17ee4808da	geNomad	g3e267d71d6fb0ca3b52d_c3365de3bbae41a5c6fbba1d1|provirus_495882_532463	Provirus	495882-532463	0.9675	NA	58	14	60.1921	11	Viruses;Duplodnaviria;Heunggongvirae;Uroviricota;Caudoviricetes;;	geNomad_predicted_score_reported	caller_predicted_provirus_locus	caller_only_not_independently_validated	not_assessed	36582	No	NA	58	20	0	High-quality	High-quality	100.0	AAI-based (high-confidence)	0.0	1.0		100.0	AAI-based (high-confidence)	0.0	completed
ph_g3e267d71d6fb0ca3b52d_560259d547fcca61fccd2a3473cff296	GCF_037888995.1	GCF_037888995.1	g3e267d71d6fb0ca3b52d	g3e267d71d6fb0ca3b52d_c3365de3bbae41a5c6fbba1d1	NZ_CP056010.1	provirus_locus	2013933	2055840	+	+	41907	2453952	false	false	genomad_raw_v1		d6ba4ebfc8b061c800c2144c47847f74becf848c13fca768fc2a84246e5ee15c	d6ba4ebfc8b061c800c2144c47847f74becf848c13fca768fc2a84246e5ee15c	geNomad	g3e267d71d6fb0ca3b52d_c3365de3bbae41a5c6fbba1d1|provirus_2013934_2055840	Provirus	2013934-2055840	0.9666	NA	70	14	70.9408	11	Viruses;Duplodnaviria;Heunggongvirae;Uroviricota;Caudoviricetes;;	geNomad_predicted_score_reported	caller_predicted_provirus_locus	caller_only_not_independently_validated	not_assessed	41907	Yes	37720	70	23	2	High-quality	High-quality	100.0	AAI-based (high-confidence)	9.99	1.0		100.0	AAI-based (high-confidence)	9.99	completed
ph_g3e267d71d6fb0ca3b52d_67baabe71a5860bc407079e096756d2a	GCF_037888995.1	GCF_037888995.1	g3e267d71d6fb0ca3b52d	g3e267d71d6fb0ca3b52d_c3365de3bbae41a5c6fbba1d1	NZ_CP056010.1	provirus_locus	1646415	1682059	+	+	35644	2453952	false	false	genomad_raw_v1		328d274a31e217b594e9f2bd5f6f13ec03dd745989f35ffdd67251016ff6c765	328d274a31e217b594e9f2bd5f6f13ec03dd745989f35ffdd67251016ff6c765	geNomad	g3e267d71d6fb0ca3b52d_c3365de3bbae41a5c6fbba1d1|provirus_1646416_1682059	Provirus	1646416-1682059	0.9544	NA	56	11	40.7344	11	Viruses;Duplodnaviria;Heunggongvirae;Uroviricota;Caudoviricetes;;	geNomad_predicted_score_reported	caller_predicted_provirus_locus	caller_only_not_independently_validated	not_assessed	35644	No	NA	56	19	2	Low-quality	Genome-fragment	47.07	HMM-based (lower-bound)	0.0	1.0		47.07	HMM-based (lower-bound)	0.0	completed
ph_g3e267d71d6fb0ca3b52d_70e2e97916261acfafbf62dc14c254fc	GCF_037888995.1	GCF_037888995.1	g3e267d71d6fb0ca3b52d	g3e267d71d6fb0ca3b52d_c3365de3bbae41a5c6fbba1d1	NZ_CP056010.1	provirus_locus	1382173	1418683	+	+	36510	2453952	false	false	genomad_raw_v1		f3c1084a327714f556fb1750b8358959ff33a68261838d35f3fc35bc2da85e2e	f3c1084a327714f556fb1750b8358959ff33a68261838d35f3fc35bc2da85e2e	geNomad	g3e267d71d6fb0ca3b52d_c3365de3bbae41a5c6fbba1d1|provirus_1382174_1418683	Provirus	1382174-1418683	0.9516	NA	63	16	67.9295	11	Viruses;Duplodnaviria;Heunggongvirae;Uroviricota;Caudoviricetes;;	geNomad_predicted_score_reported	caller_predicted_provirus_locus	caller_only_not_independently_validated	not_assessed	36510	No	NA	63	17	1	High-quality	High-quality	90.59	AAI-based (high-confidence)	0.0	1.0		90.59	AAI-based (high-confidence)	0.0	completed
ph_g211632e6ce4bc11b864b_7e87c06f57ae1d231e5b1aa460eaf87d	GCF_037889015.1	GCF_037889015.1	g211632e6ce4bc11b864b	g211632e6ce4bc11b864b_cc6145b8483c3d2eb7c1eb12b	NZ_CP056015.1	provirus_locus	663768	698790	+	+	35022	2264321	false	false	genomad_raw_v1		971ce670b64cff3b44037f75b61ad57364b581d01868fa4d9b62270220445059	971ce670b64cff3b44037f75b61ad57364b581d01868fa4d9b62270220445059	geNomad	g211632e6ce4bc11b864b_cc6145b8483c3d2eb7c1eb12b|provirus_663769_698790	Provirus	663769-698790	0.9358	NA	52	9	38.3697	11	Viruses;Duplodnaviria;Heunggongvirae;Uroviricota;Caudoviricetes;;	geNomad_predicted_score_reported	caller_predicted_provirus_locus	caller_only_not_independently_validated	not_assessed	35022	No	NA	52	19	3	Medium-quality	Genome-fragment	52.74	HMM-based (lower-bound)	0.0	1.0		52.74	HMM-based (lower-bound)	0.0	completed
ph_g355bcc3931d8d0ef397e_256d925b7eb31e5bdd073a3547a4d672	GCF_037889045.1	GCF_037889045.1	g355bcc3931d8d0ef397e	g355bcc3931d8d0ef397e_c038ce3f09c6737a29332a1d0	NZ_CP056024.1	provirus_locus	731791	780907	+	+	49116	2424816	false	false	genomad_raw_v1		10919e670e8cd36dbe3e43bb5ff4010c69732fa2861c05f8be6a749b25706839	10919e670e8cd36dbe3e43bb5ff4010c69732fa2861c05f8be6a749b25706839	geNomad	g355bcc3931d8d0ef397e_c038ce3f09c6737a29332a1d0|provirus_731792_780907	Provirus	731792-780907	0.9630	NA	82	13	70.9362	11	Viruses;Duplodnaviria;Heunggongvirae;Uroviricota;Caudoviricetes;;	geNomad_predicted_score_reported	caller_predicted_provirus_locus	caller_only_not_independently_validated	not_assessed	49116	No	NA	82	28	1	High-quality	High-quality	100.0	AAI-based (medium-confidence)	0.0	1.0		100.0	AAI-based (medium-confidence)	0.0	completed
ph_g2b38cc0384624bc19a12_38e9e468eafac275218bbc2bf9cc2db6	GCF_037889275.1	GCF_037889275.1	g2b38cc0384624bc19a12	g2b38cc0384624bc19a12_cda1b0fb65e5a7dfc359cef6f	NZ_CP077147.1	provirus_locus	588961	620167	+	+	31206	2532766	false	false	genomad_raw_v1		b76d5494fb6d9b1e263de098c34467d1706aa8fa20fcb85f866a8992e745cbf1	b76d5494fb6d9b1e263de098c34467d1706aa8fa20fcb85f866a8992e745cbf1	geNomad	g2b38cc0384624bc19a12_cda1b0fb65e5a7dfc359cef6f|provirus_588962_620167	Provirus	588962-620167	0.9748	NA	52	15	59.2197	11	Viruses;Duplodnaviria;Heunggongvirae;Uroviricota;Caudoviricetes;;	geNomad_predicted_score_reported	caller_predicted_provirus_locus	caller_only_not_independently_validated	not_assessed	31206	No	NA	52	21	1	Medium-quality	Genome-fragment	88.44	AAI-based (high-confidence)	0.0	1.0		88.44	AAI-based (high-confidence)	0.0	completed
ph_g2b38cc0384624bc19a12_48a4d81c56a42c519026e39fb931b353	GCF_037889275.1	GCF_037889275.1	g2b38cc0384624bc19a12	g2b38cc0384624bc19a12_cda1b0fb65e5a7dfc359cef6f	NZ_CP077147.1	provirus_locus	1345820	1384431	+	+	38611	2532766	false	false	genomad_raw_v1		8a0df23527a5b69f63740ff485141cdb8c3ad5f3bad0e7c415cab8dbe4c12d5c	8a0df23527a5b69f63740ff485141cdb8c3ad5f3bad0e7c415cab8dbe4c12d5c	geNomad	g2b38cc0384624bc19a12_cda1b0fb65e5a7dfc359cef6f|provirus_1345821_1384431	Provirus	1345821-1384431	0.9691	NA	64	17	66.9229	11	Viruses;Duplodnaviria;Heunggongvirae;Uroviricota;Caudoviricetes;;	geNomad_predicted_score_reported	caller_predicted_provirus_locus	caller_only_not_independently_validated	not_assessed	38611	No	NA	64	29	0	Medium-quality	Genome-fragment	84.0	AAI-based (high-confidence)	0.0	1.0		84.0	AAI-based (high-confidence)	0.0	completed
ph_g2b38cc0384624bc19a12_e87c2ff1098d75ce060b663fdd76c4b8	GCF_037889275.1	GCF_037889275.1	g2b38cc0384624bc19a12	g2b38cc0384624bc19a12_cda1b0fb65e5a7dfc359cef6f	NZ_CP077147.1	provirus_locus	2279871	2326283	+	+	46412	2532766	false	false	genomad_raw_v1		0ebf5d4089edf75ad27d102ce895f6ec5c83a022dbb8aa655db7ead362989809	0ebf5d4089edf75ad27d102ce895f6ec5c83a022dbb8aa655db7ead362989809	geNomad	g2b38cc0384624bc19a12_cda1b0fb65e5a7dfc359cef6f|provirus_2279872_2326283	Provirus	2279872-2326283	0.9645	NA	80	12	74.1786	11	Viruses;Duplodnaviria;Heunggongvirae;Uroviricota;Caudoviricetes;;	geNomad_predicted_score_reported	caller_predicted_provirus_locus	caller_only_not_independently_validated	not_assessed	46412	No	NA	80	20	1	High-quality	High-quality	98.15	AAI-based (high-confidence)	0.0	1.0		98.15	AAI-based (high-confidence)	0.0	completed
ph_g9159d6deca722971f886_18279094d19fa36cfa398aa49c5ea099	GCF_037893335.1	GCF_037893335.1	g9159d6deca722971f886	g9159d6deca722971f886_ce27428a409e3e9c1828d7d76	NZ_CP056001.1	provirus_locus	2067332	2109373	+	+	42041	2504786	false	false	genomad_raw_v1		12e56ff69ceb998ccc7ceab16be3a656132399277db4fb3e3ad7068b4632b6a5	12e56ff69ceb998ccc7ceab16be3a656132399277db4fb3e3ad7068b4632b6a5	geNomad	g9159d6deca722971f886_ce27428a409e3e9c1828d7d76|provirus_2067333_2109373	Provirus	2067333-2109373	0.9678	NA	69	12	72.1469	11	Viruses;Duplodnaviria;Heunggongvirae;Uroviricota;Caudoviricetes;;	geNomad_predicted_score_reported	caller_predicted_provirus_locus	caller_only_not_independently_validated	not_assessed	42041	Yes	37853	69	25	2	Low-quality	Genome-fragment	49.42	HMM-based (lower-bound)	9.96	1.0		49.42	HMM-based (lower-bound)	9.96	completed
ph_g9159d6deca722971f886_a0494a6e5799a9735be09cf64c8e160c	GCF_037893335.1	GCF_037893335.1	g9159d6deca722971f886	g9159d6deca722971f886_ce27428a409e3e9c1828d7d76	NZ_CP056001.1	provirus_locus	1165597	1208812	+	+	43215	2504786	false	false	genomad_raw_v1		c0aa3341b72dac5711d7a8d3735946df6616bac7ab3d281edc5b130acdad75cc	c0aa3341b72dac5711d7a8d3735946df6616bac7ab3d281edc5b130acdad75cc	geNomad	g9159d6deca722971f886_ce27428a409e3e9c1828d7d76|provirus_1165598_1208812	Provirus	1165598-1208812	0.9463	NA	77	15	72.2408	11	Viruses;Duplodnaviria;Heunggongvirae;Uroviricota;Caudoviricetes;;	geNomad_predicted_score_reported	caller_predicted_provirus_locus	caller_only_not_independently_validated	not_assessed	43215	No	NA	77	18	1	High-quality	High-quality	100.0	AAI-based (high-confidence)	0.0	1.0		100.0	AAI-based (high-confidence)	0.0	completed
ph_g9159d6deca722971f886_de828c7bca4ffc12a93b7086815cb937	GCF_037893335.1	GCF_037893335.1	g9159d6deca722971f886	g9159d6deca722971f886_ce27428a409e3e9c1828d7d76	NZ_CP056001.1	provirus_locus	898478	935999	+	+	37521	2504786	false	false	genomad_raw_v1		84bf35515bd55214d3d21ac0ef1d77c712f8111cfec9b0959ae3730e6dcb6655	84bf35515bd55214d3d21ac0ef1d77c712f8111cfec9b0959ae3730e6dcb6655	geNomad	g9159d6deca722971f886_ce27428a409e3e9c1828d7d76|provirus_898479_935999	Provirus	898479-935999	0.9504	NA	57	12	42.2463	11	Viruses;Duplodnaviria;Heunggongvirae;Uroviricota;Caudoviricetes;;	geNomad_predicted_score_reported	caller_predicted_provirus_locus	caller_only_not_independently_validated	not_assessed	37521	No	NA	57	15	1	Medium-quality	Genome-fragment	55.89	HMM-based (lower-bound)	0.0	1.0		55.89	HMM-based (lower-bound)	0.0	completed
ph_gca59100c2fa4471b1c12_18e5d353bb55ae30122f367058b5764a	GCF_037897415.1	GCF_037897415.1	gca59100c2fa4471b1c12	gca59100c2fa4471b1c12_c487f7c49171d51e13a37eb22	NZ_CP077180.1	provirus_locus	738570	779033	+	+	40463	2588861	false	false	genomad_raw_v1		9e7407231d88692e9f9db1f6e79f1b241ee061c996546f03d481f36422bdacd2	9e7407231d88692e9f9db1f6e79f1b241ee061c996546f03d481f36422bdacd2	geNomad	gca59100c2fa4471b1c12_c487f7c49171d51e13a37eb22|provirus_738571_779033	Provirus	738571-779033	0.9538	NA	69	15	70.8975	11	Viruses;Duplodnaviria;Heunggongvirae;Uroviricota;Caudoviricetes;;	geNomad_predicted_score_reported	caller_predicted_provirus_locus	caller_only_not_independently_validated	not_assessed	40463	No	NA	69	19	1	High-quality	High-quality	100.0	AAI-based (high-confidence)	0.0	1.0		100.0	AAI-based (high-confidence)	0.0	completed
ph_gd003cc425e7c1c540fea_82a1bbee82b29295dfa1f82aed23f700	GCF_037897425.1	GCF_037897425.1	gd003cc425e7c1c540fea	gd003cc425e7c1c540fea_c709ed632ca77de7db20f13b6	NZ_CP077183.1	provirus_locus	1603747	1643579	+	+	39832	2432266	false	false	genomad_raw_v1		f324d285d8bfef4fb939b9ec74578fd70aa686a6733caae3a2bddc5c4b8826df	f324d285d8bfef4fb939b9ec74578fd70aa686a6733caae3a2bddc5c4b8826df	geNomad	gd003cc425e7c1c540fea_c709ed632ca77de7db20f13b6|provirus_1603748_1643579	Provirus	1603748-1643579	0.9741	NA	70	13	73.4374	11	Viruses;Duplodnaviria;Heunggongvirae;Uroviricota;Caudoviricetes;;	geNomad_predicted_score_reported	caller_predicted_provirus_locus	caller_only_not_independently_validated	not_assessed	39832	No	NA	70	28	0	High-quality	High-quality	97.13	AAI-based (medium-confidence)	0.0	1.0		97.13	AAI-based (medium-confidence)	0.0	completed
ph_gd003cc425e7c1c540fea_a7258068b10edea90a6216710b39f40c	GCF_037897425.1	GCF_037897425.1	gd003cc425e7c1c540fea	gd003cc425e7c1c540fea_c709ed632ca77de7db20f13b6	NZ_CP077183.1	provirus_locus	727600	745674	+	+	18074	2432266	false	false	genomad_raw_v1		5dfa34baa03c44d745166b81c7598d095c5fb58409f64515cd92191583de11c1	5dfa34baa03c44d745166b81c7598d095c5fb58409f64515cd92191583de11c1	geNomad	gd003cc425e7c1c540fea_c709ed632ca77de7db20f13b6|provirus_727601_745674	Provirus	727601-745674	0.8312	NA	19	0	12.0280	11	Unclassified	geNomad_predicted_score_reported	caller_predicted_provirus_locus	caller_only_not_independently_validated	not_assessed	18074	No	NA	19	0	2	Not-determined	Genome-fragment	NA	NA	0.0	1.21	no viral genes detected	unknown	unknown	0.0	completed
ph_gd1410e9460ac9e0cd132_7f40f8acec469f7f820329771b855d80	GCF_037897485.1	GCF_037897485.1	gd1410e9460ac9e0cd132	gd1410e9460ac9e0cd132_c5aac443a5810db318e7fd9bb	NZ_CP077186.1	provirus_locus	210397	218565	+	+	8168	218756	false	false	genomad_raw_v1		5cbcbfd866eb719aca7a3d34ed3040cc4d4d19f9612d5e02a03bef3933f4cf20	5cbcbfd866eb719aca7a3d34ed3040cc4d4d19f9612d5e02a03bef3933f4cf20	geNomad	gd1410e9460ac9e0cd132_c5aac443a5810db318e7fd9bb|provirus_210398_218565	Provirus	210398-218565	0.9739	NA	22	0	20.3569	11	Viruses;Duplodnaviria;Heunggongvirae;Uroviricota;Caudoviricetes;;	geNomad_predicted_score_reported	caller_predicted_provirus_locus	caller_only_not_independently_validated	not_assessed	8168	No	NA	22	3	0	Low-quality	Genome-fragment	20.46	AAI-based (high-confidence)	0.0	1.0		20.46	AAI-based (high-confidence)	0.0	completed
ph_gd1410e9460ac9e0cd132_8a33fee1855c890343250fc4dfce0c29	GCF_037897485.1	GCF_037897485.1	gd1410e9460ac9e0cd132	gd1410e9460ac9e0cd132_c0f119d8e9605f808df9a6279	NZ_CP077185.1	provirus_locus	1115098	1158150	+	+	43052	2214101	false	false	genomad_raw_v1		9c176be910c3ed985c549868f1a678889db9114bf330e0201c995688f901e719	9c176be910c3ed985c549868f1a678889db9114bf330e0201c995688f901e719	geNomad	gd1410e9460ac9e0cd132_c0f119d8e9605f808df9a6279|provirus_1115099_1158150	Provirus	1115099-1158150	0.9706	NA	76	12	68.2206	11	Viruses;Duplodnaviria;Heunggongvirae;Uroviricota;Caudoviricetes;;	geNomad_predicted_score_reported	caller_predicted_provirus_locus	caller_only_not_independently_validated	not_assessed	43052	No	NA	76	23	0	High-quality	High-quality	100.0	AAI-based (medium-confidence)	0.0	1.0		100.0	AAI-based (medium-confidence)	0.0	completed
ph_gd1410e9460ac9e0cd132_8e64fac2689c38816a5cc93d0c981f49	GCF_037897485.1	GCF_037897485.1	gd1410e9460ac9e0cd132	gd1410e9460ac9e0cd132_c0f119d8e9605f808df9a6279	NZ_CP077185.1	provirus_locus	719023	757642	+	+	38619	2214101	false	false	genomad_raw_v1		8949c93c2a5bff1c9347905fbc59e0dcfa113418634622a871dd9a80edee0b05	8949c93c2a5bff1c9347905fbc59e0dcfa113418634622a871dd9a80edee0b05	geNomad	gd1410e9460ac9e0cd132_c0f119d8e9605f808df9a6279|provirus_719024_757642	Provirus	719024-757642	0.9440	NA	72	17	69.5598	11	Viruses;Duplodnaviria;Heunggongvirae;Uroviricota;Caudoviricetes;;	geNomad_predicted_score_reported	caller_predicted_provirus_locus	caller_only_not_independently_validated	not_assessed	38619	No	NA	72	19	1	High-quality	High-quality	95.82	AAI-based (high-confidence)	0.0	1.0		95.82	AAI-based (high-confidence)	0.0	completed
ph_gd1410e9460ac9e0cd132_acb6f10185fb6831bf89b420ed6b5783	GCF_037897485.1	GCF_037897485.1	gd1410e9460ac9e0cd132	gd1410e9460ac9e0cd132_c5aac443a5810db318e7fd9bb	NZ_CP077186.1	provirus_locus	430	31798	+	+	31368	218756	false	false	genomad_raw_v1		1fc868915772e31d17c6deb731c6e2d2f3c4164f65acd8d0bf69f57914c4a2b4	1fc868915772e31d17c6deb731c6e2d2f3c4164f65acd8d0bf69f57914c4a2b4	geNomad	gd1410e9460ac9e0cd132_c5aac443a5810db318e7fd9bb|provirus_431_31798	Provirus	431-31798	0.9479	NA	52	16	48.2270	11	Viruses;Duplodnaviria;Heunggongvirae;Uroviricota;Caudoviricetes;;	geNomad_predicted_score_reported	caller_predicted_provirus_locus	caller_only_not_independently_validated	not_assessed	31368	No	NA	52	13	1	Medium-quality	Genome-fragment	77.74	AAI-based (high-confidence)	0.0	1.0		77.74	AAI-based (high-confidence)	0.0	completed
ph_g1c7ada0b00972d9fcc40_a134f799360f90dd9ca62da2a6f78608	GCF_037897515.1	GCF_037897515.1	g1c7ada0b00972d9fcc40	g1c7ada0b00972d9fcc40_c5bef5d86fc41f96ef3565f42	NZ_CP077190.1	provirus_locus	1670907	1707765	+	+	36858	2438255	false	false	genomad_raw_v1		018bd1ad174bfbbba9ec1c85ed8bdf5df0a68e6ff4fa21f593f420985759d1f2	018bd1ad174bfbbba9ec1c85ed8bdf5df0a68e6ff4fa21f593f420985759d1f2	geNomad	g1c7ada0b00972d9fcc40_c5bef5d86fc41f96ef3565f42|provirus_1670908_1707765	Provirus	1670908-1707765	0.9742	NA	60	14	59.9547	11	Viruses;Duplodnaviria;Heunggongvirae;Uroviricota;Caudoviricetes;;	geNomad_predicted_score_reported	caller_predicted_provirus_locus	caller_only_not_independently_validated	not_assessed	36858	No	NA	60	21	0	Medium-quality	Genome-fragment	54.29	HMM-based (lower-bound)	0.0	1.0		54.29	HMM-based (lower-bound)	0.0	completed
ph_g5a85231ae51097fe5b68_24dc10f818f647de64b779f4f92ef24e	GCF_037897545.1	GCF_037897545.1	g5a85231ae51097fe5b68	g5a85231ae51097fe5b68_c4b6ef3c9907ab132fc3937a7	NZ_CP077192.1	provirus_locus	681028	728898	+	+	47870	2755977	false	false	genomad_raw_v1		e10adefc26013d6c27540d60b7dc639e4464c075b0ac891a4469ce92bc1021fe	e10adefc26013d6c27540d60b7dc639e4464c075b0ac891a4469ce92bc1021fe	geNomad	g5a85231ae51097fe5b68_c4b6ef3c9907ab132fc3937a7|provirus_681029_728898	Provirus	681029-728898	0.9646	NA	81	12	75.6527	11	Viruses;Duplodnaviria;Heunggongvirae;Uroviricota;Caudoviricetes;;	geNomad_predicted_score_reported	caller_predicted_provirus_locus	caller_only_not_independently_validated	not_assessed	47870	No	NA	81	22	0	High-quality	High-quality	100.0	AAI-based (high-confidence)	0.0	1.0		100.0	AAI-based (high-confidence)	0.0	completed
ph_g5a85231ae51097fe5b68_8d393e9fca81578260d0d008865f2cdc	GCF_037897545.1	GCF_037897545.1	g5a85231ae51097fe5b68	g5a85231ae51097fe5b68_c4b6ef3c9907ab132fc3937a7	NZ_CP077192.1	provirus_locus	1102298	1114092	+	+	11794	2755977	false	false	genomad_raw_v1		d2a5e8cefbdd68083b2e60fe2a8b3f52a1a2650cea88793a63fb36394b347e94	d2a5e8cefbdd68083b2e60fe2a8b3f52a1a2650cea88793a63fb36394b347e94	geNomad	g5a85231ae51097fe5b68_c4b6ef3c9907ab132fc3937a7|provirus_1102299_1114092	Provirus	1102299-1114092	0.8210	NA	21	0	8.1019	11	Viruses;Duplodnaviria;Heunggongvirae;Uroviricota;Caudoviricetes;;	geNomad_predicted_score_reported	caller_predicted_provirus_locus	caller_only_not_independently_validated	not_assessed	11794	No	NA	21	1	2	Low-quality	Genome-fragment	31.76	AAI-based (medium-confidence)	0.0	1.01		31.76	AAI-based (medium-confidence)	0.0	completed
ph_g5a85231ae51097fe5b68_b6c0aa770dd9d77debd0619c7f74bdef	GCF_037897545.1	GCF_037897545.1	g5a85231ae51097fe5b68	g5a85231ae51097fe5b68_c4b6ef3c9907ab132fc3937a7	NZ_CP077192.1	provirus_locus	858627	873025	+	+	14398	2755977	false	false	genomad_raw_v1		0e93907ebd6b2bf1398a82f97ff1a69d970491efb36a34fad43686712c16c99b	0e93907ebd6b2bf1398a82f97ff1a69d970491efb36a34fad43686712c16c99b	geNomad	g5a85231ae51097fe5b68_c4b6ef3c9907ab132fc3937a7|provirus_858628_873025	Provirus	858628-873025	0.8209	NA	20	1	10.6767	11	Viruses;Duplodnaviria;Heunggongvirae;Uroviricota;Caudoviricetes;;	geNomad_predicted_score_reported	caller_predicted_provirus_locus	caller_only_not_independently_validated	not_assessed	14398	Yes	11010	20	5	3	Low-quality	Genome-fragment	13.22	HMM-based (lower-bound)	23.53	1.0		13.22	HMM-based (lower-bound)	23.53	completed
ph_g5a85231ae51097fe5b68_b9112b10ec82c9a897c652eb0f7c9e35	GCF_037897545.1	GCF_037897545.1	g5a85231ae51097fe5b68	g5a85231ae51097fe5b68_c4b6ef3c9907ab132fc3937a7	NZ_CP077192.1	provirus_locus	791923	834053	+	+	42130	2755977	false	false	genomad_raw_v1		3556986b0e72b96777bbf36ac755bb98408cba467d1aeccdf07d927a862b8ea3	3556986b0e72b96777bbf36ac755bb98408cba467d1aeccdf07d927a862b8ea3	geNomad	g5a85231ae51097fe5b68_c4b6ef3c9907ab132fc3937a7|provirus_791924_834053	Provirus	791924-834053	0.9641	NA	64	15	60.9172	11	Viruses;Duplodnaviria;Heunggongvirae;Uroviricota;Caudoviricetes;;	geNomad_predicted_score_reported	caller_predicted_provirus_locus	caller_only_not_independently_validated	not_assessed	42130	No	NA	64	22	0	High-quality	High-quality	100.0	AAI-based (high-confidence)	0.0	1.0		100.0	AAI-based (high-confidence)	0.0	completed
ph_g5a85231ae51097fe5b68_bf93058ab8aaf2220f5bf76c6ae72c96	GCF_037897545.1	GCF_037897545.1	g5a85231ae51097fe5b68	g5a85231ae51097fe5b68_c4b6ef3c9907ab132fc3937a7	NZ_CP077192.1	provirus_locus	2472750	2545712	+	+	72962	2755977	false	false	genomad_raw_v1		05b1b9015f75cb44bb7b5397c14d00ad36d90b85bd3d719da396b13e3c2899a1	05b1b9015f75cb44bb7b5397c14d00ad36d90b85bd3d719da396b13e3c2899a1	geNomad	g5a85231ae51097fe5b68_c4b6ef3c9907ab132fc3937a7|provirus_2472751_2545712	Provirus	2472751-2545712	0.9708	NA	112	28	101.4522	11	Viruses;Duplodnaviria;Heunggongvirae;Uroviricota;Caudoviricetes;;	geNomad_predicted_score_reported	caller_predicted_provirus_locus	caller_only_not_independently_validated	not_assessed	72962	No	NA	112	41	2	High-quality	High-quality	100.0	AAI-based (high-confidence)	0.0	1.0	contig >1.5x longer than expected genome length	100.0	AAI-based (high-confidence)	0.0	completed
ph_g040407664af152d71e03_4d07aa3066623dc2fefbb42a57dc3f45	GCF_037904575.1	GCF_037904575.1	g040407664af152d71e03	g040407664af152d71e03_c3b746b3095f23ee93c9beee0	NZ_CP077122.1	provirus_locus	1632255	1677642	+	+	45387	2579120	false	false	genomad_raw_v1		27b446b8b7d59cb3abff9cecaf06e0b11f53d0e25af9c088db5b0cc108fd522f	27b446b8b7d59cb3abff9cecaf06e0b11f53d0e25af9c088db5b0cc108fd522f	geNomad	g040407664af152d71e03_c3b746b3095f23ee93c9beee0|provirus_1632256_1677642	Provirus	1632256-1677642	0.9576	NA	75	11	70.0648	11	Viruses;Duplodnaviria;Heunggongvirae;Uroviricota;Caudoviricetes;;	geNomad_predicted_score_reported	caller_predicted_provirus_locus	caller_only_not_independently_validated	not_assessed	45387	No	NA	75	19	1	High-quality	High-quality	95.98	AAI-based (high-confidence)	0.0	1.0		95.98	AAI-based (high-confidence)	0.0	completed
ph_ge789179a4d0717003aae_d33b6e53c808bd2ef94e2f5be15929f5	GCF_037904595.1	GCF_037904595.1	ge789179a4d0717003aae	ge789179a4d0717003aae_ce25e037903b721449b9f2ce7	NZ_CP077130.1	provirus_locus	1717522	1754503	+	+	36981	2311668	false	false	genomad_raw_v1		2787131acdd16a9bec301a37f97dd4104da15e5c3d113f4ed8c985ddfbb03b38	2787131acdd16a9bec301a37f97dd4104da15e5c3d113f4ed8c985ddfbb03b38	geNomad	ge789179a4d0717003aae_ce25e037903b721449b9f2ce7|provirus_1717523_1754503	Provirus	1717523-1754503	0.9162	NA	54	3	25.7715	11	Viruses;Duplodnaviria;Heunggongvirae;Uroviricota;Caudoviricetes;;	geNomad_predicted_score_reported	caller_predicted_provirus_locus	caller_only_not_independently_validated	not_assessed	36981	No	NA	54	7	1	High-quality	High-quality	100.0	AAI-based (medium-confidence)	0.0	1.0		100.0	AAI-based (medium-confidence)	0.0	completed
ph_g6f2fcbe1ae95f829bf58_95b4e9267bd751354f8422ceabf1f369	GCF_037904725.1	GCF_037904725.1	g6f2fcbe1ae95f829bf58	g6f2fcbe1ae95f829bf58_c1f6dc69b3c401b1dd830241b	NZ_CP077145.1	provirus_locus	559987	595632	+	+	35645	2322909	false	false	genomad_raw_v1		12dc32d1c078af1dd4dfcb8b71b8ec93451db6abcf27783d1fb95bcb0885febd	12dc32d1c078af1dd4dfcb8b71b8ec93451db6abcf27783d1fb95bcb0885febd	geNomad	g6f2fcbe1ae95f829bf58_c1f6dc69b3c401b1dd830241b|provirus_559988_595632	Provirus	559988-595632	0.9522	NA	55	11	42.4527	11	Viruses;Duplodnaviria;Heunggongvirae;Uroviricota;Caudoviricetes;;	geNomad_predicted_score_reported	caller_predicted_provirus_locus	caller_only_not_independently_validated	not_assessed	35645	No	NA	55	19	2	Low-quality	Genome-fragment	47.07	HMM-based (lower-bound)	0.0	1.0		47.07	HMM-based (lower-bound)	0.0	completed
ph_gb1d45618023113c1e451_1b476203a59a98b23df9bfadb2fcb2be	GCF_037905245.1	GCF_037905245.1	gb1d45618023113c1e451	gb1d45618023113c1e451_c20c1f49134b0ee392ea5fe8c	NZ_CP077150.1	provirus_locus	2440639	2480447	+	+	39808	2657636	false	false	genomad_raw_v1		a48473562eedcc82826020b756ae7d1b59063290be1ca7461f7c66ef9a2710c3	a48473562eedcc82826020b756ae7d1b59063290be1ca7461f7c66ef9a2710c3	geNomad	gb1d45618023113c1e451_c20c1f49134b0ee392ea5fe8c|provirus_2440640_2480447	Provirus	2440640-2480447	0.9791	NA	61	13	64.6562	11	Viruses;Duplodnaviria;Heunggongvirae;Uroviricota;Caudoviricetes;;	geNomad_predicted_score_reported	caller_predicted_provirus_locus	caller_only_not_independently_validated	not_assessed	39808	No	NA	61	25	0	High-quality	High-quality	94.14	AAI-based (high-confidence)	0.0	1.0		94.14	AAI-based (high-confidence)	0.0	completed
ph_gb1d45618023113c1e451_1f8085e11a3c3b5825d3c695bbeede7e	GCF_037905245.1	GCF_037905245.1	gb1d45618023113c1e451	gb1d45618023113c1e451_c20c1f49134b0ee392ea5fe8c	NZ_CP077150.1	provirus_locus	1630496	1670641	+	+	40145	2657636	false	false	genomad_raw_v1		7485c800525172736a9fa3948c979fa51985cc209db419f4c54fd33647cb7697	7485c800525172736a9fa3948c979fa51985cc209db419f4c54fd33647cb7697	geNomad	gb1d45618023113c1e451_c20c1f49134b0ee392ea5fe8c|provirus_1630497_1670641	Provirus	1630497-1670641	0.9502	NA	70	15	69.9792	11	Viruses;Duplodnaviria;Heunggongvirae;Uroviricota;Caudoviricetes;;	geNomad_predicted_score_reported	caller_predicted_provirus_locus	caller_only_not_independently_validated	not_assessed	40145	No	NA	70	19	1	High-quality	High-quality	99.57	AAI-based (high-confidence)	0.0	1.0		99.57	AAI-based (high-confidence)	0.0	completed
ph_g0731b829948ca07ec00c_5c736e9fe7fe642b035cb84f2b65aa30	GCF_037906355.1	GCF_037906355.1	g0731b829948ca07ec00c	g0731b829948ca07ec00c_c425c444a5ae948bac32ceef2	NZ_CP084062.1	provirus_locus	1600782	1641698	+	+	40916	2341829	false	false	genomad_raw_v1		07d65b84e733ac2b0b5357606f48e8152d5e71a010464917ac4771474a1060c0	07d65b84e733ac2b0b5357606f48e8152d5e71a010464917ac4771474a1060c0	geNomad	g0731b829948ca07ec00c_c425c444a5ae948bac32ceef2|provirus_1600783_1641698	Provirus	1600783-1641698	0.9780	NA	66	19	65.2208	11	Viruses;Duplodnaviria;Heunggongvirae;Uroviricota;Caudoviricetes;;	geNomad_predicted_score_reported	caller_predicted_provirus_locus	caller_only_not_independently_validated	not_assessed	40916	No	NA	66	34	0	High-quality	High-quality	92.96	AAI-based (high-confidence)	0.0	1.0		92.96	AAI-based (high-confidence)	0.0	completed
ph_g0731b829948ca07ec00c_777f6f54b4eb7b7246aa3a24cd439e07	GCF_037906355.1	GCF_037906355.1	g0731b829948ca07ec00c	g0731b829948ca07ec00c_c425c444a5ae948bac32ceef2	NZ_CP084062.1	provirus_locus	1266410	1309463	+	+	43053	2341829	false	false	genomad_raw_v1		c3debf2af7abb67cfdb5a87613924c5e49065136809584504ba786d04edcb1e9	c3debf2af7abb67cfdb5a87613924c5e49065136809584504ba786d04edcb1e9	geNomad	g0731b829948ca07ec00c_c425c444a5ae948bac32ceef2|provirus_1266411_1309463	Provirus	1266411-1309463	0.9435	NA	72	15	70.5225	11	Viruses;Duplodnaviria;Heunggongvirae;Uroviricota;Caudoviricetes;;	geNomad_predicted_score_reported	caller_predicted_provirus_locus	caller_only_not_independently_validated	not_assessed	43053	No	NA	72	17	2	High-quality	High-quality	100.0	AAI-based (high-confidence)	0.0	1.0		100.0	AAI-based (high-confidence)	0.0	completed
ph_gc3d32ff3602ccafa563f_2c2432b4bc54e3909424ef1de02e020a	GCF_037907055.1	GCF_037907055.1	gc3d32ff3602ccafa563f	gc3d32ff3602ccafa563f_ce6733737450c198e81703d84	NZ_CP084069.1	provirus_locus	1674589	1720372	+	+	45783	2291394	false	false	genomad_raw_v1		38b95c862dcdef27f6f6f3605cf2d923db7242671d1b7cb5436b450644beecf1	38b95c862dcdef27f6f6f3605cf2d923db7242671d1b7cb5436b450644beecf1	geNomad	gc3d32ff3602ccafa563f_ce6733737450c198e81703d84|provirus_1674590_1720372	Provirus	1674590-1720372	0.9553	NA	79	14	67.5616	11	Viruses;Duplodnaviria;Heunggongvirae;Uroviricota;Caudoviricetes;;	geNomad_predicted_score_reported	caller_predicted_provirus_locus	caller_only_not_independently_validated	not_assessed	45783	No	NA	79	16	0	High-quality	High-quality	96.82	AAI-based (high-confidence)	0.0	1.0		96.82	AAI-based (high-confidence)	0.0	completed
ph_gc3d32ff3602ccafa563f_9235f3047d46b183ea9891df947468e8	GCF_037907055.1	GCF_037907055.1	gc3d32ff3602ccafa563f	gc3d32ff3602ccafa563f_ce6733737450c198e81703d84	NZ_CP084069.1	provirus_locus	929181	969365	+	+	40184	2291394	false	false	genomad_raw_v1		56e2662ced2c577fd993a7b84fe015f620784dea41fc5d7eff5e006060174eaf	56e2662ced2c577fd993a7b84fe015f620784dea41fc5d7eff5e006060174eaf	geNomad	gc3d32ff3602ccafa563f_ce6733737450c198e81703d84|provirus_929182_969365	Provirus	929182-969365	0.9442	NA	68	15	66.8386	11	Viruses;Duplodnaviria;Heunggongvirae;Uroviricota;Caudoviricetes;;	geNomad_predicted_score_reported	caller_predicted_provirus_locus	caller_only_not_independently_validated	not_assessed	40184	No	NA	68	18	2	High-quality	High-quality	99.85	AAI-based (high-confidence)	0.0	1.0		99.85	AAI-based (high-confidence)	0.0	completed
ph_g6b57bc388acfc0fc108c_182bd941e95d40310bd2b0419ca79162	GCF_037908355.1	GCF_037908355.1	g6b57bc388acfc0fc108c	g6b57bc388acfc0fc108c_c18376c017fbdc8d1a5966944	NZ_CP084070.1	provirus_locus	1674754	1720537	+	+	45783	2292958	false	false	genomad_raw_v1		38b95c862dcdef27f6f6f3605cf2d923db7242671d1b7cb5436b450644beecf1	38b95c862dcdef27f6f6f3605cf2d923db7242671d1b7cb5436b450644beecf1	geNomad	g6b57bc388acfc0fc108c_c18376c017fbdc8d1a5966944|provirus_1674755_1720537	Provirus	1674755-1720537	0.9553	NA	79	14	67.5616	11	Viruses;Duplodnaviria;Heunggongvirae;Uroviricota;Caudoviricetes;;	geNomad_predicted_score_reported	caller_predicted_provirus_locus	caller_only_not_independently_validated	not_assessed	45783	No	NA	79	16	0	High-quality	High-quality	96.82	AAI-based (high-confidence)	0.0	1.0		96.82	AAI-based (high-confidence)	0.0	completed
ph_g6b57bc388acfc0fc108c_d3b4726171cc7b656adb85da64685137	GCF_037908355.1	GCF_037908355.1	g6b57bc388acfc0fc108c	g6b57bc388acfc0fc108c_c18376c017fbdc8d1a5966944	NZ_CP084070.1	provirus_locus	929344	969528	+	+	40184	2292958	false	false	genomad_raw_v1		3999e8e7224411cfce7fb1cfa6d3982cda400916935eb2b85eb232f72a897195	3999e8e7224411cfce7fb1cfa6d3982cda400916935eb2b85eb232f72a897195	geNomad	g6b57bc388acfc0fc108c_c18376c017fbdc8d1a5966944|provirus_929345_969528	Provirus	929345-969528	0.9429	NA	68	15	66.8386	11	Viruses;Duplodnaviria;Heunggongvirae;Uroviricota;Caudoviricetes;;	geNomad_predicted_score_reported	caller_predicted_provirus_locus	caller_only_not_independently_validated	not_assessed	40184	No	NA	68	18	2	High-quality	High-quality	99.85	AAI-based (high-confidence)	0.0	1.0		99.85	AAI-based (high-confidence)	0.0	completed
ph_gecd651ef29731ba89e21_b04b04b64f9603b030701fd08fc8a055	GCF_037911855.1	GCF_037911855.1	gecd651ef29731ba89e21	gecd651ef29731ba89e21_cfce486287878548fa4456849	NZ_CP084079.1	provirus_locus	1539308	1564460	+	+	25152	2328368	false	false	genomad_raw_v1		a449d9441f4d6720695153f488f49a7473abd50efe75013591af7236f578d186	a449d9441f4d6720695153f488f49a7473abd50efe75013591af7236f578d186	geNomad	gecd651ef29731ba89e21_cfce486287878548fa4456849|provirus_1539309_1564460	Provirus	1539309-1564460	0.9253	NA	42	0	22.6981	11	Viruses;Duplodnaviria;Heunggongvirae;Uroviricota;Caudoviricetes;;	geNomad_predicted_score_reported	caller_predicted_provirus_locus	caller_only_not_independently_validated	not_assessed	25152	No	NA	42	6	0	Low-quality	Genome-fragment	33.16	HMM-based (lower-bound)	0.0	1.0		33.16	HMM-based (lower-bound)	0.0	completed
ph_g972c6dd7461afb92c1cb_8a5cfd5cc7d91a2785f54802840aaf61	GCF_037911875.1	GCF_037911875.1	g972c6dd7461afb92c1cb	g972c6dd7461afb92c1cb_c258c8c26a567de48647547c7	NZ_CP084134.1	provirus_locus	1322646	1362885	+	+	40239	2413802	false	false	genomad_raw_v1		71899f3c221a3c3d76ff6a186daa741731861548740cf37c0f05a6fdaa1f5313	71899f3c221a3c3d76ff6a186daa741731861548740cf37c0f05a6fdaa1f5313	geNomad	g972c6dd7461afb92c1cb_c258c8c26a567de48647547c7|provirus_1322647_1362885	Provirus	1322647-1362885	0.9516	NA	68	16	70.3631	11	Viruses;Duplodnaviria;Heunggongvirae;Uroviricota;Caudoviricetes;;	geNomad_predicted_score_reported	caller_predicted_provirus_locus	caller_only_not_independently_validated	not_assessed	40239	No	NA	68	19	1	High-quality	High-quality	99.79	AAI-based (high-confidence)	0.0	1.0		99.79	AAI-based (high-confidence)	0.0	completed
ph_g972c6dd7461afb92c1cb_d0d2e32213e0d8cee8e507ed126d695f	GCF_037911875.1	GCF_037911875.1	g972c6dd7461afb92c1cb	g972c6dd7461afb92c1cb_c258c8c26a567de48647547c7	NZ_CP084134.1	provirus_locus	1693756	1746060	+	+	52304	2413802	false	false	genomad_raw_v1		a6c614a8e486c02be11058f8a5183a47e1b000cd73764536a21b6e1c445d6cc2	a6c614a8e486c02be11058f8a5183a47e1b000cd73764536a21b6e1c445d6cc2	geNomad	g972c6dd7461afb92c1cb_c258c8c26a567de48647547c7|provirus_1693757_1746060	Provirus	1693757-1746060	0.9609	NA	84	15	70.1724	11	Viruses;Duplodnaviria;Heunggongvirae;Uroviricota;Caudoviricetes;;	geNomad_predicted_score_reported	caller_predicted_provirus_locus	caller_only_not_independently_validated	not_assessed	52304	No	NA	84	30	1	High-quality	High-quality	100.0	AAI-based (high-confidence)	0.0	1.0		100.0	AAI-based (high-confidence)	0.0	completed
ph_g373c498fa6f18965cac3_5d7ab5747cd5806ddde49ddcd330b2b8	GCF_037911885.1	GCF_037911885.1	g373c498fa6f18965cac3	g373c498fa6f18965cac3_c43282bc5f381b5e2e7aa1a81	NZ_CP084138.1	provirus_locus	609080	666375	+	+	57295	2460084	false	false	genomad_raw_v1		cfa240c7879922df7430a0554c8613fc38238ebecfafce5567965d0b7698cf6a	cfa240c7879922df7430a0554c8613fc38238ebecfafce5567965d0b7698cf6a	geNomad	g373c498fa6f18965cac3_c43282bc5f381b5e2e7aa1a81|provirus_609081_666375	Provirus	609081-666375	0.9570	NA	74	15	64.8737	11	Viruses;Duplodnaviria;Heunggongvirae;Uroviricota;Caudoviricetes;;	geNomad_predicted_score_reported	caller_predicted_provirus_locus	caller_only_not_independently_validated	not_assessed	57295	No	NA	74	22	2	High-quality	High-quality	100.0	AAI-based (high-confidence)	0.0	1.0		100.0	AAI-based (high-confidence)	0.0	completed
ph_g232603833882798b52c3_6d54536cdccbe07d8b0389b17d995d40	GCF_037911915.1	GCF_037911915.1	g232603833882798b52c3	g232603833882798b52c3_c38bc5611095b0991addbfb45	NZ_CP084143.1	provirus_locus	2404246	2450784	+	+	46538	2658899	false	false	genomad_raw_v1		a233140fa4d82883ef0bbf8095a1bf7f2acc19cbf4414d96e93c3532e8a071bf	a233140fa4d82883ef0bbf8095a1bf7f2acc19cbf4414d96e93c3532e8a071bf	geNomad	g232603833882798b52c3_c38bc5611095b0991addbfb45|provirus_2404247_2450784	Provirus	2404247-2450784	0.9735	NA	74	18	73.2566	11	Viruses;Duplodnaviria;Heunggongvirae;Uroviricota;Caudoviricetes;;	geNomad_predicted_score_reported	caller_predicted_provirus_locus	caller_only_not_independently_validated	not_assessed	46538	No	NA	74	25	0	High-quality	High-quality	100.0	AAI-based (high-confidence)	0.0	1.0		100.0	AAI-based (high-confidence)	0.0	completed
ph_g232603833882798b52c3_aed181e652ea139c6f78c67e725bad47	GCF_037911915.1	GCF_037911915.1	g232603833882798b52c3	g232603833882798b52c3_c38bc5611095b0991addbfb45	NZ_CP084143.1	provirus_locus	745399	788746	+	+	43347	2658899	false	false	genomad_raw_v1		530911772963638b6025f5db2dfa5fb25d2516094dd205ff7923b6c0cd764a1d	530911772963638b6025f5db2dfa5fb25d2516094dd205ff7923b6c0cd764a1d	geNomad	g232603833882798b52c3_c38bc5611095b0991addbfb45|provirus_745400_788746	Provirus	745400-788746	0.9618	NA	65	11	57.2571	11	Viruses;Duplodnaviria;Heunggongvirae;Uroviricota;Caudoviricetes;;	geNomad_predicted_score_reported	caller_predicted_provirus_locus	caller_only_not_independently_validated	not_assessed	43347	No	NA	65	22	0	High-quality	High-quality	100.0	AAI-based (medium-confidence)	0.0	1.0		100.0	AAI-based (medium-confidence)	0.0	completed
ph_g6442daffb92ac5f1be59_c90e035e705d58ebc6866d60f0420d4f	GCF_037911935.1	GCF_037911935.1	g6442daffb92ac5f1be59	g6442daffb92ac5f1be59_cc01c3ea9f035d05262be7ada	NZ_CP084149.1	provirus_locus	1860743	1908145	+	+	47402	2762399	false	false	genomad_raw_v1		70c3ee6361e77d74eaeff5668fe8c352a2c019aa18ec410291ad4dc442d31a1c	70c3ee6361e77d74eaeff5668fe8c352a2c019aa18ec410291ad4dc442d31a1c	geNomad	g6442daffb92ac5f1be59_cc01c3ea9f035d05262be7ada|provirus_1860744_1908145	Provirus	1860744-1908145	0.9760	NA	77	19	80.5348	11	Viruses;Duplodnaviria;Heunggongvirae;Uroviricota;Caudoviricetes;;	geNomad_predicted_score_reported	caller_predicted_provirus_locus	caller_only_not_independently_validated	not_assessed	47402	No	NA	77	28	0	High-quality	High-quality	100.0	AAI-based (high-confidence)	0.0	1.0		100.0	AAI-based (high-confidence)	0.0	completed
ph_gfb2c90864f6ef9b7e2c0_3cccc619fa91d324bcf72d8ffd43259f	GCF_037911955.1	GCF_037911955.1	gfb2c90864f6ef9b7e2c0	gfb2c90864f6ef9b7e2c0_c2921b3519485f55900a1425f	NZ_CP084151.1	provirus_locus	1834350	1869993	+	+	35643	2430285	false	false	genomad_raw_v1		09aad1230f99853e94df3a01710cb93005d10b5f913b1ce6cb7cc3c9a1e9831e	09aad1230f99853e94df3a01710cb93005d10b5f913b1ce6cb7cc3c9a1e9831e	geNomad	gfb2c90864f6ef9b7e2c0_c2921b3519485f55900a1425f|provirus_1834351_1869993	Provirus	1834351-1869993	0.9554	NA	56	11	42.4527	11	Viruses;Duplodnaviria;Heunggongvirae;Uroviricota;Caudoviricetes;;	geNomad_predicted_score_reported	caller_predicted_provirus_locus	caller_only_not_independently_validated	not_assessed	35643	No	NA	56	18	2	Low-quality	Genome-fragment	47.85	HMM-based (lower-bound)	0.0	1.0		47.85	HMM-based (lower-bound)	0.0	completed
ph_gfb2c90864f6ef9b7e2c0_49906d4534414bfca6cdffed1495eb86	GCF_037911955.1	GCF_037911955.1	gfb2c90864f6ef9b7e2c0	gfb2c90864f6ef9b7e2c0_c2921b3519485f55900a1425f	NZ_CP084151.1	provirus_locus	679946	726931	+	+	46985	2430285	false	false	genomad_raw_v1		4ea344443bed4d9c1bcb97bb5ba9d708abbb44605098546e302b2dbd0d6d39f8	4ea344443bed4d9c1bcb97bb5ba9d708abbb44605098546e302b2dbd0d6d39f8	geNomad	gfb2c90864f6ef9b7e2c0_c2921b3519485f55900a1425f|provirus_679947_726931	Provirus	679947-726931	0.9717	NA	77	18	66.6098	11	Viruses;Duplodnaviria;Heunggongvirae;Uroviricota;Caudoviricetes;;	geNomad_predicted_score_reported	caller_predicted_provirus_locus	caller_only_not_independently_validated	not_assessed	46985	Yes	42446	77	21	3	High-quality	High-quality	98.78	AAI-based (high-confidence)	9.66	1.0		98.78	AAI-based (high-confidence)	9.66	completed
ph_gfb2c90864f6ef9b7e2c0_d874c0838b50ffcf91c8538ac198f65f	GCF_037911955.1	GCF_037911955.1	gfb2c90864f6ef9b7e2c0	gfb2c90864f6ef9b7e2c0_c2921b3519485f55900a1425f	NZ_CP084151.1	provirus_locus	1726710	1768712	+	+	42002	2430285	false	false	genomad_raw_v1		a7f6d5509ecb549633f6d1e7ad752a214633630d6fbece63f90d6a1883274eb8	a7f6d5509ecb549633f6d1e7ad752a214633630d6fbece63f90d6a1883274eb8	geNomad	gfb2c90864f6ef9b7e2c0_c2921b3519485f55900a1425f|provirus_1726711_1768712	Provirus	1726711-1768712	0.9758	NA	69	16	67.5099	11	Viruses;Duplodnaviria;Heunggongvirae;Uroviricota;Caudoviricetes;;	geNomad_predicted_score_reported	caller_predicted_provirus_locus	caller_only_not_independently_validated	not_assessed	42002	No	NA	69	29	0	High-quality	High-quality	100.0	AAI-based (high-confidence)	0.0	1.0		100.0	AAI-based (high-confidence)	0.0	completed
ph_ga94dad08135eaa1c08d6_3b56dd7a30824ec95d1f144214a46407	GCF_037911975.1	GCF_037911975.1	ga94dad08135eaa1c08d6	ga94dad08135eaa1c08d6_c3eb99f883b124c4163481f20	NZ_CP084153.1	provirus_locus	1703198	1738843	+	+	35645	2336223	false	false	genomad_raw_v1		a80e972586c1e99a433c294a288dc0ff66e50e456b310fa6fed4ee92a83d5be9	a80e972586c1e99a433c294a288dc0ff66e50e456b310fa6fed4ee92a83d5be9	geNomad	ga94dad08135eaa1c08d6_c3eb99f883b124c4163481f20|provirus_1703199_1738843	Provirus	1703199-1738843	0.9540	NA	55	11	42.4527	11	Viruses;Duplodnaviria;Heunggongvirae;Uroviricota;Caudoviricetes;;	geNomad_predicted_score_reported	caller_predicted_provirus_locus	caller_only_not_independently_validated	not_assessed	35645	No	NA	55	19	2	Low-quality	Genome-fragment	47.07	HMM-based (lower-bound)	0.0	1.0		47.07	HMM-based (lower-bound)	0.0	completed
ph_ga94dad08135eaa1c08d6_8a3b73f8c2a4d51238f76b09d6f7e1d9	GCF_037911975.1	GCF_037911975.1	ga94dad08135eaa1c08d6	ga94dad08135eaa1c08d6_c3eb99f883b124c4163481f20	NZ_CP084153.1	provirus_locus	2135978	2176023	+	+	40045	2336223	false	false	genomad_raw_v1		1ca56f9253ea34064967dfe4b52d67088c47108c0def77085ea8b450fe9a3b6a	1ca56f9253ea34064967dfe4b52d67088c47108c0def77085ea8b450fe9a3b6a	geNomad	ga94dad08135eaa1c08d6_c3eb99f883b124c4163481f20|provirus_2135979_2176023	Provirus	2135979-2176023	0.9758	NA	63	13	69.0951	11	Viruses;Duplodnaviria;Heunggongvirae;Uroviricota;Caudoviricetes;;	geNomad_predicted_score_reported	caller_predicted_provirus_locus	caller_only_not_independently_validated	not_assessed	40045	No	NA	63	24	0	High-quality	High-quality	98.72	AAI-based (high-confidence)	0.0	1.0		98.72	AAI-based (high-confidence)	0.0	completed
ph_ge1c0dc2d60d2f0eefdcf_5a98b6a7d1c2a43ace3ed0ee51a41be1	GCF_037912025.1	GCF_037912025.1	ge1c0dc2d60d2f0eefdcf	ge1c0dc2d60d2f0eefdcf_cfc360ff057a63ab763a78761	NZ_CP084163.1	provirus_locus	1720193	1755824	+	+	35631	2315884	false	false	genomad_raw_v1		2dc0b7ea59c957c28f087f0d9083ac5881123dcdd4bfcb80470fc63349d8c7c5	2dc0b7ea59c957c28f087f0d9083ac5881123dcdd4bfcb80470fc63349d8c7c5	geNomad	ge1c0dc2d60d2f0eefdcf_cfc360ff057a63ab763a78761|provirus_1720194_1755824	Provirus	1720194-1755824	0.9550	NA	54	12	42.0754	11	Viruses;Duplodnaviria;Heunggongvirae;Uroviricota;Caudoviricetes;;	geNomad_predicted_score_reported	caller_predicted_provirus_locus	caller_only_not_independently_validated	not_assessed	35631	No	NA	54	20	2	Low-quality	Genome-fragment	47.05	HMM-based (lower-bound)	0.0	1.0		47.05	HMM-based (lower-bound)	0.0	completed
ph_ge1c0dc2d60d2f0eefdcf_6c565907e7ef62a1af0116d9ce819d4b	GCF_037912025.1	GCF_037912025.1	ge1c0dc2d60d2f0eefdcf	ge1c0dc2d60d2f0eefdcf_cfc360ff057a63ab763a78761	NZ_CP084163.1	provirus_locus	1607407	1649824	+	+	42417	2315884	false	false	genomad_raw_v1		59ce77903801c83aab1aa679097997bdaf4039e9ad647a1fa975234273fce7d9	59ce77903801c83aab1aa679097997bdaf4039e9ad647a1fa975234273fce7d9	geNomad	ge1c0dc2d60d2f0eefdcf_cfc360ff057a63ab763a78761|provirus_1607408_1649824	Provirus	1607408-1649824	0.9759	NA	68	14	70.2351	11	Viruses;Duplodnaviria;Heunggongvirae;Uroviricota;Caudoviricetes;;	geNomad_predicted_score_reported	caller_predicted_provirus_locus	caller_only_not_independently_validated	not_assessed	42417	No	NA	68	26	0	High-quality	High-quality	100.0	AAI-based (high-confidence)	0.0	1.0		100.0	AAI-based (high-confidence)	0.0	completed
ph_g2a9beefccc22b179b353_0846f4b9fb11a689704469aa619f9dc9	GCF_037912275.1	GCF_037912275.1	g2a9beefccc22b179b353	g2a9beefccc22b179b353_cb4c2362c0cecd3fd277a7203	NZ_CP085045.1	provirus_locus	1818287	1849131	+	+	30844	2560460	false	false	genomad_raw_v1		4aa9fd4808f27bbc2074dbf77a7d8fa4175625bc063d6b5a9dcafe3de8f49d7d	4aa9fd4808f27bbc2074dbf77a7d8fa4175625bc063d6b5a9dcafe3de8f49d7d	geNomad	g2a9beefccc22b179b353_cb4c2362c0cecd3fd277a7203|provirus_1818288_1849131	Provirus	1818288-1849131	0.9665	NA	52	5	40.8627	11	Viruses;Duplodnaviria;Heunggongvirae;Uroviricota;Caudoviricetes;;	geNomad_predicted_score_reported	caller_predicted_provirus_locus	caller_only_not_independently_validated	not_assessed	30844	No	NA	52	13	0	High-quality	High-quality	90.37	AAI-based (high-confidence)	0.0	1.0		90.37	AAI-based (high-confidence)	0.0	completed
ph_g2a9beefccc22b179b353_3985732c8d189f0f995947d9462052c3	GCF_037912275.1	GCF_037912275.1	g2a9beefccc22b179b353	g2a9beefccc22b179b353_cb4c2362c0cecd3fd277a7203	NZ_CP085045.1	provirus_locus	2318294	2363202	+	+	44908	2560460	false	false	genomad_raw_v1		b96a87fafdb8640b0e183bdc44de6cb4790207e53f7228cd1035e76f7739417b	b96a87fafdb8640b0e183bdc44de6cb4790207e53f7228cd1035e76f7739417b	geNomad	g2a9beefccc22b179b353_cb4c2362c0cecd3fd277a7203|provirus_2318295_2363202	Provirus	2318295-2363202	0.9682	NA	69	13	71.2297	11	Viruses;Duplodnaviria;Heunggongvirae;Uroviricota;Caudoviricetes;;	geNomad_predicted_score_reported	caller_predicted_provirus_locus	caller_only_not_independently_validated	not_assessed	44908	Yes	41900	69	25	3	High-quality	High-quality	100.0	AAI-based (medium-confidence)	6.7	1.0		100.0	AAI-based (medium-confidence)	6.7	completed
ph_g93d2623de6e2cfb515a9_180421f2cb20fc365fa9a3fe701c6de2	GCF_039761575.1	GCF_039761575.1	g93d2623de6e2cfb515a9	g93d2623de6e2cfb515a9_cf8c299747880ebdd0c38b507	NZ_JBDMXB010000002.1	provirus_locus	206691	284984	+	+	78293	639911	false	false	genomad_raw_v1		05a9c377ec64dbba281a924eeadd0c14dfd77698b9bbf2c358c9716669919c8e	05a9c377ec64dbba281a924eeadd0c14dfd77698b9bbf2c358c9716669919c8e	geNomad	g93d2623de6e2cfb515a9_cf8c299747880ebdd0c38b507|provirus_206692_284984	Provirus	206692-284984	0.9697	NA	112	8	107.3018	11	Viruses;Duplodnaviria;Heunggongvirae;Uroviricota;Caudoviricetes;;	geNomad_predicted_score_reported	caller_predicted_provirus_locus	caller_only_not_independently_validated	not_assessed	78293	Yes	72307	112	15	6	High-quality	High-quality	100.0	AAI-based (high-confidence)	7.65	1.0		100.0	AAI-based (high-confidence)	7.65	completed
ph_g93d2623de6e2cfb515a9_81bd4f9b0a1d14c3b65cb08f662d4e52	GCF_039761575.1	GCF_039761575.1	g93d2623de6e2cfb515a9	g93d2623de6e2cfb515a9_cf8c299747880ebdd0c38b507	NZ_JBDMXB010000002.1	provirus_locus	563577	603573	+	+	39996	639911	false	false	genomad_raw_v1		33485f0ec4ad548e3fc68bc0df6565211670b9302fdec86a8a880625c8b7b533	33485f0ec4ad548e3fc68bc0df6565211670b9302fdec86a8a880625c8b7b533	geNomad	g93d2623de6e2cfb515a9_cf8c299747880ebdd0c38b507|provirus_563578_603573	Provirus	563578-603573	0.9012	NA	54	3	55.1728	11	Viruses;Duplodnaviria;Heunggongvirae;Uroviricota;Caudoviricetes;;	geNomad_predicted_score_reported	caller_predicted_provirus_locus	caller_only_not_independently_validated	not_assessed	39996	Yes	33171	54	3	4	Medium-quality	Genome-fragment	54.61	AAI-based (medium-confidence)	17.06	1.0		54.61	AAI-based (medium-confidence)	17.06	completed
ph_gec8960190bb3e46e243b_155adc1368449fbec1cb4f6dd1490b0b	GCF_040097905.1	GCF_040097905.1	gec8960190bb3e46e243b	gec8960190bb3e46e243b_c2582242034a5bf3123d5789f	NZ_JBBNNL010000019.1	full_contig_virus	0	2502	+	+	2502	2502	true	true	genomad_raw_v1		2366453c6533a501571b83b3eef7e29ddc03db1b891eef0bbd7181ac54bd4299	2366453c6533a501571b83b3eef7e29ddc03db1b891eef0bbd7181ac54bd4299	geNomad	gec8960190bb3e46e243b_c2582242034a5bf3123d5789f	No terminal repeats	NA	0.7621	NA	2	1	1.7183	11	Viruses;Duplodnaviria;Heunggongvirae;Uroviricota;Caudoviricetes;;	geNomad_predicted_score_reported	unknown	full_contig_extent_integration_unknown	not_assessed	2502	No	NA	2	0	2	Not-determined	Genome-fragment	NA	NA	0.0	1.0	no viral genes detected	unknown	unknown	0.0	completed
ph_gec8960190bb3e46e243b_8cd847be36640ffd4fd2da998b9b8b4d	GCF_040097905.1	GCF_040097905.1	gec8960190bb3e46e243b	gec8960190bb3e46e243b_c13f5cb100279c06628dfec2d	NZ_JBBNNL010000002.1	provirus_locus	537166	579578	+	+	42412	743374	false	false	genomad_raw_v1		c5f1cadbe93eda5090b2160ffd1b6dcb7e45a5968712ce6fea811a83400d35b8	c5f1cadbe93eda5090b2160ffd1b6dcb7e45a5968712ce6fea811a83400d35b8	geNomad	gec8960190bb3e46e243b_c13f5cb100279c06628dfec2d|provirus_537167_579578	Provirus	537167-579578	0.8996	NA	55	3	53.1041	11	Viruses;Duplodnaviria;Heunggongvirae;Uroviricota;Caudoviricetes;;	geNomad_predicted_score_reported	caller_predicted_provirus_locus	caller_only_not_independently_validated	not_assessed	42412	Yes	35586	55	4	4	Medium-quality	Genome-fragment	59.06	AAI-based (medium-confidence)	16.09	1.0		59.06	AAI-based (medium-confidence)	16.09	completed
ph_ga5270dc940664838fd0d_214acfded8e549509801a7ca95405144	GCF_040142445.1	GCF_040142445.1	ga5270dc940664838fd0d	ga5270dc940664838fd0d_ca7526fa27c3739149640a3c4	NZ_CP119600.1	provirus_locus	3544472	3591768	+	+	47296	5304538	false	false	genomad_raw_v1		a7ed0a4df97ef4a288efbe9fc7a4eb047b5be21b58b68bad27b8b542e1bbf6b2	a7ed0a4df97ef4a288efbe9fc7a4eb047b5be21b58b68bad27b8b542e1bbf6b2	geNomad	ga5270dc940664838fd0d_ca7526fa27c3739149640a3c4|provirus_3544473_3591768	Provirus	3544473-3591768	0.8934	NA	64	3	54.4678	11	Viruses;Duplodnaviria;Heunggongvirae;Uroviricota;Caudoviricetes;;	geNomad_predicted_score_reported	caller_predicted_provirus_locus	caller_only_not_independently_validated	not_assessed	47296	No	NA	64	3	3	Medium-quality	Genome-fragment	79.01	AAI-based (medium-confidence)	0.0	1.01		79.01	AAI-based (medium-confidence)	0.0	completed
ph_ga5270dc940664838fd0d_7b02968f1f8e32ffd6cb06bc66f4cf56	GCF_040142445.1	GCF_040142445.1	ga5270dc940664838fd0d	ga5270dc940664838fd0d_ca7526fa27c3739149640a3c4	NZ_CP119600.1	provirus_locus	2463191	2515612	+	+	52421	5304538	false	false	genomad_raw_v1		1117c667fce3e53100888a3cdc9ff190ec49abb245213349de80ba0c108f3586	1117c667fce3e53100888a3cdc9ff190ec49abb245213349de80ba0c108f3586	geNomad	ga5270dc940664838fd0d_ca7526fa27c3739149640a3c4|provirus_2463192_2515612	Provirus	2463192-2515612	0.9571	NA	73	7	54.3383	11	Viruses;Duplodnaviria;Heunggongvirae;Uroviricota;Caudoviricetes;;	geNomad_predicted_score_reported	caller_predicted_provirus_locus	caller_only_not_independently_validated	not_assessed	52421	No	NA	73	4	2	High-quality	High-quality	100.0	AAI-based (high-confidence)	0.0	1.0		100.0	AAI-based (high-confidence)	0.0	completed
ph_ga5270dc940664838fd0d_adfd6d894f7a8f84de30fd3f68f84868	GCF_040142445.1	GCF_040142445.1	ga5270dc940664838fd0d	ga5270dc940664838fd0d_ca7526fa27c3739149640a3c4	NZ_CP119600.1	provirus_locus	3021599	3094865	+	+	73266	5304538	false	false	genomad_raw_v1		e91e4430abf84d5d9b2781d8fe8624fd1a78a7a3ae731347ded5723ba7213cdc	e91e4430abf84d5d9b2781d8fe8624fd1a78a7a3ae731347ded5723ba7213cdc	geNomad	ga5270dc940664838fd0d_ca7526fa27c3739149640a3c4|provirus_3021600_3094865	Provirus	3021600-3094865	0.9523	NA	83	9	74.1163	11	Viruses;Duplodnaviria;Heunggongvirae;Uroviricota;Caudoviricetes;;	geNomad_predicted_score_reported	caller_predicted_provirus_locus	caller_only_not_independently_validated	not_assessed	73266	No	NA	81	12	3	High-quality	High-quality	100.0	AAI-based (high-confidence)	0.0	1.01		100.0	AAI-based (high-confidence)	0.0	completed
ph_ga5270dc940664838fd0d_b00bd44eb8d74d012cad71a6d2bb1c2c	GCF_040142445.1	GCF_040142445.1	ga5270dc940664838fd0d	ga5270dc940664838fd0d_ca7526fa27c3739149640a3c4	NZ_CP119600.1	provirus_locus	4315087	4342150	+	+	27063	5304538	false	false	genomad_raw_v1		3ee5c5fa935cb4524e405b5cf44c9dc7fd052a6927d0ea5fec9ad1b706e0e98f	3ee5c5fa935cb4524e405b5cf44c9dc7fd052a6927d0ea5fec9ad1b706e0e98f	geNomad	ga5270dc940664838fd0d_ca7526fa27c3739149640a3c4|provirus_4315088_4342150	Provirus	4315088-4342150	0.8494	NA	34	3	9.5222	11	Viruses;Duplodnaviria;Heunggongvirae;Uroviricota;Caudoviricetes;;	geNomad_predicted_score_reported	caller_predicted_provirus_locus	caller_only_not_independently_validated	not_assessed	27063	No	NA	34	1	3	Low-quality	Genome-fragment	17.51	HMM-based (lower-bound)	0.0	1.0		17.51	HMM-based (lower-bound)	0.0	completed
ph_ga35dc632f86e29c3d369_0bc9bb4ced61396ad0963050a3a193a6	GCF_040142595.1	GCF_040142595.1	ga35dc632f86e29c3d369	ga35dc632f86e29c3d369_c8465f2f3a61f231f0fc5c650	NZ_CP119603.1	provirus_locus	3097712	3134635	+	+	36923	5328778	false	false	genomad_raw_v1		23921088a2dcee57eb8f5ed588ab9a9dd277766c64ef8b793a8f9d638ed9b26d	23921088a2dcee57eb8f5ed588ab9a9dd277766c64ef8b793a8f9d638ed9b26d	geNomad	ga35dc632f86e29c3d369_c8465f2f3a61f231f0fc5c650|provirus_3097713_3134635	Provirus	3097713-3134635	0.7438	NA	40	1	1.2134	11	Viruses;Duplodnaviria;Heunggongvirae;Uroviricota;Caudoviricetes;;	geNomad_predicted_score_reported	caller_predicted_provirus_locus	caller_only_not_independently_validated	not_assessed	36923	Yes	13035	40	3	6	Low-quality	Genome-fragment	6.55	HMM-based (lower-bound)	64.7	1.0		6.55	HMM-based (lower-bound)	64.7	completed
ph_ga35dc632f86e29c3d369_55d4685c04de9dfbb9b292f38a7e26f2	GCF_040142595.1	GCF_040142595.1	ga35dc632f86e29c3d369	ga35dc632f86e29c3d369_c8465f2f3a61f231f0fc5c650	NZ_CP119603.1	provirus_locus	3602726	3647133	+	+	44407	5328778	false	false	genomad_raw_v1		ea9bd716dcd60ef1458c896627cbe997ecb7398738fbd38bbe47183a689e3a04	ea9bd716dcd60ef1458c896627cbe997ecb7398738fbd38bbe47183a689e3a04	geNomad	ga35dc632f86e29c3d369_c8465f2f3a61f231f0fc5c650|provirus_3602727_3647133	Provirus	3602727-3647133	0.9077	NA	59	3	57.4836	11	Viruses;Duplodnaviria;Heunggongvirae;Uroviricota;Caudoviricetes;;	geNomad_predicted_score_reported	caller_predicted_provirus_locus	caller_only_not_independently_validated	not_assessed	44407	No	NA	58	3	3	Medium-quality	Genome-fragment	73.73	AAI-based (medium-confidence)	0.0	1.0		73.73	AAI-based (medium-confidence)	0.0	completed
ph_ga35dc632f86e29c3d369_8ad024d4267ac6236269043a84bff58c	GCF_040142595.1	GCF_040142595.1	ga35dc632f86e29c3d369	ga35dc632f86e29c3d369_c8465f2f3a61f231f0fc5c650	NZ_CP119603.1	provirus_locus	3144639	3169081	+	+	24442	5328778	false	false	genomad_raw_v1		5777dc35ee082a2c8d3a8ef943a0c1c57cdec3a6e03a5f3efad46977bd961382	5777dc35ee082a2c8d3a8ef943a0c1c57cdec3a6e03a5f3efad46977bd961382	geNomad	ga35dc632f86e29c3d369_c8465f2f3a61f231f0fc5c650|provirus_3144640_3169081	Provirus	3144640-3169081	0.8946	NA	29	1	10.8828	11	Viruses;Duplodnaviria;Heunggongvirae;Uroviricota;Caudoviricetes;;	geNomad_predicted_score_reported	caller_predicted_provirus_locus	caller_only_not_independently_validated	not_assessed	24442	No	NA	29	0	7	Not-determined	Genome-fragment	NA	NA	0.0	1.0	no viral genes detected	unknown	unknown	0.0	completed
ph_ga35dc632f86e29c3d369_def62858bdc8f3860d864bab0ff6e666	GCF_040142595.1	GCF_040142595.1	ga35dc632f86e29c3d369	ga35dc632f86e29c3d369_c8465f2f3a61f231f0fc5c650	NZ_CP119603.1	provirus_locus	4330253	4372025	+	+	41772	5328778	false	false	genomad_raw_v1		4b0820aae44ddda02472dd8cacdd36cd26d1c1657e06eaa15109869380846250	4b0820aae44ddda02472dd8cacdd36cd26d1c1657e06eaa15109869380846250	geNomad	ga35dc632f86e29c3d369_c8465f2f3a61f231f0fc5c650|provirus_4330254_4372025	Provirus	4330254-4372025	0.9107	NA	52	3	50.4007	11	Viruses;Duplodnaviria;Heunggongvirae;Uroviricota;Caudoviricetes;;	geNomad_predicted_score_reported	caller_predicted_provirus_locus	caller_only_not_independently_validated	not_assessed	41772	Yes	36640	52	4	4	Medium-quality	Genome-fragment	60.84	AAI-based (medium-confidence)	12.29	1.0		60.84	AAI-based (medium-confidence)	12.29	completed
ph_g6a56a411f5a2239fb83f_1320b218b20ee3a19a349193283bc4e0	GCF_040687815.1	GCF_040687815.1	g6a56a411f5a2239fb83f	g6a56a411f5a2239fb83f_cbc6dc76cd0440b2b481bc074	NZ_CP131536.1	provirus_locus	2791545	2833408	+	+	41863	5162363	false	false	genomad_raw_v1		5652159a80b361d8b5cc7d611dc74e4150a4a90e84a0c65fda0db367f3b922ab	5652159a80b361d8b5cc7d611dc74e4150a4a90e84a0c65fda0db367f3b922ab	geNomad	g6a56a411f5a2239fb83f_cbc6dc76cd0440b2b481bc074|provirus_2791546_2833408	Provirus	2791546-2833408	0.8939	NA	54	3	56.5393	11	Viruses;Duplodnaviria;Heunggongvirae;Uroviricota;Caudoviricetes;;	geNomad_predicted_score_reported	caller_predicted_provirus_locus	caller_only_not_independently_validated	not_assessed	41863	Yes	35037	54	3	4	Medium-quality	Genome-fragment	59.11	AAI-based (medium-confidence)	16.31	1.0		59.11	AAI-based (medium-confidence)	16.31	completed
ph_g014aa3a86a0187fb5153_706a7d2094f7a7955c8242734d95b4f6	GCF_040687825.1	GCF_040687825.1	g014aa3a86a0187fb5153	g014aa3a86a0187fb5153_c02d8eab39dcf2b551d4bb6a1	NZ_CP131537.1	provirus_locus	1952733	1974471	+	+	21738	5095801	false	false	genomad_raw_v1		264841ee539a401063943ce68306362190082212001cdafc3317cd92cac1c5f8	264841ee539a401063943ce68306362190082212001cdafc3317cd92cac1c5f8	geNomad	g014aa3a86a0187fb5153_c02d8eab39dcf2b551d4bb6a1|provirus_1952734_1974471	Provirus	1952734-1974471	0.8113	NA	21	1	5.9036	11	Viruses;Duplodnaviria;Heunggongvirae;Uroviricota;Caudoviricetes;;	geNomad_predicted_score_reported	caller_predicted_provirus_locus	caller_only_not_independently_validated	not_assessed	21738	No	NA	21	1	4	Low-quality	Genome-fragment	13.66	HMM-based (lower-bound)	0.0	1.0		13.66	HMM-based (lower-bound)	0.0	completed
ph_g014aa3a86a0187fb5153_b3fc896e996209fa153622fbdd648266	GCF_040687825.1	GCF_040687825.1	g014aa3a86a0187fb5153	g014aa3a86a0187fb5153_c02d8eab39dcf2b551d4bb6a1	NZ_CP131537.1	provirus_locus	1154632	1174576	+	+	19944	5095801	false	false	genomad_raw_v1		221707b201c984ef562c60fd0b94e6b6fe3b059b1f7f56788a6f494b7179dc04	221707b201c984ef562c60fd0b94e6b6fe3b059b1f7f56788a6f494b7179dc04	geNomad	g014aa3a86a0187fb5153_c02d8eab39dcf2b551d4bb6a1|provirus_1154633_1174576	Provirus	1154633-1174576	0.8486	NA	19	2	7.4764	11	Viruses;Duplodnaviria;Heunggongvirae;Uroviricota;Caudoviricetes;;	geNomad_predicted_score_reported	caller_predicted_provirus_locus	caller_only_not_independently_validated	not_assessed	19944	No	NA	19	1	5	Low-quality	Genome-fragment	14.37	HMM-based (lower-bound)	0.0	1.0		14.37	HMM-based (lower-bound)	0.0	completed
ph_g8be3910bbbaec8ab7224_7dd7ff8184f6e7d0946bc5c6117a8593	GCF_041027385.1	GCF_041027385.1	g8be3910bbbaec8ab7224	g8be3910bbbaec8ab7224_c96132cd2a9b0a120987b4916	NZ_JBFTFE010000022.1	full_contig_virus	0	6129	+	+	6129	6129	true	true	genomad_raw_v1		5d2c0096c26357be4f65808cd9247ab6100fe52b504fb0d681e88ca0858536b2	5d2c0096c26357be4f65808cd9247ab6100fe52b504fb0d681e88ca0858536b2	geNomad	g8be3910bbbaec8ab7224_c96132cd2a9b0a120987b4916	No terminal repeats	NA	0.7012	NA	1	0	0.0000	11	Unclassified	geNomad_predicted_score_reported	unknown	full_contig_extent_integration_unknown	not_assessed	6129	No	NA	1	0	0	Not-determined	Genome-fragment	NA	NA	0.0	1.0	no viral genes detected	unknown	unknown	0.0	completed
ph_g8be3910bbbaec8ab7224_a89c80786db7b0d87def231d5f4667fc	GCF_041027385.1	GCF_041027385.1	g8be3910bbbaec8ab7224	g8be3910bbbaec8ab7224_c6298514577bf35195d21cdf2	NZ_JBFTFE010000004.1	provirus_locus	98112	129819	+	+	31707	189467	false	false	genomad_raw_v1		a570b3c9e6ac3c91d08de5e3b4ebd5cb00c0c3dd7a799aa98dd4915d1de117dc	a570b3c9e6ac3c91d08de5e3b4ebd5cb00c0c3dd7a799aa98dd4915d1de117dc	geNomad	g8be3910bbbaec8ab7224_c6298514577bf35195d21cdf2|provirus_98113_129819	Provirus	98113-129819	0.9353	NA	54	4	33.6203	11	Viruses;Duplodnaviria;Heunggongvirae;Uroviricota;Caudoviricetes;;	geNomad_predicted_score_reported	caller_predicted_provirus_locus	caller_only_not_independently_validated	not_assessed	31707	No	NA	54	10	0	High-quality	High-quality	92.85	AAI-based (medium-confidence)	0.0	1.0		92.85	AAI-based (medium-confidence)	0.0	completed
ph_g8be3910bbbaec8ab7224_f4c787a5cf078341393da900a6d7735b	GCF_041027385.1	GCF_041027385.1	g8be3910bbbaec8ab7224	g8be3910bbbaec8ab7224_caf610a345618e94ab29b63dc	NZ_JBFTFE010000005.1	provirus_locus	130955	184943	+	+	53988	185050	false	false	genomad_raw_v1		d45d7a50e9b7ce3589222f2f7d3006fe46e7128acde5cd0af5980d53c34562df	d45d7a50e9b7ce3589222f2f7d3006fe46e7128acde5cd0af5980d53c34562df	geNomad	g8be3910bbbaec8ab7224_caf610a345618e94ab29b63dc|provirus_130956_184943	Provirus	130956-184943	0.9670	NA	75	13	63.3406	11	Viruses;Duplodnaviria;Heunggongvirae;Uroviricota;Caudoviricetes;;	geNomad_predicted_score_reported	caller_predicted_provirus_locus	caller_only_not_independently_validated	not_assessed	53988	No	NA	75	24	1	High-quality	High-quality	100.0	AAI-based (medium-confidence)	0.0	1.0		100.0	AAI-based (medium-confidence)	0.0	completed
ph_g028a4cab06f73cdcca72_9c213661823c47613e5df92983f0949a	GCF_041027405.1	GCF_041027405.1	g028a4cab06f73cdcca72	g028a4cab06f73cdcca72_cfda963ee00bd2f5bf8a6fa4d	NZ_JBFTFC010000035.1	full_contig_virus	0	5673	+	+	5673	5673	true	true	genomad_raw_v1		7a2ed5f0130d2074a6694bcd8f9f53d629b84de92290d466daa89f31be5d791e	7a2ed5f0130d2074a6694bcd8f9f53d629b84de92290d466daa89f31be5d791e	geNomad	g028a4cab06f73cdcca72_cfda963ee00bd2f5bf8a6fa4d	No terminal repeats	NA	0.7355	NA	1	0	0.0000	11	Unclassified	geNomad_predicted_score_reported	unknown	full_contig_extent_integration_unknown	not_assessed	5673	No	NA	1	0	0	Not-determined	Genome-fragment	NA	NA	0.0	1.0	no viral genes detected	unknown	unknown	0.0	completed
ph_g5bce220c7571f28fd9a5_0522e9c656b0763988904dbff4861c78	GCF_041027465.1	GCF_041027465.1	g5bce220c7571f28fd9a5	g5bce220c7571f28fd9a5_ca0f1fa07c5bb9218457cc83b	NZ_JBFTFA010000001.1	provirus_locus	59640	116822	+	+	57182	116823	false	false	genomad_raw_v1		772426c8b16681ab6e28f27a4556f8d813d46b2a1c3e82866f285a1bfba3d22c	772426c8b16681ab6e28f27a4556f8d813d46b2a1c3e82866f285a1bfba3d22c	geNomad	g5bce220c7571f28fd9a5_ca0f1fa07c5bb9218457cc83b|provirus_59641_116822	Provirus	59641-116822	0.9692	NA	70	18	66.7968	11	Viruses;Duplodnaviria;Heunggongvirae;Uroviricota;Caudoviricetes;;	geNomad_predicted_score_reported	caller_predicted_provirus_locus	caller_only_not_independently_validated	not_assessed	57182	No	NA	70	27	0	High-quality	High-quality	100.0	AAI-based (high-confidence)	0.0	1.0		100.0	AAI-based (high-confidence)	0.0	completed
ph_g5bce220c7571f28fd9a5_73aead2b7722bfb17f6224c248f45805	GCF_041027465.1	GCF_041027465.1	g5bce220c7571f28fd9a5	g5bce220c7571f28fd9a5_c2ad53d8200120a613cf9d42b	NZ_JBFTFA010000052.1	full_contig_virus	0	5965	+	+	5965	5965	true	true	genomad_raw_v1		919d463fa0f8738080c8ff7b4d4d621d25ba473f0a7708b073f38b9eb57a3a99	919d463fa0f8738080c8ff7b4d4d621d25ba473f0a7708b073f38b9eb57a3a99	geNomad	g5bce220c7571f28fd9a5_c2ad53d8200120a613cf9d42b	No terminal repeats	NA	0.7708	NA	1	0	0.0000	11	Unclassified	geNomad_predicted_score_reported	unknown	full_contig_extent_integration_unknown	not_assessed	5965	No	NA	1	0	0	Not-determined	Genome-fragment	NA	NA	0.0	1.0	no viral genes detected	unknown	unknown	0.0	completed
ph_g5bce220c7571f28fd9a5_d56b800260580532f1c70c7c394ca3e8	GCF_041027465.1	GCF_041027465.1	g5bce220c7571f28fd9a5	g5bce220c7571f28fd9a5_c48276375165b3ba5ba373aa9	NZ_JBFTFA010000053.1	full_contig_virus	0	5836	+	+	5836	5836	true	true	genomad_raw_v1		436f026eb49130686d2b752d66cf75c7e7db0e049490a5f5cc7735a433ef5d28	436f026eb49130686d2b752d66cf75c7e7db0e049490a5f5cc7735a433ef5d28	geNomad	g5bce220c7571f28fd9a5_c48276375165b3ba5ba373aa9	No terminal repeats	NA	0.7578	NA	1	0	0.0000	11	Unclassified	geNomad_predicted_score_reported	unknown	full_contig_extent_integration_unknown	not_assessed	5836	No	NA	1	0	0	Not-determined	Genome-fragment	NA	NA	0.0	1.0	no viral genes detected	unknown	unknown	0.0	completed
ph_gfb73a84f6fec68982ea5_894195c25502b2f9980389464f83a514	GCF_041027535.1	GCF_041027535.1	gfb73a84f6fec68982ea5	gfb73a84f6fec68982ea5_cbba3484cf59aa12f5d88a204	NZ_JBFTFD010000035.1	full_contig_virus	0	5673	+	+	5673	5673	true	true	genomad_raw_v1		7a2ed5f0130d2074a6694bcd8f9f53d629b84de92290d466daa89f31be5d791e	7a2ed5f0130d2074a6694bcd8f9f53d629b84de92290d466daa89f31be5d791e	geNomad	gfb73a84f6fec68982ea5_cbba3484cf59aa12f5d88a204	No terminal repeats	NA	0.7355	NA	1	0	0.0000	11	Unclassified	geNomad_predicted_score_reported	unknown	full_contig_extent_integration_unknown	not_assessed	5673	No	NA	1	0	0	Not-determined	Genome-fragment	NA	NA	0.0	1.0	no viral genes detected	unknown	unknown	0.0	completed
ph_g0eb78149b030d03294de_4fbbab99c66828643a7704b162be1b20	GCF_041520925.1	GCF_041520925.1	g0eb78149b030d03294de	g0eb78149b030d03294de_ce72be34d1b8d5c5456edb4d9	NZ_JBGONF010000009.1	provirus_locus	26408	66767	+	+	40359	66911	false	false	genomad_raw_v1		937a6db529696617b01d7af350c78ebe08c7b2f508391956c7fd95dc4be91852	937a6db529696617b01d7af350c78ebe08c7b2f508391956c7fd95dc4be91852	geNomad	g0eb78149b030d03294de_ce72be34d1b8d5c5456edb4d9|provirus_26409_66767	Provirus	26409-66767	0.9405	NA	70	15	66.1460	11	Viruses;Duplodnaviria;Heunggongvirae;Uroviricota;Caudoviricetes;;	geNomad_predicted_score_reported	caller_predicted_provirus_locus	caller_only_not_independently_validated	not_assessed	40359	No	NA	70	19	2	High-quality	High-quality	100.0	AAI-based (high-confidence)	0.0	1.01		100.0	AAI-based (high-confidence)	0.0	completed
ph_g0eb78149b030d03294de_6ec40d7a0bf935c307f9e171c7f0160a	GCF_041520925.1	GCF_041520925.1	g0eb78149b030d03294de	g0eb78149b030d03294de_c8270e670a7c527c7a2cfe78c	NZ_JBGONF010000017.1	provirus_locus	5540	45706	+	+	40166	45708	false	false	genomad_raw_v1		5a0c721b894b9863a04393af3eb6f855c007aaa3e7a4538db6b90c7a84c142c0	5a0c721b894b9863a04393af3eb6f855c007aaa3e7a4538db6b90c7a84c142c0	geNomad	g0eb78149b030d03294de_c8270e670a7c527c7a2cfe78c|provirus_5541_45706	Provirus	5541-45706	0.9609	NA	64	15	60.7636	11	Viruses;Duplodnaviria;Heunggongvirae;Uroviricota;Caudoviricetes;;	geNomad_predicted_score_reported	caller_predicted_provirus_locus	caller_only_not_independently_validated	not_assessed	40166	Yes	35877	64	21	2	Medium-quality	Genome-fragment	89.7	AAI-based (medium-confidence)	10.68	1.0		89.7	AAI-based (medium-confidence)	10.68	completed
ph_g0eb78149b030d03294de_9e14d06fe5b15c5690b811d079aff130	GCF_041520925.1	GCF_041520925.1	g0eb78149b030d03294de	g0eb78149b030d03294de_cd437db71f4054bbbc9f3a0aa	NZ_JBGONF010000022.1	full_contig_virus	0	35837	+	+	35837	35837	true	true	genomad_raw_v1		475731e7942a12ca241a8890493c1046da69a7dc94b22c7be62dfdac885165f1	475731e7942a12ca241a8890493c1046da69a7dc94b22c7be62dfdac885165f1	geNomad	g0eb78149b030d03294de_cd437db71f4054bbbc9f3a0aa	No terminal repeats	NA	0.9653	NA	60	10	54.0767	11	Viruses;Duplodnaviria;Heunggongvirae;Uroviricota;Caudoviricetes;;	geNomad_predicted_score_reported	unknown	full_contig_extent_integration_unknown	not_assessed	35837	No	NA	60	18	1	Medium-quality	Genome-fragment	50.46	HMM-based (lower-bound)	0.0	1.0		50.46	HMM-based (lower-bound)	0.0	completed
ph_g0eb78149b030d03294de_dfbeeaf31c1a902469bfeb6e60d933bc	GCF_041520925.1	GCF_041520925.1	g0eb78149b030d03294de	g0eb78149b030d03294de_c6098c1203b7e73f832e675ef	NZ_JBGONF010000094.1	full_contig_virus	0	2267	+	+	2267	2267	true	true	genomad_raw_v1		2f8cff3947ad5863936268f42f308c35c627047828a56909160252abf7c5c410	2f8cff3947ad5863936268f42f308c35c627047828a56909160252abf7c5c410	geNomad	g0eb78149b030d03294de_c6098c1203b7e73f832e675ef	No terminal repeats	NA	0.9259	NA	7	1	4.3409	11	Viruses;Duplodnaviria;Heunggongvirae;Uroviricota;Caudoviricetes;;	geNomad_predicted_score_reported	unknown	full_contig_extent_integration_unknown	not_assessed	2267	No	NA	7	2	0	Low-quality	Genome-fragment	5.88	AAI-based (medium-confidence)	0.0	1.0		5.88	AAI-based (medium-confidence)	0.0	completed
ph_ge17eb99cf2008925b3d2_3a207441da33b0558f0f7ee5f5e65afa	GCF_041520955.1	GCF_041520955.1	ge17eb99cf2008925b3d2	ge17eb99cf2008925b3d2_cb3f4198158371f83b6ace1a7	NZ_JBGONE010000003.1	provirus_locus	62425	102533	+	+	40108	173259	false	false	genomad_raw_v1		e702fb9da198e826b9e49b31dc7567cabbea313952afaad05fadbd4de720fb81	e702fb9da198e826b9e49b31dc7567cabbea313952afaad05fadbd4de720fb81	geNomad	ge17eb99cf2008925b3d2_cb3f4198158371f83b6ace1a7|provirus_62426_102533	Provirus	62426-102533	0.9703	NA	67	17	70.5743	11	Viruses;Duplodnaviria;Heunggongvirae;Uroviricota;Caudoviricetes;;	geNomad_predicted_score_reported	caller_predicted_provirus_locus	caller_only_not_independently_validated	not_assessed	40108	No	NA	67	33	0	Medium-quality	Genome-fragment	88.5	AAI-based (high-confidence)	0.0	1.0		88.5	AAI-based (high-confidence)	0.0	completed
ph_ge17eb99cf2008925b3d2_3b758601fdebc4c933cb7b3066c9b0bd	GCF_041520955.1	GCF_041520955.1	ge17eb99cf2008925b3d2	ge17eb99cf2008925b3d2_cb6bb94002d4d6f7ef8e323a3	NZ_JBGONE010000030.1	full_contig_virus	0	6049	+	+	6049	6049	true	true	genomad_raw_v1		fae8f9a0ceb1cd54a4eccc2b3ec3cf6ce02a5a933c06107c1314443338c14ab1	fae8f9a0ceb1cd54a4eccc2b3ec3cf6ce02a5a933c06107c1314443338c14ab1	geNomad	ge17eb99cf2008925b3d2_cb6bb94002d4d6f7ef8e323a3	No terminal repeats	NA	0.7315	NA	1	0	0.0000	11	Unclassified	geNomad_predicted_score_reported	unknown	full_contig_extent_integration_unknown	not_assessed	6049	No	NA	1	0	0	Not-determined	Genome-fragment	NA	NA	0.0	1.0	no viral genes detected	unknown	unknown	0.0	completed
ph_ge17eb99cf2008925b3d2_cde2c1421832dd1fcfa30ed335399329	GCF_041520955.1	GCF_041520955.1	ge17eb99cf2008925b3d2	ge17eb99cf2008925b3d2_c471051da8df4bc7a20acc8f3	NZ_JBGONE010000031.1	full_contig_virus	0	3244	+	+	3244	3244	true	true	genomad_raw_v1		4f5e54f0e2dd3e7b1230f290506b589c72cfaff14461cbdd62b4394017f4e050	4f5e54f0e2dd3e7b1230f290506b589c72cfaff14461cbdd62b4394017f4e050	geNomad	ge17eb99cf2008925b3d2_c471051da8df4bc7a20acc8f3	No terminal repeats	NA	0.8736	NA	6	0	5.1548	11	Unclassified	geNomad_predicted_score_reported	unknown	full_contig_extent_integration_unknown	not_assessed	3244	No	NA	6	0	1	Not-determined	Genome-fragment	NA	NA	0.0	1.08	no viral genes detected	unknown	unknown	0.0	completed
ph_ge17eb99cf2008925b3d2_fc56a38b7d111bffdcb084de1744c51d	GCF_041520955.1	GCF_041520955.1	ge17eb99cf2008925b3d2	ge17eb99cf2008925b3d2_c3fa69dc94a7f5a14472957dd	NZ_JBGONE010000002.1	provirus_locus	184082	236731	+	+	52649	287998	false	false	genomad_raw_v1		1dfa6aea7848b263f447ac8d63814c051bee2c187611c5903a40b9478916c226	1dfa6aea7848b263f447ac8d63814c051bee2c187611c5903a40b9478916c226	geNomad	ge17eb99cf2008925b3d2_c3fa69dc94a7f5a14472957dd|provirus_184083_236731	Provirus	184083-236731	0.9551	NA	85	11	69.6793	11	Viruses;Duplodnaviria;Heunggongvirae;Uroviricota;Caudoviricetes;;	geNomad_predicted_score_reported	caller_predicted_provirus_locus	caller_only_not_independently_validated	not_assessed	52649	No	NA	85	18	1	High-quality	High-quality	100.0	AAI-based (high-confidence)	0.0	1.0		100.0	AAI-based (high-confidence)	0.0	completed
ph_g8b67f11bbe63a5d2d161_6570a9fa97381bea725a666e68814316	GCF_041521005.1	GCF_041521005.1	g8b67f11bbe63a5d2d161	g8b67f11bbe63a5d2d161_c9ba300a7d19d45fbb78034f1	NZ_JBGOND010000018.1	full_contig_virus	0	5896	+	+	5896	5896	true	true	genomad_raw_v1		02bf242875e01118e6aa27aeda93292b0aa6d6692ec3b157779a56435e7e025c	02bf242875e01118e6aa27aeda93292b0aa6d6692ec3b157779a56435e7e025c	geNomad	g8b67f11bbe63a5d2d161_c9ba300a7d19d45fbb78034f1	No terminal repeats	NA	0.7141	NA	1	0	0.0000	11	Unclassified	geNomad_predicted_score_reported	unknown	full_contig_extent_integration_unknown	not_assessed	5896	No	NA	1	0	0	Not-determined	Genome-fragment	NA	NA	0.0	1.0	no viral genes detected	unknown	unknown	0.0	completed
ph_g5e4c9503a398a909e71d_a0a7b4fc0a01efd387aed54029c6be3a	GCF_043421055.1	GCF_043421055.1	g5e4c9503a398a909e71d	g5e4c9503a398a909e71d_c0fb156182a9bd3f73bab39b3	NZ_JBHGHF010000001.1	provirus_locus	48716	91445	+	+	42729	2405289	false	false	genomad_raw_v1		16a980a5e7c9dd47899928bbdd2a62869e115f64d5e6082c1c0c1c74c3f5ee8d	16a980a5e7c9dd47899928bbdd2a62869e115f64d5e6082c1c0c1c74c3f5ee8d	geNomad	g5e4c9503a398a909e71d_c0fb156182a9bd3f73bab39b3|provirus_48717_91445	Provirus	48717-91445	0.9717	NA	65	18	73.2875	11	Viruses;Duplodnaviria;Heunggongvirae;Uroviricota;Caudoviricetes;;	geNomad_predicted_score_reported	caller_predicted_provirus_locus	caller_only_not_independently_validated	not_assessed	42729	No	NA	65	23	0	High-quality	High-quality	100.0	AAI-based (high-confidence)	0.0	1.0		100.0	AAI-based (high-confidence)	0.0	completed
ph_ga39c452f985f3c1e850a_777364033e6a0a4913a58e5431ce6fca	GCF_045159905.1	GCF_045159905.1	ga39c452f985f3c1e850a	ga39c452f985f3c1e850a_c6ca278327a979064981d20fc	NZ_CP077181.1	provirus_locus	111135	148298	+	+	37163	2397821	false	false	genomad_raw_v1		7780f54b9648a438d701f1152406f5981d5a477daffb7bb30dbda4dcf8a7ce75	7780f54b9648a438d701f1152406f5981d5a477daffb7bb30dbda4dcf8a7ce75	geNomad	ga39c452f985f3c1e850a_c6ca278327a979064981d20fc|provirus_111136_148298	Provirus	111136-148298	0.9470	NA	59	11	39.9490	11	Viruses;Duplodnaviria;Heunggongvirae;Uroviricota;Caudoviricetes;;	geNomad_predicted_score_reported	caller_predicted_provirus_locus	caller_only_not_independently_validated	not_assessed	37163	No	NA	59	15	2	Medium-quality	Genome-fragment	53.39	HMM-based (lower-bound)	0.0	1.0		53.39	HMM-based (lower-bound)	0.0	completed
ph_ga39c452f985f3c1e850a_89dbf652d624c47074304a4797df93c5	GCF_045159905.1	GCF_045159905.1	ga39c452f985f3c1e850a	ga39c452f985f3c1e850a_c6ca278327a979064981d20fc	NZ_CP077181.1	provirus_locus	2111279	2170770	+	+	59491	2397821	false	false	genomad_raw_v1		7c7603ff9d4e90eea61cd628182e476273f52aa7ee580cbe14b71ddb2a46121e	7c7603ff9d4e90eea61cd628182e476273f52aa7ee580cbe14b71ddb2a46121e	geNomad	ga39c452f985f3c1e850a_c6ca278327a979064981d20fc|provirus_2111280_2170770	Provirus	2111280-2170770	0.9670	NA	70	13	64.7685	11	Viruses;Duplodnaviria;Heunggongvirae;Uroviricota;Caudoviricetes;;	geNomad_predicted_score_reported	caller_predicted_provirus_locus	caller_only_not_independently_validated	not_assessed	59491	Yes	40819	70	23	4	High-quality	High-quality	100.0	AAI-based (high-confidence)	31.39	1.0		100.0	AAI-based (high-confidence)	31.39	completed
ph_g359789635981b97a3ac6_1c78b479c80bba5c4e210693b3db88a2	GCF_045159935.1	GCF_045159935.1	g359789635981b97a3ac6	g359789635981b97a3ac6_c66020dc8c4cb4d2863bb864d	NZ_CP077173.1	provirus_locus	1099874	1130251	+	+	30377	2239416	false	false	genomad_raw_v1		868ab848b1d96951153ba1ab228f5caae31ac1e78658241d84991bfb405f0a24	868ab848b1d96951153ba1ab228f5caae31ac1e78658241d84991bfb405f0a24	geNomad	g359789635981b97a3ac6_c66020dc8c4cb4d2863bb864d|provirus_1099875_1130251	Provirus	1099875-1130251	0.9635	NA	52	5	35.3849	11	Viruses;Duplodnaviria;Heunggongvirae;Uroviricota;Caudoviricetes;;	geNomad_predicted_score_reported	caller_predicted_provirus_locus	caller_only_not_independently_validated	not_assessed	30377	No	NA	52	9	0	Medium-quality	Genome-fragment	88.87	AAI-based (high-confidence)	0.0	1.0		88.87	AAI-based (high-confidence)	0.0	completed
ph_g359789635981b97a3ac6_b07b8ea74eb8c185429cac8a5415b55b	GCF_045159935.1	GCF_045159935.1	g359789635981b97a3ac6	g359789635981b97a3ac6_c66020dc8c4cb4d2863bb864d	NZ_CP077173.1	provirus_locus	1164663	1208109	+	+	43446	2239416	false	false	genomad_raw_v1		e37ab6951b4f9feba2cf96c876129a39cffa5ffd97c8242dd52158f22907b44d	e37ab6951b4f9feba2cf96c876129a39cffa5ffd97c8242dd52158f22907b44d	geNomad	g359789635981b97a3ac6_c66020dc8c4cb4d2863bb864d|provirus_1164664_1208109	Provirus	1164664-1208109	0.9619	NA	71	11	63.7090	11	Viruses;Duplodnaviria;Heunggongvirae;Uroviricota;Caudoviricetes;;	geNomad_predicted_score_reported	caller_predicted_provirus_locus	caller_only_not_independently_validated	not_assessed	43446	No	NA	71	18	1	High-quality	High-quality	91.88	AAI-based (high-confidence)	0.0	1.0		91.88	AAI-based (high-confidence)	0.0	completed
ph_g8887c5ce32b7f33432e3_257e75271e3b61182cab6d1d0b8f8c49	GCF_045159945.1	GCF_045159945.1	g8887c5ce32b7f33432e3	g8887c5ce32b7f33432e3_c9135e46c264cfee9be57a5b9	NZ_CP077171.1	provirus_locus	978818	1021642	+	+	42824	2558877	false	false	genomad_raw_v1		d026511a878f086d0b86a2bcee48880df23dc3fb3efdf714e3dcb7cf367ddbbb	d026511a878f086d0b86a2bcee48880df23dc3fb3efdf714e3dcb7cf367ddbbb	geNomad	g8887c5ce32b7f33432e3_c9135e46c264cfee9be57a5b9|provirus_978819_1021642	Provirus	978819-1021642	0.9512	NA	72	16	76.0439	11	Viruses;Duplodnaviria;Heunggongvirae;Uroviricota;Caudoviricetes;;	geNomad_predicted_score_reported	caller_predicted_provirus_locus	caller_only_not_independently_validated	not_assessed	42824	No	NA	72	20	1	High-quality	High-quality	100.0	AAI-based (high-confidence)	0.0	1.0		100.0	AAI-based (high-confidence)	0.0	completed
ph_g49544c2cb74c564ba22b_a738a430491e67c8a5162216d03b991c	GCF_045159955.1	GCF_045159955.1	g49544c2cb74c564ba22b	g49544c2cb74c564ba22b_c80ba5e909eff8f3e46294652	NZ_CP077169.1	provirus_locus	1593997	1641296	+	+	47299	2388224	false	false	genomad_raw_v1		70f39f85828425f3b3d676b4a394702435ee79f7b729d70d5c16bd5ae0eefa5f	70f39f85828425f3b3d676b4a394702435ee79f7b729d70d5c16bd5ae0eefa5f	geNomad	g49544c2cb74c564ba22b_c80ba5e909eff8f3e46294652|provirus_1593998_1641296	Provirus	1593998-1641296	0.9369	NA	82	16	68.8581	11	Viruses;Duplodnaviria;Heunggongvirae;Uroviricota;Caudoviricetes;;	geNomad_predicted_score_reported	caller_predicted_provirus_locus	caller_only_not_independently_validated	not_assessed	47299	No	NA	82	17	1	High-quality	High-quality	100.0	AAI-based (high-confidence)	0.0	1.0		100.0	AAI-based (high-confidence)	0.0	completed
ph_g49544c2cb74c564ba22b_c0ca50d9ee1d49d10e7513ed9362ca08	GCF_045159955.1	GCF_045159955.1	g49544c2cb74c564ba22b	g49544c2cb74c564ba22b_c80ba5e909eff8f3e46294652	NZ_CP077169.1	provirus_locus	168834	204909	+	+	36075	2388224	false	false	genomad_raw_v1		38b6fc4a7aa507483a69da21d223f2c8cab9b7f7c25973bffef23a9276b06f63	38b6fc4a7aa507483a69da21d223f2c8cab9b7f7c25973bffef23a9276b06f63	geNomad	g49544c2cb74c564ba22b_c80ba5e909eff8f3e46294652|provirus_168835_204909	Provirus	168835-204909	0.9406	NA	57	10	38.6694	11	Viruses;Duplodnaviria;Heunggongvirae;Uroviricota;Caudoviricetes;;	geNomad_predicted_score_reported	caller_predicted_provirus_locus	caller_only_not_independently_validated	not_assessed	36075	No	NA	57	16	1	Medium-quality	Genome-fragment	52.34	HMM-based (lower-bound)	0.0	1.0		52.34	HMM-based (lower-bound)	0.0	completed
ph_gc53cce2070e8aeff1a88_607c9990147ded50553a7a8cef6a71bb	GCF_045159985.1	GCF_045159985.1	gc53cce2070e8aeff1a88	gc53cce2070e8aeff1a88_c4a0f8a812e3f68029a3cd808	NZ_CP077163.1	provirus_locus	700717	741633	+	+	40916	2341805	false	false	genomad_raw_v1		4c0086b73de7eff27c37e13566c8ecc03088cc43f841a0e11c1e0d6d633df336	4c0086b73de7eff27c37e13566c8ecc03088cc43f841a0e11c1e0d6d633df336	geNomad	gc53cce2070e8aeff1a88_c4a0f8a812e3f68029a3cd808|provirus_700718_741633	Provirus	700718-741633	0.9754	NA	66	19	65.2208	11	Viruses;Duplodnaviria;Heunggongvirae;Uroviricota;Caudoviricetes;;	geNomad_predicted_score_reported	caller_predicted_provirus_locus	caller_only_not_independently_validated	not_assessed	40916	No	NA	66	34	0	High-quality	High-quality	92.96	AAI-based (high-confidence)	0.0	1.0		92.96	AAI-based (high-confidence)	0.0	completed
ph_gc53cce2070e8aeff1a88_e3b4980d67cc43656444c22139c48d3b	GCF_045159985.1	GCF_045159985.1	gc53cce2070e8aeff1a88	gc53cce2070e8aeff1a88_c4a0f8a812e3f68029a3cd808	NZ_CP077163.1	provirus_locus	1032952	1076007	+	+	43055	2341805	false	false	genomad_raw_v1		9b33fb22e581aefc2aebf76ae3c218e3dbe0c34abe347cf54a7c7ea68aa86044	9b33fb22e581aefc2aebf76ae3c218e3dbe0c34abe347cf54a7c7ea68aa86044	geNomad	gc53cce2070e8aeff1a88_c4a0f8a812e3f68029a3cd808|provirus_1032953_1076007	Provirus	1032953-1076007	0.9441	NA	72	15	70.5225	11	Viruses;Duplodnaviria;Heunggongvirae;Uroviricota;Caudoviricetes;;	geNomad_predicted_score_reported	caller_predicted_provirus_locus	caller_only_not_independently_validated	not_assessed	43055	No	NA	72	17	2	High-quality	High-quality	100.0	AAI-based (high-confidence)	0.0	1.0		100.0	AAI-based (high-confidence)	0.0	completed
ph_g46140484935af7e6e314_017d2570114e2375657a2e3a53cb94dc	GCF_045689425.1	GCF_045689425.1	g46140484935af7e6e314	g46140484935af7e6e314_c4649bc1e61f8c4c6c2b7316e	NZ_CP139161.1	provirus_locus	3517247	3567940	+	+	50693	5174916	false	false	genomad_raw_v1		171a6bd035c0606ab6dc109f894e29a3388fd1eb9247136e76a9bf50132b2e83	171a6bd035c0606ab6dc109f894e29a3388fd1eb9247136e76a9bf50132b2e83	geNomad	g46140484935af7e6e314_c4649bc1e61f8c4c6c2b7316e|provirus_3517248_3567940	Provirus	3517248-3567940	0.9491	NA	61	6	49.4068	11	Viruses;Duplodnaviria;Heunggongvirae;Uroviricota;Caudoviricetes;;	geNomad_predicted_score_reported	caller_predicted_provirus_locus	caller_only_not_independently_validated	not_assessed	50693	Yes	47013	61	5	4	Medium-quality	Genome-fragment	65.14	AAI-based (medium-confidence)	7.26	1.01		65.14	AAI-based (medium-confidence)	7.26	completed
ph_g46140484935af7e6e314_c190b52addf4d6f490476ae5b401a28a	GCF_045689425.1	GCF_045689425.1	g46140484935af7e6e314	g46140484935af7e6e314_c4649bc1e61f8c4c6c2b7316e	NZ_CP139161.1	provirus_locus	4428278	4463421	+	+	35143	5174916	false	false	genomad_raw_v1		278297137118760568100e7a25a6ff940304eac6d7fffe4d301b66a62e12aa6a	278297137118760568100e7a25a6ff940304eac6d7fffe4d301b66a62e12aa6a	geNomad	g46140484935af7e6e314_c4649bc1e61f8c4c6c2b7316e|provirus_4428279_4463421	Provirus	4428279-4463421	0.9796	NA	47	3	54.5651	11	Viruses;Duplodnaviria;Heunggongvirae;Uroviricota;Caudoviricetes;;	geNomad_predicted_score_reported	caller_predicted_provirus_locus	caller_only_not_independently_validated	not_assessed	35143	Yes	32702	47	16	3	Medium-quality	Genome-fragment	85.16	AAI-based (high-confidence)	6.95	1.0		85.16	AAI-based (high-confidence)	6.95	completed
ph_g2d522d9310803810907d_0bf3f9221fe0afe97c169c0e6cf438d3	GCF_045689915.1	GCF_045689915.1	g2d522d9310803810907d	g2d522d9310803810907d_c0893d785f0c7b1865292a1d3	NZ_CP142686.1	provirus_locus	4921597	4979121	+	+	57524	5188551	false	false	genomad_raw_v1		531e15a60083b6dee1c2a3ae7aac34b863fd11a3c6ccce0c38b7c5515ceceb31	531e15a60083b6dee1c2a3ae7aac34b863fd11a3c6ccce0c38b7c5515ceceb31	geNomad	g2d522d9310803810907d_c0893d785f0c7b1865292a1d3|provirus_4921598_4979121	Provirus	4921598-4979121	0.9759	NA	80	11	82.9917	11	Viruses;Duplodnaviria;Heunggongvirae;Uroviricota;Caudoviricetes;;	geNomad_predicted_score_reported	caller_predicted_provirus_locus	caller_only_not_independently_validated	not_assessed	57524	No	NA	80	16	4	High-quality	High-quality	93.52	AAI-based (high-confidence)	0.0	1.0		93.52	AAI-based (high-confidence)	0.0	completed
ph_g2d522d9310803810907d_5106bad4455dbfc9c67003ca63b0a3a9	GCF_045689915.1	GCF_045689915.1	g2d522d9310803810907d	g2d522d9310803810907d_c0893d785f0c7b1865292a1d3	NZ_CP142686.1	provirus_locus	780759	832787	+	+	52028	5188551	false	false	genomad_raw_v1		32d81d194b2891adc75d2963b3ffe0cb053e243ed2282ab6ac4612d25dd9363b	32d81d194b2891adc75d2963b3ffe0cb053e243ed2282ab6ac4612d25dd9363b	geNomad	g2d522d9310803810907d_c0893d785f0c7b1865292a1d3|provirus_780760_832787	Provirus	780760-832787	0.9542	NA	59	4	44.9060	11	Viruses;Duplodnaviria;Heunggongvirae;Uroviricota;Caudoviricetes;;	geNomad_predicted_score_reported	caller_predicted_provirus_locus	caller_only_not_independently_validated	not_assessed	52028	Yes	36375	59	4	5	Medium-quality	Genome-fragment	82.64	AAI-based (medium-confidence)	30.09	1.0		82.64	AAI-based (medium-confidence)	30.09	completed
ph_g2d522d9310803810907d_93b61bed1e674baa92d060df3672c44e	GCF_045689915.1	GCF_045689915.1	g2d522d9310803810907d	g2d522d9310803810907d_c0893d785f0c7b1865292a1d3	NZ_CP142686.1	provirus_locus	1323838	1338361	+	+	14523	5188551	false	false	genomad_raw_v1		ac0677b0021fdf8f4aef51bcb2366eb28e0efac2f10327a133870ba24b65f325	ac0677b0021fdf8f4aef51bcb2366eb28e0efac2f10327a133870ba24b65f325	geNomad	g2d522d9310803810907d_c0893d785f0c7b1865292a1d3|provirus_1323839_1338361	Provirus	1323839-1338361	0.7216	NA	17	1	5.2696	11	Viruses;Duplodnaviria;Heunggongvirae;Uroviricota;Caudoviricetes;;	geNomad_predicted_score_reported	caller_predicted_provirus_locus	caller_only_not_independently_validated	not_assessed	14523	No	NA	17	2	1	Low-quality	Genome-fragment	8.54	HMM-based (lower-bound)	0.0	1.0		8.54	HMM-based (lower-bound)	0.0	completed
ph_g2d522d9310803810907d_b03a73cf5fedd7fd7739b6483a16328d	GCF_045689915.1	GCF_045689915.1	g2d522d9310803810907d	g2d522d9310803810907d_c0893d785f0c7b1865292a1d3	NZ_CP142686.1	provirus_locus	3889959	3942599	+	+	52640	5188551	false	false	genomad_raw_v1		b240c25663ea701cadf907efff9062277f064211fa317554705dc0cc325e46f7	b240c25663ea701cadf907efff9062277f064211fa317554705dc0cc325e46f7	geNomad	g2d522d9310803810907d_c0893d785f0c7b1865292a1d3|provirus_3889960_3942599	Provirus	3889960-3942599	0.9529	NA	64	6	48.6045	11	Viruses;Duplodnaviria;Heunggongvirae;Uroviricota;Caudoviricetes;;	geNomad_predicted_score_reported	caller_predicted_provirus_locus	caller_only_not_independently_validated	not_assessed	52640	Yes	48960	64	6	4	Medium-quality	Genome-fragment	78.63	AAI-based (high-confidence)	6.99	1.0		78.63	AAI-based (high-confidence)	6.99	completed
ph_g2d522d9310803810907d_d9c50e9b150773304cc7c7dc283cf75f	GCF_045689915.1	GCF_045689915.1	g2d522d9310803810907d	g2d522d9310803810907d_c0893d785f0c7b1865292a1d3	NZ_CP142686.1	provirus_locus	4015718	4056817	+	+	41099	5188551	false	false	genomad_raw_v1		b8b73171c3a77e3c6a95dc9419d24a41a6881375a1f7e1282a24426320929001	b8b73171c3a77e3c6a95dc9419d24a41a6881375a1f7e1282a24426320929001	geNomad	g2d522d9310803810907d_c0893d785f0c7b1865292a1d3|provirus_4015719_4056817	Provirus	4015719-4056817	0.8786	NA	54	3	51.2471	11	Viruses;Duplodnaviria;Heunggongvirae;Uroviricota;Caudoviricetes;;	geNomad_predicted_score_reported	caller_predicted_provirus_locus	caller_only_not_independently_validated	not_assessed	41099	Yes	34275	54	3	4	Medium-quality	Genome-fragment	57.36	AAI-based (medium-confidence)	16.6	1.0		57.36	AAI-based (medium-confidence)	16.6	completed
ph_g63eab396828f448a5171_e6f8736c2fc346f66c15121e638812fd	GCF_050219895.1	GCF_050219895.1	g63eab396828f448a5171	g63eab396828f448a5171_c00bafa1245941ddb8e7fd5a5	NZ_CP056023.1	provirus_locus	1056421	1105537	+	+	49116	2416230	false	false	genomad_raw_v1		10919e670e8cd36dbe3e43bb5ff4010c69732fa2861c05f8be6a749b25706839	10919e670e8cd36dbe3e43bb5ff4010c69732fa2861c05f8be6a749b25706839	geNomad	g63eab396828f448a5171_c00bafa1245941ddb8e7fd5a5|provirus_1056422_1105537	Provirus	1056422-1105537	0.9630	NA	82	13	70.9362	11	Viruses;Duplodnaviria;Heunggongvirae;Uroviricota;Caudoviricetes;;	geNomad_predicted_score_reported	caller_predicted_provirus_locus	caller_only_not_independently_validated	not_assessed	49116	No	NA	82	28	1	High-quality	High-quality	100.0	AAI-based (medium-confidence)	0.0	1.0		100.0	AAI-based (medium-confidence)	0.0	completed
ph_gd552a11c58b02c04e059_901dc5d9066fac0e5bb50f5143913722	GCF_051064135.1	GCF_051064135.1	gd552a11c58b02c04e059	gd552a11c58b02c04e059_c200ed2e2d049ddf2cf2c58cb	NZ_JBPFKB010000031.1	provirus_locus	19	36935	+	+	36916	337722	false	false	genomad_raw_v1		25412581066e0d6192e20927210eb94ead31d76c97b36a7f7891fc9e4642ebf2	25412581066e0d6192e20927210eb94ead31d76c97b36a7f7891fc9e4642ebf2	geNomad	gd552a11c58b02c04e059_c200ed2e2d049ddf2cf2c58cb|provirus_20_36935	Provirus	20-36935	0.9786	NA	50	12	52.3141	11	Viruses;Duplodnaviria;Heunggongvirae;Uroviricota;Caudoviricetes;;	geNomad_predicted_score_reported	caller_predicted_provirus_locus	caller_only_not_independently_validated	not_assessed	36916	No	NA	50	13	0	High-quality	High-quality	91.23	AAI-based (high-confidence)	0.0	1.0		91.23	AAI-based (high-confidence)	0.0	completed
ph_g7d44f7e7794610d79ae5_0691324e523fc87cc403578c765aa6c5	GCF_051370685.1	GCF_051370685.1	g7d44f7e7794610d79ae5	g7d44f7e7794610d79ae5_cf4866c37d16c7439f08399cd	NZ_JBFCSQ010000004.1	provirus_locus	355702	388958	+	+	33256	389114	false	false	genomad_raw_v1		f537c5d919b5fcf6dc31bae25ef51bf2b6546fac6702fc42a6eba85479ca5928	f537c5d919b5fcf6dc31bae25ef51bf2b6546fac6702fc42a6eba85479ca5928	geNomad	g7d44f7e7794610d79ae5_cf4866c37d16c7439f08399cd|provirus_355703_388958	Provirus	355703-388958	0.7290	NA	36	2	7.9964	11	Viruses;Duplodnaviria;Heunggongvirae;Uroviricota;Caudoviricetes;;	geNomad_predicted_score_reported	caller_predicted_provirus_locus	caller_only_not_independently_validated	not_assessed	33256	No	NA	36	0	8	Not-determined	Genome-fragment	NA	NA	0.0	1.0	no viral genes detected	unknown	unknown	0.0	completed
ph_g7d44f7e7794610d79ae5_1262be56f2f957c45f97c8354f8b5679	GCF_051370685.1	GCF_051370685.1	g7d44f7e7794610d79ae5	g7d44f7e7794610d79ae5_c36c22a0907a5f4aae50ef57d	NZ_JBFCSQ010000007.1	provirus_locus	31734	61825	+	+	30091	269146	false	false	genomad_raw_v1		78b8fa0d99f19f6a72a30d071d89f7900d1d3c476d2da667070b7f2e11ab495d	78b8fa0d99f19f6a72a30d071d89f7900d1d3c476d2da667070b7f2e11ab495d	geNomad	g7d44f7e7794610d79ae5_c36c22a0907a5f4aae50ef57d|provirus_31735_61825	Provirus	31735-61825	0.8160	NA	36	1	9.6135	11	Viruses;Duplodnaviria;Heunggongvirae;Uroviricota;Caudoviricetes;;	geNomad_predicted_score_reported	caller_predicted_provirus_locus	caller_only_not_independently_validated	not_assessed	30091	No	NA	36	0	6	Not-determined	Genome-fragment	NA	NA	0.0	1.0	no viral genes detected	unknown	unknown	0.0	completed
ph_gc2f15f72cee1f217b8ee_17c6550ec16c99de657916a3a3700440	GCF_051905015.1	GCF_051905015.1	gc2f15f72cee1f217b8ee	gc2f15f72cee1f217b8ee_c2896e2536467f81f5f552abc	NZ_CP196750.1	provirus_locus	2354159	2378549	+	+	24390	5385814	false	false	genomad_raw_v1		b5ca77719f30ed7c317e11c2699f1816b41c703eafac9121b4165e6f665003bc	b5ca77719f30ed7c317e11c2699f1816b41c703eafac9121b4165e6f665003bc	geNomad	gc2f15f72cee1f217b8ee_c2896e2536467f81f5f552abc|provirus_2354160_2378549	Provirus	2354160-2378549	0.9039	NA	28	2	5.3721	11	Viruses;Duplodnaviria;Heunggongvirae;Uroviricota;Caudoviricetes;;	geNomad_predicted_score_reported	caller_predicted_provirus_locus	caller_only_not_independently_validated	not_assessed	24390	No	NA	28	0	8	Not-determined	Genome-fragment	NA	NA	0.0	1.0	no viral genes detected	unknown	unknown	0.0	completed
ph_gc2f15f72cee1f217b8ee_35c584f55957f2a004f993627bb73177	GCF_051905015.1	GCF_051905015.1	gc2f15f72cee1f217b8ee	gc2f15f72cee1f217b8ee_c2896e2536467f81f5f552abc	NZ_CP196750.1	provirus_locus	2632773	2693304	+	+	60531	5385814	false	false	genomad_raw_v1		3b2464d1cddd20d3ca314b53a9764e9311126edb3c61df68d2f8058b85f4f360	3b2464d1cddd20d3ca314b53a9764e9311126edb3c61df68d2f8058b85f4f360	geNomad	gc2f15f72cee1f217b8ee_c2896e2536467f81f5f552abc|provirus_2632774_2693304	Provirus	2632774-2693304	0.9527	NA	76	6	54.2244	11	Viruses;Duplodnaviria;Heunggongvirae;Uroviricota;Caudoviricetes;;	geNomad_predicted_score_reported	caller_predicted_provirus_locus	caller_only_not_independently_validated	not_assessed	60531	Yes	48309	76	4	4	High-quality	High-quality	100.0	AAI-based (high-confidence)	20.19	1.0		100.0	AAI-based (high-confidence)	20.19	completed
ph_gc2f15f72cee1f217b8ee_3833acfd42bdbc71a6e29b471c347720	GCF_051905015.1	GCF_051905015.1	gc2f15f72cee1f217b8ee	gc2f15f72cee1f217b8ee_c2896e2536467f81f5f552abc	NZ_CP196750.1	provirus_locus	3689133	3730923	+	+	41790	5385814	false	false	genomad_raw_v1		ea5bf8382c35896212b7d3e95ef781ebbf689dbdb0f20e83f2cac3f2cdc34b61	ea5bf8382c35896212b7d3e95ef781ebbf689dbdb0f20e83f2cac3f2cdc34b61	geNomad	gc2f15f72cee1f217b8ee_c2896e2536467f81f5f552abc|provirus_3689134_3730923	Provirus	3689134-3730923	0.8943	NA	54	3	56.5393	11	Viruses;Duplodnaviria;Heunggongvirae;Uroviricota;Caudoviricetes;;	geNomad_predicted_score_reported	caller_predicted_provirus_locus	caller_only_not_independently_validated	not_assessed	41790	Yes	34964	54	3	4	Medium-quality	Genome-fragment	59.01	AAI-based (medium-confidence)	16.33	1.0		59.01	AAI-based (medium-confidence)	16.33	completed
ph_gc2f15f72cee1f217b8ee_a1c5eb60ed873c8dbfe2ed2b4a8ed659	GCF_051905015.1	GCF_051905015.1	gc2f15f72cee1f217b8ee	gc2f15f72cee1f217b8ee_c2896e2536467f81f5f552abc	NZ_CP196750.1	provirus_locus	5308097	5368460	+	+	60363	5385814	false	false	genomad_raw_v1		f6ffe2651c934f6be1a07edff7d400a9063739aa0e95b6189ed5db91aa6b7f5c	f6ffe2651c934f6be1a07edff7d400a9063739aa0e95b6189ed5db91aa6b7f5c	geNomad	gc2f15f72cee1f217b8ee_c2896e2536467f81f5f552abc|provirus_5308098_5368460	Provirus	5308098-5368460	0.9631	NA	70	12	43.3800	11	Viruses;Duplodnaviria;Heunggongvirae;Uroviricota;Caudoviricetes;;	geNomad_predicted_score_reported	caller_predicted_provirus_locus	caller_only_not_independently_validated	not_assessed	60363	No	NA	69	13	7	High-quality	High-quality	100.0	AAI-based (high-confidence)	0.0	1.0		100.0	AAI-based (high-confidence)	0.0	completed
ph_gc2f15f72cee1f217b8ee_e83d9c465478ee9c0d09e70f60fe3c60	GCF_051905015.1	GCF_051905015.1	gc2f15f72cee1f217b8ee	gc2f15f72cee1f217b8ee_c2896e2536467f81f5f552abc	NZ_CP196750.1	provirus_locus	831049	871841	+	+	40792	5385814	false	false	genomad_raw_v1		94e66968272e554127bf24cc272cced6522cd1772aad96d48a47a169b6eaabbb	94e66968272e554127bf24cc272cced6522cd1772aad96d48a47a169b6eaabbb	geNomad	gc2f15f72cee1f217b8ee_c2896e2536467f81f5f552abc|provirus_831050_871841	Provirus	831050-871841	0.9373	NA	45	3	49.6367	11	Viruses;Duplodnaviria;Heunggongvirae;Uroviricota;Caudoviricetes;;	geNomad_predicted_score_reported	caller_predicted_provirus_locus	caller_only_not_independently_validated	not_assessed	40792	Yes	36961	45	3	3	Medium-quality	Genome-fragment	62.27	AAI-based (medium-confidence)	9.39	1.0		62.27	AAI-based (medium-confidence)	9.39	completed
ph_gdb36047f5c5022db2391_7a00f639285b141c6fbf3496e4db3312	GCF_054298975.1	GCF_054298975.1	gdb36047f5c5022db2391	gdb36047f5c5022db2391_cc0c55c69a93ffe4049e323eb	NZ_JAWVCN010000023.1	provirus_locus	447	19733	+	+	19286	26663	false	false	genomad_raw_v1		217e29e6f1120208e25b66d27705770025132cffed79261374cac9e23ffbc54c	217e29e6f1120208e25b66d27705770025132cffed79261374cac9e23ffbc54c	geNomad	gdb36047f5c5022db2391_cc0c55c69a93ffe4049e323eb|provirus_448_19733	Provirus	448-19733	0.7978	NA	26	1	16.3052	11	Viruses;Duplodnaviria;Heunggongvirae;Uroviricota;Caudoviricetes;;	geNomad_predicted_score_reported	caller_predicted_provirus_locus	caller_only_not_independently_validated	not_assessed	19286	No	NA	26	2	1	Low-quality	Genome-fragment	12.13	HMM-based (lower-bound)	0.0	1.0		12.13	HMM-based (lower-bound)	0.0	completed
ph_gdb36047f5c5022db2391_bca0058b5edb40a6a1de980cf895a7e9	GCF_054298975.1	GCF_054298975.1	gdb36047f5c5022db2391	gdb36047f5c5022db2391_c0ae5ee543454e7b679eb597a	NZ_JAWVCN010000002.1	provirus_locus	246070	323911	+	+	77841	634285	false	false	genomad_raw_v1		e13eb1782a7d83ca9f14ac04b597838a8bca64b24425ad6ad0727cff1346e828	e13eb1782a7d83ca9f14ac04b597838a8bca64b24425ad6ad0727cff1346e828	geNomad	gdb36047f5c5022db2391_c0ae5ee543454e7b679eb597a|provirus_246071_323911	Provirus	246071-323911	0.9712	NA	110	8	107.3018	11	Viruses;Duplodnaviria;Heunggongvirae;Uroviricota;Caudoviricetes;;	geNomad_predicted_score_reported	caller_predicted_provirus_locus	caller_only_not_independently_validated	not_assessed	77841	Yes	71855	110	16	6	High-quality	High-quality	100.0	AAI-based (high-confidence)	7.69	1.0		100.0	AAI-based (high-confidence)	7.69	completed
ph_gdb36047f5c5022db2391_ed5c6a1d329c1976d529bf20c32065ca	GCF_054298975.1	GCF_054298975.1	gdb36047f5c5022db2391	gdb36047f5c5022db2391_c0ae5ee543454e7b679eb597a	NZ_JAWVCN010000002.1	provirus_locus	602600	634230	+	+	31630	634285	false	false	genomad_raw_v1		9e2785ff198396ea102c3feca7700830435cfe398bcf66fc015bf7f6778f290e	9e2785ff198396ea102c3feca7700830435cfe398bcf66fc015bf7f6778f290e	geNomad	gdb36047f5c5022db2391_c0ae5ee543454e7b679eb597a|provirus_602601_634230	Provirus	602601-634230	0.9274	NA	42	3	44.6175	11	Viruses;Duplodnaviria;Heunggongvirae;Uroviricota;Caudoviricetes;;	geNomad_predicted_score_reported	caller_predicted_provirus_locus	caller_only_not_independently_validated	not_assessed	31630	No	NA	42	3	1	Medium-quality	Genome-fragment	52.05	AAI-based (medium-confidence)	0.0	1.0		52.05	AAI-based (medium-confidence)	0.0	completed
ph_gdb36047f5c5022db2391_ee6bbb347c0c31c244ee2ad1eea9f3e1	GCF_054298975.1	GCF_054298975.1	gdb36047f5c5022db2391	gdb36047f5c5022db2391_c9b3417758a1c941270d0e2b7	NZ_JAWVCN010000005.1	provirus_locus	380615	389554	+	+	8939	389618	false	false	genomad_raw_v1		5384a550b341fe050decfd211010980addb40be9f4c2e96ade674b8d67d94fb7	5384a550b341fe050decfd211010980addb40be9f4c2e96ade674b8d67d94fb7	geNomad	gdb36047f5c5022db2391_c9b3417758a1c941270d0e2b7|provirus_380616_389554	Provirus	380616-389554	0.8406	NA	11	0	9.7586	11	Viruses;Duplodnaviria;Heunggongvirae;Uroviricota;Caudoviricetes;;	geNomad_predicted_score_reported	caller_predicted_provirus_locus	caller_only_not_independently_validated	not_assessed	8939	No	NA	11	0	3	Low-quality	Genome-fragment	15.69	AAI-based (medium-confidence)	0.0	1.01	no viral genes detected	15.69	AAI-based (medium-confidence)	0.0	completed
ph_ga22660b8f4d6668c4ef3_0b039e4b927a9468ac73bd8325dc1463	GCF_054298995.1	GCF_054298995.1	ga22660b8f4d6668c4ef3	ga22660b8f4d6668c4ef3_c68275b9df83573df5c3ca083	NZ_JAWVCM010000013.1	provirus_locus	140973	173908	+	+	32935	173910	false	false	genomad_raw_v1		5ce905bff3b01b2555ada2b67e96ec65cee9ff70fbd5a78657315111b6ab0945	5ce905bff3b01b2555ada2b67e96ec65cee9ff70fbd5a78657315111b6ab0945	geNomad	ga22660b8f4d6668c4ef3_c68275b9df83573df5c3ca083|provirus_140974_173908	Provirus	140974-173908	0.9030	NA	36	3	41.4238	11	Viruses;Duplodnaviria;Heunggongvirae;Uroviricota;Caudoviricetes;;	geNomad_predicted_score_reported	caller_predicted_provirus_locus	caller_only_not_independently_validated	not_assessed	32935	Yes	26207	36	3	3	Low-quality	Genome-fragment	43.8	AAI-based (medium-confidence)	20.43	1.0		43.8	AAI-based (medium-confidence)	20.43	completed
ph_ga22660b8f4d6668c4ef3_3b087cf2be2314d2081cdc2e03e8d58d	GCF_054298995.1	GCF_054298995.1	ga22660b8f4d6668c4ef3	ga22660b8f4d6668c4ef3_cceec108a0297bba3f33d5b3e	NZ_JAWVCM010000007.1	provirus_locus	206112	223213	+	+	17101	299237	false	false	genomad_raw_v1		b3d32eb0c654b64d50743b231b00c98b150f83c1340e2e8f1cada6f15d96f064	b3d32eb0c654b64d50743b231b00c98b150f83c1340e2e8f1cada6f15d96f064	geNomad	ga22660b8f4d6668c4ef3_cceec108a0297bba3f33d5b3e|provirus_206113_223213	Provirus	206113-223213	0.7532	NA	22	0	5.9352	11	Viruses;Duplodnaviria;Heunggongvirae;Uroviricota;Caudoviricetes;;	geNomad_predicted_score_reported	caller_predicted_provirus_locus	caller_only_not_independently_validated	not_assessed	17101	No	NA	23	0	0	Not-determined	Genome-fragment	NA	NA	0.0	1.0	no viral genes detected	unknown	unknown	0.0	completed
ph_ga22660b8f4d6668c4ef3_6591ed47bcff865d3114d500c1ef1428	GCF_054298995.1	GCF_054298995.1	ga22660b8f4d6668c4ef3	ga22660b8f4d6668c4ef3_c537dd7564bd96fdb487f53ff	NZ_JAWVCM010000023.1	provirus_locus	48588	55952	+	+	7364	55952	false	true	genomad_raw_v1		6385473293a4226e7b4f5a9b51a9b58fc1482b5d0dacd693280027702efd4886	6385473293a4226e7b4f5a9b51a9b58fc1482b5d0dacd693280027702efd4886	geNomad	ga22660b8f4d6668c4ef3_c537dd7564bd96fdb487f53ff|provirus_48589_55952	Provirus	48589-55952	0.9063	NA	17	0	13.9294	11	Viruses;Duplodnaviria;Heunggongvirae;Uroviricota;Caudoviricetes;;	geNomad_predicted_score_reported	caller_predicted_provirus_locus	caller_only_not_independently_validated	not_assessed	7364	No	NA	17	0	1	Not-determined	Genome-fragment	NA	NA	0.0	1.0	no viral genes detected	unknown	unknown	0.0	completed
ph_ga22660b8f4d6668c4ef3_eb02de5e8d6481d4ca2a7bf4ff61c071	GCF_054298995.1	GCF_054298995.1	ga22660b8f4d6668c4ef3	ga22660b8f4d6668c4ef3_cdd5c10defed84f0874df8fba	NZ_JAWVCM010000020.1	provirus_locus	0	9334	+	+	9334	96233	true	false	genomad_raw_v1		bfa9ae44d9c9c126e35f4ff3e26ce4b4520636f3ba088af1ea37780994b33caa	bfa9ae44d9c9c126e35f4ff3e26ce4b4520636f3ba088af1ea37780994b33caa	geNomad	ga22660b8f4d6668c4ef3_cdd5c10defed84f0874df8fba|provirus_1_9334	Provirus	1-9334	0.9636	NA	17	1	18.0600	11	Viruses;Duplodnaviria;Heunggongvirae;Uroviricota;Caudoviricetes;;	geNomad_predicted_score_reported	caller_predicted_provirus_locus	caller_only_not_independently_validated	not_assessed	9334	No	NA	17	1	0	Low-quality	Genome-fragment	23.14	AAI-based (medium-confidence)	0.0	1.0		23.14	AAI-based (medium-confidence)	0.0	completed
ph_ga22660b8f4d6668c4ef3_f40e1330e1aca1810f8da984df77e275	GCF_054298995.1	GCF_054298995.1	ga22660b8f4d6668c4ef3	ga22660b8f4d6668c4ef3_c93abfee1486b1fdc55492266	NZ_JAWVCM010000032.1	full_contig_virus	0	23767	+	+	23767	23767	true	true	genomad_raw_v1		2585bacf9e47e027c5b8bbb8a549e6e8eff0ad13463247586e08b19bcda304a4	2585bacf9e47e027c5b8bbb8a549e6e8eff0ad13463247586e08b19bcda304a4	geNomad	ga22660b8f4d6668c4ef3_c93abfee1486b1fdc55492266	No terminal repeats	NA	0.9433	NA	32	12	41.2042	11	Viruses;Duplodnaviria;Heunggongvirae;Uroviricota;Caudoviricetes;;	geNomad_predicted_score_reported	unknown	full_contig_extent_integration_unknown	not_assessed	23767	No	NA	32	6	1	Medium-quality	Genome-fragment	56.4	AAI-based (medium-confidence)	0.0	1.0		56.4	AAI-based (medium-confidence)	0.0	completed
ph_gc5fa6de0644cc5c40caf_a4cab28833ea558e426f1312847461e7	GCF_054299015.1	GCF_054299015.1	gc5fa6de0644cc5c40caf	gc5fa6de0644cc5c40caf_c7afa075e7cd0939ad2f5080d	NZ_JAWVCL010000001.1	provirus_locus	903194	952972	+	+	49778	1484686	false	false	genomad_raw_v1		6cdf7997f8ccf50b40cf9091d8f94fb180a0ca9bfbfa84a821f1c0f33b66c01d	6cdf7997f8ccf50b40cf9091d8f94fb180a0ca9bfbfa84a821f1c0f33b66c01d	geNomad	gc5fa6de0644cc5c40caf_c7afa075e7cd0939ad2f5080d|provirus_903195_952972	Provirus	903195-952972	0.9527	NA	59	6	48.5187	11	Viruses;Duplodnaviria;Heunggongvirae;Uroviricota;Caudoviricetes;;	geNomad_predicted_score_reported	caller_predicted_provirus_locus	caller_only_not_independently_validated	not_assessed	49778	Yes	46098	59	6	4	Medium-quality	Genome-fragment	63.84	AAI-based (medium-confidence)	7.39	1.01		63.84	AAI-based (medium-confidence)	7.39	completed
ph_gc5fa6de0644cc5c40caf_b9860bb1e4cfaa9490860be3988b005e	GCF_054299015.1	GCF_054299015.1	gc5fa6de0644cc5c40caf	gc5fa6de0644cc5c40caf_c951aee29494d126e8a430fcb	NZ_JAWVCL010000003.1	provirus_locus	400290	438321	+	+	38031	740884	false	false	genomad_raw_v1		1d1e28a4a27525f51020360aa3550470379b8e6b3d2b8241f42377df2c26b2f2	1d1e28a4a27525f51020360aa3550470379b8e6b3d2b8241f42377df2c26b2f2	geNomad	gc5fa6de0644cc5c40caf_c951aee29494d126e8a430fcb|provirus_400291_438321	Provirus	400291-438321	0.8937	NA	49	3	53.1067	11	Viruses;Duplodnaviria;Heunggongvirae;Uroviricota;Caudoviricetes;;	geNomad_predicted_score_reported	caller_predicted_provirus_locus	caller_only_not_independently_validated	not_assessed	38031	Yes	32439	49	3	2	Medium-quality	Genome-fragment	54.25	AAI-based (medium-confidence)	14.7	1.0		54.25	AAI-based (medium-confidence)	14.7	completed
ph_gc5fa6de0644cc5c40caf_eeaab358244472e9288c797e46737cd1	GCF_054299015.1	GCF_054299015.1	gc5fa6de0644cc5c40caf	gc5fa6de0644cc5c40caf_ce74cc34d1b436a34bceec968	NZ_JAWVCL010000008.1	provirus_locus	0	32098	+	+	32098	185989	true	false	genomad_raw_v1		4d8c7fff49fb13b2507e5fa0f474af2cdd27cb9e2035d6cdf4d5100eb7530167	4d8c7fff49fb13b2507e5fa0f474af2cdd27cb9e2035d6cdf4d5100eb7530167	geNomad	gc5fa6de0644cc5c40caf_ce74cc34d1b436a34bceec968|provirus_1_32098	Provirus	1-32098	0.9734	NA	43	12	38.2748	11	Viruses;Duplodnaviria;Heunggongvirae;Uroviricota;Caudoviricetes;;	geNomad_predicted_score_reported	caller_predicted_provirus_locus	caller_only_not_independently_validated	not_assessed	32098	No	NA	43	11	2	Medium-quality	Genome-fragment	79.36	AAI-based (high-confidence)	0.0	1.0		79.36	AAI-based (high-confidence)	0.0	completed
ph_gbdf429605ca9dcb6224e_f4b5dbfeb8aa3ed2e2925b4a75423fcb	GCF_054299035.1	GCF_054299035.1	gbdf429605ca9dcb6224e	gbdf429605ca9dcb6224e_c330e9aef7ced5fb15ea7835a	NZ_JAWVCK010000003.1	provirus_locus	58232	192992	+	+	134760	675770	false	false	genomad_raw_v1		413496c05af4f6597c1fe08e7252b4d0fcd6a7ada828ebc63d5c4b18d1a3b5dc	413496c05af4f6597c1fe08e7252b4d0fcd6a7ada828ebc63d5c4b18d1a3b5dc	geNomad	gbdf429605ca9dcb6224e_c330e9aef7ced5fb15ea7835a|provirus_58233_192992	Provirus	58233-192992	0.9571	NA	142	7	123.3717	11	Viruses;Duplodnaviria;Heunggongvirae;Uroviricota;Caudoviricetes;;	geNomad_predicted_score_reported	caller_predicted_provirus_locus	caller_only_not_independently_validated	not_assessed	134760	Yes	124949	142	12	8	High-quality	High-quality	100.0	AAI-based (medium-confidence)	7.28	1.0		100.0	AAI-based (medium-confidence)	7.28	completed
ph_g1b788ba5beb2d549ae3a_43381c4e81250de3463b3b12362d57d7	GCF_054299055.1	GCF_054299055.1	g1b788ba5beb2d549ae3a	g1b788ba5beb2d549ae3a_c95ca447008e0074ec52d92f2	NZ_JAWVCJ010000001.1	provirus_locus	989901	1007004	+	+	17103	1834473	false	false	genomad_raw_v1		456b99a4f7d775e71c722ac0fbe20257313c5e68bf810c3c00f4c8f94926d7e5	456b99a4f7d775e71c722ac0fbe20257313c5e68bf810c3c00f4c8f94926d7e5	geNomad	g1b788ba5beb2d549ae3a_c95ca447008e0074ec52d92f2|provirus_989902_1007004	Provirus	989902-1007004	0.7160	NA	21	0	5.9352	11	Viruses;Duplodnaviria;Heunggongvirae;Uroviricota;Caudoviricetes;;	geNomad_predicted_score_reported	caller_predicted_provirus_locus	caller_only_not_independently_validated	not_assessed	17103	No	NA	23	0	0	Not-determined	Genome-fragment	NA	NA	0.0	1.0	no viral genes detected	unknown	unknown	0.0	completed
ph_g1b788ba5beb2d549ae3a_6ec60365e52d4c8f2decd6e4dcfc4ed8	GCF_054299055.1	GCF_054299055.1	g1b788ba5beb2d549ae3a	g1b788ba5beb2d549ae3a_c8d7e4740606eed40529ca539	NZ_JAWVCJ010000003.1	provirus_locus	114196	169029	+	+	54833	602452	false	false	genomad_raw_v1		bdee6c8f8ac88fbf67b6dd0e05d947af9cc444beaa63ffd22b4fe60ec4c58d9d	bdee6c8f8ac88fbf67b6dd0e05d947af9cc444beaa63ffd22b4fe60ec4c58d9d	geNomad	g1b788ba5beb2d549ae3a_c8d7e4740606eed40529ca539|provirus_114197_169029	Provirus	114197-169029	0.9770	NA	78	10	75.6938	11	Viruses;Duplodnaviria;Heunggongvirae;Uroviricota;Caudoviricetes;;	geNomad_predicted_score_reported	caller_predicted_provirus_locus	caller_only_not_independently_validated	not_assessed	54833	No	NA	78	14	1	Medium-quality	Genome-fragment	87.64	AAI-based (high-confidence)	0.0	1.0		87.64	AAI-based (high-confidence)	0.0	completed
ph_g1b788ba5beb2d549ae3a_70eefbdbed7d9a5bab2511c48669208d	GCF_054299055.1	GCF_054299055.1	g1b788ba5beb2d549ae3a	g1b788ba5beb2d549ae3a_c95ca447008e0074ec52d92f2	NZ_JAWVCJ010000001.1	provirus_locus	1323769	1363646	+	+	39877	1834473	false	false	genomad_raw_v1		cd17de4ec8a675334fc18b94d5eae7732a8310950708dfa1a7844d71b1c59035	cd17de4ec8a675334fc18b94d5eae7732a8310950708dfa1a7844d71b1c59035	geNomad	g1b788ba5beb2d549ae3a_c95ca447008e0074ec52d92f2|provirus_1323770_1363646	Provirus	1323770-1363646	0.8840	NA	51	3	51.2471	11	Viruses;Duplodnaviria;Heunggongvirae;Uroviricota;Caudoviricetes;;	geNomad_predicted_score_reported	caller_predicted_provirus_locus	caller_only_not_independently_validated	not_assessed	39877	Yes	33051	51	3	4	Medium-quality	Genome-fragment	54.83	AAI-based (medium-confidence)	17.12	1.0		54.83	AAI-based (medium-confidence)	17.12	completed
ph_g1b788ba5beb2d549ae3a_75435b4ee652ef64d34235d7d5cb76e5	GCF_054299055.1	GCF_054299055.1	g1b788ba5beb2d549ae3a	g1b788ba5beb2d549ae3a_cbbc0012f51f0349b612c78fc	NZ_JAWVCJ010000005.1	provirus_locus	191853	231873	+	+	40020	241911	false	false	genomad_raw_v1		b4eaccdfa80b20ae85285a5f0da07d7591db784b2ec50d3f03c59807d4ac68ae	b4eaccdfa80b20ae85285a5f0da07d7591db784b2ec50d3f03c59807d4ac68ae	geNomad	g1b788ba5beb2d549ae3a_cbbc0012f51f0349b612c78fc|provirus_191854_231873	Provirus	191854-231873	0.9745	NA	55	11	46.4224	11	Viruses;Duplodnaviria;Heunggongvirae;Uroviricota;Caudoviricetes;;	geNomad_predicted_score_reported	caller_predicted_provirus_locus	caller_only_not_independently_validated	not_assessed	40020	Yes	36468	55	10	5	High-quality	High-quality	98.28	AAI-based (high-confidence)	8.88	1.0		98.28	AAI-based (high-confidence)	8.88	completed
ph_g01e3165bdee8f3d6aa30_824e4e199d07af5ef2fc986bffbde619	GCF_054299105.1	GCF_054299105.1	g01e3165bdee8f3d6aa30	g01e3165bdee8f3d6aa30_cae3263d302876c94cb4e10da	NZ_JAWVCI010000001.1	provirus_locus	367719	408039	+	+	40320	798483	false	false	genomad_raw_v1		3b6562be1c5f6daf534fc952c54dfa933ac3fe4106c4b1336005c144139509b3	3b6562be1c5f6daf534fc952c54dfa933ac3fe4106c4b1336005c144139509b3	geNomad	g01e3165bdee8f3d6aa30_cae3263d302876c94cb4e10da|provirus_367720_408039	Provirus	367720-408039	0.8903	NA	52	3	52.6661	11	Viruses;Duplodnaviria;Heunggongvirae;Uroviricota;Caudoviricetes;;	geNomad_predicted_score_reported	caller_predicted_provirus_locus	caller_only_not_independently_validated	not_assessed	40320	Yes	33495	52	3	4	Medium-quality	Genome-fragment	55.52	AAI-based (medium-confidence)	16.93	1.0		55.52	AAI-based (medium-confidence)	16.93	completed
ph_ga1d68afb5ad2d7612406_57176deb863b0c7ca2143baefc6f296d	GCF_054299125.1	GCF_054299125.1	ga1d68afb5ad2d7612406	ga1d68afb5ad2d7612406_c856e2db93f7282d5049ef6ec	NZ_JAWVCH010000006.1	provirus_locus	140644	188809	+	+	48165	274041	false	false	genomad_raw_v1		02209903cbb18339348b18b5ad86e006123982f457e59e0778122f1bfa37a07f	02209903cbb18339348b18b5ad86e006123982f457e59e0778122f1bfa37a07f	geNomad	ga1d68afb5ad2d7612406_c856e2db93f7282d5049ef6ec|provirus_140645_188809	Provirus	140645-188809	0.9555	NA	62	4	44.8474	11	Viruses;Duplodnaviria;Heunggongvirae;Uroviricota;Caudoviricetes;;	geNomad_predicted_score_reported	caller_predicted_provirus_locus	caller_only_not_independently_validated	not_assessed	48165	No	NA	62	4	2	High-quality	High-quality	100.0	AAI-based (medium-confidence)	0.0	1.0		100.0	AAI-based (medium-confidence)	0.0	completed
ph_g65f14e3a2519a4d084c8_6f83f098b2fa16bd38671b9a30ccc34a	GCF_054299145.1	GCF_054299145.1	g65f14e3a2519a4d084c8	g65f14e3a2519a4d084c8_cfc67156931a8449eacd42e8c	NZ_JAWVCG010000012.1	provirus_locus	117893	129982	+	+	12089	137353	false	false	genomad_raw_v1		00b0d21595d4fb5fd69030252ef374d14fa120654da991ca5a50659f0e9847a6	00b0d21595d4fb5fd69030252ef374d14fa120654da991ca5a50659f0e9847a6	geNomad	g65f14e3a2519a4d084c8_cfc67156931a8449eacd42e8c|provirus_117894_129982	Provirus	117894-129982	0.9011	NA	13	1	10.3097	11	Viruses;Duplodnaviria;Heunggongvirae;Uroviricota;Caudoviricetes;;	geNomad_predicted_score_reported	caller_predicted_provirus_locus	caller_only_not_independently_validated	not_assessed	12089	No	NA	10	0	2	Not-determined	Genome-fragment	NA	NA	0.0	1.0	no viral genes detected	unknown	unknown	0.0	completed
ph_ga239d9732fa52a01824f_1131de59f9badf0f364ada6921f2e746	GCF_054299165.1	GCF_054299165.1	ga239d9732fa52a01824f	ga239d9732fa52a01824f_cd9f64c08c025c4c2300f8581	NZ_JAWVCF010000004.1	provirus_locus	239937	316277	+	+	76340	550800	false	false	genomad_raw_v1		595607862b45ef7bcc61db2b545db974add24457db7118ee19662f7c9872323a	595607862b45ef7bcc61db2b545db974add24457db7118ee19662f7c9872323a	geNomad	ga239d9732fa52a01824f_cd9f64c08c025c4c2300f8581|provirus_239938_316277	Provirus	239938-316277	0.9664	NA	106	8	104.6130	11	Viruses;Duplodnaviria;Heunggongvirae;Uroviricota;Caudoviricetes;;	geNomad_predicted_score_reported	caller_predicted_provirus_locus	caller_only_not_independently_validated	not_assessed	76340	Yes	70371	107	16	6	High-quality	High-quality	99.49	AAI-based (high-confidence)	7.82	1.0		99.49	AAI-based (high-confidence)	7.82	completed
ph_ga239d9732fa52a01824f_a8409e6a083ae4c6fca2c87ac20bda84	GCF_054299165.1	GCF_054299165.1	ga239d9732fa52a01824f	ga239d9732fa52a01824f_c102b6251a980261c1016876e	NZ_JAWVCF010000007.1	provirus_locus	1	32623	+	+	32622	229809	false	false	genomad_raw_v1		af093e0e6b76c9d99f0226948ff598cdad878cca059bc4f8d45f2dd228b08034	af093e0e6b76c9d99f0226948ff598cdad878cca059bc4f8d45f2dd228b08034	geNomad	ga239d9732fa52a01824f_c102b6251a980261c1016876e|provirus_2_32623	Provirus	2-32623	0.8509	NA	37	3	41.6200	11	Viruses;Duplodnaviria;Heunggongvirae;Uroviricota;Caudoviricetes;;	geNomad_predicted_score_reported	caller_predicted_provirus_locus	caller_only_not_independently_validated	not_assessed	32622	Yes	25797	37	3	3	Low-quality	Genome-fragment	43.11	AAI-based (medium-confidence)	20.92	1.0		43.11	AAI-based (medium-confidence)	20.92	completed
ph_ga239d9732fa52a01824f_c9127c802cfbad3efb31bb6241c3156f	GCF_054299165.1	GCF_054299165.1	ga239d9732fa52a01824f	ga239d9732fa52a01824f_c8f56f0dbe4381a371e7689f8	NZ_JAWVCF010000024.1	full_contig_virus	0	15172	+	+	15172	15172	true	true	genomad_raw_v1		356e7692da20da7981454849b55a2ce23544d81ccd126c4fb7f5da03c219937e	356e7692da20da7981454849b55a2ce23544d81ccd126c4fb7f5da03c219937e	geNomad	ga239d9732fa52a01824f_c8f56f0dbe4381a371e7689f8	No terminal repeats	NA	0.9234	NA	25	0	12.0307	11	Viruses;Duplodnaviria;Heunggongvirae;Uroviricota;Caudoviricetes;;	geNomad_predicted_score_reported	unknown	full_contig_extent_integration_unknown	not_assessed	15172	No	NA	25	0	2	Not-determined	Genome-fragment	NA	NA	0.0	1.0	no viral genes detected	unknown	unknown	0.0	completed
ph_g9d4bbe5eada28ce42d99_42431c6e13d49bbc1649b8a06044697b	GCF_054299235.1	GCF_054299235.1	g9d4bbe5eada28ce42d99	g9d4bbe5eada28ce42d99_cf282fd4a93ad0bba88921538	NZ_JAWVCD010000029.1	full_contig_virus	0	4373	+	+	4373	4373	true	true	genomad_raw_v1		c98e9b71f5707de68fb621d7f243c192f4cbb1e4a3ff26589ceda20038b8bea5	c98e9b71f5707de68fb621d7f243c192f4cbb1e4a3ff26589ceda20038b8bea5	geNomad	g9d4bbe5eada28ce42d99_cf282fd4a93ad0bba88921538	No terminal repeats	NA	0.7269	NA	3	0	0.0000	11	Unclassified	geNomad_predicted_score_reported	unknown	full_contig_extent_integration_unknown	not_assessed	4373	No	NA	3	0	1	Not-determined	Genome-fragment	NA	NA	0.0	1.0	no viral genes detected	unknown	unknown	0.0	completed
ph_g9d4bbe5eada28ce42d99_7b5011abb05f7263f6a96482307e2eb2	GCF_054299235.1	GCF_054299235.1	g9d4bbe5eada28ce42d99	g9d4bbe5eada28ce42d99_c6e0b8d8282adc68f4039c9b1	NZ_JAWVCD010000001.1	provirus_locus	540154	582994	+	+	42840	979349	false	false	genomad_raw_v1		f2a0cfb76ebbd963dfb2ee450f2a1de617b04d7f7f6bb54c536cd874f84013c2	f2a0cfb76ebbd963dfb2ee450f2a1de617b04d7f7f6bb54c536cd874f84013c2	geNomad	g9d4bbe5eada28ce42d99_c6e0b8d8282adc68f4039c9b1|provirus_540155_582994	Provirus	540155-582994	0.8759	NA	56	3	53.1041	11	Viruses;Duplodnaviria;Heunggongvirae;Uroviricota;Caudoviricetes;;	geNomad_predicted_score_reported	caller_predicted_provirus_locus	caller_only_not_independently_validated	not_assessed	42840	Yes	36014	56	5	4	Medium-quality	Genome-fragment	59.77	AAI-based (medium-confidence)	15.93	1.0		59.77	AAI-based (medium-confidence)	15.93	completed
ph_gae5627c3333a7a926286_2f03d508d88e7dd2cffb17046f04fa0f	GCF_054299275.1	GCF_054299275.1	gae5627c3333a7a926286	gae5627c3333a7a926286_ce1210b8ac3e1193eb510024e	NZ_JAWVCB010000001.1	provirus_locus	131642	149567	+	+	17925	611451	false	false	genomad_raw_v1		daaaa1f77a7ee2e17fb692ba3be542a753e0cf4b8fb961477e228911e0aaeb0f	daaaa1f77a7ee2e17fb692ba3be542a753e0cf4b8fb961477e228911e0aaeb0f	geNomad	gae5627c3333a7a926286_ce1210b8ac3e1193eb510024e|provirus_131643_149567	Provirus	131643-149567	0.8923	NA	18	1	10.0718	11	Viruses;Duplodnaviria;Heunggongvirae;Uroviricota;Caudoviricetes;;	geNomad_predicted_score_reported	caller_predicted_provirus_locus	caller_only_not_independently_validated	not_assessed	17925	No	NA	18	0	3	Not-determined	Genome-fragment	NA	NA	0.0	1.0	no viral genes detected	unknown	unknown	0.0	completed
ph_gae5627c3333a7a926286_627be7a1fae3cdeeeb170dc8b3ef7b3a	GCF_054299275.1	GCF_054299275.1	gae5627c3333a7a926286	gae5627c3333a7a926286_c126f4650aef58c4d26e62890	NZ_JAWVCB010000033.1	full_contig_virus	0	31213	+	+	31213	31213	true	true	genomad_raw_v1		160e8e32f2d647ae063d73eca6bc7a8177d114f60ed876dc31d34552bfcee3ba	160e8e32f2d647ae063d73eca6bc7a8177d114f60ed876dc31d34552bfcee3ba	geNomad	gae5627c3333a7a926286_c126f4650aef58c4d26e62890	No terminal repeats	NA	0.9220	NA	48	2	31.0710	11	Viruses;Duplodnaviria;Heunggongvirae;Uroviricota;Caudoviricetes;;	geNomad_predicted_score_reported	unknown	full_contig_extent_integration_unknown	not_assessed	31213	Yes	29912	48	5	2	Low-quality	Genome-fragment	45.74	AAI-based (high-confidence)	4.17	1.0		45.74	AAI-based (high-confidence)	4.17	completed
ph_gae5627c3333a7a926286_8cabe89328f2aaf30c7ca94cd74504b8	GCF_054299275.1	GCF_054299275.1	gae5627c3333a7a926286	gae5627c3333a7a926286_c22b661f05f31afe72f1693c4	NZ_JAWVCB010000043.1	full_contig_virus	0	4844	+	+	4844	4844	true	true	genomad_raw_v1		9e4f8046cbd33e12037e6c4687d418a7ff4af0156f9cceb8d157c4ff7468a2a6	9e4f8046cbd33e12037e6c4687d418a7ff4af0156f9cceb8d157c4ff7468a2a6	geNomad	gae5627c3333a7a926286_c22b661f05f31afe72f1693c4	No terminal repeats	NA	0.8904	NA	7	2	5.9047	11	Viruses;Duplodnaviria;Heunggongvirae;Uroviricota;Caudoviricetes;;	geNomad_predicted_score_reported	unknown	full_contig_extent_integration_unknown	not_assessed	4844	No	NA	7	3	0	Low-quality	Genome-fragment	7.56	AAI-based (high-confidence)	0.0	1.0		7.56	AAI-based (high-confidence)	0.0	completed
ph_gae5627c3333a7a926286_a3348a0238ba0c34e919a5e97f8deb03	GCF_054299275.1	GCF_054299275.1	gae5627c3333a7a926286	gae5627c3333a7a926286_c93681a0993589bd7b9802064	NZ_JAWVCB010000007.1	provirus_locus	165520	206994	+	+	41474	236165	false	false	genomad_raw_v1		1e429a2e06ee538d289b37b7a9c054bd61d5cac7e8ec99547f33ad13f4976435	1e429a2e06ee538d289b37b7a9c054bd61d5cac7e8ec99547f33ad13f4976435	geNomad	gae5627c3333a7a926286_c93681a0993589bd7b9802064|provirus_165521_206994	Provirus	165521-206994	0.9139	NA	50	3	49.3004	11	Viruses;Duplodnaviria;Heunggongvirae;Uroviricota;Caudoviricetes;;	geNomad_predicted_score_reported	caller_predicted_provirus_locus	caller_only_not_independently_validated	not_assessed	41474	Yes	35454	50	3	5	Medium-quality	Genome-fragment	59.25	AAI-based (medium-confidence)	14.52	1.0		59.25	AAI-based (medium-confidence)	14.52	completed
ph_gae5627c3333a7a926286_b454562dc75f0a28b843500a1ad8d33a	GCF_054299275.1	GCF_054299275.1	gae5627c3333a7a926286	gae5627c3333a7a926286_cb8e6002e80e46b43443f5b0e	NZ_JAWVCB010000009.1	provirus_locus	43066	95000	+	+	51934	200663	false	false	genomad_raw_v1		8b09133398b0477b3f0a51fc4737a7bb932cc5e416dc1579a01d2b2c9fd225b1	8b09133398b0477b3f0a51fc4737a7bb932cc5e416dc1579a01d2b2c9fd225b1	geNomad	gae5627c3333a7a926286_cb8e6002e80e46b43443f5b0e|provirus_43067_95000	Provirus	43067-95000	0.9528	NA	63	6	50.6074	11	Viruses;Duplodnaviria;Heunggongvirae;Uroviricota;Caudoviricetes;;	geNomad_predicted_score_reported	caller_predicted_provirus_locus	caller_only_not_independently_validated	not_assessed	51934	Yes	48159	63	5	3	Medium-quality	Genome-fragment	69.46	AAI-based (high-confidence)	7.27	1.0		69.46	AAI-based (high-confidence)	7.27	completed
ph_gae5627c3333a7a926286_b80d7fa6099651f272426e4ee2874acf	GCF_054299275.1	GCF_054299275.1	gae5627c3333a7a926286	gae5627c3333a7a926286_c4b8a8a04c2864fa513edbd8f	NZ_JAWVCB010000029.1	full_contig_virus	0	44923	+	+	44923	44923	true	true	genomad_raw_v1		41a6c7e62f23e0efcb851e7d35a005f14d7baaedabacb972626a106c3e8231ae	41a6c7e62f23e0efcb851e7d35a005f14d7baaedabacb972626a106c3e8231ae	geNomad	gae5627c3333a7a926286_c4b8a8a04c2864fa513edbd8f	DTR	NA	0.9811	NA	60	3	81.1334	11	Viruses;Duplodnaviria;Heunggongvirae;Uroviricota;Caudoviricetes;;	geNomad_predicted_score_reported	unknown	full_contig_extent_integration_unknown	not_assessed	44923	No	NA	60	10	1	Complete	High-quality	100.0	DTR (high-confidence)	0.0	1.0		100.0	DTR (high-confidence)	0.0	completed
ph_g7da2f59d3a28143f388c_10dc528a98c2724088bdcf7717b951f6	GCF_054299295.1	GCF_054299295.1	g7da2f59d3a28143f388c	g7da2f59d3a28143f388c_c7a6a87241c641fb8a078c3eb	NZ_JAWVCA010000007.1	provirus_locus	320782	339202	+	+	18420	339421	false	false	genomad_raw_v1		f07b765a9a124219c462c6f61dd59447f6d612c81e51b79be1ae2b6dbca5dd95	f07b765a9a124219c462c6f61dd59447f6d612c81e51b79be1ae2b6dbca5dd95	geNomad	g7da2f59d3a28143f388c_c7a6a87241c641fb8a078c3eb|provirus_320783_339202	Provirus	320783-339202	0.9712	NA	34	1	33.9591	11	Viruses;Duplodnaviria;Heunggongvirae;Uroviricota;Caudoviricetes;;	geNomad_predicted_score_reported	caller_predicted_provirus_locus	caller_only_not_independently_validated	not_assessed	18420	No	NA	34	0	0	Not-determined	Genome-fragment	NA	NA	0.0	1.0	no viral genes detected	unknown	unknown	0.0	completed
ph_g7da2f59d3a28143f388c_1552c87539b433d1575cbe579bc009cc	GCF_054299295.1	GCF_054299295.1	g7da2f59d3a28143f388c	g7da2f59d3a28143f388c_c1d8ae2214b319f6bf5cadf7a	NZ_JAWVCA010000003.1	provirus_locus	323792	397833	+	+	74041	472256	false	false	genomad_raw_v1		e53a1805816c9bffec47127fb7c6fdf3ba97e8ce13d8d8ca876bdd47171710e8	e53a1805816c9bffec47127fb7c6fdf3ba97e8ce13d8d8ca876bdd47171710e8	geNomad	g7da2f59d3a28143f388c_c1d8ae2214b319f6bf5cadf7a|provirus_323793_397833	Provirus	323793-397833	0.9173	NA	66	5	48.5029	11	Viruses;Duplodnaviria;Heunggongvirae;Uroviricota;Caudoviricetes;;	geNomad_predicted_score_reported	caller_predicted_provirus_locus	caller_only_not_independently_validated	not_assessed	74041	No	NA	66	6	10	Medium-quality	Genome-fragment	66.66	AAI-based (medium-confidence)	0.0	1.0		66.66	AAI-based (medium-confidence)	0.0	completed
ph_g7da2f59d3a28143f388c_637310f9cd57303b8113daa3e08120b5	GCF_054299295.1	GCF_054299295.1	g7da2f59d3a28143f388c	g7da2f59d3a28143f388c_ce4878d7bf418f075f9a71f07	NZ_JAWVCA010000014.1	provirus_locus	143194	148671	+	+	5477	148673	false	false	genomad_raw_v1		c55ecb0c321a75a0e470d48aa701f6042fb10f0675afa4c8bf392385c524f977	c55ecb0c321a75a0e470d48aa701f6042fb10f0675afa4c8bf392385c524f977	geNomad	g7da2f59d3a28143f388c_ce4878d7bf418f075f9a71f07|provirus_143195_148671	Provirus	143195-148671	0.9163	NA	10	0	8.5914	11	Unclassified	geNomad_predicted_score_reported	caller_predicted_provirus_locus	caller_only_not_independently_validated	not_assessed	5477	No	NA	10	0	0	Not-determined	Genome-fragment	NA	NA	0.0	1.0	no viral genes detected	unknown	unknown	0.0	completed
ph_g7da2f59d3a28143f388c_728128eb7a2d5e35936dadc530ef1596	GCF_054299295.1	GCF_054299295.1	g7da2f59d3a28143f388c	g7da2f59d3a28143f388c_c1d8ae2214b319f6bf5cadf7a	NZ_JAWVCA010000003.1	provirus_locus	429436	472153	+	+	42717	472256	false	false	genomad_raw_v1		40f0aa6760f1fb00e9328033061b515ea7921e67fed63d6a4d5e0b95110aa7d7	40f0aa6760f1fb00e9328033061b515ea7921e67fed63d6a4d5e0b95110aa7d7	geNomad	g7da2f59d3a28143f388c_c1d8ae2214b319f6bf5cadf7a|provirus_429437_472153	Provirus	429437-472153	0.9529	NA	52	3	58.2330	11	Viruses;Duplodnaviria;Heunggongvirae;Uroviricota;Caudoviricetes;;	geNomad_predicted_score_reported	caller_predicted_provirus_locus	caller_only_not_independently_validated	not_assessed	42717	No	NA	52	4	1	Low-quality	Genome-fragment	38.51	AAI-based (medium-confidence)	0.0	1.0		38.51	AAI-based (medium-confidence)	0.0	completed
ph_g7da2f59d3a28143f388c_ba1ce8e4073e36ccfd8c2b42c3570e91	GCF_054299295.1	GCF_054299295.1	g7da2f59d3a28143f388c	g7da2f59d3a28143f388c_c416cbe48cd34880db6526d77	NZ_JAWVCA010000001.1	provirus_locus	256018	331138	+	+	75120	632637	false	false	genomad_raw_v1		b9393f02b00418696468ceff5ea314a1581b67855e117faeb39f4b64be110fe0	b9393f02b00418696468ceff5ea314a1581b67855e117faeb39f4b64be110fe0	geNomad	g7da2f59d3a28143f388c_c416cbe48cd34880db6526d77|provirus_256019_331138	Provirus	256019-331138	0.9688	NA	108	7	106.6442	11	Viruses;Duplodnaviria;Heunggongvirae;Uroviricota;Caudoviricetes;;	geNomad_predicted_score_reported	caller_predicted_provirus_locus	caller_only_not_independently_validated	not_assessed	75120	Yes	69802	108	15	5	High-quality	High-quality	98.65	AAI-based (high-confidence)	7.08	1.0		98.65	AAI-based (high-confidence)	7.08	completed
ph_g5833ef6ec47ef995ced8_01434abdc71c1ca22187d4a8da6a8304	GCF_054299315.1	GCF_054299315.1	g5833ef6ec47ef995ced8	g5833ef6ec47ef995ced8_ca5897440f10278a68525e7f3	NZ_JAWVBZ010000031.1	full_contig_virus	0	17071	+	+	17071	17071	true	true	genomad_raw_v1		034186ae6221ff14736ce84043c5d7808eb8b28f71e7793f3d572388ec31d87d	034186ae6221ff14736ce84043c5d7808eb8b28f71e7793f3d572388ec31d87d	geNomad	g5833ef6ec47ef995ced8_ca5897440f10278a68525e7f3	No terminal repeats	NA	0.8539	NA	20	2	28.6481	11	Viruses;Duplodnaviria;Heunggongvirae;Uroviricota;Caudoviricetes;;	geNomad_predicted_score_reported	unknown	full_contig_extent_integration_unknown	not_assessed	17071	No	NA	20	2	0	Low-quality	Genome-fragment	27.46	AAI-based (high-confidence)	0.0	1.0		27.46	AAI-based (high-confidence)	0.0	completed
ph_g5833ef6ec47ef995ced8_06659f99296cfffcb8e7dc3a1296e7d4	GCF_054299315.1	GCF_054299315.1	g5833ef6ec47ef995ced8	g5833ef6ec47ef995ced8_c0e45a2d3675614fc4ecd5a24	NZ_JAWVBZ010000008.1	provirus_locus	12984	92955	+	+	79971	254800	false	false	genomad_raw_v1		b4b5fa91bb54db9ad6d4c7c02d2fcd4f1c93545b2297e928c98d44bb6e5688df	b4b5fa91bb54db9ad6d4c7c02d2fcd4f1c93545b2297e928c98d44bb6e5688df	geNomad	g5833ef6ec47ef995ced8_c0e45a2d3675614fc4ecd5a24|provirus_12985_92955	Provirus	12985-92955	0.9750	NA	132	11	127.7847	11	Viruses;Duplodnaviria;Heunggongvirae;Uroviricota;Caudoviricetes;;	geNomad_predicted_score_reported	caller_predicted_provirus_locus	caller_only_not_independently_validated	not_assessed	79971	Yes	76020	129	19	6	High-quality	High-quality	100.0	AAI-based (high-confidence)	4.94	1.0		100.0	AAI-based (high-confidence)	4.94	completed
ph_g5833ef6ec47ef995ced8_4f13033e437476c03687ac37ed7fc055	GCF_054299315.1	GCF_054299315.1	g5833ef6ec47ef995ced8	g5833ef6ec47ef995ced8_cc0855612758148652e9c6ede	NZ_JAWVBZ010000049.1	full_contig_virus	0	2432	+	+	2432	2432	true	true	genomad_raw_v1		e3552e28d3c498185fb02fc3ede34bfa5ce803f1c5a80fc2d9e1cc4dd3ccd3c5	e3552e28d3c498185fb02fc3ede34bfa5ce803f1c5a80fc2d9e1cc4dd3ccd3c5	geNomad	g5833ef6ec47ef995ced8_cc0855612758148652e9c6ede	No terminal repeats	NA	0.7365	NA	2	1	1.7183	11	Viruses;Duplodnaviria;Heunggongvirae;Uroviricota;Caudoviricetes;;	geNomad_predicted_score_reported	unknown	full_contig_extent_integration_unknown	not_assessed	2432	No	NA	2	0	2	Not-determined	Genome-fragment	NA	NA	0.0	1.0	no viral genes detected	unknown	unknown	0.0	completed
ph_g5833ef6ec47ef995ced8_6969db84823fbd5675b64aba07848951	GCF_054299315.1	GCF_054299315.1	g5833ef6ec47ef995ced8	g5833ef6ec47ef995ced8_c7fdefae727db9ab01ac64b03	NZ_JAWVBZ010000009.1	provirus_locus	0	35775	+	+	35775	229055	true	false	genomad_raw_v1		3c7a96bd2e11bad4f29a4e2a4239717c3770c6de0e39369d0eee75a23982cb34	3c7a96bd2e11bad4f29a4e2a4239717c3770c6de0e39369d0eee75a23982cb34	geNomad	g5833ef6ec47ef995ced8_c7fdefae727db9ab01ac64b03|provirus_1_35775	Provirus	1-35775	0.9744	NA	49	12	35.7775	11	Viruses;Duplodnaviria;Heunggongvirae;Uroviricota;Caudoviricetes;;	geNomad_predicted_score_reported	caller_predicted_provirus_locus	caller_only_not_independently_validated	not_assessed	35775	No	NA	49	13	2	Medium-quality	Genome-fragment	88.46	AAI-based (high-confidence)	0.0	1.0		88.46	AAI-based (high-confidence)	0.0	completed
ph_g5833ef6ec47ef995ced8_cf21edd0d3d054b067a2d3c24176d2c1	GCF_054299315.1	GCF_054299315.1	g5833ef6ec47ef995ced8	g5833ef6ec47ef995ced8_ca43d285c0590841915e5d97d	NZ_JAWVBZ010000001.1	provirus_locus	622114	630478	+	+	8364	630479	false	false	genomad_raw_v1		43e0050e1129f7949beb9f5312fbe75794b4cb388c89c45610385a1e25a91aaa	43e0050e1129f7949beb9f5312fbe75794b4cb388c89c45610385a1e25a91aaa	geNomad	g5833ef6ec47ef995ced8_ca43d285c0590841915e5d97d|provirus_622115_630478	Provirus	622115-630478	0.8465	NA	18	0	11.2423	11	Viruses;Duplodnaviria;Heunggongvirae;Uroviricota;Caudoviricetes;;	geNomad_predicted_score_reported	caller_predicted_provirus_locus	caller_only_not_independently_validated	not_assessed	8364	No	NA	18	0	1	Not-determined	Genome-fragment	NA	NA	0.0	1.01	no viral genes detected	unknown	unknown	0.0	completed
ph_g5833ef6ec47ef995ced8_fb3bbcda15c2ad4c745ecd26bb1f34e3	GCF_054299315.1	GCF_054299315.1	g5833ef6ec47ef995ced8	g5833ef6ec47ef995ced8_c5d2640d64c5609336c4cb94e	NZ_JAWVBZ010000038.1	full_contig_virus	0	8246	+	+	8246	8246	true	true	genomad_raw_v1		df2eda5939ee2b6a2a37c751cbbcec7f4615e8f748ea45870df7e7ecfbe8cf0e	df2eda5939ee2b6a2a37c751cbbcec7f4615e8f748ea45870df7e7ecfbe8cf0e	geNomad	g5833ef6ec47ef995ced8_c5d2640d64c5609336c4cb94e	No terminal repeats	NA	0.9665	NA	4	1	6.4455	11	Viruses;Duplodnaviria;Heunggongvirae;Uroviricota;Caudoviricetes;;	geNomad_predicted_score_reported	unknown	full_contig_extent_integration_unknown	not_assessed	8246	No	NA	4	1	0	Low-quality	Genome-fragment	17.98	AAI-based (medium-confidence)	0.0	1.0		17.98	AAI-based (medium-confidence)	0.0	completed
ph_ge24f476124baed60eaae_474f4d0e1cea9f17698dfea24251bf22	GCF_054299335.1	GCF_054299335.1	ge24f476124baed60eaae	ge24f476124baed60eaae_cc30e9568c971c198a58bfb65	NZ_JAWVBY010000048.1	full_contig_virus	0	1029	+	+	1029	1029	true	true	genomad_raw_v1		778756720ead581233229342f410857af369f3a068ea453f7ed533eaa7a01adf	778756720ead581233229342f410857af369f3a068ea453f7ed533eaa7a01adf	geNomad	ge24f476124baed60eaae_cc30e9568c971c198a58bfb65	No terminal repeats	NA	0.8367	NA	1	1	1.0580	11	Viruses;Duplodnaviria;Heunggongvirae;Uroviricota;Caudoviricetes;;	geNomad_predicted_score_reported	unknown	full_contig_extent_integration_unknown	not_assessed	1029	No	NA	1	0	0	Low-quality	Genome-fragment	1.07	AAI-based (high-confidence)	0.0	1.0	no viral genes detected	1.07	AAI-based (high-confidence)	0.0	completed
ph_ge24f476124baed60eaae_7b028baa7e35ab0a205c433c93affac2	GCF_054299335.1	GCF_054299335.1	ge24f476124baed60eaae	ge24f476124baed60eaae_cca6415595e9d4ef737f01a84	NZ_JAWVBY010000001.1	provirus_locus	685806	762068	+	+	76262	1123283	false	false	genomad_raw_v1		f35fc234fc1d85608cb560ef06475663c4245718f5551f737cca17f707402dd6	f35fc234fc1d85608cb560ef06475663c4245718f5551f737cca17f707402dd6	geNomad	ge24f476124baed60eaae_cca6415595e9d4ef737f01a84|provirus_685807_762068	Provirus	685807-762068	0.9679	NA	111	8	107.3018	11	Viruses;Duplodnaviria;Heunggongvirae;Uroviricota;Caudoviricetes;;	geNomad_predicted_score_reported	caller_predicted_provirus_locus	caller_only_not_independently_validated	not_assessed	76262	Yes	67953	111	15	7	Complete	High-quality	100.0	Provirus (high-confidence)	10.9	1.0		100.0	Provirus (high-confidence)	10.9	completed
ph_ge24f476124baed60eaae_c7e9fc052411618df3d3a04e0cfcf382	GCF_054299335.1	GCF_054299335.1	ge24f476124baed60eaae	ge24f476124baed60eaae_cb99d1baee6807a42d0a74e11	NZ_JAWVBY010000010.1	provirus_locus	156275	189302	+	+	33027	189304	false	false	genomad_raw_v1		264de402dd0e3239318bc583fa43d720482421013ca68c51884de28b1ad81570	264de402dd0e3239318bc583fa43d720482421013ca68c51884de28b1ad81570	geNomad	ge24f476124baed60eaae_cb99d1baee6807a42d0a74e11|provirus_156276_189302	Provirus	156276-189302	0.9717	NA	44	12	41.5700	11	Viruses;Duplodnaviria;Heunggongvirae;Uroviricota;Caudoviricetes;;	geNomad_predicted_score_reported	caller_predicted_provirus_locus	caller_only_not_independently_validated	not_assessed	33027	No	NA	44	13	0	Medium-quality	Genome-fragment	81.66	AAI-based (high-confidence)	0.0	1.0		81.66	AAI-based (high-confidence)	0.0	completed
ph_gb1a10e5e304dd004a369_00d477a301650ac81104064e694481a8	GCF_054299375.1	GCF_054299375.1	gb1a10e5e304dd004a369	gb1a10e5e304dd004a369_cb498161520e26bbc87833abe	NZ_JAWVBW010000032.1	full_contig_virus	0	6243	+	+	6243	6243	true	true	genomad_raw_v1		78319182afaa1f60740338288e5c815983990d851f062bc6b73330383b7ec26b	78319182afaa1f60740338288e5c815983990d851f062bc6b73330383b7ec26b	geNomad	gb1a10e5e304dd004a369_cb498161520e26bbc87833abe	No terminal repeats	NA	0.8564	NA	6	0	1.7183	11	Viruses;Duplodnaviria;Heunggongvirae;Uroviricota;Caudoviricetes;;	geNomad_predicted_score_reported	unknown	full_contig_extent_integration_unknown	not_assessed	6243	Yes	4475	6	1	2	Low-quality	Genome-fragment	2.62	HMM-based (lower-bound)	28.32	1.0		2.62	HMM-based (lower-bound)	28.32	completed
ph_gb1a10e5e304dd004a369_196a3a7fc88f64ab750b0654d2676a29	GCF_054299375.1	GCF_054299375.1	gb1a10e5e304dd004a369	gb1a10e5e304dd004a369_c526bf069e90a606f3893726f	NZ_JAWVBW010000094.1	full_contig_virus	0	527	+	+	527	527	true	true	genomad_raw_v1		03419049630010174fa296f3594a638c67ef229002101b78d3ca394eac7c78fa	03419049630010174fa296f3594a638c67ef229002101b78d3ca394eac7c78fa	geNomad	gb1a10e5e304dd004a369_c526bf069e90a606f3893726f	No terminal repeats	NA	0.9196	NA	1	1	1.4679	11	Viruses;Duplodnaviria;Heunggongvirae;Uroviricota;Caudoviricetes;;	geNomad_predicted_score_reported	unknown	full_contig_extent_integration_unknown	not_assessed	527	No	NA	1	0	0	Not-determined	Genome-fragment	NA	NA	0.0	1.0	no viral genes detected	unknown	unknown	0.0	completed
ph_gb1a10e5e304dd004a369_2e8ffa4096b8bd9edf4d3eac068dd798	GCF_054299375.1	GCF_054299375.1	gb1a10e5e304dd004a369	gb1a10e5e304dd004a369_cff3a00e606e9fdf9df24ae97	NZ_JAWVBW010000021.1	full_contig_virus	0	28494	+	+	28494	28494	true	true	genomad_raw_v1		de83478cdd203405a67a32017de582a4c18873c94dd111c84ce2f0385f4ff99f	de83478cdd203405a67a32017de582a4c18873c94dd111c84ce2f0385f4ff99f	geNomad	gb1a10e5e304dd004a369_cff3a00e606e9fdf9df24ae97	No terminal repeats	NA	0.9754	NA	32	7	36.1454	11	Viruses;Duplodnaviria;Heunggongvirae;Uroviricota;Caudoviricetes;;	geNomad_predicted_score_reported	unknown	full_contig_extent_integration_unknown	not_assessed	28494	No	NA	32	5	2	Low-quality	Genome-fragment	48.28	AAI-based (medium-confidence)	0.0	1.0		48.28	AAI-based (medium-confidence)	0.0	completed
ph_gb1a10e5e304dd004a369_38ce671b44bfac0661c20e8638f125f4	GCF_054299375.1	GCF_054299375.1	gb1a10e5e304dd004a369	gb1a10e5e304dd004a369_cee29314c3f53f24e98e1beff	NZ_JAWVBW010000033.1	full_contig_virus	0	6121	+	+	6121	6121	true	true	genomad_raw_v1		66c63d2ae9576246239aad06faa1f548a9c072f9fc6c67d6b217eef2b5330b71	66c63d2ae9576246239aad06faa1f548a9c072f9fc6c67d6b217eef2b5330b71	geNomad	gb1a10e5e304dd004a369_cee29314c3f53f24e98e1beff	No terminal repeats	NA	0.9473	NA	4	1	5.1398	11	Viruses;Duplodnaviria;Heunggongvirae;Uroviricota;Caudoviricetes;;	geNomad_predicted_score_reported	unknown	full_contig_extent_integration_unknown	not_assessed	6121	Yes	2535	4	1	1	Low-quality	Genome-fragment	4.3	AAI-based (medium-confidence)	58.59	1.0		4.3	AAI-based (medium-confidence)	58.59	completed
ph_gb1a10e5e304dd004a369_400910d78c95146178840b75fb2ff874	GCF_054299375.1	GCF_054299375.1	gb1a10e5e304dd004a369	gb1a10e5e304dd004a369_c9c799d7d5da698528fa94df5	NZ_JAWVBW010000030.1	full_contig_virus	0	6536	+	+	6536	6536	true	true	genomad_raw_v1		217d416d354971e71dae69044017cdf4c16a5b498979f62f776f2f42b29c46c9	217d416d354971e71dae69044017cdf4c16a5b498979f62f776f2f42b29c46c9	geNomad	gb1a10e5e304dd004a369_c9c799d7d5da698528fa94df5	No terminal repeats	NA	0.9505	NA	4	1	5.1398	11	Viruses;Duplodnaviria;Heunggongvirae;Uroviricota;Caudoviricetes;;	geNomad_predicted_score_reported	unknown	full_contig_extent_integration_unknown	not_assessed	6536	Yes	2950	4	1	1	Low-quality	Genome-fragment	5.3	AAI-based (medium-confidence)	54.87	1.0		5.3	AAI-based (medium-confidence)	54.87	completed
ph_gb1a10e5e304dd004a369_4c19bca4f68cc44033e845b03f863def	GCF_054299375.1	GCF_054299375.1	gb1a10e5e304dd004a369	gb1a10e5e304dd004a369_c8cdc313befe5917183050b02	NZ_JAWVBW010000023.1	full_contig_virus	0	18586	+	+	18586	18586	true	true	genomad_raw_v1		027fa99f09fed9052bb52fdc621ae69bdaabbd0b9522daa9e047a68b1ace4284	027fa99f09fed9052bb52fdc621ae69bdaabbd0b9522daa9e047a68b1ace4284	geNomad	gb1a10e5e304dd004a369_c8cdc313befe5917183050b02	No terminal repeats	NA	0.9694	NA	30	4	23.5228	11	Viruses;Duplodnaviria;Heunggongvirae;Uroviricota;Caudoviricetes;;	geNomad_predicted_score_reported	unknown	full_contig_extent_integration_unknown	not_assessed	18586	No	NA	30	2	0	Low-quality	Genome-fragment	48.72	AAI-based (medium-confidence)	0.0	1.0		48.72	AAI-based (medium-confidence)	0.0	completed
ph_gb1a10e5e304dd004a369_5159b377cca74593584c1b1aed402ac8	GCF_054299375.1	GCF_054299375.1	gb1a10e5e304dd004a369	gb1a10e5e304dd004a369_cdb41f972f4183f78482299e1	NZ_JAWVBW010000028.1	full_contig_virus	0	8353	+	+	8353	8353	true	true	genomad_raw_v1		55caa7594e008766bb01356993373a45934057fa022d180b61e1a41e00309fb3	55caa7594e008766bb01356993373a45934057fa022d180b61e1a41e00309fb3	geNomad	gb1a10e5e304dd004a369_cdb41f972f4183f78482299e1	No terminal repeats	NA	0.9664	NA	14	0	12.0094	11	Viruses;Duplodnaviria;Heunggongvirae;Uroviricota;Caudoviricetes;;	geNomad_predicted_score_reported	unknown	full_contig_extent_integration_unknown	not_assessed	8353	No	NA	14	0	0	Not-determined	Genome-fragment	NA	NA	0.0	1.0	no viral genes detected	unknown	unknown	0.0	completed
ph_gb1a10e5e304dd004a369_64f0f6cd711486fa39d79354cda8eb80	GCF_054299375.1	GCF_054299375.1	gb1a10e5e304dd004a369	gb1a10e5e304dd004a369_cd63582310ccd5a39db62e4c9	NZ_JAWVBW010000010.1	provirus_locus	161	26180	+	+	26019	236959	false	false	genomad_raw_v1		fd2b4f7f0d9556dd311108f96f9246c807cfb84356de338e120b9eedafaa44df	fd2b4f7f0d9556dd311108f96f9246c807cfb84356de338e120b9eedafaa44df	geNomad	gb1a10e5e304dd004a369_cd63582310ccd5a39db62e4c9|provirus_162_26180	Provirus	162-26180	0.9762	NA	45	3	42.3523	11	Viruses;Duplodnaviria;Heunggongvirae;Uroviricota;Caudoviricetes;;	geNomad_predicted_score_reported	caller_predicted_provirus_locus	caller_only_not_independently_validated	not_assessed	26019	No	NA	45	8	0	Low-quality	Genome-fragment	45.81	AAI-based (high-confidence)	0.0	1.0		45.81	AAI-based (high-confidence)	0.0	completed
ph_gb1a10e5e304dd004a369_68ff5d2b1520f03902d57850e99e5f16	GCF_054299375.1	GCF_054299375.1	gb1a10e5e304dd004a369	gb1a10e5e304dd004a369_ccf5ce0091e74db70f3bfdc32	NZ_JAWVBW010000008.1	provirus_locus	74350	116869	+	+	42519	256091	false	false	genomad_raw_v1		080a59045081bac0d9bb701f99bdacf1e5f0d5cf190e94751de2b7a4f1ce72f1	080a59045081bac0d9bb701f99bdacf1e5f0d5cf190e94751de2b7a4f1ce72f1	geNomad	gb1a10e5e304dd004a369_ccf5ce0091e74db70f3bfdc32|provirus_74351_116869	Provirus	74351-116869	0.9107	NA	60	3	57.0680	11	Viruses;Duplodnaviria;Heunggongvirae;Uroviricota;Caudoviricetes;;	geNomad_predicted_score_reported	caller_predicted_provirus_locus	caller_only_not_independently_validated	not_assessed	42519	Yes	35810	60	3	4	Medium-quality	Genome-fragment	59.74	AAI-based (medium-confidence)	15.78	1.0		59.74	AAI-based (medium-confidence)	15.78	completed
ph_gb1a10e5e304dd004a369_7fc2ebf1dac8a7fbe220f3421f9dac30	GCF_054299375.1	GCF_054299375.1	gb1a10e5e304dd004a369	gb1a10e5e304dd004a369_cb3699d76b938a3d9b2a763ef	NZ_JAWVBW010000053.1	full_contig_virus	0	1928	+	+	1928	1928	true	true	genomad_raw_v1		9e78235f52fd3a49454ad929de0f1398b203ff4377962e379f411cbe22e8fa2e	9e78235f52fd3a49454ad929de0f1398b203ff4377962e379f411cbe22e8fa2e	geNomad	gb1a10e5e304dd004a369_cb3699d76b938a3d9b2a763ef	No terminal repeats	NA	0.9232	NA	3	1	4.8540	11	Viruses;Duplodnaviria;Heunggongvirae;Uroviricota;Caudoviricetes;;	geNomad_predicted_score_reported	unknown	full_contig_extent_integration_unknown	not_assessed	1928	No	NA	3	1	0	Low-quality	Genome-fragment	1.73	HMM-based (lower-bound)	0.0	1.0		1.73	HMM-based (lower-bound)	0.0	completed
ph_gb1a10e5e304dd004a369_a35c9b713d71c891e27ffc29ca0aba93	GCF_054299375.1	GCF_054299375.1	gb1a10e5e304dd004a369	gb1a10e5e304dd004a369_c574f72cafd021a3b990033bb	NZ_JAWVBW010000009.1	provirus_locus	132	32206	+	+	32074	252010	false	false	genomad_raw_v1		3aeb28d50f44637bdfbc1b0e2c189f43d1d15e00e0199aea35b7ff0e03818251	3aeb28d50f44637bdfbc1b0e2c189f43d1d15e00e0199aea35b7ff0e03818251	geNomad	gb1a10e5e304dd004a369_c574f72cafd021a3b990033bb|provirus_133_32206	Provirus	133-32206	0.9776	NA	44	10	44.7041	11	Viruses;Duplodnaviria;Heunggongvirae;Uroviricota;Caudoviricetes;;	geNomad_predicted_score_reported	caller_predicted_provirus_locus	caller_only_not_independently_validated	not_assessed	32074	No	NA	44	10	1	Medium-quality	Genome-fragment	86.52	AAI-based (medium-confidence)	0.0	1.0		86.52	AAI-based (medium-confidence)	0.0	completed
ph_gb1a10e5e304dd004a369_b9b3ef1697bc8cf00bc39aada5579fce	GCF_054299375.1	GCF_054299375.1	gb1a10e5e304dd004a369	gb1a10e5e304dd004a369_c953bedabd73bbcb2cb85bd63	NZ_JAWVBW010000046.1	full_contig_virus	0	3058	+	+	3058	3058	true	true	genomad_raw_v1		31c1f2018cd5d6fec8fb9cbf4a074e11d2ddb6cd8fb1572ef0203ee0c4c712a4	31c1f2018cd5d6fec8fb9cbf4a074e11d2ddb6cd8fb1572ef0203ee0c4c712a4	geNomad	gb1a10e5e304dd004a369_c953bedabd73bbcb2cb85bd63	No terminal repeats	NA	0.9430	NA	9	0	4.2867	11	Viruses;Duplodnaviria;Heunggongvirae;Uroviricota;Caudoviricetes;;	geNomad_predicted_score_reported	unknown	full_contig_extent_integration_unknown	not_assessed	3058	No	NA	9	1	0	Low-quality	Genome-fragment	4.6	AAI-based (high-confidence)	0.0	1.0		4.6	AAI-based (high-confidence)	0.0	completed
ph_gb1a10e5e304dd004a369_eae82d9f1cab2f568763132efde93e98	GCF_054299375.1	GCF_054299375.1	gb1a10e5e304dd004a369	gb1a10e5e304dd004a369_c37427c548d90f11b6d985b1f	NZ_JAWVBW010000139.1	full_contig_virus	0	345	+	+	345	345	true	true	genomad_raw_v1		b9dc01fd72fe662fb217adb4de5bcd0f1ecee272d3c143c736b32c38c88f2ee5	b9dc01fd72fe662fb217adb4de5bcd0f1ecee272d3c143c736b32c38c88f2ee5	geNomad	gb1a10e5e304dd004a369_c37427c548d90f11b6d985b1f	No terminal repeats	NA	0.8347	NA	1	1	1.4239	11	Viruses;Duplodnaviria;Heunggongvirae;Uroviricota;Caudoviricetes;;	geNomad_predicted_score_reported	unknown	full_contig_extent_integration_unknown	not_assessed	345	No	NA	1	0	0	Not-determined	Genome-fragment	NA	NA	0.0	1.0	no viral genes detected	unknown	unknown	0.0	completed
ph_g08b70932ee3332a8775c_1128402b5287fdb425dd78f9e6c13e33	GCF_054299395.1	GCF_054299395.1	g08b70932ee3332a8775c	g08b70932ee3332a8775c_c941ec1805bded3ea5d492a0f	NZ_JAWVBT010000003.1	provirus_locus	49290	91953	+	+	42663	548545	false	false	genomad_raw_v1		c47de28101784c1f56c9cc000f0eb36364c399cc4dc7b3d02fadf2b8317e44cb	c47de28101784c1f56c9cc000f0eb36364c399cc4dc7b3d02fadf2b8317e44cb	geNomad	g08b70932ee3332a8775c_c941ec1805bded3ea5d492a0f|provirus_49291_91953	Provirus	49291-91953	0.9040	NA	59	3	57.0680	11	Viruses;Duplodnaviria;Heunggongvirae;Uroviricota;Caudoviricetes;;	geNomad_predicted_score_reported	caller_predicted_provirus_locus	caller_only_not_independently_validated	not_assessed	42663	Yes	35919	59	3	4	Medium-quality	Genome-fragment	60.0	AAI-based (medium-confidence)	15.81	1.0		60.0	AAI-based (medium-confidence)	15.81	completed
ph_g08b70932ee3332a8775c_e4785cd355a2501c2c318bcea6a8183b	GCF_054299395.1	GCF_054299395.1	g08b70932ee3332a8775c	g08b70932ee3332a8775c_c941ec1805bded3ea5d492a0f	NZ_JAWVBT010000003.1	provirus_locus	165914	212431	+	+	46517	548545	false	false	genomad_raw_v1		96e33cc2b62e0e441885fe40bd91942618ade4ddcbd1759c91f93a45844df535	96e33cc2b62e0e441885fe40bd91942618ade4ddcbd1759c91f93a45844df535	geNomad	g08b70932ee3332a8775c_c941ec1805bded3ea5d492a0f|provirus_165915_212431	Provirus	165915-212431	0.9635	NA	57	6	48.8576	11	Viruses;Duplodnaviria;Heunggongvirae;Uroviricota;Caudoviricetes;;	geNomad_predicted_score_reported	caller_predicted_provirus_locus	caller_only_not_independently_validated	not_assessed	46517	Yes	42742	57	5	4	High-quality	High-quality	93.75	AAI-based (medium-confidence)	8.12	1.01		93.75	AAI-based (medium-confidence)	8.12	completed
ph_gd8de930dcc1497fd5b1e_0bdcaa8b2841517289154c36aeb7c97d	GCF_054299415.1	GCF_054299415.1	gd8de930dcc1497fd5b1e	gd8de930dcc1497fd5b1e_cc89431ad4fae3aa47d8b05ad	NZ_JAWVBS010000002.1	provirus_locus	7601	25716	+	+	18115	454926	false	false	genomad_raw_v1		94e6733206303bf84b47be39bf54568e2279134804e52f7fc9b7f79fa6e64a0f	94e6733206303bf84b47be39bf54568e2279134804e52f7fc9b7f79fa6e64a0f	geNomad	gd8de930dcc1497fd5b1e_cc89431ad4fae3aa47d8b05ad|provirus_7602_25716	Provirus	7602-25716	0.7983	NA	26	1	16.3052	11	Viruses;Duplodnaviria;Heunggongvirae;Uroviricota;Caudoviricetes;;	geNomad_predicted_score_reported	caller_predicted_provirus_locus	caller_only_not_independently_validated	not_assessed	18115	No	NA	26	3	1	Low-quality	Genome-fragment	11.0	HMM-based (lower-bound)	0.0	1.0		11.0	HMM-based (lower-bound)	0.0	completed
ph_gd8de930dcc1497fd5b1e_1614e8d49a631a586176fb8b8bba50a1	GCF_054299415.1	GCF_054299415.1	gd8de930dcc1497fd5b1e	gd8de930dcc1497fd5b1e_c13123bb7443414ea11e51382	NZ_JAWVBS010000001.1	provirus_locus	712686	758688	+	+	46002	862583	false	false	genomad_raw_v1		33efc5587bdb4880da5231c15b8a7aa15783cd57c1cd35e1fa666414dc83d6f1	33efc5587bdb4880da5231c15b8a7aa15783cd57c1cd35e1fa666414dc83d6f1	geNomad	gd8de930dcc1497fd5b1e_c13123bb7443414ea11e51382|provirus_712687_758688	Provirus	712687-758688	0.9727	NA	46	11	65.7312	11	Viruses;Duplodnaviria;Heunggongvirae;Uroviricota;Caudoviricetes;;	geNomad_predicted_score_reported	caller_predicted_provirus_locus	caller_only_not_independently_validated	not_assessed	46002	Yes	39898	46	7	4	High-quality	High-quality	93.15	AAI-based (high-confidence)	13.27	1.0		93.15	AAI-based (high-confidence)	13.27	completed
ph_gd8de930dcc1497fd5b1e_d779962742b5f3eeae86888444564b08	GCF_054299415.1	GCF_054299415.1	gd8de930dcc1497fd5b1e	gd8de930dcc1497fd5b1e_c7f35926408a11fabc19e3bb9	NZ_JAWVBS010000004.1	provirus_locus	2	23631	+	+	23629	309445	false	false	genomad_raw_v1		8559c9879e26db6876af650f91891171f741ca26a0094b28fdf24999caaf8d9e	8559c9879e26db6876af650f91891171f741ca26a0094b28fdf24999caaf8d9e	geNomad	gd8de930dcc1497fd5b1e_c7f35926408a11fabc19e3bb9|provirus_3_23631	Provirus	3-23631	0.9429	NA	19	1	18.5049	11	Viruses;Duplodnaviria;Heunggongvirae;Uroviricota;Caudoviricetes;;	geNomad_predicted_score_reported	caller_predicted_provirus_locus	caller_only_not_independently_validated	not_assessed	23629	No	NA	19	4	1	Low-quality	Genome-fragment	36.36	AAI-based (high-confidence)	0.0	1.0		36.36	AAI-based (high-confidence)	0.0	completed
ph_gd8de930dcc1497fd5b1e_ed31a8fad0853a1eca9041d06ca3280d	GCF_054299415.1	GCF_054299415.1	gd8de930dcc1497fd5b1e	gd8de930dcc1497fd5b1e_c221ea554e7e49cf538353725	NZ_JAWVBS010000015.1	provirus_locus	87244	122852	+	+	35608	122953	false	false	genomad_raw_v1		f0986a7122a4ff465c7bbc62b0b2cac93ac7a7aaf74b3d22a01653883b38039c	f0986a7122a4ff465c7bbc62b0b2cac93ac7a7aaf74b3d22a01653883b38039c	geNomad	gd8de930dcc1497fd5b1e_c221ea554e7e49cf538353725|provirus_87245_122852	Provirus	87245-122852	0.9750	NA	64	9	62.8801	11	Viruses;Duplodnaviria;Heunggongvirae;Uroviricota;Caudoviricetes;;	geNomad_predicted_score_reported	caller_predicted_provirus_locus	caller_only_not_independently_validated	not_assessed	35608	No	NA	64	10	1	Medium-quality	Genome-fragment	57.67	AAI-based (high-confidence)	0.0	1.0		57.67	AAI-based (high-confidence)	0.0	completed
ph_g527b163bcfbd904503a8_03aeb3b11cc0280074b37e3108c96f55	GCF_054299435.1	GCF_054299435.1	g527b163bcfbd904503a8	g527b163bcfbd904503a8_cba74cb3555d9202112763a4e	NZ_JAWVBP010000026.1	provirus_locus	43456	66484	+	+	23028	66484	false	true	genomad_raw_v1		7396ed0bd2f6c46e5947e987cfbe28ff2eef70db9ce5a6d0043fadf02ee8f9b5	7396ed0bd2f6c46e5947e987cfbe28ff2eef70db9ce5a6d0043fadf02ee8f9b5	geNomad	g527b163bcfbd904503a8_cba74cb3555d9202112763a4e|provirus_43457_66484	Provirus	43457-66484	0.9541	NA	32	2	25.5444	11	Viruses;Duplodnaviria;Heunggongvirae;Uroviricota;Caudoviricetes;;	geNomad_predicted_score_reported	caller_predicted_provirus_locus	caller_only_not_independently_validated	not_assessed	23028	No	NA	32	4	0	Low-quality	Genome-fragment	35.15	AAI-based (high-confidence)	0.0	1.0		35.15	AAI-based (high-confidence)	0.0	completed
ph_g527b163bcfbd904503a8_44dd5c918672c3a59bac8325904df797	GCF_054299435.1	GCF_054299435.1	g527b163bcfbd904503a8	g527b163bcfbd904503a8_c99c2747a93cf1a6be46c6db4	NZ_JAWVBP010000019.1	provirus_locus	75368	110690	+	+	35322	111052	false	false	genomad_raw_v1		7ba0127771d173b7eaef7c044258559e9cd529a1ff3ec15d0b7554522c8351eb	7ba0127771d173b7eaef7c044258559e9cd529a1ff3ec15d0b7554522c8351eb	geNomad	g527b163bcfbd904503a8_c99c2747a93cf1a6be46c6db4|provirus_75369_110690	Provirus	75369-110690	0.9494	NA	31	7	36.1443	11	Viruses;Duplodnaviria;Heunggongvirae;Uroviricota;Caudoviricetes;;	geNomad_predicted_score_reported	caller_predicted_provirus_locus	caller_only_not_independently_validated	not_assessed	35322	No	NA	31	7	3	Low-quality	Genome-fragment	47.06	HMM-based (lower-bound)	0.0	1.0		47.06	HMM-based (lower-bound)	0.0	completed
ph_g527b163bcfbd904503a8_4e91f7afb7f9f3b43481dce0db259b24	GCF_054299435.1	GCF_054299435.1	g527b163bcfbd904503a8	g527b163bcfbd904503a8_c95da8eb70f5e5fd3bd90913b	NZ_JAWVBP010000011.1	provirus_locus	154	38569	+	+	38415	155779	false	false	genomad_raw_v1		8f1506cc22c40a6d6a30c91bc218a1a13ec0108000287b12812779aa276207c4	8f1506cc22c40a6d6a30c91bc218a1a13ec0108000287b12812779aa276207c4	geNomad	g527b163bcfbd904503a8_c95da8eb70f5e5fd3bd90913b|provirus_155_38569	Provirus	155-38569	0.8924	NA	48	3	48.6935	11	Viruses;Duplodnaviria;Heunggongvirae;Uroviricota;Caudoviricetes;;	geNomad_predicted_score_reported	caller_predicted_provirus_locus	caller_only_not_independently_validated	not_assessed	38415	Yes	31591	48	3	3	Medium-quality	Genome-fragment	52.77	AAI-based (medium-confidence)	17.76	1.0		52.77	AAI-based (medium-confidence)	17.76	completed
ph_g527b163bcfbd904503a8_573e4acbf51c11742cec152d38e9afeb	GCF_054299435.1	GCF_054299435.1	g527b163bcfbd904503a8	g527b163bcfbd904503a8_c51e0ed343f20b5a3442f3574	NZ_JAWVBP010000022.1	provirus_locus	33026	79947	+	+	46921	88090	false	false	genomad_raw_v1		c2e159b5a4687dd8bc4a7f8d58eaf2e371a82e6ae26a8b10de8f8b588914f41f	c2e159b5a4687dd8bc4a7f8d58eaf2e371a82e6ae26a8b10de8f8b588914f41f	geNomad	g527b163bcfbd904503a8_c51e0ed343f20b5a3442f3574|provirus_33027_79947	Provirus	33027-79947	0.9699	NA	49	11	66.8479	11	Viruses;Duplodnaviria;Heunggongvirae;Uroviricota;Caudoviricetes;;	geNomad_predicted_score_reported	caller_predicted_provirus_locus	caller_only_not_independently_validated	not_assessed	46921	Yes	39612	49	6	6	High-quality	High-quality	92.48	AAI-based (high-confidence)	15.58	1.0		92.48	AAI-based (high-confidence)	15.58	completed
ph_ged783e98f0f745f7e350_47e54c39a7ed5c08f032b72a18f20626	GCF_056531045.1	GCF_056531045.1	ged783e98f0f745f7e350	ged783e98f0f745f7e350_c0fa6f7407abb078b58012b62	NZ_CM152468.1	provirus_locus	2223191	2269769	+	+	46578	2286405	false	false	genomad_raw_v1		4d2c57e2b027a1bf54d120c7c7110d9e3a5b8a479aeb37f96f7606d2b007ec19	4d2c57e2b027a1bf54d120c7c7110d9e3a5b8a479aeb37f96f7606d2b007ec19	geNomad	ged783e98f0f745f7e350_c0fa6f7407abb078b58012b62|provirus_2223192_2269769	Provirus	2223192-2269769	0.9611	NA	69	16	68.3775	11	Viruses;Duplodnaviria;Heunggongvirae;Uroviricota;Caudoviricetes;;	geNomad_predicted_score_reported	caller_predicted_provirus_locus	caller_only_not_independently_validated	not_assessed	46578	No	NA	69	31	0	High-quality	High-quality	100.0	AAI-based (high-confidence)	0.0	1.0		100.0	AAI-based (high-confidence)	0.0	completed
ph_gbe91af8d22a454f83874_498c131f5f78a00381575f71040b9484	GCF_056818395.1	GCF_056818395.1	gbe91af8d22a454f83874	gbe91af8d22a454f83874_c0fa5d601f769c182c74d15bd	NZ_CP096614.1	provirus_locus	1761078	1801670	+	+	40592	2471969	false	false	genomad_raw_v1		994a1cabdfe1c4593da24720b5d036092efd0208add6cd33e27e910106932a1a	994a1cabdfe1c4593da24720b5d036092efd0208add6cd33e27e910106932a1a	geNomad	gbe91af8d22a454f83874_c0fa5d601f769c182c74d15bd|provirus_1761079_1801670	Provirus	1761079-1801670	0.9647	NA	64	15	63.5404	11	Viruses;Duplodnaviria;Heunggongvirae;Uroviricota;Caudoviricetes;;	geNomad_predicted_score_reported	caller_predicted_provirus_locus	caller_only_not_independently_validated	not_assessed	40592	No	NA	64	21	0	High-quality	High-quality	100.0	AAI-based (high-confidence)	0.0	1.0		100.0	AAI-based (high-confidence)	0.0	completed
ph_gbe91af8d22a454f83874_53d42d0f4681ccede8354a584d8989a4	GCF_056818395.1	GCF_056818395.1	gbe91af8d22a454f83874	gbe91af8d22a454f83874_c0fa5d601f769c182c74d15bd	NZ_CP096614.1	provirus_locus	757672	796164	+	+	38492	2471969	false	false	genomad_raw_v1		2f74e4e98ec1afab0b5dd479671560dd0f7dbaf58ffc3c3c0a5a5e9cc836e517	2f74e4e98ec1afab0b5dd479671560dd0f7dbaf58ffc3c3c0a5a5e9cc836e517	geNomad	gbe91af8d22a454f83874_c0fa5d601f769c182c74d15bd|provirus_757673_796164	Provirus	757673-796164	0.9749	NA	62	15	65.2311	11	Viruses;Duplodnaviria;Heunggongvirae;Uroviricota;Caudoviricetes;;	geNomad_predicted_score_reported	caller_predicted_provirus_locus	caller_only_not_independently_validated	not_assessed	38492	No	NA	62	28	0	High-quality	High-quality	100.0	AAI-based (high-confidence)	0.0	1.0		100.0	AAI-based (high-confidence)	0.0	completed
ph_gbe91af8d22a454f83874_a9f45b23dc997dc34709b883bdbecddb	GCF_056818395.1	GCF_056818395.1	gbe91af8d22a454f83874	gbe91af8d22a454f83874_c0fa5d601f769c182c74d15bd	NZ_CP096614.1	provirus_locus	657949	693594	+	+	35645	2471969	false	false	genomad_raw_v1		857b2159ac703cba58b68c194790f70e7bac58c08bc97fadef3651033fb8e1dd	857b2159ac703cba58b68c194790f70e7bac58c08bc97fadef3651033fb8e1dd	geNomad	gbe91af8d22a454f83874_c0fa5d601f769c182c74d15bd|provirus_657950_693594	Provirus	657950-693594	0.9527	NA	55	11	40.7344	11	Viruses;Duplodnaviria;Heunggongvirae;Uroviricota;Caudoviricetes;;	geNomad_predicted_score_reported	caller_predicted_provirus_locus	caller_only_not_independently_validated	not_assessed	35645	No	NA	55	19	2	Low-quality	Genome-fragment	47.07	HMM-based (lower-bound)	0.0	1.0		47.07	HMM-based (lower-bound)	0.0	completed
ph_gbe91af8d22a454f83874_b8ff37a6378482e108b0a15912b82496	GCF_056818395.1	GCF_056818395.1	gbe91af8d22a454f83874	gbe91af8d22a454f83874_c0fa5d601f769c182c74d15bd	NZ_CP096614.1	provirus_locus	273408	313641	+	+	40233	2471969	false	false	genomad_raw_v1		b763bbe9af5321678a5a74cdc5bc3465c0ea3a1b8cd324231ce993c4a5bca396	b763bbe9af5321678a5a74cdc5bc3465c0ea3a1b8cd324231ce993c4a5bca396	geNomad	gbe91af8d22a454f83874_c0fa5d601f769c182c74d15bd|provirus_273409_313641	Provirus	273409-313641	0.9651	NA	68	9	63.9063	11	Viruses;Duplodnaviria;Heunggongvirae;Uroviricota;Caudoviricetes;;	geNomad_predicted_score_reported	caller_predicted_provirus_locus	caller_only_not_independently_validated	not_assessed	40233	Yes	36365	68	20	2	High-quality	High-quality	100.0	AAI-based (high-confidence)	9.61	1.0		100.0	AAI-based (high-confidence)	9.61	completed
ph_g2cd381079c0da31d05f1_08354801995cd5e3800e2baf1d1bdcd8	GCF_056819735.1	GCF_056819735.1	g2cd381079c0da31d05f1	g2cd381079c0da31d05f1_cf9b98627ad6ac48860561bb5	NZ_CP096619.1	provirus_locus	883054	923081	+	+	40027	2709240	false	false	genomad_raw_v1		2c377caf9c563de477e0020264075ff48375b99ce79a2752644b1b3ee79f57bd	2c377caf9c563de477e0020264075ff48375b99ce79a2752644b1b3ee79f57bd	geNomad	g2cd381079c0da31d05f1_cf9b98627ad6ac48860561bb5|provirus_883055_923081	Provirus	883055-923081	0.9538	NA	67	15	70.9594	11	Viruses;Duplodnaviria;Heunggongvirae;Uroviricota;Caudoviricetes;;	geNomad_predicted_score_reported	caller_predicted_provirus_locus	caller_only_not_independently_validated	not_assessed	40027	No	NA	67	18	0	High-quality	High-quality	99.27	AAI-based (high-confidence)	0.0	1.0		99.27	AAI-based (high-confidence)	0.0	completed
ph_g2cd381079c0da31d05f1_c4d0915ff3db8347db4b5044231c7337	GCF_056819735.1	GCF_056819735.1	g2cd381079c0da31d05f1	g2cd381079c0da31d05f1_cf9b98627ad6ac48860561bb5	NZ_CP096619.1	provirus_locus	1121155	1152974	+	+	31819	2709240	false	false	genomad_raw_v1		692b3f487f1607155f3a56878ab963a11afce9ca6514f84e097f17b382462c35	692b3f487f1607155f3a56878ab963a11afce9ca6514f84e097f17b382462c35	geNomad	g2cd381079c0da31d05f1_cf9b98627ad6ac48860561bb5|provirus_1121156_1152974	Provirus	1121156-1152974	0.9412	NA	47	10	36.9022	11	Viruses;Duplodnaviria;Heunggongvirae;Uroviricota;Caudoviricetes;;	geNomad_predicted_score_reported	caller_predicted_provirus_locus	caller_only_not_independently_validated	not_assessed	31819	No	NA	47	19	2	Low-quality	Genome-fragment	47.64	HMM-based (lower-bound)	0.0	1.01		47.64	HMM-based (lower-bound)	0.0	completed
ph_g21b9081304fc373635b5_8ca5c1694413cd9ffc43e8402a37c7fa	GCF_056822265.1	GCF_056822265.1	g21b9081304fc373635b5	g21b9081304fc373635b5_c076639c7bc2d0ce479027a28	NZ_CP096628.1	provirus_locus	865294	898828	+	+	33534	2252498	false	false	genomad_raw_v1		caab5c74387baef04042cea1c8b0bfe99e48deead4cc491b9f26710f7a7589ff	caab5c74387baef04042cea1c8b0bfe99e48deead4cc491b9f26710f7a7589ff	geNomad	g21b9081304fc373635b5_c076639c7bc2d0ce479027a28|provirus_865295_898828	Provirus	865295-898828	0.9622	NA	52	10	39.9373	11	Viruses;Duplodnaviria;Heunggongvirae;Uroviricota;Caudoviricetes;;	geNomad_predicted_score_reported	caller_predicted_provirus_locus	caller_only_not_independently_validated	not_assessed	33534	No	NA	52	16	2	Low-quality	Genome-fragment	46.69	HMM-based (lower-bound)	0.0	1.0		46.69	HMM-based (lower-bound)	0.0	completed
ph_g19c7c841180c39c0e758_3679d4bf8c52f476640914bce743289f	GCF_056822985.1	GCF_056822985.1	g19c7c841180c39c0e758	g19c7c841180c39c0e758_c6ff05b7b0b2630b8cb9d027b	NZ_CP096630.1	provirus_locus	1025547	1070835	+	+	45288	2382176	false	false	genomad_raw_v1		10d4d86cb776c170e6c3cf32a74877b952bb738b6c4be4678ad499a8db693676	10d4d86cb776c170e6c3cf32a74877b952bb738b6c4be4678ad499a8db693676	geNomad	g19c7c841180c39c0e758_c6ff05b7b0b2630b8cb9d027b|provirus_1025548_1070835	Provirus	1025548-1070835	0.9635	NA	71	12	67.9812	11	Viruses;Duplodnaviria;Heunggongvirae;Uroviricota;Caudoviricetes;;	geNomad_predicted_score_reported	caller_predicted_provirus_locus	caller_only_not_independently_validated	not_assessed	45288	No	NA	71	18	1	High-quality	High-quality	95.77	AAI-based (high-confidence)	0.0	1.0		95.77	AAI-based (high-confidence)	0.0	completed
ph_g19c7c841180c39c0e758_dfb2f67b79d5d24a15c65918d8209dd1	GCF_056822985.1	GCF_056822985.1	g19c7c841180c39c0e758	g19c7c841180c39c0e758_c6ff05b7b0b2630b8cb9d027b	NZ_CP096630.1	provirus_locus	924291	972824	+	+	48533	2382176	false	false	genomad_raw_v1		ed3600f4c72e3a7c5664a3c6773ef6236ba31a19efa88e1228b853ea98751b7c	ed3600f4c72e3a7c5664a3c6773ef6236ba31a19efa88e1228b853ea98751b7c	geNomad	g19c7c841180c39c0e758_c6ff05b7b0b2630b8cb9d027b|provirus_924292_972824	Provirus	924292-972824	0.9711	NA	66	16	72.0411	11	Viruses;Duplodnaviria;Heunggongvirae;Uroviricota;Caudoviricetes;;	geNomad_predicted_score_reported	caller_predicted_provirus_locus	caller_only_not_independently_validated	not_assessed	48533	No	NA	66	32	2	High-quality	High-quality	100.0	AAI-based (high-confidence)	0.0	1.0		100.0	AAI-based (high-confidence)	0.0	completed
ph_g19c7c841180c39c0e758_fb6cbace24695f838ddfe5c9efdaa9d3	GCF_056822985.1	GCF_056822985.1	g19c7c841180c39c0e758	g19c7c841180c39c0e758_c6ff05b7b0b2630b8cb9d027b	NZ_CP096630.1	provirus_locus	1671407	1709175	+	+	37768	2382176	false	false	genomad_raw_v1		9985bf758f17520ab817a21f7ba2e4e356cdb6b2b01eec6aed01a3dc740af419	9985bf758f17520ab817a21f7ba2e4e356cdb6b2b01eec6aed01a3dc740af419	geNomad	g19c7c841180c39c0e758_c6ff05b7b0b2630b8cb9d027b|provirus_1671408_1709175	Provirus	1671408-1709175	0.9719	NA	62	15	63.3377	11	Viruses;Duplodnaviria;Heunggongvirae;Uroviricota;Caudoviricetes;;	geNomad_predicted_score_reported	caller_predicted_provirus_locus	caller_only_not_independently_validated	not_assessed	37768	No	NA	62	21	0	High-quality	High-quality	100.0	AAI-based (high-confidence)	0.0	1.0		100.0	AAI-based (high-confidence)	0.0	completed
ph_g9321b0ed51235c47129f_70e68adbc5d8f9ba347f582bc65b1c75	GCF_059072215.1	GCF_059072215.1	g9321b0ed51235c47129f	g9321b0ed51235c47129f_c0b9a9b8f741e9eda76b3ae42	NZ_JCACSB010000001.1	provirus_locus	451202	493056	+	+	41854	683858	false	false	genomad_raw_v1		89c5d48c36946569596c34efbef4d75df077dd4455377e2d711743dd8c660d78	89c5d48c36946569596c34efbef4d75df077dd4455377e2d711743dd8c660d78	geNomad	g9321b0ed51235c47129f_c0b9a9b8f741e9eda76b3ae42|provirus_451203_493056	Provirus	451203-493056	0.9090	NA	55	3	52.6661	11	Viruses;Duplodnaviria;Heunggongvirae;Uroviricota;Caudoviricetes;;	geNomad_predicted_score_reported	caller_predicted_provirus_locus	caller_only_not_independently_validated	not_assessed	41854	Yes	34999	55	3	4	Medium-quality	Genome-fragment	58.06	AAI-based (medium-confidence)	16.38	1.01		58.06	AAI-based (medium-confidence)	16.38	completed
ph_gbf6337d57c8747deb69c_d15fe8269ac5aaae83742e230787287a	GCF_059078235.1	GCF_059078235.1	gbf6337d57c8747deb69c	gbf6337d57c8747deb69c_c5ccde6eb9d1b60e3d6bae60a	NZ_CM180995.1	provirus_locus	2122318	2162293	+	+	39975	2196148	false	false	genomad_raw_v1		d726923bb1f2129f64c3f8a7b5f95a16cad46f95de7ea8e7550e1a6ed3168dba	d726923bb1f2129f64c3f8a7b5f95a16cad46f95de7ea8e7550e1a6ed3168dba	geNomad	gbf6337d57c8747deb69c_c5ccde6eb9d1b60e3d6bae60a|provirus_2122319_2162293	Provirus	2122319-2162293	0.9508	NA	67	15	69.0864	11	Viruses;Duplodnaviria;Heunggongvirae;Uroviricota;Caudoviricetes;;	geNomad_predicted_score_reported	caller_predicted_provirus_locus	caller_only_not_independently_validated	not_assessed	39975	No	NA	67	18	1	High-quality	High-quality	99.15	AAI-based (high-confidence)	0.0	1.0		99.15	AAI-based (high-confidence)	0.0	completed
ph_g61c1993a6ffbe0e732fe_379561aa42dc86f72a8a5053512f588a	GCF_964241565.1	GCF_964241565.1	g61c1993a6ffbe0e732fe	g61c1993a6ffbe0e732fe_cf4c746c44931271c7099848a	NZ_CAXSYB010000008.1	provirus_locus	130011	164505	+	+	34494	247077	false	false	genomad_raw_v1		8d22398749169fa5b0fccb0b5779b5cc40cde267cf21c68dea5ccce933f486d4	8d22398749169fa5b0fccb0b5779b5cc40cde267cf21c68dea5ccce933f486d4	geNomad	g61c1993a6ffbe0e732fe_cf4c746c44931271c7099848a|provirus_130012_164505	Provirus	130012-164505	0.9710	NA	47	10	46.0907	11	Viruses;Duplodnaviria;Heunggongvirae;Uroviricota;Caudoviricetes;;	geNomad_predicted_score_reported	caller_predicted_provirus_locus	caller_only_not_independently_validated	not_assessed	34494	No	NA	47	12	0	High-quality	High-quality	92.45	AAI-based (medium-confidence)	0.0	1.0		92.45	AAI-based (medium-confidence)	0.0	completed
ph_g61c1993a6ffbe0e732fe_4ee034e3c85f66844a7154a31dffc23b	GCF_964241565.1	GCF_964241565.1	g61c1993a6ffbe0e732fe	g61c1993a6ffbe0e732fe_c362bebc17f4386ea78bd2e93	NZ_CAXSYB010000007.1	provirus_locus	225528	267607	+	+	42079	267698	false	false	genomad_raw_v1		f2b6568aef293d926e517eeaa0990a397758ab0d373643f79be8bc7172994fc6	f2b6568aef293d926e517eeaa0990a397758ab0d373643f79be8bc7172994fc6	geNomad	g61c1993a6ffbe0e732fe_c362bebc17f4386ea78bd2e93|provirus_225529_267607	Provirus	225529-267607	0.9711	NA	49	6	51.3262	11	Viruses;Duplodnaviria;Heunggongvirae;Uroviricota;Caudoviricetes;;	geNomad_predicted_score_reported	caller_predicted_provirus_locus	caller_only_not_independently_validated	not_assessed	42079	No	NA	49	6	1	High-quality	High-quality	100.0	AAI-based (medium-confidence)	0.0	1.0		100.0	AAI-based (medium-confidence)	0.0	completed
ph_g61c1993a6ffbe0e732fe_60591913c0535404ea86e5e7649c71ea	GCF_964241565.1	GCF_964241565.1	g61c1993a6ffbe0e732fe	g61c1993a6ffbe0e732fe_cf4c746c44931271c7099848a	NZ_CAXSYB010000008.1	provirus_locus	82	33881	+	+	33799	247077	false	false	genomad_raw_v1		47b89ab31803ded3038d2edcf6c0ced0d9a58ac9975230c5fca643070e3779df	47b89ab31803ded3038d2edcf6c0ced0d9a58ac9975230c5fca643070e3779df	geNomad	g61c1993a6ffbe0e732fe_cf4c746c44931271c7099848a|provirus_83_33881	Provirus	83-33881	0.8859	NA	38	3	42.4593	11	Viruses;Duplodnaviria;Heunggongvirae;Uroviricota;Caudoviricetes;;	geNomad_predicted_score_reported	caller_predicted_provirus_locus	caller_only_not_independently_validated	not_assessed	33799	Yes	26976	38	3	3	Low-quality	Genome-fragment	45.59	AAI-based (medium-confidence)	20.19	1.0		45.59	AAI-based (medium-confidence)	20.19	completed
ph_g61c1993a6ffbe0e732fe_b1d5e7088ddb5c303fdbacf960bf6a69	GCF_964241565.1	GCF_964241565.1	g61c1993a6ffbe0e732fe	g61c1993a6ffbe0e732fe_c3db3aba57e91f952cd459ce2	NZ_CAXSYB010000006.1	provirus_locus	26348	49777	+	+	23429	328970	false	false	genomad_raw_v1		cdafd5079eb1efc9419bb841198d722786b72aff06e64636aa6b0fea7d808ee8	cdafd5079eb1efc9419bb841198d722786b72aff06e64636aa6b0fea7d808ee8	geNomad	g61c1993a6ffbe0e732fe_c3db3aba57e91f952cd459ce2|provirus_26349_49777	Provirus	26349-49777	0.7947	NA	21	1	13.7410	11	Viruses;Duplodnaviria;Heunggongvirae;Uroviricota;Caudoviricetes;;	geNomad_predicted_score_reported	caller_predicted_provirus_locus	caller_only_not_independently_validated	not_assessed	23429	No	NA	23	0	5	Not-determined	Genome-fragment	NA	NA	0.0	1.0	no viral genes detected	unknown	unknown	0.0	completed
ph_g61c1993a6ffbe0e732fe_bfec5ce0d637fd5889c7dcb92243a7a2	GCF_964241565.1	GCF_964241565.1	g61c1993a6ffbe0e732fe	g61c1993a6ffbe0e732fe_cfae0e278eec711312e21f774	NZ_CAXSYB010000015.1	provirus_locus	42028	61619	+	+	19591	61621	false	false	genomad_raw_v1		6ffa56f0bb352de0ee69e3d79236bac604663f834f165ca79082f604ee4de6d5	6ffa56f0bb352de0ee69e3d79236bac604663f834f165ca79082f604ee4de6d5	geNomad	g61c1993a6ffbe0e732fe_cfae0e278eec711312e21f774|provirus_42029_61619	Provirus	42029-61619	0.9147	NA	18	2	9.2336	11	Viruses;Duplodnaviria;Heunggongvirae;Uroviricota;Caudoviricetes;;	geNomad_predicted_score_reported	caller_predicted_provirus_locus	caller_only_not_independently_validated	not_assessed	19591	No	NA	18	0	5	Not-determined	Genome-fragment	NA	NA	0.0	1.0	no viral genes detected	unknown	unknown	0.0	completed
ph_g61c1993a6ffbe0e732fe_f8c53ef1a9a64bb949c0ce8c433f33ef	GCF_964241565.1	GCF_964241565.1	g61c1993a6ffbe0e732fe	g61c1993a6ffbe0e732fe_cd9827c1290f1a77b491657d2	NZ_CAXSYB010000001.1	provirus_locus	1018178	1026879	+	+	8701	1026879	false	true	genomad_raw_v1		1b0e403c6374a97c5462a1f805a0dcd45d62792fac88c4869933debaa40a5eef	1b0e403c6374a97c5462a1f805a0dcd45d62792fac88c4869933debaa40a5eef	geNomad	g61c1993a6ffbe0e732fe_cd9827c1290f1a77b491657d2|provirus_1018179_1026879	Provirus	1018179-1026879	0.8984	NA	22	0	9.6723	11	Viruses;Duplodnaviria;Heunggongvirae;Uroviricota;Caudoviricetes;;	geNomad_predicted_score_reported	caller_predicted_provirus_locus	caller_only_not_independently_validated	not_assessed	8701	No	NA	22	0	1	Not-determined	Genome-fragment	NA	NA	0.0	1.0	no viral genes detected	unknown	unknown	0.0	completed
ph_gcaffe5edc5322a4d4950_04a91c6d50161267ee38dafa0fcc04f1	GCF_988235855.1	GCF_988235855.1	gcaffe5edc5322a4d4950	gcaffe5edc5322a4d4950_c6185b5e1a0e33a88fcfbe43f	NZ_OZ543648.1	provirus_locus	3611983	3656870	+	+	44887	5271986	false	false	genomad_raw_v1		578286ff0763dc4f158dce5ca8750e618bdca0b3ff0d6c45473cc9a38dc95747	578286ff0763dc4f158dce5ca8750e618bdca0b3ff0d6c45473cc9a38dc95747	geNomad	gcaffe5edc5322a4d4950_c6185b5e1a0e33a88fcfbe43f|provirus_3611984_3656870	Provirus	3611984-3656870	0.9097	NA	58	3	58.9610	11	Viruses;Duplodnaviria;Heunggongvirae;Uroviricota;Caudoviricetes;;	geNomad_predicted_score_reported	caller_predicted_provirus_locus	caller_only_not_independently_validated	not_assessed	44887	Yes	38063	58	5	4	Medium-quality	Genome-fragment	63.54	AAI-based (medium-confidence)	15.2	1.0		63.54	AAI-based (medium-confidence)	15.2	completed
ph_gcaffe5edc5322a4d4950_736759afff2e86620ab87a415f87e719	GCF_988235855.1	GCF_988235855.1	gcaffe5edc5322a4d4950	gcaffe5edc5322a4d4950_c6185b5e1a0e33a88fcfbe43f	NZ_OZ543648.1	provirus_locus	3067817	3130084	+	+	62267	5271986	false	false	genomad_raw_v1		d72946fe275d7711eb9bca0562f236b4b779520a56092bcab6f567c4edfcca8b	d72946fe275d7711eb9bca0562f236b4b779520a56092bcab6f567c4edfcca8b	geNomad	gcaffe5edc5322a4d4950_c6185b5e1a0e33a88fcfbe43f|provirus_3067818_3130084	Provirus	3067818-3130084	0.9656	NA	73	9	69.6946	11	Viruses;Duplodnaviria;Heunggongvirae;Uroviricota;Caudoviricetes;;	geNomad_predicted_score_reported	caller_predicted_provirus_locus	caller_only_not_independently_validated	not_assessed	62267	No	NA	71	12	3	High-quality	High-quality	95.63	AAI-based (high-confidence)	0.0	1.0		95.63	AAI-based (high-confidence)	0.0	completed
ph_gcaffe5edc5322a4d4950_7fd195face2ac86408d13e9718da0b6a	GCF_988235855.1	GCF_988235855.1	gcaffe5edc5322a4d4950	gcaffe5edc5322a4d4950_c6185b5e1a0e33a88fcfbe43f	NZ_OZ543648.1	provirus_locus	5221398	5259155	+	+	37757	5271986	false	false	genomad_raw_v1		bcc1b753f465df7d14425547c89207af270764578f7b255d804551d5df6c5da2	bcc1b753f465df7d14425547c89207af270764578f7b255d804551d5df6c5da2	geNomad	gcaffe5edc5322a4d4950_c6185b5e1a0e33a88fcfbe43f|provirus_5221399_5259155	Provirus	5221399-5259155	0.9785	NA	48	13	46.7579	11	Viruses;Duplodnaviria;Heunggongvirae;Uroviricota;Caudoviricetes;;	geNomad_predicted_score_reported	caller_predicted_provirus_locus	caller_only_not_independently_validated	not_assessed	37757	No	NA	48	13	1	High-quality	High-quality	93.99	AAI-based (high-confidence)	0.0	1.0		93.99	AAI-based (high-confidence)	0.0	completed
ph_g126ee96dbba286328a7d_90aef0fd7aed9dcbd8e880c3d8d3de7f	GCF_988236955.1	GCF_988236955.1	g126ee96dbba286328a7d	g126ee96dbba286328a7d_c2e387ed1afa02e013e1009c1	NZ_OZ544097.1	provirus_locus	3368354	3500110	+	+	131756	5177103	false	false	genomad_raw_v1		d837d93868911901d2f490987aea9665afc0beab7d494e37b0290ea001a090fd	d837d93868911901d2f490987aea9665afc0beab7d494e37b0290ea001a090fd	geNomad	g126ee96dbba286328a7d_c2e387ed1afa02e013e1009c1|provirus_3368355_3500110	Provirus	3368355-3500110	0.9364	NA	127	6	31.0598	11	Viruses;Duplodnaviria;Heunggongvirae;Uroviricota;Caudoviricetes;;	geNomad_predicted_score_reported	caller_predicted_provirus_locus	caller_only_not_independently_validated	not_assessed	131756	No	NA	127	7	20	Medium-quality	Genome-fragment	85.21	HMM-based (lower-bound)	0.0	1.0		85.21	HMM-based (lower-bound)	0.0	completed
ph_g126ee96dbba286328a7d_a4361d61b35c26bf257f97503e2e23b6	GCF_988236955.1	GCF_988236955.1	g126ee96dbba286328a7d	g126ee96dbba286328a7d_c2e387ed1afa02e013e1009c1	NZ_OZ544097.1	provirus_locus	3573492	3613942	+	+	40450	5177103	false	false	genomad_raw_v1		ff54c2476f100b8072dcc8932c8bf4e3829fdeebd48ca7a767d7af17f8555b8a	ff54c2476f100b8072dcc8932c8bf4e3829fdeebd48ca7a767d7af17f8555b8a	geNomad	g126ee96dbba286328a7d_c2e387ed1afa02e013e1009c1|provirus_3573493_3613942	Provirus	3573493-3613942	0.9024	NA	51	3	54.1664	11	Viruses;Duplodnaviria;Heunggongvirae;Uroviricota;Caudoviricetes;;	geNomad_predicted_score_reported	caller_predicted_provirus_locus	caller_only_not_independently_validated	not_assessed	40450	Yes	33625	51	3	4	Medium-quality	Genome-fragment	55.8	AAI-based (medium-confidence)	16.87	1.0		55.8	AAI-based (medium-confidence)	16.87	completed
ph_g126ee96dbba286328a7d_de082042fa5a05ce972cb5534cdb2623	GCF_988236955.1	GCF_988236955.1	g126ee96dbba286328a7d	g126ee96dbba286328a7d_c2e387ed1afa02e013e1009c1	NZ_OZ544097.1	provirus_locus	5123149	5159749	+	+	36600	5177103	false	false	genomad_raw_v1		c82c5b4e27358a6abac02d9b544f7e542a4fe074d7e2fc8bf91740eb481990cf	c82c5b4e27358a6abac02d9b544f7e542a4fe074d7e2fc8bf91740eb481990cf	geNomad	g126ee96dbba286328a7d_c2e387ed1afa02e013e1009c1|provirus_5123150_5159749	Provirus	5123150-5159749	0.9778	NA	49	12	38.8693	11	Viruses;Duplodnaviria;Heunggongvirae;Uroviricota;Caudoviricetes;;	geNomad_predicted_score_reported	caller_predicted_provirus_locus	caller_only_not_independently_validated	not_assessed	36600	No	NA	49	14	1	High-quality	High-quality	90.38	AAI-based (high-confidence)	0.0	1.0		90.38	AAI-based (high-confidence)	0.0	completed
ph_g7b16dc16dd03aaf9ccf3_95161d3614aff399f714953d055454fa	GCF_988238855.1	GCF_988238855.1	g7b16dc16dd03aaf9ccf3	g7b16dc16dd03aaf9ccf3_c1d996098d0c2e1914d6d4376	NZ_OZ544516.1	provirus_locus	2695723	2759110	+	+	63387	5460724	false	false	genomad_raw_v1		a3eaf3ab0ca88a938dcd2dbba01c8e14fb5fc3862aecda8494bf585e9c5c1454	a3eaf3ab0ca88a938dcd2dbba01c8e14fb5fc3862aecda8494bf585e9c5c1454	geNomad	g7b16dc16dd03aaf9ccf3_c1d996098d0c2e1914d6d4376|provirus_2695724_2759110	Provirus	2695724-2759110	0.9546	NA	70	6	50.3541	11	Viruses;Duplodnaviria;Heunggongvirae;Uroviricota;Caudoviricetes;;	geNomad_predicted_score_reported	caller_predicted_provirus_locus	caller_only_not_independently_validated	not_assessed	63387	No	NA	70	6	3	High-quality	High-quality	95.83	AAI-based (high-confidence)	0.0	1.0		95.83	AAI-based (high-confidence)	0.0	completed
ph_g7b16dc16dd03aaf9ccf3_9b7f1e2c908f53ea0575845014b77986	GCF_988238855.1	GCF_988238855.1	g7b16dc16dd03aaf9ccf3	g7b16dc16dd03aaf9ccf3_c1d996098d0c2e1914d6d4376	NZ_OZ544516.1	provirus_locus	3827471	3868220	+	+	40749	5460724	false	false	genomad_raw_v1		b0a56f9566493b3cb2924d3464437d8cdbead840dd59e73ea56e2c6212c312ce	b0a56f9566493b3cb2924d3464437d8cdbead840dd59e73ea56e2c6212c312ce	geNomad	g7b16dc16dd03aaf9ccf3_c1d996098d0c2e1914d6d4376|provirus_3827472_3868220	Provirus	3827472-3868220	0.8805	NA	55	3	52.9571	11	Viruses;Duplodnaviria;Heunggongvirae;Uroviricota;Caudoviricetes;;	geNomad_predicted_score_reported	caller_predicted_provirus_locus	caller_only_not_independently_validated	not_assessed	40749	No	NA	55	3	3	Medium-quality	Genome-fragment	68.36	AAI-based (medium-confidence)	0.0	1.0		68.36	AAI-based (medium-confidence)	0.0	completed
ph_g7b16dc16dd03aaf9ccf3_b256408901041e13f9e31f049f77ecaa	GCF_988238855.1	GCF_988238855.1	g7b16dc16dd03aaf9ccf3	g7b16dc16dd03aaf9ccf3_c1d996098d0c2e1914d6d4376	NZ_OZ544516.1	provirus_locus	4736725	4792221	+	+	55496	5460724	false	false	genomad_raw_v1		df64d0eb021bc61505256341b84acaed896ba04e277f79f8bcb1ab2ae5793d6a	df64d0eb021bc61505256341b84acaed896ba04e277f79f8bcb1ab2ae5793d6a	geNomad	g7b16dc16dd03aaf9ccf3_c1d996098d0c2e1914d6d4376|provirus_4736726_4792221	Provirus	4736726-4792221	0.9762	NA	75	10	76.1087	11	Viruses;Duplodnaviria;Heunggongvirae;Uroviricota;Caudoviricetes;;	geNomad_predicted_score_reported	caller_predicted_provirus_locus	caller_only_not_independently_validated	not_assessed	55496	No	NA	75	12	2	Medium-quality	Genome-fragment	89.38	AAI-based (high-confidence)	0.0	1.0		89.38	AAI-based (high-confidence)	0.0	completed
ph_g7b16dc16dd03aaf9ccf3_c4d4bbd895d2e0187bb2fe26a8bf0783	GCF_988238855.1	GCF_988238855.1	g7b16dc16dd03aaf9ccf3	g7b16dc16dd03aaf9ccf3_c1d996098d0c2e1914d6d4376	NZ_OZ544516.1	provirus_locus	5412064	5443365	+	+	31301	5460724	false	false	genomad_raw_v1		3861275a58259458a7dadf499f57c5b9af4dbafefd7289a8487c62fad7e91c28	3861275a58259458a7dadf499f57c5b9af4dbafefd7289a8487c62fad7e91c28	geNomad	g7b16dc16dd03aaf9ccf3_c1d996098d0c2e1914d6d4376|provirus_5412065_5443365	Provirus	5412065-5443365	0.9750	NA	42	12	38.2748	11	Viruses;Duplodnaviria;Heunggongvirae;Uroviricota;Caudoviricetes;;	geNomad_predicted_score_reported	caller_predicted_provirus_locus	caller_only_not_independently_validated	not_assessed	31301	No	NA	42	11	1	Medium-quality	Genome-fragment	77.39	AAI-based (high-confidence)	0.0	1.0		77.39	AAI-based (high-confidence)	0.0	completed
ph_g505be3f01b70a93bc981_1585423b8ce1a6ebaa236547f9630332	GCF_988238865.1	GCF_988238865.1	g505be3f01b70a93bc981	g505be3f01b70a93bc981_c31bfb13cea14ec86412af04d	NZ_OZ544492.1	provirus_locus	4736725	4792221	+	+	55496	5460724	false	false	genomad_raw_v1		df64d0eb021bc61505256341b84acaed896ba04e277f79f8bcb1ab2ae5793d6a	df64d0eb021bc61505256341b84acaed896ba04e277f79f8bcb1ab2ae5793d6a	geNomad	g505be3f01b70a93bc981_c31bfb13cea14ec86412af04d|provirus_4736726_4792221	Provirus	4736726-4792221	0.9762	NA	75	10	76.1087	11	Viruses;Duplodnaviria;Heunggongvirae;Uroviricota;Caudoviricetes;;	geNomad_predicted_score_reported	caller_predicted_provirus_locus	caller_only_not_independently_validated	not_assessed	55496	No	NA	75	12	2	Medium-quality	Genome-fragment	89.38	AAI-based (high-confidence)	0.0	1.0		89.38	AAI-based (high-confidence)	0.0	completed
ph_g505be3f01b70a93bc981_4360d38bbc52430c8a41c8501a59c257	GCF_988238865.1	GCF_988238865.1	g505be3f01b70a93bc981	g505be3f01b70a93bc981_c31bfb13cea14ec86412af04d	NZ_OZ544492.1	provirus_locus	3827471	3868220	+	+	40749	5460724	false	false	genomad_raw_v1		b0a56f9566493b3cb2924d3464437d8cdbead840dd59e73ea56e2c6212c312ce	b0a56f9566493b3cb2924d3464437d8cdbead840dd59e73ea56e2c6212c312ce	geNomad	g505be3f01b70a93bc981_c31bfb13cea14ec86412af04d|provirus_3827472_3868220	Provirus	3827472-3868220	0.8805	NA	55	3	52.9571	11	Viruses;Duplodnaviria;Heunggongvirae;Uroviricota;Caudoviricetes;;	geNomad_predicted_score_reported	caller_predicted_provirus_locus	caller_only_not_independently_validated	not_assessed	40749	No	NA	55	3	3	Medium-quality	Genome-fragment	68.36	AAI-based (medium-confidence)	0.0	1.0		68.36	AAI-based (medium-confidence)	0.0	completed
ph_g505be3f01b70a93bc981_9e865c3fc42da25fb631c8af969d2ef7	GCF_988238865.1	GCF_988238865.1	g505be3f01b70a93bc981	g505be3f01b70a93bc981_c31bfb13cea14ec86412af04d	NZ_OZ544492.1	provirus_locus	2695723	2759110	+	+	63387	5460724	false	false	genomad_raw_v1		a3eaf3ab0ca88a938dcd2dbba01c8e14fb5fc3862aecda8494bf585e9c5c1454	a3eaf3ab0ca88a938dcd2dbba01c8e14fb5fc3862aecda8494bf585e9c5c1454	geNomad	g505be3f01b70a93bc981_c31bfb13cea14ec86412af04d|provirus_2695724_2759110	Provirus	2695724-2759110	0.9546	NA	70	6	50.3541	11	Viruses;Duplodnaviria;Heunggongvirae;Uroviricota;Caudoviricetes;;	geNomad_predicted_score_reported	caller_predicted_provirus_locus	caller_only_not_independently_validated	not_assessed	63387	No	NA	70	6	3	High-quality	High-quality	95.83	AAI-based (high-confidence)	0.0	1.0		95.83	AAI-based (high-confidence)	0.0	completed
ph_g505be3f01b70a93bc981_c2eee7cf57f35da5905baf0a6e7644ab	GCF_988238865.1	GCF_988238865.1	g505be3f01b70a93bc981	g505be3f01b70a93bc981_c31bfb13cea14ec86412af04d	NZ_OZ544492.1	provirus_locus	5412064	5443365	+	+	31301	5460724	false	false	genomad_raw_v1		3861275a58259458a7dadf499f57c5b9af4dbafefd7289a8487c62fad7e91c28	3861275a58259458a7dadf499f57c5b9af4dbafefd7289a8487c62fad7e91c28	geNomad	g505be3f01b70a93bc981_c31bfb13cea14ec86412af04d|provirus_5412065_5443365	Provirus	5412065-5443365	0.9750	NA	42	12	38.2748	11	Viruses;Duplodnaviria;Heunggongvirae;Uroviricota;Caudoviricetes;;	geNomad_predicted_score_reported	caller_predicted_provirus_locus	caller_only_not_independently_validated	not_assessed	31301	No	NA	42	11	1	Medium-quality	Genome-fragment	77.39	AAI-based (high-confidence)	0.0	1.0		77.39	AAI-based (high-confidence)	0.0	completed
ph_gadf3955d43a62b8b045d_2eac1d46e56607e04c10edf9f3f32151	GCF_988238925.1	GCF_988238925.1	gadf3955d43a62b8b045d	gadf3955d43a62b8b045d_cbe01566f1ff5dd51abc69caf	NZ_OZ544511.1	provirus_locus	2695723	2759110	+	+	63387	5460724	false	false	genomad_raw_v1		a3eaf3ab0ca88a938dcd2dbba01c8e14fb5fc3862aecda8494bf585e9c5c1454	a3eaf3ab0ca88a938dcd2dbba01c8e14fb5fc3862aecda8494bf585e9c5c1454	geNomad	gadf3955d43a62b8b045d_cbe01566f1ff5dd51abc69caf|provirus_2695724_2759110	Provirus	2695724-2759110	0.9546	NA	70	6	50.3541	11	Viruses;Duplodnaviria;Heunggongvirae;Uroviricota;Caudoviricetes;;	geNomad_predicted_score_reported	caller_predicted_provirus_locus	caller_only_not_independently_validated	not_assessed	63387	No	NA	70	6	3	High-quality	High-quality	95.83	AAI-based (high-confidence)	0.0	1.0		95.83	AAI-based (high-confidence)	0.0	completed
ph_gadf3955d43a62b8b045d_a2833afc08c431dabc5e0b50f8ac2b47	GCF_988238925.1	GCF_988238925.1	gadf3955d43a62b8b045d	gadf3955d43a62b8b045d_cbe01566f1ff5dd51abc69caf	NZ_OZ544511.1	provirus_locus	5412064	5443365	+	+	31301	5460724	false	false	genomad_raw_v1		3861275a58259458a7dadf499f57c5b9af4dbafefd7289a8487c62fad7e91c28	3861275a58259458a7dadf499f57c5b9af4dbafefd7289a8487c62fad7e91c28	geNomad	gadf3955d43a62b8b045d_cbe01566f1ff5dd51abc69caf|provirus_5412065_5443365	Provirus	5412065-5443365	0.9750	NA	42	12	38.2748	11	Viruses;Duplodnaviria;Heunggongvirae;Uroviricota;Caudoviricetes;;	geNomad_predicted_score_reported	caller_predicted_provirus_locus	caller_only_not_independently_validated	not_assessed	31301	No	NA	42	11	1	Medium-quality	Genome-fragment	77.39	AAI-based (high-confidence)	0.0	1.0		77.39	AAI-based (high-confidence)	0.0	completed
ph_gadf3955d43a62b8b045d_a6cf54a64604e1f5a40849af9f05e2d0	GCF_988238925.1	GCF_988238925.1	gadf3955d43a62b8b045d	gadf3955d43a62b8b045d_cbe01566f1ff5dd51abc69caf	NZ_OZ544511.1	provirus_locus	4736725	4792221	+	+	55496	5460724	false	false	genomad_raw_v1		df64d0eb021bc61505256341b84acaed896ba04e277f79f8bcb1ab2ae5793d6a	df64d0eb021bc61505256341b84acaed896ba04e277f79f8bcb1ab2ae5793d6a	geNomad	gadf3955d43a62b8b045d_cbe01566f1ff5dd51abc69caf|provirus_4736726_4792221	Provirus	4736726-4792221	0.9762	NA	75	10	76.1087	11	Viruses;Duplodnaviria;Heunggongvirae;Uroviricota;Caudoviricetes;;	geNomad_predicted_score_reported	caller_predicted_provirus_locus	caller_only_not_independently_validated	not_assessed	55496	No	NA	75	12	2	Medium-quality	Genome-fragment	89.38	AAI-based (high-confidence)	0.0	1.0		89.38	AAI-based (high-confidence)	0.0	completed
ph_gadf3955d43a62b8b045d_ce5a240f38ef038f805dc533aca38c1b	GCF_988238925.1	GCF_988238925.1	gadf3955d43a62b8b045d	gadf3955d43a62b8b045d_cbe01566f1ff5dd51abc69caf	NZ_OZ544511.1	provirus_locus	3827471	3868220	+	+	40749	5460724	false	false	genomad_raw_v1		b0a56f9566493b3cb2924d3464437d8cdbead840dd59e73ea56e2c6212c312ce	b0a56f9566493b3cb2924d3464437d8cdbead840dd59e73ea56e2c6212c312ce	geNomad	gadf3955d43a62b8b045d_cbe01566f1ff5dd51abc69caf|provirus_3827472_3868220	Provirus	3827472-3868220	0.8805	NA	55	3	52.9571	11	Viruses;Duplodnaviria;Heunggongvirae;Uroviricota;Caudoviricetes;;	geNomad_predicted_score_reported	caller_predicted_provirus_locus	caller_only_not_independently_validated	not_assessed	40749	No	NA	55	3	3	Medium-quality	Genome-fragment	68.36	AAI-based (medium-confidence)	0.0	1.0		68.36	AAI-based (medium-confidence)	0.0	completed
ph_g11ccfcdce0a291e9edb7_02468cb79a4fe62b51b2713cbf8108e8	GCF_988239065.1	GCF_988239065.1	g11ccfcdce0a291e9edb7	g11ccfcdce0a291e9edb7_cc7a48edf2c12211412917d32	NZ_OZ544555.1	provirus_locus	3827474	3868223	+	+	40749	5460727	false	false	genomad_raw_v1		b0a56f9566493b3cb2924d3464437d8cdbead840dd59e73ea56e2c6212c312ce	b0a56f9566493b3cb2924d3464437d8cdbead840dd59e73ea56e2c6212c312ce	geNomad	g11ccfcdce0a291e9edb7_cc7a48edf2c12211412917d32|provirus_3827475_3868223	Provirus	3827475-3868223	0.8805	NA	55	3	52.9571	11	Viruses;Duplodnaviria;Heunggongvirae;Uroviricota;Caudoviricetes;;	geNomad_predicted_score_reported	caller_predicted_provirus_locus	caller_only_not_independently_validated	not_assessed	40749	No	NA	55	3	3	Medium-quality	Genome-fragment	68.36	AAI-based (medium-confidence)	0.0	1.0		68.36	AAI-based (medium-confidence)	0.0	completed
ph_g11ccfcdce0a291e9edb7_27f8e124eaa2d4422491bb470ed909ed	GCF_988239065.1	GCF_988239065.1	g11ccfcdce0a291e9edb7	g11ccfcdce0a291e9edb7_cc7a48edf2c12211412917d32	NZ_OZ544555.1	provirus_locus	2695726	2759113	+	+	63387	5460727	false	false	genomad_raw_v1		a3eaf3ab0ca88a938dcd2dbba01c8e14fb5fc3862aecda8494bf585e9c5c1454	a3eaf3ab0ca88a938dcd2dbba01c8e14fb5fc3862aecda8494bf585e9c5c1454	geNomad	g11ccfcdce0a291e9edb7_cc7a48edf2c12211412917d32|provirus_2695727_2759113	Provirus	2695727-2759113	0.9546	NA	70	6	50.3541	11	Viruses;Duplodnaviria;Heunggongvirae;Uroviricota;Caudoviricetes;;	geNomad_predicted_score_reported	caller_predicted_provirus_locus	caller_only_not_independently_validated	not_assessed	63387	No	NA	70	6	3	High-quality	High-quality	95.83	AAI-based (high-confidence)	0.0	1.0		95.83	AAI-based (high-confidence)	0.0	completed
ph_g11ccfcdce0a291e9edb7_389ce90c0e469c7b7f76b429b0c4e951	GCF_988239065.1	GCF_988239065.1	g11ccfcdce0a291e9edb7	g11ccfcdce0a291e9edb7_cc7a48edf2c12211412917d32	NZ_OZ544555.1	provirus_locus	5412067	5443368	+	+	31301	5460727	false	false	genomad_raw_v1		3861275a58259458a7dadf499f57c5b9af4dbafefd7289a8487c62fad7e91c28	3861275a58259458a7dadf499f57c5b9af4dbafefd7289a8487c62fad7e91c28	geNomad	g11ccfcdce0a291e9edb7_cc7a48edf2c12211412917d32|provirus_5412068_5443368	Provirus	5412068-5443368	0.9750	NA	42	12	38.2748	11	Viruses;Duplodnaviria;Heunggongvirae;Uroviricota;Caudoviricetes;;	geNomad_predicted_score_reported	caller_predicted_provirus_locus	caller_only_not_independently_validated	not_assessed	31301	No	NA	42	11	1	Medium-quality	Genome-fragment	77.39	AAI-based (high-confidence)	0.0	1.0		77.39	AAI-based (high-confidence)	0.0	completed
ph_g11ccfcdce0a291e9edb7_ffca36d7704f4d4f24875b23a65079fe	GCF_988239065.1	GCF_988239065.1	g11ccfcdce0a291e9edb7	g11ccfcdce0a291e9edb7_cc7a48edf2c12211412917d32	NZ_OZ544555.1	provirus_locus	4736728	4792224	+	+	55496	5460727	false	false	genomad_raw_v1		df64d0eb021bc61505256341b84acaed896ba04e277f79f8bcb1ab2ae5793d6a	df64d0eb021bc61505256341b84acaed896ba04e277f79f8bcb1ab2ae5793d6a	geNomad	g11ccfcdce0a291e9edb7_cc7a48edf2c12211412917d32|provirus_4736729_4792224	Provirus	4736729-4792224	0.9762	NA	75	10	76.1087	11	Viruses;Duplodnaviria;Heunggongvirae;Uroviricota;Caudoviricetes;;	geNomad_predicted_score_reported	caller_predicted_provirus_locus	caller_only_not_independently_validated	not_assessed	55496	No	NA	75	12	2	Medium-quality	Genome-fragment	89.38	AAI-based (high-confidence)	0.0	1.0		89.38	AAI-based (high-confidence)	0.0	completed
