target_1	target_2	votu_1	votu_2	shared_fragment_mentions
target_1c664525285ebfeeda2e	target_a6402221032935bdc8ac	votu_1d91b8cbee962128c0ac	votu_a37578bf083dc1ae050b	49183
target_17974c9b850ee74152d9	target_25c80be4c5d2b4ab617d	votu_cd571fcf2510fb3f5b10	votu_ec404ac305beca107ed2	31693
target_40c46d28873a5dc95556	target_c1db4d3ad3a6ef3e7a9b	votu_45dbf1e147ca9e377a82	votu_944648da645554b9f9fb	27164
target_5841325ea4c2b75deb0f	target_f5c9e4a8e12afdf344fa	votu_eb6c40e3bb78ea14d800	votu_fc194411c84d0b8c685b	22562
target_23247a08709e8102bb15	target_5f1376adec9335b2e7b2	votu_5e79179941701490d878	votu_ef9f246435aabeba5165	15596
target_21c163728d3636ec78f8	target_5544c65de7437569fa68	votu_bfb533b8254e6f9a50c5	votu_aff726d5d1b64b7d9a45	14236
target_0ea6e64170e1fd4e7f83	target_3408cccc12498fbfdf2d	votu_55180679c0de0d1a8121	votu_da6bce2aca7df20bf0a8	8827
target_a941537154754690b158	target_f8916edbea8a40e337fb	votu_e76e5dbdac94e570f1f2	votu_da5f095bd4d3e9294192	7401
target_96a1659fdd4a1addf237	target_e9c9af2b43b4663fb8ea	votu_4b60f616fe91ed32d567	votu_5ba7d4fd8c991309bd44	7216
target_6a6c720c4d24611b1905	target_a4a1ff641277ce95e207	votu_e448bfb6db3309c54b7d	votu_d555819fb920edb26bf7	6619
target_554b507e4152ca7d6702	target_cb3b3d4bf55bce49a573	votu_111c98af280d8b9611c5	votu_7903b40bbba6d9dbffe2	6042
target_be5ab5a93495c1512c24	target_f8916edbea8a40e337fb	votu_50b4033f5976e2f0e8f0	votu_da5f095bd4d3e9294192	5338
target_af341337376a9d0f6842	target_cbc9cc2f231772fc902e	votu_eaa783493ad7425f8bea	votu_b449c47493c8ad1bfb06	5215
target_53f8792d5af108256a5c	target_e9c9af2b43b4663fb8ea	votu_a6014f952f6acec25e58	votu_5ba7d4fd8c991309bd44	4842
target_100e9a5128b6d3be3e48	target_3408cccc12498fbfdf2d	votu_2d9617603964e546ba4a	votu_da6bce2aca7df20bf0a8	4676
target_2dc16f7b6d4587213855	target_db0ec6c017e71bde36d0	votu_8a34ab43b18e0ab11760	votu_d18621f03798533b36c2	4642
target_09b6fc70af75515a9ad6	target_d198833fc2f884e3edcd	votu_af20d983a9d9d5f20b29	votu_86ba0d902f940027a6e2	3943
target_53f8792d5af108256a5c	target_96a1659fdd4a1addf237	votu_a6014f952f6acec25e58	votu_4b60f616fe91ed32d567	3392
target_a941537154754690b158	target_be5ab5a93495c1512c24	votu_e76e5dbdac94e570f1f2	votu_50b4033f5976e2f0e8f0	3368
target_8252fa08d261a1e907ad	target_952938a499e52614d2db	votu_92f3be01ec4fb6bd554d	votu_928d5b4b6e0e221be800	3291
target_18abe46a43971c369859	target_88364266ade794c965f9	votu_e38c8fbabe7174dd30ad	votu_8287818d42b1ae4c656a	3196
target_0b2e7e940a112cf19f20	target_5544c65de7437569fa68	votu_6c61f3ec6bdb7477e0b0	votu_aff726d5d1b64b7d9a45	2841
target_3d051d41d6fe26f31e14	target_e915968058ec07de090f	votu_a53b473a5bd1204deacc	votu_5c473974f64971851bbb	2804
target_b896f9e613c7889be7d5	target_c9acc57ca65510569815	votu_a05d6257fab9f6f1c275	votu_b613d4ae9691860b9c75	2790
target_2a09be684f660bd1966f	target_782d643873ce395f5ef9	votu_1391ca47df19bbb20775	votu_f63eb80bdad26ca19001	2522
target_0ea6e64170e1fd4e7f83	target_100e9a5128b6d3be3e48	votu_55180679c0de0d1a8121	votu_2d9617603964e546ba4a	2343
target_0b2e7e940a112cf19f20	target_21c163728d3636ec78f8	votu_6c61f3ec6bdb7477e0b0	votu_bfb533b8254e6f9a50c5	2315
target_2e392842cd456cae274f	target_6268b0a42db9524130c8	votu_da33c8a3da5fbf0a7ff9	votu_6a9b2226f1673da2b75f	2181
target_2b242d1227ecd6702a15	target_885f24cf3ca1c326bfe1	votu_a63e23612d3072c61428	votu_05f4050ef5b53c980d93	1950
target_6268b0a42db9524130c8	target_885f24cf3ca1c326bfe1	votu_6a9b2226f1673da2b75f	votu_05f4050ef5b53c980d93	1942
target_2b242d1227ecd6702a15	target_6268b0a42db9524130c8	votu_a63e23612d3072c61428	votu_6a9b2226f1673da2b75f	1926
target_2e392842cd456cae274f	target_885f24cf3ca1c326bfe1	votu_da33c8a3da5fbf0a7ff9	votu_05f4050ef5b53c980d93	1912
target_2dc16f7b6d4587213855	target_c9acc57ca65510569815	votu_8a34ab43b18e0ab11760	votu_b613d4ae9691860b9c75	1894
target_2b242d1227ecd6702a15	target_2e392842cd456cae274f	votu_a63e23612d3072c61428	votu_da33c8a3da5fbf0a7ff9	1882
target_bff8fab7a7e9cca967d2	target_c974eccd7d6727055ba8	votu_5d4e687513bc6f0c002a	votu_5396e2dc596bd53f9bf0	1869
target_2e392842cd456cae274f	target_7414847a2b55a0321b6e	votu_da33c8a3da5fbf0a7ff9	votu_d960a98e96871672e342	1811
target_3a7c9e5ce935d54b727d	target_7414847a2b55a0321b6e	votu_a9e3d26d083058054302	votu_d960a98e96871672e342	1761
target_2e392842cd456cae274f	target_3a7c9e5ce935d54b727d	votu_da33c8a3da5fbf0a7ff9	votu_a9e3d26d083058054302	1750
target_6268b0a42db9524130c8	target_7414847a2b55a0321b6e	votu_6a9b2226f1673da2b75f	votu_d960a98e96871672e342	1746
target_4dc23807011644aab1a5	target_e458e13bde92965c2189	votu_f9bb7b4c17ed74fd6502	votu_b4c449707b5dbc5bed83	1722
target_5240e4749fbc04ca55f6	target_7414847a2b55a0321b6e	votu_726e4a1df4ec5608cae3	votu_d960a98e96871672e342	1694
target_2e392842cd456cae274f	target_5240e4749fbc04ca55f6	votu_da33c8a3da5fbf0a7ff9	votu_726e4a1df4ec5608cae3	1673
target_1e6a40e578402d06562f	target_5240e4749fbc04ca55f6	votu_856ee76b46f585237836	votu_726e4a1df4ec5608cae3	1668
target_5240e4749fbc04ca55f6	target_6268b0a42db9524130c8	votu_726e4a1df4ec5608cae3	votu_6a9b2226f1673da2b75f	1664
target_1e6a40e578402d06562f	target_7414847a2b55a0321b6e	votu_856ee76b46f585237836	votu_d960a98e96871672e342	1653
target_1e6a40e578402d06562f	target_2e392842cd456cae274f	votu_856ee76b46f585237836	votu_da33c8a3da5fbf0a7ff9	1650
target_3a7c9e5ce935d54b727d	target_5240e4749fbc04ca55f6	votu_a9e3d26d083058054302	votu_726e4a1df4ec5608cae3	1646
target_3a7c9e5ce935d54b727d	target_6268b0a42db9524130c8	votu_a9e3d26d083058054302	votu_6a9b2226f1673da2b75f	1646
target_1e6a40e578402d06562f	target_41fd9194b3de19ccd653	votu_856ee76b46f585237836	votu_c9e82d333dcd51a2db26	1635
target_41fd9194b3de19ccd653	target_5240e4749fbc04ca55f6	votu_c9e82d333dcd51a2db26	votu_726e4a1df4ec5608cae3	1634
target_1e6a40e578402d06562f	target_3a7c9e5ce935d54b727d	votu_856ee76b46f585237836	votu_a9e3d26d083058054302	1620
target_41fd9194b3de19ccd653	target_7414847a2b55a0321b6e	votu_c9e82d333dcd51a2db26	votu_d960a98e96871672e342	1601
target_1e6a40e578402d06562f	target_6268b0a42db9524130c8	votu_856ee76b46f585237836	votu_6a9b2226f1673da2b75f	1591
target_2e392842cd456cae274f	target_41fd9194b3de19ccd653	votu_da33c8a3da5fbf0a7ff9	votu_c9e82d333dcd51a2db26	1587
target_5240e4749fbc04ca55f6	target_885f24cf3ca1c326bfe1	votu_726e4a1df4ec5608cae3	votu_05f4050ef5b53c980d93	1576
target_41fd9194b3de19ccd653	target_885f24cf3ca1c326bfe1	votu_c9e82d333dcd51a2db26	votu_05f4050ef5b53c980d93	1574
target_3a7c9e5ce935d54b727d	target_41fd9194b3de19ccd653	votu_a9e3d26d083058054302	votu_c9e82d333dcd51a2db26	1568
target_2b242d1227ecd6702a15	target_5240e4749fbc04ca55f6	votu_a63e23612d3072c61428	votu_726e4a1df4ec5608cae3	1552
target_2b242d1227ecd6702a15	target_41fd9194b3de19ccd653	votu_a63e23612d3072c61428	votu_c9e82d333dcd51a2db26	1551
target_41fd9194b3de19ccd653	target_6268b0a42db9524130c8	votu_c9e82d333dcd51a2db26	votu_6a9b2226f1673da2b75f	1539
target_1e6a40e578402d06562f	target_2b242d1227ecd6702a15	votu_856ee76b46f585237836	votu_a63e23612d3072c61428	1520
target_7414847a2b55a0321b6e	target_885f24cf3ca1c326bfe1	votu_d960a98e96871672e342	votu_05f4050ef5b53c980d93	1517
target_1e6a40e578402d06562f	target_885f24cf3ca1c326bfe1	votu_856ee76b46f585237836	votu_05f4050ef5b53c980d93	1516
target_2b242d1227ecd6702a15	target_7414847a2b55a0321b6e	votu_a63e23612d3072c61428	votu_d960a98e96871672e342	1507
target_4dc23807011644aab1a5	target_f22d0e27739242dee3fb	votu_f9bb7b4c17ed74fd6502	votu_c52b0babc29c1847afe2	1495
target_3a7c9e5ce935d54b727d	target_885f24cf3ca1c326bfe1	votu_a9e3d26d083058054302	votu_05f4050ef5b53c980d93	1493
target_2b242d1227ecd6702a15	target_3a7c9e5ce935d54b727d	votu_a63e23612d3072c61428	votu_a9e3d26d083058054302	1485
target_93c4c63287c28ed308ce	target_e1e91d5637f3c125d2bd	votu_f824b9f655f2de3299cf	votu_da2d79f7520ef0caead5	1461
target_6e190cb8f84a73d6e366	target_d198833fc2f884e3edcd	votu_3c5086fc21a9000be8b8	votu_86ba0d902f940027a6e2	1460
target_e458e13bde92965c2189	target_f22d0e27739242dee3fb	votu_b4c449707b5dbc5bed83	votu_c52b0babc29c1847afe2	1387
target_5544c65de7437569fa68	target_d6087c8a36e497cef144	votu_aff726d5d1b64b7d9a45	votu_4ae3b65dddd1d91a3bc7	1359
target_0fe3840feef13450dd0e	target_4dc23807011644aab1a5	votu_f47c442ebb0c5d5062e8	votu_f9bb7b4c17ed74fd6502	1348
target_4dc23807011644aab1a5	target_55f37da52b23a396e386	votu_f9bb7b4c17ed74fd6502	votu_783cbdb8d00299aaa26b	1315
target_55f37da52b23a396e386	target_f22d0e27739242dee3fb	votu_783cbdb8d00299aaa26b	votu_c52b0babc29c1847afe2	1298
target_0fe3840feef13450dd0e	target_f22d0e27739242dee3fb	votu_f47c442ebb0c5d5062e8	votu_c52b0babc29c1847afe2	1267
target_55f37da52b23a396e386	target_e458e13bde92965c2189	votu_783cbdb8d00299aaa26b	votu_b4c449707b5dbc5bed83	1267
target_3507184c8efb964cb008	target_c827e23f2b9ed0b86d4b	votu_10f443cdce98fe7e0907	votu_8aeba5a3489f1cd92f20	1214
target_0fe3840feef13450dd0e	target_e458e13bde92965c2189	votu_f47c442ebb0c5d5062e8	votu_b4c449707b5dbc5bed83	1196
target_4dc23807011644aab1a5	target_70ebece1c46ad8f2bfd7	votu_f9bb7b4c17ed74fd6502	votu_bbd91134c5908c036efe	1081
target_70ebece1c46ad8f2bfd7	target_e458e13bde92965c2189	votu_bbd91134c5908c036efe	votu_b4c449707b5dbc5bed83	1023
target_0fe3840feef13450dd0e	target_55f37da52b23a396e386	votu_f47c442ebb0c5d5062e8	votu_783cbdb8d00299aaa26b	1021
target_0fe3840feef13450dd0e	target_70ebece1c46ad8f2bfd7	votu_f47c442ebb0c5d5062e8	votu_bbd91134c5908c036efe	1015
target_952938a499e52614d2db	target_bd159e582699c7900028	votu_928d5b4b6e0e221be800	votu_1135ad739960faadb914	997
target_70ebece1c46ad8f2bfd7	target_f22d0e27739242dee3fb	votu_bbd91134c5908c036efe	votu_c52b0babc29c1847afe2	957
target_1c664525285ebfeeda2e	target_b4e46c791b0511459a4b	votu_1d91b8cbee962128c0ac	votu_277890e4ba36f7889d5f	943
target_ac9e9feff60fc5c3251d	target_ada9444f8f46345065c1	votu_7bdb4a4be0d3ac8f3ed1	votu_0cb63bbce56e4086459f	911
target_54742bacea35da4ecd82	target_7c72656acfd9b2a9e676	votu_120357a3ad25ba026d12	votu_2451be49a28049405b8a	855
target_4be2cebefe8dc9286fa2	target_af341337376a9d0f6842	votu_89ff48702186fd7c94bf	votu_eaa783493ad7425f8bea	850
target_4dc23807011644aab1a5	target_9a58aa5a14c44e3de7e9	votu_f9bb7b4c17ed74fd6502	votu_a1d72c3ceee71d4827fc	810
target_9f707dc9a7d883861a00	target_b5dfb1059048f5d96f9d	votu_b7a7b96cf99741cfc25a	votu_8dc86f1ad09d54a814f4	809
target_55f37da52b23a396e386	target_70ebece1c46ad8f2bfd7	votu_783cbdb8d00299aaa26b	votu_bbd91134c5908c036efe	782
target_9a58aa5a14c44e3de7e9	target_e458e13bde92965c2189	votu_a1d72c3ceee71d4827fc	votu_b4c449707b5dbc5bed83	690
target_6e190cb8f84a73d6e366	target_e458e13bde92965c2189	votu_3c5086fc21a9000be8b8	votu_b4c449707b5dbc5bed83	631
target_af341337376a9d0f6842	target_b296dbab1fdbdf89225d	votu_eaa783493ad7425f8bea	votu_c1cb11d6e6e764600c93	619
target_782d643873ce395f5ef9	target_b07bf5e9a26a78d9f21c	votu_f63eb80bdad26ca19001	votu_c5261c16161d0fee1b64	557
target_9a58aa5a14c44e3de7e9	target_f22d0e27739242dee3fb	votu_a1d72c3ceee71d4827fc	votu_c52b0babc29c1847afe2	523
target_2a09be684f660bd1966f	target_b07bf5e9a26a78d9f21c	votu_1391ca47df19bbb20775	votu_c5261c16161d0fee1b64	522
target_55f37da52b23a396e386	target_9a58aa5a14c44e3de7e9	votu_783cbdb8d00299aaa26b	votu_a1d72c3ceee71d4827fc	518
target_b296dbab1fdbdf89225d	target_cbc9cc2f231772fc902e	votu_c1cb11d6e6e764600c93	votu_b449c47493c8ad1bfb06	444
target_09b6fc70af75515a9ad6	target_6e190cb8f84a73d6e366	votu_af20d983a9d9d5f20b29	votu_3c5086fc21a9000be8b8	438
target_3a934e5a116ebeb94e96	target_901f5366d7bbb73c9e1a	votu_be9081ff0c61ccfc3b7c	votu_235a8ef24c94005aebcb	427
target_3df12947778aa5dd94fa	target_5078e6adcfa29aad680b	votu_8e06fa5b7f19cc06ca82	votu_56ce46f3cb2c0653b3ad	421
target_4dc23807011644aab1a5	target_6e190cb8f84a73d6e366	votu_f9bb7b4c17ed74fd6502	votu_3c5086fc21a9000be8b8	410
target_a6402221032935bdc8ac	target_b4e46c791b0511459a4b	votu_a37578bf083dc1ae050b	votu_277890e4ba36f7889d5f	406
target_5b897e1d2a08c390ff6e	target_e421dd019e5e0ac6f588	votu_a4612862065d3a3f003b	votu_e53a6ec7242fb2550222	403
target_0fe3840feef13450dd0e	target_9a58aa5a14c44e3de7e9	votu_f47c442ebb0c5d5062e8	votu_a1d72c3ceee71d4827fc	321
target_380d090dcbf7b9c8bfca	target_98b52162c4f9ab6fb46b	votu_b5a546771e4e429b5af4	votu_ed053d4946e20bfefb0d	299
target_783e8452d87c461b9d26	target_b938a3d345cab514c231	votu_c16b468870d2eee98258	votu_1d09c53f2926ff06986c	266
target_783e8452d87c461b9d26	target_ce44a0bb2c47a04a1550	votu_c16b468870d2eee98258	votu_ec01aa460aed31526832	263
target_0f56e56b322ea566b3f2	target_b07bf5e9a26a78d9f21c	votu_738cf07ba6ea06a2f0fc	votu_c5261c16161d0fee1b64	255
target_554b507e4152ca7d6702	target_6bfb92f6c4cb398144fc	votu_111c98af280d8b9611c5	votu_0a33326806f3665ccbde	248
target_6bfb92f6c4cb398144fc	target_cb3b3d4bf55bce49a573	votu_0a33326806f3665ccbde	votu_7903b40bbba6d9dbffe2	233
target_0ce58a3917c01c0155be	target_4f5b7f2becd37443ec8b	votu_4d5c86163b3fa4e2a2ad	votu_99d4a5cbbe52298e9db2	228
target_1c4f2004013f8aa27cfa	target_4bf358d18d33298f6fa1	votu_2d122201b1ee0a16b16a	votu_5876feffc9de8ef1b53c	223
target_3857e0b056bd75657f3e	target_6b89e50e09fd05fd2e29	votu_b8042d70c258be80167e	votu_fd2e0c2eb8316cc02610	220
target_da4a8173d9c6d59b55fa	target_f901b31855981c89945a	votu_e2c3a4443eb65c973a18	votu_747ff839e1be199627d6	208
target_8ae2db335368dc0ac8c3	target_f901b31855981c89945a	votu_9d0058178db3478db596	votu_747ff839e1be199627d6	204
target_97280126edd3c64ef713	target_f901b31855981c89945a	votu_7f3d3479c2f29fe608a1	votu_747ff839e1be199627d6	198
target_97280126edd3c64ef713	target_da4a8173d9c6d59b55fa	votu_7f3d3479c2f29fe608a1	votu_e2c3a4443eb65c973a18	196
target_3335c7f737e31a1ccd61	target_8ae2db335368dc0ac8c3	votu_6f8b88b440c54b3d764d	votu_9d0058178db3478db596	195
target_0e9e7e29b5cc7532502f	target_56a06a8476b5ee6b6bfb	votu_7fc5eab94128f04fae9a	votu_64fc83f0fa9633296535	194
target_11ee9374153bfab61d19	target_f901b31855981c89945a	votu_e8f042746fc9f15d73e7	votu_747ff839e1be199627d6	189
target_3335c7f737e31a1ccd61	target_3a40e53e1707f7edb28e	votu_6f8b88b440c54b3d764d	votu_26cccb4aa0ae0a70cdef	183
target_3a40e53e1707f7edb28e	target_8ae2db335368dc0ac8c3	votu_26cccb4aa0ae0a70cdef	votu_9d0058178db3478db596	183
target_3335c7f737e31a1ccd61	target_da4a8173d9c6d59b55fa	votu_6f8b88b440c54b3d764d	votu_e2c3a4443eb65c973a18	182
target_84ec75c001c705e6c379	target_cbc9cc2f231772fc902e	votu_e9d99f2ffaad183a7db4	votu_b449c47493c8ad1bfb06	181
target_11ee9374153bfab61d19	target_8ae2db335368dc0ac8c3	votu_e8f042746fc9f15d73e7	votu_9d0058178db3478db596	181
target_8ae2db335368dc0ac8c3	target_da4a8173d9c6d59b55fa	votu_9d0058178db3478db596	votu_e2c3a4443eb65c973a18	181
target_3335c7f737e31a1ccd61	target_f901b31855981c89945a	votu_6f8b88b440c54b3d764d	votu_747ff839e1be199627d6	180
target_05568f814bb7341587db	target_3857e0b056bd75657f3e	votu_e6b90e6596d66c95e6be	votu_b8042d70c258be80167e	178
target_3335c7f737e31a1ccd61	target_97280126edd3c64ef713	votu_6f8b88b440c54b3d764d	votu_7f3d3479c2f29fe608a1	177
target_56a06a8476b5ee6b6bfb	target_703db91d8eef4db44d64	votu_64fc83f0fa9633296535	votu_2560cb256703a5661bf3	177
target_8ae2db335368dc0ac8c3	target_97280126edd3c64ef713	votu_9d0058178db3478db596	votu_7f3d3479c2f29fe608a1	176
target_3a40e53e1707f7edb28e	target_97280126edd3c64ef713	votu_26cccb4aa0ae0a70cdef	votu_7f3d3479c2f29fe608a1	173
target_0e9e7e29b5cc7532502f	target_703db91d8eef4db44d64	votu_7fc5eab94128f04fae9a	votu_2560cb256703a5661bf3	172
target_19c6d32cc0fdeb39f1d0	target_27892122be144f358cf6	votu_b24c3e8871674dcde9c2	votu_bfb15d0e744d6c521740	171
target_19c6d32cc0fdeb39f1d0	target_56a06a8476b5ee6b6bfb	votu_b24c3e8871674dcde9c2	votu_64fc83f0fa9633296535	169
target_3a40e53e1707f7edb28e	target_f901b31855981c89945a	votu_26cccb4aa0ae0a70cdef	votu_747ff839e1be199627d6	167
target_11ee9374153bfab61d19	target_97280126edd3c64ef713	votu_e8f042746fc9f15d73e7	votu_7f3d3479c2f29fe608a1	165
target_19c6d32cc0fdeb39f1d0	target_abe60cb0a2cda09fcc80	votu_b24c3e8871674dcde9c2	votu_ac3204ca7bfe89c9e593	165
target_3a40e53e1707f7edb28e	target_da4a8173d9c6d59b55fa	votu_26cccb4aa0ae0a70cdef	votu_e2c3a4443eb65c973a18	164
target_27892122be144f358cf6	target_56a06a8476b5ee6b6bfb	votu_bfb15d0e744d6c521740	votu_64fc83f0fa9633296535	164
target_19c6d32cc0fdeb39f1d0	target_3bfc2962f1c52c976c2c	votu_b24c3e8871674dcde9c2	votu_766dc0c72d3f9feda1fe	164
target_11ee9374153bfab61d19	target_da4a8173d9c6d59b55fa	votu_e8f042746fc9f15d73e7	votu_e2c3a4443eb65c973a18	163
target_56a06a8476b5ee6b6bfb	target_ba43454e309c58cafd71	votu_64fc83f0fa9633296535	votu_1d0cc8660040198ad03e	155
target_3bfc2962f1c52c976c2c	target_abe60cb0a2cda09fcc80	votu_766dc0c72d3f9feda1fe	votu_ac3204ca7bfe89c9e593	151
target_11ee9374153bfab61d19	target_3335c7f737e31a1ccd61	votu_e8f042746fc9f15d73e7	votu_6f8b88b440c54b3d764d	149
target_3507184c8efb964cb008	target_901f5366d7bbb73c9e1a	votu_10f443cdce98fe7e0907	votu_235a8ef24c94005aebcb	148
target_11ee9374153bfab61d19	target_3a40e53e1707f7edb28e	votu_e8f042746fc9f15d73e7	votu_26cccb4aa0ae0a70cdef	148
target_19c6d32cc0fdeb39f1d0	target_ba43454e309c58cafd71	votu_b24c3e8871674dcde9c2	votu_1d0cc8660040198ad03e	146
target_4269d32e2a8ff234190b	target_ac9e9feff60fc5c3251d	votu_3063035ed00021498858	votu_7bdb4a4be0d3ac8f3ed1	142
target_4269d32e2a8ff234190b	target_703db91d8eef4db44d64	votu_3063035ed00021498858	votu_2560cb256703a5661bf3	142
target_0e9e7e29b5cc7532502f	target_4269d32e2a8ff234190b	votu_7fc5eab94128f04fae9a	votu_3063035ed00021498858	140
target_3bfc2962f1c52c976c2c	target_6ad829dcf675ca413bc6	votu_766dc0c72d3f9feda1fe	votu_a5ec087282a7316e3fd3	138
target_3bfc2962f1c52c976c2c	target_703db91d8eef4db44d64	votu_766dc0c72d3f9feda1fe	votu_2560cb256703a5661bf3	134
target_4269d32e2a8ff234190b	target_ada9444f8f46345065c1	votu_3063035ed00021498858	votu_0cb63bbce56e4086459f	134
target_4269d32e2a8ff234190b	target_56a06a8476b5ee6b6bfb	votu_3063035ed00021498858	votu_64fc83f0fa9633296535	134
target_6ad829dcf675ca413bc6	target_703db91d8eef4db44d64	votu_a5ec087282a7316e3fd3	votu_2560cb256703a5661bf3	134
target_3bfc2962f1c52c976c2c	target_ba43454e309c58cafd71	votu_766dc0c72d3f9feda1fe	votu_1d0cc8660040198ad03e	133
target_27892122be144f358cf6	target_3bfc2962f1c52c976c2c	votu_bfb15d0e744d6c521740	votu_766dc0c72d3f9feda1fe	132
target_3507184c8efb964cb008	target_3a934e5a116ebeb94e96	votu_10f443cdce98fe7e0907	votu_be9081ff0c61ccfc3b7c	131
target_5106899a7026e771c8bf	target_c4f5b210cb4ad24e1cfe	votu_ec5a47efbfa27844ee34	votu_c10843a06079fb2d3926	130
target_27892122be144f358cf6	target_703db91d8eef4db44d64	votu_bfb15d0e744d6c521740	votu_2560cb256703a5661bf3	128
target_1b54ad4f45d6b6989a8e	target_d940e59d6747faa8f627	votu_b00d0b8f02919d994070	votu_0423aa4bc50c4d4be42b	126
target_27892122be144f358cf6	target_ba43454e309c58cafd71	votu_bfb15d0e744d6c521740	votu_1d0cc8660040198ad03e	126
target_abe60cb0a2cda09fcc80	target_ba43454e309c58cafd71	votu_ac3204ca7bfe89c9e593	votu_1d0cc8660040198ad03e	126
target_27892122be144f358cf6	target_abe60cb0a2cda09fcc80	votu_bfb15d0e744d6c521740	votu_ac3204ca7bfe89c9e593	119
target_27892122be144f358cf6	target_6ad829dcf675ca413bc6	votu_bfb15d0e744d6c521740	votu_a5ec087282a7316e3fd3	118
target_19c6d32cc0fdeb39f1d0	target_462597c539bdedaa31af	votu_b24c3e8871674dcde9c2	votu_6ad4d76248e52804c616	115
target_1b54ad4f45d6b6989a8e	target_8ddbe74512e89411c661	votu_b00d0b8f02919d994070	votu_395e17f2c611f050d47a	112
target_3bfc2962f1c52c976c2c	target_56a06a8476b5ee6b6bfb	votu_766dc0c72d3f9feda1fe	votu_64fc83f0fa9633296535	111
target_56a06a8476b5ee6b6bfb	target_abe60cb0a2cda09fcc80	votu_64fc83f0fa9633296535	votu_ac3204ca7bfe89c9e593	111
target_6ad829dcf675ca413bc6	target_ba43454e309c58cafd71	votu_a5ec087282a7316e3fd3	votu_1d0cc8660040198ad03e	110
target_19c6d32cc0fdeb39f1d0	target_703db91d8eef4db44d64	votu_b24c3e8871674dcde9c2	votu_2560cb256703a5661bf3	107
target_19c6d32cc0fdeb39f1d0	target_6ad829dcf675ca413bc6	votu_b24c3e8871674dcde9c2	votu_a5ec087282a7316e3fd3	107
target_5240e4749fbc04ca55f6	target_f901b31855981c89945a	votu_726e4a1df4ec5608cae3	votu_747ff839e1be199627d6	105
target_703db91d8eef4db44d64	target_ac9e9feff60fc5c3251d	votu_2560cb256703a5661bf3	votu_7bdb4a4be0d3ac8f3ed1	105
target_703db91d8eef4db44d64	target_abe60cb0a2cda09fcc80	votu_2560cb256703a5661bf3	votu_ac3204ca7bfe89c9e593	102
target_86d86d025762371b2998	target_d940e59d6747faa8f627	votu_70765cc01baead7b231b	votu_0423aa4bc50c4d4be42b	101
target_0a85e4626ad11ab64e4f	target_a4a1ff641277ce95e207	votu_f03732ee693f5d71d584	votu_d555819fb920edb26bf7	101
target_6ad829dcf675ca413bc6	target_abe60cb0a2cda09fcc80	votu_a5ec087282a7316e3fd3	votu_ac3204ca7bfe89c9e593	100
target_8ddbe74512e89411c661	target_d940e59d6747faa8f627	votu_395e17f2c611f050d47a	votu_0423aa4bc50c4d4be42b	99
target_074376ecd8a7b278b1be	target_ad5133d8c84de3d78e1b	votu_c8eeecd08a78b3d4f7be	votu_50820871fc98c6c6e90b	96
target_4269d32e2a8ff234190b	target_6ad829dcf675ca413bc6	votu_3063035ed00021498858	votu_a5ec087282a7316e3fd3	96
target_8ae2db335368dc0ac8c3	target_ad5133d8c84de3d78e1b	votu_9d0058178db3478db596	votu_50820871fc98c6c6e90b	95
target_6612cac8c32bf419cf5b	target_93cd0b485ab155d41fdf	votu_5d39172b23b8757a748b	votu_110ea43980dd71e37911	93
target_074376ecd8a7b278b1be	target_f901b31855981c89945a	votu_c8eeecd08a78b3d4f7be	votu_747ff839e1be199627d6	92
target_0e9e7e29b5cc7532502f	target_ba43454e309c58cafd71	votu_7fc5eab94128f04fae9a	votu_1d0cc8660040198ad03e	91
target_703db91d8eef4db44d64	target_ba43454e309c58cafd71	votu_2560cb256703a5661bf3	votu_1d0cc8660040198ad03e	91
target_0e9e7e29b5cc7532502f	target_19c6d32cc0fdeb39f1d0	votu_7fc5eab94128f04fae9a	votu_b24c3e8871674dcde9c2	89
target_5240e4749fbc04ca55f6	target_70ebece1c46ad8f2bfd7	votu_726e4a1df4ec5608cae3	votu_bbd91134c5908c036efe	89
target_70ebece1c46ad8f2bfd7	target_f901b31855981c89945a	votu_bbd91134c5908c036efe	votu_747ff839e1be199627d6	89
target_3ee07493cb8444dda086	target_d198833fc2f884e3edcd	votu_ee355aa61b27d20ea157	votu_86ba0d902f940027a6e2	88
target_0e9e7e29b5cc7532502f	target_27892122be144f358cf6	votu_7fc5eab94128f04fae9a	votu_bfb15d0e744d6c521740	88
target_3335c7f737e31a1ccd61	target_ad5133d8c84de3d78e1b	votu_6f8b88b440c54b3d764d	votu_50820871fc98c6c6e90b	87
target_1b54ad4f45d6b6989a8e	target_86d86d025762371b2998	votu_b00d0b8f02919d994070	votu_70765cc01baead7b231b	87
target_56a06a8476b5ee6b6bfb	target_6ad829dcf675ca413bc6	votu_64fc83f0fa9633296535	votu_a5ec087282a7316e3fd3	87
target_097e19342f916b4f6ef4	target_fdb5c6c90e4747097aeb	votu_5c807b531c5de9cb34b3	votu_2275ee3cfd7c87225e8f	87
target_0e9e7e29b5cc7532502f	target_3bfc2962f1c52c976c2c	votu_7fc5eab94128f04fae9a	votu_766dc0c72d3f9feda1fe	86
target_074376ecd8a7b278b1be	target_da4a8173d9c6d59b55fa	votu_c8eeecd08a78b3d4f7be	votu_e2c3a4443eb65c973a18	83
target_0e9e7e29b5cc7532502f	target_6ad829dcf675ca413bc6	votu_7fc5eab94128f04fae9a	votu_a5ec087282a7316e3fd3	83
target_3b464fc8b550fea05d33	target_f3a1295c1fe676de8866	votu_1c50e2261a7194a4cf38	votu_1b7dadc0ef11df852ec3	82
target_18abe46a43971c369859	target_7a252c273ae5ad4d61cf	votu_e38c8fbabe7174dd30ad	votu_884b42a82cb5d080fd92	82
target_7a252c273ae5ad4d61cf	target_88364266ade794c965f9	votu_884b42a82cb5d080fd92	votu_8287818d42b1ae4c656a	82
target_0e9e7e29b5cc7532502f	target_abe60cb0a2cda09fcc80	votu_7fc5eab94128f04fae9a	votu_ac3204ca7bfe89c9e593	82
target_05568f814bb7341587db	target_6b89e50e09fd05fd2e29	votu_e6b90e6596d66c95e6be	votu_fd2e0c2eb8316cc02610	80
target_3a40e53e1707f7edb28e	target_ad5133d8c84de3d78e1b	votu_26cccb4aa0ae0a70cdef	votu_50820871fc98c6c6e90b	80
target_3bfc2962f1c52c976c2c	target_4269d32e2a8ff234190b	votu_766dc0c72d3f9feda1fe	votu_3063035ed00021498858	80
target_ad5133d8c84de3d78e1b	target_f901b31855981c89945a	votu_50820871fc98c6c6e90b	votu_747ff839e1be199627d6	79
target_688dc2464a51307ade5a	target_8709e79806e4e24060ff	votu_867cd38945dceebcdf37	votu_ac5a48c060300c1cf4ff	76
target_ad5133d8c84de3d78e1b	target_da4a8173d9c6d59b55fa	votu_50820871fc98c6c6e90b	votu_e2c3a4443eb65c973a18	76
target_4269d32e2a8ff234190b	target_ba43454e309c58cafd71	votu_3063035ed00021498858	votu_1d0cc8660040198ad03e	76
target_3bfc2962f1c52c976c2c	target_ac9e9feff60fc5c3251d	votu_766dc0c72d3f9feda1fe	votu_7bdb4a4be0d3ac8f3ed1	76
target_27892122be144f358cf6	target_ac9e9feff60fc5c3251d	votu_bfb15d0e744d6c521740	votu_7bdb4a4be0d3ac8f3ed1	75
target_462597c539bdedaa31af	target_56723cae150e5db7a642	votu_6ad4d76248e52804c616	votu_3ca45bca0a7150a4f4a8	73
target_86d86d025762371b2998	target_8ddbe74512e89411c661	votu_70765cc01baead7b231b	votu_395e17f2c611f050d47a	73
target_6ad829dcf675ca413bc6	target_ac9e9feff60fc5c3251d	votu_a5ec087282a7316e3fd3	votu_7bdb4a4be0d3ac8f3ed1	73
target_074376ecd8a7b278b1be	target_97280126edd3c64ef713	votu_c8eeecd08a78b3d4f7be	votu_7f3d3479c2f29fe608a1	72
target_97280126edd3c64ef713	target_ad5133d8c84de3d78e1b	votu_7f3d3479c2f29fe608a1	votu_50820871fc98c6c6e90b	72
target_19c6d32cc0fdeb39f1d0	target_ac9e9feff60fc5c3251d	votu_b24c3e8871674dcde9c2	votu_7bdb4a4be0d3ac8f3ed1	72
target_09b6fc70af75515a9ad6	target_3ee07493cb8444dda086	votu_af20d983a9d9d5f20b29	votu_ee355aa61b27d20ea157	72
target_abe60cb0a2cda09fcc80	target_ac9e9feff60fc5c3251d	votu_ac3204ca7bfe89c9e593	votu_7bdb4a4be0d3ac8f3ed1	72
target_27892122be144f358cf6	target_4269d32e2a8ff234190b	votu_bfb15d0e744d6c521740	votu_3063035ed00021498858	71
target_19c6d32cc0fdeb39f1d0	target_4269d32e2a8ff234190b	votu_b24c3e8871674dcde9c2	votu_3063035ed00021498858	71
target_074376ecd8a7b278b1be	target_688dc2464a51307ade5a	votu_c8eeecd08a78b3d4f7be	votu_867cd38945dceebcdf37	69
target_56a06a8476b5ee6b6bfb	target_ac9e9feff60fc5c3251d	votu_64fc83f0fa9633296535	votu_7bdb4a4be0d3ac8f3ed1	68
target_074376ecd8a7b278b1be	target_8709e79806e4e24060ff	votu_c8eeecd08a78b3d4f7be	votu_ac5a48c060300c1cf4ff	67
target_8709e79806e4e24060ff	target_ad5133d8c84de3d78e1b	votu_ac5a48c060300c1cf4ff	votu_50820871fc98c6c6e90b	67
target_0e9e7e29b5cc7532502f	target_ac9e9feff60fc5c3251d	votu_7fc5eab94128f04fae9a	votu_7bdb4a4be0d3ac8f3ed1	67
target_1b54ad4f45d6b6989a8e	target_55f37da52b23a396e386	votu_b00d0b8f02919d994070	votu_783cbdb8d00299aaa26b	67
target_1b54ad4f45d6b6989a8e	target_f22d0e27739242dee3fb	votu_b00d0b8f02919d994070	votu_c52b0babc29c1847afe2	67
target_074376ecd8a7b278b1be	target_3335c7f737e31a1ccd61	votu_c8eeecd08a78b3d4f7be	votu_6f8b88b440c54b3d764d	66
target_074376ecd8a7b278b1be	target_8ae2db335368dc0ac8c3	votu_c8eeecd08a78b3d4f7be	votu_9d0058178db3478db596	66
target_688dc2464a51307ade5a	target_f901b31855981c89945a	votu_867cd38945dceebcdf37	votu_747ff839e1be199627d6	65
target_3bfc2962f1c52c976c2c	target_462597c539bdedaa31af	votu_766dc0c72d3f9feda1fe	votu_6ad4d76248e52804c616	64
target_194c1f1411a288353067	target_4269d32e2a8ff234190b	votu_77cc63e92495c9a25d7b	votu_3063035ed00021498858	64
target_cb3b3d4bf55bce49a573	target_f3bb4e45acd454b205e8	votu_7903b40bbba6d9dbffe2	votu_4a47a4eb8e8a373726ab	63
target_688dc2464a51307ade5a	target_da4a8173d9c6d59b55fa	votu_867cd38945dceebcdf37	votu_e2c3a4443eb65c973a18	63
target_8709e79806e4e24060ff	target_da4a8173d9c6d59b55fa	votu_ac5a48c060300c1cf4ff	votu_e2c3a4443eb65c973a18	62
target_8709e79806e4e24060ff	target_f901b31855981c89945a	votu_ac5a48c060300c1cf4ff	votu_747ff839e1be199627d6	61
target_8709e79806e4e24060ff	target_97280126edd3c64ef713	votu_ac5a48c060300c1cf4ff	votu_7f3d3479c2f29fe608a1	61
target_4269d32e2a8ff234190b	target_abe60cb0a2cda09fcc80	votu_3063035ed00021498858	votu_ac3204ca7bfe89c9e593	61
target_688dc2464a51307ade5a	target_ad5133d8c84de3d78e1b	votu_867cd38945dceebcdf37	votu_50820871fc98c6c6e90b	60
target_85325c70793e619ea229	target_bc49652cb1a5e7b733a6	votu_0297babf55283d516960	votu_e90d07081206d569e89f	60
target_688dc2464a51307ade5a	target_97280126edd3c64ef713	votu_867cd38945dceebcdf37	votu_7f3d3479c2f29fe608a1	59
target_85325c70793e619ea229	target_8d3a3bfe8b12c81a6510	votu_0297babf55283d516960	votu_e1b3266e7116ac1152ff	59
target_074376ecd8a7b278b1be	target_3a40e53e1707f7edb28e	votu_c8eeecd08a78b3d4f7be	votu_26cccb4aa0ae0a70cdef	57
target_11ee9374153bfab61d19	target_8709e79806e4e24060ff	votu_e8f042746fc9f15d73e7	votu_ac5a48c060300c1cf4ff	57
target_8709e79806e4e24060ff	target_8ae2db335368dc0ac8c3	votu_ac5a48c060300c1cf4ff	votu_9d0058178db3478db596	57
target_462597c539bdedaa31af	target_56a06a8476b5ee6b6bfb	votu_6ad4d76248e52804c616	votu_64fc83f0fa9633296535	57
target_3a40e53e1707f7edb28e	target_8709e79806e4e24060ff	votu_26cccb4aa0ae0a70cdef	votu_ac5a48c060300c1cf4ff	55
target_074376ecd8a7b278b1be	target_11ee9374153bfab61d19	votu_c8eeecd08a78b3d4f7be	votu_e8f042746fc9f15d73e7	55
target_2eb10aee6e25c17db214	target_d2ffddb96a37ef6bbe3c	votu_7bb39ca4fe4ee68252f5	votu_1538c442c37ddcf312f9	55
target_074376ecd8a7b278b1be	target_8f399f18770183a0923a	votu_c8eeecd08a78b3d4f7be	votu_3b4d9cc52354c1ce9014	54
target_11ee9374153bfab61d19	target_688dc2464a51307ade5a	votu_e8f042746fc9f15d73e7	votu_867cd38945dceebcdf37	54
target_688dc2464a51307ade5a	target_8ae2db335368dc0ac8c3	votu_867cd38945dceebcdf37	votu_9d0058178db3478db596	54
target_2f54d3971ee1589f8672	target_9d05d6dfa96711b89105	votu_6f805cefb41a07d53886	votu_2663e0b8daea50044c93	54
target_5240e4749fbc04ca55f6	target_c06c455a617197250ea7	votu_726e4a1df4ec5608cae3	votu_4a405590d07572b7805d	54
target_70ebece1c46ad8f2bfd7	target_c06c455a617197250ea7	votu_bbd91134c5908c036efe	votu_4a405590d07572b7805d	54
target_c06c455a617197250ea7	target_f901b31855981c89945a	votu_4a405590d07572b7805d	votu_747ff839e1be199627d6	54
target_3335c7f737e31a1ccd61	target_8709e79806e4e24060ff	votu_6f8b88b440c54b3d764d	votu_ac5a48c060300c1cf4ff	53
target_11ee9374153bfab61d19	target_ad5133d8c84de3d78e1b	votu_e8f042746fc9f15d73e7	votu_50820871fc98c6c6e90b	52
target_2f54d3971ee1589f8672	target_8d3a3bfe8b12c81a6510	votu_6f805cefb41a07d53886	votu_e1b3266e7116ac1152ff	52
target_2f54d3971ee1589f8672	target_85325c70793e619ea229	votu_6f805cefb41a07d53886	votu_0297babf55283d516960	51
target_074376ecd8a7b278b1be	target_9788e13d9b5c419e99ae	votu_c8eeecd08a78b3d4f7be	votu_400ab5f5687add1039f4	50
target_8d3a3bfe8b12c81a6510	target_bc49652cb1a5e7b733a6	votu_e1b3266e7116ac1152ff	votu_e90d07081206d569e89f	50
target_462597c539bdedaa31af	target_ba43454e309c58cafd71	votu_6ad4d76248e52804c616	votu_1d0cc8660040198ad03e	50
target_3b464fc8b550fea05d33	target_ed67ea67aabae4cf65ad	votu_1c50e2261a7194a4cf38	votu_142dc1838ad43b84e2f1	49
target_462597c539bdedaa31af	target_abe60cb0a2cda09fcc80	votu_6ad4d76248e52804c616	votu_ac3204ca7bfe89c9e593	49
target_3335c7f737e31a1ccd61	target_688dc2464a51307ade5a	votu_6f8b88b440c54b3d764d	votu_867cd38945dceebcdf37	48
target_8f399f18770183a0923a	target_9788e13d9b5c419e99ae	votu_3b4d9cc52354c1ce9014	votu_400ab5f5687add1039f4	48
target_2f54d3971ee1589f8672	target_bc49652cb1a5e7b733a6	votu_6f805cefb41a07d53886	votu_e90d07081206d569e89f	48
target_85325c70793e619ea229	target_9d05d6dfa96711b89105	votu_0297babf55283d516960	votu_2663e0b8daea50044c93	48
target_ac9e9feff60fc5c3251d	target_ba43454e309c58cafd71	votu_7bdb4a4be0d3ac8f3ed1	votu_1d0cc8660040198ad03e	48
target_8f399f18770183a0923a	target_ad5133d8c84de3d78e1b	votu_3b4d9cc52354c1ce9014	votu_50820871fc98c6c6e90b	47
target_8d3a3bfe8b12c81a6510	target_9d05d6dfa96711b89105	votu_e1b3266e7116ac1152ff	votu_2663e0b8daea50044c93	47
target_27892122be144f358cf6	target_462597c539bdedaa31af	votu_bfb15d0e744d6c521740	votu_6ad4d76248e52804c616	47
target_9788e13d9b5c419e99ae	target_f901b31855981c89945a	votu_400ab5f5687add1039f4	votu_747ff839e1be199627d6	45
target_9d05d6dfa96711b89105	target_bc49652cb1a5e7b733a6	votu_2663e0b8daea50044c93	votu_e90d07081206d569e89f	45
target_688dc2464a51307ade5a	target_efc02c32a475ddb796b1	votu_867cd38945dceebcdf37	votu_ecc65434bd88927d108e	43
target_8f399f18770183a0923a	target_f901b31855981c89945a	votu_3b4d9cc52354c1ce9014	votu_747ff839e1be199627d6	43
target_9788e13d9b5c419e99ae	target_ad5133d8c84de3d78e1b	votu_400ab5f5687add1039f4	votu_50820871fc98c6c6e90b	43
target_93cd0b485ab155d41fdf	target_d2ffddb96a37ef6bbe3c	votu_110ea43980dd71e37911	votu_1538c442c37ddcf312f9	43
target_3a40e53e1707f7edb28e	target_688dc2464a51307ade5a	votu_26cccb4aa0ae0a70cdef	votu_867cd38945dceebcdf37	42
target_8709e79806e4e24060ff	target_8f399f18770183a0923a	votu_ac5a48c060300c1cf4ff	votu_3b4d9cc52354c1ce9014	41
target_2eb10aee6e25c17db214	target_93cd0b485ab155d41fdf	votu_7bb39ca4fe4ee68252f5	votu_110ea43980dd71e37911	41
target_074376ecd8a7b278b1be	target_efc02c32a475ddb796b1	votu_c8eeecd08a78b3d4f7be	votu_ecc65434bd88927d108e	40
target_688dc2464a51307ade5a	target_8f399f18770183a0923a	votu_867cd38945dceebcdf37	votu_3b4d9cc52354c1ce9014	40
target_8709e79806e4e24060ff	target_efc02c32a475ddb796b1	votu_ac5a48c060300c1cf4ff	votu_ecc65434bd88927d108e	39
target_11ee9374153bfab61d19	target_9788e13d9b5c419e99ae	votu_e8f042746fc9f15d73e7	votu_400ab5f5687add1039f4	38
target_8709e79806e4e24060ff	target_9788e13d9b5c419e99ae	votu_ac5a48c060300c1cf4ff	votu_400ab5f5687add1039f4	38
target_27892122be144f358cf6	target_ada9444f8f46345065c1	votu_bfb15d0e744d6c521740	votu_0cb63bbce56e4086459f	38
target_56a06a8476b5ee6b6bfb	target_ada9444f8f46345065c1	votu_64fc83f0fa9633296535	votu_0cb63bbce56e4086459f	38
target_2eb10aee6e25c17db214	target_6612cac8c32bf419cf5b	votu_7bb39ca4fe4ee68252f5	votu_5d39172b23b8757a748b	37
target_56723cae150e5db7a642	target_cef91333cb9b4dcdc6ef	votu_3ca45bca0a7150a4f4a8	votu_e498f9425d1a8c6de98d	36
target_11ee9374153bfab61d19	target_8f399f18770183a0923a	votu_e8f042746fc9f15d73e7	votu_3b4d9cc52354c1ce9014	36
target_462597c539bdedaa31af	target_6ad829dcf675ca413bc6	votu_6ad4d76248e52804c616	votu_a5ec087282a7316e3fd3	36
target_ad5133d8c84de3d78e1b	target_efc02c32a475ddb796b1	votu_50820871fc98c6c6e90b	votu_ecc65434bd88927d108e	35
target_6612cac8c32bf419cf5b	target_d2ffddb96a37ef6bbe3c	votu_5d39172b23b8757a748b	votu_1538c442c37ddcf312f9	35
target_3a40e53e1707f7edb28e	target_41fd9194b3de19ccd653	votu_26cccb4aa0ae0a70cdef	votu_c9e82d333dcd51a2db26	34
target_688dc2464a51307ade5a	target_9788e13d9b5c419e99ae	votu_867cd38945dceebcdf37	votu_400ab5f5687add1039f4	34
target_8ae2db335368dc0ac8c3	target_9788e13d9b5c419e99ae	votu_9d0058178db3478db596	votu_400ab5f5687add1039f4	34
target_19c6d32cc0fdeb39f1d0	target_ada9444f8f46345065c1	votu_b24c3e8871674dcde9c2	votu_0cb63bbce56e4086459f	34
target_4269d32e2a8ff234190b	target_d940e59d6747faa8f627	votu_3063035ed00021498858	votu_0423aa4bc50c4d4be42b	34
target_c06c455a617197250ea7	target_cef91333cb9b4dcdc6ef	votu_4a405590d07572b7805d	votu_e498f9425d1a8c6de98d	33
target_41fd9194b3de19ccd653	target_8ae2db335368dc0ac8c3	votu_c9e82d333dcd51a2db26	votu_9d0058178db3478db596	33
target_8f399f18770183a0923a	target_efc02c32a475ddb796b1	votu_3b4d9cc52354c1ce9014	votu_ecc65434bd88927d108e	33
target_9788e13d9b5c419e99ae	target_da4a8173d9c6d59b55fa	votu_400ab5f5687add1039f4	votu_e2c3a4443eb65c973a18	33
target_1e6a40e578402d06562f	target_3a40e53e1707f7edb28e	votu_856ee76b46f585237836	votu_26cccb4aa0ae0a70cdef	32
target_1c256aea2eab4cea1c36	target_68cc7ad2d196776a874e	votu_a8b728feefa48219ce7f	votu_8d60f732ea3378fbfd36	32
target_3a40e53e1707f7edb28e	target_9788e13d9b5c419e99ae	votu_26cccb4aa0ae0a70cdef	votu_400ab5f5687add1039f4	32
target_97280126edd3c64ef713	target_9788e13d9b5c419e99ae	votu_7f3d3479c2f29fe608a1	votu_400ab5f5687add1039f4	32
target_56a06a8476b5ee6b6bfb	target_97280126edd3c64ef713	votu_64fc83f0fa9633296535	votu_7f3d3479c2f29fe608a1	31
target_0e9e7e29b5cc7532502f	target_462597c539bdedaa31af	votu_7fc5eab94128f04fae9a	votu_6ad4d76248e52804c616	31
target_8f399f18770183a0923a	target_da4a8173d9c6d59b55fa	votu_3b4d9cc52354c1ce9014	votu_e2c3a4443eb65c973a18	31
target_13227fd321887fb0fb39	target_cef91333cb9b4dcdc6ef	votu_46cdd03f6fb67c0662ee	votu_e498f9425d1a8c6de98d	30
target_8ae2db335368dc0ac8c3	target_8f399f18770183a0923a	votu_9d0058178db3478db596	votu_3b4d9cc52354c1ce9014	30
target_e1e91d5637f3c125d2bd	target_f5303c758a2944e02554	votu_da2d79f7520ef0caead5	votu_6f0504c1dc252e793896	30
target_3335c7f737e31a1ccd61	target_41fd9194b3de19ccd653	votu_6f8b88b440c54b3d764d	votu_c9e82d333dcd51a2db26	29
target_3335c7f737e31a1ccd61	target_efc02c32a475ddb796b1	votu_6f8b88b440c54b3d764d	votu_ecc65434bd88927d108e	29
target_da4a8173d9c6d59b55fa	target_efc02c32a475ddb796b1	votu_e2c3a4443eb65c973a18	votu_ecc65434bd88927d108e	29
target_efc02c32a475ddb796b1	target_f901b31855981c89945a	votu_ecc65434bd88927d108e	votu_747ff839e1be199627d6	29
target_561eac57adc31757e100	target_8709e79806e4e24060ff	votu_0b2a4230351d0cdb4e3b	votu_ac5a48c060300c1cf4ff	29
target_561eac57adc31757e100	target_97280126edd3c64ef713	votu_0b2a4230351d0cdb4e3b	votu_7f3d3479c2f29fe608a1	29
target_8709e79806e4e24060ff	target_fd883b3a385fd5596fec	votu_ac5a48c060300c1cf4ff	votu_d0875a87d31edc9a8d40	29
target_3a40e53e1707f7edb28e	target_3bfc2962f1c52c976c2c	votu_26cccb4aa0ae0a70cdef	votu_766dc0c72d3f9feda1fe	28
target_3a40e53e1707f7edb28e	target_8f399f18770183a0923a	votu_26cccb4aa0ae0a70cdef	votu_3b4d9cc52354c1ce9014	28
target_8f399f18770183a0923a	target_97280126edd3c64ef713	votu_3b4d9cc52354c1ce9014	votu_7f3d3479c2f29fe608a1	28
target_9788e13d9b5c419e99ae	target_efc02c32a475ddb796b1	votu_400ab5f5687add1039f4	votu_ecc65434bd88927d108e	28
target_561eac57adc31757e100	target_688dc2464a51307ade5a	votu_0b2a4230351d0cdb4e3b	votu_867cd38945dceebcdf37	28
target_688dc2464a51307ade5a	target_fd883b3a385fd5596fec	votu_867cd38945dceebcdf37	votu_d0875a87d31edc9a8d40	28
target_59cd2d3bcaefc09cba5f	target_f8916edbea8a40e337fb	votu_6849f84635df4fb447c7	votu_da5f095bd4d3e9294192	27
target_56a06a8476b5ee6b6bfb	target_688dc2464a51307ade5a	votu_64fc83f0fa9633296535	votu_867cd38945dceebcdf37	27
target_56a06a8476b5ee6b6bfb	target_da4a8173d9c6d59b55fa	votu_64fc83f0fa9633296535	votu_e2c3a4443eb65c973a18	27
target_3bfc2962f1c52c976c2c	target_41fd9194b3de19ccd653	votu_766dc0c72d3f9feda1fe	votu_c9e82d333dcd51a2db26	27
target_41fd9194b3de19ccd653	target_ad5133d8c84de3d78e1b	votu_c9e82d333dcd51a2db26	votu_50820871fc98c6c6e90b	27
target_4909c51b3da2abdf263d	target_97280126edd3c64ef713	votu_2238e7938d318af57ae0	votu_7f3d3479c2f29fe608a1	27
target_074376ecd8a7b278b1be	target_fd883b3a385fd5596fec	votu_c8eeecd08a78b3d4f7be	votu_d0875a87d31edc9a8d40	27
target_ad5133d8c84de3d78e1b	target_fd883b3a385fd5596fec	votu_50820871fc98c6c6e90b	votu_d0875a87d31edc9a8d40	27
target_efc02c32a475ddb796b1	target_fd883b3a385fd5596fec	votu_ecc65434bd88927d108e	votu_d0875a87d31edc9a8d40	27
target_11ee9374153bfab61d19	target_4269d32e2a8ff234190b	votu_e8f042746fc9f15d73e7	votu_3063035ed00021498858	27
target_13227fd321887fb0fb39	target_c06c455a617197250ea7	votu_46cdd03f6fb67c0662ee	votu_4a405590d07572b7805d	26
target_462597c539bdedaa31af	target_703db91d8eef4db44d64	votu_6ad4d76248e52804c616	votu_2560cb256703a5661bf3	26
target_3335c7f737e31a1ccd61	target_9788e13d9b5c419e99ae	votu_6f8b88b440c54b3d764d	votu_400ab5f5687add1039f4	26
target_11ee9374153bfab61d19	target_4909c51b3da2abdf263d	votu_e8f042746fc9f15d73e7	votu_2238e7938d318af57ae0	26
target_8f399f18770183a0923a	target_fd883b3a385fd5596fec	votu_3b4d9cc52354c1ce9014	votu_d0875a87d31edc9a8d40	26
target_56723cae150e5db7a642	target_c06c455a617197250ea7	votu_3ca45bca0a7150a4f4a8	votu_4a405590d07572b7805d	25
target_56a06a8476b5ee6b6bfb	target_f901b31855981c89945a	votu_64fc83f0fa9633296535	votu_747ff839e1be199627d6	25
target_1e6a40e578402d06562f	target_3335c7f737e31a1ccd61	votu_856ee76b46f585237836	votu_6f8b88b440c54b3d764d	25
target_1e6a40e578402d06562f	target_3bfc2962f1c52c976c2c	votu_856ee76b46f585237836	votu_766dc0c72d3f9feda1fe	25
target_13227fd321887fb0fb39	target_56723cae150e5db7a642	votu_46cdd03f6fb67c0662ee	votu_3ca45bca0a7150a4f4a8	25
target_11ee9374153bfab61d19	target_561eac57adc31757e100	votu_e8f042746fc9f15d73e7	votu_0b2a4230351d0cdb4e3b	25
target_4909c51b3da2abdf263d	target_561eac57adc31757e100	votu_2238e7938d318af57ae0	votu_0b2a4230351d0cdb4e3b	25
target_19c6d32cc0fdeb39f1d0	target_97280126edd3c64ef713	votu_b24c3e8871674dcde9c2	votu_7f3d3479c2f29fe608a1	25
target_11ee9374153bfab61d19	target_d940e59d6747faa8f627	votu_e8f042746fc9f15d73e7	votu_0423aa4bc50c4d4be42b	25
target_4269d32e2a8ff234190b	target_462597c539bdedaa31af	votu_3063035ed00021498858	votu_6ad4d76248e52804c616	25
target_3bfc2962f1c52c976c2c	target_ad5133d8c84de3d78e1b	votu_766dc0c72d3f9feda1fe	votu_50820871fc98c6c6e90b	24
target_11ee9374153bfab61d19	target_efc02c32a475ddb796b1	votu_e8f042746fc9f15d73e7	votu_ecc65434bd88927d108e	24
target_3335c7f737e31a1ccd61	target_8f399f18770183a0923a	votu_6f8b88b440c54b3d764d	votu_3b4d9cc52354c1ce9014	24
target_8ae2db335368dc0ac8c3	target_efc02c32a475ddb796b1	votu_9d0058178db3478db596	votu_ecc65434bd88927d108e	24
target_4909c51b3da2abdf263d	target_688dc2464a51307ade5a	votu_2238e7938d318af57ae0	votu_867cd38945dceebcdf37	24
target_561eac57adc31757e100	target_da4a8173d9c6d59b55fa	votu_0b2a4230351d0cdb4e3b	votu_e2c3a4443eb65c973a18	24
target_7414847a2b55a0321b6e	target_97280126edd3c64ef713	votu_d960a98e96871672e342	votu_7f3d3479c2f29fe608a1	24
target_19c6d32cc0fdeb39f1d0	target_561eac57adc31757e100	votu_b24c3e8871674dcde9c2	votu_0b2a4230351d0cdb4e3b	24
target_3a934e5a116ebeb94e96	target_c827e23f2b9ed0b86d4b	votu_be9081ff0c61ccfc3b7c	votu_8aeba5a3489f1cd92f20	23
target_1e6a40e578402d06562f	target_ad5133d8c84de3d78e1b	votu_856ee76b46f585237836	votu_50820871fc98c6c6e90b	23
target_3335c7f737e31a1ccd61	target_3bfc2962f1c52c976c2c	votu_6f8b88b440c54b3d764d	votu_766dc0c72d3f9feda1fe	23
target_3a40e53e1707f7edb28e	target_efc02c32a475ddb796b1	votu_26cccb4aa0ae0a70cdef	votu_ecc65434bd88927d108e	23
target_97280126edd3c64ef713	target_efc02c32a475ddb796b1	votu_7f3d3479c2f29fe608a1	votu_ecc65434bd88927d108e	23
target_1e764ef2e95876bcb16e	target_97280126edd3c64ef713	votu_ae0d73349d2c5dfc3267	votu_7f3d3479c2f29fe608a1	23
target_3335c7f737e31a1ccd61	target_561eac57adc31757e100	votu_6f8b88b440c54b3d764d	votu_0b2a4230351d0cdb4e3b	23
target_5240e4749fbc04ca55f6	target_56a06a8476b5ee6b6bfb	votu_726e4a1df4ec5608cae3	votu_64fc83f0fa9633296535	23
target_9788e13d9b5c419e99ae	target_fd883b3a385fd5596fec	votu_400ab5f5687add1039f4	votu_d0875a87d31edc9a8d40	23
target_1e764ef2e95876bcb16e	target_8709e79806e4e24060ff	votu_ae0d73349d2c5dfc3267	votu_ac5a48c060300c1cf4ff	22
target_4909c51b3da2abdf263d	target_8709e79806e4e24060ff	votu_2238e7938d318af57ae0	votu_ac5a48c060300c1cf4ff	22
target_5240e4749fbc04ca55f6	target_97280126edd3c64ef713	votu_726e4a1df4ec5608cae3	votu_7f3d3479c2f29fe608a1	22
target_561eac57adc31757e100	target_56a06a8476b5ee6b6bfb	votu_0b2a4230351d0cdb4e3b	votu_64fc83f0fa9633296535	22
target_56a06a8476b5ee6b6bfb	target_7414847a2b55a0321b6e	votu_64fc83f0fa9633296535	votu_d960a98e96871672e342	22
target_19c6d32cc0fdeb39f1d0	target_8709e79806e4e24060ff	votu_b24c3e8871674dcde9c2	votu_ac5a48c060300c1cf4ff	22
target_ad4680e022b606611023	target_dd1fb39b3deb943ca2f7	votu_c56c34f3ca3dd9154c44	votu_f65696e080f2eaea3d4a	21
target_1e6a40e578402d06562f	target_8ae2db335368dc0ac8c3	votu_856ee76b46f585237836	votu_9d0058178db3478db596	21
target_3bfc2962f1c52c976c2c	target_8ae2db335368dc0ac8c3	votu_766dc0c72d3f9feda1fe	votu_9d0058178db3478db596	21
target_11ee9374153bfab61d19	target_7414847a2b55a0321b6e	votu_e8f042746fc9f15d73e7	votu_d960a98e96871672e342	21
target_4909c51b3da2abdf263d	target_7414847a2b55a0321b6e	votu_2238e7938d318af57ae0	votu_d960a98e96871672e342	21
target_4909c51b3da2abdf263d	target_da4a8173d9c6d59b55fa	votu_2238e7938d318af57ae0	votu_e2c3a4443eb65c973a18	21
target_561eac57adc31757e100	target_7414847a2b55a0321b6e	votu_0b2a4230351d0cdb4e3b	votu_d960a98e96871672e342	21
target_561eac57adc31757e100	target_f901b31855981c89945a	votu_0b2a4230351d0cdb4e3b	votu_747ff839e1be199627d6	21
target_56a06a8476b5ee6b6bfb	target_8709e79806e4e24060ff	votu_64fc83f0fa9633296535	votu_ac5a48c060300c1cf4ff	21
target_97280126edd3c64ef713	target_fd883b3a385fd5596fec	votu_7f3d3479c2f29fe608a1	votu_d0875a87d31edc9a8d40	21
target_561eac57adc31757e100	target_ad5133d8c84de3d78e1b	votu_0b2a4230351d0cdb4e3b	votu_50820871fc98c6c6e90b	21
target_19c6d32cc0fdeb39f1d0	target_7414847a2b55a0321b6e	votu_b24c3e8871674dcde9c2	votu_d960a98e96871672e342	21
target_19c6d32cc0fdeb39f1d0	target_688dc2464a51307ade5a	votu_b24c3e8871674dcde9c2	votu_867cd38945dceebcdf37	21
target_19c6d32cc0fdeb39f1d0	target_5240e4749fbc04ca55f6	votu_b24c3e8871674dcde9c2	votu_726e4a1df4ec5608cae3	21
target_11ee9374153bfab61d19	target_1e764ef2e95876bcb16e	votu_e8f042746fc9f15d73e7	votu_ae0d73349d2c5dfc3267	20
target_11ee9374153bfab61d19	target_56a06a8476b5ee6b6bfb	votu_e8f042746fc9f15d73e7	votu_64fc83f0fa9633296535	20
target_1e764ef2e95876bcb16e	target_561eac57adc31757e100	votu_ae0d73349d2c5dfc3267	votu_0b2a4230351d0cdb4e3b	20
target_561eac57adc31757e100	target_8ae2db335368dc0ac8c3	votu_0b2a4230351d0cdb4e3b	votu_9d0058178db3478db596	20
target_688dc2464a51307ade5a	target_7414847a2b55a0321b6e	votu_867cd38945dceebcdf37	votu_d960a98e96871672e342	20
target_3a40e53e1707f7edb28e	target_fd883b3a385fd5596fec	votu_26cccb4aa0ae0a70cdef	votu_d0875a87d31edc9a8d40	20
target_11ee9374153bfab61d19	target_19c6d32cc0fdeb39f1d0	votu_e8f042746fc9f15d73e7	votu_b24c3e8871674dcde9c2	20
target_19c6d32cc0fdeb39f1d0	target_da4a8173d9c6d59b55fa	votu_b24c3e8871674dcde9c2	votu_e2c3a4443eb65c973a18	20
target_55f06cd5a4c2e8847ff7	target_f28c686b2a6d0adacb88	votu_8e8fb45962905461a0dd	votu_7e5d591edfde25b88a26	20
target_13227fd321887fb0fb39	target_462597c539bdedaa31af	votu_46cdd03f6fb67c0662ee	votu_6ad4d76248e52804c616	19
target_11ee9374153bfab61d19	target_27892122be144f358cf6	votu_e8f042746fc9f15d73e7	votu_bfb15d0e744d6c521740	19
target_11ee9374153bfab61d19	target_5240e4749fbc04ca55f6	votu_e8f042746fc9f15d73e7	votu_726e4a1df4ec5608cae3	19
target_1e764ef2e95876bcb16e	target_4909c51b3da2abdf263d	votu_ae0d73349d2c5dfc3267	votu_2238e7938d318af57ae0	19
target_1e764ef2e95876bcb16e	target_688dc2464a51307ade5a	votu_ae0d73349d2c5dfc3267	votu_867cd38945dceebcdf37	19
target_27892122be144f358cf6	target_4909c51b3da2abdf263d	votu_bfb15d0e744d6c521740	votu_2238e7938d318af57ae0	19
target_27892122be144f358cf6	target_7414847a2b55a0321b6e	votu_bfb15d0e744d6c521740	votu_d960a98e96871672e342	19
target_27892122be144f358cf6	target_97280126edd3c64ef713	votu_bfb15d0e744d6c521740	votu_7f3d3479c2f29fe608a1	19
target_4909c51b3da2abdf263d	target_56a06a8476b5ee6b6bfb	votu_2238e7938d318af57ae0	votu_64fc83f0fa9633296535	19
target_5240e4749fbc04ca55f6	target_561eac57adc31757e100	votu_726e4a1df4ec5608cae3	votu_0b2a4230351d0cdb4e3b	19
target_5240e4749fbc04ca55f6	target_688dc2464a51307ade5a	votu_726e4a1df4ec5608cae3	votu_867cd38945dceebcdf37	19
target_5240e4749fbc04ca55f6	target_da4a8173d9c6d59b55fa	votu_726e4a1df4ec5608cae3	votu_e2c3a4443eb65c973a18	19
target_da4a8173d9c6d59b55fa	target_fd883b3a385fd5596fec	votu_e2c3a4443eb65c973a18	votu_d0875a87d31edc9a8d40	19
target_074376ecd8a7b278b1be	target_561eac57adc31757e100	votu_c8eeecd08a78b3d4f7be	votu_0b2a4230351d0cdb4e3b	19
target_3a40e53e1707f7edb28e	target_561eac57adc31757e100	votu_26cccb4aa0ae0a70cdef	votu_0b2a4230351d0cdb4e3b	19
target_1e764ef2e95876bcb16e	target_3335c7f737e31a1ccd61	votu_ae0d73349d2c5dfc3267	votu_6f8b88b440c54b3d764d	18
target_1e764ef2e95876bcb16e	target_da4a8173d9c6d59b55fa	votu_ae0d73349d2c5dfc3267	votu_e2c3a4443eb65c973a18	18
target_3335c7f737e31a1ccd61	target_56a06a8476b5ee6b6bfb	votu_6f8b88b440c54b3d764d	votu_64fc83f0fa9633296535	18
target_4909c51b3da2abdf263d	target_5240e4749fbc04ca55f6	votu_2238e7938d318af57ae0	votu_726e4a1df4ec5608cae3	18
target_5240e4749fbc04ca55f6	target_8709e79806e4e24060ff	votu_726e4a1df4ec5608cae3	votu_ac5a48c060300c1cf4ff	18
target_7414847a2b55a0321b6e	target_8709e79806e4e24060ff	votu_d960a98e96871672e342	votu_ac5a48c060300c1cf4ff	18
target_7414847a2b55a0321b6e	target_da4a8173d9c6d59b55fa	votu_d960a98e96871672e342	votu_e2c3a4443eb65c973a18	18
target_11ee9374153bfab61d19	target_fd883b3a385fd5596fec	votu_e8f042746fc9f15d73e7	votu_d0875a87d31edc9a8d40	18
target_8ae2db335368dc0ac8c3	target_fd883b3a385fd5596fec	votu_9d0058178db3478db596	votu_d0875a87d31edc9a8d40	18
target_f901b31855981c89945a	target_fd883b3a385fd5596fec	votu_747ff839e1be199627d6	votu_d0875a87d31edc9a8d40	18
target_074376ecd8a7b278b1be	target_19c6d32cc0fdeb39f1d0	votu_c8eeecd08a78b3d4f7be	votu_b24c3e8871674dcde9c2	18
target_19c6d32cc0fdeb39f1d0	target_3335c7f737e31a1ccd61	votu_b24c3e8871674dcde9c2	votu_6f8b88b440c54b3d764d	18
target_19c6d32cc0fdeb39f1d0	target_ad5133d8c84de3d78e1b	votu_b24c3e8871674dcde9c2	votu_50820871fc98c6c6e90b	18
target_97280126edd3c64ef713	target_abe60cb0a2cda09fcc80	votu_7f3d3479c2f29fe608a1	votu_ac3204ca7bfe89c9e593	18
target_19c6d32cc0fdeb39f1d0	target_4909c51b3da2abdf263d	votu_b24c3e8871674dcde9c2	votu_2238e7938d318af57ae0	18
target_abe60cb0a2cda09fcc80	target_da4a8173d9c6d59b55fa	votu_ac3204ca7bfe89c9e593	votu_e2c3a4443eb65c973a18	18
target_194c1f1411a288353067	target_d940e59d6747faa8f627	votu_77cc63e92495c9a25d7b	votu_0423aa4bc50c4d4be42b	18
target_27892122be144f358cf6	target_5240e4749fbc04ca55f6	votu_bfb15d0e744d6c521740	votu_726e4a1df4ec5608cae3	17
target_27892122be144f358cf6	target_561eac57adc31757e100	votu_bfb15d0e744d6c521740	votu_0b2a4230351d0cdb4e3b	17
target_4909c51b3da2abdf263d	target_f901b31855981c89945a	votu_2238e7938d318af57ae0	votu_747ff839e1be199627d6	17
target_3335c7f737e31a1ccd61	target_fd883b3a385fd5596fec	votu_6f8b88b440c54b3d764d	votu_d0875a87d31edc9a8d40	17
target_074376ecd8a7b278b1be	target_4909c51b3da2abdf263d	votu_c8eeecd08a78b3d4f7be	votu_2238e7938d318af57ae0	17
target_074376ecd8a7b278b1be	target_56a06a8476b5ee6b6bfb	votu_c8eeecd08a78b3d4f7be	votu_64fc83f0fa9633296535	17
target_074376ecd8a7b278b1be	target_abe60cb0a2cda09fcc80	votu_c8eeecd08a78b3d4f7be	votu_ac3204ca7bfe89c9e593	17
target_462597c539bdedaa31af	target_561eac57adc31757e100	votu_6ad4d76248e52804c616	votu_0b2a4230351d0cdb4e3b	17
target_0ec1c1e056182b0cdd7d	target_3df12947778aa5dd94fa	votu_df62291fdf716f1abf4d	votu_8e06fa5b7f19cc06ca82	16
target_2d91b118474faba80306	target_71a487d26e9795efc398	votu_b4db8910315bb5b38ab8	votu_b2da37aacc4366eec9c7	16
target_9d2a51f753614a74bd54	target_9f707dc9a7d883861a00	votu_d5e8cf7142b7efa99219	votu_b7a7b96cf99741cfc25a	16
target_27892122be144f358cf6	target_8709e79806e4e24060ff	votu_bfb15d0e744d6c521740	votu_ac5a48c060300c1cf4ff	16
target_3335c7f737e31a1ccd61	target_4909c51b3da2abdf263d	votu_6f8b88b440c54b3d764d	votu_2238e7938d318af57ae0	16
target_1b54ad4f45d6b6989a8e	target_c06c455a617197250ea7	votu_b00d0b8f02919d994070	votu_4a405590d07572b7805d	16
target_19c6d32cc0fdeb39f1d0	target_3a40e53e1707f7edb28e	votu_b24c3e8871674dcde9c2	votu_26cccb4aa0ae0a70cdef	16
target_19c6d32cc0fdeb39f1d0	target_f901b31855981c89945a	votu_b24c3e8871674dcde9c2	votu_747ff839e1be199627d6	16
target_3335c7f737e31a1ccd61	target_abe60cb0a2cda09fcc80	votu_6f8b88b440c54b3d764d	votu_ac3204ca7bfe89c9e593	16
target_abe60cb0a2cda09fcc80	target_f901b31855981c89945a	votu_ac3204ca7bfe89c9e593	votu_747ff839e1be199627d6	16
target_462597c539bdedaa31af	target_8709e79806e4e24060ff	votu_6ad4d76248e52804c616	votu_ac5a48c060300c1cf4ff	16
target_561eac57adc31757e100	target_abe60cb0a2cda09fcc80	votu_0b2a4230351d0cdb4e3b	votu_ac3204ca7bfe89c9e593	16
target_8709e79806e4e24060ff	target_abe60cb0a2cda09fcc80	votu_ac5a48c060300c1cf4ff	votu_ac3204ca7bfe89c9e593	16
target_41fd9194b3de19ccd653	target_688dc2464a51307ade5a	votu_c9e82d333dcd51a2db26	votu_867cd38945dceebcdf37	15
target_074376ecd8a7b278b1be	target_1e764ef2e95876bcb16e	votu_c8eeecd08a78b3d4f7be	votu_ae0d73349d2c5dfc3267	15
target_1e764ef2e95876bcb16e	target_3a40e53e1707f7edb28e	votu_ae0d73349d2c5dfc3267	votu_26cccb4aa0ae0a70cdef	15
target_1e764ef2e95876bcb16e	target_ad5133d8c84de3d78e1b	votu_ae0d73349d2c5dfc3267	votu_50820871fc98c6c6e90b	15
target_1e764ef2e95876bcb16e	target_f901b31855981c89945a	votu_ae0d73349d2c5dfc3267	votu_747ff839e1be199627d6	15
target_1e764ef2e95876bcb16e	target_27892122be144f358cf6	votu_ae0d73349d2c5dfc3267	votu_bfb15d0e744d6c521740	15
target_27892122be144f358cf6	target_688dc2464a51307ade5a	votu_bfb15d0e744d6c521740	votu_867cd38945dceebcdf37	15
target_27892122be144f358cf6	target_da4a8173d9c6d59b55fa	votu_bfb15d0e744d6c521740	votu_e2c3a4443eb65c973a18	15
target_48a4c86bd3c79fb477f2	target_5240e4749fbc04ca55f6	votu_b3f0bf7b8e45a4ce96b5	votu_726e4a1df4ec5608cae3	15
target_48a4c86bd3c79fb477f2	target_56a06a8476b5ee6b6bfb	votu_b3f0bf7b8e45a4ce96b5	votu_64fc83f0fa9633296535	15
target_48a4c86bd3c79fb477f2	target_97280126edd3c64ef713	votu_b3f0bf7b8e45a4ce96b5	votu_7f3d3479c2f29fe608a1	15
target_7414847a2b55a0321b6e	target_f901b31855981c89945a	votu_d960a98e96871672e342	votu_747ff839e1be199627d6	15
target_8ddbe74512e89411c661	target_c06c455a617197250ea7	votu_395e17f2c611f050d47a	votu_4a405590d07572b7805d	15
target_462597c539bdedaa31af	target_97280126edd3c64ef713	votu_6ad4d76248e52804c616	votu_7f3d3479c2f29fe608a1	15
target_56a06a8476b5ee6b6bfb	target_ad5133d8c84de3d78e1b	votu_64fc83f0fa9633296535	votu_50820871fc98c6c6e90b	15
target_7414847a2b55a0321b6e	target_abe60cb0a2cda09fcc80	votu_d960a98e96871672e342	votu_ac3204ca7bfe89c9e593	15
target_688dc2464a51307ade5a	target_abe60cb0a2cda09fcc80	votu_867cd38945dceebcdf37	votu_ac3204ca7bfe89c9e593	15
target_5240e4749fbc04ca55f6	target_abe60cb0a2cda09fcc80	votu_726e4a1df4ec5608cae3	votu_ac3204ca7bfe89c9e593	15
target_4100a1827da125f947de	target_93d21c5c9d54d03cd0a9	votu_1906238b427667fc56c3	votu_b0ce7a1700373383573b	14
target_7ac8cc601fa571a7bab6	target_c280d27e45eef2f54470	votu_8722c4f3d47fe25e5a42	votu_2a290723c6707ad39abe	14
target_11ee9374153bfab61d19	target_48a4c86bd3c79fb477f2	votu_e8f042746fc9f15d73e7	votu_b3f0bf7b8e45a4ce96b5	14
target_1e764ef2e95876bcb16e	target_56a06a8476b5ee6b6bfb	votu_ae0d73349d2c5dfc3267	votu_64fc83f0fa9633296535	14
target_48a4c86bd3c79fb477f2	target_7414847a2b55a0321b6e	votu_b3f0bf7b8e45a4ce96b5	votu_d960a98e96871672e342	14
target_97280126edd3c64ef713	target_ba43454e309c58cafd71	votu_7f3d3479c2f29fe608a1	votu_1d0cc8660040198ad03e	14
target_4909c51b3da2abdf263d	target_ad5133d8c84de3d78e1b	votu_2238e7938d318af57ae0	votu_50820871fc98c6c6e90b	14
target_074376ecd8a7b278b1be	target_7414847a2b55a0321b6e	votu_c8eeecd08a78b3d4f7be	votu_d960a98e96871672e342	14
target_19c6d32cc0fdeb39f1d0	target_48a4c86bd3c79fb477f2	votu_b24c3e8871674dcde9c2	votu_b3f0bf7b8e45a4ce96b5	14
target_19c6d32cc0fdeb39f1d0	target_8ae2db335368dc0ac8c3	votu_b24c3e8871674dcde9c2	votu_9d0058178db3478db596	14
target_462597c539bdedaa31af	target_7414847a2b55a0321b6e	votu_6ad4d76248e52804c616	votu_d960a98e96871672e342	14
target_abe60cb0a2cda09fcc80	target_ad5133d8c84de3d78e1b	votu_ac3204ca7bfe89c9e593	votu_50820871fc98c6c6e90b	14
target_074376ecd8a7b278b1be	target_5240e4749fbc04ca55f6	votu_c8eeecd08a78b3d4f7be	votu_726e4a1df4ec5608cae3	14
target_9d2a51f753614a74bd54	target_b5dfb1059048f5d96f9d	votu_d5e8cf7142b7efa99219	votu_8dc86f1ad09d54a814f4	13
target_1e764ef2e95876bcb16e	target_8ae2db335368dc0ac8c3	votu_ae0d73349d2c5dfc3267	votu_9d0058178db3478db596	13
target_1e764ef2e95876bcb16e	target_7414847a2b55a0321b6e	votu_ae0d73349d2c5dfc3267	votu_d960a98e96871672e342	13
target_3335c7f737e31a1ccd61	target_7414847a2b55a0321b6e	votu_6f8b88b440c54b3d764d	votu_d960a98e96871672e342	13
target_48a4c86bd3c79fb477f2	target_4909c51b3da2abdf263d	votu_b3f0bf7b8e45a4ce96b5	votu_2238e7938d318af57ae0	13
target_48a4c86bd3c79fb477f2	target_561eac57adc31757e100	votu_b3f0bf7b8e45a4ce96b5	votu_0b2a4230351d0cdb4e3b	13
target_48a4c86bd3c79fb477f2	target_688dc2464a51307ade5a	votu_b3f0bf7b8e45a4ce96b5	votu_867cd38945dceebcdf37	13
target_4909c51b3da2abdf263d	target_8ae2db335368dc0ac8c3	votu_2238e7938d318af57ae0	votu_9d0058178db3478db596	13
target_56723cae150e5db7a642	target_8ddbe74512e89411c661	votu_3ca45bca0a7150a4f4a8	votu_395e17f2c611f050d47a	13
target_d32367e28ffd193b44b8	target_e9908ea86b42a024a8aa	votu_840f2d2cafec397b6e7d	votu_7d0e344433b111d628a3	13
target_d32367e28ffd193b44b8	target_f78b7b45e3fbe4a4c8a8	votu_840f2d2cafec397b6e7d	votu_08954fb545381d3120cd	13
target_e9908ea86b42a024a8aa	target_f78b7b45e3fbe4a4c8a8	votu_7d0e344433b111d628a3	votu_08954fb545381d3120cd	13
target_11ee9374153bfab61d19	target_abe60cb0a2cda09fcc80	votu_e8f042746fc9f15d73e7	votu_ac3204ca7bfe89c9e593	13
target_19c6d32cc0fdeb39f1d0	target_cef91333cb9b4dcdc6ef	votu_b24c3e8871674dcde9c2	votu_e498f9425d1a8c6de98d	13
target_462597c539bdedaa31af	target_688dc2464a51307ade5a	votu_6ad4d76248e52804c616	votu_867cd38945dceebcdf37	13
target_93c4c63287c28ed308ce	target_f5303c758a2944e02554	votu_f824b9f655f2de3299cf	votu_6f0504c1dc252e793896	13
target_b82c37fd98280808a663	target_dbc62d80228a34a43884	votu_ffa0f28f29f980c4e525	votu_bd46bd75363fc36155e5	13
target_3c648cf3553e64a56e27	target_8d3a3bfe8b12c81a6510	votu_ce5fbe00272c04f275dc	votu_e1b3266e7116ac1152ff	12
target_11ee9374153bfab61d19	target_ba43454e309c58cafd71	votu_e8f042746fc9f15d73e7	votu_1d0cc8660040198ad03e	12
target_1e764ef2e95876bcb16e	target_48a4c86bd3c79fb477f2	votu_ae0d73349d2c5dfc3267	votu_b3f0bf7b8e45a4ce96b5	12
target_1e764ef2e95876bcb16e	target_5240e4749fbc04ca55f6	votu_ae0d73349d2c5dfc3267	votu_726e4a1df4ec5608cae3	12
target_27892122be144f358cf6	target_48a4c86bd3c79fb477f2	votu_bfb15d0e744d6c521740	votu_b3f0bf7b8e45a4ce96b5	12
target_3335c7f737e31a1ccd61	target_5240e4749fbc04ca55f6	votu_6f8b88b440c54b3d764d	votu_726e4a1df4ec5608cae3	12
target_48a4c86bd3c79fb477f2	target_8709e79806e4e24060ff	votu_b3f0bf7b8e45a4ce96b5	votu_ac5a48c060300c1cf4ff	12
target_56a06a8476b5ee6b6bfb	target_8ae2db335368dc0ac8c3	votu_64fc83f0fa9633296535	votu_9d0058178db3478db596	12
target_c06c455a617197250ea7	target_d940e59d6747faa8f627	votu_4a405590d07572b7805d	votu_0423aa4bc50c4d4be42b	12
target_3a40e53e1707f7edb28e	target_4909c51b3da2abdf263d	votu_26cccb4aa0ae0a70cdef	votu_2238e7938d318af57ae0	12
target_6cc5a00449ff7d830732	target_d32367e28ffd193b44b8	votu_24c0b2e97fd5db2697f5	votu_840f2d2cafec397b6e7d	12
target_6cc5a00449ff7d830732	target_e9908ea86b42a024a8aa	votu_24c0b2e97fd5db2697f5	votu_7d0e344433b111d628a3	12
target_074376ecd8a7b278b1be	target_462597c539bdedaa31af	votu_c8eeecd08a78b3d4f7be	votu_6ad4d76248e52804c616	12
target_11ee9374153bfab61d19	target_462597c539bdedaa31af	votu_e8f042746fc9f15d73e7	votu_6ad4d76248e52804c616	12
target_3a40e53e1707f7edb28e	target_56a06a8476b5ee6b6bfb	votu_26cccb4aa0ae0a70cdef	votu_64fc83f0fa9633296535	12
target_8ae2db335368dc0ac8c3	target_abe60cb0a2cda09fcc80	votu_9d0058178db3478db596	votu_ac3204ca7bfe89c9e593	12
target_19c6d32cc0fdeb39f1d0	target_1e764ef2e95876bcb16e	votu_b24c3e8871674dcde9c2	votu_ae0d73349d2c5dfc3267	12
target_462597c539bdedaa31af	target_4909c51b3da2abdf263d	votu_6ad4d76248e52804c616	votu_2238e7938d318af57ae0	12
target_88327e74856a209380f2	target_b82c37fd98280808a663	votu_ce3b58d107a945050ace	votu_ffa0f28f29f980c4e525	12
target_a80939c2630e6c7061e3	target_b82c37fd98280808a663	votu_5afc2a5f3a6c352ef40e	votu_ffa0f28f29f980c4e525	12
target_a80939c2630e6c7061e3	target_dbc62d80228a34a43884	votu_5afc2a5f3a6c352ef40e	votu_bd46bd75363fc36155e5	12
target_a80939c2630e6c7061e3	target_fd7dab8f7853214b8f4c	votu_5afc2a5f3a6c352ef40e	votu_2ff5461a9e931a5fb1a1	12
target_b82c37fd98280808a663	target_d32367e28ffd193b44b8	votu_ffa0f28f29f980c4e525	votu_840f2d2cafec397b6e7d	12
target_d32367e28ffd193b44b8	target_dbc62d80228a34a43884	votu_840f2d2cafec397b6e7d	votu_bd46bd75363fc36155e5	12
target_dbc62d80228a34a43884	target_fd7dab8f7853214b8f4c	votu_bd46bd75363fc36155e5	votu_2ff5461a9e931a5fb1a1	12
target_11ee9374153bfab61d19	target_194c1f1411a288353067	votu_e8f042746fc9f15d73e7	votu_77cc63e92495c9a25d7b	12
target_9b761882d890890b1cdc	target_ace9da3b663f36a1ccf4	votu_22ae35350fc818d7b7a0	votu_1e45dae377e731ba88f2	11
target_703db91d8eef4db44d64	target_ada9444f8f46345065c1	votu_2560cb256703a5661bf3	votu_0cb63bbce56e4086459f	11
target_27892122be144f358cf6	target_3335c7f737e31a1ccd61	votu_bfb15d0e744d6c521740	votu_6f8b88b440c54b3d764d	11
target_48a4c86bd3c79fb477f2	target_da4a8173d9c6d59b55fa	votu_b3f0bf7b8e45a4ce96b5	votu_e2c3a4443eb65c973a18	11
target_7414847a2b55a0321b6e	target_ba43454e309c58cafd71	votu_d960a98e96871672e342	votu_1d0cc8660040198ad03e	11
target_56723cae150e5db7a642	target_d940e59d6747faa8f627	votu_3ca45bca0a7150a4f4a8	votu_0423aa4bc50c4d4be42b	11
target_cef91333cb9b4dcdc6ef	target_d940e59d6747faa8f627	votu_e498f9425d1a8c6de98d	votu_0423aa4bc50c4d4be42b	11
target_6cc5a00449ff7d830732	target_f78b7b45e3fbe4a4c8a8	votu_24c0b2e97fd5db2697f5	votu_08954fb545381d3120cd	11
target_3335c7f737e31a1ccd61	target_462597c539bdedaa31af	votu_6f8b88b440c54b3d764d	votu_6ad4d76248e52804c616	11
target_7414847a2b55a0321b6e	target_ad5133d8c84de3d78e1b	votu_d960a98e96871672e342	votu_50820871fc98c6c6e90b	11
target_074376ecd8a7b278b1be	target_27892122be144f358cf6	votu_c8eeecd08a78b3d4f7be	votu_bfb15d0e744d6c521740	11
target_4909c51b3da2abdf263d	target_abe60cb0a2cda09fcc80	votu_2238e7938d318af57ae0	votu_ac3204ca7bfe89c9e593	11
target_462597c539bdedaa31af	target_5240e4749fbc04ca55f6	votu_6ad4d76248e52804c616	votu_726e4a1df4ec5608cae3	11
target_88327e74856a209380f2	target_a80939c2630e6c7061e3	votu_ce3b58d107a945050ace	votu_5afc2a5f3a6c352ef40e	11
target_88327e74856a209380f2	target_d32367e28ffd193b44b8	votu_ce3b58d107a945050ace	votu_840f2d2cafec397b6e7d	11
target_88327e74856a209380f2	target_dbc62d80228a34a43884	votu_ce3b58d107a945050ace	votu_bd46bd75363fc36155e5	11
target_88327e74856a209380f2	target_fd7dab8f7853214b8f4c	votu_ce3b58d107a945050ace	votu_2ff5461a9e931a5fb1a1	11
target_a80939c2630e6c7061e3	target_d32367e28ffd193b44b8	votu_5afc2a5f3a6c352ef40e	votu_840f2d2cafec397b6e7d	11
target_b82c37fd98280808a663	target_fd7dab8f7853214b8f4c	votu_ffa0f28f29f980c4e525	votu_2ff5461a9e931a5fb1a1	11
target_d32367e28ffd193b44b8	target_fd7dab8f7853214b8f4c	votu_840f2d2cafec397b6e7d	votu_2ff5461a9e931a5fb1a1	11
target_6343a063df25b5eb4fab	target_81de827b3a81ebb7b4fc	votu_8f8c96516cdbb779e67b	votu_42e439aa0d582b77c031	11
target_1e764ef2e95876bcb16e	target_ba43454e309c58cafd71	votu_ae0d73349d2c5dfc3267	votu_1d0cc8660040198ad03e	10
target_3335c7f737e31a1ccd61	target_ba43454e309c58cafd71	votu_6f8b88b440c54b3d764d	votu_1d0cc8660040198ad03e	10
target_41fd9194b3de19ccd653	target_56a06a8476b5ee6b6bfb	votu_c9e82d333dcd51a2db26	votu_64fc83f0fa9633296535	10
target_41fd9194b3de19ccd653	target_97280126edd3c64ef713	votu_c9e82d333dcd51a2db26	votu_7f3d3479c2f29fe608a1	10
target_41fd9194b3de19ccd653	target_ba43454e309c58cafd71	votu_c9e82d333dcd51a2db26	votu_1d0cc8660040198ad03e	10
target_41fd9194b3de19ccd653	target_da4a8173d9c6d59b55fa	votu_c9e82d333dcd51a2db26	votu_e2c3a4443eb65c973a18	10
target_48a4c86bd3c79fb477f2	target_f901b31855981c89945a	votu_b3f0bf7b8e45a4ce96b5	votu_747ff839e1be199627d6	10
target_4909c51b3da2abdf263d	target_ba43454e309c58cafd71	votu_2238e7938d318af57ae0	votu_1d0cc8660040198ad03e	10
target_5240e4749fbc04ca55f6	target_ba43454e309c58cafd71	votu_726e4a1df4ec5608cae3	votu_1d0cc8660040198ad03e	10
target_561eac57adc31757e100	target_ba43454e309c58cafd71	votu_0b2a4230351d0cdb4e3b	votu_1d0cc8660040198ad03e	10
target_7414847a2b55a0321b6e	target_8ae2db335368dc0ac8c3	votu_d960a98e96871672e342	votu_9d0058178db3478db596	10
target_ba43454e309c58cafd71	target_da4a8173d9c6d59b55fa	votu_1d0cc8660040198ad03e	votu_e2c3a4443eb65c973a18	10
target_ba43454e309c58cafd71	target_f901b31855981c89945a	votu_1d0cc8660040198ad03e	votu_747ff839e1be199627d6	10
target_6cc5a00449ff7d830732	target_88327e74856a209380f2	votu_24c0b2e97fd5db2697f5	votu_ce3b58d107a945050ace	10
target_1b54ad4f45d6b6989a8e	target_56723cae150e5db7a642	votu_b00d0b8f02919d994070	votu_3ca45bca0a7150a4f4a8	10
target_8ddbe74512e89411c661	target_cef91333cb9b4dcdc6ef	votu_395e17f2c611f050d47a	votu_e498f9425d1a8c6de98d	10
target_19c6d32cc0fdeb39f1d0	target_1e6a40e578402d06562f	votu_b24c3e8871674dcde9c2	votu_856ee76b46f585237836	10
target_3a40e53e1707f7edb28e	target_462597c539bdedaa31af	votu_26cccb4aa0ae0a70cdef	votu_6ad4d76248e52804c616	10
target_3a40e53e1707f7edb28e	target_abe60cb0a2cda09fcc80	votu_26cccb4aa0ae0a70cdef	votu_ac3204ca7bfe89c9e593	10
target_462597c539bdedaa31af	target_48a4c86bd3c79fb477f2	votu_6ad4d76248e52804c616	votu_b3f0bf7b8e45a4ce96b5	10
target_462597c539bdedaa31af	target_ad5133d8c84de3d78e1b	votu_6ad4d76248e52804c616	votu_50820871fc98c6c6e90b	10
target_462597c539bdedaa31af	target_da4a8173d9c6d59b55fa	votu_6ad4d76248e52804c616	votu_e2c3a4443eb65c973a18	10
target_5240e4749fbc04ca55f6	target_ad5133d8c84de3d78e1b	votu_726e4a1df4ec5608cae3	votu_50820871fc98c6c6e90b	10
target_6cc5a00449ff7d830732	target_a80939c2630e6c7061e3	votu_24c0b2e97fd5db2697f5	votu_5afc2a5f3a6c352ef40e	10
target_6cc5a00449ff7d830732	target_dbc62d80228a34a43884	votu_24c0b2e97fd5db2697f5	votu_bd46bd75363fc36155e5	10
target_6cc5a00449ff7d830732	target_fd7dab8f7853214b8f4c	votu_24c0b2e97fd5db2697f5	votu_2ff5461a9e931a5fb1a1	10
target_a80939c2630e6c7061e3	target_e9908ea86b42a024a8aa	votu_5afc2a5f3a6c352ef40e	votu_7d0e344433b111d628a3	10
target_a80939c2630e6c7061e3	target_f78b7b45e3fbe4a4c8a8	votu_5afc2a5f3a6c352ef40e	votu_08954fb545381d3120cd	10
target_b82c37fd98280808a663	target_f78b7b45e3fbe4a4c8a8	votu_ffa0f28f29f980c4e525	votu_08954fb545381d3120cd	10
target_dbc62d80228a34a43884	target_e9908ea86b42a024a8aa	votu_bd46bd75363fc36155e5	votu_7d0e344433b111d628a3	10
target_dbc62d80228a34a43884	target_f78b7b45e3fbe4a4c8a8	votu_bd46bd75363fc36155e5	votu_08954fb545381d3120cd	10
target_e9908ea86b42a024a8aa	target_fd7dab8f7853214b8f4c	votu_7d0e344433b111d628a3	votu_2ff5461a9e931a5fb1a1	10
target_f78b7b45e3fbe4a4c8a8	target_fd7dab8f7853214b8f4c	votu_08954fb545381d3120cd	votu_2ff5461a9e931a5fb1a1	10
target_81de827b3a81ebb7b4fc	target_d85eb008ee7e18137297	votu_42e439aa0d582b77c031	votu_4477adb5b6de061a9b60	10
target_783e8452d87c461b9d26	target_fdb5c6c90e4747097aeb	votu_c16b468870d2eee98258	votu_2275ee3cfd7c87225e8f	9
target_2d91b118474faba80306	target_703db91d8eef4db44d64	votu_b4db8910315bb5b38ab8	votu_2560cb256703a5661bf3	9
target_6cc5a00449ff7d830732	target_9d05d6dfa96711b89105	votu_24c0b2e97fd5db2697f5	votu_2663e0b8daea50044c93	9
target_1e6a40e578402d06562f	target_56a06a8476b5ee6b6bfb	votu_856ee76b46f585237836	votu_64fc83f0fa9633296535	9
target_1e6a40e578402d06562f	target_da4a8173d9c6d59b55fa	votu_856ee76b46f585237836	votu_e2c3a4443eb65c973a18	9
target_27892122be144f358cf6	target_f901b31855981c89945a	votu_bfb15d0e744d6c521740	votu_747ff839e1be199627d6	9
target_41fd9194b3de19ccd653	target_561eac57adc31757e100	votu_c9e82d333dcd51a2db26	votu_0b2a4230351d0cdb4e3b	9
target_48a4c86bd3c79fb477f2	target_ba43454e309c58cafd71	votu_b3f0bf7b8e45a4ce96b5	votu_1d0cc8660040198ad03e	9
target_688dc2464a51307ade5a	target_ba43454e309c58cafd71	votu_867cd38945dceebcdf37	votu_1d0cc8660040198ad03e	9
target_1b54ad4f45d6b6989a8e	target_cef91333cb9b4dcdc6ef	votu_b00d0b8f02919d994070	votu_e498f9425d1a8c6de98d	9
target_074376ecd8a7b278b1be	target_48a4c86bd3c79fb477f2	votu_c8eeecd08a78b3d4f7be	votu_b3f0bf7b8e45a4ce96b5	9
target_3bfc2962f1c52c976c2c	target_97280126edd3c64ef713	votu_766dc0c72d3f9feda1fe	votu_7f3d3479c2f29fe608a1	9
target_462597c539bdedaa31af	target_8ae2db335368dc0ac8c3	votu_6ad4d76248e52804c616	votu_9d0058178db3478db596	9
target_ad5133d8c84de3d78e1b	target_ba43454e309c58cafd71	votu_50820871fc98c6c6e90b	votu_1d0cc8660040198ad03e	9
target_3bfc2962f1c52c976c2c	target_da4a8173d9c6d59b55fa	votu_766dc0c72d3f9feda1fe	votu_e2c3a4443eb65c973a18	9
target_1e764ef2e95876bcb16e	target_462597c539bdedaa31af	votu_ae0d73349d2c5dfc3267	votu_6ad4d76248e52804c616	9
target_6cc5a00449ff7d830732	target_b82c37fd98280808a663	votu_24c0b2e97fd5db2697f5	votu_ffa0f28f29f980c4e525	9
target_88327e74856a209380f2	target_e9908ea86b42a024a8aa	votu_ce3b58d107a945050ace	votu_7d0e344433b111d628a3	9
target_b82c37fd98280808a663	target_e9908ea86b42a024a8aa	votu_ffa0f28f29f980c4e525	votu_7d0e344433b111d628a3	9
target_3d4222849b81141791c8	target_81de827b3a81ebb7b4fc	votu_434245b271c69e7033e2	votu_42e439aa0d582b77c031	9
target_15a6c5762fd8ac7731c0	target_84f8dc6c4e5cfc08a414	votu_ee0d0a9bb5e5a1d6a786	votu_996cdf7d1e5ab962f65c	8
target_56723cae150e5db7a642	target_abe60cb0a2cda09fcc80	votu_3ca45bca0a7150a4f4a8	votu_ac3204ca7bfe89c9e593	8
target_11ee9374153bfab61d19	target_41fd9194b3de19ccd653	votu_e8f042746fc9f15d73e7	votu_c9e82d333dcd51a2db26	8
target_1e6a40e578402d06562f	target_48a4c86bd3c79fb477f2	votu_856ee76b46f585237836	votu_b3f0bf7b8e45a4ce96b5	8
target_1e6a40e578402d06562f	target_97280126edd3c64ef713	votu_856ee76b46f585237836	votu_7f3d3479c2f29fe608a1	8
target_1e6a40e578402d06562f	target_ba43454e309c58cafd71	votu_856ee76b46f585237836	votu_1d0cc8660040198ad03e	8
target_1e764ef2e95876bcb16e	target_41fd9194b3de19ccd653	votu_ae0d73349d2c5dfc3267	votu_c9e82d333dcd51a2db26	8
target_3335c7f737e31a1ccd61	target_48a4c86bd3c79fb477f2	votu_6f8b88b440c54b3d764d	votu_b3f0bf7b8e45a4ce96b5	8
target_41fd9194b3de19ccd653	target_4909c51b3da2abdf263d	votu_c9e82d333dcd51a2db26	votu_2238e7938d318af57ae0	8
target_41fd9194b3de19ccd653	target_f901b31855981c89945a	votu_c9e82d333dcd51a2db26	votu_747ff839e1be199627d6	8
target_5240e4749fbc04ca55f6	target_8ae2db335368dc0ac8c3	votu_726e4a1df4ec5608cae3	votu_9d0058178db3478db596	8
target_8709e79806e4e24060ff	target_ba43454e309c58cafd71	votu_ac5a48c060300c1cf4ff	votu_1d0cc8660040198ad03e	8
target_8ae2db335368dc0ac8c3	target_ba43454e309c58cafd71	votu_9d0058178db3478db596	votu_1d0cc8660040198ad03e	8
target_13227fd321887fb0fb39	target_1b54ad4f45d6b6989a8e	votu_46cdd03f6fb67c0662ee	votu_b00d0b8f02919d994070	8
target_19c6d32cc0fdeb39f1d0	target_41fd9194b3de19ccd653	votu_b24c3e8871674dcde9c2	votu_c9e82d333dcd51a2db26	8
target_3a40e53e1707f7edb28e	target_48a4c86bd3c79fb477f2	votu_26cccb4aa0ae0a70cdef	votu_b3f0bf7b8e45a4ce96b5	8
target_462597c539bdedaa31af	target_f901b31855981c89945a	votu_6ad4d76248e52804c616	votu_747ff839e1be199627d6	8
target_abe60cb0a2cda09fcc80	target_ada9444f8f46345065c1	votu_ac3204ca7bfe89c9e593	votu_0cb63bbce56e4086459f	8
target_462597c539bdedaa31af	target_cef91333cb9b4dcdc6ef	votu_6ad4d76248e52804c616	votu_e498f9425d1a8c6de98d	8
target_27892122be144f358cf6	target_ad5133d8c84de3d78e1b	votu_bfb15d0e744d6c521740	votu_50820871fc98c6c6e90b	8
target_abe60cb0a2cda09fcc80	target_cef91333cb9b4dcdc6ef	votu_ac3204ca7bfe89c9e593	votu_e498f9425d1a8c6de98d	8
target_88327e74856a209380f2	target_f78b7b45e3fbe4a4c8a8	votu_ce3b58d107a945050ace	votu_08954fb545381d3120cd	8
target_6cc5a00449ff7d830732	target_c49012765067d6986d01	votu_24c0b2e97fd5db2697f5	votu_86c22d70b1b2542728c0	7
target_9d05d6dfa96711b89105	target_c49012765067d6986d01	votu_2663e0b8daea50044c93	votu_86c22d70b1b2542728c0	7
target_11ee9374153bfab61d19	target_1e6a40e578402d06562f	votu_e8f042746fc9f15d73e7	votu_856ee76b46f585237836	7
target_1e6a40e578402d06562f	target_1e764ef2e95876bcb16e	votu_856ee76b46f585237836	votu_ae0d73349d2c5dfc3267	7
target_1e6a40e578402d06562f	target_561eac57adc31757e100	votu_856ee76b46f585237836	votu_0b2a4230351d0cdb4e3b	7
target_1e6a40e578402d06562f	target_f901b31855981c89945a	votu_856ee76b46f585237836	votu_747ff839e1be199627d6	7
target_27892122be144f358cf6	target_41fd9194b3de19ccd653	votu_bfb15d0e744d6c521740	votu_c9e82d333dcd51a2db26	7
target_41fd9194b3de19ccd653	target_48a4c86bd3c79fb477f2	votu_c9e82d333dcd51a2db26	votu_b3f0bf7b8e45a4ce96b5	7
target_13227fd321887fb0fb39	target_8ddbe74512e89411c661	votu_46cdd03f6fb67c0662ee	votu_395e17f2c611f050d47a	7
target_13227fd321887fb0fb39	target_d940e59d6747faa8f627	votu_46cdd03f6fb67c0662ee	votu_0423aa4bc50c4d4be42b	7
target_006b9e3394d67d979f91	target_85325c70793e619ea229	votu_28f87c099306411c6f55	votu_0297babf55283d516960	7
target_074376ecd8a7b278b1be	target_3bfc2962f1c52c976c2c	votu_c8eeecd08a78b3d4f7be	votu_766dc0c72d3f9feda1fe	7
target_11ee9374153bfab61d19	target_3bfc2962f1c52c976c2c	votu_e8f042746fc9f15d73e7	votu_766dc0c72d3f9feda1fe	7
target_3a40e53e1707f7edb28e	target_7414847a2b55a0321b6e	votu_26cccb4aa0ae0a70cdef	votu_d960a98e96871672e342	7
target_3a40e53e1707f7edb28e	target_ba43454e309c58cafd71	votu_26cccb4aa0ae0a70cdef	votu_1d0cc8660040198ad03e	7
target_3bfc2962f1c52c976c2c	target_f901b31855981c89945a	votu_766dc0c72d3f9feda1fe	votu_747ff839e1be199627d6	7
target_48a4c86bd3c79fb477f2	target_ad5133d8c84de3d78e1b	votu_b3f0bf7b8e45a4ce96b5	votu_50820871fc98c6c6e90b	7
target_3bfc2962f1c52c976c2c	target_561eac57adc31757e100	votu_766dc0c72d3f9feda1fe	votu_0b2a4230351d0cdb4e3b	7
target_3d4222849b81141791c8	target_6343a063df25b5eb4fab	votu_434245b271c69e7033e2	votu_8f8c96516cdbb779e67b	7
target_3a40e53e1707f7edb28e	target_5240e4749fbc04ca55f6	votu_26cccb4aa0ae0a70cdef	votu_726e4a1df4ec5608cae3	7
target_13227fd321887fb0fb39	target_19c6d32cc0fdeb39f1d0	votu_46cdd03f6fb67c0662ee	votu_b24c3e8871674dcde9c2	7
target_06db7715d3ac0778d753	target_71a487d26e9795efc398	votu_7594080340f1037f27ef	votu_b2da37aacc4366eec9c7	7
target_56723cae150e5db7a642	target_56a06a8476b5ee6b6bfb	votu_3ca45bca0a7150a4f4a8	votu_64fc83f0fa9633296535	7
target_56723cae150e5db7a642	target_ba43454e309c58cafd71	votu_3ca45bca0a7150a4f4a8	votu_1d0cc8660040198ad03e	7
target_71a487d26e9795efc398	target_bff8fab7a7e9cca967d2	votu_b2da37aacc4366eec9c7	votu_5d4e687513bc6f0c002a	7
target_45e2a0929b5d6d96f337	target_d85eb008ee7e18137297	votu_0cf0c80101517fa45146	votu_4477adb5b6de061a9b60	7
target_1e6a40e578402d06562f	target_27892122be144f358cf6	votu_856ee76b46f585237836	votu_bfb15d0e744d6c521740	6
target_1e6a40e578402d06562f	target_4909c51b3da2abdf263d	votu_856ee76b46f585237836	votu_2238e7938d318af57ae0	6
target_1e6a40e578402d06562f	target_688dc2464a51307ade5a	votu_856ee76b46f585237836	votu_867cd38945dceebcdf37	6
target_1e6a40e578402d06562f	target_8709e79806e4e24060ff	votu_856ee76b46f585237836	votu_ac5a48c060300c1cf4ff	6
target_41fd9194b3de19ccd653	target_8709e79806e4e24060ff	votu_c9e82d333dcd51a2db26	votu_ac5a48c060300c1cf4ff	6
target_48a4c86bd3c79fb477f2	target_8ae2db335368dc0ac8c3	votu_b3f0bf7b8e45a4ce96b5	votu_9d0058178db3478db596	6
target_06db7715d3ac0778d753	target_2d91b118474faba80306	votu_7594080340f1037f27ef	votu_b4db8910315bb5b38ab8	6
target_074376ecd8a7b278b1be	target_1e6a40e578402d06562f	votu_c8eeecd08a78b3d4f7be	votu_856ee76b46f585237836	6
target_074376ecd8a7b278b1be	target_41fd9194b3de19ccd653	votu_c8eeecd08a78b3d4f7be	votu_c9e82d333dcd51a2db26	6
target_074376ecd8a7b278b1be	target_ba43454e309c58cafd71	votu_c8eeecd08a78b3d4f7be	votu_1d0cc8660040198ad03e	6
target_3bfc2962f1c52c976c2c	target_48a4c86bd3c79fb477f2	votu_766dc0c72d3f9feda1fe	votu_b3f0bf7b8e45a4ce96b5	6
target_3bfc2962f1c52c976c2c	target_7414847a2b55a0321b6e	votu_766dc0c72d3f9feda1fe	votu_d960a98e96871672e342	6
target_48a4c86bd3c79fb477f2	target_abe60cb0a2cda09fcc80	votu_b3f0bf7b8e45a4ce96b5	votu_ac3204ca7bfe89c9e593	6
target_1e764ef2e95876bcb16e	target_3bfc2962f1c52c976c2c	votu_ae0d73349d2c5dfc3267	votu_766dc0c72d3f9feda1fe	6
target_27892122be144f358cf6	target_3a40e53e1707f7edb28e	votu_bfb15d0e744d6c521740	votu_26cccb4aa0ae0a70cdef	6
target_3bfc2962f1c52c976c2c	target_688dc2464a51307ade5a	votu_766dc0c72d3f9feda1fe	votu_867cd38945dceebcdf37	6
target_06db7715d3ac0778d753	target_12e1de9f8b0ae49db7ab	votu_7594080340f1037f27ef	votu_3e284b6e8d0da3be94ef	6
target_12e1de9f8b0ae49db7ab	target_2d91b118474faba80306	votu_3e284b6e8d0da3be94ef	votu_b4db8910315bb5b38ab8	6
target_12e1de9f8b0ae49db7ab	target_71a487d26e9795efc398	votu_3e284b6e8d0da3be94ef	votu_b2da37aacc4366eec9c7	6
target_0b2e7e940a112cf19f20	target_d6087c8a36e497cef144	votu_6c61f3ec6bdb7477e0b0	votu_4ae3b65dddd1d91a3bc7	6
target_19c6d32cc0fdeb39f1d0	target_56723cae150e5db7a642	votu_b24c3e8871674dcde9c2	votu_3ca45bca0a7150a4f4a8	6
target_3d4222849b81141791c8	target_d85eb008ee7e18137297	votu_434245b271c69e7033e2	votu_4477adb5b6de061a9b60	6
target_45e2a0929b5d6d96f337	target_81de827b3a81ebb7b4fc	votu_0cf0c80101517fa45146	votu_42e439aa0d582b77c031	6
target_0e9e7e29b5cc7532502f	target_2d91b118474faba80306	votu_7fc5eab94128f04fae9a	votu_b4db8910315bb5b38ab8	5
target_27892122be144f358cf6	target_8ae2db335368dc0ac8c3	votu_bfb15d0e744d6c521740	votu_9d0058178db3478db596	5
target_41fd9194b3de19ccd653	target_abe60cb0a2cda09fcc80	votu_c9e82d333dcd51a2db26	votu_ac3204ca7bfe89c9e593	5
target_3bfc2962f1c52c976c2c	target_4909c51b3da2abdf263d	votu_766dc0c72d3f9feda1fe	votu_2238e7938d318af57ae0	5
target_3bfc2962f1c52c976c2c	target_8709e79806e4e24060ff	votu_766dc0c72d3f9feda1fe	votu_ac5a48c060300c1cf4ff	5
target_1e764ef2e95876bcb16e	target_abe60cb0a2cda09fcc80	votu_ae0d73349d2c5dfc3267	votu_ac3204ca7bfe89c9e593	5
target_880011df40550eac9ad6	target_8d3a3bfe8b12c81a6510	votu_2402c5857ed5d3f7f63a	votu_e1b3266e7116ac1152ff	5
target_006b9e3394d67d979f91	target_bc49652cb1a5e7b733a6	votu_28f87c099306411c6f55	votu_e90d07081206d569e89f	5
target_3bfc2962f1c52c976c2c	target_5240e4749fbc04ca55f6	votu_766dc0c72d3f9feda1fe	votu_726e4a1df4ec5608cae3	5
target_6520264c3479e2ead7f1	target_aa810636fbb524ad86c1	votu_b8ea19bb33cbbb8e6521	votu_31acfd3a3dc2dea435a4	5
target_0ec1c1e056182b0cdd7d	target_5078e6adcfa29aad680b	votu_df62291fdf716f1abf4d	votu_56ce46f3cb2c0653b3ad	4
target_901f5366d7bbb73c9e1a	target_c827e23f2b9ed0b86d4b	votu_235a8ef24c94005aebcb	votu_8aeba5a3489f1cd92f20	4
target_0e9e7e29b5cc7532502f	target_56723cae150e5db7a642	votu_7fc5eab94128f04fae9a	votu_3ca45bca0a7150a4f4a8	4
target_13227fd321887fb0fb39	target_3bfc2962f1c52c976c2c	votu_46cdd03f6fb67c0662ee	votu_766dc0c72d3f9feda1fe	4
target_13227fd321887fb0fb39	target_703db91d8eef4db44d64	votu_46cdd03f6fb67c0662ee	votu_2560cb256703a5661bf3	4
target_13227fd321887fb0fb39	target_abe60cb0a2cda09fcc80	votu_46cdd03f6fb67c0662ee	votu_ac3204ca7bfe89c9e593	4
target_3bfc2962f1c52c976c2c	target_56723cae150e5db7a642	votu_766dc0c72d3f9feda1fe	votu_3ca45bca0a7150a4f4a8	4
target_56723cae150e5db7a642	target_703db91d8eef4db44d64	votu_3ca45bca0a7150a4f4a8	votu_2560cb256703a5661bf3	4
target_a4fd172000e5a8dc6982	target_f73c94c36acdaa66462f	votu_b70e5a5f6aa8e20f6868	votu_ea4db8b809a9c25ffb80	4
target_1e6a40e578402d06562f	target_abe60cb0a2cda09fcc80	votu_856ee76b46f585237836	votu_ac3204ca7bfe89c9e593	4
target_41fd9194b3de19ccd653	target_462597c539bdedaa31af	votu_c9e82d333dcd51a2db26	votu_6ad4d76248e52804c616	4
target_3bfc2962f1c52c976c2c	target_ada9444f8f46345065c1	votu_766dc0c72d3f9feda1fe	votu_0cb63bbce56e4086459f	4
target_1b54ad4f45d6b6989a8e	target_56a06a8476b5ee6b6bfb	votu_b00d0b8f02919d994070	votu_64fc83f0fa9633296535	4
target_462597c539bdedaa31af	target_8ddbe74512e89411c661	votu_6ad4d76248e52804c616	votu_395e17f2c611f050d47a	4
target_56a06a8476b5ee6b6bfb	target_8ddbe74512e89411c661	votu_64fc83f0fa9633296535	votu_395e17f2c611f050d47a	4
target_8ddbe74512e89411c661	target_ba43454e309c58cafd71	votu_395e17f2c611f050d47a	votu_1d0cc8660040198ad03e	4
target_56723cae150e5db7a642	target_6ad829dcf675ca413bc6	votu_3ca45bca0a7150a4f4a8	votu_a5ec087282a7316e3fd3	4
target_56a06a8476b5ee6b6bfb	target_cef91333cb9b4dcdc6ef	votu_64fc83f0fa9633296535	votu_e498f9425d1a8c6de98d	4
target_6ad829dcf675ca413bc6	target_cef91333cb9b4dcdc6ef	votu_a5ec087282a7316e3fd3	votu_e498f9425d1a8c6de98d	4
target_ba43454e309c58cafd71	target_cef91333cb9b4dcdc6ef	votu_1d0cc8660040198ad03e	votu_e498f9425d1a8c6de98d	4
target_06db7715d3ac0778d753	target_bff8fab7a7e9cca967d2	votu_7594080340f1037f27ef	votu_5d4e687513bc6f0c002a	4
target_12e1de9f8b0ae49db7ab	target_bff8fab7a7e9cca967d2	votu_3e284b6e8d0da3be94ef	votu_5d4e687513bc6f0c002a	4
target_2d91b118474faba80306	target_bff8fab7a7e9cca967d2	votu_b4db8910315bb5b38ab8	votu_5d4e687513bc6f0c002a	4
target_157c8a13a0b4217bc98d	target_3d4222849b81141791c8	votu_37e04e93d09a9f0a1164	votu_434245b271c69e7033e2	4
target_157c8a13a0b4217bc98d	target_81de827b3a81ebb7b4fc	votu_37e04e93d09a9f0a1164	votu_42e439aa0d582b77c031	4
target_157c8a13a0b4217bc98d	target_d85eb008ee7e18137297	votu_37e04e93d09a9f0a1164	votu_4477adb5b6de061a9b60	4
target_7d6aeb0faf4201984f6c	target_d940e59d6747faa8f627	votu_460353d4d5133754bc17	votu_0423aa4bc50c4d4be42b	4
target_0ec1c1e056182b0cdd7d	target_edcd94bb95be7f26f968	votu_df62291fdf716f1abf4d	votu_bee9adade5d319b07145	3
target_95646b2a7ed43af060e8	target_9b761882d890890b1cdc	votu_ed5bd4f85b7d6f3625df	votu_22ae35350fc818d7b7a0	3
target_8e495eed18c8ba15655d	target_b54476d7c83748be844a	votu_d25109bb45fe46ce82eb	votu_164d2b3ba4e384e08a73	3
target_0e9e7e29b5cc7532502f	target_13227fd321887fb0fb39	votu_7fc5eab94128f04fae9a	votu_46cdd03f6fb67c0662ee	3
target_6cc5a00449ff7d830732	target_880011df40550eac9ad6	votu_24c0b2e97fd5db2697f5	votu_2402c5857ed5d3f7f63a	3
target_880011df40550eac9ad6	target_9d05d6dfa96711b89105	votu_2402c5857ed5d3f7f63a	votu_2663e0b8daea50044c93	3
target_880011df40550eac9ad6	target_c49012765067d6986d01	votu_2402c5857ed5d3f7f63a	votu_86c22d70b1b2542728c0	3
target_06db7715d3ac0778d753	target_0e9e7e29b5cc7532502f	votu_7594080340f1037f27ef	votu_7fc5eab94128f04fae9a	3
target_885f24cf3ca1c326bfe1	target_efc02c32a475ddb796b1	votu_05f4050ef5b53c980d93	votu_ecc65434bd88927d108e	3
target_6ad829dcf675ca413bc6	target_ada9444f8f46345065c1	votu_a5ec087282a7316e3fd3	votu_0cb63bbce56e4086459f	3
target_1e6a40e578402d06562f	target_462597c539bdedaa31af	votu_856ee76b46f585237836	votu_6ad4d76248e52804c616	3
target_3d4222849b81141791c8	target_880011df40550eac9ad6	votu_434245b271c69e7033e2	votu_2402c5857ed5d3f7f63a	3
target_ada9444f8f46345065c1	target_ba43454e309c58cafd71	votu_0cb63bbce56e4086459f	votu_1d0cc8660040198ad03e	3
target_157c8a13a0b4217bc98d	target_880011df40550eac9ad6	votu_37e04e93d09a9f0a1164	votu_2402c5857ed5d3f7f63a	3
target_157c8a13a0b4217bc98d	target_8d3a3bfe8b12c81a6510	votu_37e04e93d09a9f0a1164	votu_e1b3266e7116ac1152ff	3
target_157c8a13a0b4217bc98d	target_6343a063df25b5eb4fab	votu_37e04e93d09a9f0a1164	votu_8f8c96516cdbb779e67b	3
target_462597c539bdedaa31af	target_ada9444f8f46345065c1	votu_6ad4d76248e52804c616	votu_0cb63bbce56e4086459f	3
target_1b54ad4f45d6b6989a8e	target_3a7c9e5ce935d54b727d	votu_b00d0b8f02919d994070	votu_a9e3d26d083058054302	3
target_1b54ad4f45d6b6989a8e	target_41fd9194b3de19ccd653	votu_b00d0b8f02919d994070	votu_c9e82d333dcd51a2db26	3
target_3a7c9e5ce935d54b727d	target_55f37da52b23a396e386	votu_a9e3d26d083058054302	votu_783cbdb8d00299aaa26b	3
target_3a7c9e5ce935d54b727d	target_c06c455a617197250ea7	votu_a9e3d26d083058054302	votu_4a405590d07572b7805d	3
target_3a7c9e5ce935d54b727d	target_f22d0e27739242dee3fb	votu_a9e3d26d083058054302	votu_c52b0babc29c1847afe2	3
target_41fd9194b3de19ccd653	target_55f37da52b23a396e386	votu_c9e82d333dcd51a2db26	votu_783cbdb8d00299aaa26b	3
target_41fd9194b3de19ccd653	target_c06c455a617197250ea7	votu_c9e82d333dcd51a2db26	votu_4a405590d07572b7805d	3
target_41fd9194b3de19ccd653	target_f22d0e27739242dee3fb	votu_c9e82d333dcd51a2db26	votu_c52b0babc29c1847afe2	3
target_55f37da52b23a396e386	target_c06c455a617197250ea7	votu_783cbdb8d00299aaa26b	votu_4a405590d07572b7805d	3
target_c06c455a617197250ea7	target_f22d0e27739242dee3fb	votu_4a405590d07572b7805d	votu_c52b0babc29c1847afe2	3
target_1b54ad4f45d6b6989a8e	target_27892122be144f358cf6	votu_b00d0b8f02919d994070	votu_bfb15d0e744d6c521740	3
target_1b54ad4f45d6b6989a8e	target_3bfc2962f1c52c976c2c	votu_b00d0b8f02919d994070	votu_766dc0c72d3f9feda1fe	3
target_1b54ad4f45d6b6989a8e	target_6ad829dcf675ca413bc6	votu_b00d0b8f02919d994070	votu_a5ec087282a7316e3fd3	3
target_1b54ad4f45d6b6989a8e	target_703db91d8eef4db44d64	votu_b00d0b8f02919d994070	votu_2560cb256703a5661bf3	3
target_1b54ad4f45d6b6989a8e	target_ba43454e309c58cafd71	votu_b00d0b8f02919d994070	votu_1d0cc8660040198ad03e	3
target_19c6d32cc0fdeb39f1d0	target_8ddbe74512e89411c661	votu_b24c3e8871674dcde9c2	votu_395e17f2c611f050d47a	3
target_19c6d32cc0fdeb39f1d0	target_d940e59d6747faa8f627	votu_b24c3e8871674dcde9c2	votu_0423aa4bc50c4d4be42b	3
target_27892122be144f358cf6	target_8ddbe74512e89411c661	votu_bfb15d0e744d6c521740	votu_395e17f2c611f050d47a	3
target_27892122be144f358cf6	target_d940e59d6747faa8f627	votu_bfb15d0e744d6c521740	votu_0423aa4bc50c4d4be42b	3
target_3bfc2962f1c52c976c2c	target_8ddbe74512e89411c661	votu_766dc0c72d3f9feda1fe	votu_395e17f2c611f050d47a	3
target_3bfc2962f1c52c976c2c	target_d940e59d6747faa8f627	votu_766dc0c72d3f9feda1fe	votu_0423aa4bc50c4d4be42b	3
target_462597c539bdedaa31af	target_d940e59d6747faa8f627	votu_6ad4d76248e52804c616	votu_0423aa4bc50c4d4be42b	3
target_56a06a8476b5ee6b6bfb	target_d940e59d6747faa8f627	votu_64fc83f0fa9633296535	votu_0423aa4bc50c4d4be42b	3
target_6ad829dcf675ca413bc6	target_8ddbe74512e89411c661	votu_a5ec087282a7316e3fd3	votu_395e17f2c611f050d47a	3
target_6ad829dcf675ca413bc6	target_d940e59d6747faa8f627	votu_a5ec087282a7316e3fd3	votu_0423aa4bc50c4d4be42b	3
target_ba43454e309c58cafd71	target_d940e59d6747faa8f627	votu_1d0cc8660040198ad03e	votu_0423aa4bc50c4d4be42b	3
target_13227fd321887fb0fb39	target_56a06a8476b5ee6b6bfb	votu_46cdd03f6fb67c0662ee	votu_64fc83f0fa9633296535	3
target_13227fd321887fb0fb39	target_6ad829dcf675ca413bc6	votu_46cdd03f6fb67c0662ee	votu_a5ec087282a7316e3fd3	3
target_13227fd321887fb0fb39	target_ba43454e309c58cafd71	votu_46cdd03f6fb67c0662ee	votu_1d0cc8660040198ad03e	3
target_3bfc2962f1c52c976c2c	target_cef91333cb9b4dcdc6ef	votu_766dc0c72d3f9feda1fe	votu_e498f9425d1a8c6de98d	3
target_703db91d8eef4db44d64	target_cef91333cb9b4dcdc6ef	votu_2560cb256703a5661bf3	votu_e498f9425d1a8c6de98d	3
target_3f3d80b10ce25943cbe2	target_9b9e591ad1dbdb181469	votu_0809d8af0d5c1fd9d302	votu_6aa49d046d45c0de207e	3
target_71a487d26e9795efc398	target_c974eccd7d6727055ba8	votu_b2da37aacc4366eec9c7	votu_5396e2dc596bd53f9bf0	3
target_7a252c273ae5ad4d61cf	target_9b761882d890890b1cdc	votu_884b42a82cb5d080fd92	votu_22ae35350fc818d7b7a0	2
target_2d91b118474faba80306	target_56a06a8476b5ee6b6bfb	votu_b4db8910315bb5b38ab8	votu_64fc83f0fa9633296535	2
target_6cc5a00449ff7d830732	target_d4537a631d51f3f28bf8	votu_24c0b2e97fd5db2697f5	votu_705d05d4e852c1a4039a	2
target_9d05d6dfa96711b89105	target_d4537a631d51f3f28bf8	votu_2663e0b8daea50044c93	votu_705d05d4e852c1a4039a	2
target_c49012765067d6986d01	target_d4537a631d51f3f28bf8	votu_86c22d70b1b2542728c0	votu_705d05d4e852c1a4039a	2
target_bc49652cb1a5e7b733a6	target_d4537a631d51f3f28bf8	votu_e90d07081206d569e89f	votu_705d05d4e852c1a4039a	2
target_0e9e7e29b5cc7532502f	target_ada9444f8f46345065c1	votu_7fc5eab94128f04fae9a	votu_0cb63bbce56e4086459f	2
target_462597c539bdedaa31af	target_ac9e9feff60fc5c3251d	votu_6ad4d76248e52804c616	votu_7bdb4a4be0d3ac8f3ed1	2
target_5078e6adcfa29aad680b	target_edcd94bb95be7f26f968	votu_56ce46f3cb2c0653b3ad	votu_bee9adade5d319b07145	2
target_3d4222849b81141791c8	target_e63c46e03bfc2bbf2baf	votu_434245b271c69e7033e2	votu_39ea6dcb138a1aa92197	2
target_6343a063df25b5eb4fab	target_e63c46e03bfc2bbf2baf	votu_8f8c96516cdbb779e67b	votu_39ea6dcb138a1aa92197	2
target_3d4222849b81141791c8	target_8d3a3bfe8b12c81a6510	votu_434245b271c69e7033e2	votu_e1b3266e7116ac1152ff	2
target_06db7715d3ac0778d753	target_56a06a8476b5ee6b6bfb	votu_7594080340f1037f27ef	votu_64fc83f0fa9633296535	2
target_06db7715d3ac0778d753	target_da4a8173d9c6d59b55fa	votu_7594080340f1037f27ef	votu_e2c3a4443eb65c973a18	2
target_06db7715d3ac0778d753	target_f901b31855981c89945a	votu_7594080340f1037f27ef	votu_747ff839e1be199627d6	2
target_0e9e7e29b5cc7532502f	target_da4a8173d9c6d59b55fa	votu_7fc5eab94128f04fae9a	votu_e2c3a4443eb65c973a18	2
target_bc2e234541b3cb30f307	target_c7575e83f14d343a625e	votu_81850450a07dd26e4b87	votu_9293f106a5b400a1c040	2
target_6343a063df25b5eb4fab	target_880011df40550eac9ad6	votu_8f8c96516cdbb779e67b	votu_2402c5857ed5d3f7f63a	2
target_6343a063df25b5eb4fab	target_8d3a3bfe8b12c81a6510	votu_8f8c96516cdbb779e67b	votu_e1b3266e7116ac1152ff	2
target_157c8a13a0b4217bc98d	target_94c116ae65b6f7b5973e	votu_37e04e93d09a9f0a1164	votu_74797d9adaf8e2d62a7e	2
target_6343a063df25b5eb4fab	target_94c116ae65b6f7b5973e	votu_8f8c96516cdbb779e67b	votu_74797d9adaf8e2d62a7e	2
target_1be638c1eeecfe5e6023	target_880011df40550eac9ad6	votu_5e307eef704ecd6e3b15	votu_2402c5857ed5d3f7f63a	2
target_8ddbe74512e89411c661	target_abe60cb0a2cda09fcc80	votu_395e17f2c611f050d47a	votu_ac3204ca7bfe89c9e593	2
target_0e9e7e29b5cc7532502f	target_1b54ad4f45d6b6989a8e	votu_7fc5eab94128f04fae9a	votu_b00d0b8f02919d994070	2
target_0e9e7e29b5cc7532502f	target_8ddbe74512e89411c661	votu_7fc5eab94128f04fae9a	votu_395e17f2c611f050d47a	2
target_0e9e7e29b5cc7532502f	target_d940e59d6747faa8f627	votu_7fc5eab94128f04fae9a	votu_0423aa4bc50c4d4be42b	2
target_19c6d32cc0fdeb39f1d0	target_1b54ad4f45d6b6989a8e	votu_b24c3e8871674dcde9c2	votu_b00d0b8f02919d994070	2
target_1b54ad4f45d6b6989a8e	target_462597c539bdedaa31af	votu_b00d0b8f02919d994070	votu_6ad4d76248e52804c616	2
target_703db91d8eef4db44d64	target_8ddbe74512e89411c661	votu_2560cb256703a5661bf3	votu_395e17f2c611f050d47a	2
target_703db91d8eef4db44d64	target_d940e59d6747faa8f627	votu_2560cb256703a5661bf3	votu_0423aa4bc50c4d4be42b	2
target_0e9e7e29b5cc7532502f	target_cef91333cb9b4dcdc6ef	votu_7fc5eab94128f04fae9a	votu_e498f9425d1a8c6de98d	2
target_046b1c6d1f1f1e3517ad	target_adabb5403bee053d1511	votu_ede1be9c18da9e204b83	votu_0265981852b1a695c65a	2
target_2873a22018a66f021eb1	target_b77b27de01680deb390b	votu_b80b106781513223fee4	votu_9885377d89cd86b6d60f	2
target_b7971e14c22765054614	target_cef91333cb9b4dcdc6ef	votu_4e13d6b5f96e87ae0771	votu_e498f9425d1a8c6de98d	2
target_6343a063df25b5eb4fab	target_7b483a396f1b6a0f168b	votu_8f8c96516cdbb779e67b	votu_affad52fcaa565127c0c	2
target_6343a063df25b5eb4fab	target_95094a699e7bf8a5fe4e	votu_8f8c96516cdbb779e67b	votu_c7f4b3f3ed44fc3f9488	2
target_7b483a396f1b6a0f168b	target_95094a699e7bf8a5fe4e	votu_affad52fcaa565127c0c	votu_c7f4b3f3ed44fc3f9488	2
target_45e2a0929b5d6d96f337	target_94c116ae65b6f7b5973e	votu_0cf0c80101517fa45146	votu_74797d9adaf8e2d62a7e	2
target_94c116ae65b6f7b5973e	target_d85eb008ee7e18137297	votu_74797d9adaf8e2d62a7e	votu_4477adb5b6de061a9b60	2
target_1cd050f61796646efeb2	target_6db47176b846ca2f0668	votu_509302d1801f4dab5adc	votu_43df1b830733a03005cb	2
target_1cd050f61796646efeb2	target_c7575e83f14d343a625e	votu_509302d1801f4dab5adc	votu_9293f106a5b400a1c040	2
target_6db47176b846ca2f0668	target_c7575e83f14d343a625e	votu_43df1b830733a03005cb	votu_9293f106a5b400a1c040	2
target_45e2a0929b5d6d96f337	target_6343a063df25b5eb4fab	votu_0cf0c80101517fa45146	votu_8f8c96516cdbb779e67b	2
target_3df12947778aa5dd94fa	target_edcd94bb95be7f26f968	votu_8e06fa5b7f19cc06ca82	votu_bee9adade5d319b07145	1
target_59cd2d3bcaefc09cba5f	target_a941537154754690b158	votu_6849f84635df4fb447c7	votu_e76e5dbdac94e570f1f2	1
target_59cd2d3bcaefc09cba5f	target_be5ab5a93495c1512c24	votu_6849f84635df4fb447c7	votu_50b4033f5976e2f0e8f0	1
target_0213b9b2a6a4abd1c02d	target_9a5c1f2ef61ebf4ccba2	votu_63a52be0968102f27b0e	votu_b97bf3055e9df8b8a781	1
target_54742bacea35da4ecd82	target_c20bac99592e3b3a3924	votu_120357a3ad25ba026d12	votu_02d0c5ebc48a57874e6c	1
target_7c72656acfd9b2a9e676	target_c20bac99592e3b3a3924	votu_2451be49a28049405b8a	votu_02d0c5ebc48a57874e6c	1
target_2d0833cff9f02ecea293	target_b60f7de137363309858a	votu_d0697457c35d99d3ee5c	votu_f38bd1ce9594ca6426d4	1
target_8d3a3bfe8b12c81a6510	target_bc2e234541b3cb30f307	votu_e1b3266e7116ac1152ff	votu_81850450a07dd26e4b87	1
target_88327e74856a209380f2	target_9d05d6dfa96711b89105	votu_ce3b58d107a945050ace	votu_2663e0b8daea50044c93	1
target_88327e74856a209380f2	target_c49012765067d6986d01	votu_ce3b58d107a945050ace	votu_86c22d70b1b2542728c0	1
target_88327e74856a209380f2	target_d4537a631d51f3f28bf8	votu_ce3b58d107a945050ace	votu_705d05d4e852c1a4039a	1
target_897af96f1293f25636d4	target_f83b4db3b7de5c02839a	votu_79ec3ea37e10c283d142	votu_35014d4c54b88d2ab34e	1
target_6cc5a00449ff7d830732	target_7493e90715d3d21c8926	votu_24c0b2e97fd5db2697f5	votu_3ef8f4835e47a45f969c	1
target_7493e90715d3d21c8926	target_880011df40550eac9ad6	votu_3ef8f4835e47a45f969c	votu_2402c5857ed5d3f7f63a	1
target_7493e90715d3d21c8926	target_9d05d6dfa96711b89105	votu_3ef8f4835e47a45f969c	votu_2663e0b8daea50044c93	1
target_7493e90715d3d21c8926	target_c49012765067d6986d01	votu_3ef8f4835e47a45f969c	votu_86c22d70b1b2542728c0	1
target_7493e90715d3d21c8926	target_d32367e28ffd193b44b8	votu_3ef8f4835e47a45f969c	votu_840f2d2cafec397b6e7d	1
target_7493e90715d3d21c8926	target_e9908ea86b42a024a8aa	votu_3ef8f4835e47a45f969c	votu_7d0e344433b111d628a3	1
target_7493e90715d3d21c8926	target_f78b7b45e3fbe4a4c8a8	votu_3ef8f4835e47a45f969c	votu_08954fb545381d3120cd	1
target_880011df40550eac9ad6	target_d32367e28ffd193b44b8	votu_2402c5857ed5d3f7f63a	votu_840f2d2cafec397b6e7d	1
target_880011df40550eac9ad6	target_e9908ea86b42a024a8aa	votu_2402c5857ed5d3f7f63a	votu_7d0e344433b111d628a3	1
target_880011df40550eac9ad6	target_f78b7b45e3fbe4a4c8a8	votu_2402c5857ed5d3f7f63a	votu_08954fb545381d3120cd	1
target_9d05d6dfa96711b89105	target_d32367e28ffd193b44b8	votu_2663e0b8daea50044c93	votu_840f2d2cafec397b6e7d	1
target_9d05d6dfa96711b89105	target_e9908ea86b42a024a8aa	votu_2663e0b8daea50044c93	votu_7d0e344433b111d628a3	1
target_9d05d6dfa96711b89105	target_f78b7b45e3fbe4a4c8a8	votu_2663e0b8daea50044c93	votu_08954fb545381d3120cd	1
target_c49012765067d6986d01	target_d32367e28ffd193b44b8	votu_86c22d70b1b2542728c0	votu_840f2d2cafec397b6e7d	1
target_c49012765067d6986d01	target_e9908ea86b42a024a8aa	votu_86c22d70b1b2542728c0	votu_7d0e344433b111d628a3	1
target_c49012765067d6986d01	target_f78b7b45e3fbe4a4c8a8	votu_86c22d70b1b2542728c0	votu_08954fb545381d3120cd	1
target_4c3abc55e95806f894fb	target_6612cac8c32bf419cf5b	votu_f2e35c4bd772b7de894b	votu_5d39172b23b8757a748b	1
target_4c3abc55e95806f894fb	target_93cd0b485ab155d41fdf	votu_f2e35c4bd772b7de894b	votu_110ea43980dd71e37911	1
target_8d3a3bfe8b12c81a6510	target_d85eb008ee7e18137297	votu_e1b3266e7116ac1152ff	votu_4477adb5b6de061a9b60	1
target_45747f78be653c9ca557	target_bc49652cb1a5e7b733a6	votu_8620a57e3ce02ee9b5ad	votu_e90d07081206d569e89f	1
target_45747f78be653c9ca557	target_d4537a631d51f3f28bf8	votu_8620a57e3ce02ee9b5ad	votu_705d05d4e852c1a4039a	1
target_703db91d8eef4db44d64	target_97280126edd3c64ef713	votu_2560cb256703a5661bf3	votu_7f3d3479c2f29fe608a1	1
target_703db91d8eef4db44d64	target_da4a8173d9c6d59b55fa	votu_2560cb256703a5661bf3	votu_e2c3a4443eb65c973a18	1
target_703db91d8eef4db44d64	target_f901b31855981c89945a	votu_2560cb256703a5661bf3	votu_747ff839e1be199627d6	1
target_3c648cf3553e64a56e27	target_3d4222849b81141791c8	votu_ce5fbe00272c04f275dc	votu_434245b271c69e7033e2	1
target_3c648cf3553e64a56e27	target_880011df40550eac9ad6	votu_ce5fbe00272c04f275dc	votu_2402c5857ed5d3f7f63a	1
target_6cc5a00449ff7d830732	target_af25ab10a8472fcbea57	votu_24c0b2e97fd5db2697f5	votu_70a3dfc3d79b16e7af79	1
target_006b9e3394d67d979f91	target_2b18f8b92e4284a6cc80	votu_28f87c099306411c6f55	votu_9d123955aa035ce55026	1
target_2b18f8b92e4284a6cc80	target_85325c70793e619ea229	votu_9d123955aa035ce55026	votu_0297babf55283d516960	1
target_2b18f8b92e4284a6cc80	target_bc49652cb1a5e7b733a6	votu_9d123955aa035ce55026	votu_e90d07081206d569e89f	1
target_06db7715d3ac0778d753	target_97280126edd3c64ef713	votu_7594080340f1037f27ef	votu_7f3d3479c2f29fe608a1	1
target_0e9e7e29b5cc7532502f	target_97280126edd3c64ef713	votu_7fc5eab94128f04fae9a	votu_7f3d3479c2f29fe608a1	1
target_0e9e7e29b5cc7532502f	target_f901b31855981c89945a	votu_7fc5eab94128f04fae9a	votu_747ff839e1be199627d6	1
target_3d4222849b81141791c8	target_6cc5a00449ff7d830732	votu_434245b271c69e7033e2	votu_24c0b2e97fd5db2697f5	1
target_3d4222849b81141791c8	target_9d05d6dfa96711b89105	votu_434245b271c69e7033e2	votu_2663e0b8daea50044c93	1
target_3d4222849b81141791c8	target_c49012765067d6986d01	votu_434245b271c69e7033e2	votu_86c22d70b1b2542728c0	1
target_880011df40550eac9ad6	target_94c116ae65b6f7b5973e	votu_2402c5857ed5d3f7f63a	votu_74797d9adaf8e2d62a7e	1
target_8d3a3bfe8b12c81a6510	target_94c116ae65b6f7b5973e	votu_e1b3266e7116ac1152ff	votu_74797d9adaf8e2d62a7e	1
target_88b639f4138e1755f5aa	target_d4ef957b5d90e839c7bf	votu_b063995468c7f43e07ff	votu_23410b77a727e82568a7	1
target_32f498c770721a34ccd4	target_ad4680e022b606611023	votu_981f32eac11f8ab04039	votu_c56c34f3ca3dd9154c44	1
target_6520264c3479e2ead7f1	target_797ebfaf19c291883f0a	votu_b8ea19bb33cbbb8e6521	votu_999cb5bd1d7ba7dac5d3	1
target_1b54ad4f45d6b6989a8e	target_abe60cb0a2cda09fcc80	votu_b00d0b8f02919d994070	votu_ac3204ca7bfe89c9e593	1
target_abe60cb0a2cda09fcc80	target_d940e59d6747faa8f627	votu_ac3204ca7bfe89c9e593	votu_0423aa4bc50c4d4be42b	1
target_3a40e53e1707f7edb28e	target_71a487d26e9795efc398	votu_26cccb4aa0ae0a70cdef	votu_b2da37aacc4366eec9c7	1
target_06db7715d3ac0778d753	target_1b54ad4f45d6b6989a8e	votu_7594080340f1037f27ef	votu_b00d0b8f02919d994070	1
target_06db7715d3ac0778d753	target_561eac57adc31757e100	votu_7594080340f1037f27ef	votu_0b2a4230351d0cdb4e3b	1
target_06db7715d3ac0778d753	target_688dc2464a51307ade5a	votu_7594080340f1037f27ef	votu_867cd38945dceebcdf37	1
target_1b54ad4f45d6b6989a8e	target_561eac57adc31757e100	votu_b00d0b8f02919d994070	votu_0b2a4230351d0cdb4e3b	1
target_1b54ad4f45d6b6989a8e	target_688dc2464a51307ade5a	votu_b00d0b8f02919d994070	votu_867cd38945dceebcdf37	1
target_1b54ad4f45d6b6989a8e	target_f901b31855981c89945a	votu_b00d0b8f02919d994070	votu_747ff839e1be199627d6	1
target_06db7715d3ac0778d753	target_27892122be144f358cf6	votu_7594080340f1037f27ef	votu_bfb15d0e744d6c521740	1
target_06db7715d3ac0778d753	target_3bfc2962f1c52c976c2c	votu_7594080340f1037f27ef	votu_766dc0c72d3f9feda1fe	1
target_06db7715d3ac0778d753	target_abe60cb0a2cda09fcc80	votu_7594080340f1037f27ef	votu_ac3204ca7bfe89c9e593	1
target_19c6d32cc0fdeb39f1d0	target_2b242d1227ecd6702a15	votu_b24c3e8871674dcde9c2	votu_a63e23612d3072c61428	1
target_19c6d32cc0fdeb39f1d0	target_4dc23807011644aab1a5	votu_b24c3e8871674dcde9c2	votu_f9bb7b4c17ed74fd6502	1
target_19c6d32cc0fdeb39f1d0	target_70ebece1c46ad8f2bfd7	votu_b24c3e8871674dcde9c2	votu_bbd91134c5908c036efe	1
target_19c6d32cc0fdeb39f1d0	target_e458e13bde92965c2189	votu_b24c3e8871674dcde9c2	votu_b4c449707b5dbc5bed83	1
target_1e6a40e578402d06562f	target_4dc23807011644aab1a5	votu_856ee76b46f585237836	votu_f9bb7b4c17ed74fd6502	1
target_1e6a40e578402d06562f	target_70ebece1c46ad8f2bfd7	votu_856ee76b46f585237836	votu_bbd91134c5908c036efe	1
target_1e6a40e578402d06562f	target_e458e13bde92965c2189	votu_856ee76b46f585237836	votu_b4c449707b5dbc5bed83	1
target_2b242d1227ecd6702a15	target_4dc23807011644aab1a5	votu_a63e23612d3072c61428	votu_f9bb7b4c17ed74fd6502	1
target_2b242d1227ecd6702a15	target_70ebece1c46ad8f2bfd7	votu_a63e23612d3072c61428	votu_bbd91134c5908c036efe	1
target_2b242d1227ecd6702a15	target_e458e13bde92965c2189	votu_a63e23612d3072c61428	votu_b4c449707b5dbc5bed83	1
target_1e6a40e578402d06562f	target_edff45937232da020a70	votu_856ee76b46f585237836	votu_95bbad5c7990e546c032	1
target_2b242d1227ecd6702a15	target_edff45937232da020a70	votu_a63e23612d3072c61428	votu_95bbad5c7990e546c032	1
target_41fd9194b3de19ccd653	target_edff45937232da020a70	votu_c9e82d333dcd51a2db26	votu_95bbad5c7990e546c032	1
target_6268b0a42db9524130c8	target_edff45937232da020a70	votu_6a9b2226f1673da2b75f	votu_95bbad5c7990e546c032	1
target_2b122efe48f71731d1ac	target_e646c76afd25a232e3d1	votu_e5fa97fd7941dae0791f	votu_5695052a1f69a6504506	1
target_3a40e53e1707f7edb28e	target_d940e59d6747faa8f627	votu_26cccb4aa0ae0a70cdef	votu_0423aa4bc50c4d4be42b	1
target_97280126edd3c64ef713	target_d940e59d6747faa8f627	votu_7f3d3479c2f29fe608a1	votu_0423aa4bc50c4d4be42b	1
target_d940e59d6747faa8f627	target_fd883b3a385fd5596fec	votu_0423aa4bc50c4d4be42b	votu_d0875a87d31edc9a8d40	1
target_7b483a396f1b6a0f168b	target_d85eb008ee7e18137297	votu_affad52fcaa565127c0c	votu_4477adb5b6de061a9b60	1
target_7493e90715d3d21c8926	target_8b8bbece05a47c2b09f9	votu_3ef8f4835e47a45f969c	votu_d1c8a5c53c5837b6a8c3	1
target_7493e90715d3d21c8926	target_af25ab10a8472fcbea57	votu_3ef8f4835e47a45f969c	votu_70a3dfc3d79b16e7af79	1
target_7493e90715d3d21c8926	target_b8c43a16790862957e08	votu_3ef8f4835e47a45f969c	votu_aa4c380b38c600f9c058	1
target_8b8bbece05a47c2b09f9	target_af25ab10a8472fcbea57	votu_d1c8a5c53c5837b6a8c3	votu_70a3dfc3d79b16e7af79	1
target_8b8bbece05a47c2b09f9	target_b8c43a16790862957e08	votu_d1c8a5c53c5837b6a8c3	votu_aa4c380b38c600f9c058	1
target_af25ab10a8472fcbea57	target_b8c43a16790862957e08	votu_70a3dfc3d79b16e7af79	votu_aa4c380b38c600f9c058	1
target_1cd050f61796646efeb2	target_bc2e234541b3cb30f307	votu_509302d1801f4dab5adc	votu_81850450a07dd26e4b87	1
target_7e1fa3ca4d465624d4ac	target_9e0ef13bb383744f1943	votu_6bfb9d1fbb5517b11248	votu_f336ae5086066a73a2d0	1
target_006b9e3394d67d979f91	target_1be638c1eeecfe5e6023	votu_28f87c099306411c6f55	votu_5e307eef704ecd6e3b15	1
target_006b9e3394d67d979f91	target_3a541a834ac3123a2451	votu_28f87c099306411c6f55	votu_c5a2f99a831ca65cae7c	1
target_006b9e3394d67d979f91	target_4a17fde78aadeea2510b	votu_28f87c099306411c6f55	votu_77b7edad85e42be675b9	1
target_006b9e3394d67d979f91	target_7b483a396f1b6a0f168b	votu_28f87c099306411c6f55	votu_affad52fcaa565127c0c	1
target_006b9e3394d67d979f91	target_880011df40550eac9ad6	votu_28f87c099306411c6f55	votu_2402c5857ed5d3f7f63a	1
target_006b9e3394d67d979f91	target_897af96f1293f25636d4	votu_28f87c099306411c6f55	votu_79ec3ea37e10c283d142	1
target_006b9e3394d67d979f91	target_bc2e234541b3cb30f307	votu_28f87c099306411c6f55	votu_81850450a07dd26e4b87	1
target_1be638c1eeecfe5e6023	target_3a541a834ac3123a2451	votu_5e307eef704ecd6e3b15	votu_c5a2f99a831ca65cae7c	1
target_1be638c1eeecfe5e6023	target_4a17fde78aadeea2510b	votu_5e307eef704ecd6e3b15	votu_77b7edad85e42be675b9	1
target_1be638c1eeecfe5e6023	target_7b483a396f1b6a0f168b	votu_5e307eef704ecd6e3b15	votu_affad52fcaa565127c0c	1
target_1be638c1eeecfe5e6023	target_897af96f1293f25636d4	votu_5e307eef704ecd6e3b15	votu_79ec3ea37e10c283d142	1
target_1be638c1eeecfe5e6023	target_bc2e234541b3cb30f307	votu_5e307eef704ecd6e3b15	votu_81850450a07dd26e4b87	1
target_3a541a834ac3123a2451	target_4a17fde78aadeea2510b	votu_c5a2f99a831ca65cae7c	votu_77b7edad85e42be675b9	1
target_3a541a834ac3123a2451	target_7b483a396f1b6a0f168b	votu_c5a2f99a831ca65cae7c	votu_affad52fcaa565127c0c	1
target_3a541a834ac3123a2451	target_880011df40550eac9ad6	votu_c5a2f99a831ca65cae7c	votu_2402c5857ed5d3f7f63a	1
target_3a541a834ac3123a2451	target_897af96f1293f25636d4	votu_c5a2f99a831ca65cae7c	votu_79ec3ea37e10c283d142	1
target_3a541a834ac3123a2451	target_bc2e234541b3cb30f307	votu_c5a2f99a831ca65cae7c	votu_81850450a07dd26e4b87	1
target_4a17fde78aadeea2510b	target_7b483a396f1b6a0f168b	votu_77b7edad85e42be675b9	votu_affad52fcaa565127c0c	1
target_4a17fde78aadeea2510b	target_880011df40550eac9ad6	votu_77b7edad85e42be675b9	votu_2402c5857ed5d3f7f63a	1
target_4a17fde78aadeea2510b	target_897af96f1293f25636d4	votu_77b7edad85e42be675b9	votu_79ec3ea37e10c283d142	1
target_4a17fde78aadeea2510b	target_bc2e234541b3cb30f307	votu_77b7edad85e42be675b9	votu_81850450a07dd26e4b87	1
target_7b483a396f1b6a0f168b	target_880011df40550eac9ad6	votu_affad52fcaa565127c0c	votu_2402c5857ed5d3f7f63a	1
target_7b483a396f1b6a0f168b	target_897af96f1293f25636d4	votu_affad52fcaa565127c0c	votu_79ec3ea37e10c283d142	1
target_7b483a396f1b6a0f168b	target_bc2e234541b3cb30f307	votu_affad52fcaa565127c0c	votu_81850450a07dd26e4b87	1
target_880011df40550eac9ad6	target_897af96f1293f25636d4	votu_2402c5857ed5d3f7f63a	votu_79ec3ea37e10c283d142	1
target_880011df40550eac9ad6	target_bc2e234541b3cb30f307	votu_2402c5857ed5d3f7f63a	votu_81850450a07dd26e4b87	1
target_897af96f1293f25636d4	target_bc2e234541b3cb30f307	votu_79ec3ea37e10c283d142	votu_81850450a07dd26e4b87	1
target_81de827b3a81ebb7b4fc	target_bc2e234541b3cb30f307	votu_42e439aa0d582b77c031	votu_81850450a07dd26e4b87	1
target_81de827b3a81ebb7b4fc	target_de1b5ba8e4827315cc9f	votu_42e439aa0d582b77c031	votu_9693037a18ffc1f48bae	1
target_bc2e234541b3cb30f307	target_de1b5ba8e4827315cc9f	votu_81850450a07dd26e4b87	votu_9693037a18ffc1f48bae	1
target_157c8a13a0b4217bc98d	target_45e2a0929b5d6d96f337	votu_37e04e93d09a9f0a1164	votu_0cf0c80101517fa45146	1
target_3d4222849b81141791c8	target_45e2a0929b5d6d96f337	votu_434245b271c69e7033e2	votu_0cf0c80101517fa45146	1
target_3d4222849b81141791c8	target_94c116ae65b6f7b5973e	votu_434245b271c69e7033e2	votu_74797d9adaf8e2d62a7e	1
target_6343a063df25b5eb4fab	target_d85eb008ee7e18137297	votu_8f8c96516cdbb779e67b	votu_4477adb5b6de061a9b60	1
target_81de827b3a81ebb7b4fc	target_94c116ae65b6f7b5973e	votu_42e439aa0d582b77c031	votu_74797d9adaf8e2d62a7e	1
target_067a4b9cc1350ce06cf1	target_1cd050f61796646efeb2	votu_9f1f2e20f3ae292763a4	votu_509302d1801f4dab5adc	1
target_067a4b9cc1350ce06cf1	target_6db47176b846ca2f0668	votu_9f1f2e20f3ae292763a4	votu_43df1b830733a03005cb	1
target_067a4b9cc1350ce06cf1	target_897af96f1293f25636d4	votu_9f1f2e20f3ae292763a4	votu_79ec3ea37e10c283d142	1
target_067a4b9cc1350ce06cf1	target_c7575e83f14d343a625e	votu_9f1f2e20f3ae292763a4	votu_9293f106a5b400a1c040	1
target_067a4b9cc1350ce06cf1	target_e78a1c98a0d7987abb1a	votu_9f1f2e20f3ae292763a4	votu_5cb9d3f17208f388b71e	1
target_1cd050f61796646efeb2	target_897af96f1293f25636d4	votu_509302d1801f4dab5adc	votu_79ec3ea37e10c283d142	1
target_1cd050f61796646efeb2	target_e78a1c98a0d7987abb1a	votu_509302d1801f4dab5adc	votu_5cb9d3f17208f388b71e	1
target_6db47176b846ca2f0668	target_897af96f1293f25636d4	votu_43df1b830733a03005cb	votu_79ec3ea37e10c283d142	1
target_6db47176b846ca2f0668	target_e78a1c98a0d7987abb1a	votu_43df1b830733a03005cb	votu_5cb9d3f17208f388b71e	1
target_897af96f1293f25636d4	target_c7575e83f14d343a625e	votu_79ec3ea37e10c283d142	votu_9293f106a5b400a1c040	1
target_897af96f1293f25636d4	target_e78a1c98a0d7987abb1a	votu_79ec3ea37e10c283d142	votu_5cb9d3f17208f388b71e	1
target_c7575e83f14d343a625e	target_e78a1c98a0d7987abb1a	votu_9293f106a5b400a1c040	votu_5cb9d3f17208f388b71e	1
target_194c1f1411a288353067	target_2b242d1227ecd6702a15	votu_77cc63e92495c9a25d7b	votu_a63e23612d3072c61428	1
target_32f498c770721a34ccd4	target_dd1fb39b3deb943ca2f7	votu_981f32eac11f8ab04039	votu_f65696e080f2eaea3d4a	1
target_12e1de9f8b0ae49db7ab	target_c974eccd7d6727055ba8	votu_3e284b6e8d0da3be94ef	votu_5396e2dc596bd53f9bf0	1
target_2d91b118474faba80306	target_c974eccd7d6727055ba8	votu_b4db8910315bb5b38ab8	votu_5396e2dc596bd53f9bf0	1
target_3335c7f737e31a1ccd61	target_71a487d26e9795efc398	votu_6f8b88b440c54b3d764d	votu_b2da37aacc4366eec9c7	1
target_4d663303e3c84350180b	target_ededd9e33fb4d6a37294	votu_daa620346d218f8cf2ff	votu_92577a2e4b5f946b269a	1
