source_occurrence_id	sample	start0	end0	relative_start	native_depth	strict_depth	provirus_start0	provirus_end0
occ_0037533f5bcfc290d3a39ee47e22ab89	SID531469	3442	3692	-5000	92.664	92.664	8442	28003
occ_0037533f5bcfc290d3a39ee47e22ab89	SID531469	3692	3942	-4750	94.716	94.716	8442	28003
occ_0037533f5bcfc290d3a39ee47e22ab89	SID531469	3942	4192	-4500	85.212	85.212	8442	28003
occ_0037533f5bcfc290d3a39ee47e22ab89	SID531469	4192	4442	-4250	102.1	102.1	8442	28003
occ_0037533f5bcfc290d3a39ee47e22ab89	SID531469	4442	4692	-4000	99.828	99.828	8442	28003
occ_0037533f5bcfc290d3a39ee47e22ab89	SID531469	4692	4942	-3750	105.216	105.216	8442	28003
occ_0037533f5bcfc290d3a39ee47e22ab89	SID531469	4942	5192	-3500	99.608	99.608	8442	28003
occ_0037533f5bcfc290d3a39ee47e22ab89	SID531469	5192	5442	-3250	109.096	109.096	8442	28003
occ_0037533f5bcfc290d3a39ee47e22ab89	SID531469	5442	5692	-3000	114.072	114.072	8442	28003
occ_0037533f5bcfc290d3a39ee47e22ab89	SID531469	5692	5942	-2750	118.148	118.148	8442	28003
occ_0037533f5bcfc290d3a39ee47e22ab89	SID531469	5942	6192	-2500	88.096	88.096	8442	28003
occ_0037533f5bcfc290d3a39ee47e22ab89	SID531469	6192	6442	-2250	66.156	66.156	8442	28003
occ_0037533f5bcfc290d3a39ee47e22ab89	SID531469	6442	6692	-2000	76.472	76.472	8442	28003
occ_0037533f5bcfc290d3a39ee47e22ab89	SID531469	6692	6942	-1750	88.924	88.92	8442	28003
occ_0037533f5bcfc290d3a39ee47e22ab89	SID531469	6942	7192	-1500	70.244	70.244	8442	28003
occ_0037533f5bcfc290d3a39ee47e22ab89	SID531469	7192	7442	-1250	73.584	73.584	8442	28003
occ_0037533f5bcfc290d3a39ee47e22ab89	SID531469	7442	7692	-1000	81.244	81.244	8442	28003
occ_0037533f5bcfc290d3a39ee47e22ab89	SID531469	7692	7942	-750	74.476	68.52	8442	28003
occ_0037533f5bcfc290d3a39ee47e22ab89	SID531469	7942	8192	-500	109.252	89.6	8442	28003
occ_0037533f5bcfc290d3a39ee47e22ab89	SID531469	8192	8442	-250	104.68	92.792	8442	28003
occ_0037533f5bcfc290d3a39ee47e22ab89	SID531469	8442	8692	0	86.144	85.192	8442	28003
occ_0037533f5bcfc290d3a39ee47e22ab89	SID531469	8692	8942	250	86.332	86.332	8442	28003
occ_0037533f5bcfc290d3a39ee47e22ab89	SID531469	8942	9192	500	67.808	67.808	8442	28003
occ_0037533f5bcfc290d3a39ee47e22ab89	SID531469	9192	9442	750	74.308	74.308	8442	28003
occ_0037533f5bcfc290d3a39ee47e22ab89	SID531469	9442	9692	1000	81.8	81.8	8442	28003
occ_0037533f5bcfc290d3a39ee47e22ab89	SID531469	9692	9942	1250	81.916	81.916	8442	28003
occ_0037533f5bcfc290d3a39ee47e22ab89	SID531469	9942	10192	1500	77.904	77.904	8442	28003
occ_0037533f5bcfc290d3a39ee47e22ab89	SID531469	10192	10442	1750	90.116	90.116	8442	28003
occ_0037533f5bcfc290d3a39ee47e22ab89	SID531469	10442	10692	2000	83.304	83.304	8442	28003
occ_0037533f5bcfc290d3a39ee47e22ab89	SID531469	10692	10942	2250	71.808	71.808	8442	28003
occ_0037533f5bcfc290d3a39ee47e22ab89	SID531469	10942	11192	2500	86.296	86.296	8442	28003
occ_0037533f5bcfc290d3a39ee47e22ab89	SID531469	11192	11442	2750	81.872	81.872	8442	28003
occ_0037533f5bcfc290d3a39ee47e22ab89	SID531469	11442	11692	3000	78.648	78.648	8442	28003
occ_0037533f5bcfc290d3a39ee47e22ab89	SID531469	11692	11942	3250	85.052	85.052	8442	28003
occ_0037533f5bcfc290d3a39ee47e22ab89	SID531469	11942	12192	3500	88.452	88.448	8442	28003
occ_0037533f5bcfc290d3a39ee47e22ab89	SID531469	12192	12442	3750	107.524	107.524	8442	28003
occ_0037533f5bcfc290d3a39ee47e22ab89	SID531469	12442	12692	4000	101.82	101.82	8442	28003
occ_0037533f5bcfc290d3a39ee47e22ab89	SID531469	12692	12942	4250	86.636	86.636	8442	28003
occ_0037533f5bcfc290d3a39ee47e22ab89	SID531469	12942	13192	4500	86.784	86.784	8442	28003
occ_0037533f5bcfc290d3a39ee47e22ab89	SID531469	13192	13442	4750	78.28	78.28	8442	28003
occ_0037533f5bcfc290d3a39ee47e22ab89	SID531469	13442	13692	5000	89.684	89.684	8442	28003
occ_0037533f5bcfc290d3a39ee47e22ab89	SID531469	13692	13942	5250	96.664	96.664	8442	28003
occ_0037533f5bcfc290d3a39ee47e22ab89	SID531469	13942	14192	5500	93.936	93.936	8442	28003
occ_0037533f5bcfc290d3a39ee47e22ab89	SID531469	14192	14442	5750	88.848	88.848	8442	28003
occ_0037533f5bcfc290d3a39ee47e22ab89	SID531469	14442	14692	6000	94.732	94.62	8442	28003
occ_0037533f5bcfc290d3a39ee47e22ab89	SID531469	14692	14942	6250	91.764	91.492	8442	28003
occ_0037533f5bcfc290d3a39ee47e22ab89	SID531469	14942	15192	6500	89.284	89.284	8442	28003
occ_0037533f5bcfc290d3a39ee47e22ab89	SID531469	15192	15442	6750	82.892	82.892	8442	28003
occ_0037533f5bcfc290d3a39ee47e22ab89	SID531469	15442	15692	7000	75.168	75.168	8442	28003
occ_0037533f5bcfc290d3a39ee47e22ab89	SID531469	15692	15942	7250	83.292	83.292	8442	28003
occ_0037533f5bcfc290d3a39ee47e22ab89	SID531469	15942	16192	7500	69.54	69.54	8442	28003
occ_0037533f5bcfc290d3a39ee47e22ab89	SID531469	16192	16442	7750	74.476	74.476	8442	28003
occ_0037533f5bcfc290d3a39ee47e22ab89	SID531469	16442	16692	8000	89.244	89.244	8442	28003
occ_0037533f5bcfc290d3a39ee47e22ab89	SID531469	16692	16942	8250	89.32	89.32	8442	28003
occ_0037533f5bcfc290d3a39ee47e22ab89	SID531469	16942	17192	8500	81.108	81.108	8442	28003
occ_0037533f5bcfc290d3a39ee47e22ab89	SID531469	17192	17442	8750	90.576	90.576	8442	28003
occ_0037533f5bcfc290d3a39ee47e22ab89	SID531469	17442	17692	9000	82.048	82.048	8442	28003
occ_0037533f5bcfc290d3a39ee47e22ab89	SID531469	17692	17942	9250	81.256	81.256	8442	28003
occ_0037533f5bcfc290d3a39ee47e22ab89	SID531469	17942	18192	9500	89.264	89.264	8442	28003
occ_0037533f5bcfc290d3a39ee47e22ab89	SID531469	18192	18442	9750	89.016	89.016	8442	28003
occ_0037533f5bcfc290d3a39ee47e22ab89	SID531469	18442	18692	10000	89.096	89.096	8442	28003
occ_0037533f5bcfc290d3a39ee47e22ab89	SID531469	18692	18942	10250	89.408	89.408	8442	28003
occ_0037533f5bcfc290d3a39ee47e22ab89	SID531469	18942	19192	10500	86.92	86.916	8442	28003
occ_0037533f5bcfc290d3a39ee47e22ab89	SID531469	19192	19442	10750	82.816	82.816	8442	28003
occ_0037533f5bcfc290d3a39ee47e22ab89	SID531469	19442	19692	11000	69.688	69.688	8442	28003
occ_0037533f5bcfc290d3a39ee47e22ab89	SID531469	19692	19942	11250	65.404	65.404	8442	28003
occ_0037533f5bcfc290d3a39ee47e22ab89	SID531469	19942	20192	11500	76.42	76.42	8442	28003
occ_0037533f5bcfc290d3a39ee47e22ab89	SID531469	20192	20442	11750	73.24	73.24	8442	28003
occ_0037533f5bcfc290d3a39ee47e22ab89	SID531469	20442	20692	12000	76.484	76.484	8442	28003
occ_0037533f5bcfc290d3a39ee47e22ab89	SID531469	20692	20942	12250	82.212	82.212	8442	28003
occ_0037533f5bcfc290d3a39ee47e22ab89	SID531469	20942	21192	12500	75.092	75.092	8442	28003
occ_0037533f5bcfc290d3a39ee47e22ab89	SID531469	21192	21442	12750	73.928	73.928	8442	28003
occ_0037533f5bcfc290d3a39ee47e22ab89	SID531469	21442	21692	13000	69.768	69.768	8442	28003
occ_0037533f5bcfc290d3a39ee47e22ab89	SID531469	21692	21942	13250	70.944	70.668	8442	28003
occ_0037533f5bcfc290d3a39ee47e22ab89	SID531469	21942	22192	13500	84.936	84.852	8442	28003
occ_0037533f5bcfc290d3a39ee47e22ab89	SID531469	22192	22442	13750	80.96	80.96	8442	28003
occ_0037533f5bcfc290d3a39ee47e22ab89	SID531469	22442	22692	14000	82.404	82.404	8442	28003
occ_0037533f5bcfc290d3a39ee47e22ab89	SID531469	22692	22942	14250	73.568	73.568	8442	28003
occ_0037533f5bcfc290d3a39ee47e22ab89	SID531469	22942	23192	14500	60.096	60.096	8442	28003
occ_0037533f5bcfc290d3a39ee47e22ab89	SID531469	23192	23442	14750	72.028	72.028	8442	28003
occ_0037533f5bcfc290d3a39ee47e22ab89	SID531469	23442	23692	15000	84.38	84.168	8442	28003
occ_0037533f5bcfc290d3a39ee47e22ab89	SID531469	23692	23942	15250	90.232	90.232	8442	28003
occ_0037533f5bcfc290d3a39ee47e22ab89	SID531469	23942	24192	15500	101.344	101.344	8442	28003
occ_0037533f5bcfc290d3a39ee47e22ab89	SID531469	24192	24442	15750	104.128	104.128	8442	28003
occ_0037533f5bcfc290d3a39ee47e22ab89	SID531469	24442	24692	16000	104.252	103.88	8442	28003
occ_0037533f5bcfc290d3a39ee47e22ab89	SID531469	24692	24942	16250	98.076	98.076	8442	28003
occ_0037533f5bcfc290d3a39ee47e22ab89	SID531469	24942	25192	16500	96.752	96.752	8442	28003
occ_0037533f5bcfc290d3a39ee47e22ab89	SID531469	25192	25442	16750	106.676	106.676	8442	28003
occ_0037533f5bcfc290d3a39ee47e22ab89	SID531469	25442	25692	17000	95.336	95.336	8442	28003
occ_0037533f5bcfc290d3a39ee47e22ab89	SID531469	25692	25942	17250	94.76	94.76	8442	28003
occ_0037533f5bcfc290d3a39ee47e22ab89	SID531469	25942	26192	17500	90.384	90.38	8442	28003
occ_0037533f5bcfc290d3a39ee47e22ab89	SID531469	26192	26442	17750	81.164	81.164	8442	28003
occ_0037533f5bcfc290d3a39ee47e22ab89	SID531469	26442	26692	18000	81.844	81.844	8442	28003
occ_0037533f5bcfc290d3a39ee47e22ab89	SID531469	26692	26942	18250	86.544	86.544	8442	28003
occ_0037533f5bcfc290d3a39ee47e22ab89	SID531469	26942	27192	18500	90.288	90.288	8442	28003
occ_0037533f5bcfc290d3a39ee47e22ab89	SID531469	27192	27442	18750	92.196	92.196	8442	28003
occ_0037533f5bcfc290d3a39ee47e22ab89	SID531469	27442	27692	19000	92.752	92.752	8442	28003
occ_0037533f5bcfc290d3a39ee47e22ab89	SID531469	27692	27942	19250	81.596	81.596	8442	28003
occ_0037533f5bcfc290d3a39ee47e22ab89	SID531469	27942	28192	19500	69.148	69.144	8442	28003
occ_0037533f5bcfc290d3a39ee47e22ab89	SID531469	28192	28442	19750	64.468	64.468	8442	28003
occ_0037533f5bcfc290d3a39ee47e22ab89	SID531469	28442	28692	20000	65.92	65.92	8442	28003
occ_0037533f5bcfc290d3a39ee47e22ab89	SID531469	28692	28942	20250	84.42	84.42	8442	28003
occ_0037533f5bcfc290d3a39ee47e22ab89	SID531469	28942	29192	20500	85.256	85.256	8442	28003
occ_0037533f5bcfc290d3a39ee47e22ab89	SID531469	29192	29442	20750	75.424	75.424	8442	28003
occ_0037533f5bcfc290d3a39ee47e22ab89	SID531469	29442	29692	21000	82.412	82.408	8442	28003
occ_0037533f5bcfc290d3a39ee47e22ab89	SID531469	29692	29942	21250	82.88	82.88	8442	28003
occ_0037533f5bcfc290d3a39ee47e22ab89	SID531469	29942	30192	21500	84.896	84.896	8442	28003
occ_0037533f5bcfc290d3a39ee47e22ab89	SID531469	30192	30442	21750	88.368	88.368	8442	28003
occ_0037533f5bcfc290d3a39ee47e22ab89	SID531469	30442	30692	22000	80.828	80.828	8442	28003
occ_0037533f5bcfc290d3a39ee47e22ab89	SID531469	30692	30942	22250	76.244	76.244	8442	28003
occ_0037533f5bcfc290d3a39ee47e22ab89	SID531469	30942	31192	22500	86.736	86.736	8442	28003
occ_0037533f5bcfc290d3a39ee47e22ab89	SID531469	31192	31442	22750	81.988	81.988	8442	28003
occ_0037533f5bcfc290d3a39ee47e22ab89	SID531469	31442	31692	23000	83.48	83.48	8442	28003
occ_0037533f5bcfc290d3a39ee47e22ab89	SID531469	31692	31942	23250	97.68	97.68	8442	28003
occ_0037533f5bcfc290d3a39ee47e22ab89	SID531469	31942	32192	23500	100.964	100.964	8442	28003
occ_0037533f5bcfc290d3a39ee47e22ab89	SID531469	32192	32442	23750	96.336	96.336	8442	28003
occ_0037533f5bcfc290d3a39ee47e22ab89	SID531469	32442	32692	24000	82.192	82.192	8442	28003
occ_0037533f5bcfc290d3a39ee47e22ab89	SID531469	32692	32942	24250	89.576	89.576	8442	28003
occ_0037533f5bcfc290d3a39ee47e22ab89	SID531469	32942	33003	24500	90.09836065573771	90.09836065573771	8442	28003
occ_081a46f250f2ec6bc74aac911a18e1fe	SID531469	0	250	-1	18.41	17.49	1	12776
occ_081a46f250f2ec6bc74aac911a18e1fe	SID531469	250	500	249	12.82	12.82	1	12776
occ_081a46f250f2ec6bc74aac911a18e1fe	SID531469	500	750	499	12.696	12.696	1	12776
occ_081a46f250f2ec6bc74aac911a18e1fe	SID531469	750	1000	749	11.548	11.548	1	12776
occ_081a46f250f2ec6bc74aac911a18e1fe	SID531469	1000	1250	999	10.2	9.992	1	12776
occ_081a46f250f2ec6bc74aac911a18e1fe	SID531469	1250	1500	1249	10.544	10.428	1	12776
occ_081a46f250f2ec6bc74aac911a18e1fe	SID531469	1500	1750	1499	10.048	10.048	1	12776
occ_081a46f250f2ec6bc74aac911a18e1fe	SID531469	1750	2000	1749	11.74	11.74	1	12776
occ_081a46f250f2ec6bc74aac911a18e1fe	SID531469	2000	2250	1999	11.004	11.004	1	12776
occ_081a46f250f2ec6bc74aac911a18e1fe	SID531469	2250	2500	2249	13.44	13.44	1	12776
occ_081a46f250f2ec6bc74aac911a18e1fe	SID531469	2500	2750	2499	10.648	10.648	1	12776
occ_081a46f250f2ec6bc74aac911a18e1fe	SID531469	2750	3000	2749	11.784	11.784	1	12776
occ_081a46f250f2ec6bc74aac911a18e1fe	SID531469	3000	3250	2999	10.616	10.616	1	12776
occ_081a46f250f2ec6bc74aac911a18e1fe	SID531469	3250	3500	3249	12.496	12.496	1	12776
occ_081a46f250f2ec6bc74aac911a18e1fe	SID531469	3500	3750	3499	19.196	19.196	1	12776
occ_081a46f250f2ec6bc74aac911a18e1fe	SID531469	3750	4000	3749	14.06	14.056	1	12776
occ_081a46f250f2ec6bc74aac911a18e1fe	SID531469	4000	4250	3999	10.936	10.936	1	12776
occ_081a46f250f2ec6bc74aac911a18e1fe	SID531469	4250	4500	4249	10.796	10.796	1	12776
occ_081a46f250f2ec6bc74aac911a18e1fe	SID531469	4500	4750	4499	19.076	18.884	1	12776
occ_081a46f250f2ec6bc74aac911a18e1fe	SID531469	4750	5000	4749	18.004	17.992	1	12776
occ_081a46f250f2ec6bc74aac911a18e1fe	SID531469	5000	5250	4999	10.9	10.9	1	12776
occ_081a46f250f2ec6bc74aac911a18e1fe	SID531469	5250	5500	5249	12.52	12.52	1	12776
occ_081a46f250f2ec6bc74aac911a18e1fe	SID531469	5500	5750	5499	10.68	10.68	1	12776
occ_081a46f250f2ec6bc74aac911a18e1fe	SID531469	5750	6000	5749	18.396	18.396	1	12776
occ_081a46f250f2ec6bc74aac911a18e1fe	SID531469	6000	6250	5999	15.04	15.04	1	12776
occ_081a46f250f2ec6bc74aac911a18e1fe	SID531469	6250	6500	6249	18.592	18.592	1	12776
occ_081a46f250f2ec6bc74aac911a18e1fe	SID531469	6500	6750	6499	15.724	15.724	1	12776
occ_081a46f250f2ec6bc74aac911a18e1fe	SID531469	6750	7000	6749	14.152	14.152	1	12776
occ_081a46f250f2ec6bc74aac911a18e1fe	SID531469	7000	7250	6999	16.164	16.164	1	12776
occ_081a46f250f2ec6bc74aac911a18e1fe	SID531469	7250	7500	7249	16.416	16.416	1	12776
occ_081a46f250f2ec6bc74aac911a18e1fe	SID531469	7500	7750	7499	14.756	14.756	1	12776
occ_081a46f250f2ec6bc74aac911a18e1fe	SID531469	7750	8000	7749	17.584	17.584	1	12776
occ_081a46f250f2ec6bc74aac911a18e1fe	SID531469	8000	8250	7999	13.276	13.276	1	12776
occ_081a46f250f2ec6bc74aac911a18e1fe	SID531469	8250	8500	8249	13.028	13.028	1	12776
occ_081a46f250f2ec6bc74aac911a18e1fe	SID531469	8500	8750	8499	12.752	12.752	1	12776
occ_081a46f250f2ec6bc74aac911a18e1fe	SID531469	8750	9000	8749	11.084	11.084	1	12776
occ_081a46f250f2ec6bc74aac911a18e1fe	SID531469	9000	9250	8999	14.884	14.884	1	12776
occ_081a46f250f2ec6bc74aac911a18e1fe	SID531469	9250	9500	9249	17.172	17.172	1	12776
occ_081a46f250f2ec6bc74aac911a18e1fe	SID531469	9500	9750	9499	15.332	15.332	1	12776
occ_081a46f250f2ec6bc74aac911a18e1fe	SID531469	9750	10000	9749	14.108	14.108	1	12776
occ_081a46f250f2ec6bc74aac911a18e1fe	SID531469	10000	10250	9999	12.568	12.568	1	12776
occ_081a46f250f2ec6bc74aac911a18e1fe	SID531469	10250	10500	10249	11.348	11.348	1	12776
occ_081a46f250f2ec6bc74aac911a18e1fe	SID531469	10500	10750	10499	13.856	13.856	1	12776
occ_081a46f250f2ec6bc74aac911a18e1fe	SID531469	10750	11000	10749	10.46	10.46	1	12776
occ_081a46f250f2ec6bc74aac911a18e1fe	SID531469	11000	11250	10999	15.916	15.916	1	12776
occ_081a46f250f2ec6bc74aac911a18e1fe	SID531469	11250	11500	11249	16.156	16.156	1	12776
occ_081a46f250f2ec6bc74aac911a18e1fe	SID531469	11500	11750	11499	12.388	12.388	1	12776
occ_081a46f250f2ec6bc74aac911a18e1fe	SID531469	11750	12000	11749	12.392	12.392	1	12776
occ_081a46f250f2ec6bc74aac911a18e1fe	SID531469	12000	12250	11999	18.848	18.848	1	12776
occ_081a46f250f2ec6bc74aac911a18e1fe	SID531469	12250	12500	12249	14.192	14.192	1	12776
occ_081a46f250f2ec6bc74aac911a18e1fe	SID531469	12500	12750	12499	15.248	15.248	1	12776
occ_081a46f250f2ec6bc74aac911a18e1fe	SID531469	12750	13000	12749	13.64	13.64	1	12776
occ_081a46f250f2ec6bc74aac911a18e1fe	SID531469	13000	13250	12999	14.144	14.144	1	12776
occ_081a46f250f2ec6bc74aac911a18e1fe	SID531469	13250	13500	13249	13.756	13.756	1	12776
occ_081a46f250f2ec6bc74aac911a18e1fe	SID531469	13500	13750	13499	18.088	18.088	1	12776
occ_081a46f250f2ec6bc74aac911a18e1fe	SID531469	13750	14000	13749	12.844	12.844	1	12776
occ_081a46f250f2ec6bc74aac911a18e1fe	SID531469	14000	14250	13999	10.848	10.848	1	12776
occ_081a46f250f2ec6bc74aac911a18e1fe	SID531469	14250	14500	14249	8.504	8.504	1	12776
occ_081a46f250f2ec6bc74aac911a18e1fe	SID531469	14500	14750	14499	15.26	15.26	1	12776
occ_081a46f250f2ec6bc74aac911a18e1fe	SID531469	14750	15000	14749	16.728	16.728	1	12776
occ_081a46f250f2ec6bc74aac911a18e1fe	SID531469	15000	15250	14999	15.252	15.252	1	12776
occ_081a46f250f2ec6bc74aac911a18e1fe	SID531469	15250	15500	15249	17.084	17.084	1	12776
occ_081a46f250f2ec6bc74aac911a18e1fe	SID531469	15500	15750	15499	19.756	19.756	1	12776
occ_081a46f250f2ec6bc74aac911a18e1fe	SID531469	15750	16000	15749	15.58	15.58	1	12776
occ_081a46f250f2ec6bc74aac911a18e1fe	SID531469	16000	16250	15999	15.044	15.044	1	12776
occ_081a46f250f2ec6bc74aac911a18e1fe	SID531469	16250	16500	16249	12.712	12.712	1	12776
occ_081a46f250f2ec6bc74aac911a18e1fe	SID531469	16500	16750	16499	13.116	13.116	1	12776
occ_081a46f250f2ec6bc74aac911a18e1fe	SID531469	16750	17000	16749	16.576	16.576	1	12776
occ_081a46f250f2ec6bc74aac911a18e1fe	SID531469	17000	17250	16999	17.792	17.792	1	12776
occ_081a46f250f2ec6bc74aac911a18e1fe	SID531469	17250	17500	17249	14.308	14.308	1	12776
occ_081a46f250f2ec6bc74aac911a18e1fe	SID531469	17500	17750	17499	16.056	16.056	1	12776
occ_081a46f250f2ec6bc74aac911a18e1fe	SID531469	17750	17776	17749	12.423076923076923	12.423076923076923	1	12776
occ_1345a63811279d7960c3f09df0afba92	SID531469	0	250	-195	8.13	8.13	195	40269
occ_1345a63811279d7960c3f09df0afba92	SID531469	250	500	55	9.544	9.544	195	40269
occ_1345a63811279d7960c3f09df0afba92	SID531469	500	750	305	5.096	5.096	195	40269
occ_1345a63811279d7960c3f09df0afba92	SID531469	750	1000	555	6.364	6.364	195	40269
occ_1345a63811279d7960c3f09df0afba92	SID531469	1000	1250	805	8.472	8.472	195	40269
occ_1345a63811279d7960c3f09df0afba92	SID531469	1250	1500	1055	8.16	8.16	195	40269
occ_1345a63811279d7960c3f09df0afba92	SID531469	1500	1750	1305	8.412	8.412	195	40269
occ_1345a63811279d7960c3f09df0afba92	SID531469	1750	2000	1555	6.756	6.756	195	40269
occ_1345a63811279d7960c3f09df0afba92	SID531469	2000	2250	1805	7.404	7.404	195	40269
occ_1345a63811279d7960c3f09df0afba92	SID531469	2250	2500	2055	8.904	8.904	195	40269
occ_1345a63811279d7960c3f09df0afba92	SID531469	2500	2750	2305	12.02	12.02	195	40269
occ_1345a63811279d7960c3f09df0afba92	SID531469	2750	3000	2555	11.404	11.404	195	40269
occ_1345a63811279d7960c3f09df0afba92	SID531469	3000	3250	2805	10.46	10.46	195	40269
occ_1345a63811279d7960c3f09df0afba92	SID531469	3250	3500	3055	9.976	9.976	195	40269
occ_1345a63811279d7960c3f09df0afba92	SID531469	3500	3750	3305	10.356	10.356	195	40269
occ_1345a63811279d7960c3f09df0afba92	SID531469	3750	4000	3555	10.692	10.692	195	40269
occ_1345a63811279d7960c3f09df0afba92	SID531469	4000	4250	3805	11.68	11.68	195	40269
occ_1345a63811279d7960c3f09df0afba92	SID531469	4250	4500	4055	8.616	8.616	195	40269
occ_1345a63811279d7960c3f09df0afba92	SID531469	4500	4750	4305	9.6	9.6	195	40269
occ_1345a63811279d7960c3f09df0afba92	SID531469	4750	5000	4555	11.084	11.084	195	40269
occ_1345a63811279d7960c3f09df0afba92	SID531469	5000	5250	4805	13.46	13.46	195	40269
occ_1345a63811279d7960c3f09df0afba92	SID531469	5250	5500	5055	10.728	10.728	195	40269
occ_1345a63811279d7960c3f09df0afba92	SID531469	5500	5750	5305	9.96	9.592	195	40269
occ_1345a63811279d7960c3f09df0afba92	SID531469	5750	6000	5555	12.112	12.112	195	40269
occ_1345a63811279d7960c3f09df0afba92	SID531469	6000	6250	5805	11.484	11.484	195	40269
occ_1345a63811279d7960c3f09df0afba92	SID531469	6250	6500	6055	13.088	13.088	195	40269
occ_1345a63811279d7960c3f09df0afba92	SID531469	6500	6750	6305	11.212	11.212	195	40269
occ_1345a63811279d7960c3f09df0afba92	SID531469	6750	7000	6555	9.6	9.6	195	40269
occ_1345a63811279d7960c3f09df0afba92	SID531469	7000	7250	6805	12.588	12.588	195	40269
occ_1345a63811279d7960c3f09df0afba92	SID531469	7250	7500	7055	12.308	12.308	195	40269
occ_1345a63811279d7960c3f09df0afba92	SID531469	7500	7750	7305	13.392	13.392	195	40269
occ_1345a63811279d7960c3f09df0afba92	SID531469	7750	8000	7555	10.924	10.924	195	40269
occ_1345a63811279d7960c3f09df0afba92	SID531469	8000	8250	7805	8.284	8.284	195	40269
occ_1345a63811279d7960c3f09df0afba92	SID531469	8250	8500	8055	8.98	8.98	195	40269
occ_1345a63811279d7960c3f09df0afba92	SID531469	8500	8750	8305	6.888	6.888	195	40269
occ_1345a63811279d7960c3f09df0afba92	SID531469	8750	9000	8555	8.996	8.996	195	40269
occ_1345a63811279d7960c3f09df0afba92	SID531469	9000	9250	8805	9.328	9.328	195	40269
occ_1345a63811279d7960c3f09df0afba92	SID531469	9250	9500	9055	12.472	12.472	195	40269
occ_1345a63811279d7960c3f09df0afba92	SID531469	9500	9750	9305	10.284	10.284	195	40269
occ_1345a63811279d7960c3f09df0afba92	SID531469	9750	10000	9555	9.948	9.948	195	40269
occ_1345a63811279d7960c3f09df0afba92	SID531469	10000	10250	9805	12.328	12.328	195	40269
occ_1345a63811279d7960c3f09df0afba92	SID531469	10250	10500	10055	8.94	8.94	195	40269
occ_1345a63811279d7960c3f09df0afba92	SID531469	10500	10750	10305	10.56	10.56	195	40269
occ_1345a63811279d7960c3f09df0afba92	SID531469	10750	11000	10555	10.252	10.252	195	40269
occ_1345a63811279d7960c3f09df0afba92	SID531469	11000	11250	10805	10.828	10.828	195	40269
occ_1345a63811279d7960c3f09df0afba92	SID531469	11250	11500	11055	9.284	9.284	195	40269
occ_1345a63811279d7960c3f09df0afba92	SID531469	11500	11750	11305	9.104	9.104	195	40269
occ_1345a63811279d7960c3f09df0afba92	SID531469	11750	12000	11555	9.612	9.612	195	40269
occ_1345a63811279d7960c3f09df0afba92	SID531469	12000	12250	11805	7.712	7.712	195	40269
occ_1345a63811279d7960c3f09df0afba92	SID531469	12250	12500	12055	8.6	8.6	195	40269
occ_1345a63811279d7960c3f09df0afba92	SID531469	12500	12750	12305	10.616	10.616	195	40269
occ_1345a63811279d7960c3f09df0afba92	SID531469	12750	13000	12555	12.456	12.456	195	40269
occ_1345a63811279d7960c3f09df0afba92	SID531469	13000	13250	12805	12.512	12.512	195	40269
occ_1345a63811279d7960c3f09df0afba92	SID531469	13250	13500	13055	11.38	11.38	195	40269
occ_1345a63811279d7960c3f09df0afba92	SID531469	13500	13750	13305	10.992	10.992	195	40269
occ_1345a63811279d7960c3f09df0afba92	SID531469	13750	14000	13555	8.964	8.964	195	40269
occ_1345a63811279d7960c3f09df0afba92	SID531469	14000	14250	13805	7.2	7.2	195	40269
occ_1345a63811279d7960c3f09df0afba92	SID531469	14250	14500	14055	8.756	8.756	195	40269
occ_1345a63811279d7960c3f09df0afba92	SID531469	14500	14750	14305	9.004	9.004	195	40269
occ_1345a63811279d7960c3f09df0afba92	SID531469	14750	15000	14555	9.992	9.992	195	40269
occ_1345a63811279d7960c3f09df0afba92	SID531469	15000	15250	14805	10.356	10.356	195	40269
occ_1345a63811279d7960c3f09df0afba92	SID531469	15250	15500	15055	10.364	10.364	195	40269
occ_1345a63811279d7960c3f09df0afba92	SID531469	15500	15750	15305	12.76	12.76	195	40269
occ_1345a63811279d7960c3f09df0afba92	SID531469	15750	16000	15555	12.536	12.536	195	40269
occ_1345a63811279d7960c3f09df0afba92	SID531469	16000	16250	15805	8.992	8.992	195	40269
occ_1345a63811279d7960c3f09df0afba92	SID531469	16250	16500	16055	7.484	7.484	195	40269
occ_1345a63811279d7960c3f09df0afba92	SID531469	16500	16750	16305	8.528	8.528	195	40269
occ_1345a63811279d7960c3f09df0afba92	SID531469	16750	17000	16555	10.444	10.444	195	40269
occ_1345a63811279d7960c3f09df0afba92	SID531469	17000	17250	16805	11.392	11.392	195	40269
occ_1345a63811279d7960c3f09df0afba92	SID531469	17250	17500	17055	12.896	12.896	195	40269
occ_1345a63811279d7960c3f09df0afba92	SID531469	17500	17750	17305	11.3	11.3	195	40269
occ_1345a63811279d7960c3f09df0afba92	SID531469	17750	18000	17555	9.264	9.264	195	40269
occ_1345a63811279d7960c3f09df0afba92	SID531469	18000	18250	17805	8.144	8.144	195	40269
occ_1345a63811279d7960c3f09df0afba92	SID531469	18250	18500	18055	9.432	9.432	195	40269
occ_1345a63811279d7960c3f09df0afba92	SID531469	18500	18750	18305	14.74	14.74	195	40269
occ_1345a63811279d7960c3f09df0afba92	SID531469	18750	19000	18555	9.708	9.708	195	40269
occ_1345a63811279d7960c3f09df0afba92	SID531469	19000	19250	18805	7.06	7.06	195	40269
occ_1345a63811279d7960c3f09df0afba92	SID531469	19250	19500	19055	6.704	6.704	195	40269
occ_1345a63811279d7960c3f09df0afba92	SID531469	19500	19750	19305	8.32	8.32	195	40269
occ_1345a63811279d7960c3f09df0afba92	SID531469	19750	20000	19555	10.196	10.196	195	40269
occ_1345a63811279d7960c3f09df0afba92	SID531469	20000	20250	19805	11.052	11.052	195	40269
occ_1345a63811279d7960c3f09df0afba92	SID531469	20250	20500	20055	10.56	10.56	195	40269
occ_1345a63811279d7960c3f09df0afba92	SID531469	20500	20750	20305	7.912	7.912	195	40269
occ_1345a63811279d7960c3f09df0afba92	SID531469	20750	21000	20555	6.664	6.664	195	40269
occ_1345a63811279d7960c3f09df0afba92	SID531469	21000	21250	20805	8.004	8.004	195	40269
occ_1345a63811279d7960c3f09df0afba92	SID531469	21250	21500	21055	10.604	10.604	195	40269
occ_1345a63811279d7960c3f09df0afba92	SID531469	21500	21750	21305	9.792	9.792	195	40269
occ_1345a63811279d7960c3f09df0afba92	SID531469	21750	22000	21555	7.424	7.424	195	40269
occ_1345a63811279d7960c3f09df0afba92	SID531469	22000	22250	21805	12.152	12.148	195	40269
occ_1345a63811279d7960c3f09df0afba92	SID531469	22250	22500	22055	12.224	12.224	195	40269
occ_1345a63811279d7960c3f09df0afba92	SID531469	22500	22750	22305	11.692	11.692	195	40269
occ_1345a63811279d7960c3f09df0afba92	SID531469	22750	23000	22555	12.116	12.116	195	40269
occ_1345a63811279d7960c3f09df0afba92	SID531469	23000	23250	22805	11.892	11.892	195	40269
occ_1345a63811279d7960c3f09df0afba92	SID531469	23250	23500	23055	10.624	10.624	195	40269
occ_1345a63811279d7960c3f09df0afba92	SID531469	23500	23750	23305	12.068	12.068	195	40269
occ_1345a63811279d7960c3f09df0afba92	SID531469	23750	24000	23555	11.664	11.664	195	40269
occ_1345a63811279d7960c3f09df0afba92	SID531469	24000	24250	23805	11.396	11.396	195	40269
occ_1345a63811279d7960c3f09df0afba92	SID531469	24250	24500	24055	10.236	10.236	195	40269
occ_1345a63811279d7960c3f09df0afba92	SID531469	24500	24750	24305	11.468	11.468	195	40269
occ_1345a63811279d7960c3f09df0afba92	SID531469	24750	25000	24555	11.42	11.42	195	40269
occ_1345a63811279d7960c3f09df0afba92	SID531469	25000	25250	24805	10.332	10.332	195	40269
occ_1345a63811279d7960c3f09df0afba92	SID531469	25250	25500	25055	9.996	9.996	195	40269
occ_1345a63811279d7960c3f09df0afba92	SID531469	25500	25750	25305	7.312	7.312	195	40269
occ_1345a63811279d7960c3f09df0afba92	SID531469	25750	26000	25555	7.548	7.548	195	40269
occ_1345a63811279d7960c3f09df0afba92	SID531469	26000	26250	25805	11.792	11.792	195	40269
occ_1345a63811279d7960c3f09df0afba92	SID531469	26250	26500	26055	9.156	9.156	195	40269
occ_1345a63811279d7960c3f09df0afba92	SID531469	26500	26750	26305	11.436	11.436	195	40269
occ_1345a63811279d7960c3f09df0afba92	SID531469	26750	27000	26555	10.716	10.716	195	40269
occ_1345a63811279d7960c3f09df0afba92	SID531469	27000	27250	26805	10.816	10.816	195	40269
occ_1345a63811279d7960c3f09df0afba92	SID531469	27250	27500	27055	15.096	15.096	195	40269
occ_1345a63811279d7960c3f09df0afba92	SID531469	27500	27750	27305	13.06	13.06	195	40269
occ_1345a63811279d7960c3f09df0afba92	SID531469	27750	28000	27555	10.816	10.816	195	40269
occ_1345a63811279d7960c3f09df0afba92	SID531469	28000	28250	27805	12.276	12.276	195	40269
occ_1345a63811279d7960c3f09df0afba92	SID531469	28250	28500	28055	12.952	12.952	195	40269
occ_1345a63811279d7960c3f09df0afba92	SID531469	28500	28750	28305	8.36	8.36	195	40269
occ_1345a63811279d7960c3f09df0afba92	SID531469	28750	29000	28555	8.364	8.364	195	40269
occ_1345a63811279d7960c3f09df0afba92	SID531469	29000	29250	28805	10.212	10.212	195	40269
occ_1345a63811279d7960c3f09df0afba92	SID531469	29250	29500	29055	15.536	15.536	195	40269
occ_1345a63811279d7960c3f09df0afba92	SID531469	29500	29750	29305	9.712	9.712	195	40269
occ_1345a63811279d7960c3f09df0afba92	SID531469	29750	30000	29555	7.212	7.212	195	40269
occ_1345a63811279d7960c3f09df0afba92	SID531469	30000	30250	29805	7.904	7.904	195	40269
occ_1345a63811279d7960c3f09df0afba92	SID531469	30250	30500	30055	8.072	8.072	195	40269
occ_1345a63811279d7960c3f09df0afba92	SID531469	30500	30750	30305	8.984	8.984	195	40269
occ_1345a63811279d7960c3f09df0afba92	SID531469	30750	31000	30555	11.328	11.328	195	40269
occ_1345a63811279d7960c3f09df0afba92	SID531469	31000	31250	30805	9.204	9.204	195	40269
occ_1345a63811279d7960c3f09df0afba92	SID531469	31250	31500	31055	9.036	9.036	195	40269
occ_1345a63811279d7960c3f09df0afba92	SID531469	31500	31750	31305	12.74	12.74	195	40269
occ_1345a63811279d7960c3f09df0afba92	SID531469	31750	32000	31555	11.54	11.54	195	40269
occ_1345a63811279d7960c3f09df0afba92	SID531469	32000	32250	31805	11.088	11.088	195	40269
occ_1345a63811279d7960c3f09df0afba92	SID531469	32250	32500	32055	10.408	10.408	195	40269
occ_1345a63811279d7960c3f09df0afba92	SID531469	32500	32750	32305	12.876	12.876	195	40269
occ_1345a63811279d7960c3f09df0afba92	SID531469	32750	33000	32555	12.516	12.516	195	40269
occ_1345a63811279d7960c3f09df0afba92	SID531469	33000	33250	32805	8.816	8.816	195	40269
occ_1345a63811279d7960c3f09df0afba92	SID531469	33250	33500	33055	9.668	9.668	195	40269
occ_1345a63811279d7960c3f09df0afba92	SID531469	33500	33750	33305	13.896	13.896	195	40269
occ_1345a63811279d7960c3f09df0afba92	SID531469	33750	34000	33555	12.804	12.804	195	40269
occ_1345a63811279d7960c3f09df0afba92	SID531469	34000	34250	33805	13.88	13.88	195	40269
occ_1345a63811279d7960c3f09df0afba92	SID531469	34250	34500	34055	14.94	14.94	195	40269
occ_1345a63811279d7960c3f09df0afba92	SID531469	34500	34750	34305	9.508	9.508	195	40269
occ_1345a63811279d7960c3f09df0afba92	SID531469	34750	35000	34555	9.036	9.036	195	40269
occ_1345a63811279d7960c3f09df0afba92	SID531469	35000	35250	34805	8.956	8.956	195	40269
occ_1345a63811279d7960c3f09df0afba92	SID531469	35250	35500	35055	8.992	8.992	195	40269
occ_1345a63811279d7960c3f09df0afba92	SID531469	35500	35750	35305	9.884	9.884	195	40269
occ_1345a63811279d7960c3f09df0afba92	SID531469	35750	36000	35555	9.872	9.872	195	40269
occ_1345a63811279d7960c3f09df0afba92	SID531469	36000	36250	35805	13.176	13.176	195	40269
occ_1345a63811279d7960c3f09df0afba92	SID531469	36250	36500	36055	12.436	12.436	195	40269
occ_1345a63811279d7960c3f09df0afba92	SID531469	36500	36750	36305	10.092	10.092	195	40269
occ_1345a63811279d7960c3f09df0afba92	SID531469	36750	37000	36555	12.024	12.024	195	40269
occ_1345a63811279d7960c3f09df0afba92	SID531469	37000	37250	36805	12.12	12.12	195	40269
occ_1345a63811279d7960c3f09df0afba92	SID531469	37250	37500	37055	14.084	14.084	195	40269
occ_1345a63811279d7960c3f09df0afba92	SID531469	37500	37750	37305	14.388	14.388	195	40269
occ_1345a63811279d7960c3f09df0afba92	SID531469	37750	38000	37555	12.756	12.756	195	40269
occ_1345a63811279d7960c3f09df0afba92	SID531469	38000	38250	37805	7.176	7.176	195	40269
occ_1345a63811279d7960c3f09df0afba92	SID531469	38250	38500	38055	7.024	7.024	195	40269
occ_1345a63811279d7960c3f09df0afba92	SID531469	38500	38750	38305	8.444	8.444	195	40269
occ_1345a63811279d7960c3f09df0afba92	SID531469	38750	39000	38555	9.116	9.116	195	40269
occ_1345a63811279d7960c3f09df0afba92	SID531469	39000	39250	38805	5.508	5.508	195	40269
occ_1345a63811279d7960c3f09df0afba92	SID531469	39250	39500	39055	8.852	8.852	195	40269
occ_1345a63811279d7960c3f09df0afba92	SID531469	39500	39750	39305	9.652	9.652	195	40269
occ_1345a63811279d7960c3f09df0afba92	SID531469	39750	40000	39555	15.124	15.124	195	40269
occ_1345a63811279d7960c3f09df0afba92	SID531469	40000	40250	39805	15.084	15.084	195	40269
occ_1345a63811279d7960c3f09df0afba92	SID531469	40250	40500	40055	11.988	11.988	195	40269
occ_1345a63811279d7960c3f09df0afba92	SID531469	40500	40750	40305	13.812	13.812	195	40269
occ_1345a63811279d7960c3f09df0afba92	SID531469	40750	41000	40555	16.324	16.324	195	40269
occ_1345a63811279d7960c3f09df0afba92	SID531469	41000	41250	40805	15.464	15.464	195	40269
occ_1345a63811279d7960c3f09df0afba92	SID531469	41250	41500	41055	16.26	16.26	195	40269
occ_1345a63811279d7960c3f09df0afba92	SID531469	41500	41750	41305	20.636	20.636	195	40269
occ_1345a63811279d7960c3f09df0afba92	SID531469	41750	42000	41555	18.02	18.02	195	40269
occ_1345a63811279d7960c3f09df0afba92	SID531469	42000	42250	41805	19.652	19.652	195	40269
occ_1345a63811279d7960c3f09df0afba92	SID531469	42250	42500	42055	19.96	19.96	195	40269
occ_1345a63811279d7960c3f09df0afba92	SID531469	42500	42750	42305	17.084	17.084	195	40269
occ_1345a63811279d7960c3f09df0afba92	SID531469	42750	43000	42555	20.276	20.276	195	40269
occ_1345a63811279d7960c3f09df0afba92	SID531469	43000	43250	42805	19.388	19.388	195	40269
occ_1345a63811279d7960c3f09df0afba92	SID531469	43250	43500	43055	19.976	19.976	195	40269
occ_1345a63811279d7960c3f09df0afba92	SID531469	43500	43750	43305	19.516	19.516	195	40269
occ_1345a63811279d7960c3f09df0afba92	SID531469	43750	44000	43555	18.488	18.488	195	40269
occ_1345a63811279d7960c3f09df0afba92	SID531469	44000	44250	43805	16.048	16.048	195	40269
occ_1345a63811279d7960c3f09df0afba92	SID531469	44250	44500	44055	14.04	14.04	195	40269
occ_1345a63811279d7960c3f09df0afba92	SID531469	44500	44750	44305	16.032	16.032	195	40269
occ_1345a63811279d7960c3f09df0afba92	SID531469	44750	45000	44555	16.024	16.024	195	40269
occ_1345a63811279d7960c3f09df0afba92	SID531469	45000	45250	44805	18.024	18.024	195	40269
occ_1345a63811279d7960c3f09df0afba92	SID531469	45250	45269	45055	18.210526315789473	18.210526315789473	195	40269
occ_182917976573859366b041c58675ec39	SID531469	19904	20154	-5000	83.568	83.568	24904	34011
occ_182917976573859366b041c58675ec39	SID531469	20154	20404	-4750	96.284	95.948	24904	34011
occ_182917976573859366b041c58675ec39	SID531469	20404	20654	-4500	96.008	96.008	24904	34011
occ_182917976573859366b041c58675ec39	SID531469	20654	20904	-4250	90.272	90.272	24904	34011
occ_182917976573859366b041c58675ec39	SID531469	20904	21154	-4000	100.412	100.412	24904	34011
occ_182917976573859366b041c58675ec39	SID531469	21154	21404	-3750	99.388	99.388	24904	34011
occ_182917976573859366b041c58675ec39	SID531469	21404	21654	-3500	98.952	98.732	24904	34011
occ_182917976573859366b041c58675ec39	SID531469	21654	21904	-3250	71.432	71.432	24904	34011
occ_182917976573859366b041c58675ec39	SID531469	21904	22154	-3000	85.908	85.908	24904	34011
occ_182917976573859366b041c58675ec39	SID531469	22154	22404	-2750	92.38	92.38	24904	34011
occ_182917976573859366b041c58675ec39	SID531469	22404	22654	-2500	107.212	107.212	24904	34011
occ_182917976573859366b041c58675ec39	SID531469	22654	22904	-2250	97.876	97.876	24904	34011
occ_182917976573859366b041c58675ec39	SID531469	22904	23154	-2000	115.168	115.164	24904	34011
occ_182917976573859366b041c58675ec39	SID531469	23154	23404	-1750	105.532	105.532	24904	34011
occ_182917976573859366b041c58675ec39	SID531469	23404	23654	-1500	105.336	105.336	24904	34011
occ_182917976573859366b041c58675ec39	SID531469	23654	23904	-1250	93.004	93.004	24904	34011
occ_182917976573859366b041c58675ec39	SID531469	23904	24154	-1000	94.368	94.368	24904	34011
occ_182917976573859366b041c58675ec39	SID531469	24154	24404	-750	89.092	89.088	24904	34011
occ_182917976573859366b041c58675ec39	SID531469	24404	24654	-500	91.256	91.256	24904	34011
occ_182917976573859366b041c58675ec39	SID531469	24654	24904	-250	95.252	95.252	24904	34011
occ_182917976573859366b041c58675ec39	SID531469	24904	25154	0	94.784	94.784	24904	34011
occ_182917976573859366b041c58675ec39	SID531469	25154	25404	250	94.196	94.196	24904	34011
occ_182917976573859366b041c58675ec39	SID531469	25404	25654	500	70.912	70.912	24904	34011
occ_182917976573859366b041c58675ec39	SID531469	25654	25904	750	76.928	76.928	24904	34011
occ_182917976573859366b041c58675ec39	SID531469	25904	26154	1000	100.312	100.312	24904	34011
occ_182917976573859366b041c58675ec39	SID531469	26154	26404	1250	77.356	77.356	24904	34011
occ_182917976573859366b041c58675ec39	SID531469	26404	26654	1500	84.024	84.024	24904	34011
occ_182917976573859366b041c58675ec39	SID531469	26654	26904	1750	87.464	87.464	24904	34011
occ_182917976573859366b041c58675ec39	SID531469	26904	27154	2000	87.688	87.684	24904	34011
occ_182917976573859366b041c58675ec39	SID531469	27154	27404	2250	78.28	78.276	24904	34011
occ_182917976573859366b041c58675ec39	SID531469	27404	27654	2500	90.52	90.52	24904	34011
occ_182917976573859366b041c58675ec39	SID531469	27654	27904	2750	105.724	105.716	24904	34011
occ_182917976573859366b041c58675ec39	SID531469	27904	28154	3000	109.2	109.2	24904	34011
occ_182917976573859366b041c58675ec39	SID531469	28154	28404	3250	88.228	88.228	24904	34011
occ_182917976573859366b041c58675ec39	SID531469	28404	28654	3500	91.636	91.636	24904	34011
occ_182917976573859366b041c58675ec39	SID531469	28654	28904	3750	101.676	101.668	24904	34011
occ_182917976573859366b041c58675ec39	SID531469	28904	29154	4000	92.228	92.228	24904	34011
occ_182917976573859366b041c58675ec39	SID531469	29154	29404	4250	85.116	85.116	24904	34011
occ_182917976573859366b041c58675ec39	SID531469	29404	29654	4500	81.928	81.928	24904	34011
occ_182917976573859366b041c58675ec39	SID531469	29654	29904	4750	97.528	97.528	24904	34011
occ_182917976573859366b041c58675ec39	SID531469	29904	30154	5000	93.096	93.096	24904	34011
occ_182917976573859366b041c58675ec39	SID531469	30154	30404	5250	100.32	100.32	24904	34011
occ_182917976573859366b041c58675ec39	SID531469	30404	30654	5500	87.344	86.968	24904	34011
occ_182917976573859366b041c58675ec39	SID531469	30654	30904	5750	101.136	101.136	24904	34011
occ_182917976573859366b041c58675ec39	SID531469	30904	31154	6000	86.984	86.984	24904	34011
occ_182917976573859366b041c58675ec39	SID531469	31154	31404	6250	79.056	79.056	24904	34011
occ_182917976573859366b041c58675ec39	SID531469	31404	31654	6500	84.716	84.716	24904	34011
occ_182917976573859366b041c58675ec39	SID531469	31654	31904	6750	74.544	74.544	24904	34011
occ_182917976573859366b041c58675ec39	SID531469	31904	32154	7000	87.856	87.772	24904	34011
occ_182917976573859366b041c58675ec39	SID531469	32154	32404	7250	100.712	99.26	24904	34011
occ_182917976573859366b041c58675ec39	SID531469	32404	32654	7500	101.528	101.528	24904	34011
occ_182917976573859366b041c58675ec39	SID531469	32654	32904	7750	87.776	87.74	24904	34011
occ_182917976573859366b041c58675ec39	SID531469	32904	33154	8000	84.804	83.164	24904	34011
occ_182917976573859366b041c58675ec39	SID531469	33154	33404	8250	88.376	77.112	24904	34011
occ_182917976573859366b041c58675ec39	SID531469	33404	33654	8500	107.62	101.516	24904	34011
occ_182917976573859366b041c58675ec39	SID531469	33654	33904	8750	112.684	110.288	24904	34011
occ_182917976573859366b041c58675ec39	SID531469	33904	34154	9000	109.032	107.364	24904	34011
occ_182917976573859366b041c58675ec39	SID531469	34154	34404	9250	95.356	95.356	24904	34011
occ_182917976573859366b041c58675ec39	SID531469	34404	34654	9500	102.548	102.548	24904	34011
occ_182917976573859366b041c58675ec39	SID531469	34654	34904	9750	111.26	111.26	24904	34011
occ_182917976573859366b041c58675ec39	SID531469	34904	35154	10000	83.56	83.4	24904	34011
occ_182917976573859366b041c58675ec39	SID531469	35154	35404	10250	92.016	91.624	24904	34011
occ_182917976573859366b041c58675ec39	SID531469	35404	35654	10500	88.22	88.22	24904	34011
occ_182917976573859366b041c58675ec39	SID531469	35654	35904	10750	71.908	71.908	24904	34011
occ_182917976573859366b041c58675ec39	SID531469	35904	36154	11000	94.26	94.26	24904	34011
occ_182917976573859366b041c58675ec39	SID531469	36154	36404	11250	100.452	100.452	24904	34011
occ_182917976573859366b041c58675ec39	SID531469	36404	36654	11500	86.116	85.836	24904	34011
occ_182917976573859366b041c58675ec39	SID531469	36654	36904	11750	80.04	80.04	24904	34011
occ_182917976573859366b041c58675ec39	SID531469	36904	37154	12000	99.452	99.452	24904	34011
occ_182917976573859366b041c58675ec39	SID531469	37154	37404	12250	94.4	94.4	24904	34011
occ_182917976573859366b041c58675ec39	SID531469	37404	37654	12500	82.856	82.856	24904	34011
occ_182917976573859366b041c58675ec39	SID531469	37654	37904	12750	75.464	75.464	24904	34011
occ_182917976573859366b041c58675ec39	SID531469	37904	38154	13000	110.188	110.188	24904	34011
occ_182917976573859366b041c58675ec39	SID531469	38154	38404	13250	107.456	107.456	24904	34011
occ_182917976573859366b041c58675ec39	SID531469	38404	38654	13500	99.668	99.668	24904	34011
occ_182917976573859366b041c58675ec39	SID531469	38654	38904	13750	93.564	93.564	24904	34011
occ_182917976573859366b041c58675ec39	SID531469	38904	39011	14000	109.85981308411215	109.85981308411215	24904	34011
occ_213696664791a116e8b152e51d1fd81b	SID531469	10134	10384	-5000	11.648	11.648	15134	29622
occ_213696664791a116e8b152e51d1fd81b	SID531469	10384	10634	-4750	16.868	16.868	15134	29622
occ_213696664791a116e8b152e51d1fd81b	SID531469	10634	10884	-4500	16.004	16.004	15134	29622
occ_213696664791a116e8b152e51d1fd81b	SID531469	10884	11134	-4250	17.42	17.42	15134	29622
occ_213696664791a116e8b152e51d1fd81b	SID531469	11134	11384	-4000	18.308	18.308	15134	29622
occ_213696664791a116e8b152e51d1fd81b	SID531469	11384	11634	-3750	16.132	16.132	15134	29622
occ_213696664791a116e8b152e51d1fd81b	SID531469	11634	11884	-3500	17.92	17.92	15134	29622
occ_213696664791a116e8b152e51d1fd81b	SID531469	11884	12134	-3250	16.644	16.644	15134	29622
occ_213696664791a116e8b152e51d1fd81b	SID531469	12134	12384	-3000	17.332	17.332	15134	29622
occ_213696664791a116e8b152e51d1fd81b	SID531469	12384	12634	-2750	21.716	21.716	15134	29622
occ_213696664791a116e8b152e51d1fd81b	SID531469	12634	12884	-2500	21.236	21.236	15134	29622
occ_213696664791a116e8b152e51d1fd81b	SID531469	12884	13134	-2250	16.876	16.876	15134	29622
occ_213696664791a116e8b152e51d1fd81b	SID531469	13134	13384	-2000	10.628	10.628	15134	29622
occ_213696664791a116e8b152e51d1fd81b	SID531469	13384	13634	-1750	12.732	12.732	15134	29622
occ_213696664791a116e8b152e51d1fd81b	SID531469	13634	13884	-1500	12.832	12.832	15134	29622
occ_213696664791a116e8b152e51d1fd81b	SID531469	13884	14134	-1250	17.968	17.968	15134	29622
occ_213696664791a116e8b152e51d1fd81b	SID531469	14134	14384	-1000	16.904	16.904	15134	29622
occ_213696664791a116e8b152e51d1fd81b	SID531469	14384	14634	-750	16.104	16.104	15134	29622
occ_213696664791a116e8b152e51d1fd81b	SID531469	14634	14884	-500	14.084	14.084	15134	29622
occ_213696664791a116e8b152e51d1fd81b	SID531469	14884	15134	-250	10.928	10.928	15134	29622
occ_213696664791a116e8b152e51d1fd81b	SID531469	15134	15384	0	15.368	15.368	15134	29622
occ_213696664791a116e8b152e51d1fd81b	SID531469	15384	15634	250	22.384	22.384	15134	29622
occ_213696664791a116e8b152e51d1fd81b	SID531469	15634	15884	500	20.068	20.068	15134	29622
occ_213696664791a116e8b152e51d1fd81b	SID531469	15884	16134	750	16.352	16.352	15134	29622
occ_213696664791a116e8b152e51d1fd81b	SID531469	16134	16384	1000	16.492	16.492	15134	29622
occ_213696664791a116e8b152e51d1fd81b	SID531469	16384	16634	1250	15.808	15.808	15134	29622
occ_213696664791a116e8b152e51d1fd81b	SID531469	16634	16884	1500	13.912	13.912	15134	29622
occ_213696664791a116e8b152e51d1fd81b	SID531469	16884	17134	1750	14.5	14.5	15134	29622
occ_213696664791a116e8b152e51d1fd81b	SID531469	17134	17384	2000	16.372	16.372	15134	29622
occ_213696664791a116e8b152e51d1fd81b	SID531469	17384	17634	2250	18.616	18.616	15134	29622
occ_213696664791a116e8b152e51d1fd81b	SID531469	17634	17884	2500	19.916	19.916	15134	29622
occ_213696664791a116e8b152e51d1fd81b	SID531469	17884	18134	2750	18.892	18.892	15134	29622
occ_213696664791a116e8b152e51d1fd81b	SID531469	18134	18384	3000	14.176	14.176	15134	29622
occ_213696664791a116e8b152e51d1fd81b	SID531469	18384	18634	3250	11.732	11.732	15134	29622
occ_213696664791a116e8b152e51d1fd81b	SID531469	18634	18884	3500	19.596	19.596	15134	29622
occ_213696664791a116e8b152e51d1fd81b	SID531469	18884	19134	3750	23.576	23.576	15134	29622
occ_213696664791a116e8b152e51d1fd81b	SID531469	19134	19384	4000	17.02	17.02	15134	29622
occ_213696664791a116e8b152e51d1fd81b	SID531469	19384	19634	4250	14.536	14.536	15134	29622
occ_213696664791a116e8b152e51d1fd81b	SID531469	19634	19884	4500	19.192	19.192	15134	29622
occ_213696664791a116e8b152e51d1fd81b	SID531469	19884	20134	4750	19.74	19.74	15134	29622
occ_213696664791a116e8b152e51d1fd81b	SID531469	20134	20384	5000	13.404	13.404	15134	29622
occ_213696664791a116e8b152e51d1fd81b	SID531469	20384	20634	5250	10.896	10.896	15134	29622
occ_213696664791a116e8b152e51d1fd81b	SID531469	20634	20884	5500	8.228	8.228	15134	29622
occ_213696664791a116e8b152e51d1fd81b	SID531469	20884	21134	5750	8.116	8.112	15134	29622
occ_213696664791a116e8b152e51d1fd81b	SID531469	21134	21384	6000	15.704	15.704	15134	29622
occ_213696664791a116e8b152e51d1fd81b	SID531469	21384	21634	6250	14.86	14.86	15134	29622
occ_213696664791a116e8b152e51d1fd81b	SID531469	21634	21884	6500	14.652	14.652	15134	29622
occ_213696664791a116e8b152e51d1fd81b	SID531469	21884	22134	6750	13.024	13.024	15134	29622
occ_213696664791a116e8b152e51d1fd81b	SID531469	22134	22384	7000	15.86	15.86	15134	29622
occ_213696664791a116e8b152e51d1fd81b	SID531469	22384	22634	7250	12.704	12.704	15134	29622
occ_213696664791a116e8b152e51d1fd81b	SID531469	22634	22884	7500	12.04	12.04	15134	29622
occ_213696664791a116e8b152e51d1fd81b	SID531469	22884	23134	7750	17.56	17.56	15134	29622
occ_213696664791a116e8b152e51d1fd81b	SID531469	23134	23384	8000	16.204	16.204	15134	29622
occ_213696664791a116e8b152e51d1fd81b	SID531469	23384	23634	8250	12.956	12.956	15134	29622
occ_213696664791a116e8b152e51d1fd81b	SID531469	23634	23884	8500	19.136	19.136	15134	29622
occ_213696664791a116e8b152e51d1fd81b	SID531469	23884	24134	8750	15.768	15.768	15134	29622
occ_213696664791a116e8b152e51d1fd81b	SID531469	24134	24384	9000	13.88	13.88	15134	29622
occ_213696664791a116e8b152e51d1fd81b	SID531469	24384	24634	9250	15.144	15.144	15134	29622
occ_213696664791a116e8b152e51d1fd81b	SID531469	24634	24884	9500	15.024	15.024	15134	29622
occ_213696664791a116e8b152e51d1fd81b	SID531469	24884	25134	9750	20.068	20.068	15134	29622
occ_213696664791a116e8b152e51d1fd81b	SID531469	25134	25384	10000	14.276	14.276	15134	29622
occ_213696664791a116e8b152e51d1fd81b	SID531469	25384	25634	10250	19.908	19.908	15134	29622
occ_213696664791a116e8b152e51d1fd81b	SID531469	25634	25884	10500	21.292	21.292	15134	29622
occ_213696664791a116e8b152e51d1fd81b	SID531469	25884	26134	10750	15.752	15.752	15134	29622
occ_213696664791a116e8b152e51d1fd81b	SID531469	26134	26384	11000	19.784	19.784	15134	29622
occ_213696664791a116e8b152e51d1fd81b	SID531469	26384	26634	11250	22.056	22.056	15134	29622
occ_213696664791a116e8b152e51d1fd81b	SID531469	26634	26884	11500	21.588	21.588	15134	29622
occ_213696664791a116e8b152e51d1fd81b	SID531469	26884	27134	11750	21.068	21.068	15134	29622
occ_213696664791a116e8b152e51d1fd81b	SID531469	27134	27384	12000	19.952	19.952	15134	29622
occ_213696664791a116e8b152e51d1fd81b	SID531469	27384	27634	12250	19.936	19.936	15134	29622
occ_213696664791a116e8b152e51d1fd81b	SID531469	27634	27884	12500	22.516	22.516	15134	29622
occ_213696664791a116e8b152e51d1fd81b	SID531469	27884	28134	12750	15.036	15.036	15134	29622
occ_213696664791a116e8b152e51d1fd81b	SID531469	28134	28384	13000	14.312	14.312	15134	29622
occ_213696664791a116e8b152e51d1fd81b	SID531469	28384	28634	13250	17.66	17.66	15134	29622
occ_213696664791a116e8b152e51d1fd81b	SID531469	28634	28884	13500	16.792	16.792	15134	29622
occ_213696664791a116e8b152e51d1fd81b	SID531469	28884	29134	13750	20.624	20.624	15134	29622
occ_213696664791a116e8b152e51d1fd81b	SID531469	29134	29384	14000	20.168	20.168	15134	29622
occ_213696664791a116e8b152e51d1fd81b	SID531469	29384	29634	14250	15.616	15.616	15134	29622
occ_213696664791a116e8b152e51d1fd81b	SID531469	29634	29884	14500	14.132	14.132	15134	29622
occ_213696664791a116e8b152e51d1fd81b	SID531469	29884	30134	14750	15.316	15.316	15134	29622
occ_213696664791a116e8b152e51d1fd81b	SID531469	30134	30384	15000	19.272	19.272	15134	29622
occ_213696664791a116e8b152e51d1fd81b	SID531469	30384	30634	15250	17.288	17.288	15134	29622
occ_213696664791a116e8b152e51d1fd81b	SID531469	30634	30884	15500	13.024	13.024	15134	29622
occ_213696664791a116e8b152e51d1fd81b	SID531469	30884	31134	15750	12.808	12.808	15134	29622
occ_213696664791a116e8b152e51d1fd81b	SID531469	31134	31384	16000	15.932	15.932	15134	29622
occ_213696664791a116e8b152e51d1fd81b	SID531469	31384	31634	16250	14.1	14.1	15134	29622
occ_213696664791a116e8b152e51d1fd81b	SID531469	31634	31884	16500	16.784	16.784	15134	29622
occ_213696664791a116e8b152e51d1fd81b	SID531469	31884	32134	16750	21.56	21.56	15134	29622
occ_213696664791a116e8b152e51d1fd81b	SID531469	32134	32384	17000	19.468	19.468	15134	29622
occ_213696664791a116e8b152e51d1fd81b	SID531469	32384	32634	17250	14.664	14.664	15134	29622
occ_213696664791a116e8b152e51d1fd81b	SID531469	32634	32884	17500	12.276	12.276	15134	29622
occ_213696664791a116e8b152e51d1fd81b	SID531469	32884	33134	17750	16.924	16.924	15134	29622
occ_213696664791a116e8b152e51d1fd81b	SID531469	33134	33384	18000	20.608	20.608	15134	29622
occ_213696664791a116e8b152e51d1fd81b	SID531469	33384	33634	18250	19.576	19.576	15134	29622
occ_213696664791a116e8b152e51d1fd81b	SID531469	33634	33884	18500	18.796	18.796	15134	29622
occ_213696664791a116e8b152e51d1fd81b	SID531469	33884	34134	18750	15.824	15.824	15134	29622
occ_213696664791a116e8b152e51d1fd81b	SID531469	34134	34384	19000	17.432	17.432	15134	29622
occ_213696664791a116e8b152e51d1fd81b	SID531469	34384	34622	19250	17.823529411764707	17.823529411764707	15134	29622
occ_2388167839633c2d9f582f5784b20559	SID531469	7463	7713	-5000	6.656	6.656	12463	145504
occ_2388167839633c2d9f582f5784b20559	SID531469	7713	7963	-4750	9.82	9.82	12463	145504
occ_2388167839633c2d9f582f5784b20559	SID531469	7963	8213	-4500	18.48	18.48	12463	145504
occ_2388167839633c2d9f582f5784b20559	SID531469	8213	8463	-4250	17.556	17.556	12463	145504
occ_2388167839633c2d9f582f5784b20559	SID531469	8463	8713	-4000	13.692	13.676	12463	145504
occ_2388167839633c2d9f582f5784b20559	SID531469	8713	8963	-3750	16.852	16.852	12463	145504
occ_2388167839633c2d9f582f5784b20559	SID531469	8963	9213	-3500	13.936	13.936	12463	145504
occ_2388167839633c2d9f582f5784b20559	SID531469	9213	9463	-3250	17.984	17.984	12463	145504
occ_2388167839633c2d9f582f5784b20559	SID531469	9463	9713	-3000	21.68	21.68	12463	145504
occ_2388167839633c2d9f582f5784b20559	SID531469	9713	9963	-2750	18.336	18.336	12463	145504
occ_2388167839633c2d9f582f5784b20559	SID531469	9963	10213	-2500	19.336	19.336	12463	145504
occ_2388167839633c2d9f582f5784b20559	SID531469	10213	10463	-2250	21.964	21.964	12463	145504
occ_2388167839633c2d9f582f5784b20559	SID531469	10463	10713	-2000	19.78	19.78	12463	145504
occ_2388167839633c2d9f582f5784b20559	SID531469	10713	10963	-1750	14.448	14.448	12463	145504
occ_2388167839633c2d9f582f5784b20559	SID531469	10963	11213	-1500	15.576	15.576	12463	145504
occ_2388167839633c2d9f582f5784b20559	SID531469	11213	11463	-1250	13.2	13.2	12463	145504
occ_2388167839633c2d9f582f5784b20559	SID531469	11463	11713	-1000	10.272	10.272	12463	145504
occ_2388167839633c2d9f582f5784b20559	SID531469	11713	11963	-750	9.768	9.768	12463	145504
occ_2388167839633c2d9f582f5784b20559	SID531469	11963	12213	-500	8.6	8.6	12463	145504
occ_2388167839633c2d9f582f5784b20559	SID531469	12213	12463	-250	9.444	9.444	12463	145504
occ_2388167839633c2d9f582f5784b20559	SID531469	12463	12713	0	11.116	11.116	12463	145504
occ_2388167839633c2d9f582f5784b20559	SID531469	12713	12963	250	12.056	12.056	12463	145504
occ_2388167839633c2d9f582f5784b20559	SID531469	12963	13213	500	14.672	14.672	12463	145504
occ_2388167839633c2d9f582f5784b20559	SID531469	13213	13463	750	18.272	18.272	12463	145504
occ_2388167839633c2d9f582f5784b20559	SID531469	13463	13713	1000	15.54	15.54	12463	145504
occ_2388167839633c2d9f582f5784b20559	SID531469	13713	13963	1250	18.856	18.856	12463	145504
occ_2388167839633c2d9f582f5784b20559	SID531469	13963	14213	1500	14.288	14.288	12463	145504
occ_2388167839633c2d9f582f5784b20559	SID531469	14213	14463	1750	9.244	9.244	12463	145504
occ_2388167839633c2d9f582f5784b20559	SID531469	14463	14713	2000	11.664	11.664	12463	145504
occ_2388167839633c2d9f582f5784b20559	SID531469	14713	14963	2250	13.516	13.516	12463	145504
occ_2388167839633c2d9f582f5784b20559	SID531469	14963	15213	2500	14.384	14.384	12463	145504
occ_2388167839633c2d9f582f5784b20559	SID531469	15213	15463	2750	12.34	12.34	12463	145504
occ_2388167839633c2d9f582f5784b20559	SID531469	15463	15713	3000	13.308	13.308	12463	145504
occ_2388167839633c2d9f582f5784b20559	SID531469	15713	15963	3250	16.284	16.284	12463	145504
occ_2388167839633c2d9f582f5784b20559	SID531469	15963	16213	3500	14.5	14.5	12463	145504
occ_2388167839633c2d9f582f5784b20559	SID531469	16213	16463	3750	14.804	14.8	12463	145504
occ_2388167839633c2d9f582f5784b20559	SID531469	16463	16713	4000	16.12	16.12	12463	145504
occ_2388167839633c2d9f582f5784b20559	SID531469	16713	16963	4250	16.016	16.016	12463	145504
occ_2388167839633c2d9f582f5784b20559	SID531469	16963	17213	4500	15.492	15.492	12463	145504
occ_2388167839633c2d9f582f5784b20559	SID531469	17213	17463	4750	17.42	17.42	12463	145504
occ_2388167839633c2d9f582f5784b20559	SID531469	17463	17713	5000	14.392	14.392	12463	145504
occ_2388167839633c2d9f582f5784b20559	SID531469	17713	17963	5250	14.684	14.684	12463	145504
occ_2388167839633c2d9f582f5784b20559	SID531469	17963	18213	5500	13.556	13.556	12463	145504
occ_2388167839633c2d9f582f5784b20559	SID531469	18213	18463	5750	12.34	12.34	12463	145504
occ_2388167839633c2d9f582f5784b20559	SID531469	18463	18713	6000	15.248	15.248	12463	145504
occ_2388167839633c2d9f582f5784b20559	SID531469	18713	18963	6250	15.3	15.3	12463	145504
occ_2388167839633c2d9f582f5784b20559	SID531469	18963	19213	6500	13.184	13.184	12463	145504
occ_2388167839633c2d9f582f5784b20559	SID531469	19213	19463	6750	12.82	12.82	12463	145504
occ_2388167839633c2d9f582f5784b20559	SID531469	19463	19713	7000	12.624	12.624	12463	145504
occ_2388167839633c2d9f582f5784b20559	SID531469	19713	19963	7250	15.276	15.276	12463	145504
occ_2388167839633c2d9f582f5784b20559	SID531469	19963	20213	7500	14.188	14.188	12463	145504
occ_2388167839633c2d9f582f5784b20559	SID531469	20213	20463	7750	13.188	13.188	12463	145504
occ_2388167839633c2d9f582f5784b20559	SID531469	20463	20713	8000	13.66	13.66	12463	145504
occ_2388167839633c2d9f582f5784b20559	SID531469	20713	20963	8250	12.5	12.5	12463	145504
occ_2388167839633c2d9f582f5784b20559	SID531469	20963	21213	8500	15.52	15.52	12463	145504
occ_2388167839633c2d9f582f5784b20559	SID531469	21213	21463	8750	14.836	14.836	12463	145504
occ_2388167839633c2d9f582f5784b20559	SID531469	21463	21713	9000	13.196	13.196	12463	145504
occ_2388167839633c2d9f582f5784b20559	SID531469	21713	21963	9250	13.348	13.348	12463	145504
occ_2388167839633c2d9f582f5784b20559	SID531469	21963	22213	9500	13.396	13.396	12463	145504
occ_2388167839633c2d9f582f5784b20559	SID531469	22213	22463	9750	16.876	16.876	12463	145504
occ_2388167839633c2d9f582f5784b20559	SID531469	22463	22713	10000	14.068	14.068	12463	145504
occ_2388167839633c2d9f582f5784b20559	SID531469	22713	22963	10250	13.128	13.128	12463	145504
occ_2388167839633c2d9f582f5784b20559	SID531469	22963	23213	10500	14.884	14.884	12463	145504
occ_2388167839633c2d9f582f5784b20559	SID531469	23213	23463	10750	16.664	16.664	12463	145504
occ_2388167839633c2d9f582f5784b20559	SID531469	23463	23713	11000	16.42	16.42	12463	145504
occ_2388167839633c2d9f582f5784b20559	SID531469	23713	23963	11250	11.62	11.62	12463	145504
occ_2388167839633c2d9f582f5784b20559	SID531469	23963	24213	11500	13.632	13.632	12463	145504
occ_2388167839633c2d9f582f5784b20559	SID531469	24213	24463	11750	17.104	17.104	12463	145504
occ_2388167839633c2d9f582f5784b20559	SID531469	24463	24713	12000	17.232	17.232	12463	145504
occ_2388167839633c2d9f582f5784b20559	SID531469	24713	24963	12250	15.072	15.072	12463	145504
occ_2388167839633c2d9f582f5784b20559	SID531469	24963	25213	12500	13.956	13.956	12463	145504
occ_2388167839633c2d9f582f5784b20559	SID531469	25213	25463	12750	12.896	12.896	12463	145504
occ_2388167839633c2d9f582f5784b20559	SID531469	25463	25713	13000	9.124	9.124	12463	145504
occ_2388167839633c2d9f582f5784b20559	SID531469	25713	25963	13250	13.808	13.808	12463	145504
occ_2388167839633c2d9f582f5784b20559	SID531469	25963	26213	13500	14.024	14.024	12463	145504
occ_2388167839633c2d9f582f5784b20559	SID531469	26213	26463	13750	12.192	12.192	12463	145504
occ_2388167839633c2d9f582f5784b20559	SID531469	26463	26713	14000	14.76	14.76	12463	145504
occ_2388167839633c2d9f582f5784b20559	SID531469	26713	26963	14250	8.18	8.18	12463	145504
occ_2388167839633c2d9f582f5784b20559	SID531469	26963	27213	14500	12.128	12.128	12463	145504
occ_2388167839633c2d9f582f5784b20559	SID531469	27213	27463	14750	17.448	17.448	12463	145504
occ_2388167839633c2d9f582f5784b20559	SID531469	27463	27713	15000	17.324	17.324	12463	145504
occ_2388167839633c2d9f582f5784b20559	SID531469	27713	27963	15250	15.552	15.552	12463	145504
occ_2388167839633c2d9f582f5784b20559	SID531469	27963	28213	15500	19.692	19.692	12463	145504
occ_2388167839633c2d9f582f5784b20559	SID531469	28213	28463	15750	16.752	16.752	12463	145504
occ_2388167839633c2d9f582f5784b20559	SID531469	28463	28713	16000	8.524	8.524	12463	145504
occ_2388167839633c2d9f582f5784b20559	SID531469	28713	28963	16250	7.82	7.82	12463	145504
occ_2388167839633c2d9f582f5784b20559	SID531469	28963	29213	16500	11.284	11.284	12463	145504
occ_2388167839633c2d9f582f5784b20559	SID531469	29213	29463	16750	11.076	11.076	12463	145504
occ_2388167839633c2d9f582f5784b20559	SID531469	29463	29713	17000	11.276	11.276	12463	145504
occ_2388167839633c2d9f582f5784b20559	SID531469	29713	29963	17250	15.876	15.876	12463	145504
occ_2388167839633c2d9f582f5784b20559	SID531469	29963	30213	17500	14.108	14.108	12463	145504
occ_2388167839633c2d9f582f5784b20559	SID531469	30213	30463	17750	12.316	12.316	12463	145504
occ_2388167839633c2d9f582f5784b20559	SID531469	30463	30713	18000	11.1	11.1	12463	145504
occ_2388167839633c2d9f582f5784b20559	SID531469	30713	30963	18250	13.372	13.372	12463	145504
occ_2388167839633c2d9f582f5784b20559	SID531469	30963	31213	18500	11.444	11.444	12463	145504
occ_2388167839633c2d9f582f5784b20559	SID531469	31213	31463	18750	11.684	11.684	12463	145504
occ_2388167839633c2d9f582f5784b20559	SID531469	31463	31713	19000	18.384	18.384	12463	145504
occ_2388167839633c2d9f582f5784b20559	SID531469	31713	31963	19250	16.024	16.024	12463	145504
occ_2388167839633c2d9f582f5784b20559	SID531469	31963	32213	19500	14.152	14.152	12463	145504
occ_2388167839633c2d9f582f5784b20559	SID531469	32213	32463	19750	9.128	9.128	12463	145504
occ_2388167839633c2d9f582f5784b20559	SID531469	32463	32713	20000	10.812	10.812	12463	145504
occ_2388167839633c2d9f582f5784b20559	SID531469	32713	32963	20250	8.948	8.948	12463	145504
occ_2388167839633c2d9f582f5784b20559	SID531469	32963	33213	20500	10.392	10.392	12463	145504
occ_2388167839633c2d9f582f5784b20559	SID531469	33213	33463	20750	17.744	17.744	12463	145504
occ_2388167839633c2d9f582f5784b20559	SID531469	33463	33713	21000	18.448	18.448	12463	145504
occ_2388167839633c2d9f582f5784b20559	SID531469	33713	33963	21250	16.168	16.168	12463	145504
occ_2388167839633c2d9f582f5784b20559	SID531469	33963	34213	21500	16.4	16.4	12463	145504
occ_2388167839633c2d9f582f5784b20559	SID531469	34213	34463	21750	13.992	13.992	12463	145504
occ_2388167839633c2d9f582f5784b20559	SID531469	34463	34713	22000	12.172	12.172	12463	145504
occ_2388167839633c2d9f582f5784b20559	SID531469	34713	34963	22250	13.212	13.212	12463	145504
occ_2388167839633c2d9f582f5784b20559	SID531469	34963	35213	22500	10.392	10.388	12463	145504
occ_2388167839633c2d9f582f5784b20559	SID531469	35213	35463	22750	10.66	10.66	12463	145504
occ_2388167839633c2d9f582f5784b20559	SID531469	35463	35713	23000	9.428	9.428	12463	145504
occ_2388167839633c2d9f582f5784b20559	SID531469	35713	35963	23250	11.04	11.04	12463	145504
occ_2388167839633c2d9f582f5784b20559	SID531469	35963	36213	23500	9.468	9.468	12463	145504
occ_2388167839633c2d9f582f5784b20559	SID531469	36213	36463	23750	11.424	11.424	12463	145504
occ_2388167839633c2d9f582f5784b20559	SID531469	36463	36713	24000	12.976	12.976	12463	145504
occ_2388167839633c2d9f582f5784b20559	SID531469	36713	36963	24250	15.368	15.368	12463	145504
occ_2388167839633c2d9f582f5784b20559	SID531469	36963	37213	24500	11.028	11.028	12463	145504
occ_2388167839633c2d9f582f5784b20559	SID531469	37213	37463	24750	8.072	8.072	12463	145504
occ_2388167839633c2d9f582f5784b20559	SID531469	37463	37713	25000	13.544	13.544	12463	145504
occ_2388167839633c2d9f582f5784b20559	SID531469	37713	37963	25250	11.952	11.952	12463	145504
occ_2388167839633c2d9f582f5784b20559	SID531469	37963	38213	25500	12.4	12.4	12463	145504
occ_2388167839633c2d9f582f5784b20559	SID531469	38213	38463	25750	9.94	9.94	12463	145504
occ_2388167839633c2d9f582f5784b20559	SID531469	38463	38713	26000	6.852	6.852	12463	145504
occ_2388167839633c2d9f582f5784b20559	SID531469	38713	38963	26250	17.3	17.3	12463	145504
occ_2388167839633c2d9f582f5784b20559	SID531469	38963	39213	26500	13.7	13.7	12463	145504
occ_2388167839633c2d9f582f5784b20559	SID531469	39213	39463	26750	7.088	7.088	12463	145504
occ_2388167839633c2d9f582f5784b20559	SID531469	39463	39713	27000	7.9	7.9	12463	145504
occ_2388167839633c2d9f582f5784b20559	SID531469	39713	39963	27250	13.056	13.056	12463	145504
occ_2388167839633c2d9f582f5784b20559	SID531469	39963	40213	27500	13.28	13.28	12463	145504
occ_2388167839633c2d9f582f5784b20559	SID531469	40213	40463	27750	12.04	12.04	12463	145504
occ_2388167839633c2d9f582f5784b20559	SID531469	40463	40713	28000	13.092	13.092	12463	145504
occ_2388167839633c2d9f582f5784b20559	SID531469	40713	40963	28250	11.076	11.076	12463	145504
occ_2388167839633c2d9f582f5784b20559	SID531469	40963	41213	28500	12.592	12.592	12463	145504
occ_2388167839633c2d9f582f5784b20559	SID531469	41213	41463	28750	8.928	8.928	12463	145504
occ_2388167839633c2d9f582f5784b20559	SID531469	41463	41713	29000	7.428	7.428	12463	145504
occ_2388167839633c2d9f582f5784b20559	SID531469	41713	41963	29250	15.008	15.008	12463	145504
occ_2388167839633c2d9f582f5784b20559	SID531469	41963	42213	29500	14.944	14.944	12463	145504
occ_2388167839633c2d9f582f5784b20559	SID531469	42213	42463	29750	15.948	15.948	12463	145504
occ_2388167839633c2d9f582f5784b20559	SID531469	42463	42713	30000	13.04	13.04	12463	145504
occ_2388167839633c2d9f582f5784b20559	SID531469	42713	42963	30250	10.628	10.628	12463	145504
occ_2388167839633c2d9f582f5784b20559	SID531469	42963	43213	30500	11.448	11.448	12463	145504
occ_2388167839633c2d9f582f5784b20559	SID531469	43213	43463	30750	12.996	12.996	12463	145504
occ_2388167839633c2d9f582f5784b20559	SID531469	43463	43713	31000	15.012	15.012	12463	145504
occ_2388167839633c2d9f582f5784b20559	SID531469	43713	43963	31250	15.468	15.468	12463	145504
occ_2388167839633c2d9f582f5784b20559	SID531469	43963	44213	31500	12.6	12.6	12463	145504
occ_2388167839633c2d9f582f5784b20559	SID531469	44213	44463	31750	9.896	9.896	12463	145504
occ_2388167839633c2d9f582f5784b20559	SID531469	44463	44713	32000	9.004	9.004	12463	145504
occ_2388167839633c2d9f582f5784b20559	SID531469	44713	44963	32250	15.736	15.736	12463	145504
occ_2388167839633c2d9f582f5784b20559	SID531469	44963	45213	32500	13.996	13.996	12463	145504
occ_2388167839633c2d9f582f5784b20559	SID531469	45213	45463	32750	13.316	13.316	12463	145504
occ_2388167839633c2d9f582f5784b20559	SID531469	45463	45713	33000	11.788	11.788	12463	145504
occ_2388167839633c2d9f582f5784b20559	SID531469	45713	45963	33250	12.908	12.908	12463	145504
occ_2388167839633c2d9f582f5784b20559	SID531469	45963	46213	33500	14.036	14.036	12463	145504
occ_2388167839633c2d9f582f5784b20559	SID531469	46213	46463	33750	17.816	17.816	12463	145504
occ_2388167839633c2d9f582f5784b20559	SID531469	46463	46713	34000	17.644	17.644	12463	145504
occ_2388167839633c2d9f582f5784b20559	SID531469	46713	46963	34250	18.604	18.604	12463	145504
occ_2388167839633c2d9f582f5784b20559	SID531469	46963	47213	34500	19.812	19.812	12463	145504
occ_2388167839633c2d9f582f5784b20559	SID531469	47213	47463	34750	15.752	15.752	12463	145504
occ_2388167839633c2d9f582f5784b20559	SID531469	47463	47713	35000	12.22	12.22	12463	145504
occ_2388167839633c2d9f582f5784b20559	SID531469	47713	47963	35250	13.472	13.472	12463	145504
occ_2388167839633c2d9f582f5784b20559	SID531469	47963	48213	35500	9.964	9.964	12463	145504
occ_2388167839633c2d9f582f5784b20559	SID531469	48213	48463	35750	14.528	14.528	12463	145504
occ_2388167839633c2d9f582f5784b20559	SID531469	48463	48713	36000	14.052	14.052	12463	145504
occ_2388167839633c2d9f582f5784b20559	SID531469	48713	48963	36250	11.408	11.408	12463	145504
occ_2388167839633c2d9f582f5784b20559	SID531469	48963	49213	36500	11.928	11.928	12463	145504
occ_2388167839633c2d9f582f5784b20559	SID531469	49213	49463	36750	9.092	9.092	12463	145504
occ_2388167839633c2d9f582f5784b20559	SID531469	49463	49713	37000	10.804	10.804	12463	145504
occ_2388167839633c2d9f582f5784b20559	SID531469	49713	49963	37250	15.484	15.484	12463	145504
occ_2388167839633c2d9f582f5784b20559	SID531469	49963	50213	37500	19.828	19.828	12463	145504
occ_2388167839633c2d9f582f5784b20559	SID531469	50213	50463	37750	22.256	22.256	12463	145504
occ_2388167839633c2d9f582f5784b20559	SID531469	50463	50713	38000	17.356	17.356	12463	145504
occ_2388167839633c2d9f582f5784b20559	SID531469	50713	50963	38250	16.772	16.772	12463	145504
occ_2388167839633c2d9f582f5784b20559	SID531469	50963	51213	38500	15.428	15.428	12463	145504
occ_2388167839633c2d9f582f5784b20559	SID531469	51213	51463	38750	13.976	13.976	12463	145504
occ_2388167839633c2d9f582f5784b20559	SID531469	51463	51713	39000	15.98	15.98	12463	145504
occ_2388167839633c2d9f582f5784b20559	SID531469	51713	51963	39250	14.156	14.156	12463	145504
occ_2388167839633c2d9f582f5784b20559	SID531469	51963	52213	39500	12.652	12.652	12463	145504
occ_2388167839633c2d9f582f5784b20559	SID531469	52213	52463	39750	11.708	11.708	12463	145504
occ_2388167839633c2d9f582f5784b20559	SID531469	52463	52713	40000	14.084	14.084	12463	145504
occ_2388167839633c2d9f582f5784b20559	SID531469	52713	52963	40250	11.692	11.692	12463	145504
occ_2388167839633c2d9f582f5784b20559	SID531469	52963	53213	40500	14.668	14.668	12463	145504
occ_2388167839633c2d9f582f5784b20559	SID531469	53213	53463	40750	11.184	11.184	12463	145504
occ_2388167839633c2d9f582f5784b20559	SID531469	53463	53713	41000	9.54	9.54	12463	145504
occ_2388167839633c2d9f582f5784b20559	SID531469	53713	53963	41250	13.376	13.376	12463	145504
occ_2388167839633c2d9f582f5784b20559	SID531469	53963	54213	41500	18.14	18.14	12463	145504
occ_2388167839633c2d9f582f5784b20559	SID531469	54213	54463	41750	15.172	15.172	12463	145504
occ_2388167839633c2d9f582f5784b20559	SID531469	54463	54713	42000	15.036	15.036	12463	145504
occ_2388167839633c2d9f582f5784b20559	SID531469	54713	54963	42250	13.18	13.18	12463	145504
occ_2388167839633c2d9f582f5784b20559	SID531469	54963	55213	42500	12.54	12.54	12463	145504
occ_2388167839633c2d9f582f5784b20559	SID531469	55213	55463	42750	16.284	16.284	12463	145504
occ_2388167839633c2d9f582f5784b20559	SID531469	55463	55713	43000	14.228	14.228	12463	145504
occ_2388167839633c2d9f582f5784b20559	SID531469	55713	55963	43250	15.26	15.26	12463	145504
occ_2388167839633c2d9f582f5784b20559	SID531469	55963	56213	43500	13.956	13.956	12463	145504
occ_2388167839633c2d9f582f5784b20559	SID531469	56213	56463	43750	10.848	10.848	12463	145504
occ_2388167839633c2d9f582f5784b20559	SID531469	56463	56713	44000	8.412	8.412	12463	145504
occ_2388167839633c2d9f582f5784b20559	SID531469	56713	56963	44250	11.356	11.356	12463	145504
occ_2388167839633c2d9f582f5784b20559	SID531469	56963	57213	44500	13.376	13.376	12463	145504
occ_2388167839633c2d9f582f5784b20559	SID531469	57213	57463	44750	13.612	13.612	12463	145504
occ_2388167839633c2d9f582f5784b20559	SID531469	57463	57713	45000	17.844	17.844	12463	145504
occ_2388167839633c2d9f582f5784b20559	SID531469	57713	57963	45250	18.172	18.172	12463	145504
occ_2388167839633c2d9f582f5784b20559	SID531469	57963	58213	45500	13.332	13.332	12463	145504
occ_2388167839633c2d9f582f5784b20559	SID531469	58213	58463	45750	13.012	13.012	12463	145504
occ_2388167839633c2d9f582f5784b20559	SID531469	58463	58713	46000	11.008	11.008	12463	145504
occ_2388167839633c2d9f582f5784b20559	SID531469	58713	58963	46250	13.348	13.348	12463	145504
occ_2388167839633c2d9f582f5784b20559	SID531469	58963	59213	46500	11.292	11.292	12463	145504
occ_2388167839633c2d9f582f5784b20559	SID531469	59213	59463	46750	8.548	8.548	12463	145504
occ_2388167839633c2d9f582f5784b20559	SID531469	59463	59713	47000	12.2	12.2	12463	145504
occ_2388167839633c2d9f582f5784b20559	SID531469	59713	59963	47250	18.408	18.408	12463	145504
occ_2388167839633c2d9f582f5784b20559	SID531469	59963	60213	47500	17.924	17.924	12463	145504
occ_2388167839633c2d9f582f5784b20559	SID531469	60213	60463	47750	14.032	14.032	12463	145504
occ_2388167839633c2d9f582f5784b20559	SID531469	60463	60713	48000	14.516	14.516	12463	145504
occ_2388167839633c2d9f582f5784b20559	SID531469	60713	60963	48250	10.276	10.276	12463	145504
occ_2388167839633c2d9f582f5784b20559	SID531469	60963	61213	48500	11.34	11.34	12463	145504
occ_2388167839633c2d9f582f5784b20559	SID531469	61213	61463	48750	7.584	7.584	12463	145504
occ_2388167839633c2d9f582f5784b20559	SID531469	61463	61713	49000	11.516	11.516	12463	145504
occ_2388167839633c2d9f582f5784b20559	SID531469	61713	61963	49250	16.024	16.024	12463	145504
occ_2388167839633c2d9f582f5784b20559	SID531469	61963	62213	49500	19.512	19.512	12463	145504
occ_2388167839633c2d9f582f5784b20559	SID531469	62213	62463	49750	15.632	15.632	12463	145504
occ_2388167839633c2d9f582f5784b20559	SID531469	62463	62713	50000	14.612	14.612	12463	145504
occ_2388167839633c2d9f582f5784b20559	SID531469	62713	62963	50250	17.844	17.844	12463	145504
occ_2388167839633c2d9f582f5784b20559	SID531469	62963	63213	50500	15.168	15.168	12463	145504
occ_2388167839633c2d9f582f5784b20559	SID531469	63213	63463	50750	15.468	15.468	12463	145504
occ_2388167839633c2d9f582f5784b20559	SID531469	63463	63713	51000	14.764	14.764	12463	145504
occ_2388167839633c2d9f582f5784b20559	SID531469	63713	63963	51250	13.132	13.132	12463	145504
occ_2388167839633c2d9f582f5784b20559	SID531469	63963	64213	51500	10.568	10.568	12463	145504
occ_2388167839633c2d9f582f5784b20559	SID531469	64213	64463	51750	13.604	13.604	12463	145504
occ_2388167839633c2d9f582f5784b20559	SID531469	64463	64713	52000	18.608	18.608	12463	145504
occ_2388167839633c2d9f582f5784b20559	SID531469	64713	64963	52250	17.352	17.352	12463	145504
occ_2388167839633c2d9f582f5784b20559	SID531469	64963	65213	52500	12.132	12.132	12463	145504
occ_2388167839633c2d9f582f5784b20559	SID531469	65213	65463	52750	13.72	13.72	12463	145504
occ_2388167839633c2d9f582f5784b20559	SID531469	65463	65713	53000	13.212	13.212	12463	145504
occ_2388167839633c2d9f582f5784b20559	SID531469	65713	65963	53250	15.276	15.276	12463	145504
occ_2388167839633c2d9f582f5784b20559	SID531469	65963	66213	53500	14.796	14.796	12463	145504
occ_2388167839633c2d9f582f5784b20559	SID531469	66213	66463	53750	12.488	12.488	12463	145504
occ_2388167839633c2d9f582f5784b20559	SID531469	66463	66713	54000	9.3	9.3	12463	145504
occ_2388167839633c2d9f582f5784b20559	SID531469	66713	66963	54250	11.492	11.492	12463	145504
occ_2388167839633c2d9f582f5784b20559	SID531469	66963	67213	54500	11.16	11.16	12463	145504
occ_2388167839633c2d9f582f5784b20559	SID531469	67213	67463	54750	13.732	13.732	12463	145504
occ_2388167839633c2d9f582f5784b20559	SID531469	67463	67713	55000	12.68	12.68	12463	145504
occ_2388167839633c2d9f582f5784b20559	SID531469	67713	67963	55250	15.16	15.16	12463	145504
occ_2388167839633c2d9f582f5784b20559	SID531469	67963	68213	55500	16.056	16.056	12463	145504
occ_2388167839633c2d9f582f5784b20559	SID531469	68213	68463	55750	14.172	14.172	12463	145504
occ_2388167839633c2d9f582f5784b20559	SID531469	68463	68713	56000	17.24	17.236	12463	145504
occ_2388167839633c2d9f582f5784b20559	SID531469	68713	68963	56250	16.896	16.896	12463	145504
occ_2388167839633c2d9f582f5784b20559	SID531469	68963	69213	56500	15.232	15.232	12463	145504
occ_2388167839633c2d9f582f5784b20559	SID531469	69213	69463	56750	10.592	10.592	12463	145504
occ_2388167839633c2d9f582f5784b20559	SID531469	69463	69713	57000	10.68	10.68	12463	145504
occ_2388167839633c2d9f582f5784b20559	SID531469	69713	69963	57250	10.084	10.084	12463	145504
occ_2388167839633c2d9f582f5784b20559	SID531469	69963	70213	57500	12.124	12.124	12463	145504
occ_2388167839633c2d9f582f5784b20559	SID531469	70213	70463	57750	18.164	18.164	12463	145504
occ_2388167839633c2d9f582f5784b20559	SID531469	70463	70713	58000	19.168	19.168	12463	145504
occ_2388167839633c2d9f582f5784b20559	SID531469	70713	70963	58250	17.48	17.48	12463	145504
occ_2388167839633c2d9f582f5784b20559	SID531469	70963	71213	58500	15.624	15.624	12463	145504
occ_2388167839633c2d9f582f5784b20559	SID531469	71213	71463	58750	14.308	14.308	12463	145504
occ_2388167839633c2d9f582f5784b20559	SID531469	71463	71713	59000	14.996	14.996	12463	145504
occ_2388167839633c2d9f582f5784b20559	SID531469	71713	71963	59250	13.604	13.604	12463	145504
occ_2388167839633c2d9f582f5784b20559	SID531469	71963	72213	59500	14.544	14.544	12463	145504
occ_2388167839633c2d9f582f5784b20559	SID531469	72213	72463	59750	10.128	10.128	12463	145504
occ_2388167839633c2d9f582f5784b20559	SID531469	72463	72713	60000	11.244	11.232	12463	145504
occ_2388167839633c2d9f582f5784b20559	SID531469	72713	72963	60250	15.732	15.732	12463	145504
occ_2388167839633c2d9f582f5784b20559	SID531469	72963	73213	60500	12.98	12.98	12463	145504
occ_2388167839633c2d9f582f5784b20559	SID531469	73213	73463	60750	13.84	13.84	12463	145504
occ_2388167839633c2d9f582f5784b20559	SID531469	73463	73713	61000	16.58	16.58	12463	145504
occ_2388167839633c2d9f582f5784b20559	SID531469	73713	73963	61250	16.152	16.152	12463	145504
occ_2388167839633c2d9f582f5784b20559	SID531469	73963	74213	61500	15.136	15.136	12463	145504
occ_2388167839633c2d9f582f5784b20559	SID531469	74213	74463	61750	14.14	14.14	12463	145504
occ_2388167839633c2d9f582f5784b20559	SID531469	74463	74713	62000	14.088	14.088	12463	145504
occ_2388167839633c2d9f582f5784b20559	SID531469	74713	74963	62250	10.688	10.688	12463	145504
occ_2388167839633c2d9f582f5784b20559	SID531469	74963	75213	62500	10.28	10.28	12463	145504
occ_2388167839633c2d9f582f5784b20559	SID531469	75213	75463	62750	12.364	12.364	12463	145504
occ_2388167839633c2d9f582f5784b20559	SID531469	75463	75713	63000	20.336	20.336	12463	145504
occ_2388167839633c2d9f582f5784b20559	SID531469	75713	75963	63250	15.848	15.848	12463	145504
occ_2388167839633c2d9f582f5784b20559	SID531469	75963	76213	63500	14.36	14.36	12463	145504
occ_2388167839633c2d9f582f5784b20559	SID531469	76213	76463	63750	15.492	15.492	12463	145504
occ_2388167839633c2d9f582f5784b20559	SID531469	76463	76713	64000	11.304	11.304	12463	145504
occ_2388167839633c2d9f582f5784b20559	SID531469	76713	76963	64250	15.996	15.996	12463	145504
occ_2388167839633c2d9f582f5784b20559	SID531469	76963	77213	64500	15.036	15.036	12463	145504
occ_2388167839633c2d9f582f5784b20559	SID531469	77213	77463	64750	14.224	14.224	12463	145504
occ_2388167839633c2d9f582f5784b20559	SID531469	77463	77713	65000	16.652	16.652	12463	145504
occ_2388167839633c2d9f582f5784b20559	SID531469	77713	77963	65250	13.98	13.98	12463	145504
occ_2388167839633c2d9f582f5784b20559	SID531469	77963	78213	65500	19.044	19.044	12463	145504
occ_2388167839633c2d9f582f5784b20559	SID531469	78213	78463	65750	17.152	17.152	12463	145504
occ_2388167839633c2d9f582f5784b20559	SID531469	78463	78713	66000	13.136	13.136	12463	145504
occ_2388167839633c2d9f582f5784b20559	SID531469	78713	78963	66250	16.152	16.152	12463	145504
occ_2388167839633c2d9f582f5784b20559	SID531469	78963	79213	66500	14.324	14.32	12463	145504
occ_2388167839633c2d9f582f5784b20559	SID531469	79213	79463	66750	13.908	13.908	12463	145504
occ_2388167839633c2d9f582f5784b20559	SID531469	79463	79713	67000	16.072	16.072	12463	145504
occ_2388167839633c2d9f582f5784b20559	SID531469	79713	79963	67250	15.812	15.812	12463	145504
occ_2388167839633c2d9f582f5784b20559	SID531469	79963	80213	67500	10.692	10.692	12463	145504
occ_2388167839633c2d9f582f5784b20559	SID531469	80213	80463	67750	10.28	10.28	12463	145504
occ_2388167839633c2d9f582f5784b20559	SID531469	80463	80713	68000	10.544	10.544	12463	145504
occ_2388167839633c2d9f582f5784b20559	SID531469	80713	80963	68250	15.268	15.268	12463	145504
occ_2388167839633c2d9f582f5784b20559	SID531469	80963	81213	68500	14.764	14.764	12463	145504
occ_2388167839633c2d9f582f5784b20559	SID531469	81213	81463	68750	13.148	13.148	12463	145504
occ_2388167839633c2d9f582f5784b20559	SID531469	81463	81713	69000	11.968	11.968	12463	145504
occ_2388167839633c2d9f582f5784b20559	SID531469	81713	81963	69250	15.176	15.176	12463	145504
occ_2388167839633c2d9f582f5784b20559	SID531469	81963	82213	69500	14.496	14.496	12463	145504
occ_2388167839633c2d9f582f5784b20559	SID531469	82213	82463	69750	13.176	13.176	12463	145504
occ_2388167839633c2d9f582f5784b20559	SID531469	82463	82713	70000	7.368	7.368	12463	145504
occ_2388167839633c2d9f582f5784b20559	SID531469	82713	82963	70250	8.624	8.624	12463	145504
occ_2388167839633c2d9f582f5784b20559	SID531469	82963	83213	70500	10.096	10.096	12463	145504
occ_2388167839633c2d9f582f5784b20559	SID531469	83213	83463	70750	12.048	12.048	12463	145504
occ_2388167839633c2d9f582f5784b20559	SID531469	83463	83713	71000	12.844	12.844	12463	145504
occ_2388167839633c2d9f582f5784b20559	SID531469	83713	83963	71250	14.716	14.716	12463	145504
occ_2388167839633c2d9f582f5784b20559	SID531469	83963	84213	71500	14.784	14.784	12463	145504
occ_2388167839633c2d9f582f5784b20559	SID531469	84213	84463	71750	11.472	11.472	12463	145504
occ_2388167839633c2d9f582f5784b20559	SID531469	84463	84713	72000	9.208	9.208	12463	145504
occ_2388167839633c2d9f582f5784b20559	SID531469	84713	84963	72250	13.096	13.096	12463	145504
occ_2388167839633c2d9f582f5784b20559	SID531469	84963	85213	72500	12.904	12.904	12463	145504
occ_2388167839633c2d9f582f5784b20559	SID531469	85213	85463	72750	11.648	11.648	12463	145504
occ_2388167839633c2d9f582f5784b20559	SID531469	85463	85713	73000	13.352	13.352	12463	145504
occ_2388167839633c2d9f582f5784b20559	SID531469	85713	85963	73250	12.964	12.964	12463	145504
occ_2388167839633c2d9f582f5784b20559	SID531469	85963	86213	73500	10.328	10.328	12463	145504
occ_2388167839633c2d9f582f5784b20559	SID531469	86213	86463	73750	10.492	10.492	12463	145504
occ_2388167839633c2d9f582f5784b20559	SID531469	86463	86713	74000	12.056	12.056	12463	145504
occ_2388167839633c2d9f582f5784b20559	SID531469	86713	86963	74250	16.512	16.512	12463	145504
occ_2388167839633c2d9f582f5784b20559	SID531469	86963	87213	74500	16.632	16.632	12463	145504
occ_2388167839633c2d9f582f5784b20559	SID531469	87213	87463	74750	13.924	13.924	12463	145504
occ_2388167839633c2d9f582f5784b20559	SID531469	87463	87713	75000	9.288	9.288	12463	145504
occ_2388167839633c2d9f582f5784b20559	SID531469	87713	87963	75250	13.992	13.992	12463	145504
occ_2388167839633c2d9f582f5784b20559	SID531469	87963	88213	75500	13.348	13.348	12463	145504
occ_2388167839633c2d9f582f5784b20559	SID531469	88213	88463	75750	12.64	12.64	12463	145504
occ_2388167839633c2d9f582f5784b20559	SID531469	88463	88713	76000	14.724	14.724	12463	145504
occ_2388167839633c2d9f582f5784b20559	SID531469	88713	88963	76250	15.504	15.504	12463	145504
occ_2388167839633c2d9f582f5784b20559	SID531469	88963	89213	76500	13.88	13.568	12463	145504
occ_2388167839633c2d9f582f5784b20559	SID531469	89213	89463	76750	15.28	15.28	12463	145504
occ_2388167839633c2d9f582f5784b20559	SID531469	89463	89713	77000	13.692	13.692	12463	145504
occ_2388167839633c2d9f582f5784b20559	SID531469	89713	89963	77250	12.568	12.568	12463	145504
occ_2388167839633c2d9f582f5784b20559	SID531469	89963	90213	77500	15.3	15.3	12463	145504
occ_2388167839633c2d9f582f5784b20559	SID531469	90213	90463	77750	21.08	21.08	12463	145504
occ_2388167839633c2d9f582f5784b20559	SID531469	90463	90713	78000	24.08	24.08	12463	145504
occ_2388167839633c2d9f582f5784b20559	SID531469	90713	90963	78250	17.288	17.288	12463	145504
occ_2388167839633c2d9f582f5784b20559	SID531469	90963	91213	78500	9.164	9.16	12463	145504
occ_2388167839633c2d9f582f5784b20559	SID531469	91213	91463	78750	10.636	10.636	12463	145504
occ_2388167839633c2d9f582f5784b20559	SID531469	91463	91713	79000	11.812	11.812	12463	145504
occ_2388167839633c2d9f582f5784b20559	SID531469	91713	91963	79250	13.14	13.14	12463	145504
occ_2388167839633c2d9f582f5784b20559	SID531469	91963	92213	79500	15.34	15.34	12463	145504
occ_2388167839633c2d9f582f5784b20559	SID531469	92213	92463	79750	16.18	16.18	12463	145504
occ_2388167839633c2d9f582f5784b20559	SID531469	92463	92713	80000	12.972	12.972	12463	145504
occ_2388167839633c2d9f582f5784b20559	SID531469	92713	92963	80250	12.08	12.08	12463	145504
occ_2388167839633c2d9f582f5784b20559	SID531469	92963	93213	80500	10.716	10.716	12463	145504
occ_2388167839633c2d9f582f5784b20559	SID531469	93213	93463	80750	12.82	12.82	12463	145504
occ_2388167839633c2d9f582f5784b20559	SID531469	93463	93713	81000	13.072	13.072	12463	145504
occ_2388167839633c2d9f582f5784b20559	SID531469	93713	93963	81250	13.864	13.864	12463	145504
occ_2388167839633c2d9f582f5784b20559	SID531469	93963	94213	81500	13.008	13.008	12463	145504
occ_2388167839633c2d9f582f5784b20559	SID531469	94213	94463	81750	13.8	13.8	12463	145504
occ_2388167839633c2d9f582f5784b20559	SID531469	94463	94713	82000	15.716	15.716	12463	145504
occ_2388167839633c2d9f582f5784b20559	SID531469	94713	94963	82250	11.844	11.844	12463	145504
occ_2388167839633c2d9f582f5784b20559	SID531469	94963	95213	82500	11.62	11.62	12463	145504
occ_2388167839633c2d9f582f5784b20559	SID531469	95213	95463	82750	19.16	19.16	12463	145504
occ_2388167839633c2d9f582f5784b20559	SID531469	95463	95713	83000	21.012	21.008	12463	145504
occ_2388167839633c2d9f582f5784b20559	SID531469	95713	95963	83250	13.176	13.176	12463	145504
occ_2388167839633c2d9f582f5784b20559	SID531469	95963	96213	83500	10.868	10.868	12463	145504
occ_2388167839633c2d9f582f5784b20559	SID531469	96213	96463	83750	6.388	6.388	12463	145504
occ_2388167839633c2d9f582f5784b20559	SID531469	96463	96713	84000	8.868	8.868	12463	145504
occ_2388167839633c2d9f582f5784b20559	SID531469	96713	96963	84250	8.212	8.212	12463	145504
occ_2388167839633c2d9f582f5784b20559	SID531469	96963	97213	84500	10.556	10.556	12463	145504
occ_2388167839633c2d9f582f5784b20559	SID531469	97213	97463	84750	14.98	14.98	12463	145504
occ_2388167839633c2d9f582f5784b20559	SID531469	97463	97713	85000	14.636	14.636	12463	145504
occ_2388167839633c2d9f582f5784b20559	SID531469	97713	97963	85250	10.028	10.028	12463	145504
occ_2388167839633c2d9f582f5784b20559	SID531469	97963	98213	85500	11.74	11.74	12463	145504
occ_2388167839633c2d9f582f5784b20559	SID531469	98213	98463	85750	13.668	13.668	12463	145504
occ_2388167839633c2d9f582f5784b20559	SID531469	98463	98713	86000	12.712	12.712	12463	145504
occ_2388167839633c2d9f582f5784b20559	SID531469	98713	98963	86250	12.06	12.06	12463	145504
occ_2388167839633c2d9f582f5784b20559	SID531469	98963	99213	86500	13.784	13.784	12463	145504
occ_2388167839633c2d9f582f5784b20559	SID531469	99213	99463	86750	17.58	17.58	12463	145504
occ_2388167839633c2d9f582f5784b20559	SID531469	99463	99713	87000	11.248	11.248	12463	145504
occ_2388167839633c2d9f582f5784b20559	SID531469	99713	99963	87250	11.04	11.04	12463	145504
occ_2388167839633c2d9f582f5784b20559	SID531469	99963	100213	87500	14.308	14.308	12463	145504
occ_2388167839633c2d9f582f5784b20559	SID531469	100213	100463	87750	14.436	14.436	12463	145504
occ_2388167839633c2d9f582f5784b20559	SID531469	100463	100713	88000	16.024	16.024	12463	145504
occ_2388167839633c2d9f582f5784b20559	SID531469	100713	100963	88250	15.364	15.364	12463	145504
occ_2388167839633c2d9f582f5784b20559	SID531469	100963	101213	88500	15.376	15.376	12463	145504
occ_2388167839633c2d9f582f5784b20559	SID531469	101213	101463	88750	11.948	11.948	12463	145504
occ_2388167839633c2d9f582f5784b20559	SID531469	101463	101713	89000	14.544	14.544	12463	145504
occ_2388167839633c2d9f582f5784b20559	SID531469	101713	101963	89250	12.828	12.828	12463	145504
occ_2388167839633c2d9f582f5784b20559	SID531469	101963	102213	89500	11.552	11.552	12463	145504
occ_2388167839633c2d9f582f5784b20559	SID531469	102213	102463	89750	11.036	11.036	12463	145504
occ_2388167839633c2d9f582f5784b20559	SID531469	102463	102713	90000	9.788	9.788	12463	145504
occ_2388167839633c2d9f582f5784b20559	SID531469	102713	102963	90250	12.544	12.544	12463	145504
occ_2388167839633c2d9f582f5784b20559	SID531469	102963	103213	90500	9.68	9.68	12463	145504
occ_2388167839633c2d9f582f5784b20559	SID531469	103213	103463	90750	9.396	9.396	12463	145504
occ_2388167839633c2d9f582f5784b20559	SID531469	103463	103713	91000	14.86	14.86	12463	145504
occ_2388167839633c2d9f582f5784b20559	SID531469	103713	103963	91250	16.388	16.388	12463	145504
occ_2388167839633c2d9f582f5784b20559	SID531469	103963	104213	91500	9.98	9.98	12463	145504
occ_2388167839633c2d9f582f5784b20559	SID531469	104213	104463	91750	11.92	11.92	12463	145504
occ_2388167839633c2d9f582f5784b20559	SID531469	104463	104713	92000	12.068	12.068	12463	145504
occ_2388167839633c2d9f582f5784b20559	SID531469	104713	104963	92250	12.288	12.288	12463	145504
occ_2388167839633c2d9f582f5784b20559	SID531469	104963	105213	92500	14.048	14.048	12463	145504
occ_2388167839633c2d9f582f5784b20559	SID531469	105213	105463	92750	17.124	17.124	12463	145504
occ_2388167839633c2d9f582f5784b20559	SID531469	105463	105713	93000	12.332	12.332	12463	145504
occ_2388167839633c2d9f582f5784b20559	SID531469	105713	105963	93250	15.512	15.512	12463	145504
occ_2388167839633c2d9f582f5784b20559	SID531469	105963	106213	93500	16.968	16.968	12463	145504
occ_2388167839633c2d9f582f5784b20559	SID531469	106213	106463	93750	11.5	11.5	12463	145504
occ_2388167839633c2d9f582f5784b20559	SID531469	106463	106713	94000	15.904	15.904	12463	145504
occ_2388167839633c2d9f582f5784b20559	SID531469	106713	106963	94250	15.84	15.84	12463	145504
occ_2388167839633c2d9f582f5784b20559	SID531469	106963	107213	94500	10.98	10.98	12463	145504
occ_2388167839633c2d9f582f5784b20559	SID531469	107213	107463	94750	9.152	9.152	12463	145504
occ_2388167839633c2d9f582f5784b20559	SID531469	107463	107713	95000	11.464	11.464	12463	145504
occ_2388167839633c2d9f582f5784b20559	SID531469	107713	107963	95250	14.792	14.792	12463	145504
occ_2388167839633c2d9f582f5784b20559	SID531469	107963	108213	95500	14.236	14.236	12463	145504
occ_2388167839633c2d9f582f5784b20559	SID531469	108213	108463	95750	13.8	13.8	12463	145504
occ_2388167839633c2d9f582f5784b20559	SID531469	108463	108713	96000	10.236	10.236	12463	145504
occ_2388167839633c2d9f582f5784b20559	SID531469	108713	108963	96250	8.848	8.848	12463	145504
occ_2388167839633c2d9f582f5784b20559	SID531469	108963	109213	96500	10.44	10.44	12463	145504
occ_2388167839633c2d9f582f5784b20559	SID531469	109213	109463	96750	9.92	9.92	12463	145504
occ_2388167839633c2d9f582f5784b20559	SID531469	109463	109713	97000	8.728	8.728	12463	145504
occ_2388167839633c2d9f582f5784b20559	SID531469	109713	109963	97250	10.116	10.116	12463	145504
occ_2388167839633c2d9f582f5784b20559	SID531469	109963	110213	97500	9.904	9.904	12463	145504
occ_2388167839633c2d9f582f5784b20559	SID531469	110213	110463	97750	10.324	10.324	12463	145504
occ_2388167839633c2d9f582f5784b20559	SID531469	110463	110713	98000	14.36	14.36	12463	145504
occ_2388167839633c2d9f582f5784b20559	SID531469	110713	110963	98250	14.184	14.184	12463	145504
occ_2388167839633c2d9f582f5784b20559	SID531469	110963	111213	98500	14.568	14.568	12463	145504
occ_2388167839633c2d9f582f5784b20559	SID531469	111213	111463	98750	13.076	13.076	12463	145504
occ_2388167839633c2d9f582f5784b20559	SID531469	111463	111713	99000	16.7	16.7	12463	145504
occ_2388167839633c2d9f582f5784b20559	SID531469	111713	111963	99250	21.168	21.168	12463	145504
occ_2388167839633c2d9f582f5784b20559	SID531469	111963	112213	99500	20.328	20.328	12463	145504
occ_2388167839633c2d9f582f5784b20559	SID531469	112213	112463	99750	14.652	14.652	12463	145504
occ_2388167839633c2d9f582f5784b20559	SID531469	112463	112713	100000	14.236	14.236	12463	145504
occ_2388167839633c2d9f582f5784b20559	SID531469	112713	112963	100250	12.872	12.872	12463	145504
occ_2388167839633c2d9f582f5784b20559	SID531469	112963	113213	100500	11.112	11.112	12463	145504
occ_2388167839633c2d9f582f5784b20559	SID531469	113213	113463	100750	10.228	10.228	12463	145504
occ_2388167839633c2d9f582f5784b20559	SID531469	113463	113713	101000	11.576	11.576	12463	145504
occ_2388167839633c2d9f582f5784b20559	SID531469	113713	113963	101250	11.564	11.564	12463	145504
occ_2388167839633c2d9f582f5784b20559	SID531469	113963	114213	101500	10.66	10.66	12463	145504
occ_2388167839633c2d9f582f5784b20559	SID531469	114213	114463	101750	13.78	13.78	12463	145504
occ_2388167839633c2d9f582f5784b20559	SID531469	114463	114713	102000	9.924	9.924	12463	145504
occ_2388167839633c2d9f582f5784b20559	SID531469	114713	114963	102250	8.668	8.668	12463	145504
occ_2388167839633c2d9f582f5784b20559	SID531469	114963	115213	102500	9.768	9.768	12463	145504
occ_2388167839633c2d9f582f5784b20559	SID531469	115213	115463	102750	11.676	11.676	12463	145504
occ_2388167839633c2d9f582f5784b20559	SID531469	115463	115713	103000	12.396	12.396	12463	145504
occ_2388167839633c2d9f582f5784b20559	SID531469	115713	115963	103250	13.916	13.916	12463	145504
occ_2388167839633c2d9f582f5784b20559	SID531469	115963	116213	103500	13.832	13.832	12463	145504
occ_2388167839633c2d9f582f5784b20559	SID531469	116213	116463	103750	14.564	14.564	12463	145504
occ_2388167839633c2d9f582f5784b20559	SID531469	116463	116713	104000	16.676	16.676	12463	145504
occ_2388167839633c2d9f582f5784b20559	SID531469	116713	116963	104250	14.4	14.4	12463	145504
occ_2388167839633c2d9f582f5784b20559	SID531469	116963	117213	104500	14.7	14.7	12463	145504
occ_2388167839633c2d9f582f5784b20559	SID531469	117213	117463	104750	9.38	9.38	12463	145504
occ_2388167839633c2d9f582f5784b20559	SID531469	117463	117713	105000	8.724	8.724	12463	145504
occ_2388167839633c2d9f582f5784b20559	SID531469	117713	117963	105250	8.076	8.076	12463	145504
occ_2388167839633c2d9f582f5784b20559	SID531469	117963	118213	105500	11.088	11.084	12463	145504
occ_2388167839633c2d9f582f5784b20559	SID531469	118213	118463	105750	14.516	14.516	12463	145504
occ_2388167839633c2d9f582f5784b20559	SID531469	118463	118713	106000	12.368	12.368	12463	145504
occ_2388167839633c2d9f582f5784b20559	SID531469	118713	118963	106250	12.464	12.464	12463	145504
occ_2388167839633c2d9f582f5784b20559	SID531469	118963	119213	106500	16.56	16.56	12463	145504
occ_2388167839633c2d9f582f5784b20559	SID531469	119213	119463	106750	15.88	15.88	12463	145504
occ_2388167839633c2d9f582f5784b20559	SID531469	119463	119713	107000	14.824	14.824	12463	145504
occ_2388167839633c2d9f582f5784b20559	SID531469	119713	119963	107250	15.5	15.5	12463	145504
occ_2388167839633c2d9f582f5784b20559	SID531469	119963	120213	107500	15.94	15.94	12463	145504
occ_2388167839633c2d9f582f5784b20559	SID531469	120213	120463	107750	16.512	16.512	12463	145504
occ_2388167839633c2d9f582f5784b20559	SID531469	120463	120713	108000	15.208	15.208	12463	145504
occ_2388167839633c2d9f582f5784b20559	SID531469	120713	120963	108250	16.656	16.656	12463	145504
occ_2388167839633c2d9f582f5784b20559	SID531469	120963	121213	108500	12.876	12.876	12463	145504
occ_2388167839633c2d9f582f5784b20559	SID531469	121213	121463	108750	10.992	10.992	12463	145504
occ_2388167839633c2d9f582f5784b20559	SID531469	121463	121713	109000	12.036	12.036	12463	145504
occ_2388167839633c2d9f582f5784b20559	SID531469	121713	121963	109250	15.42	15.42	12463	145504
occ_2388167839633c2d9f582f5784b20559	SID531469	121963	122213	109500	11.62	11.62	12463	145504
occ_2388167839633c2d9f582f5784b20559	SID531469	122213	122463	109750	15.728	15.728	12463	145504
occ_2388167839633c2d9f582f5784b20559	SID531469	122463	122713	110000	13.204	13.204	12463	145504
occ_2388167839633c2d9f582f5784b20559	SID531469	122713	122963	110250	10.804	10.804	12463	145504
occ_2388167839633c2d9f582f5784b20559	SID531469	122963	123213	110500	12.748	12.748	12463	145504
occ_2388167839633c2d9f582f5784b20559	SID531469	123213	123463	110750	13.352	13.352	12463	145504
occ_2388167839633c2d9f582f5784b20559	SID531469	123463	123713	111000	13.228	13.228	12463	145504
occ_2388167839633c2d9f582f5784b20559	SID531469	123713	123963	111250	15.936	15.936	12463	145504
occ_2388167839633c2d9f582f5784b20559	SID531469	123963	124213	111500	12.34	12.34	12463	145504
occ_2388167839633c2d9f582f5784b20559	SID531469	124213	124463	111750	10.396	10.396	12463	145504
occ_2388167839633c2d9f582f5784b20559	SID531469	124463	124713	112000	15.312	15.312	12463	145504
occ_2388167839633c2d9f582f5784b20559	SID531469	124713	124963	112250	15.292	15.292	12463	145504
occ_2388167839633c2d9f582f5784b20559	SID531469	124963	125213	112500	10.208	10.208	12463	145504
occ_2388167839633c2d9f582f5784b20559	SID531469	125213	125463	112750	12.236	12.236	12463	145504
occ_2388167839633c2d9f582f5784b20559	SID531469	125463	125713	113000	11.74	11.74	12463	145504
occ_2388167839633c2d9f582f5784b20559	SID531469	125713	125963	113250	17.552	17.552	12463	145504
occ_2388167839633c2d9f582f5784b20559	SID531469	125963	126213	113500	18.06	18.06	12463	145504
occ_2388167839633c2d9f582f5784b20559	SID531469	126213	126463	113750	11.848	11.848	12463	145504
occ_2388167839633c2d9f582f5784b20559	SID531469	126463	126713	114000	14.396	14.396	12463	145504
occ_2388167839633c2d9f582f5784b20559	SID531469	126713	126963	114250	14.584	14.584	12463	145504
occ_2388167839633c2d9f582f5784b20559	SID531469	126963	127213	114500	17.04	17.04	12463	145504
occ_2388167839633c2d9f582f5784b20559	SID531469	127213	127463	114750	15.976	15.976	12463	145504
occ_2388167839633c2d9f582f5784b20559	SID531469	127463	127713	115000	13.564	13.564	12463	145504
occ_2388167839633c2d9f582f5784b20559	SID531469	127713	127963	115250	12.944	12.944	12463	145504
occ_2388167839633c2d9f582f5784b20559	SID531469	127963	128213	115500	15.564	15.564	12463	145504
occ_2388167839633c2d9f582f5784b20559	SID531469	128213	128463	115750	13.52	13.52	12463	145504
occ_2388167839633c2d9f582f5784b20559	SID531469	128463	128713	116000	11.388	11.388	12463	145504
occ_2388167839633c2d9f582f5784b20559	SID531469	128713	128963	116250	7.584	7.584	12463	145504
occ_2388167839633c2d9f582f5784b20559	SID531469	128963	129213	116500	6.452	6.452	12463	145504
occ_2388167839633c2d9f582f5784b20559	SID531469	129213	129463	116750	10.084	10.08	12463	145504
occ_2388167839633c2d9f582f5784b20559	SID531469	129463	129713	117000	7.436	7.436	12463	145504
occ_2388167839633c2d9f582f5784b20559	SID531469	129713	129963	117250	6.084	6.084	12463	145504
occ_2388167839633c2d9f582f5784b20559	SID531469	129963	130213	117500	8.164	8.164	12463	145504
occ_2388167839633c2d9f582f5784b20559	SID531469	130213	130463	117750	11.208	11.208	12463	145504
occ_2388167839633c2d9f582f5784b20559	SID531469	130463	130713	118000	11.396	11.396	12463	145504
occ_2388167839633c2d9f582f5784b20559	SID531469	130713	130963	118250	11.644	11.644	12463	145504
occ_2388167839633c2d9f582f5784b20559	SID531469	130963	131213	118500	12.256	12.256	12463	145504
occ_2388167839633c2d9f582f5784b20559	SID531469	131213	131463	118750	12.46	12.46	12463	145504
occ_2388167839633c2d9f582f5784b20559	SID531469	131463	131713	119000	10.836	10.836	12463	145504
occ_2388167839633c2d9f582f5784b20559	SID531469	131713	131963	119250	14.84	14.84	12463	145504
occ_2388167839633c2d9f582f5784b20559	SID531469	131963	132213	119500	13.488	13.488	12463	145504
occ_2388167839633c2d9f582f5784b20559	SID531469	132213	132463	119750	11.1	11.1	12463	145504
occ_2388167839633c2d9f582f5784b20559	SID531469	132463	132713	120000	12.36	12.36	12463	145504
occ_2388167839633c2d9f582f5784b20559	SID531469	132713	132963	120250	11.368	11.368	12463	145504
occ_2388167839633c2d9f582f5784b20559	SID531469	132963	133213	120500	14.236	14.236	12463	145504
occ_2388167839633c2d9f582f5784b20559	SID531469	133213	133463	120750	15.372	15.372	12463	145504
occ_2388167839633c2d9f582f5784b20559	SID531469	133463	133713	121000	9.372	9.372	12463	145504
occ_2388167839633c2d9f582f5784b20559	SID531469	133713	133963	121250	11.032	11.032	12463	145504
occ_2388167839633c2d9f582f5784b20559	SID531469	133963	134213	121500	11.588	11.588	12463	145504
occ_2388167839633c2d9f582f5784b20559	SID531469	134213	134463	121750	9.98	9.98	12463	145504
occ_2388167839633c2d9f582f5784b20559	SID531469	134463	134713	122000	9.348	9.348	12463	145504
occ_2388167839633c2d9f582f5784b20559	SID531469	134713	134963	122250	11.056	11.056	12463	145504
occ_2388167839633c2d9f582f5784b20559	SID531469	134963	135213	122500	8.704	8.704	12463	145504
occ_2388167839633c2d9f582f5784b20559	SID531469	135213	135463	122750	10.932	10.932	12463	145504
occ_2388167839633c2d9f582f5784b20559	SID531469	135463	135713	123000	14.408	14.408	12463	145504
occ_2388167839633c2d9f582f5784b20559	SID531469	135713	135963	123250	11.152	11.152	12463	145504
occ_2388167839633c2d9f582f5784b20559	SID531469	135963	136213	123500	13.52	13.52	12463	145504
occ_2388167839633c2d9f582f5784b20559	SID531469	136213	136463	123750	13.304	13.304	12463	145504
occ_2388167839633c2d9f582f5784b20559	SID531469	136463	136713	124000	13.74	13.74	12463	145504
occ_2388167839633c2d9f582f5784b20559	SID531469	136713	136963	124250	11.068	11.064	12463	145504
occ_2388167839633c2d9f582f5784b20559	SID531469	136963	137213	124500	14.996	14.996	12463	145504
occ_2388167839633c2d9f582f5784b20559	SID531469	137213	137463	124750	15.82	15.82	12463	145504
occ_2388167839633c2d9f582f5784b20559	SID531469	137463	137713	125000	19.892	19.892	12463	145504
occ_2388167839633c2d9f582f5784b20559	SID531469	137713	137963	125250	23.504	23.504	12463	145504
occ_2388167839633c2d9f582f5784b20559	SID531469	137963	138213	125500	15.688	15.688	12463	145504
occ_2388167839633c2d9f582f5784b20559	SID531469	138213	138463	125750	9.368	9.368	12463	145504
occ_2388167839633c2d9f582f5784b20559	SID531469	138463	138713	126000	8.816	8.816	12463	145504
occ_2388167839633c2d9f582f5784b20559	SID531469	138713	138963	126250	10.828	10.824	12463	145504
occ_2388167839633c2d9f582f5784b20559	SID531469	138963	139213	126500	12.452	12.452	12463	145504
occ_2388167839633c2d9f582f5784b20559	SID531469	139213	139463	126750	13.076	13.076	12463	145504
occ_2388167839633c2d9f582f5784b20559	SID531469	139463	139713	127000	14.036	14.036	12463	145504
occ_2388167839633c2d9f582f5784b20559	SID531469	139713	139963	127250	8.048	8.048	12463	145504
occ_2388167839633c2d9f582f5784b20559	SID531469	139963	140213	127500	9.532	9.532	12463	145504
occ_2388167839633c2d9f582f5784b20559	SID531469	140213	140463	127750	12.436	12.436	12463	145504
occ_2388167839633c2d9f582f5784b20559	SID531469	140463	140713	128000	12.82	12.82	12463	145504
occ_2388167839633c2d9f582f5784b20559	SID531469	140713	140963	128250	16.624	16.624	12463	145504
occ_2388167839633c2d9f582f5784b20559	SID531469	140963	141213	128500	19.32	19.32	12463	145504
occ_2388167839633c2d9f582f5784b20559	SID531469	141213	141463	128750	20.144	20.144	12463	145504
occ_2388167839633c2d9f582f5784b20559	SID531469	141463	141713	129000	14.408	14.408	12463	145504
occ_2388167839633c2d9f582f5784b20559	SID531469	141713	141963	129250	12.132	12.132	12463	145504
occ_2388167839633c2d9f582f5784b20559	SID531469	141963	142213	129500	14.42	14.42	12463	145504
occ_2388167839633c2d9f582f5784b20559	SID531469	142213	142463	129750	16.792	16.792	12463	145504
occ_2388167839633c2d9f582f5784b20559	SID531469	142463	142713	130000	16.94	16.94	12463	145504
occ_2388167839633c2d9f582f5784b20559	SID531469	142713	142963	130250	14.616	14.616	12463	145504
occ_2388167839633c2d9f582f5784b20559	SID531469	142963	143213	130500	16.468	16.468	12463	145504
occ_2388167839633c2d9f582f5784b20559	SID531469	143213	143463	130750	14.104	14.104	12463	145504
occ_2388167839633c2d9f582f5784b20559	SID531469	143463	143713	131000	14.568	14.568	12463	145504
occ_2388167839633c2d9f582f5784b20559	SID531469	143713	143963	131250	13.996	13.996	12463	145504
occ_2388167839633c2d9f582f5784b20559	SID531469	143963	144213	131500	8.352	8.352	12463	145504
occ_2388167839633c2d9f582f5784b20559	SID531469	144213	144463	131750	12.188	12.188	12463	145504
occ_2388167839633c2d9f582f5784b20559	SID531469	144463	144713	132000	14.084	14.084	12463	145504
occ_2388167839633c2d9f582f5784b20559	SID531469	144713	144963	132250	13.192	13.192	12463	145504
occ_2388167839633c2d9f582f5784b20559	SID531469	144963	145213	132500	13.7	13.7	12463	145504
occ_2388167839633c2d9f582f5784b20559	SID531469	145213	145463	132750	11.8	11.8	12463	145504
occ_2388167839633c2d9f582f5784b20559	SID531469	145463	145632	133000	8.789473684210526	8.789473684210526	12463	145504
occ_259bd12e35c8803725eca7ce6ff54c70	SID531469	16876	17126	-5000	20.376	20.376	21876	61726
occ_259bd12e35c8803725eca7ce6ff54c70	SID531469	17126	17376	-4750	17.812	17.812	21876	61726
occ_259bd12e35c8803725eca7ce6ff54c70	SID531469	17376	17626	-4500	13.636	13.636	21876	61726
occ_259bd12e35c8803725eca7ce6ff54c70	SID531469	17626	17876	-4250	16.86	16.6	21876	61726
occ_259bd12e35c8803725eca7ce6ff54c70	SID531469	17876	18126	-4000	17.208	17.208	21876	61726
occ_259bd12e35c8803725eca7ce6ff54c70	SID531469	18126	18376	-3750	15.112	15.112	21876	61726
occ_259bd12e35c8803725eca7ce6ff54c70	SID531469	18376	18626	-3500	12.152	12.152	21876	61726
occ_259bd12e35c8803725eca7ce6ff54c70	SID531469	18626	18876	-3250	16.812	16.812	21876	61726
occ_259bd12e35c8803725eca7ce6ff54c70	SID531469	18876	19126	-3000	13.264	13.264	21876	61726
occ_259bd12e35c8803725eca7ce6ff54c70	SID531469	19126	19376	-2750	11.86	11.86	21876	61726
occ_259bd12e35c8803725eca7ce6ff54c70	SID531469	19376	19626	-2500	9.588	9.588	21876	61726
occ_259bd12e35c8803725eca7ce6ff54c70	SID531469	19626	19876	-2250	11.72	11.72	21876	61726
occ_259bd12e35c8803725eca7ce6ff54c70	SID531469	19876	20126	-2000	15.108	15.108	21876	61726
occ_259bd12e35c8803725eca7ce6ff54c70	SID531469	20126	20376	-1750	12.812	12.812	21876	61726
occ_259bd12e35c8803725eca7ce6ff54c70	SID531469	20376	20626	-1500	11.396	11.396	21876	61726
occ_259bd12e35c8803725eca7ce6ff54c70	SID531469	20626	20876	-1250	13.272	13.272	21876	61726
occ_259bd12e35c8803725eca7ce6ff54c70	SID531469	20876	21126	-1000	11.78	11.78	21876	61726
occ_259bd12e35c8803725eca7ce6ff54c70	SID531469	21126	21376	-750	8.744	8.744	21876	61726
occ_259bd12e35c8803725eca7ce6ff54c70	SID531469	21376	21626	-500	10.232	10.232	21876	61726
occ_259bd12e35c8803725eca7ce6ff54c70	SID531469	21626	21876	-250	9.8	9.8	21876	61726
occ_259bd12e35c8803725eca7ce6ff54c70	SID531469	21876	22126	0	10.736	10.736	21876	61726
occ_259bd12e35c8803725eca7ce6ff54c70	SID531469	22126	22376	250	15.024	15.024	21876	61726
occ_259bd12e35c8803725eca7ce6ff54c70	SID531469	22376	22626	500	17.78	17.78	21876	61726
occ_259bd12e35c8803725eca7ce6ff54c70	SID531469	22626	22876	750	19.232	19.232	21876	61726
occ_259bd12e35c8803725eca7ce6ff54c70	SID531469	22876	23126	1000	11.252	11.248	21876	61726
occ_259bd12e35c8803725eca7ce6ff54c70	SID531469	23126	23376	1250	9.88	9.88	21876	61726
occ_259bd12e35c8803725eca7ce6ff54c70	SID531469	23376	23626	1500	11.396	11.396	21876	61726
occ_259bd12e35c8803725eca7ce6ff54c70	SID531469	23626	23876	1750	10.66	10.66	21876	61726
occ_259bd12e35c8803725eca7ce6ff54c70	SID531469	23876	24126	2000	11.476	11.476	21876	61726
occ_259bd12e35c8803725eca7ce6ff54c70	SID531469	24126	24376	2250	12.52	12.52	21876	61726
occ_259bd12e35c8803725eca7ce6ff54c70	SID531469	24376	24626	2500	13.876	13.876	21876	61726
occ_259bd12e35c8803725eca7ce6ff54c70	SID531469	24626	24876	2750	10.612	10.612	21876	61726
occ_259bd12e35c8803725eca7ce6ff54c70	SID531469	24876	25126	3000	11.924	11.924	21876	61726
occ_259bd12e35c8803725eca7ce6ff54c70	SID531469	25126	25376	3250	13.076	12.508	21876	61726
occ_259bd12e35c8803725eca7ce6ff54c70	SID531469	25376	25626	3500	13.568	13.504	21876	61726
occ_259bd12e35c8803725eca7ce6ff54c70	SID531469	25626	25876	3750	12.02	12.02	21876	61726
occ_259bd12e35c8803725eca7ce6ff54c70	SID531469	25876	26126	4000	13.672	13.672	21876	61726
occ_259bd12e35c8803725eca7ce6ff54c70	SID531469	26126	26376	4250	15.76	15.76	21876	61726
occ_259bd12e35c8803725eca7ce6ff54c70	SID531469	26376	26626	4500	13.48	13.48	21876	61726
occ_259bd12e35c8803725eca7ce6ff54c70	SID531469	26626	26876	4750	13.26	13.26	21876	61726
occ_259bd12e35c8803725eca7ce6ff54c70	SID531469	26876	27126	5000	9.32	9.32	21876	61726
occ_259bd12e35c8803725eca7ce6ff54c70	SID531469	27126	27376	5250	10.288	10.288	21876	61726
occ_259bd12e35c8803725eca7ce6ff54c70	SID531469	27376	27626	5500	12.572	12.572	21876	61726
occ_259bd12e35c8803725eca7ce6ff54c70	SID531469	27626	27876	5750	13.292	13.292	21876	61726
occ_259bd12e35c8803725eca7ce6ff54c70	SID531469	27876	28126	6000	9.872	9.872	21876	61726
occ_259bd12e35c8803725eca7ce6ff54c70	SID531469	28126	28376	6250	12.072	12.072	21876	61726
occ_259bd12e35c8803725eca7ce6ff54c70	SID531469	28376	28626	6500	14.348	14.348	21876	61726
occ_259bd12e35c8803725eca7ce6ff54c70	SID531469	28626	28876	6750	11.984	11.984	21876	61726
occ_259bd12e35c8803725eca7ce6ff54c70	SID531469	28876	29126	7000	9.84	9.84	21876	61726
occ_259bd12e35c8803725eca7ce6ff54c70	SID531469	29126	29376	7250	7.212	7.212	21876	61726
occ_259bd12e35c8803725eca7ce6ff54c70	SID531469	29376	29626	7500	11.98	11.98	21876	61726
occ_259bd12e35c8803725eca7ce6ff54c70	SID531469	29626	29876	7750	19.804	19.804	21876	61726
occ_259bd12e35c8803725eca7ce6ff54c70	SID531469	29876	30126	8000	17.976	17.976	21876	61726
occ_259bd12e35c8803725eca7ce6ff54c70	SID531469	30126	30376	8250	11.78	11.78	21876	61726
occ_259bd12e35c8803725eca7ce6ff54c70	SID531469	30376	30626	8500	11.016	11.016	21876	61726
occ_259bd12e35c8803725eca7ce6ff54c70	SID531469	30626	30876	8750	12.58	12.58	21876	61726
occ_259bd12e35c8803725eca7ce6ff54c70	SID531469	30876	31126	9000	11.908	11.908	21876	61726
occ_259bd12e35c8803725eca7ce6ff54c70	SID531469	31126	31376	9250	12.392	12.392	21876	61726
occ_259bd12e35c8803725eca7ce6ff54c70	SID531469	31376	31626	9500	12.996	12.996	21876	61726
occ_259bd12e35c8803725eca7ce6ff54c70	SID531469	31626	31876	9750	10.272	10.272	21876	61726
occ_259bd12e35c8803725eca7ce6ff54c70	SID531469	31876	32126	10000	13.44	13.44	21876	61726
occ_259bd12e35c8803725eca7ce6ff54c70	SID531469	32126	32376	10250	11.06	11.06	21876	61726
occ_259bd12e35c8803725eca7ce6ff54c70	SID531469	32376	32626	10500	13.348	13.348	21876	61726
occ_259bd12e35c8803725eca7ce6ff54c70	SID531469	32626	32876	10750	9.856	9.856	21876	61726
occ_259bd12e35c8803725eca7ce6ff54c70	SID531469	32876	33126	11000	14.04	14.04	21876	61726
occ_259bd12e35c8803725eca7ce6ff54c70	SID531469	33126	33376	11250	14.724	14.724	21876	61726
occ_259bd12e35c8803725eca7ce6ff54c70	SID531469	33376	33626	11500	12.288	12.288	21876	61726
occ_259bd12e35c8803725eca7ce6ff54c70	SID531469	33626	33876	11750	15.024	15.024	21876	61726
occ_259bd12e35c8803725eca7ce6ff54c70	SID531469	33876	34126	12000	18.92	18.92	21876	61726
occ_259bd12e35c8803725eca7ce6ff54c70	SID531469	34126	34376	12250	16.256	16.256	21876	61726
occ_259bd12e35c8803725eca7ce6ff54c70	SID531469	34376	34626	12500	9.612	9.612	21876	61726
occ_259bd12e35c8803725eca7ce6ff54c70	SID531469	34626	34876	12750	16.4	16.4	21876	61726
occ_259bd12e35c8803725eca7ce6ff54c70	SID531469	34876	35126	13000	15.576	15.576	21876	61726
occ_259bd12e35c8803725eca7ce6ff54c70	SID531469	35126	35376	13250	15.5	15.5	21876	61726
occ_259bd12e35c8803725eca7ce6ff54c70	SID531469	35376	35626	13500	11.484	11.484	21876	61726
occ_259bd12e35c8803725eca7ce6ff54c70	SID531469	35626	35876	13750	8.42	8.42	21876	61726
occ_259bd12e35c8803725eca7ce6ff54c70	SID531469	35876	36126	14000	13.04	13.04	21876	61726
occ_259bd12e35c8803725eca7ce6ff54c70	SID531469	36126	36376	14250	11.944	11.944	21876	61726
occ_259bd12e35c8803725eca7ce6ff54c70	SID531469	36376	36626	14500	8.776	8.776	21876	61726
occ_259bd12e35c8803725eca7ce6ff54c70	SID531469	36626	36876	14750	17.188	17.188	21876	61726
occ_259bd12e35c8803725eca7ce6ff54c70	SID531469	36876	37126	15000	16.212	16.212	21876	61726
occ_259bd12e35c8803725eca7ce6ff54c70	SID531469	37126	37376	15250	11.64	11.64	21876	61726
occ_259bd12e35c8803725eca7ce6ff54c70	SID531469	37376	37626	15500	10.436	10.436	21876	61726
occ_259bd12e35c8803725eca7ce6ff54c70	SID531469	37626	37876	15750	17.36	17.36	21876	61726
occ_259bd12e35c8803725eca7ce6ff54c70	SID531469	37876	38126	16000	15.428	15.428	21876	61726
occ_259bd12e35c8803725eca7ce6ff54c70	SID531469	38126	38376	16250	10.436	10.436	21876	61726
occ_259bd12e35c8803725eca7ce6ff54c70	SID531469	38376	38626	16500	10.256	10.256	21876	61726
occ_259bd12e35c8803725eca7ce6ff54c70	SID531469	38626	38876	16750	11.8	11.8	21876	61726
occ_259bd12e35c8803725eca7ce6ff54c70	SID531469	38876	39126	17000	12.268	12.268	21876	61726
occ_259bd12e35c8803725eca7ce6ff54c70	SID531469	39126	39376	17250	9.648	9.648	21876	61726
occ_259bd12e35c8803725eca7ce6ff54c70	SID531469	39376	39626	17500	13.152	13.152	21876	61726
occ_259bd12e35c8803725eca7ce6ff54c70	SID531469	39626	39876	17750	14.568	14.568	21876	61726
occ_259bd12e35c8803725eca7ce6ff54c70	SID531469	39876	40126	18000	15.02	15.02	21876	61726
occ_259bd12e35c8803725eca7ce6ff54c70	SID531469	40126	40376	18250	12.496	12.496	21876	61726
occ_259bd12e35c8803725eca7ce6ff54c70	SID531469	40376	40626	18500	13.448	13.448	21876	61726
occ_259bd12e35c8803725eca7ce6ff54c70	SID531469	40626	40876	18750	13.916	13.916	21876	61726
occ_259bd12e35c8803725eca7ce6ff54c70	SID531469	40876	41126	19000	14.196	14.196	21876	61726
occ_259bd12e35c8803725eca7ce6ff54c70	SID531469	41126	41376	19250	11.832	11.832	21876	61726
occ_259bd12e35c8803725eca7ce6ff54c70	SID531469	41376	41626	19500	15.46	15.46	21876	61726
occ_259bd12e35c8803725eca7ce6ff54c70	SID531469	41626	41876	19750	14.732	14.732	21876	61726
occ_259bd12e35c8803725eca7ce6ff54c70	SID531469	41876	42126	20000	17.812	17.812	21876	61726
occ_259bd12e35c8803725eca7ce6ff54c70	SID531469	42126	42376	20250	16.096	16.096	21876	61726
occ_259bd12e35c8803725eca7ce6ff54c70	SID531469	42376	42626	20500	19.048	19.048	21876	61726
occ_259bd12e35c8803725eca7ce6ff54c70	SID531469	42626	42876	20750	14.444	14.444	21876	61726
occ_259bd12e35c8803725eca7ce6ff54c70	SID531469	42876	43126	21000	12.984	12.984	21876	61726
occ_259bd12e35c8803725eca7ce6ff54c70	SID531469	43126	43376	21250	12.688	12.688	21876	61726
occ_259bd12e35c8803725eca7ce6ff54c70	SID531469	43376	43626	21500	11.436	11.436	21876	61726
occ_259bd12e35c8803725eca7ce6ff54c70	SID531469	43626	43876	21750	12.248	12.248	21876	61726
occ_259bd12e35c8803725eca7ce6ff54c70	SID531469	43876	44126	22000	11.668	11.668	21876	61726
occ_259bd12e35c8803725eca7ce6ff54c70	SID531469	44126	44376	22250	14.224	14.224	21876	61726
occ_259bd12e35c8803725eca7ce6ff54c70	SID531469	44376	44626	22500	15.6	15.6	21876	61726
occ_259bd12e35c8803725eca7ce6ff54c70	SID531469	44626	44876	22750	15.784	15.784	21876	61726
occ_259bd12e35c8803725eca7ce6ff54c70	SID531469	44876	45126	23000	14.432	14.432	21876	61726
occ_259bd12e35c8803725eca7ce6ff54c70	SID531469	45126	45376	23250	15.776	15.776	21876	61726
occ_259bd12e35c8803725eca7ce6ff54c70	SID531469	45376	45626	23500	10.976	10.976	21876	61726
occ_259bd12e35c8803725eca7ce6ff54c70	SID531469	45626	45876	23750	13.08	13.08	21876	61726
occ_259bd12e35c8803725eca7ce6ff54c70	SID531469	45876	46126	24000	17.44	17.44	21876	61726
occ_259bd12e35c8803725eca7ce6ff54c70	SID531469	46126	46376	24250	18.056	18.056	21876	61726
occ_259bd12e35c8803725eca7ce6ff54c70	SID531469	46376	46626	24500	12.784	12.784	21876	61726
occ_259bd12e35c8803725eca7ce6ff54c70	SID531469	46626	46876	24750	12.708	12.708	21876	61726
occ_259bd12e35c8803725eca7ce6ff54c70	SID531469	46876	47126	25000	10.788	10.788	21876	61726
occ_259bd12e35c8803725eca7ce6ff54c70	SID531469	47126	47376	25250	12.312	12.312	21876	61726
occ_259bd12e35c8803725eca7ce6ff54c70	SID531469	47376	47626	25500	11.088	11.088	21876	61726
occ_259bd12e35c8803725eca7ce6ff54c70	SID531469	47626	47876	25750	12.068	12.068	21876	61726
occ_259bd12e35c8803725eca7ce6ff54c70	SID531469	47876	48126	26000	12.688	12.688	21876	61726
occ_259bd12e35c8803725eca7ce6ff54c70	SID531469	48126	48376	26250	12.952	12.952	21876	61726
occ_259bd12e35c8803725eca7ce6ff54c70	SID531469	48376	48626	26500	9.956	9.956	21876	61726
occ_259bd12e35c8803725eca7ce6ff54c70	SID531469	48626	48876	26750	14.052	14.052	21876	61726
occ_259bd12e35c8803725eca7ce6ff54c70	SID531469	48876	49126	27000	13.328	13.328	21876	61726
occ_259bd12e35c8803725eca7ce6ff54c70	SID531469	49126	49376	27250	13.552	13.552	21876	61726
occ_259bd12e35c8803725eca7ce6ff54c70	SID531469	49376	49626	27500	14.992	14.992	21876	61726
occ_259bd12e35c8803725eca7ce6ff54c70	SID531469	49626	49876	27750	15.352	15.352	21876	61726
occ_259bd12e35c8803725eca7ce6ff54c70	SID531469	49876	50126	28000	14.076	14.076	21876	61726
occ_259bd12e35c8803725eca7ce6ff54c70	SID531469	50126	50376	28250	16.44	16.44	21876	61726
occ_259bd12e35c8803725eca7ce6ff54c70	SID531469	50376	50626	28500	13.772	13.772	21876	61726
occ_259bd12e35c8803725eca7ce6ff54c70	SID531469	50626	50876	28750	15.064	15.064	21876	61726
occ_259bd12e35c8803725eca7ce6ff54c70	SID531469	50876	51126	29000	16.992	16.992	21876	61726
occ_259bd12e35c8803725eca7ce6ff54c70	SID531469	51126	51376	29250	14.184	14.184	21876	61726
occ_259bd12e35c8803725eca7ce6ff54c70	SID531469	51376	51626	29500	13.288	13.288	21876	61726
occ_259bd12e35c8803725eca7ce6ff54c70	SID531469	51626	51876	29750	16.664	16.664	21876	61726
occ_259bd12e35c8803725eca7ce6ff54c70	SID531469	51876	52126	30000	14.196	14.196	21876	61726
occ_259bd12e35c8803725eca7ce6ff54c70	SID531469	52126	52376	30250	16.52	16.52	21876	61726
occ_259bd12e35c8803725eca7ce6ff54c70	SID531469	52376	52626	30500	17.98	17.98	21876	61726
occ_259bd12e35c8803725eca7ce6ff54c70	SID531469	52626	52876	30750	16.396	16.396	21876	61726
occ_259bd12e35c8803725eca7ce6ff54c70	SID531469	52876	53126	31000	14.744	14.744	21876	61726
occ_259bd12e35c8803725eca7ce6ff54c70	SID531469	53126	53376	31250	10.892	10.892	21876	61726
occ_259bd12e35c8803725eca7ce6ff54c70	SID531469	53376	53626	31500	13.04	13.04	21876	61726
occ_259bd12e35c8803725eca7ce6ff54c70	SID531469	53626	53876	31750	13.988	13.988	21876	61726
occ_259bd12e35c8803725eca7ce6ff54c70	SID531469	53876	54126	32000	17.772	17.772	21876	61726
occ_259bd12e35c8803725eca7ce6ff54c70	SID531469	54126	54376	32250	16.62	16.62	21876	61726
occ_259bd12e35c8803725eca7ce6ff54c70	SID531469	54376	54626	32500	10.812	10.812	21876	61726
occ_259bd12e35c8803725eca7ce6ff54c70	SID531469	54626	54876	32750	12.492	12.492	21876	61726
occ_259bd12e35c8803725eca7ce6ff54c70	SID531469	54876	55126	33000	11.424	11.424	21876	61726
occ_259bd12e35c8803725eca7ce6ff54c70	SID531469	55126	55376	33250	12.28	12.28	21876	61726
occ_259bd12e35c8803725eca7ce6ff54c70	SID531469	55376	55626	33500	15.24	15.24	21876	61726
occ_259bd12e35c8803725eca7ce6ff54c70	SID531469	55626	55876	33750	11.264	11.264	21876	61726
occ_259bd12e35c8803725eca7ce6ff54c70	SID531469	55876	56126	34000	13.724	13.72	21876	61726
occ_259bd12e35c8803725eca7ce6ff54c70	SID531469	56126	56376	34250	17.348	17.348	21876	61726
occ_259bd12e35c8803725eca7ce6ff54c70	SID531469	56376	56626	34500	15.252	15.252	21876	61726
occ_259bd12e35c8803725eca7ce6ff54c70	SID531469	56626	56876	34750	13.432	13.432	21876	61726
occ_259bd12e35c8803725eca7ce6ff54c70	SID531469	56876	57126	35000	14.812	14.812	21876	61726
occ_259bd12e35c8803725eca7ce6ff54c70	SID531469	57126	57376	35250	17.696	17.696	21876	61726
occ_259bd12e35c8803725eca7ce6ff54c70	SID531469	57376	57626	35500	13.82	13.82	21876	61726
occ_259bd12e35c8803725eca7ce6ff54c70	SID531469	57626	57876	35750	13.608	13.608	21876	61726
occ_259bd12e35c8803725eca7ce6ff54c70	SID531469	57876	58126	36000	10.604	10.6	21876	61726
occ_259bd12e35c8803725eca7ce6ff54c70	SID531469	58126	58376	36250	14.696	14.696	21876	61726
occ_259bd12e35c8803725eca7ce6ff54c70	SID531469	58376	58626	36500	15.22	15.22	21876	61726
occ_259bd12e35c8803725eca7ce6ff54c70	SID531469	58626	58876	36750	12.128	12.128	21876	61726
occ_259bd12e35c8803725eca7ce6ff54c70	SID531469	58876	59126	37000	10.672	10.672	21876	61726
occ_259bd12e35c8803725eca7ce6ff54c70	SID531469	59126	59376	37250	11.316	11.316	21876	61726
occ_259bd12e35c8803725eca7ce6ff54c70	SID531469	59376	59626	37500	10.76	10.76	21876	61726
occ_259bd12e35c8803725eca7ce6ff54c70	SID531469	59626	59876	37750	10.512	10.512	21876	61726
occ_259bd12e35c8803725eca7ce6ff54c70	SID531469	59876	60126	38000	11.852	11.852	21876	61726
occ_259bd12e35c8803725eca7ce6ff54c70	SID531469	60126	60376	38250	16.588	16.588	21876	61726
occ_259bd12e35c8803725eca7ce6ff54c70	SID531469	60376	60626	38500	19.6	19.6	21876	61726
occ_259bd12e35c8803725eca7ce6ff54c70	SID531469	60626	60876	38750	14.708	14.708	21876	61726
occ_259bd12e35c8803725eca7ce6ff54c70	SID531469	60876	61126	39000	16.52	16.152	21876	61726
occ_259bd12e35c8803725eca7ce6ff54c70	SID531469	61126	61376	39250	15.712	15.712	21876	61726
occ_259bd12e35c8803725eca7ce6ff54c70	SID531469	61376	61626	39500	13.737623762376238	13.737623762376238	21876	61726
occ_259bd12e35c8803725eca7ce6ff54c70	SID531469	61626	61728	39750	NA	NA	21876	61726
occ_2e96253b6c1b009df107e28cd7709cd1	SID531469	0	250	-2	24.43	24.43	2	30903
occ_2e96253b6c1b009df107e28cd7709cd1	SID531469	250	500	248	25.34	25.34	2	30903
occ_2e96253b6c1b009df107e28cd7709cd1	SID531469	500	750	498	21.096	21.096	2	30903
occ_2e96253b6c1b009df107e28cd7709cd1	SID531469	750	1000	748	15.344	15.344	2	30903
occ_2e96253b6c1b009df107e28cd7709cd1	SID531469	1000	1250	998	18.8	18.8	2	30903
occ_2e96253b6c1b009df107e28cd7709cd1	SID531469	1250	1500	1248	21.68	21.68	2	30903
occ_2e96253b6c1b009df107e28cd7709cd1	SID531469	1500	1750	1498	25.368	25.368	2	30903
occ_2e96253b6c1b009df107e28cd7709cd1	SID531469	1750	2000	1748	26.136	26.136	2	30903
occ_2e96253b6c1b009df107e28cd7709cd1	SID531469	2000	2250	1998	26.896	26.896	2	30903
occ_2e96253b6c1b009df107e28cd7709cd1	SID531469	2250	2500	2248	29.592	29.592	2	30903
occ_2e96253b6c1b009df107e28cd7709cd1	SID531469	2500	2750	2498	23.44	23.44	2	30903
occ_2e96253b6c1b009df107e28cd7709cd1	SID531469	2750	3000	2748	24.528	24.528	2	30903
occ_2e96253b6c1b009df107e28cd7709cd1	SID531469	3000	3250	2998	23.124	23.124	2	30903
occ_2e96253b6c1b009df107e28cd7709cd1	SID531469	3250	3500	3248	32.62	32.62	2	30903
occ_2e96253b6c1b009df107e28cd7709cd1	SID531469	3500	3750	3498	28.4	28.4	2	30903
occ_2e96253b6c1b009df107e28cd7709cd1	SID531469	3750	4000	3748	27.02	27.02	2	30903
occ_2e96253b6c1b009df107e28cd7709cd1	SID531469	4000	4250	3998	24.952	24.952	2	30903
occ_2e96253b6c1b009df107e28cd7709cd1	SID531469	4250	4500	4248	28.556	28.556	2	30903
occ_2e96253b6c1b009df107e28cd7709cd1	SID531469	4500	4750	4498	25.872	25.872	2	30903
occ_2e96253b6c1b009df107e28cd7709cd1	SID531469	4750	5000	4748	25.628	25.628	2	30903
occ_2e96253b6c1b009df107e28cd7709cd1	SID531469	5000	5250	4998	25.308	25.308	2	30903
occ_2e96253b6c1b009df107e28cd7709cd1	SID531469	5250	5500	5248	21.008	21.008	2	30903
occ_2e96253b6c1b009df107e28cd7709cd1	SID531469	5500	5750	5498	23.972	23.972	2	30903
occ_2e96253b6c1b009df107e28cd7709cd1	SID531469	5750	6000	5748	25.996	25.996	2	30903
occ_2e96253b6c1b009df107e28cd7709cd1	SID531469	6000	6250	5998	30.336	30.336	2	30903
occ_2e96253b6c1b009df107e28cd7709cd1	SID531469	6250	6500	6248	27.432	27.432	2	30903
occ_2e96253b6c1b009df107e28cd7709cd1	SID531469	6500	6750	6498	22.572	22.572	2	30903
occ_2e96253b6c1b009df107e28cd7709cd1	SID531469	6750	7000	6748	28.048	28.048	2	30903
occ_2e96253b6c1b009df107e28cd7709cd1	SID531469	7000	7250	6998	22.312	22.312	2	30903
occ_2e96253b6c1b009df107e28cd7709cd1	SID531469	7250	7500	7248	19.904	19.904	2	30903
occ_2e96253b6c1b009df107e28cd7709cd1	SID531469	7500	7750	7498	19.18	19.18	2	30903
occ_2e96253b6c1b009df107e28cd7709cd1	SID531469	7750	8000	7748	19.08	19.08	2	30903
occ_2e96253b6c1b009df107e28cd7709cd1	SID531469	8000	8250	7998	26.14	26.14	2	30903
occ_2e96253b6c1b009df107e28cd7709cd1	SID531469	8250	8500	8248	22.78	22.78	2	30903
occ_2e96253b6c1b009df107e28cd7709cd1	SID531469	8500	8750	8498	23.228	23.228	2	30903
occ_2e96253b6c1b009df107e28cd7709cd1	SID531469	8750	9000	8748	22.24	22.24	2	30903
occ_2e96253b6c1b009df107e28cd7709cd1	SID531469	9000	9250	8998	17.072	17.072	2	30903
occ_2e96253b6c1b009df107e28cd7709cd1	SID531469	9250	9500	9248	22.784	22.784	2	30903
occ_2e96253b6c1b009df107e28cd7709cd1	SID531469	9500	9750	9498	25.3	25.3	2	30903
occ_2e96253b6c1b009df107e28cd7709cd1	SID531469	9750	10000	9748	25.968	25.968	2	30903
occ_2e96253b6c1b009df107e28cd7709cd1	SID531469	10000	10250	9998	21.68	21.68	2	30903
occ_2e96253b6c1b009df107e28cd7709cd1	SID531469	10250	10500	10248	19.34	19.34	2	30903
occ_2e96253b6c1b009df107e28cd7709cd1	SID531469	10500	10750	10498	24.172	24.172	2	30903
occ_2e96253b6c1b009df107e28cd7709cd1	SID531469	10750	11000	10748	23.872	23.872	2	30903
occ_2e96253b6c1b009df107e28cd7709cd1	SID531469	11000	11250	10998	22.784	22.432	2	30903
occ_2e96253b6c1b009df107e28cd7709cd1	SID531469	11250	11500	11248	27.196	27.196	2	30903
occ_2e96253b6c1b009df107e28cd7709cd1	SID531469	11500	11750	11498	28.072	27.704	2	30903
occ_2e96253b6c1b009df107e28cd7709cd1	SID531469	11750	12000	11748	24.316	24.316	2	30903
occ_2e96253b6c1b009df107e28cd7709cd1	SID531469	12000	12250	11998	22.692	22.692	2	30903
occ_2e96253b6c1b009df107e28cd7709cd1	SID531469	12250	12500	12248	18.44	18.44	2	30903
occ_2e96253b6c1b009df107e28cd7709cd1	SID531469	12500	12750	12498	21.08	21.08	2	30903
occ_2e96253b6c1b009df107e28cd7709cd1	SID531469	12750	13000	12748	24.012	24.008	2	30903
occ_2e96253b6c1b009df107e28cd7709cd1	SID531469	13000	13250	12998	25.12	25.12	2	30903
occ_2e96253b6c1b009df107e28cd7709cd1	SID531469	13250	13500	13248	21.884	21.884	2	30903
occ_2e96253b6c1b009df107e28cd7709cd1	SID531469	13500	13750	13498	20.284	20.284	2	30903
occ_2e96253b6c1b009df107e28cd7709cd1	SID531469	13750	14000	13748	18.54	18.54	2	30903
occ_2e96253b6c1b009df107e28cd7709cd1	SID531469	14000	14250	13998	28.572	28.572	2	30903
occ_2e96253b6c1b009df107e28cd7709cd1	SID531469	14250	14500	14248	20.612	20.612	2	30903
occ_2e96253b6c1b009df107e28cd7709cd1	SID531469	14500	14750	14498	18.224	18.224	2	30903
occ_2e96253b6c1b009df107e28cd7709cd1	SID531469	14750	15000	14748	13.784	13.784	2	30903
occ_2e96253b6c1b009df107e28cd7709cd1	SID531469	15000	15250	14998	15.464	15.464	2	30903
occ_2e96253b6c1b009df107e28cd7709cd1	SID531469	15250	15500	15248	18.432	18.432	2	30903
occ_2e96253b6c1b009df107e28cd7709cd1	SID531469	15500	15750	15498	24.696	24.696	2	30903
occ_2e96253b6c1b009df107e28cd7709cd1	SID531469	15750	16000	15748	23.076	23.076	2	30903
occ_2e96253b6c1b009df107e28cd7709cd1	SID531469	16000	16250	15998	21.472	21.472	2	30903
occ_2e96253b6c1b009df107e28cd7709cd1	SID531469	16250	16500	16248	19.704	19.704	2	30903
occ_2e96253b6c1b009df107e28cd7709cd1	SID531469	16500	16750	16498	17.904	17.904	2	30903
occ_2e96253b6c1b009df107e28cd7709cd1	SID531469	16750	17000	16748	17.428	17.428	2	30903
occ_2e96253b6c1b009df107e28cd7709cd1	SID531469	17000	17250	16998	24.952	24.952	2	30903
occ_2e96253b6c1b009df107e28cd7709cd1	SID531469	17250	17500	17248	22.912	22.912	2	30903
occ_2e96253b6c1b009df107e28cd7709cd1	SID531469	17500	17750	17498	22.688	22.688	2	30903
occ_2e96253b6c1b009df107e28cd7709cd1	SID531469	17750	18000	17748	28.02	28.02	2	30903
occ_2e96253b6c1b009df107e28cd7709cd1	SID531469	18000	18250	17998	19.992	19.992	2	30903
occ_2e96253b6c1b009df107e28cd7709cd1	SID531469	18250	18500	18248	26.712	26.712	2	30903
occ_2e96253b6c1b009df107e28cd7709cd1	SID531469	18500	18750	18498	23.328	23.328	2	30903
occ_2e96253b6c1b009df107e28cd7709cd1	SID531469	18750	19000	18748	18.272	18.272	2	30903
occ_2e96253b6c1b009df107e28cd7709cd1	SID531469	19000	19250	18998	23.172	23.172	2	30903
occ_2e96253b6c1b009df107e28cd7709cd1	SID531469	19250	19500	19248	26.236	26.236	2	30903
occ_2e96253b6c1b009df107e28cd7709cd1	SID531469	19500	19750	19498	18.088	18.088	2	30903
occ_2e96253b6c1b009df107e28cd7709cd1	SID531469	19750	20000	19748	27.816	27.816	2	30903
occ_2e96253b6c1b009df107e28cd7709cd1	SID531469	20000	20250	19998	24.988	24.988	2	30903
occ_2e96253b6c1b009df107e28cd7709cd1	SID531469	20250	20500	20248	25.04	25.04	2	30903
occ_2e96253b6c1b009df107e28cd7709cd1	SID531469	20500	20750	20498	18.468	18.468	2	30903
occ_2e96253b6c1b009df107e28cd7709cd1	SID531469	20750	21000	20748	27.204	27.204	2	30903
occ_2e96253b6c1b009df107e28cd7709cd1	SID531469	21000	21250	20998	26.9	26.9	2	30903
occ_2e96253b6c1b009df107e28cd7709cd1	SID531469	21250	21500	21248	23.128	23.128	2	30903
occ_2e96253b6c1b009df107e28cd7709cd1	SID531469	21500	21750	21498	30.096	30.096	2	30903
occ_2e96253b6c1b009df107e28cd7709cd1	SID531469	21750	22000	21748	25.524	25.524	2	30903
occ_2e96253b6c1b009df107e28cd7709cd1	SID531469	22000	22250	21998	21.208	21.208	2	30903
occ_2e96253b6c1b009df107e28cd7709cd1	SID531469	22250	22500	22248	24.924	24.924	2	30903
occ_2e96253b6c1b009df107e28cd7709cd1	SID531469	22500	22750	22498	19.636	19.636	2	30903
occ_2e96253b6c1b009df107e28cd7709cd1	SID531469	22750	23000	22748	19.944	19.944	2	30903
occ_2e96253b6c1b009df107e28cd7709cd1	SID531469	23000	23250	22998	19.252	19.252	2	30903
occ_2e96253b6c1b009df107e28cd7709cd1	SID531469	23250	23500	23248	16.856	16.856	2	30903
occ_2e96253b6c1b009df107e28cd7709cd1	SID531469	23500	23750	23498	14.64	14.64	2	30903
occ_2e96253b6c1b009df107e28cd7709cd1	SID531469	23750	24000	23748	17.084	17.084	2	30903
occ_2e96253b6c1b009df107e28cd7709cd1	SID531469	24000	24250	23998	16.176	16.176	2	30903
occ_2e96253b6c1b009df107e28cd7709cd1	SID531469	24250	24500	24248	13.784	13.784	2	30903
occ_2e96253b6c1b009df107e28cd7709cd1	SID531469	24500	24750	24498	17.376	17.372	2	30903
occ_2e96253b6c1b009df107e28cd7709cd1	SID531469	24750	25000	24748	25.204	25.204	2	30903
occ_2e96253b6c1b009df107e28cd7709cd1	SID531469	25000	25250	24998	21.492	21.492	2	30903
occ_2e96253b6c1b009df107e28cd7709cd1	SID531469	25250	25500	25248	17.308	17.308	2	30903
occ_2e96253b6c1b009df107e28cd7709cd1	SID531469	25500	25750	25498	12.888	12.888	2	30903
occ_2e96253b6c1b009df107e28cd7709cd1	SID531469	25750	26000	25748	15.524	15.524	2	30903
occ_2e96253b6c1b009df107e28cd7709cd1	SID531469	26000	26250	25998	20.872	20.872	2	30903
occ_2e96253b6c1b009df107e28cd7709cd1	SID531469	26250	26500	26248	20.284	20.284	2	30903
occ_2e96253b6c1b009df107e28cd7709cd1	SID531469	26500	26750	26498	23.528	23.528	2	30903
occ_2e96253b6c1b009df107e28cd7709cd1	SID531469	26750	27000	26748	27.688	27.688	2	30903
occ_2e96253b6c1b009df107e28cd7709cd1	SID531469	27000	27250	26998	20.972	20.908	2	30903
occ_2e96253b6c1b009df107e28cd7709cd1	SID531469	27250	27500	27248	24.148	23.828	2	30903
occ_2e96253b6c1b009df107e28cd7709cd1	SID531469	27500	27750	27498	27.924	27.54	2	30903
occ_2e96253b6c1b009df107e28cd7709cd1	SID531469	27750	28000	27748	21.252	21.252	2	30903
occ_2e96253b6c1b009df107e28cd7709cd1	SID531469	28000	28250	27998	22.316	22.316	2	30903
occ_2e96253b6c1b009df107e28cd7709cd1	SID531469	28250	28500	28248	23.736	23.736	2	30903
occ_2e96253b6c1b009df107e28cd7709cd1	SID531469	28500	28750	28498	22.82	22.82	2	30903
occ_2e96253b6c1b009df107e28cd7709cd1	SID531469	28750	29000	28748	22.772	22.772	2	30903
occ_2e96253b6c1b009df107e28cd7709cd1	SID531469	29000	29250	28998	21.416	21.416	2	30903
occ_2e96253b6c1b009df107e28cd7709cd1	SID531469	29250	29500	29248	20.252	20.252	2	30903
occ_2e96253b6c1b009df107e28cd7709cd1	SID531469	29500	29750	29498	21.216	21.216	2	30903
occ_2e96253b6c1b009df107e28cd7709cd1	SID531469	29750	30000	29748	22.344	22.344	2	30903
occ_2e96253b6c1b009df107e28cd7709cd1	SID531469	30000	30250	29998	14.684	14.68	2	30903
occ_2e96253b6c1b009df107e28cd7709cd1	SID531469	30250	30500	30248	17.684	17.684	2	30903
occ_2e96253b6c1b009df107e28cd7709cd1	SID531469	30500	30750	30498	23.736	23.736	2	30903
occ_2e96253b6c1b009df107e28cd7709cd1	SID531469	30750	31000	30748	24.064	24.064	2	30903
occ_2e96253b6c1b009df107e28cd7709cd1	SID531469	31000	31250	30998	28.748	28.748	2	30903
occ_2e96253b6c1b009df107e28cd7709cd1	SID531469	31250	31500	31248	17.748	17.748	2	30903
occ_2e96253b6c1b009df107e28cd7709cd1	SID531469	31500	31750	31498	14.284	14.284	2	30903
occ_2e96253b6c1b009df107e28cd7709cd1	SID531469	31750	32000	31748	14.828	14.828	2	30903
occ_2e96253b6c1b009df107e28cd7709cd1	SID531469	32000	32250	31998	11.436	11.436	2	30903
occ_2e96253b6c1b009df107e28cd7709cd1	SID531469	32250	32500	32248	10.336	10.336	2	30903
occ_2e96253b6c1b009df107e28cd7709cd1	SID531469	32500	32750	32498	15.02	15.02	2	30903
occ_2e96253b6c1b009df107e28cd7709cd1	SID531469	32750	33000	32748	14.48	14.48	2	30903
occ_2e96253b6c1b009df107e28cd7709cd1	SID531469	33000	33250	32998	13.488	13.488	2	30903
occ_2e96253b6c1b009df107e28cd7709cd1	SID531469	33250	33500	33248	15.392	15.392	2	30903
occ_2e96253b6c1b009df107e28cd7709cd1	SID531469	33500	33750	33498	12.492	12.492	2	30903
occ_2e96253b6c1b009df107e28cd7709cd1	SID531469	33750	34000	33748	12.956	12.956	2	30903
occ_2e96253b6c1b009df107e28cd7709cd1	SID531469	34000	34250	33998	12.579545454545455	12.579545454545455	2	30903
occ_2e96253b6c1b009df107e28cd7709cd1	SID531469	34250	34326	34248	NA	NA	2	30903
occ_35fbfbd377d2ff568fcb1288e5643fc0	SID531469	6190	6440	-5000	13.076	13.076	11190	60512
occ_35fbfbd377d2ff568fcb1288e5643fc0	SID531469	6440	6690	-4750	13.2	13.2	11190	60512
occ_35fbfbd377d2ff568fcb1288e5643fc0	SID531469	6690	6940	-4500	17.072	17.072	11190	60512
occ_35fbfbd377d2ff568fcb1288e5643fc0	SID531469	6940	7190	-4250	13.38	13.38	11190	60512
occ_35fbfbd377d2ff568fcb1288e5643fc0	SID531469	7190	7440	-4000	10.288	10.288	11190	60512
occ_35fbfbd377d2ff568fcb1288e5643fc0	SID531469	7440	7690	-3750	9.62	9.62	11190	60512
occ_35fbfbd377d2ff568fcb1288e5643fc0	SID531469	7690	7940	-3500	12.316	12.316	11190	60512
occ_35fbfbd377d2ff568fcb1288e5643fc0	SID531469	7940	8190	-3250	9.952	9.952	11190	60512
occ_35fbfbd377d2ff568fcb1288e5643fc0	SID531469	8190	8440	-3000	10.192	10.192	11190	60512
occ_35fbfbd377d2ff568fcb1288e5643fc0	SID531469	8440	8690	-2750	11.556	11.556	11190	60512
occ_35fbfbd377d2ff568fcb1288e5643fc0	SID531469	8690	8940	-2500	13.888	13.888	11190	60512
occ_35fbfbd377d2ff568fcb1288e5643fc0	SID531469	8940	9190	-2250	14.2	14.2	11190	60512
occ_35fbfbd377d2ff568fcb1288e5643fc0	SID531469	9190	9440	-2000	16.332	16.332	11190	60512
occ_35fbfbd377d2ff568fcb1288e5643fc0	SID531469	9440	9690	-1750	14.736	14.736	11190	60512
occ_35fbfbd377d2ff568fcb1288e5643fc0	SID531469	9690	9940	-1500	10.04	10.04	11190	60512
occ_35fbfbd377d2ff568fcb1288e5643fc0	SID531469	9940	10190	-1250	11.08	11.08	11190	60512
occ_35fbfbd377d2ff568fcb1288e5643fc0	SID531469	10190	10440	-1000	14.816	14.816	11190	60512
occ_35fbfbd377d2ff568fcb1288e5643fc0	SID531469	10440	10690	-750	15.604	15.604	11190	60512
occ_35fbfbd377d2ff568fcb1288e5643fc0	SID531469	10690	10940	-500	18.872	18.872	11190	60512
occ_35fbfbd377d2ff568fcb1288e5643fc0	SID531469	10940	11190	-250	17.48	17.48	11190	60512
occ_35fbfbd377d2ff568fcb1288e5643fc0	SID531469	11190	11440	0	23.892	23.888	11190	60512
occ_35fbfbd377d2ff568fcb1288e5643fc0	SID531469	11440	11690	250	20.12	20.12	11190	60512
occ_35fbfbd377d2ff568fcb1288e5643fc0	SID531469	11690	11940	500	21.736	21.736	11190	60512
occ_35fbfbd377d2ff568fcb1288e5643fc0	SID531469	11940	12190	750	17.624	17.624	11190	60512
occ_35fbfbd377d2ff568fcb1288e5643fc0	SID531469	12190	12440	1000	13.6	13.6	11190	60512
occ_35fbfbd377d2ff568fcb1288e5643fc0	SID531469	12440	12690	1250	22.38	22.38	11190	60512
occ_35fbfbd377d2ff568fcb1288e5643fc0	SID531469	12690	12940	1500	28.7	28.7	11190	60512
occ_35fbfbd377d2ff568fcb1288e5643fc0	SID531469	12940	13190	1750	26.088	26.088	11190	60512
occ_35fbfbd377d2ff568fcb1288e5643fc0	SID531469	13190	13440	2000	15.112	15.112	11190	60512
occ_35fbfbd377d2ff568fcb1288e5643fc0	SID531469	13440	13690	2250	18.164	18.164	11190	60512
occ_35fbfbd377d2ff568fcb1288e5643fc0	SID531469	13690	13940	2500	18.24	18.24	11190	60512
occ_35fbfbd377d2ff568fcb1288e5643fc0	SID531469	13940	14190	2750	19.26	19.26	11190	60512
occ_35fbfbd377d2ff568fcb1288e5643fc0	SID531469	14190	14440	3000	19.376	19.376	11190	60512
occ_35fbfbd377d2ff568fcb1288e5643fc0	SID531469	14440	14690	3250	17.9	17.9	11190	60512
occ_35fbfbd377d2ff568fcb1288e5643fc0	SID531469	14690	14940	3500	16.064	16.064	11190	60512
occ_35fbfbd377d2ff568fcb1288e5643fc0	SID531469	14940	15190	3750	21.44	21.44	11190	60512
occ_35fbfbd377d2ff568fcb1288e5643fc0	SID531469	15190	15440	4000	24.82	24.82	11190	60512
occ_35fbfbd377d2ff568fcb1288e5643fc0	SID531469	15440	15690	4250	24.452	24.452	11190	60512
occ_35fbfbd377d2ff568fcb1288e5643fc0	SID531469	15690	15940	4500	23.7	23.7	11190	60512
occ_35fbfbd377d2ff568fcb1288e5643fc0	SID531469	15940	16190	4750	29.36	29.36	11190	60512
occ_35fbfbd377d2ff568fcb1288e5643fc0	SID531469	16190	16440	5000	20.212	20.212	11190	60512
occ_35fbfbd377d2ff568fcb1288e5643fc0	SID531469	16440	16690	5250	23.584	23.584	11190	60512
occ_35fbfbd377d2ff568fcb1288e5643fc0	SID531469	16690	16940	5500	24.164	24.164	11190	60512
occ_35fbfbd377d2ff568fcb1288e5643fc0	SID531469	16940	17190	5750	25.708	25.708	11190	60512
occ_35fbfbd377d2ff568fcb1288e5643fc0	SID531469	17190	17440	6000	22.272	22.272	11190	60512
occ_35fbfbd377d2ff568fcb1288e5643fc0	SID531469	17440	17690	6250	19.908	19.908	11190	60512
occ_35fbfbd377d2ff568fcb1288e5643fc0	SID531469	17690	17940	6500	18.704	18.704	11190	60512
occ_35fbfbd377d2ff568fcb1288e5643fc0	SID531469	17940	18190	6750	17.38	17.38	11190	60512
occ_35fbfbd377d2ff568fcb1288e5643fc0	SID531469	18190	18440	7000	22.88	22.88	11190	60512
occ_35fbfbd377d2ff568fcb1288e5643fc0	SID531469	18440	18690	7250	24.684	24.684	11190	60512
occ_35fbfbd377d2ff568fcb1288e5643fc0	SID531469	18690	18940	7500	22.58	22.58	11190	60512
occ_35fbfbd377d2ff568fcb1288e5643fc0	SID531469	18940	19190	7750	21.54	21.54	11190	60512
occ_35fbfbd377d2ff568fcb1288e5643fc0	SID531469	19190	19440	8000	19.084	19.084	11190	60512
occ_35fbfbd377d2ff568fcb1288e5643fc0	SID531469	19440	19690	8250	22.892	22.892	11190	60512
occ_35fbfbd377d2ff568fcb1288e5643fc0	SID531469	19690	19940	8500	19.224	19.224	11190	60512
occ_35fbfbd377d2ff568fcb1288e5643fc0	SID531469	19940	20190	8750	13.248	13.248	11190	60512
occ_35fbfbd377d2ff568fcb1288e5643fc0	SID531469	20190	20440	9000	21.984	21.984	11190	60512
occ_35fbfbd377d2ff568fcb1288e5643fc0	SID531469	20440	20690	9250	18.76	18.76	11190	60512
occ_35fbfbd377d2ff568fcb1288e5643fc0	SID531469	20690	20940	9500	18.28	18.276	11190	60512
occ_35fbfbd377d2ff568fcb1288e5643fc0	SID531469	20940	21190	9750	19.296	19.296	11190	60512
occ_35fbfbd377d2ff568fcb1288e5643fc0	SID531469	21190	21440	10000	17.828	17.828	11190	60512
occ_35fbfbd377d2ff568fcb1288e5643fc0	SID531469	21440	21690	10250	24.416	24.416	11190	60512
occ_35fbfbd377d2ff568fcb1288e5643fc0	SID531469	21690	21940	10500	24.808	24.808	11190	60512
occ_35fbfbd377d2ff568fcb1288e5643fc0	SID531469	21940	22190	10750	18.152	18.152	11190	60512
occ_35fbfbd377d2ff568fcb1288e5643fc0	SID531469	22190	22440	11000	20.484	20.484	11190	60512
occ_35fbfbd377d2ff568fcb1288e5643fc0	SID531469	22440	22690	11250	23.736	23.736	11190	60512
occ_35fbfbd377d2ff568fcb1288e5643fc0	SID531469	22690	22940	11500	25.648	25.648	11190	60512
occ_35fbfbd377d2ff568fcb1288e5643fc0	SID531469	22940	23190	11750	26.148	26.148	11190	60512
occ_35fbfbd377d2ff568fcb1288e5643fc0	SID531469	23190	23440	12000	25.12	24.96	11190	60512
occ_35fbfbd377d2ff568fcb1288e5643fc0	SID531469	23440	23690	12250	20.712	20.504	11190	60512
occ_35fbfbd377d2ff568fcb1288e5643fc0	SID531469	23690	23940	12500	24.388	24.388	11190	60512
occ_35fbfbd377d2ff568fcb1288e5643fc0	SID531469	23940	24190	12750	24.78	24.78	11190	60512
occ_35fbfbd377d2ff568fcb1288e5643fc0	SID531469	24190	24440	13000	27.652	27.652	11190	60512
occ_35fbfbd377d2ff568fcb1288e5643fc0	SID531469	24440	24690	13250	20.832	20.832	11190	60512
occ_35fbfbd377d2ff568fcb1288e5643fc0	SID531469	24690	24940	13500	21.076	21.076	11190	60512
occ_35fbfbd377d2ff568fcb1288e5643fc0	SID531469	24940	25190	13750	19.724	19.724	11190	60512
occ_35fbfbd377d2ff568fcb1288e5643fc0	SID531469	25190	25440	14000	22.588	22.588	11190	60512
occ_35fbfbd377d2ff568fcb1288e5643fc0	SID531469	25440	25690	14250	26.608	26.608	11190	60512
occ_35fbfbd377d2ff568fcb1288e5643fc0	SID531469	25690	25940	14500	26.568	26.568	11190	60512
occ_35fbfbd377d2ff568fcb1288e5643fc0	SID531469	25940	26190	14750	24.528	24.528	11190	60512
occ_35fbfbd377d2ff568fcb1288e5643fc0	SID531469	26190	26440	15000	22.984	22.984	11190	60512
occ_35fbfbd377d2ff568fcb1288e5643fc0	SID531469	26440	26690	15250	22.096	22.096	11190	60512
occ_35fbfbd377d2ff568fcb1288e5643fc0	SID531469	26690	26940	15500	22.164	22.164	11190	60512
occ_35fbfbd377d2ff568fcb1288e5643fc0	SID531469	26940	27190	15750	21.512	21.512	11190	60512
occ_35fbfbd377d2ff568fcb1288e5643fc0	SID531469	27190	27440	16000	21.78	21.78	11190	60512
occ_35fbfbd377d2ff568fcb1288e5643fc0	SID531469	27440	27690	16250	23.048	23.048	11190	60512
occ_35fbfbd377d2ff568fcb1288e5643fc0	SID531469	27690	27940	16500	18.876	18.876	11190	60512
occ_35fbfbd377d2ff568fcb1288e5643fc0	SID531469	27940	28190	16750	17.496	17.496	11190	60512
occ_35fbfbd377d2ff568fcb1288e5643fc0	SID531469	28190	28440	17000	24.04	24.04	11190	60512
occ_35fbfbd377d2ff568fcb1288e5643fc0	SID531469	28440	28690	17250	22.372	22.372	11190	60512
occ_35fbfbd377d2ff568fcb1288e5643fc0	SID531469	28690	28940	17500	18.392	18.392	11190	60512
occ_35fbfbd377d2ff568fcb1288e5643fc0	SID531469	28940	29190	17750	19.736	19.736	11190	60512
occ_35fbfbd377d2ff568fcb1288e5643fc0	SID531469	29190	29440	18000	22.504	22.504	11190	60512
occ_35fbfbd377d2ff568fcb1288e5643fc0	SID531469	29440	29690	18250	19.984	19.984	11190	60512
occ_35fbfbd377d2ff568fcb1288e5643fc0	SID531469	29690	29940	18500	20.392	20.392	11190	60512
occ_35fbfbd377d2ff568fcb1288e5643fc0	SID531469	29940	30190	18750	23.336	23.336	11190	60512
occ_35fbfbd377d2ff568fcb1288e5643fc0	SID531469	30190	30440	19000	20.68	20.68	11190	60512
occ_35fbfbd377d2ff568fcb1288e5643fc0	SID531469	30440	30690	19250	18.168	18.168	11190	60512
occ_35fbfbd377d2ff568fcb1288e5643fc0	SID531469	30690	30940	19500	22.332	22.332	11190	60512
occ_35fbfbd377d2ff568fcb1288e5643fc0	SID531469	30940	31190	19750	16.02	16.02	11190	60512
occ_35fbfbd377d2ff568fcb1288e5643fc0	SID531469	31190	31440	20000	13.528	13.528	11190	60512
occ_35fbfbd377d2ff568fcb1288e5643fc0	SID531469	31440	31690	20250	13.704	13.704	11190	60512
occ_35fbfbd377d2ff568fcb1288e5643fc0	SID531469	31690	31940	20500	23.8	23.8	11190	60512
occ_35fbfbd377d2ff568fcb1288e5643fc0	SID531469	31940	32190	20750	22.3	22.3	11190	60512
occ_35fbfbd377d2ff568fcb1288e5643fc0	SID531469	32190	32440	21000	20.048	20.048	11190	60512
occ_35fbfbd377d2ff568fcb1288e5643fc0	SID531469	32440	32690	21250	22.432	22.432	11190	60512
occ_35fbfbd377d2ff568fcb1288e5643fc0	SID531469	32690	32940	21500	18.892	18.892	11190	60512
occ_35fbfbd377d2ff568fcb1288e5643fc0	SID531469	32940	33190	21750	21.3	21.3	11190	60512
occ_35fbfbd377d2ff568fcb1288e5643fc0	SID531469	33190	33440	22000	17.048	17.048	11190	60512
occ_35fbfbd377d2ff568fcb1288e5643fc0	SID531469	33440	33690	22250	27.112	27.112	11190	60512
occ_35fbfbd377d2ff568fcb1288e5643fc0	SID531469	33690	33940	22500	21.944	21.944	11190	60512
occ_35fbfbd377d2ff568fcb1288e5643fc0	SID531469	33940	34190	22750	23.556	23.296	11190	60512
occ_35fbfbd377d2ff568fcb1288e5643fc0	SID531469	34190	34440	23000	29.984	29.984	11190	60512
occ_35fbfbd377d2ff568fcb1288e5643fc0	SID531469	34440	34690	23250	30.64	30.64	11190	60512
occ_35fbfbd377d2ff568fcb1288e5643fc0	SID531469	34690	34940	23500	25.516	25.516	11190	60512
occ_35fbfbd377d2ff568fcb1288e5643fc0	SID531469	34940	35190	23750	22.184	22.184	11190	60512
occ_35fbfbd377d2ff568fcb1288e5643fc0	SID531469	35190	35440	24000	22.276	22.276	11190	60512
occ_35fbfbd377d2ff568fcb1288e5643fc0	SID531469	35440	35690	24250	18.628	18.628	11190	60512
occ_35fbfbd377d2ff568fcb1288e5643fc0	SID531469	35690	35940	24500	22.328	22.328	11190	60512
occ_35fbfbd377d2ff568fcb1288e5643fc0	SID531469	35940	36190	24750	21.644	21.348	11190	60512
occ_35fbfbd377d2ff568fcb1288e5643fc0	SID531469	36190	36440	25000	25.212	25.192	11190	60512
occ_35fbfbd377d2ff568fcb1288e5643fc0	SID531469	36440	36690	25250	24.216	24.216	11190	60512
occ_35fbfbd377d2ff568fcb1288e5643fc0	SID531469	36690	36940	25500	28.94	28.94	11190	60512
occ_35fbfbd377d2ff568fcb1288e5643fc0	SID531469	36940	37190	25750	24.732	24.732	11190	60512
occ_35fbfbd377d2ff568fcb1288e5643fc0	SID531469	37190	37440	26000	19.864	19.864	11190	60512
occ_35fbfbd377d2ff568fcb1288e5643fc0	SID531469	37440	37690	26250	23.7	23.7	11190	60512
occ_35fbfbd377d2ff568fcb1288e5643fc0	SID531469	37690	37940	26500	19.036	19.036	11190	60512
occ_35fbfbd377d2ff568fcb1288e5643fc0	SID531469	37940	38190	26750	21.1	21.1	11190	60512
occ_35fbfbd377d2ff568fcb1288e5643fc0	SID531469	38190	38440	27000	30.136	30.136	11190	60512
occ_35fbfbd377d2ff568fcb1288e5643fc0	SID531469	38440	38690	27250	27.524	27.524	11190	60512
occ_35fbfbd377d2ff568fcb1288e5643fc0	SID531469	38690	38940	27500	25.04	25.04	11190	60512
occ_35fbfbd377d2ff568fcb1288e5643fc0	SID531469	38940	39190	27750	25.032	25.032	11190	60512
occ_35fbfbd377d2ff568fcb1288e5643fc0	SID531469	39190	39440	28000	18.1	18.1	11190	60512
occ_35fbfbd377d2ff568fcb1288e5643fc0	SID531469	39440	39690	28250	16.232	16.232	11190	60512
occ_35fbfbd377d2ff568fcb1288e5643fc0	SID531469	39690	39940	28500	22.732	22.732	11190	60512
occ_35fbfbd377d2ff568fcb1288e5643fc0	SID531469	39940	40190	28750	23.324	23.324	11190	60512
occ_35fbfbd377d2ff568fcb1288e5643fc0	SID531469	40190	40440	29000	22.372	22.372	11190	60512
occ_35fbfbd377d2ff568fcb1288e5643fc0	SID531469	40440	40690	29250	28.388	28.388	11190	60512
occ_35fbfbd377d2ff568fcb1288e5643fc0	SID531469	40690	40940	29500	29.108	29.108	11190	60512
occ_35fbfbd377d2ff568fcb1288e5643fc0	SID531469	40940	41190	29750	23.984	23.984	11190	60512
occ_35fbfbd377d2ff568fcb1288e5643fc0	SID531469	41190	41440	30000	17.06	17.06	11190	60512
occ_35fbfbd377d2ff568fcb1288e5643fc0	SID531469	41440	41690	30250	15.132	15.132	11190	60512
occ_35fbfbd377d2ff568fcb1288e5643fc0	SID531469	41690	41940	30500	23.74	23.736	11190	60512
occ_35fbfbd377d2ff568fcb1288e5643fc0	SID531469	41940	42190	30750	28.0	28.0	11190	60512
occ_35fbfbd377d2ff568fcb1288e5643fc0	SID531469	42190	42440	31000	20.868	20.868	11190	60512
occ_35fbfbd377d2ff568fcb1288e5643fc0	SID531469	42440	42690	31250	24.484	24.484	11190	60512
occ_35fbfbd377d2ff568fcb1288e5643fc0	SID531469	42690	42940	31500	26.384	26.384	11190	60512
occ_35fbfbd377d2ff568fcb1288e5643fc0	SID531469	42940	43190	31750	24.64	24.64	11190	60512
occ_35fbfbd377d2ff568fcb1288e5643fc0	SID531469	43190	43440	32000	19.376	19.376	11190	60512
occ_35fbfbd377d2ff568fcb1288e5643fc0	SID531469	43440	43690	32250	22.312	22.312	11190	60512
occ_35fbfbd377d2ff568fcb1288e5643fc0	SID531469	43690	43940	32500	22.528	22.528	11190	60512
occ_35fbfbd377d2ff568fcb1288e5643fc0	SID531469	43940	44190	32750	21.776	21.776	11190	60512
occ_35fbfbd377d2ff568fcb1288e5643fc0	SID531469	44190	44440	33000	25.624	25.624	11190	60512
occ_35fbfbd377d2ff568fcb1288e5643fc0	SID531469	44440	44690	33250	22.888	22.888	11190	60512
occ_35fbfbd377d2ff568fcb1288e5643fc0	SID531469	44690	44940	33500	23.596	23.596	11190	60512
occ_35fbfbd377d2ff568fcb1288e5643fc0	SID531469	44940	45190	33750	15.784	15.784	11190	60512
occ_35fbfbd377d2ff568fcb1288e5643fc0	SID531469	45190	45440	34000	21.516	21.516	11190	60512
occ_35fbfbd377d2ff568fcb1288e5643fc0	SID531469	45440	45690	34250	22.236	22.236	11190	60512
occ_35fbfbd377d2ff568fcb1288e5643fc0	SID531469	45690	45940	34500	20.048	20.048	11190	60512
occ_35fbfbd377d2ff568fcb1288e5643fc0	SID531469	45940	46190	34750	25.98	25.98	11190	60512
occ_35fbfbd377d2ff568fcb1288e5643fc0	SID531469	46190	46440	35000	21.928	21.928	11190	60512
occ_35fbfbd377d2ff568fcb1288e5643fc0	SID531469	46440	46690	35250	27.84	27.84	11190	60512
occ_35fbfbd377d2ff568fcb1288e5643fc0	SID531469	46690	46940	35500	25.224	25.224	11190	60512
occ_35fbfbd377d2ff568fcb1288e5643fc0	SID531469	46940	47190	35750	35.1	35.1	11190	60512
occ_35fbfbd377d2ff568fcb1288e5643fc0	SID531469	47190	47440	36000	22.38	22.38	11190	60512
occ_35fbfbd377d2ff568fcb1288e5643fc0	SID531469	47440	47690	36250	19.148	19.148	11190	60512
occ_35fbfbd377d2ff568fcb1288e5643fc0	SID531469	47690	47940	36500	19.904	19.904	11190	60512
occ_35fbfbd377d2ff568fcb1288e5643fc0	SID531469	47940	48190	36750	23.92	23.92	11190	60512
occ_35fbfbd377d2ff568fcb1288e5643fc0	SID531469	48190	48440	37000	27.336	27.336	11190	60512
occ_35fbfbd377d2ff568fcb1288e5643fc0	SID531469	48440	48690	37250	25.712	25.712	11190	60512
occ_35fbfbd377d2ff568fcb1288e5643fc0	SID531469	48690	48940	37500	25.568	25.568	11190	60512
occ_35fbfbd377d2ff568fcb1288e5643fc0	SID531469	48940	49190	37750	23.2	23.2	11190	60512
occ_35fbfbd377d2ff568fcb1288e5643fc0	SID531469	49190	49440	38000	29.656	29.656	11190	60512
occ_35fbfbd377d2ff568fcb1288e5643fc0	SID531469	49440	49690	38250	29.316	29.316	11190	60512
occ_35fbfbd377d2ff568fcb1288e5643fc0	SID531469	49690	49940	38500	20.548	20.548	11190	60512
occ_35fbfbd377d2ff568fcb1288e5643fc0	SID531469	49940	50190	38750	23.272	23.272	11190	60512
occ_35fbfbd377d2ff568fcb1288e5643fc0	SID531469	50190	50440	39000	19.944	19.94	11190	60512
occ_35fbfbd377d2ff568fcb1288e5643fc0	SID531469	50440	50690	39250	18.816	18.816	11190	60512
occ_35fbfbd377d2ff568fcb1288e5643fc0	SID531469	50690	50940	39500	22.628	22.628	11190	60512
occ_35fbfbd377d2ff568fcb1288e5643fc0	SID531469	50940	51190	39750	25.568	25.568	11190	60512
occ_35fbfbd377d2ff568fcb1288e5643fc0	SID531469	51190	51440	40000	34.42	34.42	11190	60512
occ_35fbfbd377d2ff568fcb1288e5643fc0	SID531469	51440	51690	40250	26.696	26.696	11190	60512
occ_35fbfbd377d2ff568fcb1288e5643fc0	SID531469	51690	51940	40500	25.192	25.192	11190	60512
occ_35fbfbd377d2ff568fcb1288e5643fc0	SID531469	51940	52190	40750	23.224	23.108	11190	60512
occ_35fbfbd377d2ff568fcb1288e5643fc0	SID531469	52190	52440	41000	20.136	20.04	11190	60512
occ_35fbfbd377d2ff568fcb1288e5643fc0	SID531469	52440	52690	41250	24.5	24.5	11190	60512
occ_35fbfbd377d2ff568fcb1288e5643fc0	SID531469	52690	52940	41500	23.552	23.552	11190	60512
occ_35fbfbd377d2ff568fcb1288e5643fc0	SID531469	52940	53190	41750	25.408	25.408	11190	60512
occ_35fbfbd377d2ff568fcb1288e5643fc0	SID531469	53190	53440	42000	22.356	22.356	11190	60512
occ_35fbfbd377d2ff568fcb1288e5643fc0	SID531469	53440	53690	42250	22.02	22.02	11190	60512
occ_35fbfbd377d2ff568fcb1288e5643fc0	SID531469	53690	53940	42500	16.848	16.848	11190	60512
occ_35fbfbd377d2ff568fcb1288e5643fc0	SID531469	53940	54190	42750	23.816	23.816	11190	60512
occ_35fbfbd377d2ff568fcb1288e5643fc0	SID531469	54190	54440	43000	25.364	25.364	11190	60512
occ_35fbfbd377d2ff568fcb1288e5643fc0	SID531469	54440	54690	43250	30.124	30.124	11190	60512
occ_35fbfbd377d2ff568fcb1288e5643fc0	SID531469	54690	54940	43500	23.62	23.62	11190	60512
occ_35fbfbd377d2ff568fcb1288e5643fc0	SID531469	54940	55190	43750	15.08	15.08	11190	60512
occ_35fbfbd377d2ff568fcb1288e5643fc0	SID531469	55190	55440	44000	15.872	15.872	11190	60512
occ_35fbfbd377d2ff568fcb1288e5643fc0	SID531469	55440	55690	44250	17.7	17.7	11190	60512
occ_35fbfbd377d2ff568fcb1288e5643fc0	SID531469	55690	55940	44500	19.72	19.72	11190	60512
occ_35fbfbd377d2ff568fcb1288e5643fc0	SID531469	55940	56190	44750	16.776	16.776	11190	60512
occ_35fbfbd377d2ff568fcb1288e5643fc0	SID531469	56190	56440	45000	18.44	18.44	11190	60512
occ_35fbfbd377d2ff568fcb1288e5643fc0	SID531469	56440	56690	45250	21.48	21.48	11190	60512
occ_35fbfbd377d2ff568fcb1288e5643fc0	SID531469	56690	56940	45500	23.748	23.748	11190	60512
occ_35fbfbd377d2ff568fcb1288e5643fc0	SID531469	56940	57190	45750	23.54	23.54	11190	60512
occ_35fbfbd377d2ff568fcb1288e5643fc0	SID531469	57190	57440	46000	19.832	19.832	11190	60512
occ_35fbfbd377d2ff568fcb1288e5643fc0	SID531469	57440	57690	46250	19.468	19.468	11190	60512
occ_35fbfbd377d2ff568fcb1288e5643fc0	SID531469	57690	57940	46500	20.784	20.784	11190	60512
occ_35fbfbd377d2ff568fcb1288e5643fc0	SID531469	57940	58190	46750	17.328	17.112	11190	60512
occ_35fbfbd377d2ff568fcb1288e5643fc0	SID531469	58190	58440	47000	19.7	19.7	11190	60512
occ_35fbfbd377d2ff568fcb1288e5643fc0	SID531469	58440	58690	47250	18.372	18.372	11190	60512
occ_35fbfbd377d2ff568fcb1288e5643fc0	SID531469	58690	58940	47500	12.4	12.4	11190	60512
occ_35fbfbd377d2ff568fcb1288e5643fc0	SID531469	58940	59190	47750	11.832	11.832	11190	60512
occ_35fbfbd377d2ff568fcb1288e5643fc0	SID531469	59190	59440	48000	13.18	13.18	11190	60512
occ_35fbfbd377d2ff568fcb1288e5643fc0	SID531469	59440	59690	48250	11.128	11.128	11190	60512
occ_35fbfbd377d2ff568fcb1288e5643fc0	SID531469	59690	59940	48500	11.736	11.736	11190	60512
occ_35fbfbd377d2ff568fcb1288e5643fc0	SID531469	59940	60190	48750	16.204	16.204	11190	60512
occ_35fbfbd377d2ff568fcb1288e5643fc0	SID531469	60190	60440	49000	14.864	14.864	11190	60512
occ_35fbfbd377d2ff568fcb1288e5643fc0	SID531469	60440	60690	49250	16.396	16.396	11190	60512
occ_35fbfbd377d2ff568fcb1288e5643fc0	SID531469	60690	60934	49500	17.95744680851064	17.95744680851064	11190	60512
occ_3d91fabe14413243cbb755bb98612ce6	SID531469	0	250	0	14.11	14.11	0	32369
occ_3d91fabe14413243cbb755bb98612ce6	SID531469	250	500	250	18.548	18.548	0	32369
occ_3d91fabe14413243cbb755bb98612ce6	SID531469	500	750	500	16.248	16.248	0	32369
occ_3d91fabe14413243cbb755bb98612ce6	SID531469	750	1000	750	17.36	17.36	0	32369
occ_3d91fabe14413243cbb755bb98612ce6	SID531469	1000	1250	1000	12.824	12.824	0	32369
occ_3d91fabe14413243cbb755bb98612ce6	SID531469	1250	1500	1250	18.604	18.604	0	32369
occ_3d91fabe14413243cbb755bb98612ce6	SID531469	1500	1750	1500	17.336	17.336	0	32369
occ_3d91fabe14413243cbb755bb98612ce6	SID531469	1750	2000	1750	16.412	16.412	0	32369
occ_3d91fabe14413243cbb755bb98612ce6	SID531469	2000	2250	2000	12.78	12.78	0	32369
occ_3d91fabe14413243cbb755bb98612ce6	SID531469	2250	2500	2250	16.32	16.32	0	32369
occ_3d91fabe14413243cbb755bb98612ce6	SID531469	2500	2750	2500	20.904	20.904	0	32369
occ_3d91fabe14413243cbb755bb98612ce6	SID531469	2750	3000	2750	17.504	17.504	0	32369
occ_3d91fabe14413243cbb755bb98612ce6	SID531469	3000	3250	3000	17.964	17.964	0	32369
occ_3d91fabe14413243cbb755bb98612ce6	SID531469	3250	3500	3250	11.108	11.108	0	32369
occ_3d91fabe14413243cbb755bb98612ce6	SID531469	3500	3750	3500	13.404	13.404	0	32369
occ_3d91fabe14413243cbb755bb98612ce6	SID531469	3750	4000	3750	13.12	13.12	0	32369
occ_3d91fabe14413243cbb755bb98612ce6	SID531469	4000	4250	4000	20.116	20.116	0	32369
occ_3d91fabe14413243cbb755bb98612ce6	SID531469	4250	4500	4250	13.596	13.596	0	32369
occ_3d91fabe14413243cbb755bb98612ce6	SID531469	4500	4750	4500	12.112	12.112	0	32369
occ_3d91fabe14413243cbb755bb98612ce6	SID531469	4750	5000	4750	14.444	14.444	0	32369
occ_3d91fabe14413243cbb755bb98612ce6	SID531469	5000	5250	5000	16.908	16.908	0	32369
occ_3d91fabe14413243cbb755bb98612ce6	SID531469	5250	5500	5250	13.008	13.008	0	32369
occ_3d91fabe14413243cbb755bb98612ce6	SID531469	5500	5750	5500	12.152	12.152	0	32369
occ_3d91fabe14413243cbb755bb98612ce6	SID531469	5750	6000	5750	13.66	13.66	0	32369
occ_3d91fabe14413243cbb755bb98612ce6	SID531469	6000	6250	6000	16.272	16.272	0	32369
occ_3d91fabe14413243cbb755bb98612ce6	SID531469	6250	6500	6250	22.172	22.172	0	32369
occ_3d91fabe14413243cbb755bb98612ce6	SID531469	6500	6750	6500	22.184	22.184	0	32369
occ_3d91fabe14413243cbb755bb98612ce6	SID531469	6750	7000	6750	15.092	15.092	0	32369
occ_3d91fabe14413243cbb755bb98612ce6	SID531469	7000	7250	7000	15.98	15.98	0	32369
occ_3d91fabe14413243cbb755bb98612ce6	SID531469	7250	7500	7250	21.416	21.416	0	32369
occ_3d91fabe14413243cbb755bb98612ce6	SID531469	7500	7750	7500	23.432	23.432	0	32369
occ_3d91fabe14413243cbb755bb98612ce6	SID531469	7750	8000	7750	20.524	20.524	0	32369
occ_3d91fabe14413243cbb755bb98612ce6	SID531469	8000	8250	8000	19.344	19.344	0	32369
occ_3d91fabe14413243cbb755bb98612ce6	SID531469	8250	8500	8250	15.968	15.968	0	32369
occ_3d91fabe14413243cbb755bb98612ce6	SID531469	8500	8750	8500	22.288	22.288	0	32369
occ_3d91fabe14413243cbb755bb98612ce6	SID531469	8750	9000	8750	21.084	21.084	0	32369
occ_3d91fabe14413243cbb755bb98612ce6	SID531469	9000	9250	9000	12.584	12.584	0	32369
occ_3d91fabe14413243cbb755bb98612ce6	SID531469	9250	9500	9250	15.564	15.564	0	32369
occ_3d91fabe14413243cbb755bb98612ce6	SID531469	9500	9750	9500	13.744	13.744	0	32369
occ_3d91fabe14413243cbb755bb98612ce6	SID531469	9750	10000	9750	17.396	17.396	0	32369
occ_3d91fabe14413243cbb755bb98612ce6	SID531469	10000	10250	10000	15.044	15.044	0	32369
occ_3d91fabe14413243cbb755bb98612ce6	SID531469	10250	10500	10250	12.764	12.764	0	32369
occ_3d91fabe14413243cbb755bb98612ce6	SID531469	10500	10750	10500	19.096	19.096	0	32369
occ_3d91fabe14413243cbb755bb98612ce6	SID531469	10750	11000	10750	17.54	17.54	0	32369
occ_3d91fabe14413243cbb755bb98612ce6	SID531469	11000	11250	11000	17.72	17.72	0	32369
occ_3d91fabe14413243cbb755bb98612ce6	SID531469	11250	11500	11250	13.648	13.648	0	32369
occ_3d91fabe14413243cbb755bb98612ce6	SID531469	11500	11750	11500	19.7	19.7	0	32369
occ_3d91fabe14413243cbb755bb98612ce6	SID531469	11750	12000	11750	19.18	19.18	0	32369
occ_3d91fabe14413243cbb755bb98612ce6	SID531469	12000	12250	12000	13.552	13.552	0	32369
occ_3d91fabe14413243cbb755bb98612ce6	SID531469	12250	12500	12250	14.952	14.952	0	32369
occ_3d91fabe14413243cbb755bb98612ce6	SID531469	12500	12750	12500	14.548	14.548	0	32369
occ_3d91fabe14413243cbb755bb98612ce6	SID531469	12750	13000	12750	15.84	15.84	0	32369
occ_3d91fabe14413243cbb755bb98612ce6	SID531469	13000	13250	13000	12.032	12.032	0	32369
occ_3d91fabe14413243cbb755bb98612ce6	SID531469	13250	13500	13250	11.096	11.096	0	32369
occ_3d91fabe14413243cbb755bb98612ce6	SID531469	13500	13750	13500	14.508	14.508	0	32369
occ_3d91fabe14413243cbb755bb98612ce6	SID531469	13750	14000	13750	13.904	13.904	0	32369
occ_3d91fabe14413243cbb755bb98612ce6	SID531469	14000	14250	14000	14.564	14.564	0	32369
occ_3d91fabe14413243cbb755bb98612ce6	SID531469	14250	14500	14250	17.94	17.94	0	32369
occ_3d91fabe14413243cbb755bb98612ce6	SID531469	14500	14750	14500	18.188	18.188	0	32369
occ_3d91fabe14413243cbb755bb98612ce6	SID531469	14750	15000	14750	14.4	14.4	0	32369
occ_3d91fabe14413243cbb755bb98612ce6	SID531469	15000	15250	15000	21.024	21.024	0	32369
occ_3d91fabe14413243cbb755bb98612ce6	SID531469	15250	15500	15250	18.652	18.652	0	32369
occ_3d91fabe14413243cbb755bb98612ce6	SID531469	15500	15750	15500	23.28	23.28	0	32369
occ_3d91fabe14413243cbb755bb98612ce6	SID531469	15750	16000	15750	19.724	19.724	0	32369
occ_3d91fabe14413243cbb755bb98612ce6	SID531469	16000	16250	16000	15.864	15.864	0	32369
occ_3d91fabe14413243cbb755bb98612ce6	SID531469	16250	16500	16250	18.756	18.756	0	32369
occ_3d91fabe14413243cbb755bb98612ce6	SID531469	16500	16750	16500	20.028	20.024	0	32369
occ_3d91fabe14413243cbb755bb98612ce6	SID531469	16750	17000	16750	15.556	15.556	0	32369
occ_3d91fabe14413243cbb755bb98612ce6	SID531469	17000	17250	17000	15.104	15.104	0	32369
occ_3d91fabe14413243cbb755bb98612ce6	SID531469	17250	17500	17250	21.652	21.652	0	32369
occ_3d91fabe14413243cbb755bb98612ce6	SID531469	17500	17750	17500	17.532	17.532	0	32369
occ_3d91fabe14413243cbb755bb98612ce6	SID531469	17750	18000	17750	13.644	13.644	0	32369
occ_3d91fabe14413243cbb755bb98612ce6	SID531469	18000	18250	18000	17.9	17.9	0	32369
occ_3d91fabe14413243cbb755bb98612ce6	SID531469	18250	18500	18250	15.884	15.884	0	32369
occ_3d91fabe14413243cbb755bb98612ce6	SID531469	18500	18750	18500	17.24	17.24	0	32369
occ_3d91fabe14413243cbb755bb98612ce6	SID531469	18750	19000	18750	13.812	13.812	0	32369
occ_3d91fabe14413243cbb755bb98612ce6	SID531469	19000	19250	19000	12.932	12.932	0	32369
occ_3d91fabe14413243cbb755bb98612ce6	SID531469	19250	19500	19250	17.6	17.6	0	32369
occ_3d91fabe14413243cbb755bb98612ce6	SID531469	19500	19750	19500	17.016	17.016	0	32369
occ_3d91fabe14413243cbb755bb98612ce6	SID531469	19750	20000	19750	11.596	11.596	0	32369
occ_3d91fabe14413243cbb755bb98612ce6	SID531469	20000	20250	20000	12.892	12.892	0	32369
occ_3d91fabe14413243cbb755bb98612ce6	SID531469	20250	20500	20250	16.112	16.112	0	32369
occ_3d91fabe14413243cbb755bb98612ce6	SID531469	20500	20750	20500	17.168	16.828	0	32369
occ_3d91fabe14413243cbb755bb98612ce6	SID531469	20750	21000	20750	21.308	21.308	0	32369
occ_3d91fabe14413243cbb755bb98612ce6	SID531469	21000	21250	21000	14.724	14.724	0	32369
occ_3d91fabe14413243cbb755bb98612ce6	SID531469	21250	21500	21250	20.812	20.812	0	32369
occ_3d91fabe14413243cbb755bb98612ce6	SID531469	21500	21750	21500	18.448	18.448	0	32369
occ_3d91fabe14413243cbb755bb98612ce6	SID531469	21750	22000	21750	17.4	17.4	0	32369
occ_3d91fabe14413243cbb755bb98612ce6	SID531469	22000	22250	22000	16.688	16.688	0	32369
occ_3d91fabe14413243cbb755bb98612ce6	SID531469	22250	22500	22250	10.184	10.184	0	32369
occ_3d91fabe14413243cbb755bb98612ce6	SID531469	22500	22750	22500	15.396	15.396	0	32369
occ_3d91fabe14413243cbb755bb98612ce6	SID531469	22750	23000	22750	13.02	13.02	0	32369
occ_3d91fabe14413243cbb755bb98612ce6	SID531469	23000	23250	23000	19.956	19.956	0	32369
occ_3d91fabe14413243cbb755bb98612ce6	SID531469	23250	23500	23250	15.464	15.46	0	32369
occ_3d91fabe14413243cbb755bb98612ce6	SID531469	23500	23750	23500	23.712	23.712	0	32369
occ_3d91fabe14413243cbb755bb98612ce6	SID531469	23750	24000	23750	20.316	20.316	0	32369
occ_3d91fabe14413243cbb755bb98612ce6	SID531469	24000	24250	24000	17.272	17.268	0	32369
occ_3d91fabe14413243cbb755bb98612ce6	SID531469	24250	24500	24250	16.672	16.672	0	32369
occ_3d91fabe14413243cbb755bb98612ce6	SID531469	24500	24750	24500	20.856	20.856	0	32369
occ_3d91fabe14413243cbb755bb98612ce6	SID531469	24750	25000	24750	11.932	11.932	0	32369
occ_3d91fabe14413243cbb755bb98612ce6	SID531469	25000	25250	25000	11.616	11.616	0	32369
occ_3d91fabe14413243cbb755bb98612ce6	SID531469	25250	25500	25250	13.132	13.132	0	32369
occ_3d91fabe14413243cbb755bb98612ce6	SID531469	25500	25750	25500	18.864	18.864	0	32369
occ_3d91fabe14413243cbb755bb98612ce6	SID531469	25750	26000	25750	18.008	18.008	0	32369
occ_3d91fabe14413243cbb755bb98612ce6	SID531469	26000	26250	26000	16.172	16.172	0	32369
occ_3d91fabe14413243cbb755bb98612ce6	SID531469	26250	26500	26250	15.22	15.22	0	32369
occ_3d91fabe14413243cbb755bb98612ce6	SID531469	26500	26750	26500	10.668	10.668	0	32369
occ_3d91fabe14413243cbb755bb98612ce6	SID531469	26750	27000	26750	14.036	14.036	0	32369
occ_3d91fabe14413243cbb755bb98612ce6	SID531469	27000	27250	27000	17.388	17.388	0	32369
occ_3d91fabe14413243cbb755bb98612ce6	SID531469	27250	27500	27250	18.94	18.94	0	32369
occ_3d91fabe14413243cbb755bb98612ce6	SID531469	27500	27750	27500	23.564	23.564	0	32369
occ_3d91fabe14413243cbb755bb98612ce6	SID531469	27750	28000	27750	14.912	14.912	0	32369
occ_3d91fabe14413243cbb755bb98612ce6	SID531469	28000	28250	28000	22.976	22.976	0	32369
occ_3d91fabe14413243cbb755bb98612ce6	SID531469	28250	28500	28250	21.82	21.82	0	32369
occ_3d91fabe14413243cbb755bb98612ce6	SID531469	28500	28750	28500	17.972	17.972	0	32369
occ_3d91fabe14413243cbb755bb98612ce6	SID531469	28750	29000	28750	14.388	14.384	0	32369
occ_3d91fabe14413243cbb755bb98612ce6	SID531469	29000	29250	29000	13.128	13.128	0	32369
occ_3d91fabe14413243cbb755bb98612ce6	SID531469	29250	29500	29250	14.536	14.536	0	32369
occ_3d91fabe14413243cbb755bb98612ce6	SID531469	29500	29750	29500	14.904	14.904	0	32369
occ_3d91fabe14413243cbb755bb98612ce6	SID531469	29750	30000	29750	22.288	22.288	0	32369
occ_3d91fabe14413243cbb755bb98612ce6	SID531469	30000	30250	30000	16.48	16.48	0	32369
occ_3d91fabe14413243cbb755bb98612ce6	SID531469	30250	30500	30250	17.356	17.356	0	32369
occ_3d91fabe14413243cbb755bb98612ce6	SID531469	30500	30750	30500	14.804	14.804	0	32369
occ_3d91fabe14413243cbb755bb98612ce6	SID531469	30750	31000	30750	17.424	17.424	0	32369
occ_3d91fabe14413243cbb755bb98612ce6	SID531469	31000	31250	31000	24.12	24.12	0	32369
occ_3d91fabe14413243cbb755bb98612ce6	SID531469	31250	31500	31250	20.12	20.12	0	32369
occ_3d91fabe14413243cbb755bb98612ce6	SID531469	31500	31750	31500	15.436	15.436	0	32369
occ_3d91fabe14413243cbb755bb98612ce6	SID531469	31750	32000	31750	16.984	16.984	0	32369
occ_3d91fabe14413243cbb755bb98612ce6	SID531469	32000	32250	32000	15.74	15.74	0	32369
occ_3d91fabe14413243cbb755bb98612ce6	SID531469	32250	32500	32250	19.2	19.2	0	32369
occ_3d91fabe14413243cbb755bb98612ce6	SID531469	32500	32750	32500	17.776	17.776	0	32369
occ_3d91fabe14413243cbb755bb98612ce6	SID531469	32750	33000	32750	17.468	17.468	0	32369
occ_3d91fabe14413243cbb755bb98612ce6	SID531469	33000	33250	33000	13.944	13.944	0	32369
occ_3d91fabe14413243cbb755bb98612ce6	SID531469	33250	33500	33250	14.44	14.44	0	32369
occ_3d91fabe14413243cbb755bb98612ce6	SID531469	33500	33750	33500	14.664	14.664	0	32369
occ_3d91fabe14413243cbb755bb98612ce6	SID531469	33750	34000	33750	16.048	16.048	0	32369
occ_3d91fabe14413243cbb755bb98612ce6	SID531469	34000	34250	34000	20.28	20.28	0	32369
occ_3d91fabe14413243cbb755bb98612ce6	SID531469	34250	34500	34250	19.72	19.72	0	32369
occ_3d91fabe14413243cbb755bb98612ce6	SID531469	34500	34750	34500	21.656	21.656	0	32369
occ_3d91fabe14413243cbb755bb98612ce6	SID531469	34750	35000	34750	21.812	21.812	0	32369
occ_3d91fabe14413243cbb755bb98612ce6	SID531469	35000	35250	35000	18.352	18.352	0	32369
occ_3d91fabe14413243cbb755bb98612ce6	SID531469	35250	35500	35250	18.312	18.312	0	32369
occ_3d91fabe14413243cbb755bb98612ce6	SID531469	35500	35750	35500	20.164	20.164	0	32369
occ_3d91fabe14413243cbb755bb98612ce6	SID531469	35750	36000	35750	13.112	13.112	0	32369
occ_3d91fabe14413243cbb755bb98612ce6	SID531469	36000	36250	36000	9.18	9.18	0	32369
occ_3d91fabe14413243cbb755bb98612ce6	SID531469	36250	36500	36250	13.276	13.276	0	32369
occ_3d91fabe14413243cbb755bb98612ce6	SID531469	36500	36750	36500	17.072	17.072	0	32369
occ_3d91fabe14413243cbb755bb98612ce6	SID531469	36750	37000	36750	15.632	15.632	0	32369
occ_3d91fabe14413243cbb755bb98612ce6	SID531469	37000	37250	37000	10.216	10.216	0	32369
occ_3d91fabe14413243cbb755bb98612ce6	SID531469	37250	37369	37250	14.789915966386555	14.789915966386555	0	32369
occ_46f6275242388113d1cb19217627b185	SID531469	0	250	-669	14.57	14.57	669	4693
occ_46f6275242388113d1cb19217627b185	SID531469	250	500	-419	17.02	17.02	669	4693
occ_46f6275242388113d1cb19217627b185	SID531469	500	750	-169	12.94	12.94	669	4693
occ_46f6275242388113d1cb19217627b185	SID531469	750	1000	81	18.968	18.968	669	4693
occ_46f6275242388113d1cb19217627b185	SID531469	1000	1250	331	17.928	17.928	669	4693
occ_46f6275242388113d1cb19217627b185	SID531469	1250	1500	581	21.112	21.112	669	4693
occ_46f6275242388113d1cb19217627b185	SID531469	1500	1750	831	20.84	20.84	669	4693
occ_46f6275242388113d1cb19217627b185	SID531469	1750	2000	1081	16.576	16.576	669	4693
occ_46f6275242388113d1cb19217627b185	SID531469	2000	2250	1331	12.636	12.636	669	4693
occ_46f6275242388113d1cb19217627b185	SID531469	2250	2500	1581	15.648	15.648	669	4693
occ_46f6275242388113d1cb19217627b185	SID531469	2500	2750	1831	12.168	12.168	669	4693
occ_46f6275242388113d1cb19217627b185	SID531469	2750	3000	2081	14.42	14.416	669	4693
occ_46f6275242388113d1cb19217627b185	SID531469	3000	3250	2331	14.02	14.02	669	4693
occ_46f6275242388113d1cb19217627b185	SID531469	3250	3500	2581	18.376	18.376	669	4693
occ_46f6275242388113d1cb19217627b185	SID531469	3500	3750	2831	13.556	13.556	669	4693
occ_46f6275242388113d1cb19217627b185	SID531469	3750	4000	3081	14.512	14.512	669	4693
occ_46f6275242388113d1cb19217627b185	SID531469	4000	4250	3331	11.556	11.556	669	4693
occ_46f6275242388113d1cb19217627b185	SID531469	4250	4500	3581	12.616	12.616	669	4693
occ_46f6275242388113d1cb19217627b185	SID531469	4500	4750	3831	17.672	17.672	669	4693
occ_46f6275242388113d1cb19217627b185	SID531469	4750	5000	4081	17.512	17.512	669	4693
occ_46f6275242388113d1cb19217627b185	SID531469	5000	5250	4331	12.488	12.488	669	4693
occ_46f6275242388113d1cb19217627b185	SID531469	5250	5500	4581	11.548	11.548	669	4693
occ_46f6275242388113d1cb19217627b185	SID531469	5500	5750	4831	16.376	16.376	669	4693
occ_46f6275242388113d1cb19217627b185	SID531469	5750	6000	5081	15.424	15.424	669	4693
occ_46f6275242388113d1cb19217627b185	SID531469	6000	6250	5331	16.576	16.576	669	4693
occ_46f6275242388113d1cb19217627b185	SID531469	6250	6500	5581	15.28	15.28	669	4693
occ_46f6275242388113d1cb19217627b185	SID531469	6500	6750	5831	21.54	21.54	669	4693
occ_46f6275242388113d1cb19217627b185	SID531469	6750	7000	6081	20.764	20.764	669	4693
occ_46f6275242388113d1cb19217627b185	SID531469	7000	7250	6331	10.324	10.324	669	4693
occ_46f6275242388113d1cb19217627b185	SID531469	7250	7500	6581	13.024	13.024	669	4693
occ_46f6275242388113d1cb19217627b185	SID531469	7500	7750	6831	9.6	9.6	669	4693
occ_46f6275242388113d1cb19217627b185	SID531469	7750	8000	7081	12.992	12.992	669	4693
occ_46f6275242388113d1cb19217627b185	SID531469	8000	8250	7331	13.844	13.844	669	4693
occ_46f6275242388113d1cb19217627b185	SID531469	8250	8500	7581	12.472	12.472	669	4693
occ_46f6275242388113d1cb19217627b185	SID531469	8500	8750	7831	10.128	10.128	669	4693
occ_46f6275242388113d1cb19217627b185	SID531469	8750	9000	8081	13.768	13.768	669	4693
occ_46f6275242388113d1cb19217627b185	SID531469	9000	9250	8331	11.728	11.728	669	4693
occ_46f6275242388113d1cb19217627b185	SID531469	9250	9500	8581	13.156	13.156	669	4693
occ_46f6275242388113d1cb19217627b185	SID531469	9500	9693	8831	14.917098445595855	14.917098445595855	669	4693
occ_539d4a2b4ddc6bd8c6dfd30fe8d8fee8	SID531469	0	250	-1	13.77	10.21	1	19406
occ_539d4a2b4ddc6bd8c6dfd30fe8d8fee8	SID531469	250	500	249	23.592	22.048	1	19406
occ_539d4a2b4ddc6bd8c6dfd30fe8d8fee8	SID531469	500	750	499	21.948	21.948	1	19406
occ_539d4a2b4ddc6bd8c6dfd30fe8d8fee8	SID531469	750	1000	749	24.368	24.368	1	19406
occ_539d4a2b4ddc6bd8c6dfd30fe8d8fee8	SID531469	1000	1250	999	24.036	24.036	1	19406
occ_539d4a2b4ddc6bd8c6dfd30fe8d8fee8	SID531469	1250	1500	1249	27.36	27.36	1	19406
occ_539d4a2b4ddc6bd8c6dfd30fe8d8fee8	SID531469	1500	1750	1499	33.916	33.916	1	19406
occ_539d4a2b4ddc6bd8c6dfd30fe8d8fee8	SID531469	1750	2000	1749	21.636	21.636	1	19406
occ_539d4a2b4ddc6bd8c6dfd30fe8d8fee8	SID531469	2000	2250	1999	26.064	26.064	1	19406
occ_539d4a2b4ddc6bd8c6dfd30fe8d8fee8	SID531469	2250	2500	2249	21.996	21.996	1	19406
occ_539d4a2b4ddc6bd8c6dfd30fe8d8fee8	SID531469	2500	2750	2499	18.192	18.192	1	19406
occ_539d4a2b4ddc6bd8c6dfd30fe8d8fee8	SID531469	2750	3000	2749	19.24	19.24	1	19406
occ_539d4a2b4ddc6bd8c6dfd30fe8d8fee8	SID531469	3000	3250	2999	16.78	16.78	1	19406
occ_539d4a2b4ddc6bd8c6dfd30fe8d8fee8	SID531469	3250	3500	3249	13.176	13.176	1	19406
occ_539d4a2b4ddc6bd8c6dfd30fe8d8fee8	SID531469	3500	3750	3499	12.6	12.6	1	19406
occ_539d4a2b4ddc6bd8c6dfd30fe8d8fee8	SID531469	3750	4000	3749	16.56	16.56	1	19406
occ_539d4a2b4ddc6bd8c6dfd30fe8d8fee8	SID531469	4000	4250	3999	24.716	24.716	1	19406
occ_539d4a2b4ddc6bd8c6dfd30fe8d8fee8	SID531469	4250	4500	4249	18.288	18.288	1	19406
occ_539d4a2b4ddc6bd8c6dfd30fe8d8fee8	SID531469	4500	4750	4499	18.276	18.276	1	19406
occ_539d4a2b4ddc6bd8c6dfd30fe8d8fee8	SID531469	4750	5000	4749	24.396	24.396	1	19406
occ_539d4a2b4ddc6bd8c6dfd30fe8d8fee8	SID531469	5000	5250	4999	20.208	20.208	1	19406
occ_539d4a2b4ddc6bd8c6dfd30fe8d8fee8	SID531469	5250	5500	5249	19.616	19.616	1	19406
occ_539d4a2b4ddc6bd8c6dfd30fe8d8fee8	SID531469	5500	5750	5499	17.068	17.068	1	19406
occ_539d4a2b4ddc6bd8c6dfd30fe8d8fee8	SID531469	5750	6000	5749	19.24	19.24	1	19406
occ_539d4a2b4ddc6bd8c6dfd30fe8d8fee8	SID531469	6000	6250	5999	17.352	17.352	1	19406
occ_539d4a2b4ddc6bd8c6dfd30fe8d8fee8	SID531469	6250	6500	6249	18.488	18.488	1	19406
occ_539d4a2b4ddc6bd8c6dfd30fe8d8fee8	SID531469	6500	6750	6499	20.728	20.728	1	19406
occ_539d4a2b4ddc6bd8c6dfd30fe8d8fee8	SID531469	6750	7000	6749	21.264	21.264	1	19406
occ_539d4a2b4ddc6bd8c6dfd30fe8d8fee8	SID531469	7000	7250	6999	17.688	17.688	1	19406
occ_539d4a2b4ddc6bd8c6dfd30fe8d8fee8	SID531469	7250	7500	7249	20.168	20.168	1	19406
occ_539d4a2b4ddc6bd8c6dfd30fe8d8fee8	SID531469	7500	7750	7499	24.864	24.864	1	19406
occ_539d4a2b4ddc6bd8c6dfd30fe8d8fee8	SID531469	7750	8000	7749	20.62	20.62	1	19406
occ_539d4a2b4ddc6bd8c6dfd30fe8d8fee8	SID531469	8000	8250	7999	18.692	18.34	1	19406
occ_539d4a2b4ddc6bd8c6dfd30fe8d8fee8	SID531469	8250	8500	8249	16.728	16.728	1	19406
occ_539d4a2b4ddc6bd8c6dfd30fe8d8fee8	SID531469	8500	8750	8499	10.656	10.656	1	19406
occ_539d4a2b4ddc6bd8c6dfd30fe8d8fee8	SID531469	8750	9000	8749	16.668	16.668	1	19406
occ_539d4a2b4ddc6bd8c6dfd30fe8d8fee8	SID531469	9000	9250	8999	16.884	16.528	1	19406
occ_539d4a2b4ddc6bd8c6dfd30fe8d8fee8	SID531469	9250	9500	9249	12.692	12.692	1	19406
occ_539d4a2b4ddc6bd8c6dfd30fe8d8fee8	SID531469	9500	9750	9499	15.7	15.7	1	19406
occ_539d4a2b4ddc6bd8c6dfd30fe8d8fee8	SID531469	9750	10000	9749	18.668	18.668	1	19406
occ_539d4a2b4ddc6bd8c6dfd30fe8d8fee8	SID531469	10000	10250	9999	14.404	14.404	1	19406
occ_539d4a2b4ddc6bd8c6dfd30fe8d8fee8	SID531469	10250	10500	10249	17.312	17.312	1	19406
occ_539d4a2b4ddc6bd8c6dfd30fe8d8fee8	SID531469	10500	10750	10499	18.668	18.668	1	19406
occ_539d4a2b4ddc6bd8c6dfd30fe8d8fee8	SID531469	10750	11000	10749	17.616	17.616	1	19406
occ_539d4a2b4ddc6bd8c6dfd30fe8d8fee8	SID531469	11000	11250	10999	13.588	13.588	1	19406
occ_539d4a2b4ddc6bd8c6dfd30fe8d8fee8	SID531469	11250	11500	11249	18.008	18.008	1	19406
occ_539d4a2b4ddc6bd8c6dfd30fe8d8fee8	SID531469	11500	11750	11499	16.692	16.692	1	19406
occ_539d4a2b4ddc6bd8c6dfd30fe8d8fee8	SID531469	11750	12000	11749	15.168	15.168	1	19406
occ_539d4a2b4ddc6bd8c6dfd30fe8d8fee8	SID531469	12000	12250	11999	16.252	16.252	1	19406
occ_539d4a2b4ddc6bd8c6dfd30fe8d8fee8	SID531469	12250	12500	12249	22.828	22.828	1	19406
occ_539d4a2b4ddc6bd8c6dfd30fe8d8fee8	SID531469	12500	12750	12499	16.224	16.224	1	19406
occ_539d4a2b4ddc6bd8c6dfd30fe8d8fee8	SID531469	12750	13000	12749	23.44	23.44	1	19406
occ_539d4a2b4ddc6bd8c6dfd30fe8d8fee8	SID531469	13000	13250	12999	19.22	19.22	1	19406
occ_539d4a2b4ddc6bd8c6dfd30fe8d8fee8	SID531469	13250	13500	13249	13.66	13.66	1	19406
occ_539d4a2b4ddc6bd8c6dfd30fe8d8fee8	SID531469	13500	13750	13499	15.86	15.86	1	19406
occ_539d4a2b4ddc6bd8c6dfd30fe8d8fee8	SID531469	13750	14000	13749	17.004	16.792	1	19406
occ_539d4a2b4ddc6bd8c6dfd30fe8d8fee8	SID531469	14000	14250	13999	19.176	18.792	1	19406
occ_539d4a2b4ddc6bd8c6dfd30fe8d8fee8	SID531469	14250	14500	14249	16.168	16.168	1	19406
occ_539d4a2b4ddc6bd8c6dfd30fe8d8fee8	SID531469	14500	14750	14499	18.584	18.584	1	19406
occ_539d4a2b4ddc6bd8c6dfd30fe8d8fee8	SID531469	14750	15000	14749	16.192	16.192	1	19406
occ_539d4a2b4ddc6bd8c6dfd30fe8d8fee8	SID531469	15000	15250	14999	14.744	14.744	1	19406
occ_539d4a2b4ddc6bd8c6dfd30fe8d8fee8	SID531469	15250	15500	15249	14.716	14.716	1	19406
occ_539d4a2b4ddc6bd8c6dfd30fe8d8fee8	SID531469	15500	15750	15499	20.196	20.196	1	19406
occ_539d4a2b4ddc6bd8c6dfd30fe8d8fee8	SID531469	15750	16000	15749	18.02	18.02	1	19406
occ_539d4a2b4ddc6bd8c6dfd30fe8d8fee8	SID531469	16000	16250	15999	17.532	17.532	1	19406
occ_539d4a2b4ddc6bd8c6dfd30fe8d8fee8	SID531469	16250	16500	16249	15.504	15.504	1	19406
occ_539d4a2b4ddc6bd8c6dfd30fe8d8fee8	SID531469	16500	16750	16499	16.68	16.68	1	19406
occ_539d4a2b4ddc6bd8c6dfd30fe8d8fee8	SID531469	16750	17000	16749	18.884	18.884	1	19406
occ_539d4a2b4ddc6bd8c6dfd30fe8d8fee8	SID531469	17000	17250	16999	22.016	22.016	1	19406
occ_539d4a2b4ddc6bd8c6dfd30fe8d8fee8	SID531469	17250	17500	17249	19.636	19.636	1	19406
occ_539d4a2b4ddc6bd8c6dfd30fe8d8fee8	SID531469	17500	17750	17499	23.2	23.2	1	19406
occ_539d4a2b4ddc6bd8c6dfd30fe8d8fee8	SID531469	17750	18000	17749	22.26	22.26	1	19406
occ_539d4a2b4ddc6bd8c6dfd30fe8d8fee8	SID531469	18000	18250	17999	21.404	21.404	1	19406
occ_539d4a2b4ddc6bd8c6dfd30fe8d8fee8	SID531469	18250	18500	18249	21.284	21.284	1	19406
occ_539d4a2b4ddc6bd8c6dfd30fe8d8fee8	SID531469	18500	18750	18499	18.996	18.996	1	19406
occ_539d4a2b4ddc6bd8c6dfd30fe8d8fee8	SID531469	18750	19000	18749	16.304	16.304	1	19406
occ_539d4a2b4ddc6bd8c6dfd30fe8d8fee8	SID531469	19000	19250	18999	22.332	22.328	1	19406
occ_539d4a2b4ddc6bd8c6dfd30fe8d8fee8	SID531469	19250	19500	19249	21.212	21.212	1	19406
occ_539d4a2b4ddc6bd8c6dfd30fe8d8fee8	SID531469	19500	19750	19499	18.004	18.004	1	19406
occ_539d4a2b4ddc6bd8c6dfd30fe8d8fee8	SID531469	19750	20000	19749	18.48	18.48	1	19406
occ_539d4a2b4ddc6bd8c6dfd30fe8d8fee8	SID531469	20000	20250	19999	20.076	20.076	1	19406
occ_539d4a2b4ddc6bd8c6dfd30fe8d8fee8	SID531469	20250	20500	20249	16.256	16.256	1	19406
occ_539d4a2b4ddc6bd8c6dfd30fe8d8fee8	SID531469	20500	20750	20499	20.54	20.54	1	19406
occ_539d4a2b4ddc6bd8c6dfd30fe8d8fee8	SID531469	20750	21000	20749	21.904	21.904	1	19406
occ_539d4a2b4ddc6bd8c6dfd30fe8d8fee8	SID531469	21000	21250	20999	15.576	15.576	1	19406
occ_539d4a2b4ddc6bd8c6dfd30fe8d8fee8	SID531469	21250	21500	21249	17.056	17.056	1	19406
occ_539d4a2b4ddc6bd8c6dfd30fe8d8fee8	SID531469	21500	21750	21499	19.128	19.128	1	19406
occ_539d4a2b4ddc6bd8c6dfd30fe8d8fee8	SID531469	21750	22000	21749	19.764	19.764	1	19406
occ_539d4a2b4ddc6bd8c6dfd30fe8d8fee8	SID531469	22000	22250	21999	18.732	18.732	1	19406
occ_539d4a2b4ddc6bd8c6dfd30fe8d8fee8	SID531469	22250	22500	22249	21.928	21.928	1	19406
occ_539d4a2b4ddc6bd8c6dfd30fe8d8fee8	SID531469	22500	22750	22499	19.308	19.308	1	19406
occ_539d4a2b4ddc6bd8c6dfd30fe8d8fee8	SID531469	22750	23000	22749	22.172	22.172	1	19406
occ_539d4a2b4ddc6bd8c6dfd30fe8d8fee8	SID531469	23000	23250	22999	20.66	20.66	1	19406
occ_539d4a2b4ddc6bd8c6dfd30fe8d8fee8	SID531469	23250	23500	23249	15.256	15.256	1	19406
occ_539d4a2b4ddc6bd8c6dfd30fe8d8fee8	SID531469	23500	23750	23499	19.76	19.76	1	19406
occ_539d4a2b4ddc6bd8c6dfd30fe8d8fee8	SID531469	23750	24000	23749	17.372	17.372	1	19406
occ_539d4a2b4ddc6bd8c6dfd30fe8d8fee8	SID531469	24000	24250	23999	21.932	21.932	1	19406
occ_539d4a2b4ddc6bd8c6dfd30fe8d8fee8	SID531469	24250	24406	24249	21.455128205128204	21.455128205128204	1	19406
occ_578e86b1bae191ccfaebcbdbef919835	SID531469	10070	10320	-5000	19.276	19.276	15070	55602
occ_578e86b1bae191ccfaebcbdbef919835	SID531469	10320	10570	-4750	18.98	18.98	15070	55602
occ_578e86b1bae191ccfaebcbdbef919835	SID531469	10570	10820	-4500	17.576	17.576	15070	55602
occ_578e86b1bae191ccfaebcbdbef919835	SID531469	10820	11070	-4250	19.792	19.792	15070	55602
occ_578e86b1bae191ccfaebcbdbef919835	SID531469	11070	11320	-4000	14.08	14.08	15070	55602
occ_578e86b1bae191ccfaebcbdbef919835	SID531469	11320	11570	-3750	20.1	20.1	15070	55602
occ_578e86b1bae191ccfaebcbdbef919835	SID531469	11570	11820	-3500	14.648	14.648	15070	55602
occ_578e86b1bae191ccfaebcbdbef919835	SID531469	11820	12070	-3250	16.304	16.304	15070	55602
occ_578e86b1bae191ccfaebcbdbef919835	SID531469	12070	12320	-3000	12.212	12.212	15070	55602
occ_578e86b1bae191ccfaebcbdbef919835	SID531469	12320	12570	-2750	8.624	8.624	15070	55602
occ_578e86b1bae191ccfaebcbdbef919835	SID531469	12570	12820	-2500	12.68	12.68	15070	55602
occ_578e86b1bae191ccfaebcbdbef919835	SID531469	12820	13070	-2250	22.54	22.54	15070	55602
occ_578e86b1bae191ccfaebcbdbef919835	SID531469	13070	13320	-2000	19.02	19.02	15070	55602
occ_578e86b1bae191ccfaebcbdbef919835	SID531469	13320	13570	-1750	20.328	20.328	15070	55602
occ_578e86b1bae191ccfaebcbdbef919835	SID531469	13570	13820	-1500	16.112	16.112	15070	55602
occ_578e86b1bae191ccfaebcbdbef919835	SID531469	13820	14070	-1250	20.452	20.452	15070	55602
occ_578e86b1bae191ccfaebcbdbef919835	SID531469	14070	14320	-1000	14.528	14.528	15070	55602
occ_578e86b1bae191ccfaebcbdbef919835	SID531469	14320	14570	-750	22.348	22.348	15070	55602
occ_578e86b1bae191ccfaebcbdbef919835	SID531469	14570	14820	-500	15.06	15.06	15070	55602
occ_578e86b1bae191ccfaebcbdbef919835	SID531469	14820	15070	-250	13.904	13.904	15070	55602
occ_578e86b1bae191ccfaebcbdbef919835	SID531469	15070	15320	0	13.764	13.764	15070	55602
occ_578e86b1bae191ccfaebcbdbef919835	SID531469	15320	15570	250	16.864	16.864	15070	55602
occ_578e86b1bae191ccfaebcbdbef919835	SID531469	15570	15820	500	11.804	11.804	15070	55602
occ_578e86b1bae191ccfaebcbdbef919835	SID531469	15820	16070	750	9.868	9.868	15070	55602
occ_578e86b1bae191ccfaebcbdbef919835	SID531469	16070	16320	1000	13.628	13.628	15070	55602
occ_578e86b1bae191ccfaebcbdbef919835	SID531469	16320	16570	1250	15.036	15.036	15070	55602
occ_578e86b1bae191ccfaebcbdbef919835	SID531469	16570	16820	1500	17.036	17.036	15070	55602
occ_578e86b1bae191ccfaebcbdbef919835	SID531469	16820	17070	1750	16.084	16.084	15070	55602
occ_578e86b1bae191ccfaebcbdbef919835	SID531469	17070	17320	2000	17.548	17.548	15070	55602
occ_578e86b1bae191ccfaebcbdbef919835	SID531469	17320	17570	2250	12.476	12.476	15070	55602
occ_578e86b1bae191ccfaebcbdbef919835	SID531469	17570	17820	2500	14.696	14.696	15070	55602
occ_578e86b1bae191ccfaebcbdbef919835	SID531469	17820	18070	2750	16.972	16.972	15070	55602
occ_578e86b1bae191ccfaebcbdbef919835	SID531469	18070	18320	3000	15.084	15.084	15070	55602
occ_578e86b1bae191ccfaebcbdbef919835	SID531469	18320	18570	3250	15.868	15.868	15070	55602
occ_578e86b1bae191ccfaebcbdbef919835	SID531469	18570	18820	3500	21.464	21.464	15070	55602
occ_578e86b1bae191ccfaebcbdbef919835	SID531469	18820	19070	3750	18.008	18.008	15070	55602
occ_578e86b1bae191ccfaebcbdbef919835	SID531469	19070	19320	4000	13.992	13.992	15070	55602
occ_578e86b1bae191ccfaebcbdbef919835	SID531469	19320	19570	4250	16.78	16.78	15070	55602
occ_578e86b1bae191ccfaebcbdbef919835	SID531469	19570	19820	4500	21.04	21.04	15070	55602
occ_578e86b1bae191ccfaebcbdbef919835	SID531469	19820	20070	4750	17.7	17.7	15070	55602
occ_578e86b1bae191ccfaebcbdbef919835	SID531469	20070	20320	5000	17.804	17.804	15070	55602
occ_578e86b1bae191ccfaebcbdbef919835	SID531469	20320	20570	5250	14.448	14.448	15070	55602
occ_578e86b1bae191ccfaebcbdbef919835	SID531469	20570	20820	5500	16.836	16.836	15070	55602
occ_578e86b1bae191ccfaebcbdbef919835	SID531469	20820	21070	5750	12.056	12.056	15070	55602
occ_578e86b1bae191ccfaebcbdbef919835	SID531469	21070	21320	6000	14.56	14.56	15070	55602
occ_578e86b1bae191ccfaebcbdbef919835	SID531469	21320	21570	6250	17.328	17.328	15070	55602
occ_578e86b1bae191ccfaebcbdbef919835	SID531469	21570	21820	6500	12.416	12.416	15070	55602
occ_578e86b1bae191ccfaebcbdbef919835	SID531469	21820	22070	6750	13.8	13.8	15070	55602
occ_578e86b1bae191ccfaebcbdbef919835	SID531469	22070	22320	7000	14.744	14.744	15070	55602
occ_578e86b1bae191ccfaebcbdbef919835	SID531469	22320	22570	7250	16.116	16.116	15070	55602
occ_578e86b1bae191ccfaebcbdbef919835	SID531469	22570	22820	7500	16.024	16.024	15070	55602
occ_578e86b1bae191ccfaebcbdbef919835	SID531469	22820	23070	7750	11.4	11.4	15070	55602
occ_578e86b1bae191ccfaebcbdbef919835	SID531469	23070	23320	8000	12.564	12.564	15070	55602
occ_578e86b1bae191ccfaebcbdbef919835	SID531469	23320	23570	8250	10.256	10.256	15070	55602
occ_578e86b1bae191ccfaebcbdbef919835	SID531469	23570	23820	8500	13.856	13.856	15070	55602
occ_578e86b1bae191ccfaebcbdbef919835	SID531469	23820	24070	8750	10.684	10.684	15070	55602
occ_578e86b1bae191ccfaebcbdbef919835	SID531469	24070	24320	9000	11.168	11.168	15070	55602
occ_578e86b1bae191ccfaebcbdbef919835	SID531469	24320	24570	9250	17.008	17.008	15070	55602
occ_578e86b1bae191ccfaebcbdbef919835	SID531469	24570	24820	9500	14.732	14.732	15070	55602
occ_578e86b1bae191ccfaebcbdbef919835	SID531469	24820	25070	9750	16.856	16.856	15070	55602
occ_578e86b1bae191ccfaebcbdbef919835	SID531469	25070	25320	10000	11.712	11.712	15070	55602
occ_578e86b1bae191ccfaebcbdbef919835	SID531469	25320	25570	10250	14.06	14.06	15070	55602
occ_578e86b1bae191ccfaebcbdbef919835	SID531469	25570	25820	10500	9.0	9.0	15070	55602
occ_578e86b1bae191ccfaebcbdbef919835	SID531469	25820	26070	10750	13.928	13.928	15070	55602
occ_578e86b1bae191ccfaebcbdbef919835	SID531469	26070	26320	11000	14.216	14.216	15070	55602
occ_578e86b1bae191ccfaebcbdbef919835	SID531469	26320	26570	11250	11.936	11.936	15070	55602
occ_578e86b1bae191ccfaebcbdbef919835	SID531469	26570	26820	11500	15.496	15.496	15070	55602
occ_578e86b1bae191ccfaebcbdbef919835	SID531469	26820	27070	11750	15.444	15.444	15070	55602
occ_578e86b1bae191ccfaebcbdbef919835	SID531469	27070	27320	12000	13.936	13.936	15070	55602
occ_578e86b1bae191ccfaebcbdbef919835	SID531469	27320	27570	12250	12.244	12.244	15070	55602
occ_578e86b1bae191ccfaebcbdbef919835	SID531469	27570	27820	12500	10.568	10.568	15070	55602
occ_578e86b1bae191ccfaebcbdbef919835	SID531469	27820	28070	12750	15.956	15.956	15070	55602
occ_578e86b1bae191ccfaebcbdbef919835	SID531469	28070	28320	13000	10.116	10.116	15070	55602
occ_578e86b1bae191ccfaebcbdbef919835	SID531469	28320	28570	13250	15.776	15.776	15070	55602
occ_578e86b1bae191ccfaebcbdbef919835	SID531469	28570	28820	13500	14.156	14.156	15070	55602
occ_578e86b1bae191ccfaebcbdbef919835	SID531469	28820	29070	13750	17.536	17.536	15070	55602
occ_578e86b1bae191ccfaebcbdbef919835	SID531469	29070	29320	14000	14.008	14.008	15070	55602
occ_578e86b1bae191ccfaebcbdbef919835	SID531469	29320	29570	14250	19.856	19.856	15070	55602
occ_578e86b1bae191ccfaebcbdbef919835	SID531469	29570	29820	14500	15.86	15.86	15070	55602
occ_578e86b1bae191ccfaebcbdbef919835	SID531469	29820	30070	14750	14.796	14.796	15070	55602
occ_578e86b1bae191ccfaebcbdbef919835	SID531469	30070	30320	15000	18.764	18.764	15070	55602
occ_578e86b1bae191ccfaebcbdbef919835	SID531469	30320	30570	15250	15.652	15.652	15070	55602
occ_578e86b1bae191ccfaebcbdbef919835	SID531469	30570	30820	15500	17.936	17.936	15070	55602
occ_578e86b1bae191ccfaebcbdbef919835	SID531469	30820	31070	15750	12.24	12.236	15070	55602
occ_578e86b1bae191ccfaebcbdbef919835	SID531469	31070	31320	16000	16.108	16.108	15070	55602
occ_578e86b1bae191ccfaebcbdbef919835	SID531469	31320	31570	16250	11.472	11.472	15070	55602
occ_578e86b1bae191ccfaebcbdbef919835	SID531469	31570	31820	16500	20.812	20.812	15070	55602
occ_578e86b1bae191ccfaebcbdbef919835	SID531469	31820	32070	16750	14.676	14.676	15070	55602
occ_578e86b1bae191ccfaebcbdbef919835	SID531469	32070	32320	17000	19.36	19.36	15070	55602
occ_578e86b1bae191ccfaebcbdbef919835	SID531469	32320	32570	17250	20.672	20.672	15070	55602
occ_578e86b1bae191ccfaebcbdbef919835	SID531469	32570	32820	17500	16.328	16.328	15070	55602
occ_578e86b1bae191ccfaebcbdbef919835	SID531469	32820	33070	17750	12.412	12.412	15070	55602
occ_578e86b1bae191ccfaebcbdbef919835	SID531469	33070	33320	18000	12.328	12.328	15070	55602
occ_578e86b1bae191ccfaebcbdbef919835	SID531469	33320	33570	18250	12.076	12.076	15070	55602
occ_578e86b1bae191ccfaebcbdbef919835	SID531469	33570	33820	18500	13.488	13.488	15070	55602
occ_578e86b1bae191ccfaebcbdbef919835	SID531469	33820	34070	18750	14.712	14.712	15070	55602
occ_578e86b1bae191ccfaebcbdbef919835	SID531469	34070	34320	19000	19.9	19.9	15070	55602
occ_578e86b1bae191ccfaebcbdbef919835	SID531469	34320	34570	19250	14.784	14.784	15070	55602
occ_578e86b1bae191ccfaebcbdbef919835	SID531469	34570	34820	19500	11.928	11.928	15070	55602
occ_578e86b1bae191ccfaebcbdbef919835	SID531469	34820	35070	19750	16.176	16.176	15070	55602
occ_578e86b1bae191ccfaebcbdbef919835	SID531469	35070	35320	20000	14.04	14.04	15070	55602
occ_578e86b1bae191ccfaebcbdbef919835	SID531469	35320	35570	20250	19.528	19.528	15070	55602
occ_578e86b1bae191ccfaebcbdbef919835	SID531469	35570	35820	20500	12.752	12.752	15070	55602
occ_578e86b1bae191ccfaebcbdbef919835	SID531469	35820	36070	20750	15.428	15.428	15070	55602
occ_578e86b1bae191ccfaebcbdbef919835	SID531469	36070	36320	21000	17.228	17.228	15070	55602
occ_578e86b1bae191ccfaebcbdbef919835	SID531469	36320	36570	21250	16.744	16.744	15070	55602
occ_578e86b1bae191ccfaebcbdbef919835	SID531469	36570	36820	21500	12.7	12.408	15070	55602
occ_578e86b1bae191ccfaebcbdbef919835	SID531469	36820	37070	21750	11.74	11.74	15070	55602
occ_578e86b1bae191ccfaebcbdbef919835	SID531469	37070	37320	22000	13.18	13.18	15070	55602
occ_578e86b1bae191ccfaebcbdbef919835	SID531469	37320	37570	22250	13.936	13.936	15070	55602
occ_578e86b1bae191ccfaebcbdbef919835	SID531469	37570	37820	22500	10.352	10.352	15070	55602
occ_578e86b1bae191ccfaebcbdbef919835	SID531469	37820	38070	22750	14.62	14.62	15070	55602
occ_578e86b1bae191ccfaebcbdbef919835	SID531469	38070	38320	23000	10.304	10.304	15070	55602
occ_578e86b1bae191ccfaebcbdbef919835	SID531469	38320	38570	23250	12.848	12.848	15070	55602
occ_578e86b1bae191ccfaebcbdbef919835	SID531469	38570	38820	23500	11.76	11.76	15070	55602
occ_578e86b1bae191ccfaebcbdbef919835	SID531469	38820	39070	23750	15.312	15.312	15070	55602
occ_578e86b1bae191ccfaebcbdbef919835	SID531469	39070	39320	24000	9.84	9.84	15070	55602
occ_578e86b1bae191ccfaebcbdbef919835	SID531469	39320	39570	24250	9.58	9.58	15070	55602
occ_578e86b1bae191ccfaebcbdbef919835	SID531469	39570	39820	24500	18.576	18.576	15070	55602
occ_578e86b1bae191ccfaebcbdbef919835	SID531469	39820	40070	24750	12.964	12.964	15070	55602
occ_578e86b1bae191ccfaebcbdbef919835	SID531469	40070	40320	25000	14.3	14.3	15070	55602
occ_578e86b1bae191ccfaebcbdbef919835	SID531469	40320	40570	25250	14.416	14.416	15070	55602
occ_578e86b1bae191ccfaebcbdbef919835	SID531469	40570	40820	25500	13.964	13.964	15070	55602
occ_578e86b1bae191ccfaebcbdbef919835	SID531469	40820	41070	25750	10.04	10.04	15070	55602
occ_578e86b1bae191ccfaebcbdbef919835	SID531469	41070	41320	26000	15.5	15.5	15070	55602
occ_578e86b1bae191ccfaebcbdbef919835	SID531469	41320	41570	26250	15.06	15.06	15070	55602
occ_578e86b1bae191ccfaebcbdbef919835	SID531469	41570	41820	26500	13.004	13.004	15070	55602
occ_578e86b1bae191ccfaebcbdbef919835	SID531469	41820	42070	26750	17.38	17.38	15070	55602
occ_578e86b1bae191ccfaebcbdbef919835	SID531469	42070	42320	27000	17.072	17.072	15070	55602
occ_578e86b1bae191ccfaebcbdbef919835	SID531469	42320	42570	27250	14.856	14.856	15070	55602
occ_578e86b1bae191ccfaebcbdbef919835	SID531469	42570	42820	27500	12.636	12.636	15070	55602
occ_578e86b1bae191ccfaebcbdbef919835	SID531469	42820	43070	27750	15.92	15.92	15070	55602
occ_578e86b1bae191ccfaebcbdbef919835	SID531469	43070	43320	28000	13.316	13.316	15070	55602
occ_578e86b1bae191ccfaebcbdbef919835	SID531469	43320	43570	28250	15.36	15.36	15070	55602
occ_578e86b1bae191ccfaebcbdbef919835	SID531469	43570	43820	28500	9.692	9.692	15070	55602
occ_578e86b1bae191ccfaebcbdbef919835	SID531469	43820	44070	28750	9.296	9.296	15070	55602
occ_578e86b1bae191ccfaebcbdbef919835	SID531469	44070	44320	29000	18.452	18.452	15070	55602
occ_578e86b1bae191ccfaebcbdbef919835	SID531469	44320	44570	29250	20.964	20.964	15070	55602
occ_578e86b1bae191ccfaebcbdbef919835	SID531469	44570	44820	29500	17.948	17.948	15070	55602
occ_578e86b1bae191ccfaebcbdbef919835	SID531469	44820	45070	29750	16.608	16.608	15070	55602
occ_578e86b1bae191ccfaebcbdbef919835	SID531469	45070	45320	30000	19.776	19.776	15070	55602
occ_578e86b1bae191ccfaebcbdbef919835	SID531469	45320	45570	30250	15.624	15.624	15070	55602
occ_578e86b1bae191ccfaebcbdbef919835	SID531469	45570	45820	30500	11.164	11.164	15070	55602
occ_578e86b1bae191ccfaebcbdbef919835	SID531469	45820	46070	30750	14.236	14.236	15070	55602
occ_578e86b1bae191ccfaebcbdbef919835	SID531469	46070	46320	31000	14.972	14.972	15070	55602
occ_578e86b1bae191ccfaebcbdbef919835	SID531469	46320	46570	31250	11.248	11.248	15070	55602
occ_578e86b1bae191ccfaebcbdbef919835	SID531469	46570	46820	31500	11.78	11.78	15070	55602
occ_578e86b1bae191ccfaebcbdbef919835	SID531469	46820	47070	31750	17.048	17.048	15070	55602
occ_578e86b1bae191ccfaebcbdbef919835	SID531469	47070	47320	32000	18.364	18.364	15070	55602
occ_578e86b1bae191ccfaebcbdbef919835	SID531469	47320	47570	32250	16.096	16.096	15070	55602
occ_578e86b1bae191ccfaebcbdbef919835	SID531469	47570	47820	32500	11.276	11.276	15070	55602
occ_578e86b1bae191ccfaebcbdbef919835	SID531469	47820	48070	32750	14.48	14.26	15070	55602
occ_578e86b1bae191ccfaebcbdbef919835	SID531469	48070	48320	33000	12.46	12.46	15070	55602
occ_578e86b1bae191ccfaebcbdbef919835	SID531469	48320	48570	33250	14.708	14.708	15070	55602
occ_578e86b1bae191ccfaebcbdbef919835	SID531469	48570	48820	33500	17.304	17.304	15070	55602
occ_578e86b1bae191ccfaebcbdbef919835	SID531469	48820	49070	33750	13.016	13.016	15070	55602
occ_578e86b1bae191ccfaebcbdbef919835	SID531469	49070	49320	34000	9.284	9.284	15070	55602
occ_578e86b1bae191ccfaebcbdbef919835	SID531469	49320	49570	34250	9.884	9.884	15070	55602
occ_578e86b1bae191ccfaebcbdbef919835	SID531469	49570	49820	34500	10.3	10.3	15070	55602
occ_578e86b1bae191ccfaebcbdbef919835	SID531469	49820	50070	34750	13.792	13.792	15070	55602
occ_578e86b1bae191ccfaebcbdbef919835	SID531469	50070	50320	35000	11.712	11.712	15070	55602
occ_578e86b1bae191ccfaebcbdbef919835	SID531469	50320	50570	35250	10.328	10.328	15070	55602
occ_578e86b1bae191ccfaebcbdbef919835	SID531469	50570	50820	35500	12.388	12.388	15070	55602
occ_578e86b1bae191ccfaebcbdbef919835	SID531469	50820	51070	35750	12.072	12.072	15070	55602
occ_578e86b1bae191ccfaebcbdbef919835	SID531469	51070	51320	36000	16.168	16.168	15070	55602
occ_578e86b1bae191ccfaebcbdbef919835	SID531469	51320	51570	36250	17.976	17.976	15070	55602
occ_578e86b1bae191ccfaebcbdbef919835	SID531469	51570	51820	36500	14.992	14.992	15070	55602
occ_578e86b1bae191ccfaebcbdbef919835	SID531469	51820	52070	36750	8.676	8.676	15070	55602
occ_578e86b1bae191ccfaebcbdbef919835	SID531469	52070	52320	37000	13.024	13.024	15070	55602
occ_578e86b1bae191ccfaebcbdbef919835	SID531469	52320	52570	37250	16.624	16.624	15070	55602
occ_578e86b1bae191ccfaebcbdbef919835	SID531469	52570	52820	37500	14.784	14.784	15070	55602
occ_578e86b1bae191ccfaebcbdbef919835	SID531469	52820	53070	37750	15.436	15.436	15070	55602
occ_578e86b1bae191ccfaebcbdbef919835	SID531469	53070	53320	38000	11.564	11.564	15070	55602
occ_578e86b1bae191ccfaebcbdbef919835	SID531469	53320	53570	38250	12.488	12.488	15070	55602
occ_578e86b1bae191ccfaebcbdbef919835	SID531469	53570	53820	38500	18.828	18.828	15070	55602
occ_578e86b1bae191ccfaebcbdbef919835	SID531469	53820	54070	38750	20.596	20.596	15070	55602
occ_578e86b1bae191ccfaebcbdbef919835	SID531469	54070	54320	39000	10.192	10.192	15070	55602
occ_578e86b1bae191ccfaebcbdbef919835	SID531469	54320	54570	39250	12.924	12.924	15070	55602
occ_578e86b1bae191ccfaebcbdbef919835	SID531469	54570	54820	39500	18.46	17.924	15070	55602
occ_578e86b1bae191ccfaebcbdbef919835	SID531469	54820	55070	39750	15.068	13.644	15070	55602
occ_578e86b1bae191ccfaebcbdbef919835	SID531469	55070	55320	40000	11.884	11.568	15070	55602
occ_578e86b1bae191ccfaebcbdbef919835	SID531469	55320	55570	40250	14.774436090225564	14.774436090225564	15070	55602
occ_578e86b1bae191ccfaebcbdbef919835	SID531469	55570	55603	40500	NA	NA	15070	55602
occ_5fc9667575f6e05ffdc038d4c06e578c	SID531469	0	250	-1	23.7	22.44	1	33458
occ_5fc9667575f6e05ffdc038d4c06e578c	SID531469	250	500	249	27.224	26.96	1	33458
occ_5fc9667575f6e05ffdc038d4c06e578c	SID531469	500	750	499	26.928	26.928	1	33458
occ_5fc9667575f6e05ffdc038d4c06e578c	SID531469	750	1000	749	23.376	23.376	1	33458
occ_5fc9667575f6e05ffdc038d4c06e578c	SID531469	1000	1250	999	22.736	22.736	1	33458
occ_5fc9667575f6e05ffdc038d4c06e578c	SID531469	1250	1500	1249	24.928	24.928	1	33458
occ_5fc9667575f6e05ffdc038d4c06e578c	SID531469	1500	1750	1499	21.272	21.272	1	33458
occ_5fc9667575f6e05ffdc038d4c06e578c	SID531469	1750	2000	1749	22.152	22.152	1	33458
occ_5fc9667575f6e05ffdc038d4c06e578c	SID531469	2000	2250	1999	25.216	25.216	1	33458
occ_5fc9667575f6e05ffdc038d4c06e578c	SID531469	2250	2500	2249	23.484	23.484	1	33458
occ_5fc9667575f6e05ffdc038d4c06e578c	SID531469	2500	2750	2499	22.172	22.172	1	33458
occ_5fc9667575f6e05ffdc038d4c06e578c	SID531469	2750	3000	2749	17.892	17.708	1	33458
occ_5fc9667575f6e05ffdc038d4c06e578c	SID531469	3000	3250	2999	18.532	18.336	1	33458
occ_5fc9667575f6e05ffdc038d4c06e578c	SID531469	3250	3500	3249	23.704	23.704	1	33458
occ_5fc9667575f6e05ffdc038d4c06e578c	SID531469	3500	3750	3499	23.844	23.844	1	33458
occ_5fc9667575f6e05ffdc038d4c06e578c	SID531469	3750	4000	3749	22.912	22.912	1	33458
occ_5fc9667575f6e05ffdc038d4c06e578c	SID531469	4000	4250	3999	21.108	21.108	1	33458
occ_5fc9667575f6e05ffdc038d4c06e578c	SID531469	4250	4500	4249	19.452	19.452	1	33458
occ_5fc9667575f6e05ffdc038d4c06e578c	SID531469	4500	4750	4499	30.244	30.244	1	33458
occ_5fc9667575f6e05ffdc038d4c06e578c	SID531469	4750	5000	4749	26.744	26.744	1	33458
occ_5fc9667575f6e05ffdc038d4c06e578c	SID531469	5000	5250	4999	24.612	24.612	1	33458
occ_5fc9667575f6e05ffdc038d4c06e578c	SID531469	5250	5500	5249	21.992	21.992	1	33458
occ_5fc9667575f6e05ffdc038d4c06e578c	SID531469	5500	5750	5499	25.548	25.548	1	33458
occ_5fc9667575f6e05ffdc038d4c06e578c	SID531469	5750	6000	5749	25.352	25.352	1	33458
occ_5fc9667575f6e05ffdc038d4c06e578c	SID531469	6000	6250	5999	20.2	20.2	1	33458
occ_5fc9667575f6e05ffdc038d4c06e578c	SID531469	6250	6500	6249	23.352	23.352	1	33458
occ_5fc9667575f6e05ffdc038d4c06e578c	SID531469	6500	6750	6499	27.696	27.696	1	33458
occ_5fc9667575f6e05ffdc038d4c06e578c	SID531469	6750	7000	6749	30.772	30.772	1	33458
occ_5fc9667575f6e05ffdc038d4c06e578c	SID531469	7000	7250	6999	26.504	26.504	1	33458
occ_5fc9667575f6e05ffdc038d4c06e578c	SID531469	7250	7500	7249	19.628	19.628	1	33458
occ_5fc9667575f6e05ffdc038d4c06e578c	SID531469	7500	7750	7499	23.52	23.52	1	33458
occ_5fc9667575f6e05ffdc038d4c06e578c	SID531469	7750	8000	7749	26.644	26.644	1	33458
occ_5fc9667575f6e05ffdc038d4c06e578c	SID531469	8000	8250	7999	27.636	27.636	1	33458
occ_5fc9667575f6e05ffdc038d4c06e578c	SID531469	8250	8500	8249	32.128	32.128	1	33458
occ_5fc9667575f6e05ffdc038d4c06e578c	SID531469	8500	8750	8499	26.8	26.8	1	33458
occ_5fc9667575f6e05ffdc038d4c06e578c	SID531469	8750	9000	8749	19.788	19.788	1	33458
occ_5fc9667575f6e05ffdc038d4c06e578c	SID531469	9000	9250	8999	18.04	18.04	1	33458
occ_5fc9667575f6e05ffdc038d4c06e578c	SID531469	9250	9500	9249	20.928	20.928	1	33458
occ_5fc9667575f6e05ffdc038d4c06e578c	SID531469	9500	9750	9499	29.164	29.164	1	33458
occ_5fc9667575f6e05ffdc038d4c06e578c	SID531469	9750	10000	9749	24.788	24.788	1	33458
occ_5fc9667575f6e05ffdc038d4c06e578c	SID531469	10000	10250	9999	28.572	28.572	1	33458
occ_5fc9667575f6e05ffdc038d4c06e578c	SID531469	10250	10500	10249	22.128	22.128	1	33458
occ_5fc9667575f6e05ffdc038d4c06e578c	SID531469	10500	10750	10499	22.7	22.7	1	33458
occ_5fc9667575f6e05ffdc038d4c06e578c	SID531469	10750	11000	10749	21.884	21.884	1	33458
occ_5fc9667575f6e05ffdc038d4c06e578c	SID531469	11000	11250	10999	20.624	20.624	1	33458
occ_5fc9667575f6e05ffdc038d4c06e578c	SID531469	11250	11500	11249	29.152	29.152	1	33458
occ_5fc9667575f6e05ffdc038d4c06e578c	SID531469	11500	11750	11499	20.7	20.7	1	33458
occ_5fc9667575f6e05ffdc038d4c06e578c	SID531469	11750	12000	11749	23.508	23.508	1	33458
occ_5fc9667575f6e05ffdc038d4c06e578c	SID531469	12000	12250	11999	23.732	23.732	1	33458
occ_5fc9667575f6e05ffdc038d4c06e578c	SID531469	12250	12500	12249	26.216	26.216	1	33458
occ_5fc9667575f6e05ffdc038d4c06e578c	SID531469	12500	12750	12499	24.968	24.968	1	33458
occ_5fc9667575f6e05ffdc038d4c06e578c	SID531469	12750	13000	12749	23.672	23.672	1	33458
occ_5fc9667575f6e05ffdc038d4c06e578c	SID531469	13000	13250	12999	24.816	24.812	1	33458
occ_5fc9667575f6e05ffdc038d4c06e578c	SID531469	13250	13500	13249	19.48	19.48	1	33458
occ_5fc9667575f6e05ffdc038d4c06e578c	SID531469	13500	13750	13499	21.208	21.208	1	33458
occ_5fc9667575f6e05ffdc038d4c06e578c	SID531469	13750	14000	13749	18.78	18.776	1	33458
occ_5fc9667575f6e05ffdc038d4c06e578c	SID531469	14000	14250	13999	22.812	22.812	1	33458
occ_5fc9667575f6e05ffdc038d4c06e578c	SID531469	14250	14500	14249	21.864	21.864	1	33458
occ_5fc9667575f6e05ffdc038d4c06e578c	SID531469	14500	14750	14499	20.26	20.26	1	33458
occ_5fc9667575f6e05ffdc038d4c06e578c	SID531469	14750	15000	14749	27.748	27.748	1	33458
occ_5fc9667575f6e05ffdc038d4c06e578c	SID531469	15000	15250	14999	28.376	28.376	1	33458
occ_5fc9667575f6e05ffdc038d4c06e578c	SID531469	15250	15500	15249	28.076	28.076	1	33458
occ_5fc9667575f6e05ffdc038d4c06e578c	SID531469	15500	15750	15499	28.596	28.596	1	33458
occ_5fc9667575f6e05ffdc038d4c06e578c	SID531469	15750	16000	15749	26.42	26.42	1	33458
occ_5fc9667575f6e05ffdc038d4c06e578c	SID531469	16000	16250	15999	28.952	28.952	1	33458
occ_5fc9667575f6e05ffdc038d4c06e578c	SID531469	16250	16500	16249	27.26	26.972	1	33458
occ_5fc9667575f6e05ffdc038d4c06e578c	SID531469	16500	16750	16499	25.128	25.128	1	33458
occ_5fc9667575f6e05ffdc038d4c06e578c	SID531469	16750	17000	16749	26.76	26.76	1	33458
occ_5fc9667575f6e05ffdc038d4c06e578c	SID531469	17000	17250	16999	32.1	32.1	1	33458
occ_5fc9667575f6e05ffdc038d4c06e578c	SID531469	17250	17500	17249	31.5	31.5	1	33458
occ_5fc9667575f6e05ffdc038d4c06e578c	SID531469	17500	17750	17499	31.248	31.248	1	33458
occ_5fc9667575f6e05ffdc038d4c06e578c	SID531469	17750	18000	17749	31.824	31.82	1	33458
occ_5fc9667575f6e05ffdc038d4c06e578c	SID531469	18000	18250	17999	25.896	25.896	1	33458
occ_5fc9667575f6e05ffdc038d4c06e578c	SID531469	18250	18500	18249	26.516	26.516	1	33458
occ_5fc9667575f6e05ffdc038d4c06e578c	SID531469	18500	18750	18499	23.144	23.144	1	33458
occ_5fc9667575f6e05ffdc038d4c06e578c	SID531469	18750	19000	18749	27.228	27.228	1	33458
occ_5fc9667575f6e05ffdc038d4c06e578c	SID531469	19000	19250	18999	27.988	27.988	1	33458
occ_5fc9667575f6e05ffdc038d4c06e578c	SID531469	19250	19500	19249	24.48	24.48	1	33458
occ_5fc9667575f6e05ffdc038d4c06e578c	SID531469	19500	19750	19499	26.1	26.1	1	33458
occ_5fc9667575f6e05ffdc038d4c06e578c	SID531469	19750	20000	19749	24.672	24.672	1	33458
occ_5fc9667575f6e05ffdc038d4c06e578c	SID531469	20000	20250	19999	22.588	22.588	1	33458
occ_5fc9667575f6e05ffdc038d4c06e578c	SID531469	20250	20500	20249	19.696	19.696	1	33458
occ_5fc9667575f6e05ffdc038d4c06e578c	SID531469	20500	20750	20499	17.368	17.368	1	33458
occ_5fc9667575f6e05ffdc038d4c06e578c	SID531469	20750	21000	20749	22.076	22.072	1	33458
occ_5fc9667575f6e05ffdc038d4c06e578c	SID531469	21000	21250	20999	27.14	27.14	1	33458
occ_5fc9667575f6e05ffdc038d4c06e578c	SID531469	21250	21500	21249	26.964	26.964	1	33458
occ_5fc9667575f6e05ffdc038d4c06e578c	SID531469	21500	21750	21499	24.94	24.94	1	33458
occ_5fc9667575f6e05ffdc038d4c06e578c	SID531469	21750	22000	21749	29.424	29.424	1	33458
occ_5fc9667575f6e05ffdc038d4c06e578c	SID531469	22000	22250	21999	27.788	27.788	1	33458
occ_5fc9667575f6e05ffdc038d4c06e578c	SID531469	22250	22500	22249	18.232	18.232	1	33458
occ_5fc9667575f6e05ffdc038d4c06e578c	SID531469	22500	22750	22499	23.232	23.232	1	33458
occ_5fc9667575f6e05ffdc038d4c06e578c	SID531469	22750	23000	22749	25.528	25.528	1	33458
occ_5fc9667575f6e05ffdc038d4c06e578c	SID531469	23000	23250	22999	31.836	31.832	1	33458
occ_5fc9667575f6e05ffdc038d4c06e578c	SID531469	23250	23500	23249	21.884	21.884	1	33458
occ_5fc9667575f6e05ffdc038d4c06e578c	SID531469	23500	23750	23499	21.396	21.396	1	33458
occ_5fc9667575f6e05ffdc038d4c06e578c	SID531469	23750	24000	23749	27.664	27.664	1	33458
occ_5fc9667575f6e05ffdc038d4c06e578c	SID531469	24000	24250	23999	23.352	23.352	1	33458
occ_5fc9667575f6e05ffdc038d4c06e578c	SID531469	24250	24500	24249	27.272	27.272	1	33458
occ_5fc9667575f6e05ffdc038d4c06e578c	SID531469	24500	24750	24499	24.54	24.54	1	33458
occ_5fc9667575f6e05ffdc038d4c06e578c	SID531469	24750	25000	24749	24.924	24.924	1	33458
occ_5fc9667575f6e05ffdc038d4c06e578c	SID531469	25000	25250	24999	32.548	32.548	1	33458
occ_5fc9667575f6e05ffdc038d4c06e578c	SID531469	25250	25500	25249	32.48	32.48	1	33458
occ_5fc9667575f6e05ffdc038d4c06e578c	SID531469	25500	25750	25499	34.836	34.836	1	33458
occ_5fc9667575f6e05ffdc038d4c06e578c	SID531469	25750	26000	25749	37.636	37.636	1	33458
occ_5fc9667575f6e05ffdc038d4c06e578c	SID531469	26000	26250	25999	33.892	33.892	1	33458
occ_5fc9667575f6e05ffdc038d4c06e578c	SID531469	26250	26500	26249	41.452	41.452	1	33458
occ_5fc9667575f6e05ffdc038d4c06e578c	SID531469	26500	26750	26499	44.66	44.66	1	33458
occ_5fc9667575f6e05ffdc038d4c06e578c	SID531469	26750	27000	26749	47.692	47.692	1	33458
occ_5fc9667575f6e05ffdc038d4c06e578c	SID531469	27000	27250	26999	40.384	40.384	1	33458
occ_5fc9667575f6e05ffdc038d4c06e578c	SID531469	27250	27500	27249	35.356	35.356	1	33458
occ_5fc9667575f6e05ffdc038d4c06e578c	SID531469	27500	27750	27499	37.72	37.716	1	33458
occ_5fc9667575f6e05ffdc038d4c06e578c	SID531469	27750	28000	27749	44.08	44.08	1	33458
occ_5fc9667575f6e05ffdc038d4c06e578c	SID531469	28000	28250	27999	36.412	36.412	1	33458
occ_5fc9667575f6e05ffdc038d4c06e578c	SID531469	28250	28500	28249	42.952	42.952	1	33458
occ_5fc9667575f6e05ffdc038d4c06e578c	SID531469	28500	28750	28499	43.104	43.104	1	33458
occ_5fc9667575f6e05ffdc038d4c06e578c	SID531469	28750	29000	28749	36.584	36.584	1	33458
occ_5fc9667575f6e05ffdc038d4c06e578c	SID531469	29000	29250	28999	36.744	36.744	1	33458
occ_5fc9667575f6e05ffdc038d4c06e578c	SID531469	29250	29500	29249	36.212	36.212	1	33458
occ_5fc9667575f6e05ffdc038d4c06e578c	SID531469	29500	29750	29499	39.88	39.88	1	33458
occ_5fc9667575f6e05ffdc038d4c06e578c	SID531469	29750	30000	29749	39.98	39.98	1	33458
occ_5fc9667575f6e05ffdc038d4c06e578c	SID531469	30000	30250	29999	40.252	40.252	1	33458
occ_5fc9667575f6e05ffdc038d4c06e578c	SID531469	30250	30500	30249	40.748	40.748	1	33458
occ_5fc9667575f6e05ffdc038d4c06e578c	SID531469	30500	30750	30499	37.436	37.436	1	33458
occ_5fc9667575f6e05ffdc038d4c06e578c	SID531469	30750	31000	30749	37.688	37.688	1	33458
occ_5fc9667575f6e05ffdc038d4c06e578c	SID531469	31000	31250	30999	36.156	36.152	1	33458
occ_5fc9667575f6e05ffdc038d4c06e578c	SID531469	31250	31500	31249	32.752	32.752	1	33458
occ_5fc9667575f6e05ffdc038d4c06e578c	SID531469	31500	31750	31499	27.044	27.044	1	33458
occ_5fc9667575f6e05ffdc038d4c06e578c	SID531469	31750	32000	31749	31.564	31.564	1	33458
occ_5fc9667575f6e05ffdc038d4c06e578c	SID531469	32000	32250	31999	35.632	35.632	1	33458
occ_5fc9667575f6e05ffdc038d4c06e578c	SID531469	32250	32500	32249	33.716	31.236	1	33458
occ_5fc9667575f6e05ffdc038d4c06e578c	SID531469	32500	32750	32499	27.68	21.548	1	33458
occ_5fc9667575f6e05ffdc038d4c06e578c	SID531469	32750	33000	32749	24.756	21.404	1	33458
occ_5fc9667575f6e05ffdc038d4c06e578c	SID531469	33000	33250	32999	41.204	40.644	1	33458
occ_5fc9667575f6e05ffdc038d4c06e578c	SID531469	33250	33500	33249	34.052	34.052	1	33458
occ_5fc9667575f6e05ffdc038d4c06e578c	SID531469	33500	33750	33499	23.104	23.068	1	33458
occ_5fc9667575f6e05ffdc038d4c06e578c	SID531469	33750	34000	33749	35.316	35.316	1	33458
occ_5fc9667575f6e05ffdc038d4c06e578c	SID531469	34000	34250	33999	41.036	41.036	1	33458
occ_5fc9667575f6e05ffdc038d4c06e578c	SID531469	34250	34500	34249	46.384	46.384	1	33458
occ_5fc9667575f6e05ffdc038d4c06e578c	SID531469	34500	34750	34499	41.832	41.832	1	33458
occ_5fc9667575f6e05ffdc038d4c06e578c	SID531469	34750	35000	34749	35.164	35.164	1	33458
occ_5fc9667575f6e05ffdc038d4c06e578c	SID531469	35000	35250	34999	34.816	34.816	1	33458
occ_5fc9667575f6e05ffdc038d4c06e578c	SID531469	35250	35500	35249	39.2	39.2	1	33458
occ_5fc9667575f6e05ffdc038d4c06e578c	SID531469	35500	35750	35499	35.388	35.388	1	33458
occ_5fc9667575f6e05ffdc038d4c06e578c	SID531469	35750	36000	35749	37.676	37.672	1	33458
occ_5fc9667575f6e05ffdc038d4c06e578c	SID531469	36000	36250	35999	35.968	35.968	1	33458
occ_5fc9667575f6e05ffdc038d4c06e578c	SID531469	36250	36500	36249	38.352	38.292	1	33458
occ_5fc9667575f6e05ffdc038d4c06e578c	SID531469	36500	36750	36499	45.148	45.148	1	33458
occ_5fc9667575f6e05ffdc038d4c06e578c	SID531469	36750	37000	36749	38.152	38.152	1	33458
occ_5fc9667575f6e05ffdc038d4c06e578c	SID531469	37000	37250	36999	47.16	47.16	1	33458
occ_5fc9667575f6e05ffdc038d4c06e578c	SID531469	37250	37500	37249	43.072	42.976	1	33458
occ_5fc9667575f6e05ffdc038d4c06e578c	SID531469	37500	37750	37499	34.52	34.144	1	33458
occ_5fc9667575f6e05ffdc038d4c06e578c	SID531469	37750	38000	37749	39.716	38.268	1	33458
occ_5fc9667575f6e05ffdc038d4c06e578c	SID531469	38000	38250	37999	33.392	33.392	1	33458
occ_5fc9667575f6e05ffdc038d4c06e578c	SID531469	38250	38458	38249	38.53365384615385	38.53365384615385	1	33458
occ_68300e09ae3300237c8ba31135fdc95a	SID531469	0	250	-61	7.7	7.7	61	13706
occ_68300e09ae3300237c8ba31135fdc95a	SID531469	250	500	189	14.084	14.084	61	13706
occ_68300e09ae3300237c8ba31135fdc95a	SID531469	500	750	439	12.288	12.288	61	13706
occ_68300e09ae3300237c8ba31135fdc95a	SID531469	750	1000	689	13.56	13.56	61	13706
occ_68300e09ae3300237c8ba31135fdc95a	SID531469	1000	1250	939	10.212	10.212	61	13706
occ_68300e09ae3300237c8ba31135fdc95a	SID531469	1250	1500	1189	9.94	9.94	61	13706
occ_68300e09ae3300237c8ba31135fdc95a	SID531469	1500	1750	1439	11.7	11.7	61	13706
occ_68300e09ae3300237c8ba31135fdc95a	SID531469	1750	2000	1689	10.652	10.652	61	13706
occ_68300e09ae3300237c8ba31135fdc95a	SID531469	2000	2250	1939	12.716	12.716	61	13706
occ_68300e09ae3300237c8ba31135fdc95a	SID531469	2250	2500	2189	14.388	14.388	61	13706
occ_68300e09ae3300237c8ba31135fdc95a	SID531469	2500	2750	2439	14.328	14.328	61	13706
occ_68300e09ae3300237c8ba31135fdc95a	SID531469	2750	3000	2689	8.16	8.16	61	13706
occ_68300e09ae3300237c8ba31135fdc95a	SID531469	3000	3250	2939	7.628	7.628	61	13706
occ_68300e09ae3300237c8ba31135fdc95a	SID531469	3250	3500	3189	13.78	13.78	61	13706
occ_68300e09ae3300237c8ba31135fdc95a	SID531469	3500	3750	3439	11.696	11.696	61	13706
occ_68300e09ae3300237c8ba31135fdc95a	SID531469	3750	4000	3689	11.004	11.004	61	13706
occ_68300e09ae3300237c8ba31135fdc95a	SID531469	4000	4250	3939	9.648	9.648	61	13706
occ_68300e09ae3300237c8ba31135fdc95a	SID531469	4250	4500	4189	13.052	13.052	61	13706
occ_68300e09ae3300237c8ba31135fdc95a	SID531469	4500	4750	4439	12.66	12.66	61	13706
occ_68300e09ae3300237c8ba31135fdc95a	SID531469	4750	5000	4689	9.328	9.328	61	13706
occ_68300e09ae3300237c8ba31135fdc95a	SID531469	5000	5250	4939	8.468	8.468	61	13706
occ_68300e09ae3300237c8ba31135fdc95a	SID531469	5250	5500	5189	8.944	8.944	61	13706
occ_68300e09ae3300237c8ba31135fdc95a	SID531469	5500	5750	5439	10.044	10.044	61	13706
occ_68300e09ae3300237c8ba31135fdc95a	SID531469	5750	6000	5689	10.188	10.188	61	13706
occ_68300e09ae3300237c8ba31135fdc95a	SID531469	6000	6250	5939	14.572	14.572	61	13706
occ_68300e09ae3300237c8ba31135fdc95a	SID531469	6250	6500	6189	13.4	13.4	61	13706
occ_68300e09ae3300237c8ba31135fdc95a	SID531469	6500	6750	6439	9.408	9.408	61	13706
occ_68300e09ae3300237c8ba31135fdc95a	SID531469	6750	7000	6689	7.704	7.704	61	13706
occ_68300e09ae3300237c8ba31135fdc95a	SID531469	7000	7250	6939	10.504	10.504	61	13706
occ_68300e09ae3300237c8ba31135fdc95a	SID531469	7250	7500	7189	10.96	10.96	61	13706
occ_68300e09ae3300237c8ba31135fdc95a	SID531469	7500	7750	7439	10.976	10.976	61	13706
occ_68300e09ae3300237c8ba31135fdc95a	SID531469	7750	8000	7689	14.14	14.14	61	13706
occ_68300e09ae3300237c8ba31135fdc95a	SID531469	8000	8250	7939	12.744	12.744	61	13706
occ_68300e09ae3300237c8ba31135fdc95a	SID531469	8250	8500	8189	13.86	13.86	61	13706
occ_68300e09ae3300237c8ba31135fdc95a	SID531469	8500	8750	8439	14.652	14.652	61	13706
occ_68300e09ae3300237c8ba31135fdc95a	SID531469	8750	9000	8689	13.732	13.732	61	13706
occ_68300e09ae3300237c8ba31135fdc95a	SID531469	9000	9250	8939	10.628	10.628	61	13706
occ_68300e09ae3300237c8ba31135fdc95a	SID531469	9250	9500	9189	9.852	9.852	61	13706
occ_68300e09ae3300237c8ba31135fdc95a	SID531469	9500	9750	9439	11.176	11.176	61	13706
occ_68300e09ae3300237c8ba31135fdc95a	SID531469	9750	10000	9689	12.352	12.352	61	13706
occ_68300e09ae3300237c8ba31135fdc95a	SID531469	10000	10250	9939	13.4	13.4	61	13706
occ_68300e09ae3300237c8ba31135fdc95a	SID531469	10250	10500	10189	14.296	14.296	61	13706
occ_68300e09ae3300237c8ba31135fdc95a	SID531469	10500	10750	10439	10.756	10.756	61	13706
occ_68300e09ae3300237c8ba31135fdc95a	SID531469	10750	11000	10689	8.928	8.928	61	13706
occ_68300e09ae3300237c8ba31135fdc95a	SID531469	11000	11250	10939	11.964	11.964	61	13706
occ_68300e09ae3300237c8ba31135fdc95a	SID531469	11250	11500	11189	13.9	13.9	61	13706
occ_68300e09ae3300237c8ba31135fdc95a	SID531469	11500	11750	11439	11.72	11.72	61	13706
occ_68300e09ae3300237c8ba31135fdc95a	SID531469	11750	12000	11689	8.86	8.86	61	13706
occ_68300e09ae3300237c8ba31135fdc95a	SID531469	12000	12250	11939	11.144	11.144	61	13706
occ_68300e09ae3300237c8ba31135fdc95a	SID531469	12250	12500	12189	8.592	8.592	61	13706
occ_68300e09ae3300237c8ba31135fdc95a	SID531469	12500	12750	12439	5.544	5.544	61	13706
occ_68300e09ae3300237c8ba31135fdc95a	SID531469	12750	13000	12689	8.988	8.988	61	13706
occ_68300e09ae3300237c8ba31135fdc95a	SID531469	13000	13250	12939	10.348	10.348	61	13706
occ_68300e09ae3300237c8ba31135fdc95a	SID531469	13250	13500	13189	11.048	11.048	61	13706
occ_68300e09ae3300237c8ba31135fdc95a	SID531469	13500	13750	13439	11.716	11.716	61	13706
occ_68300e09ae3300237c8ba31135fdc95a	SID531469	13750	14000	13689	13.656	13.656	61	13706
occ_68300e09ae3300237c8ba31135fdc95a	SID531469	14000	14250	13939	15.168	15.168	61	13706
occ_68300e09ae3300237c8ba31135fdc95a	SID531469	14250	14500	14189	16.988	16.984	61	13706
occ_68300e09ae3300237c8ba31135fdc95a	SID531469	14500	14750	14439	13.592	13.592	61	13706
occ_68300e09ae3300237c8ba31135fdc95a	SID531469	14750	15000	14689	13.3	13.3	61	13706
occ_68300e09ae3300237c8ba31135fdc95a	SID531469	15000	15250	14939	9.984	9.984	61	13706
occ_68300e09ae3300237c8ba31135fdc95a	SID531469	15250	15500	15189	11.408	11.408	61	13706
occ_68300e09ae3300237c8ba31135fdc95a	SID531469	15500	15750	15439	13.58	13.58	61	13706
occ_68300e09ae3300237c8ba31135fdc95a	SID531469	15750	16000	15689	13.568	13.568	61	13706
occ_68300e09ae3300237c8ba31135fdc95a	SID531469	16000	16250	15939	11.216	11.216	61	13706
occ_68300e09ae3300237c8ba31135fdc95a	SID531469	16250	16500	16189	11.812	11.812	61	13706
occ_68300e09ae3300237c8ba31135fdc95a	SID531469	16500	16750	16439	12.832	12.832	61	13706
occ_68300e09ae3300237c8ba31135fdc95a	SID531469	16750	17000	16689	12.204	12.204	61	13706
occ_68300e09ae3300237c8ba31135fdc95a	SID531469	17000	17250	16939	12.0	12.0	61	13706
occ_68300e09ae3300237c8ba31135fdc95a	SID531469	17250	17500	17189	13.516	13.516	61	13706
occ_68300e09ae3300237c8ba31135fdc95a	SID531469	17500	17750	17439	11.28	10.896	61	13706
occ_68300e09ae3300237c8ba31135fdc95a	SID531469	17750	18000	17689	10.832	10.448	61	13706
occ_68300e09ae3300237c8ba31135fdc95a	SID531469	18000	18250	17939	15.696	15.696	61	13706
occ_68300e09ae3300237c8ba31135fdc95a	SID531469	18250	18500	18189	13.068	13.068	61	13706
occ_68300e09ae3300237c8ba31135fdc95a	SID531469	18500	18706	18439	13.330097087378642	13.330097087378642	61	13706
occ_756e84256cc1bd53be5953e40bf07442	SID531469	0	250	0	17.23	17.23	0	6202
occ_756e84256cc1bd53be5953e40bf07442	SID531469	250	500	250	22.408	22.408	0	6202
occ_756e84256cc1bd53be5953e40bf07442	SID531469	500	750	500	23.988	23.988	0	6202
occ_756e84256cc1bd53be5953e40bf07442	SID531469	750	1000	750	27.964	27.964	0	6202
occ_756e84256cc1bd53be5953e40bf07442	SID531469	1000	1250	1000	19.808	19.808	0	6202
occ_756e84256cc1bd53be5953e40bf07442	SID531469	1250	1500	1250	21.308	21.308	0	6202
occ_756e84256cc1bd53be5953e40bf07442	SID531469	1500	1750	1500	18.508	18.508	0	6202
occ_756e84256cc1bd53be5953e40bf07442	SID531469	1750	2000	1750	20.484	20.484	0	6202
occ_756e84256cc1bd53be5953e40bf07442	SID531469	2000	2250	2000	15.832	15.832	0	6202
occ_756e84256cc1bd53be5953e40bf07442	SID531469	2250	2500	2250	17.932	17.932	0	6202
occ_756e84256cc1bd53be5953e40bf07442	SID531469	2500	2750	2500	16.464	16.46	0	6202
occ_756e84256cc1bd53be5953e40bf07442	SID531469	2750	3000	2750	13.7	13.7	0	6202
occ_756e84256cc1bd53be5953e40bf07442	SID531469	3000	3250	3000	15.98	15.98	0	6202
occ_756e84256cc1bd53be5953e40bf07442	SID531469	3250	3500	3250	20.984	20.984	0	6202
occ_756e84256cc1bd53be5953e40bf07442	SID531469	3500	3750	3500	23.724	23.724	0	6202
occ_756e84256cc1bd53be5953e40bf07442	SID531469	3750	4000	3750	18.94	18.94	0	6202
occ_756e84256cc1bd53be5953e40bf07442	SID531469	4000	4250	4000	17.676	17.676	0	6202
occ_756e84256cc1bd53be5953e40bf07442	SID531469	4250	4500	4250	16.62	16.62	0	6202
occ_756e84256cc1bd53be5953e40bf07442	SID531469	4500	4750	4500	22.508	22.508	0	6202
occ_756e84256cc1bd53be5953e40bf07442	SID531469	4750	5000	4750	17.588	17.588	0	6202
occ_756e84256cc1bd53be5953e40bf07442	SID531469	5000	5250	5000	17.172	17.172	0	6202
occ_756e84256cc1bd53be5953e40bf07442	SID531469	5250	5500	5250	19.528	19.528	0	6202
occ_756e84256cc1bd53be5953e40bf07442	SID531469	5500	5750	5500	23.46	23.46	0	6202
occ_756e84256cc1bd53be5953e40bf07442	SID531469	5750	6000	5750	17.952	17.952	0	6202
occ_756e84256cc1bd53be5953e40bf07442	SID531469	6000	6250	6000	16.232	16.232	0	6202
occ_756e84256cc1bd53be5953e40bf07442	SID531469	6250	6500	6250	17.224	17.224	0	6202
occ_756e84256cc1bd53be5953e40bf07442	SID531469	6500	6750	6500	15.96	15.96	0	6202
occ_756e84256cc1bd53be5953e40bf07442	SID531469	6750	7000	6750	14.952	14.952	0	6202
occ_756e84256cc1bd53be5953e40bf07442	SID531469	7000	7250	7000	23.704	23.704	0	6202
occ_756e84256cc1bd53be5953e40bf07442	SID531469	7250	7500	7250	25.468	25.468	0	6202
occ_756e84256cc1bd53be5953e40bf07442	SID531469	7500	7750	7500	18.208	18.208	0	6202
occ_756e84256cc1bd53be5953e40bf07442	SID531469	7750	8000	7750	12.98	12.98	0	6202
occ_756e84256cc1bd53be5953e40bf07442	SID531469	8000	8250	8000	13.704	13.704	0	6202
occ_756e84256cc1bd53be5953e40bf07442	SID531469	8250	8500	8250	17.032	17.032	0	6202
occ_756e84256cc1bd53be5953e40bf07442	SID531469	8500	8750	8500	18.008	18.008	0	6202
occ_756e84256cc1bd53be5953e40bf07442	SID531469	8750	9000	8750	17.9	17.9	0	6202
occ_756e84256cc1bd53be5953e40bf07442	SID531469	9000	9250	9000	22.676	22.324	0	6202
occ_756e84256cc1bd53be5953e40bf07442	SID531469	9250	9500	9250	19.916	19.916	0	6202
occ_756e84256cc1bd53be5953e40bf07442	SID531469	9500	9750	9500	19.852	19.852	0	6202
occ_756e84256cc1bd53be5953e40bf07442	SID531469	9750	10000	9750	20.356	20.356	0	6202
occ_756e84256cc1bd53be5953e40bf07442	SID531469	10000	10250	10000	16.712	16.712	0	6202
occ_756e84256cc1bd53be5953e40bf07442	SID531469	10250	10500	10250	18.552	18.552	0	6202
occ_756e84256cc1bd53be5953e40bf07442	SID531469	10500	10750	10500	17.4	17.4	0	6202
occ_756e84256cc1bd53be5953e40bf07442	SID531469	10750	11000	10750	13.444	13.444	0	6202
occ_756e84256cc1bd53be5953e40bf07442	SID531469	11000	11202	11000	19.198019801980198	19.198019801980198	0	6202
occ_7a6b9a52a5bcfb5bbd1a4ac464669ac4	SID531469	0	250	-3649	16.37	16.37	3649	14050
occ_7a6b9a52a5bcfb5bbd1a4ac464669ac4	SID531469	250	500	-3399	13.812	13.812	3649	14050
occ_7a6b9a52a5bcfb5bbd1a4ac464669ac4	SID531469	500	750	-3149	13.632	13.632	3649	14050
occ_7a6b9a52a5bcfb5bbd1a4ac464669ac4	SID531469	750	1000	-2899	12.64	12.64	3649	14050
occ_7a6b9a52a5bcfb5bbd1a4ac464669ac4	SID531469	1000	1250	-2649	14.284	14.28	3649	14050
occ_7a6b9a52a5bcfb5bbd1a4ac464669ac4	SID531469	1250	1500	-2399	18.456	18.068	3649	14050
occ_7a6b9a52a5bcfb5bbd1a4ac464669ac4	SID531469	1500	1750	-2149	13.424	13.424	3649	14050
occ_7a6b9a52a5bcfb5bbd1a4ac464669ac4	SID531469	1750	2000	-1899	19.048	19.048	3649	14050
occ_7a6b9a52a5bcfb5bbd1a4ac464669ac4	SID531469	2000	2250	-1649	19.176	19.176	3649	14050
occ_7a6b9a52a5bcfb5bbd1a4ac464669ac4	SID531469	2250	2500	-1399	18.372	18.372	3649	14050
occ_7a6b9a52a5bcfb5bbd1a4ac464669ac4	SID531469	2500	2750	-1149	17.444	17.444	3649	14050
occ_7a6b9a52a5bcfb5bbd1a4ac464669ac4	SID531469	2750	3000	-899	19.252	19.252	3649	14050
occ_7a6b9a52a5bcfb5bbd1a4ac464669ac4	SID531469	3000	3250	-649	16.148	16.148	3649	14050
occ_7a6b9a52a5bcfb5bbd1a4ac464669ac4	SID531469	3250	3500	-399	12.804	12.804	3649	14050
occ_7a6b9a52a5bcfb5bbd1a4ac464669ac4	SID531469	3500	3750	-149	21.836	21.836	3649	14050
occ_7a6b9a52a5bcfb5bbd1a4ac464669ac4	SID531469	3750	4000	101	20.228	20.228	3649	14050
occ_7a6b9a52a5bcfb5bbd1a4ac464669ac4	SID531469	4000	4250	351	17.488	17.488	3649	14050
occ_7a6b9a52a5bcfb5bbd1a4ac464669ac4	SID531469	4250	4500	601	22.52	22.512	3649	14050
occ_7a6b9a52a5bcfb5bbd1a4ac464669ac4	SID531469	4500	4750	851	19.528	19.528	3649	14050
occ_7a6b9a52a5bcfb5bbd1a4ac464669ac4	SID531469	4750	5000	1101	19.332	19.332	3649	14050
occ_7a6b9a52a5bcfb5bbd1a4ac464669ac4	SID531469	5000	5250	1351	21.82	21.82	3649	14050
occ_7a6b9a52a5bcfb5bbd1a4ac464669ac4	SID531469	5250	5500	1601	19.948	19.948	3649	14050
occ_7a6b9a52a5bcfb5bbd1a4ac464669ac4	SID531469	5500	5750	1851	16.616	16.616	3649	14050
occ_7a6b9a52a5bcfb5bbd1a4ac464669ac4	SID531469	5750	6000	2101	12.724	12.724	3649	14050
occ_7a6b9a52a5bcfb5bbd1a4ac464669ac4	SID531469	6000	6250	2351	17.192	17.192	3649	14050
occ_7a6b9a52a5bcfb5bbd1a4ac464669ac4	SID531469	6250	6500	2601	14.576	14.576	3649	14050
occ_7a6b9a52a5bcfb5bbd1a4ac464669ac4	SID531469	6500	6750	2851	10.368	10.368	3649	14050
occ_7a6b9a52a5bcfb5bbd1a4ac464669ac4	SID531469	6750	7000	3101	20.572	20.572	3649	14050
occ_7a6b9a52a5bcfb5bbd1a4ac464669ac4	SID531469	7000	7250	3351	22.372	22.372	3649	14050
occ_7a6b9a52a5bcfb5bbd1a4ac464669ac4	SID531469	7250	7500	3601	14.368	14.368	3649	14050
occ_7a6b9a52a5bcfb5bbd1a4ac464669ac4	SID531469	7500	7750	3851	17.328	17.328	3649	14050
occ_7a6b9a52a5bcfb5bbd1a4ac464669ac4	SID531469	7750	8000	4101	23.484	23.484	3649	14050
occ_7a6b9a52a5bcfb5bbd1a4ac464669ac4	SID531469	8000	8250	4351	15.84	15.84	3649	14050
occ_7a6b9a52a5bcfb5bbd1a4ac464669ac4	SID531469	8250	8500	4601	13.512	13.512	3649	14050
occ_7a6b9a52a5bcfb5bbd1a4ac464669ac4	SID531469	8500	8750	4851	21.06	21.06	3649	14050
occ_7a6b9a52a5bcfb5bbd1a4ac464669ac4	SID531469	8750	9000	5101	16.352	16.352	3649	14050
occ_7a6b9a52a5bcfb5bbd1a4ac464669ac4	SID531469	9000	9250	5351	19.732	19.732	3649	14050
occ_7a6b9a52a5bcfb5bbd1a4ac464669ac4	SID531469	9250	9500	5601	16.136	16.136	3649	14050
occ_7a6b9a52a5bcfb5bbd1a4ac464669ac4	SID531469	9500	9750	5851	18.692	18.692	3649	14050
occ_7a6b9a52a5bcfb5bbd1a4ac464669ac4	SID531469	9750	10000	6101	16.124	16.124	3649	14050
occ_7a6b9a52a5bcfb5bbd1a4ac464669ac4	SID531469	10000	10250	6351	10.832	10.832	3649	14050
occ_7a6b9a52a5bcfb5bbd1a4ac464669ac4	SID531469	10250	10500	6601	13.136	13.136	3649	14050
occ_7a6b9a52a5bcfb5bbd1a4ac464669ac4	SID531469	10500	10750	6851	13.876	13.876	3649	14050
occ_7a6b9a52a5bcfb5bbd1a4ac464669ac4	SID531469	10750	11000	7101	14.352	14.352	3649	14050
occ_7a6b9a52a5bcfb5bbd1a4ac464669ac4	SID531469	11000	11250	7351	15.704	15.704	3649	14050
occ_7a6b9a52a5bcfb5bbd1a4ac464669ac4	SID531469	11250	11500	7601	13.616	13.616	3649	14050
occ_7a6b9a52a5bcfb5bbd1a4ac464669ac4	SID531469	11500	11750	7851	21.328	21.328	3649	14050
occ_7a6b9a52a5bcfb5bbd1a4ac464669ac4	SID531469	11750	12000	8101	15.12	15.12	3649	14050
occ_7a6b9a52a5bcfb5bbd1a4ac464669ac4	SID531469	12000	12250	8351	15.04	15.04	3649	14050
occ_7a6b9a52a5bcfb5bbd1a4ac464669ac4	SID531469	12250	12500	8601	21.04	21.04	3649	14050
occ_7a6b9a52a5bcfb5bbd1a4ac464669ac4	SID531469	12500	12750	8851	21.108	21.108	3649	14050
occ_7a6b9a52a5bcfb5bbd1a4ac464669ac4	SID531469	12750	13000	9101	25.456	25.456	3649	14050
occ_7a6b9a52a5bcfb5bbd1a4ac464669ac4	SID531469	13000	13250	9351	23.844	23.644	3649	14050
occ_7a6b9a52a5bcfb5bbd1a4ac464669ac4	SID531469	13250	13500	9601	20.084	20.084	3649	14050
occ_7a6b9a52a5bcfb5bbd1a4ac464669ac4	SID531469	13500	13750	9851	15.62	14.712	3649	14050
occ_7a6b9a52a5bcfb5bbd1a4ac464669ac4	SID531469	13750	14000	10101	16.953333333333333	16.546666666666667	3649	14050
occ_7a6b9a52a5bcfb5bbd1a4ac464669ac4	SID531469	14000	14050	10351	NA	NA	3649	14050
occ_8024445099bbad309063fc54f8e4ab26	SID531469	3947	4197	-5000	18.916	18.916	8947	20836
occ_8024445099bbad309063fc54f8e4ab26	SID531469	4197	4447	-4750	11.564	11.564	8947	20836
occ_8024445099bbad309063fc54f8e4ab26	SID531469	4447	4697	-4500	13.64	13.64	8947	20836
occ_8024445099bbad309063fc54f8e4ab26	SID531469	4697	4947	-4250	11.964	11.964	8947	20836
occ_8024445099bbad309063fc54f8e4ab26	SID531469	4947	5197	-4000	17.924	17.924	8947	20836
occ_8024445099bbad309063fc54f8e4ab26	SID531469	5197	5447	-3750	17.82	17.82	8947	20836
occ_8024445099bbad309063fc54f8e4ab26	SID531469	5447	5697	-3500	18.316	18.316	8947	20836
occ_8024445099bbad309063fc54f8e4ab26	SID531469	5697	5947	-3250	15.056	15.056	8947	20836
occ_8024445099bbad309063fc54f8e4ab26	SID531469	5947	6197	-3000	16.008	16.008	8947	20836
occ_8024445099bbad309063fc54f8e4ab26	SID531469	6197	6447	-2750	18.728	18.728	8947	20836
occ_8024445099bbad309063fc54f8e4ab26	SID531469	6447	6697	-2500	13.888	13.888	8947	20836
occ_8024445099bbad309063fc54f8e4ab26	SID531469	6697	6947	-2250	9.464	9.464	8947	20836
occ_8024445099bbad309063fc54f8e4ab26	SID531469	6947	7197	-2000	14.52	14.52	8947	20836
occ_8024445099bbad309063fc54f8e4ab26	SID531469	7197	7447	-1750	16.004	16.004	8947	20836
occ_8024445099bbad309063fc54f8e4ab26	SID531469	7447	7697	-1500	14.336	14.336	8947	20836
occ_8024445099bbad309063fc54f8e4ab26	SID531469	7697	7947	-1250	13.804	13.804	8947	20836
occ_8024445099bbad309063fc54f8e4ab26	SID531469	7947	8197	-1000	14.452	14.452	8947	20836
occ_8024445099bbad309063fc54f8e4ab26	SID531469	8197	8447	-750	14.08	14.08	8947	20836
occ_8024445099bbad309063fc54f8e4ab26	SID531469	8447	8697	-500	14.364	14.364	8947	20836
occ_8024445099bbad309063fc54f8e4ab26	SID531469	8697	8947	-250	17.7	17.7	8947	20836
occ_8024445099bbad309063fc54f8e4ab26	SID531469	8947	9197	0	13.664	13.664	8947	20836
occ_8024445099bbad309063fc54f8e4ab26	SID531469	9197	9447	250	13.368	13.368	8947	20836
occ_8024445099bbad309063fc54f8e4ab26	SID531469	9447	9697	500	15.956	15.956	8947	20836
occ_8024445099bbad309063fc54f8e4ab26	SID531469	9697	9947	750	16.076	16.076	8947	20836
occ_8024445099bbad309063fc54f8e4ab26	SID531469	9947	10197	1000	14.252	14.252	8947	20836
occ_8024445099bbad309063fc54f8e4ab26	SID531469	10197	10447	1250	9.744	9.744	8947	20836
occ_8024445099bbad309063fc54f8e4ab26	SID531469	10447	10697	1500	16.168	16.168	8947	20836
occ_8024445099bbad309063fc54f8e4ab26	SID531469	10697	10947	1750	13.7	13.7	8947	20836
occ_8024445099bbad309063fc54f8e4ab26	SID531469	10947	11197	2000	8.348	8.348	8947	20836
occ_8024445099bbad309063fc54f8e4ab26	SID531469	11197	11447	2250	6.344	6.344	8947	20836
occ_8024445099bbad309063fc54f8e4ab26	SID531469	11447	11697	2500	9.888	9.888	8947	20836
occ_8024445099bbad309063fc54f8e4ab26	SID531469	11697	11947	2750	17.276	17.276	8947	20836
occ_8024445099bbad309063fc54f8e4ab26	SID531469	11947	12197	3000	11.924	11.924	8947	20836
occ_8024445099bbad309063fc54f8e4ab26	SID531469	12197	12447	3250	9.62	9.62	8947	20836
occ_8024445099bbad309063fc54f8e4ab26	SID531469	12447	12697	3500	7.252	7.252	8947	20836
occ_8024445099bbad309063fc54f8e4ab26	SID531469	12697	12947	3750	13.592	13.592	8947	20836
occ_8024445099bbad309063fc54f8e4ab26	SID531469	12947	13197	4000	8.896	8.896	8947	20836
occ_8024445099bbad309063fc54f8e4ab26	SID531469	13197	13447	4250	10.58	10.58	8947	20836
occ_8024445099bbad309063fc54f8e4ab26	SID531469	13447	13697	4500	16.0	15.996	8947	20836
occ_8024445099bbad309063fc54f8e4ab26	SID531469	13697	13947	4750	13.332	13.332	8947	20836
occ_8024445099bbad309063fc54f8e4ab26	SID531469	13947	14197	5000	16.444	16.444	8947	20836
occ_8024445099bbad309063fc54f8e4ab26	SID531469	14197	14447	5250	15.524	15.524	8947	20836
occ_8024445099bbad309063fc54f8e4ab26	SID531469	14447	14697	5500	15.516	15.516	8947	20836
occ_8024445099bbad309063fc54f8e4ab26	SID531469	14697	14947	5750	13.5	13.148	8947	20836
occ_8024445099bbad309063fc54f8e4ab26	SID531469	14947	15197	6000	14.336	14.336	8947	20836
occ_8024445099bbad309063fc54f8e4ab26	SID531469	15197	15447	6250	13.316	13.316	8947	20836
occ_8024445099bbad309063fc54f8e4ab26	SID531469	15447	15697	6500	9.596	9.596	8947	20836
occ_8024445099bbad309063fc54f8e4ab26	SID531469	15697	15947	6750	11.768	11.768	8947	20836
occ_8024445099bbad309063fc54f8e4ab26	SID531469	15947	16197	7000	10.232	10.232	8947	20836
occ_8024445099bbad309063fc54f8e4ab26	SID531469	16197	16447	7250	13.096	13.096	8947	20836
occ_8024445099bbad309063fc54f8e4ab26	SID531469	16447	16697	7500	12.812	12.812	8947	20836
occ_8024445099bbad309063fc54f8e4ab26	SID531469	16697	16947	7750	18.984	18.984	8947	20836
occ_8024445099bbad309063fc54f8e4ab26	SID531469	16947	17197	8000	10.572	10.572	8947	20836
occ_8024445099bbad309063fc54f8e4ab26	SID531469	17197	17447	8250	12.368	12.368	8947	20836
occ_8024445099bbad309063fc54f8e4ab26	SID531469	17447	17697	8500	14.568	14.568	8947	20836
occ_8024445099bbad309063fc54f8e4ab26	SID531469	17697	17947	8750	17.008	17.008	8947	20836
occ_8024445099bbad309063fc54f8e4ab26	SID531469	17947	18197	9000	17.24	17.24	8947	20836
occ_8024445099bbad309063fc54f8e4ab26	SID531469	18197	18447	9250	12.884	12.884	8947	20836
occ_8024445099bbad309063fc54f8e4ab26	SID531469	18447	18697	9500	10.02	10.02	8947	20836
occ_8024445099bbad309063fc54f8e4ab26	SID531469	18697	18947	9750	14.848	14.848	8947	20836
occ_8024445099bbad309063fc54f8e4ab26	SID531469	18947	19197	10000	14.664	14.664	8947	20836
occ_8024445099bbad309063fc54f8e4ab26	SID531469	19197	19447	10250	12.128	12.128	8947	20836
occ_8024445099bbad309063fc54f8e4ab26	SID531469	19447	19697	10500	10.464	10.464	8947	20836
occ_8024445099bbad309063fc54f8e4ab26	SID531469	19697	19947	10750	11.876	11.876	8947	20836
occ_8024445099bbad309063fc54f8e4ab26	SID531469	19947	20197	11000	9.14	9.14	8947	20836
occ_8024445099bbad309063fc54f8e4ab26	SID531469	20197	20447	11250	10.392	10.392	8947	20836
occ_8024445099bbad309063fc54f8e4ab26	SID531469	20447	20697	11500	12.38	12.38	8947	20836
occ_8024445099bbad309063fc54f8e4ab26	SID531469	20697	20947	11750	13.108	13.108	8947	20836
occ_8024445099bbad309063fc54f8e4ab26	SID531469	20947	21197	12000	12.864	12.864	8947	20836
occ_8024445099bbad309063fc54f8e4ab26	SID531469	21197	21447	12250	13.516	13.516	8947	20836
occ_8024445099bbad309063fc54f8e4ab26	SID531469	21447	21697	12500	11.084	11.084	8947	20836
occ_8024445099bbad309063fc54f8e4ab26	SID531469	21697	21947	12750	6.552	6.552	8947	20836
occ_8024445099bbad309063fc54f8e4ab26	SID531469	21947	22197	13000	10.408	10.408	8947	20836
occ_8024445099bbad309063fc54f8e4ab26	SID531469	22197	22447	13250	14.712	14.712	8947	20836
occ_8024445099bbad309063fc54f8e4ab26	SID531469	22447	22697	13500	10.956	10.956	8947	20836
occ_8024445099bbad309063fc54f8e4ab26	SID531469	22697	22947	13750	11.732	11.732	8947	20836
occ_8024445099bbad309063fc54f8e4ab26	SID531469	22947	23197	14000	12.724	12.472	8947	20836
occ_8024445099bbad309063fc54f8e4ab26	SID531469	23197	23447	14250	12.232	12.232	8947	20836
occ_8024445099bbad309063fc54f8e4ab26	SID531469	23447	23697	14500	15.728	15.728	8947	20836
occ_8024445099bbad309063fc54f8e4ab26	SID531469	23697	23947	14750	12.096	12.096	8947	20836
occ_8024445099bbad309063fc54f8e4ab26	SID531469	23947	24197	15000	16.216	16.216	8947	20836
occ_8024445099bbad309063fc54f8e4ab26	SID531469	24197	24447	15250	15.356	15.356	8947	20836
occ_8024445099bbad309063fc54f8e4ab26	SID531469	24447	24697	15500	15.356	15.356	8947	20836
occ_8024445099bbad309063fc54f8e4ab26	SID531469	24697	24947	15750	11.588	11.588	8947	20836
occ_8024445099bbad309063fc54f8e4ab26	SID531469	24947	25197	16000	8.36	8.36	8947	20836
occ_8024445099bbad309063fc54f8e4ab26	SID531469	25197	25447	16250	10.632	10.632	8947	20836
occ_8024445099bbad309063fc54f8e4ab26	SID531469	25447	25697	16500	11.66	11.66	8947	20836
occ_8024445099bbad309063fc54f8e4ab26	SID531469	25697	25836	16750	12.53956834532374	12.53956834532374	8947	20836
occ_808e56619b739801346ebab01be94d8a	SID531469	748	998	-5000	7.2	7.2	5748	16531
occ_808e56619b739801346ebab01be94d8a	SID531469	998	1248	-4750	5.936	5.936	5748	16531
occ_808e56619b739801346ebab01be94d8a	SID531469	1248	1498	-4500	10.06	10.06	5748	16531
occ_808e56619b739801346ebab01be94d8a	SID531469	1498	1748	-4250	10.68	10.68	5748	16531
occ_808e56619b739801346ebab01be94d8a	SID531469	1748	1998	-4000	10.96	10.96	5748	16531
occ_808e56619b739801346ebab01be94d8a	SID531469	1998	2248	-3750	10.164	10.164	5748	16531
occ_808e56619b739801346ebab01be94d8a	SID531469	2248	2498	-3500	12.088	12.088	5748	16531
occ_808e56619b739801346ebab01be94d8a	SID531469	2498	2748	-3250	10.624	10.624	5748	16531
occ_808e56619b739801346ebab01be94d8a	SID531469	2748	2998	-3000	5.752	5.752	5748	16531
occ_808e56619b739801346ebab01be94d8a	SID531469	2998	3248	-2750	2.936	2.936	5748	16531
occ_808e56619b739801346ebab01be94d8a	SID531469	3248	3498	-2500	5.364	5.364	5748	16531
occ_808e56619b739801346ebab01be94d8a	SID531469	3498	3748	-2250	5.992	5.992	5748	16531
occ_808e56619b739801346ebab01be94d8a	SID531469	3748	3998	-2000	4.836	4.836	5748	16531
occ_808e56619b739801346ebab01be94d8a	SID531469	3998	4248	-1750	7.452	7.452	5748	16531
occ_808e56619b739801346ebab01be94d8a	SID531469	4248	4498	-1500	6.664	6.664	5748	16531
occ_808e56619b739801346ebab01be94d8a	SID531469	4498	4748	-1250	6.292	6.292	5748	16531
occ_808e56619b739801346ebab01be94d8a	SID531469	4748	4998	-1000	6.9	6.9	5748	16531
occ_808e56619b739801346ebab01be94d8a	SID531469	4998	5248	-750	7.948	7.948	5748	16531
occ_808e56619b739801346ebab01be94d8a	SID531469	5248	5498	-500	5.72	5.72	5748	16531
occ_808e56619b739801346ebab01be94d8a	SID531469	5498	5748	-250	4.936	4.936	5748	16531
occ_808e56619b739801346ebab01be94d8a	SID531469	5748	5998	0	5.128	5.128	5748	16531
occ_808e56619b739801346ebab01be94d8a	SID531469	5998	6248	250	5.872	5.872	5748	16531
occ_808e56619b739801346ebab01be94d8a	SID531469	6248	6498	500	5.944	5.944	5748	16531
occ_808e56619b739801346ebab01be94d8a	SID531469	6498	6748	750	10.44	10.44	5748	16531
occ_808e56619b739801346ebab01be94d8a	SID531469	6748	6998	1000	10.9	10.9	5748	16531
occ_808e56619b739801346ebab01be94d8a	SID531469	6998	7248	1250	6.148	6.148	5748	16531
occ_808e56619b739801346ebab01be94d8a	SID531469	7248	7498	1500	7.712	7.712	5748	16531
occ_808e56619b739801346ebab01be94d8a	SID531469	7498	7748	1750	7.448	7.448	5748	16531
occ_808e56619b739801346ebab01be94d8a	SID531469	7748	7998	2000	8.168	8.168	5748	16531
occ_808e56619b739801346ebab01be94d8a	SID531469	7998	8248	2250	7.464	7.464	5748	16531
occ_808e56619b739801346ebab01be94d8a	SID531469	8248	8498	2500	11.136	11.136	5748	16531
occ_808e56619b739801346ebab01be94d8a	SID531469	8498	8748	2750	6.312	6.312	5748	16531
occ_808e56619b739801346ebab01be94d8a	SID531469	8748	8998	3000	5.356	5.356	5748	16531
occ_808e56619b739801346ebab01be94d8a	SID531469	8998	9248	3250	7.108	7.108	5748	16531
occ_808e56619b739801346ebab01be94d8a	SID531469	9248	9498	3500	6.54	6.54	5748	16531
occ_808e56619b739801346ebab01be94d8a	SID531469	9498	9748	3750	3.984	3.984	5748	16531
occ_808e56619b739801346ebab01be94d8a	SID531469	9748	9998	4000	5.992	5.992	5748	16531
occ_808e56619b739801346ebab01be94d8a	SID531469	9998	10248	4250	8.18	8.18	5748	16531
occ_808e56619b739801346ebab01be94d8a	SID531469	10248	10498	4500	5.688	5.688	5748	16531
occ_808e56619b739801346ebab01be94d8a	SID531469	10498	10748	4750	6.008	6.008	5748	16531
occ_808e56619b739801346ebab01be94d8a	SID531469	10748	10998	5000	8.28	8.28	5748	16531
occ_808e56619b739801346ebab01be94d8a	SID531469	10998	11248	5250	7.588	7.588	5748	16531
occ_808e56619b739801346ebab01be94d8a	SID531469	11248	11498	5500	6.552	6.552	5748	16531
occ_808e56619b739801346ebab01be94d8a	SID531469	11498	11748	5750	4.128	4.128	5748	16531
occ_808e56619b739801346ebab01be94d8a	SID531469	11748	11998	6000	8.224	8.224	5748	16531
occ_808e56619b739801346ebab01be94d8a	SID531469	11998	12248	6250	8.416	8.416	5748	16531
occ_808e56619b739801346ebab01be94d8a	SID531469	12248	12498	6500	4.536	4.536	5748	16531
occ_808e56619b739801346ebab01be94d8a	SID531469	12498	12748	6750	7.34	7.34	5748	16531
occ_808e56619b739801346ebab01be94d8a	SID531469	12748	12998	7000	7.2	7.2	5748	16531
occ_808e56619b739801346ebab01be94d8a	SID531469	12998	13248	7250	6.032	6.032	5748	16531
occ_808e56619b739801346ebab01be94d8a	SID531469	13248	13498	7500	6.588	6.588	5748	16531
occ_808e56619b739801346ebab01be94d8a	SID531469	13498	13748	7750	8.84	8.84	5748	16531
occ_808e56619b739801346ebab01be94d8a	SID531469	13748	13998	8000	4.948	4.948	5748	16531
occ_808e56619b739801346ebab01be94d8a	SID531469	13998	14248	8250	5.276	5.276	5748	16531
occ_808e56619b739801346ebab01be94d8a	SID531469	14248	14498	8500	6.444	6.444	5748	16531
occ_808e56619b739801346ebab01be94d8a	SID531469	14498	14748	8750	5.972	5.972	5748	16531
occ_808e56619b739801346ebab01be94d8a	SID531469	14748	14998	9000	10.18	10.18	5748	16531
occ_808e56619b739801346ebab01be94d8a	SID531469	14998	15248	9250	8.512	8.512	5748	16531
occ_808e56619b739801346ebab01be94d8a	SID531469	15248	15498	9500	5.184	5.184	5748	16531
occ_808e56619b739801346ebab01be94d8a	SID531469	15498	15748	9750	4.56	4.56	5748	16531
occ_808e56619b739801346ebab01be94d8a	SID531469	15748	15998	10000	4.816	4.816	5748	16531
occ_808e56619b739801346ebab01be94d8a	SID531469	15998	16248	10250	7.488	7.488	5748	16531
occ_808e56619b739801346ebab01be94d8a	SID531469	16248	16498	10500	7.413533834586466	7.413533834586466	5748	16531
occ_808e56619b739801346ebab01be94d8a	SID531469	16498	16531	10750	NA	NA	5748	16531
occ_877b2623aefc15518b2fe232b312fd43	SID531469	5273	5523	-5000	71.488	70.72	10273	22250
occ_877b2623aefc15518b2fe232b312fd43	SID531469	5523	5773	-4750	71.88	71.88	10273	22250
occ_877b2623aefc15518b2fe232b312fd43	SID531469	5773	6023	-4500	66.368	65.596	10273	22250
occ_877b2623aefc15518b2fe232b312fd43	SID531469	6023	6273	-4250	64.78	64.672	10273	22250
occ_877b2623aefc15518b2fe232b312fd43	SID531469	6273	6523	-4000	56.352	52.612	10273	22250
occ_877b2623aefc15518b2fe232b312fd43	SID531469	6523	6773	-3750	67.996	65.708	10273	22250
occ_877b2623aefc15518b2fe232b312fd43	SID531469	6773	7023	-3500	69.184	69.184	10273	22250
occ_877b2623aefc15518b2fe232b312fd43	SID531469	7023	7273	-3250	55.184	55.184	10273	22250
occ_877b2623aefc15518b2fe232b312fd43	SID531469	7273	7523	-3000	67.816	67.816	10273	22250
occ_877b2623aefc15518b2fe232b312fd43	SID531469	7523	7773	-2750	50.932	50.932	10273	22250
occ_877b2623aefc15518b2fe232b312fd43	SID531469	7773	8023	-2500	62.716	62.716	10273	22250
occ_877b2623aefc15518b2fe232b312fd43	SID531469	8023	8273	-2250	83.936	83.936	10273	22250
occ_877b2623aefc15518b2fe232b312fd43	SID531469	8273	8523	-2000	74.24	74.24	10273	22250
occ_877b2623aefc15518b2fe232b312fd43	SID531469	8523	8773	-1750	66.392	66.008	10273	22250
occ_877b2623aefc15518b2fe232b312fd43	SID531469	8773	9023	-1500	66.424	66.424	10273	22250
occ_877b2623aefc15518b2fe232b312fd43	SID531469	9023	9273	-1250	60.3	60.3	10273	22250
occ_877b2623aefc15518b2fe232b312fd43	SID531469	9273	9523	-1000	69.336	69.336	10273	22250
occ_877b2623aefc15518b2fe232b312fd43	SID531469	9523	9773	-750	76.648	76.648	10273	22250
occ_877b2623aefc15518b2fe232b312fd43	SID531469	9773	10023	-500	78.796	78.796	10273	22250
occ_877b2623aefc15518b2fe232b312fd43	SID531469	10023	10273	-250	68.472	68.472	10273	22250
occ_877b2623aefc15518b2fe232b312fd43	SID531469	10273	10523	0	66.296	66.296	10273	22250
occ_877b2623aefc15518b2fe232b312fd43	SID531469	10523	10773	250	58.908	58.908	10273	22250
occ_877b2623aefc15518b2fe232b312fd43	SID531469	10773	11023	500	64.564	64.564	10273	22250
occ_877b2623aefc15518b2fe232b312fd43	SID531469	11023	11273	750	84.108	84.108	10273	22250
occ_877b2623aefc15518b2fe232b312fd43	SID531469	11273	11523	1000	83.608	83.608	10273	22250
occ_877b2623aefc15518b2fe232b312fd43	SID531469	11523	11773	1250	78.8	78.8	10273	22250
occ_877b2623aefc15518b2fe232b312fd43	SID531469	11773	12023	1500	76.428	76.428	10273	22250
occ_877b2623aefc15518b2fe232b312fd43	SID531469	12023	12273	1750	70.144	70.144	10273	22250
occ_877b2623aefc15518b2fe232b312fd43	SID531469	12273	12523	2000	75.168	75.168	10273	22250
occ_877b2623aefc15518b2fe232b312fd43	SID531469	12523	12773	2250	73.596	73.596	10273	22250
occ_877b2623aefc15518b2fe232b312fd43	SID531469	12773	13023	2500	67.4	67.4	10273	22250
occ_877b2623aefc15518b2fe232b312fd43	SID531469	13023	13273	2750	69.0	69.0	10273	22250
occ_877b2623aefc15518b2fe232b312fd43	SID531469	13273	13523	3000	67.1	67.1	10273	22250
occ_877b2623aefc15518b2fe232b312fd43	SID531469	13523	13773	3250	59.204	59.204	10273	22250
occ_877b2623aefc15518b2fe232b312fd43	SID531469	13773	14023	3500	29.24	29.24	10273	22250
occ_877b2623aefc15518b2fe232b312fd43	SID531469	14023	14273	3750	32.512	32.512	10273	22250
occ_877b2623aefc15518b2fe232b312fd43	SID531469	14273	14523	4000	33.944	33.944	10273	22250
occ_877b2623aefc15518b2fe232b312fd43	SID531469	14523	14773	4250	27.716	27.716	10273	22250
occ_877b2623aefc15518b2fe232b312fd43	SID531469	14773	15023	4500	32.732	32.732	10273	22250
occ_877b2623aefc15518b2fe232b312fd43	SID531469	15023	15273	4750	29.732	29.732	10273	22250
occ_877b2623aefc15518b2fe232b312fd43	SID531469	15273	15523	5000	25.784	25.784	10273	22250
occ_877b2623aefc15518b2fe232b312fd43	SID531469	15523	15773	5250	25.756	25.756	10273	22250
occ_877b2623aefc15518b2fe232b312fd43	SID531469	15773	16023	5500	31.248	31.248	10273	22250
occ_877b2623aefc15518b2fe232b312fd43	SID531469	16023	16273	5750	31.752	31.752	10273	22250
occ_877b2623aefc15518b2fe232b312fd43	SID531469	16273	16523	6000	28.852	28.852	10273	22250
occ_877b2623aefc15518b2fe232b312fd43	SID531469	16523	16773	6250	33.772	33.772	10273	22250
occ_877b2623aefc15518b2fe232b312fd43	SID531469	16773	17023	6500	32.492	32.492	10273	22250
occ_877b2623aefc15518b2fe232b312fd43	SID531469	17023	17273	6750	28.884	28.884	10273	22250
occ_877b2623aefc15518b2fe232b312fd43	SID531469	17273	17523	7000	29.952	29.952	10273	22250
occ_877b2623aefc15518b2fe232b312fd43	SID531469	17523	17773	7250	34.936	34.936	10273	22250
occ_877b2623aefc15518b2fe232b312fd43	SID531469	17773	18023	7500	31.436	31.436	10273	22250
occ_877b2623aefc15518b2fe232b312fd43	SID531469	18023	18273	7750	32.24	32.24	10273	22250
occ_877b2623aefc15518b2fe232b312fd43	SID531469	18273	18523	8000	35.516	35.516	10273	22250
occ_877b2623aefc15518b2fe232b312fd43	SID531469	18523	18773	8250	36.804	36.804	10273	22250
occ_877b2623aefc15518b2fe232b312fd43	SID531469	18773	19023	8500	33.1	33.1	10273	22250
occ_877b2623aefc15518b2fe232b312fd43	SID531469	19023	19273	8750	28.668	28.668	10273	22250
occ_877b2623aefc15518b2fe232b312fd43	SID531469	19273	19523	9000	36.972	36.972	10273	22250
occ_877b2623aefc15518b2fe232b312fd43	SID531469	19523	19773	9250	39.732	39.732	10273	22250
occ_877b2623aefc15518b2fe232b312fd43	SID531469	19773	20023	9500	30.996	30.996	10273	22250
occ_877b2623aefc15518b2fe232b312fd43	SID531469	20023	20273	9750	29.116	29.116	10273	22250
occ_877b2623aefc15518b2fe232b312fd43	SID531469	20273	20523	10000	30.96	30.96	10273	22250
occ_877b2623aefc15518b2fe232b312fd43	SID531469	20523	20773	10250	31.284	31.284	10273	22250
occ_877b2623aefc15518b2fe232b312fd43	SID531469	20773	21023	10500	32.308	32.308	10273	22250
occ_877b2623aefc15518b2fe232b312fd43	SID531469	21023	21273	10750	26.324	26.324	10273	22250
occ_877b2623aefc15518b2fe232b312fd43	SID531469	21273	21523	11000	31.248	31.248	10273	22250
occ_877b2623aefc15518b2fe232b312fd43	SID531469	21523	21773	11250	39.572	39.572	10273	22250
occ_877b2623aefc15518b2fe232b312fd43	SID531469	21773	22023	11500	41.456	41.456	10273	22250
occ_877b2623aefc15518b2fe232b312fd43	SID531469	22023	22273	11750	38.62	38.62	10273	22250
occ_877b2623aefc15518b2fe232b312fd43	SID531469	22273	22523	12000	34.94	34.94	10273	22250
occ_877b2623aefc15518b2fe232b312fd43	SID531469	22523	22773	12250	29.004	29.004	10273	22250
occ_877b2623aefc15518b2fe232b312fd43	SID531469	22773	23023	12500	25.272	25.272	10273	22250
occ_877b2623aefc15518b2fe232b312fd43	SID531469	23023	23273	12750	31.756	31.756	10273	22250
occ_877b2623aefc15518b2fe232b312fd43	SID531469	23273	23523	13000	30.268	30.268	10273	22250
occ_877b2623aefc15518b2fe232b312fd43	SID531469	23523	23773	13250	29.828	29.824	10273	22250
occ_877b2623aefc15518b2fe232b312fd43	SID531469	23773	24023	13500	32.8	32.8	10273	22250
occ_877b2623aefc15518b2fe232b312fd43	SID531469	24023	24273	13750	70.288	69.004	10273	22250
occ_877b2623aefc15518b2fe232b312fd43	SID531469	24273	24523	14000	92.16	91.14	10273	22250
occ_877b2623aefc15518b2fe232b312fd43	SID531469	24523	24773	14250	102.192	101.788	10273	22250
occ_877b2623aefc15518b2fe232b312fd43	SID531469	24773	25023	14500	90.98	90.656	10273	22250
occ_877b2623aefc15518b2fe232b312fd43	SID531469	25023	25273	14750	70.12	70.12	10273	22250
occ_877b2623aefc15518b2fe232b312fd43	SID531469	25273	25523	15000	70.204	70.2	10273	22250
occ_877b2623aefc15518b2fe232b312fd43	SID531469	25523	25773	15250	70.348	70.344	10273	22250
occ_877b2623aefc15518b2fe232b312fd43	SID531469	25773	26023	15500	62.564	62.564	10273	22250
occ_877b2623aefc15518b2fe232b312fd43	SID531469	26023	26273	15750	61.06	61.056	10273	22250
occ_877b2623aefc15518b2fe232b312fd43	SID531469	26273	26523	16000	69.2	69.196	10273	22250
occ_877b2623aefc15518b2fe232b312fd43	SID531469	26523	26773	16250	73.856	73.856	10273	22250
occ_877b2623aefc15518b2fe232b312fd43	SID531469	26773	27023	16500	62.432	62.432	10273	22250
occ_877b2623aefc15518b2fe232b312fd43	SID531469	27023	27250	16750	82.10572687224669	82.10572687224669	10273	22250
occ_87c8b4105745735647e5c716cd64b246	SID531469	0	250	-222	18.46	17.64	222	22641
occ_87c8b4105745735647e5c716cd64b246	SID531469	250	500	28	16.212	16.092	222	22641
occ_87c8b4105745735647e5c716cd64b246	SID531469	500	750	278	12.712	12.712	222	22641
occ_87c8b4105745735647e5c716cd64b246	SID531469	750	1000	528	15.284	15.284	222	22641
occ_87c8b4105745735647e5c716cd64b246	SID531469	1000	1250	778	16.98	16.98	222	22641
occ_87c8b4105745735647e5c716cd64b246	SID531469	1250	1500	1028	22.1	22.1	222	22641
occ_87c8b4105745735647e5c716cd64b246	SID531469	1500	1750	1278	14.516	14.516	222	22641
occ_87c8b4105745735647e5c716cd64b246	SID531469	1750	2000	1528	12.508	12.508	222	22641
occ_87c8b4105745735647e5c716cd64b246	SID531469	2000	2250	1778	14.696	14.696	222	22641
occ_87c8b4105745735647e5c716cd64b246	SID531469	2250	2500	2028	12.952	12.952	222	22641
occ_87c8b4105745735647e5c716cd64b246	SID531469	2500	2750	2278	13.24	13.24	222	22641
occ_87c8b4105745735647e5c716cd64b246	SID531469	2750	3000	2528	15.976	15.976	222	22641
occ_87c8b4105745735647e5c716cd64b246	SID531469	3000	3250	2778	16.82	16.82	222	22641
occ_87c8b4105745735647e5c716cd64b246	SID531469	3250	3500	3028	20.124	20.124	222	22641
occ_87c8b4105745735647e5c716cd64b246	SID531469	3500	3750	3278	19.232	19.232	222	22641
occ_87c8b4105745735647e5c716cd64b246	SID531469	3750	4000	3528	17.252	17.252	222	22641
occ_87c8b4105745735647e5c716cd64b246	SID531469	4000	4250	3778	18.868	18.868	222	22641
occ_87c8b4105745735647e5c716cd64b246	SID531469	4250	4500	4028	16.48	16.48	222	22641
occ_87c8b4105745735647e5c716cd64b246	SID531469	4500	4750	4278	18.204	18.204	222	22641
occ_87c8b4105745735647e5c716cd64b246	SID531469	4750	5000	4528	16.28	16.28	222	22641
occ_87c8b4105745735647e5c716cd64b246	SID531469	5000	5250	4778	18.52	18.52	222	22641
occ_87c8b4105745735647e5c716cd64b246	SID531469	5250	5500	5028	18.976	18.848	222	22641
occ_87c8b4105745735647e5c716cd64b246	SID531469	5500	5750	5278	15.58	14.94	222	22641
occ_87c8b4105745735647e5c716cd64b246	SID531469	5750	6000	5528	15.336	15.336	222	22641
occ_87c8b4105745735647e5c716cd64b246	SID531469	6000	6250	5778	25.912	25.912	222	22641
occ_87c8b4105745735647e5c716cd64b246	SID531469	6250	6500	6028	21.272	21.272	222	22641
occ_87c8b4105745735647e5c716cd64b246	SID531469	6500	6750	6278	18.884	18.884	222	22641
occ_87c8b4105745735647e5c716cd64b246	SID531469	6750	7000	6528	19.172	19.168	222	22641
occ_87c8b4105745735647e5c716cd64b246	SID531469	7000	7250	6778	18.288	18.288	222	22641
occ_87c8b4105745735647e5c716cd64b246	SID531469	7250	7500	7028	20.144	20.144	222	22641
occ_87c8b4105745735647e5c716cd64b246	SID531469	7500	7750	7278	18.892	18.892	222	22641
occ_87c8b4105745735647e5c716cd64b246	SID531469	7750	8000	7528	19.484	19.484	222	22641
occ_87c8b4105745735647e5c716cd64b246	SID531469	8000	8250	7778	21.012	21.012	222	22641
occ_87c8b4105745735647e5c716cd64b246	SID531469	8250	8500	8028	14.304	14.304	222	22641
occ_87c8b4105745735647e5c716cd64b246	SID531469	8500	8750	8278	18.34	18.34	222	22641
occ_87c8b4105745735647e5c716cd64b246	SID531469	8750	9000	8528	15.428	15.424	222	22641
occ_87c8b4105745735647e5c716cd64b246	SID531469	9000	9250	8778	15.424	15.424	222	22641
occ_87c8b4105745735647e5c716cd64b246	SID531469	9250	9500	9028	16.428	16.428	222	22641
occ_87c8b4105745735647e5c716cd64b246	SID531469	9500	9750	9278	16.172	16.172	222	22641
occ_87c8b4105745735647e5c716cd64b246	SID531469	9750	10000	9528	13.82	13.82	222	22641
occ_87c8b4105745735647e5c716cd64b246	SID531469	10000	10250	9778	15.648	15.648	222	22641
occ_87c8b4105745735647e5c716cd64b246	SID531469	10250	10500	10028	21.336	21.336	222	22641
occ_87c8b4105745735647e5c716cd64b246	SID531469	10500	10750	10278	20.872	20.872	222	22641
occ_87c8b4105745735647e5c716cd64b246	SID531469	10750	11000	10528	20.876	20.876	222	22641
occ_87c8b4105745735647e5c716cd64b246	SID531469	11000	11250	10778	15.808	15.56	222	22641
occ_87c8b4105745735647e5c716cd64b246	SID531469	11250	11500	11028	18.032	18.032	222	22641
occ_87c8b4105745735647e5c716cd64b246	SID531469	11500	11750	11278	12.364	12.14	222	22641
occ_87c8b4105745735647e5c716cd64b246	SID531469	11750	12000	11528	13.404	13.404	222	22641
occ_87c8b4105745735647e5c716cd64b246	SID531469	12000	12250	11778	14.66	14.66	222	22641
occ_87c8b4105745735647e5c716cd64b246	SID531469	12250	12500	12028	17.512	17.512	222	22641
occ_87c8b4105745735647e5c716cd64b246	SID531469	12500	12750	12278	16.104	16.104	222	22641
occ_87c8b4105745735647e5c716cd64b246	SID531469	12750	13000	12528	18.064	18.064	222	22641
occ_87c8b4105745735647e5c716cd64b246	SID531469	13000	13250	12778	15.428	15.428	222	22641
occ_87c8b4105745735647e5c716cd64b246	SID531469	13250	13500	13028	17.08	17.08	222	22641
occ_87c8b4105745735647e5c716cd64b246	SID531469	13500	13750	13278	25.008	25.008	222	22641
occ_87c8b4105745735647e5c716cd64b246	SID531469	13750	14000	13528	16.908	16.908	222	22641
occ_87c8b4105745735647e5c716cd64b246	SID531469	14000	14250	13778	16.228	16.228	222	22641
occ_87c8b4105745735647e5c716cd64b246	SID531469	14250	14500	14028	14.244	14.244	222	22641
occ_87c8b4105745735647e5c716cd64b246	SID531469	14500	14750	14278	15.036	15.036	222	22641
occ_87c8b4105745735647e5c716cd64b246	SID531469	14750	15000	14528	21.392	21.392	222	22641
occ_87c8b4105745735647e5c716cd64b246	SID531469	15000	15250	14778	15.112	15.112	222	22641
occ_87c8b4105745735647e5c716cd64b246	SID531469	15250	15500	15028	15.028	15.028	222	22641
occ_87c8b4105745735647e5c716cd64b246	SID531469	15500	15750	15278	15.596	15.596	222	22641
occ_87c8b4105745735647e5c716cd64b246	SID531469	15750	16000	15528	10.836	10.836	222	22641
occ_87c8b4105745735647e5c716cd64b246	SID531469	16000	16250	15778	13.032	13.032	222	22641
occ_87c8b4105745735647e5c716cd64b246	SID531469	16250	16500	16028	14.636	14.636	222	22641
occ_87c8b4105745735647e5c716cd64b246	SID531469	16500	16750	16278	15.148	15.148	222	22641
occ_87c8b4105745735647e5c716cd64b246	SID531469	16750	17000	16528	15.568	15.568	222	22641
occ_87c8b4105745735647e5c716cd64b246	SID531469	17000	17250	16778	18.396	18.396	222	22641
occ_87c8b4105745735647e5c716cd64b246	SID531469	17250	17500	17028	13.376	13.376	222	22641
occ_87c8b4105745735647e5c716cd64b246	SID531469	17500	17750	17278	16.152	16.152	222	22641
occ_87c8b4105745735647e5c716cd64b246	SID531469	17750	18000	17528	13.42	13.42	222	22641
occ_87c8b4105745735647e5c716cd64b246	SID531469	18000	18250	17778	18.412	18.412	222	22641
occ_87c8b4105745735647e5c716cd64b246	SID531469	18250	18500	18028	22.3	22.3	222	22641
occ_87c8b4105745735647e5c716cd64b246	SID531469	18500	18750	18278	13.524	13.524	222	22641
occ_87c8b4105745735647e5c716cd64b246	SID531469	18750	19000	18528	17.62	17.62	222	22641
occ_87c8b4105745735647e5c716cd64b246	SID531469	19000	19250	18778	24.684	24.684	222	22641
occ_87c8b4105745735647e5c716cd64b246	SID531469	19250	19500	19028	20.472	20.472	222	22641
occ_87c8b4105745735647e5c716cd64b246	SID531469	19500	19750	19278	16.556	16.556	222	22641
occ_87c8b4105745735647e5c716cd64b246	SID531469	19750	20000	19528	16.992	16.992	222	22641
occ_87c8b4105745735647e5c716cd64b246	SID531469	20000	20250	19778	17.172	17.172	222	22641
occ_87c8b4105745735647e5c716cd64b246	SID531469	20250	20500	20028	16.496	16.496	222	22641
occ_87c8b4105745735647e5c716cd64b246	SID531469	20500	20750	20278	17.052	17.052	222	22641
occ_87c8b4105745735647e5c716cd64b246	SID531469	20750	21000	20528	18.28	18.28	222	22641
occ_87c8b4105745735647e5c716cd64b246	SID531469	21000	21250	20778	17.5	17.5	222	22641
occ_87c8b4105745735647e5c716cd64b246	SID531469	21250	21500	21028	25.872	25.872	222	22641
occ_87c8b4105745735647e5c716cd64b246	SID531469	21500	21750	21278	22.16	22.16	222	22641
occ_87c8b4105745735647e5c716cd64b246	SID531469	21750	22000	21528	15.388	15.388	222	22641
occ_87c8b4105745735647e5c716cd64b246	SID531469	22000	22250	21778	12.552	12.552	222	22641
occ_87c8b4105745735647e5c716cd64b246	SID531469	22250	22500	22028	20.344	20.344	222	22641
occ_87c8b4105745735647e5c716cd64b246	SID531469	22500	22750	22278	17.344	17.344	222	22641
occ_87c8b4105745735647e5c716cd64b246	SID531469	22750	23000	22528	19.324	19.324	222	22641
occ_87c8b4105745735647e5c716cd64b246	SID531469	23000	23250	22778	14.424	14.424	222	22641
occ_87c8b4105745735647e5c716cd64b246	SID531469	23250	23500	23028	15.288	15.288	222	22641
occ_87c8b4105745735647e5c716cd64b246	SID531469	23500	23750	23278	16.976	16.976	222	22641
occ_87c8b4105745735647e5c716cd64b246	SID531469	23750	24000	23528	19.612	19.612	222	22641
occ_87c8b4105745735647e5c716cd64b246	SID531469	24000	24250	23778	18.38	18.38	222	22641
occ_87c8b4105745735647e5c716cd64b246	SID531469	24250	24500	24028	12.02	12.02	222	22641
occ_87c8b4105745735647e5c716cd64b246	SID531469	24500	24750	24278	13.572	13.572	222	22641
occ_87c8b4105745735647e5c716cd64b246	SID531469	24750	25000	24528	21.668	21.668	222	22641
occ_87c8b4105745735647e5c716cd64b246	SID531469	25000	25250	24778	20.168	20.168	222	22641
occ_87c8b4105745735647e5c716cd64b246	SID531469	25250	25500	25028	16.996	16.996	222	22641
occ_87c8b4105745735647e5c716cd64b246	SID531469	25500	25750	25278	12.804	12.804	222	22641
occ_87c8b4105745735647e5c716cd64b246	SID531469	25750	26000	25528	12.968	12.968	222	22641
occ_87c8b4105745735647e5c716cd64b246	SID531469	26000	26250	25778	11.64	11.64	222	22641
occ_87c8b4105745735647e5c716cd64b246	SID531469	26250	26500	26028	15.484	15.484	222	22641
occ_87c8b4105745735647e5c716cd64b246	SID531469	26500	26750	26278	12.4	12.4	222	22641
occ_87c8b4105745735647e5c716cd64b246	SID531469	26750	27000	26528	16.136	16.136	222	22641
occ_87c8b4105745735647e5c716cd64b246	SID531469	27000	27250	26778	15.556	15.556	222	22641
occ_87c8b4105745735647e5c716cd64b246	SID531469	27250	27500	27028	12.524	12.524	222	22641
occ_87c8b4105745735647e5c716cd64b246	SID531469	27500	27641	27278	18.851063829787233	18.851063829787233	222	22641
occ_896d101a480cc8ea0afbd385708161db	SID531469	7269	7519	-5000	12.064	12.064	12269	70975
occ_896d101a480cc8ea0afbd385708161db	SID531469	7519	7769	-4750	12.436	12.436	12269	70975
occ_896d101a480cc8ea0afbd385708161db	SID531469	7769	8019	-4500	15.712	15.712	12269	70975
occ_896d101a480cc8ea0afbd385708161db	SID531469	8019	8269	-4250	11.712	11.712	12269	70975
occ_896d101a480cc8ea0afbd385708161db	SID531469	8269	8519	-4000	11.46	11.46	12269	70975
occ_896d101a480cc8ea0afbd385708161db	SID531469	8519	8769	-3750	15.132	15.132	12269	70975
occ_896d101a480cc8ea0afbd385708161db	SID531469	8769	9019	-3500	15.62	15.62	12269	70975
occ_896d101a480cc8ea0afbd385708161db	SID531469	9019	9269	-3250	11.828	11.828	12269	70975
occ_896d101a480cc8ea0afbd385708161db	SID531469	9269	9519	-3000	11.536	11.536	12269	70975
occ_896d101a480cc8ea0afbd385708161db	SID531469	9519	9769	-2750	11.948	11.576	12269	70975
occ_896d101a480cc8ea0afbd385708161db	SID531469	9769	10019	-2500	11.968	11.968	12269	70975
occ_896d101a480cc8ea0afbd385708161db	SID531469	10019	10269	-2250	14.4	14.4	12269	70975
occ_896d101a480cc8ea0afbd385708161db	SID531469	10269	10519	-2000	18.404	18.404	12269	70975
occ_896d101a480cc8ea0afbd385708161db	SID531469	10519	10769	-1750	11.948	11.948	12269	70975
occ_896d101a480cc8ea0afbd385708161db	SID531469	10769	11019	-1500	22.364	22.364	12269	70975
occ_896d101a480cc8ea0afbd385708161db	SID531469	11019	11269	-1250	19.5	19.5	12269	70975
occ_896d101a480cc8ea0afbd385708161db	SID531469	11269	11519	-1000	11.708	11.708	12269	70975
occ_896d101a480cc8ea0afbd385708161db	SID531469	11519	11769	-750	14.588	14.588	12269	70975
occ_896d101a480cc8ea0afbd385708161db	SID531469	11769	12019	-500	17.372	17.372	12269	70975
occ_896d101a480cc8ea0afbd385708161db	SID531469	12019	12269	-250	18.856	18.856	12269	70975
occ_896d101a480cc8ea0afbd385708161db	SID531469	12269	12519	0	12.536	12.536	12269	70975
occ_896d101a480cc8ea0afbd385708161db	SID531469	12519	12769	250	14.576	14.576	12269	70975
occ_896d101a480cc8ea0afbd385708161db	SID531469	12769	13019	500	11.612	11.612	12269	70975
occ_896d101a480cc8ea0afbd385708161db	SID531469	13019	13269	750	16.928	16.928	12269	70975
occ_896d101a480cc8ea0afbd385708161db	SID531469	13269	13519	1000	18.032	18.032	12269	70975
occ_896d101a480cc8ea0afbd385708161db	SID531469	13519	13769	1250	16.836	16.836	12269	70975
occ_896d101a480cc8ea0afbd385708161db	SID531469	13769	14019	1500	21.784	21.784	12269	70975
occ_896d101a480cc8ea0afbd385708161db	SID531469	14019	14269	1750	20.868	20.868	12269	70975
occ_896d101a480cc8ea0afbd385708161db	SID531469	14269	14519	2000	22.624	22.624	12269	70975
occ_896d101a480cc8ea0afbd385708161db	SID531469	14519	14769	2250	22.508	22.508	12269	70975
occ_896d101a480cc8ea0afbd385708161db	SID531469	14769	15019	2500	17.084	17.084	12269	70975
occ_896d101a480cc8ea0afbd385708161db	SID531469	15019	15269	2750	17.44	17.44	12269	70975
occ_896d101a480cc8ea0afbd385708161db	SID531469	15269	15519	3000	20.436	20.436	12269	70975
occ_896d101a480cc8ea0afbd385708161db	SID531469	15519	15769	3250	23.76	23.76	12269	70975
occ_896d101a480cc8ea0afbd385708161db	SID531469	15769	16019	3500	20.2	20.2	12269	70975
occ_896d101a480cc8ea0afbd385708161db	SID531469	16019	16269	3750	21.232	21.232	12269	70975
occ_896d101a480cc8ea0afbd385708161db	SID531469	16269	16519	4000	14.244	14.244	12269	70975
occ_896d101a480cc8ea0afbd385708161db	SID531469	16519	16769	4250	16.688	16.688	12269	70975
occ_896d101a480cc8ea0afbd385708161db	SID531469	16769	17019	4500	16.512	16.512	12269	70975
occ_896d101a480cc8ea0afbd385708161db	SID531469	17019	17269	4750	19.192	19.192	12269	70975
occ_896d101a480cc8ea0afbd385708161db	SID531469	17269	17519	5000	18.296	18.296	12269	70975
occ_896d101a480cc8ea0afbd385708161db	SID531469	17519	17769	5250	17.16	17.16	12269	70975
occ_896d101a480cc8ea0afbd385708161db	SID531469	17769	18019	5500	12.84	12.84	12269	70975
occ_896d101a480cc8ea0afbd385708161db	SID531469	18019	18269	5750	17.648	17.648	12269	70975
occ_896d101a480cc8ea0afbd385708161db	SID531469	18269	18519	6000	18.992	18.992	12269	70975
occ_896d101a480cc8ea0afbd385708161db	SID531469	18519	18769	6250	17.908	17.908	12269	70975
occ_896d101a480cc8ea0afbd385708161db	SID531469	18769	19019	6500	17.776	17.776	12269	70975
occ_896d101a480cc8ea0afbd385708161db	SID531469	19019	19269	6750	15.112	15.112	12269	70975
occ_896d101a480cc8ea0afbd385708161db	SID531469	19269	19519	7000	19.02	19.02	12269	70975
occ_896d101a480cc8ea0afbd385708161db	SID531469	19519	19769	7250	21.436	21.436	12269	70975
occ_896d101a480cc8ea0afbd385708161db	SID531469	19769	20019	7500	19.924	19.924	12269	70975
occ_896d101a480cc8ea0afbd385708161db	SID531469	20019	20269	7750	12.832	12.832	12269	70975
occ_896d101a480cc8ea0afbd385708161db	SID531469	20269	20519	8000	13.576	13.576	12269	70975
occ_896d101a480cc8ea0afbd385708161db	SID531469	20519	20769	8250	15.576	15.576	12269	70975
occ_896d101a480cc8ea0afbd385708161db	SID531469	20769	21019	8500	14.824	14.824	12269	70975
occ_896d101a480cc8ea0afbd385708161db	SID531469	21019	21269	8750	22.508	22.504	12269	70975
occ_896d101a480cc8ea0afbd385708161db	SID531469	21269	21519	9000	13.228	13.228	12269	70975
occ_896d101a480cc8ea0afbd385708161db	SID531469	21519	21769	9250	20.464	20.464	12269	70975
occ_896d101a480cc8ea0afbd385708161db	SID531469	21769	22019	9500	15.88	15.88	12269	70975
occ_896d101a480cc8ea0afbd385708161db	SID531469	22019	22269	9750	15.6	15.6	12269	70975
occ_896d101a480cc8ea0afbd385708161db	SID531469	22269	22519	10000	15.864	15.864	12269	70975
occ_896d101a480cc8ea0afbd385708161db	SID531469	22519	22769	10250	22.276	22.276	12269	70975
occ_896d101a480cc8ea0afbd385708161db	SID531469	22769	23019	10500	16.228	16.228	12269	70975
occ_896d101a480cc8ea0afbd385708161db	SID531469	23019	23269	10750	16.364	16.364	12269	70975
occ_896d101a480cc8ea0afbd385708161db	SID531469	23269	23519	11000	15.14	15.14	12269	70975
occ_896d101a480cc8ea0afbd385708161db	SID531469	23519	23769	11250	13.392	13.392	12269	70975
occ_896d101a480cc8ea0afbd385708161db	SID531469	23769	24019	11500	16.092	16.092	12269	70975
occ_896d101a480cc8ea0afbd385708161db	SID531469	24019	24269	11750	14.264	13.88	12269	70975
occ_896d101a480cc8ea0afbd385708161db	SID531469	24269	24519	12000	16.568	16.568	12269	70975
occ_896d101a480cc8ea0afbd385708161db	SID531469	24519	24769	12250	16.932	16.932	12269	70975
occ_896d101a480cc8ea0afbd385708161db	SID531469	24769	25019	12500	13.696	13.696	12269	70975
occ_896d101a480cc8ea0afbd385708161db	SID531469	25019	25269	12750	18.004	18.004	12269	70975
occ_896d101a480cc8ea0afbd385708161db	SID531469	25269	25519	13000	21.008	21.008	12269	70975
occ_896d101a480cc8ea0afbd385708161db	SID531469	25519	25769	13250	17.28	17.28	12269	70975
occ_896d101a480cc8ea0afbd385708161db	SID531469	25769	26019	13500	22.304	22.304	12269	70975
occ_896d101a480cc8ea0afbd385708161db	SID531469	26019	26269	13750	18.428	18.428	12269	70975
occ_896d101a480cc8ea0afbd385708161db	SID531469	26269	26519	14000	21.828	21.828	12269	70975
occ_896d101a480cc8ea0afbd385708161db	SID531469	26519	26769	14250	14.46	14.46	12269	70975
occ_896d101a480cc8ea0afbd385708161db	SID531469	26769	27019	14500	14.724	14.724	12269	70975
occ_896d101a480cc8ea0afbd385708161db	SID531469	27019	27269	14750	15.88	15.88	12269	70975
occ_896d101a480cc8ea0afbd385708161db	SID531469	27269	27519	15000	19.972	19.972	12269	70975
occ_896d101a480cc8ea0afbd385708161db	SID531469	27519	27769	15250	18.884	18.884	12269	70975
occ_896d101a480cc8ea0afbd385708161db	SID531469	27769	28019	15500	17.484	17.484	12269	70975
occ_896d101a480cc8ea0afbd385708161db	SID531469	28019	28269	15750	16.504	16.504	12269	70975
occ_896d101a480cc8ea0afbd385708161db	SID531469	28269	28519	16000	16.568	16.568	12269	70975
occ_896d101a480cc8ea0afbd385708161db	SID531469	28519	28769	16250	18.228	18.228	12269	70975
occ_896d101a480cc8ea0afbd385708161db	SID531469	28769	29019	16500	12.492	12.492	12269	70975
occ_896d101a480cc8ea0afbd385708161db	SID531469	29019	29269	16750	18.884	18.884	12269	70975
occ_896d101a480cc8ea0afbd385708161db	SID531469	29269	29519	17000	17.76	17.76	12269	70975
occ_896d101a480cc8ea0afbd385708161db	SID531469	29519	29769	17250	16.596	16.308	12269	70975
occ_896d101a480cc8ea0afbd385708161db	SID531469	29769	30019	17500	18.732	18.34	12269	70975
occ_896d101a480cc8ea0afbd385708161db	SID531469	30019	30269	17750	19.864	19.864	12269	70975
occ_896d101a480cc8ea0afbd385708161db	SID531469	30269	30519	18000	16.948	16.948	12269	70975
occ_896d101a480cc8ea0afbd385708161db	SID531469	30519	30769	18250	20.44	20.44	12269	70975
occ_896d101a480cc8ea0afbd385708161db	SID531469	30769	31019	18500	15.832	15.832	12269	70975
occ_896d101a480cc8ea0afbd385708161db	SID531469	31019	31269	18750	17.256	17.256	12269	70975
occ_896d101a480cc8ea0afbd385708161db	SID531469	31269	31519	19000	22.66	22.66	12269	70975
occ_896d101a480cc8ea0afbd385708161db	SID531469	31519	31769	19250	21.532	21.532	12269	70975
occ_896d101a480cc8ea0afbd385708161db	SID531469	31769	32019	19500	24.336	24.336	12269	70975
occ_896d101a480cc8ea0afbd385708161db	SID531469	32019	32269	19750	17.288	17.288	12269	70975
occ_896d101a480cc8ea0afbd385708161db	SID531469	32269	32519	20000	18.308	18.308	12269	70975
occ_896d101a480cc8ea0afbd385708161db	SID531469	32519	32769	20250	16.78	16.78	12269	70975
occ_896d101a480cc8ea0afbd385708161db	SID531469	32769	33019	20500	16.372	16.372	12269	70975
occ_896d101a480cc8ea0afbd385708161db	SID531469	33019	33269	20750	17.028	17.028	12269	70975
occ_896d101a480cc8ea0afbd385708161db	SID531469	33269	33519	21000	13.164	13.164	12269	70975
occ_896d101a480cc8ea0afbd385708161db	SID531469	33519	33769	21250	14.712	14.712	12269	70975
occ_896d101a480cc8ea0afbd385708161db	SID531469	33769	34019	21500	15.652	15.268	12269	70975
occ_896d101a480cc8ea0afbd385708161db	SID531469	34019	34269	21750	18.704	18.32	12269	70975
occ_896d101a480cc8ea0afbd385708161db	SID531469	34269	34519	22000	14.86	14.86	12269	70975
occ_896d101a480cc8ea0afbd385708161db	SID531469	34519	34769	22250	15.0	15.0	12269	70975
occ_896d101a480cc8ea0afbd385708161db	SID531469	34769	35019	22500	18.848	18.848	12269	70975
occ_896d101a480cc8ea0afbd385708161db	SID531469	35019	35269	22750	19.912	19.912	12269	70975
occ_896d101a480cc8ea0afbd385708161db	SID531469	35269	35519	23000	19.288	19.288	12269	70975
occ_896d101a480cc8ea0afbd385708161db	SID531469	35519	35769	23250	15.596	15.596	12269	70975
occ_896d101a480cc8ea0afbd385708161db	SID531469	35769	36019	23500	16.304	16.304	12269	70975
occ_896d101a480cc8ea0afbd385708161db	SID531469	36019	36269	23750	14.136	14.136	12269	70975
occ_896d101a480cc8ea0afbd385708161db	SID531469	36269	36519	24000	16.664	16.664	12269	70975
occ_896d101a480cc8ea0afbd385708161db	SID531469	36519	36769	24250	20.34	20.34	12269	70975
occ_896d101a480cc8ea0afbd385708161db	SID531469	36769	37019	24500	17.58	17.58	12269	70975
occ_896d101a480cc8ea0afbd385708161db	SID531469	37019	37269	24750	18.2	18.2	12269	70975
occ_896d101a480cc8ea0afbd385708161db	SID531469	37269	37519	25000	16.068	16.068	12269	70975
occ_896d101a480cc8ea0afbd385708161db	SID531469	37519	37769	25250	18.392	18.392	12269	70975
occ_896d101a480cc8ea0afbd385708161db	SID531469	37769	38019	25500	15.764	15.764	12269	70975
occ_896d101a480cc8ea0afbd385708161db	SID531469	38019	38269	25750	11.992	11.768	12269	70975
occ_896d101a480cc8ea0afbd385708161db	SID531469	38269	38519	26000	8.728	8.592	12269	70975
occ_896d101a480cc8ea0afbd385708161db	SID531469	38519	38769	26250	16.636	16.636	12269	70975
occ_896d101a480cc8ea0afbd385708161db	SID531469	38769	39019	26500	16.612	16.612	12269	70975
occ_896d101a480cc8ea0afbd385708161db	SID531469	39019	39269	26750	26.216	26.216	12269	70975
occ_896d101a480cc8ea0afbd385708161db	SID531469	39269	39519	27000	18.02	17.636	12269	70975
occ_896d101a480cc8ea0afbd385708161db	SID531469	39519	39769	27250	17.188	17.188	12269	70975
occ_896d101a480cc8ea0afbd385708161db	SID531469	39769	40019	27500	15.888	15.888	12269	70975
occ_896d101a480cc8ea0afbd385708161db	SID531469	40019	40269	27750	15.78	15.776	12269	70975
occ_896d101a480cc8ea0afbd385708161db	SID531469	40269	40519	28000	17.876	17.872	12269	70975
occ_896d101a480cc8ea0afbd385708161db	SID531469	40519	40769	28250	24.444	24.444	12269	70975
occ_896d101a480cc8ea0afbd385708161db	SID531469	40769	41019	28500	24.2	24.196	12269	70975
occ_896d101a480cc8ea0afbd385708161db	SID531469	41019	41269	28750	16.916	16.916	12269	70975
occ_896d101a480cc8ea0afbd385708161db	SID531469	41269	41519	29000	13.06	13.06	12269	70975
occ_896d101a480cc8ea0afbd385708161db	SID531469	41519	41769	29250	13.236	13.236	12269	70975
occ_896d101a480cc8ea0afbd385708161db	SID531469	41769	42019	29500	18.292	18.292	12269	70975
occ_896d101a480cc8ea0afbd385708161db	SID531469	42019	42269	29750	18.168	18.168	12269	70975
occ_896d101a480cc8ea0afbd385708161db	SID531469	42269	42519	30000	23.64	22.112	12269	70975
occ_896d101a480cc8ea0afbd385708161db	SID531469	42519	42769	30250	18.456	18.456	12269	70975
occ_896d101a480cc8ea0afbd385708161db	SID531469	42769	43019	30500	14.108	14.108	12269	70975
occ_896d101a480cc8ea0afbd385708161db	SID531469	43019	43269	30750	14.908	14.908	12269	70975
occ_896d101a480cc8ea0afbd385708161db	SID531469	43269	43519	31000	13.192	13.192	12269	70975
occ_896d101a480cc8ea0afbd385708161db	SID531469	43519	43769	31250	20.148	20.148	12269	70975
occ_896d101a480cc8ea0afbd385708161db	SID531469	43769	44019	31500	20.776	20.776	12269	70975
occ_896d101a480cc8ea0afbd385708161db	SID531469	44019	44269	31750	19.24	19.236	12269	70975
occ_896d101a480cc8ea0afbd385708161db	SID531469	44269	44519	32000	14.16	14.16	12269	70975
occ_896d101a480cc8ea0afbd385708161db	SID531469	44519	44769	32250	14.592	14.592	12269	70975
occ_896d101a480cc8ea0afbd385708161db	SID531469	44769	45019	32500	19.584	19.584	12269	70975
occ_896d101a480cc8ea0afbd385708161db	SID531469	45019	45269	32750	15.664	15.664	12269	70975
occ_896d101a480cc8ea0afbd385708161db	SID531469	45269	45519	33000	12.768	12.768	12269	70975
occ_896d101a480cc8ea0afbd385708161db	SID531469	45519	45769	33250	14.972	14.972	12269	70975
occ_896d101a480cc8ea0afbd385708161db	SID531469	45769	46019	33500	15.888	15.888	12269	70975
occ_896d101a480cc8ea0afbd385708161db	SID531469	46019	46269	33750	18.66	18.66	12269	70975
occ_896d101a480cc8ea0afbd385708161db	SID531469	46269	46519	34000	18.528	18.528	12269	70975
occ_896d101a480cc8ea0afbd385708161db	SID531469	46519	46769	34250	17.392	17.388	12269	70975
occ_896d101a480cc8ea0afbd385708161db	SID531469	46769	47019	34500	20.124	20.124	12269	70975
occ_896d101a480cc8ea0afbd385708161db	SID531469	47019	47269	34750	18.668	18.668	12269	70975
occ_896d101a480cc8ea0afbd385708161db	SID531469	47269	47519	35000	23.484	23.484	12269	70975
occ_896d101a480cc8ea0afbd385708161db	SID531469	47519	47769	35250	25.52	25.52	12269	70975
occ_896d101a480cc8ea0afbd385708161db	SID531469	47769	48019	35500	13.372	13.372	12269	70975
occ_896d101a480cc8ea0afbd385708161db	SID531469	48019	48269	35750	17.052	17.052	12269	70975
occ_896d101a480cc8ea0afbd385708161db	SID531469	48269	48519	36000	18.34	18.34	12269	70975
occ_896d101a480cc8ea0afbd385708161db	SID531469	48519	48769	36250	13.588	13.588	12269	70975
occ_896d101a480cc8ea0afbd385708161db	SID531469	48769	49019	36500	15.752	15.752	12269	70975
occ_896d101a480cc8ea0afbd385708161db	SID531469	49019	49269	36750	16.848	16.848	12269	70975
occ_896d101a480cc8ea0afbd385708161db	SID531469	49269	49519	37000	15.308	15.3	12269	70975
occ_896d101a480cc8ea0afbd385708161db	SID531469	49519	49769	37250	11.572	11.572	12269	70975
occ_896d101a480cc8ea0afbd385708161db	SID531469	49769	50019	37500	19.6	19.596	12269	70975
occ_896d101a480cc8ea0afbd385708161db	SID531469	50019	50269	37750	19.68	19.676	12269	70975
occ_896d101a480cc8ea0afbd385708161db	SID531469	50269	50519	38000	23.396	23.396	12269	70975
occ_896d101a480cc8ea0afbd385708161db	SID531469	50519	50769	38250	15.228	15.228	12269	70975
occ_896d101a480cc8ea0afbd385708161db	SID531469	50769	51019	38500	10.096	10.096	12269	70975
occ_896d101a480cc8ea0afbd385708161db	SID531469	51019	51269	38750	14.648	14.648	12269	70975
occ_896d101a480cc8ea0afbd385708161db	SID531469	51269	51519	39000	17.472	17.472	12269	70975
occ_896d101a480cc8ea0afbd385708161db	SID531469	51519	51769	39250	16.12	16.12	12269	70975
occ_896d101a480cc8ea0afbd385708161db	SID531469	51769	52019	39500	13.336	13.336	12269	70975
occ_896d101a480cc8ea0afbd385708161db	SID531469	52019	52269	39750	13.72	13.72	12269	70975
occ_896d101a480cc8ea0afbd385708161db	SID531469	52269	52519	40000	13.468	13.468	12269	70975
occ_896d101a480cc8ea0afbd385708161db	SID531469	52519	52769	40250	12.424	12.424	12269	70975
occ_896d101a480cc8ea0afbd385708161db	SID531469	52769	53019	40500	12.18	12.18	12269	70975
occ_896d101a480cc8ea0afbd385708161db	SID531469	53019	53269	40750	12.212	12.212	12269	70975
occ_896d101a480cc8ea0afbd385708161db	SID531469	53269	53519	41000	10.592	10.592	12269	70975
occ_896d101a480cc8ea0afbd385708161db	SID531469	53519	53769	41250	13.808	13.808	12269	70975
occ_896d101a480cc8ea0afbd385708161db	SID531469	53769	54019	41500	13.428	13.428	12269	70975
occ_896d101a480cc8ea0afbd385708161db	SID531469	54019	54269	41750	12.408	12.408	12269	70975
occ_896d101a480cc8ea0afbd385708161db	SID531469	54269	54519	42000	17.372	17.372	12269	70975
occ_896d101a480cc8ea0afbd385708161db	SID531469	54519	54769	42250	17.1	17.1	12269	70975
occ_896d101a480cc8ea0afbd385708161db	SID531469	54769	55019	42500	10.196	10.196	12269	70975
occ_896d101a480cc8ea0afbd385708161db	SID531469	55019	55269	42750	13.548	13.548	12269	70975
occ_896d101a480cc8ea0afbd385708161db	SID531469	55269	55519	43000	16.588	16.588	12269	70975
occ_896d101a480cc8ea0afbd385708161db	SID531469	55519	55769	43250	15.78	15.78	12269	70975
occ_896d101a480cc8ea0afbd385708161db	SID531469	55769	56019	43500	15.936	15.936	12269	70975
occ_896d101a480cc8ea0afbd385708161db	SID531469	56019	56269	43750	15.976	15.976	12269	70975
occ_896d101a480cc8ea0afbd385708161db	SID531469	56269	56519	44000	16.864	16.864	12269	70975
occ_896d101a480cc8ea0afbd385708161db	SID531469	56519	56769	44250	10.38	10.38	12269	70975
occ_896d101a480cc8ea0afbd385708161db	SID531469	56769	57019	44500	13.088	13.088	12269	70975
occ_896d101a480cc8ea0afbd385708161db	SID531469	57019	57269	44750	16.948	16.948	12269	70975
occ_896d101a480cc8ea0afbd385708161db	SID531469	57269	57519	45000	13.48	13.48	12269	70975
occ_896d101a480cc8ea0afbd385708161db	SID531469	57519	57769	45250	16.728	16.728	12269	70975
occ_896d101a480cc8ea0afbd385708161db	SID531469	57769	58019	45500	13.116	13.116	12269	70975
occ_896d101a480cc8ea0afbd385708161db	SID531469	58019	58269	45750	18.104	18.104	12269	70975
occ_896d101a480cc8ea0afbd385708161db	SID531469	58269	58519	46000	14.248	14.248	12269	70975
occ_896d101a480cc8ea0afbd385708161db	SID531469	58519	58769	46250	12.592	12.592	12269	70975
occ_896d101a480cc8ea0afbd385708161db	SID531469	58769	59019	46500	15.012	15.012	12269	70975
occ_896d101a480cc8ea0afbd385708161db	SID531469	59019	59269	46750	9.536	9.536	12269	70975
occ_896d101a480cc8ea0afbd385708161db	SID531469	59269	59519	47000	15.004	15.004	12269	70975
occ_896d101a480cc8ea0afbd385708161db	SID531469	59519	59769	47250	17.804	17.804	12269	70975
occ_896d101a480cc8ea0afbd385708161db	SID531469	59769	60019	47500	14.684	14.684	12269	70975
occ_896d101a480cc8ea0afbd385708161db	SID531469	60019	60269	47750	17.284	17.284	12269	70975
occ_896d101a480cc8ea0afbd385708161db	SID531469	60269	60519	48000	11.88	11.88	12269	70975
occ_896d101a480cc8ea0afbd385708161db	SID531469	60519	60769	48250	11.872	11.872	12269	70975
occ_896d101a480cc8ea0afbd385708161db	SID531469	60769	61019	48500	11.248	11.248	12269	70975
occ_896d101a480cc8ea0afbd385708161db	SID531469	61019	61269	48750	14.204	14.204	12269	70975
occ_896d101a480cc8ea0afbd385708161db	SID531469	61269	61519	49000	18.248	18.248	12269	70975
occ_896d101a480cc8ea0afbd385708161db	SID531469	61519	61769	49250	15.472	14.42	12269	70975
occ_896d101a480cc8ea0afbd385708161db	SID531469	61769	62019	49500	7.676	5.42	12269	70975
occ_896d101a480cc8ea0afbd385708161db	SID531469	62019	62269	49750	9.184	8.824	12269	70975
occ_896d101a480cc8ea0afbd385708161db	SID531469	62269	62519	50000	17.84	17.84	12269	70975
occ_896d101a480cc8ea0afbd385708161db	SID531469	62519	62769	50250	20.14	19.932	12269	70975
occ_896d101a480cc8ea0afbd385708161db	SID531469	62769	63019	50500	13.124	13.124	12269	70975
occ_896d101a480cc8ea0afbd385708161db	SID531469	63019	63269	50750	16.86	16.86	12269	70975
occ_896d101a480cc8ea0afbd385708161db	SID531469	63269	63519	51000	17.536	17.536	12269	70975
occ_896d101a480cc8ea0afbd385708161db	SID531469	63519	63769	51250	15.984	15.984	12269	70975
occ_896d101a480cc8ea0afbd385708161db	SID531469	63769	64019	51500	16.188	16.188	12269	70975
occ_896d101a480cc8ea0afbd385708161db	SID531469	64019	64269	51750	20.804	20.804	12269	70975
occ_896d101a480cc8ea0afbd385708161db	SID531469	64269	64519	52000	14.924	14.924	12269	70975
occ_896d101a480cc8ea0afbd385708161db	SID531469	64519	64769	52250	17.264	17.264	12269	70975
occ_896d101a480cc8ea0afbd385708161db	SID531469	64769	65019	52500	12.132	12.132	12269	70975
occ_896d101a480cc8ea0afbd385708161db	SID531469	65019	65269	52750	11.6	11.6	12269	70975
occ_896d101a480cc8ea0afbd385708161db	SID531469	65269	65519	53000	17.372	17.372	12269	70975
occ_896d101a480cc8ea0afbd385708161db	SID531469	65519	65769	53250	17.764	17.764	12269	70975
occ_896d101a480cc8ea0afbd385708161db	SID531469	65769	66019	53500	14.76	14.76	12269	70975
occ_896d101a480cc8ea0afbd385708161db	SID531469	66019	66269	53750	18.34	18.34	12269	70975
occ_896d101a480cc8ea0afbd385708161db	SID531469	66269	66519	54000	19.424	19.424	12269	70975
occ_896d101a480cc8ea0afbd385708161db	SID531469	66519	66769	54250	12.88	12.88	12269	70975
occ_896d101a480cc8ea0afbd385708161db	SID531469	66769	67019	54500	17.168	17.168	12269	70975
occ_896d101a480cc8ea0afbd385708161db	SID531469	67019	67269	54750	17.952	17.952	12269	70975
occ_896d101a480cc8ea0afbd385708161db	SID531469	67269	67519	55000	10.472	10.472	12269	70975
occ_896d101a480cc8ea0afbd385708161db	SID531469	67519	67769	55250	13.124	13.124	12269	70975
occ_896d101a480cc8ea0afbd385708161db	SID531469	67769	68019	55500	15.52	15.52	12269	70975
occ_896d101a480cc8ea0afbd385708161db	SID531469	68019	68269	55750	16.18	16.18	12269	70975
occ_896d101a480cc8ea0afbd385708161db	SID531469	68269	68519	56000	9.468	9.468	12269	70975
occ_896d101a480cc8ea0afbd385708161db	SID531469	68519	68769	56250	13.832	13.832	12269	70975
occ_896d101a480cc8ea0afbd385708161db	SID531469	68769	69019	56500	13.776	13.776	12269	70975
occ_896d101a480cc8ea0afbd385708161db	SID531469	69019	69269	56750	15.92	15.92	12269	70975
occ_896d101a480cc8ea0afbd385708161db	SID531469	69269	69519	57000	12.836	12.836	12269	70975
occ_896d101a480cc8ea0afbd385708161db	SID531469	69519	69769	57250	17.556	17.452	12269	70975
occ_896d101a480cc8ea0afbd385708161db	SID531469	69769	70019	57500	22.208	21.928	12269	70975
occ_896d101a480cc8ea0afbd385708161db	SID531469	70019	70269	57750	16.476	16.476	12269	70975
occ_896d101a480cc8ea0afbd385708161db	SID531469	70269	70519	58000	21.992	21.992	12269	70975
occ_896d101a480cc8ea0afbd385708161db	SID531469	70519	70769	58250	22.104	22.104	12269	70975
occ_896d101a480cc8ea0afbd385708161db	SID531469	70769	71019	58500	16.432	16.432	12269	70975
occ_896d101a480cc8ea0afbd385708161db	SID531469	71019	71269	58750	19.68	19.676	12269	70975
occ_896d101a480cc8ea0afbd385708161db	SID531469	71269	71519	59000	20.308	20.308	12269	70975
occ_896d101a480cc8ea0afbd385708161db	SID531469	71519	71769	59250	16.984	16.984	12269	70975
occ_896d101a480cc8ea0afbd385708161db	SID531469	71769	72019	59500	20.684	20.684	12269	70975
occ_896d101a480cc8ea0afbd385708161db	SID531469	72019	72269	59750	15.924	15.924	12269	70975
occ_896d101a480cc8ea0afbd385708161db	SID531469	72269	72519	60000	13.208	13.208	12269	70975
occ_896d101a480cc8ea0afbd385708161db	SID531469	72519	72769	60250	16.236	16.236	12269	70975
occ_896d101a480cc8ea0afbd385708161db	SID531469	72769	73019	60500	22.656	22.656	12269	70975
occ_896d101a480cc8ea0afbd385708161db	SID531469	73019	73269	60750	22.28	22.28	12269	70975
occ_896d101a480cc8ea0afbd385708161db	SID531469	73269	73519	61000	15.932	15.932	12269	70975
occ_896d101a480cc8ea0afbd385708161db	SID531469	73519	73769	61250	19.112	19.112	12269	70975
occ_896d101a480cc8ea0afbd385708161db	SID531469	73769	74019	61500	14.152	14.152	12269	70975
occ_896d101a480cc8ea0afbd385708161db	SID531469	74019	74269	61750	10.676	10.676	12269	70975
occ_896d101a480cc8ea0afbd385708161db	SID531469	74269	74519	62000	12.136	12.136	12269	70975
occ_896d101a480cc8ea0afbd385708161db	SID531469	74519	74769	62250	11.256	11.256	12269	70975
occ_896d101a480cc8ea0afbd385708161db	SID531469	74769	75019	62500	13.448	13.448	12269	70975
occ_896d101a480cc8ea0afbd385708161db	SID531469	75019	75269	62750	10.124	10.124	12269	70975
occ_896d101a480cc8ea0afbd385708161db	SID531469	75269	75519	63000	13.096	13.096	12269	70975
occ_896d101a480cc8ea0afbd385708161db	SID531469	75519	75769	63250	15.736	15.736	12269	70975
occ_896d101a480cc8ea0afbd385708161db	SID531469	75769	75975	63500	14.737864077669903	14.737864077669903	12269	70975
occ_8d3a4ff3cf6b00621256831d28e1548d	SID531469	0	250	-49	12.27	12.27	49	19836
occ_8d3a4ff3cf6b00621256831d28e1548d	SID531469	250	500	201	12.696	12.696	49	19836
occ_8d3a4ff3cf6b00621256831d28e1548d	SID531469	500	750	451	11.084	11.084	49	19836
occ_8d3a4ff3cf6b00621256831d28e1548d	SID531469	750	1000	701	11.36	11.36	49	19836
occ_8d3a4ff3cf6b00621256831d28e1548d	SID531469	1000	1250	951	14.7	14.7	49	19836
occ_8d3a4ff3cf6b00621256831d28e1548d	SID531469	1250	1500	1201	18.012	18.012	49	19836
occ_8d3a4ff3cf6b00621256831d28e1548d	SID531469	1500	1750	1451	15.476	15.476	49	19836
occ_8d3a4ff3cf6b00621256831d28e1548d	SID531469	1750	2000	1701	13.788	13.788	49	19836
occ_8d3a4ff3cf6b00621256831d28e1548d	SID531469	2000	2250	1951	9.056	9.056	49	19836
occ_8d3a4ff3cf6b00621256831d28e1548d	SID531469	2250	2500	2201	11.024	11.024	49	19836
occ_8d3a4ff3cf6b00621256831d28e1548d	SID531469	2500	2750	2451	16.776	16.776	49	19836
occ_8d3a4ff3cf6b00621256831d28e1548d	SID531469	2750	3000	2701	11.416	11.416	49	19836
occ_8d3a4ff3cf6b00621256831d28e1548d	SID531469	3000	3250	2951	17.876	17.876	49	19836
occ_8d3a4ff3cf6b00621256831d28e1548d	SID531469	3250	3500	3201	15.084	15.084	49	19836
occ_8d3a4ff3cf6b00621256831d28e1548d	SID531469	3500	3750	3451	14.344	14.344	49	19836
occ_8d3a4ff3cf6b00621256831d28e1548d	SID531469	3750	4000	3701	14.96	14.96	49	19836
occ_8d3a4ff3cf6b00621256831d28e1548d	SID531469	4000	4250	3951	14.996	14.996	49	19836
occ_8d3a4ff3cf6b00621256831d28e1548d	SID531469	4250	4500	4201	8.44	8.44	49	19836
occ_8d3a4ff3cf6b00621256831d28e1548d	SID531469	4500	4750	4451	11.748	11.744	49	19836
occ_8d3a4ff3cf6b00621256831d28e1548d	SID531469	4750	5000	4701	15.264	15.264	49	19836
occ_8d3a4ff3cf6b00621256831d28e1548d	SID531469	5000	5250	4951	15.544	15.544	49	19836
occ_8d3a4ff3cf6b00621256831d28e1548d	SID531469	5250	5500	5201	17.236	17.236	49	19836
occ_8d3a4ff3cf6b00621256831d28e1548d	SID531469	5500	5750	5451	17.944	17.94	49	19836
occ_8d3a4ff3cf6b00621256831d28e1548d	SID531469	5750	6000	5701	15.796	15.796	49	19836
occ_8d3a4ff3cf6b00621256831d28e1548d	SID531469	6000	6250	5951	13.488	13.488	49	19836
occ_8d3a4ff3cf6b00621256831d28e1548d	SID531469	6250	6500	6201	12.444	12.444	49	19836
occ_8d3a4ff3cf6b00621256831d28e1548d	SID531469	6500	6750	6451	12.044	12.044	49	19836
occ_8d3a4ff3cf6b00621256831d28e1548d	SID531469	6750	7000	6701	13.62	13.62	49	19836
occ_8d3a4ff3cf6b00621256831d28e1548d	SID531469	7000	7250	6951	11.476	11.476	49	19836
occ_8d3a4ff3cf6b00621256831d28e1548d	SID531469	7250	7500	7201	11.412	11.412	49	19836
occ_8d3a4ff3cf6b00621256831d28e1548d	SID531469	7500	7750	7451	13.632	13.632	49	19836
occ_8d3a4ff3cf6b00621256831d28e1548d	SID531469	7750	8000	7701	16.076	16.076	49	19836
occ_8d3a4ff3cf6b00621256831d28e1548d	SID531469	8000	8250	7951	12.52	12.52	49	19836
occ_8d3a4ff3cf6b00621256831d28e1548d	SID531469	8250	8500	8201	14.28	14.28	49	19836
occ_8d3a4ff3cf6b00621256831d28e1548d	SID531469	8500	8750	8451	16.524	16.524	49	19836
occ_8d3a4ff3cf6b00621256831d28e1548d	SID531469	8750	9000	8701	18.936	18.936	49	19836
occ_8d3a4ff3cf6b00621256831d28e1548d	SID531469	9000	9250	8951	17.46	17.46	49	19836
occ_8d3a4ff3cf6b00621256831d28e1548d	SID531469	9250	9500	9201	15.88	15.88	49	19836
occ_8d3a4ff3cf6b00621256831d28e1548d	SID531469	9500	9750	9451	13.132	13.132	49	19836
occ_8d3a4ff3cf6b00621256831d28e1548d	SID531469	9750	10000	9701	9.668	9.668	49	19836
occ_8d3a4ff3cf6b00621256831d28e1548d	SID531469	10000	10250	9951	19.664	19.656	49	19836
occ_8d3a4ff3cf6b00621256831d28e1548d	SID531469	10250	10500	10201	19.156	19.156	49	19836
occ_8d3a4ff3cf6b00621256831d28e1548d	SID531469	10500	10750	10451	15.036	15.036	49	19836
occ_8d3a4ff3cf6b00621256831d28e1548d	SID531469	10750	11000	10701	12.308	12.308	49	19836
occ_8d3a4ff3cf6b00621256831d28e1548d	SID531469	11000	11250	10951	16.376	16.372	49	19836
occ_8d3a4ff3cf6b00621256831d28e1548d	SID531469	11250	11500	11201	16.332	16.332	49	19836
occ_8d3a4ff3cf6b00621256831d28e1548d	SID531469	11500	11750	11451	13.596	13.596	49	19836
occ_8d3a4ff3cf6b00621256831d28e1548d	SID531469	11750	12000	11701	13.4	13.4	49	19836
occ_8d3a4ff3cf6b00621256831d28e1548d	SID531469	12000	12250	11951	9.708	9.708	49	19836
occ_8d3a4ff3cf6b00621256831d28e1548d	SID531469	12250	12500	12201	14.124	14.124	49	19836
occ_8d3a4ff3cf6b00621256831d28e1548d	SID531469	12500	12750	12451	12.804	12.804	49	19836
occ_8d3a4ff3cf6b00621256831d28e1548d	SID531469	12750	13000	12701	9.28	9.28	49	19836
occ_8d3a4ff3cf6b00621256831d28e1548d	SID531469	13000	13250	12951	12.168	11.808	49	19836
occ_8d3a4ff3cf6b00621256831d28e1548d	SID531469	13250	13500	13201	15.656	15.656	49	19836
occ_8d3a4ff3cf6b00621256831d28e1548d	SID531469	13500	13750	13451	14.752	14.752	49	19836
occ_8d3a4ff3cf6b00621256831d28e1548d	SID531469	13750	14000	13701	18.84	18.84	49	19836
occ_8d3a4ff3cf6b00621256831d28e1548d	SID531469	14000	14250	13951	16.168	16.168	49	19836
occ_8d3a4ff3cf6b00621256831d28e1548d	SID531469	14250	14500	14201	10.932	10.932	49	19836
occ_8d3a4ff3cf6b00621256831d28e1548d	SID531469	14500	14750	14451	7.856	7.856	49	19836
occ_8d3a4ff3cf6b00621256831d28e1548d	SID531469	14750	15000	14701	10.088	10.088	49	19836
occ_8d3a4ff3cf6b00621256831d28e1548d	SID531469	15000	15250	14951	12.228	12.228	49	19836
occ_8d3a4ff3cf6b00621256831d28e1548d	SID531469	15250	15500	15201	10.52	10.52	49	19836
occ_8d3a4ff3cf6b00621256831d28e1548d	SID531469	15500	15750	15451	12.048	12.048	49	19836
occ_8d3a4ff3cf6b00621256831d28e1548d	SID531469	15750	16000	15701	9.212	9.212	49	19836
occ_8d3a4ff3cf6b00621256831d28e1548d	SID531469	16000	16250	15951	9.668	9.668	49	19836
occ_8d3a4ff3cf6b00621256831d28e1548d	SID531469	16250	16500	16201	12.652	12.652	49	19836
occ_8d3a4ff3cf6b00621256831d28e1548d	SID531469	16500	16750	16451	14.392	14.392	49	19836
occ_8d3a4ff3cf6b00621256831d28e1548d	SID531469	16750	17000	16701	13.928	13.928	49	19836
occ_8d3a4ff3cf6b00621256831d28e1548d	SID531469	17000	17250	16951	16.04	16.04	49	19836
occ_8d3a4ff3cf6b00621256831d28e1548d	SID531469	17250	17500	17201	13.156	13.152	49	19836
occ_8d3a4ff3cf6b00621256831d28e1548d	SID531469	17500	17750	17451	9.952	9.952	49	19836
occ_8d3a4ff3cf6b00621256831d28e1548d	SID531469	17750	18000	17701	8.964	8.964	49	19836
occ_8d3a4ff3cf6b00621256831d28e1548d	SID531469	18000	18250	17951	11.2	11.2	49	19836
occ_8d3a4ff3cf6b00621256831d28e1548d	SID531469	18250	18500	18201	13.744	13.736	49	19836
occ_8d3a4ff3cf6b00621256831d28e1548d	SID531469	18500	18750	18451	15.516	15.516	49	19836
occ_8d3a4ff3cf6b00621256831d28e1548d	SID531469	18750	19000	18701	14.908	14.908	49	19836
occ_8d3a4ff3cf6b00621256831d28e1548d	SID531469	19000	19250	18951	17.636	17.636	49	19836
occ_8d3a4ff3cf6b00621256831d28e1548d	SID531469	19250	19500	19201	16.708	16.708	49	19836
occ_8d3a4ff3cf6b00621256831d28e1548d	SID531469	19500	19750	19451	18.524	18.524	49	19836
occ_8d3a4ff3cf6b00621256831d28e1548d	SID531469	19750	20000	19701	9.6	9.6	49	19836
occ_8d3a4ff3cf6b00621256831d28e1548d	SID531469	20000	20250	19951	9.988	9.988	49	19836
occ_8d3a4ff3cf6b00621256831d28e1548d	SID531469	20250	20500	20201	12.396	12.396	49	19836
occ_8d3a4ff3cf6b00621256831d28e1548d	SID531469	20500	20750	20451	12.36	12.36	49	19836
occ_8d3a4ff3cf6b00621256831d28e1548d	SID531469	20750	21000	20701	11.536	11.536	49	19836
occ_8d3a4ff3cf6b00621256831d28e1548d	SID531469	21000	21250	20951	12.96	12.96	49	19836
occ_8d3a4ff3cf6b00621256831d28e1548d	SID531469	21250	21500	21201	11.928	11.928	49	19836
occ_8d3a4ff3cf6b00621256831d28e1548d	SID531469	21500	21750	21451	10.144	10.144	49	19836
occ_8d3a4ff3cf6b00621256831d28e1548d	SID531469	21750	22000	21701	9.024	9.024	49	19836
occ_8d3a4ff3cf6b00621256831d28e1548d	SID531469	22000	22250	21951	7.228	7.228	49	19836
occ_8d3a4ff3cf6b00621256831d28e1548d	SID531469	22250	22500	22201	9.868	9.868	49	19836
occ_8d3a4ff3cf6b00621256831d28e1548d	SID531469	22500	22750	22451	14.58	14.58	49	19836
occ_8d3a4ff3cf6b00621256831d28e1548d	SID531469	22750	23000	22701	10.028	10.028	49	19836
occ_8d3a4ff3cf6b00621256831d28e1548d	SID531469	23000	23250	22951	10.492	10.492	49	19836
occ_8d3a4ff3cf6b00621256831d28e1548d	SID531469	23250	23500	23201	11.484	11.484	49	19836
occ_8d3a4ff3cf6b00621256831d28e1548d	SID531469	23500	23750	23451	12.624	12.624	49	19836
occ_8d3a4ff3cf6b00621256831d28e1548d	SID531469	23750	24000	23701	11.404	11.404	49	19836
occ_8d3a4ff3cf6b00621256831d28e1548d	SID531469	24000	24250	23951	12.044	12.044	49	19836
occ_8d3a4ff3cf6b00621256831d28e1548d	SID531469	24250	24500	24201	13.548	13.548	49	19836
occ_8d3a4ff3cf6b00621256831d28e1548d	SID531469	24500	24750	24451	13.368	13.368	49	19836
occ_8d3a4ff3cf6b00621256831d28e1548d	SID531469	24750	24836	24701	9.290697674418604	9.290697674418604	49	19836
occ_b6554ce697fe3cac2e155608222b2539	SID531469	0	250	0	17.23	17.23	0	35605
occ_b6554ce697fe3cac2e155608222b2539	SID531469	250	500	250	17.848	17.848	0	35605
occ_b6554ce697fe3cac2e155608222b2539	SID531469	500	750	500	15.372	15.372	0	35605
occ_b6554ce697fe3cac2e155608222b2539	SID531469	750	1000	750	17.484	17.484	0	35605
occ_b6554ce697fe3cac2e155608222b2539	SID531469	1000	1250	1000	12.1	12.1	0	35605
occ_b6554ce697fe3cac2e155608222b2539	SID531469	1250	1500	1250	17.812	17.812	0	35605
occ_b6554ce697fe3cac2e155608222b2539	SID531469	1500	1750	1500	15.136	15.136	0	35605
occ_b6554ce697fe3cac2e155608222b2539	SID531469	1750	2000	1750	21.448	21.448	0	35605
occ_b6554ce697fe3cac2e155608222b2539	SID531469	2000	2250	2000	14.712	14.712	0	35605
occ_b6554ce697fe3cac2e155608222b2539	SID531469	2250	2500	2250	15.312	14.98	0	35605
occ_b6554ce697fe3cac2e155608222b2539	SID531469	2500	2750	2500	12.944	12.944	0	35605
occ_b6554ce697fe3cac2e155608222b2539	SID531469	2750	3000	2750	14.856	14.856	0	35605
occ_b6554ce697fe3cac2e155608222b2539	SID531469	3000	3250	3000	16.676	16.676	0	35605
occ_b6554ce697fe3cac2e155608222b2539	SID531469	3250	3500	3250	14.92	14.92	0	35605
occ_b6554ce697fe3cac2e155608222b2539	SID531469	3500	3750	3500	15.076	15.076	0	35605
occ_b6554ce697fe3cac2e155608222b2539	SID531469	3750	4000	3750	16.464	16.464	0	35605
occ_b6554ce697fe3cac2e155608222b2539	SID531469	4000	4250	4000	15.728	15.568	0	35605
occ_b6554ce697fe3cac2e155608222b2539	SID531469	4250	4500	4250	12.196	11.268	0	35605
occ_b6554ce697fe3cac2e155608222b2539	SID531469	4500	4750	4500	12.716	12.716	0	35605
occ_b6554ce697fe3cac2e155608222b2539	SID531469	4750	5000	4750	14.728	14.728	0	35605
occ_b6554ce697fe3cac2e155608222b2539	SID531469	5000	5250	5000	15.46	15.46	0	35605
occ_b6554ce697fe3cac2e155608222b2539	SID531469	5250	5500	5250	18.632	18.632	0	35605
occ_b6554ce697fe3cac2e155608222b2539	SID531469	5500	5750	5500	21.396	21.396	0	35605
occ_b6554ce697fe3cac2e155608222b2539	SID531469	5750	6000	5750	19.112	19.112	0	35605
occ_b6554ce697fe3cac2e155608222b2539	SID531469	6000	6250	6000	18.752	18.752	0	35605
occ_b6554ce697fe3cac2e155608222b2539	SID531469	6250	6500	6250	17.576	17.576	0	35605
occ_b6554ce697fe3cac2e155608222b2539	SID531469	6500	6750	6500	12.116	12.116	0	35605
occ_b6554ce697fe3cac2e155608222b2539	SID531469	6750	7000	6750	16.476	16.476	0	35605
occ_b6554ce697fe3cac2e155608222b2539	SID531469	7000	7250	7000	13.512	13.512	0	35605
occ_b6554ce697fe3cac2e155608222b2539	SID531469	7250	7500	7250	20.924	20.924	0	35605
occ_b6554ce697fe3cac2e155608222b2539	SID531469	7500	7750	7500	16.7	16.7	0	35605
occ_b6554ce697fe3cac2e155608222b2539	SID531469	7750	8000	7750	13.668	13.668	0	35605
occ_b6554ce697fe3cac2e155608222b2539	SID531469	8000	8250	8000	13.7	13.696	0	35605
occ_b6554ce697fe3cac2e155608222b2539	SID531469	8250	8500	8250	15.924	15.924	0	35605
occ_b6554ce697fe3cac2e155608222b2539	SID531469	8500	8750	8500	19.724	19.724	0	35605
occ_b6554ce697fe3cac2e155608222b2539	SID531469	8750	9000	8750	15.788	15.788	0	35605
occ_b6554ce697fe3cac2e155608222b2539	SID531469	9000	9250	9000	16.212	16.212	0	35605
occ_b6554ce697fe3cac2e155608222b2539	SID531469	9250	9500	9250	14.968	14.968	0	35605
occ_b6554ce697fe3cac2e155608222b2539	SID531469	9500	9750	9500	16.412	16.412	0	35605
occ_b6554ce697fe3cac2e155608222b2539	SID531469	9750	10000	9750	12.824	12.824	0	35605
occ_b6554ce697fe3cac2e155608222b2539	SID531469	10000	10250	10000	13.208	13.208	0	35605
occ_b6554ce697fe3cac2e155608222b2539	SID531469	10250	10500	10250	17.632	17.632	0	35605
occ_b6554ce697fe3cac2e155608222b2539	SID531469	10500	10750	10500	14.564	14.564	0	35605
occ_b6554ce697fe3cac2e155608222b2539	SID531469	10750	11000	10750	15.756	15.756	0	35605
occ_b6554ce697fe3cac2e155608222b2539	SID531469	11000	11250	11000	16.6	16.6	0	35605
occ_b6554ce697fe3cac2e155608222b2539	SID531469	11250	11500	11250	14.096	14.096	0	35605
occ_b6554ce697fe3cac2e155608222b2539	SID531469	11500	11750	11500	17.424	17.424	0	35605
occ_b6554ce697fe3cac2e155608222b2539	SID531469	11750	12000	11750	19.5	19.5	0	35605
occ_b6554ce697fe3cac2e155608222b2539	SID531469	12000	12250	12000	19.352	19.352	0	35605
occ_b6554ce697fe3cac2e155608222b2539	SID531469	12250	12500	12250	17.128	17.128	0	35605
occ_b6554ce697fe3cac2e155608222b2539	SID531469	12500	12750	12500	17.58	17.58	0	35605
occ_b6554ce697fe3cac2e155608222b2539	SID531469	12750	13000	12750	12.232	12.232	0	35605
occ_b6554ce697fe3cac2e155608222b2539	SID531469	13000	13250	13000	13.32	13.32	0	35605
occ_b6554ce697fe3cac2e155608222b2539	SID531469	13250	13500	13250	14.8	14.8	0	35605
occ_b6554ce697fe3cac2e155608222b2539	SID531469	13500	13750	13500	12.452	12.448	0	35605
occ_b6554ce697fe3cac2e155608222b2539	SID531469	13750	14000	13750	14.756	14.756	0	35605
occ_b6554ce697fe3cac2e155608222b2539	SID531469	14000	14250	14000	18.66	18.66	0	35605
occ_b6554ce697fe3cac2e155608222b2539	SID531469	14250	14500	14250	13.16	13.16	0	35605
occ_b6554ce697fe3cac2e155608222b2539	SID531469	14500	14750	14500	16.112	16.112	0	35605
occ_b6554ce697fe3cac2e155608222b2539	SID531469	14750	15000	14750	16.496	16.496	0	35605
occ_b6554ce697fe3cac2e155608222b2539	SID531469	15000	15250	15000	18.1	18.1	0	35605
occ_b6554ce697fe3cac2e155608222b2539	SID531469	15250	15500	15250	14.744	14.744	0	35605
occ_b6554ce697fe3cac2e155608222b2539	SID531469	15500	15750	15500	19.236	19.236	0	35605
occ_b6554ce697fe3cac2e155608222b2539	SID531469	15750	16000	15750	19.704	19.704	0	35605
occ_b6554ce697fe3cac2e155608222b2539	SID531469	16000	16250	16000	16.608	16.608	0	35605
occ_b6554ce697fe3cac2e155608222b2539	SID531469	16250	16500	16250	15.424	15.424	0	35605
occ_b6554ce697fe3cac2e155608222b2539	SID531469	16500	16750	16500	13.024	13.024	0	35605
occ_b6554ce697fe3cac2e155608222b2539	SID531469	16750	17000	16750	14.42	14.42	0	35605
occ_b6554ce697fe3cac2e155608222b2539	SID531469	17000	17250	17000	17.12	17.12	0	35605
occ_b6554ce697fe3cac2e155608222b2539	SID531469	17250	17500	17250	14.112	14.112	0	35605
occ_b6554ce697fe3cac2e155608222b2539	SID531469	17500	17750	17500	15.516	15.516	0	35605
occ_b6554ce697fe3cac2e155608222b2539	SID531469	17750	18000	17750	11.6	11.6	0	35605
occ_b6554ce697fe3cac2e155608222b2539	SID531469	18000	18250	18000	15.36	15.36	0	35605
occ_b6554ce697fe3cac2e155608222b2539	SID531469	18250	18500	18250	16.724	16.724	0	35605
occ_b6554ce697fe3cac2e155608222b2539	SID531469	18500	18750	18500	19.548	19.544	0	35605
occ_b6554ce697fe3cac2e155608222b2539	SID531469	18750	19000	18750	16.876	16.876	0	35605
occ_b6554ce697fe3cac2e155608222b2539	SID531469	19000	19250	19000	20.924	20.924	0	35605
occ_b6554ce697fe3cac2e155608222b2539	SID531469	19250	19500	19250	10.464	10.464	0	35605
occ_b6554ce697fe3cac2e155608222b2539	SID531469	19500	19750	19500	13.6	13.6	0	35605
occ_b6554ce697fe3cac2e155608222b2539	SID531469	19750	20000	19750	12.352	12.352	0	35605
occ_b6554ce697fe3cac2e155608222b2539	SID531469	20000	20250	20000	12.732	12.732	0	35605
occ_b6554ce697fe3cac2e155608222b2539	SID531469	20250	20500	20250	17.828	17.828	0	35605
occ_b6554ce697fe3cac2e155608222b2539	SID531469	20500	20750	20500	20.556	20.556	0	35605
occ_b6554ce697fe3cac2e155608222b2539	SID531469	20750	21000	20750	15.324	15.324	0	35605
occ_b6554ce697fe3cac2e155608222b2539	SID531469	21000	21250	21000	15.148	15.148	0	35605
occ_b6554ce697fe3cac2e155608222b2539	SID531469	21250	21500	21250	17.572	17.572	0	35605
occ_b6554ce697fe3cac2e155608222b2539	SID531469	21500	21750	21500	19.56	19.56	0	35605
occ_b6554ce697fe3cac2e155608222b2539	SID531469	21750	22000	21750	17.516	17.516	0	35605
occ_b6554ce697fe3cac2e155608222b2539	SID531469	22000	22250	22000	18.408	18.408	0	35605
occ_b6554ce697fe3cac2e155608222b2539	SID531469	22250	22500	22250	17.18	17.18	0	35605
occ_b6554ce697fe3cac2e155608222b2539	SID531469	22500	22750	22500	16.44	16.44	0	35605
occ_b6554ce697fe3cac2e155608222b2539	SID531469	22750	23000	22750	15.616	15.616	0	35605
occ_b6554ce697fe3cac2e155608222b2539	SID531469	23000	23250	23000	12.06	12.06	0	35605
occ_b6554ce697fe3cac2e155608222b2539	SID531469	23250	23500	23250	16.604	16.604	0	35605
occ_b6554ce697fe3cac2e155608222b2539	SID531469	23500	23750	23500	16.832	16.832	0	35605
occ_b6554ce697fe3cac2e155608222b2539	SID531469	23750	24000	23750	17.772	17.772	0	35605
occ_b6554ce697fe3cac2e155608222b2539	SID531469	24000	24250	24000	19.912	19.652	0	35605
occ_b6554ce697fe3cac2e155608222b2539	SID531469	24250	24500	24250	13.136	13.136	0	35605
occ_b6554ce697fe3cac2e155608222b2539	SID531469	24500	24750	24500	14.592	14.592	0	35605
occ_b6554ce697fe3cac2e155608222b2539	SID531469	24750	25000	24750	18.532	18.532	0	35605
occ_b6554ce697fe3cac2e155608222b2539	SID531469	25000	25250	25000	16.368	16.368	0	35605
occ_b6554ce697fe3cac2e155608222b2539	SID531469	25250	25500	25250	20.888	20.888	0	35605
occ_b6554ce697fe3cac2e155608222b2539	SID531469	25500	25750	25500	22.668	22.668	0	35605
occ_b6554ce697fe3cac2e155608222b2539	SID531469	25750	26000	25750	15.588	15.588	0	35605
occ_b6554ce697fe3cac2e155608222b2539	SID531469	26000	26250	26000	15.884	15.884	0	35605
occ_b6554ce697fe3cac2e155608222b2539	SID531469	26250	26500	26250	11.916	11.916	0	35605
occ_b6554ce697fe3cac2e155608222b2539	SID531469	26500	26750	26500	14.352	14.352	0	35605
occ_b6554ce697fe3cac2e155608222b2539	SID531469	26750	27000	26750	22.468	22.468	0	35605
occ_b6554ce697fe3cac2e155608222b2539	SID531469	27000	27250	27000	21.06	20.736	0	35605
occ_b6554ce697fe3cac2e155608222b2539	SID531469	27250	27500	27250	18.596	18.596	0	35605
occ_b6554ce697fe3cac2e155608222b2539	SID531469	27500	27750	27500	19.98	19.98	0	35605
occ_b6554ce697fe3cac2e155608222b2539	SID531469	27750	28000	27750	21.42	21.42	0	35605
occ_b6554ce697fe3cac2e155608222b2539	SID531469	28000	28250	28000	17.72	17.72	0	35605
occ_b6554ce697fe3cac2e155608222b2539	SID531469	28250	28500	28250	16.624	16.624	0	35605
occ_b6554ce697fe3cac2e155608222b2539	SID531469	28500	28750	28500	21.38	21.38	0	35605
occ_b6554ce697fe3cac2e155608222b2539	SID531469	28750	29000	28750	11.32	11.32	0	35605
occ_b6554ce697fe3cac2e155608222b2539	SID531469	29000	29250	29000	18.376	18.376	0	35605
occ_b6554ce697fe3cac2e155608222b2539	SID531469	29250	29500	29250	11.964	11.964	0	35605
occ_b6554ce697fe3cac2e155608222b2539	SID531469	29500	29750	29500	21.608	21.608	0	35605
occ_b6554ce697fe3cac2e155608222b2539	SID531469	29750	30000	29750	16.488	16.488	0	35605
occ_b6554ce697fe3cac2e155608222b2539	SID531469	30000	30250	30000	18.0	17.792	0	35605
occ_b6554ce697fe3cac2e155608222b2539	SID531469	30250	30500	30250	17.776	17.748	0	35605
occ_b6554ce697fe3cac2e155608222b2539	SID531469	30500	30750	30500	21.632	21.632	0	35605
occ_b6554ce697fe3cac2e155608222b2539	SID531469	30750	31000	30750	17.692	17.692	0	35605
occ_b6554ce697fe3cac2e155608222b2539	SID531469	31000	31250	31000	12.52	12.52	0	35605
occ_b6554ce697fe3cac2e155608222b2539	SID531469	31250	31500	31250	10.916	10.916	0	35605
occ_b6554ce697fe3cac2e155608222b2539	SID531469	31500	31750	31500	17.152	17.152	0	35605
occ_b6554ce697fe3cac2e155608222b2539	SID531469	31750	32000	31750	18.872	18.872	0	35605
occ_b6554ce697fe3cac2e155608222b2539	SID531469	32000	32250	32000	20.5	20.5	0	35605
occ_b6554ce697fe3cac2e155608222b2539	SID531469	32250	32500	32250	18.032	18.028	0	35605
occ_b6554ce697fe3cac2e155608222b2539	SID531469	32500	32750	32500	19.824	19.824	0	35605
occ_b6554ce697fe3cac2e155608222b2539	SID531469	32750	33000	32750	16.264	16.264	0	35605
occ_b6554ce697fe3cac2e155608222b2539	SID531469	33000	33250	33000	19.736	19.736	0	35605
occ_b6554ce697fe3cac2e155608222b2539	SID531469	33250	33500	33250	19.084	19.084	0	35605
occ_b6554ce697fe3cac2e155608222b2539	SID531469	33500	33750	33500	14.504	14.504	0	35605
occ_b6554ce697fe3cac2e155608222b2539	SID531469	33750	34000	33750	13.8	13.8	0	35605
occ_b6554ce697fe3cac2e155608222b2539	SID531469	34000	34250	34000	18.192	18.192	0	35605
occ_b6554ce697fe3cac2e155608222b2539	SID531469	34250	34500	34250	29.396	29.396	0	35605
occ_b6554ce697fe3cac2e155608222b2539	SID531469	34500	34750	34500	17.64	17.64	0	35605
occ_b6554ce697fe3cac2e155608222b2539	SID531469	34750	35000	34750	16.828	16.828	0	35605
occ_b6554ce697fe3cac2e155608222b2539	SID531469	35000	35250	35000	20.852	20.852	0	35605
occ_b6554ce697fe3cac2e155608222b2539	SID531469	35250	35500	35250	16.928	16.928	0	35605
occ_b6554ce697fe3cac2e155608222b2539	SID531469	35500	35750	35500	22.828	22.828	0	35605
occ_b6554ce697fe3cac2e155608222b2539	SID531469	35750	36000	35750	16.36	16.36	0	35605
occ_b6554ce697fe3cac2e155608222b2539	SID531469	36000	36250	36000	19.32	19.32	0	35605
occ_b6554ce697fe3cac2e155608222b2539	SID531469	36250	36500	36250	22.452	22.452	0	35605
occ_b6554ce697fe3cac2e155608222b2539	SID531469	36500	36750	36500	13.188	13.188	0	35605
occ_b6554ce697fe3cac2e155608222b2539	SID531469	36750	37000	36750	13.816	13.816	0	35605
occ_b6554ce697fe3cac2e155608222b2539	SID531469	37000	37250	37000	17.588	17.588	0	35605
occ_b6554ce697fe3cac2e155608222b2539	SID531469	37250	37500	37250	18.664	18.664	0	35605
occ_b6554ce697fe3cac2e155608222b2539	SID531469	37500	37750	37500	18.844	18.844	0	35605
occ_b6554ce697fe3cac2e155608222b2539	SID531469	37750	38000	37750	16.804	16.804	0	35605
occ_b6554ce697fe3cac2e155608222b2539	SID531469	38000	38250	38000	20.044	20.044	0	35605
occ_b6554ce697fe3cac2e155608222b2539	SID531469	38250	38500	38250	15.02	15.02	0	35605
occ_b6554ce697fe3cac2e155608222b2539	SID531469	38500	38750	38500	19.976	19.976	0	35605
occ_b6554ce697fe3cac2e155608222b2539	SID531469	38750	39000	38750	22.68	22.68	0	35605
occ_b6554ce697fe3cac2e155608222b2539	SID531469	39000	39250	39000	13.76	13.76	0	35605
occ_b6554ce697fe3cac2e155608222b2539	SID531469	39250	39500	39250	12.988	12.988	0	35605
occ_b6554ce697fe3cac2e155608222b2539	SID531469	39500	39750	39500	18.212	18.212	0	35605
occ_b6554ce697fe3cac2e155608222b2539	SID531469	39750	40000	39750	14.368	14.368	0	35605
occ_b6554ce697fe3cac2e155608222b2539	SID531469	40000	40250	40000	16.24	16.24	0	35605
occ_b6554ce697fe3cac2e155608222b2539	SID531469	40250	40500	40250	21.696	21.696	0	35605
occ_b6554ce697fe3cac2e155608222b2539	SID531469	40500	40605	40500	18.83809523809524	18.83809523809524	0	35605
occ_bd8052494d7ac3742c4108484e596840	SID531469	36077	36327	-5000	14.948	14.948	41077	49512
occ_bd8052494d7ac3742c4108484e596840	SID531469	36327	36577	-4750	15.528	15.528	41077	49512
occ_bd8052494d7ac3742c4108484e596840	SID531469	36577	36827	-4500	19.78	19.78	41077	49512
occ_bd8052494d7ac3742c4108484e596840	SID531469	36827	37077	-4250	20.312	20.312	41077	49512
occ_bd8052494d7ac3742c4108484e596840	SID531469	37077	37327	-4000	13.868	13.868	41077	49512
occ_bd8052494d7ac3742c4108484e596840	SID531469	37327	37577	-3750	11.588	11.588	41077	49512
occ_bd8052494d7ac3742c4108484e596840	SID531469	37577	37827	-3500	19.236	19.236	41077	49512
occ_bd8052494d7ac3742c4108484e596840	SID531469	37827	38077	-3250	20.176	20.176	41077	49512
occ_bd8052494d7ac3742c4108484e596840	SID531469	38077	38327	-3000	19.124	19.124	41077	49512
occ_bd8052494d7ac3742c4108484e596840	SID531469	38327	38577	-2750	18.072	18.072	41077	49512
occ_bd8052494d7ac3742c4108484e596840	SID531469	38577	38827	-2500	17.672	17.468	41077	49512
occ_bd8052494d7ac3742c4108484e596840	SID531469	38827	39077	-2250	15.048	14.868	41077	49512
occ_bd8052494d7ac3742c4108484e596840	SID531469	39077	39327	-2000	14.844	14.844	41077	49512
occ_bd8052494d7ac3742c4108484e596840	SID531469	39327	39577	-1750	19.608	19.608	41077	49512
occ_bd8052494d7ac3742c4108484e596840	SID531469	39577	39827	-1500	20.252	20.252	41077	49512
occ_bd8052494d7ac3742c4108484e596840	SID531469	39827	40077	-1250	21.02	21.02	41077	49512
occ_bd8052494d7ac3742c4108484e596840	SID531469	40077	40327	-1000	20.792	20.788	41077	49512
occ_bd8052494d7ac3742c4108484e596840	SID531469	40327	40577	-750	17.592	17.592	41077	49512
occ_bd8052494d7ac3742c4108484e596840	SID531469	40577	40827	-500	24.02	24.02	41077	49512
occ_bd8052494d7ac3742c4108484e596840	SID531469	40827	41077	-250	20.64	20.64	41077	49512
occ_bd8052494d7ac3742c4108484e596840	SID531469	41077	41327	0	16.376	16.376	41077	49512
occ_bd8052494d7ac3742c4108484e596840	SID531469	41327	41577	250	14.684	14.684	41077	49512
occ_bd8052494d7ac3742c4108484e596840	SID531469	41577	41827	500	16.44	16.44	41077	49512
occ_bd8052494d7ac3742c4108484e596840	SID531469	41827	42077	750	17.272	17.272	41077	49512
occ_bd8052494d7ac3742c4108484e596840	SID531469	42077	42327	1000	13.284	13.284	41077	49512
occ_bd8052494d7ac3742c4108484e596840	SID531469	42327	42577	1250	21.124	21.124	41077	49512
occ_bd8052494d7ac3742c4108484e596840	SID531469	42577	42827	1500	22.62	22.62	41077	49512
occ_bd8052494d7ac3742c4108484e596840	SID531469	42827	43077	1750	18.192	18.192	41077	49512
occ_bd8052494d7ac3742c4108484e596840	SID531469	43077	43327	2000	14.08	14.08	41077	49512
occ_bd8052494d7ac3742c4108484e596840	SID531469	43327	43577	2250	18.248	18.248	41077	49512
occ_bd8052494d7ac3742c4108484e596840	SID531469	43577	43827	2500	14.7	14.7	41077	49512
occ_bd8052494d7ac3742c4108484e596840	SID531469	43827	44077	2750	14.636	14.636	41077	49512
occ_bd8052494d7ac3742c4108484e596840	SID531469	44077	44327	3000	20.592	20.592	41077	49512
occ_bd8052494d7ac3742c4108484e596840	SID531469	44327	44577	3250	16.692	16.692	41077	49512
occ_bd8052494d7ac3742c4108484e596840	SID531469	44577	44827	3500	17.936	17.936	41077	49512
occ_bd8052494d7ac3742c4108484e596840	SID531469	44827	45077	3750	19.304	19.304	41077	49512
occ_bd8052494d7ac3742c4108484e596840	SID531469	45077	45327	4000	20.764	20.764	41077	49512
occ_bd8052494d7ac3742c4108484e596840	SID531469	45327	45577	4250	13.844	13.844	41077	49512
occ_bd8052494d7ac3742c4108484e596840	SID531469	45577	45827	4500	9.344	9.344	41077	49512
occ_bd8052494d7ac3742c4108484e596840	SID531469	45827	46077	4750	17.316	17.316	41077	49512
occ_bd8052494d7ac3742c4108484e596840	SID531469	46077	46327	5000	19.736	19.736	41077	49512
occ_bd8052494d7ac3742c4108484e596840	SID531469	46327	46577	5250	20.82	20.82	41077	49512
occ_bd8052494d7ac3742c4108484e596840	SID531469	46577	46827	5500	17.34	17.34	41077	49512
occ_bd8052494d7ac3742c4108484e596840	SID531469	46827	47077	5750	13.748	13.748	41077	49512
occ_bd8052494d7ac3742c4108484e596840	SID531469	47077	47327	6000	17.516	17.516	41077	49512
occ_bd8052494d7ac3742c4108484e596840	SID531469	47327	47577	6250	22.052	22.052	41077	49512
occ_bd8052494d7ac3742c4108484e596840	SID531469	47577	47827	6500	22.432	22.432	41077	49512
occ_bd8052494d7ac3742c4108484e596840	SID531469	47827	48077	6750	16.292	16.292	41077	49512
occ_bd8052494d7ac3742c4108484e596840	SID531469	48077	48327	7000	13.728	13.728	41077	49512
occ_bd8052494d7ac3742c4108484e596840	SID531469	48327	48577	7250	17.036	17.036	41077	49512
occ_bd8052494d7ac3742c4108484e596840	SID531469	48577	48827	7500	11.924	11.924	41077	49512
occ_bd8052494d7ac3742c4108484e596840	SID531469	48827	49077	7750	12.044	12.044	41077	49512
occ_bd8052494d7ac3742c4108484e596840	SID531469	49077	49327	8000	17.556	16.42	41077	49512
occ_bd8052494d7ac3742c4108484e596840	SID531469	49327	49513	8250	25.333333333333332	25.22222222222222	41077	49512
occ_bf97789682090dd28ca7821bd09341c7	SID531469	0	250	-4631	27.72	27.64	4631	14156
occ_bf97789682090dd28ca7821bd09341c7	SID531469	250	500	-4381	21.992	21.992	4631	14156
occ_bf97789682090dd28ca7821bd09341c7	SID531469	500	750	-4131	15.612	15.612	4631	14156
occ_bf97789682090dd28ca7821bd09341c7	SID531469	750	1000	-3881	19.416	19.416	4631	14156
occ_bf97789682090dd28ca7821bd09341c7	SID531469	1000	1250	-3631	16.636	16.636	4631	14156
occ_bf97789682090dd28ca7821bd09341c7	SID531469	1250	1500	-3381	17.368	17.368	4631	14156
occ_bf97789682090dd28ca7821bd09341c7	SID531469	1500	1750	-3131	23.636	23.636	4631	14156
occ_bf97789682090dd28ca7821bd09341c7	SID531469	1750	2000	-2881	18.816	18.816	4631	14156
occ_bf97789682090dd28ca7821bd09341c7	SID531469	2000	2250	-2631	16.092	16.092	4631	14156
occ_bf97789682090dd28ca7821bd09341c7	SID531469	2250	2500	-2381	10.056	10.056	4631	14156
occ_bf97789682090dd28ca7821bd09341c7	SID531469	2500	2750	-2131	17.14	17.14	4631	14156
occ_bf97789682090dd28ca7821bd09341c7	SID531469	2750	3000	-1881	16.216	16.216	4631	14156
occ_bf97789682090dd28ca7821bd09341c7	SID531469	3000	3250	-1631	21.084	21.084	4631	14156
occ_bf97789682090dd28ca7821bd09341c7	SID531469	3250	3500	-1381	21.1	21.1	4631	14156
occ_bf97789682090dd28ca7821bd09341c7	SID531469	3500	3750	-1131	10.768	10.768	4631	14156
occ_bf97789682090dd28ca7821bd09341c7	SID531469	3750	4000	-881	10.884	10.884	4631	14156
occ_bf97789682090dd28ca7821bd09341c7	SID531469	4000	4250	-631	11.908	11.908	4631	14156
occ_bf97789682090dd28ca7821bd09341c7	SID531469	4250	4500	-381	22.456	21.516	4631	14156
occ_bf97789682090dd28ca7821bd09341c7	SID531469	4500	4750	-131	20.448	19.852	4631	14156
occ_bf97789682090dd28ca7821bd09341c7	SID531469	4750	5000	119	23.248	23.248	4631	14156
occ_bf97789682090dd28ca7821bd09341c7	SID531469	5000	5250	369	14.98	14.98	4631	14156
occ_bf97789682090dd28ca7821bd09341c7	SID531469	5250	5500	619	14.304	14.304	4631	14156
occ_bf97789682090dd28ca7821bd09341c7	SID531469	5500	5750	869	14.86	14.86	4631	14156
occ_bf97789682090dd28ca7821bd09341c7	SID531469	5750	6000	1119	13.8	13.8	4631	14156
occ_bf97789682090dd28ca7821bd09341c7	SID531469	6000	6250	1369	19.08	19.08	4631	14156
occ_bf97789682090dd28ca7821bd09341c7	SID531469	6250	6500	1619	16.192	16.192	4631	14156
occ_bf97789682090dd28ca7821bd09341c7	SID531469	6500	6750	1869	20.808	20.808	4631	14156
occ_bf97789682090dd28ca7821bd09341c7	SID531469	6750	7000	2119	27.304	27.304	4631	14156
occ_bf97789682090dd28ca7821bd09341c7	SID531469	7000	7250	2369	20.096	20.096	4631	14156
occ_bf97789682090dd28ca7821bd09341c7	SID531469	7250	7500	2619	24.484	24.484	4631	14156
occ_bf97789682090dd28ca7821bd09341c7	SID531469	7500	7750	2869	22.576	22.576	4631	14156
occ_bf97789682090dd28ca7821bd09341c7	SID531469	7750	8000	3119	21.048	20.664	4631	14156
occ_bf97789682090dd28ca7821bd09341c7	SID531469	8000	8250	3369	21.828	21.828	4631	14156
occ_bf97789682090dd28ca7821bd09341c7	SID531469	8250	8500	3619	21.028	21.024	4631	14156
occ_bf97789682090dd28ca7821bd09341c7	SID531469	8500	8750	3869	19.976	19.976	4631	14156
occ_bf97789682090dd28ca7821bd09341c7	SID531469	8750	9000	4119	17.536	17.536	4631	14156
occ_bf97789682090dd28ca7821bd09341c7	SID531469	9000	9250	4369	22.788	22.78	4631	14156
occ_bf97789682090dd28ca7821bd09341c7	SID531469	9250	9500	4619	14.832	14.832	4631	14156
occ_bf97789682090dd28ca7821bd09341c7	SID531469	9500	9750	4869	20.416	20.416	4631	14156
occ_bf97789682090dd28ca7821bd09341c7	SID531469	9750	10000	5119	16.852	16.852	4631	14156
occ_bf97789682090dd28ca7821bd09341c7	SID531469	10000	10250	5369	13.496	13.496	4631	14156
occ_bf97789682090dd28ca7821bd09341c7	SID531469	10250	10500	5619	13.924	13.924	4631	14156
occ_bf97789682090dd28ca7821bd09341c7	SID531469	10500	10750	5869	19.804	19.804	4631	14156
occ_bf97789682090dd28ca7821bd09341c7	SID531469	10750	11000	6119	25.928	25.928	4631	14156
occ_bf97789682090dd28ca7821bd09341c7	SID531469	11000	11250	6369	18.644	18.64	4631	14156
occ_bf97789682090dd28ca7821bd09341c7	SID531469	11250	11500	6619	18.512	18.512	4631	14156
occ_bf97789682090dd28ca7821bd09341c7	SID531469	11500	11750	6869	18.464	18.464	4631	14156
occ_bf97789682090dd28ca7821bd09341c7	SID531469	11750	12000	7119	23.38	23.38	4631	14156
occ_bf97789682090dd28ca7821bd09341c7	SID531469	12000	12250	7369	16.052	16.048	4631	14156
occ_bf97789682090dd28ca7821bd09341c7	SID531469	12250	12500	7619	14.156	14.156	4631	14156
occ_bf97789682090dd28ca7821bd09341c7	SID531469	12500	12750	7869	17.604	17.604	4631	14156
occ_bf97789682090dd28ca7821bd09341c7	SID531469	12750	13000	8119	13.84	13.84	4631	14156
occ_bf97789682090dd28ca7821bd09341c7	SID531469	13000	13250	8369	18.984	18.984	4631	14156
occ_bf97789682090dd28ca7821bd09341c7	SID531469	13250	13500	8619	22.608	22.608	4631	14156
occ_bf97789682090dd28ca7821bd09341c7	SID531469	13500	13750	8869	14.308	14.308	4631	14156
occ_bf97789682090dd28ca7821bd09341c7	SID531469	13750	14000	9119	19.308	19.308	4631	14156
occ_bf97789682090dd28ca7821bd09341c7	SID531469	14000	14250	9369	10.632	10.632	4631	14156
occ_bf97789682090dd28ca7821bd09341c7	SID531469	14250	14500	9619	13.376	13.376	4631	14156
occ_bf97789682090dd28ca7821bd09341c7	SID531469	14500	14750	9869	12.032	12.032	4631	14156
occ_bf97789682090dd28ca7821bd09341c7	SID531469	14750	15000	10119	16.144	16.144	4631	14156
occ_bf97789682090dd28ca7821bd09341c7	SID531469	15000	15250	10369	18.652	18.652	4631	14156
occ_bf97789682090dd28ca7821bd09341c7	SID531469	15250	15500	10619	12.048	12.048	4631	14156
occ_bf97789682090dd28ca7821bd09341c7	SID531469	15500	15750	10869	18.904	18.904	4631	14156
occ_bf97789682090dd28ca7821bd09341c7	SID531469	15750	16000	11119	15.276	15.276	4631	14156
occ_bf97789682090dd28ca7821bd09341c7	SID531469	16000	16250	11369	17.752	17.752	4631	14156
occ_bf97789682090dd28ca7821bd09341c7	SID531469	16250	16500	11619	16.788	16.788	4631	14156
occ_bf97789682090dd28ca7821bd09341c7	SID531469	16500	16750	11869	18.756	18.756	4631	14156
occ_bf97789682090dd28ca7821bd09341c7	SID531469	16750	17000	12119	21.76	21.76	4631	14156
occ_bf97789682090dd28ca7821bd09341c7	SID531469	17000	17250	12369	13.788	13.788	4631	14156
occ_bf97789682090dd28ca7821bd09341c7	SID531469	17250	17500	12619	17.244	17.244	4631	14156
occ_bf97789682090dd28ca7821bd09341c7	SID531469	17500	17750	12869	14.328	14.328	4631	14156
occ_bf97789682090dd28ca7821bd09341c7	SID531469	17750	18000	13119	9.828	9.828	4631	14156
occ_bf97789682090dd28ca7821bd09341c7	SID531469	18000	18250	13369	9.796	9.796	4631	14156
occ_bf97789682090dd28ca7821bd09341c7	SID531469	18250	18500	13619	14.932	14.932	4631	14156
occ_bf97789682090dd28ca7821bd09341c7	SID531469	18500	18750	13869	20.292	20.292	4631	14156
occ_bf97789682090dd28ca7821bd09341c7	SID531469	18750	19000	14119	19.572	19.572	4631	14156
occ_bf97789682090dd28ca7821bd09341c7	SID531469	19000	19156	14369	19.192307692307693	19.192307692307693	4631	14156
occ_c091fcf3b0ed1d6f586cef31b117f896	SID531469	11690	11940	-5000	14.376	14.376	16690	51884
occ_c091fcf3b0ed1d6f586cef31b117f896	SID531469	11940	12190	-4750	16.392	16.392	16690	51884
occ_c091fcf3b0ed1d6f586cef31b117f896	SID531469	12190	12440	-4500	19.856	19.856	16690	51884
occ_c091fcf3b0ed1d6f586cef31b117f896	SID531469	12440	12690	-4250	21.316	21.316	16690	51884
occ_c091fcf3b0ed1d6f586cef31b117f896	SID531469	12690	12940	-4000	18.308	18.308	16690	51884
occ_c091fcf3b0ed1d6f586cef31b117f896	SID531469	12940	13190	-3750	20.88	20.88	16690	51884
occ_c091fcf3b0ed1d6f586cef31b117f896	SID531469	13190	13440	-3500	16.436	16.436	16690	51884
occ_c091fcf3b0ed1d6f586cef31b117f896	SID531469	13440	13690	-3250	15.772	15.772	16690	51884
occ_c091fcf3b0ed1d6f586cef31b117f896	SID531469	13690	13940	-3000	17.612	17.612	16690	51884
occ_c091fcf3b0ed1d6f586cef31b117f896	SID531469	13940	14190	-2750	20.22	20.22	16690	51884
occ_c091fcf3b0ed1d6f586cef31b117f896	SID531469	14190	14440	-2500	19.368	19.368	16690	51884
occ_c091fcf3b0ed1d6f586cef31b117f896	SID531469	14440	14690	-2250	17.196	17.196	16690	51884
occ_c091fcf3b0ed1d6f586cef31b117f896	SID531469	14690	14940	-2000	15.424	15.424	16690	51884
occ_c091fcf3b0ed1d6f586cef31b117f896	SID531469	14940	15190	-1750	15.0	15.0	16690	51884
occ_c091fcf3b0ed1d6f586cef31b117f896	SID531469	15190	15440	-1500	17.528	17.528	16690	51884
occ_c091fcf3b0ed1d6f586cef31b117f896	SID531469	15440	15690	-1250	17.676	17.676	16690	51884
occ_c091fcf3b0ed1d6f586cef31b117f896	SID531469	15690	15940	-1000	17.844	17.844	16690	51884
occ_c091fcf3b0ed1d6f586cef31b117f896	SID531469	15940	16190	-750	15.228	15.228	16690	51884
occ_c091fcf3b0ed1d6f586cef31b117f896	SID531469	16190	16440	-500	19.432	19.432	16690	51884
occ_c091fcf3b0ed1d6f586cef31b117f896	SID531469	16440	16690	-250	15.72	15.72	16690	51884
occ_c091fcf3b0ed1d6f586cef31b117f896	SID531469	16690	16940	0	14.892	14.892	16690	51884
occ_c091fcf3b0ed1d6f586cef31b117f896	SID531469	16940	17190	250	15.236	15.236	16690	51884
occ_c091fcf3b0ed1d6f586cef31b117f896	SID531469	17190	17440	500	11.028	11.028	16690	51884
occ_c091fcf3b0ed1d6f586cef31b117f896	SID531469	17440	17690	750	15.252	15.252	16690	51884
occ_c091fcf3b0ed1d6f586cef31b117f896	SID531469	17690	17940	1000	16.808	16.808	16690	51884
occ_c091fcf3b0ed1d6f586cef31b117f896	SID531469	17940	18190	1250	17.276	17.276	16690	51884
occ_c091fcf3b0ed1d6f586cef31b117f896	SID531469	18190	18440	1500	18.68	18.68	16690	51884
occ_c091fcf3b0ed1d6f586cef31b117f896	SID531469	18440	18690	1750	20.22	20.22	16690	51884
occ_c091fcf3b0ed1d6f586cef31b117f896	SID531469	18690	18940	2000	15.512	15.512	16690	51884
occ_c091fcf3b0ed1d6f586cef31b117f896	SID531469	18940	19190	2250	13.016	13.012	16690	51884
occ_c091fcf3b0ed1d6f586cef31b117f896	SID531469	19190	19440	2500	14.74	14.74	16690	51884
occ_c091fcf3b0ed1d6f586cef31b117f896	SID531469	19440	19690	2750	13.324	13.324	16690	51884
occ_c091fcf3b0ed1d6f586cef31b117f896	SID531469	19690	19940	3000	18.78	18.78	16690	51884
occ_c091fcf3b0ed1d6f586cef31b117f896	SID531469	19940	20190	3250	13.92	13.92	16690	51884
occ_c091fcf3b0ed1d6f586cef31b117f896	SID531469	20190	20440	3500	10.22	10.22	16690	51884
occ_c091fcf3b0ed1d6f586cef31b117f896	SID531469	20440	20690	3750	14.664	14.664	16690	51884
occ_c091fcf3b0ed1d6f586cef31b117f896	SID531469	20690	20940	4000	16.184	16.184	16690	51884
occ_c091fcf3b0ed1d6f586cef31b117f896	SID531469	20940	21190	4250	16.0	16.0	16690	51884
occ_c091fcf3b0ed1d6f586cef31b117f896	SID531469	21190	21440	4500	16.472	16.472	16690	51884
occ_c091fcf3b0ed1d6f586cef31b117f896	SID531469	21440	21690	4750	11.956	11.956	16690	51884
occ_c091fcf3b0ed1d6f586cef31b117f896	SID531469	21690	21940	5000	15.068	15.068	16690	51884
occ_c091fcf3b0ed1d6f586cef31b117f896	SID531469	21940	22190	5250	18.672	18.672	16690	51884
occ_c091fcf3b0ed1d6f586cef31b117f896	SID531469	22190	22440	5500	15.872	15.872	16690	51884
occ_c091fcf3b0ed1d6f586cef31b117f896	SID531469	22440	22690	5750	13.224	13.224	16690	51884
occ_c091fcf3b0ed1d6f586cef31b117f896	SID531469	22690	22940	6000	15.34	15.34	16690	51884
occ_c091fcf3b0ed1d6f586cef31b117f896	SID531469	22940	23190	6250	13.5	13.5	16690	51884
occ_c091fcf3b0ed1d6f586cef31b117f896	SID531469	23190	23440	6500	12.356	12.356	16690	51884
occ_c091fcf3b0ed1d6f586cef31b117f896	SID531469	23440	23690	6750	14.48	14.48	16690	51884
occ_c091fcf3b0ed1d6f586cef31b117f896	SID531469	23690	23940	7000	15.732	15.732	16690	51884
occ_c091fcf3b0ed1d6f586cef31b117f896	SID531469	23940	24190	7250	16.056	16.056	16690	51884
occ_c091fcf3b0ed1d6f586cef31b117f896	SID531469	24190	24440	7500	13.384	13.384	16690	51884
occ_c091fcf3b0ed1d6f586cef31b117f896	SID531469	24440	24690	7750	14.272	14.272	16690	51884
occ_c091fcf3b0ed1d6f586cef31b117f896	SID531469	24690	24940	8000	14.396	14.396	16690	51884
occ_c091fcf3b0ed1d6f586cef31b117f896	SID531469	24940	25190	8250	9.864	9.864	16690	51884
occ_c091fcf3b0ed1d6f586cef31b117f896	SID531469	25190	25440	8500	14.668	14.668	16690	51884
occ_c091fcf3b0ed1d6f586cef31b117f896	SID531469	25440	25690	8750	18.368	18.368	16690	51884
occ_c091fcf3b0ed1d6f586cef31b117f896	SID531469	25690	25940	9000	15.092	15.092	16690	51884
occ_c091fcf3b0ed1d6f586cef31b117f896	SID531469	25940	26190	9250	13.512	13.512	16690	51884
occ_c091fcf3b0ed1d6f586cef31b117f896	SID531469	26190	26440	9500	12.348	12.348	16690	51884
occ_c091fcf3b0ed1d6f586cef31b117f896	SID531469	26440	26690	9750	15.112	15.112	16690	51884
occ_c091fcf3b0ed1d6f586cef31b117f896	SID531469	26690	26940	10000	17.084	17.084	16690	51884
occ_c091fcf3b0ed1d6f586cef31b117f896	SID531469	26940	27190	10250	12.604	12.604	16690	51884
occ_c091fcf3b0ed1d6f586cef31b117f896	SID531469	27190	27440	10500	13.572	13.572	16690	51884
occ_c091fcf3b0ed1d6f586cef31b117f896	SID531469	27440	27690	10750	15.184	15.184	16690	51884
occ_c091fcf3b0ed1d6f586cef31b117f896	SID531469	27690	27940	11000	14.348	14.348	16690	51884
occ_c091fcf3b0ed1d6f586cef31b117f896	SID531469	27940	28190	11250	16.7	16.7	16690	51884
occ_c091fcf3b0ed1d6f586cef31b117f896	SID531469	28190	28440	11500	15.3	15.3	16690	51884
occ_c091fcf3b0ed1d6f586cef31b117f896	SID531469	28440	28690	11750	15.56	15.56	16690	51884
occ_c091fcf3b0ed1d6f586cef31b117f896	SID531469	28690	28940	12000	17.46	17.46	16690	51884
occ_c091fcf3b0ed1d6f586cef31b117f896	SID531469	28940	29190	12250	17.62	17.62	16690	51884
occ_c091fcf3b0ed1d6f586cef31b117f896	SID531469	29190	29440	12500	19.848	19.848	16690	51884
occ_c091fcf3b0ed1d6f586cef31b117f896	SID531469	29440	29690	12750	10.8	10.8	16690	51884
occ_c091fcf3b0ed1d6f586cef31b117f896	SID531469	29690	29940	13000	11.372	11.372	16690	51884
occ_c091fcf3b0ed1d6f586cef31b117f896	SID531469	29940	30190	13250	13.332	13.332	16690	51884
occ_c091fcf3b0ed1d6f586cef31b117f896	SID531469	30190	30440	13500	15.86	15.86	16690	51884
occ_c091fcf3b0ed1d6f586cef31b117f896	SID531469	30440	30690	13750	14.952	14.952	16690	51884
occ_c091fcf3b0ed1d6f586cef31b117f896	SID531469	30690	30940	14000	14.556	14.556	16690	51884
occ_c091fcf3b0ed1d6f586cef31b117f896	SID531469	30940	31190	14250	11.656	11.656	16690	51884
occ_c091fcf3b0ed1d6f586cef31b117f896	SID531469	31190	31440	14500	15.204	15.204	16690	51884
occ_c091fcf3b0ed1d6f586cef31b117f896	SID531469	31440	31690	14750	17.152	17.152	16690	51884
occ_c091fcf3b0ed1d6f586cef31b117f896	SID531469	31690	31940	15000	11.624	11.624	16690	51884
occ_c091fcf3b0ed1d6f586cef31b117f896	SID531469	31940	32190	15250	9.54	9.54	16690	51884
occ_c091fcf3b0ed1d6f586cef31b117f896	SID531469	32190	32440	15500	20.72	20.72	16690	51884
occ_c091fcf3b0ed1d6f586cef31b117f896	SID531469	32440	32690	15750	23.188	23.188	16690	51884
occ_c091fcf3b0ed1d6f586cef31b117f896	SID531469	32690	32940	16000	12.568	12.568	16690	51884
occ_c091fcf3b0ed1d6f586cef31b117f896	SID531469	32940	33190	16250	16.104	16.104	16690	51884
occ_c091fcf3b0ed1d6f586cef31b117f896	SID531469	33190	33440	16500	14.336	14.336	16690	51884
occ_c091fcf3b0ed1d6f586cef31b117f896	SID531469	33440	33690	16750	9.696	9.696	16690	51884
occ_c091fcf3b0ed1d6f586cef31b117f896	SID531469	33690	33940	17000	9.384	9.384	16690	51884
occ_c091fcf3b0ed1d6f586cef31b117f896	SID531469	33940	34190	17250	9.656	9.656	16690	51884
occ_c091fcf3b0ed1d6f586cef31b117f896	SID531469	34190	34440	17500	11.208	11.208	16690	51884
occ_c091fcf3b0ed1d6f586cef31b117f896	SID531469	34440	34690	17750	12.796	12.796	16690	51884
occ_c091fcf3b0ed1d6f586cef31b117f896	SID531469	34690	34940	18000	12.456	12.456	16690	51884
occ_c091fcf3b0ed1d6f586cef31b117f896	SID531469	34940	35190	18250	12.836	12.836	16690	51884
occ_c091fcf3b0ed1d6f586cef31b117f896	SID531469	35190	35440	18500	13.324	13.324	16690	51884
occ_c091fcf3b0ed1d6f586cef31b117f896	SID531469	35440	35690	18750	12.56	12.56	16690	51884
occ_c091fcf3b0ed1d6f586cef31b117f896	SID531469	35690	35940	19000	12.556	12.556	16690	51884
occ_c091fcf3b0ed1d6f586cef31b117f896	SID531469	35940	36190	19250	8.092	8.092	16690	51884
occ_c091fcf3b0ed1d6f586cef31b117f896	SID531469	36190	36440	19500	10.432	10.432	16690	51884
occ_c091fcf3b0ed1d6f586cef31b117f896	SID531469	36440	36690	19750	12.616	12.616	16690	51884
occ_c091fcf3b0ed1d6f586cef31b117f896	SID531469	36690	36940	20000	12.96	12.96	16690	51884
occ_c091fcf3b0ed1d6f586cef31b117f896	SID531469	36940	37190	20250	10.296	10.296	16690	51884
occ_c091fcf3b0ed1d6f586cef31b117f896	SID531469	37190	37440	20500	11.152	11.152	16690	51884
occ_c091fcf3b0ed1d6f586cef31b117f896	SID531469	37440	37690	20750	13.468	13.468	16690	51884
occ_c091fcf3b0ed1d6f586cef31b117f896	SID531469	37690	37940	21000	11.052	11.052	16690	51884
occ_c091fcf3b0ed1d6f586cef31b117f896	SID531469	37940	38190	21250	11.264	11.264	16690	51884
occ_c091fcf3b0ed1d6f586cef31b117f896	SID531469	38190	38440	21500	13.016	13.016	16690	51884
occ_c091fcf3b0ed1d6f586cef31b117f896	SID531469	38440	38690	21750	16.184	16.184	16690	51884
occ_c091fcf3b0ed1d6f586cef31b117f896	SID531469	38690	38940	22000	15.632	15.632	16690	51884
occ_c091fcf3b0ed1d6f586cef31b117f896	SID531469	38940	39190	22250	12.276	12.276	16690	51884
occ_c091fcf3b0ed1d6f586cef31b117f896	SID531469	39190	39440	22500	13.54	13.54	16690	51884
occ_c091fcf3b0ed1d6f586cef31b117f896	SID531469	39440	39690	22750	16.568	16.568	16690	51884
occ_c091fcf3b0ed1d6f586cef31b117f896	SID531469	39690	39940	23000	13.144	13.144	16690	51884
occ_c091fcf3b0ed1d6f586cef31b117f896	SID531469	39940	40190	23250	12.368	12.368	16690	51884
occ_c091fcf3b0ed1d6f586cef31b117f896	SID531469	40190	40440	23500	14.588	14.588	16690	51884
occ_c091fcf3b0ed1d6f586cef31b117f896	SID531469	40440	40690	23750	13.94	13.94	16690	51884
occ_c091fcf3b0ed1d6f586cef31b117f896	SID531469	40690	40940	24000	13.228	13.228	16690	51884
occ_c091fcf3b0ed1d6f586cef31b117f896	SID531469	40940	41190	24250	12.948	12.948	16690	51884
occ_c091fcf3b0ed1d6f586cef31b117f896	SID531469	41190	41440	24500	11.684	11.684	16690	51884
occ_c091fcf3b0ed1d6f586cef31b117f896	SID531469	41440	41690	24750	10.144	10.144	16690	51884
occ_c091fcf3b0ed1d6f586cef31b117f896	SID531469	41690	41940	25000	10.616	10.616	16690	51884
occ_c091fcf3b0ed1d6f586cef31b117f896	SID531469	41940	42190	25250	20.82	20.82	16690	51884
occ_c091fcf3b0ed1d6f586cef31b117f896	SID531469	42190	42440	25500	18.832	18.832	16690	51884
occ_c091fcf3b0ed1d6f586cef31b117f896	SID531469	42440	42690	25750	12.756	12.756	16690	51884
occ_c091fcf3b0ed1d6f586cef31b117f896	SID531469	42690	42940	26000	14.928	14.928	16690	51884
occ_c091fcf3b0ed1d6f586cef31b117f896	SID531469	42940	43190	26250	13.74	13.74	16690	51884
occ_c091fcf3b0ed1d6f586cef31b117f896	SID531469	43190	43440	26500	15.112	15.112	16690	51884
occ_c091fcf3b0ed1d6f586cef31b117f896	SID531469	43440	43690	26750	14.968	14.968	16690	51884
occ_c091fcf3b0ed1d6f586cef31b117f896	SID531469	43690	43940	27000	15.18	15.18	16690	51884
occ_c091fcf3b0ed1d6f586cef31b117f896	SID531469	43940	44190	27250	17.004	17.004	16690	51884
occ_c091fcf3b0ed1d6f586cef31b117f896	SID531469	44190	44440	27500	18.312	18.312	16690	51884
occ_c091fcf3b0ed1d6f586cef31b117f896	SID531469	44440	44690	27750	19.052	19.052	16690	51884
occ_c091fcf3b0ed1d6f586cef31b117f896	SID531469	44690	44940	28000	13.308	13.308	16690	51884
occ_c091fcf3b0ed1d6f586cef31b117f896	SID531469	44940	45190	28250	11.18	11.18	16690	51884
occ_c091fcf3b0ed1d6f586cef31b117f896	SID531469	45190	45440	28500	12.68	12.68	16690	51884
occ_c091fcf3b0ed1d6f586cef31b117f896	SID531469	45440	45690	28750	13.368	13.368	16690	51884
occ_c091fcf3b0ed1d6f586cef31b117f896	SID531469	45690	45940	29000	10.132	10.132	16690	51884
occ_c091fcf3b0ed1d6f586cef31b117f896	SID531469	45940	46190	29250	10.82	10.82	16690	51884
occ_c091fcf3b0ed1d6f586cef31b117f896	SID531469	46190	46440	29500	13.836	13.836	16690	51884
occ_c091fcf3b0ed1d6f586cef31b117f896	SID531469	46440	46690	29750	13.468	13.468	16690	51884
occ_c091fcf3b0ed1d6f586cef31b117f896	SID531469	46690	46940	30000	13.332	13.332	16690	51884
occ_c091fcf3b0ed1d6f586cef31b117f896	SID531469	46940	47190	30250	18.124	18.124	16690	51884
occ_c091fcf3b0ed1d6f586cef31b117f896	SID531469	47190	47440	30500	18.284	18.284	16690	51884
occ_c091fcf3b0ed1d6f586cef31b117f896	SID531469	47440	47690	30750	19.9	19.9	16690	51884
occ_c091fcf3b0ed1d6f586cef31b117f896	SID531469	47690	47940	31000	17.796	17.796	16690	51884
occ_c091fcf3b0ed1d6f586cef31b117f896	SID531469	47940	48190	31250	18.404	18.4	16690	51884
occ_c091fcf3b0ed1d6f586cef31b117f896	SID531469	48190	48440	31500	17.372	17.372	16690	51884
occ_c091fcf3b0ed1d6f586cef31b117f896	SID531469	48440	48690	31750	12.56	12.56	16690	51884
occ_c091fcf3b0ed1d6f586cef31b117f896	SID531469	48690	48940	32000	13.824	13.824	16690	51884
occ_c091fcf3b0ed1d6f586cef31b117f896	SID531469	48940	49190	32250	13.684	13.684	16690	51884
occ_c091fcf3b0ed1d6f586cef31b117f896	SID531469	49190	49440	32500	16.66	16.66	16690	51884
occ_c091fcf3b0ed1d6f586cef31b117f896	SID531469	49440	49690	32750	12.076	12.076	16690	51884
occ_c091fcf3b0ed1d6f586cef31b117f896	SID531469	49690	49940	33000	9.408	9.408	16690	51884
occ_c091fcf3b0ed1d6f586cef31b117f896	SID531469	49940	50190	33250	11.052	11.052	16690	51884
occ_c091fcf3b0ed1d6f586cef31b117f896	SID531469	50190	50440	33500	12.288	12.288	16690	51884
occ_c091fcf3b0ed1d6f586cef31b117f896	SID531469	50440	50690	33750	11.028	11.028	16690	51884
occ_c091fcf3b0ed1d6f586cef31b117f896	SID531469	50690	50940	34000	12.28	12.28	16690	51884
occ_c091fcf3b0ed1d6f586cef31b117f896	SID531469	50940	51190	34250	12.328	12.328	16690	51884
occ_c091fcf3b0ed1d6f586cef31b117f896	SID531469	51190	51440	34500	17.224	17.132	16690	51884
occ_c091fcf3b0ed1d6f586cef31b117f896	SID531469	51440	51690	34750	17.196	16.904	16690	51884
occ_c091fcf3b0ed1d6f586cef31b117f896	SID531469	51690	51940	35000	14.008	14.008	16690	51884
occ_c091fcf3b0ed1d6f586cef31b117f896	SID531469	51940	52137	35250	17.829787234042552	17.829787234042552	16690	51884
occ_c197aaddd95c644d534e632ec67fe813	SID531469	27794	28044	-5000	44.54	44.54	32794	39128
occ_c197aaddd95c644d534e632ec67fe813	SID531469	28044	28294	-4750	36.084	36.084	32794	39128
occ_c197aaddd95c644d534e632ec67fe813	SID531469	28294	28544	-4500	35.572	35.572	32794	39128
occ_c197aaddd95c644d534e632ec67fe813	SID531469	28544	28794	-4250	31.456	31.456	32794	39128
occ_c197aaddd95c644d534e632ec67fe813	SID531469	28794	29044	-4000	40.42	40.42	32794	39128
occ_c197aaddd95c644d534e632ec67fe813	SID531469	29044	29294	-3750	40.452	40.452	32794	39128
occ_c197aaddd95c644d534e632ec67fe813	SID531469	29294	29544	-3500	40.28	40.28	32794	39128
occ_c197aaddd95c644d534e632ec67fe813	SID531469	29544	29794	-3250	38.616	38.616	32794	39128
occ_c197aaddd95c644d534e632ec67fe813	SID531469	29794	30044	-3000	40.184	40.184	32794	39128
occ_c197aaddd95c644d534e632ec67fe813	SID531469	30044	30294	-2750	39.652	39.652	32794	39128
occ_c197aaddd95c644d534e632ec67fe813	SID531469	30294	30544	-2500	44.244	44.244	32794	39128
occ_c197aaddd95c644d534e632ec67fe813	SID531469	30544	30794	-2250	43.356	43.356	32794	39128
occ_c197aaddd95c644d534e632ec67fe813	SID531469	30794	31044	-2000	39.968	39.968	32794	39128
occ_c197aaddd95c644d534e632ec67fe813	SID531469	31044	31294	-1750	38.464	38.464	32794	39128
occ_c197aaddd95c644d534e632ec67fe813	SID531469	31294	31544	-1500	34.628	34.628	32794	39128
occ_c197aaddd95c644d534e632ec67fe813	SID531469	31544	31794	-1250	39.388	39.388	32794	39128
occ_c197aaddd95c644d534e632ec67fe813	SID531469	31794	32044	-1000	46.888	46.888	32794	39128
occ_c197aaddd95c644d534e632ec67fe813	SID531469	32044	32294	-750	46.28	46.28	32794	39128
occ_c197aaddd95c644d534e632ec67fe813	SID531469	32294	32544	-500	35.328	35.328	32794	39128
occ_c197aaddd95c644d534e632ec67fe813	SID531469	32544	32794	-250	40.716	40.716	32794	39128
occ_c197aaddd95c644d534e632ec67fe813	SID531469	32794	33044	0	36.7	36.7	32794	39128
occ_c197aaddd95c644d534e632ec67fe813	SID531469	33044	33294	250	33.212	33.212	32794	39128
occ_c197aaddd95c644d534e632ec67fe813	SID531469	33294	33544	500	35.052	35.052	32794	39128
occ_c197aaddd95c644d534e632ec67fe813	SID531469	33544	33794	750	44.9	44.9	32794	39128
occ_c197aaddd95c644d534e632ec67fe813	SID531469	33794	34044	1000	35.044	35.044	32794	39128
occ_c197aaddd95c644d534e632ec67fe813	SID531469	34044	34294	1250	35.432	35.432	32794	39128
occ_c197aaddd95c644d534e632ec67fe813	SID531469	34294	34544	1500	44.884	44.884	32794	39128
occ_c197aaddd95c644d534e632ec67fe813	SID531469	34544	34794	1750	48.276	48.276	32794	39128
occ_c197aaddd95c644d534e632ec67fe813	SID531469	34794	35044	2000	31.508	31.508	32794	39128
occ_c197aaddd95c644d534e632ec67fe813	SID531469	35044	35294	2250	35.808	35.808	32794	39128
occ_c197aaddd95c644d534e632ec67fe813	SID531469	35294	35544	2500	45.104	45.104	32794	39128
occ_c197aaddd95c644d534e632ec67fe813	SID531469	35544	35794	2750	42.732	42.732	32794	39128
occ_c197aaddd95c644d534e632ec67fe813	SID531469	35794	36044	3000	33.936	33.936	32794	39128
occ_c197aaddd95c644d534e632ec67fe813	SID531469	36044	36294	3250	36.588	36.588	32794	39128
occ_c197aaddd95c644d534e632ec67fe813	SID531469	36294	36544	3500	43.164	43.164	32794	39128
occ_c197aaddd95c644d534e632ec67fe813	SID531469	36544	36794	3750	44.732	44.732	32794	39128
occ_c197aaddd95c644d534e632ec67fe813	SID531469	36794	37044	4000	38.256	38.256	32794	39128
occ_c197aaddd95c644d534e632ec67fe813	SID531469	37044	37294	4250	38.772	38.772	32794	39128
occ_c197aaddd95c644d534e632ec67fe813	SID531469	37294	37544	4500	42.592	42.592	32794	39128
occ_c197aaddd95c644d534e632ec67fe813	SID531469	37544	37794	4750	37.096	37.096	32794	39128
occ_c197aaddd95c644d534e632ec67fe813	SID531469	37794	38044	5000	36.212	36.212	32794	39128
occ_c197aaddd95c644d534e632ec67fe813	SID531469	38044	38294	5250	52.212	52.212	32794	39128
occ_c197aaddd95c644d534e632ec67fe813	SID531469	38294	38544	5500	47.748	47.748	32794	39128
occ_c197aaddd95c644d534e632ec67fe813	SID531469	38544	38794	5750	43.612	43.612	32794	39128
occ_c197aaddd95c644d534e632ec67fe813	SID531469	38794	39044	6000	48.43010752688172	48.43010752688172	32794	39128
occ_c197aaddd95c644d534e632ec67fe813	SID531469	39044	39130	6250	NA	NA	32794	39128
occ_c381a73818b8b35cb02101bb425d6792	SID531469	0	250	-233	19.57	19.57	233	18036
occ_c381a73818b8b35cb02101bb425d6792	SID531469	250	500	17	18.956	18.956	233	18036
occ_c381a73818b8b35cb02101bb425d6792	SID531469	500	750	267	11.356	11.356	233	18036
occ_c381a73818b8b35cb02101bb425d6792	SID531469	750	1000	517	9.804	9.804	233	18036
occ_c381a73818b8b35cb02101bb425d6792	SID531469	1000	1250	767	13.248	13.248	233	18036
occ_c381a73818b8b35cb02101bb425d6792	SID531469	1250	1500	1017	18.072	18.072	233	18036
occ_c381a73818b8b35cb02101bb425d6792	SID531469	1500	1750	1267	15.284	15.284	233	18036
occ_c381a73818b8b35cb02101bb425d6792	SID531469	1750	2000	1517	13.396	13.396	233	18036
occ_c381a73818b8b35cb02101bb425d6792	SID531469	2000	2250	1767	14.768	14.768	233	18036
occ_c381a73818b8b35cb02101bb425d6792	SID531469	2250	2500	2017	15.3	15.3	233	18036
occ_c381a73818b8b35cb02101bb425d6792	SID531469	2500	2750	2267	17.136	17.136	233	18036
occ_c381a73818b8b35cb02101bb425d6792	SID531469	2750	3000	2517	16.188	16.188	233	18036
occ_c381a73818b8b35cb02101bb425d6792	SID531469	3000	3250	2767	18.592	18.592	233	18036
occ_c381a73818b8b35cb02101bb425d6792	SID531469	3250	3500	3017	21.324	21.324	233	18036
occ_c381a73818b8b35cb02101bb425d6792	SID531469	3500	3750	3267	18.796	18.796	233	18036
occ_c381a73818b8b35cb02101bb425d6792	SID531469	3750	4000	3517	15.384	15.384	233	18036
occ_c381a73818b8b35cb02101bb425d6792	SID531469	4000	4250	3767	17.704	17.704	233	18036
occ_c381a73818b8b35cb02101bb425d6792	SID531469	4250	4500	4017	13.5	13.5	233	18036
occ_c381a73818b8b35cb02101bb425d6792	SID531469	4500	4750	4267	15.048	15.048	233	18036
occ_c381a73818b8b35cb02101bb425d6792	SID531469	4750	5000	4517	20.084	20.084	233	18036
occ_c381a73818b8b35cb02101bb425d6792	SID531469	5000	5250	4767	18.636	18.636	233	18036
occ_c381a73818b8b35cb02101bb425d6792	SID531469	5250	5500	5017	17.356	17.356	233	18036
occ_c381a73818b8b35cb02101bb425d6792	SID531469	5500	5750	5267	15.404	15.404	233	18036
occ_c381a73818b8b35cb02101bb425d6792	SID531469	5750	6000	5517	13.584	13.584	233	18036
occ_c381a73818b8b35cb02101bb425d6792	SID531469	6000	6250	5767	14.716	14.716	233	18036
occ_c381a73818b8b35cb02101bb425d6792	SID531469	6250	6500	6017	15.908	15.908	233	18036
occ_c381a73818b8b35cb02101bb425d6792	SID531469	6500	6750	6267	17.34	17.34	233	18036
occ_c381a73818b8b35cb02101bb425d6792	SID531469	6750	7000	6517	16.024	16.024	233	18036
occ_c381a73818b8b35cb02101bb425d6792	SID531469	7000	7250	6767	10.052	10.052	233	18036
occ_c381a73818b8b35cb02101bb425d6792	SID531469	7250	7500	7017	13.056	13.056	233	18036
occ_c381a73818b8b35cb02101bb425d6792	SID531469	7500	7750	7267	13.104	13.104	233	18036
occ_c381a73818b8b35cb02101bb425d6792	SID531469	7750	8000	7517	11.652	11.652	233	18036
occ_c381a73818b8b35cb02101bb425d6792	SID531469	8000	8250	7767	15.152	15.152	233	18036
occ_c381a73818b8b35cb02101bb425d6792	SID531469	8250	8500	8017	17.288	17.288	233	18036
occ_c381a73818b8b35cb02101bb425d6792	SID531469	8500	8750	8267	12.728	12.728	233	18036
occ_c381a73818b8b35cb02101bb425d6792	SID531469	8750	9000	8517	14.74	14.74	233	18036
occ_c381a73818b8b35cb02101bb425d6792	SID531469	9000	9250	8767	11.4	11.4	233	18036
occ_c381a73818b8b35cb02101bb425d6792	SID531469	9250	9500	9017	16.776	16.776	233	18036
occ_c381a73818b8b35cb02101bb425d6792	SID531469	9500	9750	9267	18.024	18.024	233	18036
occ_c381a73818b8b35cb02101bb425d6792	SID531469	9750	10000	9517	16.248	16.248	233	18036
occ_c381a73818b8b35cb02101bb425d6792	SID531469	10000	10250	9767	11.64	11.64	233	18036
occ_c381a73818b8b35cb02101bb425d6792	SID531469	10250	10500	10017	13.832	13.832	233	18036
occ_c381a73818b8b35cb02101bb425d6792	SID531469	10500	10750	10267	17.616	17.616	233	18036
occ_c381a73818b8b35cb02101bb425d6792	SID531469	10750	11000	10517	12.452	12.452	233	18036
occ_c381a73818b8b35cb02101bb425d6792	SID531469	11000	11250	10767	13.46	13.46	233	18036
occ_c381a73818b8b35cb02101bb425d6792	SID531469	11250	11500	11017	18.764	18.764	233	18036
occ_c381a73818b8b35cb02101bb425d6792	SID531469	11500	11750	11267	13.596	13.596	233	18036
occ_c381a73818b8b35cb02101bb425d6792	SID531469	11750	12000	11517	17.532	17.532	233	18036
occ_c381a73818b8b35cb02101bb425d6792	SID531469	12000	12250	11767	22.664	22.664	233	18036
occ_c381a73818b8b35cb02101bb425d6792	SID531469	12250	12500	12017	12.62	12.62	233	18036
occ_c381a73818b8b35cb02101bb425d6792	SID531469	12500	12750	12267	16.316	16.316	233	18036
occ_c381a73818b8b35cb02101bb425d6792	SID531469	12750	13000	12517	18.504	18.504	233	18036
occ_c381a73818b8b35cb02101bb425d6792	SID531469	13000	13250	12767	14.068	14.068	233	18036
occ_c381a73818b8b35cb02101bb425d6792	SID531469	13250	13500	13017	9.632	9.632	233	18036
occ_c381a73818b8b35cb02101bb425d6792	SID531469	13500	13750	13267	11.612	11.612	233	18036
occ_c381a73818b8b35cb02101bb425d6792	SID531469	13750	14000	13517	13.096	13.096	233	18036
occ_c381a73818b8b35cb02101bb425d6792	SID531469	14000	14250	13767	16.88	16.88	233	18036
occ_c381a73818b8b35cb02101bb425d6792	SID531469	14250	14500	14017	19.872	19.872	233	18036
occ_c381a73818b8b35cb02101bb425d6792	SID531469	14500	14750	14267	16.308	16.308	233	18036
occ_c381a73818b8b35cb02101bb425d6792	SID531469	14750	15000	14517	16.12	16.12	233	18036
occ_c381a73818b8b35cb02101bb425d6792	SID531469	15000	15250	14767	14.892	14.892	233	18036
occ_c381a73818b8b35cb02101bb425d6792	SID531469	15250	15500	15017	18.776	18.776	233	18036
occ_c381a73818b8b35cb02101bb425d6792	SID531469	15500	15750	15267	17.408	17.408	233	18036
occ_c381a73818b8b35cb02101bb425d6792	SID531469	15750	16000	15517	16.28	16.28	233	18036
occ_c381a73818b8b35cb02101bb425d6792	SID531469	16000	16250	15767	17.804	17.804	233	18036
occ_c381a73818b8b35cb02101bb425d6792	SID531469	16250	16500	16017	19.744	19.744	233	18036
occ_c381a73818b8b35cb02101bb425d6792	SID531469	16500	16750	16267	23.408	23.408	233	18036
occ_c381a73818b8b35cb02101bb425d6792	SID531469	16750	17000	16517	36.54	36.156	233	18036
occ_c381a73818b8b35cb02101bb425d6792	SID531469	17000	17250	16767	36.6	36.6	233	18036
occ_c381a73818b8b35cb02101bb425d6792	SID531469	17250	17500	17017	36.632	36.632	233	18036
occ_c381a73818b8b35cb02101bb425d6792	SID531469	17500	17750	17267	44.424	44.424	233	18036
occ_c381a73818b8b35cb02101bb425d6792	SID531469	17750	18000	17517	43.416	43.416	233	18036
occ_c381a73818b8b35cb02101bb425d6792	SID531469	18000	18250	17767	37.84	37.84	233	18036
occ_c381a73818b8b35cb02101bb425d6792	SID531469	18250	18500	18017	33.764	33.764	233	18036
occ_c381a73818b8b35cb02101bb425d6792	SID531469	18500	18750	18267	39.496	39.496	233	18036
occ_c381a73818b8b35cb02101bb425d6792	SID531469	18750	19000	18517	44.776	44.776	233	18036
occ_c381a73818b8b35cb02101bb425d6792	SID531469	19000	19250	18767	36.252	36.252	233	18036
occ_c381a73818b8b35cb02101bb425d6792	SID531469	19250	19500	19017	40.608	40.608	233	18036
occ_c381a73818b8b35cb02101bb425d6792	SID531469	19500	19750	19267	33.86	33.86	233	18036
occ_c381a73818b8b35cb02101bb425d6792	SID531469	19750	20000	19517	30.532	30.532	233	18036
occ_c381a73818b8b35cb02101bb425d6792	SID531469	20000	20250	19767	37.464	37.464	233	18036
occ_c381a73818b8b35cb02101bb425d6792	SID531469	20250	20500	20017	39.76	39.76	233	18036
occ_c381a73818b8b35cb02101bb425d6792	SID531469	20500	20750	20267	43.732	43.732	233	18036
occ_c381a73818b8b35cb02101bb425d6792	SID531469	20750	21000	20517	40.452	40.452	233	18036
occ_c381a73818b8b35cb02101bb425d6792	SID531469	21000	21250	20767	32.588	32.588	233	18036
occ_c381a73818b8b35cb02101bb425d6792	SID531469	21250	21500	21017	42.472	42.472	233	18036
occ_c381a73818b8b35cb02101bb425d6792	SID531469	21500	21750	21267	41.272	41.272	233	18036
occ_c381a73818b8b35cb02101bb425d6792	SID531469	21750	22000	21517	45.192	45.192	233	18036
occ_c381a73818b8b35cb02101bb425d6792	SID531469	22000	22250	21767	40.86	40.86	233	18036
occ_c381a73818b8b35cb02101bb425d6792	SID531469	22250	22500	22017	40.472	40.472	233	18036
occ_c381a73818b8b35cb02101bb425d6792	SID531469	22500	22750	22267	38.692	38.692	233	18036
occ_c381a73818b8b35cb02101bb425d6792	SID531469	22750	23000	22517	44.428	44.428	233	18036
occ_c381a73818b8b35cb02101bb425d6792	SID531469	23000	23036	22767	47.166666666666664	47.166666666666664	233	18036
occ_c445f30196aedfe1f67595dd85351912	SID531469	14561	14811	-5000	15.368	15.368	19561	84390
occ_c445f30196aedfe1f67595dd85351912	SID531469	14811	15061	-4750	10.656	10.656	19561	84390
occ_c445f30196aedfe1f67595dd85351912	SID531469	15061	15311	-4500	13.516	13.516	19561	84390
occ_c445f30196aedfe1f67595dd85351912	SID531469	15311	15561	-4250	16.776	16.776	19561	84390
occ_c445f30196aedfe1f67595dd85351912	SID531469	15561	15811	-4000	16.216	16.216	19561	84390
occ_c445f30196aedfe1f67595dd85351912	SID531469	15811	16061	-3750	17.132	17.132	19561	84390
occ_c445f30196aedfe1f67595dd85351912	SID531469	16061	16311	-3500	14.192	14.192	19561	84390
occ_c445f30196aedfe1f67595dd85351912	SID531469	16311	16561	-3250	17.476	17.476	19561	84390
occ_c445f30196aedfe1f67595dd85351912	SID531469	16561	16811	-3000	17.752	17.752	19561	84390
occ_c445f30196aedfe1f67595dd85351912	SID531469	16811	17061	-2750	15.396	15.396	19561	84390
occ_c445f30196aedfe1f67595dd85351912	SID531469	17061	17311	-2500	14.012	13.768	19561	84390
occ_c445f30196aedfe1f67595dd85351912	SID531469	17311	17561	-2250	13.188	13.188	19561	84390
occ_c445f30196aedfe1f67595dd85351912	SID531469	17561	17811	-2000	13.916	13.916	19561	84390
occ_c445f30196aedfe1f67595dd85351912	SID531469	17811	18061	-1750	16.432	16.432	19561	84390
occ_c445f30196aedfe1f67595dd85351912	SID531469	18061	18311	-1500	10.74	10.74	19561	84390
occ_c445f30196aedfe1f67595dd85351912	SID531469	18311	18561	-1250	11.8	11.8	19561	84390
occ_c445f30196aedfe1f67595dd85351912	SID531469	18561	18811	-1000	14.972	14.972	19561	84390
occ_c445f30196aedfe1f67595dd85351912	SID531469	18811	19061	-750	14.456	14.456	19561	84390
occ_c445f30196aedfe1f67595dd85351912	SID531469	19061	19311	-500	10.06	10.06	19561	84390
occ_c445f30196aedfe1f67595dd85351912	SID531469	19311	19561	-250	10.652	10.652	19561	84390
occ_c445f30196aedfe1f67595dd85351912	SID531469	19561	19811	0	15.544	15.544	19561	84390
occ_c445f30196aedfe1f67595dd85351912	SID531469	19811	20061	250	12.356	12.356	19561	84390
occ_c445f30196aedfe1f67595dd85351912	SID531469	20061	20311	500	12.984	12.984	19561	84390
occ_c445f30196aedfe1f67595dd85351912	SID531469	20311	20561	750	14.46	14.46	19561	84390
occ_c445f30196aedfe1f67595dd85351912	SID531469	20561	20811	1000	17.412	17.412	19561	84390
occ_c445f30196aedfe1f67595dd85351912	SID531469	20811	21061	1250	17.892	17.892	19561	84390
occ_c445f30196aedfe1f67595dd85351912	SID531469	21061	21311	1500	21.032	21.032	19561	84390
occ_c445f30196aedfe1f67595dd85351912	SID531469	21311	21561	1750	16.336	16.336	19561	84390
occ_c445f30196aedfe1f67595dd85351912	SID531469	21561	21811	2000	15.948	15.948	19561	84390
occ_c445f30196aedfe1f67595dd85351912	SID531469	21811	22061	2250	12.46	12.46	19561	84390
occ_c445f30196aedfe1f67595dd85351912	SID531469	22061	22311	2500	16.1	16.1	19561	84390
occ_c445f30196aedfe1f67595dd85351912	SID531469	22311	22561	2750	15.964	15.964	19561	84390
occ_c445f30196aedfe1f67595dd85351912	SID531469	22561	22811	3000	15.376	15.376	19561	84390
occ_c445f30196aedfe1f67595dd85351912	SID531469	22811	23061	3250	14.828	14.828	19561	84390
occ_c445f30196aedfe1f67595dd85351912	SID531469	23061	23311	3500	13.092	13.092	19561	84390
occ_c445f30196aedfe1f67595dd85351912	SID531469	23311	23561	3750	11.012	11.012	19561	84390
occ_c445f30196aedfe1f67595dd85351912	SID531469	23561	23811	4000	12.6	12.6	19561	84390
occ_c445f30196aedfe1f67595dd85351912	SID531469	23811	24061	4250	11.124	11.124	19561	84390
occ_c445f30196aedfe1f67595dd85351912	SID531469	24061	24311	4500	12.828	12.828	19561	84390
occ_c445f30196aedfe1f67595dd85351912	SID531469	24311	24561	4750	17.844	17.636	19561	84390
occ_c445f30196aedfe1f67595dd85351912	SID531469	24561	24811	5000	18.564	18.388	19561	84390
occ_c445f30196aedfe1f67595dd85351912	SID531469	24811	25061	5250	21.872	21.872	19561	84390
occ_c445f30196aedfe1f67595dd85351912	SID531469	25061	25311	5500	19.224	19.224	19561	84390
occ_c445f30196aedfe1f67595dd85351912	SID531469	25311	25561	5750	14.972	14.972	19561	84390
occ_c445f30196aedfe1f67595dd85351912	SID531469	25561	25811	6000	14.564	14.5	19561	84390
occ_c445f30196aedfe1f67595dd85351912	SID531469	25811	26061	6250	17.672	17.368	19561	84390
occ_c445f30196aedfe1f67595dd85351912	SID531469	26061	26311	6500	15.244	15.244	19561	84390
occ_c445f30196aedfe1f67595dd85351912	SID531469	26311	26561	6750	14.34	14.34	19561	84390
occ_c445f30196aedfe1f67595dd85351912	SID531469	26561	26811	7000	15.668	15.668	19561	84390
occ_c445f30196aedfe1f67595dd85351912	SID531469	26811	27061	7250	16.348	16.348	19561	84390
occ_c445f30196aedfe1f67595dd85351912	SID531469	27061	27311	7500	20.036	20.036	19561	84390
occ_c445f30196aedfe1f67595dd85351912	SID531469	27311	27561	7750	15.888	15.888	19561	84390
occ_c445f30196aedfe1f67595dd85351912	SID531469	27561	27811	8000	21.244	21.244	19561	84390
occ_c445f30196aedfe1f67595dd85351912	SID531469	27811	28061	8250	12.74	12.74	19561	84390
occ_c445f30196aedfe1f67595dd85351912	SID531469	28061	28311	8500	14.62	14.62	19561	84390
occ_c445f30196aedfe1f67595dd85351912	SID531469	28311	28561	8750	22.568	22.568	19561	84390
occ_c445f30196aedfe1f67595dd85351912	SID531469	28561	28811	9000	20.068	20.068	19561	84390
occ_c445f30196aedfe1f67595dd85351912	SID531469	28811	29061	9250	14.02	14.02	19561	84390
occ_c445f30196aedfe1f67595dd85351912	SID531469	29061	29311	9500	14.988	14.988	19561	84390
occ_c445f30196aedfe1f67595dd85351912	SID531469	29311	29561	9750	15.376	15.376	19561	84390
occ_c445f30196aedfe1f67595dd85351912	SID531469	29561	29811	10000	14.464	14.464	19561	84390
occ_c445f30196aedfe1f67595dd85351912	SID531469	29811	30061	10250	15.156	15.156	19561	84390
occ_c445f30196aedfe1f67595dd85351912	SID531469	30061	30311	10500	16.116	16.112	19561	84390
occ_c445f30196aedfe1f67595dd85351912	SID531469	30311	30561	10750	15.584	15.584	19561	84390
occ_c445f30196aedfe1f67595dd85351912	SID531469	30561	30811	11000	16.168	16.168	19561	84390
occ_c445f30196aedfe1f67595dd85351912	SID531469	30811	31061	11250	15.912	15.912	19561	84390
occ_c445f30196aedfe1f67595dd85351912	SID531469	31061	31311	11500	15.68	15.68	19561	84390
occ_c445f30196aedfe1f67595dd85351912	SID531469	31311	31561	11750	14.164	14.164	19561	84390
occ_c445f30196aedfe1f67595dd85351912	SID531469	31561	31811	12000	15.876	15.876	19561	84390
occ_c445f30196aedfe1f67595dd85351912	SID531469	31811	32061	12250	17.516	17.516	19561	84390
occ_c445f30196aedfe1f67595dd85351912	SID531469	32061	32311	12500	12.44	12.44	19561	84390
occ_c445f30196aedfe1f67595dd85351912	SID531469	32311	32561	12750	10.416	10.416	19561	84390
occ_c445f30196aedfe1f67595dd85351912	SID531469	32561	32811	13000	19.256	19.256	19561	84390
occ_c445f30196aedfe1f67595dd85351912	SID531469	32811	33061	13250	19.668	19.668	19561	84390
occ_c445f30196aedfe1f67595dd85351912	SID531469	33061	33311	13500	16.04	16.04	19561	84390
occ_c445f30196aedfe1f67595dd85351912	SID531469	33311	33561	13750	15.452	15.452	19561	84390
occ_c445f30196aedfe1f67595dd85351912	SID531469	33561	33811	14000	16.22	16.22	19561	84390
occ_c445f30196aedfe1f67595dd85351912	SID531469	33811	34061	14250	12.692	12.692	19561	84390
occ_c445f30196aedfe1f67595dd85351912	SID531469	34061	34311	14500	14.52	14.52	19561	84390
occ_c445f30196aedfe1f67595dd85351912	SID531469	34311	34561	14750	14.652	14.652	19561	84390
occ_c445f30196aedfe1f67595dd85351912	SID531469	34561	34811	15000	18.992	18.992	19561	84390
occ_c445f30196aedfe1f67595dd85351912	SID531469	34811	35061	15250	12.556	12.556	19561	84390
occ_c445f30196aedfe1f67595dd85351912	SID531469	35061	35311	15500	12.184	12.184	19561	84390
occ_c445f30196aedfe1f67595dd85351912	SID531469	35311	35561	15750	18.12	18.12	19561	84390
occ_c445f30196aedfe1f67595dd85351912	SID531469	35561	35811	16000	14.472	14.472	19561	84390
occ_c445f30196aedfe1f67595dd85351912	SID531469	35811	36061	16250	14.284	14.284	19561	84390
occ_c445f30196aedfe1f67595dd85351912	SID531469	36061	36311	16500	16.712	16.712	19561	84390
occ_c445f30196aedfe1f67595dd85351912	SID531469	36311	36561	16750	15.968	15.968	19561	84390
occ_c445f30196aedfe1f67595dd85351912	SID531469	36561	36811	17000	13.444	13.444	19561	84390
occ_c445f30196aedfe1f67595dd85351912	SID531469	36811	37061	17250	16.332	16.332	19561	84390
occ_c445f30196aedfe1f67595dd85351912	SID531469	37061	37311	17500	15.228	15.228	19561	84390
occ_c445f30196aedfe1f67595dd85351912	SID531469	37311	37561	17750	18.752	18.752	19561	84390
occ_c445f30196aedfe1f67595dd85351912	SID531469	37561	37811	18000	18.492	18.492	19561	84390
occ_c445f30196aedfe1f67595dd85351912	SID531469	37811	38061	18250	15.052	15.052	19561	84390
occ_c445f30196aedfe1f67595dd85351912	SID531469	38061	38311	18500	15.708	15.708	19561	84390
occ_c445f30196aedfe1f67595dd85351912	SID531469	38311	38561	18750	14.848	14.848	19561	84390
occ_c445f30196aedfe1f67595dd85351912	SID531469	38561	38811	19000	11.82	11.82	19561	84390
occ_c445f30196aedfe1f67595dd85351912	SID531469	38811	39061	19250	15.712	15.712	19561	84390
occ_c445f30196aedfe1f67595dd85351912	SID531469	39061	39311	19500	12.388	12.388	19561	84390
occ_c445f30196aedfe1f67595dd85351912	SID531469	39311	39561	19750	8.028	8.028	19561	84390
occ_c445f30196aedfe1f67595dd85351912	SID531469	39561	39811	20000	12.952	12.952	19561	84390
occ_c445f30196aedfe1f67595dd85351912	SID531469	39811	40061	20250	11.904	11.904	19561	84390
occ_c445f30196aedfe1f67595dd85351912	SID531469	40061	40311	20500	15.388	15.388	19561	84390
occ_c445f30196aedfe1f67595dd85351912	SID531469	40311	40561	20750	14.772	14.772	19561	84390
occ_c445f30196aedfe1f67595dd85351912	SID531469	40561	40811	21000	14.292	14.292	19561	84390
occ_c445f30196aedfe1f67595dd85351912	SID531469	40811	41061	21250	16.232	16.232	19561	84390
occ_c445f30196aedfe1f67595dd85351912	SID531469	41061	41311	21500	13.32	13.32	19561	84390
occ_c445f30196aedfe1f67595dd85351912	SID531469	41311	41561	21750	15.26	15.26	19561	84390
occ_c445f30196aedfe1f67595dd85351912	SID531469	41561	41811	22000	14.484	14.484	19561	84390
occ_c445f30196aedfe1f67595dd85351912	SID531469	41811	42061	22250	11.256	11.256	19561	84390
occ_c445f30196aedfe1f67595dd85351912	SID531469	42061	42311	22500	12.148	12.148	19561	84390
occ_c445f30196aedfe1f67595dd85351912	SID531469	42311	42561	22750	14.508	14.508	19561	84390
occ_c445f30196aedfe1f67595dd85351912	SID531469	42561	42811	23000	16.116	16.116	19561	84390
occ_c445f30196aedfe1f67595dd85351912	SID531469	42811	43061	23250	17.876	17.876	19561	84390
occ_c445f30196aedfe1f67595dd85351912	SID531469	43061	43311	23500	12.728	12.728	19561	84390
occ_c445f30196aedfe1f67595dd85351912	SID531469	43311	43561	23750	12.272	12.272	19561	84390
occ_c445f30196aedfe1f67595dd85351912	SID531469	43561	43811	24000	11.668	11.668	19561	84390
occ_c445f30196aedfe1f67595dd85351912	SID531469	43811	44061	24250	14.864	14.864	19561	84390
occ_c445f30196aedfe1f67595dd85351912	SID531469	44061	44311	24500	18.468	18.468	19561	84390
occ_c445f30196aedfe1f67595dd85351912	SID531469	44311	44561	24750	15.636	15.636	19561	84390
occ_c445f30196aedfe1f67595dd85351912	SID531469	44561	44811	25000	19.456	19.456	19561	84390
occ_c445f30196aedfe1f67595dd85351912	SID531469	44811	45061	25250	15.028	15.028	19561	84390
occ_c445f30196aedfe1f67595dd85351912	SID531469	45061	45311	25500	10.208	10.208	19561	84390
occ_c445f30196aedfe1f67595dd85351912	SID531469	45311	45561	25750	15.196	15.196	19561	84390
occ_c445f30196aedfe1f67595dd85351912	SID531469	45561	45811	26000	16.216	16.216	19561	84390
occ_c445f30196aedfe1f67595dd85351912	SID531469	45811	46061	26250	14.024	14.024	19561	84390
occ_c445f30196aedfe1f67595dd85351912	SID531469	46061	46311	26500	16.6	16.6	19561	84390
occ_c445f30196aedfe1f67595dd85351912	SID531469	46311	46561	26750	18.276	18.276	19561	84390
occ_c445f30196aedfe1f67595dd85351912	SID531469	46561	46811	27000	13.512	13.512	19561	84390
occ_c445f30196aedfe1f67595dd85351912	SID531469	46811	47061	27250	12.512	12.512	19561	84390
occ_c445f30196aedfe1f67595dd85351912	SID531469	47061	47311	27500	16.78	16.78	19561	84390
occ_c445f30196aedfe1f67595dd85351912	SID531469	47311	47561	27750	17.508	17.508	19561	84390
occ_c445f30196aedfe1f67595dd85351912	SID531469	47561	47811	28000	16.572	16.572	19561	84390
occ_c445f30196aedfe1f67595dd85351912	SID531469	47811	48061	28250	10.568	10.568	19561	84390
occ_c445f30196aedfe1f67595dd85351912	SID531469	48061	48311	28500	14.616	14.616	19561	84390
occ_c445f30196aedfe1f67595dd85351912	SID531469	48311	48561	28750	14.564	14.564	19561	84390
occ_c445f30196aedfe1f67595dd85351912	SID531469	48561	48811	29000	17.156	17.156	19561	84390
occ_c445f30196aedfe1f67595dd85351912	SID531469	48811	49061	29250	19.992	19.992	19561	84390
occ_c445f30196aedfe1f67595dd85351912	SID531469	49061	49311	29500	18.792	18.792	19561	84390
occ_c445f30196aedfe1f67595dd85351912	SID531469	49311	49561	29750	15.452	15.452	19561	84390
occ_c445f30196aedfe1f67595dd85351912	SID531469	49561	49811	30000	16.788	16.788	19561	84390
occ_c445f30196aedfe1f67595dd85351912	SID531469	49811	50061	30250	13.56	13.56	19561	84390
occ_c445f30196aedfe1f67595dd85351912	SID531469	50061	50311	30500	16.012	16.012	19561	84390
occ_c445f30196aedfe1f67595dd85351912	SID531469	50311	50561	30750	21.128	21.128	19561	84390
occ_c445f30196aedfe1f67595dd85351912	SID531469	50561	50811	31000	14.816	14.816	19561	84390
occ_c445f30196aedfe1f67595dd85351912	SID531469	50811	51061	31250	17.284	17.284	19561	84390
occ_c445f30196aedfe1f67595dd85351912	SID531469	51061	51311	31500	15.152	15.152	19561	84390
occ_c445f30196aedfe1f67595dd85351912	SID531469	51311	51561	31750	10.572	10.572	19561	84390
occ_c445f30196aedfe1f67595dd85351912	SID531469	51561	51811	32000	16.008	16.008	19561	84390
occ_c445f30196aedfe1f67595dd85351912	SID531469	51811	52061	32250	17.796	17.796	19561	84390
occ_c445f30196aedfe1f67595dd85351912	SID531469	52061	52311	32500	15.072	15.072	19561	84390
occ_c445f30196aedfe1f67595dd85351912	SID531469	52311	52561	32750	14.896	14.896	19561	84390
occ_c445f30196aedfe1f67595dd85351912	SID531469	52561	52811	33000	16.844	16.844	19561	84390
occ_c445f30196aedfe1f67595dd85351912	SID531469	52811	53061	33250	12.128	12.128	19561	84390
occ_c445f30196aedfe1f67595dd85351912	SID531469	53061	53311	33500	13.292	13.292	19561	84390
occ_c445f30196aedfe1f67595dd85351912	SID531469	53311	53561	33750	20.616	20.616	19561	84390
occ_c445f30196aedfe1f67595dd85351912	SID531469	53561	53811	34000	18.012	18.012	19561	84390
occ_c445f30196aedfe1f67595dd85351912	SID531469	53811	54061	34250	17.308	17.308	19561	84390
occ_c445f30196aedfe1f67595dd85351912	SID531469	54061	54311	34500	13.268	13.268	19561	84390
occ_c445f30196aedfe1f67595dd85351912	SID531469	54311	54561	34750	13.408	13.408	19561	84390
occ_c445f30196aedfe1f67595dd85351912	SID531469	54561	54811	35000	19.312	19.312	19561	84390
occ_c445f30196aedfe1f67595dd85351912	SID531469	54811	55061	35250	15.932	15.932	19561	84390
occ_c445f30196aedfe1f67595dd85351912	SID531469	55061	55311	35500	15.128	15.128	19561	84390
occ_c445f30196aedfe1f67595dd85351912	SID531469	55311	55561	35750	15.964	15.964	19561	84390
occ_c445f30196aedfe1f67595dd85351912	SID531469	55561	55811	36000	17.656	17.656	19561	84390
occ_c445f30196aedfe1f67595dd85351912	SID531469	55811	56061	36250	15.576	15.576	19561	84390
occ_c445f30196aedfe1f67595dd85351912	SID531469	56061	56311	36500	18.316	18.316	19561	84390
occ_c445f30196aedfe1f67595dd85351912	SID531469	56311	56561	36750	15.944	15.944	19561	84390
occ_c445f30196aedfe1f67595dd85351912	SID531469	56561	56811	37000	21.192	21.192	19561	84390
occ_c445f30196aedfe1f67595dd85351912	SID531469	56811	57061	37250	16.472	16.472	19561	84390
occ_c445f30196aedfe1f67595dd85351912	SID531469	57061	57311	37500	14.148	14.148	19561	84390
occ_c445f30196aedfe1f67595dd85351912	SID531469	57311	57561	37750	18.604	18.604	19561	84390
occ_c445f30196aedfe1f67595dd85351912	SID531469	57561	57811	38000	16.376	16.376	19561	84390
occ_c445f30196aedfe1f67595dd85351912	SID531469	57811	58061	38250	18.612	18.612	19561	84390
occ_c445f30196aedfe1f67595dd85351912	SID531469	58061	58311	38500	18.156	18.156	19561	84390
occ_c445f30196aedfe1f67595dd85351912	SID531469	58311	58561	38750	16.424	16.424	19561	84390
occ_c445f30196aedfe1f67595dd85351912	SID531469	58561	58811	39000	14.348	14.348	19561	84390
occ_c445f30196aedfe1f67595dd85351912	SID531469	58811	59061	39250	17.228	17.228	19561	84390
occ_c445f30196aedfe1f67595dd85351912	SID531469	59061	59311	39500	13.156	13.156	19561	84390
occ_c445f30196aedfe1f67595dd85351912	SID531469	59311	59561	39750	15.224	15.224	19561	84390
occ_c445f30196aedfe1f67595dd85351912	SID531469	59561	59811	40000	16.268	16.268	19561	84390
occ_c445f30196aedfe1f67595dd85351912	SID531469	59811	60061	40250	14.756	14.756	19561	84390
occ_c445f30196aedfe1f67595dd85351912	SID531469	60061	60311	40500	14.828	14.828	19561	84390
occ_c445f30196aedfe1f67595dd85351912	SID531469	60311	60561	40750	16.416	16.416	19561	84390
occ_c445f30196aedfe1f67595dd85351912	SID531469	60561	60811	41000	20.788	20.788	19561	84390
occ_c445f30196aedfe1f67595dd85351912	SID531469	60811	61061	41250	20.792	20.792	19561	84390
occ_c445f30196aedfe1f67595dd85351912	SID531469	61061	61311	41500	20.4	20.4	19561	84390
occ_c445f30196aedfe1f67595dd85351912	SID531469	61311	61561	41750	19.688	19.688	19561	84390
occ_c445f30196aedfe1f67595dd85351912	SID531469	61561	61811	42000	20.08	20.08	19561	84390
occ_c445f30196aedfe1f67595dd85351912	SID531469	61811	62061	42250	13.528	13.528	19561	84390
occ_c445f30196aedfe1f67595dd85351912	SID531469	62061	62311	42500	21.944	21.944	19561	84390
occ_c445f30196aedfe1f67595dd85351912	SID531469	62311	62561	42750	14.976	14.976	19561	84390
occ_c445f30196aedfe1f67595dd85351912	SID531469	62561	62811	43000	15.464	15.464	19561	84390
occ_c445f30196aedfe1f67595dd85351912	SID531469	62811	63061	43250	13.808	13.808	19561	84390
occ_c445f30196aedfe1f67595dd85351912	SID531469	63061	63311	43500	11.916	11.916	19561	84390
occ_c445f30196aedfe1f67595dd85351912	SID531469	63311	63561	43750	15.984	15.984	19561	84390
occ_c445f30196aedfe1f67595dd85351912	SID531469	63561	63811	44000	13.52	13.52	19561	84390
occ_c445f30196aedfe1f67595dd85351912	SID531469	63811	64061	44250	14.092	14.092	19561	84390
occ_c445f30196aedfe1f67595dd85351912	SID531469	64061	64311	44500	18.14	18.14	19561	84390
occ_c445f30196aedfe1f67595dd85351912	SID531469	64311	64561	44750	13.588	13.588	19561	84390
occ_c445f30196aedfe1f67595dd85351912	SID531469	64561	64811	45000	14.508	14.508	19561	84390
occ_c445f30196aedfe1f67595dd85351912	SID531469	64811	65061	45250	13.672	13.672	19561	84390
occ_c445f30196aedfe1f67595dd85351912	SID531469	65061	65311	45500	15.26	15.26	19561	84390
occ_c445f30196aedfe1f67595dd85351912	SID531469	65311	65561	45750	13.676	13.676	19561	84390
occ_c445f30196aedfe1f67595dd85351912	SID531469	65561	65811	46000	13.424	13.424	19561	84390
occ_c445f30196aedfe1f67595dd85351912	SID531469	65811	66061	46250	14.928	14.924	19561	84390
occ_c445f30196aedfe1f67595dd85351912	SID531469	66061	66311	46500	12.532	12.532	19561	84390
occ_c445f30196aedfe1f67595dd85351912	SID531469	66311	66561	46750	12.928	12.928	19561	84390
occ_c445f30196aedfe1f67595dd85351912	SID531469	66561	66811	47000	14.596	14.596	19561	84390
occ_c445f30196aedfe1f67595dd85351912	SID531469	66811	67061	47250	11.196	11.196	19561	84390
occ_c445f30196aedfe1f67595dd85351912	SID531469	67061	67311	47500	10.908	10.908	19561	84390
occ_c445f30196aedfe1f67595dd85351912	SID531469	67311	67561	47750	13.504	13.504	19561	84390
occ_c445f30196aedfe1f67595dd85351912	SID531469	67561	67811	48000	13.772	13.772	19561	84390
occ_c445f30196aedfe1f67595dd85351912	SID531469	67811	68061	48250	14.772	14.772	19561	84390
occ_c445f30196aedfe1f67595dd85351912	SID531469	68061	68311	48500	13.056	13.056	19561	84390
occ_c445f30196aedfe1f67595dd85351912	SID531469	68311	68561	48750	10.648	10.648	19561	84390
occ_c445f30196aedfe1f67595dd85351912	SID531469	68561	68811	49000	14.256	14.256	19561	84390
occ_c445f30196aedfe1f67595dd85351912	SID531469	68811	69061	49250	17.388	17.388	19561	84390
occ_c445f30196aedfe1f67595dd85351912	SID531469	69061	69311	49500	17.628	17.628	19561	84390
occ_c445f30196aedfe1f67595dd85351912	SID531469	69311	69561	49750	14.528	14.528	19561	84390
occ_c445f30196aedfe1f67595dd85351912	SID531469	69561	69811	50000	16.992	16.992	19561	84390
occ_c445f30196aedfe1f67595dd85351912	SID531469	69811	70061	50250	11.72	11.72	19561	84390
occ_c445f30196aedfe1f67595dd85351912	SID531469	70061	70311	50500	15.356	15.356	19561	84390
occ_c445f30196aedfe1f67595dd85351912	SID531469	70311	70561	50750	19.128	19.128	19561	84390
occ_c445f30196aedfe1f67595dd85351912	SID531469	70561	70811	51000	15.228	15.228	19561	84390
occ_c445f30196aedfe1f67595dd85351912	SID531469	70811	71061	51250	16.02	16.02	19561	84390
occ_c445f30196aedfe1f67595dd85351912	SID531469	71061	71311	51500	17.612	17.612	19561	84390
occ_c445f30196aedfe1f67595dd85351912	SID531469	71311	71561	51750	17.512	17.512	19561	84390
occ_c445f30196aedfe1f67595dd85351912	SID531469	71561	71811	52000	18.544	18.544	19561	84390
occ_c445f30196aedfe1f67595dd85351912	SID531469	71811	72061	52250	16.744	16.744	19561	84390
occ_c445f30196aedfe1f67595dd85351912	SID531469	72061	72311	52500	15.736	15.736	19561	84390
occ_c445f30196aedfe1f67595dd85351912	SID531469	72311	72561	52750	15.56	15.56	19561	84390
occ_c445f30196aedfe1f67595dd85351912	SID531469	72561	72811	53000	16.38	16.38	19561	84390
occ_c445f30196aedfe1f67595dd85351912	SID531469	72811	73061	53250	15.088	15.088	19561	84390
occ_c445f30196aedfe1f67595dd85351912	SID531469	73061	73311	53500	11.788	11.788	19561	84390
occ_c445f30196aedfe1f67595dd85351912	SID531469	73311	73561	53750	10.68	10.68	19561	84390
occ_c445f30196aedfe1f67595dd85351912	SID531469	73561	73811	54000	11.5	11.5	19561	84390
occ_c445f30196aedfe1f67595dd85351912	SID531469	73811	74061	54250	17.612	17.612	19561	84390
occ_c445f30196aedfe1f67595dd85351912	SID531469	74061	74311	54500	19.668	19.668	19561	84390
occ_c445f30196aedfe1f67595dd85351912	SID531469	74311	74561	54750	13.048	13.048	19561	84390
occ_c445f30196aedfe1f67595dd85351912	SID531469	74561	74811	55000	16.568	16.568	19561	84390
occ_c445f30196aedfe1f67595dd85351912	SID531469	74811	75061	55250	18.516	18.516	19561	84390
occ_c445f30196aedfe1f67595dd85351912	SID531469	75061	75311	55500	14.056	14.056	19561	84390
occ_c445f30196aedfe1f67595dd85351912	SID531469	75311	75561	55750	13.5	13.5	19561	84390
occ_c445f30196aedfe1f67595dd85351912	SID531469	75561	75811	56000	15.412	15.412	19561	84390
occ_c445f30196aedfe1f67595dd85351912	SID531469	75811	76061	56250	12.344	12.344	19561	84390
occ_c445f30196aedfe1f67595dd85351912	SID531469	76061	76311	56500	10.78	10.78	19561	84390
occ_c445f30196aedfe1f67595dd85351912	SID531469	76311	76561	56750	14.016	14.012	19561	84390
occ_c445f30196aedfe1f67595dd85351912	SID531469	76561	76811	57000	18.276	18.276	19561	84390
occ_c445f30196aedfe1f67595dd85351912	SID531469	76811	77061	57250	18.184	18.184	19561	84390
occ_c445f30196aedfe1f67595dd85351912	SID531469	77061	77311	57500	18.244	18.244	19561	84390
occ_c445f30196aedfe1f67595dd85351912	SID531469	77311	77561	57750	14.78	14.78	19561	84390
occ_c445f30196aedfe1f67595dd85351912	SID531469	77561	77811	58000	13.972	13.972	19561	84390
occ_c445f30196aedfe1f67595dd85351912	SID531469	77811	78061	58250	13.044	13.044	19561	84390
occ_c445f30196aedfe1f67595dd85351912	SID531469	78061	78311	58500	12.636	12.636	19561	84390
occ_c445f30196aedfe1f67595dd85351912	SID531469	78311	78561	58750	18.712	18.328	19561	84390
occ_c445f30196aedfe1f67595dd85351912	SID531469	78561	78811	59000	17.908	17.908	19561	84390
occ_c445f30196aedfe1f67595dd85351912	SID531469	78811	79061	59250	14.044	14.044	19561	84390
occ_c445f30196aedfe1f67595dd85351912	SID531469	79061	79311	59500	14.552	14.552	19561	84390
occ_c445f30196aedfe1f67595dd85351912	SID531469	79311	79561	59750	13.632	13.632	19561	84390
occ_c445f30196aedfe1f67595dd85351912	SID531469	79561	79811	60000	14.244	14.244	19561	84390
occ_c445f30196aedfe1f67595dd85351912	SID531469	79811	80061	60250	17.804	17.804	19561	84390
occ_c445f30196aedfe1f67595dd85351912	SID531469	80061	80311	60500	16.552	16.552	19561	84390
occ_c445f30196aedfe1f67595dd85351912	SID531469	80311	80561	60750	11.348	11.348	19561	84390
occ_c445f30196aedfe1f67595dd85351912	SID531469	80561	80811	61000	15.852	15.852	19561	84390
occ_c445f30196aedfe1f67595dd85351912	SID531469	80811	81061	61250	15.98	15.98	19561	84390
occ_c445f30196aedfe1f67595dd85351912	SID531469	81061	81311	61500	13.6	13.6	19561	84390
occ_c445f30196aedfe1f67595dd85351912	SID531469	81311	81561	61750	11.556	11.552	19561	84390
occ_c445f30196aedfe1f67595dd85351912	SID531469	81561	81811	62000	13.296	13.292	19561	84390
occ_c445f30196aedfe1f67595dd85351912	SID531469	81811	82061	62250	15.144	15.144	19561	84390
occ_c445f30196aedfe1f67595dd85351912	SID531469	82061	82311	62500	14.172	14.172	19561	84390
occ_c445f30196aedfe1f67595dd85351912	SID531469	82311	82561	62750	16.664	16.664	19561	84390
occ_c445f30196aedfe1f67595dd85351912	SID531469	82561	82811	63000	16.388	16.388	19561	84390
occ_c445f30196aedfe1f67595dd85351912	SID531469	82811	83061	63250	13.668	13.668	19561	84390
occ_c445f30196aedfe1f67595dd85351912	SID531469	83061	83311	63500	15.876	15.876	19561	84390
occ_c445f30196aedfe1f67595dd85351912	SID531469	83311	83561	63750	16.324	16.324	19561	84390
occ_c445f30196aedfe1f67595dd85351912	SID531469	83561	83811	64000	17.0	17.0	19561	84390
occ_c445f30196aedfe1f67595dd85351912	SID531469	83811	84061	64250	16.772	16.772	19561	84390
occ_c445f30196aedfe1f67595dd85351912	SID531469	84061	84311	64500	16.428	16.428	19561	84390
occ_c445f30196aedfe1f67595dd85351912	SID531469	84311	84561	64750	13.324	13.324	19561	84390
occ_c445f30196aedfe1f67595dd85351912	SID531469	84561	84811	65000	17.168	17.168	19561	84390
occ_c445f30196aedfe1f67595dd85351912	SID531469	84811	85061	65250	12.2	12.2	19561	84390
occ_c445f30196aedfe1f67595dd85351912	SID531469	85061	85311	65500	11.352	11.352	19561	84390
occ_c445f30196aedfe1f67595dd85351912	SID531469	85311	85561	65750	13.092	13.092	19561	84390
occ_c445f30196aedfe1f67595dd85351912	SID531469	85561	85811	66000	10.528	10.528	19561	84390
occ_c445f30196aedfe1f67595dd85351912	SID531469	85811	86061	66250	15.6	15.6	19561	84390
occ_c445f30196aedfe1f67595dd85351912	SID531469	86061	86311	66500	18.956	18.956	19561	84390
occ_c445f30196aedfe1f67595dd85351912	SID531469	86311	86561	66750	14.9	14.9	19561	84390
occ_c445f30196aedfe1f67595dd85351912	SID531469	86561	86811	67000	16.024	16.024	19561	84390
occ_c445f30196aedfe1f67595dd85351912	SID531469	86811	87061	67250	17.852	17.852	19561	84390
occ_c445f30196aedfe1f67595dd85351912	SID531469	87061	87311	67500	15.244	15.244	19561	84390
occ_c445f30196aedfe1f67595dd85351912	SID531469	87311	87561	67750	12.944	12.944	19561	84390
occ_c445f30196aedfe1f67595dd85351912	SID531469	87561	87811	68000	15.332	15.332	19561	84390
occ_c445f30196aedfe1f67595dd85351912	SID531469	87811	88061	68250	12.28	12.28	19561	84390
occ_c445f30196aedfe1f67595dd85351912	SID531469	88061	88311	68500	12.308	12.308	19561	84390
occ_c445f30196aedfe1f67595dd85351912	SID531469	88311	88561	68750	10.064	10.064	19561	84390
occ_c445f30196aedfe1f67595dd85351912	SID531469	88561	88811	69000	14.4	14.4	19561	84390
occ_c445f30196aedfe1f67595dd85351912	SID531469	88811	89061	69250	19.38	19.38	19561	84390
occ_c445f30196aedfe1f67595dd85351912	SID531469	89061	89311	69500	13.524	13.524	19561	84390
occ_c445f30196aedfe1f67595dd85351912	SID531469	89311	89390	69750	16.873417721518987	16.873417721518987	19561	84390
occ_d0a166666e3a73bf8070e3f70ff557e0	SID531469	26358	26608	-5000	15.5	15.5	31358	35926
occ_d0a166666e3a73bf8070e3f70ff557e0	SID531469	26608	26858	-4750	19.776	19.776	31358	35926
occ_d0a166666e3a73bf8070e3f70ff557e0	SID531469	26858	27108	-4500	22.316	22.316	31358	35926
occ_d0a166666e3a73bf8070e3f70ff557e0	SID531469	27108	27358	-4250	19.764	19.764	31358	35926
occ_d0a166666e3a73bf8070e3f70ff557e0	SID531469	27358	27608	-4000	20.464	20.464	31358	35926
occ_d0a166666e3a73bf8070e3f70ff557e0	SID531469	27608	27858	-3750	26.368	26.368	31358	35926
occ_d0a166666e3a73bf8070e3f70ff557e0	SID531469	27858	28108	-3500	25.332	25.328	31358	35926
occ_d0a166666e3a73bf8070e3f70ff557e0	SID531469	28108	28358	-3250	23.564	23.564	31358	35926
occ_d0a166666e3a73bf8070e3f70ff557e0	SID531469	28358	28608	-3000	24.4	24.392	31358	35926
occ_d0a166666e3a73bf8070e3f70ff557e0	SID531469	28608	28858	-2750	27.484	27.484	31358	35926
occ_d0a166666e3a73bf8070e3f70ff557e0	SID531469	28858	29108	-2500	20.94	20.94	31358	35926
occ_d0a166666e3a73bf8070e3f70ff557e0	SID531469	29108	29358	-2250	25.48	25.48	31358	35926
occ_d0a166666e3a73bf8070e3f70ff557e0	SID531469	29358	29608	-2000	27.68	27.68	31358	35926
occ_d0a166666e3a73bf8070e3f70ff557e0	SID531469	29608	29858	-1750	22.492	22.492	31358	35926
occ_d0a166666e3a73bf8070e3f70ff557e0	SID531469	29858	30108	-1500	29.268	29.268	31358	35926
occ_d0a166666e3a73bf8070e3f70ff557e0	SID531469	30108	30358	-1250	16.2	16.2	31358	35926
occ_d0a166666e3a73bf8070e3f70ff557e0	SID531469	30358	30608	-1000	16.72	16.72	31358	35926
occ_d0a166666e3a73bf8070e3f70ff557e0	SID531469	30608	30858	-750	24.284	24.284	31358	35926
occ_d0a166666e3a73bf8070e3f70ff557e0	SID531469	30858	31108	-500	18.916	18.916	31358	35926
occ_d0a166666e3a73bf8070e3f70ff557e0	SID531469	31108	31358	-250	21.132	21.132	31358	35926
occ_d0a166666e3a73bf8070e3f70ff557e0	SID531469	31358	31608	0	28.708	28.708	31358	35926
occ_d0a166666e3a73bf8070e3f70ff557e0	SID531469	31608	31858	250	20.44	20.056	31358	35926
occ_d0a166666e3a73bf8070e3f70ff557e0	SID531469	31858	32108	500	21.096	21.096	31358	35926
occ_d0a166666e3a73bf8070e3f70ff557e0	SID531469	32108	32358	750	4.956	4.956	31358	35926
occ_d0a166666e3a73bf8070e3f70ff557e0	SID531469	32358	32608	1000	4.732	4.732	31358	35926
occ_d0a166666e3a73bf8070e3f70ff557e0	SID531469	32608	32858	1250	5.588	5.588	31358	35926
occ_d0a166666e3a73bf8070e3f70ff557e0	SID531469	32858	33108	1500	6.428	6.428	31358	35926
occ_d0a166666e3a73bf8070e3f70ff557e0	SID531469	33108	33358	1750	8.356	8.356	31358	35926
occ_d0a166666e3a73bf8070e3f70ff557e0	SID531469	33358	33608	2000	3.736	3.736	31358	35926
occ_d0a166666e3a73bf8070e3f70ff557e0	SID531469	33608	33858	2250	5.692	5.692	31358	35926
occ_d0a166666e3a73bf8070e3f70ff557e0	SID531469	33858	34108	2500	5.828	5.828	31358	35926
occ_d0a166666e3a73bf8070e3f70ff557e0	SID531469	34108	34358	2750	4.696	4.696	31358	35926
occ_d0a166666e3a73bf8070e3f70ff557e0	SID531469	34358	34608	3000	8.292	8.292	31358	35926
occ_d0a166666e3a73bf8070e3f70ff557e0	SID531469	34608	34858	3250	6.64	6.64	31358	35926
occ_d0a166666e3a73bf8070e3f70ff557e0	SID531469	34858	35108	3500	5.036	5.036	31358	35926
occ_d0a166666e3a73bf8070e3f70ff557e0	SID531469	35108	35358	3750	5.728	5.728	31358	35926
occ_d0a166666e3a73bf8070e3f70ff557e0	SID531469	35358	35608	4000	7.276	7.064	31358	35926
occ_d0a166666e3a73bf8070e3f70ff557e0	SID531469	35608	35858	4250	5.223529411764706	4.970588235294118	31358	35926
occ_d0a166666e3a73bf8070e3f70ff557e0	SID531469	35858	35928	4500	NA	NA	31358	35926
occ_d35d133b09d0ad8b18dfbaf9a254d6eb	SID531469	0	250	-163	12.65	12.65	163	29376
occ_d35d133b09d0ad8b18dfbaf9a254d6eb	SID531469	250	500	87	10.06	10.06	163	29376
occ_d35d133b09d0ad8b18dfbaf9a254d6eb	SID531469	500	750	337	11.352	11.352	163	29376
occ_d35d133b09d0ad8b18dfbaf9a254d6eb	SID531469	750	1000	587	14.064	14.064	163	29376
occ_d35d133b09d0ad8b18dfbaf9a254d6eb	SID531469	1000	1250	837	9.764	9.764	163	29376
occ_d35d133b09d0ad8b18dfbaf9a254d6eb	SID531469	1250	1500	1087	9.604	9.604	163	29376
occ_d35d133b09d0ad8b18dfbaf9a254d6eb	SID531469	1500	1750	1337	12.672	12.672	163	29376
occ_d35d133b09d0ad8b18dfbaf9a254d6eb	SID531469	1750	2000	1587	11.168	11.168	163	29376
occ_d35d133b09d0ad8b18dfbaf9a254d6eb	SID531469	2000	2250	1837	12.924	12.924	163	29376
occ_d35d133b09d0ad8b18dfbaf9a254d6eb	SID531469	2250	2500	2087	13.444	13.444	163	29376
occ_d35d133b09d0ad8b18dfbaf9a254d6eb	SID531469	2500	2750	2337	12.848	12.848	163	29376
occ_d35d133b09d0ad8b18dfbaf9a254d6eb	SID531469	2750	3000	2587	13.9	13.9	163	29376
occ_d35d133b09d0ad8b18dfbaf9a254d6eb	SID531469	3000	3250	2837	11.312	11.312	163	29376
occ_d35d133b09d0ad8b18dfbaf9a254d6eb	SID531469	3250	3500	3087	13.58	13.58	163	29376
occ_d35d133b09d0ad8b18dfbaf9a254d6eb	SID531469	3500	3750	3337	16.124	16.124	163	29376
occ_d35d133b09d0ad8b18dfbaf9a254d6eb	SID531469	3750	4000	3587	14.444	14.444	163	29376
occ_d35d133b09d0ad8b18dfbaf9a254d6eb	SID531469	4000	4250	3837	12.096	12.096	163	29376
occ_d35d133b09d0ad8b18dfbaf9a254d6eb	SID531469	4250	4500	4087	14.84	14.84	163	29376
occ_d35d133b09d0ad8b18dfbaf9a254d6eb	SID531469	4500	4750	4337	13.784	13.784	163	29376
occ_d35d133b09d0ad8b18dfbaf9a254d6eb	SID531469	4750	5000	4587	12.732	12.732	163	29376
occ_d35d133b09d0ad8b18dfbaf9a254d6eb	SID531469	5000	5250	4837	9.456	9.456	163	29376
occ_d35d133b09d0ad8b18dfbaf9a254d6eb	SID531469	5250	5500	5087	10.4	10.4	163	29376
occ_d35d133b09d0ad8b18dfbaf9a254d6eb	SID531469	5500	5750	5337	13.216	13.216	163	29376
occ_d35d133b09d0ad8b18dfbaf9a254d6eb	SID531469	5750	6000	5587	13.952	13.952	163	29376
occ_d35d133b09d0ad8b18dfbaf9a254d6eb	SID531469	6000	6250	5837	14.196	14.196	163	29376
occ_d35d133b09d0ad8b18dfbaf9a254d6eb	SID531469	6250	6500	6087	12.54	12.54	163	29376
occ_d35d133b09d0ad8b18dfbaf9a254d6eb	SID531469	6500	6750	6337	9.312	9.312	163	29376
occ_d35d133b09d0ad8b18dfbaf9a254d6eb	SID531469	6750	7000	6587	14.192	14.192	163	29376
occ_d35d133b09d0ad8b18dfbaf9a254d6eb	SID531469	7000	7250	6837	15.42	15.42	163	29376
occ_d35d133b09d0ad8b18dfbaf9a254d6eb	SID531469	7250	7500	7087	18.488	18.488	163	29376
occ_d35d133b09d0ad8b18dfbaf9a254d6eb	SID531469	7500	7750	7337	14.12	14.12	163	29376
occ_d35d133b09d0ad8b18dfbaf9a254d6eb	SID531469	7750	8000	7587	11.532	11.532	163	29376
occ_d35d133b09d0ad8b18dfbaf9a254d6eb	SID531469	8000	8250	7837	9.384	9.384	163	29376
occ_d35d133b09d0ad8b18dfbaf9a254d6eb	SID531469	8250	8500	8087	13.092	13.092	163	29376
occ_d35d133b09d0ad8b18dfbaf9a254d6eb	SID531469	8500	8750	8337	12.28	12.28	163	29376
occ_d35d133b09d0ad8b18dfbaf9a254d6eb	SID531469	8750	9000	8587	8.852	8.852	163	29376
occ_d35d133b09d0ad8b18dfbaf9a254d6eb	SID531469	9000	9250	8837	10.432	10.432	163	29376
occ_d35d133b09d0ad8b18dfbaf9a254d6eb	SID531469	9250	9500	9087	14.464	14.464	163	29376
occ_d35d133b09d0ad8b18dfbaf9a254d6eb	SID531469	9500	9750	9337	14.324	14.324	163	29376
occ_d35d133b09d0ad8b18dfbaf9a254d6eb	SID531469	9750	10000	9587	10.748	10.748	163	29376
occ_d35d133b09d0ad8b18dfbaf9a254d6eb	SID531469	10000	10250	9837	6.476	6.476	163	29376
occ_d35d133b09d0ad8b18dfbaf9a254d6eb	SID531469	10250	10500	10087	10.144	10.144	163	29376
occ_d35d133b09d0ad8b18dfbaf9a254d6eb	SID531469	10500	10750	10337	11.268	11.268	163	29376
occ_d35d133b09d0ad8b18dfbaf9a254d6eb	SID531469	10750	11000	10587	14.468	14.468	163	29376
occ_d35d133b09d0ad8b18dfbaf9a254d6eb	SID531469	11000	11250	10837	11.056	11.056	163	29376
occ_d35d133b09d0ad8b18dfbaf9a254d6eb	SID531469	11250	11500	11087	12.864	12.864	163	29376
occ_d35d133b09d0ad8b18dfbaf9a254d6eb	SID531469	11500	11750	11337	12.38	12.38	163	29376
occ_d35d133b09d0ad8b18dfbaf9a254d6eb	SID531469	11750	12000	11587	13.724	13.724	163	29376
occ_d35d133b09d0ad8b18dfbaf9a254d6eb	SID531469	12000	12250	11837	13.804	13.804	163	29376
occ_d35d133b09d0ad8b18dfbaf9a254d6eb	SID531469	12250	12500	12087	10.776	10.776	163	29376
occ_d35d133b09d0ad8b18dfbaf9a254d6eb	SID531469	12500	12750	12337	13.44	13.44	163	29376
occ_d35d133b09d0ad8b18dfbaf9a254d6eb	SID531469	12750	13000	12587	11.44	11.44	163	29376
occ_d35d133b09d0ad8b18dfbaf9a254d6eb	SID531469	13000	13250	12837	10.824	10.824	163	29376
occ_d35d133b09d0ad8b18dfbaf9a254d6eb	SID531469	13250	13500	13087	9.832	9.832	163	29376
occ_d35d133b09d0ad8b18dfbaf9a254d6eb	SID531469	13500	13750	13337	6.376	6.376	163	29376
occ_d35d133b09d0ad8b18dfbaf9a254d6eb	SID531469	13750	14000	13587	8.432	8.432	163	29376
occ_d35d133b09d0ad8b18dfbaf9a254d6eb	SID531469	14000	14250	13837	12.02	12.02	163	29376
occ_d35d133b09d0ad8b18dfbaf9a254d6eb	SID531469	14250	14500	14087	16.768	16.768	163	29376
occ_d35d133b09d0ad8b18dfbaf9a254d6eb	SID531469	14500	14750	14337	19.076	19.076	163	29376
occ_d35d133b09d0ad8b18dfbaf9a254d6eb	SID531469	14750	15000	14587	19.532	19.532	163	29376
occ_d35d133b09d0ad8b18dfbaf9a254d6eb	SID531469	15000	15250	14837	13.692	13.692	163	29376
occ_d35d133b09d0ad8b18dfbaf9a254d6eb	SID531469	15250	15500	15087	15.536	15.536	163	29376
occ_d35d133b09d0ad8b18dfbaf9a254d6eb	SID531469	15500	15750	15337	12.836	12.836	163	29376
occ_d35d133b09d0ad8b18dfbaf9a254d6eb	SID531469	15750	16000	15587	9.564	9.564	163	29376
occ_d35d133b09d0ad8b18dfbaf9a254d6eb	SID531469	16000	16250	15837	7.692	7.692	163	29376
occ_d35d133b09d0ad8b18dfbaf9a254d6eb	SID531469	16250	16500	16087	10.02	10.02	163	29376
occ_d35d133b09d0ad8b18dfbaf9a254d6eb	SID531469	16500	16750	16337	11.996	11.992	163	29376
occ_d35d133b09d0ad8b18dfbaf9a254d6eb	SID531469	16750	17000	16587	9.724	9.724	163	29376
occ_d35d133b09d0ad8b18dfbaf9a254d6eb	SID531469	17000	17250	16837	9.548	9.548	163	29376
occ_d35d133b09d0ad8b18dfbaf9a254d6eb	SID531469	17250	17500	17087	16.284	16.284	163	29376
occ_d35d133b09d0ad8b18dfbaf9a254d6eb	SID531469	17500	17750	17337	12.148	12.148	163	29376
occ_d35d133b09d0ad8b18dfbaf9a254d6eb	SID531469	17750	18000	17587	11.588	11.588	163	29376
occ_d35d133b09d0ad8b18dfbaf9a254d6eb	SID531469	18000	18250	17837	13.7	13.7	163	29376
occ_d35d133b09d0ad8b18dfbaf9a254d6eb	SID531469	18250	18500	18087	13.136	13.136	163	29376
occ_d35d133b09d0ad8b18dfbaf9a254d6eb	SID531469	18500	18750	18337	8.308	8.308	163	29376
occ_d35d133b09d0ad8b18dfbaf9a254d6eb	SID531469	18750	19000	18587	11.536	11.536	163	29376
occ_d35d133b09d0ad8b18dfbaf9a254d6eb	SID531469	19000	19250	18837	11.468	11.468	163	29376
occ_d35d133b09d0ad8b18dfbaf9a254d6eb	SID531469	19250	19500	19087	5.888	5.888	163	29376
occ_d35d133b09d0ad8b18dfbaf9a254d6eb	SID531469	19500	19750	19337	5.544	5.544	163	29376
occ_d35d133b09d0ad8b18dfbaf9a254d6eb	SID531469	19750	20000	19587	11.0	11.0	163	29376
occ_d35d133b09d0ad8b18dfbaf9a254d6eb	SID531469	20000	20250	19837	10.68	10.68	163	29376
occ_d35d133b09d0ad8b18dfbaf9a254d6eb	SID531469	20250	20500	20087	8.892	8.892	163	29376
occ_d35d133b09d0ad8b18dfbaf9a254d6eb	SID531469	20500	20750	20337	12.356	12.356	163	29376
occ_d35d133b09d0ad8b18dfbaf9a254d6eb	SID531469	20750	21000	20587	14.54	14.54	163	29376
occ_d35d133b09d0ad8b18dfbaf9a254d6eb	SID531469	21000	21250	20837	16.408	16.408	163	29376
occ_d35d133b09d0ad8b18dfbaf9a254d6eb	SID531469	21250	21500	21087	16.08	16.08	163	29376
occ_d35d133b09d0ad8b18dfbaf9a254d6eb	SID531469	21500	21750	21337	11.608	11.608	163	29376
occ_d35d133b09d0ad8b18dfbaf9a254d6eb	SID531469	21750	22000	21587	13.084	13.084	163	29376
occ_d35d133b09d0ad8b18dfbaf9a254d6eb	SID531469	22000	22250	21837	13.564	13.564	163	29376
occ_d35d133b09d0ad8b18dfbaf9a254d6eb	SID531469	22250	22500	22087	15.308	15.308	163	29376
occ_d35d133b09d0ad8b18dfbaf9a254d6eb	SID531469	22500	22750	22337	11.648	11.648	163	29376
occ_d35d133b09d0ad8b18dfbaf9a254d6eb	SID531469	22750	23000	22587	14.412	14.412	163	29376
occ_d35d133b09d0ad8b18dfbaf9a254d6eb	SID531469	23000	23250	22837	16.62	16.62	163	29376
occ_d35d133b09d0ad8b18dfbaf9a254d6eb	SID531469	23250	23500	23087	16.944	16.944	163	29376
occ_d35d133b09d0ad8b18dfbaf9a254d6eb	SID531469	23500	23750	23337	16.1	16.1	163	29376
occ_d35d133b09d0ad8b18dfbaf9a254d6eb	SID531469	23750	24000	23587	17.292	17.292	163	29376
occ_d35d133b09d0ad8b18dfbaf9a254d6eb	SID531469	24000	24250	23837	20.128	20.128	163	29376
occ_d35d133b09d0ad8b18dfbaf9a254d6eb	SID531469	24250	24500	24087	12.688	12.688	163	29376
occ_d35d133b09d0ad8b18dfbaf9a254d6eb	SID531469	24500	24750	24337	9.924	9.924	163	29376
occ_d35d133b09d0ad8b18dfbaf9a254d6eb	SID531469	24750	25000	24587	9.044	9.044	163	29376
occ_d35d133b09d0ad8b18dfbaf9a254d6eb	SID531469	25000	25250	24837	11.272	11.272	163	29376
occ_d35d133b09d0ad8b18dfbaf9a254d6eb	SID531469	25250	25500	25087	13.328	13.328	163	29376
occ_d35d133b09d0ad8b18dfbaf9a254d6eb	SID531469	25500	25750	25337	11.632	11.632	163	29376
occ_d35d133b09d0ad8b18dfbaf9a254d6eb	SID531469	25750	26000	25587	11.808	11.808	163	29376
occ_d35d133b09d0ad8b18dfbaf9a254d6eb	SID531469	26000	26250	25837	11.676	11.676	163	29376
occ_d35d133b09d0ad8b18dfbaf9a254d6eb	SID531469	26250	26500	26087	8.648	8.648	163	29376
occ_d35d133b09d0ad8b18dfbaf9a254d6eb	SID531469	26500	26750	26337	7.884	7.884	163	29376
occ_d35d133b09d0ad8b18dfbaf9a254d6eb	SID531469	26750	27000	26587	11.044	11.044	163	29376
occ_d35d133b09d0ad8b18dfbaf9a254d6eb	SID531469	27000	27250	26837	14.48	14.48	163	29376
occ_d35d133b09d0ad8b18dfbaf9a254d6eb	SID531469	27250	27500	27087	12.036	12.036	163	29376
occ_d35d133b09d0ad8b18dfbaf9a254d6eb	SID531469	27500	27750	27337	13.112	13.112	163	29376
occ_d35d133b09d0ad8b18dfbaf9a254d6eb	SID531469	27750	28000	27587	17.108	17.108	163	29376
occ_d35d133b09d0ad8b18dfbaf9a254d6eb	SID531469	28000	28250	27837	13.884	13.884	163	29376
occ_d35d133b09d0ad8b18dfbaf9a254d6eb	SID531469	28250	28500	28087	11.528	11.528	163	29376
occ_d35d133b09d0ad8b18dfbaf9a254d6eb	SID531469	28500	28750	28337	8.404	8.404	163	29376
occ_d35d133b09d0ad8b18dfbaf9a254d6eb	SID531469	28750	29000	28587	7.356	7.356	163	29376
occ_d35d133b09d0ad8b18dfbaf9a254d6eb	SID531469	29000	29250	28837	9.696	9.696	163	29376
occ_d35d133b09d0ad8b18dfbaf9a254d6eb	SID531469	29250	29500	29087	14.904	14.904	163	29376
occ_d35d133b09d0ad8b18dfbaf9a254d6eb	SID531469	29500	29750	29337	15.396	15.396	163	29376
occ_d35d133b09d0ad8b18dfbaf9a254d6eb	SID531469	29750	30000	29587	10.828	10.828	163	29376
occ_d35d133b09d0ad8b18dfbaf9a254d6eb	SID531469	30000	30250	29837	10.676	10.676	163	29376
occ_d35d133b09d0ad8b18dfbaf9a254d6eb	SID531469	30250	30500	30087	14.904	14.904	163	29376
occ_d35d133b09d0ad8b18dfbaf9a254d6eb	SID531469	30500	30750	30337	16.208	16.208	163	29376
occ_d35d133b09d0ad8b18dfbaf9a254d6eb	SID531469	30750	31000	30587	8.296	8.296	163	29376
occ_d35d133b09d0ad8b18dfbaf9a254d6eb	SID531469	31000	31250	30837	9.628	9.628	163	29376
occ_d35d133b09d0ad8b18dfbaf9a254d6eb	SID531469	31250	31500	31087	14.6	14.6	163	29376
occ_d35d133b09d0ad8b18dfbaf9a254d6eb	SID531469	31500	31750	31337	12.648	12.648	163	29376
occ_d35d133b09d0ad8b18dfbaf9a254d6eb	SID531469	31750	32000	31587	9.948	9.948	163	29376
occ_d35d133b09d0ad8b18dfbaf9a254d6eb	SID531469	32000	32250	31837	10.512	10.512	163	29376
occ_d35d133b09d0ad8b18dfbaf9a254d6eb	SID531469	32250	32500	32087	10.336	10.336	163	29376
occ_d35d133b09d0ad8b18dfbaf9a254d6eb	SID531469	32500	32750	32337	15.012	15.012	163	29376
occ_d35d133b09d0ad8b18dfbaf9a254d6eb	SID531469	32750	33000	32587	12.288	12.288	163	29376
occ_d35d133b09d0ad8b18dfbaf9a254d6eb	SID531469	33000	33250	32837	12.2	12.2	163	29376
occ_d35d133b09d0ad8b18dfbaf9a254d6eb	SID531469	33250	33500	33087	12.4	12.4	163	29376
occ_d35d133b09d0ad8b18dfbaf9a254d6eb	SID531469	33500	33750	33337	10.232	10.232	163	29376
occ_d35d133b09d0ad8b18dfbaf9a254d6eb	SID531469	33750	34000	33587	7.724	7.724	163	29376
occ_d35d133b09d0ad8b18dfbaf9a254d6eb	SID531469	34000	34250	33837	7.656	7.656	163	29376
occ_d35d133b09d0ad8b18dfbaf9a254d6eb	SID531469	34250	34376	34087	11.333333333333334	11.333333333333334	163	29376
occ_d7bd5794319a808c712327fa7bbf100e	SID531469	0	250	0	8.57	8.57	0	15532
occ_d7bd5794319a808c712327fa7bbf100e	SID531469	250	500	250	6.196	6.196	0	15532
occ_d7bd5794319a808c712327fa7bbf100e	SID531469	500	750	500	10.636	10.636	0	15532
occ_d7bd5794319a808c712327fa7bbf100e	SID531469	750	1000	750	9.752	9.752	0	15532
occ_d7bd5794319a808c712327fa7bbf100e	SID531469	1000	1250	1000	6.508	6.508	0	15532
occ_d7bd5794319a808c712327fa7bbf100e	SID531469	1250	1500	1250	9.36	9.36	0	15532
occ_d7bd5794319a808c712327fa7bbf100e	SID531469	1500	1750	1500	11.44	11.196	0	15532
occ_d7bd5794319a808c712327fa7bbf100e	SID531469	1750	2000	1750	12.396	12.396	0	15532
occ_d7bd5794319a808c712327fa7bbf100e	SID531469	2000	2250	2000	10.868	10.868	0	15532
occ_d7bd5794319a808c712327fa7bbf100e	SID531469	2250	2500	2250	7.02	7.02	0	15532
occ_d7bd5794319a808c712327fa7bbf100e	SID531469	2500	2750	2500	7.64	7.64	0	15532
occ_d7bd5794319a808c712327fa7bbf100e	SID531469	2750	3000	2750	10.028	10.028	0	15532
occ_d7bd5794319a808c712327fa7bbf100e	SID531469	3000	3250	3000	10.388	10.384	0	15532
occ_d7bd5794319a808c712327fa7bbf100e	SID531469	3250	3500	3250	11.432	11.432	0	15532
occ_d7bd5794319a808c712327fa7bbf100e	SID531469	3500	3750	3500	6.288	6.288	0	15532
occ_d7bd5794319a808c712327fa7bbf100e	SID531469	3750	4000	3750	6.924	6.924	0	15532
occ_d7bd5794319a808c712327fa7bbf100e	SID531469	4000	4250	4000	12.616	12.616	0	15532
occ_d7bd5794319a808c712327fa7bbf100e	SID531469	4250	4500	4250	7.492	7.492	0	15532
occ_d7bd5794319a808c712327fa7bbf100e	SID531469	4500	4750	4500	7.996	7.996	0	15532
occ_d7bd5794319a808c712327fa7bbf100e	SID531469	4750	5000	4750	8.196	7.992	0	15532
occ_d7bd5794319a808c712327fa7bbf100e	SID531469	5000	5250	5000	5.628	5.628	0	15532
occ_d7bd5794319a808c712327fa7bbf100e	SID531469	5250	5500	5250	9.144	9.144	0	15532
occ_d7bd5794319a808c712327fa7bbf100e	SID531469	5500	5750	5500	10.576	10.576	0	15532
occ_d7bd5794319a808c712327fa7bbf100e	SID531469	5750	6000	5750	7.612	7.612	0	15532
occ_d7bd5794319a808c712327fa7bbf100e	SID531469	6000	6250	6000	10.44	10.44	0	15532
occ_d7bd5794319a808c712327fa7bbf100e	SID531469	6250	6500	6250	11.116	11.116	0	15532
occ_d7bd5794319a808c712327fa7bbf100e	SID531469	6500	6750	6500	9.516	9.516	0	15532
occ_d7bd5794319a808c712327fa7bbf100e	SID531469	6750	7000	6750	5.716	5.716	0	15532
occ_d7bd5794319a808c712327fa7bbf100e	SID531469	7000	7250	7000	14.3	14.3	0	15532
occ_d7bd5794319a808c712327fa7bbf100e	SID531469	7250	7500	7250	9.744	9.744	0	15532
occ_d7bd5794319a808c712327fa7bbf100e	SID531469	7500	7750	7500	10.252	10.252	0	15532
occ_d7bd5794319a808c712327fa7bbf100e	SID531469	7750	8000	7750	8.088	8.088	0	15532
occ_d7bd5794319a808c712327fa7bbf100e	SID531469	8000	8250	8000	7.908	7.908	0	15532
occ_d7bd5794319a808c712327fa7bbf100e	SID531469	8250	8500	8250	6.4	6.4	0	15532
occ_d7bd5794319a808c712327fa7bbf100e	SID531469	8500	8750	8500	8.44	8.44	0	15532
occ_d7bd5794319a808c712327fa7bbf100e	SID531469	8750	9000	8750	13.288	13.288	0	15532
occ_d7bd5794319a808c712327fa7bbf100e	SID531469	9000	9250	9000	11.976	11.976	0	15532
occ_d7bd5794319a808c712327fa7bbf100e	SID531469	9250	9500	9250	10.308	10.308	0	15532
occ_d7bd5794319a808c712327fa7bbf100e	SID531469	9500	9750	9500	7.784	7.784	0	15532
occ_d7bd5794319a808c712327fa7bbf100e	SID531469	9750	10000	9750	10.336	10.336	0	15532
occ_d7bd5794319a808c712327fa7bbf100e	SID531469	10000	10250	10000	9.364	9.364	0	15532
occ_d7bd5794319a808c712327fa7bbf100e	SID531469	10250	10500	10250	11.796	11.796	0	15532
occ_d7bd5794319a808c712327fa7bbf100e	SID531469	10500	10750	10500	13.396	13.396	0	15532
occ_d7bd5794319a808c712327fa7bbf100e	SID531469	10750	11000	10750	7.2	7.2	0	15532
occ_d7bd5794319a808c712327fa7bbf100e	SID531469	11000	11250	11000	9.18	9.18	0	15532
occ_d7bd5794319a808c712327fa7bbf100e	SID531469	11250	11500	11250	11.092	11.092	0	15532
occ_d7bd5794319a808c712327fa7bbf100e	SID531469	11500	11750	11500	12.604	12.604	0	15532
occ_d7bd5794319a808c712327fa7bbf100e	SID531469	11750	12000	11750	11.908	11.908	0	15532
occ_d7bd5794319a808c712327fa7bbf100e	SID531469	12000	12250	12000	9.936	9.936	0	15532
occ_d7bd5794319a808c712327fa7bbf100e	SID531469	12250	12500	12250	12.656	12.656	0	15532
occ_d7bd5794319a808c712327fa7bbf100e	SID531469	12500	12750	12500	10.7	10.7	0	15532
occ_d7bd5794319a808c712327fa7bbf100e	SID531469	12750	13000	12750	10.132	10.132	0	15532
occ_d7bd5794319a808c712327fa7bbf100e	SID531469	13000	13250	13000	10.372	10.372	0	15532
occ_d7bd5794319a808c712327fa7bbf100e	SID531469	13250	13500	13250	10.012	10.012	0	15532
occ_d7bd5794319a808c712327fa7bbf100e	SID531469	13500	13750	13500	10.444	10.444	0	15532
occ_d7bd5794319a808c712327fa7bbf100e	SID531469	13750	14000	13750	8.904	8.904	0	15532
occ_d7bd5794319a808c712327fa7bbf100e	SID531469	14000	14250	14000	11.384	11.384	0	15532
occ_d7bd5794319a808c712327fa7bbf100e	SID531469	14250	14500	14250	10.184	10.184	0	15532
occ_d7bd5794319a808c712327fa7bbf100e	SID531469	14500	14750	14500	6.692	6.692	0	15532
occ_d7bd5794319a808c712327fa7bbf100e	SID531469	14750	15000	14750	9.48	9.48	0	15532
occ_d7bd5794319a808c712327fa7bbf100e	SID531469	15000	15250	15000	9.588	9.588	0	15532
occ_d7bd5794319a808c712327fa7bbf100e	SID531469	15250	15500	15250	15.14	15.14	0	15532
occ_d7bd5794319a808c712327fa7bbf100e	SID531469	15500	15750	15500	10.988	10.988	0	15532
occ_d7bd5794319a808c712327fa7bbf100e	SID531469	15750	16000	15750	7.668	7.668	0	15532
occ_d7bd5794319a808c712327fa7bbf100e	SID531469	16000	16250	16000	9.772	9.772	0	15532
occ_d7bd5794319a808c712327fa7bbf100e	SID531469	16250	16500	16250	9.528	9.528	0	15532
occ_d7bd5794319a808c712327fa7bbf100e	SID531469	16500	16750	16500	10.412	10.412	0	15532
occ_d7bd5794319a808c712327fa7bbf100e	SID531469	16750	17000	16750	8.584	8.584	0	15532
occ_d7bd5794319a808c712327fa7bbf100e	SID531469	17000	17250	17000	8.292	8.292	0	15532
occ_d7bd5794319a808c712327fa7bbf100e	SID531469	17250	17500	17250	12.132	12.132	0	15532
occ_d7bd5794319a808c712327fa7bbf100e	SID531469	17500	17750	17500	7.336	7.336	0	15532
occ_d7bd5794319a808c712327fa7bbf100e	SID531469	17750	18000	17750	7.032	7.032	0	15532
occ_d7bd5794319a808c712327fa7bbf100e	SID531469	18000	18250	18000	7.34	7.34	0	15532
occ_d7bd5794319a808c712327fa7bbf100e	SID531469	18250	18500	18250	7.792	7.792	0	15532
occ_d7bd5794319a808c712327fa7bbf100e	SID531469	18500	18750	18500	9.752	9.752	0	15532
occ_d7bd5794319a808c712327fa7bbf100e	SID531469	18750	19000	18750	9.584	9.584	0	15532
occ_d7bd5794319a808c712327fa7bbf100e	SID531469	19000	19250	19000	10.52	10.52	0	15532
occ_d7bd5794319a808c712327fa7bbf100e	SID531469	19250	19500	19250	9.204	9.204	0	15532
occ_d7bd5794319a808c712327fa7bbf100e	SID531469	19500	19750	19500	6.684	6.684	0	15532
occ_d7bd5794319a808c712327fa7bbf100e	SID531469	19750	20000	19750	7.144	7.144	0	15532
occ_d7bd5794319a808c712327fa7bbf100e	SID531469	20000	20250	20000	7.376	7.376	0	15532
occ_d7bd5794319a808c712327fa7bbf100e	SID531469	20250	20500	20250	8.132	8.132	0	15532
occ_d7bd5794319a808c712327fa7bbf100e	SID531469	20500	20532	20500	9.125	9.125	0	15532
occ_d7dde24df458f46ad9e30868fa119f86	SID531469	31904	32154	-5000	17.22	17.22	36904	78216
occ_d7dde24df458f46ad9e30868fa119f86	SID531469	32154	32404	-4750	21.808	21.808	36904	78216
occ_d7dde24df458f46ad9e30868fa119f86	SID531469	32404	32654	-4500	17.612	17.612	36904	78216
occ_d7dde24df458f46ad9e30868fa119f86	SID531469	32654	32904	-4250	19.096	19.096	36904	78216
occ_d7dde24df458f46ad9e30868fa119f86	SID531469	32904	33154	-4000	16.272	16.272	36904	78216
occ_d7dde24df458f46ad9e30868fa119f86	SID531469	33154	33404	-3750	14.452	14.452	36904	78216
occ_d7dde24df458f46ad9e30868fa119f86	SID531469	33404	33654	-3500	15.556	15.556	36904	78216
occ_d7dde24df458f46ad9e30868fa119f86	SID531469	33654	33904	-3250	19.736	19.736	36904	78216
occ_d7dde24df458f46ad9e30868fa119f86	SID531469	33904	34154	-3000	22.488	22.488	36904	78216
occ_d7dde24df458f46ad9e30868fa119f86	SID531469	34154	34404	-2750	25.256	25.256	36904	78216
occ_d7dde24df458f46ad9e30868fa119f86	SID531469	34404	34654	-2500	19.248	19.248	36904	78216
occ_d7dde24df458f46ad9e30868fa119f86	SID531469	34654	34904	-2250	15.776	15.392	36904	78216
occ_d7dde24df458f46ad9e30868fa119f86	SID531469	34904	35154	-2000	12.644	12.644	36904	78216
occ_d7dde24df458f46ad9e30868fa119f86	SID531469	35154	35404	-1750	10.912	10.912	36904	78216
occ_d7dde24df458f46ad9e30868fa119f86	SID531469	35404	35654	-1500	17.108	17.108	36904	78216
occ_d7dde24df458f46ad9e30868fa119f86	SID531469	35654	35904	-1250	21.968	21.968	36904	78216
occ_d7dde24df458f46ad9e30868fa119f86	SID531469	35904	36154	-1000	14.46	14.46	36904	78216
occ_d7dde24df458f46ad9e30868fa119f86	SID531469	36154	36404	-750	15.172	15.172	36904	78216
occ_d7dde24df458f46ad9e30868fa119f86	SID531469	36404	36654	-500	17.96	17.96	36904	78216
occ_d7dde24df458f46ad9e30868fa119f86	SID531469	36654	36904	-250	13.136	13.136	36904	78216
occ_d7dde24df458f46ad9e30868fa119f86	SID531469	36904	37154	0	7.968	7.968	36904	78216
occ_d7dde24df458f46ad9e30868fa119f86	SID531469	37154	37404	250	12.656	12.656	36904	78216
occ_d7dde24df458f46ad9e30868fa119f86	SID531469	37404	37654	500	18.764	18.764	36904	78216
occ_d7dde24df458f46ad9e30868fa119f86	SID531469	37654	37904	750	11.188	11.188	36904	78216
occ_d7dde24df458f46ad9e30868fa119f86	SID531469	37904	38154	1000	16.86	16.86	36904	78216
occ_d7dde24df458f46ad9e30868fa119f86	SID531469	38154	38404	1250	22.52	22.52	36904	78216
occ_d7dde24df458f46ad9e30868fa119f86	SID531469	38404	38654	1500	15.988	15.988	36904	78216
occ_d7dde24df458f46ad9e30868fa119f86	SID531469	38654	38904	1750	16.368	16.368	36904	78216
occ_d7dde24df458f46ad9e30868fa119f86	SID531469	38904	39154	2000	18.828	18.828	36904	78216
occ_d7dde24df458f46ad9e30868fa119f86	SID531469	39154	39404	2250	11.968	11.968	36904	78216
occ_d7dde24df458f46ad9e30868fa119f86	SID531469	39404	39654	2500	18.744	18.744	36904	78216
occ_d7dde24df458f46ad9e30868fa119f86	SID531469	39654	39904	2750	17.544	17.544	36904	78216
occ_d7dde24df458f46ad9e30868fa119f86	SID531469	39904	40154	3000	14.36	14.36	36904	78216
occ_d7dde24df458f46ad9e30868fa119f86	SID531469	40154	40404	3250	17.056	17.056	36904	78216
occ_d7dde24df458f46ad9e30868fa119f86	SID531469	40404	40654	3500	19.936	19.936	36904	78216
occ_d7dde24df458f46ad9e30868fa119f86	SID531469	40654	40904	3750	13.436	13.436	36904	78216
occ_d7dde24df458f46ad9e30868fa119f86	SID531469	40904	41154	4000	11.728	11.728	36904	78216
occ_d7dde24df458f46ad9e30868fa119f86	SID531469	41154	41404	4250	13.048	12.312	36904	78216
occ_d7dde24df458f46ad9e30868fa119f86	SID531469	41404	41654	4500	10.748	10.5	36904	78216
occ_d7dde24df458f46ad9e30868fa119f86	SID531469	41654	41904	4750	13.78	13.78	36904	78216
occ_d7dde24df458f46ad9e30868fa119f86	SID531469	41904	42154	5000	11.532	11.532	36904	78216
occ_d7dde24df458f46ad9e30868fa119f86	SID531469	42154	42404	5250	10.308	10.308	36904	78216
occ_d7dde24df458f46ad9e30868fa119f86	SID531469	42404	42654	5500	14.08	14.08	36904	78216
occ_d7dde24df458f46ad9e30868fa119f86	SID531469	42654	42904	5750	14.668	14.668	36904	78216
occ_d7dde24df458f46ad9e30868fa119f86	SID531469	42904	43154	6000	15.932	15.932	36904	78216
occ_d7dde24df458f46ad9e30868fa119f86	SID531469	43154	43404	6250	12.0	12.0	36904	78216
occ_d7dde24df458f46ad9e30868fa119f86	SID531469	43404	43654	6500	14.52	14.52	36904	78216
occ_d7dde24df458f46ad9e30868fa119f86	SID531469	43654	43904	6750	12.584	12.584	36904	78216
occ_d7dde24df458f46ad9e30868fa119f86	SID531469	43904	44154	7000	12.432	12.432	36904	78216
occ_d7dde24df458f46ad9e30868fa119f86	SID531469	44154	44404	7250	18.296	18.296	36904	78216
occ_d7dde24df458f46ad9e30868fa119f86	SID531469	44404	44654	7500	21.376	20.992	36904	78216
occ_d7dde24df458f46ad9e30868fa119f86	SID531469	44654	44904	7750	19.912	19.912	36904	78216
occ_d7dde24df458f46ad9e30868fa119f86	SID531469	44904	45154	8000	17.628	17.628	36904	78216
occ_d7dde24df458f46ad9e30868fa119f86	SID531469	45154	45404	8250	15.38	15.38	36904	78216
occ_d7dde24df458f46ad9e30868fa119f86	SID531469	45404	45654	8500	16.652	16.652	36904	78216
occ_d7dde24df458f46ad9e30868fa119f86	SID531469	45654	45904	8750	17.336	17.336	36904	78216
occ_d7dde24df458f46ad9e30868fa119f86	SID531469	45904	46154	9000	16.704	16.704	36904	78216
occ_d7dde24df458f46ad9e30868fa119f86	SID531469	46154	46404	9250	13.056	13.056	36904	78216
occ_d7dde24df458f46ad9e30868fa119f86	SID531469	46404	46654	9500	14.376	14.112	36904	78216
occ_d7dde24df458f46ad9e30868fa119f86	SID531469	46654	46904	9750	19.8	19.48	36904	78216
occ_d7dde24df458f46ad9e30868fa119f86	SID531469	46904	47154	10000	23.84	23.84	36904	78216
occ_d7dde24df458f46ad9e30868fa119f86	SID531469	47154	47404	10250	14.812	14.812	36904	78216
occ_d7dde24df458f46ad9e30868fa119f86	SID531469	47404	47654	10500	8.064	8.064	36904	78216
occ_d7dde24df458f46ad9e30868fa119f86	SID531469	47654	47904	10750	15.228	15.228	36904	78216
occ_d7dde24df458f46ad9e30868fa119f86	SID531469	47904	48154	11000	13.048	13.048	36904	78216
occ_d7dde24df458f46ad9e30868fa119f86	SID531469	48154	48404	11250	9.324	9.324	36904	78216
occ_d7dde24df458f46ad9e30868fa119f86	SID531469	48404	48654	11500	14.552	14.552	36904	78216
occ_d7dde24df458f46ad9e30868fa119f86	SID531469	48654	48904	11750	15.884	15.884	36904	78216
occ_d7dde24df458f46ad9e30868fa119f86	SID531469	48904	49154	12000	15.756	15.756	36904	78216
occ_d7dde24df458f46ad9e30868fa119f86	SID531469	49154	49404	12250	10.632	10.632	36904	78216
occ_d7dde24df458f46ad9e30868fa119f86	SID531469	49404	49654	12500	9.932	9.932	36904	78216
occ_d7dde24df458f46ad9e30868fa119f86	SID531469	49654	49904	12750	9.788	9.788	36904	78216
occ_d7dde24df458f46ad9e30868fa119f86	SID531469	49904	50154	13000	14.08	14.08	36904	78216
occ_d7dde24df458f46ad9e30868fa119f86	SID531469	50154	50404	13250	16.456	16.456	36904	78216
occ_d7dde24df458f46ad9e30868fa119f86	SID531469	50404	50654	13500	20.4	20.4	36904	78216
occ_d7dde24df458f46ad9e30868fa119f86	SID531469	50654	50904	13750	14.268	14.268	36904	78216
occ_d7dde24df458f46ad9e30868fa119f86	SID531469	50904	51154	14000	15.076	15.076	36904	78216
occ_d7dde24df458f46ad9e30868fa119f86	SID531469	51154	51404	14250	17.36	17.36	36904	78216
occ_d7dde24df458f46ad9e30868fa119f86	SID531469	51404	51654	14500	16.724	16.724	36904	78216
occ_d7dde24df458f46ad9e30868fa119f86	SID531469	51654	51904	14750	16.452	16.452	36904	78216
occ_d7dde24df458f46ad9e30868fa119f86	SID531469	51904	52154	15000	9.556	9.556	36904	78216
occ_d7dde24df458f46ad9e30868fa119f86	SID531469	52154	52404	15250	14.128	14.128	36904	78216
occ_d7dde24df458f46ad9e30868fa119f86	SID531469	52404	52654	15500	13.652	13.652	36904	78216
occ_d7dde24df458f46ad9e30868fa119f86	SID531469	52654	52904	15750	14.888	14.888	36904	78216
occ_d7dde24df458f46ad9e30868fa119f86	SID531469	52904	53154	16000	15.908	15.908	36904	78216
occ_d7dde24df458f46ad9e30868fa119f86	SID531469	53154	53404	16250	17.1	17.1	36904	78216
occ_d7dde24df458f46ad9e30868fa119f86	SID531469	53404	53654	16500	16.308	16.308	36904	78216
occ_d7dde24df458f46ad9e30868fa119f86	SID531469	53654	53904	16750	14.596	14.596	36904	78216
occ_d7dde24df458f46ad9e30868fa119f86	SID531469	53904	54154	17000	13.996	13.996	36904	78216
occ_d7dde24df458f46ad9e30868fa119f86	SID531469	54154	54404	17250	11.288	11.288	36904	78216
occ_d7dde24df458f46ad9e30868fa119f86	SID531469	54404	54654	17500	10.324	10.324	36904	78216
occ_d7dde24df458f46ad9e30868fa119f86	SID531469	54654	54904	17750	13.18	13.18	36904	78216
occ_d7dde24df458f46ad9e30868fa119f86	SID531469	54904	55154	18000	12.548	12.548	36904	78216
occ_d7dde24df458f46ad9e30868fa119f86	SID531469	55154	55404	18250	14.86	14.86	36904	78216
occ_d7dde24df458f46ad9e30868fa119f86	SID531469	55404	55654	18500	11.54	11.54	36904	78216
occ_d7dde24df458f46ad9e30868fa119f86	SID531469	55654	55904	18750	20.984	20.984	36904	78216
occ_d7dde24df458f46ad9e30868fa119f86	SID531469	55904	56154	19000	15.172	15.172	36904	78216
occ_d7dde24df458f46ad9e30868fa119f86	SID531469	56154	56404	19250	19.412	19.412	36904	78216
occ_d7dde24df458f46ad9e30868fa119f86	SID531469	56404	56654	19500	16.768	16.768	36904	78216
occ_d7dde24df458f46ad9e30868fa119f86	SID531469	56654	56904	19750	21.304	21.3	36904	78216
occ_d7dde24df458f46ad9e30868fa119f86	SID531469	56904	57154	20000	19.104	19.104	36904	78216
occ_d7dde24df458f46ad9e30868fa119f86	SID531469	57154	57404	20250	17.88	17.88	36904	78216
occ_d7dde24df458f46ad9e30868fa119f86	SID531469	57404	57654	20500	20.108	20.108	36904	78216
occ_d7dde24df458f46ad9e30868fa119f86	SID531469	57654	57904	20750	12.84	12.84	36904	78216
occ_d7dde24df458f46ad9e30868fa119f86	SID531469	57904	58154	21000	12.068	12.068	36904	78216
occ_d7dde24df458f46ad9e30868fa119f86	SID531469	58154	58404	21250	20.22	20.22	36904	78216
occ_d7dde24df458f46ad9e30868fa119f86	SID531469	58404	58654	21500	16.52	16.52	36904	78216
occ_d7dde24df458f46ad9e30868fa119f86	SID531469	58654	58904	21750	15.024	15.024	36904	78216
occ_d7dde24df458f46ad9e30868fa119f86	SID531469	58904	59154	22000	15.744	15.74	36904	78216
occ_d7dde24df458f46ad9e30868fa119f86	SID531469	59154	59404	22250	12.508	12.508	36904	78216
occ_d7dde24df458f46ad9e30868fa119f86	SID531469	59404	59654	22500	17.284	17.284	36904	78216
occ_d7dde24df458f46ad9e30868fa119f86	SID531469	59654	59904	22750	14.26	14.26	36904	78216
occ_d7dde24df458f46ad9e30868fa119f86	SID531469	59904	60154	23000	15.876	15.876	36904	78216
occ_d7dde24df458f46ad9e30868fa119f86	SID531469	60154	60404	23250	12.608	12.608	36904	78216
occ_d7dde24df458f46ad9e30868fa119f86	SID531469	60404	60654	23500	16.044	16.044	36904	78216
occ_d7dde24df458f46ad9e30868fa119f86	SID531469	60654	60904	23750	13.212	13.212	36904	78216
occ_d7dde24df458f46ad9e30868fa119f86	SID531469	60904	61154	24000	22.536	22.536	36904	78216
occ_d7dde24df458f46ad9e30868fa119f86	SID531469	61154	61404	24250	19.64	19.64	36904	78216
occ_d7dde24df458f46ad9e30868fa119f86	SID531469	61404	61654	24500	18.832	18.832	36904	78216
occ_d7dde24df458f46ad9e30868fa119f86	SID531469	61654	61904	24750	21.72	21.72	36904	78216
occ_d7dde24df458f46ad9e30868fa119f86	SID531469	61904	62154	25000	13.72	13.72	36904	78216
occ_d7dde24df458f46ad9e30868fa119f86	SID531469	62154	62404	25250	19.988	19.988	36904	78216
occ_d7dde24df458f46ad9e30868fa119f86	SID531469	62404	62654	25500	15.948	15.948	36904	78216
occ_d7dde24df458f46ad9e30868fa119f86	SID531469	62654	62904	25750	16.856	16.856	36904	78216
occ_d7dde24df458f46ad9e30868fa119f86	SID531469	62904	63154	26000	18.944	18.944	36904	78216
occ_d7dde24df458f46ad9e30868fa119f86	SID531469	63154	63404	26250	17.704	17.704	36904	78216
occ_d7dde24df458f46ad9e30868fa119f86	SID531469	63404	63654	26500	14.284	14.284	36904	78216
occ_d7dde24df458f46ad9e30868fa119f86	SID531469	63654	63904	26750	11.304	11.304	36904	78216
occ_d7dde24df458f46ad9e30868fa119f86	SID531469	63904	64154	27000	10.368	10.368	36904	78216
occ_d7dde24df458f46ad9e30868fa119f86	SID531469	64154	64404	27250	17.776	17.776	36904	78216
occ_d7dde24df458f46ad9e30868fa119f86	SID531469	64404	64654	27500	21.2	21.2	36904	78216
occ_d7dde24df458f46ad9e30868fa119f86	SID531469	64654	64904	27750	21.172	21.172	36904	78216
occ_d7dde24df458f46ad9e30868fa119f86	SID531469	64904	65154	28000	14.728	14.728	36904	78216
occ_d7dde24df458f46ad9e30868fa119f86	SID531469	65154	65404	28250	12.996	12.996	36904	78216
occ_d7dde24df458f46ad9e30868fa119f86	SID531469	65404	65654	28500	12.776	12.776	36904	78216
occ_d7dde24df458f46ad9e30868fa119f86	SID531469	65654	65904	28750	17.488	17.488	36904	78216
occ_d7dde24df458f46ad9e30868fa119f86	SID531469	65904	66154	29000	12.204	12.204	36904	78216
occ_d7dde24df458f46ad9e30868fa119f86	SID531469	66154	66404	29250	8.492	8.492	36904	78216
occ_d7dde24df458f46ad9e30868fa119f86	SID531469	66404	66654	29500	17.8	17.8	36904	78216
occ_d7dde24df458f46ad9e30868fa119f86	SID531469	66654	66904	29750	24.068	24.068	36904	78216
occ_d7dde24df458f46ad9e30868fa119f86	SID531469	66904	67154	30000	18.644	18.644	36904	78216
occ_d7dde24df458f46ad9e30868fa119f86	SID531469	67154	67404	30250	11.96	11.96	36904	78216
occ_d7dde24df458f46ad9e30868fa119f86	SID531469	67404	67654	30500	15.3	15.3	36904	78216
occ_d7dde24df458f46ad9e30868fa119f86	SID531469	67654	67904	30750	23.432	23.432	36904	78216
occ_d7dde24df458f46ad9e30868fa119f86	SID531469	67904	68154	31000	20.036	20.036	36904	78216
occ_d7dde24df458f46ad9e30868fa119f86	SID531469	68154	68404	31250	18.196	18.196	36904	78216
occ_d7dde24df458f46ad9e30868fa119f86	SID531469	68404	68654	31500	17.308	17.308	36904	78216
occ_d7dde24df458f46ad9e30868fa119f86	SID531469	68654	68904	31750	18.856	18.856	36904	78216
occ_d7dde24df458f46ad9e30868fa119f86	SID531469	68904	69154	32000	15.948	15.708	36904	78216
occ_d7dde24df458f46ad9e30868fa119f86	SID531469	69154	69404	32250	15.868	15.868	36904	78216
occ_d7dde24df458f46ad9e30868fa119f86	SID531469	69404	69654	32500	24.388	24.388	36904	78216
occ_d7dde24df458f46ad9e30868fa119f86	SID531469	69654	69904	32750	15.672	15.672	36904	78216
occ_d7dde24df458f46ad9e30868fa119f86	SID531469	69904	70154	33000	16.664	16.664	36904	78216
occ_d7dde24df458f46ad9e30868fa119f86	SID531469	70154	70404	33250	14.7	14.7	36904	78216
occ_d7dde24df458f46ad9e30868fa119f86	SID531469	70404	70654	33500	13.988	13.988	36904	78216
occ_d7dde24df458f46ad9e30868fa119f86	SID531469	70654	70904	33750	12.888	12.888	36904	78216
occ_d7dde24df458f46ad9e30868fa119f86	SID531469	70904	71154	34000	16.7	16.7	36904	78216
occ_d7dde24df458f46ad9e30868fa119f86	SID531469	71154	71404	34250	20.216	20.216	36904	78216
occ_d7dde24df458f46ad9e30868fa119f86	SID531469	71404	71654	34500	24.26	24.26	36904	78216
occ_d7dde24df458f46ad9e30868fa119f86	SID531469	71654	71904	34750	20.544	20.544	36904	78216
occ_d7dde24df458f46ad9e30868fa119f86	SID531469	71904	72154	35000	15.644	15.644	36904	78216
occ_d7dde24df458f46ad9e30868fa119f86	SID531469	72154	72404	35250	14.952	14.952	36904	78216
occ_d7dde24df458f46ad9e30868fa119f86	SID531469	72404	72654	35500	17.404	17.404	36904	78216
occ_d7dde24df458f46ad9e30868fa119f86	SID531469	72654	72904	35750	24.832	24.832	36904	78216
occ_d7dde24df458f46ad9e30868fa119f86	SID531469	72904	73154	36000	15.1	15.1	36904	78216
occ_d7dde24df458f46ad9e30868fa119f86	SID531469	73154	73404	36250	18.34	18.34	36904	78216
occ_d7dde24df458f46ad9e30868fa119f86	SID531469	73404	73654	36500	15.756	15.756	36904	78216
occ_d7dde24df458f46ad9e30868fa119f86	SID531469	73654	73904	36750	18.228	18.228	36904	78216
occ_d7dde24df458f46ad9e30868fa119f86	SID531469	73904	74154	37000	14.992	14.992	36904	78216
occ_d7dde24df458f46ad9e30868fa119f86	SID531469	74154	74404	37250	12.576	12.576	36904	78216
occ_d7dde24df458f46ad9e30868fa119f86	SID531469	74404	74654	37500	14.516	14.516	36904	78216
occ_d7dde24df458f46ad9e30868fa119f86	SID531469	74654	74904	37750	13.36	13.36	36904	78216
occ_d7dde24df458f46ad9e30868fa119f86	SID531469	74904	75154	38000	12.228	12.228	36904	78216
occ_d7dde24df458f46ad9e30868fa119f86	SID531469	75154	75404	38250	14.636	14.636	36904	78216
occ_d7dde24df458f46ad9e30868fa119f86	SID531469	75404	75654	38500	19.344	19.344	36904	78216
occ_d7dde24df458f46ad9e30868fa119f86	SID531469	75654	75904	38750	20.812	20.812	36904	78216
occ_d7dde24df458f46ad9e30868fa119f86	SID531469	75904	76154	39000	15.812	15.812	36904	78216
occ_d7dde24df458f46ad9e30868fa119f86	SID531469	76154	76404	39250	19.62	19.62	36904	78216
occ_d7dde24df458f46ad9e30868fa119f86	SID531469	76404	76654	39500	14.488	14.488	36904	78216
occ_d7dde24df458f46ad9e30868fa119f86	SID531469	76654	76904	39750	17.588	17.588	36904	78216
occ_d7dde24df458f46ad9e30868fa119f86	SID531469	76904	77154	40000	18.82	18.82	36904	78216
occ_d7dde24df458f46ad9e30868fa119f86	SID531469	77154	77404	40250	14.72	14.72	36904	78216
occ_d7dde24df458f46ad9e30868fa119f86	SID531469	77404	77654	40500	17.704	17.704	36904	78216
occ_d7dde24df458f46ad9e30868fa119f86	SID531469	77654	77904	40750	14.276	14.276	36904	78216
occ_d7dde24df458f46ad9e30868fa119f86	SID531469	77904	78154	41000	13.668	13.668	36904	78216
occ_d7dde24df458f46ad9e30868fa119f86	SID531469	78154	78404	41250	13.508	13.508	36904	78216
occ_d7dde24df458f46ad9e30868fa119f86	SID531469	78404	78654	41500	11.972	11.972	36904	78216
occ_d7dde24df458f46ad9e30868fa119f86	SID531469	78654	78904	41750	12.148	12.148	36904	78216
occ_d7dde24df458f46ad9e30868fa119f86	SID531469	78904	79154	42000	15.356	15.356	36904	78216
occ_d7dde24df458f46ad9e30868fa119f86	SID531469	79154	79404	42250	14.26	14.26	36904	78216
occ_d7dde24df458f46ad9e30868fa119f86	SID531469	79404	79654	42500	15.892	15.892	36904	78216
occ_d7dde24df458f46ad9e30868fa119f86	SID531469	79654	79904	42750	15.276	15.276	36904	78216
occ_d7dde24df458f46ad9e30868fa119f86	SID531469	79904	80154	43000	11.2	11.2	36904	78216
occ_d7dde24df458f46ad9e30868fa119f86	SID531469	80154	80404	43250	26.616	26.612	36904	78216
occ_d7dde24df458f46ad9e30868fa119f86	SID531469	80404	80654	43500	18.968	18.968	36904	78216
occ_d7dde24df458f46ad9e30868fa119f86	SID531469	80654	80904	43750	19.764	19.764	36904	78216
occ_d7dde24df458f46ad9e30868fa119f86	SID531469	80904	81154	44000	19.804	19.804	36904	78216
occ_d7dde24df458f46ad9e30868fa119f86	SID531469	81154	81404	44250	29.248	29.248	36904	78216
occ_d7dde24df458f46ad9e30868fa119f86	SID531469	81404	81654	44500	22.18	22.18	36904	78216
occ_d7dde24df458f46ad9e30868fa119f86	SID531469	81654	81904	44750	21.004	21.004	36904	78216
occ_d7dde24df458f46ad9e30868fa119f86	SID531469	81904	82154	45000	14.936	14.936	36904	78216
occ_d7dde24df458f46ad9e30868fa119f86	SID531469	82154	82404	45250	10.496	10.496	36904	78216
occ_d7dde24df458f46ad9e30868fa119f86	SID531469	82404	82654	45500	15.868	15.868	36904	78216
occ_d7dde24df458f46ad9e30868fa119f86	SID531469	82654	82904	45750	17.052	17.052	36904	78216
occ_d7dde24df458f46ad9e30868fa119f86	SID531469	82904	83154	46000	22.808	22.808	36904	78216
occ_d7dde24df458f46ad9e30868fa119f86	SID531469	83154	83216	46250	17.580645161290324	17.580645161290324	36904	78216
occ_dc2c15508c98dd6e330a71f7d32ca0d4	SID531469	0	250	-27	31.96	31.96	27	4883
occ_dc2c15508c98dd6e330a71f7d32ca0d4	SID531469	250	500	223	41.404	41.4	27	4883
occ_dc2c15508c98dd6e330a71f7d32ca0d4	SID531469	500	750	473	36.904	36.904	27	4883
occ_dc2c15508c98dd6e330a71f7d32ca0d4	SID531469	750	1000	723	34.472	34.472	27	4883
occ_dc2c15508c98dd6e330a71f7d32ca0d4	SID531469	1000	1250	973	47.632	47.632	27	4883
occ_dc2c15508c98dd6e330a71f7d32ca0d4	SID531469	1250	1500	1223	40.244	40.244	27	4883
occ_dc2c15508c98dd6e330a71f7d32ca0d4	SID531469	1500	1750	1473	32.448	32.448	27	4883
occ_dc2c15508c98dd6e330a71f7d32ca0d4	SID531469	1750	2000	1723	34.88	34.88	27	4883
occ_dc2c15508c98dd6e330a71f7d32ca0d4	SID531469	2000	2250	1973	35.916	35.916	27	4883
occ_dc2c15508c98dd6e330a71f7d32ca0d4	SID531469	2250	2500	2223	36.128	36.128	27	4883
occ_dc2c15508c98dd6e330a71f7d32ca0d4	SID531469	2500	2750	2473	47.284	47.284	27	4883
occ_dc2c15508c98dd6e330a71f7d32ca0d4	SID531469	2750	3000	2723	43.268	43.268	27	4883
occ_dc2c15508c98dd6e330a71f7d32ca0d4	SID531469	3000	3250	2973	46.18	46.18	27	4883
occ_dc2c15508c98dd6e330a71f7d32ca0d4	SID531469	3250	3500	3223	43.444	43.444	27	4883
occ_dc2c15508c98dd6e330a71f7d32ca0d4	SID531469	3500	3750	3473	34.704	34.704	27	4883
occ_dc2c15508c98dd6e330a71f7d32ca0d4	SID531469	3750	4000	3723	40.136	40.136	27	4883
occ_dc2c15508c98dd6e330a71f7d32ca0d4	SID531469	4000	4250	3973	42.436	42.436	27	4883
occ_dc2c15508c98dd6e330a71f7d32ca0d4	SID531469	4250	4500	4223	42.312	42.308	27	4883
occ_dc2c15508c98dd6e330a71f7d32ca0d4	SID531469	4500	4750	4473	44.904	44.904	27	4883
occ_dc2c15508c98dd6e330a71f7d32ca0d4	SID531469	4750	5000	4723	42.06	42.06	27	4883
occ_dc2c15508c98dd6e330a71f7d32ca0d4	SID531469	5000	5250	4973	46.964	46.964	27	4883
occ_dc2c15508c98dd6e330a71f7d32ca0d4	SID531469	5250	5500	5223	47.908	47.904	27	4883
occ_dc2c15508c98dd6e330a71f7d32ca0d4	SID531469	5500	5750	5473	50.644	50.644	27	4883
occ_dc2c15508c98dd6e330a71f7d32ca0d4	SID531469	5750	6000	5723	51.096	51.092	27	4883
occ_dc2c15508c98dd6e330a71f7d32ca0d4	SID531469	6000	6250	5973	55.06	55.06	27	4883
occ_dc2c15508c98dd6e330a71f7d32ca0d4	SID531469	6250	6500	6223	47.96	47.96	27	4883
occ_dc2c15508c98dd6e330a71f7d32ca0d4	SID531469	6500	6750	6473	42.388	42.004	27	4883
occ_dc2c15508c98dd6e330a71f7d32ca0d4	SID531469	6750	7000	6723	42.96	42.96	27	4883
occ_dc2c15508c98dd6e330a71f7d32ca0d4	SID531469	7000	7250	6973	45.16	45.16	27	4883
occ_dc2c15508c98dd6e330a71f7d32ca0d4	SID531469	7250	7500	7223	33.836	33.836	27	4883
occ_dc2c15508c98dd6e330a71f7d32ca0d4	SID531469	7500	7750	7473	39.992	39.992	27	4883
occ_dc2c15508c98dd6e330a71f7d32ca0d4	SID531469	7750	8000	7723	44.824	44.824	27	4883
occ_dc2c15508c98dd6e330a71f7d32ca0d4	SID531469	8000	8250	7973	40.772	40.772	27	4883
occ_dc2c15508c98dd6e330a71f7d32ca0d4	SID531469	8250	8500	8223	38.22	38.22	27	4883
occ_dc2c15508c98dd6e330a71f7d32ca0d4	SID531469	8500	8750	8473	46.436	46.436	27	4883
occ_dc2c15508c98dd6e330a71f7d32ca0d4	SID531469	8750	9000	8723	43.136	43.136	27	4883
occ_dc2c15508c98dd6e330a71f7d32ca0d4	SID531469	9000	9250	8973	41.524	41.524	27	4883
occ_dc2c15508c98dd6e330a71f7d32ca0d4	SID531469	9250	9500	9223	41.34	41.34	27	4883
occ_dc2c15508c98dd6e330a71f7d32ca0d4	SID531469	9500	9750	9473	39.688	39.688	27	4883
occ_dc2c15508c98dd6e330a71f7d32ca0d4	SID531469	9750	9883	9723	41.10526315789474	41.10526315789474	27	4883
occ_e30faca36da994fe5f34d7ece942a158	SID531469	4538	4788	-5000	11.252	11.252	9538	22811
occ_e30faca36da994fe5f34d7ece942a158	SID531469	4788	5038	-4750	13.112	13.112	9538	22811
occ_e30faca36da994fe5f34d7ece942a158	SID531469	5038	5288	-4500	14.028	14.028	9538	22811
occ_e30faca36da994fe5f34d7ece942a158	SID531469	5288	5538	-4250	10.04	10.04	9538	22811
occ_e30faca36da994fe5f34d7ece942a158	SID531469	5538	5788	-4000	12.68	12.68	9538	22811
occ_e30faca36da994fe5f34d7ece942a158	SID531469	5788	6038	-3750	8.372	8.372	9538	22811
occ_e30faca36da994fe5f34d7ece942a158	SID531469	6038	6288	-3500	8.78	8.78	9538	22811
occ_e30faca36da994fe5f34d7ece942a158	SID531469	6288	6538	-3250	12.236	12.236	9538	22811
occ_e30faca36da994fe5f34d7ece942a158	SID531469	6538	6788	-3000	7.68	7.428	9538	22811
occ_e30faca36da994fe5f34d7ece942a158	SID531469	6788	7038	-2750	5.756	5.756	9538	22811
occ_e30faca36da994fe5f34d7ece942a158	SID531469	7038	7288	-2500	8.748	8.748	9538	22811
occ_e30faca36da994fe5f34d7ece942a158	SID531469	7288	7538	-2250	10.244	10.244	9538	22811
occ_e30faca36da994fe5f34d7ece942a158	SID531469	7538	7788	-2000	10.744	10.744	9538	22811
occ_e30faca36da994fe5f34d7ece942a158	SID531469	7788	8038	-1750	12.096	12.072	9538	22811
occ_e30faca36da994fe5f34d7ece942a158	SID531469	8038	8288	-1500	10.42	10.06	9538	22811
occ_e30faca36da994fe5f34d7ece942a158	SID531469	8288	8538	-1250	14.64	14.256	9538	22811
occ_e30faca36da994fe5f34d7ece942a158	SID531469	8538	8788	-1000	9.92	9.92	9538	22811
occ_e30faca36da994fe5f34d7ece942a158	SID531469	8788	9038	-750	12.956	12.956	9538	22811
occ_e30faca36da994fe5f34d7ece942a158	SID531469	9038	9288	-500	13.98	13.98	9538	22811
occ_e30faca36da994fe5f34d7ece942a158	SID531469	9288	9538	-250	10.104	10.104	9538	22811
occ_e30faca36da994fe5f34d7ece942a158	SID531469	9538	9788	0	11.916	11.44	9538	22811
occ_e30faca36da994fe5f34d7ece942a158	SID531469	9788	10038	250	9.248	8.628	9538	22811
occ_e30faca36da994fe5f34d7ece942a158	SID531469	10038	10288	500	11.0	11.0	9538	22811
occ_e30faca36da994fe5f34d7ece942a158	SID531469	10288	10538	750	8.404	8.404	9538	22811
occ_e30faca36da994fe5f34d7ece942a158	SID531469	10538	10788	1000	14.428	14.428	9538	22811
occ_e30faca36da994fe5f34d7ece942a158	SID531469	10788	11038	1250	10.288	10.288	9538	22811
occ_e30faca36da994fe5f34d7ece942a158	SID531469	11038	11288	1500	10.272	10.272	9538	22811
occ_e30faca36da994fe5f34d7ece942a158	SID531469	11288	11538	1750	14.852	14.852	9538	22811
occ_e30faca36da994fe5f34d7ece942a158	SID531469	11538	11788	2000	16.056	16.056	9538	22811
occ_e30faca36da994fe5f34d7ece942a158	SID531469	11788	12038	2250	12.468	12.468	9538	22811
occ_e30faca36da994fe5f34d7ece942a158	SID531469	12038	12288	2500	9.212	9.212	9538	22811
occ_e30faca36da994fe5f34d7ece942a158	SID531469	12288	12538	2750	8.972	8.972	9538	22811
occ_e30faca36da994fe5f34d7ece942a158	SID531469	12538	12788	3000	13.848	13.848	9538	22811
occ_e30faca36da994fe5f34d7ece942a158	SID531469	12788	13038	3250	11.516	11.516	9538	22811
occ_e30faca36da994fe5f34d7ece942a158	SID531469	13038	13288	3500	9.344	9.344	9538	22811
occ_e30faca36da994fe5f34d7ece942a158	SID531469	13288	13538	3750	13.264	13.264	9538	22811
occ_e30faca36da994fe5f34d7ece942a158	SID531469	13538	13788	4000	10.292	10.292	9538	22811
occ_e30faca36da994fe5f34d7ece942a158	SID531469	13788	14038	4250	7.488	7.488	9538	22811
occ_e30faca36da994fe5f34d7ece942a158	SID531469	14038	14288	4500	11.676	11.676	9538	22811
occ_e30faca36da994fe5f34d7ece942a158	SID531469	14288	14538	4750	14.288	14.288	9538	22811
occ_e30faca36da994fe5f34d7ece942a158	SID531469	14538	14788	5000	10.576	10.576	9538	22811
occ_e30faca36da994fe5f34d7ece942a158	SID531469	14788	15038	5250	8.068	8.068	9538	22811
occ_e30faca36da994fe5f34d7ece942a158	SID531469	15038	15288	5500	7.312	7.312	9538	22811
occ_e30faca36da994fe5f34d7ece942a158	SID531469	15288	15538	5750	7.176	7.176	9538	22811
occ_e30faca36da994fe5f34d7ece942a158	SID531469	15538	15788	6000	7.012	7.012	9538	22811
occ_e30faca36da994fe5f34d7ece942a158	SID531469	15788	16038	6250	11.748	11.748	9538	22811
occ_e30faca36da994fe5f34d7ece942a158	SID531469	16038	16288	6500	8.444	8.444	9538	22811
occ_e30faca36da994fe5f34d7ece942a158	SID531469	16288	16538	6750	6.832	6.832	9538	22811
occ_e30faca36da994fe5f34d7ece942a158	SID531469	16538	16788	7000	9.684	9.684	9538	22811
occ_e30faca36da994fe5f34d7ece942a158	SID531469	16788	17038	7250	16.612	16.612	9538	22811
occ_e30faca36da994fe5f34d7ece942a158	SID531469	17038	17288	7500	14.36	14.36	9538	22811
occ_e30faca36da994fe5f34d7ece942a158	SID531469	17288	17538	7750	11.704	11.704	9538	22811
occ_e30faca36da994fe5f34d7ece942a158	SID531469	17538	17788	8000	14.92	14.92	9538	22811
occ_e30faca36da994fe5f34d7ece942a158	SID531469	17788	18038	8250	15.912	15.912	9538	22811
occ_e30faca36da994fe5f34d7ece942a158	SID531469	18038	18288	8500	12.292	12.292	9538	22811
occ_e30faca36da994fe5f34d7ece942a158	SID531469	18288	18538	8750	14.8	14.8	9538	22811
occ_e30faca36da994fe5f34d7ece942a158	SID531469	18538	18788	9000	11.248	11.248	9538	22811
occ_e30faca36da994fe5f34d7ece942a158	SID531469	18788	19038	9250	9.284	9.284	9538	22811
occ_e30faca36da994fe5f34d7ece942a158	SID531469	19038	19288	9500	14.132	14.132	9538	22811
occ_e30faca36da994fe5f34d7ece942a158	SID531469	19288	19538	9750	16.352	16.352	9538	22811
occ_e30faca36da994fe5f34d7ece942a158	SID531469	19538	19788	10000	10.164	10.164	9538	22811
occ_e30faca36da994fe5f34d7ece942a158	SID531469	19788	20038	10250	10.464	10.464	9538	22811
occ_e30faca36da994fe5f34d7ece942a158	SID531469	20038	20288	10500	10.996	10.996	9538	22811
occ_e30faca36da994fe5f34d7ece942a158	SID531469	20288	20538	10750	12.176	12.176	9538	22811
occ_e30faca36da994fe5f34d7ece942a158	SID531469	20538	20788	11000	11.128	11.128	9538	22811
occ_e30faca36da994fe5f34d7ece942a158	SID531469	20788	21038	11250	10.784	10.784	9538	22811
occ_e30faca36da994fe5f34d7ece942a158	SID531469	21038	21288	11500	12.752	12.752	9538	22811
occ_e30faca36da994fe5f34d7ece942a158	SID531469	21288	21538	11750	10.072	10.072	9538	22811
occ_e30faca36da994fe5f34d7ece942a158	SID531469	21538	21788	12000	9.884	9.884	9538	22811
occ_e30faca36da994fe5f34d7ece942a158	SID531469	21788	22038	12250	15.136	15.136	9538	22811
occ_e30faca36da994fe5f34d7ece942a158	SID531469	22038	22288	12500	11.148	11.148	9538	22811
occ_e30faca36da994fe5f34d7ece942a158	SID531469	22288	22538	12750	12.0	12.0	9538	22811
occ_e30faca36da994fe5f34d7ece942a158	SID531469	22538	22788	13000	5.895161290322581	5.895161290322581	9538	22811
occ_e30faca36da994fe5f34d7ece942a158	SID531469	22788	22812	13250	NA	NA	9538	22811
occ_e578fbb0da6d7a2faa3a88f37a8663e4	SID531469	0	250	-226	14.92	14.92	226	25081
occ_e578fbb0da6d7a2faa3a88f37a8663e4	SID531469	250	500	24	16.288	16.288	226	25081
occ_e578fbb0da6d7a2faa3a88f37a8663e4	SID531469	500	750	274	10.556	10.556	226	25081
occ_e578fbb0da6d7a2faa3a88f37a8663e4	SID531469	750	1000	524	9.596	9.596	226	25081
occ_e578fbb0da6d7a2faa3a88f37a8663e4	SID531469	1000	1250	774	13.776	13.776	226	25081
occ_e578fbb0da6d7a2faa3a88f37a8663e4	SID531469	1250	1500	1024	10.536	10.536	226	25081
occ_e578fbb0da6d7a2faa3a88f37a8663e4	SID531469	1500	1750	1274	11.832	11.832	226	25081
occ_e578fbb0da6d7a2faa3a88f37a8663e4	SID531469	1750	2000	1524	12.584	12.584	226	25081
occ_e578fbb0da6d7a2faa3a88f37a8663e4	SID531469	2000	2250	1774	14.992	14.992	226	25081
occ_e578fbb0da6d7a2faa3a88f37a8663e4	SID531469	2250	2500	2024	10.5	10.5	226	25081
occ_e578fbb0da6d7a2faa3a88f37a8663e4	SID531469	2500	2750	2274	14.668	14.668	226	25081
occ_e578fbb0da6d7a2faa3a88f37a8663e4	SID531469	2750	3000	2524	17.688	17.688	226	25081
occ_e578fbb0da6d7a2faa3a88f37a8663e4	SID531469	3000	3250	2774	11.676	11.676	226	25081
occ_e578fbb0da6d7a2faa3a88f37a8663e4	SID531469	3250	3500	3024	10.052	10.052	226	25081
occ_e578fbb0da6d7a2faa3a88f37a8663e4	SID531469	3500	3750	3274	12.94	12.94	226	25081
occ_e578fbb0da6d7a2faa3a88f37a8663e4	SID531469	3750	4000	3524	13.008	13.008	226	25081
occ_e578fbb0da6d7a2faa3a88f37a8663e4	SID531469	4000	4250	3774	13.192	13.192	226	25081
occ_e578fbb0da6d7a2faa3a88f37a8663e4	SID531469	4250	4500	4024	17.064	17.064	226	25081
occ_e578fbb0da6d7a2faa3a88f37a8663e4	SID531469	4500	4750	4274	13.84	13.84	226	25081
occ_e578fbb0da6d7a2faa3a88f37a8663e4	SID531469	4750	5000	4524	13.832	13.832	226	25081
occ_e578fbb0da6d7a2faa3a88f37a8663e4	SID531469	5000	5250	4774	16.092	16.092	226	25081
occ_e578fbb0da6d7a2faa3a88f37a8663e4	SID531469	5250	5500	5024	12.924	12.924	226	25081
occ_e578fbb0da6d7a2faa3a88f37a8663e4	SID531469	5500	5750	5274	12.412	12.412	226	25081
occ_e578fbb0da6d7a2faa3a88f37a8663e4	SID531469	5750	6000	5524	11.828	11.828	226	25081
occ_e578fbb0da6d7a2faa3a88f37a8663e4	SID531469	6000	6250	5774	11.728	11.728	226	25081
occ_e578fbb0da6d7a2faa3a88f37a8663e4	SID531469	6250	6500	6024	17.152	17.152	226	25081
occ_e578fbb0da6d7a2faa3a88f37a8663e4	SID531469	6500	6750	6274	18.432	18.432	226	25081
occ_e578fbb0da6d7a2faa3a88f37a8663e4	SID531469	6750	7000	6524	13.592	13.592	226	25081
occ_e578fbb0da6d7a2faa3a88f37a8663e4	SID531469	7000	7250	6774	13.656	13.656	226	25081
occ_e578fbb0da6d7a2faa3a88f37a8663e4	SID531469	7250	7500	7024	14.4	14.4	226	25081
occ_e578fbb0da6d7a2faa3a88f37a8663e4	SID531469	7500	7750	7274	12.44	12.44	226	25081
occ_e578fbb0da6d7a2faa3a88f37a8663e4	SID531469	7750	8000	7524	11.86	11.86	226	25081
occ_e578fbb0da6d7a2faa3a88f37a8663e4	SID531469	8000	8250	7774	17.172	17.172	226	25081
occ_e578fbb0da6d7a2faa3a88f37a8663e4	SID531469	8250	8500	8024	18.424	18.424	226	25081
occ_e578fbb0da6d7a2faa3a88f37a8663e4	SID531469	8500	8750	8274	17.712	17.712	226	25081
occ_e578fbb0da6d7a2faa3a88f37a8663e4	SID531469	8750	9000	8524	13.356	13.356	226	25081
occ_e578fbb0da6d7a2faa3a88f37a8663e4	SID531469	9000	9250	8774	17.6	17.6	226	25081
occ_e578fbb0da6d7a2faa3a88f37a8663e4	SID531469	9250	9500	9024	16.396	16.396	226	25081
occ_e578fbb0da6d7a2faa3a88f37a8663e4	SID531469	9500	9750	9274	14.716	14.716	226	25081
occ_e578fbb0da6d7a2faa3a88f37a8663e4	SID531469	9750	10000	9524	13.756	13.756	226	25081
occ_e578fbb0da6d7a2faa3a88f37a8663e4	SID531469	10000	10250	9774	15.512	15.512	226	25081
occ_e578fbb0da6d7a2faa3a88f37a8663e4	SID531469	10250	10500	10024	17.952	17.952	226	25081
occ_e578fbb0da6d7a2faa3a88f37a8663e4	SID531469	10500	10750	10274	12.016	12.016	226	25081
occ_e578fbb0da6d7a2faa3a88f37a8663e4	SID531469	10750	11000	10524	11.248	11.248	226	25081
occ_e578fbb0da6d7a2faa3a88f37a8663e4	SID531469	11000	11250	10774	9.0	9.0	226	25081
occ_e578fbb0da6d7a2faa3a88f37a8663e4	SID531469	11250	11500	11024	9.896	9.896	226	25081
occ_e578fbb0da6d7a2faa3a88f37a8663e4	SID531469	11500	11750	11274	13.26	13.26	226	25081
occ_e578fbb0da6d7a2faa3a88f37a8663e4	SID531469	11750	12000	11524	15.924	15.924	226	25081
occ_e578fbb0da6d7a2faa3a88f37a8663e4	SID531469	12000	12250	11774	11.544	11.544	226	25081
occ_e578fbb0da6d7a2faa3a88f37a8663e4	SID531469	12250	12500	12024	13.032	13.032	226	25081
occ_e578fbb0da6d7a2faa3a88f37a8663e4	SID531469	12500	12750	12274	8.612	8.612	226	25081
occ_e578fbb0da6d7a2faa3a88f37a8663e4	SID531469	12750	13000	12524	10.144	10.144	226	25081
occ_e578fbb0da6d7a2faa3a88f37a8663e4	SID531469	13000	13250	12774	12.712	12.712	226	25081
occ_e578fbb0da6d7a2faa3a88f37a8663e4	SID531469	13250	13500	13024	10.08	10.08	226	25081
occ_e578fbb0da6d7a2faa3a88f37a8663e4	SID531469	13500	13750	13274	11.684	11.684	226	25081
occ_e578fbb0da6d7a2faa3a88f37a8663e4	SID531469	13750	14000	13524	16.036	16.036	226	25081
occ_e578fbb0da6d7a2faa3a88f37a8663e4	SID531469	14000	14250	13774	16.296	16.296	226	25081
occ_e578fbb0da6d7a2faa3a88f37a8663e4	SID531469	14250	14500	14024	15.184	15.184	226	25081
occ_e578fbb0da6d7a2faa3a88f37a8663e4	SID531469	14500	14750	14274	10.552	10.552	226	25081
occ_e578fbb0da6d7a2faa3a88f37a8663e4	SID531469	14750	15000	14524	11.556	11.556	226	25081
occ_e578fbb0da6d7a2faa3a88f37a8663e4	SID531469	15000	15250	14774	12.808	12.808	226	25081
occ_e578fbb0da6d7a2faa3a88f37a8663e4	SID531469	15250	15500	15024	12.7	12.7	226	25081
occ_e578fbb0da6d7a2faa3a88f37a8663e4	SID531469	15500	15750	15274	14.944	14.944	226	25081
occ_e578fbb0da6d7a2faa3a88f37a8663e4	SID531469	15750	16000	15524	14.756	14.756	226	25081
occ_e578fbb0da6d7a2faa3a88f37a8663e4	SID531469	16000	16250	15774	21.164	21.164	226	25081
occ_e578fbb0da6d7a2faa3a88f37a8663e4	SID531469	16250	16500	16024	18.86	18.86	226	25081
occ_e578fbb0da6d7a2faa3a88f37a8663e4	SID531469	16500	16750	16274	11.3	11.3	226	25081
occ_e578fbb0da6d7a2faa3a88f37a8663e4	SID531469	16750	17000	16524	12.576	12.576	226	25081
occ_e578fbb0da6d7a2faa3a88f37a8663e4	SID531469	17000	17250	16774	15.308	15.308	226	25081
occ_e578fbb0da6d7a2faa3a88f37a8663e4	SID531469	17250	17500	17024	10.764	10.764	226	25081
occ_e578fbb0da6d7a2faa3a88f37a8663e4	SID531469	17500	17750	17274	11.044	11.044	226	25081
occ_e578fbb0da6d7a2faa3a88f37a8663e4	SID531469	17750	18000	17524	10.608	10.608	226	25081
occ_e578fbb0da6d7a2faa3a88f37a8663e4	SID531469	18000	18250	17774	13.376	13.376	226	25081
occ_e578fbb0da6d7a2faa3a88f37a8663e4	SID531469	18250	18500	18024	17.364	17.364	226	25081
occ_e578fbb0da6d7a2faa3a88f37a8663e4	SID531469	18500	18750	18274	14.956	14.956	226	25081
occ_e578fbb0da6d7a2faa3a88f37a8663e4	SID531469	18750	19000	18524	10.3	10.3	226	25081
occ_e578fbb0da6d7a2faa3a88f37a8663e4	SID531469	19000	19250	18774	11.68	11.68	226	25081
occ_e578fbb0da6d7a2faa3a88f37a8663e4	SID531469	19250	19500	19024	14.852	14.852	226	25081
occ_e578fbb0da6d7a2faa3a88f37a8663e4	SID531469	19500	19750	19274	14.488	14.488	226	25081
occ_e578fbb0da6d7a2faa3a88f37a8663e4	SID531469	19750	20000	19524	15.028	15.028	226	25081
occ_e578fbb0da6d7a2faa3a88f37a8663e4	SID531469	20000	20250	19774	16.856	16.856	226	25081
occ_e578fbb0da6d7a2faa3a88f37a8663e4	SID531469	20250	20500	20024	10.5	10.5	226	25081
occ_e578fbb0da6d7a2faa3a88f37a8663e4	SID531469	20500	20750	20274	11.236	11.236	226	25081
occ_e578fbb0da6d7a2faa3a88f37a8663e4	SID531469	20750	21000	20524	10.028	10.028	226	25081
occ_e578fbb0da6d7a2faa3a88f37a8663e4	SID531469	21000	21250	20774	3.996	3.996	226	25081
occ_e578fbb0da6d7a2faa3a88f37a8663e4	SID531469	21250	21500	21024	5.384	5.384	226	25081
occ_e578fbb0da6d7a2faa3a88f37a8663e4	SID531469	21500	21750	21274	8.608	8.608	226	25081
occ_e578fbb0da6d7a2faa3a88f37a8663e4	SID531469	21750	22000	21524	14.956	14.956	226	25081
occ_e578fbb0da6d7a2faa3a88f37a8663e4	SID531469	22000	22250	21774	10.796	10.796	226	25081
occ_e578fbb0da6d7a2faa3a88f37a8663e4	SID531469	22250	22500	22024	10.18	10.18	226	25081
occ_e578fbb0da6d7a2faa3a88f37a8663e4	SID531469	22500	22750	22274	10.232	10.232	226	25081
occ_e578fbb0da6d7a2faa3a88f37a8663e4	SID531469	22750	23000	22524	9.264	9.264	226	25081
occ_e578fbb0da6d7a2faa3a88f37a8663e4	SID531469	23000	23250	22774	11.56	11.56	226	25081
occ_e578fbb0da6d7a2faa3a88f37a8663e4	SID531469	23250	23500	23024	15.456	15.456	226	25081
occ_e578fbb0da6d7a2faa3a88f37a8663e4	SID531469	23500	23750	23274	18.872	18.872	226	25081
occ_e578fbb0da6d7a2faa3a88f37a8663e4	SID531469	23750	24000	23524	16.52	16.52	226	25081
occ_e578fbb0da6d7a2faa3a88f37a8663e4	SID531469	24000	24250	23774	13.6	13.6	226	25081
occ_e578fbb0da6d7a2faa3a88f37a8663e4	SID531469	24250	24500	24024	12.92	12.92	226	25081
occ_e578fbb0da6d7a2faa3a88f37a8663e4	SID531469	24500	24750	24274	11.924	11.924	226	25081
occ_e578fbb0da6d7a2faa3a88f37a8663e4	SID531469	24750	25000	24524	11.568	11.568	226	25081
occ_e578fbb0da6d7a2faa3a88f37a8663e4	SID531469	25000	25250	24774	10.748	10.748	226	25081
occ_e578fbb0da6d7a2faa3a88f37a8663e4	SID531469	25250	25500	25024	12.152	12.152	226	25081
occ_e578fbb0da6d7a2faa3a88f37a8663e4	SID531469	25500	25750	25274	14.384	14.384	226	25081
occ_e578fbb0da6d7a2faa3a88f37a8663e4	SID531469	25750	26000	25524	11.684	11.684	226	25081
occ_e578fbb0da6d7a2faa3a88f37a8663e4	SID531469	26000	26250	25774	13.084	13.084	226	25081
occ_e578fbb0da6d7a2faa3a88f37a8663e4	SID531469	26250	26500	26024	16.66	16.66	226	25081
occ_e578fbb0da6d7a2faa3a88f37a8663e4	SID531469	26500	26750	26274	16.908	16.908	226	25081
occ_e578fbb0da6d7a2faa3a88f37a8663e4	SID531469	26750	27000	26524	16.728	16.728	226	25081
occ_e578fbb0da6d7a2faa3a88f37a8663e4	SID531469	27000	27250	26774	19.94	19.94	226	25081
occ_e578fbb0da6d7a2faa3a88f37a8663e4	SID531469	27250	27500	27024	16.944	15.588	226	25081
occ_e578fbb0da6d7a2faa3a88f37a8663e4	SID531469	27500	27750	27274	14.132	13.68	226	25081
occ_e578fbb0da6d7a2faa3a88f37a8663e4	SID531469	27750	28000	27524	11.236	11.236	226	25081
occ_e578fbb0da6d7a2faa3a88f37a8663e4	SID531469	28000	28250	27774	14.536	14.536	226	25081
occ_e578fbb0da6d7a2faa3a88f37a8663e4	SID531469	28250	28500	28024	19.2	19.2	226	25081
occ_e578fbb0da6d7a2faa3a88f37a8663e4	SID531469	28500	28750	28274	18.176	18.176	226	25081
occ_e578fbb0da6d7a2faa3a88f37a8663e4	SID531469	28750	29000	28524	15.528	15.52	226	25081
occ_e578fbb0da6d7a2faa3a88f37a8663e4	SID531469	29000	29250	28774	9.088	9.084	226	25081
occ_e578fbb0da6d7a2faa3a88f37a8663e4	SID531469	29250	29500	29024	10.788	10.788	226	25081
occ_e578fbb0da6d7a2faa3a88f37a8663e4	SID531469	29500	29750	29274	15.06	15.06	226	25081
occ_e578fbb0da6d7a2faa3a88f37a8663e4	SID531469	29750	30000	29524	11.904	11.904	226	25081
occ_e578fbb0da6d7a2faa3a88f37a8663e4	SID531469	30000	30081	29774	11.123456790123457	10.333333333333334	226	25081
occ_e9dabc91d16b2ee96d150ee160183450	SID531469	12412	12662	-5000	20.324	20.324	17412	44071
occ_e9dabc91d16b2ee96d150ee160183450	SID531469	12662	12912	-4750	16.952	16.952	17412	44071
occ_e9dabc91d16b2ee96d150ee160183450	SID531469	12912	13162	-4500	19.984	19.984	17412	44071
occ_e9dabc91d16b2ee96d150ee160183450	SID531469	13162	13412	-4250	18.864	18.864	17412	44071
occ_e9dabc91d16b2ee96d150ee160183450	SID531469	13412	13662	-4000	14.08	14.08	17412	44071
occ_e9dabc91d16b2ee96d150ee160183450	SID531469	13662	13912	-3750	19.18	19.18	17412	44071
occ_e9dabc91d16b2ee96d150ee160183450	SID531469	13912	14162	-3500	20.1	20.1	17412	44071
occ_e9dabc91d16b2ee96d150ee160183450	SID531469	14162	14412	-3250	16.564	16.564	17412	44071
occ_e9dabc91d16b2ee96d150ee160183450	SID531469	14412	14662	-3000	15.524	15.524	17412	44071
occ_e9dabc91d16b2ee96d150ee160183450	SID531469	14662	14912	-2750	20.32	20.32	17412	44071
occ_e9dabc91d16b2ee96d150ee160183450	SID531469	14912	15162	-2500	19.124	19.124	17412	44071
occ_e9dabc91d16b2ee96d150ee160183450	SID531469	15162	15412	-2250	20.072	20.072	17412	44071
occ_e9dabc91d16b2ee96d150ee160183450	SID531469	15412	15662	-2000	20.972	20.972	17412	44071
occ_e9dabc91d16b2ee96d150ee160183450	SID531469	15662	15912	-1750	15.54	15.54	17412	44071
occ_e9dabc91d16b2ee96d150ee160183450	SID531469	15912	16162	-1500	17.228	17.228	17412	44071
occ_e9dabc91d16b2ee96d150ee160183450	SID531469	16162	16412	-1250	16.324	16.324	17412	44071
occ_e9dabc91d16b2ee96d150ee160183450	SID531469	16412	16662	-1000	16.632	16.632	17412	44071
occ_e9dabc91d16b2ee96d150ee160183450	SID531469	16662	16912	-750	22.344	22.344	17412	44071
occ_e9dabc91d16b2ee96d150ee160183450	SID531469	16912	17162	-500	18.224	18.224	17412	44071
occ_e9dabc91d16b2ee96d150ee160183450	SID531469	17162	17412	-250	14.832	14.832	17412	44071
occ_e9dabc91d16b2ee96d150ee160183450	SID531469	17412	17662	0	18.044	18.044	17412	44071
occ_e9dabc91d16b2ee96d150ee160183450	SID531469	17662	17912	250	17.848	17.848	17412	44071
occ_e9dabc91d16b2ee96d150ee160183450	SID531469	17912	18162	500	15.164	15.164	17412	44071
occ_e9dabc91d16b2ee96d150ee160183450	SID531469	18162	18412	750	19.712	19.712	17412	44071
occ_e9dabc91d16b2ee96d150ee160183450	SID531469	18412	18662	1000	12.012	12.012	17412	44071
occ_e9dabc91d16b2ee96d150ee160183450	SID531469	18662	18912	1250	14.64	14.64	17412	44071
occ_e9dabc91d16b2ee96d150ee160183450	SID531469	18912	19162	1500	8.028	8.028	17412	44071
occ_e9dabc91d16b2ee96d150ee160183450	SID531469	19162	19412	1750	17.32	17.32	17412	44071
occ_e9dabc91d16b2ee96d150ee160183450	SID531469	19412	19662	2000	19.916	19.916	17412	44071
occ_e9dabc91d16b2ee96d150ee160183450	SID531469	19662	19912	2250	13.192	13.192	17412	44071
occ_e9dabc91d16b2ee96d150ee160183450	SID531469	19912	20162	2500	16.024	16.024	17412	44071
occ_e9dabc91d16b2ee96d150ee160183450	SID531469	20162	20412	2750	14.852	14.852	17412	44071
occ_e9dabc91d16b2ee96d150ee160183450	SID531469	20412	20662	3000	13.204	13.204	17412	44071
occ_e9dabc91d16b2ee96d150ee160183450	SID531469	20662	20912	3250	19.28	19.28	17412	44071
occ_e9dabc91d16b2ee96d150ee160183450	SID531469	20912	21162	3500	18.32	18.32	17412	44071
occ_e9dabc91d16b2ee96d150ee160183450	SID531469	21162	21412	3750	14.02	14.02	17412	44071
occ_e9dabc91d16b2ee96d150ee160183450	SID531469	21412	21662	4000	25.872	25.872	17412	44071
occ_e9dabc91d16b2ee96d150ee160183450	SID531469	21662	21912	4250	16.728	16.728	17412	44071
occ_e9dabc91d16b2ee96d150ee160183450	SID531469	21912	22162	4500	13.12	13.12	17412	44071
occ_e9dabc91d16b2ee96d150ee160183450	SID531469	22162	22412	4750	17.328	17.328	17412	44071
occ_e9dabc91d16b2ee96d150ee160183450	SID531469	22412	22662	5000	24.328	24.328	17412	44071
occ_e9dabc91d16b2ee96d150ee160183450	SID531469	22662	22912	5250	17.636	17.636	17412	44071
occ_e9dabc91d16b2ee96d150ee160183450	SID531469	22912	23162	5500	14.672	14.672	17412	44071
occ_e9dabc91d16b2ee96d150ee160183450	SID531469	23162	23412	5750	15.728	15.728	17412	44071
occ_e9dabc91d16b2ee96d150ee160183450	SID531469	23412	23662	6000	21.336	21.336	17412	44071
occ_e9dabc91d16b2ee96d150ee160183450	SID531469	23662	23912	6250	15.304	15.304	17412	44071
occ_e9dabc91d16b2ee96d150ee160183450	SID531469	23912	24162	6500	11.2	11.2	17412	44071
occ_e9dabc91d16b2ee96d150ee160183450	SID531469	24162	24412	6750	16.368	16.368	17412	44071
occ_e9dabc91d16b2ee96d150ee160183450	SID531469	24412	24662	7000	18.764	18.764	17412	44071
occ_e9dabc91d16b2ee96d150ee160183450	SID531469	24662	24912	7250	17.884	17.884	17412	44071
occ_e9dabc91d16b2ee96d150ee160183450	SID531469	24912	25162	7500	19.92	19.92	17412	44071
occ_e9dabc91d16b2ee96d150ee160183450	SID531469	25162	25412	7750	20.472	20.472	17412	44071
occ_e9dabc91d16b2ee96d150ee160183450	SID531469	25412	25662	8000	18.344	18.344	17412	44071
occ_e9dabc91d16b2ee96d150ee160183450	SID531469	25662	25912	8250	16.068	16.068	17412	44071
occ_e9dabc91d16b2ee96d150ee160183450	SID531469	25912	26162	8500	19.836	19.836	17412	44071
occ_e9dabc91d16b2ee96d150ee160183450	SID531469	26162	26412	8750	18.096	18.092	17412	44071
occ_e9dabc91d16b2ee96d150ee160183450	SID531469	26412	26662	9000	16.428	16.428	17412	44071
occ_e9dabc91d16b2ee96d150ee160183450	SID531469	26662	26912	9250	20.248	20.248	17412	44071
occ_e9dabc91d16b2ee96d150ee160183450	SID531469	26912	27162	9500	17.908	17.908	17412	44071
occ_e9dabc91d16b2ee96d150ee160183450	SID531469	27162	27412	9750	16.86	16.86	17412	44071
occ_e9dabc91d16b2ee96d150ee160183450	SID531469	27412	27662	10000	17.324	17.324	17412	44071
occ_e9dabc91d16b2ee96d150ee160183450	SID531469	27662	27912	10250	17.26	17.26	17412	44071
occ_e9dabc91d16b2ee96d150ee160183450	SID531469	27912	28162	10500	15.008	15.008	17412	44071
occ_e9dabc91d16b2ee96d150ee160183450	SID531469	28162	28412	10750	12.112	12.112	17412	44071
occ_e9dabc91d16b2ee96d150ee160183450	SID531469	28412	28662	11000	12.576	12.576	17412	44071
occ_e9dabc91d16b2ee96d150ee160183450	SID531469	28662	28912	11250	17.24	17.24	17412	44071
occ_e9dabc91d16b2ee96d150ee160183450	SID531469	28912	29162	11500	18.292	18.292	17412	44071
occ_e9dabc91d16b2ee96d150ee160183450	SID531469	29162	29412	11750	16.464	16.464	17412	44071
occ_e9dabc91d16b2ee96d150ee160183450	SID531469	29412	29662	12000	14.68	14.68	17412	44071
occ_e9dabc91d16b2ee96d150ee160183450	SID531469	29662	29912	12250	19.12	19.12	17412	44071
occ_e9dabc91d16b2ee96d150ee160183450	SID531469	29912	30162	12500	21.468	21.468	17412	44071
occ_e9dabc91d16b2ee96d150ee160183450	SID531469	30162	30412	12750	18.72	18.72	17412	44071
occ_e9dabc91d16b2ee96d150ee160183450	SID531469	30412	30662	13000	14.164	14.164	17412	44071
occ_e9dabc91d16b2ee96d150ee160183450	SID531469	30662	30912	13250	18.356	18.356	17412	44071
occ_e9dabc91d16b2ee96d150ee160183450	SID531469	30912	31162	13500	17.516	17.516	17412	44071
occ_e9dabc91d16b2ee96d150ee160183450	SID531469	31162	31412	13750	15.28	15.28	17412	44071
occ_e9dabc91d16b2ee96d150ee160183450	SID531469	31412	31662	14000	16.432	16.432	17412	44071
occ_e9dabc91d16b2ee96d150ee160183450	SID531469	31662	31912	14250	20.5	20.5	17412	44071
occ_e9dabc91d16b2ee96d150ee160183450	SID531469	31912	32162	14500	16.304	16.304	17412	44071
occ_e9dabc91d16b2ee96d150ee160183450	SID531469	32162	32412	14750	16.596	16.596	17412	44071
occ_e9dabc91d16b2ee96d150ee160183450	SID531469	32412	32662	15000	20.864	20.864	17412	44071
occ_e9dabc91d16b2ee96d150ee160183450	SID531469	32662	32912	15250	12.256	12.256	17412	44071
occ_e9dabc91d16b2ee96d150ee160183450	SID531469	32912	33162	15500	17.72	17.72	17412	44071
occ_e9dabc91d16b2ee96d150ee160183450	SID531469	33162	33412	15750	17.764	17.764	17412	44071
occ_e9dabc91d16b2ee96d150ee160183450	SID531469	33412	33662	16000	23.232	23.232	17412	44071
occ_e9dabc91d16b2ee96d150ee160183450	SID531469	33662	33912	16250	16.808	16.808	17412	44071
occ_e9dabc91d16b2ee96d150ee160183450	SID531469	33912	34162	16500	14.524	14.524	17412	44071
occ_e9dabc91d16b2ee96d150ee160183450	SID531469	34162	34412	16750	14.616	14.616	17412	44071
occ_e9dabc91d16b2ee96d150ee160183450	SID531469	34412	34662	17000	11.144	11.144	17412	44071
occ_e9dabc91d16b2ee96d150ee160183450	SID531469	34662	34912	17250	12.896	12.896	17412	44071
occ_e9dabc91d16b2ee96d150ee160183450	SID531469	34912	35162	17500	14.26	14.26	17412	44071
occ_e9dabc91d16b2ee96d150ee160183450	SID531469	35162	35412	17750	14.756	14.756	17412	44071
occ_e9dabc91d16b2ee96d150ee160183450	SID531469	35412	35662	18000	16.196	16.196	17412	44071
occ_e9dabc91d16b2ee96d150ee160183450	SID531469	35662	35912	18250	18.028	18.028	17412	44071
occ_e9dabc91d16b2ee96d150ee160183450	SID531469	35912	36162	18500	13.912	13.912	17412	44071
occ_e9dabc91d16b2ee96d150ee160183450	SID531469	36162	36412	18750	18.62	18.62	17412	44071
occ_e9dabc91d16b2ee96d150ee160183450	SID531469	36412	36662	19000	17.928	17.928	17412	44071
occ_e9dabc91d16b2ee96d150ee160183450	SID531469	36662	36912	19250	16.756	16.756	17412	44071
occ_e9dabc91d16b2ee96d150ee160183450	SID531469	36912	37162	19500	14.204	14.204	17412	44071
occ_e9dabc91d16b2ee96d150ee160183450	SID531469	37162	37412	19750	16.648	16.648	17412	44071
occ_e9dabc91d16b2ee96d150ee160183450	SID531469	37412	37662	20000	19.048	19.048	17412	44071
occ_e9dabc91d16b2ee96d150ee160183450	SID531469	37662	37912	20250	20.396	20.396	17412	44071
occ_e9dabc91d16b2ee96d150ee160183450	SID531469	37912	38162	20500	19.68	19.68	17412	44071
occ_e9dabc91d16b2ee96d150ee160183450	SID531469	38162	38412	20750	20.46	20.46	17412	44071
occ_e9dabc91d16b2ee96d150ee160183450	SID531469	38412	38662	21000	20.46	20.46	17412	44071
occ_e9dabc91d16b2ee96d150ee160183450	SID531469	38662	38912	21250	14.996	14.996	17412	44071
occ_e9dabc91d16b2ee96d150ee160183450	SID531469	38912	39162	21500	16.4	16.4	17412	44071
occ_e9dabc91d16b2ee96d150ee160183450	SID531469	39162	39412	21750	12.732	12.732	17412	44071
occ_e9dabc91d16b2ee96d150ee160183450	SID531469	39412	39662	22000	13.696	13.696	17412	44071
occ_e9dabc91d16b2ee96d150ee160183450	SID531469	39662	39912	22250	16.564	16.564	17412	44071
occ_e9dabc91d16b2ee96d150ee160183450	SID531469	39912	40162	22500	14.432	14.432	17412	44071
occ_e9dabc91d16b2ee96d150ee160183450	SID531469	40162	40412	22750	19.192	19.192	17412	44071
occ_e9dabc91d16b2ee96d150ee160183450	SID531469	40412	40662	23000	21.272	21.272	17412	44071
occ_e9dabc91d16b2ee96d150ee160183450	SID531469	40662	40912	23250	22.104	22.104	17412	44071
occ_e9dabc91d16b2ee96d150ee160183450	SID531469	40912	41162	23500	16.816	16.816	17412	44071
occ_e9dabc91d16b2ee96d150ee160183450	SID531469	41162	41412	23750	19.228	19.228	17412	44071
occ_e9dabc91d16b2ee96d150ee160183450	SID531469	41412	41662	24000	18.772	18.772	17412	44071
occ_e9dabc91d16b2ee96d150ee160183450	SID531469	41662	41912	24250	20.076	20.076	17412	44071
occ_e9dabc91d16b2ee96d150ee160183450	SID531469	41912	42162	24500	19.712	19.712	17412	44071
occ_e9dabc91d16b2ee96d150ee160183450	SID531469	42162	42412	24750	13.8	13.8	17412	44071
occ_e9dabc91d16b2ee96d150ee160183450	SID531469	42412	42662	25000	18.004	18.004	17412	44071
occ_e9dabc91d16b2ee96d150ee160183450	SID531469	42662	42912	25250	17.212	17.212	17412	44071
occ_e9dabc91d16b2ee96d150ee160183450	SID531469	42912	43162	25500	15.976	15.976	17412	44071
occ_e9dabc91d16b2ee96d150ee160183450	SID531469	43162	43412	25750	14.744	14.744	17412	44071
occ_e9dabc91d16b2ee96d150ee160183450	SID531469	43412	43662	26000	15.896	15.896	17412	44071
occ_e9dabc91d16b2ee96d150ee160183450	SID531469	43662	43912	26250	19.596	19.596	17412	44071
occ_e9dabc91d16b2ee96d150ee160183450	SID531469	43912	44162	26500	20.308	20.308	17412	44071
occ_e9dabc91d16b2ee96d150ee160183450	SID531469	44162	44412	26750	20.496	20.496	17412	44071
occ_e9dabc91d16b2ee96d150ee160183450	SID531469	44412	44662	27000	20.128	20.128	17412	44071
occ_e9dabc91d16b2ee96d150ee160183450	SID531469	44662	44912	27250	20.804	20.804	17412	44071
occ_e9dabc91d16b2ee96d150ee160183450	SID531469	44912	45162	27500	12.92	12.92	17412	44071
occ_e9dabc91d16b2ee96d150ee160183450	SID531469	45162	45412	27750	15.54	15.54	17412	44071
occ_e9dabc91d16b2ee96d150ee160183450	SID531469	45412	45662	28000	18.324	18.324	17412	44071
occ_e9dabc91d16b2ee96d150ee160183450	SID531469	45662	45912	28250	17.524	17.524	17412	44071
occ_e9dabc91d16b2ee96d150ee160183450	SID531469	45912	46162	28500	16.0	16.0	17412	44071
occ_e9dabc91d16b2ee96d150ee160183450	SID531469	46162	46412	28750	17.396	17.396	17412	44071
occ_e9dabc91d16b2ee96d150ee160183450	SID531469	46412	46662	29000	18.288	18.288	17412	44071
occ_e9dabc91d16b2ee96d150ee160183450	SID531469	46662	46912	29250	22.76	22.756	17412	44071
occ_e9dabc91d16b2ee96d150ee160183450	SID531469	46912	47162	29500	18.136	18.132	17412	44071
occ_e9dabc91d16b2ee96d150ee160183450	SID531469	47162	47412	29750	16.224	16.224	17412	44071
occ_e9dabc91d16b2ee96d150ee160183450	SID531469	47412	47662	30000	12.596	12.596	17412	44071
occ_e9dabc91d16b2ee96d150ee160183450	SID531469	47662	47912	30250	17.564	17.564	17412	44071
occ_e9dabc91d16b2ee96d150ee160183450	SID531469	47912	48162	30500	16.98	16.98	17412	44071
occ_e9dabc91d16b2ee96d150ee160183450	SID531469	48162	48412	30750	15.392	15.392	17412	44071
occ_e9dabc91d16b2ee96d150ee160183450	SID531469	48412	48662	31000	14.152	14.152	17412	44071
occ_e9dabc91d16b2ee96d150ee160183450	SID531469	48662	48912	31250	15.244	15.244	17412	44071
occ_e9dabc91d16b2ee96d150ee160183450	SID531469	48912	49071	31500	20.371069182389938	20.371069182389938	17412	44071
occ_e9e334b3aa5bc16196693eea6680e13d	SID531469	20596	20846	-5000	35.356	35.352	25596	68835
occ_e9e334b3aa5bc16196693eea6680e13d	SID531469	20846	21096	-4750	38.98	38.98	25596	68835
occ_e9e334b3aa5bc16196693eea6680e13d	SID531469	21096	21346	-4500	40.076	40.076	25596	68835
occ_e9e334b3aa5bc16196693eea6680e13d	SID531469	21346	21596	-4250	41.456	41.456	25596	68835
occ_e9e334b3aa5bc16196693eea6680e13d	SID531469	21596	21846	-4000	37.548	37.548	25596	68835
occ_e9e334b3aa5bc16196693eea6680e13d	SID531469	21846	22096	-3750	36.208	36.208	25596	68835
occ_e9e334b3aa5bc16196693eea6680e13d	SID531469	22096	22346	-3500	34.184	34.184	25596	68835
occ_e9e334b3aa5bc16196693eea6680e13d	SID531469	22346	22596	-3250	26.436	26.436	25596	68835
occ_e9e334b3aa5bc16196693eea6680e13d	SID531469	22596	22846	-3000	38.684	38.684	25596	68835
occ_e9e334b3aa5bc16196693eea6680e13d	SID531469	22846	23096	-2750	39.796	39.796	25596	68835
occ_e9e334b3aa5bc16196693eea6680e13d	SID531469	23096	23346	-2500	39.468	39.468	25596	68835
occ_e9e334b3aa5bc16196693eea6680e13d	SID531469	23346	23596	-2250	48.928	48.928	25596	68835
occ_e9e334b3aa5bc16196693eea6680e13d	SID531469	23596	23846	-2000	41.284	41.284	25596	68835
occ_e9e334b3aa5bc16196693eea6680e13d	SID531469	23846	24096	-1750	41.916	41.916	25596	68835
occ_e9e334b3aa5bc16196693eea6680e13d	SID531469	24096	24346	-1500	41.828	41.828	25596	68835
occ_e9e334b3aa5bc16196693eea6680e13d	SID531469	24346	24596	-1250	39.164	39.164	25596	68835
occ_e9e334b3aa5bc16196693eea6680e13d	SID531469	24596	24846	-1000	39.104	39.104	25596	68835
occ_e9e334b3aa5bc16196693eea6680e13d	SID531469	24846	25096	-750	34.188	34.188	25596	68835
occ_e9e334b3aa5bc16196693eea6680e13d	SID531469	25096	25346	-500	47.92	47.92	25596	68835
occ_e9e334b3aa5bc16196693eea6680e13d	SID531469	25346	25596	-250	41.92	41.92	25596	68835
occ_e9e334b3aa5bc16196693eea6680e13d	SID531469	25596	25846	0	48.384	48.384	25596	68835
occ_e9e334b3aa5bc16196693eea6680e13d	SID531469	25846	26096	250	46.536	46.536	25596	68835
occ_e9e334b3aa5bc16196693eea6680e13d	SID531469	26096	26346	500	29.38	29.38	25596	68835
occ_e9e334b3aa5bc16196693eea6680e13d	SID531469	26346	26596	750	42.944	42.944	25596	68835
occ_e9e334b3aa5bc16196693eea6680e13d	SID531469	26596	26846	1000	44.092	44.092	25596	68835
occ_e9e334b3aa5bc16196693eea6680e13d	SID531469	26846	27096	1250	31.712	31.712	25596	68835
occ_e9e334b3aa5bc16196693eea6680e13d	SID531469	27096	27346	1500	31.212	31.212	25596	68835
occ_e9e334b3aa5bc16196693eea6680e13d	SID531469	27346	27596	1750	34.048	34.048	25596	68835
occ_e9e334b3aa5bc16196693eea6680e13d	SID531469	27596	27846	2000	41.404	41.404	25596	68835
occ_e9e334b3aa5bc16196693eea6680e13d	SID531469	27846	28096	2250	48.66	48.66	25596	68835
occ_e9e334b3aa5bc16196693eea6680e13d	SID531469	28096	28346	2500	36.296	36.296	25596	68835
occ_e9e334b3aa5bc16196693eea6680e13d	SID531469	28346	28596	2750	36.292	36.292	25596	68835
occ_e9e334b3aa5bc16196693eea6680e13d	SID531469	28596	28846	3000	34.648	34.648	25596	68835
occ_e9e334b3aa5bc16196693eea6680e13d	SID531469	28846	29096	3250	32.252	32.252	25596	68835
occ_e9e334b3aa5bc16196693eea6680e13d	SID531469	29096	29346	3500	31.8	31.8	25596	68835
occ_e9e334b3aa5bc16196693eea6680e13d	SID531469	29346	29596	3750	40.008	40.008	25596	68835
occ_e9e334b3aa5bc16196693eea6680e13d	SID531469	29596	29846	4000	33.088	33.088	25596	68835
occ_e9e334b3aa5bc16196693eea6680e13d	SID531469	29846	30096	4250	37.78	37.576	25596	68835
occ_e9e334b3aa5bc16196693eea6680e13d	SID531469	30096	30346	4500	22.252	21.688	25596	68835
occ_e9e334b3aa5bc16196693eea6680e13d	SID531469	30346	30596	4750	19.356	19.356	25596	68835
occ_e9e334b3aa5bc16196693eea6680e13d	SID531469	30596	30846	5000	19.072	19.072	25596	68835
occ_e9e334b3aa5bc16196693eea6680e13d	SID531469	30846	31096	5250	17.308	17.308	25596	68835
occ_e9e334b3aa5bc16196693eea6680e13d	SID531469	31096	31346	5500	15.452	15.452	25596	68835
occ_e9e334b3aa5bc16196693eea6680e13d	SID531469	31346	31596	5750	13.78	13.78	25596	68835
occ_e9e334b3aa5bc16196693eea6680e13d	SID531469	31596	31846	6000	20.224	20.224	25596	68835
occ_e9e334b3aa5bc16196693eea6680e13d	SID531469	31846	32096	6250	18.74	18.74	25596	68835
occ_e9e334b3aa5bc16196693eea6680e13d	SID531469	32096	32346	6500	14.744	14.744	25596	68835
occ_e9e334b3aa5bc16196693eea6680e13d	SID531469	32346	32596	6750	19.04	19.04	25596	68835
occ_e9e334b3aa5bc16196693eea6680e13d	SID531469	32596	32846	7000	18.8	18.8	25596	68835
occ_e9e334b3aa5bc16196693eea6680e13d	SID531469	32846	33096	7250	22.272	22.272	25596	68835
occ_e9e334b3aa5bc16196693eea6680e13d	SID531469	33096	33346	7500	20.664	20.556	25596	68835
occ_e9e334b3aa5bc16196693eea6680e13d	SID531469	33346	33596	7750	24.8	24.688	25596	68835
occ_e9e334b3aa5bc16196693eea6680e13d	SID531469	33596	33846	8000	28.292	28.292	25596	68835
occ_e9e334b3aa5bc16196693eea6680e13d	SID531469	33846	34096	8250	20.204	20.204	25596	68835
occ_e9e334b3aa5bc16196693eea6680e13d	SID531469	34096	34346	8500	13.86	13.86	25596	68835
occ_e9e334b3aa5bc16196693eea6680e13d	SID531469	34346	34596	8750	18.792	18.792	25596	68835
occ_e9e334b3aa5bc16196693eea6680e13d	SID531469	34596	34846	9000	24.528	24.528	25596	68835
occ_e9e334b3aa5bc16196693eea6680e13d	SID531469	34846	35096	9250	19.232	19.232	25596	68835
occ_e9e334b3aa5bc16196693eea6680e13d	SID531469	35096	35346	9500	15.192	15.192	25596	68835
occ_e9e334b3aa5bc16196693eea6680e13d	SID531469	35346	35596	9750	15.12	15.12	25596	68835
occ_e9e334b3aa5bc16196693eea6680e13d	SID531469	35596	35846	10000	20.472	20.472	25596	68835
occ_e9e334b3aa5bc16196693eea6680e13d	SID531469	35846	36096	10250	24.22	24.22	25596	68835
occ_e9e334b3aa5bc16196693eea6680e13d	SID531469	36096	36346	10500	18.396	18.396	25596	68835
occ_e9e334b3aa5bc16196693eea6680e13d	SID531469	36346	36596	10750	17.62	17.62	25596	68835
occ_e9e334b3aa5bc16196693eea6680e13d	SID531469	36596	36846	11000	21.636	21.636	25596	68835
occ_e9e334b3aa5bc16196693eea6680e13d	SID531469	36846	37096	11250	18.14	18.14	25596	68835
occ_e9e334b3aa5bc16196693eea6680e13d	SID531469	37096	37346	11500	17.912	17.912	25596	68835
occ_e9e334b3aa5bc16196693eea6680e13d	SID531469	37346	37596	11750	27.124	27.124	25596	68835
occ_e9e334b3aa5bc16196693eea6680e13d	SID531469	37596	37846	12000	27.0	27.0	25596	68835
occ_e9e334b3aa5bc16196693eea6680e13d	SID531469	37846	38096	12250	22.528	22.528	25596	68835
occ_e9e334b3aa5bc16196693eea6680e13d	SID531469	38096	38346	12500	25.592	25.592	25596	68835
occ_e9e334b3aa5bc16196693eea6680e13d	SID531469	38346	38596	12750	20.204	20.204	25596	68835
occ_e9e334b3aa5bc16196693eea6680e13d	SID531469	38596	38846	13000	24.692	24.692	25596	68835
occ_e9e334b3aa5bc16196693eea6680e13d	SID531469	38846	39096	13250	24.844	24.844	25596	68835
occ_e9e334b3aa5bc16196693eea6680e13d	SID531469	39096	39346	13500	20.496	20.496	25596	68835
occ_e9e334b3aa5bc16196693eea6680e13d	SID531469	39346	39596	13750	16.584	16.584	25596	68835
occ_e9e334b3aa5bc16196693eea6680e13d	SID531469	39596	39846	14000	23.252	23.252	25596	68835
occ_e9e334b3aa5bc16196693eea6680e13d	SID531469	39846	40096	14250	19.34	18.96	25596	68835
occ_e9e334b3aa5bc16196693eea6680e13d	SID531469	40096	40346	14500	22.844	22.844	25596	68835
occ_e9e334b3aa5bc16196693eea6680e13d	SID531469	40346	40596	14750	22.872	22.872	25596	68835
occ_e9e334b3aa5bc16196693eea6680e13d	SID531469	40596	40846	15000	20.784	20.784	25596	68835
occ_e9e334b3aa5bc16196693eea6680e13d	SID531469	40846	41096	15250	24.168	24.168	25596	68835
occ_e9e334b3aa5bc16196693eea6680e13d	SID531469	41096	41346	15500	23.864	23.864	25596	68835
occ_e9e334b3aa5bc16196693eea6680e13d	SID531469	41346	41596	15750	23.516	23.516	25596	68835
occ_e9e334b3aa5bc16196693eea6680e13d	SID531469	41596	41846	16000	24.312	24.312	25596	68835
occ_e9e334b3aa5bc16196693eea6680e13d	SID531469	41846	42096	16250	17.276	17.276	25596	68835
occ_e9e334b3aa5bc16196693eea6680e13d	SID531469	42096	42346	16500	19.364	19.364	25596	68835
occ_e9e334b3aa5bc16196693eea6680e13d	SID531469	42346	42596	16750	21.508	21.508	25596	68835
occ_e9e334b3aa5bc16196693eea6680e13d	SID531469	42596	42846	17000	20.136	20.136	25596	68835
occ_e9e334b3aa5bc16196693eea6680e13d	SID531469	42846	43096	17250	19.268	19.268	25596	68835
occ_e9e334b3aa5bc16196693eea6680e13d	SID531469	43096	43346	17500	19.784	19.784	25596	68835
occ_e9e334b3aa5bc16196693eea6680e13d	SID531469	43346	43596	17750	22.796	22.796	25596	68835
occ_e9e334b3aa5bc16196693eea6680e13d	SID531469	43596	43846	18000	28.428	28.428	25596	68835
occ_e9e334b3aa5bc16196693eea6680e13d	SID531469	43846	44096	18250	23.424	23.424	25596	68835
occ_e9e334b3aa5bc16196693eea6680e13d	SID531469	44096	44346	18500	24.1	24.1	25596	68835
occ_e9e334b3aa5bc16196693eea6680e13d	SID531469	44346	44596	18750	21.424	21.424	25596	68835
occ_e9e334b3aa5bc16196693eea6680e13d	SID531469	44596	44846	19000	21.292	21.292	25596	68835
occ_e9e334b3aa5bc16196693eea6680e13d	SID531469	44846	45096	19250	17.032	17.032	25596	68835
occ_e9e334b3aa5bc16196693eea6680e13d	SID531469	45096	45346	19500	22.644	22.644	25596	68835
occ_e9e334b3aa5bc16196693eea6680e13d	SID531469	45346	45596	19750	17.484	17.484	25596	68835
occ_e9e334b3aa5bc16196693eea6680e13d	SID531469	45596	45846	20000	19.24	19.24	25596	68835
occ_e9e334b3aa5bc16196693eea6680e13d	SID531469	45846	46096	20250	28.484	28.1	25596	68835
occ_e9e334b3aa5bc16196693eea6680e13d	SID531469	46096	46346	20500	21.436	21.436	25596	68835
occ_e9e334b3aa5bc16196693eea6680e13d	SID531469	46346	46596	20750	17.912	17.912	25596	68835
occ_e9e334b3aa5bc16196693eea6680e13d	SID531469	46596	46846	21000	18.92	18.92	25596	68835
occ_e9e334b3aa5bc16196693eea6680e13d	SID531469	46846	47096	21250	19.896	19.896	25596	68835
occ_e9e334b3aa5bc16196693eea6680e13d	SID531469	47096	47346	21500	14.7	14.7	25596	68835
occ_e9e334b3aa5bc16196693eea6680e13d	SID531469	47346	47596	21750	16.56	16.56	25596	68835
occ_e9e334b3aa5bc16196693eea6680e13d	SID531469	47596	47846	22000	16.196	16.196	25596	68835
occ_e9e334b3aa5bc16196693eea6680e13d	SID531469	47846	48096	22250	17.26	17.26	25596	68835
occ_e9e334b3aa5bc16196693eea6680e13d	SID531469	48096	48346	22500	23.072	23.072	25596	68835
occ_e9e334b3aa5bc16196693eea6680e13d	SID531469	48346	48596	22750	26.36	26.36	25596	68835
occ_e9e334b3aa5bc16196693eea6680e13d	SID531469	48596	48846	23000	27.72	27.72	25596	68835
occ_e9e334b3aa5bc16196693eea6680e13d	SID531469	48846	49096	23250	23.696	23.696	25596	68835
occ_e9e334b3aa5bc16196693eea6680e13d	SID531469	49096	49346	23500	25.148	25.148	25596	68835
occ_e9e334b3aa5bc16196693eea6680e13d	SID531469	49346	49596	23750	23.692	23.692	25596	68835
occ_e9e334b3aa5bc16196693eea6680e13d	SID531469	49596	49846	24000	20.348	20.348	25596	68835
occ_e9e334b3aa5bc16196693eea6680e13d	SID531469	49846	50096	24250	24.192	24.192	25596	68835
occ_e9e334b3aa5bc16196693eea6680e13d	SID531469	50096	50346	24500	29.052	29.052	25596	68835
occ_e9e334b3aa5bc16196693eea6680e13d	SID531469	50346	50596	24750	18.776	18.776	25596	68835
occ_e9e334b3aa5bc16196693eea6680e13d	SID531469	50596	50846	25000	16.74	16.736	25596	68835
occ_e9e334b3aa5bc16196693eea6680e13d	SID531469	50846	51096	25250	24.24	24.24	25596	68835
occ_e9e334b3aa5bc16196693eea6680e13d	SID531469	51096	51346	25500	23.364	23.364	25596	68835
occ_e9e334b3aa5bc16196693eea6680e13d	SID531469	51346	51596	25750	21.64	21.64	25596	68835
occ_e9e334b3aa5bc16196693eea6680e13d	SID531469	51596	51846	26000	22.42	22.42	25596	68835
occ_e9e334b3aa5bc16196693eea6680e13d	SID531469	51846	52096	26250	26.536	26.536	25596	68835
occ_e9e334b3aa5bc16196693eea6680e13d	SID531469	52096	52346	26500	21.5	21.5	25596	68835
occ_e9e334b3aa5bc16196693eea6680e13d	SID531469	52346	52596	26750	25.868	25.868	25596	68835
occ_e9e334b3aa5bc16196693eea6680e13d	SID531469	52596	52846	27000	13.968	13.968	25596	68835
occ_e9e334b3aa5bc16196693eea6680e13d	SID531469	52846	53096	27250	22.096	22.092	25596	68835
occ_e9e334b3aa5bc16196693eea6680e13d	SID531469	53096	53346	27500	22.196	22.196	25596	68835
occ_e9e334b3aa5bc16196693eea6680e13d	SID531469	53346	53596	27750	18.388	18.388	25596	68835
occ_e9e334b3aa5bc16196693eea6680e13d	SID531469	53596	53846	28000	20.556	20.556	25596	68835
occ_e9e334b3aa5bc16196693eea6680e13d	SID531469	53846	54096	28250	15.908	15.908	25596	68835
occ_e9e334b3aa5bc16196693eea6680e13d	SID531469	54096	54346	28500	17.228	17.228	25596	68835
occ_e9e334b3aa5bc16196693eea6680e13d	SID531469	54346	54596	28750	24.408	24.408	25596	68835
occ_e9e334b3aa5bc16196693eea6680e13d	SID531469	54596	54846	29000	26.108	26.108	25596	68835
occ_e9e334b3aa5bc16196693eea6680e13d	SID531469	54846	55096	29250	20.596	20.596	25596	68835
occ_e9e334b3aa5bc16196693eea6680e13d	SID531469	55096	55346	29500	23.34	23.34	25596	68835
occ_e9e334b3aa5bc16196693eea6680e13d	SID531469	55346	55596	29750	17.0	17.0	25596	68835
occ_e9e334b3aa5bc16196693eea6680e13d	SID531469	55596	55846	30000	16.208	16.208	25596	68835
occ_e9e334b3aa5bc16196693eea6680e13d	SID531469	55846	56096	30250	22.72	22.72	25596	68835
occ_e9e334b3aa5bc16196693eea6680e13d	SID531469	56096	56346	30500	20.816	20.816	25596	68835
occ_e9e334b3aa5bc16196693eea6680e13d	SID531469	56346	56596	30750	23.484	23.484	25596	68835
occ_e9e334b3aa5bc16196693eea6680e13d	SID531469	56596	56846	31000	22.04	22.04	25596	68835
occ_e9e334b3aa5bc16196693eea6680e13d	SID531469	56846	57096	31250	19.948	19.948	25596	68835
occ_e9e334b3aa5bc16196693eea6680e13d	SID531469	57096	57346	31500	30.436	30.436	25596	68835
occ_e9e334b3aa5bc16196693eea6680e13d	SID531469	57346	57596	31750	22.732	22.732	25596	68835
occ_e9e334b3aa5bc16196693eea6680e13d	SID531469	57596	57846	32000	21.028	21.028	25596	68835
occ_e9e334b3aa5bc16196693eea6680e13d	SID531469	57846	58096	32250	23.46	23.46	25596	68835
occ_e9e334b3aa5bc16196693eea6680e13d	SID531469	58096	58346	32500	27.464	27.464	25596	68835
occ_e9e334b3aa5bc16196693eea6680e13d	SID531469	58346	58596	32750	24.268	24.268	25596	68835
occ_e9e334b3aa5bc16196693eea6680e13d	SID531469	58596	58846	33000	19.184	19.184	25596	68835
occ_e9e334b3aa5bc16196693eea6680e13d	SID531469	58846	59096	33250	21.536	21.536	25596	68835
occ_e9e334b3aa5bc16196693eea6680e13d	SID531469	59096	59346	33500	27.108	27.108	25596	68835
occ_e9e334b3aa5bc16196693eea6680e13d	SID531469	59346	59596	33750	28.076	28.076	25596	68835
occ_e9e334b3aa5bc16196693eea6680e13d	SID531469	59596	59846	34000	30.684	30.684	25596	68835
occ_e9e334b3aa5bc16196693eea6680e13d	SID531469	59846	60096	34250	29.556	29.556	25596	68835
occ_e9e334b3aa5bc16196693eea6680e13d	SID531469	60096	60346	34500	26.7	26.7	25596	68835
occ_e9e334b3aa5bc16196693eea6680e13d	SID531469	60346	60596	34750	22.672	22.672	25596	68835
occ_e9e334b3aa5bc16196693eea6680e13d	SID531469	60596	60846	35000	21.368	21.368	25596	68835
occ_e9e334b3aa5bc16196693eea6680e13d	SID531469	60846	61096	35250	19.964	19.964	25596	68835
occ_e9e334b3aa5bc16196693eea6680e13d	SID531469	61096	61346	35500	16.188	16.188	25596	68835
occ_e9e334b3aa5bc16196693eea6680e13d	SID531469	61346	61596	35750	12.06	12.06	25596	68835
occ_e9e334b3aa5bc16196693eea6680e13d	SID531469	61596	61846	36000	21.852	21.852	25596	68835
occ_e9e334b3aa5bc16196693eea6680e13d	SID531469	61846	62096	36250	25.78	25.78	25596	68835
occ_e9e334b3aa5bc16196693eea6680e13d	SID531469	62096	62346	36500	24.928	24.928	25596	68835
occ_e9e334b3aa5bc16196693eea6680e13d	SID531469	62346	62596	36750	30.272	30.272	25596	68835
occ_e9e334b3aa5bc16196693eea6680e13d	SID531469	62596	62846	37000	26.332	26.332	25596	68835
occ_e9e334b3aa5bc16196693eea6680e13d	SID531469	62846	63096	37250	29.816	29.816	25596	68835
occ_e9e334b3aa5bc16196693eea6680e13d	SID531469	63096	63346	37500	25.74	25.74	25596	68835
occ_e9e334b3aa5bc16196693eea6680e13d	SID531469	63346	63596	37750	23.84	23.84	25596	68835
occ_e9e334b3aa5bc16196693eea6680e13d	SID531469	63596	63846	38000	22.392	22.392	25596	68835
occ_e9e334b3aa5bc16196693eea6680e13d	SID531469	63846	64096	38250	24.94	24.94	25596	68835
occ_e9e334b3aa5bc16196693eea6680e13d	SID531469	64096	64346	38500	17.164	17.164	25596	68835
occ_e9e334b3aa5bc16196693eea6680e13d	SID531469	64346	64596	38750	16.576	16.576	25596	68835
occ_e9e334b3aa5bc16196693eea6680e13d	SID531469	64596	64846	39000	17.648	17.648	25596	68835
occ_e9e334b3aa5bc16196693eea6680e13d	SID531469	64846	65096	39250	16.576	16.576	25596	68835
occ_e9e334b3aa5bc16196693eea6680e13d	SID531469	65096	65346	39500	16.136	16.136	25596	68835
occ_e9e334b3aa5bc16196693eea6680e13d	SID531469	65346	65596	39750	20.588	20.588	25596	68835
occ_e9e334b3aa5bc16196693eea6680e13d	SID531469	65596	65846	40000	21.848	21.848	25596	68835
occ_e9e334b3aa5bc16196693eea6680e13d	SID531469	65846	66096	40250	18.408	18.408	25596	68835
occ_e9e334b3aa5bc16196693eea6680e13d	SID531469	66096	66346	40500	18.212	18.212	25596	68835
occ_e9e334b3aa5bc16196693eea6680e13d	SID531469	66346	66596	40750	23.444	23.444	25596	68835
occ_e9e334b3aa5bc16196693eea6680e13d	SID531469	66596	66846	41000	17.736	17.736	25596	68835
occ_e9e334b3aa5bc16196693eea6680e13d	SID531469	66846	67096	41250	15.58	15.58	25596	68835
occ_e9e334b3aa5bc16196693eea6680e13d	SID531469	67096	67346	41500	17.732	17.732	25596	68835
occ_e9e334b3aa5bc16196693eea6680e13d	SID531469	67346	67596	41750	18.824	18.824	25596	68835
occ_e9e334b3aa5bc16196693eea6680e13d	SID531469	67596	67846	42000	22.176	22.176	25596	68835
occ_e9e334b3aa5bc16196693eea6680e13d	SID531469	67846	68096	42250	24.756	24.756	25596	68835
occ_e9e334b3aa5bc16196693eea6680e13d	SID531469	68096	68346	42500	20.748	20.748	25596	68835
occ_e9e334b3aa5bc16196693eea6680e13d	SID531469	68346	68596	42750	15.956	15.956	25596	68835
occ_e9e334b3aa5bc16196693eea6680e13d	SID531469	68596	68846	43000	20.094444444444445	19.56111111111111	25596	68835
occ_e9e334b3aa5bc16196693eea6680e13d	SID531469	68846	68926	43250	NA	NA	25596	68835
occ_fa22495233eea76b75341bfd87cfd35e	SID531469	0	250	-1	8.98	8.98	1	27386
occ_fa22495233eea76b75341bfd87cfd35e	SID531469	250	500	249	13.064	13.064	1	27386
occ_fa22495233eea76b75341bfd87cfd35e	SID531469	500	750	499	13.292	13.292	1	27386
occ_fa22495233eea76b75341bfd87cfd35e	SID531469	750	1000	749	13.044	13.044	1	27386
occ_fa22495233eea76b75341bfd87cfd35e	SID531469	1000	1250	999	10.424	10.424	1	27386
occ_fa22495233eea76b75341bfd87cfd35e	SID531469	1250	1500	1249	9.288	9.288	1	27386
occ_fa22495233eea76b75341bfd87cfd35e	SID531469	1500	1750	1499	8.588	8.588	1	27386
occ_fa22495233eea76b75341bfd87cfd35e	SID531469	1750	2000	1749	8.032	8.032	1	27386
occ_fa22495233eea76b75341bfd87cfd35e	SID531469	2000	2250	1999	10.84	10.84	1	27386
occ_fa22495233eea76b75341bfd87cfd35e	SID531469	2250	2500	2249	6.104	6.104	1	27386
occ_fa22495233eea76b75341bfd87cfd35e	SID531469	2500	2750	2499	12.012	12.012	1	27386
occ_fa22495233eea76b75341bfd87cfd35e	SID531469	2750	3000	2749	14.984	14.984	1	27386
occ_fa22495233eea76b75341bfd87cfd35e	SID531469	3000	3250	2999	16.036	16.036	1	27386
occ_fa22495233eea76b75341bfd87cfd35e	SID531469	3250	3500	3249	14.152	14.152	1	27386
occ_fa22495233eea76b75341bfd87cfd35e	SID531469	3500	3750	3499	12.904	12.904	1	27386
occ_fa22495233eea76b75341bfd87cfd35e	SID531469	3750	4000	3749	12.868	12.868	1	27386
occ_fa22495233eea76b75341bfd87cfd35e	SID531469	4000	4250	3999	9.968	9.968	1	27386
occ_fa22495233eea76b75341bfd87cfd35e	SID531469	4250	4500	4249	10.96	10.96	1	27386
occ_fa22495233eea76b75341bfd87cfd35e	SID531469	4500	4750	4499	10.468	10.468	1	27386
occ_fa22495233eea76b75341bfd87cfd35e	SID531469	4750	5000	4749	12.74	12.74	1	27386
occ_fa22495233eea76b75341bfd87cfd35e	SID531469	5000	5250	4999	11.468	11.468	1	27386
occ_fa22495233eea76b75341bfd87cfd35e	SID531469	5250	5500	5249	16.612	16.612	1	27386
occ_fa22495233eea76b75341bfd87cfd35e	SID531469	5500	5750	5499	14.756	14.756	1	27386
occ_fa22495233eea76b75341bfd87cfd35e	SID531469	5750	6000	5749	12.92	12.92	1	27386
occ_fa22495233eea76b75341bfd87cfd35e	SID531469	6000	6250	5999	10.312	10.312	1	27386
occ_fa22495233eea76b75341bfd87cfd35e	SID531469	6250	6500	6249	8.86	8.86	1	27386
occ_fa22495233eea76b75341bfd87cfd35e	SID531469	6500	6750	6499	11.536	11.536	1	27386
occ_fa22495233eea76b75341bfd87cfd35e	SID531469	6750	7000	6749	14.512	14.512	1	27386
occ_fa22495233eea76b75341bfd87cfd35e	SID531469	7000	7250	6999	12.84	12.84	1	27386
occ_fa22495233eea76b75341bfd87cfd35e	SID531469	7250	7500	7249	11.392	11.392	1	27386
occ_fa22495233eea76b75341bfd87cfd35e	SID531469	7500	7750	7499	12.996	12.996	1	27386
occ_fa22495233eea76b75341bfd87cfd35e	SID531469	7750	8000	7749	12.9	12.9	1	27386
occ_fa22495233eea76b75341bfd87cfd35e	SID531469	8000	8250	7999	10.892	10.892	1	27386
occ_fa22495233eea76b75341bfd87cfd35e	SID531469	8250	8500	8249	11.14	11.14	1	27386
occ_fa22495233eea76b75341bfd87cfd35e	SID531469	8500	8750	8499	8.544	8.544	1	27386
occ_fa22495233eea76b75341bfd87cfd35e	SID531469	8750	9000	8749	8.488	8.488	1	27386
occ_fa22495233eea76b75341bfd87cfd35e	SID531469	9000	9250	8999	11.084	11.084	1	27386
occ_fa22495233eea76b75341bfd87cfd35e	SID531469	9250	9500	9249	14.584	14.584	1	27386
occ_fa22495233eea76b75341bfd87cfd35e	SID531469	9500	9750	9499	9.252	9.252	1	27386
occ_fa22495233eea76b75341bfd87cfd35e	SID531469	9750	10000	9749	10.852	10.852	1	27386
occ_fa22495233eea76b75341bfd87cfd35e	SID531469	10000	10250	9999	12.456	12.456	1	27386
occ_fa22495233eea76b75341bfd87cfd35e	SID531469	10250	10500	10249	11.344	11.344	1	27386
occ_fa22495233eea76b75341bfd87cfd35e	SID531469	10500	10750	10499	9.588	9.588	1	27386
occ_fa22495233eea76b75341bfd87cfd35e	SID531469	10750	11000	10749	9.356	9.356	1	27386
occ_fa22495233eea76b75341bfd87cfd35e	SID531469	11000	11250	10999	11.92	11.92	1	27386
occ_fa22495233eea76b75341bfd87cfd35e	SID531469	11250	11500	11249	13.476	13.476	1	27386
occ_fa22495233eea76b75341bfd87cfd35e	SID531469	11500	11750	11499	17.4	17.4	1	27386
occ_fa22495233eea76b75341bfd87cfd35e	SID531469	11750	12000	11749	10.184	10.184	1	27386
occ_fa22495233eea76b75341bfd87cfd35e	SID531469	12000	12250	11999	11.232	11.232	1	27386
occ_fa22495233eea76b75341bfd87cfd35e	SID531469	12250	12500	12249	13.332	13.332	1	27386
occ_fa22495233eea76b75341bfd87cfd35e	SID531469	12500	12750	12499	17.088	17.088	1	27386
occ_fa22495233eea76b75341bfd87cfd35e	SID531469	12750	13000	12749	11.852	11.852	1	27386
occ_fa22495233eea76b75341bfd87cfd35e	SID531469	13000	13250	12999	10.212	10.212	1	27386
occ_fa22495233eea76b75341bfd87cfd35e	SID531469	13250	13500	13249	9.544	9.544	1	27386
occ_fa22495233eea76b75341bfd87cfd35e	SID531469	13500	13750	13499	11.036	11.036	1	27386
occ_fa22495233eea76b75341bfd87cfd35e	SID531469	13750	14000	13749	13.376	13.376	1	27386
occ_fa22495233eea76b75341bfd87cfd35e	SID531469	14000	14250	13999	11.744	11.744	1	27386
occ_fa22495233eea76b75341bfd87cfd35e	SID531469	14250	14500	14249	12.364	12.364	1	27386
occ_fa22495233eea76b75341bfd87cfd35e	SID531469	14500	14750	14499	9.62	9.62	1	27386
occ_fa22495233eea76b75341bfd87cfd35e	SID531469	14750	15000	14749	6.856	6.856	1	27386
occ_fa22495233eea76b75341bfd87cfd35e	SID531469	15000	15250	14999	8.228	8.228	1	27386
occ_fa22495233eea76b75341bfd87cfd35e	SID531469	15250	15500	15249	10.412	10.412	1	27386
occ_fa22495233eea76b75341bfd87cfd35e	SID531469	15500	15750	15499	9.72	9.72	1	27386
occ_fa22495233eea76b75341bfd87cfd35e	SID531469	15750	16000	15749	9.824	9.824	1	27386
occ_fa22495233eea76b75341bfd87cfd35e	SID531469	16000	16250	15999	7.04	7.04	1	27386
occ_fa22495233eea76b75341bfd87cfd35e	SID531469	16250	16500	16249	10.6	10.6	1	27386
occ_fa22495233eea76b75341bfd87cfd35e	SID531469	16500	16750	16499	14.156	14.156	1	27386
occ_fa22495233eea76b75341bfd87cfd35e	SID531469	16750	17000	16749	17.612	17.612	1	27386
occ_fa22495233eea76b75341bfd87cfd35e	SID531469	17000	17250	16999	12.16	12.156	1	27386
occ_fa22495233eea76b75341bfd87cfd35e	SID531469	17250	17500	17249	12.336	12.336	1	27386
occ_fa22495233eea76b75341bfd87cfd35e	SID531469	17500	17750	17499	14.192	14.192	1	27386
occ_fa22495233eea76b75341bfd87cfd35e	SID531469	17750	18000	17749	12.088	12.088	1	27386
occ_fa22495233eea76b75341bfd87cfd35e	SID531469	18000	18250	17999	10.516	10.516	1	27386
occ_fa22495233eea76b75341bfd87cfd35e	SID531469	18250	18500	18249	10.4	10.4	1	27386
occ_fa22495233eea76b75341bfd87cfd35e	SID531469	18500	18750	18499	9.088	9.088	1	27386
occ_fa22495233eea76b75341bfd87cfd35e	SID531469	18750	19000	18749	7.36	7.36	1	27386
occ_fa22495233eea76b75341bfd87cfd35e	SID531469	19000	19250	18999	9.952	9.952	1	27386
occ_fa22495233eea76b75341bfd87cfd35e	SID531469	19250	19500	19249	10.192	10.192	1	27386
occ_fa22495233eea76b75341bfd87cfd35e	SID531469	19500	19750	19499	9.208	9.208	1	27386
occ_fa22495233eea76b75341bfd87cfd35e	SID531469	19750	20000	19749	8.936	8.936	1	27386
occ_fa22495233eea76b75341bfd87cfd35e	SID531469	20000	20250	19999	9.964	9.964	1	27386
occ_fa22495233eea76b75341bfd87cfd35e	SID531469	20250	20500	20249	13.84	13.84	1	27386
occ_fa22495233eea76b75341bfd87cfd35e	SID531469	20500	20750	20499	10.564	10.564	1	27386
occ_fa22495233eea76b75341bfd87cfd35e	SID531469	20750	21000	20749	11.436	11.436	1	27386
occ_fa22495233eea76b75341bfd87cfd35e	SID531469	21000	21250	20999	11.796	11.796	1	27386
occ_fa22495233eea76b75341bfd87cfd35e	SID531469	21250	21500	21249	13.304	13.304	1	27386
occ_fa22495233eea76b75341bfd87cfd35e	SID531469	21500	21750	21499	8.288	8.288	1	27386
occ_fa22495233eea76b75341bfd87cfd35e	SID531469	21750	22000	21749	5.568	5.568	1	27386
occ_fa22495233eea76b75341bfd87cfd35e	SID531469	22000	22250	21999	6.552	6.552	1	27386
occ_fa22495233eea76b75341bfd87cfd35e	SID531469	22250	22500	22249	12.796	12.796	1	27386
occ_fa22495233eea76b75341bfd87cfd35e	SID531469	22500	22750	22499	11.792	11.792	1	27386
occ_fa22495233eea76b75341bfd87cfd35e	SID531469	22750	23000	22749	9.804	9.804	1	27386
occ_fa22495233eea76b75341bfd87cfd35e	SID531469	23000	23250	22999	12.392	12.392	1	27386
occ_fa22495233eea76b75341bfd87cfd35e	SID531469	23250	23500	23249	13.276	13.276	1	27386
occ_fa22495233eea76b75341bfd87cfd35e	SID531469	23500	23750	23499	11.164	11.164	1	27386
occ_fa22495233eea76b75341bfd87cfd35e	SID531469	23750	24000	23749	8.612	8.612	1	27386
occ_fa22495233eea76b75341bfd87cfd35e	SID531469	24000	24250	23999	9.54	9.54	1	27386
occ_fa22495233eea76b75341bfd87cfd35e	SID531469	24250	24500	24249	11.932	11.932	1	27386
occ_fa22495233eea76b75341bfd87cfd35e	SID531469	24500	24750	24499	11.096	11.096	1	27386
occ_fa22495233eea76b75341bfd87cfd35e	SID531469	24750	25000	24749	6.54	6.54	1	27386
occ_fa22495233eea76b75341bfd87cfd35e	SID531469	25000	25250	24999	9.796	9.796	1	27386
occ_fa22495233eea76b75341bfd87cfd35e	SID531469	25250	25500	25249	12.832	12.832	1	27386
occ_fa22495233eea76b75341bfd87cfd35e	SID531469	25500	25750	25499	9.532	9.532	1	27386
occ_fa22495233eea76b75341bfd87cfd35e	SID531469	25750	26000	25749	8.168	8.168	1	27386
occ_fa22495233eea76b75341bfd87cfd35e	SID531469	26000	26250	25999	12.424	12.424	1	27386
occ_fa22495233eea76b75341bfd87cfd35e	SID531469	26250	26500	26249	13.844	13.844	1	27386
occ_fa22495233eea76b75341bfd87cfd35e	SID531469	26500	26750	26499	13.596	13.596	1	27386
occ_fa22495233eea76b75341bfd87cfd35e	SID531469	26750	27000	26749	10.864	10.864	1	27386
occ_fa22495233eea76b75341bfd87cfd35e	SID531469	27000	27250	26999	8.004	8.004	1	27386
occ_fa22495233eea76b75341bfd87cfd35e	SID531469	27250	27500	27249	11.464	11.464	1	27386
occ_fa22495233eea76b75341bfd87cfd35e	SID531469	27500	27750	27499	13.228	13.228	1	27386
occ_fa22495233eea76b75341bfd87cfd35e	SID531469	27750	28000	27749	11.528	11.528	1	27386
occ_fa22495233eea76b75341bfd87cfd35e	SID531469	28000	28250	27999	11.876	11.876	1	27386
occ_fa22495233eea76b75341bfd87cfd35e	SID531469	28250	28500	28249	8.032	8.032	1	27386
occ_fa22495233eea76b75341bfd87cfd35e	SID531469	28500	28750	28499	6.356	6.356	1	27386
occ_fa22495233eea76b75341bfd87cfd35e	SID531469	28750	29000	28749	8.496	8.496	1	27386
occ_fa22495233eea76b75341bfd87cfd35e	SID531469	29000	29250	28999	9.636	9.636	1	27386
occ_fa22495233eea76b75341bfd87cfd35e	SID531469	29250	29500	29249	5.476	5.476	1	27386
occ_fa22495233eea76b75341bfd87cfd35e	SID531469	29500	29750	29499	4.92	4.92	1	27386
occ_fa22495233eea76b75341bfd87cfd35e	SID531469	29750	30000	29749	6.744	6.744	1	27386
occ_fa22495233eea76b75341bfd87cfd35e	SID531469	30000	30250	29999	6.984	6.984	1	27386
occ_fa22495233eea76b75341bfd87cfd35e	SID531469	30250	30500	30249	8.76	8.76	1	27386
occ_fa22495233eea76b75341bfd87cfd35e	SID531469	30500	30750	30499	8.052	8.052	1	27386
occ_fa22495233eea76b75341bfd87cfd35e	SID531469	30750	31000	30749	7.428	7.428	1	27386
occ_fa22495233eea76b75341bfd87cfd35e	SID531469	31000	31250	30999	9.94	9.94	1	27386
occ_fa22495233eea76b75341bfd87cfd35e	SID531469	31250	31500	31249	8.004	8.004	1	27386
occ_fa22495233eea76b75341bfd87cfd35e	SID531469	31500	31750	31499	5.32	5.32	1	27386
occ_fa22495233eea76b75341bfd87cfd35e	SID531469	31750	32000	31749	7.508	7.508	1	27386
occ_fa22495233eea76b75341bfd87cfd35e	SID531469	32000	32250	31999	7.544	7.544	1	27386
occ_fa22495233eea76b75341bfd87cfd35e	SID531469	32250	32386	32249	9.544117647058824	9.544117647058824	1	27386
occ_fae301005982e220d6fe64852bcecc94	SID531469	4374	4624	-5000	8.532	8.532	9374	22229
occ_fae301005982e220d6fe64852bcecc94	SID531469	4624	4874	-4750	7.54	7.54	9374	22229
occ_fae301005982e220d6fe64852bcecc94	SID531469	4874	5124	-4500	9.364	9.364	9374	22229
occ_fae301005982e220d6fe64852bcecc94	SID531469	5124	5374	-4250	10.9	10.9	9374	22229
occ_fae301005982e220d6fe64852bcecc94	SID531469	5374	5624	-4000	12.376	12.376	9374	22229
occ_fae301005982e220d6fe64852bcecc94	SID531469	5624	5874	-3750	13.488	13.488	9374	22229
occ_fae301005982e220d6fe64852bcecc94	SID531469	5874	6124	-3500	8.296	8.296	9374	22229
occ_fae301005982e220d6fe64852bcecc94	SID531469	6124	6374	-3250	7.996	7.996	9374	22229
occ_fae301005982e220d6fe64852bcecc94	SID531469	6374	6624	-3000	5.996	5.996	9374	22229
occ_fae301005982e220d6fe64852bcecc94	SID531469	6624	6874	-2750	9.52	9.52	9374	22229
occ_fae301005982e220d6fe64852bcecc94	SID531469	6874	7124	-2500	13.068	13.068	9374	22229
occ_fae301005982e220d6fe64852bcecc94	SID531469	7124	7374	-2250	7.412	7.412	9374	22229
occ_fae301005982e220d6fe64852bcecc94	SID531469	7374	7624	-2000	10.784	10.784	9374	22229
occ_fae301005982e220d6fe64852bcecc94	SID531469	7624	7874	-1750	10.504	10.504	9374	22229
occ_fae301005982e220d6fe64852bcecc94	SID531469	7874	8124	-1500	9.576	9.576	9374	22229
occ_fae301005982e220d6fe64852bcecc94	SID531469	8124	8374	-1250	10.324	10.32	9374	22229
occ_fae301005982e220d6fe64852bcecc94	SID531469	8374	8624	-1000	8.384	8.384	9374	22229
occ_fae301005982e220d6fe64852bcecc94	SID531469	8624	8874	-750	8.54	8.54	9374	22229
occ_fae301005982e220d6fe64852bcecc94	SID531469	8874	9124	-500	8.928	8.928	9374	22229
occ_fae301005982e220d6fe64852bcecc94	SID531469	9124	9374	-250	10.464	10.46	9374	22229
occ_fae301005982e220d6fe64852bcecc94	SID531469	9374	9624	0	14.76	14.76	9374	22229
occ_fae301005982e220d6fe64852bcecc94	SID531469	9624	9874	250	14.472	14.472	9374	22229
occ_fae301005982e220d6fe64852bcecc94	SID531469	9874	10124	500	10.42	10.42	9374	22229
occ_fae301005982e220d6fe64852bcecc94	SID531469	10124	10374	750	9.692	9.692	9374	22229
occ_fae301005982e220d6fe64852bcecc94	SID531469	10374	10624	1000	11.668	11.668	9374	22229
occ_fae301005982e220d6fe64852bcecc94	SID531469	10624	10874	1250	15.532	15.532	9374	22229
occ_fae301005982e220d6fe64852bcecc94	SID531469	10874	11124	1500	12.724	12.724	9374	22229
occ_fae301005982e220d6fe64852bcecc94	SID531469	11124	11374	1750	10.26	10.26	9374	22229
occ_fae301005982e220d6fe64852bcecc94	SID531469	11374	11624	2000	7.908	7.908	9374	22229
occ_fae301005982e220d6fe64852bcecc94	SID531469	11624	11874	2250	11.852	11.852	9374	22229
occ_fae301005982e220d6fe64852bcecc94	SID531469	11874	12124	2500	15.436	15.436	9374	22229
occ_fae301005982e220d6fe64852bcecc94	SID531469	12124	12374	2750	12.024	12.024	9374	22229
occ_fae301005982e220d6fe64852bcecc94	SID531469	12374	12624	3000	11.516	11.516	9374	22229
occ_fae301005982e220d6fe64852bcecc94	SID531469	12624	12874	3250	12.16	12.16	9374	22229
occ_fae301005982e220d6fe64852bcecc94	SID531469	12874	13124	3500	10.504	10.504	9374	22229
occ_fae301005982e220d6fe64852bcecc94	SID531469	13124	13374	3750	8.564	8.564	9374	22229
occ_fae301005982e220d6fe64852bcecc94	SID531469	13374	13624	4000	9.552	9.552	9374	22229
occ_fae301005982e220d6fe64852bcecc94	SID531469	13624	13874	4250	9.516	9.516	9374	22229
occ_fae301005982e220d6fe64852bcecc94	SID531469	13874	14124	4500	9.58	9.212	9374	22229
occ_fae301005982e220d6fe64852bcecc94	SID531469	14124	14374	4750	7.88	7.764	9374	22229
occ_fae301005982e220d6fe64852bcecc94	SID531469	14374	14624	5000	9.536	9.252	9374	22229
occ_fae301005982e220d6fe64852bcecc94	SID531469	14624	14874	5250	9.116	9.116	9374	22229
occ_fae301005982e220d6fe64852bcecc94	SID531469	14874	15124	5500	16.056	16.056	9374	22229
occ_fae301005982e220d6fe64852bcecc94	SID531469	15124	15374	5750	22.572	22.552	9374	22229
occ_fae301005982e220d6fe64852bcecc94	SID531469	15374	15624	6000	16.616	16.616	9374	22229
occ_fae301005982e220d6fe64852bcecc94	SID531469	15624	15874	6250	18.48	18.48	9374	22229
occ_fae301005982e220d6fe64852bcecc94	SID531469	15874	16124	6500	20.332	20.332	9374	22229
occ_fae301005982e220d6fe64852bcecc94	SID531469	16124	16374	6750	18.108	18.108	9374	22229
occ_fae301005982e220d6fe64852bcecc94	SID531469	16374	16624	7000	21.064	21.064	9374	22229
occ_fae301005982e220d6fe64852bcecc94	SID531469	16624	16874	7250	21.908	21.908	9374	22229
occ_fae301005982e220d6fe64852bcecc94	SID531469	16874	17124	7500	23.448	23.448	9374	22229
occ_fae301005982e220d6fe64852bcecc94	SID531469	17124	17374	7750	29.032	29.032	9374	22229
occ_fae301005982e220d6fe64852bcecc94	SID531469	17374	17624	8000	24.66	24.66	9374	22229
occ_fae301005982e220d6fe64852bcecc94	SID531469	17624	17874	8250	24.62	24.62	9374	22229
occ_fae301005982e220d6fe64852bcecc94	SID531469	17874	18124	8500	24.648	24.648	9374	22229
occ_fae301005982e220d6fe64852bcecc94	SID531469	18124	18374	8750	21.832	21.832	9374	22229
occ_fae301005982e220d6fe64852bcecc94	SID531469	18374	18624	9000	22.964	22.964	9374	22229
occ_fae301005982e220d6fe64852bcecc94	SID531469	18624	18874	9250	17.676	17.676	9374	22229
occ_fae301005982e220d6fe64852bcecc94	SID531469	18874	19124	9500	24.892	24.892	9374	22229
occ_fae301005982e220d6fe64852bcecc94	SID531469	19124	19374	9750	26.756	26.756	9374	22229
occ_fae301005982e220d6fe64852bcecc94	SID531469	19374	19624	10000	17.888	17.888	9374	22229
occ_fae301005982e220d6fe64852bcecc94	SID531469	19624	19874	10250	23.12	23.12	9374	22229
occ_fae301005982e220d6fe64852bcecc94	SID531469	19874	20124	10500	17.628	17.628	9374	22229
occ_fae301005982e220d6fe64852bcecc94	SID531469	20124	20374	10750	16.916	16.916	9374	22229
occ_fae301005982e220d6fe64852bcecc94	SID531469	20374	20624	11000	16.492	16.492	9374	22229
occ_fae301005982e220d6fe64852bcecc94	SID531469	20624	20874	11250	20.516	20.516	9374	22229
occ_fae301005982e220d6fe64852bcecc94	SID531469	20874	21124	11500	25.784	25.784	9374	22229
occ_fae301005982e220d6fe64852bcecc94	SID531469	21124	21374	11750	15.424	15.424	9374	22229
occ_fae301005982e220d6fe64852bcecc94	SID531469	21374	21624	12000	21.012	21.012	9374	22229
occ_fae301005982e220d6fe64852bcecc94	SID531469	21624	21874	12250	17.74	17.74	9374	22229
occ_fae301005982e220d6fe64852bcecc94	SID531469	21874	22124	12500	20.496	20.112	9374	22229
occ_fae301005982e220d6fe64852bcecc94	SID531469	22124	22309	12750	16.085714285714285	16.085714285714285	9374	22229
occ_fec648cad243c13318c58b710c9ef1db	SID531469	0	250	-189	28.59	28.59	189	5544
occ_fec648cad243c13318c58b710c9ef1db	SID531469	250	500	61	36.736	36.736	189	5544
occ_fec648cad243c13318c58b710c9ef1db	SID531469	500	750	311	31.656	31.656	189	5544
occ_fec648cad243c13318c58b710c9ef1db	SID531469	750	1000	561	35.436	35.436	189	5544
occ_fec648cad243c13318c58b710c9ef1db	SID531469	1000	1250	811	29.536	29.536	189	5544
occ_fec648cad243c13318c58b710c9ef1db	SID531469	1250	1500	1061	29.604	29.604	189	5544
occ_fec648cad243c13318c58b710c9ef1db	SID531469	1500	1750	1311	33.756	33.756	189	5544
occ_fec648cad243c13318c58b710c9ef1db	SID531469	1750	2000	1561	29.22	29.22	189	5544
occ_fec648cad243c13318c58b710c9ef1db	SID531469	2000	2250	1811	22.544	22.544	189	5544
occ_fec648cad243c13318c58b710c9ef1db	SID531469	2250	2500	2061	25.216	25.216	189	5544
occ_fec648cad243c13318c58b710c9ef1db	SID531469	2500	2750	2311	28.896	28.896	189	5544
occ_fec648cad243c13318c58b710c9ef1db	SID531469	2750	3000	2561	30.408	30.408	189	5544
occ_fec648cad243c13318c58b710c9ef1db	SID531469	3000	3250	2811	30.104	30.104	189	5544
occ_fec648cad243c13318c58b710c9ef1db	SID531469	3250	3500	3061	30.236	30.236	189	5544
occ_fec648cad243c13318c58b710c9ef1db	SID531469	3500	3750	3311	29.22	29.22	189	5544
occ_fec648cad243c13318c58b710c9ef1db	SID531469	3750	4000	3561	23.992	23.992	189	5544
occ_fec648cad243c13318c58b710c9ef1db	SID531469	4000	4250	3811	28.428	28.428	189	5544
occ_fec648cad243c13318c58b710c9ef1db	SID531469	4250	4500	4061	30.32	30.32	189	5544
occ_fec648cad243c13318c58b710c9ef1db	SID531469	4500	4750	4311	27.452	27.452	189	5544
occ_fec648cad243c13318c58b710c9ef1db	SID531469	4750	5000	4561	26.42	26.42	189	5544
occ_fec648cad243c13318c58b710c9ef1db	SID531469	5000	5250	4811	30.3	30.3	189	5544
occ_fec648cad243c13318c58b710c9ef1db	SID531469	5250	5500	5061	35.956	35.956	189	5544
occ_fec648cad243c13318c58b710c9ef1db	SID531469	5500	5750	5311	29.036	29.036	189	5544
occ_fec648cad243c13318c58b710c9ef1db	SID531469	5750	6000	5561	21.352	21.352	189	5544
occ_fec648cad243c13318c58b710c9ef1db	SID531469	6000	6250	5811	19.644	19.644	189	5544
occ_fec648cad243c13318c58b710c9ef1db	SID531469	6250	6500	6061	17.316	17.316	189	5544
occ_fec648cad243c13318c58b710c9ef1db	SID531469	6500	6750	6311	18.064	18.064	189	5544
occ_fec648cad243c13318c58b710c9ef1db	SID531469	6750	7000	6561	20.348	20.348	189	5544
occ_fec648cad243c13318c58b710c9ef1db	SID531469	7000	7250	6811	17.42	17.42	189	5544
occ_fec648cad243c13318c58b710c9ef1db	SID531469	7250	7500	7061	23.79230769230769	23.79230769230769	189	5544
occ_fec648cad243c13318c58b710c9ef1db	SID531469	7500	7530	7311	NA	NA	189	5544
