panel_version	final_decision	final_reason	role	accession	paired_accession	canonical_strain_name	confirmed_isolate_id	biosample	bioproject	study_id_or_unknown	body_site_or_unknown	host	country	donor_id_or_unknown	clinical_label_or_unknown	clinical_evidence_or_unknown	clinical_series_role	eligible_for_disease_comparison	disease_comparison_note	source_class_confirmed	source_evidence	source_evidence_urls	strain_identity_evidence	alias_group	sequence_equivalence_group	normalized_contig_RC_content_sha256	old_label	current_ncbi_name	ncbi_taxid	adopted_taxon	analysis_unit	taxonomy_status	anchor_accession	ani_percent	aligned_fraction_query_percent	aligned_fraction_reference_percent	ANI_margin_to_different_reference_unit	taxonomy_evidence	reference_manifest_sha256	ani_and_af_evidence_path	qc_tool_version	qc_database_identity	completeness_percent	contamination_percent	qc_tier	n_contigs	contig_N50	total_length_bp	ambiguous_bases	assembly_level	qc_exception_review	fasta_path	source_fasta_path	fasta_sha256	sequence_origin	file_identity_check	included_in_catalog	protection_reason_or_NA	decision_date	source_manifest_sha256	primary_assembly_for_alias	ncbi_report_file	ncbi_report_sha256
AimBeta_final_v1_20261002	include	passed_source_identity_taxonomy_QC	research_catalog	GCF_040687825.1	GCA_040687825.1	078320-1	ISOLATE_SAMN35685249	SAMN35685249	PRJNA982086	unknown	feces	Homo sapiens	USA: Chicago	unknown	unknown	unknown	none	false	catalog inclusion does not establish donor independence or comparable CRC/control design; published blood series only scoped exploration	cultured_isolate_supported	BioSample sample_type=cultured bacterial isolate | BioProject=Investigating Type Six Secretion Systems in Bacteroides | Several Bacteroides isolates were sequenced to investigate characteristics of T6SS transfer and maintenance.	https://www.ncbi.nlm.nih.gov/biosample/SAMN35685249;https://www.ncbi.nlm.nih.gov/bioproject/PRJNA982086	Traceable named isolate submission; source reviewed; no unresolved collision within frozen input; independent donor not inferred	ISOLATE_SAMN35685249	SEQ_c1bb44df269cb4c2	c1bb44df269cb4c2b04f3844d349cf02ce6548f1cec364a646d1201c4c647488	Bacteroides fragilis	Bacteroides fragilis	817	Bacteroides fragilis (division I)	Bf_divI	accepted	GCA_000025985.1	98.86	88.99	86.51	10.93	skani 0.3.2 --medium; ANI>=95%, both AF>=65%; Bf divisions separate; anomalous Pm independently checked with bidirectional fastANI	fdeb8d7a108620392c36af15a1ee217210c8ba681638aa6865dca3d6eba5f3fd	../../remote/taxonomy/ani_to_refs.tsv	CheckM2 1.1.0	CheckM2 1.1.0; uniref100.KO.1.dmnd; sha256:1b86ef3eac0813c1853f53182c17657045e3763d66f384ec95747261a63ae46f	99.99	1.62	strict_95_2	1	5095801	5095801	0	Complete Genome	no_general_contig_count_exclusion; local_element_absence_requires_separate_assessment	/srv/CRC-PHIRE/projects/crc-pipeline/results/aimbeta_panel_freeze_20261002/final_genomes/GCF_040687825.1.fna	/srv/CRC-PHIRE/scratch/crc-phage/aimbeta_panel_freeze_20261002/fasta/GCF_040687825.1.fna	be6a751491b3f95ec2b485b1d2d4d202cfd010eb5cdef74a8c67c0ced42bd749	NCBI_Datasets_download	official_accession_version_and_BioSample_and_sequence_total_length_match	true	NA	2026-10-02	fd7cd683b937cce7290d478a2198e3b104d136176bcf9aef7df7d99028de5751	GCF_040687825.1	remote/ncbi_reports/reports_02.json	95dddad9678ccbaed8d1699a14393959bd15e49149cbbd558371d67d6179ce62
AimBeta_final_v1_20261002	include	passed_source_identity_taxonomy_QC	research_catalog	GCF_000598545.2	GCA_000598545.2	1007-1-F #4	ISOLATE_SAMN02315075	SAMN02315075	PRJNA206181	unknown	unknown	unknown	unknown	unknown	unknown	unknown	none	false	catalog inclusion does not establish donor independence or comparable CRC/control design; published blood series only scoped exploration	cultured_isolate_supported	BioProject=Comparative genomics of human mucosal isolates of the enterotoxigenic Bacteroides fragilis group, etiologic agents of inflammatory diarrheal disease. | 	https://www.ncbi.nlm.nih.gov/biosample/SAMN02315075;https://www.ncbi.nlm.nih.gov/bioproject/PRJNA206181	Traceable named isolate submission; source reviewed; no unresolved collision within frozen input; independent donor not inferred	ISOLATE_SAMN02315075	SEQ_c88564637332365a	c88564637332365a957fc24e274ecd10b5ddc5a2228267e0c56a41ecff5415c8	Bacteroides fragilis str. 1007-1-F #4	Bacteroides fragilis str. 1007-1-F #4	1339338	Bacteroides fragilis (division I)	Bf_divI	accepted	GCA_000025985.1	98.95	84.35	87.04	11.13	skani 0.3.2 --medium; ANI>=95%, both AF>=65%; Bf divisions separate; anomalous Pm independently checked with bidirectional fastANI	fdeb8d7a108620392c36af15a1ee217210c8ba681638aa6865dca3d6eba5f3fd	../../remote/taxonomy/ani_to_refs.tsv	CheckM2 1.1.0	CheckM2 1.1.0; uniref100.KO.1.dmnd; sha256:1b86ef3eac0813c1853f53182c17657045e3763d66f384ec95747261a63ae46f	99.99	1.22	strict_95_2	167	121404	5413386	0	Contig	no_general_contig_count_exclusion; local_element_absence_requires_separate_assessment	/srv/CRC-PHIRE/projects/crc-pipeline/results/aimbeta_panel_freeze_20261002/final_genomes/GCF_000598545.2.fna	/srv/CRC-PHIRE/scratch/crc-phage/aimbeta_panel_freeze_20261002/fasta/GCF_000598545.2.fna	271ddf69b11cd0255674d2f8e8f39e12d50dedb739c3f3716ec6e8c3e407eb05	NCBI_Datasets_download	official_accession_version_and_BioSample_and_sequence_total_length_match	true	NA	2026-10-02	fd7cd683b937cce7290d478a2198e3b104d136176bcf9aef7df7d99028de5751	GCF_000598545.2	remote/ncbi_reports/reports_00.json	05c17e1b1cc99e6a5e7dce62a6ced77c3038349e01753da67a0262b914c787a0
AimBeta_final_v1_20261002	include	passed_source_identity_taxonomy_QC	research_catalog	GCF_000601095.1	GCA_000601095.1	1007-1-F #6	ISOLATE_SAMN02315077	SAMN02315077	PRJNA206183	unknown	unknown	unknown	unknown	unknown	unknown	unknown	none	false	catalog inclusion does not establish donor independence or comparable CRC/control design; published blood series only scoped exploration	cultured_isolate_supported	BioProject=Comparative genomics of human mucosal isolates of the enterotoxigenic Bacteroides fragilis group, etiologic agents of inflammatory diarrheal disease. | 	https://www.ncbi.nlm.nih.gov/biosample/SAMN02315077;https://www.ncbi.nlm.nih.gov/bioproject/PRJNA206183	Traceable named isolate submission; source reviewed; no unresolved collision within frozen input; independent donor not inferred	ISOLATE_SAMN02315077	SEQ_2c4a4679033e70ff	2c4a4679033e70ff39bd3e044dc5294c61beb94611b2118dfd925d890d5a8f9a	Bacteroides fragilis str. 1007-1-F #6	Bacteroides fragilis str. 1007-1-F #6	1339340	Bacteroides fragilis (division I)	Bf_divI	accepted	GCA_000025985.1	98.85	81.98	87.61	11.05	skani 0.3.2 --medium; ANI>=95%, both AF>=65%; Bf divisions separate; anomalous Pm independently checked with bidirectional fastANI	fdeb8d7a108620392c36af15a1ee217210c8ba681638aa6865dca3d6eba5f3fd	../../remote/taxonomy/ani_to_refs.tsv	CheckM2 1.1.0	CheckM2 1.1.0; uniref100.KO.1.dmnd; sha256:1b86ef3eac0813c1853f53182c17657045e3763d66f384ec95747261a63ae46f	99.99	2.74	core_90_5	87	193412	5602624	0	Contig	no_general_contig_count_exclusion; local_element_absence_requires_separate_assessment	/srv/CRC-PHIRE/projects/crc-pipeline/results/aimbeta_panel_freeze_20261002/final_genomes/GCF_000601095.1.fna	/srv/CRC-PHIRE/scratch/crc-phage/aimbeta_panel_freeze_20261002/fasta/GCF_000601095.1.fna	57adcf148acd1e6cbd8798ff7b3f5b06fb2494f609b505eefaa835b017ceaaba	NCBI_Datasets_download	official_accession_version_and_BioSample_and_sequence_total_length_match	true	NA	2026-10-02	fd7cd683b937cce7290d478a2198e3b104d136176bcf9aef7df7d99028de5751	GCF_000601095.1	remote/ncbi_reports/reports_00.json	05c17e1b1cc99e6a5e7dce62a6ced77c3038349e01753da67a0262b914c787a0
AimBeta_final_v1_20261002	include	passed_source_identity_taxonomy_QC	research_catalog	GCF_000599145.2	GCA_000599145.2	1007-1-F #7	ISOLATE_SAMN02314431	SAMN02314431	PRJNA206135	unknown	unknown	unknown	unknown	unknown	unknown	unknown	none	false	catalog inclusion does not establish donor independence or comparable CRC/control design; published blood series only scoped exploration	cultured_isolate_supported	BioProject=Comparative genomics of human mucosal isolates of the enterotoxigenic Bacteroides fragilis group, etiologic agents of inflammatory diarrheal disease. | 	https://www.ncbi.nlm.nih.gov/biosample/SAMN02314431;https://www.ncbi.nlm.nih.gov/bioproject/PRJNA206135	Traceable named isolate submission; source reviewed; no unresolved collision within frozen input; independent donor not inferred	ISOLATE_SAMN02314431	SEQ_a7fa67f43255f0f5	a7fa67f43255f0f50e22c31eb7e7cbf81298afd40a17216a465c80a6118b6b05	Bacteroides fragilis str. 1007-1-F #7	Bacteroides fragilis str. 1007-1-F #7	1339292	Bacteroides fragilis (division I)	Bf_divI	accepted	GCA_000025985.1	99.01	82.58	87.44	11.26	skani 0.3.2 --medium; ANI>=95%, both AF>=65%; Bf divisions separate; anomalous Pm independently checked with bidirectional fastANI	fdeb8d7a108620392c36af15a1ee217210c8ba681638aa6865dca3d6eba5f3fd	../../remote/taxonomy/ani_to_refs.tsv	CheckM2 1.1.0	CheckM2 1.1.0; uniref100.KO.1.dmnd; sha256:1b86ef3eac0813c1853f53182c17657045e3763d66f384ec95747261a63ae46f	100.0	2.46	core_90_5	130	167179	5552947	0	Contig	no_general_contig_count_exclusion; local_element_absence_requires_separate_assessment	/srv/CRC-PHIRE/projects/crc-pipeline/results/aimbeta_panel_freeze_20261002/final_genomes/GCF_000599145.2.fna	/srv/CRC-PHIRE/scratch/crc-phage/aimbeta_panel_freeze_20261002/fasta/GCF_000599145.2.fna	91f29568bd5689936ee0a9f55768ec131706e601f50f45a85527b6c3f4722992	NCBI_Datasets_download	official_accession_version_and_BioSample_and_sequence_total_length_match	true	NA	2026-10-02	fd7cd683b937cce7290d478a2198e3b104d136176bcf9aef7df7d99028de5751	GCF_000599145.2	remote/ncbi_reports/reports_00.json	05c17e1b1cc99e6a5e7dce62a6ced77c3038349e01753da67a0262b914c787a0
AimBeta_final_v1_20261002	include	passed_source_identity_taxonomy_QC	research_catalog	GCF_000598705.1	GCA_000598705.1	1009-4-F #10	ISOLATE_SAMN02314519	SAMN02314519	PRJNA206140	unknown	unknown	unknown	unknown	unknown	unknown	unknown	none	false	catalog inclusion does not establish donor independence or comparable CRC/control design; published blood series only scoped exploration	cultured_isolate_supported	BioProject=Comparative genomics of human mucosal isolates of the enterotoxigenic Bacteroides fragilis group, etiologic agents of inflammatory diarrheal disease. | 	https://www.ncbi.nlm.nih.gov/biosample/SAMN02314519;https://www.ncbi.nlm.nih.gov/bioproject/PRJNA206140	Traceable named isolate submission; source reviewed; no unresolved collision within frozen input; independent donor not inferred	ISOLATE_SAMN02314519	SEQ_fe0a608a3fb8e125	fe0a608a3fb8e125acd74b00f86965be577bc4b62f9857aede4f69258fa95ed7	Bacteroides fragilis str. 1009-4-F #10	Bacteroides fragilis str. 1009-4-F #10	1339297	Bacteroides fragilis (division I)	Bf_divI	accepted	GCA_000025985.1	99.03	89.87	87.67	11.46	skani 0.3.2 --medium; ANI>=95%, both AF>=65%; Bf divisions separate; anomalous Pm independently checked with bidirectional fastANI	fdeb8d7a108620392c36af15a1ee217210c8ba681638aa6865dca3d6eba5f3fd	../../remote/taxonomy/ani_to_refs.tsv	CheckM2 1.1.0	CheckM2 1.1.0; uniref100.KO.1.dmnd; sha256:1b86ef3eac0813c1853f53182c17657045e3763d66f384ec95747261a63ae46f	99.94	0.32	strict_95_2	63	283732	5117277	0	Contig	no_general_contig_count_exclusion; local_element_absence_requires_separate_assessment	/srv/CRC-PHIRE/projects/crc-pipeline/results/aimbeta_panel_freeze_20261002/final_genomes/GCF_000598705.1.fna	/srv/CRC-PHIRE/scratch/crc-phage/aimbeta_panel_freeze_20261002/fasta/GCF_000598705.1.fna	890ffe402af338ed70e32154d850abd2f582c10990b62e8dab7f442a2fac6fb9	NCBI_Datasets_download	official_accession_version_and_BioSample_and_sequence_total_length_match	true	NA	2026-10-02	fd7cd683b937cce7290d478a2198e3b104d136176bcf9aef7df7d99028de5751	GCF_000598705.1	remote/ncbi_reports/reports_00.json	05c17e1b1cc99e6a5e7dce62a6ced77c3038349e01753da67a0262b914c787a0
AimBeta_final_v1_20261002	include	passed_source_identity_taxonomy_QC	research_catalog	GCF_040687815.1	GCA_040687815.1	1284	ISOLATE_SAMN35685250	SAMN35685250	PRJNA982086	unknown	feces	Homo sapiens	USA: Chicago	unknown	unknown	unknown	none	false	catalog inclusion does not establish donor independence or comparable CRC/control design; published blood series only scoped exploration	cultured_isolate_supported	BioSample sample_type=cultured bacterial isolate | BioProject=Investigating Type Six Secretion Systems in Bacteroides | Several Bacteroides isolates were sequenced to investigate characteristics of T6SS transfer and maintenance.	https://www.ncbi.nlm.nih.gov/biosample/SAMN35685250;https://www.ncbi.nlm.nih.gov/bioproject/PRJNA982086	Traceable named isolate submission; source reviewed; no unresolved collision within frozen input; independent donor not inferred	ISOLATE_SAMN35685250	SEQ_1c9a815686b083ad	1c9a815686b083ad8233f85fb3476799575d1286758a842fa0113fa091394786	Bacteroides fragilis	Bacteroides fragilis	817	Bacteroides fragilis (division I)	Bf_divI	accepted	GCA_000025985.1	99.45	91.77	90.38	11.63	skani 0.3.2 --medium; ANI>=95%, both AF>=65%; Bf divisions separate; anomalous Pm independently checked with bidirectional fastANI	fdeb8d7a108620392c36af15a1ee217210c8ba681638aa6865dca3d6eba5f3fd	../../remote/taxonomy/ani_to_refs.tsv	CheckM2 1.1.0	CheckM2 1.1.0; uniref100.KO.1.dmnd; sha256:1b86ef3eac0813c1853f53182c17657045e3763d66f384ec95747261a63ae46f	99.97	0.79	strict_95_2	1	5162363	5162363	0	Complete Genome	no_general_contig_count_exclusion; local_element_absence_requires_separate_assessment	/srv/CRC-PHIRE/projects/crc-pipeline/results/aimbeta_panel_freeze_20261002/final_genomes/GCF_040687815.1.fna	/srv/CRC-PHIRE/scratch/crc-phage/aimbeta_panel_freeze_20261002/fasta/GCF_040687815.1.fna	9bc1e1c751b15363e2f05a4416e0a16cebc4846ef40bb028e61e72398a40e37d	NCBI_Datasets_download	official_accession_version_and_BioSample_and_sequence_total_length_match	true	NA	2026-10-02	fd7cd683b937cce7290d478a2198e3b104d136176bcf9aef7df7d99028de5751	GCF_040687815.1	remote/ncbi_reports/reports_02.json	95dddad9678ccbaed8d1699a14393959bd15e49149cbbd558371d67d6179ce62
AimBeta_final_v1_20261002	include	passed_source_identity_taxonomy_QC	research_catalog	GCA_001816225.4	NA	14-106904-1	ISOLATE_SAMN05860967	SAMN05860967	PRJNA345344	unknown	Appendix	Homo sapiens	Sweden:Solna	unknown	unknown	unknown	none	false	catalog inclusion does not establish donor independence or comparable CRC/control design; published blood series only scoped exploration	cultured_isolate_supported	named strain in clinical/host-associated isolate submission; Appendix	https://www.ncbi.nlm.nih.gov/biosample/SAMN05860967	Traceable named isolate submission; source reviewed; no unresolved collision within frozen input; independent donor not inferred	ISOLATE_SAMN05860967	SEQ_844b53be077b41de	844b53be077b41de6ab63b32268a6f0b967cbff218696de413862b1570382032	Bacteroides fragilis	Bacteroides fragilis	817	Bacteroides fragilis (division I)	Bf_divI	accepted	GCA_000025985.1	99.13	84.97	88.08	11.23	skani 0.3.2 --medium; ANI>=95%, both AF>=65%; Bf divisions separate; anomalous Pm independently checked with bidirectional fastANI	fdeb8d7a108620392c36af15a1ee217210c8ba681638aa6865dca3d6eba5f3fd	../../remote/taxonomy/ani_to_refs.tsv	CheckM2 1.1.0	CheckM2 1.1.0; uniref100.KO.1.dmnd; sha256:1b86ef3eac0813c1853f53182c17657045e3763d66f384ec95747261a63ae46f	94.44	3.8	core_90_5	4	5370799	5433862	0	Complete Genome	no_general_contig_count_exclusion; local_element_absence_requires_separate_assessment	/srv/CRC-PHIRE/projects/crc-pipeline/results/aimbeta_panel_freeze_20261002/final_genomes/GCA_001816225.4.fna	/srv/CRC-PHIRE/scratch/crc-phage/aimbeta_panel_freeze_20261002/fasta/GCA_001816225.4.fna	5cb67b66e48bb45d9dfb6145626c793cfea40b50d2ae7171c59d898884077b09	NCBI_Datasets_download	official_accession_version_and_BioSample_and_sequence_total_length_match	true	NA	2026-10-02	fd7cd683b937cce7290d478a2198e3b104d136176bcf9aef7df7d99028de5751	GCA_001816225.4	remote/ncbi_reports/reports_01.json	2fbd9572ca5335eb7589fadb4de0ad66f3c82bd9cf7bea089e731a7f6751150a
AimBeta_final_v1_20261002	include	passed_source_identity_taxonomy_QC	research_catalog	GCF_008086695.1	GCA_008086695.1	143	ISOLATE_SAMN11310039	SAMN11310039	PRJNA530267	unknown	blood	Homo sapiens	Ecuador: Quito	unknown	unknown	unknown	none	false	catalog inclusion does not establish donor independence or comparable CRC/control design; published blood series only scoped exploration	cultured_isolate_supported	named strain in clinical/host-associated isolate submission; blood	https://www.ncbi.nlm.nih.gov/biosample/SAMN11310039	Traceable named isolate submission; source reviewed; no unresolved collision within frozen input; independent donor not inferred	ISOLATE_SAMN11310039	SEQ_9f8aeaaad35a09ac	9f8aeaaad35a09ac20eeec70bdc38374b2181dec41ee74f18fafb5ace6f5437f	Bacteroides fragilis	Bacteroides fragilis	817	Bacteroides fragilis (division I)	Bf_divI	accepted	GCA_000025985.1	99.08	88.47	87.03	11.49	skani 0.3.2 --medium; ANI>=95%, both AF>=65%; Bf divisions separate; anomalous Pm independently checked with bidirectional fastANI	fdeb8d7a108620392c36af15a1ee217210c8ba681638aa6865dca3d6eba5f3fd	../../remote/taxonomy/ani_to_refs.tsv	CheckM2 1.1.0	CheckM2 1.1.0; uniref100.KO.1.dmnd; sha256:1b86ef3eac0813c1853f53182c17657045e3763d66f384ec95747261a63ae46f	99.96	0.29	strict_95_2	41	641857	5158698	3476	Scaffold	no_general_contig_count_exclusion; local_element_absence_requires_separate_assessment	/srv/CRC-PHIRE/projects/crc-pipeline/results/aimbeta_panel_freeze_20261002/final_genomes/GCF_008086695.1.fna	/srv/CRC-PHIRE/scratch/crc-phage/aimbeta_panel_freeze_20261002/fasta/GCF_008086695.1.fna	55829aaeb99eafe24ed5654601b3ca2c34da20935dff6d8e7f5fbd0880ff5b84	NCBI_Datasets_download	official_accession_version_and_BioSample_and_sequence_total_length_match	true	NA	2026-10-02	fd7cd683b937cce7290d478a2198e3b104d136176bcf9aef7df7d99028de5751	GCF_008086695.1	remote/ncbi_reports/reports_01.json	2fbd9572ca5335eb7589fadb4de0ad66f3c82bd9cf7bea089e731a7f6751150a
AimBeta_final_v1_20261002	include	passed_source_identity_taxonomy_QC	research_catalog	GCF_019915805.1	GCA_019915805.1	16751	ISOLATE_SAMN03921924	SAMN03921924	PRJNA290854	unknown	human patient	Homo sapiens	Hungary	unknown	unknown	unknown	none	false	catalog inclusion does not establish donor independence or comparable CRC/control design; published blood series only scoped exploration	cultured_isolate_supported	named strain in clinical/host-associated isolate submission; human patient	https://www.ncbi.nlm.nih.gov/biosample/SAMN03921924	Traceable named isolate submission; source reviewed; no unresolved collision within frozen input; independent donor not inferred	ISOLATE_SAMN03921924	SEQ_5342f732bbde1ca1	5342f732bbde1ca12e6ab579b6465fd3a2ecd13f69b23f6f2b95d8d5e68c8e27	Bacteroides fragilis	Bacteroides fragilis	817	Bacteroides fragilis (division I)	Bf_divI	accepted	GCA_000025985.1	98.86	84.13	87.43	10.98	skani 0.3.2 --medium; ANI>=95%, both AF>=65%; Bf divisions separate; anomalous Pm independently checked with bidirectional fastANI	fdeb8d7a108620392c36af15a1ee217210c8ba681638aa6865dca3d6eba5f3fd	../../remote/taxonomy/ani_to_refs.tsv	CheckM2 1.1.0	CheckM2 1.1.0; uniref100.KO.1.dmnd; sha256:1b86ef3eac0813c1853f53182c17657045e3763d66f384ec95747261a63ae46f	99.99	0.62	strict_95_2	3	3936861	5447306	1239	Scaffold	no_general_contig_count_exclusion; local_element_absence_requires_separate_assessment	/srv/CRC-PHIRE/projects/crc-pipeline/results/aimbeta_panel_freeze_20261002/final_genomes/GCF_019915805.1.fna	/srv/CRC-PHIRE/scratch/crc-phage/aimbeta_panel_freeze_20261002/fasta/GCF_019915805.1.fna	2429467538ab248b796997e87181dd8135f258744ebdc29756a6ba3ec04985c8	NCBI_Datasets_download	official_accession_version_and_BioSample_and_sequence_total_length_match	true	NA	2026-10-02	fd7cd683b937cce7290d478a2198e3b104d136176bcf9aef7df7d99028de5751	GCF_019915805.1	remote/ncbi_reports/reports_01.json	2fbd9572ca5335eb7589fadb4de0ad66f3c82bd9cf7bea089e731a7f6751150a
AimBeta_final_v1_20261002	include	passed_source_identity_taxonomy_QC	research_catalog	GCF_000598145.1	GCA_000598145.1	2-F-2 #7	ISOLATE_SAMN02314427	SAMN02314427	PRJNA206113	unknown	unknown	unknown	unknown	unknown	unknown	unknown	none	false	catalog inclusion does not establish donor independence or comparable CRC/control design; published blood series only scoped exploration	cultured_isolate_supported	BioProject=Comparative genomics of human mucosal isolates of the enterotoxigenic Bacteroides fragilis group, etiologic agents of inflammatory diarrheal disease. | 	https://www.ncbi.nlm.nih.gov/biosample/SAMN02314427;https://www.ncbi.nlm.nih.gov/bioproject/PRJNA206113	Traceable named isolate submission; source reviewed; no unresolved collision within frozen input; independent donor not inferred	ISOLATE_SAMN02314427	SEQ_0e04172233c98f2d	0e04172233c98f2da2a59e0b2ef4d2a7cadac29b855d482b5062b17e15afe698	Bacteroides fragilis str. 2-F-2 #7	Bacteroides fragilis str. 2-F-2 #7	1339282	Bacteroides fragilis (division I)	Bf_divI	accepted	GCA_000025985.1	98.63	75.67	81.35	10.59	skani 0.3.2 --medium; ANI>=95%, both AF>=65%; Bf divisions separate; anomalous Pm independently checked with bidirectional fastANI	fdeb8d7a108620392c36af15a1ee217210c8ba681638aa6865dca3d6eba5f3fd	../../remote/taxonomy/ani_to_refs.tsv	CheckM2 1.1.0	CheckM2 1.1.0; uniref100.KO.1.dmnd; sha256:1b86ef3eac0813c1853f53182c17657045e3763d66f384ec95747261a63ae46f	99.99	3.24	core_90_5	363	54426	5655706	0	Contig	no_general_contig_count_exclusion; local_element_absence_requires_separate_assessment	/srv/CRC-PHIRE/projects/crc-pipeline/results/aimbeta_panel_freeze_20261002/final_genomes/GCF_000598145.1.fna	/srv/CRC-PHIRE/scratch/crc-phage/aimbeta_panel_freeze_20261002/fasta/GCF_000598145.1.fna	78b5f5f16b7b66056e057b1fe806eaa638f61a34f40609fdce1a0b185e92561d	NCBI_Datasets_download	official_accession_version_and_BioSample_and_sequence_total_length_match	true	NA	2026-10-02	fd7cd683b937cce7290d478a2198e3b104d136176bcf9aef7df7d99028de5751	GCF_000598145.1	remote/ncbi_reports/reports_00.json	05c17e1b1cc99e6a5e7dce62a6ced77c3038349e01753da67a0262b914c787a0
AimBeta_final_v1_20261002	include	passed_source_identity_taxonomy_QC	research_catalog	GCF_000598865.1	GCA_000598865.1	3-F-2 #6	ISOLATE_SAMN02315072	SAMN02315072	PRJNA206178	unknown	unknown	unknown	unknown	unknown	unknown	unknown	none	false	catalog inclusion does not establish donor independence or comparable CRC/control design; published blood series only scoped exploration	cultured_isolate_supported	BioProject=Comparative genomics of human mucosal isolates of the enterotoxigenic Bacteroides fragilis group, etiologic agents of inflammatory diarrheal disease. | 	https://www.ncbi.nlm.nih.gov/biosample/SAMN02315072;https://www.ncbi.nlm.nih.gov/bioproject/PRJNA206178	Traceable named isolate submission; source reviewed; no unresolved collision within frozen input; independent donor not inferred	ISOLATE_SAMN02315072	SEQ_0784bc2c869e3db3	0784bc2c869e3db39b3fe4704c32f5cab0cda89837f4d807ae7a17a7931caa88	Bacteroides fragilis str. 3-F-2 #6	Bacteroides fragilis str. 3-F-2 #6	1339335	Bacteroides fragilis (division I)	Bf_divI	accepted	GCA_000025985.1	98.95	85.96	86.74	11.49	skani 0.3.2 --medium; ANI>=95%, both AF>=65%; Bf divisions separate; anomalous Pm independently checked with bidirectional fastANI	fdeb8d7a108620392c36af15a1ee217210c8ba681638aa6865dca3d6eba5f3fd	../../remote/taxonomy/ani_to_refs.tsv	CheckM2 1.1.0	CheckM2 1.1.0; uniref100.KO.1.dmnd; sha256:1b86ef3eac0813c1853f53182c17657045e3763d66f384ec95747261a63ae46f	99.96	0.6	strict_95_2	201	84284	5300459	0	Contig	no_general_contig_count_exclusion; local_element_absence_requires_separate_assessment	/srv/CRC-PHIRE/projects/crc-pipeline/results/aimbeta_panel_freeze_20261002/final_genomes/GCF_000598865.1.fna	/srv/CRC-PHIRE/scratch/crc-phage/aimbeta_panel_freeze_20261002/fasta/GCF_000598865.1.fna	554d6df321bd676cc32b0b340d57626526c60359cacbcba2027e5bf26572579a	NCBI_Datasets_download	official_accession_version_and_BioSample_and_sequence_total_length_match	true	NA	2026-10-02	fd7cd683b937cce7290d478a2198e3b104d136176bcf9aef7df7d99028de5751	GCF_000598865.1	remote/ncbi_reports/reports_00.json	05c17e1b1cc99e6a5e7dce62a6ced77c3038349e01753da67a0262b914c787a0
AimBeta_final_v1_20261002	include	passed_source_identity_taxonomy_QC	research_catalog	GCF_001056335.1	GCA_001056335.1	321_BFRA	ISOLATE_SAMN03197512	SAMN03197512	PRJNA267549	unknown	unknown	Homo sapiens	USA: WA	unknown	unknown	unknown	none	false	catalog inclusion does not establish donor independence or comparable CRC/control design; published blood series only scoped exploration	cultured_isolate_supported	named strain in clinical/host-associated isolate submission; missing | BioProject=Bacterial isolates from intensive care units | The Lactobacillus genus, a use case for Bactopia. | 	https://www.ncbi.nlm.nih.gov/biosample/SAMN03197512;https://www.ncbi.nlm.nih.gov/bioproject/PRJNA267549	Traceable named isolate submission; source reviewed; no unresolved collision within frozen input; independent donor not inferred	ISOLATE_SAMN03197512	SEQ_3e478c21bbe42861	3e478c21bbe4286180a0f65ec20adcf700311c46ca5f62d3578260e1b13c7e96	Bacteroides fragilis	Bacteroides fragilis	817	Bacteroides fragilis (division I)	Bf_divI	accepted	GCA_000025985.1	98.88	82.68	86.57	11.05	skani 0.3.2 --medium; ANI>=95%, both AF>=65%; Bf divisions separate; anomalous Pm independently checked with bidirectional fastANI	fdeb8d7a108620392c36af15a1ee217210c8ba681638aa6865dca3d6eba5f3fd	../../remote/taxonomy/ani_to_refs.tsv	CheckM2 1.1.0	CheckM2 1.1.0; uniref100.KO.1.dmnd; sha256:1b86ef3eac0813c1853f53182c17657045e3763d66f384ec95747261a63ae46f	99.99	3.2	core_90_5	150	73696	5491405	110	Scaffold	no_general_contig_count_exclusion; local_element_absence_requires_separate_assessment	/srv/CRC-PHIRE/projects/crc-pipeline/results/aimbeta_panel_freeze_20261002/final_genomes/GCF_001056335.1.fna	/srv/CRC-PHIRE/scratch/crc-phage/aimbeta_panel_freeze_20261002/fasta/GCF_001056335.1.fna	d6c2d60177c97b23007e69bb0de0c2e33c2fd8e768890d5e4e41913b5b07fe2d	NCBI_Datasets_download	official_accession_version_and_BioSample_and_sequence_total_length_match	true	NA	2026-10-02	fd7cd683b937cce7290d478a2198e3b104d136176bcf9aef7df7d99028de5751	GCF_001056335.1	remote/ncbi_reports/reports_01.json	2fbd9572ca5335eb7589fadb4de0ad66f3c82bd9cf7bea089e731a7f6751150a
AimBeta_final_v1_20261002	include	passed_source_identity_taxonomy_QC	research_catalog	GCF_000598565.1	GCA_000598565.1	3397 N2	ISOLATE_SAMN02314521	SAMN02314521	PRJNA206143	unknown	unknown	unknown	unknown	unknown	unknown	unknown	none	false	catalog inclusion does not establish donor independence or comparable CRC/control design; published blood series only scoped exploration	cultured_isolate_supported	BioProject=Comparative genomics of human mucosal isolates of the enterotoxigenic Bacteroides fragilis group, etiologic agents of inflammatory diarrheal disease. | 	https://www.ncbi.nlm.nih.gov/biosample/SAMN02314521;https://www.ncbi.nlm.nih.gov/bioproject/PRJNA206143	Traceable named isolate submission; source reviewed; no unresolved collision within frozen input; independent donor not inferred	ISOLATE_SAMN02314521	SEQ_7326062ba2d33d06	7326062ba2d33d0608226d99f808726fa8e7b4111e8910c020a2cb8e2cece0e0	Bacteroides fragilis str. 3397 N2	Bacteroides fragilis str. 3397 N2	1339300	Bacteroides fragilis (division I)	Bf_divI	accepted	GCA_000025985.1	99.0	85.84	83.76	11.38	skani 0.3.2 --medium; ANI>=95%, both AF>=65%; Bf divisions separate; anomalous Pm independently checked with bidirectional fastANI	fdeb8d7a108620392c36af15a1ee217210c8ba681638aa6865dca3d6eba5f3fd	../../remote/taxonomy/ani_to_refs.tsv	CheckM2 1.1.0	CheckM2 1.1.0; uniref100.KO.1.dmnd; sha256:1b86ef3eac0813c1853f53182c17657045e3763d66f384ec95747261a63ae46f	99.72	2.07	core_90_5	93	138404	5117152	0	Contig	no_general_contig_count_exclusion; local_element_absence_requires_separate_assessment	/srv/CRC-PHIRE/projects/crc-pipeline/results/aimbeta_panel_freeze_20261002/final_genomes/GCF_000598565.1.fna	/srv/CRC-PHIRE/scratch/crc-phage/aimbeta_panel_freeze_20261002/fasta/GCF_000598565.1.fna	70d023b268d4984eb6da4f5eb8cd8a754c648f27223775b8ce119ec01ca6f272	NCBI_Datasets_download	official_accession_version_and_BioSample_and_sequence_total_length_match	true	NA	2026-10-02	fd7cd683b937cce7290d478a2198e3b104d136176bcf9aef7df7d99028de5751	GCF_000598565.1	remote/ncbi_reports/reports_00.json	05c17e1b1cc99e6a5e7dce62a6ced77c3038349e01753da67a0262b914c787a0
AimBeta_final_v1_20261002	include	passed_source_identity_taxonomy_QC	research_catalog	GCF_964241565.1	GCA_964241565.1	3397 N3	ISOLATE_SAMEA111347127	SAMEA111347127	PRJEB45397	unknown	unknown	unknown	unknown	unknown	unknown	unknown	none	false	catalog inclusion does not establish donor independence or comparable CRC/control design; published blood series only scoped exploration	cultured_isolate_supported	BioSample comment=Genome sequenced isolate from paediatric patient biopsy	https://www.ncbi.nlm.nih.gov/biosample/SAMEA111347127;https://www.ncbi.nlm.nih.gov/bioproject/PRJEB45397	Traceable named isolate submission; source reviewed; no unresolved collision within frozen input; independent donor not inferred	ISOLATE_SAMEA111347127	SEQ_04cc8a393efbc34e	04cc8a393efbc34e2f5527c1bca22aa9c6dab7e4adcd4d359872a48b726d86dd	Bacteroides fragilis str. 3397 N3	Bacteroides fragilis str. 3397 N3	1339301	Bacteroides fragilis (division I)	Bf_divI	accepted	GCA_000025985.1	99.02	83.88	86.04	11.44	skani 0.3.2 --medium; ANI>=95%, both AF>=65%; Bf divisions separate; anomalous Pm independently checked with bidirectional fastANI	fdeb8d7a108620392c36af15a1ee217210c8ba681638aa6865dca3d6eba5f3fd	../../remote/taxonomy/ani_to_refs.tsv	CheckM2 1.1.0	CheckM2 1.1.0; uniref100.KO.1.dmnd; sha256:1b86ef3eac0813c1853f53182c17657045e3763d66f384ec95747261a63ae46f	99.99	3.5	core_90_5	38	396090	5376641	479	Scaffold	no_general_contig_count_exclusion; local_element_absence_requires_separate_assessment	/srv/CRC-PHIRE/projects/crc-pipeline/results/aimbeta_panel_freeze_20261002/final_genomes/GCF_964241565.1.fna	/srv/CRC-PHIRE/scratch/crc-phage/aimbeta_panel_freeze_20261002/fasta/GCF_964241565.1.fna	63d7eb044250a284828aacd180661b819b59c165583b2cc686285a510cd5b25c	NCBI_Datasets_download	official_accession_version_and_BioSample_and_sequence_total_length_match	true	NA	2026-10-02	fd7cd683b937cce7290d478a2198e3b104d136176bcf9aef7df7d99028de5751	GCF_964241565.1	remote/ncbi_reports/reports_00.json	05c17e1b1cc99e6a5e7dce62a6ced77c3038349e01753da67a0262b914c787a0
AimBeta_final_v1_20261002	include	passed_source_identity_taxonomy_QC	research_catalog	GCF_051064135.1	GCA_051064135.1	355F	ISOLATE_SAMN49352099	SAMN49352099	PRJNA1279005	unknown	ENVO:00002003	Homo sapiens	Italy	unknown	unknown	unknown	none	false	catalog inclusion does not establish donor independence or comparable CRC/control design; published blood series only scoped exploration	cultured_isolate_supported	NCBI MIGS cultured bacteria package=MIGS.ba.human-gut.6.0 | isolation/growth reference=39314876	https://www.ncbi.nlm.nih.gov/biosample/SAMN49352099	Traceable named isolate submission; source reviewed; no unresolved collision within frozen input; independent donor not inferred	ISOLATE_SAMN49352099	SEQ_374d4f1edf18eaa1	374d4f1edf18eaa14018e994a31e4e51af213713647a75c1000e574978b51bf6	Bacteroides fragilis	Bacteroides fragilis	817	Bacteroides fragilis (division I)	Bf_divI	accepted	GCA_000025985.1	98.91	85.46	81.82	11.17	skani 0.3.2 --medium; ANI>=95%, both AF>=65%; Bf divisions separate; anomalous Pm independently checked with bidirectional fastANI	fdeb8d7a108620392c36af15a1ee217210c8ba681638aa6865dca3d6eba5f3fd	../../remote/taxonomy/ani_to_refs.tsv	CheckM2 1.1.0	CheckM2 1.1.0; uniref100.KO.1.dmnd; sha256:1b86ef3eac0813c1853f53182c17657045e3763d66f384ec95747261a63ae46f	99.92	2.03	core_90_5	39	290609	5018637	0	Contig	no_general_contig_count_exclusion; local_element_absence_requires_separate_assessment	/srv/CRC-PHIRE/projects/crc-pipeline/results/aimbeta_panel_freeze_20261002/final_genomes/GCF_051064135.1.fna	/srv/CRC-PHIRE/scratch/crc-phage/aimbeta_panel_freeze_20261002/fasta/GCF_051064135.1.fna	12c981bf99d73b267a32f0af17d9e7935051e2fcdc74985c71bf89b769ed1797	NCBI_Datasets_download	official_accession_version_and_BioSample_and_sequence_total_length_match	true	NA	2026-10-02	fd7cd683b937cce7290d478a2198e3b104d136176bcf9aef7df7d99028de5751	GCF_051064135.1	remote/ncbi_reports/reports_03.json	8a5753bfcfcca71504fa1eb5612a7cdac1a8b9c740b317c90304e5861d8b3dfb
AimBeta_final_v1_20261002	include	passed_source_identity_taxonomy_QC	research_catalog	GCF_000598725.1	GCA_000598725.1	3719 T6	ISOLATE_SAMN02314530	SAMN02314530	PRJNA206149	unknown	unknown	unknown	unknown	unknown	unknown	unknown	none	false	catalog inclusion does not establish donor independence or comparable CRC/control design; published blood series only scoped exploration	cultured_isolate_supported	BioProject=Comparative genomics of human mucosal isolates of the enterotoxigenic Bacteroides fragilis group, etiologic agents of inflammatory diarrheal disease. | 	https://www.ncbi.nlm.nih.gov/biosample/SAMN02314530;https://www.ncbi.nlm.nih.gov/bioproject/PRJNA206149	Traceable named isolate submission; source reviewed; no unresolved collision within frozen input; independent donor not inferred	ISOLATE_SAMN02314530	SEQ_5845740ae230233d	5845740ae230233d5ae9be7b2584af62927ffa2a3bd4ccb329b09e8b750f8773	Bacteroides fragilis str. 3719 T6	Bacteroides fragilis str. 3719 T6	1339306	Bacteroides fragilis (division I)	Bf_divI	accepted	GCA_000025985.1	98.97	85.22	81.04	11.18	skani 0.3.2 --medium; ANI>=95%, both AF>=65%; Bf divisions separate; anomalous Pm independently checked with bidirectional fastANI	fdeb8d7a108620392c36af15a1ee217210c8ba681638aa6865dca3d6eba5f3fd	../../remote/taxonomy/ani_to_refs.tsv	CheckM2 1.1.0	CheckM2 1.1.0; uniref100.KO.1.dmnd; sha256:1b86ef3eac0813c1853f53182c17657045e3763d66f384ec95747261a63ae46f	99.96	0.36	strict_95_2	64	338507	4986076	0	Contig	no_general_contig_count_exclusion; local_element_absence_requires_separate_assessment	/srv/CRC-PHIRE/projects/crc-pipeline/results/aimbeta_panel_freeze_20261002/final_genomes/GCF_000598725.1.fna	/srv/CRC-PHIRE/scratch/crc-phage/aimbeta_panel_freeze_20261002/fasta/GCF_000598725.1.fna	99d585aed421a6998584c3c7887f90ed37cc8506e37f4a3f0eea3668d4441a08	NCBI_Datasets_download	official_accession_version_and_BioSample_and_sequence_total_length_match	true	NA	2026-10-02	fd7cd683b937cce7290d478a2198e3b104d136176bcf9aef7df7d99028de5751	GCF_000598725.1	remote/ncbi_reports/reports_00.json	05c17e1b1cc99e6a5e7dce62a6ced77c3038349e01753da67a0262b914c787a0
AimBeta_final_v1_20261002	include	passed_source_identity_taxonomy_QC	research_catalog	GCF_000598585.1	GCA_000598585.1	3725 D9(v)	ISOLATE_SAMN02317049	SAMN02317049	PRJNA206141	unknown	unknown	unknown	unknown	unknown	unknown	unknown	none	false	catalog inclusion does not establish donor independence or comparable CRC/control design; published blood series only scoped exploration	cultured_isolate_supported	BioProject=Comparative genomics of human mucosal isolates of the enterotoxigenic Bacteroides fragilis group, etiologic agents of inflammatory diarrheal disease. | 	https://www.ncbi.nlm.nih.gov/biosample/SAMN02317049;https://www.ncbi.nlm.nih.gov/bioproject/PRJNA206141	Traceable named isolate submission; source reviewed; no unresolved collision within frozen input; independent donor not inferred	ISOLATE_SAMN02317049	SEQ_cedf94b02dec0ee0	cedf94b02dec0ee01315057e779072be962ede41ca6ff6305784515c1573a641	Bacteroides fragilis str. 3725 D9(v)	Bacteroides fragilis str. 3725 D9(v)	1339298	Bacteroides fragilis (division I)	Bf_divI	accepted	GCA_000025985.1	98.9	80.03	85.37	10.95	skani 0.3.2 --medium; ANI>=95%, both AF>=65%; Bf divisions separate; anomalous Pm independently checked with bidirectional fastANI	fdeb8d7a108620392c36af15a1ee217210c8ba681638aa6865dca3d6eba5f3fd	../../remote/taxonomy/ani_to_refs.tsv	CheckM2 1.1.0	CheckM2 1.1.0; uniref100.KO.1.dmnd; sha256:1b86ef3eac0813c1853f53182c17657045e3763d66f384ec95747261a63ae46f	99.99	2.37	core_90_5	75	292374	5595976	0	Contig	no_general_contig_count_exclusion; local_element_absence_requires_separate_assessment	/srv/CRC-PHIRE/projects/crc-pipeline/results/aimbeta_panel_freeze_20261002/final_genomes/GCF_000598585.1.fna	/srv/CRC-PHIRE/scratch/crc-phage/aimbeta_panel_freeze_20261002/fasta/GCF_000598585.1.fna	e9a055935582e270184702ccda92007d2e0f984820b9353477c182a6c070db71	NCBI_Datasets_download	official_accession_version_and_BioSample_and_sequence_total_length_match	true	NA	2026-10-02	fd7cd683b937cce7290d478a2198e3b104d136176bcf9aef7df7d99028de5751	GCF_000598585.1	remote/ncbi_reports/reports_00.json	05c17e1b1cc99e6a5e7dce62a6ced77c3038349e01753da67a0262b914c787a0
AimBeta_final_v1_20261002	include	passed_source_identity_taxonomy_QC	research_catalog	GCF_000598325.1	GCA_000598325.1	3783N1-2	ISOLATE_SAMN02314527	SAMN02314527	PRJNA206152	unknown	unknown	unknown	unknown	unknown	unknown	unknown	none	false	catalog inclusion does not establish donor independence or comparable CRC/control design; published blood series only scoped exploration	cultured_isolate_supported	BioProject=Comparative genomics of human mucosal isolates of the enterotoxigenic Bacteroides fragilis group, etiologic agents of inflammatory diarrheal disease. | 	https://www.ncbi.nlm.nih.gov/biosample/SAMN02314527;https://www.ncbi.nlm.nih.gov/bioproject/PRJNA206152	Traceable named isolate submission; source reviewed; no unresolved collision within frozen input; independent donor not inferred	ISOLATE_SAMN02314527	SEQ_5e8ba267413526b1	5e8ba267413526b1664ff1825de206cbb437529db23a3ae7df81e874b6bc98ef	Bacteroides fragilis str. 3783N1-2	Bacteroides fragilis str. 3783N1-2	1339309	Bacteroides fragilis (division I)	Bf_divI	accepted	GCA_000025985.1	99.03	84.93	85.45	10.96	skani 0.3.2 --medium; ANI>=95%, both AF>=65%; Bf divisions separate; anomalous Pm independently checked with bidirectional fastANI	fdeb8d7a108620392c36af15a1ee217210c8ba681638aa6865dca3d6eba5f3fd	../../remote/taxonomy/ani_to_refs.tsv	CheckM2 1.1.0	CheckM2 1.1.0; uniref100.KO.1.dmnd; sha256:1b86ef3eac0813c1853f53182c17657045e3763d66f384ec95747261a63ae46f	99.98	0.94	strict_95_2	449	30601	5287786	0	Contig	no_general_contig_count_exclusion; local_element_absence_requires_separate_assessment	/srv/CRC-PHIRE/projects/crc-pipeline/results/aimbeta_panel_freeze_20261002/final_genomes/GCF_000598325.1.fna	/srv/CRC-PHIRE/scratch/crc-phage/aimbeta_panel_freeze_20261002/fasta/GCF_000598325.1.fna	6064ec5b41a7bde6077fbd79bfa469f5393c47bc83f273e10a43cd65ef75ea17	NCBI_Datasets_download	official_accession_version_and_BioSample_and_sequence_total_length_match	true	NA	2026-10-02	fd7cd683b937cce7290d478a2198e3b104d136176bcf9aef7df7d99028de5751	GCF_000598325.1	remote/ncbi_reports/reports_00.json	05c17e1b1cc99e6a5e7dce62a6ced77c3038349e01753da67a0262b914c787a0
AimBeta_final_v1_20261002	include	passed_source_identity_taxonomy_QC	research_catalog	GCF_000599065.2	GCA_000599065.2	3783N1-6	ISOLATE_SAMN02314528	SAMN02314528	PRJNA206153	unknown	unknown	unknown	unknown	unknown	unknown	unknown	none	false	catalog inclusion does not establish donor independence or comparable CRC/control design; published blood series only scoped exploration	cultured_isolate_supported	BioProject=Comparative genomics of human mucosal isolates of the enterotoxigenic Bacteroides fragilis group, etiologic agents of inflammatory diarrheal disease. | 	https://www.ncbi.nlm.nih.gov/biosample/SAMN02314528;https://www.ncbi.nlm.nih.gov/bioproject/PRJNA206153	Traceable named isolate submission; source reviewed; no unresolved collision within frozen input; independent donor not inferred	ISOLATE_SAMN02314528	SEQ_c2e1842c5b979c10	c2e1842c5b979c10a0341da3cbd94089313f7775a342aa38a74140fdfe2b9d39	Bacteroides fragilis str. 3783N1-6	Bacteroides fragilis str. 3783N1-6	1339310	Bacteroides fragilis (division I)	Bf_divI	accepted	GCA_000025985.1	98.97	83.4	86.38	11.51	skani 0.3.2 --medium; ANI>=95%, both AF>=65%; Bf divisions separate; anomalous Pm independently checked with bidirectional fastANI	fdeb8d7a108620392c36af15a1ee217210c8ba681638aa6865dca3d6eba5f3fd	../../remote/taxonomy/ani_to_refs.tsv	CheckM2 1.1.0	CheckM2 1.1.0; uniref100.KO.1.dmnd; sha256:1b86ef3eac0813c1853f53182c17657045e3763d66f384ec95747261a63ae46f	99.99	2.49	core_90_5	57	343583	5430155	0	Contig	no_general_contig_count_exclusion; local_element_absence_requires_separate_assessment	/srv/CRC-PHIRE/projects/crc-pipeline/results/aimbeta_panel_freeze_20261002/final_genomes/GCF_000599065.2.fna	/srv/CRC-PHIRE/scratch/crc-phage/aimbeta_panel_freeze_20261002/fasta/GCF_000599065.2.fna	805fe3ca957a536138fe80f5f15a84c91e972b3afe90cce8a5440085dd2c866f	NCBI_Datasets_download	official_accession_version_and_BioSample_and_sequence_total_length_match	true	NA	2026-10-02	fd7cd683b937cce7290d478a2198e3b104d136176bcf9aef7df7d99028de5751	GCF_000599065.2	remote/ncbi_reports/reports_00.json	05c17e1b1cc99e6a5e7dce62a6ced77c3038349e01753da67a0262b914c787a0
AimBeta_final_v1_20261002	include	passed_source_identity_taxonomy_QC	research_catalog	GCF_000598165.1	GCA_000598165.1	3976T7	ISOLATE_SAMN02314536	SAMN02314536	PRJNA206156	unknown	unknown	unknown	unknown	unknown	unknown	unknown	none	false	catalog inclusion does not establish donor independence or comparable CRC/control design; published blood series only scoped exploration	cultured_isolate_supported	BioProject=Comparative genomics of human mucosal isolates of the enterotoxigenic Bacteroides fragilis group, etiologic agents of inflammatory diarrheal disease. | 	https://www.ncbi.nlm.nih.gov/biosample/SAMN02314536;https://www.ncbi.nlm.nih.gov/bioproject/PRJNA206156	Traceable named isolate submission; source reviewed; no unresolved collision within frozen input; independent donor not inferred	ISOLATE_SAMN02314536	SEQ_6085a9b2c2cc4355	6085a9b2c2cc4355b926300801548f49527b922641520a97281ac58f1db91ba1	Bacteroides fragilis str. 3976T7	Bacteroides fragilis str. 3976T7	1339313	Bacteroides fragilis (division I)	Bf_divI	accepted	GCA_000025985.1	99.13	84.64	84.02	11.1	skani 0.3.2 --medium; ANI>=95%, both AF>=65%; Bf divisions separate; anomalous Pm independently checked with bidirectional fastANI	fdeb8d7a108620392c36af15a1ee217210c8ba681638aa6865dca3d6eba5f3fd	../../remote/taxonomy/ani_to_refs.tsv	CheckM2 1.1.0	CheckM2 1.1.0; uniref100.KO.1.dmnd; sha256:1b86ef3eac0813c1853f53182c17657045e3763d66f384ec95747261a63ae46f	99.99	4.09	core_90_5	447	35864	5225257	0	Contig	no_general_contig_count_exclusion; local_element_absence_requires_separate_assessment	/srv/CRC-PHIRE/projects/crc-pipeline/results/aimbeta_panel_freeze_20261002/final_genomes/GCF_000598165.1.fna	/srv/CRC-PHIRE/scratch/crc-phage/aimbeta_panel_freeze_20261002/fasta/GCF_000598165.1.fna	6fabe31848879a272fe1ac156100fe548ef423536dc2319b3da2e984f47a47a9	NCBI_Datasets_download	official_accession_version_and_BioSample_and_sequence_total_length_match	true	NA	2026-10-02	fd7cd683b937cce7290d478a2198e3b104d136176bcf9aef7df7d99028de5751	GCF_000598165.1	remote/ncbi_reports/reports_00.json	05c17e1b1cc99e6a5e7dce62a6ced77c3038349e01753da67a0262b914c787a0
AimBeta_final_v1_20261002	include	passed_source_identity_taxonomy_QC	research_catalog	GCF_000599185.2	GCA_000599185.2	3976T8	ISOLATE_SAMN02314538	SAMN02314538	PRJNA206157	unknown	unknown	unknown	unknown	unknown	unknown	unknown	none	false	catalog inclusion does not establish donor independence or comparable CRC/control design; published blood series only scoped exploration	cultured_isolate_supported	BioProject=Comparative genomics of human mucosal isolates of the enterotoxigenic Bacteroides fragilis group, etiologic agents of inflammatory diarrheal disease. | 	https://www.ncbi.nlm.nih.gov/biosample/SAMN02314538;https://www.ncbi.nlm.nih.gov/bioproject/PRJNA206157	Traceable named isolate submission; source reviewed; no unresolved collision within frozen input; independent donor not inferred	ISOLATE_SAMN02314538	SEQ_c71161c30ff2109e	c71161c30ff2109e1b730d4f58c9608a6b25b8ea066aec9753d9abb66233fcce	Bacteroides fragilis str. 3976T8	Bacteroides fragilis str. 3976T8	1339314	Bacteroides fragilis (division I)	Bf_divI	accepted	GCA_000025985.1	98.97	79.67	82.17	10.92	skani 0.3.2 --medium; ANI>=95%, both AF>=65%; Bf divisions separate; anomalous Pm independently checked with bidirectional fastANI	fdeb8d7a108620392c36af15a1ee217210c8ba681638aa6865dca3d6eba5f3fd	../../remote/taxonomy/ani_to_refs.tsv	CheckM2 1.1.0	CheckM2 1.1.0; uniref100.KO.1.dmnd; sha256:1b86ef3eac0813c1853f53182c17657045e3763d66f384ec95747261a63ae46f	100.0	0.53	strict_95_2	73	175435	5407695	0	Contig	no_general_contig_count_exclusion; local_element_absence_requires_separate_assessment	/srv/CRC-PHIRE/projects/crc-pipeline/results/aimbeta_panel_freeze_20261002/final_genomes/GCF_000599185.2.fna	/srv/CRC-PHIRE/scratch/crc-phage/aimbeta_panel_freeze_20261002/fasta/GCF_000599185.2.fna	a2c06592ffe8e89d0b6572d8721ad7aec300a4ba70d851708397783b3f3890d5	NCBI_Datasets_download	official_accession_version_and_BioSample_and_sequence_total_length_match	true	NA	2026-10-02	fd7cd683b937cce7290d478a2198e3b104d136176bcf9aef7df7d99028de5751	GCF_000599185.2	remote/ncbi_reports/reports_00.json	05c17e1b1cc99e6a5e7dce62a6ced77c3038349e01753da67a0262b914c787a0
AimBeta_final_v1_20261002	include	passed_source_identity_taxonomy_QC	research_catalog	GCF_000598205.1	GCA_000598205.1	3988 T1	ISOLATE_SAMN02314428	SAMN02314428	PRJNA206119	unknown	unknown	unknown	unknown	unknown	unknown	unknown	none	false	catalog inclusion does not establish donor independence or comparable CRC/control design; published blood series only scoped exploration	cultured_isolate_supported	BioProject=Comparative genomics of human mucosal isolates of the enterotoxigenic Bacteroides fragilis group, etiologic agents of inflammatory diarrheal disease. | 	https://www.ncbi.nlm.nih.gov/biosample/SAMN02314428;https://www.ncbi.nlm.nih.gov/bioproject/PRJNA206119	Traceable named isolate submission; source reviewed; no unresolved collision within frozen input; independent donor not inferred	ISOLATE_SAMN02314428	SEQ_3c41fb0738e6db4a	3c41fb0738e6db4ab87a35da24b4567f0561ce9fd392b8bf4da87bc1f26e495e	Bacteroides fragilis str. 3988 T1	Bacteroides fragilis str. 3988 T1	1339288	Bacteroides fragilis (division I)	Bf_divI	accepted	GCA_000025985.1	98.88	80.23	81.47	11.09	skani 0.3.2 --medium; ANI>=95%, both AF>=65%; Bf divisions separate; anomalous Pm independently checked with bidirectional fastANI	fdeb8d7a108620392c36af15a1ee217210c8ba681638aa6865dca3d6eba5f3fd	../../remote/taxonomy/ani_to_refs.tsv	CheckM2 1.1.0	CheckM2 1.1.0; uniref100.KO.1.dmnd; sha256:1b86ef3eac0813c1853f53182c17657045e3763d66f384ec95747261a63ae46f	99.99	1.4	strict_95_2	462	57260	5349243	0	Contig	no_general_contig_count_exclusion; local_element_absence_requires_separate_assessment	/srv/CRC-PHIRE/projects/crc-pipeline/results/aimbeta_panel_freeze_20261002/final_genomes/GCF_000598205.1.fna	/srv/CRC-PHIRE/scratch/crc-phage/aimbeta_panel_freeze_20261002/fasta/GCF_000598205.1.fna	b6984230d292c2bfa5643143b2c8bcf05a25c1397474fa272f879addea4ce4a7	NCBI_Datasets_download	official_accession_version_and_BioSample_and_sequence_total_length_match	true	NA	2026-10-02	fd7cd683b937cce7290d478a2198e3b104d136176bcf9aef7df7d99028de5751	GCF_000598205.1	remote/ncbi_reports/reports_00.json	05c17e1b1cc99e6a5e7dce62a6ced77c3038349e01753da67a0262b914c787a0
AimBeta_final_v1_20261002	include	passed_source_identity_taxonomy_QC	research_catalog	GCF_000210835.1	GCA_000210835.1	638R	ISOLATE_SAMEA3138381	SAMEA3138381	PRJNA50405	unknown	unknown	unknown	unknown	unknown	unknown	unknown	none	false	catalog inclusion does not establish donor independence or comparable CRC/control design; published blood series only scoped exploration	cultured_isolate_supported	published cultured 638R genome	https://www.ncbi.nlm.nih.gov/biosample/SAMEA3138381;https://pmc.ncbi.nlm.nih.gov/articles/PMC3090145/	Traceable named isolate submission; source reviewed; no unresolved collision within frozen input; independent donor not inferred	ISOLATE_SAMEA3138381	SEQ_d9fcab2f9ae3e818	d9fcab2f9ae3e8183ca7416eb3988a278902236dc51f56d6a8b4c878eef78e4b	Bacteroides fragilis 638R	Bacteroides fragilis 638R	862962	Bacteroides fragilis (division I)	Bf_divI	accepted	GCA_000025985.1	98.92	84.58	86.7	11.2	skani 0.3.2 --medium; ANI>=95%, both AF>=65%; Bf divisions separate; anomalous Pm independently checked with bidirectional fastANI	fdeb8d7a108620392c36af15a1ee217210c8ba681638aa6865dca3d6eba5f3fd	../../remote/taxonomy/ani_to_refs.tsv	CheckM2 1.1.0	CheckM2 1.1.0; uniref100.KO.1.dmnd; sha256:1b86ef3eac0813c1853f53182c17657045e3763d66f384ec95747261a63ae46f	99.99	2.81	core_90_5	1	5373121	5373121	0	Complete Genome	no_general_contig_count_exclusion; local_element_absence_requires_separate_assessment	/srv/CRC-PHIRE/projects/crc-pipeline/results/aimbeta_panel_freeze_20261002/final_genomes/GCF_000210835.1.fna	/srv/CRC-PHIRE/scratch/crc-phage/aimbeta_panel_freeze_20261002/fasta/GCF_000210835.1.fna	6c02b175544be21bb6671601d3ef47a865f8555814f80dd1aa428c3767a85223	NCBI_Datasets_download	official_accession_version_and_BioSample_and_sequence_total_length_match	true	NA	2026-10-02	fd7cd683b937cce7290d478a2198e3b104d136176bcf9aef7df7d99028de5751	GCF_000210835.1	remote/ncbi_reports/reports_00.json	05c17e1b1cc99e6a5e7dce62a6ced77c3038349e01753da67a0262b914c787a0
AimBeta_final_v1_20261002	include	passed_source_identity_taxonomy_QC	research_catalog_nonhuman_context	GCF_023702735.1	GCA_023702735.1	86-5443-2-2	ISOLATE_SAMN28856114	SAMN28856114	PRJNA845095	unknown	stool sample	Piglet	USA	unknown	unknown	unknown	none	false	catalog inclusion does not establish donor independence or comparable CRC/control design; published blood series only scoped exploration	cultured_isolate_supported	named strain in clinical/host-associated isolate submission; stool sample	https://www.ncbi.nlm.nih.gov/biosample/SAMN28856114	Traceable named isolate submission; source reviewed; no unresolved collision within frozen input; independent donor not inferred	ISOLATE_SAMN28856114	SEQ_8a3054303be78a7d	8a3054303be78a7df16195e7d3510d25ee53f959ebf3d3a1870cde8e436107a5	Bacteroides fragilis	Bacteroides fragilis	817	Bacteroides fragilis (division I)	Bf_divI	accepted	GCA_000025985.1	98.92	86.45	88.55	11.11	skani 0.3.2 --medium; ANI>=95%, both AF>=65%; Bf divisions separate; anomalous Pm independently checked with bidirectional fastANI	fdeb8d7a108620392c36af15a1ee217210c8ba681638aa6865dca3d6eba5f3fd	../../remote/taxonomy/ani_to_refs.tsv	CheckM2 1.1.0	CheckM2 1.1.0; uniref100.KO.1.dmnd; sha256:1b86ef3eac0813c1853f53182c17657045e3763d66f384ec95747261a63ae46f	99.98	1.93	strict_95_2	1	5369373	5369373	0	Complete Genome	no_general_contig_count_exclusion; local_element_absence_requires_separate_assessment	/srv/CRC-PHIRE/projects/crc-pipeline/results/aimbeta_panel_freeze_20261002/final_genomes/GCF_023702735.1.fna	/srv/CRC-PHIRE/scratch/crc-phage/aimbeta_panel_freeze_20261002/fasta/GCF_023702735.1.fna	735e988d0beead90f3bd53485fe3cc2c7cdd1694ab95a9c3e31a84219b3c6ed6	NCBI_Datasets_download	official_accession_version_and_BioSample_and_sequence_total_length_match	true	NA	2026-10-02	fd7cd683b937cce7290d478a2198e3b104d136176bcf9aef7df7d99028de5751	GCF_023702735.1	remote/ncbi_reports/reports_02.json	95dddad9678ccbaed8d1699a14393959bd15e49149cbbd558371d67d6179ce62
AimBeta_final_v1_20261002	include	passed_source_identity_taxonomy_QC	research_catalog	GCF_000598985.1	GCA_000598985.1	A7 (UDC12-2)	ISOLATE_SAMN02314413	SAMN02314413	PRJNA206105	unknown	unknown	unknown	unknown	unknown	unknown	unknown	none	false	catalog inclusion does not establish donor independence or comparable CRC/control design; published blood series only scoped exploration	cultured_isolate_supported	BioProject=Comparative genomics of human mucosal isolates of the enterotoxigenic Bacteroides fragilis group, etiologic agents of inflammatory diarrheal disease. | 	https://www.ncbi.nlm.nih.gov/biosample/SAMN02314413;https://www.ncbi.nlm.nih.gov/bioproject/PRJNA206105	Traceable named isolate submission; source reviewed; no unresolved collision within frozen input; independent donor not inferred	ISOLATE_SAMN02314413	SEQ_e9a1e5df5246698c	e9a1e5df5246698c0994594534c4904263be6785ce0c6d1ffa204f819b1159a6	Bacteroides fragilis str. A7 (UDC12-2)	Bacteroides fragilis str. A7 (UDC12-2)	1339274	Bacteroides fragilis (division I)	Bf_divI	accepted	GCA_000025985.1	99.08	90.21	89.49	11.14	skani 0.3.2 --medium; ANI>=95%, both AF>=65%; Bf divisions separate; anomalous Pm independently checked with bidirectional fastANI	fdeb8d7a108620392c36af15a1ee217210c8ba681638aa6865dca3d6eba5f3fd	../../remote/taxonomy/ani_to_refs.tsv	CheckM2 1.1.0	CheckM2 1.1.0; uniref100.KO.1.dmnd; sha256:1b86ef3eac0813c1853f53182c17657045e3763d66f384ec95747261a63ae46f	99.88	3.02	core_90_5	87	198514	5201070	0	Contig	no_general_contig_count_exclusion; local_element_absence_requires_separate_assessment	/srv/CRC-PHIRE/projects/crc-pipeline/results/aimbeta_panel_freeze_20261002/final_genomes/GCF_000598985.1.fna	/srv/CRC-PHIRE/scratch/crc-phage/aimbeta_panel_freeze_20261002/fasta/GCF_000598985.1.fna	ed5dfb6cb8e6228f25031348deca38d3f653b410e629511468e9dc7c92171583	NCBI_Datasets_download	official_accession_version_and_BioSample_and_sequence_total_length_match	true	NA	2026-10-02	fd7cd683b937cce7290d478a2198e3b104d136176bcf9aef7df7d99028de5751	GCF_000598985.1	remote/ncbi_reports/reports_00.json	05c17e1b1cc99e6a5e7dce62a6ced77c3038349e01753da67a0262b914c787a0
AimBeta_final_v1_20261002	include	passed_source_identity_taxonomy_QC	research_catalog	GCF_045689915.1	GCA_045689915.1	ATCC 43858 = 2-078382-3	BF_ATCC43858_2_078382_3	SAMN39465054	PRJNA1065595	unknown	infant with diarrhea	Homo sapiens	USA: Arizona	unknown	unknown	unknown	none	false	catalog inclusion does not establish donor independence or comparable CRC/control design; published blood series only scoped exploration	cultured_isolate_supported	named strain in clinical/host-associated isolate submission; infant with diarrhea	https://www.ncbi.nlm.nih.gov/biosample/SAMN39465054	ATCC 官方产品原株号为2-078382-3；NCBI SAMN03839333 sample name=ATCC43858。不得与86-5443-2-2混同。; https://www.atcc.org/atcc/productsheetpdf/generatehtmlpdf/43858;https://www.ncbi.nlm.nih.gov/biosample/SAMN03839333	BF_ATCC43858_2_078382_3	SEQ_c891c70944233f72	c891c70944233f72d7eeb09475fa831ab7d228be73e126a839b68dbb4ceb5417	Bacteroides fragilis	Bacteroides fragilis	817	Bacteroides fragilis (division I)	Bf_divI	accepted	GCA_000025985.1	98.97	89.38	88.57	11.21	skani 0.3.2 --medium; ANI>=95%, both AF>=65%; Bf divisions separate; anomalous Pm independently checked with bidirectional fastANI	fdeb8d7a108620392c36af15a1ee217210c8ba681638aa6865dca3d6eba5f3fd	../../remote/taxonomy/ani_to_refs.tsv	CheckM2 1.1.0	CheckM2 1.1.0; uniref100.KO.1.dmnd; sha256:1b86ef3eac0813c1853f53182c17657045e3763d66f384ec95747261a63ae46f	99.94	0.18	strict_95_2	2	5188551	5194145	0	Complete Genome	no_general_contig_count_exclusion; local_element_absence_requires_separate_assessment	/srv/CRC-PHIRE/projects/crc-pipeline/results/aimbeta_panel_freeze_20261002/final_genomes/GCF_045689915.1.fna	/srv/CRC-PHIRE/scratch/crc-phage/aimbeta_panel_freeze_20261002/fasta/GCF_045689915.1.fna	f5216998e8ea959685a5ab18511920647dd9dfb05479275f3b9ab199ef400b23	NCBI_Datasets_download	official_accession_version_and_BioSample_and_sequence_total_length_match	true	NA	2026-10-02	fd7cd683b937cce7290d478a2198e3b104d136176bcf9aef7df7d99028de5751	GCF_045689915.1	remote/ncbi_reports/reports_03.json	8a5753bfcfcca71504fa1eb5612a7cdac1a8b9c740b317c90304e5861d8b3dfb
AimBeta_final_v1_20261002	include	passed_source_identity_taxonomy_QC	research_catalog	GCF_001699855.1	GCA_001699855.1	ATCC 43859 = 20793-3	BF_ATCC43859_20793_3	SAMN03839334	PRJNA288885	unknown	stool sample	Homo sapiens	USA	unknown	unknown	unknown	none	false	catalog inclusion does not establish donor independence or comparable CRC/control design; published blood series only scoped exploration	cultured_isolate_supported	named strain in clinical/host-associated isolate submission; stool sample	https://www.ncbi.nlm.nih.gov/biosample/SAMN03839334	两个 BioSample 均为20793-3；原始研究的菌株材料明确20793-3为ATCC43859，支持其为同一已命名库存株。; https://pmc.ncbi.nlm.nih.gov/articles/PMC5839110/	BF_ATCC43859_20793_3	SEQ_ce2907748fd5182d	ce2907748fd5182de5dd5e50536eaa5888b850dd431b185d3b2e57f85de09d4d	Bacteroides fragilis	Bacteroides fragilis	817	Bacteroides fragilis (division I)	Bf_divI	accepted	GCA_000025985.1	98.75	83.45	82.99	11.15	skani 0.3.2 --medium; ANI>=95%, both AF>=65%; Bf divisions separate; anomalous Pm independently checked with bidirectional fastANI	fdeb8d7a108620392c36af15a1ee217210c8ba681638aa6865dca3d6eba5f3fd	../../remote/taxonomy/ani_to_refs.tsv	CheckM2 1.1.0	CheckM2 1.1.0; uniref100.KO.1.dmnd; sha256:1b86ef3eac0813c1853f53182c17657045e3763d66f384ec95747261a63ae46f	99.99	0.3	strict_95_2	52	301080	5212804	6	Contig	no_general_contig_count_exclusion; local_element_absence_requires_separate_assessment	/srv/CRC-PHIRE/projects/crc-pipeline/results/aimbeta_panel_freeze_20261002/final_genomes/GCF_001699855.1.fna	/srv/CRC-PHIRE/scratch/crc-phage/aimbeta_panel_freeze_20261002/fasta/GCF_001699855.1.fna	c4dd8883aa32ac9ccb88a178e5ffcab06db342719e707f85f1b3e0b60c219021	NCBI_Datasets_download	official_accession_version_and_BioSample_and_sequence_total_length_match	true	NA	2026-10-02	fd7cd683b937cce7290d478a2198e3b104d136176bcf9aef7df7d99028de5751	GCF_001699855.1	remote/ncbi_reports/reports_01.json	2fbd9572ca5335eb7589fadb4de0ad66f3c82bd9cf7bea089e731a7f6751150a
AimBeta_final_v1_20261002	include	passed_source_identity_taxonomy_QC	research_catalog	GCA_057801255.1	NA	BA00000062	ISOLATE_SAMN53542901	SAMN53542901	PRJNA1372458	unknown	Blood (Culture)	Homo sapiens	Hong Kong	unknown	unknown	unknown	none	false	catalog inclusion does not establish donor independence or comparable CRC/control design; published blood series only scoped exploration	cultured_isolate_supported	named strain in clinical/host-associated isolate submission; Blood (Culture)	https://www.ncbi.nlm.nih.gov/biosample/SAMN53542901	Traceable named isolate submission; source reviewed; no unresolved collision within frozen input; independent donor not inferred	ISOLATE_SAMN53542901	SEQ_04dc7a03b63fd0ce	04dc7a03b63fd0ce904a4721108720eeb41ddf961c4dd129640911c6f81df580	Bacteroides fragilis	Bacteroides fragilis	817	Bacteroides fragilis (division I)	Bf_divI	accepted	GCA_000025985.1	98.92	84.54	85.8	11.21	skani 0.3.2 --medium; ANI>=95%, both AF>=65%; Bf divisions separate; anomalous Pm independently checked with bidirectional fastANI	fdeb8d7a108620392c36af15a1ee217210c8ba681638aa6865dca3d6eba5f3fd	../../remote/taxonomy/ani_to_refs.tsv	CheckM2 1.1.0	CheckM2 1.1.0; uniref100.KO.1.dmnd; sha256:1b86ef3eac0813c1853f53182c17657045e3763d66f384ec95747261a63ae46f	99.94	2.34	core_90_5	1	5319915	5319915	0	Complete Genome	no_general_contig_count_exclusion; local_element_absence_requires_separate_assessment	/srv/CRC-PHIRE/projects/crc-pipeline/results/aimbeta_panel_freeze_20261002/final_genomes/GCA_057801255.1.fna	/srv/CRC-PHIRE/scratch/crc-phage/aimbeta_panel_freeze_20261002/fasta/GCA_057801255.1.fna	51f720afe5671fdc4288fd676d430a738e65c154191a7c6d72ffb632e29c6aec	NCBI_Datasets_download	official_accession_version_and_BioSample_and_sequence_total_length_match	true	NA	2026-10-02	fd7cd683b937cce7290d478a2198e3b104d136176bcf9aef7df7d99028de5751	GCA_057801255.1	remote/ncbi_reports/reports_03.json	8a5753bfcfcca71504fa1eb5612a7cdac1a8b9c740b317c90304e5861d8b3dfb
AimBeta_final_v1_20261002	include	passed_source_identity_taxonomy_QC	research_catalog	GCA_057801175.1	NA	BA00000068	ISOLATE_SAMN53542906	SAMN53542906	PRJNA1372458	unknown	Wound swab, Pus	Homo sapiens	Hong Kong	unknown	unknown	unknown	none	false	catalog inclusion does not establish donor independence or comparable CRC/control design; published blood series only scoped exploration	cultured_isolate_supported	named strain in clinical/host-associated isolate submission; Wound swab, Pus	https://www.ncbi.nlm.nih.gov/biosample/SAMN53542906	Traceable named isolate submission; source reviewed; no unresolved collision within frozen input; independent donor not inferred	ISOLATE_SAMN53542906	SEQ_4d31fc015b0d04f9	4d31fc015b0d04f92e4b147ed427870f59cbf94f725247d9f6595f45a9d3c00e	Bacteroides fragilis	Bacteroides fragilis	817	Bacteroides fragilis (division I)	Bf_divI	accepted	GCA_000025985.1	98.97	85.77	87.11	11.35	skani 0.3.2 --medium; ANI>=95%, both AF>=65%; Bf divisions separate; anomalous Pm independently checked with bidirectional fastANI	fdeb8d7a108620392c36af15a1ee217210c8ba681638aa6865dca3d6eba5f3fd	../../remote/taxonomy/ani_to_refs.tsv	CheckM2 1.1.0	CheckM2 1.1.0; uniref100.KO.1.dmnd; sha256:1b86ef3eac0813c1853f53182c17657045e3763d66f384ec95747261a63ae46f	99.97	2.82	core_90_5	1	5323992	5323992	0	Complete Genome	no_general_contig_count_exclusion; local_element_absence_requires_separate_assessment	/srv/CRC-PHIRE/projects/crc-pipeline/results/aimbeta_panel_freeze_20261002/final_genomes/GCA_057801175.1.fna	/srv/CRC-PHIRE/scratch/crc-phage/aimbeta_panel_freeze_20261002/fasta/GCA_057801175.1.fna	4491fbddb8ef5a77aacb1a310ba9cfb45fa5b140969ed60df80807e9fe4254c7	NCBI_Datasets_download	official_accession_version_and_BioSample_and_sequence_total_length_match	true	NA	2026-10-02	fd7cd683b937cce7290d478a2198e3b104d136176bcf9aef7df7d99028de5751	GCA_057801175.1	remote/ncbi_reports/reports_03.json	8a5753bfcfcca71504fa1eb5612a7cdac1a8b9c740b317c90304e5861d8b3dfb
AimBeta_final_v1_20261002	include	passed_source_identity_taxonomy_QC	research_catalog	GCA_057799855.1	NA	BA00000438	ISOLATE_SAMN53542977	SAMN53542977	PRJNA1372458	unknown	Blood (Culture)	Homo sapiens	Hong Kong	unknown	unknown	unknown	none	false	catalog inclusion does not establish donor independence or comparable CRC/control design; published blood series only scoped exploration	cultured_isolate_supported	named strain in clinical/host-associated isolate submission; Blood (Culture)	https://www.ncbi.nlm.nih.gov/biosample/SAMN53542977	Traceable named isolate submission; source reviewed; no unresolved collision within frozen input; independent donor not inferred	ISOLATE_SAMN53542977	SEQ_b168ed3aa29c0b41	b168ed3aa29c0b4156a26599f4dbf5e1f1175c006882d73fe4bdb278b24445a2	Bacteroides fragilis	Bacteroides fragilis	817	Bacteroides fragilis (division I)	Bf_divI	accepted	GCA_000025985.1	98.97	84.09	85.99	11.04	skani 0.3.2 --medium; ANI>=95%, both AF>=65%; Bf divisions separate; anomalous Pm independently checked with bidirectional fastANI	fdeb8d7a108620392c36af15a1ee217210c8ba681638aa6865dca3d6eba5f3fd	../../remote/taxonomy/ani_to_refs.tsv	CheckM2 1.1.0	CheckM2 1.1.0; uniref100.KO.1.dmnd; sha256:1b86ef3eac0813c1853f53182c17657045e3763d66f384ec95747261a63ae46f	99.99	3.04	core_90_5	1	5360389	5360389	0	Complete Genome	no_general_contig_count_exclusion; local_element_absence_requires_separate_assessment	/srv/CRC-PHIRE/projects/crc-pipeline/results/aimbeta_panel_freeze_20261002/final_genomes/GCA_057799855.1.fna	/srv/CRC-PHIRE/scratch/crc-phage/aimbeta_panel_freeze_20261002/fasta/GCA_057799855.1.fna	b4c6d859f22c932199679b60f7fd75a7fcf72c34d8fe7d45bc272d3d8fc5e753	NCBI_Datasets_download	official_accession_version_and_BioSample_and_sequence_total_length_match	true	NA	2026-10-02	fd7cd683b937cce7290d478a2198e3b104d136176bcf9aef7df7d99028de5751	GCA_057799855.1	remote/ncbi_reports/reports_03.json	8a5753bfcfcca71504fa1eb5612a7cdac1a8b9c740b317c90304e5861d8b3dfb
AimBeta_final_v1_20261002	include	passed_source_identity_taxonomy_QC	research_catalog	GCA_057797795.1	NA	BA00000475	ISOLATE_SAMN53543014	SAMN53543014	PRJNA1372458	unknown	Wound swab	Homo sapiens	Hong Kong	unknown	unknown	unknown	none	false	catalog inclusion does not establish donor independence or comparable CRC/control design; published blood series only scoped exploration	cultured_isolate_supported	named strain in clinical/host-associated isolate submission; Wound swab	https://www.ncbi.nlm.nih.gov/biosample/SAMN53543014	Traceable named isolate submission; source reviewed; no unresolved collision within frozen input; independent donor not inferred	ISOLATE_SAMN53543014	SEQ_4e1b108e75b95ec4	4e1b108e75b95ec4d7db4530292dff0aed807c4e323652e49b2c34e712f6a5b4	Bacteroides fragilis	Bacteroides fragilis	817	Bacteroides fragilis (division I)	Bf_divI	accepted	GCA_000025985.1	99.13	91.16	92.1	11.57	skani 0.3.2 --medium; ANI>=95%, both AF>=65%; Bf divisions separate; anomalous Pm independently checked with bidirectional fastANI	fdeb8d7a108620392c36af15a1ee217210c8ba681638aa6865dca3d6eba5f3fd	../../remote/taxonomy/ani_to_refs.tsv	CheckM2 1.1.0	CheckM2 1.1.0; uniref100.KO.1.dmnd; sha256:1b86ef3eac0813c1853f53182c17657045e3763d66f384ec95747261a63ae46f	99.96	0.73	strict_95_2	1	5295759	5295759	0	Complete Genome	no_general_contig_count_exclusion; local_element_absence_requires_separate_assessment	/srv/CRC-PHIRE/projects/crc-pipeline/results/aimbeta_panel_freeze_20261002/final_genomes/GCA_057797795.1.fna	/srv/CRC-PHIRE/scratch/crc-phage/aimbeta_panel_freeze_20261002/fasta/GCA_057797795.1.fna	85696019b23cc48d6a1d5be07b0ee87153bb9462373a134bc737bb20fcece06a	NCBI_Datasets_download	official_accession_version_and_BioSample_and_sequence_total_length_match	true	NA	2026-10-02	fd7cd683b937cce7290d478a2198e3b104d136176bcf9aef7df7d99028de5751	GCA_057797795.1	remote/ncbi_reports/reports_03.json	8a5753bfcfcca71504fa1eb5612a7cdac1a8b9c740b317c90304e5861d8b3dfb
AimBeta_final_v1_20261002	include	passed_source_identity_taxonomy_QC	research_catalog	GCA_057797675.1	NA	BA00000771	ISOLATE_SAMN53543020	SAMN53543020	PRJNA1372458	unknown	Pus aspirate	Homo sapiens	Hong Kong	unknown	unknown	unknown	none	false	catalog inclusion does not establish donor independence or comparable CRC/control design; published blood series only scoped exploration	cultured_isolate_supported	named strain in clinical/host-associated isolate submission; Pus aspirate	https://www.ncbi.nlm.nih.gov/biosample/SAMN53543020	Traceable named isolate submission; source reviewed; no unresolved collision within frozen input; independent donor not inferred	ISOLATE_SAMN53543020	SEQ_d164d59fb886de6f	d164d59fb886de6f1502d8ce5655f5dfc67c285fc4759a7d81b68d8d5cb6a367	Bacteroides fragilis	Bacteroides fragilis	817	Bacteroides fragilis (division I)	Bf_divI	accepted	GCA_000025985.1	98.92	82.96	86.82	10.93	skani 0.3.2 --medium; ANI>=95%, both AF>=65%; Bf divisions separate; anomalous Pm independently checked with bidirectional fastANI	fdeb8d7a108620392c36af15a1ee217210c8ba681638aa6865dca3d6eba5f3fd	../../remote/taxonomy/ani_to_refs.tsv	CheckM2 1.1.0	CheckM2 1.1.0; uniref100.KO.1.dmnd; sha256:1b86ef3eac0813c1853f53182c17657045e3763d66f384ec95747261a63ae46f	100.0	1.52	strict_95_2	1	5485632	5485632	0	Complete Genome	no_general_contig_count_exclusion; local_element_absence_requires_separate_assessment	/srv/CRC-PHIRE/projects/crc-pipeline/results/aimbeta_panel_freeze_20261002/final_genomes/GCA_057797675.1.fna	/srv/CRC-PHIRE/scratch/crc-phage/aimbeta_panel_freeze_20261002/fasta/GCA_057797675.1.fna	a7199e2f7899e997dbeaef2d81d3be24ff0ed4a6d2d643b2b9b027197e4451f7	NCBI_Datasets_download	official_accession_version_and_BioSample_and_sequence_total_length_match	true	NA	2026-10-02	fd7cd683b937cce7290d478a2198e3b104d136176bcf9aef7df7d99028de5751	GCA_057797675.1	remote/ncbi_reports/reports_03.json	8a5753bfcfcca71504fa1eb5612a7cdac1a8b9c740b317c90304e5861d8b3dfb
AimBeta_final_v1_20261002	include	passed_source_identity_taxonomy_QC	research_catalog	GCA_057796905.1	NA	BA00001145	ISOLATE_SAMN53543063	SAMN53543063	PRJNA1372458	unknown	Blood (Culture)	Homo sapiens	Hong Kong	unknown	unknown	unknown	none	false	catalog inclusion does not establish donor independence or comparable CRC/control design; published blood series only scoped exploration	cultured_isolate_supported	named strain in clinical/host-associated isolate submission; Blood (Culture)	https://www.ncbi.nlm.nih.gov/biosample/SAMN53543063	Traceable named isolate submission; source reviewed; no unresolved collision within frozen input; independent donor not inferred	ISOLATE_SAMN53543063	SEQ_d73191058a7f6819	d73191058a7f6819c89f59c942b89a5506ac8675df2a25cc82a1af09322e757f	Bacteroides fragilis	Bacteroides fragilis	817	Bacteroides fragilis (division I)	Bf_divI	accepted	GCA_000025985.1	98.92	84.74	85.82	11.18	skani 0.3.2 --medium; ANI>=95%, both AF>=65%; Bf divisions separate; anomalous Pm independently checked with bidirectional fastANI	fdeb8d7a108620392c36af15a1ee217210c8ba681638aa6865dca3d6eba5f3fd	../../remote/taxonomy/ani_to_refs.tsv	CheckM2 1.1.0	CheckM2 1.1.0; uniref100.KO.1.dmnd; sha256:1b86ef3eac0813c1853f53182c17657045e3763d66f384ec95747261a63ae46f	99.97	1.5	strict_95_2	1	5308633	5308633	0	Complete Genome	no_general_contig_count_exclusion; local_element_absence_requires_separate_assessment	/srv/CRC-PHIRE/projects/crc-pipeline/results/aimbeta_panel_freeze_20261002/final_genomes/GCA_057796905.1.fna	/srv/CRC-PHIRE/scratch/crc-phage/aimbeta_panel_freeze_20261002/fasta/GCA_057796905.1.fna	b62ee0d871c31742acb5870f401a61036eb64c70d51de2110ea4213dfcf3e1a4	NCBI_Datasets_download	official_accession_version_and_BioSample_and_sequence_total_length_match	true	NA	2026-10-02	fd7cd683b937cce7290d478a2198e3b104d136176bcf9aef7df7d99028de5751	GCA_057796905.1	remote/ncbi_reports/reports_03.json	8a5753bfcfcca71504fa1eb5612a7cdac1a8b9c740b317c90304e5861d8b3dfb
AimBeta_final_v1_20261002	include	passed_source_identity_taxonomy_QC	research_catalog	GCF_001286525.1	GCA_001286525.1	BE1	ISOLATE_SAMEA3501569	SAMEA3501569	PRJEB10044	unknown	unknown	unknown	unknown	unknown	unknown	unknown	none	false	catalog inclusion does not establish donor independence or comparable CRC/control design; published blood series only scoped exploration	cultured_isolate_supported	BE1 cultured clinical isolate genome paper	https://www.ncbi.nlm.nih.gov/biosample/SAMEA3501569;https://pmc.ncbi.nlm.nih.gov/articles/PMC4670535/	Traceable named isolate submission; source reviewed; no unresolved collision within frozen input; independent donor not inferred	ISOLATE_SAMEA3501569	SEQ_b4ee34d9ae6b1c0d	b4ee34d9ae6b1c0d6a9d1b00108b37598876bae189460324117c3e9e54111f06	Bacteroides fragilis	Bacteroides fragilis	817	Bacteroides fragilis (division I)	Bf_divI	accepted	GCA_000025985.1	99.08	86.72	85.85	11.23	skani 0.3.2 --medium; ANI>=95%, both AF>=65%; Bf divisions separate; anomalous Pm independently checked with bidirectional fastANI	fdeb8d7a108620392c36af15a1ee217210c8ba681638aa6865dca3d6eba5f3fd	../../remote/taxonomy/ani_to_refs.tsv	CheckM2 1.1.0	CheckM2 1.1.0; uniref100.KO.1.dmnd; sha256:1b86ef3eac0813c1853f53182c17657045e3763d66f384ec95747261a63ae46f	99.99	1.83	strict_95_2	1	5188967	5188967	0	Complete Genome	no_general_contig_count_exclusion; local_element_absence_requires_separate_assessment	/srv/CRC-PHIRE/projects/crc-pipeline/results/aimbeta_panel_freeze_20261002/final_genomes/GCF_001286525.1.fna	/srv/CRC-PHIRE/scratch/crc-phage/aimbeta_panel_freeze_20261002/fasta/GCF_001286525.1.fna	196c983a331141de9e681c33c0b4c89fcc3269f78d9c2a30515f4d04bc974f5a	NCBI_Datasets_download	official_accession_version_and_BioSample_and_sequence_total_length_match	true	NA	2026-10-02	fd7cd683b937cce7290d478a2198e3b104d136176bcf9aef7df7d99028de5751	GCF_001286525.1	remote/ncbi_reports/reports_00.json	05c17e1b1cc99e6a5e7dce62a6ced77c3038349e01753da67a0262b914c787a0
AimBeta_final_v1_20261002	include	passed_source_identity_taxonomy_QC	research_catalog;high_fragmentation_context	GCA_051912815.1	NA	BF36	ISOLATE_SAMN47585696	SAMN47585696	PRJNA1242316	unknown	unknown	Homo sapiens	Italy	unknown	unknown	unknown	none	false	catalog inclusion does not establish donor independence or comparable CRC/control design; published blood series only scoped exploration	cultured_isolate_supported	named strain in clinical/host-associated isolate submission; not collected | BioProject=Insight into the recent situation of metronidazole resistance and nim gene-positivity among Bacteroides fragilis group isolates from Germany, Hungary, Italy and Slovenia | 	https://www.ncbi.nlm.nih.gov/biosample/SAMN47585696;https://www.ncbi.nlm.nih.gov/bioproject/PRJNA1242316	Traceable named isolate submission; source reviewed; no unresolved collision within frozen input; independent donor not inferred	ISOLATE_SAMN47585696	SEQ_7f55cd6e4c948dc9	7f55cd6e4c948dc91c3f864b3d9facc12d2ca998ab21340edf9e6bf5507cde60	Bacteroides fragilis	Bacteroides fragilis	817	Bacteroides fragilis (division I)	Bf_divI	accepted	GCA_000025985.1	99.33	80.34	70.1	8.17	skani 0.3.2 --medium; ANI>=95%, both AF>=65%; Bf divisions separate; anomalous Pm independently checked with bidirectional fastANI	fdeb8d7a108620392c36af15a1ee217210c8ba681638aa6865dca3d6eba5f3fd	../../remote/taxonomy/ani_to_refs.tsv	CheckM2 1.1.0	CheckM2 1.1.0; uniref100.KO.1.dmnd; sha256:1b86ef3eac0813c1853f53182c17657045e3763d66f384ec95747261a63ae46f	99.94	1.09	strict_95_2	4460	1341	4900722	31	Scaffold	N50<10000_local_absence_unreliable	/srv/CRC-PHIRE/projects/crc-pipeline/results/aimbeta_panel_freeze_20261002/final_genomes/GCA_051912815.1.fna	/srv/CRC-PHIRE/scratch/crc-phage/aimbeta_panel_freeze_20261002/fasta/GCA_051912815.1.fna	883bebf7264b2753c7361ec03506f55575b8169cc648b50cdb0bdecb4589f997	NCBI_Datasets_download	official_accession_version_and_BioSample_and_sequence_total_length_match	true	NA	2026-10-02	fd7cd683b937cce7290d478a2198e3b104d136176bcf9aef7df7d99028de5751	GCA_051912815.1	remote/ncbi_reports/reports_03.json	8a5753bfcfcca71504fa1eb5612a7cdac1a8b9c740b317c90304e5861d8b3dfb
AimBeta_final_v1_20261002	include	passed_source_identity_taxonomy_QC	research_catalog	GCF_059072215.1	GCA_059072215.1	BFAC	ISOLATE_SAMN61043889	SAMN61043889	PRJNA1480875	unknown	feces	Homo sapiens	China	unknown	unknown	unknown	none	false	catalog inclusion does not establish donor independence or comparable CRC/control design; published blood series only scoped exploration	cultured_isolate_supported	NCBI MIGS cultured bacteria package=MIGS.ba.human-gut.6.0 | BioProject=Genomes of cultured gut bacteria P. goldsteinii BBNK and B. fragilis BFAC with biotin-producing ability | 	https://www.ncbi.nlm.nih.gov/biosample/SAMN61043889;https://www.ncbi.nlm.nih.gov/bioproject/PRJNA1480875	Traceable named isolate submission; source reviewed; no unresolved collision within frozen input; independent donor not inferred	ISOLATE_SAMN61043889	SEQ_9eeb429dc850d212	9eeb429dc850d2121cc199befcefdd8ddb88c02f0fe12ce93588c5582dbf5efd	Bacteroides fragilis	Bacteroides fragilis	817	Bacteroides fragilis (division I)	Bf_divI	accepted	GCA_000025985.1	99.09	90.1	86.14	11.6	skani 0.3.2 --medium; ANI>=95%, both AF>=65%; Bf divisions separate; anomalous Pm independently checked with bidirectional fastANI	fdeb8d7a108620392c36af15a1ee217210c8ba681638aa6865dca3d6eba5f3fd	../../remote/taxonomy/ani_to_refs.tsv	CheckM2 1.1.0	CheckM2 1.1.0; uniref100.KO.1.dmnd; sha256:1b86ef3eac0813c1853f53182c17657045e3763d66f384ec95747261a63ae46f	99.95	0.4	strict_95_2	36	208012	5011269	0	Contig	no_general_contig_count_exclusion; local_element_absence_requires_separate_assessment	/srv/CRC-PHIRE/projects/crc-pipeline/results/aimbeta_panel_freeze_20261002/final_genomes/GCF_059072215.1.fna	/srv/CRC-PHIRE/scratch/crc-phage/aimbeta_panel_freeze_20261002/fasta/GCF_059072215.1.fna	d65fe42bb11d59f396b1d518a877dd70414a3cbc98380a83575be38f2b15f50b	NCBI_Datasets_download	official_accession_version_and_BioSample_and_sequence_total_length_match	true	NA	2026-10-02	fd7cd683b937cce7290d478a2198e3b104d136176bcf9aef7df7d99028de5751	GCF_059072215.1	remote/ncbi_reports/reports_03.json	8a5753bfcfcca71504fa1eb5612a7cdac1a8b9c740b317c90304e5861d8b3dfb
AimBeta_final_v1_20261002	include	passed_source_identity_taxonomy_QC	research_catalog	GCF_024759105.1	GCA_024759105.1	BFG-13	ISOLATE_SAMN30323184	SAMN30323184	PRJNA646575	unknown	unknown	Homo sapiens	USA: Bethesda	unknown	unknown	unknown	none	false	catalog inclusion does not establish donor independence or comparable CRC/control design; published blood series only scoped exploration	cultured_isolate_supported	BioSample sample_type=cell culture | BioProject=Genome Sequencing of Bacteroides fragilis Group Isolates | 	https://www.ncbi.nlm.nih.gov/biosample/SAMN30323184;https://www.ncbi.nlm.nih.gov/bioproject/PRJNA646575	Traceable named isolate submission; source reviewed; no unresolved collision within frozen input; independent donor not inferred	ISOLATE_SAMN30323184	SEQ_fbcff5792e8f3ef2	fbcff5792e8f3ef254552db2b05901a8098de674bba0279f0cec017d1f9fb5bf	Bacteroides fragilis	Bacteroides fragilis	817	Bacteroides fragilis (division I)	Bf_divI	accepted	GCA_000025985.1	99.02	84.06	86.26	11.46	skani 0.3.2 --medium; ANI>=95%, both AF>=65%; Bf divisions separate; anomalous Pm independently checked with bidirectional fastANI	fdeb8d7a108620392c36af15a1ee217210c8ba681638aa6865dca3d6eba5f3fd	../../remote/taxonomy/ani_to_refs.tsv	CheckM2 1.1.0	CheckM2 1.1.0; uniref100.KO.1.dmnd; sha256:1b86ef3eac0813c1853f53182c17657045e3763d66f384ec95747261a63ae46f	99.99	2.47	core_90_5	1	5379231	5379231	0	Complete Genome	no_general_contig_count_exclusion; local_element_absence_requires_separate_assessment	/srv/CRC-PHIRE/projects/crc-pipeline/results/aimbeta_panel_freeze_20261002/final_genomes/GCF_024759105.1.fna	/srv/CRC-PHIRE/scratch/crc-phage/aimbeta_panel_freeze_20261002/fasta/GCF_024759105.1.fna	298cad1187104337061cdf26fed5f8450ddee582c8f5b92c7934bb84a47a9213	NCBI_Datasets_download	official_accession_version_and_BioSample_and_sequence_total_length_match	true	NA	2026-10-02	fd7cd683b937cce7290d478a2198e3b104d136176bcf9aef7df7d99028de5751	GCF_024759105.1	remote/ncbi_reports/reports_02.json	95dddad9678ccbaed8d1699a14393959bd15e49149cbbd558371d67d6179ce62
AimBeta_final_v1_20261002	include	passed_source_identity_taxonomy_QC	research_catalog	GCF_024759005.1	GCA_024759005.1	BFG-17	ISOLATE_SAMN30323213	SAMN30323213	PRJNA646575	unknown	unknown	Homo sapiens	USA: Bethesda	unknown	unknown	unknown	none	false	catalog inclusion does not establish donor independence or comparable CRC/control design; published blood series only scoped exploration	cultured_isolate_supported	BioSample sample_type=cell culture | BioProject=Genome Sequencing of Bacteroides fragilis Group Isolates | 	https://www.ncbi.nlm.nih.gov/biosample/SAMN30323213;https://www.ncbi.nlm.nih.gov/bioproject/PRJNA646575	Traceable named isolate submission; source reviewed; no unresolved collision within frozen input; independent donor not inferred	ISOLATE_SAMN30323213	SEQ_dc20ce13229a6544	dc20ce13229a6544c6fcf237d2e52429db1cab782e708e29d6cdc2725d4748be	Bacteroides fragilis	Bacteroides fragilis	817	Bacteroides fragilis (division I)	Bf_divI	accepted	GCA_000025985.1	98.97	85.22	87.82	11.22	skani 0.3.2 --medium; ANI>=95%, both AF>=65%; Bf divisions separate; anomalous Pm independently checked with bidirectional fastANI	fdeb8d7a108620392c36af15a1ee217210c8ba681638aa6865dca3d6eba5f3fd	../../remote/taxonomy/ani_to_refs.tsv	CheckM2 1.1.0	CheckM2 1.1.0; uniref100.KO.1.dmnd; sha256:1b86ef3eac0813c1853f53182c17657045e3763d66f384ec95747261a63ae46f	99.97	0.4	strict_95_2	1	5401651	5401651	0	Complete Genome	no_general_contig_count_exclusion; local_element_absence_requires_separate_assessment	/srv/CRC-PHIRE/projects/crc-pipeline/results/aimbeta_panel_freeze_20261002/final_genomes/GCF_024759005.1.fna	/srv/CRC-PHIRE/scratch/crc-phage/aimbeta_panel_freeze_20261002/fasta/GCF_024759005.1.fna	7cd438db13b9c491a04dbb1458de375a495de8380e2fa2cac5bd4ca8516b4ef8	NCBI_Datasets_download	official_accession_version_and_BioSample_and_sequence_total_length_match	true	NA	2026-10-02	fd7cd683b937cce7290d478a2198e3b104d136176bcf9aef7df7d99028de5751	GCF_024759005.1	remote/ncbi_reports/reports_02.json	95dddad9678ccbaed8d1699a14393959bd15e49149cbbd558371d67d6179ce62
AimBeta_final_v1_20261002	include	passed_source_identity_taxonomy_QC	research_catalog	GCF_024758305.1	GCA_024758305.1	BFG-18	ISOLATE_SAMN30323220	SAMN30323220	PRJNA646575	unknown	unknown	Homo sapiens	USA: Bethesda	unknown	unknown	unknown	none	false	catalog inclusion does not establish donor independence or comparable CRC/control design; published blood series only scoped exploration	cultured_isolate_supported	BioSample sample_type=cell culture | BioProject=Genome Sequencing of Bacteroides fragilis Group Isolates | 	https://www.ncbi.nlm.nih.gov/biosample/SAMN30323220;https://www.ncbi.nlm.nih.gov/bioproject/PRJNA646575	Traceable named isolate submission; source reviewed; no unresolved collision within frozen input; independent donor not inferred	ISOLATE_SAMN30323220	SEQ_567c6b55f7fbed26	567c6b55f7fbed26a785eb3eb352aed3c4939b60f7bc746cb468b9d30c299160	Bacteroides fragilis	Bacteroides fragilis	817	Bacteroides fragilis (division I)	Bf_divI	accepted	GCA_000025985.1	98.97	84.59	87.83	11.23	skani 0.3.2 --medium; ANI>=95%, both AF>=65%; Bf divisions separate; anomalous Pm independently checked with bidirectional fastANI	fdeb8d7a108620392c36af15a1ee217210c8ba681638aa6865dca3d6eba5f3fd	../../remote/taxonomy/ani_to_refs.tsv	CheckM2 1.1.0	CheckM2 1.1.0; uniref100.KO.1.dmnd; sha256:1b86ef3eac0813c1853f53182c17657045e3763d66f384ec95747261a63ae46f	99.97	0.41	strict_95_2	1	5442406	5442406	0	Complete Genome	no_general_contig_count_exclusion; local_element_absence_requires_separate_assessment	/srv/CRC-PHIRE/projects/crc-pipeline/results/aimbeta_panel_freeze_20261002/final_genomes/GCF_024758305.1.fna	/srv/CRC-PHIRE/scratch/crc-phage/aimbeta_panel_freeze_20261002/fasta/GCF_024758305.1.fna	28cd3ec2af55cb9893e5fe917149855b62e7d362f66e4e39065b30a1347a80e2	NCBI_Datasets_download	official_accession_version_and_BioSample_and_sequence_total_length_match	true	NA	2026-10-02	fd7cd683b937cce7290d478a2198e3b104d136176bcf9aef7df7d99028de5751	GCF_024758305.1	remote/ncbi_reports/reports_02.json	95dddad9678ccbaed8d1699a14393959bd15e49149cbbd558371d67d6179ce62
AimBeta_final_v1_20261002	include	passed_source_identity_taxonomy_QC	research_catalog	GCF_024758185.1	GCA_024758185.1	BFG-49	ISOLATE_SAMN30323402	SAMN30323402	PRJNA646575	unknown	unknown	Homo sapiens	USA: Bethesda	unknown	unknown	unknown	none	false	catalog inclusion does not establish donor independence or comparable CRC/control design; published blood series only scoped exploration	cultured_isolate_supported	BioSample sample_type=cell culture | BioProject=Genome Sequencing of Bacteroides fragilis Group Isolates | 	https://www.ncbi.nlm.nih.gov/biosample/SAMN30323402;https://www.ncbi.nlm.nih.gov/bioproject/PRJNA646575	Traceable named isolate submission; source reviewed; no unresolved collision within frozen input; independent donor not inferred	ISOLATE_SAMN30323402	SEQ_8bfdea8ba83e391a	8bfdea8ba83e391ae2a8e4790f92058618e6dcbe01316cec6a20db94d89bbd1f	Bacteroides fragilis	Bacteroides fragilis	817	Bacteroides fragilis (division I)	Bf_divI	accepted	GCA_000025985.1	98.81	81.81	84.29	11.06	skani 0.3.2 --medium; ANI>=95%, both AF>=65%; Bf divisions separate; anomalous Pm independently checked with bidirectional fastANI	fdeb8d7a108620392c36af15a1ee217210c8ba681638aa6865dca3d6eba5f3fd	../../remote/taxonomy/ani_to_refs.tsv	CheckM2 1.1.0	CheckM2 1.1.0; uniref100.KO.1.dmnd; sha256:1b86ef3eac0813c1853f53182c17657045e3763d66f384ec95747261a63ae46f	99.99	0.61	strict_95_2	1	5400922	5400922	0	Complete Genome	no_general_contig_count_exclusion; local_element_absence_requires_separate_assessment	/srv/CRC-PHIRE/projects/crc-pipeline/results/aimbeta_panel_freeze_20261002/final_genomes/GCF_024758185.1.fna	/srv/CRC-PHIRE/scratch/crc-phage/aimbeta_panel_freeze_20261002/fasta/GCF_024758185.1.fna	88b7ea1bb15a7521e2ffbf9caf378c28dfaa850ed2af8ce57660b304d0473003	NCBI_Datasets_download	official_accession_version_and_BioSample_and_sequence_total_length_match	true	NA	2026-10-02	fd7cd683b937cce7290d478a2198e3b104d136176bcf9aef7df7d99028de5751	GCF_024758185.1	remote/ncbi_reports/reports_02.json	95dddad9678ccbaed8d1699a14393959bd15e49149cbbd558371d67d6179ce62
AimBeta_final_v1_20261002	include	passed_source_identity_taxonomy_QC	research_catalog	GCF_024758845.1	GCA_024758845.1	BFG-85	ISOLATE_SAMN30323523	SAMN30323523	PRJNA646575	unknown	unknown	Homo sapiens	USA: Bethesda	unknown	unknown	unknown	none	false	catalog inclusion does not establish donor independence or comparable CRC/control design; published blood series only scoped exploration	cultured_isolate_supported	BioSample sample_type=cell culture | BioProject=Genome Sequencing of Bacteroides fragilis Group Isolates | 	https://www.ncbi.nlm.nih.gov/biosample/SAMN30323523;https://www.ncbi.nlm.nih.gov/bioproject/PRJNA646575	Traceable named isolate submission; source reviewed; no unresolved collision within frozen input; independent donor not inferred	ISOLATE_SAMN30323523	SEQ_0b9277f413cdb236	0b9277f413cdb236e983e99b92b7588ee379a2971ce84b6f62c4b790aa259838	Bacteroides fragilis	Bacteroides fragilis	817	Bacteroides fragilis (division I)	Bf_divI	accepted	GCA_000025985.1	99.02	84.62	85.39	11.0	skani 0.3.2 --medium; ANI>=95%, both AF>=65%; Bf divisions separate; anomalous Pm independently checked with bidirectional fastANI	fdeb8d7a108620392c36af15a1ee217210c8ba681638aa6865dca3d6eba5f3fd	../../remote/taxonomy/ani_to_refs.tsv	CheckM2 1.1.0	CheckM2 1.1.0; uniref100.KO.1.dmnd; sha256:1b86ef3eac0813c1853f53182c17657045e3763d66f384ec95747261a63ae46f	99.61	0.95	strict_95_2	1	5289395	5289395	0	Complete Genome	no_general_contig_count_exclusion; local_element_absence_requires_separate_assessment	/srv/CRC-PHIRE/projects/crc-pipeline/results/aimbeta_panel_freeze_20261002/final_genomes/GCF_024758845.1.fna	/srv/CRC-PHIRE/scratch/crc-phage/aimbeta_panel_freeze_20261002/fasta/GCF_024758845.1.fna	d93736002c9cb85f2f1e4e958a580294e0dea105749274cb3259960ce40bdb47	NCBI_Datasets_download	official_accession_version_and_BioSample_and_sequence_total_length_match	true	NA	2026-10-02	fd7cd683b937cce7290d478a2198e3b104d136176bcf9aef7df7d99028de5751	GCF_024758845.1	remote/ncbi_reports/reports_02.json	95dddad9678ccbaed8d1699a14393959bd15e49149cbbd558371d67d6179ce62
AimBeta_final_v1_20261002	include	passed_source_identity_taxonomy_QC	research_catalog	GCF_024759065.1	GCA_024759065.1	BFG-95	ISOLATE_SAMN30323526	SAMN30323526	PRJNA646575	unknown	unknown	Homo sapiens	USA: Bethesda	unknown	unknown	unknown	none	false	catalog inclusion does not establish donor independence or comparable CRC/control design; published blood series only scoped exploration	cultured_isolate_supported	BioSample sample_type=cell culture | BioProject=Genome Sequencing of Bacteroides fragilis Group Isolates | 	https://www.ncbi.nlm.nih.gov/biosample/SAMN30323526;https://www.ncbi.nlm.nih.gov/bioproject/PRJNA646575	Traceable named isolate submission; source reviewed; no unresolved collision within frozen input; independent donor not inferred	ISOLATE_SAMN30323526	SEQ_39dba828937f9270	39dba828937f9270165b9585ef3d79a654f6ba36a2ed22270e2dbe94c5a79161	Bacteroides fragilis	Bacteroides fragilis	817	Bacteroides fragilis (division I)	Bf_divI	accepted	GCA_000025985.1	99.02	85.96	87.29	11.24	skani 0.3.2 --medium; ANI>=95%, both AF>=65%; Bf divisions separate; anomalous Pm independently checked with bidirectional fastANI	fdeb8d7a108620392c36af15a1ee217210c8ba681638aa6865dca3d6eba5f3fd	../../remote/taxonomy/ani_to_refs.tsv	CheckM2 1.1.0	CheckM2 1.1.0; uniref100.KO.1.dmnd; sha256:1b86ef3eac0813c1853f53182c17657045e3763d66f384ec95747261a63ae46f	99.99	2.87	core_90_5	1	5322471	5322471	0	Complete Genome	no_general_contig_count_exclusion; local_element_absence_requires_separate_assessment	/srv/CRC-PHIRE/projects/crc-pipeline/results/aimbeta_panel_freeze_20261002/final_genomes/GCF_024759065.1.fna	/srv/CRC-PHIRE/scratch/crc-phage/aimbeta_panel_freeze_20261002/fasta/GCF_024759065.1.fna	edd9e55f53c897b45bd15378ec8e5a8187c2fd965d678fe74c2011f38dda80e6	NCBI_Datasets_download	official_accession_version_and_BioSample_and_sequence_total_length_match	true	NA	2026-10-02	fd7cd683b937cce7290d478a2198e3b104d136176bcf9aef7df7d99028de5751	GCF_024759065.1	remote/ncbi_reports/reports_02.json	95dddad9678ccbaed8d1699a14393959bd15e49149cbbd558371d67d6179ce62
AimBeta_final_v1_20261002	include	passed_source_identity_taxonomy_QC	research_catalog	GCF_004798515.1	GCA_004798515.1	BFR_KZ02	ISOLATE_SAMN11371867	SAMN11371867	PRJNA531645	unknown	purulent sample	Homo sapiens	Kazakhstan:Astana	unknown	unknown	unknown	none	false	catalog inclusion does not establish donor independence or comparable CRC/control design; published blood series only scoped exploration	cultured_isolate_supported	named strain in clinical/host-associated isolate submission; purulent sample | BioSample comment=Bacteroides fragilis isolated from intraabdominal infections (human). Barcode_09	https://www.ncbi.nlm.nih.gov/biosample/SAMN11371867;https://www.ncbi.nlm.nih.gov/bioproject/PRJNA531645	Traceable named isolate submission; source reviewed; no unresolved collision within frozen input; independent donor not inferred	ISOLATE_SAMN11371867	SEQ_2e86c955a9ffb578	2e86c955a9ffb5787701cba57eabd763c55d9e97a6f6ee070cae5306ee49a512	Bacteroides fragilis	Bacteroides fragilis	817	Bacteroides fragilis (division I)	Bf_divI	accepted	GCA_000025985.1	99.02	86.31	84.56	11.42	skani 0.3.2 --medium; ANI>=95%, both AF>=65%; Bf divisions separate; anomalous Pm independently checked with bidirectional fastANI	fdeb8d7a108620392c36af15a1ee217210c8ba681638aa6865dca3d6eba5f3fd	../../remote/taxonomy/ani_to_refs.tsv	CheckM2 1.1.0	CheckM2 1.1.0; uniref100.KO.1.dmnd; sha256:1b86ef3eac0813c1853f53182c17657045e3763d66f384ec95747261a63ae46f	99.92	2.75	core_90_5	89	254934	5148042	0	Contig	no_general_contig_count_exclusion; local_element_absence_requires_separate_assessment	/srv/CRC-PHIRE/projects/crc-pipeline/results/aimbeta_panel_freeze_20261002/final_genomes/GCF_004798515.1.fna	/srv/CRC-PHIRE/scratch/crc-phage/aimbeta_panel_freeze_20261002/fasta/GCF_004798515.1.fna	675f2210c32cedfed7963c53f01076d5e0ad138ffd93ddd97dec95c431f75942	NCBI_Datasets_download	official_accession_version_and_BioSample_and_sequence_total_length_match	true	NA	2026-10-02	fd7cd683b937cce7290d478a2198e3b104d136176bcf9aef7df7d99028de5751	GCF_004798515.1	remote/ncbi_reports/reports_01.json	2fbd9572ca5335eb7589fadb4de0ad66f3c82bd9cf7bea089e731a7f6751150a
AimBeta_final_v1_20261002	include	passed_source_identity_taxonomy_QC	research_catalog	GCF_014042525.1	GCA_014042525.1	BFR_KZ07	ISOLATE_SAMN15648894	SAMN15648894	PRJNA648799	unknown	purulent sample	Homo sapiens	Kazakhstan: Nur-Sultan	unknown	unknown	unknown	none	false	catalog inclusion does not establish donor independence or comparable CRC/control design; published blood series only scoped exploration	cultured_isolate_supported	named strain in clinical/host-associated isolate submission; purulent sample | BioProject=Bacteroides  fragilis strains isolated  from patients of the Hospital in Nur-Sultan during 2018-2019 | 	https://www.ncbi.nlm.nih.gov/biosample/SAMN15648894;https://www.ncbi.nlm.nih.gov/bioproject/PRJNA648799	Traceable named isolate submission; source reviewed; no unresolved collision within frozen input; independent donor not inferred	ISOLATE_SAMN15648894	SEQ_2c23517102d5738f	2c23517102d5738f539bfbbfb7d4300d499dc3f6bb976ac0c7b7460fdd9a30d3	Bacteroides fragilis	Bacteroides fragilis	817	Bacteroides fragilis (division I)	Bf_divI	accepted	GCA_000025985.1	98.86	84.7	83.62	11.16	skani 0.3.2 --medium; ANI>=95%, both AF>=65%; Bf divisions separate; anomalous Pm independently checked with bidirectional fastANI	fdeb8d7a108620392c36af15a1ee217210c8ba681638aa6865dca3d6eba5f3fd	../../remote/taxonomy/ani_to_refs.tsv	CheckM2 1.1.0	CheckM2 1.1.0; uniref100.KO.1.dmnd; sha256:1b86ef3eac0813c1853f53182c17657045e3763d66f384ec95747261a63ae46f	99.94	0.34	strict_95_2	28	379532	5175039	90	Scaffold	no_general_contig_count_exclusion; local_element_absence_requires_separate_assessment	/srv/CRC-PHIRE/projects/crc-pipeline/results/aimbeta_panel_freeze_20261002/final_genomes/GCF_014042525.1.fna	/srv/CRC-PHIRE/scratch/crc-phage/aimbeta_panel_freeze_20261002/fasta/GCF_014042525.1.fna	80d937f4ec3771526fa481c8d1a321562934533aafa5f587f4e1feafd3c96dbb	NCBI_Datasets_download	official_accession_version_and_BioSample_and_sequence_total_length_match	true	NA	2026-10-02	fd7cd683b937cce7290d478a2198e3b104d136176bcf9aef7df7d99028de5751	GCF_014042525.1	remote/ncbi_reports/reports_01.json	2fbd9572ca5335eb7589fadb4de0ad66f3c82bd9cf7bea089e731a7f6751150a
AimBeta_final_v1_20261002	include	passed_source_identity_taxonomy_QC	research_catalog	GCF_026966705.1	GCA_026966705.1	BF_BC_ARH_DK_1964	ISOLATE_SAMN32123185	SAMN32123185	PRJNA910333	unknown	blood	Homo sapiens	Denmark	unknown	unknown	unknown	none	false	catalog inclusion does not establish donor independence or comparable CRC/control design; published blood series only scoped exploration	cultured_isolate_supported	BioProject=Bacteroides fragilis Genome sequencing and assembly | A collection of Bacteroides fragilis isolates collected from patients in danish hospitals from 1964-2021	https://www.ncbi.nlm.nih.gov/biosample/SAMN32123185;https://www.ncbi.nlm.nih.gov/bioproject/PRJNA910333	Traceable named isolate submission; source reviewed; no unresolved collision within frozen input; independent donor not inferred	ISOLATE_SAMN32123185	SEQ_6992643b0e278d58	6992643b0e278d585c560037ea82497d2451092b2ea86c3df7570c3b8e103526	Bacteroides fragilis	Bacteroides fragilis	817	Bacteroides fragilis (division I)	Bf_divI	accepted	GCA_000025985.1	98.97	89.34	87.54	11.16	skani 0.3.2 --medium; ANI>=95%, both AF>=65%; Bf divisions separate; anomalous Pm independently checked with bidirectional fastANI	fdeb8d7a108620392c36af15a1ee217210c8ba681638aa6865dca3d6eba5f3fd	../../remote/taxonomy/ani_to_refs.tsv	CheckM2 1.1.0	CheckM2 1.1.0; uniref100.KO.1.dmnd; sha256:1b86ef3eac0813c1853f53182c17657045e3763d66f384ec95747261a63ae46f	99.88	1.69	strict_95_2	20	644974	5138198	0	Contig	no_general_contig_count_exclusion; local_element_absence_requires_separate_assessment	/srv/CRC-PHIRE/projects/crc-pipeline/results/aimbeta_panel_freeze_20261002/final_genomes/GCF_026966705.1.fna	/srv/CRC-PHIRE/scratch/crc-phage/aimbeta_panel_freeze_20261002/fasta/GCF_026966705.1.fna	95268f413f99184a81fece336abe4d19f4d52ebcbabf52f4f65164ba5006d6ac	NCBI_Datasets_download	official_accession_version_and_BioSample_and_sequence_total_length_match	true	NA	2026-10-02	fd7cd683b937cce7290d478a2198e3b104d136176bcf9aef7df7d99028de5751	GCF_026966705.1	remote/ncbi_reports/reports_02.json	95dddad9678ccbaed8d1699a14393959bd15e49149cbbd558371d67d6179ce62
AimBeta_final_v1_20261002	include	passed_source_identity_taxonomy_QC	research_catalog_published_series_benchmark	GCF_026966575.1	GCA_026966575.1	BF_BC_ODE_DK_2011	ISOLATE_SAMN32123190	SAMN32123190	PRJNA910333	unknown	Blood	Homo sapiens	Denmark	unknown	CRC_colonoscopy_after_bacteraemia	https://www.nature.com/articles/s43856-026-01403-1#Sec17; WGS isolate metadata!A2:J2	blood_CRC_vs_blood_nonCRC_replication	false	catalog inclusion does not establish donor independence or comparable CRC/control design; published blood series only scoped exploration	cultured_isolate_supported	original isolate paper exact BioSample join | BioProject=Bacteroides fragilis Genome sequencing and assembly | A collection of Bacteroides fragilis isolates collected from patients in danish hospitals from 1964-2021	https://www.ncbi.nlm.nih.gov/biosample/SAMN32123190;https://www.nature.com/articles/s43856-026-01403-1#Sec17;https://www.ncbi.nlm.nih.gov/bioproject/PRJNA910333	Traceable named isolate submission; source reviewed; no unresolved collision within frozen input; independent donor not inferred	ISOLATE_SAMN32123190	SEQ_73cb83915b4092f0	73cb83915b4092f0f06d9d8204cc47e19cf354099a490d4aad7e4a46dac77a37	Bacteroides fragilis	Bacteroides fragilis	817	Bacteroides fragilis (division I)	Bf_divI	accepted	GCA_000025985.1	98.86	82.13	84.42	11.18	skani 0.3.2 --medium; ANI>=95%, both AF>=65%; Bf divisions separate; anomalous Pm independently checked with bidirectional fastANI	fdeb8d7a108620392c36af15a1ee217210c8ba681638aa6865dca3d6eba5f3fd	../../remote/taxonomy/ani_to_refs.tsv	CheckM2 1.1.0	CheckM2 1.1.0; uniref100.KO.1.dmnd; sha256:1b86ef3eac0813c1853f53182c17657045e3763d66f384ec95747261a63ae46f	99.99	2.02	core_90_5	55	232307	5392850	0	Contig	no_general_contig_count_exclusion; local_element_absence_requires_separate_assessment	/srv/CRC-PHIRE/projects/crc-pipeline/results/aimbeta_panel_freeze_20261002/final_genomes/GCF_026966575.1.fna	/srv/CRC-PHIRE/scratch/crc-phage/aimbeta_panel_freeze_20261002/fasta/GCF_026966575.1.fna	77ee5da97baad97a66b5ed44a8c82309deb4806b2d1cadffe37309b5e88ef278	exact_accession_cache	official_accession_version_and_BioSample_and_sequence_total_length_match	true	complete_available_published_series_for_replication_not_phage_positive_selection	2026-10-02	fd7cd683b937cce7290d478a2198e3b104d136176bcf9aef7df7d99028de5751	GCF_026966575.1	remote/ncbi_reports/reports_02.json	95dddad9678ccbaed8d1699a14393959bd15e49149cbbd558371d67d6179ce62
AimBeta_final_v1_20261002	include	passed_source_identity_taxonomy_QC	research_catalog_published_series_benchmark	GCF_054299335.1	GCA_054299335.1	BF_BC_ODE_DK_2012_66	ISOLATE_SAMN38111766	SAMN38111766	PRJNA1036030	unknown	Blood	Homo sapiens	Denmark	unknown	nonCRC_colonoscopy_after_bacteraemia	https://www.nature.com/articles/s43856-026-01403-1#Sec17; WGS isolate metadata!A27:J27	blood_CRC_vs_blood_nonCRC_replication	false	catalog inclusion does not establish donor independence or comparable CRC/control design; published blood series only scoped exploration	cultured_isolate_supported	original isolate paper exact BioSample join | BioSample sample_type=cell culture | BioProject=Bacteroides fragilis isolate collection | 	https://www.ncbi.nlm.nih.gov/biosample/SAMN38111766;https://www.nature.com/articles/s43856-026-01403-1#Sec17;https://www.ncbi.nlm.nih.gov/bioproject/PRJNA1036030	Traceable named isolate submission; source reviewed; no unresolved collision within frozen input; independent donor not inferred	ISOLATE_SAMN38111766	SEQ_e391a0580e749ac3	e391a0580e749ac37e89becc02f55d1ce856396dca8e0108567e541dd7b55761	Bacteroides fragilis	Bacteroides fragilis	817	Bacteroides fragilis (division I)	Bf_divI	accepted	GCA_000025985.1	98.9	85.08	86.01	11.45	skani 0.3.2 --medium; ANI>=95%, both AF>=65%; Bf divisions separate; anomalous Pm independently checked with bidirectional fastANI	fdeb8d7a108620392c36af15a1ee217210c8ba681638aa6865dca3d6eba5f3fd	../../remote/taxonomy/ani_to_refs.tsv	CheckM2 1.1.0	CheckM2 1.1.0; uniref100.KO.1.dmnd; sha256:1b86ef3eac0813c1853f53182c17657045e3763d66f384ec95747261a63ae46f	99.99	2.08	core_90_5	92	291624	5312034	0	Contig	no_general_contig_count_exclusion; local_element_absence_requires_separate_assessment	/srv/CRC-PHIRE/projects/crc-pipeline/results/aimbeta_panel_freeze_20261002/final_genomes/GCF_054299335.1.fna	/srv/CRC-PHIRE/scratch/crc-phage/aimbeta_panel_freeze_20261002/fasta/GCF_054299335.1.fna	396a6fcd373c83987d1bf04331bad2589b42d21395363bc61e7b2d3c5e042625	exact_accession_cache	official_accession_version_and_BioSample_and_sequence_total_length_match	true	complete_available_published_series_for_replication_not_phage_positive_selection	2026-10-02	fd7cd683b937cce7290d478a2198e3b104d136176bcf9aef7df7d99028de5751	GCF_054299335.1	remote/ncbi_reports/reports_03.json	8a5753bfcfcca71504fa1eb5612a7cdac1a8b9c740b317c90304e5861d8b3dfb
AimBeta_final_v1_20261002	include	passed_source_identity_taxonomy_QC	research_catalog_published_series_benchmark	GCF_054299105.1	GCA_054299105.1	BF_BC_ODE_DK_2012_67	ISOLATE_SAMN38111779	SAMN38111779	PRJNA1036030	unknown	Blood	Homo sapiens	Denmark	unknown	nonCRC_colonoscopy_after_bacteraemia	https://www.nature.com/articles/s43856-026-01403-1#Sec17; WGS isolate metadata!A44:J44	blood_CRC_vs_blood_nonCRC_replication	false	catalog inclusion does not establish donor independence or comparable CRC/control design; published blood series only scoped exploration	cultured_isolate_supported	original isolate paper exact BioSample join | BioSample sample_type=cell culture | BioProject=Bacteroides fragilis isolate collection | 	https://www.ncbi.nlm.nih.gov/biosample/SAMN38111779;https://www.nature.com/articles/s43856-026-01403-1#Sec17;https://www.ncbi.nlm.nih.gov/bioproject/PRJNA1036030	Traceable named isolate submission; source reviewed; no unresolved collision within frozen input; independent donor not inferred	ISOLATE_SAMN38111779	SEQ_f2adeca03a55092c	f2adeca03a55092c31a139694b4385981d2c992755dfa2c2097e30fc645c5864	Bacteroides fragilis	Bacteroides fragilis	817	Bacteroides fragilis (division I)	Bf_divI	accepted	GCA_000025985.1	98.97	89.27	87.63	11.17	skani 0.3.2 --medium; ANI>=95%, both AF>=65%; Bf divisions separate; anomalous Pm independently checked with bidirectional fastANI	fdeb8d7a108620392c36af15a1ee217210c8ba681638aa6865dca3d6eba5f3fd	../../remote/taxonomy/ani_to_refs.tsv	CheckM2 1.1.0	CheckM2 1.1.0; uniref100.KO.1.dmnd; sha256:1b86ef3eac0813c1853f53182c17657045e3763d66f384ec95747261a63ae46f	99.94	1.76	strict_95_2	42	565592	5149540	0	Contig	no_general_contig_count_exclusion; local_element_absence_requires_separate_assessment	/srv/CRC-PHIRE/projects/crc-pipeline/results/aimbeta_panel_freeze_20261002/final_genomes/GCF_054299105.1.fna	/srv/CRC-PHIRE/scratch/crc-phage/aimbeta_panel_freeze_20261002/fasta/GCF_054299105.1.fna	b5228284a4b8164532d9d8888b740713a4ea987af6498637d2c455a51230a876	exact_accession_cache	official_accession_version_and_BioSample_and_sequence_total_length_match	true	complete_available_published_series_for_replication_not_phage_positive_selection	2026-10-02	fd7cd683b937cce7290d478a2198e3b104d136176bcf9aef7df7d99028de5751	GCF_054299105.1	remote/ncbi_reports/reports_03.json	8a5753bfcfcca71504fa1eb5612a7cdac1a8b9c740b317c90304e5861d8b3dfb
AimBeta_final_v1_20261002	include	passed_source_identity_taxonomy_QC	research_catalog_published_series_benchmark	GCF_054299055.1	GCA_054299055.1	BF_BC_ODE_DK_2012_69	ISOLATE_SAMN38111780	SAMN38111780	PRJNA1036030	unknown	Blood	Homo sapiens	Denmark	unknown	nonCRC_colonoscopy_after_bacteraemia	https://www.nature.com/articles/s43856-026-01403-1#Sec17; WGS isolate metadata!A45:J45	blood_CRC_vs_blood_nonCRC_replication	false	catalog inclusion does not establish donor independence or comparable CRC/control design; published blood series only scoped exploration	cultured_isolate_supported	original isolate paper exact BioSample join | BioSample sample_type=cell culture | BioProject=Bacteroides fragilis isolate collection | 	https://www.ncbi.nlm.nih.gov/biosample/SAMN38111780;https://www.nature.com/articles/s43856-026-01403-1#Sec17;https://www.ncbi.nlm.nih.gov/bioproject/PRJNA1036030	Traceable named isolate submission; source reviewed; no unresolved collision within frozen input; independent donor not inferred	ISOLATE_SAMN38111780	SEQ_5876262d14517b04	5876262d14517b0406cafb4a31751af5a4593ecf276aac6ad5e11c68f4978dbc	Bacteroides fragilis	Bacteroides fragilis	817	Bacteroides fragilis (division I)	Bf_divI	accepted	GCA_000025985.1	98.86	82.63	86.65	10.82	skani 0.3.2 --medium; ANI>=95%, both AF>=65%; Bf divisions separate; anomalous Pm independently checked with bidirectional fastANI	fdeb8d7a108620392c36af15a1ee217210c8ba681638aa6865dca3d6eba5f3fd	../../remote/taxonomy/ani_to_refs.tsv	CheckM2 1.1.0	CheckM2 1.1.0; uniref100.KO.1.dmnd; sha256:1b86ef3eac0813c1853f53182c17657045e3763d66f384ec95747261a63ae46f	99.92	2.1	core_90_5	57	1471270	5504195	0	Contig	no_general_contig_count_exclusion; local_element_absence_requires_separate_assessment	/srv/CRC-PHIRE/projects/crc-pipeline/results/aimbeta_panel_freeze_20261002/final_genomes/GCF_054299055.1.fna	/srv/CRC-PHIRE/scratch/crc-phage/aimbeta_panel_freeze_20261002/fasta/GCF_054299055.1.fna	31de27ed561a980173bb2f17cc95bd6402af608e5f1050eed695bf9be9e32f29	exact_accession_cache	official_accession_version_and_BioSample_and_sequence_total_length_match	true	complete_available_published_series_for_replication_not_phage_positive_selection	2026-10-02	fd7cd683b937cce7290d478a2198e3b104d136176bcf9aef7df7d99028de5751	GCF_054299055.1	remote/ncbi_reports/reports_03.json	8a5753bfcfcca71504fa1eb5612a7cdac1a8b9c740b317c90304e5861d8b3dfb
AimBeta_final_v1_20261002	include	passed_source_identity_taxonomy_QC	research_catalog_published_series_benchmark	GCF_026966535.1	GCA_026966535.1	BF_BC_ODE_DK_2016	ISOLATE_SAMN32123193	SAMN32123193	PRJNA910333	unknown	Blood	Homo sapiens	Denmark	unknown	CRC_colonoscopy_after_bacteraemia	https://www.nature.com/articles/s43856-026-01403-1#Sec17; WGS isolate metadata!A3:J3	blood_CRC_vs_blood_nonCRC_replication	false	catalog inclusion does not establish donor independence or comparable CRC/control design; published blood series only scoped exploration	cultured_isolate_supported	original isolate paper exact BioSample join | BioProject=Bacteroides fragilis Genome sequencing and assembly | A collection of Bacteroides fragilis isolates collected from patients in danish hospitals from 1964-2021	https://www.ncbi.nlm.nih.gov/biosample/SAMN32123193;https://www.nature.com/articles/s43856-026-01403-1#Sec17;https://www.ncbi.nlm.nih.gov/bioproject/PRJNA910333	Traceable named isolate submission; source reviewed; no unresolved collision within frozen input; independent donor not inferred	ISOLATE_SAMN32123193	SEQ_b67b7021fb965290	b67b7021fb9652906927ac23095235dd0a0333c3df05d4112de719304668d9b5	Bacteroides fragilis	Bacteroides fragilis	817	Bacteroides fragilis (division I)	Bf_divI	accepted	GCA_000025985.1	98.91	81.78	86.76	11.13	skani 0.3.2 --medium; ANI>=95%, both AF>=65%; Bf divisions separate; anomalous Pm independently checked with bidirectional fastANI	fdeb8d7a108620392c36af15a1ee217210c8ba681638aa6865dca3d6eba5f3fd	../../remote/taxonomy/ani_to_refs.tsv	CheckM2 1.1.0	CheckM2 1.1.0; uniref100.KO.1.dmnd; sha256:1b86ef3eac0813c1853f53182c17657045e3763d66f384ec95747261a63ae46f	100.0	0.58	strict_95_2	86	196863	5568895	0	Contig	no_general_contig_count_exclusion; local_element_absence_requires_separate_assessment	/srv/CRC-PHIRE/projects/crc-pipeline/results/aimbeta_panel_freeze_20261002/final_genomes/GCF_026966535.1.fna	/srv/CRC-PHIRE/scratch/crc-phage/aimbeta_panel_freeze_20261002/fasta/GCF_026966535.1.fna	45e58ba47dd29f15f33ada734dcebf4ec36b0806b7f01c82cadfd8377ba702d5	exact_accession_cache	official_accession_version_and_BioSample_and_sequence_total_length_match	true	complete_available_published_series_for_replication_not_phage_positive_selection	2026-10-02	fd7cd683b937cce7290d478a2198e3b104d136176bcf9aef7df7d99028de5751	GCF_026966535.1	remote/ncbi_reports/reports_02.json	95dddad9678ccbaed8d1699a14393959bd15e49149cbbd558371d67d6179ce62
AimBeta_final_v1_20261002	include	passed_source_identity_taxonomy_QC	research_catalog_published_series_benchmark	GCF_026966515.1	GCA_026966515.1	BF_BC_OUH_DK_2007_19	ISOLATE_SAMN32123194	SAMN32123194	PRJNA910333	unknown	Blood	Homo sapiens	Denmark	unknown	nonCRC_colonoscopy_after_bacteraemia	https://www.nature.com/articles/s43856-026-01403-1#Sec17; WGS isolate metadata!A28:J28	blood_CRC_vs_blood_nonCRC_replication	false	catalog inclusion does not establish donor independence or comparable CRC/control design; published blood series only scoped exploration	cultured_isolate_supported	original isolate paper exact BioSample join | BioProject=Bacteroides fragilis Genome sequencing and assembly | A collection of Bacteroides fragilis isolates collected from patients in danish hospitals from 1964-2021	https://www.ncbi.nlm.nih.gov/biosample/SAMN32123194;https://www.nature.com/articles/s43856-026-01403-1#Sec17;https://www.ncbi.nlm.nih.gov/bioproject/PRJNA910333	Traceable named isolate submission; source reviewed; no unresolved collision within frozen input; independent donor not inferred	ISOLATE_SAMN32123194	SEQ_99bbbd60907abaa4	99bbbd60907abaa49ac9b9f4f834d70f200ea9a9987bd6f2bec6f223b1cc28f2	Bacteroides fragilis	Bacteroides fragilis	817	Bacteroides fragilis (division I)	Bf_divI	accepted	GCA_000025985.1	98.97	85.87	84.82	11.39	skani 0.3.2 --medium; ANI>=95%, both AF>=65%; Bf divisions separate; anomalous Pm independently checked with bidirectional fastANI	fdeb8d7a108620392c36af15a1ee217210c8ba681638aa6865dca3d6eba5f3fd	../../remote/taxonomy/ani_to_refs.tsv	CheckM2 1.1.0	CheckM2 1.1.0; uniref100.KO.1.dmnd; sha256:1b86ef3eac0813c1853f53182c17657045e3763d66f384ec95747261a63ae46f	99.95	0.28	strict_95_2	130	208859	5194041	0	Contig	no_general_contig_count_exclusion; local_element_absence_requires_separate_assessment	/srv/CRC-PHIRE/projects/crc-pipeline/results/aimbeta_panel_freeze_20261002/final_genomes/GCF_026966515.1.fna	/srv/CRC-PHIRE/scratch/crc-phage/aimbeta_panel_freeze_20261002/fasta/GCF_026966515.1.fna	095cb78556f234f225e7b8d3141a394843f5fd5c8dfa7547e43c8ab68a07eddf	exact_accession_cache	official_accession_version_and_BioSample_and_sequence_total_length_match	true	complete_available_published_series_for_replication_not_phage_positive_selection	2026-10-02	fd7cd683b937cce7290d478a2198e3b104d136176bcf9aef7df7d99028de5751	GCF_026966515.1	remote/ncbi_reports/reports_02.json	95dddad9678ccbaed8d1699a14393959bd15e49149cbbd558371d67d6179ce62
AimBeta_final_v1_20261002	include	passed_source_identity_taxonomy_QC	research_catalog_published_series_benchmark	GCF_026966445.1	GCA_026966445.1	BF_BC_OUH_DK_2007_21	ISOLATE_SAMN32123195	SAMN32123195	PRJNA910333	unknown	Blood	Homo sapiens	Denmark	unknown	nonCRC_colonoscopy_after_bacteraemia	https://www.nature.com/articles/s43856-026-01403-1#Sec17; WGS isolate metadata!A29:J29	blood_CRC_vs_blood_nonCRC_replication	false	catalog inclusion does not establish donor independence or comparable CRC/control design; published blood series only scoped exploration	cultured_isolate_supported	original isolate paper exact BioSample join | BioProject=Bacteroides fragilis Genome sequencing and assembly | A collection of Bacteroides fragilis isolates collected from patients in danish hospitals from 1964-2021	https://www.ncbi.nlm.nih.gov/biosample/SAMN32123195;https://www.nature.com/articles/s43856-026-01403-1#Sec17;https://www.ncbi.nlm.nih.gov/bioproject/PRJNA910333	Traceable named isolate submission; source reviewed; no unresolved collision within frozen input; independent donor not inferred	ISOLATE_SAMN32123195	SEQ_ddf52366aaad9bee	ddf52366aaad9bee28bfc1aafddce7c7f6d544a035a0d8cca9cc6b98f32e2b09	Bacteroides fragilis	Bacteroides fragilis	817	Bacteroides fragilis (division I)	Bf_divI	accepted	GCA_000025985.1	99.27	90.0	90.41	11.72	skani 0.3.2 --medium; ANI>=95%, both AF>=65%; Bf divisions separate; anomalous Pm independently checked with bidirectional fastANI	fdeb8d7a108620392c36af15a1ee217210c8ba681638aa6865dca3d6eba5f3fd	../../remote/taxonomy/ani_to_refs.tsv	CheckM2 1.1.0	CheckM2 1.1.0; uniref100.KO.1.dmnd; sha256:1b86ef3eac0813c1853f53182c17657045e3763d66f384ec95747261a63ae46f	99.98	0.37	strict_95_2	52	291982	5269651	0	Contig	no_general_contig_count_exclusion; local_element_absence_requires_separate_assessment	/srv/CRC-PHIRE/projects/crc-pipeline/results/aimbeta_panel_freeze_20261002/final_genomes/GCF_026966445.1.fna	/srv/CRC-PHIRE/scratch/crc-phage/aimbeta_panel_freeze_20261002/fasta/GCF_026966445.1.fna	3c4d2c0cc48317fa706f778ac4a46f931231c1d3f87372fb1eceeb8b55ece08a	exact_accession_cache	official_accession_version_and_BioSample_and_sequence_total_length_match	true	complete_available_published_series_for_replication_not_phage_positive_selection	2026-10-02	fd7cd683b937cce7290d478a2198e3b104d136176bcf9aef7df7d99028de5751	GCF_026966445.1	remote/ncbi_reports/reports_02.json	95dddad9678ccbaed8d1699a14393959bd15e49149cbbd558371d67d6179ce62
AimBeta_final_v1_20261002	include	passed_source_identity_taxonomy_QC	research_catalog_published_series_benchmark	GCF_054299275.1	GCA_054299275.1	BF_BC_OUH_DK_2008_25	ISOLATE_SAMN38111772	SAMN38111772	PRJNA1036030	unknown	Blood	Homo sapiens	Denmark	unknown	nonCRC_colonoscopy_after_bacteraemia	https://www.nature.com/articles/s43856-026-01403-1#Sec17; WGS isolate metadata!A37:J37	blood_CRC_vs_blood_nonCRC_replication	false	catalog inclusion does not establish donor independence or comparable CRC/control design; published blood series only scoped exploration	cultured_isolate_supported	original isolate paper exact BioSample join | BioSample sample_type=cell culture | BioProject=Bacteroides fragilis isolate collection | 	https://www.ncbi.nlm.nih.gov/biosample/SAMN38111772;https://www.nature.com/articles/s43856-026-01403-1#Sec17;https://www.ncbi.nlm.nih.gov/bioproject/PRJNA1036030	Traceable named isolate submission; source reviewed; no unresolved collision within frozen input; independent donor not inferred	ISOLATE_SAMN38111772	SEQ_65f2a07266469376	65f2a07266469376070779c0c34d64af0c9405e512378592f429a861693ecbfc	Bacteroides fragilis	Bacteroides fragilis	817	Bacteroides fragilis (division I)	Bf_divI	accepted	GCA_000025985.1	98.67	82.48	83.76	11.07	skani 0.3.2 --medium; ANI>=95%, both AF>=65%; Bf divisions separate; anomalous Pm independently checked with bidirectional fastANI	fdeb8d7a108620392c36af15a1ee217210c8ba681638aa6865dca3d6eba5f3fd	../../remote/taxonomy/ani_to_refs.tsv	CheckM2 1.1.0	CheckM2 1.1.0; uniref100.KO.1.dmnd; sha256:1b86ef3eac0813c1853f53182c17657045e3763d66f384ec95747261a63ae46f	99.93	0.55	strict_95_2	101	224085	5334717	0	Contig	no_general_contig_count_exclusion; local_element_absence_requires_separate_assessment	/srv/CRC-PHIRE/projects/crc-pipeline/results/aimbeta_panel_freeze_20261002/final_genomes/GCF_054299275.1.fna	/srv/CRC-PHIRE/scratch/crc-phage/aimbeta_panel_freeze_20261002/fasta/GCF_054299275.1.fna	f60a7118c83aea20d96c97ce8d50053cd43fc33430487920ce2f670362273a73	exact_accession_cache	official_accession_version_and_BioSample_and_sequence_total_length_match	true	complete_available_published_series_for_replication_not_phage_positive_selection	2026-10-02	fd7cd683b937cce7290d478a2198e3b104d136176bcf9aef7df7d99028de5751	GCF_054299275.1	remote/ncbi_reports/reports_03.json	8a5753bfcfcca71504fa1eb5612a7cdac1a8b9c740b317c90304e5861d8b3dfb
AimBeta_final_v1_20261002	include	passed_source_identity_taxonomy_QC	research_catalog_published_series_benchmark	GCF_026966455.1	GCA_026966455.1	BF_BC_OUH_DK_2008_34	ISOLATE_SAMN32123197	SAMN32123197	PRJNA910333	unknown	Blood	Homo sapiens	Denmark	unknown	CRC_colonoscopy_after_bacteraemia	https://www.nature.com/articles/s43856-026-01403-1#Sec17; WGS isolate metadata!A5:J5	blood_CRC_vs_blood_nonCRC_replication	false	catalog inclusion does not establish donor independence or comparable CRC/control design; published blood series only scoped exploration	cultured_isolate_supported	original isolate paper exact BioSample join | BioProject=Bacteroides fragilis Genome sequencing and assembly | A collection of Bacteroides fragilis isolates collected from patients in danish hospitals from 1964-2021	https://www.ncbi.nlm.nih.gov/biosample/SAMN32123197;https://www.nature.com/articles/s43856-026-01403-1#Sec17;https://www.ncbi.nlm.nih.gov/bioproject/PRJNA910333	Traceable named isolate submission; source reviewed; no unresolved collision within frozen input; independent donor not inferred	ISOLATE_SAMN32123197	SEQ_6b7c6d36929b3f89	6b7c6d36929b3f890c5a5e1dae25aa1901f1f9f18973f117fbcdbbf324e82979	Bacteroides fragilis	Bacteroides fragilis	817	Bacteroides fragilis (division I)	Bf_divI	accepted	GCA_000025985.1	99.0	81.12	87.98	11.37	skani 0.3.2 --medium; ANI>=95%, both AF>=65%; Bf divisions separate; anomalous Pm independently checked with bidirectional fastANI	fdeb8d7a108620392c36af15a1ee217210c8ba681638aa6865dca3d6eba5f3fd	../../remote/taxonomy/ani_to_refs.tsv	CheckM2 1.1.0	CheckM2 1.1.0; uniref100.KO.1.dmnd; sha256:1b86ef3eac0813c1853f53182c17657045e3763d66f384ec95747261a63ae46f	99.94	1.23	strict_95_2	397	46435	5725627	0	Contig	no_general_contig_count_exclusion; local_element_absence_requires_separate_assessment	/srv/CRC-PHIRE/projects/crc-pipeline/results/aimbeta_panel_freeze_20261002/final_genomes/GCF_026966455.1.fna	/srv/CRC-PHIRE/scratch/crc-phage/aimbeta_panel_freeze_20261002/fasta/GCF_026966455.1.fna	87c777bdb05fe3f10eb501d1f5365e4ce625a439cf611f9ca519a4f5db027fa7	exact_accession_cache	official_accession_version_and_BioSample_and_sequence_total_length_match	true	complete_available_published_series_for_replication_not_phage_positive_selection	2026-10-02	fd7cd683b937cce7290d478a2198e3b104d136176bcf9aef7df7d99028de5751	GCF_026966455.1	remote/ncbi_reports/reports_02.json	95dddad9678ccbaed8d1699a14393959bd15e49149cbbd558371d67d6179ce62
AimBeta_final_v1_20261002	include	passed_source_identity_taxonomy_QC	research_catalog_published_series_benchmark	GCF_054299295.1	GCA_054299295.1	BF_BC_OUH_DK_2008_37	ISOLATE_SAMN38111771	SAMN38111771	PRJNA1036030	unknown	Blood	Homo sapiens	Denmark	unknown	nonCRC_colonoscopy_after_bacteraemia	https://www.nature.com/articles/s43856-026-01403-1#Sec17; WGS isolate metadata!A36:J36	blood_CRC_vs_blood_nonCRC_replication	false	catalog inclusion does not establish donor independence or comparable CRC/control design; published blood series only scoped exploration	cultured_isolate_supported	original isolate paper exact BioSample join | BioSample sample_type=cell culture | BioProject=Bacteroides fragilis isolate collection | 	https://www.ncbi.nlm.nih.gov/biosample/SAMN38111771;https://www.nature.com/articles/s43856-026-01403-1#Sec17;https://www.ncbi.nlm.nih.gov/bioproject/PRJNA1036030	Traceable named isolate submission; source reviewed; no unresolved collision within frozen input; independent donor not inferred	ISOLATE_SAMN38111771	SEQ_450a64f6afbd6552	450a64f6afbd655215ad7b115d632588eed685554e872cf0a0fba2f083409ef7	Bacteroides fragilis	Bacteroides fragilis	817	Bacteroides fragilis (division I)	Bf_divI	accepted	GCA_000025985.1	98.9	84.97	85.24	11.11	skani 0.3.2 --medium; ANI>=95%, both AF>=65%; Bf divisions separate; anomalous Pm independently checked with bidirectional fastANI	fdeb8d7a108620392c36af15a1ee217210c8ba681638aa6865dca3d6eba5f3fd	../../remote/taxonomy/ani_to_refs.tsv	CheckM2 1.1.0	CheckM2 1.1.0; uniref100.KO.1.dmnd; sha256:1b86ef3eac0813c1853f53182c17657045e3763d66f384ec95747261a63ae46f	99.91	2.16	core_90_5	66	351363	5266279	0	Contig	no_general_contig_count_exclusion; local_element_absence_requires_separate_assessment	/srv/CRC-PHIRE/projects/crc-pipeline/results/aimbeta_panel_freeze_20261002/final_genomes/GCF_054299295.1.fna	/srv/CRC-PHIRE/scratch/crc-phage/aimbeta_panel_freeze_20261002/fasta/GCF_054299295.1.fna	c7b798bef9363ff9ec76b1bad1005cdbbb68c170a3095f513ad5359846678eb9	exact_accession_cache	official_accession_version_and_BioSample_and_sequence_total_length_match	true	complete_available_published_series_for_replication_not_phage_positive_selection	2026-10-02	fd7cd683b937cce7290d478a2198e3b104d136176bcf9aef7df7d99028de5751	GCF_054299295.1	remote/ncbi_reports/reports_03.json	8a5753bfcfcca71504fa1eb5612a7cdac1a8b9c740b317c90304e5861d8b3dfb
AimBeta_final_v1_20261002	include	passed_source_identity_taxonomy_QC	research_catalog_published_series_benchmark	GCF_054299235.1	GCA_054299235.1	BF_BC_OUH_DK_2009_55	ISOLATE_SAMN38111774	SAMN38111774	PRJNA1036030	unknown	Blood	Homo sapiens	Denmark	unknown	nonCRC_colonoscopy_after_bacteraemia	https://www.nature.com/articles/s43856-026-01403-1#Sec17; WGS isolate metadata!A39:J39	blood_CRC_vs_blood_nonCRC_replication	false	catalog inclusion does not establish donor independence or comparable CRC/control design; published blood series only scoped exploration	cultured_isolate_supported	original isolate paper exact BioSample join | BioSample sample_type=cell culture | BioProject=Bacteroides fragilis isolate collection | 	https://www.ncbi.nlm.nih.gov/biosample/SAMN38111774;https://www.nature.com/articles/s43856-026-01403-1#Sec17;https://www.ncbi.nlm.nih.gov/bioproject/PRJNA1036030	Traceable named isolate submission; source reviewed; no unresolved collision within frozen input; independent donor not inferred	ISOLATE_SAMN38111774	SEQ_9e0626b9ac06192d	9e0626b9ac06192d7dc8db5681cd996ca5443435c70fb2564f8198c83987773d	Bacteroides fragilis	Bacteroides fragilis	817	Bacteroides fragilis (division I)	Bf_divI	accepted	GCA_000025985.1	98.92	86.73	85.54	11.27	skani 0.3.2 --medium; ANI>=95%, both AF>=65%; Bf divisions separate; anomalous Pm independently checked with bidirectional fastANI	fdeb8d7a108620392c36af15a1ee217210c8ba681638aa6865dca3d6eba5f3fd	../../remote/taxonomy/ani_to_refs.tsv	CheckM2 1.1.0	CheckM2 1.1.0; uniref100.KO.1.dmnd; sha256:1b86ef3eac0813c1853f53182c17657045e3763d66f384ec95747261a63ae46f	99.97	1.9	strict_95_2	54	312538	5175033	0	Contig	no_general_contig_count_exclusion; local_element_absence_requires_separate_assessment	/srv/CRC-PHIRE/projects/crc-pipeline/results/aimbeta_panel_freeze_20261002/final_genomes/GCF_054299235.1.fna	/srv/CRC-PHIRE/scratch/crc-phage/aimbeta_panel_freeze_20261002/fasta/GCF_054299235.1.fna	48963356859d33e55fcc7f876e7eb20657530262f688f683672bbc53207abbab	exact_accession_cache	official_accession_version_and_BioSample_and_sequence_total_length_match	true	complete_available_published_series_for_replication_not_phage_positive_selection	2026-10-02	fd7cd683b937cce7290d478a2198e3b104d136176bcf9aef7df7d99028de5751	GCF_054299235.1	remote/ncbi_reports/reports_03.json	8a5753bfcfcca71504fa1eb5612a7cdac1a8b9c740b317c90304e5861d8b3dfb
AimBeta_final_v1_20261002	include	passed_source_identity_taxonomy_QC	research_catalog_published_series_benchmark	GCF_026966435.1	GCA_026966435.1	BF_BC_OUH_DK_2009_56	ISOLATE_SAMN32123199	SAMN32123199	PRJNA910333	unknown	Blood	Homo sapiens	Denmark	unknown	CRC_colonoscopy_after_bacteraemia	https://www.nature.com/articles/s43856-026-01403-1#Sec17; WGS isolate metadata!A6:J6	blood_CRC_vs_blood_nonCRC_replication	false	catalog inclusion does not establish donor independence or comparable CRC/control design; published blood series only scoped exploration	cultured_isolate_supported	original isolate paper exact BioSample join | BioProject=Bacteroides fragilis Genome sequencing and assembly | A collection of Bacteroides fragilis isolates collected from patients in danish hospitals from 1964-2021	https://www.ncbi.nlm.nih.gov/biosample/SAMN32123199;https://www.nature.com/articles/s43856-026-01403-1#Sec17;https://www.ncbi.nlm.nih.gov/bioproject/PRJNA910333	Traceable named isolate submission; source reviewed; no unresolved collision within frozen input; independent donor not inferred	ISOLATE_SAMN32123199	SEQ_59e3b9061764e045	59e3b9061764e045a8e132bb2b25ad2d29072b590ece71085d47407fc1ac7e46	Bacteroides fragilis	Bacteroides fragilis	817	Bacteroides fragilis (division I)	Bf_divI	accepted	GCA_000025985.1	98.92	85.29	85.86	11.09	skani 0.3.2 --medium; ANI>=95%, both AF>=65%; Bf divisions separate; anomalous Pm independently checked with bidirectional fastANI	fdeb8d7a108620392c36af15a1ee217210c8ba681638aa6865dca3d6eba5f3fd	../../remote/taxonomy/ani_to_refs.tsv	CheckM2 1.1.0	CheckM2 1.1.0; uniref100.KO.1.dmnd; sha256:1b86ef3eac0813c1853f53182c17657045e3763d66f384ec95747261a63ae46f	99.99	0.3	strict_95_2	49	382799	5281222	0	Contig	no_general_contig_count_exclusion; local_element_absence_requires_separate_assessment	/srv/CRC-PHIRE/projects/crc-pipeline/results/aimbeta_panel_freeze_20261002/final_genomes/GCF_026966435.1.fna	/srv/CRC-PHIRE/scratch/crc-phage/aimbeta_panel_freeze_20261002/fasta/GCF_026966435.1.fna	22628d17a09f7d39f9b461320242d45dfc3d79c15750396473fa0c771c074806	exact_accession_cache	official_accession_version_and_BioSample_and_sequence_total_length_match	true	complete_available_published_series_for_replication_not_phage_positive_selection	2026-10-02	fd7cd683b937cce7290d478a2198e3b104d136176bcf9aef7df7d99028de5751	GCF_026966435.1	remote/ncbi_reports/reports_02.json	95dddad9678ccbaed8d1699a14393959bd15e49149cbbd558371d67d6179ce62
AimBeta_final_v1_20261002	include	passed_source_identity_taxonomy_QC	research_catalog_published_series_benchmark	GCF_054299165.1	GCA_054299165.1	BF_BC_OUH_DK_2009_58	ISOLATE_SAMN38111776	SAMN38111776	PRJNA1036030	unknown	Blood	Homo sapiens	Denmark	unknown	nonCRC_colonoscopy_after_bacteraemia	https://www.nature.com/articles/s43856-026-01403-1#Sec17; WGS isolate metadata!A41:J41	blood_CRC_vs_blood_nonCRC_replication	false	catalog inclusion does not establish donor independence or comparable CRC/control design; published blood series only scoped exploration	cultured_isolate_supported	original isolate paper exact BioSample join | BioSample sample_type=cell culture | BioProject=Bacteroides fragilis isolate collection | 	https://www.ncbi.nlm.nih.gov/biosample/SAMN38111776;https://www.nature.com/articles/s43856-026-01403-1#Sec17;https://www.ncbi.nlm.nih.gov/bioproject/PRJNA1036030	Traceable named isolate submission; source reviewed; no unresolved collision within frozen input; independent donor not inferred	ISOLATE_SAMN38111776	SEQ_bbd28fcff2cb5f69	bbd28fcff2cb5f69a538ae3fa2bcd0a86e03588e8bcd5441fefa56e5adc37ce5	Bacteroides fragilis	Bacteroides fragilis	817	Bacteroides fragilis (division I)	Bf_divI	accepted	GCA_000025985.1	98.92	84.5	86.38	11.17	skani 0.3.2 --medium; ANI>=95%, both AF>=65%; Bf divisions separate; anomalous Pm independently checked with bidirectional fastANI	fdeb8d7a108620392c36af15a1ee217210c8ba681638aa6865dca3d6eba5f3fd	../../remote/taxonomy/ani_to_refs.tsv	CheckM2 1.1.0	CheckM2 1.1.0; uniref100.KO.1.dmnd; sha256:1b86ef3eac0813c1853f53182c17657045e3763d66f384ec95747261a63ae46f	99.98	3.33	core_90_5	79	550800	5366294	0	Contig	no_general_contig_count_exclusion; local_element_absence_requires_separate_assessment	/srv/CRC-PHIRE/projects/crc-pipeline/results/aimbeta_panel_freeze_20261002/final_genomes/GCF_054299165.1.fna	/srv/CRC-PHIRE/scratch/crc-phage/aimbeta_panel_freeze_20261002/fasta/GCF_054299165.1.fna	5de870d7f246132f4fced041e7770409457659a9b8478161b05118fb94244f76	exact_accession_cache	official_accession_version_and_BioSample_and_sequence_total_length_match	true	complete_available_published_series_for_replication_not_phage_positive_selection	2026-10-02	fd7cd683b937cce7290d478a2198e3b104d136176bcf9aef7df7d99028de5751	GCF_054299165.1	remote/ncbi_reports/reports_03.json	8a5753bfcfcca71504fa1eb5612a7cdac1a8b9c740b317c90304e5861d8b3dfb
AimBeta_final_v1_20261002	include	passed_source_identity_taxonomy_QC	research_catalog_published_series_benchmark	GCF_054298975.1	GCA_054298975.1	BF_BC_SLA_DK_2012_107	ISOLATE_SAMN38111784	SAMN38111784	PRJNA1036030	unknown	Blood	Homo sapiens	Denmark	unknown	nonCRC_colonoscopy_after_bacteraemia	https://www.nature.com/articles/s43856-026-01403-1#Sec17; WGS isolate metadata!A49:J49	blood_CRC_vs_blood_nonCRC_replication	false	catalog inclusion does not establish donor independence or comparable CRC/control design; published blood series only scoped exploration	cultured_isolate_supported	original isolate paper exact BioSample join | BioSample sample_type=cell culture | BioProject=Bacteroides fragilis isolate collection | 	https://www.ncbi.nlm.nih.gov/biosample/SAMN38111784;https://www.nature.com/articles/s43856-026-01403-1#Sec17;https://www.ncbi.nlm.nih.gov/bioproject/PRJNA1036030	Traceable named isolate submission; source reviewed; no unresolved collision within frozen input; independent donor not inferred	ISOLATE_SAMN38111784	SEQ_b70d04faa7ff5353	b70d04faa7ff53536d5caab575a13ea01b774bb1bd491feb50f0cba1148611fb	Bacteroides fragilis	Bacteroides fragilis	817	Bacteroides fragilis (division I)	Bf_divI	accepted	GCA_000025985.1	99.57	89.42	91.69	11.59	skani 0.3.2 --medium; ANI>=95%, both AF>=65%; Bf divisions separate; anomalous Pm independently checked with bidirectional fastANI	fdeb8d7a108620392c36af15a1ee217210c8ba681638aa6865dca3d6eba5f3fd	../../remote/taxonomy/ani_to_refs.tsv	CheckM2 1.1.0	CheckM2 1.1.0; uniref100.KO.1.dmnd; sha256:1b86ef3eac0813c1853f53182c17657045e3763d66f384ec95747261a63ae46f	99.98	0.36	strict_95_2	75	389618	5384875	0	Contig	no_general_contig_count_exclusion; local_element_absence_requires_separate_assessment	/srv/CRC-PHIRE/projects/crc-pipeline/results/aimbeta_panel_freeze_20261002/final_genomes/GCF_054298975.1.fna	/srv/CRC-PHIRE/scratch/crc-phage/aimbeta_panel_freeze_20261002/fasta/GCF_054298975.1.fna	a00626cabc34ccd7ccd702a77898e00bb592a3147e9f7c52d560ce2b6d800bae	exact_accession_cache	official_accession_version_and_BioSample_and_sequence_total_length_match	true	complete_available_published_series_for_replication_not_phage_positive_selection	2026-10-02	fd7cd683b937cce7290d478a2198e3b104d136176bcf9aef7df7d99028de5751	GCF_054298975.1	remote/ncbi_reports/reports_03.json	8a5753bfcfcca71504fa1eb5612a7cdac1a8b9c740b317c90304e5861d8b3dfb
AimBeta_final_v1_20261002	include	passed_source_identity_taxonomy_QC	research_catalog_published_series_benchmark	GCF_054299035.1	GCA_054299035.1	BF_BC_SLA_DK_2012_91	ISOLATE_SAMN38111781	SAMN38111781	PRJNA1036030	unknown	Blood	Homo sapiens	Denmark	unknown	nonCRC_colonoscopy_after_bacteraemia	https://www.nature.com/articles/s43856-026-01403-1#Sec17; WGS isolate metadata!A46:J46	blood_CRC_vs_blood_nonCRC_replication	false	catalog inclusion does not establish donor independence or comparable CRC/control design; published blood series only scoped exploration	cultured_isolate_supported	original isolate paper exact BioSample join | BioSample sample_type=cell culture | BioProject=Bacteroides fragilis isolate collection | 	https://www.ncbi.nlm.nih.gov/biosample/SAMN38111781;https://www.nature.com/articles/s43856-026-01403-1#Sec17;https://www.ncbi.nlm.nih.gov/bioproject/PRJNA1036030	Traceable named isolate submission; source reviewed; no unresolved collision within frozen input; independent donor not inferred	ISOLATE_SAMN38111781	SEQ_1bedf721ffedf3e5	1bedf721ffedf3e5a072c1f5c0486ec3ab0690afb505ddfbce2280a0460519a7	Bacteroides fragilis	Bacteroides fragilis	817	Bacteroides fragilis (division I)	Bf_divI	accepted	GCA_000025985.1	99.13	90.24	86.19	11.26	skani 0.3.2 --medium; ANI>=95%, both AF>=65%; Bf divisions separate; anomalous Pm independently checked with bidirectional fastANI	fdeb8d7a108620392c36af15a1ee217210c8ba681638aa6865dca3d6eba5f3fd	../../remote/taxonomy/ani_to_refs.tsv	CheckM2 1.1.0	CheckM2 1.1.0; uniref100.KO.1.dmnd; sha256:1b86ef3eac0813c1853f53182c17657045e3763d66f384ec95747261a63ae46f	99.96	2.4	core_90_5	40	1140980	5012581	0	Contig	no_general_contig_count_exclusion; local_element_absence_requires_separate_assessment	/srv/CRC-PHIRE/projects/crc-pipeline/results/aimbeta_panel_freeze_20261002/final_genomes/GCF_054299035.1.fna	/srv/CRC-PHIRE/scratch/crc-phage/aimbeta_panel_freeze_20261002/fasta/GCF_054299035.1.fna	0f9b09676d7bc3ea6d304e9d96ff7d7b504e3e08d9fd289374bf36207e42111e	exact_accession_cache	official_accession_version_and_BioSample_and_sequence_total_length_match	true	complete_available_published_series_for_replication_not_phage_positive_selection	2026-10-02	fd7cd683b937cce7290d478a2198e3b104d136176bcf9aef7df7d99028de5751	GCF_054299035.1	remote/ncbi_reports/reports_03.json	8a5753bfcfcca71504fa1eb5612a7cdac1a8b9c740b317c90304e5861d8b3dfb
AimBeta_final_v1_20261002	include	passed_source_identity_taxonomy_QC	research_catalog_published_series_benchmark	GCF_054299315.1	GCA_054299315.1	BF_BC_SLA_DK_2012_93	ISOLATE_SAMN38111767	SAMN38111767	PRJNA1036030	unknown	Blood	Homo sapiens	Denmark	unknown	nonCRC_colonoscopy_after_bacteraemia	https://www.nature.com/articles/s43856-026-01403-1#Sec17; WGS isolate metadata!A30:J30	blood_CRC_vs_blood_nonCRC_replication	false	catalog inclusion does not establish donor independence or comparable CRC/control design; published blood series only scoped exploration	cultured_isolate_supported	original isolate paper exact BioSample join | BioSample sample_type=cell culture | BioProject=Bacteroides fragilis isolate collection | 	https://www.ncbi.nlm.nih.gov/biosample/SAMN38111767;https://www.nature.com/articles/s43856-026-01403-1#Sec17;https://www.ncbi.nlm.nih.gov/bioproject/PRJNA1036030	Traceable named isolate submission; source reviewed; no unresolved collision within frozen input; independent donor not inferred	ISOLATE_SAMN38111767	SEQ_abd4c93043f17af1	abd4c93043f17af19006da4733ca52c5393b4e33e1b1ca52e7c040d46b684c14	Bacteroides fragilis	Bacteroides fragilis	817	Bacteroides fragilis (division I)	Bf_divI	accepted	GCA_000025985.1	99.02	84.43	86.29	11.44	skani 0.3.2 --medium; ANI>=95%, both AF>=65%; Bf divisions separate; anomalous Pm independently checked with bidirectional fastANI	fdeb8d7a108620392c36af15a1ee217210c8ba681638aa6865dca3d6eba5f3fd	../../remote/taxonomy/ani_to_refs.tsv	CheckM2 1.1.0	CheckM2 1.1.0; uniref100.KO.1.dmnd; sha256:1b86ef3eac0813c1853f53182c17657045e3763d66f384ec95747261a63ae46f	99.98	1.71	strict_95_2	112	266974	5370375	0	Contig	no_general_contig_count_exclusion; local_element_absence_requires_separate_assessment	/srv/CRC-PHIRE/projects/crc-pipeline/results/aimbeta_panel_freeze_20261002/final_genomes/GCF_054299315.1.fna	/srv/CRC-PHIRE/scratch/crc-phage/aimbeta_panel_freeze_20261002/fasta/GCF_054299315.1.fna	a262ae83695b36c4dbfc5468083f8043a30e466852e2079ac786a86ed2e906a6	exact_accession_cache	official_accession_version_and_BioSample_and_sequence_total_length_match	true	complete_available_published_series_for_replication_not_phage_positive_selection	2026-10-02	fd7cd683b937cce7290d478a2198e3b104d136176bcf9aef7df7d99028de5751	GCF_054299315.1	remote/ncbi_reports/reports_03.json	8a5753bfcfcca71504fa1eb5612a7cdac1a8b9c740b317c90304e5861d8b3dfb
AimBeta_final_v1_20261002	include	passed_source_identity_taxonomy_QC	research_catalog_published_series_benchmark	GCF_054299015.1	GCA_054299015.1	BF_BC_SLA_DK_2012_97	ISOLATE_SAMN38111782	SAMN38111782	PRJNA1036030	unknown	Blood	Homo sapiens	Denmark	unknown	nonCRC_colonoscopy_after_bacteraemia	https://www.nature.com/articles/s43856-026-01403-1#Sec17; WGS isolate metadata!A47:J47	blood_CRC_vs_blood_nonCRC_replication	false	catalog inclusion does not establish donor independence or comparable CRC/control design; published blood series only scoped exploration	cultured_isolate_supported	original isolate paper exact BioSample join | BioSample sample_type=cell culture | BioProject=Bacteroides fragilis isolate collection | 	https://www.ncbi.nlm.nih.gov/biosample/SAMN38111782;https://www.nature.com/articles/s43856-026-01403-1#Sec17;https://www.ncbi.nlm.nih.gov/bioproject/PRJNA1036030	Traceable named isolate submission; source reviewed; no unresolved collision within frozen input; independent donor not inferred	ISOLATE_SAMN38111782	SEQ_7fecd70a6a33450c	7fecd70a6a33450c78b3702ce44f3d1aee9705c24ca2c5f6bffbf818314f74df	Bacteroides fragilis	Bacteroides fragilis	817	Bacteroides fragilis (division I)	Bf_divI	accepted	GCA_000025985.1	99.03	88.66	88.04	11.2	skani 0.3.2 --medium; ANI>=95%, both AF>=65%; Bf divisions separate; anomalous Pm independently checked with bidirectional fastANI	fdeb8d7a108620392c36af15a1ee217210c8ba681638aa6865dca3d6eba5f3fd	../../remote/taxonomy/ani_to_refs.tsv	CheckM2 1.1.0	CheckM2 1.1.0; uniref100.KO.1.dmnd; sha256:1b86ef3eac0813c1853f53182c17657045e3763d66f384ec95747261a63ae46f	99.99	1.79	strict_95_2	48	740884	5213218	0	Contig	no_general_contig_count_exclusion; local_element_absence_requires_separate_assessment	/srv/CRC-PHIRE/projects/crc-pipeline/results/aimbeta_panel_freeze_20261002/final_genomes/GCF_054299015.1.fna	/srv/CRC-PHIRE/scratch/crc-phage/aimbeta_panel_freeze_20261002/fasta/GCF_054299015.1.fna	796ccdd51c632ca5d2ae10afc7c8d889b6650255478498114aeeea63bbc8c9fe	exact_accession_cache	official_accession_version_and_BioSample_and_sequence_total_length_match	true	complete_available_published_series_for_replication_not_phage_positive_selection	2026-10-02	fd7cd683b937cce7290d478a2198e3b104d136176bcf9aef7df7d99028de5751	GCF_054299015.1	remote/ncbi_reports/reports_03.json	8a5753bfcfcca71504fa1eb5612a7cdac1a8b9c740b317c90304e5861d8b3dfb
AimBeta_final_v1_20261002	include	passed_source_identity_taxonomy_QC	research_catalog_published_series_benchmark	GCF_026966255.1	GCA_026966255.1	BF_BC_SLA_DK_2015	ISOLATE_SAMN32123205	SAMN32123205	PRJNA910333	unknown	Blood	Homo sapiens	Denmark	unknown	CRC_colonoscopy_after_bacteraemia	https://www.nature.com/articles/s43856-026-01403-1#Sec17; WGS isolate metadata!A7:J7	blood_CRC_vs_blood_nonCRC_replication	false	catalog inclusion does not establish donor independence or comparable CRC/control design; published blood series only scoped exploration	cultured_isolate_supported	original isolate paper exact BioSample join | BioProject=Bacteroides fragilis Genome sequencing and assembly | A collection of Bacteroides fragilis isolates collected from patients in danish hospitals from 1964-2021	https://www.ncbi.nlm.nih.gov/biosample/SAMN32123205;https://www.nature.com/articles/s43856-026-01403-1#Sec17;https://www.ncbi.nlm.nih.gov/bioproject/PRJNA910333	Traceable named isolate submission; source reviewed; no unresolved collision within frozen input; independent donor not inferred	ISOLATE_SAMN32123205	SEQ_28181b7f0ac84138	28181b7f0ac8413807c0157e22f74c939ace7cf4bd289f78b408e74a90446876	Bacteroides fragilis	Bacteroides fragilis	817	Bacteroides fragilis (division I)	Bf_divI	accepted	GCA_000025985.1	99.23	88.06	85.11	11.74	skani 0.3.2 --medium; ANI>=95%, both AF>=65%; Bf divisions separate; anomalous Pm independently checked with bidirectional fastANI	fdeb8d7a108620392c36af15a1ee217210c8ba681638aa6865dca3d6eba5f3fd	../../remote/taxonomy/ani_to_refs.tsv	CheckM2 1.1.0	CheckM2 1.1.0; uniref100.KO.1.dmnd; sha256:1b86ef3eac0813c1853f53182c17657045e3763d66f384ec95747261a63ae46f	99.92	2.05	core_90_5	64	423247	5074499	0	Contig	no_general_contig_count_exclusion; local_element_absence_requires_separate_assessment	/srv/CRC-PHIRE/projects/crc-pipeline/results/aimbeta_panel_freeze_20261002/final_genomes/GCF_026966255.1.fna	/srv/CRC-PHIRE/scratch/crc-phage/aimbeta_panel_freeze_20261002/fasta/GCF_026966255.1.fna	8f10b920772ecc8e8f7632740daab885571ae13b528d55fae9f3fef66936e572	exact_accession_cache	official_accession_version_and_BioSample_and_sequence_total_length_match	true	complete_available_published_series_for_replication_not_phage_positive_selection	2026-10-02	fd7cd683b937cce7290d478a2198e3b104d136176bcf9aef7df7d99028de5751	GCF_026966255.1	remote/ncbi_reports/reports_02.json	95dddad9678ccbaed8d1699a14393959bd15e49149cbbd558371d67d6179ce62
AimBeta_final_v1_20261002	include	passed_source_identity_taxonomy_QC	research_catalog_published_series_benchmark	GCF_026966195.1	GCA_026966195.1	BF_BC_VEJ_DK_2012_1	ISOLATE_SAMN32123208	SAMN32123208	PRJNA910333	unknown	Blood	Homo sapiens	Denmark	unknown	nonCRC_colonoscopy_after_bacteraemia	https://www.nature.com/articles/s43856-026-01403-1#Sec17; WGS isolate metadata!A31:J31	blood_CRC_vs_blood_nonCRC_replication	false	catalog inclusion does not establish donor independence or comparable CRC/control design; published blood series only scoped exploration	cultured_isolate_supported	original isolate paper exact BioSample join | BioProject=Bacteroides fragilis Genome sequencing and assembly | A collection of Bacteroides fragilis isolates collected from patients in danish hospitals from 1964-2021	https://www.ncbi.nlm.nih.gov/biosample/SAMN32123208;https://www.nature.com/articles/s43856-026-01403-1#Sec17;https://www.ncbi.nlm.nih.gov/bioproject/PRJNA910333	Traceable named isolate submission; source reviewed; no unresolved collision within frozen input; independent donor not inferred	ISOLATE_SAMN32123208	SEQ_8b2f7392d3e100b2	8b2f7392d3e100b2de3cb37aad4638380e535d1ffc9534d75698e5a205221e6b	Bacteroides fragilis	Bacteroides fragilis	817	Bacteroides fragilis (division I)	Bf_divI	accepted	GCA_000025985.1	98.97	86.35	86.74	11.46	skani 0.3.2 --medium; ANI>=95%, both AF>=65%; Bf divisions separate; anomalous Pm independently checked with bidirectional fastANI	fdeb8d7a108620392c36af15a1ee217210c8ba681638aa6865dca3d6eba5f3fd	../../remote/taxonomy/ani_to_refs.tsv	CheckM2 1.1.0	CheckM2 1.1.0; uniref100.KO.1.dmnd; sha256:1b86ef3eac0813c1853f53182c17657045e3763d66f384ec95747261a63ae46f	99.99	2.03	core_90_5	186	210451	5289563	0	Contig	no_general_contig_count_exclusion; local_element_absence_requires_separate_assessment	/srv/CRC-PHIRE/projects/crc-pipeline/results/aimbeta_panel_freeze_20261002/final_genomes/GCF_026966195.1.fna	/srv/CRC-PHIRE/scratch/crc-phage/aimbeta_panel_freeze_20261002/fasta/GCF_026966195.1.fna	c4b07ad67e7a57d0c449874dbcb0468ccd536955610294f09557c038b19b02a4	exact_accession_cache	official_accession_version_and_BioSample_and_sequence_total_length_match	true	complete_available_published_series_for_replication_not_phage_positive_selection	2026-10-02	fd7cd683b937cce7290d478a2198e3b104d136176bcf9aef7df7d99028de5751	GCF_026966195.1	remote/ncbi_reports/reports_02.json	95dddad9678ccbaed8d1699a14393959bd15e49149cbbd558371d67d6179ce62
AimBeta_final_v1_20261002	include	passed_source_identity_taxonomy_QC	research_catalog_published_series_benchmark	GCF_054298995.1	GCA_054298995.1	BF_BC_VEJ_DK_2012_137	ISOLATE_SAMN38111783	SAMN38111783	PRJNA1036030	unknown	Blood	Homo sapiens	Denmark	unknown	nonCRC_colonoscopy_after_bacteraemia	https://www.nature.com/articles/s43856-026-01403-1#Sec17; WGS isolate metadata!A48:J48	blood_CRC_vs_blood_nonCRC_replication	false	catalog inclusion does not establish donor independence or comparable CRC/control design; published blood series only scoped exploration	cultured_isolate_supported	original isolate paper exact BioSample join | BioSample sample_type=cell culture | BioProject=Bacteroides fragilis isolate collection | 	https://www.ncbi.nlm.nih.gov/biosample/SAMN38111783;https://www.nature.com/articles/s43856-026-01403-1#Sec17;https://www.ncbi.nlm.nih.gov/bioproject/PRJNA1036030	Traceable named isolate submission; source reviewed; no unresolved collision within frozen input; independent donor not inferred	ISOLATE_SAMN38111783	SEQ_8f0b3f871441d918	8f0b3f871441d918db04ba19efb938f94d08ac6529aa1eb66dab03944be98a30	Bacteroides fragilis	Bacteroides fragilis	817	Bacteroides fragilis (division I)	Bf_divI	accepted	GCA_000025985.1	98.92	82.88	85.79	11.32	skani 0.3.2 --medium; ANI>=95%, both AF>=65%; Bf divisions separate; anomalous Pm independently checked with bidirectional fastANI	fdeb8d7a108620392c36af15a1ee217210c8ba681638aa6865dca3d6eba5f3fd	../../remote/taxonomy/ani_to_refs.tsv	CheckM2 1.1.0	CheckM2 1.1.0; uniref100.KO.1.dmnd; sha256:1b86ef3eac0813c1853f53182c17657045e3763d66f384ec95747261a63ae46f	99.98	1.63	strict_95_2	80	258930	5433438	0	Contig	no_general_contig_count_exclusion; local_element_absence_requires_separate_assessment	/srv/CRC-PHIRE/projects/crc-pipeline/results/aimbeta_panel_freeze_20261002/final_genomes/GCF_054298995.1.fna	/srv/CRC-PHIRE/scratch/crc-phage/aimbeta_panel_freeze_20261002/fasta/GCF_054298995.1.fna	0a0f9f40675b539251d1a4180680058c147780b1503e1bb9cab7141166ba79fb	exact_accession_cache	official_accession_version_and_BioSample_and_sequence_total_length_match	true	complete_available_published_series_for_replication_not_phage_positive_selection	2026-10-02	fd7cd683b937cce7290d478a2198e3b104d136176bcf9aef7df7d99028de5751	GCF_054298995.1	remote/ncbi_reports/reports_03.json	8a5753bfcfcca71504fa1eb5612a7cdac1a8b9c740b317c90304e5861d8b3dfb
AimBeta_final_v1_20261002	include	passed_source_identity_taxonomy_QC	research_catalog_published_series_benchmark	GCF_054299145.1	GCA_054299145.1	BF_BC_VEJ_DK_2012_3	ISOLATE_SAMN38111777	SAMN38111777	PRJNA1036030	unknown	Blood	Homo sapiens	Denmark	unknown	nonCRC_colonoscopy_after_bacteraemia	https://www.nature.com/articles/s43856-026-01403-1#Sec17; WGS isolate metadata!A42:J42	blood_CRC_vs_blood_nonCRC_replication	false	catalog inclusion does not establish donor independence or comparable CRC/control design; published blood series only scoped exploration	cultured_isolate_supported	original isolate paper exact BioSample join | BioSample sample_type=cell culture | BioProject=Bacteroides fragilis isolate collection | 	https://www.ncbi.nlm.nih.gov/biosample/SAMN38111777;https://www.nature.com/articles/s43856-026-01403-1#Sec17;https://www.ncbi.nlm.nih.gov/bioproject/PRJNA1036030	Traceable named isolate submission; source reviewed; no unresolved collision within frozen input; independent donor not inferred	ISOLATE_SAMN38111777	SEQ_328c8e769c13e433	328c8e769c13e43330b631294607ac643517daba12d68c88398fedf575ed45dd	Bacteroides fragilis	Bacteroides fragilis	817	Bacteroides fragilis (division I)	Bf_divI	accepted	GCA_000025985.1	98.97	84.69	83.47	11.21	skani 0.3.2 --medium; ANI>=95%, both AF>=65%; Bf divisions separate; anomalous Pm independently checked with bidirectional fastANI	fdeb8d7a108620392c36af15a1ee217210c8ba681638aa6865dca3d6eba5f3fd	../../remote/taxonomy/ani_to_refs.tsv	CheckM2 1.1.0	CheckM2 1.1.0; uniref100.KO.1.dmnd; sha256:1b86ef3eac0813c1853f53182c17657045e3763d66f384ec95747261a63ae46f	99.99	0.62	strict_95_2	55	507946	5170065	0	Contig	no_general_contig_count_exclusion; local_element_absence_requires_separate_assessment	/srv/CRC-PHIRE/projects/crc-pipeline/results/aimbeta_panel_freeze_20261002/final_genomes/GCF_054299145.1.fna	/srv/CRC-PHIRE/scratch/crc-phage/aimbeta_panel_freeze_20261002/fasta/GCF_054299145.1.fna	7ada961c08fe69d81ee301437400963741145eb1fbcdbcef6fa0a97fafda3d52	exact_accession_cache	official_accession_version_and_BioSample_and_sequence_total_length_match	true	complete_available_published_series_for_replication_not_phage_positive_selection	2026-10-02	fd7cd683b937cce7290d478a2198e3b104d136176bcf9aef7df7d99028de5751	GCF_054299145.1	remote/ncbi_reports/reports_03.json	8a5753bfcfcca71504fa1eb5612a7cdac1a8b9c740b317c90304e5861d8b3dfb
AimBeta_final_v1_20261002	include	passed_source_identity_taxonomy_QC	research_catalog_published_series_benchmark	GCF_054299125.1	GCA_054299125.1	BF_BC_VEJ_DK_2012_4	ISOLATE_SAMN38111778	SAMN38111778	PRJNA1036030	unknown	Blood	Homo sapiens	Denmark	unknown	nonCRC_colonoscopy_after_bacteraemia	https://www.nature.com/articles/s43856-026-01403-1#Sec17; WGS isolate metadata!A43:J43	blood_CRC_vs_blood_nonCRC_replication	false	catalog inclusion does not establish donor independence or comparable CRC/control design; published blood series only scoped exploration	cultured_isolate_supported	original isolate paper exact BioSample join | BioSample sample_type=cell culture | BioProject=Bacteroides fragilis isolate collection | 	https://www.ncbi.nlm.nih.gov/biosample/SAMN38111778;https://www.nature.com/articles/s43856-026-01403-1#Sec17;https://www.ncbi.nlm.nih.gov/bioproject/PRJNA1036030	Traceable named isolate submission; source reviewed; no unresolved collision within frozen input; independent donor not inferred	ISOLATE_SAMN38111778	SEQ_080a462e0884c1d0	080a462e0884c1d0672f9aac817b1b6928014bc62f67a44bd8c29dbb62312a5e	Bacteroides fragilis	Bacteroides fragilis	817	Bacteroides fragilis (division I)	Bf_divI	accepted	GCA_000025985.1	99.14	90.91	85.06	11.44	skani 0.3.2 --medium; ANI>=95%, both AF>=65%; Bf divisions separate; anomalous Pm independently checked with bidirectional fastANI	fdeb8d7a108620392c36af15a1ee217210c8ba681638aa6865dca3d6eba5f3fd	../../remote/taxonomy/ani_to_refs.tsv	CheckM2 1.1.0	CheckM2 1.1.0; uniref100.KO.1.dmnd; sha256:1b86ef3eac0813c1853f53182c17657045e3763d66f384ec95747261a63ae46f	99.96	0.29	strict_95_2	67	643850	4914106	0	Contig	no_general_contig_count_exclusion; local_element_absence_requires_separate_assessment	/srv/CRC-PHIRE/projects/crc-pipeline/results/aimbeta_panel_freeze_20261002/final_genomes/GCF_054299125.1.fna	/srv/CRC-PHIRE/scratch/crc-phage/aimbeta_panel_freeze_20261002/fasta/GCF_054299125.1.fna	38c9381505c221b77a2b762454f939ef68abd68e0ffd86f7696758a20b204b01	exact_accession_cache	official_accession_version_and_BioSample_and_sequence_total_length_match	true	complete_available_published_series_for_replication_not_phage_positive_selection	2026-10-02	fd7cd683b937cce7290d478a2198e3b104d136176bcf9aef7df7d99028de5751	GCF_054299125.1	remote/ncbi_reports/reports_03.json	8a5753bfcfcca71504fa1eb5612a7cdac1a8b9c740b317c90304e5861d8b3dfb
AimBeta_final_v1_20261002	include	passed_source_identity_taxonomy_QC	research_catalog_published_series_benchmark	GCF_026966295.1	GCA_026966295.1	BF_BC_VEJ_DK_2014	ISOLATE_SAMN32123209	SAMN32123209	PRJNA910333	unknown	Blood	Homo sapiens	Denmark	unknown	CRC_colonoscopy_after_bacteraemia	https://www.nature.com/articles/s43856-026-01403-1#Sec17; WGS isolate metadata!A9:J9	blood_CRC_vs_blood_nonCRC_replication	false	catalog inclusion does not establish donor independence or comparable CRC/control design; published blood series only scoped exploration	cultured_isolate_supported	original isolate paper exact BioSample join | BioProject=Bacteroides fragilis Genome sequencing and assembly | A collection of Bacteroides fragilis isolates collected from patients in danish hospitals from 1964-2021	https://www.ncbi.nlm.nih.gov/biosample/SAMN32123209;https://www.nature.com/articles/s43856-026-01403-1#Sec17;https://www.ncbi.nlm.nih.gov/bioproject/PRJNA910333	Traceable named isolate submission; source reviewed; no unresolved collision within frozen input; independent donor not inferred	ISOLATE_SAMN32123209	SEQ_723dcb130d6705a8	723dcb130d6705a878c0b84dd8f895ed4011097c07c30b4bb0326fdca35ecd8c	Bacteroides fragilis	Bacteroides fragilis	817	Bacteroides fragilis (division I)	Bf_divI	accepted	GCA_000025985.1	98.73	87.73	85.62	11.0	skani 0.3.2 --medium; ANI>=95%, both AF>=65%; Bf divisions separate; anomalous Pm independently checked with bidirectional fastANI	fdeb8d7a108620392c36af15a1ee217210c8ba681638aa6865dca3d6eba5f3fd	../../remote/taxonomy/ani_to_refs.tsv	CheckM2 1.1.0	CheckM2 1.1.0; uniref100.KO.1.dmnd; sha256:1b86ef3eac0813c1853f53182c17657045e3763d66f384ec95747261a63ae46f	99.99	1.68	strict_95_2	51	436243	5121785	0	Contig	no_general_contig_count_exclusion; local_element_absence_requires_separate_assessment	/srv/CRC-PHIRE/projects/crc-pipeline/results/aimbeta_panel_freeze_20261002/final_genomes/GCF_026966295.1.fna	/srv/CRC-PHIRE/scratch/crc-phage/aimbeta_panel_freeze_20261002/fasta/GCF_026966295.1.fna	12327f08b2d7173a75084b844c50b1fc8ff3e995d68be871c06c49f4c708a9fc	exact_accession_cache	official_accession_version_and_BioSample_and_sequence_total_length_match	true	complete_available_published_series_for_replication_not_phage_positive_selection	2026-10-02	fd7cd683b937cce7290d478a2198e3b104d136176bcf9aef7df7d99028de5751	GCF_026966295.1	remote/ncbi_reports/reports_02.json	95dddad9678ccbaed8d1699a14393959bd15e49149cbbd558371d67d6179ce62
AimBeta_final_v1_20261002	include	passed_source_identity_taxonomy_QC	research_catalog_published_series_benchmark	GCF_026966055.1	GCA_026966055.1	BF_FA_COP_DK_2009_01	ISOLATE_SAMN32123215	SAMN32123215	PRJNA910333	unknown	Faeces	Homo sapiens	Denmark	unknown	child_faecal_reference_not_adult_matched_control	https://www.nature.com/articles/s43856-026-01403-1#Sec17; WGS isolate metadata!A10:J10	child_reference_separate_context	false	catalog inclusion does not establish donor independence or comparable CRC/control design; published blood series only scoped exploration	cultured_isolate_supported	original isolate paper exact BioSample join | BioProject=Bacteroides fragilis Genome sequencing and assembly | A collection of Bacteroides fragilis isolates collected from patients in danish hospitals from 1964-2021	https://www.ncbi.nlm.nih.gov/biosample/SAMN32123215;https://www.nature.com/articles/s43856-026-01403-1#Sec17;https://www.ncbi.nlm.nih.gov/bioproject/PRJNA910333	Traceable named isolate submission; source reviewed; no unresolved collision within frozen input; independent donor not inferred	ISOLATE_SAMN32123215	SEQ_13246e4cae3e6176	13246e4cae3e6176b60162cb7341e607703f894c8e2aefc32f13a24b231c8b5b	Bacteroides fragilis	Bacteroides fragilis	817	Bacteroides fragilis (division I)	Bf_divI	accepted	GCA_000025985.1	99.32	87.13	90.88	11.3	skani 0.3.2 --medium; ANI>=95%, both AF>=65%; Bf divisions separate; anomalous Pm independently checked with bidirectional fastANI	fdeb8d7a108620392c36af15a1ee217210c8ba681638aa6865dca3d6eba5f3fd	../../remote/taxonomy/ani_to_refs.tsv	CheckM2 1.1.0	CheckM2 1.1.0; uniref100.KO.1.dmnd; sha256:1b86ef3eac0813c1853f53182c17657045e3763d66f384ec95747261a63ae46f	99.98	0.94	strict_95_2	66	380827	5477414	0	Contig	no_general_contig_count_exclusion; local_element_absence_requires_separate_assessment	/srv/CRC-PHIRE/projects/crc-pipeline/results/aimbeta_panel_freeze_20261002/final_genomes/GCF_026966055.1.fna	/srv/CRC-PHIRE/scratch/crc-phage/aimbeta_panel_freeze_20261002/fasta/GCF_026966055.1.fna	bde428c763263c77d31f21015af0ffe0f220d34cc208ee55c89a9dec6ef7f056	exact_accession_cache	official_accession_version_and_BioSample_and_sequence_total_length_match	true	complete_available_published_series_for_replication_not_phage_positive_selection	2026-10-02	fd7cd683b937cce7290d478a2198e3b104d136176bcf9aef7df7d99028de5751	GCF_026966055.1	remote/ncbi_reports/reports_02.json	95dddad9678ccbaed8d1699a14393959bd15e49149cbbd558371d67d6179ce62
AimBeta_final_v1_20261002	include	passed_source_identity_taxonomy_QC	research_catalog_published_series_benchmark	GCF_054299435.1	GCA_054299435.1	BF_FA_COP_DK_2009_018_4	ISOLATE_SAMN38111757	SAMN38111757	PRJNA1036030	unknown	Faeces	Homo sapiens	Denmark	unknown	child_faecal_reference_not_adult_matched_control	https://www.nature.com/articles/s43856-026-01403-1#Sec17; WGS isolate metadata!A18:J18	child_reference_separate_context	false	catalog inclusion does not establish donor independence or comparable CRC/control design; published blood series only scoped exploration	cultured_isolate_supported	original isolate paper exact BioSample join | BioSample sample_type=cell culture | BioProject=Bacteroides fragilis isolate collection | 	https://www.ncbi.nlm.nih.gov/biosample/SAMN38111757;https://www.nature.com/articles/s43856-026-01403-1#Sec17;https://www.ncbi.nlm.nih.gov/bioproject/PRJNA1036030	Traceable named isolate submission; source reviewed; no unresolved collision within frozen input; independent donor not inferred	ISOLATE_SAMN38111757	SEQ_6cc5b833c3310ad9	6cc5b833c3310ad99c58a5d5fc3e860495d703598a15a36d0f93ee400f72b131	Bacteroides fragilis	Bacteroides fragilis	817	Bacteroides fragilis (division I)	Bf_divI	accepted	GCA_000025985.1	99.35	89.1	89.6	11.71	skani 0.3.2 --medium; ANI>=95%, both AF>=65%; Bf divisions separate; anomalous Pm independently checked with bidirectional fastANI	fdeb8d7a108620392c36af15a1ee217210c8ba681638aa6865dca3d6eba5f3fd	../../remote/taxonomy/ani_to_refs.tsv	CheckM2 1.1.0	CheckM2 1.1.0; uniref100.KO.1.dmnd; sha256:1b86ef3eac0813c1853f53182c17657045e3763d66f384ec95747261a63ae46f	99.98	0.65	strict_95_2	113	155779	5280122	0	Contig	no_general_contig_count_exclusion; local_element_absence_requires_separate_assessment	/srv/CRC-PHIRE/projects/crc-pipeline/results/aimbeta_panel_freeze_20261002/final_genomes/GCF_054299435.1.fna	/srv/CRC-PHIRE/scratch/crc-phage/aimbeta_panel_freeze_20261002/fasta/GCF_054299435.1.fna	d0c7d9805ed2b8ef6f88d739bffac487666da19031d3ac0d0229f2c61295ef1d	exact_accession_cache	official_accession_version_and_BioSample_and_sequence_total_length_match	true	complete_available_published_series_for_replication_not_phage_positive_selection	2026-10-02	fd7cd683b937cce7290d478a2198e3b104d136176bcf9aef7df7d99028de5751	GCF_054299435.1	remote/ncbi_reports/reports_02.json	95dddad9678ccbaed8d1699a14393959bd15e49149cbbd558371d67d6179ce62
AimBeta_final_v1_20261002	include	passed_source_identity_taxonomy_QC	research_catalog_published_series_benchmark	GCF_054299415.1	GCA_054299415.1	BF_FA_COP_DK_2009_021_2	ISOLATE_SAMN38111760	SAMN38111760	PRJNA1036030	unknown	Faeces	Homo sapiens	Denmark	unknown	child_faecal_reference_not_adult_matched_control	https://www.nature.com/articles/s43856-026-01403-1#Sec17; WGS isolate metadata!A21:J21	child_reference_separate_context	false	catalog inclusion does not establish donor independence or comparable CRC/control design; published blood series only scoped exploration	cultured_isolate_supported	original isolate paper exact BioSample join | BioSample sample_type=cell culture | BioProject=Bacteroides fragilis isolate collection | 	https://www.ncbi.nlm.nih.gov/biosample/SAMN38111760;https://www.nature.com/articles/s43856-026-01403-1#Sec17;https://www.ncbi.nlm.nih.gov/bioproject/PRJNA1036030	Traceable named isolate submission; source reviewed; no unresolved collision within frozen input; independent donor not inferred	ISOLATE_SAMN38111760	SEQ_a322a317f0febf85	a322a317f0febf857362244b008d7a3411edae81786f2bc6dcf7b46365c895fb	Bacteroides fragilis	Bacteroides fragilis	817	Bacteroides fragilis (division I)	Bf_divI	accepted	GCA_000025985.1	99.09	85.94	83.18	11.4	skani 0.3.2 --medium; ANI>=95%, both AF>=65%; Bf divisions separate; anomalous Pm independently checked with bidirectional fastANI	fdeb8d7a108620392c36af15a1ee217210c8ba681638aa6865dca3d6eba5f3fd	../../remote/taxonomy/ani_to_refs.tsv	CheckM2 1.1.0	CheckM2 1.1.0; uniref100.KO.1.dmnd; sha256:1b86ef3eac0813c1853f53182c17657045e3763d66f384ec95747261a63ae46f	99.95	0.36	strict_95_2	59	281195	5079903	0	Contig	no_general_contig_count_exclusion; local_element_absence_requires_separate_assessment	/srv/CRC-PHIRE/projects/crc-pipeline/results/aimbeta_panel_freeze_20261002/final_genomes/GCF_054299415.1.fna	/srv/CRC-PHIRE/scratch/crc-phage/aimbeta_panel_freeze_20261002/fasta/GCF_054299415.1.fna	e20cf490bdd9bc6a8192e000671de4c038dc88ae0aab923f30ebd1c2ee64020c	exact_accession_cache	official_accession_version_and_BioSample_and_sequence_total_length_match	true	complete_available_published_series_for_replication_not_phage_positive_selection	2026-10-02	fd7cd683b937cce7290d478a2198e3b104d136176bcf9aef7df7d99028de5751	GCF_054299415.1	remote/ncbi_reports/reports_03.json	8a5753bfcfcca71504fa1eb5612a7cdac1a8b9c740b317c90304e5861d8b3dfb
AimBeta_final_v1_20261002	include	passed_source_identity_taxonomy_QC	research_catalog_published_series_benchmark	GCF_054299395.1	GCA_054299395.1	BF_FA_COP_DK_2009_024_2	ISOLATE_SAMN38111761	SAMN38111761	PRJNA1036030	unknown	Faeces	Homo sapiens	Denmark	unknown	child_faecal_reference_not_adult_matched_control	https://www.nature.com/articles/s43856-026-01403-1#Sec17; WGS isolate metadata!A22:J22	child_reference_separate_context	false	catalog inclusion does not establish donor independence or comparable CRC/control design; published blood series only scoped exploration	cultured_isolate_supported	original isolate paper exact BioSample join | BioSample sample_type=cell culture | BioProject=Bacteroides fragilis isolate collection | 	https://www.ncbi.nlm.nih.gov/biosample/SAMN38111761;https://www.nature.com/articles/s43856-026-01403-1#Sec17;https://www.ncbi.nlm.nih.gov/bioproject/PRJNA1036030	Traceable named isolate submission; source reviewed; no unresolved collision within frozen input; independent donor not inferred	ISOLATE_SAMN38111761	SEQ_ce3e36b41fa3ab3d	ce3e36b41fa3ab3de071f09173d02aac664b61cb1c95c4ea6c09d9c0368bf218	Bacteroides fragilis	Bacteroides fragilis	817	Bacteroides fragilis (division I)	Bf_divI	accepted	GCA_000025985.1	99.23	89.71	91.19	11.51	skani 0.3.2 --medium; ANI>=95%, both AF>=65%; Bf divisions separate; anomalous Pm independently checked with bidirectional fastANI	fdeb8d7a108620392c36af15a1ee217210c8ba681638aa6865dca3d6eba5f3fd	../../remote/taxonomy/ani_to_refs.tsv	CheckM2 1.1.0	CheckM2 1.1.0; uniref100.KO.1.dmnd; sha256:1b86ef3eac0813c1853f53182c17657045e3763d66f384ec95747261a63ae46f	99.97	0.39	strict_95_2	57	307785	5334047	0	Contig	no_general_contig_count_exclusion; local_element_absence_requires_separate_assessment	/srv/CRC-PHIRE/projects/crc-pipeline/results/aimbeta_panel_freeze_20261002/final_genomes/GCF_054299395.1.fna	/srv/CRC-PHIRE/scratch/crc-phage/aimbeta_panel_freeze_20261002/fasta/GCF_054299395.1.fna	a4540c5957f8432cedd53869a31829081ed11e49091af80b284ccc447eb1697c	exact_accession_cache	official_accession_version_and_BioSample_and_sequence_total_length_match	true	complete_available_published_series_for_replication_not_phage_positive_selection	2026-10-02	fd7cd683b937cce7290d478a2198e3b104d136176bcf9aef7df7d99028de5751	GCF_054299395.1	remote/ncbi_reports/reports_03.json	8a5753bfcfcca71504fa1eb5612a7cdac1a8b9c740b317c90304e5861d8b3dfb
AimBeta_final_v1_20261002	include	passed_source_identity_taxonomy_QC	research_catalog_published_series_benchmark	GCF_026966075.1	GCA_026966075.1	BF_FA_COP_DK_2009_04	ISOLATE_SAMN32123216	SAMN32123216	PRJNA910333	unknown	Faeces	Homo sapiens	Denmark	unknown	child_faecal_reference_not_adult_matched_control	https://www.nature.com/articles/s43856-026-01403-1#Sec17; WGS isolate metadata!A11:J11	child_reference_separate_context	false	catalog inclusion does not establish donor independence or comparable CRC/control design; published blood series only scoped exploration	cultured_isolate_supported	original isolate paper exact BioSample join | BioProject=Bacteroides fragilis Genome sequencing and assembly | A collection of Bacteroides fragilis isolates collected from patients in danish hospitals from 1964-2021	https://www.ncbi.nlm.nih.gov/biosample/SAMN32123216;https://www.nature.com/articles/s43856-026-01403-1#Sec17;https://www.ncbi.nlm.nih.gov/bioproject/PRJNA910333	Traceable named isolate submission; source reviewed; no unresolved collision within frozen input; independent donor not inferred	ISOLATE_SAMN32123216	SEQ_b3052e05489162a7	b3052e05489162a7e030a75769114bec613975b2950fcd6b75ce9e110a9c8576	Bacteroides fragilis	Bacteroides fragilis	817	Bacteroides fragilis (division I)	Bf_divI	accepted	GCA_000025985.1	99.36	89.92	89.57	11.8	skani 0.3.2 --medium; ANI>=95%, both AF>=65%; Bf divisions separate; anomalous Pm independently checked with bidirectional fastANI	fdeb8d7a108620392c36af15a1ee217210c8ba681638aa6865dca3d6eba5f3fd	../../remote/taxonomy/ani_to_refs.tsv	CheckM2 1.1.0	CheckM2 1.1.0; uniref100.KO.1.dmnd; sha256:1b86ef3eac0813c1853f53182c17657045e3763d66f384ec95747261a63ae46f	99.98	0.63	strict_95_2	92	141089	5227019	0	Contig	no_general_contig_count_exclusion; local_element_absence_requires_separate_assessment	/srv/CRC-PHIRE/projects/crc-pipeline/results/aimbeta_panel_freeze_20261002/final_genomes/GCF_026966075.1.fna	/srv/CRC-PHIRE/scratch/crc-phage/aimbeta_panel_freeze_20261002/fasta/GCF_026966075.1.fna	2a81712545b33825d47b81e49e0d2b9eeaa2bdc8ad71dd5ef61e95da8c2646f5	exact_accession_cache	official_accession_version_and_BioSample_and_sequence_total_length_match	true	complete_available_published_series_for_replication_not_phage_positive_selection	2026-10-02	fd7cd683b937cce7290d478a2198e3b104d136176bcf9aef7df7d99028de5751	GCF_026966075.1	remote/ncbi_reports/reports_02.json	95dddad9678ccbaed8d1699a14393959bd15e49149cbbd558371d67d6179ce62
AimBeta_final_v1_20261002	include	passed_source_identity_taxonomy_QC	research_catalog_published_series_benchmark	GCF_026966015.1	GCA_026966015.1	BF_FA_COP_DK_2009_05	ISOLATE_SAMN32123217	SAMN32123217	PRJNA910333	unknown	Faeces	Homo sapiens	Denmark	unknown	child_faecal_reference_not_adult_matched_control	https://www.nature.com/articles/s43856-026-01403-1#Sec17; WGS isolate metadata!A12:J12	child_reference_separate_context	false	catalog inclusion does not establish donor independence or comparable CRC/control design; published blood series only scoped exploration	cultured_isolate_supported	original isolate paper exact BioSample join | BioProject=Bacteroides fragilis Genome sequencing and assembly | A collection of Bacteroides fragilis isolates collected from patients in danish hospitals from 1964-2021	https://www.ncbi.nlm.nih.gov/biosample/SAMN32123217;https://www.nature.com/articles/s43856-026-01403-1#Sec17;https://www.ncbi.nlm.nih.gov/bioproject/PRJNA910333	Traceable named isolate submission; source reviewed; no unresolved collision within frozen input; independent donor not inferred	ISOLATE_SAMN32123217	SEQ_99a483b7914e9315	99a483b7914e9315835c7e13f126c96a022f1a314fafaa5fb03ce97ff28d7f12	Bacteroides fragilis	Bacteroides fragilis	817	Bacteroides fragilis (division I)	Bf_divI	accepted	GCA_000025985.1	98.97	89.01	85.75	11.25	skani 0.3.2 --medium; ANI>=95%, both AF>=65%; Bf divisions separate; anomalous Pm independently checked with bidirectional fastANI	fdeb8d7a108620392c36af15a1ee217210c8ba681638aa6865dca3d6eba5f3fd	../../remote/taxonomy/ani_to_refs.tsv	CheckM2 1.1.0	CheckM2 1.1.0; uniref100.KO.1.dmnd; sha256:1b86ef3eac0813c1853f53182c17657045e3763d66f384ec95747261a63ae46f	99.93	1.74	strict_95_2	59	283168	5056184	0	Contig	no_general_contig_count_exclusion; local_element_absence_requires_separate_assessment	/srv/CRC-PHIRE/projects/crc-pipeline/results/aimbeta_panel_freeze_20261002/final_genomes/GCF_026966015.1.fna	/srv/CRC-PHIRE/scratch/crc-phage/aimbeta_panel_freeze_20261002/fasta/GCF_026966015.1.fna	c5cdcf592b00e61f0ccb2d211feb19deb68b7a2a21045fa39fedf84df0cf4fc0	exact_accession_cache	official_accession_version_and_BioSample_and_sequence_total_length_match	true	complete_available_published_series_for_replication_not_phage_positive_selection	2026-10-02	fd7cd683b937cce7290d478a2198e3b104d136176bcf9aef7df7d99028de5751	GCF_026966015.1	remote/ncbi_reports/reports_02.json	95dddad9678ccbaed8d1699a14393959bd15e49149cbbd558371d67d6179ce62
AimBeta_final_v1_20261002	include	passed_source_identity_taxonomy_QC	research_catalog_published_series_benchmark	GCF_054299375.1	GCA_054299375.1	BF_FA_COP_DK_2009_059_2	ISOLATE_SAMN38111764	SAMN38111764	PRJNA1036030	unknown	Faeces	Homo sapiens	Denmark	unknown	child_faecal_reference_not_adult_matched_control	https://www.nature.com/articles/s43856-026-01403-1#Sec17; WGS isolate metadata!A25:J25	child_reference_separate_context	false	catalog inclusion does not establish donor independence or comparable CRC/control design; published blood series only scoped exploration	cultured_isolate_supported	original isolate paper exact BioSample join | BioSample sample_type=cell culture | BioProject=Bacteroides fragilis isolate collection | 	https://www.ncbi.nlm.nih.gov/biosample/SAMN38111764;https://www.nature.com/articles/s43856-026-01403-1#Sec17;https://www.ncbi.nlm.nih.gov/bioproject/PRJNA1036030	Traceable named isolate submission; source reviewed; no unresolved collision within frozen input; independent donor not inferred	ISOLATE_SAMN38111764	SEQ_fccbb7236e461461	fccbb7236e461461afed69a548f30bba06bd1e245052909cc1a0c99e1adcc40a	Bacteroides fragilis	Bacteroides fragilis	817	Bacteroides fragilis (division I)	Bf_divI	accepted	GCA_000025985.1	99.07	87.79	87.73	11.39	skani 0.3.2 --medium; ANI>=95%, both AF>=65%; Bf divisions separate; anomalous Pm independently checked with bidirectional fastANI	fdeb8d7a108620392c36af15a1ee217210c8ba681638aa6865dca3d6eba5f3fd	../../remote/taxonomy/ani_to_refs.tsv	CheckM2 1.1.0	CheckM2 1.1.0; uniref100.KO.1.dmnd; sha256:1b86ef3eac0813c1853f53182c17657045e3763d66f384ec95747261a63ae46f	99.96	1.69	strict_95_2	303	325790	5295241	0	Contig	no_general_contig_count_exclusion; local_element_absence_requires_separate_assessment	/srv/CRC-PHIRE/projects/crc-pipeline/results/aimbeta_panel_freeze_20261002/final_genomes/GCF_054299375.1.fna	/srv/CRC-PHIRE/scratch/crc-phage/aimbeta_panel_freeze_20261002/fasta/GCF_054299375.1.fna	d4fe286a2c3a9b9b1dc024ec46645442203fe89fac11774bc9724b9638b38521	exact_accession_cache	official_accession_version_and_BioSample_and_sequence_total_length_match	true	complete_available_published_series_for_replication_not_phage_positive_selection	2026-10-02	fd7cd683b937cce7290d478a2198e3b104d136176bcf9aef7df7d99028de5751	GCF_054299375.1	remote/ncbi_reports/reports_03.json	8a5753bfcfcca71504fa1eb5612a7cdac1a8b9c740b317c90304e5861d8b3dfb
AimBeta_final_v1_20261002	include	passed_source_identity_taxonomy_QC	research_catalog_published_series_benchmark	GCF_026966035.1	GCA_026966035.1	BF_FA_COP_DK_2009_06	ISOLATE_SAMN32123218	SAMN32123218	PRJNA910333	unknown	Faeces	Homo sapiens	Denmark	unknown	child_faecal_reference_not_adult_matched_control	https://www.nature.com/articles/s43856-026-01403-1#Sec17; WGS isolate metadata!A13:J13	child_reference_separate_context	false	catalog inclusion does not establish donor independence or comparable CRC/control design; published blood series only scoped exploration	cultured_isolate_supported	original isolate paper exact BioSample join | BioProject=Bacteroides fragilis Genome sequencing and assembly | A collection of Bacteroides fragilis isolates collected from patients in danish hospitals from 1964-2021	https://www.ncbi.nlm.nih.gov/biosample/SAMN32123218;https://www.nature.com/articles/s43856-026-01403-1#Sec17;https://www.ncbi.nlm.nih.gov/bioproject/PRJNA910333	Traceable named isolate submission; source reviewed; no unresolved collision within frozen input; independent donor not inferred	ISOLATE_SAMN32123218	SEQ_c4e2ba7100b27b4e	c4e2ba7100b27b4ec3f11307e783faaffdf07ebb7a440a337d0f7a422134b341	Bacteroides fragilis	Bacteroides fragilis	817	Bacteroides fragilis (division I)	Bf_divI	accepted	GCA_000025985.1	99.01	81.52	87.26	11.2	skani 0.3.2 --medium; ANI>=95%, both AF>=65%; Bf divisions separate; anomalous Pm independently checked with bidirectional fastANI	fdeb8d7a108620392c36af15a1ee217210c8ba681638aa6865dca3d6eba5f3fd	../../remote/taxonomy/ani_to_refs.tsv	CheckM2 1.1.0	CheckM2 1.1.0; uniref100.KO.1.dmnd; sha256:1b86ef3eac0813c1853f53182c17657045e3763d66f384ec95747261a63ae46f	99.99	1.14	strict_95_2	178	167495	5631777	0	Contig	no_general_contig_count_exclusion; local_element_absence_requires_separate_assessment	/srv/CRC-PHIRE/projects/crc-pipeline/results/aimbeta_panel_freeze_20261002/final_genomes/GCF_026966035.1.fna	/srv/CRC-PHIRE/scratch/crc-phage/aimbeta_panel_freeze_20261002/fasta/GCF_026966035.1.fna	602c19ce26663dc6775a5c2653ed46335d6d366a81cb1f33e241a094e42516e8	exact_accession_cache	official_accession_version_and_BioSample_and_sequence_total_length_match	true	complete_available_published_series_for_replication_not_phage_positive_selection	2026-10-02	fd7cd683b937cce7290d478a2198e3b104d136176bcf9aef7df7d99028de5751	GCF_026966035.1	remote/ncbi_reports/reports_02.json	95dddad9678ccbaed8d1699a14393959bd15e49149cbbd558371d67d6179ce62
AimBeta_final_v1_20261002	include	passed_source_identity_taxonomy_QC	research_catalog_published_series_benchmark	GCF_026965975.1	GCA_026965975.1	BF_FA_COP_DK_2009_10	ISOLATE_SAMN32123219	SAMN32123219	PRJNA910333	unknown	Faeces	Homo sapiens	Denmark	unknown	child_faecal_reference_not_adult_matched_control	https://www.nature.com/articles/s43856-026-01403-1#Sec17; WGS isolate metadata!A14:J14	child_reference_separate_context	false	catalog inclusion does not establish donor independence or comparable CRC/control design; published blood series only scoped exploration	cultured_isolate_supported	original isolate paper exact BioSample join | BioProject=Bacteroides fragilis Genome sequencing and assembly | A collection of Bacteroides fragilis isolates collected from patients in danish hospitals from 1964-2021	https://www.ncbi.nlm.nih.gov/biosample/SAMN32123219;https://www.nature.com/articles/s43856-026-01403-1#Sec17;https://www.ncbi.nlm.nih.gov/bioproject/PRJNA910333	Traceable named isolate submission; source reviewed; no unresolved collision within frozen input; independent donor not inferred	ISOLATE_SAMN32123219	SEQ_23e12745d9a313f9	23e12745d9a313f9f06d4aaa3843d5cf2892e5069b2d24ca8ca104d8831fa9dc	Bacteroides fragilis	Bacteroides fragilis	817	Bacteroides fragilis (division I)	Bf_divI	accepted	GCA_000025985.1	99.02	85.37	86.17	11.11	skani 0.3.2 --medium; ANI>=95%, both AF>=65%; Bf divisions separate; anomalous Pm independently checked with bidirectional fastANI	fdeb8d7a108620392c36af15a1ee217210c8ba681638aa6865dca3d6eba5f3fd	../../remote/taxonomy/ani_to_refs.tsv	CheckM2 1.1.0	CheckM2 1.1.0; uniref100.KO.1.dmnd; sha256:1b86ef3eac0813c1853f53182c17657045e3763d66f384ec95747261a63ae46f	99.99	1.93	strict_95_2	102	176377	5300071	0	Contig	no_general_contig_count_exclusion; local_element_absence_requires_separate_assessment	/srv/CRC-PHIRE/projects/crc-pipeline/results/aimbeta_panel_freeze_20261002/final_genomes/GCF_026965975.1.fna	/srv/CRC-PHIRE/scratch/crc-phage/aimbeta_panel_freeze_20261002/fasta/GCF_026965975.1.fna	7e1616c58fa8050c2e8b7331e1a854bdfc0d1cbde3e581b0f8aba94ff5dcf5f6	exact_accession_cache	official_accession_version_and_BioSample_and_sequence_total_length_match	true	complete_available_published_series_for_replication_not_phage_positive_selection	2026-10-02	fd7cd683b937cce7290d478a2198e3b104d136176bcf9aef7df7d99028de5751	GCF_026965975.1	remote/ncbi_reports/reports_02.json	95dddad9678ccbaed8d1699a14393959bd15e49149cbbd558371d67d6179ce62
AimBeta_final_v1_20261002	include	passed_source_identity_taxonomy_QC	research_catalog_published_series_benchmark	GCF_026965985.1	GCA_026965985.1	BF_FA_COP_DK_2009_11	ISOLATE_SAMN32123220	SAMN32123220	PRJNA910333	unknown	Faeces	Homo sapiens	Denmark	unknown	child_faecal_reference_not_adult_matched_control	https://www.nature.com/articles/s43856-026-01403-1#Sec17; WGS isolate metadata!A15:J15	child_reference_separate_context	false	catalog inclusion does not establish donor independence or comparable CRC/control design; published blood series only scoped exploration	cultured_isolate_supported	original isolate paper exact BioSample join | BioProject=Bacteroides fragilis Genome sequencing and assembly | A collection of Bacteroides fragilis isolates collected from patients in danish hospitals from 1964-2021	https://www.ncbi.nlm.nih.gov/biosample/SAMN32123220;https://www.nature.com/articles/s43856-026-01403-1#Sec17;https://www.ncbi.nlm.nih.gov/bioproject/PRJNA910333	Traceable named isolate submission; source reviewed; no unresolved collision within frozen input; independent donor not inferred	ISOLATE_SAMN32123220	SEQ_75493e43dd48eaf1	75493e43dd48eaf1b58ff0439dbeaf3a5e634520e04876217b1b695a6f65cfa2	Bacteroides fragilis	Bacteroides fragilis	817	Bacteroides fragilis (division I)	Bf_divI	accepted	GCA_000025985.1	98.86	87.22	82.27	11.05	skani 0.3.2 --medium; ANI>=95%, both AF>=65%; Bf divisions separate; anomalous Pm independently checked with bidirectional fastANI	fdeb8d7a108620392c36af15a1ee217210c8ba681638aa6865dca3d6eba5f3fd	../../remote/taxonomy/ani_to_refs.tsv	CheckM2 1.1.0	CheckM2 1.1.0; uniref100.KO.1.dmnd; sha256:1b86ef3eac0813c1853f53182c17657045e3763d66f384ec95747261a63ae46f	99.95	0.2	strict_95_2	55	324581	4950482	0	Contig	no_general_contig_count_exclusion; local_element_absence_requires_separate_assessment	/srv/CRC-PHIRE/projects/crc-pipeline/results/aimbeta_panel_freeze_20261002/final_genomes/GCF_026965985.1.fna	/srv/CRC-PHIRE/scratch/crc-phage/aimbeta_panel_freeze_20261002/fasta/GCF_026965985.1.fna	54fcc2e96e4b3c5deb184fbe457ea16c4d234e580b7e3a3fe17c4f656d7a1767	exact_accession_cache	official_accession_version_and_BioSample_and_sequence_total_length_match	true	complete_available_published_series_for_replication_not_phage_positive_selection	2026-10-02	fd7cd683b937cce7290d478a2198e3b104d136176bcf9aef7df7d99028de5751	GCF_026965985.1	remote/ncbi_reports/reports_02.json	95dddad9678ccbaed8d1699a14393959bd15e49149cbbd558371d67d6179ce62
AimBeta_final_v1_20261002	include	passed_source_identity_taxonomy_QC	research_catalog_published_series_benchmark	GCF_026966095.1	GCA_026966095.1	BF_FA_COP_DK_2009_13	ISOLATE_SAMN32123221	SAMN32123221	PRJNA910333	unknown	Faeces	Homo sapiens	Denmark	unknown	child_faecal_reference_not_adult_matched_control	https://www.nature.com/articles/s43856-026-01403-1#Sec17; WGS isolate metadata!A16:J16	child_reference_separate_context	false	catalog inclusion does not establish donor independence or comparable CRC/control design; published blood series only scoped exploration	cultured_isolate_supported	original isolate paper exact BioSample join | BioProject=Bacteroides fragilis Genome sequencing and assembly | A collection of Bacteroides fragilis isolates collected from patients in danish hospitals from 1964-2021	https://www.ncbi.nlm.nih.gov/biosample/SAMN32123221;https://www.nature.com/articles/s43856-026-01403-1#Sec17;https://www.ncbi.nlm.nih.gov/bioproject/PRJNA910333	Traceable named isolate submission; source reviewed; no unresolved collision within frozen input; independent donor not inferred	ISOLATE_SAMN32123221	SEQ_9c36c6b935104be0	9c36c6b935104be0c9ac3b2ead1d46eb3e205d8e653595d4cd008b232f917a74	Bacteroides fragilis	Bacteroides fragilis	817	Bacteroides fragilis (division I)	Bf_divI	accepted	GCA_000025985.1	99.02	87.01	84.73	11.47	skani 0.3.2 --medium; ANI>=95%, both AF>=65%; Bf divisions separate; anomalous Pm independently checked with bidirectional fastANI	fdeb8d7a108620392c36af15a1ee217210c8ba681638aa6865dca3d6eba5f3fd	../../remote/taxonomy/ani_to_refs.tsv	CheckM2 1.1.0	CheckM2 1.1.0; uniref100.KO.1.dmnd; sha256:1b86ef3eac0813c1853f53182c17657045e3763d66f384ec95747261a63ae46f	99.96	1.76	strict_95_2	86	175823	5114452	0	Contig	no_general_contig_count_exclusion; local_element_absence_requires_separate_assessment	/srv/CRC-PHIRE/projects/crc-pipeline/results/aimbeta_panel_freeze_20261002/final_genomes/GCF_026966095.1.fna	/srv/CRC-PHIRE/scratch/crc-phage/aimbeta_panel_freeze_20261002/fasta/GCF_026966095.1.fna	861757887a2bfa1358452503d206abbaca92b09c82a92e9d0406a51aa2713681	exact_accession_cache	official_accession_version_and_BioSample_and_sequence_total_length_match	true	complete_available_published_series_for_replication_not_phage_positive_selection	2026-10-02	fd7cd683b937cce7290d478a2198e3b104d136176bcf9aef7df7d99028de5751	GCF_026966095.1	remote/ncbi_reports/reports_02.json	95dddad9678ccbaed8d1699a14393959bd15e49149cbbd558371d67d6179ce62
AimBeta_final_v1_20261002	include	passed_source_identity_taxonomy_QC	research_catalog_published_series_benchmark	GCF_026965925.1	GCA_026965925.1	BF_FA_COP_DK_2009_16	ISOLATE_SAMN32123222	SAMN32123222	PRJNA910333	unknown	Faeces	Homo sapiens	Denmark	unknown	child_faecal_reference_not_adult_matched_control	https://www.nature.com/articles/s43856-026-01403-1#Sec17; WGS isolate metadata!A17:J17	child_reference_separate_context	false	catalog inclusion does not establish donor independence or comparable CRC/control design; published blood series only scoped exploration	cultured_isolate_supported	original isolate paper exact BioSample join | BioProject=Bacteroides fragilis Genome sequencing and assembly | A collection of Bacteroides fragilis isolates collected from patients in danish hospitals from 1964-2021	https://www.ncbi.nlm.nih.gov/biosample/SAMN32123222;https://www.nature.com/articles/s43856-026-01403-1#Sec17;https://www.ncbi.nlm.nih.gov/bioproject/PRJNA910333	Traceable named isolate submission; source reviewed; no unresolved collision within frozen input; independent donor not inferred	ISOLATE_SAMN32123222	SEQ_9854bad8d70f4469	9854bad8d70f4469c546adfd3cb817973d7d0a28d91a1c9f9ae7d629584a67f7	Bacteroides fragilis	Bacteroides fragilis	817	Bacteroides fragilis (division I)	Bf_divI	accepted	GCA_000025985.1	99.36	88.25	87.93	11.5	skani 0.3.2 --medium; ANI>=95%, both AF>=65%; Bf divisions separate; anomalous Pm independently checked with bidirectional fastANI	fdeb8d7a108620392c36af15a1ee217210c8ba681638aa6865dca3d6eba5f3fd	../../remote/taxonomy/ani_to_refs.tsv	CheckM2 1.1.0	CheckM2 1.1.0; uniref100.KO.1.dmnd; sha256:1b86ef3eac0813c1853f53182c17657045e3763d66f384ec95747261a63ae46f	99.98	0.38	strict_95_2	75	272547	5228552	0	Contig	no_general_contig_count_exclusion; local_element_absence_requires_separate_assessment	/srv/CRC-PHIRE/projects/crc-pipeline/results/aimbeta_panel_freeze_20261002/final_genomes/GCF_026965925.1.fna	/srv/CRC-PHIRE/scratch/crc-phage/aimbeta_panel_freeze_20261002/fasta/GCF_026965925.1.fna	4bbb8e34f5da6651b391d450c3a12285573a853cf0fa6b7ca5e0d135ce95f5b8	exact_accession_cache	official_accession_version_and_BioSample_and_sequence_total_length_match	true	complete_available_published_series_for_replication_not_phage_positive_selection	2026-10-02	fd7cd683b937cce7290d478a2198e3b104d136176bcf9aef7df7d99028de5751	GCF_026965925.1	remote/ncbi_reports/reports_02.json	95dddad9678ccbaed8d1699a14393959bd15e49149cbbd558371d67d6179ce62
AimBeta_final_v1_20261002	include	passed_source_identity_taxonomy_QC	research_catalog	GCF_000965785.1	GCA_000965785.1	BOB25	ISOLATE_SAMN03420872	SAMN03420872	PRJNA278510	unknown	human stool sample	unknown	Russia: Saint Petersburg	unknown	unknown	unknown	none	false	catalog inclusion does not establish donor independence or comparable CRC/control design; published blood series only scoped exploration	cultured_isolate_supported	BioProject=Genome sequencing and assembly of Bacteroides fragilis enterotoxigenic isolate BOB25 | 	https://www.ncbi.nlm.nih.gov/biosample/SAMN03420872;https://www.ncbi.nlm.nih.gov/bioproject/PRJNA278510	Traceable named isolate submission; source reviewed; no unresolved collision within frozen input; independent donor not inferred	ISOLATE_SAMN03420872	SEQ_f7d0a5a135a9a7a3	f7d0a5a135a9a7a3d2aa74f4f79af5b0ee9454a797904b5ed214a5547bae7995	Bacteroides fragilis	Bacteroides fragilis	817	Bacteroides fragilis (division I)	Bf_divI	accepted	GCA_000025985.1	98.97	88.4	89.09	11.0	skani 0.3.2 --medium; ANI>=95%, both AF>=65%; Bf divisions separate; anomalous Pm independently checked with bidirectional fastANI	fdeb8d7a108620392c36af15a1ee217210c8ba681638aa6865dca3d6eba5f3fd	../../remote/taxonomy/ani_to_refs.tsv	CheckM2 1.1.0	CheckM2 1.1.0; uniref100.KO.1.dmnd; sha256:1b86ef3eac0813c1853f53182c17657045e3763d66f384ec95747261a63ae46f	99.92	1.93	strict_95_2	1	5282232	5282232	0	Complete Genome	no_general_contig_count_exclusion; local_element_absence_requires_separate_assessment	/srv/CRC-PHIRE/projects/crc-pipeline/results/aimbeta_panel_freeze_20261002/final_genomes/GCF_000965785.1.fna	/srv/CRC-PHIRE/scratch/crc-phage/aimbeta_panel_freeze_20261002/fasta/GCF_000965785.1.fna	044a3d9fd2185567a1dcf4d18000edb86f06c54891af32f54dfe206d4b995377	NCBI_Datasets_download	official_accession_version_and_BioSample_and_sequence_total_length_match	true	NA	2026-10-02	fd7cd683b937cce7290d478a2198e3b104d136176bcf9aef7df7d99028de5751	GCF_000965785.1	remote/ncbi_reports/reports_01.json	2fbd9572ca5335eb7589fadb4de0ad66f3c82bd9cf7bea089e731a7f6751150a
AimBeta_final_v1_20261002	include	passed_source_identity_taxonomy_QC	research_catalog	GCF_039761575.1	GCA_039761575.1	BSD2780061687st1_G7_BSD2780061687_150420	ISOLATE_SAMN41376017	SAMN41376017	PRJNA1093465	unknown	rich broth	Homo sapiens	USA: New York	unknown	unknown	unknown	none	false	catalog inclusion does not establish donor independence or comparable CRC/control design; published blood series only scoped exploration	cultured_isolate_supported	NCBI MIGS cultured bacteria package=MIGS.ba.human-gut.6.0 | isolation/growth reference=37C rich media | BioProject=human gut bacterial isolate genomes Genome sequencing and assembly | 	https://www.ncbi.nlm.nih.gov/biosample/SAMN41376017;https://www.ncbi.nlm.nih.gov/bioproject/PRJNA1093465	Traceable named isolate submission; source reviewed; no unresolved collision within frozen input; independent donor not inferred	ISOLATE_SAMN41376017	SEQ_571bce9aab61c6b0	571bce9aab61c6b0d3ec5099c29eed2ef912c302be044e646f6cfb88244c8039	Bacteroides fragilis	Bacteroides fragilis	817	Bacteroides fragilis (division I)	Bf_divI	accepted	GCA_000025985.1	99.36	92.11	90.88	11.78	skani 0.3.2 --medium; ANI>=95%, both AF>=65%; Bf divisions separate; anomalous Pm independently checked with bidirectional fastANI	fdeb8d7a108620392c36af15a1ee217210c8ba681638aa6865dca3d6eba5f3fd	../../remote/taxonomy/ani_to_refs.tsv	CheckM2 1.1.0	CheckM2 1.1.0; uniref100.KO.1.dmnd; sha256:1b86ef3eac0813c1853f53182c17657045e3763d66f384ec95747261a63ae46f	99.97	0.73	strict_95_2	26	502195	5171441	97	Scaffold	no_general_contig_count_exclusion; local_element_absence_requires_separate_assessment	/srv/CRC-PHIRE/projects/crc-pipeline/results/aimbeta_panel_freeze_20261002/final_genomes/GCF_039761575.1.fna	/srv/CRC-PHIRE/scratch/crc-phage/aimbeta_panel_freeze_20261002/fasta/GCF_039761575.1.fna	9a7273b57dd2951d23982c391dd6c9f58162007eeccccecd8ca6fd144a6bce4e	NCBI_Datasets_download	official_accession_version_and_BioSample_and_sequence_total_length_match	true	NA	2026-10-02	fd7cd683b937cce7290d478a2198e3b104d136176bcf9aef7df7d99028de5751	GCF_039761575.1	remote/ncbi_reports/reports_03.json	8a5753bfcfcca71504fa1eb5612a7cdac1a8b9c740b317c90304e5861d8b3dfb
AimBeta_final_v1_20261002	include	passed_source_identity_taxonomy_QC	research_catalog	GCF_018292185.1	GCA_018292185.1	CL03T12C07	BF_CL03T12C07	SAMN16451179	PRJNA669351	unknown	feces	Homo sapiens	USA: Boston	unknown	unknown	unknown	none	false	catalog inclusion does not establish donor independence or comparable CRC/control design; published blood series only scoped exploration	cultured_isolate_supported	"BioSample sample_type=cultured bacterial isolate | BioProject=Bacteroides and Parabacteroides fecal isolates from three individuals examined via PacBio sequencing and assembly | Several fecal isolates from each of three individuals are examined via PacBio sequencing and assembly for the propensity of integrative and conjugative elements (ICE) carrying Type VI secretion system (T6SS) loci to propagate or ""sweep"" through communities of Bacteroides and Parabacteroides co-resident in the human gut microbiota."	https://www.ncbi.nlm.nih.gov/biosample/SAMN16451179;https://www.ncbi.nlm.nih.gov/bioproject/PRJNA669351	Original assembly comments name Laurie Comstock as bacteria provider; new BioSample same provider, named strain and concordant sequence	BF_CL03T12C07	SEQ_47309d53acfe1d10	47309d53acfe1d10328a31f98e0b39780186a879942a4a372f9bd188b07f4e69	Bacteroides fragilis CL03T12C07	Bacteroides fragilis CL03T12C07	997879	Bacteroides fragilis (division I)	Bf_divI	accepted	GCA_000025985.1	99.08	85.56	85.27	11.39	skani 0.3.2 --medium; ANI>=95%, both AF>=65%; Bf divisions separate; anomalous Pm independently checked with bidirectional fastANI	fdeb8d7a108620392c36af15a1ee217210c8ba681638aa6865dca3d6eba5f3fd	../../remote/taxonomy/ani_to_refs.tsv	CheckM2 1.1.0	CheckM2 1.1.0; uniref100.KO.1.dmnd; sha256:1b86ef3eac0813c1853f53182c17657045e3763d66f384ec95747261a63ae46f	99.96	0.44	strict_95_2	1	5224217	5224217	0	Complete Genome	no_general_contig_count_exclusion; local_element_absence_requires_separate_assessment	/srv/CRC-PHIRE/projects/crc-pipeline/results/aimbeta_panel_freeze_20261002/final_genomes/GCF_018292185.1.fna	/srv/CRC-PHIRE/scratch/crc-phage/aimbeta_panel_freeze_20261002/fasta/GCF_018292185.1.fna	feb6f9caab92caa1192c6f45178ec8ef2b0dd8a442e2573fa45f84cd6951c0b9	NCBI_Datasets_download	official_accession_version_and_BioSample_and_sequence_total_length_match	true	NA	2026-10-02	fd7cd683b937cce7290d478a2198e3b104d136176bcf9aef7df7d99028de5751	GCF_018292185.1	remote/ncbi_reports/reports_01.json	2fbd9572ca5335eb7589fadb4de0ad66f3c82bd9cf7bea089e731a7f6751150a
AimBeta_final_v1_20261002	include	passed_source_identity_taxonomy_QC	research_catalog	GCF_000273135.1	GCA_000273135.1	CL05T12C13	ISOLATE_SAMN02463924	SAMN02463924	PRJNA64817	unknown	biological product [ENVO:02000043]	Homo sapiens	not provided	unknown	unknown	unknown	none	false	catalog inclusion does not establish donor independence or comparable CRC/control design; published blood series only scoped exploration	cultured_isolate_supported	"NCBI MIGS cultured bacteria package=MIGS.ba.6.0 | source_material_id=BEI HM-712 | BioProject=Reference genome for the Human Microbiome Project | Genomes of microorganisms that have been isolated in and on the human body, to be used as Reference Genomes for the Human Microbiome Project (HMP) | NIH Human Microbiome Project (HMP) Roadmap Project |  | assembly comment=The annotation was added by the NCBI Prokaryotic Genome Annotation Pipeline (PGAP). Information about PGAP can be found here: https://www.ncbi.nlm.nih.gov/genome/annotation_prok/
This is a reference genome for the Human Microbiome Project. This project is co-owned with the Human Microbiome Project DACC.
Source DNA provided by Michael J. Coyne, Laurie E. Comstock. (Brigham and Women's Hospital, Channing Laboratory, 181 Longwood Avenue, Boston MA 02115).
Bacteria provided by Naamah L. Zitomersky, Michael J. Coyne, Laurie E. Comstock. (Brigham and Women's Hospital, Channing Laboratory, 181 Longwood Avenue, Boston MA 02115).
Please be aware that the annotation is done automatically with little or no manual curation.
Gene Calling Method: Prodigal."	https://www.ncbi.nlm.nih.gov/biosample/SAMN02463924;https://www.ncbi.nlm.nih.gov/bioproject/PRJNA64817	Traceable named isolate submission; source reviewed; no unresolved collision within frozen input; independent donor not inferred	ISOLATE_SAMN02463924	SEQ_27144b81d1a3cf1f	27144b81d1a3cf1fe926f6b0223968671d1ea86bafad2ddbb16faafcb8076ca9	Bacteroides fragilis CL05T12C13	Bacteroides fragilis CL05T12C13	997881	Bacteroides fragilis (division I)	Bf_divI	accepted	GCA_000025985.1	98.76	81.11	81.73	11.28	skani 0.3.2 --medium; ANI>=95%, both AF>=65%; Bf divisions separate; anomalous Pm independently checked with bidirectional fastANI	fdeb8d7a108620392c36af15a1ee217210c8ba681638aa6865dca3d6eba5f3fd	../../remote/taxonomy/ani_to_refs.tsv	CheckM2 1.1.0	CheckM2 1.1.0; uniref100.KO.1.dmnd; sha256:1b86ef3eac0813c1853f53182c17657045e3763d66f384ec95747261a63ae46f	99.97	0.64	strict_95_2	13	2643952	5281556	9098	Scaffold	no_general_contig_count_exclusion; local_element_absence_requires_separate_assessment	/srv/CRC-PHIRE/projects/crc-pipeline/results/aimbeta_panel_freeze_20261002/final_genomes/GCF_000273135.1.fna	/srv/CRC-PHIRE/scratch/crc-phage/aimbeta_panel_freeze_20261002/fasta/GCF_000273135.1.fna	b4b3adac79224b6e68b7f7fdef85a0fac4b5ec0706752ffbb5514c7efb7b6c5d	NCBI_Datasets_download	official_accession_version_and_BioSample_and_sequence_total_length_match	true	NA	2026-10-02	fd7cd683b937cce7290d478a2198e3b104d136176bcf9aef7df7d99028de5751	GCF_000273135.1	remote/ncbi_reports/reports_01.json	2fbd9572ca5335eb7589fadb4de0ad66f3c82bd9cf7bea089e731a7f6751150a
AimBeta_final_v1_20261002	include	passed_source_identity_taxonomy_QC	research_catalog	GCF_000263115.1	GCA_000263115.1	CL07T00C01	ISOLATE_SAMN02463925	SAMN02463925	PRJNA64819	unknown	biological product [ENVO:02000043]	Homo sapiens	not provided	unknown	unknown	unknown	none	false	catalog inclusion does not establish donor independence or comparable CRC/control design; published blood series only scoped exploration	cultured_isolate_supported	"NCBI MIGS cultured bacteria package=MIGS.ba.6.0 | source_material_id=BEI HM-709 | BioProject=Reference genome for the Human Microbiome Project | Genomes of microorganisms that have been isolated in and on the human body, to be used as Reference Genomes for the Human Microbiome Project (HMP) | NIH Human Microbiome Project (HMP) Roadmap Project |  | assembly comment=The annotation was added by the NCBI Prokaryotic Genome Annotation Pipeline (PGAP). Information about PGAP can be found here: https://www.ncbi.nlm.nih.gov/genome/annotation_prok/
This is a reference genome for the Human Microbiome Project. This project is co-owned with the Human Microbiome Project DACC.
Source DNA provided by Michael J. Coyne, Laurie E. Comstock. (Brigham and Women's Hospital, Channing Laboratory, 181 Longwood Avenue, Boston MA 02115).
Bacteria provided by Naamah L. Zitomersky, Michael J. Coyne, Laurie E. Comstock. (Brigham and Women's Hospital, Channing Laboratory, 181 Longwood Avenue, Boston MA 02115).
Please be aware that the annotation is done automatically with little or no manual curation.
Gene Calling Method: Prodigal."	https://www.ncbi.nlm.nih.gov/biosample/SAMN02463925;https://www.ncbi.nlm.nih.gov/bioproject/PRJNA64819	Traceable named isolate submission; source reviewed; no unresolved collision within frozen input; independent donor not inferred	ISOLATE_SAMN02463925	SEQ_1c3e1890e2b0b4d1	1c3e1890e2b0b4d1c89d53c736a5755019290b064ce997cddd4a7e18d115bc20	Bacteroides fragilis CL07T00C01	Bacteroides fragilis CL07T00C01	997882	Bacteroides fragilis (division I)	Bf_divI	accepted	GCA_000025985.1	98.92	82.64	85.51	11.33	skani 0.3.2 --medium; ANI>=95%, both AF>=65%; Bf divisions separate; anomalous Pm independently checked with bidirectional fastANI	fdeb8d7a108620392c36af15a1ee217210c8ba681638aa6865dca3d6eba5f3fd	../../remote/taxonomy/ani_to_refs.tsv	CheckM2 1.1.0	CheckM2 1.1.0; uniref100.KO.1.dmnd; sha256:1b86ef3eac0813c1853f53182c17657045e3763d66f384ec95747261a63ae46f	99.99	3.09	core_90_5	9	3868655	5423654	9430	Scaffold	no_general_contig_count_exclusion; local_element_absence_requires_separate_assessment	/srv/CRC-PHIRE/projects/crc-pipeline/results/aimbeta_panel_freeze_20261002/final_genomes/GCF_000263115.1.fna	/srv/CRC-PHIRE/scratch/crc-phage/aimbeta_panel_freeze_20261002/fasta/GCF_000263115.1.fna	a9a1518b295ec95ec919c3cf7a44f653a821c223c60c62547a6bea298646a0b3	NCBI_Datasets_download	official_accession_version_and_BioSample_and_sequence_total_length_match	true	NA	2026-10-02	fd7cd683b937cce7290d478a2198e3b104d136176bcf9aef7df7d99028de5751	GCF_000263115.1	remote/ncbi_reports/reports_01.json	2fbd9572ca5335eb7589fadb4de0ad66f3c82bd9cf7bea089e731a7f6751150a
AimBeta_final_v1_20261002	include	passed_source_identity_taxonomy_QC	research_catalog	GCF_040097905.1	GCA_040097905.1	CLA-JM-H48	ISOLATE_SAMN40631535	SAMN40631535	PRJNA996881	unknown	feces [UBERON:0001988]	Homo sapiens	Germany:Aachen	unknown	unknown	unknown	none	false	catalog inclusion does not establish donor independence or comparable CRC/control design; published blood series only scoped exploration	cultured_isolate_supported	NCBI MIGS cultured bacteria package=MIGS.ba.human-gut.6.0	https://www.ncbi.nlm.nih.gov/biosample/SAMN40631535	Traceable named isolate submission; source reviewed; no unresolved collision within frozen input; independent donor not inferred	ISOLATE_SAMN40631535	SEQ_6f417712b14cfe13	6f417712b14cfe13f84abb411fd6cedd7405f03ba3d1efc82eab0e2c0a3e1f18	Bacteroides fragilis	Bacteroides fragilis	817	Bacteroides fragilis (division I)	Bf_divI	accepted	GCA_000025985.1	98.9	89.05	86.88	11.09	skani 0.3.2 --medium; ANI>=95%, both AF>=65%; Bf divisions separate; anomalous Pm independently checked with bidirectional fastANI	fdeb8d7a108620392c36af15a1ee217210c8ba681638aa6865dca3d6eba5f3fd	../../remote/taxonomy/ani_to_refs.tsv	CheckM2 1.1.0	CheckM2 1.1.0; uniref100.KO.1.dmnd; sha256:1b86ef3eac0813c1853f53182c17657045e3763d66f384ec95747261a63ae46f	99.94	1.72	strict_95_2	21	522849	5113804	0	Contig	no_general_contig_count_exclusion; local_element_absence_requires_separate_assessment	/srv/CRC-PHIRE/projects/crc-pipeline/results/aimbeta_panel_freeze_20261002/final_genomes/GCF_040097905.1.fna	/srv/CRC-PHIRE/scratch/crc-phage/aimbeta_panel_freeze_20261002/fasta/GCF_040097905.1.fna	e5633e1779bbf815d18adaa0349bb519aff1ea53d29269c6dd83e012f564b79c	NCBI_Datasets_download	official_accession_version_and_BioSample_and_sequence_total_length_match	true	NA	2026-10-02	fd7cd683b937cce7290d478a2198e3b104d136176bcf9aef7df7d99028de5751	GCF_040097905.1	remote/ncbi_reports/reports_03.json	8a5753bfcfcca71504fa1eb5612a7cdac1a8b9c740b317c90304e5861d8b3dfb
AimBeta_final_v1_20261002	include	passed_source_identity_taxonomy_QC	research_catalog	GCF_015831765.1	GCA_015831765.1	CMU36	ISOLATE_SAMN15915571	SAMN15915571	PRJNA659564	unknown	mini-bioreactor of chicken cecal community	unknown	Canada: Lethbridge	unknown	unknown	unknown	none	false	catalog inclusion does not establish donor independence or comparable CRC/control design; published blood series only scoped exploration	cultured_isolate_supported	BioSample sample_type=cell culture | BioProject=Bacterial isolates able to utilize canola meal | 	https://www.ncbi.nlm.nih.gov/biosample/SAMN15915571;https://www.ncbi.nlm.nih.gov/bioproject/PRJNA659564	Traceable named isolate submission; source reviewed; no unresolved collision within frozen input; independent donor not inferred	ISOLATE_SAMN15915571	SEQ_ae97948ebb5c25c1	ae97948ebb5c25c18425cb3e441d39b7ca9d192c873e865112bd159638d8e974	Bacteroides fragilis	Bacteroides fragilis	817	Bacteroides fragilis (division I)	Bf_divI	accepted	GCA_000025985.1	99.08	89.64	84.43	11.33	skani 0.3.2 --medium; ANI>=95%, both AF>=65%; Bf divisions separate; anomalous Pm independently checked with bidirectional fastANI	fdeb8d7a108620392c36af15a1ee217210c8ba681638aa6865dca3d6eba5f3fd	../../remote/taxonomy/ani_to_refs.tsv	CheckM2 1.1.0	CheckM2 1.1.0; uniref100.KO.1.dmnd; sha256:1b86ef3eac0813c1853f53182c17657045e3763d66f384ec95747261a63ae46f	99.97	0.77	strict_95_2	72	272224	4943232	352	Scaffold	no_general_contig_count_exclusion; local_element_absence_requires_separate_assessment	/srv/CRC-PHIRE/projects/crc-pipeline/results/aimbeta_panel_freeze_20261002/final_genomes/GCF_015831765.1.fna	/srv/CRC-PHIRE/scratch/crc-phage/aimbeta_panel_freeze_20261002/fasta/GCF_015831765.1.fna	8ed2fc01859480c500514611ec95ddf6697bb8455997c558bd4e56af4f87693d	NCBI_Datasets_download	official_accession_version_and_BioSample_and_sequence_total_length_match	true	NA	2026-10-02	fd7cd683b937cce7290d478a2198e3b104d136176bcf9aef7df7d99028de5751	GCF_015831765.1	remote/ncbi_reports/reports_01.json	2fbd9572ca5335eb7589fadb4de0ad66f3c82bd9cf7bea089e731a7f6751150a
AimBeta_final_v1_20261002	include	passed_source_identity_taxonomy_QC	research_catalog	GCF_988235855.1	GCA_988235855.1	CNGBoF3MHA02011B	ISOLATE_SAMEA123409795	SAMEA123409795	PRJEB124963	unknown	fecal material [ENVO:00002003]	unknown	China	unknown	unknown	unknown	none	false	catalog inclusion does not establish donor independence or comparable CRC/control design; published blood series only scoped exploration	cultured_isolate_supported	BioProject=1,150 isolated gut bacterial complete genomes |  | BioSample comment=Cultured bacterial isolate from the human gut for complete genome sequencing | project_name=Cultivated Complete Genome Reference (CCGR)	https://www.ncbi.nlm.nih.gov/biosample/SAMEA123409795;https://www.ncbi.nlm.nih.gov/bioproject/PRJEB124963	Traceable named isolate submission; source reviewed; no unresolved collision within frozen input; independent donor not inferred	ISOLATE_SAMEA123409795	SEQ_08da40f3f0eb53b2	08da40f3f0eb53b237683038611289e39eee173375c3027077829b54d61adde2	Bacteroides fragilis	Bacteroides fragilis	817	Bacteroides fragilis (division I)	Bf_divI	accepted	GCA_000025985.1	99.09	87.11	87.62	11.13	skani 0.3.2 --medium; ANI>=95%, both AF>=65%; Bf divisions separate; anomalous Pm independently checked with bidirectional fastANI	fdeb8d7a108620392c36af15a1ee217210c8ba681638aa6865dca3d6eba5f3fd	../../remote/taxonomy/ani_to_refs.tsv	CheckM2 1.1.0	CheckM2 1.1.0; uniref100.KO.1.dmnd; sha256:1b86ef3eac0813c1853f53182c17657045e3763d66f384ec95747261a63ae46f	99.94	3.06	core_90_5	1	5271986	5271986	0	Complete Genome	no_general_contig_count_exclusion; local_element_absence_requires_separate_assessment	/srv/CRC-PHIRE/projects/crc-pipeline/results/aimbeta_panel_freeze_20261002/final_genomes/GCF_988235855.1.fna	/srv/CRC-PHIRE/scratch/crc-phage/aimbeta_panel_freeze_20261002/fasta/GCF_988235855.1.fna	e4337ad59326d6b603b523982b23ce148c909f0057692630a43768b519626345	NCBI_Datasets_download	official_accession_version_and_BioSample_and_sequence_total_length_match	true	NA	2026-10-02	fd7cd683b937cce7290d478a2198e3b104d136176bcf9aef7df7d99028de5751	GCF_988235855.1	remote/ncbi_reports/reports_00.json	05c17e1b1cc99e6a5e7dce62a6ced77c3038349e01753da67a0262b914c787a0
AimBeta_final_v1_20261002	include	passed_source_identity_taxonomy_QC	research_catalog	GCF_000724795.2	GCA_000724795.2	DCMOUH0042B	ISOLATE_SAMN02892979	SAMN02892979	PRJNA253771	unknown	blood	Homo sapiens	Denmark: Odense	unknown	unknown	unknown	none	false	catalog inclusion does not establish donor independence or comparable CRC/control design; published blood series only scoped exploration	cultured_isolate_supported	named strain in clinical/host-associated isolate submission; blood	https://www.ncbi.nlm.nih.gov/biosample/SAMN02892979	Traceable named isolate submission; source reviewed; no unresolved collision within frozen input; independent donor not inferred	ISOLATE_SAMN02892979	SEQ_9f0ad8b11b2db6aa	9f0ad8b11b2db6aa6b1b76b7074af61137ee2270ec0c07cb4dbdfcccbb07f7f8	Bacteroides fragilis	Bacteroides fragilis	817	Bacteroides fragilis (division I)	Bf_divI	accepted	GCA_000025985.1	99.09	86.04	84.61	11.39	skani 0.3.2 --medium; ANI>=95%, both AF>=65%; Bf divisions separate; anomalous Pm independently checked with bidirectional fastANI	fdeb8d7a108620392c36af15a1ee217210c8ba681638aa6865dca3d6eba5f3fd	../../remote/taxonomy/ani_to_refs.tsv	CheckM2 1.1.0	CheckM2 1.1.0; uniref100.KO.1.dmnd; sha256:1b86ef3eac0813c1853f53182c17657045e3763d66f384ec95747261a63ae46f	99.97	0.57	strict_95_2	3	5141257	5155157	0	Complete Genome	no_general_contig_count_exclusion; local_element_absence_requires_separate_assessment	/srv/CRC-PHIRE/projects/crc-pipeline/results/aimbeta_panel_freeze_20261002/final_genomes/GCF_000724795.2.fna	/srv/CRC-PHIRE/scratch/crc-phage/aimbeta_panel_freeze_20261002/fasta/GCF_000724795.2.fna	cc684d7d2537949d3a6ad2b873240b53a00d0a94b8b4bfe00524a1dc881ebf04	NCBI_Datasets_download	official_accession_version_and_BioSample_and_sequence_total_length_match	true	NA	2026-10-02	fd7cd683b937cce7290d478a2198e3b104d136176bcf9aef7df7d99028de5751	GCF_000724795.2	remote/ncbi_reports/reports_01.json	2fbd9572ca5335eb7589fadb4de0ad66f3c82bd9cf7bea089e731a7f6751150a
AimBeta_final_v1_20261002	include	passed_source_identity_taxonomy_QC	research_catalog	GCF_025916355.1	GCA_025916355.1	DH4096B	ISOLATE_SAMN19663831	SAMN19663831	PRJNA736687	unknown	feces	Homo sapiens	USA: Maywood	unknown	unknown	unknown	none	false	catalog inclusion does not establish donor independence or comparable CRC/control design; published blood series only scoped exploration	cultured_isolate_supported	NCBI MIGS cultured bacteria package=MIGS.ba.human-gut.6.0 | isolation/growth reference=11472924	https://www.ncbi.nlm.nih.gov/biosample/SAMN19663831	Traceable named isolate submission; source reviewed; no unresolved collision within frozen input; independent donor not inferred	ISOLATE_SAMN19663831	SEQ_5eb6e8850586fb7a	5eb6e8850586fb7abf94cc0eecf35a416868b286e1b6712fef9ca77f08de62b8	Bacteroides fragilis	Bacteroides fragilis	817	Bacteroides fragilis (division I)	Bf_divI	accepted	GCA_000025985.1	98.97	88.79	83.86	11.04	skani 0.3.2 --medium; ANI>=95%, both AF>=65%; Bf divisions separate; anomalous Pm independently checked with bidirectional fastANI	fdeb8d7a108620392c36af15a1ee217210c8ba681638aa6865dca3d6eba5f3fd	../../remote/taxonomy/ani_to_refs.tsv	CheckM2 1.1.0	CheckM2 1.1.0; uniref100.KO.1.dmnd; sha256:1b86ef3eac0813c1853f53182c17657045e3763d66f384ec95747261a63ae46f	99.96	1.57	strict_95_2	1	4950652	4950652	4045	Chromosome	no_general_contig_count_exclusion; local_element_absence_requires_separate_assessment	/srv/CRC-PHIRE/projects/crc-pipeline/results/aimbeta_panel_freeze_20261002/final_genomes/GCF_025916355.1.fna	/srv/CRC-PHIRE/scratch/crc-phage/aimbeta_panel_freeze_20261002/fasta/GCF_025916355.1.fna	1b553349d209a06769376427ff21657482c58274c34dda8838dda0fd0e54bb0b	NCBI_Datasets_download	official_accession_version_and_BioSample_and_sequence_total_length_match	true	NA	2026-10-02	fd7cd683b937cce7290d478a2198e3b104d136176bcf9aef7df7d99028de5751	GCF_025916355.1	remote/ncbi_reports/reports_01.json	2fbd9572ca5335eb7589fadb4de0ad66f3c82bd9cf7bea089e731a7f6751150a
AimBeta_final_v1_20261002	include	passed_source_identity_taxonomy_QC	research_catalog	GCF_000598505.1	GCA_000598505.1	DS-208	ISOLATE_SAMN02314417	SAMN02314417	PRJNA206107	unknown	unknown	unknown	unknown	unknown	unknown	unknown	none	false	catalog inclusion does not establish donor independence or comparable CRC/control design; published blood series only scoped exploration	cultured_isolate_supported	BioProject=Comparative genomics of human mucosal isolates of the enterotoxigenic Bacteroides fragilis group, etiologic agents of inflammatory diarrheal disease. | 	https://www.ncbi.nlm.nih.gov/biosample/SAMN02314417;https://www.ncbi.nlm.nih.gov/bioproject/PRJNA206107	Traceable named isolate submission; source reviewed; no unresolved collision within frozen input; independent donor not inferred	ISOLATE_SAMN02314417	SEQ_d2d93f47cf602270	d2d93f47cf6022706bfe6336de9ab6eca799cc4510b5cbda24158646a90cfd50	Bacteroides fragilis str. DS-208	Bacteroides fragilis str. DS-208	1339276	Bacteroides fragilis (division I)	Bf_divI	accepted	GCA_000025985.1	98.77	84.36	81.22	10.76	skani 0.3.2 --medium; ANI>=95%, both AF>=65%; Bf divisions separate; anomalous Pm independently checked with bidirectional fastANI	fdeb8d7a108620392c36af15a1ee217210c8ba681638aa6865dca3d6eba5f3fd	../../remote/taxonomy/ani_to_refs.tsv	CheckM2 1.1.0	CheckM2 1.1.0; uniref100.KO.1.dmnd; sha256:1b86ef3eac0813c1853f53182c17657045e3763d66f384ec95747261a63ae46f	99.93	0.06	strict_95_2	271	56245	5051299	0	Contig	no_general_contig_count_exclusion; local_element_absence_requires_separate_assessment	/srv/CRC-PHIRE/projects/crc-pipeline/results/aimbeta_panel_freeze_20261002/final_genomes/GCF_000598505.1.fna	/srv/CRC-PHIRE/scratch/crc-phage/aimbeta_panel_freeze_20261002/fasta/GCF_000598505.1.fna	d70316e23af8468c4c08dacc19ba602fa62dc9e0de5aa901306832059a6cc316	NCBI_Datasets_download	official_accession_version_and_BioSample_and_sequence_total_length_match	true	NA	2026-10-02	fd7cd683b937cce7290d478a2198e3b104d136176bcf9aef7df7d99028de5751	GCF_000598505.1	remote/ncbi_reports/reports_00.json	05c17e1b1cc99e6a5e7dce62a6ced77c3038349e01753da67a0262b914c787a0
AimBeta_final_v1_20261002	include	passed_source_identity_taxonomy_QC	research_catalog	GCF_000598805.1	GCA_000598805.1	Ds-233	ISOLATE_SAMN02314414	SAMN02314414	PRJNA206106	unknown	unknown	unknown	unknown	unknown	unknown	unknown	none	false	catalog inclusion does not establish donor independence or comparable CRC/control design; published blood series only scoped exploration	cultured_isolate_supported	BioProject=Comparative genomics of human mucosal isolates of the enterotoxigenic Bacteroides fragilis group, etiologic agents of inflammatory diarrheal disease. | 	https://www.ncbi.nlm.nih.gov/biosample/SAMN02314414;https://www.ncbi.nlm.nih.gov/bioproject/PRJNA206106	Traceable named isolate submission; source reviewed; no unresolved collision within frozen input; independent donor not inferred	ISOLATE_SAMN02314414	SEQ_3d96e0907deff0dd	3d96e0907deff0dd3527d240ba68190174a30c99570e450214d361d4e0bf27f9	Bacteroides fragilis str. Ds-233	Bacteroides fragilis str. Ds-233	1339275	Bacteroides fragilis (division I)	Bf_divI	accepted	GCA_000025985.1	99.17	88.99	84.81	11.04	skani 0.3.2 --medium; ANI>=95%, both AF>=65%; Bf divisions separate; anomalous Pm independently checked with bidirectional fastANI	fdeb8d7a108620392c36af15a1ee217210c8ba681638aa6865dca3d6eba5f3fd	../../remote/taxonomy/ani_to_refs.tsv	CheckM2 1.1.0	CheckM2 1.1.0; uniref100.KO.1.dmnd; sha256:1b86ef3eac0813c1853f53182c17657045e3763d66f384ec95747261a63ae46f	99.71	0.51	strict_95_2	557	27660	5016071	0	Contig	no_general_contig_count_exclusion; local_element_absence_requires_separate_assessment	/srv/CRC-PHIRE/projects/crc-pipeline/results/aimbeta_panel_freeze_20261002/final_genomes/GCF_000598805.1.fna	/srv/CRC-PHIRE/scratch/crc-phage/aimbeta_panel_freeze_20261002/fasta/GCF_000598805.1.fna	dc13dffaebd6ea9c22b0c0eac5f3411d2c07b254f3d785d378c83436267cd101	NCBI_Datasets_download	official_accession_version_and_BioSample_and_sequence_total_length_match	true	NA	2026-10-02	fd7cd683b937cce7290d478a2198e3b104d136176bcf9aef7df7d99028de5751	GCF_000598805.1	remote/ncbi_reports/reports_00.json	05c17e1b1cc99e6a5e7dce62a6ced77c3038349e01753da67a0262b914c787a0
AimBeta_final_v1_20261002	include	passed_source_identity_taxonomy_QC	research_catalog	GCF_016889925.1	GCA_016889925.1	FDAARGOS_1225	ISOLATE_SAMN16357367	SAMN16357367	PRJNA231221	unknown	unknown	unknown	USA:MD	unknown	unknown	unknown	none	false	catalog inclusion does not establish donor independence or comparable CRC/control design; published blood series only scoped exploration	cultured_isolate_supported	named strain in clinical/host-associated isolate submission; missing | culture_collection=FDA:FDAARGOS_1225	https://www.ncbi.nlm.nih.gov/biosample/SAMN16357367	Traceable named isolate submission; source reviewed; no unresolved collision within frozen input; independent donor not inferred	ISOLATE_SAMN16357367	SEQ_d5d2565eb79277a7	d5d2565eb79277a7c7271fe029803524705b4bbdfec9051ea659f6ac53b9d616	Bacteroides fragilis	Bacteroides fragilis	817	Bacteroides fragilis (division I)	Bf_divI	accepted	GCA_000025985.1	99.08	85.76	85.87	11.13	skani 0.3.2 --medium; ANI>=95%, both AF>=65%; Bf divisions separate; anomalous Pm independently checked with bidirectional fastANI	fdeb8d7a108620392c36af15a1ee217210c8ba681638aa6865dca3d6eba5f3fd	../../remote/taxonomy/ani_to_refs.tsv	CheckM2 1.1.0	CheckM2 1.1.0; uniref100.KO.1.dmnd; sha256:1b86ef3eac0813c1853f53182c17657045e3763d66f384ec95747261a63ae46f	99.99	3.13	core_90_5	2	5150703	5248938	0	Complete Genome	no_general_contig_count_exclusion; local_element_absence_requires_separate_assessment	/srv/CRC-PHIRE/projects/crc-pipeline/results/aimbeta_panel_freeze_20261002/final_genomes/GCF_016889925.1.fna	/srv/CRC-PHIRE/scratch/crc-phage/aimbeta_panel_freeze_20261002/fasta/GCF_016889925.1.fna	ac1c10d2b6aa4bfcbe1dacb57addbc8ac72d5666af33dc100ca4a7c8f0c22448	NCBI_Datasets_download	official_accession_version_and_BioSample_and_sequence_total_length_match	true	NA	2026-10-02	fd7cd683b937cce7290d478a2198e3b104d136176bcf9aef7df7d99028de5751	GCF_016889925.1	remote/ncbi_reports/reports_01.json	2fbd9572ca5335eb7589fadb4de0ad66f3c82bd9cf7bea089e731a7f6751150a
AimBeta_final_v1_20261002	include	passed_source_identity_taxonomy_QC	research_catalog	GCF_019733435.1	GCA_019733435.1	FSDTA-HCK-B8	ISOLATE_SAMN14260656	SAMN14260656	PRJNA609849	unknown	fecal sample	Homo sapiens	China	unknown	unknown	unknown	none	false	catalog inclusion does not establish donor independence or comparable CRC/control design; published blood series only scoped exploration	cultured_isolate_supported	BioSample sample_type=cell culture	https://www.ncbi.nlm.nih.gov/biosample/SAMN14260656	Traceable named isolate submission; source reviewed; no unresolved collision within frozen input; independent donor not inferred	ISOLATE_SAMN14260656	SEQ_e0b469b614a3a1c8	e0b469b614a3a1c844406cf247655630a8bcaff36eceec4f5e2314cf46e04d7e	Bacteroides fragilis	Bacteroides fragilis	817	Bacteroides fragilis (division I)	Bf_divI	accepted	GCA_000025985.1	98.62	83.98	84.63	11.07	skani 0.3.2 --medium; ANI>=95%, both AF>=65%; Bf divisions separate; anomalous Pm independently checked with bidirectional fastANI	fdeb8d7a108620392c36af15a1ee217210c8ba681638aa6865dca3d6eba5f3fd	../../remote/taxonomy/ani_to_refs.tsv	CheckM2 1.1.0	CheckM2 1.1.0; uniref100.KO.1.dmnd; sha256:1b86ef3eac0813c1853f53182c17657045e3763d66f384ec95747261a63ae46f	100.0	0.27	strict_95_2	34	571177	5282608	10	Scaffold	no_general_contig_count_exclusion; local_element_absence_requires_separate_assessment	/srv/CRC-PHIRE/projects/crc-pipeline/results/aimbeta_panel_freeze_20261002/final_genomes/GCF_019733435.1.fna	/srv/CRC-PHIRE/scratch/crc-phage/aimbeta_panel_freeze_20261002/fasta/GCF_019733435.1.fna	e1c57e83af60f1fced21dd19267746695bc6332aec8341e81d6cf7d855435a86	NCBI_Datasets_download	official_accession_version_and_BioSample_and_sequence_total_length_match	true	NA	2026-10-02	fd7cd683b937cce7290d478a2198e3b104d136176bcf9aef7df7d99028de5751	GCF_019733435.1	remote/ncbi_reports/reports_01.json	2fbd9572ca5335eb7589fadb4de0ad66f3c82bd9cf7bea089e731a7f6751150a
AimBeta_final_v1_20261002	include	passed_source_identity_taxonomy_QC	research_catalog	GCF_008369705.1	GCA_008369705.1	GUT04	ISOLATE_SAMN12675660	SAMN12675660	PRJNA563525	unknown	feces	Homo sapiens	South Korea	unknown	unknown	unknown	none	false	catalog inclusion does not establish donor independence or comparable CRC/control design; published blood series only scoped exploration	cultured_isolate_supported	BioSample sample_type=cell culture | BioProject=Bacteroides fragilis strain:GUT04 | isolate:feaces Genome sequencing | 	https://www.ncbi.nlm.nih.gov/biosample/SAMN12675660;https://www.ncbi.nlm.nih.gov/bioproject/PRJNA563525	Traceable named isolate submission; source reviewed; no unresolved collision within frozen input; independent donor not inferred	ISOLATE_SAMN12675660	SEQ_a4eeb9b6b65f02f6	a4eeb9b6b65f02f669430db20b2e3a55fe6436070f70410c0265d84c3889c0a7	Bacteroides fragilis	Bacteroides fragilis	817	Bacteroides fragilis (division I)	Bf_divI	accepted	GCA_000025985.1	98.97	85.81	88.73	11.28	skani 0.3.2 --medium; ANI>=95%, both AF>=65%; Bf divisions separate; anomalous Pm independently checked with bidirectional fastANI	fdeb8d7a108620392c36af15a1ee217210c8ba681638aa6865dca3d6eba5f3fd	../../remote/taxonomy/ani_to_refs.tsv	CheckM2 1.1.0	CheckM2 1.1.0; uniref100.KO.1.dmnd; sha256:1b86ef3eac0813c1853f53182c17657045e3763d66f384ec95747261a63ae46f	99.98	2.35	core_90_5	2	5330584	5419725	0	Complete Genome	no_general_contig_count_exclusion; local_element_absence_requires_separate_assessment	/srv/CRC-PHIRE/projects/crc-pipeline/results/aimbeta_panel_freeze_20261002/final_genomes/GCF_008369705.1.fna	/srv/CRC-PHIRE/scratch/crc-phage/aimbeta_panel_freeze_20261002/fasta/GCF_008369705.1.fna	4ae315d24de4e7bdfed57f17725fc05f81811943baf4f734e4c45610f484ed9c	NCBI_Datasets_download	official_accession_version_and_BioSample_and_sequence_total_length_match	true	NA	2026-10-02	fd7cd683b937cce7290d478a2198e3b104d136176bcf9aef7df7d99028de5751	GCF_008369705.1	remote/ncbi_reports/reports_01.json	2fbd9572ca5335eb7589fadb4de0ad66f3c82bd9cf7bea089e731a7f6751150a
AimBeta_final_v1_20261002	include	passed_source_identity_taxonomy_QC	research_catalog_nonhuman_context	GCF_051370685.1	GCA_051370685.1	HC956	ISOLATE_SAMN41814201	SAMN41814201	PRJNA1123611	unknown	fecal sample	Gallus gallus	China: Shandong, Qingdao	unknown	unknown	unknown	none	false	catalog inclusion does not establish donor independence or comparable CRC/control design; published blood series only scoped exploration	cultured_isolate_supported	BioSample sample_type=cell culture | BioProject=Some bacterial isolates from chicken gut | 	https://www.ncbi.nlm.nih.gov/biosample/SAMN41814201;https://www.ncbi.nlm.nih.gov/bioproject/PRJNA1123611	Traceable named isolate submission; source reviewed; no unresolved collision within frozen input; independent donor not inferred	ISOLATE_SAMN41814201	SEQ_21738fec557ff071	21738fec557ff071e4edadd80a9f8b8ce8dea0ed2f189638a5bbc6c4c0701fc8	Bacteroides fragilis	Bacteroides fragilis	817	Bacteroides fragilis (division I)	Bf_divI	accepted	GCA_000025985.1	98.75	82.42	80.52	10.72	skani 0.3.2 --medium; ANI>=95%, both AF>=65%; Bf divisions separate; anomalous Pm independently checked with bidirectional fastANI	fdeb8d7a108620392c36af15a1ee217210c8ba681638aa6865dca3d6eba5f3fd	../../remote/taxonomy/ani_to_refs.tsv	CheckM2 1.1.0	CheckM2 1.1.0; uniref100.KO.1.dmnd; sha256:1b86ef3eac0813c1853f53182c17657045e3763d66f384ec95747261a63ae46f	99.98	0.35	strict_95_2	53	275377	5121141	483	Scaffold	no_general_contig_count_exclusion; local_element_absence_requires_separate_assessment	/srv/CRC-PHIRE/projects/crc-pipeline/results/aimbeta_panel_freeze_20261002/final_genomes/GCF_051370685.1.fna	/srv/CRC-PHIRE/scratch/crc-phage/aimbeta_panel_freeze_20261002/fasta/GCF_051370685.1.fna	9e17c5aef5b8bea8523687d36b084c47f074ea826929f1f9bbd2078143cc43be	NCBI_Datasets_download	official_accession_version_and_BioSample_and_sequence_total_length_match	true	NA	2026-10-02	fd7cd683b937cce7290d478a2198e3b104d136176bcf9aef7df7d99028de5751	GCF_051370685.1	remote/ncbi_reports/reports_03.json	8a5753bfcfcca71504fa1eb5612a7cdac1a8b9c740b317c90304e5861d8b3dfb
AimBeta_final_v1_20261002	include	passed_source_identity_taxonomy_QC	research_catalog	GCF_003363115.1	GCA_003363115.1	HCK-B3	ISOLATE_SAMN09729823	SAMN09729823	PRJNA483264	unknown	feces	Homo sapiens	China	unknown	reported_healthy_no_CRC_screening_documented	https://doi.org/10.1016/j.fct.2019.110934	none	false	catalog inclusion does not establish donor independence or comparable CRC/control design; published blood series only scoped exploration	cultured_isolate_supported	HCK-B3 cultured isolate; alias CCFM1020	https://www.ncbi.nlm.nih.gov/biosample/SAMN09729823;https://doi.org/10.1016/j.fct.2019.110934	Traceable named isolate submission; source reviewed; no unresolved collision within frozen input; independent donor not inferred	ISOLATE_SAMN09729823	SEQ_a759fe7c46225d3f	a759fe7c46225d3fd4a49475920aed31ff088e5683d4f3c037e5e9bd5232d464	Bacteroides fragilis	Bacteroides fragilis	817	Bacteroides fragilis (division I)	Bf_divI	accepted	GCA_000025985.1	98.75	83.94	84.07	11.18	skani 0.3.2 --medium; ANI>=95%, both AF>=65%; Bf divisions separate; anomalous Pm independently checked with bidirectional fastANI	fdeb8d7a108620392c36af15a1ee217210c8ba681638aa6865dca3d6eba5f3fd	../../remote/taxonomy/ani_to_refs.tsv	CheckM2 1.1.0	CheckM2 1.1.0; uniref100.KO.1.dmnd; sha256:1b86ef3eac0813c1853f53182c17657045e3763d66f384ec95747261a63ae46f	100.0	0.19	strict_95_2	75	239494	5252832	39	Contig	no_general_contig_count_exclusion; local_element_absence_requires_separate_assessment	/srv/CRC-PHIRE/projects/crc-pipeline/results/aimbeta_panel_freeze_20261002/final_genomes/GCF_003363115.1.fna	/srv/CRC-PHIRE/scratch/crc-phage/aimbeta_panel_freeze_20261002/fasta/GCF_003363115.1.fna	5a4283171474896e847310639846403a27660d2f4e5296fbf859c0dee58c6318	NCBI_Datasets_download	official_accession_version_and_BioSample_and_sequence_total_length_match	true	NA	2026-10-02	fd7cd683b937cce7290d478a2198e3b104d136176bcf9aef7df7d99028de5751	GCF_003363115.1	remote/ncbi_reports/reports_01.json	2fbd9572ca5335eb7589fadb4de0ad66f3c82bd9cf7bea089e731a7f6751150a
AimBeta_final_v1_20261002	include	passed_source_identity_taxonomy_QC	research_catalog	GCF_000598645.1	GCA_000598645.1	J38-1	ISOLATE_SAMN02314412	SAMN02314412	PRJNA206103	unknown	unknown	unknown	unknown	unknown	unknown	unknown	none	false	catalog inclusion does not establish donor independence or comparable CRC/control design; published blood series only scoped exploration	cultured_isolate_supported	BioProject=Comparative genomics of human mucosal isolates of the enterotoxigenic Bacteroides fragilis group, etiologic agents of inflammatory diarrheal disease. | 	https://www.ncbi.nlm.nih.gov/biosample/SAMN02314412;https://www.ncbi.nlm.nih.gov/bioproject/PRJNA206103	Traceable named isolate submission; source reviewed; no unresolved collision within frozen input; independent donor not inferred	ISOLATE_SAMN02314412	SEQ_341728dfc0c20919	341728dfc0c20919209dfea5f4404ca753635b940dc987bc62e234bfea205b55	Bacteroides fragilis str. J38-1	Bacteroides fragilis str. J38-1	1339272	Bacteroides fragilis (division I)	Bf_divI	accepted	GCA_000025985.1	98.96	87.65	85.99	11.26	skani 0.3.2 --medium; ANI>=95%, both AF>=65%; Bf divisions separate; anomalous Pm independently checked with bidirectional fastANI	fdeb8d7a108620392c36af15a1ee217210c8ba681638aa6865dca3d6eba5f3fd	../../remote/taxonomy/ani_to_refs.tsv	CheckM2 1.1.0	CheckM2 1.1.0; uniref100.KO.1.dmnd; sha256:1b86ef3eac0813c1853f53182c17657045e3763d66f384ec95747261a63ae46f	99.97	1.73	strict_95_2	120	156598	5144743	0	Contig	no_general_contig_count_exclusion; local_element_absence_requires_separate_assessment	/srv/CRC-PHIRE/projects/crc-pipeline/results/aimbeta_panel_freeze_20261002/final_genomes/GCF_000598645.1.fna	/srv/CRC-PHIRE/scratch/crc-phage/aimbeta_panel_freeze_20261002/fasta/GCF_000598645.1.fna	12a3d0991c99cf4c551af3e67e1de805e91a4ad2e6d3148d8375136f9551a719	NCBI_Datasets_download	official_accession_version_and_BioSample_and_sequence_total_length_match	true	NA	2026-10-02	fd7cd683b937cce7290d478a2198e3b104d136176bcf9aef7df7d99028de5751	GCF_000598645.1	remote/ncbi_reports/reports_00.json	05c17e1b1cc99e6a5e7dce62a6ced77c3038349e01753da67a0262b914c787a0
AimBeta_final_v1_20261002	include	passed_source_identity_taxonomy_QC	research_catalog	GCF_001692695.1	GCA_001692695.1	JIM10	ISOLATE_SAMN05426807	SAMN05426807	PRJNA330835	unknown	human stool sample	unknown	Russia: Moscow	unknown	unknown	unknown	none	false	catalog inclusion does not establish donor independence or comparable CRC/control design; published blood series only scoped exploration	cultured_isolate_supported	BioProject=Genome sequencing of Bacteroides fragilis non-toxigenic clinical isolate JIM10 | 	https://www.ncbi.nlm.nih.gov/biosample/SAMN05426807;https://www.ncbi.nlm.nih.gov/bioproject/PRJNA330835	Traceable named isolate submission; source reviewed; no unresolved collision within frozen input; independent donor not inferred	ISOLATE_SAMN05426807	SEQ_b72dbd48ef20427c	b72dbd48ef20427c84a24eaab11d106d58b10c1b327036c20567c8bdad1cc72d	Bacteroides fragilis	Bacteroides fragilis	817	Bacteroides fragilis (division I)	Bf_divI	accepted	GCA_000025985.1	98.91	85.82	85.77	11.25	skani 0.3.2 --medium; ANI>=95%, both AF>=65%; Bf divisions separate; anomalous Pm independently checked with bidirectional fastANI	fdeb8d7a108620392c36af15a1ee217210c8ba681638aa6865dca3d6eba5f3fd	../../remote/taxonomy/ani_to_refs.tsv	CheckM2 1.1.0	CheckM2 1.1.0; uniref100.KO.1.dmnd; sha256:1b86ef3eac0813c1853f53182c17657045e3763d66f384ec95747261a63ae46f	99.97	2.56	core_90_5	81	184948	5247065	0	Contig	no_general_contig_count_exclusion; local_element_absence_requires_separate_assessment	/srv/CRC-PHIRE/projects/crc-pipeline/results/aimbeta_panel_freeze_20261002/final_genomes/GCF_001692695.1.fna	/srv/CRC-PHIRE/scratch/crc-phage/aimbeta_panel_freeze_20261002/fasta/GCF_001692695.1.fna	b50254038b948a1efe3ed2d13e2da6790560b4361d3281bc865c0c7ff8914b47	NCBI_Datasets_download	official_accession_version_and_BioSample_and_sequence_total_length_match	true	NA	2026-10-02	fd7cd683b937cce7290d478a2198e3b104d136176bcf9aef7df7d99028de5751	GCF_001692695.1	remote/ncbi_reports/reports_01.json	2fbd9572ca5335eb7589fadb4de0ad66f3c82bd9cf7bea089e731a7f6751150a
AimBeta_final_v1_20261002	include	passed_source_identity_taxonomy_QC	research_catalog	GCF_001580095.1	GCA_001580095.1	KLE1758	ISOLATE_SAMN03956218	SAMN03956218	PRJNA257719	unknown	feces	Homo sapiens	unknown	unknown	unknown	unknown	none	false	catalog inclusion does not establish donor independence or comparable CRC/control design; published blood series only scoped exploration	cultured_isolate_supported	"BioProject=HMP reference genome | Genomes of microorganisms that have been isolated in and on the human body, to be used as Reference Genomes for the Human Microbiome Project (HMP) | NIH Human Microbiome Project (HMP) Roadmap Project |  | assembly comment=Bacteria and source DNA were provide by Kim Lewis and Philip Strandwitz, Department of Biology, Northeastern University, 360 Huntington Ave, 134 Mugar Life Sciences, Boston MA 02115. Collection of this isolate was funded in part by the National Institutes of Health grant 5R01HG005824.

Coding sequences were predicted using GeneMark and Glimmer3. Intergenic regions not spanned by GeneMark and Glimmer3 were blasted against NCBI's non-redundant (NR) database and predictions generated based on protein alignments. tRNA genes were determined using tRNAscan-SE and non-coding RNA genes by RNAmmer and Rfam. The final gene set is processed through several programs such as Kegg, psortB and Interproscan to determine possible function. Gene product names are determined by BER. Gene names are generated at the contig level and may not necessarily reflect any known order or orientation between contigs.

This is a reference genomes for the Human Microbiome Project and the work was funded by the National Institutes of Health (NIH) grant U54 HG004968.
The annotation was added by the NCBI Prokaryotic Genome Annotation Pipeline (PGAP). Information about PGAP can be found here: https://www.ncbi.nlm.nih.gov/genome/annotation_prok/"	https://www.ncbi.nlm.nih.gov/biosample/SAMN03956218;https://www.ncbi.nlm.nih.gov/bioproject/PRJNA257719	Traceable named isolate submission; source reviewed; no unresolved collision within frozen input; independent donor not inferred	ISOLATE_SAMN03956218	SEQ_05c7b0077eaaedfa	05c7b0077eaaedfa3913ca2d12b4b7d539d74137a30bfd2c4f82752b3d6aef89	Bacteroides fragilis	Bacteroides fragilis	817	Bacteroides fragilis (division I)	Bf_divI	accepted	GCA_000025985.1	99.99	100.0	99.41	12.49	skani 0.3.2 --medium; ANI>=95%, both AF>=65%; Bf divisions separate; anomalous Pm independently checked with bidirectional fastANI	fdeb8d7a108620392c36af15a1ee217210c8ba681638aa6865dca3d6eba5f3fd	../../remote/taxonomy/ani_to_refs.tsv	CheckM2 1.1.0	CheckM2 1.1.0; uniref100.KO.1.dmnd; sha256:1b86ef3eac0813c1853f53182c17657045e3763d66f384ec95747261a63ae46f	99.81	0.46	strict_95_2	52	311131	5206456	9300	Scaffold	no_general_contig_count_exclusion; local_element_absence_requires_separate_assessment	/srv/CRC-PHIRE/projects/crc-pipeline/results/aimbeta_panel_freeze_20261002/final_genomes/GCF_001580095.1.fna	/srv/CRC-PHIRE/scratch/crc-phage/aimbeta_panel_freeze_20261002/fasta/GCF_001580095.1.fna	4efc113935b9259a03d2c7959651dca17ee5e99d3d79273a44ba38837ccf1c8d	NCBI_Datasets_download	official_accession_version_and_BioSample_and_sequence_total_length_match	true	NA	2026-10-02	fd7cd683b937cce7290d478a2198e3b104d136176bcf9aef7df7d99028de5751	GCF_001580095.1	remote/ncbi_reports/reports_01.json	2fbd9572ca5335eb7589fadb4de0ad66f3c82bd9cf7bea089e731a7f6751150a
AimBeta_final_v1_20261002	include	passed_source_identity_taxonomy_QC	research_catalog	GCF_005706655.1	GCA_005706655.1	NCTC 9343 = ATCC 25285 = DSM 2151 = CIP77.16T = CCUG 4856	BF_TYPE_NCTC9343	SAMN11040710	PRJNA525024	unknown	Appendix abscess	Homo sapiens	United Kingdom:London	unknown	unknown	unknown	none	false	catalog inclusion does not establish donor independence or comparable CRC/control design; published blood series only scoped exploration	cultured_isolate_supported	named strain in clinical/host-associated isolate submission; Appendix abscess | culture_collection=CCUG:4856T | type-material=type strain of Bacteroides fragilis	https://www.ncbi.nlm.nih.gov/biosample/SAMN11040710	保藏号官方等价表：CIP77.16/CCUG4856/NCTC9343/ATCC25285；各培养库存可能有后续差异，不能计为独立天然分离株。; https://ccm.sci.muni.cz/catalogue-proxy/bakterie/htmlb/4712.HTM;https://straininfo.dsmz.de/strain/389404	BF_TYPE_NCTC9343	SEQ_141dc53a5270326b	141dc53a5270326b15e7cba30dfdcc40f9d77918f64fee760fa9f424387b0eb4	Bacteroides fragilis	Bacteroides fragilis	817	Bacteroides fragilis (division I)	Bf_divI	accepted	GCA_000025985.1	100.0	100.0	100.0	12.4	skani 0.3.2 --medium; ANI>=95%, both AF>=65%; Bf divisions separate; anomalous Pm independently checked with bidirectional fastANI	fdeb8d7a108620392c36af15a1ee217210c8ba681638aa6865dca3d6eba5f3fd	../../remote/taxonomy/ani_to_refs.tsv	CheckM2 1.1.0	CheckM2 1.1.0; uniref100.KO.1.dmnd; sha256:1b86ef3eac0813c1853f53182c17657045e3763d66f384ec95747261a63ae46f	99.91	0.65	strict_95_2	2	5205133	5241693	0	Complete Genome	no_general_contig_count_exclusion; local_element_absence_requires_separate_assessment	/srv/CRC-PHIRE/projects/crc-pipeline/results/aimbeta_panel_freeze_20261002/final_genomes/GCF_005706655.1.fna	/srv/CRC-PHIRE/scratch/crc-phage/aimbeta_panel_freeze_20261002/fasta/GCF_005706655.1.fna	57bf2d0da124a487ce00366bd0d392e54fa0415699f031b2e60f899b34bc9168	NCBI_Datasets_download	official_accession_version_and_BioSample_and_sequence_total_length_match	true	NA	2026-10-02	fd7cd683b937cce7290d478a2198e3b104d136176bcf9aef7df7d99028de5751	GCF_005706655.1	remote/ncbi_reports/reports_01.json	2fbd9572ca5335eb7589fadb4de0ad66f3c82bd9cf7bea089e731a7f6751150a
AimBeta_final_v1_20261002	include	passed_source_identity_taxonomy_QC	research_catalog	GCF_028743275.1	GCA_028743275.1	OB EAV1 11 D6 FAA	ISOLATE_SAMN33244122	SAMN33244122	PRJNA933627	unknown	unknown	Homo sapiens	USA	unknown	unknown	unknown	none	false	catalog inclusion does not establish donor independence or comparable CRC/control design; published blood series only scoped exploration	cultured_isolate_supported	BioSample sample_type=pure cell culture	https://www.ncbi.nlm.nih.gov/biosample/SAMN33244122	Traceable named isolate submission; source reviewed; no unresolved collision within frozen input; independent donor not inferred	ISOLATE_SAMN33244122	SEQ_b5ee07231fd1afac	b5ee07231fd1afac3ed5dfe73a30c41f08df17630a46a9e5799b0cdd4e08c3c3	Bacteroides fragilis	Bacteroides fragilis	817	Bacteroides fragilis (division I)	Bf_divI	accepted	GCA_000025985.1	98.76	85.61	84.38	11.13	skani 0.3.2 --medium; ANI>=95%, both AF>=65%; Bf divisions separate; anomalous Pm independently checked with bidirectional fastANI	fdeb8d7a108620392c36af15a1ee217210c8ba681638aa6865dca3d6eba5f3fd	../../remote/taxonomy/ani_to_refs.tsv	CheckM2 1.1.0	CheckM2 1.1.0; uniref100.KO.1.dmnd; sha256:1b86ef3eac0813c1853f53182c17657045e3763d66f384ec95747261a63ae46f	99.92	0.27	strict_95_2	1	5166942	5166942	0	Complete Genome	no_general_contig_count_exclusion; local_element_absence_requires_separate_assessment	/srv/CRC-PHIRE/projects/crc-pipeline/results/aimbeta_panel_freeze_20261002/final_genomes/GCF_028743275.1.fna	/srv/CRC-PHIRE/scratch/crc-phage/aimbeta_panel_freeze_20261002/fasta/GCF_028743275.1.fna	b9b0e87390ac11d98d234897559829fc29883ef538a1a5abaae84aba762248f1	NCBI_Datasets_download	official_accession_version_and_BioSample_and_sequence_total_length_match	true	NA	2026-10-02	fd7cd683b937cce7290d478a2198e3b104d136176bcf9aef7df7d99028de5751	GCF_028743275.1	remote/ncbi_reports/reports_02.json	95dddad9678ccbaed8d1699a14393959bd15e49149cbbd558371d67d6179ce62
AimBeta_final_v1_20261002	include	passed_source_identity_taxonomy_QC	research_catalog	GCF_003438895.1	GCA_003438895.1	OM06-1	ISOLATE_SAMN09736813	SAMN09736813	PRJNA482748	unknown	feces	Homo sapiens	China: Shenzhen	unknown	unknown	unknown	none	false	catalog inclusion does not establish donor independence or comparable CRC/control design; published blood series only scoped exploration	cultured_isolate_supported	BioProject=Genome Sequencing and Assembly for Cultivated Species of the Human Gut Microbiota | 	https://www.ncbi.nlm.nih.gov/biosample/SAMN09736813;https://www.ncbi.nlm.nih.gov/bioproject/PRJNA482748	Traceable named isolate submission; source reviewed; no unresolved collision within frozen input; independent donor not inferred	ISOLATE_SAMN09736813	SEQ_74b17df834f94251	74b17df834f9425137756b3957623b0433237b1c4c4e64f4101a9ca4d11e6e39	Bacteroides fragilis	Bacteroides fragilis	817	Bacteroides fragilis (division I)	Bf_divI	accepted	GCA_000025985.1	98.97	89.0	86.27	11.22	skani 0.3.2 --medium; ANI>=95%, both AF>=65%; Bf divisions separate; anomalous Pm independently checked with bidirectional fastANI	fdeb8d7a108620392c36af15a1ee217210c8ba681638aa6865dca3d6eba5f3fd	../../remote/taxonomy/ani_to_refs.tsv	CheckM2 1.1.0	CheckM2 1.1.0; uniref100.KO.1.dmnd; sha256:1b86ef3eac0813c1853f53182c17657045e3763d66f384ec95747261a63ae46f	99.95	0.33	strict_95_2	21	455129	5081261	100	Scaffold	no_general_contig_count_exclusion; local_element_absence_requires_separate_assessment	/srv/CRC-PHIRE/projects/crc-pipeline/results/aimbeta_panel_freeze_20261002/final_genomes/GCF_003438895.1.fna	/srv/CRC-PHIRE/scratch/crc-phage/aimbeta_panel_freeze_20261002/fasta/GCF_003438895.1.fna	ab575f5035ffe4a121133bd35257311dc0cfc643d291e4e4046838e73efe0330	NCBI_Datasets_download	official_accession_version_and_BioSample_and_sequence_total_length_match	true	NA	2026-10-02	fd7cd683b937cce7290d478a2198e3b104d136176bcf9aef7df7d99028de5751	GCF_003438895.1	remote/ncbi_reports/reports_01.json	2fbd9572ca5335eb7589fadb4de0ad66f3c82bd9cf7bea089e731a7f6751150a
AimBeta_final_v1_20261002	include	passed_source_identity_taxonomy_QC	research_catalog_nonhuman_context	GCF_020256545.1	GCA_020256545.1	P16.G1	ISOLATE_SAMN21888010	SAMN21888010	PRJNA767094	unknown	feces	Pongo pygmaeus	USA	unknown	unknown	unknown	none	false	catalog inclusion does not establish donor independence or comparable CRC/control design; published blood series only scoped exploration	cultured_isolate_supported	NCBI MIGS cultured bacteria package=MIGS.ba.host-associated.6.0 | isolation/growth reference=BBE agar | BioProject=captive great ape Bacteroides isolates | 	https://www.ncbi.nlm.nih.gov/biosample/SAMN21888010;https://www.ncbi.nlm.nih.gov/bioproject/PRJNA767094	Traceable named isolate submission; source reviewed; no unresolved collision within frozen input; independent donor not inferred	ISOLATE_SAMN21888010	SEQ_e460decb601f3e59	e460decb601f3e59964e9c2dbab42b480ce23877c79b371017bc90eb27c5341c	Bacteroides fragilis	Bacteroides fragilis	817	Bacteroides fragilis (division I)	Bf_divI	accepted	GCA_000025985.1	99.13	87.49	86.87	11.38	skani 0.3.2 --medium; ANI>=95%, both AF>=65%; Bf divisions separate; anomalous Pm independently checked with bidirectional fastANI	fdeb8d7a108620392c36af15a1ee217210c8ba681638aa6865dca3d6eba5f3fd	../../remote/taxonomy/ani_to_refs.tsv	CheckM2 1.1.0	CheckM2 1.1.0; uniref100.KO.1.dmnd; sha256:1b86ef3eac0813c1853f53182c17657045e3763d66f384ec95747261a63ae46f	99.96	2.69	core_90_5	14	666667	5204246	3	Contig	no_general_contig_count_exclusion; local_element_absence_requires_separate_assessment	/srv/CRC-PHIRE/projects/crc-pipeline/results/aimbeta_panel_freeze_20261002/final_genomes/GCF_020256545.1.fna	/srv/CRC-PHIRE/scratch/crc-phage/aimbeta_panel_freeze_20261002/fasta/GCF_020256545.1.fna	710d1ed37b5c405361e913851a6d7f7979a0524a17860dab0742b9b7b53dc754	NCBI_Datasets_download	official_accession_version_and_BioSample_and_sequence_total_length_match	true	NA	2026-10-02	fd7cd683b937cce7290d478a2198e3b104d136176bcf9aef7df7d99028de5751	GCF_020256545.1	remote/ncbi_reports/reports_01.json	2fbd9572ca5335eb7589fadb4de0ad66f3c82bd9cf7bea089e731a7f6751150a
AimBeta_final_v1_20261002	include	passed_source_identity_taxonomy_QC	research_catalog	GCF_024296585.1	GCA_024296585.1	P2-H5	ISOLATE_SAMN29024636	SAMN29024636	PRJNA833080	unknown	descending colon mucosa	Homo sapiens	USA: New Hampshire	unknown	unknown	unknown	none	false	catalog inclusion does not establish donor independence or comparable CRC/control design; published blood series only scoped exploration	cultured_isolate_supported	BioSample sample_type=cell culture | BioProject=Various isolates of Bacteroides, Streptococcus, Clostridium, Klebsiella, Enterococcus, and E. coli. Genome sequencing and assembly | 	https://www.ncbi.nlm.nih.gov/biosample/SAMN29024636;https://www.ncbi.nlm.nih.gov/bioproject/PRJNA833080	Traceable named isolate submission; source reviewed; no unresolved collision within frozen input; independent donor not inferred	ISOLATE_SAMN29024636	SEQ_806a02a92251935c	806a02a92251935c22a4df827b9698a74104df5875f8fbbb87012a4dc97f5888	Bacteroides fragilis	Bacteroides fragilis	817	Bacteroides fragilis (division I)	Bf_divI	accepted	GCA_000025985.1	99.28	89.72	89.4	11.76	skani 0.3.2 --medium; ANI>=95%, both AF>=65%; Bf divisions separate; anomalous Pm independently checked with bidirectional fastANI	fdeb8d7a108620392c36af15a1ee217210c8ba681638aa6865dca3d6eba5f3fd	../../remote/taxonomy/ani_to_refs.tsv	CheckM2 1.1.0	CheckM2 1.1.0; uniref100.KO.1.dmnd; sha256:1b86ef3eac0813c1853f53182c17657045e3763d66f384ec95747261a63ae46f	99.98	0.42	strict_95_2	23	491737	5222840	0	Contig	no_general_contig_count_exclusion; local_element_absence_requires_separate_assessment	/srv/CRC-PHIRE/projects/crc-pipeline/results/aimbeta_panel_freeze_20261002/final_genomes/GCF_024296585.1.fna	/srv/CRC-PHIRE/scratch/crc-phage/aimbeta_panel_freeze_20261002/fasta/GCF_024296585.1.fna	4a37e4b5ab1f0735f9b4f8f0943ca9b1a3e44e5aa67cd77518fa00361681bbe0	NCBI_Datasets_download	official_accession_version_and_BioSample_and_sequence_total_length_match	true	NA	2026-10-02	fd7cd683b937cce7290d478a2198e3b104d136176bcf9aef7df7d99028de5751	GCF_024296585.1	remote/ncbi_reports/reports_02.json	95dddad9678ccbaed8d1699a14393959bd15e49149cbbd558371d67d6179ce62
AimBeta_final_v1_20261002	include	passed_source_identity_taxonomy_QC	research_catalog	GCF_030294885.1	GCA_030294885.1	P207	ISOLATE_SAMN32154224	SAMN32154224	PRJNA910954	unknown	isolated from the inflamed gut of a human ulcerative colitis (pouchitis) patient. Originally described by Vineis et al. 2016. doi: 10.1128/mBio.01713-16.	Homo sapiens	USA: Illinois, Chicago	unknown	unknown	unknown	none	false	catalog inclusion does not establish donor independence or comparable CRC/control design; published blood series only scoped exploration	cultured_isolate_supported	BioSample sample_type=cell culture | BioSample comment=isolate of Bacteroides fragilis from a human patient with UC pouchitis. Originally described by Vineis et al. 2016. doi: 10.1128/mBio.01713-16.	https://www.ncbi.nlm.nih.gov/biosample/SAMN32154224;https://www.ncbi.nlm.nih.gov/bioproject/PRJNA910954	Traceable named isolate submission; source reviewed; no unresolved collision within frozen input; independent donor not inferred	ISOLATE_SAMN32154224	SEQ_1499525b1eb5547d	1499525b1eb5547da3c89eb4a39fbf1fe241f512e27c10cdea5c24590b540135	Bacteroides fragilis	Bacteroides fragilis	817	Bacteroides fragilis (division I)	Bf_divI	accepted	GCA_000025985.1	99.03	88.18	84.79	11.26	skani 0.3.2 --medium; ANI>=95%, both AF>=65%; Bf divisions separate; anomalous Pm independently checked with bidirectional fastANI	fdeb8d7a108620392c36af15a1ee217210c8ba681638aa6865dca3d6eba5f3fd	../../remote/taxonomy/ani_to_refs.tsv	CheckM2 1.1.0	CheckM2 1.1.0; uniref100.KO.1.dmnd; sha256:1b86ef3eac0813c1853f53182c17657045e3763d66f384ec95747261a63ae46f	99.96	2.43	core_90_5	1	5040211	5040211	0	Complete Genome	no_general_contig_count_exclusion; local_element_absence_requires_separate_assessment	/srv/CRC-PHIRE/projects/crc-pipeline/results/aimbeta_panel_freeze_20261002/final_genomes/GCF_030294885.1.fna	/srv/CRC-PHIRE/scratch/crc-phage/aimbeta_panel_freeze_20261002/fasta/GCF_030294885.1.fna	2ad2ddcd99ba93691519de4671d03ca5d468b6cf385e5993fb6a3328a5c7288f	NCBI_Datasets_download	official_accession_version_and_BioSample_and_sequence_total_length_match	true	NA	2026-10-02	fd7cd683b937cce7290d478a2198e3b104d136176bcf9aef7df7d99028de5751	GCF_030294885.1	remote/ncbi_reports/reports_02.json	95dddad9678ccbaed8d1699a14393959bd15e49149cbbd558371d67d6179ce62
AimBeta_final_v1_20261002	include	passed_source_identity_taxonomy_QC	research_catalog	GCF_988236955.1	GCA_988236955.1	RSZYD15080378_A	ISOLATE_SAMEA123410052	SAMEA123410052	PRJEB124963	unknown	fecal material [ENVO:00002003]	unknown	China	unknown	unknown	unknown	none	false	catalog inclusion does not establish donor independence or comparable CRC/control design; published blood series only scoped exploration	cultured_isolate_supported	BioProject=1,150 isolated gut bacterial complete genomes |  | BioSample comment=Cultured bacterial isolate from the human gut for complete genome sequencing | project_name=Cultivated Complete Genome Reference (CCGR)	https://www.ncbi.nlm.nih.gov/biosample/SAMEA123410052;https://www.ncbi.nlm.nih.gov/bioproject/PRJEB124963	Traceable named isolate submission; source reviewed; no unresolved collision within frozen input; independent donor not inferred	ISOLATE_SAMEA123410052	SEQ_380f7bc84d5a689d	380f7bc84d5a689d707c8dc5e2905cc550aacc4e4ea37c3d86d7ebe800ef4b81	Bacteroides fragilis	Bacteroides fragilis	817	Bacteroides fragilis (division I)	Bf_divI	accepted	GCA_000025985.1	98.86	88.94	88.11	10.73	skani 0.3.2 --medium; ANI>=95%, both AF>=65%; Bf divisions separate; anomalous Pm independently checked with bidirectional fastANI	fdeb8d7a108620392c36af15a1ee217210c8ba681638aa6865dca3d6eba5f3fd	../../remote/taxonomy/ani_to_refs.tsv	CheckM2 1.1.0	CheckM2 1.1.0; uniref100.KO.1.dmnd; sha256:1b86ef3eac0813c1853f53182c17657045e3763d66f384ec95747261a63ae46f	99.96	2.18	core_90_5	2	5177103	5192864	0	Complete Genome	no_general_contig_count_exclusion; local_element_absence_requires_separate_assessment	/srv/CRC-PHIRE/projects/crc-pipeline/results/aimbeta_panel_freeze_20261002/final_genomes/GCF_988236955.1.fna	/srv/CRC-PHIRE/scratch/crc-phage/aimbeta_panel_freeze_20261002/fasta/GCF_988236955.1.fna	4707c3830ce1167e0ce84ee61c38ddbaf8ec1b4244cc3c6e0cc85427f8a64867	NCBI_Datasets_download	official_accession_version_and_BioSample_and_sequence_total_length_match	true	NA	2026-10-02	fd7cd683b937cce7290d478a2198e3b104d136176bcf9aef7df7d99028de5751	GCF_988236955.1	remote/ncbi_reports/reports_00.json	05c17e1b1cc99e6a5e7dce62a6ced77c3038349e01753da67a0262b914c787a0
AimBeta_final_v1_20261002	include	passed_source_identity_taxonomy_QC	research_catalog	GCF_988238865.1	GCA_988238865.1	RSZYD15081383_A	ISOLATE_SAMEA123410217	SAMEA123410217	PRJEB124963	unknown	fecal material [ENVO:00002003]	unknown	China	unknown	unknown	unknown	none	false	catalog inclusion does not establish donor independence or comparable CRC/control design; published blood series only scoped exploration	cultured_isolate_supported	BioProject=1,150 isolated gut bacterial complete genomes |  | BioSample comment=Cultured bacterial isolate from the human gut for complete genome sequencing | project_name=Cultivated Complete Genome Reference (CCGR)	https://www.ncbi.nlm.nih.gov/biosample/SAMEA123410217;https://www.ncbi.nlm.nih.gov/bioproject/PRJEB124963	Traceable named isolate submission; source reviewed; no unresolved collision within frozen input; independent donor not inferred	ISOLATE_SAMEA123410217	SEQ_65d61b26a4909422	65d61b26a4909422e5d09bbeb38aa93ec1d59a3b5ad0e6705fc46957a4671635	Bacteroides fragilis	Bacteroides fragilis	817	Bacteroides fragilis (division I)	Bf_divI	accepted	GCA_000025985.1	98.97	85.2	88.89	11.11	skani 0.3.2 --medium; ANI>=95%, both AF>=65%; Bf divisions separate; anomalous Pm independently checked with bidirectional fastANI	fdeb8d7a108620392c36af15a1ee217210c8ba681638aa6865dca3d6eba5f3fd	../../remote/taxonomy/ani_to_refs.tsv	CheckM2 1.1.0	CheckM2 1.1.0; uniref100.KO.1.dmnd; sha256:1b86ef3eac0813c1853f53182c17657045e3763d66f384ec95747261a63ae46f	99.99	1.93	strict_95_2	3	5460724	5469101	0	Complete Genome	no_general_contig_count_exclusion; local_element_absence_requires_separate_assessment	/srv/CRC-PHIRE/projects/crc-pipeline/results/aimbeta_panel_freeze_20261002/final_genomes/GCF_988238865.1.fna	/srv/CRC-PHIRE/scratch/crc-phage/aimbeta_panel_freeze_20261002/fasta/GCF_988238865.1.fna	b622c45bcf971a847abf480690754803604673439efada362b3d86adb8a17de2	NCBI_Datasets_download	official_accession_version_and_BioSample_and_sequence_total_length_match	true	NA	2026-10-02	fd7cd683b937cce7290d478a2198e3b104d136176bcf9aef7df7d99028de5751	GCF_988238865.1	remote/ncbi_reports/reports_00.json	05c17e1b1cc99e6a5e7dce62a6ced77c3038349e01753da67a0262b914c787a0
AimBeta_final_v1_20261002	include	passed_source_identity_taxonomy_QC	research_catalog	GCF_988238925.1	GCA_988238925.1	RSZYD15081394_A	ISOLATE_SAMEA123410225	SAMEA123410225	PRJEB124963	unknown	fecal material [ENVO:00002003]	unknown	China	unknown	unknown	unknown	none	false	catalog inclusion does not establish donor independence or comparable CRC/control design; published blood series only scoped exploration	cultured_isolate_supported	BioProject=1,150 isolated gut bacterial complete genomes |  | BioSample comment=Cultured bacterial isolate from the human gut for complete genome sequencing | project_name=Cultivated Complete Genome Reference (CCGR)	https://www.ncbi.nlm.nih.gov/biosample/SAMEA123410225;https://www.ncbi.nlm.nih.gov/bioproject/PRJEB124963	Traceable named isolate submission; source reviewed; no unresolved collision within frozen input; independent donor not inferred	ISOLATE_SAMEA123410225	SEQ_daa483186414fcff	daa483186414fcff285299ffc7428efd9266cb169f92de579071f9c25becfc03	Bacteroides fragilis	Bacteroides fragilis	817	Bacteroides fragilis (division I)	Bf_divI	accepted	GCA_000025985.1	98.97	85.2	88.89	11.11	skani 0.3.2 --medium; ANI>=95%, both AF>=65%; Bf divisions separate; anomalous Pm independently checked with bidirectional fastANI	fdeb8d7a108620392c36af15a1ee217210c8ba681638aa6865dca3d6eba5f3fd	../../remote/taxonomy/ani_to_refs.tsv	CheckM2 1.1.0	CheckM2 1.1.0; uniref100.KO.1.dmnd; sha256:1b86ef3eac0813c1853f53182c17657045e3763d66f384ec95747261a63ae46f	99.99	1.93	strict_95_2	3	5460724	5469101	0	Complete Genome	no_general_contig_count_exclusion; local_element_absence_requires_separate_assessment	/srv/CRC-PHIRE/projects/crc-pipeline/results/aimbeta_panel_freeze_20261002/final_genomes/GCF_988238925.1.fna	/srv/CRC-PHIRE/scratch/crc-phage/aimbeta_panel_freeze_20261002/fasta/GCF_988238925.1.fna	f63aa4d7756f5ccea8f0b7b28c83ab58e16f0d9f85b21d5cd813ee22f9cfa32c	NCBI_Datasets_download	official_accession_version_and_BioSample_and_sequence_total_length_match	true	NA	2026-10-02	fd7cd683b937cce7290d478a2198e3b104d136176bcf9aef7df7d99028de5751	GCF_988238925.1	remote/ncbi_reports/reports_00.json	05c17e1b1cc99e6a5e7dce62a6ced77c3038349e01753da67a0262b914c787a0
AimBeta_final_v1_20261002	include	passed_source_identity_taxonomy_QC	research_catalog	GCF_988239065.1	GCA_988239065.1	RSZYD15090274_A	ISOLATE_SAMEA123410245	SAMEA123410245	PRJEB124963	unknown	fecal material [ENVO:00002003]	unknown	China	unknown	unknown	unknown	none	false	catalog inclusion does not establish donor independence or comparable CRC/control design; published blood series only scoped exploration	cultured_isolate_supported	BioProject=1,150 isolated gut bacterial complete genomes |  | BioSample comment=Cultured bacterial isolate from the human gut for complete genome sequencing | project_name=Cultivated Complete Genome Reference (CCGR)	https://www.ncbi.nlm.nih.gov/biosample/SAMEA123410245;https://www.ncbi.nlm.nih.gov/bioproject/PRJEB124963	Traceable named isolate submission; source reviewed; no unresolved collision within frozen input; independent donor not inferred	ISOLATE_SAMEA123410245	SEQ_dffdfaa628abe40b	dffdfaa628abe40b0491a31281004e2c5a759a5771bca1ad5005cd862c978139	Bacteroides fragilis	Bacteroides fragilis	817	Bacteroides fragilis (division I)	Bf_divI	accepted	GCA_000025985.1	98.97	85.2	88.89	11.11	skani 0.3.2 --medium; ANI>=95%, both AF>=65%; Bf divisions separate; anomalous Pm independently checked with bidirectional fastANI	fdeb8d7a108620392c36af15a1ee217210c8ba681638aa6865dca3d6eba5f3fd	../../remote/taxonomy/ani_to_refs.tsv	CheckM2 1.1.0	CheckM2 1.1.0; uniref100.KO.1.dmnd; sha256:1b86ef3eac0813c1853f53182c17657045e3763d66f384ec95747261a63ae46f	99.99	1.93	strict_95_2	3	5460727	5469104	0	Complete Genome	no_general_contig_count_exclusion; local_element_absence_requires_separate_assessment	/srv/CRC-PHIRE/projects/crc-pipeline/results/aimbeta_panel_freeze_20261002/final_genomes/GCF_988239065.1.fna	/srv/CRC-PHIRE/scratch/crc-phage/aimbeta_panel_freeze_20261002/fasta/GCF_988239065.1.fna	9c7f8018ac5db900ac87d2b21d8bd76f21f6025b54dc056df23e7a3705f5143f	NCBI_Datasets_download	official_accession_version_and_BioSample_and_sequence_total_length_match	true	NA	2026-10-02	fd7cd683b937cce7290d478a2198e3b104d136176bcf9aef7df7d99028de5751	GCF_988239065.1	remote/ncbi_reports/reports_00.json	05c17e1b1cc99e6a5e7dce62a6ced77c3038349e01753da67a0262b914c787a0
AimBeta_final_v1_20261002	include	passed_source_identity_taxonomy_QC	research_catalog	GCF_988238855.1	GCA_988238855.1	RSZYD15090325_A	ISOLATE_SAMEA123410271	SAMEA123410271	PRJEB124963	unknown	fecal material [ENVO:00002003]	unknown	China	unknown	unknown	unknown	none	false	catalog inclusion does not establish donor independence or comparable CRC/control design; published blood series only scoped exploration	cultured_isolate_supported	BioProject=1,150 isolated gut bacterial complete genomes |  | BioSample comment=Cultured bacterial isolate from the human gut for complete genome sequencing | project_name=Cultivated Complete Genome Reference (CCGR)	https://www.ncbi.nlm.nih.gov/biosample/SAMEA123410271;https://www.ncbi.nlm.nih.gov/bioproject/PRJEB124963	Traceable named isolate submission; source reviewed; no unresolved collision within frozen input; independent donor not inferred	ISOLATE_SAMEA123410271	SEQ_9dc3bf4b8bf0df7c	9dc3bf4b8bf0df7cf278cab2d7d75ac2ac7366fe86d897ce994d6f3ec518755a	Bacteroides fragilis	Bacteroides fragilis	817	Bacteroides fragilis (division I)	Bf_divI	accepted	GCA_000025985.1	98.97	85.2	88.89	11.11	skani 0.3.2 --medium; ANI>=95%, both AF>=65%; Bf divisions separate; anomalous Pm independently checked with bidirectional fastANI	fdeb8d7a108620392c36af15a1ee217210c8ba681638aa6865dca3d6eba5f3fd	../../remote/taxonomy/ani_to_refs.tsv	CheckM2 1.1.0	CheckM2 1.1.0; uniref100.KO.1.dmnd; sha256:1b86ef3eac0813c1853f53182c17657045e3763d66f384ec95747261a63ae46f	99.99	1.93	strict_95_2	3	5460724	5469101	0	Complete Genome	no_general_contig_count_exclusion; local_element_absence_requires_separate_assessment	/srv/CRC-PHIRE/projects/crc-pipeline/results/aimbeta_panel_freeze_20261002/final_genomes/GCF_988238855.1.fna	/srv/CRC-PHIRE/scratch/crc-phage/aimbeta_panel_freeze_20261002/fasta/GCF_988238855.1.fna	c285a9ea812b8724be929bad04d7bdf41f83813a5eb2b156fe43e4d2c58c0903	NCBI_Datasets_download	official_accession_version_and_BioSample_and_sequence_total_length_match	true	NA	2026-10-02	fd7cd683b937cce7290d478a2198e3b104d136176bcf9aef7df7d99028de5751	GCF_988238855.1	remote/ncbi_reports/reports_00.json	05c17e1b1cc99e6a5e7dce62a6ced77c3038349e01753da67a0262b914c787a0
AimBeta_final_v1_20261002	include	passed_source_identity_taxonomy_QC	research_catalog	GCF_001682215.1	GCA_001682215.1	S14	ISOLATE_SAMN03921941	SAMN03921941	PRJNA290855	unknown	human patient	Homo sapiens	Hungary: Szeged	unknown	unknown	unknown	none	false	catalog inclusion does not establish donor independence or comparable CRC/control design; published blood series only scoped exploration	cultured_isolate_supported	named strain in clinical/host-associated isolate submission; human patient	https://www.ncbi.nlm.nih.gov/biosample/SAMN03921941	Traceable named isolate submission; source reviewed; no unresolved collision within frozen input; independent donor not inferred	ISOLATE_SAMN03921941	SEQ_4fad2923e460f3f1	4fad2923e460f3f16c876fee9a91c7ff22a188f2ece5079dd330020b9aaa9222	Bacteroides fragilis	Bacteroides fragilis	817	Bacteroides fragilis (division I)	Bf_divI	accepted	GCA_000025985.1	99.36	93.89	87.81	11.45	skani 0.3.2 --medium; ANI>=95%, both AF>=65%; Bf divisions separate; anomalous Pm independently checked with bidirectional fastANI	fdeb8d7a108620392c36af15a1ee217210c8ba681638aa6865dca3d6eba5f3fd	../../remote/taxonomy/ani_to_refs.tsv	CheckM2 1.1.0	CheckM2 1.1.0; uniref100.KO.1.dmnd; sha256:1b86ef3eac0813c1853f53182c17657045e3763d66f384ec95747261a63ae46f	99.94	0.28	strict_95_2	1	4902215	4902215	27	Complete Genome	no_general_contig_count_exclusion; local_element_absence_requires_separate_assessment	/srv/CRC-PHIRE/projects/crc-pipeline/results/aimbeta_panel_freeze_20261002/final_genomes/GCF_001682215.1.fna	/srv/CRC-PHIRE/scratch/crc-phage/aimbeta_panel_freeze_20261002/fasta/GCF_001682215.1.fna	c396cb0efbf3fb3a45511f6895ba2479e6ba84b155f343efd33d120fec6cf5df	NCBI_Datasets_download	official_accession_version_and_BioSample_and_sequence_total_length_match	true	NA	2026-10-02	fd7cd683b937cce7290d478a2198e3b104d136176bcf9aef7df7d99028de5751	GCF_001682215.1	remote/ncbi_reports/reports_01.json	2fbd9572ca5335eb7589fadb4de0ad66f3c82bd9cf7bea089e731a7f6751150a
AimBeta_final_v1_20261002	include	passed_source_identity_taxonomy_QC	research_catalog	GCF_000601055.1	GCA_000601055.1	S23L17	ISOLATE_SAMN02315067	SAMN02315067	PRJNA206172	unknown	unknown	unknown	unknown	unknown	unknown	unknown	none	false	catalog inclusion does not establish donor independence or comparable CRC/control design; published blood series only scoped exploration	cultured_isolate_supported	BioProject=Comparative genomics of human mucosal isolates of the enterotoxigenic Bacteroides fragilis group, etiologic agents of inflammatory diarrheal disease. | 	https://www.ncbi.nlm.nih.gov/biosample/SAMN02315067;https://www.ncbi.nlm.nih.gov/bioproject/PRJNA206172	Traceable named isolate submission; source reviewed; no unresolved collision within frozen input; independent donor not inferred	ISOLATE_SAMN02315067	SEQ_381805abf3e41195	381805abf3e411958fb1e8ac2276d0b85225b1f379951542be4f0475f711ef33	Bacteroides fragilis str. S23L17	Bacteroides fragilis str. S23L17	1339329	Bacteroides fragilis (division I)	Bf_divI	accepted	GCA_000025985.1	99.11	83.22	84.59	11.25	skani 0.3.2 --medium; ANI>=95%, both AF>=65%; Bf divisions separate; anomalous Pm independently checked with bidirectional fastANI	fdeb8d7a108620392c36af15a1ee217210c8ba681638aa6865dca3d6eba5f3fd	../../remote/taxonomy/ani_to_refs.tsv	CheckM2 1.1.0	CheckM2 1.1.0; uniref100.KO.1.dmnd; sha256:1b86ef3eac0813c1853f53182c17657045e3763d66f384ec95747261a63ae46f	99.99	2.87	core_90_5	133	105766	5333423	0	Contig	no_general_contig_count_exclusion; local_element_absence_requires_separate_assessment	/srv/CRC-PHIRE/projects/crc-pipeline/results/aimbeta_panel_freeze_20261002/final_genomes/GCF_000601055.1.fna	/srv/CRC-PHIRE/scratch/crc-phage/aimbeta_panel_freeze_20261002/fasta/GCF_000601055.1.fna	571a4f7077b1382e4f616584ab4e3b20b6a41cb011143d9abce5cab03678198d	NCBI_Datasets_download	official_accession_version_and_BioSample_and_sequence_total_length_match	true	NA	2026-10-02	fd7cd683b937cce7290d478a2198e3b104d136176bcf9aef7df7d99028de5751	GCF_000601055.1	remote/ncbi_reports/reports_00.json	05c17e1b1cc99e6a5e7dce62a6ced77c3038349e01753da67a0262b914c787a0
AimBeta_final_v1_20261002	include	passed_source_identity_taxonomy_QC	research_catalog	GCF_040687795.1	GCA_040687795.1	S36L11	ISOLATE_SAMN35685254	SAMN35685254	PRJNA982086	unknown	feces	Homo sapiens	USA: Boston	unknown	unknown	unknown	none	false	catalog inclusion does not establish donor independence or comparable CRC/control design; published blood series only scoped exploration	cultured_isolate_supported	BioSample sample_type=cultured bacterial isolate | BioProject=Investigating Type Six Secretion Systems in Bacteroides | Several Bacteroides isolates were sequenced to investigate characteristics of T6SS transfer and maintenance.	https://www.ncbi.nlm.nih.gov/biosample/SAMN35685254;https://www.ncbi.nlm.nih.gov/bioproject/PRJNA982086	Traceable named isolate submission; source reviewed; no unresolved collision within frozen input; independent donor not inferred	ISOLATE_SAMN35685254	SEQ_4be3cc1f67822b49	4be3cc1f67822b4902e351a136f5c06fba6a3b5f0967585a4f3be5d286bf5b10	Bacteroides fragilis	Bacteroides fragilis	817	Bacteroides fragilis (division I)	Bf_divI	accepted	GCA_000025985.1	98.86	77.41	84.68	11.04	skani 0.3.2 --medium; ANI>=95%, both AF>=65%; Bf divisions separate; anomalous Pm independently checked with bidirectional fastANI	fdeb8d7a108620392c36af15a1ee217210c8ba681638aa6865dca3d6eba5f3fd	../../remote/taxonomy/ani_to_refs.tsv	CheckM2 1.1.0	CheckM2 1.1.0; uniref100.KO.1.dmnd; sha256:1b86ef3eac0813c1853f53182c17657045e3763d66f384ec95747261a63ae46f	99.99	0.73	strict_95_2	1	5734009	5734009	0	Complete Genome	no_general_contig_count_exclusion; local_element_absence_requires_separate_assessment	/srv/CRC-PHIRE/projects/crc-pipeline/results/aimbeta_panel_freeze_20261002/final_genomes/GCF_040687795.1.fna	/srv/CRC-PHIRE/scratch/crc-phage/aimbeta_panel_freeze_20261002/fasta/GCF_040687795.1.fna	6f7f5afcd6d196f19f07e6915af52f72ef737c70a9498957d7de677f86e8cede	exact_accession_cache	official_accession_version_and_BioSample_and_sequence_total_length_match	true	NA	2026-10-02	fd7cd683b937cce7290d478a2198e3b104d136176bcf9aef7df7d99028de5751	GCF_040687795.1	remote/ncbi_reports/reports_02.json	95dddad9678ccbaed8d1699a14393959bd15e49149cbbd558371d67d6179ce62
AimBeta_final_v1_20261002	include	passed_source_identity_taxonomy_QC	research_catalog	GCF_000598765.2	GCA_000598765.2	S38L3	ISOLATE_SAMN02315069	SAMN02315069	PRJNA206174	unknown	unknown	unknown	unknown	unknown	unknown	unknown	none	false	catalog inclusion does not establish donor independence or comparable CRC/control design; published blood series only scoped exploration	cultured_isolate_supported	BioProject=Comparative genomics of human mucosal isolates of the enterotoxigenic Bacteroides fragilis group, etiologic agents of inflammatory diarrheal disease. | 	https://www.ncbi.nlm.nih.gov/biosample/SAMN02315069;https://www.ncbi.nlm.nih.gov/bioproject/PRJNA206174	Traceable named isolate submission; source reviewed; no unresolved collision within frozen input; independent donor not inferred	ISOLATE_SAMN02315069	SEQ_fb1d12f5f00cbe12	fb1d12f5f00cbe12b31dc54520c28cca2233f7d7fbf6e3509bd8a263c0a1d696	Bacteroides fragilis str. S38L3	Bacteroides fragilis str. S38L3	1339331	Bacteroides fragilis (division I)	Bf_divI	accepted	GCA_000025985.1	99.18	90.51	85.56	11.29	skani 0.3.2 --medium; ANI>=95%, both AF>=65%; Bf divisions separate; anomalous Pm independently checked with bidirectional fastANI	fdeb8d7a108620392c36af15a1ee217210c8ba681638aa6865dca3d6eba5f3fd	../../remote/taxonomy/ani_to_refs.tsv	CheckM2 1.1.0	CheckM2 1.1.0; uniref100.KO.1.dmnd; sha256:1b86ef3eac0813c1853f53182c17657045e3763d66f384ec95747261a63ae46f	99.98	0.64	strict_95_2	40	398504	4955059	0	Contig	no_general_contig_count_exclusion; local_element_absence_requires_separate_assessment	/srv/CRC-PHIRE/projects/crc-pipeline/results/aimbeta_panel_freeze_20261002/final_genomes/GCF_000598765.2.fna	/srv/CRC-PHIRE/scratch/crc-phage/aimbeta_panel_freeze_20261002/fasta/GCF_000598765.2.fna	df819e6f7b0705cd74d4b4fc5f6a91413ac80604bcf1932a43b91517660d560d	NCBI_Datasets_download	official_accession_version_and_BioSample_and_sequence_total_length_match	true	NA	2026-10-02	fd7cd683b937cce7290d478a2198e3b104d136176bcf9aef7df7d99028de5751	GCF_000598765.2	remote/ncbi_reports/reports_00.json	05c17e1b1cc99e6a5e7dce62a6ced77c3038349e01753da67a0262b914c787a0
AimBeta_final_v1_20261002	include	passed_source_identity_taxonomy_QC	research_catalog	GCF_000599225.1	GCA_000599225.1	S6L3	ISOLATE_SAMN02314559	SAMN02314559	PRJNA206160	unknown	unknown	unknown	unknown	unknown	unknown	unknown	none	false	catalog inclusion does not establish donor independence or comparable CRC/control design; published blood series only scoped exploration	cultured_isolate_supported	BioProject=Comparative genomics of human mucosal isolates of the enterotoxigenic Bacteroides fragilis group, etiologic agents of inflammatory diarrheal disease. | 	https://www.ncbi.nlm.nih.gov/biosample/SAMN02314559;https://www.ncbi.nlm.nih.gov/bioproject/PRJNA206160	Traceable named isolate submission; source reviewed; no unresolved collision within frozen input; independent donor not inferred	ISOLATE_SAMN02314559	SEQ_b55692864941974c	b55692864941974c7b81c6c3d9ec8f910f1c8d14510403a52d0bf2c602b5c2b1	Bacteroides fragilis str. S6L3	Bacteroides fragilis str. S6L3	1339317	Bacteroides fragilis (division I)	Bf_divI	accepted	GCA_000025985.1	98.92	84.01	84.95	11.11	skani 0.3.2 --medium; ANI>=95%, both AF>=65%; Bf divisions separate; anomalous Pm independently checked with bidirectional fastANI	fdeb8d7a108620392c36af15a1ee217210c8ba681638aa6865dca3d6eba5f3fd	../../remote/taxonomy/ani_to_refs.tsv	CheckM2 1.1.0	CheckM2 1.1.0; uniref100.KO.1.dmnd; sha256:1b86ef3eac0813c1853f53182c17657045e3763d66f384ec95747261a63ae46f	99.96	0.29	strict_95_2	119	251060	5307885	0	Contig	no_general_contig_count_exclusion; local_element_absence_requires_separate_assessment	/srv/CRC-PHIRE/projects/crc-pipeline/results/aimbeta_panel_freeze_20261002/final_genomes/GCF_000599225.1.fna	/srv/CRC-PHIRE/scratch/crc-phage/aimbeta_panel_freeze_20261002/fasta/GCF_000599225.1.fna	8a8166285d9d8186a9524fe1c3bacf5a9c76b9ed083905362178f52ea0ad769e	NCBI_Datasets_download	official_accession_version_and_BioSample_and_sequence_total_length_match	true	NA	2026-10-02	fd7cd683b937cce7290d478a2198e3b104d136176bcf9aef7df7d99028de5751	GCF_000599225.1	remote/ncbi_reports/reports_00.json	05c17e1b1cc99e6a5e7dce62a6ced77c3038349e01753da67a0262b914c787a0
AimBeta_final_v1_20261002	include	passed_source_identity_taxonomy_QC	research_catalog	GCF_000599045.1	GCA_000599045.1	S6R5	ISOLATE_SAMN02314561	SAMN02314561	PRJNA206163	unknown	unknown	unknown	unknown	unknown	unknown	unknown	none	false	catalog inclusion does not establish donor independence or comparable CRC/control design; published blood series only scoped exploration	cultured_isolate_supported	BioProject=Comparative genomics of human mucosal isolates of the enterotoxigenic Bacteroides fragilis group, etiologic agents of inflammatory diarrheal disease. | 	https://www.ncbi.nlm.nih.gov/biosample/SAMN02314561;https://www.ncbi.nlm.nih.gov/bioproject/PRJNA206163	Traceable named isolate submission; source reviewed; no unresolved collision within frozen input; independent donor not inferred	ISOLATE_SAMN02314561	SEQ_5d490cae228910ff	5d490cae228910ff645e14a76e0fbc6ac6bc1409b17b191a7659d78534801d9b	Bacteroides fragilis str. S6R5	Bacteroides fragilis str. S6R5	1339320	Bacteroides fragilis (division I)	Bf_divI	accepted	GCA_000025985.1	98.66	85.05	85.16	10.74	skani 0.3.2 --medium; ANI>=95%, both AF>=65%; Bf divisions separate; anomalous Pm independently checked with bidirectional fastANI	fdeb8d7a108620392c36af15a1ee217210c8ba681638aa6865dca3d6eba5f3fd	../../remote/taxonomy/ani_to_refs.tsv	CheckM2 1.1.0	CheckM2 1.1.0; uniref100.KO.1.dmnd; sha256:1b86ef3eac0813c1853f53182c17657045e3763d66f384ec95747261a63ae46f	99.93	0.41	strict_95_2	80	204746	5249251	0	Contig	no_general_contig_count_exclusion; local_element_absence_requires_separate_assessment	/srv/CRC-PHIRE/projects/crc-pipeline/results/aimbeta_panel_freeze_20261002/final_genomes/GCF_000599045.1.fna	/srv/CRC-PHIRE/scratch/crc-phage/aimbeta_panel_freeze_20261002/fasta/GCF_000599045.1.fna	5bc0cb8aea550db944b9ac57bc816376565853e67630b4bf0144a829e01af209	NCBI_Datasets_download	official_accession_version_and_BioSample_and_sequence_total_length_match	true	NA	2026-10-02	fd7cd683b937cce7290d478a2198e3b104d136176bcf9aef7df7d99028de5751	GCF_000599045.1	remote/ncbi_reports/reports_00.json	05c17e1b1cc99e6a5e7dce62a6ced77c3038349e01753da67a0262b914c787a0
AimBeta_final_v1_20261002	include	passed_source_identity_taxonomy_QC	research_catalog_nonhuman_context	GCF_051905015.1	GCA_051905015.1	SLAM_BAF01	ISOLATE_SAMN49860344	SAMN49860344	PRJNA1288711	unknown	feces	porcine	South Korea	unknown	unknown	unknown	none	false	catalog inclusion does not establish donor independence or comparable CRC/control design; published blood series only scoped exploration	cultured_isolate_supported	BioProject=Bacteroides fragilis strain:SLAM_BAF01 | isolate:SNU Lab. of Animal Microbiology Genome sequencing | Bacteroides fragilis isolated from sow-feces.	https://www.ncbi.nlm.nih.gov/biosample/SAMN49860344;https://www.ncbi.nlm.nih.gov/bioproject/PRJNA1288711	Traceable named isolate submission; source reviewed; no unresolved collision within frozen input; independent donor not inferred	ISOLATE_SAMN49860344	SEQ_e5e7c6905c8c6d2d	e5e7c6905c8c6d2db5d04c814383b013ad928a4f2f85b8b23b734f79bdb1d19d	Bacteroides fragilis	Bacteroides fragilis	817	Bacteroides fragilis (division I)	Bf_divI	accepted	GCA_000025985.1	98.97	82.91	86.65	11.25	skani 0.3.2 --medium; ANI>=95%, both AF>=65%; Bf divisions separate; anomalous Pm independently checked with bidirectional fastANI	fdeb8d7a108620392c36af15a1ee217210c8ba681638aa6865dca3d6eba5f3fd	../../remote/taxonomy/ani_to_refs.tsv	CheckM2 1.1.0	CheckM2 1.1.0; uniref100.KO.1.dmnd; sha256:1b86ef3eac0813c1853f53182c17657045e3763d66f384ec95747261a63ae46f	99.99	0.43	strict_95_2	2	5385814	5478442	0	Complete Genome	no_general_contig_count_exclusion; local_element_absence_requires_separate_assessment	/srv/CRC-PHIRE/projects/crc-pipeline/results/aimbeta_panel_freeze_20261002/final_genomes/GCF_051905015.1.fna	/srv/CRC-PHIRE/scratch/crc-phage/aimbeta_panel_freeze_20261002/fasta/GCF_051905015.1.fna	faf32164bd94d9b24c4ef86490c9bbc3ad2dca746fbd83a364486480a55e9c0d	NCBI_Datasets_download	official_accession_version_and_BioSample_and_sequence_total_length_match	true	NA	2026-10-02	fd7cd683b937cce7290d478a2198e3b104d136176bcf9aef7df7d99028de5751	GCF_051905015.1	remote/ncbi_reports/reports_03.json	8a5753bfcfcca71504fa1eb5612a7cdac1a8b9c740b317c90304e5861d8b3dfb
AimBeta_final_v1_20261002	include	passed_source_identity_taxonomy_QC	research_catalog	GCF_059727945.1	GCA_059727945.1	T19-St07	ISOLATE_SAMD00845140	SAMD00845140	PRJDB19530	unknown	feces	Homo sapiens	Japan	unknown	unknown	unknown	none	false	catalog inclusion does not establish donor independence or comparable CRC/control design; published blood series only scoped exploration	cultured_isolate_supported	NCBI MIGS cultured bacteria package=MIGS.ba.host-associated.6.0	https://www.ncbi.nlm.nih.gov/biosample/SAMD00845140	Traceable named isolate submission; source reviewed; no unresolved collision within frozen input; independent donor not inferred	ISOLATE_SAMD00845140	SEQ_6f8da707feaecff4	6f8da707feaecff436207f95e205ed2669b165392704b0befafa75fb69661802	Bacteroides fragilis	Bacteroides fragilis	817	Bacteroides fragilis (division I)	Bf_divI	accepted	GCA_000025985.1	99.09	87.37	85.67	11.35	skani 0.3.2 --medium; ANI>=95%, both AF>=65%; Bf divisions separate; anomalous Pm independently checked with bidirectional fastANI	fdeb8d7a108620392c36af15a1ee217210c8ba681638aa6865dca3d6eba5f3fd	../../remote/taxonomy/ani_to_refs.tsv	CheckM2 1.1.0	CheckM2 1.1.0; uniref100.KO.1.dmnd; sha256:1b86ef3eac0813c1853f53182c17657045e3763d66f384ec95747261a63ae46f	99.99	1.86	strict_95_2	2	5058187	5139677	0	Contig	no_general_contig_count_exclusion; local_element_absence_requires_separate_assessment	/srv/CRC-PHIRE/projects/crc-pipeline/results/aimbeta_panel_freeze_20261002/final_genomes/GCF_059727945.1.fna	/srv/CRC-PHIRE/scratch/crc-phage/aimbeta_panel_freeze_20261002/fasta/GCF_059727945.1.fna	57bdf99f72b31518cd4ae66a84aa96d0d8c553d6f087d0192178ebe77b5fb15c	NCBI_Datasets_download	official_accession_version_and_BioSample_and_sequence_total_length_match	true	NA	2026-10-02	fd7cd683b937cce7290d478a2198e3b104d136176bcf9aef7df7d99028de5751	GCF_059727945.1	remote/ncbi_reports/reports_00.json	05c17e1b1cc99e6a5e7dce62a6ced77c3038349e01753da67a0262b914c787a0
AimBeta_final_v1_20261002	include	passed_source_identity_taxonomy_QC	research_catalog	GCA_050845875.1	NA	Tbg-318	ISOLATE_SAMN44580650	SAMN44580650	PRJNA900398	unknown	blood	Homo sapiens	Norway: Vestfold	unknown	unknown	unknown	none	false	catalog inclusion does not establish donor independence or comparable CRC/control design; published blood series only scoped exploration	cultured_isolate_supported	named strain in clinical/host-associated isolate submission; blood	https://www.ncbi.nlm.nih.gov/biosample/SAMN44580650	Traceable named isolate submission; source reviewed; no unresolved collision within frozen input; independent donor not inferred	ISOLATE_SAMN44580650	SEQ_cde3b8520ce5b799	cde3b8520ce5b79997ba0a269f9d5650941081db544de5f18c350c84ec87bdc7	Bacteroides fragilis	Bacteroides fragilis	817	Bacteroides fragilis (division I)	Bf_divI	accepted	GCA_000025985.1	99.09	86.99	85.35	11.26	skani 0.3.2 --medium; ANI>=95%, both AF>=65%; Bf divisions separate; anomalous Pm independently checked with bidirectional fastANI	fdeb8d7a108620392c36af15a1ee217210c8ba681638aa6865dca3d6eba5f3fd	../../remote/taxonomy/ani_to_refs.tsv	CheckM2 1.1.0	CheckM2 1.1.0; uniref100.KO.1.dmnd; sha256:1b86ef3eac0813c1853f53182c17657045e3763d66f384ec95747261a63ae46f	99.89	2.38	core_90_5	1	5142891	5142891	0	Complete Genome	no_general_contig_count_exclusion; local_element_absence_requires_separate_assessment	/srv/CRC-PHIRE/projects/crc-pipeline/results/aimbeta_panel_freeze_20261002/final_genomes/GCA_050845875.1.fna	/srv/CRC-PHIRE/scratch/crc-phage/aimbeta_panel_freeze_20261002/fasta/GCA_050845875.1.fna	b4a74c178dca026af0539250a6a430c2de14cb955baf1a3360c74c9c6dd5125c	NCBI_Datasets_download	official_accession_version_and_BioSample_and_sequence_total_length_match	true	NA	2026-10-02	fd7cd683b937cce7290d478a2198e3b104d136176bcf9aef7df7d99028de5751	GCA_050845875.1	remote/ncbi_reports/reports_03.json	8a5753bfcfcca71504fa1eb5612a7cdac1a8b9c740b317c90304e5861d8b3dfb
AimBeta_final_v1_20261002	include	passed_source_identity_taxonomy_QC	research_catalog	GCF_000009925.1	GCA_000009925.1	YCH46	ISOLATE_SAMD00061068	SAMD00061068	PRJNA13067	unknown	unknown	unknown	unknown	unknown	unknown	unknown	none	false	catalog inclusion does not establish donor independence or comparable CRC/control design; published blood series only scoped exploration	cultured_isolate_supported	BioProject=Opportunistic pathogen of mammalian intestinal tract | <P> <B><I>Bacteroides fragilis</I> strain YCH46</B>. This organism can become an opportunistic pathogen, infecting anywhere in the body and causing abcess formation. Enterotoxigenic <I>Bacterioides fragilis</I> (ETBF) is associated with diarrheal diseases. This strain was isolated from a patient with septicemia in Japan. Virulence functions include numerous capsular polysaccharide biosynthesis systems that are controlled by invertible promoters that are recombined by a site-specific recombinase, Mpi, that works at a set of inverted repeats found within the chromosome. This system allows a vast repertoire of variable antigens to be expressed, thereby aiding evasion of the immune system. This organism also carries a potentially conjugative plasmid, as well as a number of conjugative and mobilizable transposons.	https://www.ncbi.nlm.nih.gov/biosample/SAMD00061068;https://www.ncbi.nlm.nih.gov/bioproject/PRJNA13067	Traceable named isolate submission; source reviewed; no unresolved collision within frozen input; independent donor not inferred	ISOLATE_SAMD00061068	SEQ_c6a7137065ef14ca	c6a7137065ef14cad12c17510f8057f30f5fe3a9359a76b549f5b95f44ad1664	Bacteroides fragilis YCH46	Bacteroides fragilis YCH46	295405	Bacteroides fragilis (division I)	Bf_divI	accepted	GCA_000025985.1	98.86	85.26	86.38	10.97	skani 0.3.2 --medium; ANI>=95%, both AF>=65%; Bf divisions separate; anomalous Pm independently checked with bidirectional fastANI	fdeb8d7a108620392c36af15a1ee217210c8ba681638aa6865dca3d6eba5f3fd	../../remote/taxonomy/ani_to_refs.tsv	CheckM2 1.1.0	CheckM2 1.1.0; uniref100.KO.1.dmnd; sha256:1b86ef3eac0813c1853f53182c17657045e3763d66f384ec95747261a63ae46f	99.98	3.27	core_90_5	2	5277274	5310990	0	Complete Genome	no_general_contig_count_exclusion; local_element_absence_requires_separate_assessment	/srv/CRC-PHIRE/projects/crc-pipeline/results/aimbeta_panel_freeze_20261002/final_genomes/GCF_000009925.1.fna	/srv/CRC-PHIRE/scratch/crc-phage/aimbeta_panel_freeze_20261002/fasta/GCF_000009925.1.fna	d88c81d1e6130b19f9c8431b89ced25fd4f5906231e2708c5c85bcb2e537b38f	NCBI_Datasets_download	official_accession_version_and_BioSample_and_sequence_total_length_match	true	NA	2026-10-02	fd7cd683b937cce7290d478a2198e3b104d136176bcf9aef7df7d99028de5751	GCF_000009925.1	remote/ncbi_reports/reports_00.json	05c17e1b1cc99e6a5e7dce62a6ced77c3038349e01753da67a0262b914c787a0
AimBeta_final_v1_20261002	include	passed_source_identity_taxonomy_QC	research_catalog	GCF_045689415.1	GCA_045689415.1	ZY0302	ISOLATE_SAMN38206098	SAMN38206098	PRJNA1039264	unknown	Colon cancer tissue	Homo sapiens	China: Zunyi	unknown	unknown	unknown	none	false	catalog inclusion does not establish donor independence or comparable CRC/control design; published blood series only scoped exploration	cultured_isolate_supported	BioSample sample_type=Bacterial culture	https://www.ncbi.nlm.nih.gov/biosample/SAMN38206098	Traceable named isolate submission; source reviewed; no unresolved collision within frozen input; independent donor not inferred	ISOLATE_SAMN38206098	SEQ_c06b81fea1e76914	c06b81fea1e76914a5dfecb5aada5f31080486d0f038e8ab86b957808b16f55a	Bacteroides fragilis	Bacteroides fragilis	817	Bacteroides fragilis (division I)	Bf_divI	accepted	GCA_000025985.1	98.86	85.37	83.73	11.08	skani 0.3.2 --medium; ANI>=95%, both AF>=65%; Bf divisions separate; anomalous Pm independently checked with bidirectional fastANI	fdeb8d7a108620392c36af15a1ee217210c8ba681638aa6865dca3d6eba5f3fd	../../remote/taxonomy/ani_to_refs.tsv	CheckM2 1.1.0	CheckM2 1.1.0; uniref100.KO.1.dmnd; sha256:1b86ef3eac0813c1853f53182c17657045e3763d66f384ec95747261a63ae46f	99.95	0.32	strict_95_2	1	5141346	5141346	0	Complete Genome	no_general_contig_count_exclusion; local_element_absence_requires_separate_assessment	/srv/CRC-PHIRE/projects/crc-pipeline/results/aimbeta_panel_freeze_20261002/final_genomes/GCF_045689415.1.fna	/srv/CRC-PHIRE/scratch/crc-phage/aimbeta_panel_freeze_20261002/fasta/GCF_045689415.1.fna	0d6f679f6e0c0bbe8ffc0fc0a9516f3ef6fb46f688d8116528716f8b375db5bd	NCBI_Datasets_download	official_accession_version_and_BioSample_and_sequence_total_length_match	true	NA	2026-10-02	fd7cd683b937cce7290d478a2198e3b104d136176bcf9aef7df7d99028de5751	GCF_045689415.1	remote/ncbi_reports/reports_03.json	8a5753bfcfcca71504fa1eb5612a7cdac1a8b9c740b317c90304e5861d8b3dfb
AimBeta_final_v1_20261002	include	passed_source_identity_taxonomy_QC	research_catalog	GCF_045689425.1	GCA_045689425.1	ZY0804	ISOLATE_SAMN38206209	SAMN38206209	PRJNA1039268	unknown	Colon cancer paraneoplastic tissue	Homo sapiens	China: Zunyi	unknown	unknown	unknown	none	false	catalog inclusion does not establish donor independence or comparable CRC/control design; published blood series only scoped exploration	cultured_isolate_supported	BioSample sample_type=Bacterial culture	https://www.ncbi.nlm.nih.gov/biosample/SAMN38206209	Traceable named isolate submission; source reviewed; no unresolved collision within frozen input; independent donor not inferred	ISOLATE_SAMN38206209	SEQ_8082401480014fe6	8082401480014fe6f40ba13756eef33be1d9ad186b2a4f57f7664a76bcf1e0c9	Bacteroides fragilis	Bacteroides fragilis	817	Bacteroides fragilis (division I)	Bf_divI	accepted	GCA_000025985.1	98.73	84.66	83.59	11.09	skani 0.3.2 --medium; ANI>=95%, both AF>=65%; Bf divisions separate; anomalous Pm independently checked with bidirectional fastANI	fdeb8d7a108620392c36af15a1ee217210c8ba681638aa6865dca3d6eba5f3fd	../../remote/taxonomy/ani_to_refs.tsv	CheckM2 1.1.0	CheckM2 1.1.0; uniref100.KO.1.dmnd; sha256:1b86ef3eac0813c1853f53182c17657045e3763d66f384ec95747261a63ae46f	99.96	2.82	core_90_5	1	5174916	5174916	0	Complete Genome	no_general_contig_count_exclusion; local_element_absence_requires_separate_assessment	/srv/CRC-PHIRE/projects/crc-pipeline/results/aimbeta_panel_freeze_20261002/final_genomes/GCF_045689425.1.fna	/srv/CRC-PHIRE/scratch/crc-phage/aimbeta_panel_freeze_20261002/fasta/GCF_045689425.1.fna	c7b820abf246b7da0f672998473ab5dede2d86b891971106a73e654e43d5560c	NCBI_Datasets_download	official_accession_version_and_BioSample_and_sequence_total_length_match	true	NA	2026-10-02	fd7cd683b937cce7290d478a2198e3b104d136176bcf9aef7df7d99028de5751	GCF_045689425.1	remote/ncbi_reports/reports_03.json	8a5753bfcfcca71504fa1eb5612a7cdac1a8b9c740b317c90304e5861d8b3dfb
AimBeta_final_v1_20261002	include	passed_source_identity_taxonomy_QC	research_catalog	GCF_019915865.1	GCA_019915865.1	16997	ISOLATE_SAMN03921983	SAMN03921983	PRJNA290862	unknown	infection	Homo sapiens	Hungary	unknown	unknown	unknown	none	false	catalog inclusion does not establish donor independence or comparable CRC/control design; published blood series only scoped exploration	cultured_isolate_supported	named strain in clinical/host-associated isolate submission; infection	https://www.ncbi.nlm.nih.gov/biosample/SAMN03921983	Traceable named isolate submission; source reviewed; no unresolved collision within frozen input; independent donor not inferred	ISOLATE_SAMN03921983	SEQ_289071f868015c8f	289071f868015c8f19d68252fc8e4c7e7db467236c3893a3dd6865117b49043f	Bacteroides fragilis	Bacteroides fragilis	817	Bacteroides hominis / historical B. fragilis division II	Bf_divII	accepted	GCA_021359565.1	99.77	94.82	90.97	12.13	skani 0.3.2 --medium; ANI>=95%, both AF>=65%; Bf divisions separate; anomalous Pm independently checked with bidirectional fastANI	fdeb8d7a108620392c36af15a1ee217210c8ba681638aa6865dca3d6eba5f3fd	../../remote/taxonomy/ani_to_refs.tsv	CheckM2 1.1.0	CheckM2 1.1.0; uniref100.KO.1.dmnd; sha256:1b86ef3eac0813c1853f53182c17657045e3763d66f384ec95747261a63ae46f	100.0	1.55	strict_95_2	3	4152746	5316035	2242	Scaffold	no_general_contig_count_exclusion; local_element_absence_requires_separate_assessment	/srv/CRC-PHIRE/projects/crc-pipeline/results/aimbeta_panel_freeze_20261002/final_genomes/GCF_019915865.1.fna	/srv/CRC-PHIRE/scratch/crc-phage/aimbeta_panel_freeze_20261002/fasta/GCF_019915865.1.fna	7cc64ace9238ac8812eff7fa2b865070d5edf3b36e331acea5ae1f130425f677	NCBI_Datasets_download	official_accession_version_and_BioSample_and_sequence_total_length_match	true	NA	2026-10-02	fd7cd683b937cce7290d478a2198e3b104d136176bcf9aef7df7d99028de5751	GCF_019915865.1	remote/ncbi_reports/reports_01.json	2fbd9572ca5335eb7589fadb4de0ad66f3c82bd9cf7bea089e731a7f6751150a
AimBeta_final_v1_20261002	include	passed_source_identity_taxonomy_QC	research_catalog	GCF_015070945.1	GCA_015070945.1	20200206	ISOLATE_SAMN16483320	SAMN16483320	PRJNA656918	unknown	blood	Homo sapiens	Spain:Granada	unknown	unknown	unknown	none	false	catalog inclusion does not establish donor independence or comparable CRC/control design; published blood series only scoped exploration	cultured_isolate_supported	named strain in clinical/host-associated isolate submission; blood	https://www.ncbi.nlm.nih.gov/biosample/SAMN16483320	Traceable named isolate submission; source reviewed; no unresolved collision within frozen input; independent donor not inferred	ISOLATE_SAMN16483320	SEQ_3554b7d2c002407d	3554b7d2c002407d2238b85bc8db8e7380116b14dc26e5da77b3b124934dac1d	Bacteroides fragilis	Bacteroides fragilis	817	Bacteroides hominis / historical B. fragilis division II	Bf_divII	accepted	GCA_021359565.1	98.47	83.81	80.5	10.72	skani 0.3.2 --medium; ANI>=95%, both AF>=65%; Bf divisions separate; anomalous Pm independently checked with bidirectional fastANI	fdeb8d7a108620392c36af15a1ee217210c8ba681638aa6865dca3d6eba5f3fd	../../remote/taxonomy/ani_to_refs.tsv	CheckM2 1.1.0	CheckM2 1.1.0; uniref100.KO.1.dmnd; sha256:1b86ef3eac0813c1853f53182c17657045e3763d66f384ec95747261a63ae46f	99.95	0.79	strict_95_2	111	86235	5322165	0	Contig	no_general_contig_count_exclusion; local_element_absence_requires_separate_assessment	/srv/CRC-PHIRE/projects/crc-pipeline/results/aimbeta_panel_freeze_20261002/final_genomes/GCF_015070945.1.fna	/srv/CRC-PHIRE/scratch/crc-phage/aimbeta_panel_freeze_20261002/fasta/GCF_015070945.1.fna	bb201ee37396a95892a3c462e1a5204c281eaba19775a84a1e2e857235ce9c4d	NCBI_Datasets_download	official_accession_version_and_BioSample_and_sequence_total_length_match	true	NA	2026-10-02	fd7cd683b937cce7290d478a2198e3b104d136176bcf9aef7df7d99028de5751	GCF_015070945.1	remote/ncbi_reports/reports_01.json	2fbd9572ca5335eb7589fadb4de0ad66f3c82bd9cf7bea089e731a7f6751150a
AimBeta_final_v1_20261002	include	passed_source_identity_taxonomy_QC	research_catalog	GCF_019915815.1	GCA_019915815.1	3130	ISOLATE_SAMN03921919	SAMN03921919	PRJNA290853	unknown	human patient	Homo sapiens	Hungary: Szeged	unknown	unknown	unknown	none	false	catalog inclusion does not establish donor independence or comparable CRC/control design; published blood series only scoped exploration	cultured_isolate_supported	named strain in clinical/host-associated isolate submission; human patient	https://www.ncbi.nlm.nih.gov/biosample/SAMN03921919	Traceable named isolate submission; source reviewed; no unresolved collision within frozen input; independent donor not inferred	ISOLATE_SAMN03921919	SEQ_3967b6c315b6ac8d	3967b6c315b6ac8d8b9f146134cb14705e283b63079490bc59bea044953c7eb2	Bacteroides fragilis	Bacteroides fragilis	817	Bacteroides hominis / historical B. fragilis division II	Bf_divII	accepted	GCA_014288095.1	98.48	85.7	82.3	10.85	skani 0.3.2 --medium; ANI>=95%, both AF>=65%; Bf divisions separate; anomalous Pm independently checked with bidirectional fastANI	fdeb8d7a108620392c36af15a1ee217210c8ba681638aa6865dca3d6eba5f3fd	../../remote/taxonomy/ani_to_refs.tsv	CheckM2 1.1.0	CheckM2 1.1.0; uniref100.KO.1.dmnd; sha256:1b86ef3eac0813c1853f53182c17657045e3763d66f384ec95747261a63ae46f	99.97	0.27	strict_95_2	1	4897715	4897715	950	Scaffold	no_general_contig_count_exclusion; local_element_absence_requires_separate_assessment	/srv/CRC-PHIRE/projects/crc-pipeline/results/aimbeta_panel_freeze_20261002/final_genomes/GCF_019915815.1.fna	/srv/CRC-PHIRE/scratch/crc-phage/aimbeta_panel_freeze_20261002/fasta/GCF_019915815.1.fna	c4a5c4a9c1b3ed9a8b79efa11c09e5d21b9978a79b19d0e10398b30e0b8040e9	NCBI_Datasets_download	official_accession_version_and_BioSample_and_sequence_total_length_match	true	NA	2026-10-02	fd7cd683b937cce7290d478a2198e3b104d136176bcf9aef7df7d99028de5751	GCF_019915815.1	remote/ncbi_reports/reports_01.json	2fbd9572ca5335eb7589fadb4de0ad66f3c82bd9cf7bea089e731a7f6751150a
AimBeta_final_v1_20261002	include	passed_source_identity_taxonomy_QC	research_catalog_published_series_benchmark	GCF_026966425.1	GCA_026966425.1	BF_BC_OUH_DK_2008_32	ISOLATE_SAMN32123196	SAMN32123196	PRJNA910333	unknown	Blood	Homo sapiens	Denmark	unknown	CRC_colonoscopy_after_bacteraemia	https://www.nature.com/articles/s43856-026-01403-1#Sec17; WGS isolate metadata!A4:J4	blood_CRC_vs_blood_nonCRC_replication	false	catalog inclusion does not establish donor independence or comparable CRC/control design; published blood series only scoped exploration	cultured_isolate_supported	original isolate paper exact BioSample join | BioProject=Bacteroides fragilis Genome sequencing and assembly | A collection of Bacteroides fragilis isolates collected from patients in danish hospitals from 1964-2021	https://www.ncbi.nlm.nih.gov/biosample/SAMN32123196;https://www.nature.com/articles/s43856-026-01403-1#Sec17;https://www.ncbi.nlm.nih.gov/bioproject/PRJNA910333	Traceable named isolate submission; source reviewed; no unresolved collision within frozen input; independent donor not inferred	ISOLATE_SAMN32123196	SEQ_3b44cea616397d62	3b44cea616397d62d7eddb4c59c6f52190ef7db81af12c68e080978d92a540ac	Bacteroides fragilis	Bacteroides fragilis	817	Bacteroides hominis / historical B. fragilis division II	Bf_divII	accepted	GCA_014288095.1	98.67	83.68	83.61	10.88	skani 0.3.2 --medium; ANI>=95%, both AF>=65%; Bf divisions separate; anomalous Pm independently checked with bidirectional fastANI	fdeb8d7a108620392c36af15a1ee217210c8ba681638aa6865dca3d6eba5f3fd	../../remote/taxonomy/ani_to_refs.tsv	CheckM2 1.1.0	CheckM2 1.1.0; uniref100.KO.1.dmnd; sha256:1b86ef3eac0813c1853f53182c17657045e3763d66f384ec95747261a63ae46f	99.99	0.32	strict_95_2	55	325327	5100291	0	Contig	no_general_contig_count_exclusion; local_element_absence_requires_separate_assessment	/srv/CRC-PHIRE/projects/crc-pipeline/results/aimbeta_panel_freeze_20261002/final_genomes/GCF_026966425.1.fna	/srv/CRC-PHIRE/scratch/crc-phage/aimbeta_panel_freeze_20261002/fasta/GCF_026966425.1.fna	0577e034676131955a0c9a0f685a965766d4b087076286d3497ef449bc90f78e	exact_accession_cache	official_accession_version_and_BioSample_and_sequence_total_length_match	true	complete_available_published_series_for_replication_not_phage_positive_selection	2026-10-02	fd7cd683b937cce7290d478a2198e3b104d136176bcf9aef7df7d99028de5751	GCF_026966425.1	remote/ncbi_reports/reports_02.json	95dddad9678ccbaed8d1699a14393959bd15e49149cbbd558371d67d6179ce62
AimBeta_final_v1_20261002	include	passed_source_identity_taxonomy_QC	research_catalog_published_series_benchmark	GCF_026966415.1	GCA_026966415.1	BF_BC_OUH_DK_2008_35	ISOLATE_SAMN32123198	SAMN32123198	PRJNA910333	unknown	Blood	Homo sapiens	Denmark	unknown	nonCRC_colonoscopy_after_bacteraemia	https://www.nature.com/articles/s43856-026-01403-1#Sec17; WGS isolate metadata!A32:J32	blood_CRC_vs_blood_nonCRC_replication	false	catalog inclusion does not establish donor independence or comparable CRC/control design; published blood series only scoped exploration	cultured_isolate_supported	original isolate paper exact BioSample join | BioProject=Bacteroides fragilis Genome sequencing and assembly | A collection of Bacteroides fragilis isolates collected from patients in danish hospitals from 1964-2021	https://www.ncbi.nlm.nih.gov/biosample/SAMN32123198;https://www.nature.com/articles/s43856-026-01403-1#Sec17;https://www.ncbi.nlm.nih.gov/bioproject/PRJNA910333	Traceable named isolate submission; source reviewed; no unresolved collision within frozen input; independent donor not inferred	ISOLATE_SAMN32123198	SEQ_49265a8a583a9652	49265a8a583a96521e0dd1a9eba830570b0a430bce7ed42a134744b194f4989e	Bacteroides fragilis	Bacteroides fragilis	817	Bacteroides hominis / historical B. fragilis division II	Bf_divII	accepted	GCA_021359565.1	98.92	88.77	86.78	11.21	skani 0.3.2 --medium; ANI>=95%, both AF>=65%; Bf divisions separate; anomalous Pm independently checked with bidirectional fastANI	fdeb8d7a108620392c36af15a1ee217210c8ba681638aa6865dca3d6eba5f3fd	../../remote/taxonomy/ani_to_refs.tsv	CheckM2 1.1.0	CheckM2 1.1.0; uniref100.KO.1.dmnd; sha256:1b86ef3eac0813c1853f53182c17657045e3763d66f384ec95747261a63ae46f	100.0	0.91	strict_95_2	108	162741	5427124	0	Contig	no_general_contig_count_exclusion; local_element_absence_requires_separate_assessment	/srv/CRC-PHIRE/projects/crc-pipeline/results/aimbeta_panel_freeze_20261002/final_genomes/GCF_026966415.1.fna	/srv/CRC-PHIRE/scratch/crc-phage/aimbeta_panel_freeze_20261002/fasta/GCF_026966415.1.fna	5a1c47d8bcb1114f600180a78476d2eb4e78e38b97f35a6092ae2c8926261cc0	exact_accession_cache	official_accession_version_and_BioSample_and_sequence_total_length_match	true	complete_available_published_series_for_replication_not_phage_positive_selection	2026-10-02	fd7cd683b937cce7290d478a2198e3b104d136176bcf9aef7df7d99028de5751	GCF_026966415.1	remote/ncbi_reports/reports_02.json	95dddad9678ccbaed8d1699a14393959bd15e49149cbbd558371d67d6179ce62
AimBeta_final_v1_20261002	include	passed_source_identity_taxonomy_QC	research_catalog	GCF_000710375.2	GCA_000710375.3	DCMOUH0017B	ISOLATE_SAMN02730070	SAMN02730070	PRJNA244943	unknown	blood	Homo sapiens	Denmark: Odense	unknown	unknown	unknown	none	false	catalog inclusion does not establish donor independence or comparable CRC/control design; published blood series only scoped exploration	cultured_isolate_supported	named strain in clinical/host-associated isolate submission; blood	https://www.ncbi.nlm.nih.gov/biosample/SAMN02730070	Traceable named isolate submission; source reviewed; no unresolved collision within frozen input; independent donor not inferred	ISOLATE_SAMN02730070	SEQ_66aa5ba5f1cbd4bc	66aa5ba5f1cbd4bc1347945e8e052d3b33ed1dfcc1c13bc3fed6a0ec5a3a4f71	Bacteroides fragilis	Bacteroides fragilis	817	Bacteroides hominis / historical B. fragilis division II	Bf_divII	accepted	GCA_014288095.1	98.47	75.97	82.92	10.33	skani 0.3.2 --medium; ANI>=95%, both AF>=65%; Bf divisions separate; anomalous Pm independently checked with bidirectional fastANI	fdeb8d7a108620392c36af15a1ee217210c8ba681638aa6865dca3d6eba5f3fd	../../remote/taxonomy/ani_to_refs.tsv	CheckM2 1.1.0	CheckM2 1.1.0; uniref100.KO.1.dmnd; sha256:1b86ef3eac0813c1853f53182c17657045e3763d66f384ec95747261a63ae46f	100.0	0.23	strict_95_2	3	5474541	5565806	0	Complete Genome	no_general_contig_count_exclusion; local_element_absence_requires_separate_assessment	/srv/CRC-PHIRE/projects/crc-pipeline/results/aimbeta_panel_freeze_20261002/final_genomes/GCF_000710375.2.fna	/srv/CRC-PHIRE/scratch/crc-phage/aimbeta_panel_freeze_20261002/fasta/GCF_000710375.2.fna	6f626fb3a2cc1867bd49df7d43743810b0a0e5f32ff77a740c73d34350ee26e7	NCBI_Datasets_download	official_accession_version_and_BioSample_and_sequence_total_length_match	true	NA	2026-10-02	fd7cd683b937cce7290d478a2198e3b104d136176bcf9aef7df7d99028de5751	GCF_000710375.2	remote/ncbi_reports/reports_01.json	2fbd9572ca5335eb7589fadb4de0ad66f3c82bd9cf7bea089e731a7f6751150a
AimBeta_final_v1_20261002	include	passed_source_identity_taxonomy_QC	research_catalog	GCF_000724665.2	GCA_000724665.3	DCMOUH0018B	ISOLATE_SAMN02730071	SAMN02730071	PRJNA244944	unknown	blood	Homo sapiens	Denmark: Odense	unknown	unknown	unknown	none	false	catalog inclusion does not establish donor independence or comparable CRC/control design; published blood series only scoped exploration	cultured_isolate_supported	named strain in clinical/host-associated isolate submission; blood	https://www.ncbi.nlm.nih.gov/biosample/SAMN02730071	Traceable named isolate submission; source reviewed; no unresolved collision within frozen input; independent donor not inferred	ISOLATE_SAMN02730071	SEQ_b4b224a878974fbb	b4b224a878974fbb6eba52bf4c87e33d5a786d09226af7a517254917b3d16bd6	Bacteroides fragilis	Bacteroides fragilis	817	Bacteroides hominis / historical B. fragilis division II	Bf_divII	accepted	GCA_021359565.1	98.85	82.64	79.3	11.26	skani 0.3.2 --medium; ANI>=95%, both AF>=65%; Bf divisions separate; anomalous Pm independently checked with bidirectional fastANI	fdeb8d7a108620392c36af15a1ee217210c8ba681638aa6865dca3d6eba5f3fd	../../remote/taxonomy/ani_to_refs.tsv	CheckM2 1.1.0	CheckM2 1.1.0; uniref100.KO.1.dmnd; sha256:1b86ef3eac0813c1853f53182c17657045e3763d66f384ec95747261a63ae46f	100.0	0.27	strict_95_2	4	5302644	5316784	0	Complete Genome	no_general_contig_count_exclusion; local_element_absence_requires_separate_assessment	/srv/CRC-PHIRE/projects/crc-pipeline/results/aimbeta_panel_freeze_20261002/final_genomes/GCF_000724665.2.fna	/srv/CRC-PHIRE/scratch/crc-phage/aimbeta_panel_freeze_20261002/fasta/GCF_000724665.2.fna	a9edb52404dc143cad5f22d4e6062c77be37f5d4e4ee8e72bee48cc332ab6b92	NCBI_Datasets_download	official_accession_version_and_BioSample_and_sequence_total_length_match	true	NA	2026-10-02	fd7cd683b937cce7290d478a2198e3b104d136176bcf9aef7df7d99028de5751	GCF_000724665.2	remote/ncbi_reports/reports_01.json	2fbd9572ca5335eb7589fadb4de0ad66f3c82bd9cf7bea089e731a7f6751150a
AimBeta_final_v1_20261002	include	passed_source_identity_taxonomy_QC	research_catalog	GCF_000724805.2	GCA_000724805.2	DCMOUH0067B	ISOLATE_SAMN02903368	SAMN02903368	PRJNA254401	unknown	blood	Homo sapiens	Denmark: Odense	unknown	unknown	unknown	none	false	catalog inclusion does not establish donor independence or comparable CRC/control design; published blood series only scoped exploration	cultured_isolate_supported	named strain in clinical/host-associated isolate submission; blood	https://www.ncbi.nlm.nih.gov/biosample/SAMN02903368	Traceable named isolate submission; source reviewed; no unresolved collision within frozen input; independent donor not inferred	ISOLATE_SAMN02903368	SEQ_fa16103960ba577b	fa16103960ba577b9b7e07e07f1b23bf2f57e57d5e137e7512bd0c4728196035	Bacteroides fragilis	Bacteroides fragilis	817	Bacteroides hominis / historical B. fragilis division II	Bf_divII	accepted	GCA_014288095.1	98.61	79.55	85.56	10.78	skani 0.3.2 --medium; ANI>=95%, both AF>=65%; Bf divisions separate; anomalous Pm independently checked with bidirectional fastANI	fdeb8d7a108620392c36af15a1ee217210c8ba681638aa6865dca3d6eba5f3fd	../../remote/taxonomy/ani_to_refs.tsv	CheckM2 1.1.0	CheckM2 1.1.0; uniref100.KO.1.dmnd; sha256:1b86ef3eac0813c1853f53182c17657045e3763d66f384ec95747261a63ae46f	99.99	0.33	strict_95_2	2	5478614	5484743	0	Complete Genome	no_general_contig_count_exclusion; local_element_absence_requires_separate_assessment	/srv/CRC-PHIRE/projects/crc-pipeline/results/aimbeta_panel_freeze_20261002/final_genomes/GCF_000724805.2.fna	/srv/CRC-PHIRE/scratch/crc-phage/aimbeta_panel_freeze_20261002/fasta/GCF_000724805.2.fna	25037f4c08cfec963af58e05ad6cf94e702ea74807bd540fca384b408be3f3ba	NCBI_Datasets_download	official_accession_version_and_BioSample_and_sequence_total_length_match	true	NA	2026-10-02	fd7cd683b937cce7290d478a2198e3b104d136176bcf9aef7df7d99028de5751	GCF_000724805.2	remote/ncbi_reports/reports_01.json	2fbd9572ca5335eb7589fadb4de0ad66f3c82bd9cf7bea089e731a7f6751150a
AimBeta_final_v1_20261002	include	passed_source_identity_taxonomy_QC	research_catalog	GCF_000724815.2	GCA_000724815.2	DCMOUH0085B	ISOLATE_SAMN02903957	SAMN02903957	PRJNA254455	unknown	blood	Homo sapiens	Denmark: Odense	unknown	unknown	unknown	none	false	catalog inclusion does not establish donor independence or comparable CRC/control design; published blood series only scoped exploration	cultured_isolate_supported	named strain in clinical/host-associated isolate submission; blood	https://www.ncbi.nlm.nih.gov/biosample/SAMN02903957	Traceable named isolate submission; source reviewed; no unresolved collision within frozen input; independent donor not inferred	ISOLATE_SAMN02903957	SEQ_0885badb2e04f8a4	0885badb2e04f8a4be2d2ea061864e32838e3a3de983df155ce051fc42f1185a	Bacteroides fragilis	Bacteroides fragilis	817	Bacteroides hominis / historical B. fragilis division II	Bf_divII	accepted	GCA_021359565.1	99.83	96.83	96.19	12.13	skani 0.3.2 --medium; ANI>=95%, both AF>=65%; Bf divisions separate; anomalous Pm independently checked with bidirectional fastANI	fdeb8d7a108620392c36af15a1ee217210c8ba681638aa6865dca3d6eba5f3fd	../../remote/taxonomy/ani_to_refs.tsv	CheckM2 1.1.0	CheckM2 1.1.0; uniref100.KO.1.dmnd; sha256:1b86ef3eac0813c1853f53182c17657045e3763d66f384ec95747261a63ae46f	100.0	0.29	strict_95_2	1	5504076	5504076	0	Complete Genome	no_general_contig_count_exclusion; local_element_absence_requires_separate_assessment	/srv/CRC-PHIRE/projects/crc-pipeline/results/aimbeta_panel_freeze_20261002/final_genomes/GCF_000724815.2.fna	/srv/CRC-PHIRE/scratch/crc-phage/aimbeta_panel_freeze_20261002/fasta/GCF_000724815.2.fna	7c51fa021440d3494f220e13e9cf0fcc7457a2072e31b362739ffac7617a33c9	NCBI_Datasets_download	official_accession_version_and_BioSample_and_sequence_total_length_match	true	NA	2026-10-02	fd7cd683b937cce7290d478a2198e3b104d136176bcf9aef7df7d99028de5751	GCF_000724815.2	remote/ncbi_reports/reports_01.json	2fbd9572ca5335eb7589fadb4de0ad66f3c82bd9cf7bea089e731a7f6751150a
AimBeta_final_v1_20261002	include	passed_source_identity_taxonomy_QC	research_catalog	GCF_000710365.2	GCA_000710365.3	DCMSKEJBY0001B	ISOLATE_SAMN02730069	SAMN02730069	PRJNA244942	unknown	blood	Homo sapiens	Denmark: Aarhus	unknown	unknown	unknown	none	false	catalog inclusion does not establish donor independence or comparable CRC/control design; published blood series only scoped exploration	cultured_isolate_supported	named strain in clinical/host-associated isolate submission; blood	https://www.ncbi.nlm.nih.gov/biosample/SAMN02730069	Traceable named isolate submission; source reviewed; no unresolved collision within frozen input; independent donor not inferred	ISOLATE_SAMN02730069	SEQ_f152a0794e84333e	f152a0794e84333e0a58d5803cb01ebafb900cab387afec01df158eda73af70c	Bacteroides fragilis	Bacteroides fragilis	817	Bacteroides hominis / historical B. fragilis division II	Bf_divII	accepted	GCA_021359565.1	98.64	82.41	80.58	10.66	skani 0.3.2 --medium; ANI>=95%, both AF>=65%; Bf divisions separate; anomalous Pm independently checked with bidirectional fastANI	fdeb8d7a108620392c36af15a1ee217210c8ba681638aa6865dca3d6eba5f3fd	../../remote/taxonomy/ani_to_refs.tsv	CheckM2 1.1.0	CheckM2 1.1.0; uniref100.KO.1.dmnd; sha256:1b86ef3eac0813c1853f53182c17657045e3763d66f384ec95747261a63ae46f	100.0	0.45	strict_95_2	4	5325251	5417262	0	Complete Genome	no_general_contig_count_exclusion; local_element_absence_requires_separate_assessment	/srv/CRC-PHIRE/projects/crc-pipeline/results/aimbeta_panel_freeze_20261002/final_genomes/GCF_000710365.2.fna	/srv/CRC-PHIRE/scratch/crc-phage/aimbeta_panel_freeze_20261002/fasta/GCF_000710365.2.fna	6d9bb57bb816f37e26e4cb134bdb71087bdf243b832f666510e11b55c9cfaa91	NCBI_Datasets_download	official_accession_version_and_BioSample_and_sequence_total_length_match	true	NA	2026-10-02	fd7cd683b937cce7290d478a2198e3b104d136176bcf9aef7df7d99028de5751	GCF_000710365.2	remote/ncbi_reports/reports_01.json	2fbd9572ca5335eb7589fadb4de0ad66f3c82bd9cf7bea089e731a7f6751150a
AimBeta_final_v1_20261002	include	passed_source_identity_taxonomy_QC	research_catalog	GCF_016864615.1	GCA_016864615.1	DK1985	ISOLATE_SAMN12869706	SAMN12869706	PRJNA574815	unknown	blood	Homo sapiens	Denmark	unknown	unknown	unknown	none	false	catalog inclusion does not establish donor independence or comparable CRC/control design; published blood series only scoped exploration	cultured_isolate_supported	named strain in clinical/host-associated isolate submission; blood	https://www.ncbi.nlm.nih.gov/biosample/SAMN12869706	Traceable named isolate submission; source reviewed; no unresolved collision within frozen input; independent donor not inferred	ISOLATE_SAMN12869706	SEQ_d7089feb4a3d8684	d7089feb4a3d868495baef0affbca582da389a21a7c41e0a7d1e7764513c9b11	Bacteroides fragilis	Bacteroides fragilis	817	Bacteroides hominis / historical B. fragilis division II	Bf_divII	accepted	GCA_014288095.1	98.5	77.61	81.89	10.17	skani 0.3.2 --medium; ANI>=95%, both AF>=65%; Bf divisions separate; anomalous Pm independently checked with bidirectional fastANI	fdeb8d7a108620392c36af15a1ee217210c8ba681638aa6865dca3d6eba5f3fd	../../remote/taxonomy/ani_to_refs.tsv	CheckM2 1.1.0	CheckM2 1.1.0; uniref100.KO.1.dmnd; sha256:1b86ef3eac0813c1853f53182c17657045e3763d66f384ec95747261a63ae46f	99.99	1.35	strict_95_2	1	5380874	5380874	0	Complete Genome	no_general_contig_count_exclusion; local_element_absence_requires_separate_assessment	/srv/CRC-PHIRE/projects/crc-pipeline/results/aimbeta_panel_freeze_20261002/final_genomes/GCF_016864615.1.fna	/srv/CRC-PHIRE/scratch/crc-phage/aimbeta_panel_freeze_20261002/fasta/GCF_016864615.1.fna	15149c8212ba886dbcdec17397c91551f526c86bf13ea76b2446bc2423aca226	NCBI_Datasets_download	official_accession_version_and_BioSample_and_sequence_total_length_match	true	NA	2026-10-02	fd7cd683b937cce7290d478a2198e3b104d136176bcf9aef7df7d99028de5751	GCF_016864615.1	remote/ncbi_reports/reports_01.json	2fbd9572ca5335eb7589fadb4de0ad66f3c82bd9cf7bea089e731a7f6751150a
AimBeta_final_v1_20261002	include	passed_source_identity_taxonomy_QC	research_catalog	GCF_013267555.1	GCA_013267555.1	FDAARGOS_763	ISOLATE_SAMN11056478	SAMN11056478	PRJNA231221	unknown	transverse colon	Homo sapiens	USA:VA	unknown	unknown	unknown	none	false	catalog inclusion does not establish donor independence or comparable CRC/control design; published blood series only scoped exploration	cultured_isolate_supported	named strain in clinical/host-associated isolate submission; transverse colon | culture_collection=FDA:FDAARGOS_763	https://www.ncbi.nlm.nih.gov/biosample/SAMN11056478	Traceable named isolate submission; source reviewed; no unresolved collision within frozen input; independent donor not inferred	ISOLATE_SAMN11056478	SEQ_4d1043b1bce54f0c	4d1043b1bce54f0c72cf686f13eb170e573b1eba68c66d4542ebd13f5fb074bc	Bacteroides fragilis	Bacteroides fragilis	817	Bacteroides hominis / historical B. fragilis division II	Bf_divII	accepted	GCA_021359565.1	98.23	79.5	80.44	10.33	skani 0.3.2 --medium; ANI>=95%, both AF>=65%; Bf divisions separate; anomalous Pm independently checked with bidirectional fastANI	fdeb8d7a108620392c36af15a1ee217210c8ba681638aa6865dca3d6eba5f3fd	../../remote/taxonomy/ani_to_refs.tsv	CheckM2 1.1.0	CheckM2 1.1.0; uniref100.KO.1.dmnd; sha256:1b86ef3eac0813c1853f53182c17657045e3763d66f384ec95747261a63ae46f	99.99	0.55	strict_95_2	4	5460140	5605704	0	Complete Genome	no_general_contig_count_exclusion; local_element_absence_requires_separate_assessment	/srv/CRC-PHIRE/projects/crc-pipeline/results/aimbeta_panel_freeze_20261002/final_genomes/GCF_013267555.1.fna	/srv/CRC-PHIRE/scratch/crc-phage/aimbeta_panel_freeze_20261002/fasta/GCF_013267555.1.fna	5b3eb745f7b165d67d1b0926f6e8aea910e350ec6bf45ffe4eb33003c25b4616	NCBI_Datasets_download	official_accession_version_and_BioSample_and_sequence_total_length_match	true	NA	2026-10-02	fd7cd683b937cce7290d478a2198e3b104d136176bcf9aef7df7d99028de5751	GCF_013267555.1	remote/ncbi_reports/reports_01.json	2fbd9572ca5335eb7589fadb4de0ad66f3c82bd9cf7bea089e731a7f6751150a
AimBeta_final_v1_20261002	include	passed_source_identity_taxonomy_QC	research_catalog	GCA_049315025.1	NA	H1	ISOLATE_SAMN47625152	SAMN47625152	PRJNA1243285	unknown	Human feces	Homo sapiens	China:Wuhan	unknown	unknown	unknown	none	false	catalog inclusion does not establish donor independence or comparable CRC/control design; published blood series only scoped exploration	cultured_isolate_supported	BioSample sample_type=cell culture	https://www.ncbi.nlm.nih.gov/biosample/SAMN47625152	Traceable named isolate submission; source reviewed; no unresolved collision within frozen input; independent donor not inferred	ISOLATE_SAMN47625152	SEQ_3926b17e29df0e49	3926b17e29df0e499264256fc4d5736b666c88fd30e6428b46a5ee777e5d797a	Bacteroides fragilis	Bacteroides fragilis	817	Bacteroides hominis / historical B. fragilis division II	Bf_divII	accepted	GCA_021359565.1	98.59	80.65	79.28	10.9	skani 0.3.2 --medium; ANI>=95%, both AF>=65%; Bf divisions separate; anomalous Pm independently checked with bidirectional fastANI	fdeb8d7a108620392c36af15a1ee217210c8ba681638aa6865dca3d6eba5f3fd	../../remote/taxonomy/ani_to_refs.tsv	CheckM2 1.1.0	CheckM2 1.1.0; uniref100.KO.1.dmnd; sha256:1b86ef3eac0813c1853f53182c17657045e3763d66f384ec95747261a63ae46f	100.0	0.18	strict_95_2	4	5430978	5446591	0	Complete Genome	no_general_contig_count_exclusion; local_element_absence_requires_separate_assessment	/srv/CRC-PHIRE/projects/crc-pipeline/results/aimbeta_panel_freeze_20261002/final_genomes/GCA_049315025.1.fna	/srv/CRC-PHIRE/scratch/crc-phage/aimbeta_panel_freeze_20261002/fasta/GCA_049315025.1.fna	da595557b3248fa9da5adae367d61f57ac65af6d9909b4723c8eda396ff72dc8	NCBI_Datasets_download	official_accession_version_and_BioSample_and_sequence_total_length_match	true	NA	2026-10-02	fd7cd683b937cce7290d478a2198e3b104d136176bcf9aef7df7d99028de5751	GCA_049315025.1	remote/ncbi_reports/reports_03.json	8a5753bfcfcca71504fa1eb5612a7cdac1a8b9c740b317c90304e5861d8b3dfb
AimBeta_final_v1_20261002	include	passed_source_identity_taxonomy_QC	research_catalog	GCF_021359585.1	GCA_021359585.1	IHMA_13	ISOLATE_SAMN20148214	SAMN20148214	PRJNA745162	unknown	unknown	Homo sapiens	USA: St. Louis, MO	unknown	unknown	unknown	none	false	catalog inclusion does not establish donor independence or comparable CRC/control design; published blood series only scoped exploration	cultured_isolate_supported	BioProject=Bacteroides fragilis group isolates from human infections | 	https://www.ncbi.nlm.nih.gov/biosample/SAMN20148214;https://www.ncbi.nlm.nih.gov/bioproject/PRJNA745162	Traceable named isolate submission; source reviewed; no unresolved collision within frozen input; independent donor not inferred	ISOLATE_SAMN20148214	SEQ_828e79ccba143c62	828e79ccba143c6202d5ee4bb0317badb8cb76a3a90b0389f58c79725c007429	Bacteroides fragilis	Bacteroides fragilis	817	Bacteroides hominis / historical B. fragilis division II	Bf_divII	accepted	GCA_014288095.1	98.37	83.98	81.22	9.95	skani 0.3.2 --medium; ANI>=95%, both AF>=65%; Bf divisions separate; anomalous Pm independently checked with bidirectional fastANI	fdeb8d7a108620392c36af15a1ee217210c8ba681638aa6865dca3d6eba5f3fd	../../remote/taxonomy/ani_to_refs.tsv	CheckM2 1.1.0	CheckM2 1.1.0; uniref100.KO.1.dmnd; sha256:1b86ef3eac0813c1853f53182c17657045e3763d66f384ec95747261a63ae46f	99.97	0.01	strict_95_2	1	4932104	4932104	0	Complete Genome	no_general_contig_count_exclusion; local_element_absence_requires_separate_assessment	/srv/CRC-PHIRE/projects/crc-pipeline/results/aimbeta_panel_freeze_20261002/final_genomes/GCF_021359585.1.fna	/srv/CRC-PHIRE/scratch/crc-phage/aimbeta_panel_freeze_20261002/fasta/GCF_021359585.1.fna	832c15f24b4473747efce1a8653485d9b0eaaa231e90513472e57d86251da5a0	NCBI_Datasets_download	official_accession_version_and_BioSample_and_sequence_total_length_match	true	NA	2026-10-02	fd7cd683b937cce7290d478a2198e3b104d136176bcf9aef7df7d99028de5751	GCF_021359585.1	remote/ncbi_reports/reports_01.json	2fbd9572ca5335eb7589fadb4de0ad66f3c82bd9cf7bea089e731a7f6751150a
AimBeta_final_v1_20261002	include	passed_source_identity_taxonomy_QC	research_catalog	GCF_021359565.1	GCA_021359565.1	IHMA_4	ISOLATE_SAMN20148209	SAMN20148209	PRJNA745162	unknown	unknown	Homo sapiens	USA: St. Louis, MO	unknown	unknown	unknown	none	false	catalog inclusion does not establish donor independence or comparable CRC/control design; published blood series only scoped exploration	cultured_isolate_supported	BioProject=Bacteroides fragilis group isolates from human infections | 	https://www.ncbi.nlm.nih.gov/biosample/SAMN20148209;https://www.ncbi.nlm.nih.gov/bioproject/PRJNA745162	Traceable named isolate submission; source reviewed; no unresolved collision within frozen input; independent donor not inferred	ISOLATE_SAMN20148209	SEQ_b88d047f82d6bd32	b88d047f82d6bd3224dedca51590b75ce38218ba681f8b1f1eeb24328807f3fc	Bacteroides fragilis	Bacteroides fragilis	817	Bacteroides hominis / historical B. fragilis division II	Bf_divII	accepted	GCA_021359565.1	100.0	100.0	100.0	12.3	skani 0.3.2 --medium; ANI>=95%, both AF>=65%; Bf divisions separate; anomalous Pm independently checked with bidirectional fastANI	fdeb8d7a108620392c36af15a1ee217210c8ba681638aa6865dca3d6eba5f3fd	../../remote/taxonomy/ani_to_refs.tsv	CheckM2 1.1.0	CheckM2 1.1.0; uniref100.KO.1.dmnd; sha256:1b86ef3eac0813c1853f53182c17657045e3763d66f384ec95747261a63ae46f	100.0	0.44	strict_95_2	1	5540606	5540606	0	Complete Genome	no_general_contig_count_exclusion; local_element_absence_requires_separate_assessment	/srv/CRC-PHIRE/projects/crc-pipeline/results/aimbeta_panel_freeze_20261002/final_genomes/GCF_021359565.1.fna	/srv/CRC-PHIRE/scratch/crc-phage/aimbeta_panel_freeze_20261002/fasta/GCF_021359565.1.fna	6c6e701273f0fb147d5efddd6b54129da8b1fb558ad92ee727766bbdce15455b	NCBI_Datasets_download	official_accession_version_and_BioSample_and_sequence_total_length_match	true	NA	2026-10-02	fd7cd683b937cce7290d478a2198e3b104d136176bcf9aef7df7d99028de5751	GCF_021359565.1	remote/ncbi_reports/reports_01.json	2fbd9572ca5335eb7589fadb4de0ad66f3c82bd9cf7bea089e731a7f6751150a
AimBeta_final_v1_20261002	include	passed_source_identity_taxonomy_QC	research_catalog	GCF_040142595.1	GCA_040142595.1	MDR_L04	ISOLATE_SAMN33709052	SAMN33709052	PRJNA943125	unknown	wound	Homo sapiens	Netherlands: Leiden	unknown	unknown	unknown	none	false	catalog inclusion does not establish donor independence or comparable CRC/control design; published blood series only scoped exploration	cultured_isolate_supported	named strain in clinical/host-associated isolate submission; wound	https://www.ncbi.nlm.nih.gov/biosample/SAMN33709052	Traceable named isolate submission; source reviewed; no unresolved collision within frozen input; independent donor not inferred	ISOLATE_SAMN33709052	SEQ_7f86315d0616ad6d	7f86315d0616ad6d3a2d566f66f1e3faf50815c6f5c36bbb87c506f6836cd86b	Bacteroides fragilis	Bacteroides fragilis	817	Bacteroides hominis / historical B. fragilis division II	Bf_divII	accepted	GCA_014288095.1	98.62	78.08	83.04	10.67	skani 0.3.2 --medium; ANI>=95%, both AF>=65%; Bf divisions separate; anomalous Pm independently checked with bidirectional fastANI	fdeb8d7a108620392c36af15a1ee217210c8ba681638aa6865dca3d6eba5f3fd	../../remote/taxonomy/ani_to_refs.tsv	CheckM2 1.1.0	CheckM2 1.1.0; uniref100.KO.1.dmnd; sha256:1b86ef3eac0813c1853f53182c17657045e3763d66f384ec95747261a63ae46f	100.0	0.59	strict_95_2	4	5328778	5423573	0	Complete Genome	no_general_contig_count_exclusion; local_element_absence_requires_separate_assessment	/srv/CRC-PHIRE/projects/crc-pipeline/results/aimbeta_panel_freeze_20261002/final_genomes/GCF_040142595.1.fna	/srv/CRC-PHIRE/scratch/crc-phage/aimbeta_panel_freeze_20261002/fasta/GCF_040142595.1.fna	a1680f1ac81fb56f6c5f6f177370cf412d93a912fda96879dcb15d5ddcb4ca8b	NCBI_Datasets_download	official_accession_version_and_BioSample_and_sequence_total_length_match	true	NA	2026-10-02	fd7cd683b937cce7290d478a2198e3b104d136176bcf9aef7df7d99028de5751	GCF_040142595.1	remote/ncbi_reports/reports_02.json	95dddad9678ccbaed8d1699a14393959bd15e49149cbbd558371d67d6179ce62
AimBeta_final_v1_20261002	include	passed_source_identity_taxonomy_QC	research_catalog	GCF_040142445.1	GCA_040142445.1	MDR_U01	ISOLATE_SAMN33708995	SAMN33708995	PRJNA943125	unknown	Abdominal abscess	Homo sapiens	Netherlands: Groningen	unknown	unknown	unknown	none	false	catalog inclusion does not establish donor independence or comparable CRC/control design; published blood series only scoped exploration	cultured_isolate_supported	named strain in clinical/host-associated isolate submission; Abdominal abscess	https://www.ncbi.nlm.nih.gov/biosample/SAMN33708995	Traceable named isolate submission; source reviewed; no unresolved collision within frozen input; independent donor not inferred	ISOLATE_SAMN33708995	SEQ_13c4f90a107bea23	13c4f90a107bea232959b1687843ff4fb1493582718955a3d650753eb4b2e3ee	Bacteroides fragilis	Bacteroides fragilis	817	Bacteroides hominis / historical B. fragilis division II	Bf_divII	accepted	GCA_014288095.1	98.52	78.84	82.23	10.29	skani 0.3.2 --medium; ANI>=95%, both AF>=65%; Bf divisions separate; anomalous Pm independently checked with bidirectional fastANI	fdeb8d7a108620392c36af15a1ee217210c8ba681638aa6865dca3d6eba5f3fd	../../remote/taxonomy/ani_to_refs.tsv	CheckM2 1.1.0	CheckM2 1.1.0; uniref100.KO.1.dmnd; sha256:1b86ef3eac0813c1853f53182c17657045e3763d66f384ec95747261a63ae46f	100.0	0.33	strict_95_2	3	5304538	5318463	0	Complete Genome	no_general_contig_count_exclusion; local_element_absence_requires_separate_assessment	/srv/CRC-PHIRE/projects/crc-pipeline/results/aimbeta_panel_freeze_20261002/final_genomes/GCF_040142445.1.fna	/srv/CRC-PHIRE/scratch/crc-phage/aimbeta_panel_freeze_20261002/fasta/GCF_040142445.1.fna	1c7ad86f4e1692607832eb6163b62352488c38a2a23c6b1c02abc600b6b5e775	NCBI_Datasets_download	official_accession_version_and_BioSample_and_sequence_total_length_match	true	NA	2026-10-02	fd7cd683b937cce7290d478a2198e3b104d136176bcf9aef7df7d99028de5751	GCF_040142445.1	remote/ncbi_reports/reports_02.json	95dddad9678ccbaed8d1699a14393959bd15e49149cbbd558371d67d6179ce62
AimBeta_final_v1_20261002	include	passed_source_identity_taxonomy_QC	research_catalog	GCF_001693695.1	GCA_001693695.1	O:21	ISOLATE_SAMN04093172	SAMN04093172	PRJNA295908	unknown	infection	Homo sapiens	Sweden: Stockholm	unknown	unknown	unknown	none	false	catalog inclusion does not establish donor independence or comparable CRC/control design; published blood series only scoped exploration	cultured_isolate_supported	named strain in clinical/host-associated isolate submission; infection	https://www.ncbi.nlm.nih.gov/biosample/SAMN04093172	Traceable named isolate submission; source reviewed; no unresolved collision within frozen input; independent donor not inferred	ISOLATE_SAMN04093172	SEQ_171a96c34cb7b569	171a96c34cb7b5696a96c3904af2629ffa5f2967626bc2f65cc3e18e0281d5e9	Bacteroides fragilis	Bacteroides fragilis	817	Bacteroides hominis / historical B. fragilis division II	Bf_divII	accepted	GCA_021359565.1	98.24	85.07	79.47	10.47	skani 0.3.2 --medium; ANI>=95%, both AF>=65%; Bf divisions separate; anomalous Pm independently checked with bidirectional fastANI	fdeb8d7a108620392c36af15a1ee217210c8ba681638aa6865dca3d6eba5f3fd	../../remote/taxonomy/ani_to_refs.tsv	CheckM2 1.1.0	CheckM2 1.1.0; uniref100.KO.1.dmnd; sha256:1b86ef3eac0813c1853f53182c17657045e3763d66f384ec95747261a63ae46f	99.99	1.46	strict_95_2	14	1093479	5175502	3106	Scaffold	no_general_contig_count_exclusion; local_element_absence_requires_separate_assessment	/srv/CRC-PHIRE/projects/crc-pipeline/results/aimbeta_panel_freeze_20261002/final_genomes/GCF_001693695.1.fna	/srv/CRC-PHIRE/scratch/crc-phage/aimbeta_panel_freeze_20261002/fasta/GCF_001693695.1.fna	b6f16746f2eb5e12c6fbda8bb1258eff69418b994978e9894c5f3c10d22125ac	NCBI_Datasets_download	official_accession_version_and_BioSample_and_sequence_total_length_match	true	NA	2026-10-02	fd7cd683b937cce7290d478a2198e3b104d136176bcf9aef7df7d99028de5751	GCF_001693695.1	remote/ncbi_reports/reports_01.json	2fbd9572ca5335eb7589fadb4de0ad66f3c82bd9cf7bea089e731a7f6751150a
AimBeta_final_v1_20261002	include	passed_source_identity_taxonomy_QC	research_catalog	GCF_002849695.1	GCA_002849695.1	Q1F2	ISOLATE_SAMN06169735	SAMN06169735	PRJNA358289	unknown	wound	Homo sapiens	Hong Kong	unknown	unknown	unknown	none	false	catalog inclusion does not establish donor independence or comparable CRC/control design; published blood series only scoped exploration	cultured_isolate_supported	named strain in clinical/host-associated isolate submission; wound	https://www.ncbi.nlm.nih.gov/biosample/SAMN06169735	Traceable named isolate submission; source reviewed; no unresolved collision within frozen input; independent donor not inferred	ISOLATE_SAMN06169735	SEQ_38aa853076c51a6e	38aa853076c51a6ed07edbc5336e6b30ee45ef855055605c859a7b6b6207f636	Bacteroides fragilis	Bacteroides fragilis	817	Bacteroides hominis / historical B. fragilis division II	Bf_divII	accepted	GCA_021359565.1	98.42	82.12	78.78	10.54	skani 0.3.2 --medium; ANI>=95%, both AF>=65%; Bf divisions separate; anomalous Pm independently checked with bidirectional fastANI	fdeb8d7a108620392c36af15a1ee217210c8ba681638aa6865dca3d6eba5f3fd	../../remote/taxonomy/ani_to_refs.tsv	CheckM2 1.1.0	CheckM2 1.1.0; uniref100.KO.1.dmnd; sha256:1b86ef3eac0813c1853f53182c17657045e3763d66f384ec95747261a63ae46f	100.0	0.74	strict_95_2	3	5196111	5315431	0	Complete Genome	no_general_contig_count_exclusion; local_element_absence_requires_separate_assessment	/srv/CRC-PHIRE/projects/crc-pipeline/results/aimbeta_panel_freeze_20261002/final_genomes/GCF_002849695.1.fna	/srv/CRC-PHIRE/scratch/crc-phage/aimbeta_panel_freeze_20261002/fasta/GCF_002849695.1.fna	11c85f3c67ebde2c9acabc19d7e545aa5ec92159bc15196af44808c82133eed3	NCBI_Datasets_download	official_accession_version_and_BioSample_and_sequence_total_length_match	true	NA	2026-10-02	fd7cd683b937cce7290d478a2198e3b104d136176bcf9aef7df7d99028de5751	GCF_002849695.1	remote/ncbi_reports/reports_01.json	2fbd9572ca5335eb7589fadb4de0ad66f3c82bd9cf7bea089e731a7f6751150a
AimBeta_final_v1_20261002	include	passed_source_identity_taxonomy_QC	research_catalog	GCF_041027385.1	GCA_041027385.1	1-A-36	ISOLATE_SAMN42837758	SAMN42837758	PRJNA1140621	unknown	stool	Homo sapiens	Canada: Guelph	unknown	unknown	unknown	none	false	catalog inclusion does not establish donor independence or comparable CRC/control design; published blood series only scoped exploration	cultured_isolate_supported	NCBI MIGS cultured bacteria package=MIGS.ba.human-gut.6.0	https://www.ncbi.nlm.nih.gov/biosample/SAMN42837758	Traceable named isolate submission; source reviewed; no unresolved collision within frozen input; independent donor not inferred	ISOLATE_SAMN42837758	SEQ_0d92160530c67778	0d92160530c6777896571911e3b5e900eca841b034c87bed02be0d33f64004e0	Fusobacterium animalis	Fusobacterium animalis	76859	Fusobacterium animalis	Fa	accepted	GCA_056823795.1	96.58	79.38	70.42	3.51	skani 0.3.2 --medium; ANI>=95%, both AF>=65%; Bf divisions separate; anomalous Pm independently checked with bidirectional fastANI	fdeb8d7a108620392c36af15a1ee217210c8ba681638aa6865dca3d6eba5f3fd	../../remote/taxonomy/ani_to_refs.tsv	CheckM2 1.1.0	CheckM2 1.1.0; uniref100.KO.1.dmnd; sha256:1b86ef3eac0813c1853f53182c17657045e3763d66f384ec95747261a63ae46f	100.0	0.24	strict_95_2	41	184350	2276732	0	Contig	no_general_contig_count_exclusion; local_element_absence_requires_separate_assessment	/srv/CRC-PHIRE/projects/crc-pipeline/results/aimbeta_panel_freeze_20261002/final_genomes/GCF_041027385.1.fna	/srv/CRC-PHIRE/scratch/crc-phage/aimbeta_panel_freeze_20261002/fasta/GCF_041027385.1.fna	860d2e7719e43ba6a6a56782e00f5df73d0076f3e251df338adab8bed181a2a3	exact_accession_cache	official_accession_version_and_BioSample_and_sequence_total_length_match	true	NA	2026-10-02	fd7cd683b937cce7290d478a2198e3b104d136176bcf9aef7df7d99028de5751	GCF_041027385.1	remote/ncbi_reports/reports_06.json	ba4b6fef68254676389bfcda535887695762ca551389eb78c13eac4ef48bd294
AimBeta_final_v1_20261002	include	passed_source_identity_taxonomy_QC	research_catalog	GCF_000218655.1	GCA_000218655.1	11_3_2	ISOLATE_SAMN02595348	SAMN02595348	PRJNA39559	unknown	unknown	unknown	unknown	unknown	unknown	unknown	none	false	catalog inclusion does not establish donor independence or comparable CRC/control design; published blood series only scoped exploration	cultured_isolate_supported	"BioProject=Reference genome for Human Microbiome Project | Genomes of microorganisms that have been isolated in and on the human body, to be used as Reference Genomes for the Human Microbiome Project (HMP) | NIH Human Microbiome Project (HMP) Roadmap Project |  | assembly comment=The annotation was added by the NCBI Prokaryotic Genome Annotation Pipeline (PGAP). Information about PGAP can be found here: https://www.ncbi.nlm.nih.gov/genome/annotation_prok/
This is a reference genome for the Human Microbiome Project. This project is co-owned with the Human Microbiome Project DACC.
Source DNA and bacteria provided by Sibley, C.D., White, A. P., Crowley, S., Surette, M.G. and Allen-Vercoe, E*. (Bacterial Pathogenesis Research Group, University of Calgary, Calgary, Alberta T2N 4N1, Canada and *Molecular and Cellular Biology, University of Guelph, Guelph, Ontario, N1G 2W1, Canada).
Please be aware that the annotation is done automatically with little or no manual curation.
Gene Calling Method: Prodigal."	https://www.ncbi.nlm.nih.gov/biosample/SAMN02595348;https://www.ncbi.nlm.nih.gov/bioproject/PRJNA39559	Traceable named isolate submission; source reviewed; no unresolved collision within frozen input; independent donor not inferred	ISOLATE_SAMN02595348	SEQ_d8d7fc84d36d07c9	d8d7fc84d36d07c98fc5ed3618ff26d46631b8b8750353487c4e4ab9e9adf6ee	Fusobacterium animalis 11_3_2	Fusobacterium animalis 11_3_2	457403	Fusobacterium animalis	Fa	accepted	GCA_056823795.1	96.02	70.87	75.25	3.22	skani 0.3.2 --medium; ANI>=95%, both AF>=65%; Bf divisions separate; anomalous Pm independently checked with bidirectional fastANI	fdeb8d7a108620392c36af15a1ee217210c8ba681638aa6865dca3d6eba5f3fd	../../remote/taxonomy/ani_to_refs.tsv	CheckM2 1.1.0	CheckM2 1.1.0; uniref100.KO.1.dmnd; sha256:1b86ef3eac0813c1853f53182c17657045e3763d66f384ec95747261a63ae46f	100.0	0.54	strict_95_2	37	336963	2721023	18884	Scaffold	no_general_contig_count_exclusion; local_element_absence_requires_separate_assessment	/srv/CRC-PHIRE/projects/crc-pipeline/results/aimbeta_panel_freeze_20261002/final_genomes/GCF_000218655.1.fna	/srv/CRC-PHIRE/scratch/crc-phage/aimbeta_panel_freeze_20261002/fasta/GCF_000218655.1.fna	9b1df05bd857f4389f4e8d12487cdca8674f2a3d20900509c7a727cd08e4585f	exact_accession_cache	official_accession_version_and_BioSample_and_sequence_total_length_match	true	NA	2026-10-02	fd7cd683b937cce7290d478a2198e3b104d136176bcf9aef7df7d99028de5751	GCF_000218655.1	remote/ncbi_reports/reports_04.json	2ace3e6d68d38989c42086e880c77d4ef2403275ed5af712fff6717e317e174b
AimBeta_final_v1_20261002	include	passed_source_identity_taxonomy_QC	research_catalog	GCF_041027405.1	GCA_041027405.1	2-A-37	ISOLATE_SAMN42837761	SAMN42837761	PRJNA1140621	unknown	stool	Homo sapiens	Canada: Guelph	unknown	unknown	unknown	none	false	catalog inclusion does not establish donor independence or comparable CRC/control design; published blood series only scoped exploration	cultured_isolate_supported	NCBI MIGS cultured bacteria package=MIGS.ba.human-gut.6.0	https://www.ncbi.nlm.nih.gov/biosample/SAMN42837761	Traceable named isolate submission; source reviewed; no unresolved collision within frozen input; independent donor not inferred	ISOLATE_SAMN42837761	SEQ_8fda76fe6378f737	8fda76fe6378f737b18ee87a930ac98be7ddc4f94d6291df5f8052885526084b	Fusobacterium animalis	Fusobacterium animalis	76859	Fusobacterium animalis	Fa	accepted	GCA_056823795.1	96.15	79.31	72.43	2.97	skani 0.3.2 --medium; ANI>=95%, both AF>=65%; Bf divisions separate; anomalous Pm independently checked with bidirectional fastANI	fdeb8d7a108620392c36af15a1ee217210c8ba681638aa6865dca3d6eba5f3fd	../../remote/taxonomy/ani_to_refs.tsv	CheckM2 1.1.0	CheckM2 1.1.0; uniref100.KO.1.dmnd; sha256:1b86ef3eac0813c1853f53182c17657045e3763d66f384ec95747261a63ae46f	100.0	0.38	strict_95_2	86	122533	2348445	0	Contig	no_general_contig_count_exclusion; local_element_absence_requires_separate_assessment	/srv/CRC-PHIRE/projects/crc-pipeline/results/aimbeta_panel_freeze_20261002/final_genomes/GCF_041027405.1.fna	/srv/CRC-PHIRE/scratch/crc-phage/aimbeta_panel_freeze_20261002/fasta/GCF_041027405.1.fna	1a199851cf8be16a4cd720e61d237985ea14ced27cdf7406c4613aac021a423c	exact_accession_cache	official_accession_version_and_BioSample_and_sequence_total_length_match	true	NA	2026-10-02	fd7cd683b937cce7290d478a2198e3b104d136176bcf9aef7df7d99028de5751	GCF_041027405.1	remote/ncbi_reports/reports_06.json	ba4b6fef68254676389bfcda535887695762ca551389eb78c13eac4ef48bd294
AimBeta_final_v1_20261002	include	passed_source_identity_taxonomy_QC	research_catalog	GCF_028743415.1	GCA_028743415.1	2/1/50A	ISOLATE_SAMN33244396	SAMN33244396	PRJNA933643	unknown	unknown	Homo sapiens	USA	unknown	unknown	unknown	none	false	catalog inclusion does not establish donor independence or comparable CRC/control design; published blood series only scoped exploration	cultured_isolate_supported	BioSample sample_type=pure cell culture	https://www.ncbi.nlm.nih.gov/biosample/SAMN33244396	Traceable named isolate submission; source reviewed; no unresolved collision within frozen input; independent donor not inferred	ISOLATE_SAMN33244396	SEQ_c0c4bf0f20a30f24	c0c4bf0f20a30f240459e21a5d6a8a188fb8f794d94b511ae56c19c33df0be50	Fusobacterium nucleatum	Fusobacterium nucleatum	851	Fusobacterium animalis	Fa	accepted	GCA_056823795.1	96.2	75.16	71.79	3.41	skani 0.3.2 --medium; ANI>=95%, both AF>=65%; Bf divisions separate; anomalous Pm independently checked with bidirectional fastANI	fdeb8d7a108620392c36af15a1ee217210c8ba681638aa6865dca3d6eba5f3fd	../../remote/taxonomy/ani_to_refs.tsv	CheckM2 1.1.0	CheckM2 1.1.0; uniref100.KO.1.dmnd; sha256:1b86ef3eac0813c1853f53182c17657045e3763d66f384ec95747261a63ae46f	100.0	0.16	strict_95_2	1	2448186	2448186	0	Complete Genome	no_general_contig_count_exclusion; local_element_absence_requires_separate_assessment	/srv/CRC-PHIRE/projects/crc-pipeline/results/aimbeta_panel_freeze_20261002/final_genomes/GCF_028743415.1.fna	/srv/CRC-PHIRE/scratch/crc-phage/aimbeta_panel_freeze_20261002/fasta/GCF_028743415.1.fna	c7c8c4f557339ef09dd11e53c5fee7d3a01ac4aeb3f779108331fc72162f5202	exact_accession_cache	official_accession_version_and_BioSample_and_sequence_total_length_match	true	NA	2026-10-02	fd7cd683b937cce7290d478a2198e3b104d136176bcf9aef7df7d99028de5751	GCF_028743415.1	remote/ncbi_reports/reports_06.json	ba4b6fef68254676389bfcda535887695762ca551389eb78c13eac4ef48bd294
AimBeta_final_v1_20261002	include	passed_source_identity_taxonomy_QC	research_catalog	GCF_000218645.2	GCA_000218645.2	21_1A	FA_21_1A	SAMN02463708	PRJNA32475	unknown	unknown	Homo sapiens	not provided	unknown	reported_healthy_no_CRC_screening_documented	https://www.ncbi.nlm.nih.gov/bioproject/1437802	none	false	catalog inclusion does not establish donor independence or comparable CRC/control design; published blood series only scoped exploration	cultured_isolate_supported	NCBI MIGS cultured bacteria package=MIGS.ba.6.0 | source_material_id=BEI HM-43 | BioProject=Reference genome for the Human Microbiome Project | Genomes of microorganisms that have been isolated in and on the human body, to be used as Reference Genomes for the Human Microbiome Project (HMP) | NIH Human Microbiome Project (HMP) Roadmap Project | Reference genome for the Human Microbiome Project.	https://www.ncbi.nlm.nih.gov/biosample/SAMN02463708;https://www.ncbi.nlm.nih.gov/bioproject/PRJNA32475	BEI HM-43 / HMP 21_1A; PRJNA1437802 documented Allen-Vercoe stock transfer; ANI100 AF100; bounded same historical strain inference	FA_21_1A	SEQ_b8e24fbd2be2fe3b	b8e24fbd2be2fe3b7229e6591960375d6ab2d57d0205245b356d8b1adb9b02f7	Fusobacterium animalis 21_1A	Fusobacterium animalis 21_1A	469601	Fusobacterium animalis	Fa	accepted	GCA_056823795.1	96.45	80.81	67.92	3.13	skani 0.3.2 --medium; ANI>=95%, both AF>=65%; Bf divisions separate; anomalous Pm independently checked with bidirectional fastANI	fdeb8d7a108620392c36af15a1ee217210c8ba681638aa6865dca3d6eba5f3fd	../../remote/taxonomy/ani_to_refs.tsv	CheckM2 1.1.0	CheckM2 1.1.0; uniref100.KO.1.dmnd; sha256:1b86ef3eac0813c1853f53182c17657045e3763d66f384ec95747261a63ae46f	99.99	0.06	strict_95_2	1	2154007	2154007	200	Chromosome	no_general_contig_count_exclusion; local_element_absence_requires_separate_assessment	/srv/CRC-PHIRE/projects/crc-pipeline/results/aimbeta_panel_freeze_20261002/final_genomes/GCF_000218645.2.fna	/srv/CRC-PHIRE/scratch/crc-phage/aimbeta_panel_freeze_20261002/fasta/GCF_000218645.2.fna	e593ecf6cccce713d9b9dbc6d02850fbd615ecf524f6a89dbff032766c6536f5	exact_accession_cache	official_accession_version_and_BioSample_and_sequence_total_length_match	true	NA	2026-10-02	fd7cd683b937cce7290d478a2198e3b104d136176bcf9aef7df7d99028de5751	GCF_000218645.2	remote/ncbi_reports/reports_04.json	2ace3e6d68d38989c42086e880c77d4ef2403275ed5af712fff6717e317e174b
AimBeta_final_v1_20261002	include	passed_source_identity_taxonomy_QC	research_catalog	GCF_041027465.1	GCA_041027465.1	2_6JVN3	ISOLATE_SAMN42837763	SAMN42837763	PRJNA1140621	unknown	stool	Homo sapiens	Canada: Guelph	unknown	unknown	unknown	none	false	catalog inclusion does not establish donor independence or comparable CRC/control design; published blood series only scoped exploration	cultured_isolate_supported	NCBI MIGS cultured bacteria package=MIGS.ba.human-gut.6.0	https://www.ncbi.nlm.nih.gov/biosample/SAMN42837763	Traceable named isolate submission; source reviewed; no unresolved collision within frozen input; independent donor not inferred	ISOLATE_SAMN42837763	SEQ_1c83cc2ef5515b17	1c83cc2ef5515b1783475077471c5ccb949141d513cdc29ba60a4cf31f5dff63	Fusobacterium animalis	Fusobacterium animalis	76859	Fusobacterium animalis	Fa	accepted	GCA_056823795.1	96.25	73.77	69.32	3.58	skani 0.3.2 --medium; ANI>=95%, both AF>=65%; Bf divisions separate; anomalous Pm independently checked with bidirectional fastANI	fdeb8d7a108620392c36af15a1ee217210c8ba681638aa6865dca3d6eba5f3fd	../../remote/taxonomy/ani_to_refs.tsv	CheckM2 1.1.0	CheckM2 1.1.0; uniref100.KO.1.dmnd; sha256:1b86ef3eac0813c1853f53182c17657045e3763d66f384ec95747261a63ae46f	100.0	1.3	strict_95_2	169	65674	2427468	0	Contig	no_general_contig_count_exclusion; local_element_absence_requires_separate_assessment	/srv/CRC-PHIRE/projects/crc-pipeline/results/aimbeta_panel_freeze_20261002/final_genomes/GCF_041027465.1.fna	/srv/CRC-PHIRE/scratch/crc-phage/aimbeta_panel_freeze_20261002/fasta/GCF_041027465.1.fna	0c79f5b3d9848af8bc364c47871cec4657896f5e63fba0433863046f0dfd3a68	exact_accession_cache	official_accession_version_and_BioSample_and_sequence_total_length_match	true	NA	2026-10-02	fd7cd683b937cce7290d478a2198e3b104d136176bcf9aef7df7d99028de5751	GCF_041027465.1	remote/ncbi_reports/reports_06.json	ba4b6fef68254676389bfcda535887695762ca551389eb78c13eac4ef48bd294
AimBeta_final_v1_20261002	include	passed_source_identity_taxonomy_QC	research_catalog	GCF_041027535.1	GCA_041027535.1	3-1-37BFAA	ISOLATE_SAMN42837759	SAMN42837759	PRJNA1140621	unknown	stool	Homo sapiens	Canada: Guelph	unknown	unknown	unknown	none	false	catalog inclusion does not establish donor independence or comparable CRC/control design; published blood series only scoped exploration	cultured_isolate_supported	NCBI MIGS cultured bacteria package=MIGS.ba.human-gut.6.0	https://www.ncbi.nlm.nih.gov/biosample/SAMN42837759	Traceable named isolate submission; source reviewed; no unresolved collision within frozen input; independent donor not inferred	ISOLATE_SAMN42837759	SEQ_b17ebf2f2e15d6da	b17ebf2f2e15d6daa3f5d9ef102a79227cbfd873d1f5008e20277bffcee43d55	Fusobacterium animalis	Fusobacterium animalis	76859	Fusobacterium animalis	Fa	accepted	GCA_056823795.1	96.4	79.02	72.14	3.22	skani 0.3.2 --medium; ANI>=95%, both AF>=65%; Bf divisions separate; anomalous Pm independently checked with bidirectional fastANI	fdeb8d7a108620392c36af15a1ee217210c8ba681638aa6865dca3d6eba5f3fd	../../remote/taxonomy/ani_to_refs.tsv	CheckM2 1.1.0	CheckM2 1.1.0; uniref100.KO.1.dmnd; sha256:1b86ef3eac0813c1853f53182c17657045e3763d66f384ec95747261a63ae46f	100.0	0.38	strict_95_2	83	131139	2347732	0	Contig	no_general_contig_count_exclusion; local_element_absence_requires_separate_assessment	/srv/CRC-PHIRE/projects/crc-pipeline/results/aimbeta_panel_freeze_20261002/final_genomes/GCF_041027535.1.fna	/srv/CRC-PHIRE/scratch/crc-phage/aimbeta_panel_freeze_20261002/fasta/GCF_041027535.1.fna	64c6a6c9b62a443c32674070dfc99b395c09a569ebbf9d2b9c31fec5c8f898d1	exact_accession_cache	official_accession_version_and_BioSample_and_sequence_total_length_match	true	NA	2026-10-02	fd7cd683b937cce7290d478a2198e3b104d136176bcf9aef7df7d99028de5751	GCF_041027535.1	remote/ncbi_reports/reports_06.json	ba4b6fef68254676389bfcda535887695762ca551389eb78c13eac4ef48bd294
AimBeta_final_v1_20261002	include	passed_source_identity_taxonomy_QC	research_catalog	GCF_000162355.2	GCA_000162355.2	3_1_33	ISOLATE_SAMN02463746	SAMN02463746	PRJNA38519	unknown	unknown	Homo sapiens	not provided	unknown	unknown	unknown	none	false	catalog inclusion does not establish donor independence or comparable CRC/control design; published blood series only scoped exploration	cultured_isolate_supported	"NCBI MIGS cultured bacteria package=MIGS.ba.6.0 | source_material_id=BEI HM-62 | BioProject=Reference genome for the Human Microbiome Project | Genomes of microorganisms that have been isolated in and on the human body, to be used as Reference Genomes for the Human Microbiome Project (HMP) | NIH Human Microbiome Project (HMP) Roadmap Project |  | assembly comment=The annotation was added by the NCBI Prokaryotic Genome Annotation Pipeline (PGAP). Information about PGAP can be found here: https://www.ncbi.nlm.nih.gov/genome/annotation_prok/
This is a reference genome for the Human Microbiome Project. This project is co-owned with the Human Microbiome Project DACC.
Source DNA provided by Strauss, J.C., Ambrose, C.E. and Allen-Vercoe, E. (Molecular and Cellular Biology, University of Guelph, Guelph, Ontario, N1G 2W1, Canada).
Bacteria provided by Strauss, J.C., Ambrose, C.E. and Allen-Vercoe, E. (Molecular and Cellular Biology, University of Guelph, Guelph, Ontario, N1G 2W1, Canada)."	https://www.ncbi.nlm.nih.gov/biosample/SAMN02463746;https://www.ncbi.nlm.nih.gov/bioproject/PRJNA38519	Traceable named isolate submission; source reviewed; no unresolved collision within frozen input; independent donor not inferred	ISOLATE_SAMN02463746	SEQ_dd1b684824a4a65e	dd1b684824a4a65e440a451cfcd7593c947a94374fda05e9ff67ab6a6475ef34	Fusobacterium animalis 3_1_33	Fusobacterium animalis 3_1_33	469603	Fusobacterium animalis	Fa	accepted	GCA_056823795.1	96.45	81.06	72.81	3.24	skani 0.3.2 --medium; ANI>=95%, both AF>=65%; Bf divisions separate; anomalous Pm independently checked with bidirectional fastANI	fdeb8d7a108620392c36af15a1ee217210c8ba681638aa6865dca3d6eba5f3fd	../../remote/taxonomy/ani_to_refs.tsv	CheckM2 1.1.0	CheckM2 1.1.0; uniref100.KO.1.dmnd; sha256:1b86ef3eac0813c1853f53182c17657045e3763d66f384ec95747261a63ae46f	100.0	0.25	strict_95_2	5	1306873	2302090	10370	Scaffold	no_general_contig_count_exclusion; local_element_absence_requires_separate_assessment	/srv/CRC-PHIRE/projects/crc-pipeline/results/aimbeta_panel_freeze_20261002/final_genomes/GCF_000162355.2.fna	/srv/CRC-PHIRE/scratch/crc-phage/aimbeta_panel_freeze_20261002/fasta/GCF_000162355.2.fna	76c09532c2a94397e87d8f514e0d7d058069342ef311a13440cba6a1fe9ca1c4	exact_accession_cache	official_accession_version_and_BioSample_and_sequence_total_length_match	true	NA	2026-10-02	fd7cd683b937cce7290d478a2198e3b104d136176bcf9aef7df7d99028de5751	GCF_000162355.2	remote/ncbi_reports/reports_04.json	2ace3e6d68d38989c42086e880c77d4ef2403275ed5af712fff6717e317e174b
AimBeta_final_v1_20261002	include	passed_source_identity_taxonomy_QC	research_catalog	GCF_000400875.1	GCA_000400875.1	4_8	ISOLATE_SAMN02603674	SAMN02603674	PRJNA32481	unknown	unknown	unknown	unknown	unknown	unknown	unknown	none	false	catalog inclusion does not establish donor independence or comparable CRC/control design; published blood series only scoped exploration	cultured_isolate_supported	"BioProject=Reference genome for the Human Microbiome Project | Genomes of microorganisms that have been isolated in and on the human body, to be used as Reference Genomes for the Human Microbiome Project (HMP) | NIH Human Microbiome Project (HMP) Roadmap Project |  | assembly comment=The annotation was added by the NCBI Prokaryotic Genome Annotation Pipeline (PGAP). Information about PGAP can be found here: https://www.ncbi.nlm.nih.gov/genome/annotation_prok/
This is a reference genome for the Human Microbiome Project. This project is co-owned with the Human Microbiome Project DACC.
Source DNA provided by Sibley, C.D., White, A. P., Crowley, S., Surette, M.G. and Allen-Vercoe, E*. (Bacterial Pathogenesis Research Group, University of Calgary, Calgary, Alberta T2N 4N1, Canada and *Molecular and Cellular Biology, University of Guelph, Guelph, Ontario, N1G 2W1, Canada).
Bacteria provided by Strauss, J.C., Ambrose, C.E. and Allen-Vercoe, E. (Molecular and Cellular Biology, University of Guelph, Guelph, Ontario, N1G 2W1, Canada).
Please be aware that the annotation is done automatically with little or no manual curation.
Gene Calling Method: Prodigal."	https://www.ncbi.nlm.nih.gov/biosample/SAMN02603674;https://www.ncbi.nlm.nih.gov/bioproject/PRJNA32481	Traceable named isolate submission; source reviewed; no unresolved collision within frozen input; independent donor not inferred	ISOLATE_SAMN02603674	SEQ_44475e58b97e92a9	44475e58b97e92a974f52cca4bfbbd30381f31f548b0838bfcbd7dc7df7d97df	Fusobacterium animalis 4_8	Fusobacterium animalis 4_8	469607	Fusobacterium animalis	Fa	accepted	GCA_056823795.1	96.2	81.71	72.54	2.99	skani 0.3.2 --medium; ANI>=95%, both AF>=65%; Bf divisions separate; anomalous Pm independently checked with bidirectional fastANI	fdeb8d7a108620392c36af15a1ee217210c8ba681638aa6865dca3d6eba5f3fd	../../remote/taxonomy/ani_to_refs.tsv	CheckM2 1.1.0	CheckM2 1.1.0; uniref100.KO.1.dmnd; sha256:1b86ef3eac0813c1853f53182c17657045e3763d66f384ec95747261a63ae46f	100.0	0.77	strict_95_2	2	2261267	2275461	0	Complete Genome	no_general_contig_count_exclusion; local_element_absence_requires_separate_assessment	/srv/CRC-PHIRE/projects/crc-pipeline/results/aimbeta_panel_freeze_20261002/final_genomes/GCF_000400875.1.fna	/srv/CRC-PHIRE/scratch/crc-phage/aimbeta_panel_freeze_20261002/fasta/GCF_000400875.1.fna	37a9e2ddfcedda7094e2f4e173872e97c250de19a84d32405f03ca8abc45e79b	exact_accession_cache	official_accession_version_and_BioSample_and_sequence_total_length_match	true	NA	2026-10-02	fd7cd683b937cce7290d478a2198e3b104d136176bcf9aef7df7d99028de5751	GCF_000400875.1	remote/ncbi_reports/reports_04.json	2ace3e6d68d38989c42086e880c77d4ef2403275ed5af712fff6717e317e174b
AimBeta_final_v1_20261002	include	passed_source_identity_taxonomy_QC	research_catalog	GCF_000158275.2	GCA_000158275.2	7_1	ISOLATE_SAMN02463711	SAMN02463711	PRJNA32483	unknown	biological product [ENVO:02000043]	Homo sapiens	not provided	unknown	unknown	unknown	none	false	catalog inclusion does not establish donor independence or comparable CRC/control design; published blood series only scoped exploration	cultured_isolate_supported	NCBI MIGS cultured bacteria package=MIGS.ba.6.0 | source_material_id=BEI HM-73 | BioProject=Reference genome for the Human Microbiome Project | Genomes of microorganisms that have been isolated in and on the human body, to be used as Reference Genomes for the Human Microbiome Project (HMP) | NIH Human Microbiome Project (HMP) Roadmap Project | 	https://www.ncbi.nlm.nih.gov/biosample/SAMN02463711;https://www.ncbi.nlm.nih.gov/bioproject/PRJNA32483	Traceable named isolate submission; source reviewed; no unresolved collision within frozen input; independent donor not inferred	ISOLATE_SAMN02463711	SEQ_caea81e9605d91ad	caea81e9605d91ade7efe7f2949b083d41ead28864fbf7e10972071fd06f0e0e	Fusobacterium animalis 7_1	Fusobacterium animalis 7_1	457405	Fusobacterium animalis	Fa	accepted	GCA_056823795.1	96.31	74.72	73.29	3.22	skani 0.3.2 --medium; ANI>=95%, both AF>=65%; Bf divisions separate; anomalous Pm independently checked with bidirectional fastANI	fdeb8d7a108620392c36af15a1ee217210c8ba681638aa6865dca3d6eba5f3fd	../../remote/taxonomy/ani_to_refs.tsv	CheckM2 1.1.0	CheckM2 1.1.0; uniref100.KO.1.dmnd; sha256:1b86ef3eac0813c1853f53182c17657045e3763d66f384ec95747261a63ae46f	100.0	0.56	strict_95_2	2	2507720	2514029	0	Complete Genome	no_general_contig_count_exclusion; local_element_absence_requires_separate_assessment	/srv/CRC-PHIRE/projects/crc-pipeline/results/aimbeta_panel_freeze_20261002/final_genomes/GCF_000158275.2.fna	/srv/CRC-PHIRE/scratch/crc-phage/aimbeta_panel_freeze_20261002/fasta/GCF_000158275.2.fna	9d75b77176e727b2beb699a7e9a5f1793256314fde2ea1a074fbf723a9c91a6b	exact_accession_cache	official_accession_version_and_BioSample_and_sequence_total_length_match	true	NA	2026-10-02	fd7cd683b937cce7290d478a2198e3b104d136176bcf9aef7df7d99028de5751	GCF_000158275.2	remote/ncbi_reports/reports_04.json	2ace3e6d68d38989c42086e880c77d4ef2403275ed5af712fff6717e317e174b
AimBeta_final_v1_20261002	include	passed_source_identity_taxonomy_QC	research_catalog	GCF_056823795.1	GCA_056823795.1	ATCC 51191	FA_ATCC51191	SAMN27745278	PRJNA549513	unknown	unknown	Homo sapiens	missing	unknown	unknown	unknown	none	false	catalog inclusion does not establish donor independence or comparable CRC/control design; published blood series only scoped exploration	cultured_isolate_supported	type-material=type strain of Fusobacterium nucleatum subsp. animalis | BioProject=Bacterial species cultivated from multiple sites across the human microbiota (oral, nasal, skin, gastrointestinal tract, reproductive tract). | 	https://www.ncbi.nlm.nih.gov/biosample/SAMN27745278;https://www.ncbi.nlm.nih.gov/bioproject/PRJNA549513	两个 BioSample 使用完全相同的具命名空间保藏号 ATCC51191；可合并历史菌株单位，不假定库存序列完全相同。; local:protected_union/biosample_representatives.tsv	FA_ATCC51191	SEQ_41c2fa4bcba71584	41c2fa4bcba715849c06377c8baca2358fa814082a63c9233a24cb296f2b10a4	Fusobacterium animalis ATCC 51191	Fusobacterium animalis ATCC 51191	997347	Fusobacterium animalis	Fa	accepted	GCA_056823795.1	100.0	100.0	100.0	7.21	skani 0.3.2 --medium; ANI>=95%, both AF>=65%; Bf divisions separate; anomalous Pm independently checked with bidirectional fastANI	fdeb8d7a108620392c36af15a1ee217210c8ba681638aa6865dca3d6eba5f3fd	../../remote/taxonomy/ani_to_refs.tsv	CheckM2 1.1.0	CheckM2 1.1.0; uniref100.KO.1.dmnd; sha256:1b86ef3eac0813c1853f53182c17657045e3763d66f384ec95747261a63ae46f	100.0	0.03	strict_95_2	1	2562968	2562968	100	Chromosome	no_general_contig_count_exclusion; local_element_absence_requires_separate_assessment	/srv/CRC-PHIRE/projects/crc-pipeline/results/aimbeta_panel_freeze_20261002/final_genomes/GCF_056823795.1.fna	/srv/CRC-PHIRE/scratch/crc-phage/aimbeta_panel_freeze_20261002/fasta/GCF_056823795.1.fna	1f4cd63aa3f771120233b7beb3c39cba67c85ad8b6cdad3d9cd0e0b7e44414b8	exact_accession_cache	official_accession_version_and_BioSample_and_sequence_total_length_match	true	NA	2026-10-02	fd7cd683b937cce7290d478a2198e3b104d136176bcf9aef7df7d99028de5751	GCF_056823795.1	remote/ncbi_reports/reports_06.json	ba4b6fef68254676389bfcda535887695762ca551389eb78c13eac4ef48bd294
AimBeta_final_v1_20261002	include	passed_source_identity_taxonomy_QC	research_catalog	GCF_036323115.1	GCA_036323115.1	C-A3	ISOLATE_SAMD00632025	SAMD00632025	PRJDB16243	unknown	colorectal cancer	Homo sapiens	Japan	unknown	unknown	unknown	none	false	catalog inclusion does not establish donor independence or comparable CRC/control design; published blood series only scoped exploration	cultured_isolate_supported	BioSample sample_type=cell culture | BioProject=Genome sequences of Fusobacterium nucleatum isolates obtained from patients with colorectal cancer | 	https://www.ncbi.nlm.nih.gov/biosample/SAMD00632025;https://www.ncbi.nlm.nih.gov/bioproject/PRJDB16243	Traceable named isolate submission; source reviewed; no unresolved collision within frozen input; independent donor not inferred	ISOLATE_SAMD00632025	SEQ_4e6a53ca86986c1a	4e6a53ca86986c1a1c4c8fd4421d1f05159bd5fd8a54cbb9fc65659fed22276e	Fusobacterium nucleatum	Fusobacterium nucleatum	851	Fusobacterium animalis	Fa	accepted	GCA_056823795.1	96.45	81.11	72.04	3.55	skani 0.3.2 --medium; ANI>=95%, both AF>=65%; Bf divisions separate; anomalous Pm independently checked with bidirectional fastANI	fdeb8d7a108620392c36af15a1ee217210c8ba681638aa6865dca3d6eba5f3fd	../../remote/taxonomy/ani_to_refs.tsv	CheckM2 1.1.0	CheckM2 1.1.0; uniref100.KO.1.dmnd; sha256:1b86ef3eac0813c1853f53182c17657045e3763d66f384ec95747261a63ae46f	100.0	0.11	strict_95_2	1	2276335	2276335	0	Complete Genome	no_general_contig_count_exclusion; local_element_absence_requires_separate_assessment	/srv/CRC-PHIRE/projects/crc-pipeline/results/aimbeta_panel_freeze_20261002/final_genomes/GCF_036323115.1.fna	/srv/CRC-PHIRE/scratch/crc-phage/aimbeta_panel_freeze_20261002/fasta/GCF_036323115.1.fna	d4dbebbb10b792ef2f3962879f4e60e5c7d8ec423aff7b8989ad9d0a14a09f66	exact_accession_cache	official_accession_version_and_BioSample_and_sequence_total_length_match	true	NA	2026-10-02	fd7cd683b937cce7290d478a2198e3b104d136176bcf9aef7df7d99028de5751	GCF_036323115.1	remote/ncbi_reports/reports_03.json	8a5753bfcfcca71504fa1eb5612a7cdac1a8b9c740b317c90304e5861d8b3dfb
AimBeta_final_v1_20261002	include	passed_source_identity_taxonomy_QC	research_catalog	GCF_059078235.1	GCA_059078235.1	CG01	ISOLATE_SAMN61129312	SAMN61129312	PRJNA1482604	unknown	Antral gastric brushing	Homo sapiens	USA	unknown	unknown	unknown	none	false	catalog inclusion does not establish donor independence or comparable CRC/control design; published blood series only scoped exploration	cultured_isolate_supported	named strain in clinical/host-associated isolate submission; Antral gastric brushing | BioProject=Fusobacterium animalis strain:CG01 | isolate:2422_Y2 Genome sequencing | 	https://www.ncbi.nlm.nih.gov/biosample/SAMN61129312;https://www.ncbi.nlm.nih.gov/bioproject/PRJNA1482604	Traceable named isolate submission; source reviewed; no unresolved collision within frozen input; independent donor not inferred	ISOLATE_SAMN61129312	SEQ_77dd5ba0fbc24c93	77dd5ba0fbc24c939f5c2be74ac67ffe7047dc1735aa5707dbd0786da63e6b34	Fusobacterium animalis	Fusobacterium animalis	76859	Fusobacterium animalis	Fa	accepted	GCA_056823795.1	96.72	81.0	69.41	3.29	skani 0.3.2 --medium; ANI>=95%, both AF>=65%; Bf divisions separate; anomalous Pm independently checked with bidirectional fastANI	fdeb8d7a108620392c36af15a1ee217210c8ba681638aa6865dca3d6eba5f3fd	../../remote/taxonomy/ani_to_refs.tsv	CheckM2 1.1.0	CheckM2 1.1.0; uniref100.KO.1.dmnd; sha256:1b86ef3eac0813c1853f53182c17657045e3763d66f384ec95747261a63ae46f	100.0	0.02	strict_95_2	1	2196148	2196148	0	Complete Genome	no_general_contig_count_exclusion; local_element_absence_requires_separate_assessment	/srv/CRC-PHIRE/projects/crc-pipeline/results/aimbeta_panel_freeze_20261002/final_genomes/GCF_059078235.1.fna	/srv/CRC-PHIRE/scratch/crc-phage/aimbeta_panel_freeze_20261002/fasta/GCF_059078235.1.fna	6215a26788d4d65cca9f967c198c02d5d921d4a9efdb34e6c61ac60207f8f9fa	exact_accession_cache	official_accession_version_and_BioSample_and_sequence_total_length_match	true	NA	2026-10-02	fd7cd683b937cce7290d478a2198e3b104d136176bcf9aef7df7d99028de5751	GCF_059078235.1	remote/ncbi_reports/reports_06.json	ba4b6fef68254676389bfcda535887695762ca551389eb78c13eac4ef48bd294
AimBeta_final_v1_20261002	include	passed_source_identity_taxonomy_QC	research_catalog	GCF_056819735.1	GCA_056819735.1	CJ003	ISOLATE_SAMN27745295	SAMN27745295	PRJNA549513	unknown	oral tumor	Homo sapiens	not collected	unknown	unknown	unknown	none	false	catalog inclusion does not establish donor independence or comparable CRC/control design; published blood series only scoped exploration	cultured_isolate_supported	BioProject=Bacterial species cultivated from multiple sites across the human microbiota (oral, nasal, skin, gastrointestinal tract, reproductive tract). | 	https://www.ncbi.nlm.nih.gov/biosample/SAMN27745295;https://www.ncbi.nlm.nih.gov/bioproject/PRJNA549513	Traceable named isolate submission; source reviewed; no unresolved collision within frozen input; independent donor not inferred	ISOLATE_SAMN27745295	SEQ_6877d55d964b4632	6877d55d964b4632e05073c054711baef49946d3aadfa2fbe58fda58731664bd	Fusobacterium animalis	Fusobacterium animalis	76859	Fusobacterium animalis	Fa	accepted	GCA_056823795.1	95.81	73.69	78.07	2.6	skani 0.3.2 --medium; ANI>=95%, both AF>=65%; Bf divisions separate; anomalous Pm independently checked with bidirectional fastANI	fdeb8d7a108620392c36af15a1ee217210c8ba681638aa6865dca3d6eba5f3fd	../../remote/taxonomy/ani_to_refs.tsv	CheckM2 1.1.0	CheckM2 1.1.0; uniref100.KO.1.dmnd; sha256:1b86ef3eac0813c1853f53182c17657045e3763d66f384ec95747261a63ae46f	100.0	0.34	strict_95_2	2	2709240	2715584	0	Complete Genome	no_general_contig_count_exclusion; local_element_absence_requires_separate_assessment	/srv/CRC-PHIRE/projects/crc-pipeline/results/aimbeta_panel_freeze_20261002/final_genomes/GCF_056819735.1.fna	/srv/CRC-PHIRE/scratch/crc-phage/aimbeta_panel_freeze_20261002/fasta/GCF_056819735.1.fna	ec154b153f0c738b7fe7f29c4d956a652f7da488146c2766647b3f336ed8a6b7	exact_accession_cache	official_accession_version_and_BioSample_and_sequence_total_length_match	true	NA	2026-10-02	fd7cd683b937cce7290d478a2198e3b104d136176bcf9aef7df7d99028de5751	GCF_056819735.1	remote/ncbi_reports/reports_06.json	ba4b6fef68254676389bfcda535887695762ca551389eb78c13eac4ef48bd294
AimBeta_final_v1_20261002	include	passed_source_identity_taxonomy_QC	research_catalog	GCF_056818395.1	GCA_056818395.1	CJ007	ISOLATE_SAMN27745299	SAMN27745299	PRJNA549513	unknown	oral tumor	Homo sapiens	not collected	unknown	unknown	unknown	none	false	catalog inclusion does not establish donor independence or comparable CRC/control design; published blood series only scoped exploration	cultured_isolate_supported	BioProject=Bacterial species cultivated from multiple sites across the human microbiota (oral, nasal, skin, gastrointestinal tract, reproductive tract). | 	https://www.ncbi.nlm.nih.gov/biosample/SAMN27745299;https://www.ncbi.nlm.nih.gov/bioproject/PRJNA549513	Traceable named isolate submission; source reviewed; no unresolved collision within frozen input; independent donor not inferred	ISOLATE_SAMN27745299	SEQ_fefc375478fd7906	fefc375478fd7906aec16a7754375af7df621925ea926184bda96e60cac655a9	Fusobacterium animalis	Fusobacterium animalis	76859	Fusobacterium animalis	Fa	accepted	GCA_056823795.1	96.64	75.18	72.51	3.55	skani 0.3.2 --medium; ANI>=95%, both AF>=65%; Bf divisions separate; anomalous Pm independently checked with bidirectional fastANI	fdeb8d7a108620392c36af15a1ee217210c8ba681638aa6865dca3d6eba5f3fd	../../remote/taxonomy/ani_to_refs.tsv	CheckM2 1.1.0	CheckM2 1.1.0; uniref100.KO.1.dmnd; sha256:1b86ef3eac0813c1853f53182c17657045e3763d66f384ec95747261a63ae46f	100.0	0.26	strict_95_2	1	2471969	2471969	0	Complete Genome	no_general_contig_count_exclusion; local_element_absence_requires_separate_assessment	/srv/CRC-PHIRE/projects/crc-pipeline/results/aimbeta_panel_freeze_20261002/final_genomes/GCF_056818395.1.fna	/srv/CRC-PHIRE/scratch/crc-phage/aimbeta_panel_freeze_20261002/fasta/GCF_056818395.1.fna	baaed6d687e2d4ca03c0819c2712ecbba0a491e091a5decec20d712e5cd98646	exact_accession_cache	official_accession_version_and_BioSample_and_sequence_total_length_match	true	NA	2026-10-02	fd7cd683b937cce7290d478a2198e3b104d136176bcf9aef7df7d99028de5751	GCF_056818395.1	remote/ncbi_reports/reports_06.json	ba4b6fef68254676389bfcda535887695762ca551389eb78c13eac4ef48bd294
AimBeta_final_v1_20261002	include	passed_source_identity_taxonomy_QC	research_catalog	GCF_000479285.1	GCA_000479285.1	CTI-1	FA_CTI1	SAMN02597026	PRJNA170356	unknown	unknown	unknown	unknown	unknown	CRC_project_documented	https://www.ncbi.nlm.nih.gov/bioproject/1122168; named clinical tumor isolate collection; not a matched control series	none	false	catalog inclusion does not establish donor independence or comparable CRC/control design; published blood series only scoped exploration	cultured_isolate_supported	"BioProject=HMP reference genome | Genomes of microorganisms that have been isolated in and on the human body, to be used as Reference Genomes for the Human Microbiome Project (HMP) | NIH Human Microbiome Project (HMP) Roadmap Project |  | assembly comment=The annotation was added by the NCBI Prokaryotic Genome Annotation Pipeline (PGAP). Information about PGAP can be found here: https://www.ncbi.nlm.nih.gov/genome/annotation_prok/
This is a reference genome for the Human Microbiome Project. This project is co-owned with the Human Microbiome Project DACC.
Source DNA provided by Alex Kostic and Wendy Garrett (Harvard School of Public Health, Boston, MA 02115, USA).
Bacteria provided by Alex Kostic and Wendy Garrett (Harvard School of Public Health, Boston, MA 02115, USA).
Please be aware that the annotation is done automatically with little or no manual curation.
Gene Calling Method: Prodigal."	https://www.ncbi.nlm.nih.gov/biosample/SAMN02597026;https://www.ncbi.nlm.nih.gov/bioproject/PRJNA170356	Old assembly comments: Kostic/Garrett bacteria provider; PRJNA1122168 Garrett supplied named CTI stock; ANI99.99 and AF>96%; same historical stock inference	FA_CTI1	SEQ_d69340ce2a8793f1	d69340ce2a8793f18be61450aa14316ede148a7aef02fdc56623bf262d6e7584	Fusobacterium nucleatum CTI-1	Fusobacterium nucleatum CTI-1	1204474	Fusobacterium animalis	Fa	accepted	GCA_056823795.1	96.31	75.63	71.69	3.1	skani 0.3.2 --medium; ANI>=95%, both AF>=65%; Bf divisions separate; anomalous Pm independently checked with bidirectional fastANI	fdeb8d7a108620392c36af15a1ee217210c8ba681638aa6865dca3d6eba5f3fd	../../remote/taxonomy/ani_to_refs.tsv	CheckM2 1.1.0	CheckM2 1.1.0; uniref100.KO.1.dmnd; sha256:1b86ef3eac0813c1853f53182c17657045e3763d66f384ec95747261a63ae46f	100.0	0.24	strict_95_2	8	1519075	2429447	20810	Scaffold	no_general_contig_count_exclusion; local_element_absence_requires_separate_assessment	/srv/CRC-PHIRE/projects/crc-pipeline/results/aimbeta_panel_freeze_20261002/final_genomes/GCF_000479285.1.fna	/srv/CRC-PHIRE/scratch/crc-phage/aimbeta_panel_freeze_20261002/fasta/GCF_000479285.1.fna	77bda8afeee9631ce451219cecea70f3f106c131012a58f402acec44c0dd4f13	exact_accession_cache	official_accession_version_and_BioSample_and_sequence_total_length_match	true	NA	2026-10-02	fd7cd683b937cce7290d478a2198e3b104d136176bcf9aef7df7d99028de5751	GCF_000479285.1	remote/ncbi_reports/reports_04.json	2ace3e6d68d38989c42086e880c77d4ef2403275ed5af712fff6717e317e174b
AimBeta_final_v1_20261002	include	passed_source_identity_taxonomy_QC	research_catalog	GCF_048313085.1	GCA_048313085.1	CTI-3	FA_CTI3	SAMN41777824	PRJNA1122168	unknown	unknown	Homo sapiens	USA	unknown	CRC_project_documented	https://www.ncbi.nlm.nih.gov/bioproject/1122168; named clinical tumor isolate collection; not a matched control series	none	false	catalog inclusion does not establish donor independence or comparable CRC/control design; published blood series only scoped exploration	cultured_isolate_supported	BioSample sample_type=cell culture | BioProject=Whole genome sequencing of CRC-associated Fusobacterium strains | Fusobacterium clinical tumor isolates were sequenced with long and short read technologies to investigate potential genetic features that could influence pathogenesis</p><p>Bacteria provided by Wendy Garrett (Harvard School of Public Health, Boston, MA 02115, USA)	https://www.ncbi.nlm.nih.gov/biosample/SAMN41777824;https://www.ncbi.nlm.nih.gov/bioproject/PRJNA1122168	Old assembly comments: Kostic/Garrett bacteria provider; PRJNA1122168 Garrett supplied named CTI stock; ANI99.99 and AF>96%; same historical stock inference	FA_CTI3	SEQ_b9fbbae23c2044ab	b9fbbae23c2044abab52a2f933ed5caec3e70f24d8ee6aaa208c26113ff444fc	Fusobacterium animalis	Fusobacterium animalis	76859	Fusobacterium animalis	Fa	accepted	GCA_056823795.1	96.45	80.66	69.72	3.13	skani 0.3.2 --medium; ANI>=95%, both AF>=65%; Bf divisions separate; anomalous Pm independently checked with bidirectional fastANI	fdeb8d7a108620392c36af15a1ee217210c8ba681638aa6865dca3d6eba5f3fd	../../remote/taxonomy/ani_to_refs.tsv	CheckM2 1.1.0	CheckM2 1.1.0; uniref100.KO.1.dmnd; sha256:1b86ef3eac0813c1853f53182c17657045e3763d66f384ec95747261a63ae46f	100.0	0.03	strict_95_2	1	2215450	2215450	0	Complete Genome	no_general_contig_count_exclusion; local_element_absence_requires_separate_assessment	/srv/CRC-PHIRE/projects/crc-pipeline/results/aimbeta_panel_freeze_20261002/final_genomes/GCF_048313085.1.fna	/srv/CRC-PHIRE/scratch/crc-phage/aimbeta_panel_freeze_20261002/fasta/GCF_048313085.1.fna	f616425d507ce7c2f13acab8e3bbb7088cb92903b4e18689fda3f3a91ffd9100	exact_accession_cache	official_accession_version_and_BioSample_and_sequence_total_length_match	true	NA	2026-10-02	fd7cd683b937cce7290d478a2198e3b104d136176bcf9aef7df7d99028de5751	GCF_048313085.1	remote/ncbi_reports/reports_06.json	ba4b6fef68254676389bfcda535887695762ca551389eb78c13eac4ef48bd294
AimBeta_final_v1_20261002	include	passed_source_identity_taxonomy_QC	research_catalog	GCF_043421055.1	GCA_043421055.1	CTI-5	FA_CTI5	SAMN41777825	PRJNA1122168	unknown	unknown	Homo sapiens	USA	unknown	CRC_project_documented	https://www.ncbi.nlm.nih.gov/bioproject/1122168; named clinical tumor isolate collection; not a matched control series	none	false	catalog inclusion does not establish donor independence or comparable CRC/control design; published blood series only scoped exploration	cultured_isolate_supported	BioSample sample_type=cell culture | BioProject=Whole genome sequencing of CRC-associated Fusobacterium strains | Fusobacterium clinical tumor isolates were sequenced with long and short read technologies to investigate potential genetic features that could influence pathogenesis</p><p>Bacteria provided by Wendy Garrett (Harvard School of Public Health, Boston, MA 02115, USA)	https://www.ncbi.nlm.nih.gov/biosample/SAMN41777825;https://www.ncbi.nlm.nih.gov/bioproject/PRJNA1122168	Old assembly comments: Kostic/Garrett bacteria provider; PRJNA1122168 Garrett supplied named CTI stock; ANI99.99 and AF>96%; same historical stock inference	FA_CTI5	SEQ_5166b0fb29a5806c	5166b0fb29a5806c0f98e176f890418d102561cf147bc351c4e33ce58bd504e8	Fusobacterium animalis	Fusobacterium animalis	76859	Fusobacterium animalis	Fa	accepted	GCA_056823795.1	96.45	74.46	71.56	3.39	skani 0.3.2 --medium; ANI>=95%, both AF>=65%; Bf divisions separate; anomalous Pm independently checked with bidirectional fastANI	fdeb8d7a108620392c36af15a1ee217210c8ba681638aa6865dca3d6eba5f3fd	../../remote/taxonomy/ani_to_refs.tsv	CheckM2 1.1.0	CheckM2 1.1.0; uniref100.KO.1.dmnd; sha256:1b86ef3eac0813c1853f53182c17657045e3763d66f384ec95747261a63ae46f	100.0	0.77	strict_95_2	6	2405289	2463228	0	Contig	no_general_contig_count_exclusion; local_element_absence_requires_separate_assessment	/srv/CRC-PHIRE/projects/crc-pipeline/results/aimbeta_panel_freeze_20261002/final_genomes/GCF_043421055.1.fna	/srv/CRC-PHIRE/scratch/crc-phage/aimbeta_panel_freeze_20261002/fasta/GCF_043421055.1.fna	3351b88051d93038e979c743d9a3a0d4feba19a0a89cc2f8b118c6d6a453c3e6	exact_accession_cache	official_accession_version_and_BioSample_and_sequence_total_length_match	true	NA	2026-10-02	fd7cd683b937cce7290d478a2198e3b104d136176bcf9aef7df7d99028de5751	GCF_043421055.1	remote/ncbi_reports/reports_06.json	ba4b6fef68254676389bfcda535887695762ca551389eb78c13eac4ef48bd294
AimBeta_final_v1_20261002	include	passed_source_identity_taxonomy_QC	research_catalog	GCF_000158535.2	GCA_000158535.2	D11	ISOLATE_SAMN02463718	SAMN02463718	PRJNA32501	unknown	unknown	Homo sapiens	not provided	unknown	unknown	unknown	none	false	catalog inclusion does not establish donor independence or comparable CRC/control design; published blood series only scoped exploration	cultured_isolate_supported	"NCBI MIGS cultured bacteria package=MIGS.ba.6.0 | source_material_id=BEI HM-75 | BioProject=Reference genome for the Human Microbiome Project | Genomes of microorganisms that have been isolated in and on the human body, to be used as Reference Genomes for the Human Microbiome Project (HMP) | NIH Human Microbiome Project (HMP) Roadmap Project |  | assembly comment=This is a reference genome for the Human Microbiome Project. This project is co-owned with the Human Microbiome Project DACC.
Source DNA provided by Alex Kostic and Wendy Garrett (Harvard School of Public Health, Boston, MA 02115, USA).
Bacteria provided by Alex Kostic and Wendy Garrett (Harvard School of Public Health, Boston, MA 02115, USA).
Please be aware that the annotation is done automatically with little or no manual curation.
Gene Calling Method: Prodigal."	https://www.ncbi.nlm.nih.gov/biosample/SAMN02463718;https://www.ncbi.nlm.nih.gov/bioproject/PRJNA32501	Traceable named isolate submission; source reviewed; no unresolved collision within frozen input; independent donor not inferred	ISOLATE_SAMN02463718	SEQ_14e5089a806b7fd1	14e5089a806b7fd1209f833d3b00790120965d57e482397b3eebac94d38186c5	Fusobacterium animalis D11	Fusobacterium animalis D11	556264	Fusobacterium animalis	Fa	accepted	GCA_056823795.1	96.59	75.18	69.33	3.57	skani 0.3.2 --medium; ANI>=95%, both AF>=65%; Bf divisions separate; anomalous Pm independently checked with bidirectional fastANI	fdeb8d7a108620392c36af15a1ee217210c8ba681638aa6865dca3d6eba5f3fd	../../remote/taxonomy/ani_to_refs.tsv	CheckM2 1.1.0	CheckM2 1.1.0; uniref100.KO.1.dmnd; sha256:1b86ef3eac0813c1853f53182c17657045e3763d66f384ec95747261a63ae46f	97.54	0.08	strict_95_2	17	208138	2363537	14800	Scaffold	no_general_contig_count_exclusion; local_element_absence_requires_separate_assessment	/srv/CRC-PHIRE/projects/crc-pipeline/results/aimbeta_panel_freeze_20261002/final_genomes/GCF_000158535.2.fna	/srv/CRC-PHIRE/scratch/crc-phage/aimbeta_panel_freeze_20261002/fasta/GCF_000158535.2.fna	6509f39eccc4677a780e6923080b4aea88a4f4ceefc4cf1d999de467519ee2d7	exact_accession_cache	official_accession_version_and_BioSample_and_sequence_total_length_match	true	NA	2026-10-02	fd7cd683b937cce7290d478a2198e3b104d136176bcf9aef7df7d99028de5751	GCF_000158535.2	remote/ncbi_reports/reports_04.json	2ace3e6d68d38989c42086e880c77d4ef2403275ed5af712fff6717e317e174b
AimBeta_final_v1_20261002	include	passed_source_identity_taxonomy_QC	research_catalog	GCF_000242975.1	GCA_000242975.1	F0419	FA_F0419	SAMN02463936	PRJNA64879	unknown	biological product [ENVO:02000043]	Homo sapiens	not provided	unknown	unknown	unknown	none	false	catalog inclusion does not establish donor independence or comparable CRC/control design; published blood series only scoped exploration	cultured_isolate_supported	"NCBI MIGS cultured bacteria package=MIGS.ba.6.0 | source_material_id=BEI HM-758 | BioProject=Reference genome for the Human Microbiome Project | Genomes of microorganisms that have been isolated in and on the human body, to be used as Reference Genomes for the Human Microbiome Project (HMP) | NIH Human Microbiome Project (HMP) Roadmap Project | Reference genome for the Human Microbiome Project. <p>Another assembly of this organism was generated independently from the HMP reference genome, using PacBio and Illumina sequence reads. | assembly comment=The annotation was added by the NCBI Prokaryotic Genome Annotation Pipeline (PGAP). Information about PGAP can be found here: https://www.ncbi.nlm.nih.gov/genome/annotation_prok/
This is a reference genome for the Human Microbiome Project. This project is co-owned with the Human Microbiome Project DACC.
Source DNA provided by Jacques Izard, Jessica M. Blanton, Jennifer Mathney, Anne C. Tanner and Floyd E. Dewhirst (Molecular Genetics, The Forsyth Institute, Boston, MA 02115, USA).
Bacteria provided by Jacques Izard, Jessica M. Blanton, Jennifer Mathney, Anne C. Tanner and Floyd E. Dewhirst (Molecular Genetics, The Forsyth Institute, Boston, MA 02115, USA).
Please be aware that the annotation is done automatically with little or no manual curation.
Gene Calling Method: Prodigal."	https://www.ncbi.nlm.nih.gov/biosample/SAMN02463936;https://www.ncbi.nlm.nih.gov/bioproject/PRJNA64879	PRJNA64879 explicitly describes independent PacBio/Illumina reassembly of same organism; concordant sequence	FA_F0419	SEQ_038dab83c1048ca9	038dab83c1048ca98b165431a23410a817b96a793cc883a2e4c920faa3e51e7a	Fusobacterium animalis F0419	Fusobacterium animalis F0419	999414	Fusobacterium animalis	Fa	accepted	GCA_056823795.1	96.45	77.0	72.85	3.53	skani 0.3.2 --medium; ANI>=95%, both AF>=65%; Bf divisions separate; anomalous Pm independently checked with bidirectional fastANI	fdeb8d7a108620392c36af15a1ee217210c8ba681638aa6865dca3d6eba5f3fd	../../remote/taxonomy/ani_to_refs.tsv	CheckM2 1.1.0	CheckM2 1.1.0; uniref100.KO.1.dmnd; sha256:1b86ef3eac0813c1853f53182c17657045e3763d66f384ec95747261a63ae46f	100.0	0.34	strict_95_2	4	2415355	2424697	15942	Scaffold	no_general_contig_count_exclusion; local_element_absence_requires_separate_assessment	/srv/CRC-PHIRE/projects/crc-pipeline/results/aimbeta_panel_freeze_20261002/final_genomes/GCF_000242975.1.fna	/srv/CRC-PHIRE/scratch/crc-phage/aimbeta_panel_freeze_20261002/fasta/GCF_000242975.1.fna	3491b6d2f200303d0172024b90115d14d569337f6cbcb153d29dd7c6567e5eeb	exact_accession_cache	official_accession_version_and_BioSample_and_sequence_total_length_match	true	NA	2026-10-02	fd7cd683b937cce7290d478a2198e3b104d136176bcf9aef7df7d99028de5751	GCF_000242975.1	remote/ncbi_reports/reports_04.json	2ace3e6d68d38989c42086e880c77d4ef2403275ed5af712fff6717e317e174b
AimBeta_final_v1_20261002	include	passed_source_identity_taxonomy_QC	research_catalog	GCF_022340105.1	GCA_022340105.1	Fn173CP	ISOLATE_SAMN20819807	SAMN20819807	PRJNA755318	unknown	tissue	Homo sapiens	missing	unknown	unknown	unknown	none	false	catalog inclusion does not establish donor independence or comparable CRC/control design; published blood series only scoped exploration	cultured_isolate_supported	named strain in clinical/host-associated isolate submission; tissue	https://www.ncbi.nlm.nih.gov/biosample/SAMN20819807	Traceable named isolate submission; source reviewed; no unresolved collision within frozen input; independent donor not inferred	ISOLATE_SAMN20819807	SEQ_350f31419fa48eae	350f31419fa48eaec6acd1af5a71e3a8249f61db7842297d2e942e6be9f73c37	Fusobacterium nucleatum	Fusobacterium nucleatum	851	Fusobacterium animalis	Fa	accepted	GCA_056823795.1	96.84	84.83	70.19	3.66	skani 0.3.2 --medium; ANI>=95%, both AF>=65%; Bf divisions separate; anomalous Pm independently checked with bidirectional fastANI	fdeb8d7a108620392c36af15a1ee217210c8ba681638aa6865dca3d6eba5f3fd	../../remote/taxonomy/ani_to_refs.tsv	CheckM2 1.1.0	CheckM2 1.1.0; uniref100.KO.1.dmnd; sha256:1b86ef3eac0813c1853f53182c17657045e3763d66f384ec95747261a63ae46f	100.0	0.02	strict_95_2	36	79817	2120548	0	Contig	no_general_contig_count_exclusion; local_element_absence_requires_separate_assessment	/srv/CRC-PHIRE/projects/crc-pipeline/results/aimbeta_panel_freeze_20261002/final_genomes/GCF_022340105.1.fna	/srv/CRC-PHIRE/scratch/crc-phage/aimbeta_panel_freeze_20261002/fasta/GCF_022340105.1.fna	46858ecbb65c9e54d81f1a12e6b2a7eff5fdca295ea3a45c7a49792d5f984c07	exact_accession_cache	official_accession_version_and_BioSample_and_sequence_total_length_match	true	NA	2026-10-02	fd7cd683b937cce7290d478a2198e3b104d136176bcf9aef7df7d99028de5751	GCF_022340105.1	remote/ncbi_reports/reports_05.json	58360374e91a4446728ca2fcdc930bf7111cf3b860a512bd1ac2f1a45dae5270
AimBeta_final_v1_20261002	include	passed_source_identity_taxonomy_QC	research_catalog	GCF_041520955.1	GCA_041520955.1	Fn33kaz	ISOLATE_SAMN43281491	SAMN43281491	PRJNA1150383	unknown	colon biopsy	Homo sapiens	Kazakhstan: Astana	unknown	CRC_BioSample_documented	BioSample host_disease=Colorectal cancer	none	false	catalog inclusion does not establish donor independence or comparable CRC/control design; published blood series only scoped exploration	cultured_isolate_supported	named strain in clinical/host-associated isolate submission; colon biopsy	https://www.ncbi.nlm.nih.gov/biosample/SAMN43281491	Traceable named isolate submission; source reviewed; no unresolved collision within frozen input; independent donor not inferred	ISOLATE_SAMN43281491	SEQ_41f8098ab153d847	41f8098ab153d847d0d045d8a14bd4a18c3c214638b4315d901bffc1d28f086a	Fusobacterium animalis	Fusobacterium animalis	76859	Fusobacterium animalis	Fa	accepted	GCA_056823795.1	96.38	74.82	72.79	3.4	skani 0.3.2 --medium; ANI>=95%, both AF>=65%; Bf divisions separate; anomalous Pm independently checked with bidirectional fastANI	fdeb8d7a108620392c36af15a1ee217210c8ba681638aa6865dca3d6eba5f3fd	../../remote/taxonomy/ani_to_refs.tsv	CheckM2 1.1.0	CheckM2 1.1.0; uniref100.KO.1.dmnd; sha256:1b86ef3eac0813c1853f53182c17657045e3763d66f384ec95747261a63ae46f	100.0	0.43	strict_95_2	60	99163	2497041	0	Contig	no_general_contig_count_exclusion; local_element_absence_requires_separate_assessment	/srv/CRC-PHIRE/projects/crc-pipeline/results/aimbeta_panel_freeze_20261002/final_genomes/GCF_041520955.1.fna	/srv/CRC-PHIRE/scratch/crc-phage/aimbeta_panel_freeze_20261002/fasta/GCF_041520955.1.fna	ef745fc6113e0d0a9e15e7a89af4cb91e2daabd9803b4df574a0b8f201fe49f5	exact_accession_cache	official_accession_version_and_BioSample_and_sequence_total_length_match	true	NA	2026-10-02	fd7cd683b937cce7290d478a2198e3b104d136176bcf9aef7df7d99028de5751	GCF_041520955.1	remote/ncbi_reports/reports_06.json	ba4b6fef68254676389bfcda535887695762ca551389eb78c13eac4ef48bd294
AimBeta_final_v1_20261002	include	passed_source_identity_taxonomy_QC	research_catalog	GCF_041520925.1	GCA_041520925.1	Fn57kaz	ISOLATE_SAMN43281492	SAMN43281492	PRJNA1150385	unknown	colon biopsy	Homo sapiens	Kazakhstan: Astana	unknown	CRC_BioSample_documented	BioSample host_disease=Colorectal cancer	none	false	catalog inclusion does not establish donor independence or comparable CRC/control design; published blood series only scoped exploration	cultured_isolate_supported	named strain in clinical/host-associated isolate submission; colon biopsy	https://www.ncbi.nlm.nih.gov/biosample/SAMN43281492	Traceable named isolate submission; source reviewed; no unresolved collision within frozen input; independent donor not inferred	ISOLATE_SAMN43281492	SEQ_8f86a980cfaa0b7e	8f86a980cfaa0b7ef8fc18c82d4f5333cfafd18fdb70cdec4abe9ec4489b0f2d	Fusobacterium animalis	Fusobacterium animalis	76859	Fusobacterium animalis	Fa	accepted	GCA_056823795.1	96.01	70.97	70.2	3.01	skani 0.3.2 --medium; ANI>=95%, both AF>=65%; Bf divisions separate; anomalous Pm independently checked with bidirectional fastANI	fdeb8d7a108620392c36af15a1ee217210c8ba681638aa6865dca3d6eba5f3fd	../../remote/taxonomy/ani_to_refs.tsv	CheckM2 1.1.0	CheckM2 1.1.0; uniref100.KO.1.dmnd; sha256:1b86ef3eac0813c1853f53182c17657045e3763d66f384ec95747261a63ae46f	100.0	0.44	strict_95_2	195	41692	2556201	0	Contig	no_general_contig_count_exclusion; local_element_absence_requires_separate_assessment	/srv/CRC-PHIRE/projects/crc-pipeline/results/aimbeta_panel_freeze_20261002/final_genomes/GCF_041520925.1.fna	/srv/CRC-PHIRE/scratch/crc-phage/aimbeta_panel_freeze_20261002/fasta/GCF_041520925.1.fna	02ddc99644f6d926f49f80d0dfa102b74d8dc868b9e4ecaccecd02be112dbc07	exact_accession_cache	official_accession_version_and_BioSample_and_sequence_total_length_match	true	NA	2026-10-02	fd7cd683b937cce7290d478a2198e3b104d136176bcf9aef7df7d99028de5751	GCF_041520925.1	remote/ncbi_reports/reports_06.json	ba4b6fef68254676389bfcda535887695762ca551389eb78c13eac4ef48bd294
AimBeta_final_v1_20261002	include	passed_source_identity_taxonomy_QC	research_catalog	GCF_056531045.1	GCA_056531045.1	Fnsysu01 (isolate: NPC patient 1)	ISOLATE_SAMN56386247	SAMN56386247	PRJNA1433862	unknown	NPC tumor tissue	unknown	China:Guangdong	unknown	unknown	unknown	none	false	catalog inclusion does not establish donor independence or comparable CRC/control design; published blood series only scoped exploration	cultured_isolate_supported	BioSample sample_type=bacterial colony	https://www.ncbi.nlm.nih.gov/biosample/SAMN56386247	BioSample sample_name=Fnsysu01; sample_type=bacterial colony; infraspecific isolate=NPC patient 1	ISOLATE_SAMN56386247	SEQ_5c083e16716e857f	5c083e16716e857f966827a0f91c91f1db3292df728550970f8413def58c8191	Fusobacterium animalis	Fusobacterium animalis	76859	Fusobacterium animalis	Fa	accepted	GCA_056823795.1	96.58	81.92	73.64	3.78	skani 0.3.2 --medium; ANI>=95%, both AF>=65%; Bf divisions separate; anomalous Pm independently checked with bidirectional fastANI	fdeb8d7a108620392c36af15a1ee217210c8ba681638aa6865dca3d6eba5f3fd	../../remote/taxonomy/ani_to_refs.tsv	CheckM2 1.1.0	CheckM2 1.1.0; uniref100.KO.1.dmnd; sha256:1b86ef3eac0813c1853f53182c17657045e3763d66f384ec95747261a63ae46f	100.0	0.75	strict_95_2	3	2286405	2304003	0	Complete Genome	no_general_contig_count_exclusion; local_element_absence_requires_separate_assessment	/srv/CRC-PHIRE/projects/crc-pipeline/results/aimbeta_panel_freeze_20261002/final_genomes/GCF_056531045.1.fna	/srv/CRC-PHIRE/scratch/crc-phage/aimbeta_panel_freeze_20261002/fasta/GCF_056531045.1.fna	c1d5e7bff0d3e0f774ba330bf16df4274a50cb5b33e7ff399917bc90fcc79116	exact_accession_cache	official_accession_version_and_BioSample_and_sequence_total_length_match	true	NA	2026-10-02	fd7cd683b937cce7290d478a2198e3b104d136176bcf9aef7df7d99028de5751	GCF_056531045.1	remote/ncbi_reports/reports_06.json	ba4b6fef68254676389bfcda535887695762ca551389eb78c13eac4ef48bd294
AimBeta_final_v1_20261002	include	passed_source_identity_taxonomy_QC	research_catalog	GCF_041521005.1	GCA_041521005.1	Fv46kaz	ISOLATE_SAMN43281472	SAMN43281472	PRJNA1150377	unknown	colon biopsy	Homo sapiens	Kazakhstan: Astana	unknown	CRC_BioSample_documented	BioSample host_disease=Colorectal cancer	none	false	catalog inclusion does not establish donor independence or comparable CRC/control design; published blood series only scoped exploration	cultured_isolate_supported	named strain in clinical/host-associated isolate submission; colon biopsy	https://www.ncbi.nlm.nih.gov/biosample/SAMN43281472	Traceable named isolate submission; source reviewed; no unresolved collision within frozen input; independent donor not inferred	ISOLATE_SAMN43281472	SEQ_45a6d7b82bcbb898	45a6d7b82bcbb89864b6519dfa08ef349d0a2414df0c5987b52548e81ec85db4	Fusobacterium animalis	Fusobacterium animalis	76859	Fusobacterium animalis	Fa	accepted	GCA_056823795.1	96.45	80.18	70.76	3.24	skani 0.3.2 --medium; ANI>=95%, both AF>=65%; Bf divisions separate; anomalous Pm independently checked with bidirectional fastANI	fdeb8d7a108620392c36af15a1ee217210c8ba681638aa6865dca3d6eba5f3fd	../../remote/taxonomy/ani_to_refs.tsv	CheckM2 1.1.0	CheckM2 1.1.0; uniref100.KO.1.dmnd; sha256:1b86ef3eac0813c1853f53182c17657045e3763d66f384ec95747261a63ae46f	100.0	0.24	strict_95_2	36	206324	2263686	0	Contig	no_general_contig_count_exclusion; local_element_absence_requires_separate_assessment	/srv/CRC-PHIRE/projects/crc-pipeline/results/aimbeta_panel_freeze_20261002/final_genomes/GCF_041521005.1.fna	/srv/CRC-PHIRE/scratch/crc-phage/aimbeta_panel_freeze_20261002/fasta/GCF_041521005.1.fna	ccb43536acec6646795a32e97a7b15830090cdbb11acf79152ba6426a6ebc6b7	exact_accession_cache	official_accession_version_and_BioSample_and_sequence_total_length_match	true	NA	2026-10-02	fd7cd683b937cce7290d478a2198e3b104d136176bcf9aef7df7d99028de5751	GCF_041521005.1	remote/ncbi_reports/reports_06.json	ba4b6fef68254676389bfcda535887695762ca551389eb78c13eac4ef48bd294
AimBeta_final_v1_20261002	include	passed_source_identity_taxonomy_QC	research_catalog	GCF_037912275.1	GCA_037912275.1	KCOM 1279 = ChDC F315	FA_KCOM1279_CHDCF315	SAMN22215927	PRJNA549513	unknown	oral cavity	Homo sapiens	missing	unknown	unknown	unknown	none	false	catalog inclusion does not establish donor independence or comparable CRC/control design; published blood series only scoped exploration	cultured_isolate_supported	BioProject=Bacterial species cultivated from multiple sites across the human microbiota (oral, nasal, skin, gastrointestinal tract, reproductive tract). | 	https://www.ncbi.nlm.nih.gov/biosample/SAMN22215927;https://www.ncbi.nlm.nih.gov/bioproject/PRJNA549513	同一保藏号 KCOM1279 的空格变体；NCBI 原项目说明 KCOM1279 (=ChDC F315)。; https://www.ncbi.nlm.nih.gov/bioproject/270143	FA_KCOM1279_CHDCF315	SEQ_eebfab5bdde08cdc	eebfab5bdde08cdc566d92d25d8faf67841582a7f5da28fd9b3499575408a3fd	Fusobacterium animalis	Fusobacterium animalis	76859	Fusobacterium animalis	Fa	accepted	GCA_056823795.1	96.14	77.07	76.99	3.05	skani 0.3.2 --medium; ANI>=95%, both AF>=65%; Bf divisions separate; anomalous Pm independently checked with bidirectional fastANI	fdeb8d7a108620392c36af15a1ee217210c8ba681638aa6865dca3d6eba5f3fd	../../remote/taxonomy/ani_to_refs.tsv	CheckM2 1.1.0	CheckM2 1.1.0; uniref100.KO.1.dmnd; sha256:1b86ef3eac0813c1853f53182c17657045e3763d66f384ec95747261a63ae46f	99.98	0.17	strict_95_2	1	2560460	2560460	0	Complete Genome	no_general_contig_count_exclusion; local_element_absence_requires_separate_assessment	/srv/CRC-PHIRE/projects/crc-pipeline/results/aimbeta_panel_freeze_20261002/final_genomes/GCF_037912275.1.fna	/srv/CRC-PHIRE/scratch/crc-phage/aimbeta_panel_freeze_20261002/fasta/GCF_037912275.1.fna	a857c5cdf4e2bb4e3e3dd7dfb09bfa169ca5d428870413294b16461ca52bdb95	exact_accession_cache	official_accession_version_and_BioSample_and_sequence_total_length_match	true	NA	2026-10-02	fd7cd683b937cce7290d478a2198e3b104d136176bcf9aef7df7d99028de5751	GCF_037912275.1	remote/ncbi_reports/reports_06.json	ba4b6fef68254676389bfcda535887695762ca551389eb78c13eac4ef48bd294
AimBeta_final_v1_20261002	include	passed_source_identity_taxonomy_QC	research_catalog	GCF_037905245.1	GCA_037905245.1	KCOM 1280 = ChDC F318	FA_KCOM1280_CHDCF318	SAMN19767267	PRJNA549513	unknown	Oral cavity	Homo sapiens	missing	unknown	unknown	unknown	none	false	catalog inclusion does not establish donor independence or comparable CRC/control design; published blood series only scoped exploration	cultured_isolate_supported	BioProject=Bacterial species cultivated from multiple sites across the human microbiota (oral, nasal, skin, gastrointestinal tract, reproductive tract). | 	https://www.ncbi.nlm.nih.gov/biosample/SAMN19767267;https://www.ncbi.nlm.nih.gov/bioproject/PRJNA549513	同一保藏号 KCOM1280 的空格变体；旧记录明确写 KCOM1280 (=ChDC F318)。; local:protected_union/biosample_representatives.tsv	FA_KCOM1280_CHDCF318	SEQ_0452a342a8ee3196	0452a342a8ee3196ca881ac70c30e6e1558a92ae39b1ef106772819ffa395de1	Fusobacterium animalis	Fusobacterium animalis	76859	Fusobacterium animalis	Fa	accepted	GCA_056823795.1	96.2	74.56	77.63	2.95	skani 0.3.2 --medium; ANI>=95%, both AF>=65%; Bf divisions separate; anomalous Pm independently checked with bidirectional fastANI	fdeb8d7a108620392c36af15a1ee217210c8ba681638aa6865dca3d6eba5f3fd	../../remote/taxonomy/ani_to_refs.tsv	CheckM2 1.1.0	CheckM2 1.1.0; uniref100.KO.1.dmnd; sha256:1b86ef3eac0813c1853f53182c17657045e3763d66f384ec95747261a63ae46f	99.99	0.26	strict_95_2	2	2657636	2668481	0	Complete Genome	no_general_contig_count_exclusion; local_element_absence_requires_separate_assessment	/srv/CRC-PHIRE/projects/crc-pipeline/results/aimbeta_panel_freeze_20261002/final_genomes/GCF_037905245.1.fna	/srv/CRC-PHIRE/scratch/crc-phage/aimbeta_panel_freeze_20261002/fasta/GCF_037905245.1.fna	71f38d0dea96cc14edfe8bdcb6bc5522952c511fc3a35c843a09b7995b09a9e9	exact_accession_cache	official_accession_version_and_BioSample_and_sequence_total_length_match	true	NA	2026-10-02	fd7cd683b937cce7290d478a2198e3b104d136176bcf9aef7df7d99028de5751	GCF_037905245.1	remote/ncbi_reports/reports_05.json	58360374e91a4446728ca2fcdc930bf7111cf3b860a512bd1ac2f1a45dae5270
AimBeta_final_v1_20261002	include	passed_source_identity_taxonomy_QC	research_catalog	GCF_037912025.1	GCA_037912025.1	KCOM 1325 = ChDC F324	FA_KCOM1325_CHDCF324	SAMN21582306	PRJNA549513	unknown	Oral cavity	Homo sapiens	missing	unknown	unknown	unknown	none	false	catalog inclusion does not establish donor independence or comparable CRC/control design; published blood series only scoped exploration	cultured_isolate_supported	BioProject=Bacterial species cultivated from multiple sites across the human microbiota (oral, nasal, skin, gastrointestinal tract, reproductive tract). | 	https://www.ncbi.nlm.nih.gov/biosample/SAMN21582306;https://www.ncbi.nlm.nih.gov/bioproject/PRJNA549513	原始研究明确 ChDC F324=KCOM1325；本地 SAMN02469583 的 note 同样为 KCOM1325；共三个 BioSample。; https://pubmed.ncbi.nlm.nih.gov/24336380/;https://doi.org/10.1128/genomeA.01042-13	FA_KCOM1325_CHDCF324	SEQ_ac8fcfe86914a25e	ac8fcfe86914a25ef3b3cee1bba0c70423c0758ccc3f8dc299baeb5784fe33f4	Fusobacterium animalis	Fusobacterium animalis	76859	Fusobacterium animalis	Fa	accepted	GCA_056823795.1	96.45	81.03	73.21	3.47	skani 0.3.2 --medium; ANI>=95%, both AF>=65%; Bf divisions separate; anomalous Pm independently checked with bidirectional fastANI	fdeb8d7a108620392c36af15a1ee217210c8ba681638aa6865dca3d6eba5f3fd	../../remote/taxonomy/ani_to_refs.tsv	CheckM2 1.1.0	CheckM2 1.1.0; uniref100.KO.1.dmnd; sha256:1b86ef3eac0813c1853f53182c17657045e3763d66f384ec95747261a63ae46f	100.0	0.54	strict_95_2	1	2315884	2315884	0	Complete Genome	no_general_contig_count_exclusion; local_element_absence_requires_separate_assessment	/srv/CRC-PHIRE/projects/crc-pipeline/results/aimbeta_panel_freeze_20261002/final_genomes/GCF_037912025.1.fna	/srv/CRC-PHIRE/scratch/crc-phage/aimbeta_panel_freeze_20261002/fasta/GCF_037912025.1.fna	fb8a3cb461b1a259f35ed84f89ad681cacb2eb3013856418df382328f538a185	exact_accession_cache	official_accession_version_and_BioSample_and_sequence_total_length_match	true	NA	2026-10-02	fd7cd683b937cce7290d478a2198e3b104d136176bcf9aef7df7d99028de5751	GCF_037912025.1	remote/ncbi_reports/reports_05.json	58360374e91a4446728ca2fcdc930bf7111cf3b860a512bd1ac2f1a45dae5270
AimBeta_final_v1_20261002	include	passed_source_identity_taxonomy_QC	research_catalog	GCF_037904725.1	GCA_037904725.1	KCOM 2763 = ChDC F332	FA_KCOM2763_CHDCF332	SAMN19767271	PRJNA549513	unknown	Oral cavity	Homo sapiens	missing	unknown	unknown	unknown	none	false	catalog inclusion does not establish donor independence or comparable CRC/control design; published blood series only scoped exploration	cultured_isolate_supported	BioProject=Bacterial species cultivated from multiple sites across the human microbiota (oral, nasal, skin, gastrointestinal tract, reproductive tract). | 	https://www.ncbi.nlm.nih.gov/biosample/SAMN19767271;https://www.ncbi.nlm.nih.gov/bioproject/PRJNA549513	BioSample description of GCA_002211645.1 explicitly KCOM 2763 (=ChDC F332); paired genome ANI100 AF100	FA_KCOM2763_CHDCF332	SEQ_cc41be099cf4ff34	cc41be099cf4ff347ee8a417e00d1860277967f055331288d43d9bd16feea810	Fusobacterium animalis	Fusobacterium animalis	76859	Fusobacterium animalis	Fa	accepted	GCA_056823795.1	96.45	80.42	72.89	3.39	skani 0.3.2 --medium; ANI>=95%, both AF>=65%; Bf divisions separate; anomalous Pm independently checked with bidirectional fastANI	fdeb8d7a108620392c36af15a1ee217210c8ba681638aa6865dca3d6eba5f3fd	../../remote/taxonomy/ani_to_refs.tsv	CheckM2 1.1.0	CheckM2 1.1.0; uniref100.KO.1.dmnd; sha256:1b86ef3eac0813c1853f53182c17657045e3763d66f384ec95747261a63ae46f	100.0	0.07	strict_95_2	1	2322909	2322909	0	Complete Genome	no_general_contig_count_exclusion; local_element_absence_requires_separate_assessment	/srv/CRC-PHIRE/projects/crc-pipeline/results/aimbeta_panel_freeze_20261002/final_genomes/GCF_037904725.1.fna	/srv/CRC-PHIRE/scratch/crc-phage/aimbeta_panel_freeze_20261002/fasta/GCF_037904725.1.fna	78abaf60ac3c3add886e27f20b79ccca209bdc362ef1bfb13452963313317bcf	exact_accession_cache	official_accession_version_and_BioSample_and_sequence_total_length_match	true	NA	2026-10-02	fd7cd683b937cce7290d478a2198e3b104d136176bcf9aef7df7d99028de5751	GCF_037904725.1	remote/ncbi_reports/reports_05.json	58360374e91a4446728ca2fcdc930bf7111cf3b860a512bd1ac2f1a45dae5270
AimBeta_final_v1_20261002	include	passed_source_identity_taxonomy_QC	research_catalog	GCF_037993075.1	GCA_037993075.1	KCOM1981	ISOLATE_SAMN21582346	SAMN21582346	PRJNA549513	unknown	Cervico-facial	Homo sapiens	missing	unknown	unknown	unknown	none	false	catalog inclusion does not establish donor independence or comparable CRC/control design; published blood series only scoped exploration	cultured_isolate_supported	BioProject=Bacterial species cultivated from multiple sites across the human microbiota (oral, nasal, skin, gastrointestinal tract, reproductive tract). | 	https://www.ncbi.nlm.nih.gov/biosample/SAMN21582346;https://www.ncbi.nlm.nih.gov/bioproject/PRJNA549513	Traceable named isolate submission; source reviewed; no unresolved collision within frozen input; independent donor not inferred	ISOLATE_SAMN21582346	SEQ_60e65b7a9ddd88c6	60e65b7a9ddd88c6037288342c0e66f22a87456f855645c02b089acc203ebba3	Fusobacterium nucleatum	Fusobacterium nucleatum	851	Fusobacterium animalis	Fa	accepted	GCA_056823795.1	96.31	79.3	74.83	3.28	skani 0.3.2 --medium; ANI>=95%, both AF>=65%; Bf divisions separate; anomalous Pm independently checked with bidirectional fastANI	fdeb8d7a108620392c36af15a1ee217210c8ba681638aa6865dca3d6eba5f3fd	../../remote/taxonomy/ani_to_refs.tsv	CheckM2 1.1.0	CheckM2 1.1.0; uniref100.KO.1.dmnd; sha256:1b86ef3eac0813c1853f53182c17657045e3763d66f384ec95747261a63ae46f	100.0	0.44	strict_95_2	1	2418422	2418422	0	Complete Genome	no_general_contig_count_exclusion; local_element_absence_requires_separate_assessment	/srv/CRC-PHIRE/projects/crc-pipeline/results/aimbeta_panel_freeze_20261002/final_genomes/GCF_037993075.1.fna	/srv/CRC-PHIRE/scratch/crc-phage/aimbeta_panel_freeze_20261002/fasta/GCF_037993075.1.fna	3edd617218ed12fed3a06841c9e9822d66479282f3a1aefed9b4a893f3daf019	exact_accession_cache	official_accession_version_and_BioSample_and_sequence_total_length_match	true	NA	2026-10-02	fd7cd683b937cce7290d478a2198e3b104d136176bcf9aef7df7d99028de5751	GCF_037993075.1	remote/ncbi_reports/reports_05.json	58360374e91a4446728ca2fcdc930bf7111cf3b860a512bd1ac2f1a45dae5270
AimBeta_final_v1_20261002	include	passed_source_identity_taxonomy_QC	research_catalog	GCF_037889275.1	GCA_037889275.1	KCOM2373	ISOLATE_SAMN19767269	SAMN19767269	PRJNA549513	unknown	Oral cavity	Homo sapiens	missing	unknown	unknown	unknown	none	false	catalog inclusion does not establish donor independence or comparable CRC/control design; published blood series only scoped exploration	cultured_isolate_supported	BioProject=Bacterial species cultivated from multiple sites across the human microbiota (oral, nasal, skin, gastrointestinal tract, reproductive tract). | 	https://www.ncbi.nlm.nih.gov/biosample/SAMN19767269;https://www.ncbi.nlm.nih.gov/bioproject/PRJNA549513	Traceable named isolate submission; source reviewed; no unresolved collision within frozen input; independent donor not inferred	ISOLATE_SAMN19767269	SEQ_6d8c097f01b3db8f	6d8c097f01b3db8f1668c246b61c608632e08affa9aa7c9211568d81f6ff2d2d	Fusobacterium nucleatum	Fusobacterium nucleatum	851	Fusobacterium animalis	Fa	accepted	GCA_056823795.1	95.81	73.7	73.02	2.78	skani 0.3.2 --medium; ANI>=95%, both AF>=65%; Bf divisions separate; anomalous Pm independently checked with bidirectional fastANI	fdeb8d7a108620392c36af15a1ee217210c8ba681638aa6865dca3d6eba5f3fd	../../remote/taxonomy/ani_to_refs.tsv	CheckM2 1.1.0	CheckM2 1.1.0; uniref100.KO.1.dmnd; sha256:1b86ef3eac0813c1853f53182c17657045e3763d66f384ec95747261a63ae46f	100.0	0.55	strict_95_2	2	2532766	2539073	0	Complete Genome	no_general_contig_count_exclusion; local_element_absence_requires_separate_assessment	/srv/CRC-PHIRE/projects/crc-pipeline/results/aimbeta_panel_freeze_20261002/final_genomes/GCF_037889275.1.fna	/srv/CRC-PHIRE/scratch/crc-phage/aimbeta_panel_freeze_20261002/fasta/GCF_037889275.1.fna	49525eea9d92f9b574a3be32b9aad33fdc40e60caa737952f87d843a336ec798	exact_accession_cache	official_accession_version_and_BioSample_and_sequence_total_length_match	true	NA	2026-10-02	fd7cd683b937cce7290d478a2198e3b104d136176bcf9aef7df7d99028de5751	GCF_037889275.1	remote/ncbi_reports/reports_05.json	58360374e91a4446728ca2fcdc930bf7111cf3b860a512bd1ac2f1a45dae5270
AimBeta_final_v1_20261002	include	passed_source_identity_taxonomy_QC	research_catalog	GCF_037911975.1	GCA_037911975.1	KCOM2538	ISOLATE_SAMN21582312	SAMN21582312	PRJNA549513	unknown	Oral cavity	Homo sapiens	missing	unknown	unknown	unknown	none	false	catalog inclusion does not establish donor independence or comparable CRC/control design; published blood series only scoped exploration	cultured_isolate_supported	BioProject=Bacterial species cultivated from multiple sites across the human microbiota (oral, nasal, skin, gastrointestinal tract, reproductive tract). | 	https://www.ncbi.nlm.nih.gov/biosample/SAMN21582312;https://www.ncbi.nlm.nih.gov/bioproject/PRJNA549513	Traceable named isolate submission; source reviewed; no unresolved collision within frozen input; independent donor not inferred	ISOLATE_SAMN21582312	SEQ_424082f40228bebe	424082f40228bebeb5a47034010e9c1b9cc1e556c5afd97baef5a6a55487c0b1	Fusobacterium animalis	Fusobacterium animalis	76859	Fusobacterium animalis	Fa	accepted	GCA_056823795.1	96.31	79.37	72.35	3.28	skani 0.3.2 --medium; ANI>=95%, both AF>=65%; Bf divisions separate; anomalous Pm independently checked with bidirectional fastANI	fdeb8d7a108620392c36af15a1ee217210c8ba681638aa6865dca3d6eba5f3fd	../../remote/taxonomy/ani_to_refs.tsv	CheckM2 1.1.0	CheckM2 1.1.0; uniref100.KO.1.dmnd; sha256:1b86ef3eac0813c1853f53182c17657045e3763d66f384ec95747261a63ae46f	100.0	0.08	strict_95_2	1	2336223	2336223	0	Complete Genome	no_general_contig_count_exclusion; local_element_absence_requires_separate_assessment	/srv/CRC-PHIRE/projects/crc-pipeline/results/aimbeta_panel_freeze_20261002/final_genomes/GCF_037911975.1.fna	/srv/CRC-PHIRE/scratch/crc-phage/aimbeta_panel_freeze_20261002/fasta/GCF_037911975.1.fna	22fb410eb3ab72fbafd8969d4ae3f8a582aee8abbb474b93112b60dd4c4c6faf	exact_accession_cache	official_accession_version_and_BioSample_and_sequence_total_length_match	true	NA	2026-10-02	fd7cd683b937cce7290d478a2198e3b104d136176bcf9aef7df7d99028de5751	GCF_037911975.1	remote/ncbi_reports/reports_05.json	58360374e91a4446728ca2fcdc930bf7111cf3b860a512bd1ac2f1a45dae5270
AimBeta_final_v1_20261002	include	passed_source_identity_taxonomy_QC	research_catalog	GCF_037911955.1	GCA_037911955.1	KCOM2765	ISOLATE_SAMN21582314	SAMN21582314	PRJNA549513	unknown	Oral cavity	Homo sapiens	missing	unknown	unknown	unknown	none	false	catalog inclusion does not establish donor independence or comparable CRC/control design; published blood series only scoped exploration	cultured_isolate_supported	BioProject=Bacterial species cultivated from multiple sites across the human microbiota (oral, nasal, skin, gastrointestinal tract, reproductive tract). | 	https://www.ncbi.nlm.nih.gov/biosample/SAMN21582314;https://www.ncbi.nlm.nih.gov/bioproject/PRJNA549513	Traceable named isolate submission; source reviewed; no unresolved collision within frozen input; independent donor not inferred	ISOLATE_SAMN21582314	SEQ_228cfd10df0ed92d	228cfd10df0ed92d9955b14aa17b0e3536dae923b077b9db9e25569553bbcc98	Fusobacterium animalis	Fusobacterium animalis	76859	Fusobacterium animalis	Fa	accepted	GCA_056823795.1	96.45	78.6	74.53	3.58	skani 0.3.2 --medium; ANI>=95%, both AF>=65%; Bf divisions separate; anomalous Pm independently checked with bidirectional fastANI	fdeb8d7a108620392c36af15a1ee217210c8ba681638aa6865dca3d6eba5f3fd	../../remote/taxonomy/ani_to_refs.tsv	CheckM2 1.1.0	CheckM2 1.1.0; uniref100.KO.1.dmnd; sha256:1b86ef3eac0813c1853f53182c17657045e3763d66f384ec95747261a63ae46f	100.0	0.03	strict_95_2	1	2430285	2430285	0	Complete Genome	no_general_contig_count_exclusion; local_element_absence_requires_separate_assessment	/srv/CRC-PHIRE/projects/crc-pipeline/results/aimbeta_panel_freeze_20261002/final_genomes/GCF_037911955.1.fna	/srv/CRC-PHIRE/scratch/crc-phage/aimbeta_panel_freeze_20261002/fasta/GCF_037911955.1.fna	6bf8fd00cee3da5467ffa48f580b32b984b2ca2b275b71be538a3836c7b60d07	exact_accession_cache	official_accession_version_and_BioSample_and_sequence_total_length_match	true	NA	2026-10-02	fd7cd683b937cce7290d478a2198e3b104d136176bcf9aef7df7d99028de5751	GCF_037911955.1	remote/ncbi_reports/reports_05.json	58360374e91a4446728ca2fcdc930bf7111cf3b860a512bd1ac2f1a45dae5270
AimBeta_final_v1_20261002	include	passed_source_identity_taxonomy_QC	research_catalog	GCF_037911945.1	GCA_037911945.1	KCOM2860	ISOLATE_SAMN21582315	SAMN21582315	PRJNA549513	unknown	Oral cavity	Homo sapiens	missing	unknown	unknown	unknown	none	false	catalog inclusion does not establish donor independence or comparable CRC/control design; published blood series only scoped exploration	cultured_isolate_supported	BioProject=Bacterial species cultivated from multiple sites across the human microbiota (oral, nasal, skin, gastrointestinal tract, reproductive tract). | 	https://www.ncbi.nlm.nih.gov/biosample/SAMN21582315;https://www.ncbi.nlm.nih.gov/bioproject/PRJNA549513	Traceable named isolate submission; source reviewed; no unresolved collision within frozen input; independent donor not inferred	ISOLATE_SAMN21582315	SEQ_af7c2c000ec0c003	af7c2c000ec0c003a02aee4cc05efda724d13b4089e7908b7faf4d8b61192076	Fusobacterium animalis	Fusobacterium animalis	76859	Fusobacterium animalis	Fa	accepted	GCA_056823795.1	96.89	83.13	72.11	3.68	skani 0.3.2 --medium; ANI>=95%, both AF>=65%; Bf divisions separate; anomalous Pm independently checked with bidirectional fastANI	fdeb8d7a108620392c36af15a1ee217210c8ba681638aa6865dca3d6eba5f3fd	../../remote/taxonomy/ani_to_refs.tsv	CheckM2 1.1.0	CheckM2 1.1.0; uniref100.KO.1.dmnd; sha256:1b86ef3eac0813c1853f53182c17657045e3763d66f384ec95747261a63ae46f	100.0	0.03	strict_95_2	1	2223019	2223019	0	Complete Genome	no_general_contig_count_exclusion; local_element_absence_requires_separate_assessment	/srv/CRC-PHIRE/projects/crc-pipeline/results/aimbeta_panel_freeze_20261002/final_genomes/GCF_037911945.1.fna	/srv/CRC-PHIRE/scratch/crc-phage/aimbeta_panel_freeze_20261002/fasta/GCF_037911945.1.fna	b25a845dbcb58de7a063102d447a2798cb2bdbf0ab1db873264aa1f0d030ca96	exact_accession_cache	official_accession_version_and_BioSample_and_sequence_total_length_match	true	NA	2026-10-02	fd7cd683b937cce7290d478a2198e3b104d136176bcf9aef7df7d99028de5751	GCF_037911945.1	remote/ncbi_reports/reports_05.json	58360374e91a4446728ca2fcdc930bf7111cf3b860a512bd1ac2f1a45dae5270
AimBeta_final_v1_20261002	include	passed_source_identity_taxonomy_QC	research_catalog	GCF_037911935.1	GCA_037911935.1	KCOM2877	ISOLATE_SAMN21582316	SAMN21582316	PRJNA549513	unknown	Oral cavity	Homo sapiens	missing	unknown	unknown	unknown	none	false	catalog inclusion does not establish donor independence or comparable CRC/control design; published blood series only scoped exploration	cultured_isolate_supported	BioProject=Bacterial species cultivated from multiple sites across the human microbiota (oral, nasal, skin, gastrointestinal tract, reproductive tract). | 	https://www.ncbi.nlm.nih.gov/biosample/SAMN21582316;https://www.ncbi.nlm.nih.gov/bioproject/PRJNA549513	Traceable named isolate submission; source reviewed; no unresolved collision within frozen input; independent donor not inferred	ISOLATE_SAMN21582316	SEQ_75d3f2e545741908	75d3f2e54574190892792109371665a5da2ac776bcd2a3d1c5c4f5eb13d4b527	Fusobacterium animalis	Fusobacterium animalis	76859	Fusobacterium animalis	Fa	accepted	GCA_056823795.1	96.92	78.93	85.07	4.01	skani 0.3.2 --medium; ANI>=95%, both AF>=65%; Bf divisions separate; anomalous Pm independently checked with bidirectional fastANI	fdeb8d7a108620392c36af15a1ee217210c8ba681638aa6865dca3d6eba5f3fd	../../remote/taxonomy/ani_to_refs.tsv	CheckM2 1.1.0	CheckM2 1.1.0; uniref100.KO.1.dmnd; sha256:1b86ef3eac0813c1853f53182c17657045e3763d66f384ec95747261a63ae46f	100.0	0.12	strict_95_2	1	2762399	2762399	0	Complete Genome	no_general_contig_count_exclusion; local_element_absence_requires_separate_assessment	/srv/CRC-PHIRE/projects/crc-pipeline/results/aimbeta_panel_freeze_20261002/final_genomes/GCF_037911935.1.fna	/srv/CRC-PHIRE/scratch/crc-phage/aimbeta_panel_freeze_20261002/fasta/GCF_037911935.1.fna	bf2ec24ae38490488da2a637ed25ea6187ede4a401bf5b699a8a66f2ea360b0f	exact_accession_cache	official_accession_version_and_BioSample_and_sequence_total_length_match	true	NA	2026-10-02	fd7cd683b937cce7290d478a2198e3b104d136176bcf9aef7df7d99028de5751	GCF_037911935.1	remote/ncbi_reports/reports_05.json	58360374e91a4446728ca2fcdc930bf7111cf3b860a512bd1ac2f1a45dae5270
AimBeta_final_v1_20261002	include	passed_source_identity_taxonomy_QC	research_catalog	GCF_037911925.1	GCA_037911925.1	KCOM2952	ISOLATE_SAMN21582320	SAMN21582320	PRJNA549513	unknown	Oral cavity	Homo sapiens	missing	unknown	unknown	unknown	none	false	catalog inclusion does not establish donor independence or comparable CRC/control design; published blood series only scoped exploration	cultured_isolate_supported	BioProject=Bacterial species cultivated from multiple sites across the human microbiota (oral, nasal, skin, gastrointestinal tract, reproductive tract). | 	https://www.ncbi.nlm.nih.gov/biosample/SAMN21582320;https://www.ncbi.nlm.nih.gov/bioproject/PRJNA549513	Traceable named isolate submission; source reviewed; no unresolved collision within frozen input; independent donor not inferred	ISOLATE_SAMN21582320	SEQ_f5735638174b9949	f5735638174b99498d104bb53683b3a0d677e28e517771ad4d859850837bb05c	Fusobacterium animalis	Fusobacterium animalis	76859	Fusobacterium animalis	Fa	accepted	GCA_056823795.1	96.89	79.84	71.84	3.68	skani 0.3.2 --medium; ANI>=95%, both AF>=65%; Bf divisions separate; anomalous Pm independently checked with bidirectional fastANI	fdeb8d7a108620392c36af15a1ee217210c8ba681638aa6865dca3d6eba5f3fd	../../remote/taxonomy/ani_to_refs.tsv	CheckM2 1.1.0	CheckM2 1.1.0; uniref100.KO.1.dmnd; sha256:1b86ef3eac0813c1853f53182c17657045e3763d66f384ec95747261a63ae46f	100.0	0.23	strict_95_2	2	2295030	2306212	0	Complete Genome	no_general_contig_count_exclusion; local_element_absence_requires_separate_assessment	/srv/CRC-PHIRE/projects/crc-pipeline/results/aimbeta_panel_freeze_20261002/final_genomes/GCF_037911925.1.fna	/srv/CRC-PHIRE/scratch/crc-phage/aimbeta_panel_freeze_20261002/fasta/GCF_037911925.1.fna	126a215cc44ad17ba2f44dbe41b7df80b0f43912a2b2ff549d79de166ff97f3f	exact_accession_cache	official_accession_version_and_BioSample_and_sequence_total_length_match	true	NA	2026-10-02	fd7cd683b937cce7290d478a2198e3b104d136176bcf9aef7df7d99028de5751	GCF_037911925.1	remote/ncbi_reports/reports_05.json	58360374e91a4446728ca2fcdc930bf7111cf3b860a512bd1ac2f1a45dae5270
AimBeta_final_v1_20261002	include	passed_source_identity_taxonomy_QC	research_catalog	GCF_037911915.1	GCA_037911915.1	KCOM2969	ISOLATE_SAMN21582321	SAMN21582321	PRJNA549513	unknown	Oral cavity	Homo sapiens	missing	unknown	unknown	unknown	none	false	catalog inclusion does not establish donor independence or comparable CRC/control design; published blood series only scoped exploration	cultured_isolate_supported	BioProject=Bacterial species cultivated from multiple sites across the human microbiota (oral, nasal, skin, gastrointestinal tract, reproductive tract). | 	https://www.ncbi.nlm.nih.gov/biosample/SAMN21582321;https://www.ncbi.nlm.nih.gov/bioproject/PRJNA549513	Traceable named isolate submission; source reviewed; no unresolved collision within frozen input; independent donor not inferred	ISOLATE_SAMN21582321	SEQ_6082eafc7f6f023d	6082eafc7f6f023d18ccb2110efc716195ec637bce7bc9a8565754fe5bf72df7	Fusobacterium animalis	Fusobacterium animalis	76859	Fusobacterium animalis	Fa	accepted	GCA_056823795.1	97.3	77.73	80.64	4.51	skani 0.3.2 --medium; ANI>=95%, both AF>=65%; Bf divisions separate; anomalous Pm independently checked with bidirectional fastANI	fdeb8d7a108620392c36af15a1ee217210c8ba681638aa6865dca3d6eba5f3fd	../../remote/taxonomy/ani_to_refs.tsv	CheckM2 1.1.0	CheckM2 1.1.0; uniref100.KO.1.dmnd; sha256:1b86ef3eac0813c1853f53182c17657045e3763d66f384ec95747261a63ae46f	100.0	0.19	strict_95_2	1	2658899	2658899	0	Complete Genome	no_general_contig_count_exclusion; local_element_absence_requires_separate_assessment	/srv/CRC-PHIRE/projects/crc-pipeline/results/aimbeta_panel_freeze_20261002/final_genomes/GCF_037911915.1.fna	/srv/CRC-PHIRE/scratch/crc-phage/aimbeta_panel_freeze_20261002/fasta/GCF_037911915.1.fna	d3872a182ca9a90665836e696c98e26965f8fa9a53b52aca4eaaa265713fa08e	exact_accession_cache	official_accession_version_and_BioSample_and_sequence_total_length_match	true	NA	2026-10-02	fd7cd683b937cce7290d478a2198e3b104d136176bcf9aef7df7d99028de5751	GCF_037911915.1	remote/ncbi_reports/reports_05.json	58360374e91a4446728ca2fcdc930bf7111cf3b860a512bd1ac2f1a45dae5270
AimBeta_final_v1_20261002	include	passed_source_identity_taxonomy_QC	research_catalog	GCF_037911905.1	GCA_037911905.1	KCOM3127	ISOLATE_SAMN21582323	SAMN21582323	PRJNA549513	unknown	Oral cavity	Homo sapiens	missing	unknown	unknown	unknown	none	false	catalog inclusion does not establish donor independence or comparable CRC/control design; published blood series only scoped exploration	cultured_isolate_supported	BioProject=Bacterial species cultivated from multiple sites across the human microbiota (oral, nasal, skin, gastrointestinal tract, reproductive tract). | 	https://www.ncbi.nlm.nih.gov/biosample/SAMN21582323;https://www.ncbi.nlm.nih.gov/bioproject/PRJNA549513	Traceable named isolate submission; source reviewed; no unresolved collision within frozen input; independent donor not inferred	ISOLATE_SAMN21582323	SEQ_5c01740e0779f55d	5c01740e0779f55d8095aae40e8eca8b24ba048bd0ebe72fecd8f5f6d09005a0	Fusobacterium animalis	Fusobacterium animalis	76859	Fusobacterium animalis	Fa	accepted	GCA_056823795.1	96.92	76.23	82.57	4.16	skani 0.3.2 --medium; ANI>=95%, both AF>=65%; Bf divisions separate; anomalous Pm independently checked with bidirectional fastANI	fdeb8d7a108620392c36af15a1ee217210c8ba681638aa6865dca3d6eba5f3fd	../../remote/taxonomy/ani_to_refs.tsv	CheckM2 1.1.0	CheckM2 1.1.0; uniref100.KO.1.dmnd; sha256:1b86ef3eac0813c1853f53182c17657045e3763d66f384ec95747261a63ae46f	100.0	0.13	strict_95_2	1	2776034	2776034	0	Complete Genome	no_general_contig_count_exclusion; local_element_absence_requires_separate_assessment	/srv/CRC-PHIRE/projects/crc-pipeline/results/aimbeta_panel_freeze_20261002/final_genomes/GCF_037911905.1.fna	/srv/CRC-PHIRE/scratch/crc-phage/aimbeta_panel_freeze_20261002/fasta/GCF_037911905.1.fna	f5f999e2428ede9c61a4332abe335983e7de904f5b0d5da44a6e22f79d901a08	exact_accession_cache	official_accession_version_and_BioSample_and_sequence_total_length_match	true	NA	2026-10-02	fd7cd683b937cce7290d478a2198e3b104d136176bcf9aef7df7d99028de5751	GCF_037911905.1	remote/ncbi_reports/reports_05.json	58360374e91a4446728ca2fcdc930bf7111cf3b860a512bd1ac2f1a45dae5270
AimBeta_final_v1_20261002	include	passed_source_identity_taxonomy_QC	research_catalog	GCF_037911885.1	GCA_037911885.1	KCOM3229	ISOLATE_SAMN21582326	SAMN21582326	PRJNA549513	unknown	Oral cavity	Homo sapiens	missing	unknown	unknown	unknown	none	false	catalog inclusion does not establish donor independence or comparable CRC/control design; published blood series only scoped exploration	cultured_isolate_supported	BioProject=Bacterial species cultivated from multiple sites across the human microbiota (oral, nasal, skin, gastrointestinal tract, reproductive tract). | 	https://www.ncbi.nlm.nih.gov/biosample/SAMN21582326;https://www.ncbi.nlm.nih.gov/bioproject/PRJNA549513	Traceable named isolate submission; source reviewed; no unresolved collision within frozen input; independent donor not inferred	ISOLATE_SAMN21582326	SEQ_e5fd4dca02ad7b2c	e5fd4dca02ad7b2c28eba1939b243a662675645d5f52ad753a9e6e8c80346fda	Fusobacterium animalis	Fusobacterium animalis	76859	Fusobacterium animalis	Fa	accepted	GCA_056823795.1	96.2	77.65	74.53	2.88	skani 0.3.2 --medium; ANI>=95%, both AF>=65%; Bf divisions separate; anomalous Pm independently checked with bidirectional fastANI	fdeb8d7a108620392c36af15a1ee217210c8ba681638aa6865dca3d6eba5f3fd	../../remote/taxonomy/ani_to_refs.tsv	CheckM2 1.1.0	CheckM2 1.1.0; uniref100.KO.1.dmnd; sha256:1b86ef3eac0813c1853f53182c17657045e3763d66f384ec95747261a63ae46f	99.95	0.04	strict_95_2	1	2460084	2460084	0	Complete Genome	no_general_contig_count_exclusion; local_element_absence_requires_separate_assessment	/srv/CRC-PHIRE/projects/crc-pipeline/results/aimbeta_panel_freeze_20261002/final_genomes/GCF_037911885.1.fna	/srv/CRC-PHIRE/scratch/crc-phage/aimbeta_panel_freeze_20261002/fasta/GCF_037911885.1.fna	cffe47fa334efd82adebb43ecee97ddba87e0c93e542124e72f13bcd27769f67	exact_accession_cache	official_accession_version_and_BioSample_and_sequence_total_length_match	true	NA	2026-10-02	fd7cd683b937cce7290d478a2198e3b104d136176bcf9aef7df7d99028de5751	GCF_037911885.1	remote/ncbi_reports/reports_05.json	58360374e91a4446728ca2fcdc930bf7111cf3b860a512bd1ac2f1a45dae5270
AimBeta_final_v1_20261002	include	passed_source_identity_taxonomy_QC	research_catalog	GCF_037904595.1	GCA_037904595.1	KCOM3367	ISOLATE_SAMN19767284	SAMN19767284	PRJNA549513	unknown	Oral cavity	Homo sapiens	missing	unknown	unknown	unknown	none	false	catalog inclusion does not establish donor independence or comparable CRC/control design; published blood series only scoped exploration	cultured_isolate_supported	BioProject=Bacterial species cultivated from multiple sites across the human microbiota (oral, nasal, skin, gastrointestinal tract, reproductive tract). | 	https://www.ncbi.nlm.nih.gov/biosample/SAMN19767284;https://www.ncbi.nlm.nih.gov/bioproject/PRJNA549513	Traceable named isolate submission; source reviewed; no unresolved collision within frozen input; independent donor not inferred	ISOLATE_SAMN19767284	SEQ_76db8d792f7144da	76db8d792f7144dab9ef3caa0c2b271c000e3f451a90ccdb7514b00e4506d1fa	Fusobacterium animalis	Fusobacterium animalis	76859	Fusobacterium animalis	Fa	accepted	GCA_056823795.1	96.69	79.13	71.37	3.48	skani 0.3.2 --medium; ANI>=95%, both AF>=65%; Bf divisions separate; anomalous Pm independently checked with bidirectional fastANI	fdeb8d7a108620392c36af15a1ee217210c8ba681638aa6865dca3d6eba5f3fd	../../remote/taxonomy/ani_to_refs.tsv	CheckM2 1.1.0	CheckM2 1.1.0; uniref100.KO.1.dmnd; sha256:1b86ef3eac0813c1853f53182c17657045e3763d66f384ec95747261a63ae46f	100.0	0.32	strict_95_2	1	2311668	2311668	0	Complete Genome	no_general_contig_count_exclusion; local_element_absence_requires_separate_assessment	/srv/CRC-PHIRE/projects/crc-pipeline/results/aimbeta_panel_freeze_20261002/final_genomes/GCF_037904595.1.fna	/srv/CRC-PHIRE/scratch/crc-phage/aimbeta_panel_freeze_20261002/fasta/GCF_037904595.1.fna	80859808a8fcc1844879c9cd7322ff6c3d1ac40f277b31f2b010c8dab2aeaf05	exact_accession_cache	official_accession_version_and_BioSample_and_sequence_total_length_match	true	NA	2026-10-02	fd7cd683b937cce7290d478a2198e3b104d136176bcf9aef7df7d99028de5751	GCF_037904595.1	remote/ncbi_reports/reports_05.json	58360374e91a4446728ca2fcdc930bf7111cf3b860a512bd1ac2f1a45dae5270
AimBeta_final_v1_20261002	include	passed_source_identity_taxonomy_QC	research_catalog	GCF_037911875.1	GCA_037911875.1	KCOM3645	ISOLATE_SAMN21582330	SAMN21582330	PRJNA549513	unknown	Oral cavity	Homo sapiens	missing	unknown	unknown	unknown	none	false	catalog inclusion does not establish donor independence or comparable CRC/control design; published blood series only scoped exploration	cultured_isolate_supported	BioProject=Bacterial species cultivated from multiple sites across the human microbiota (oral, nasal, skin, gastrointestinal tract, reproductive tract). | 	https://www.ncbi.nlm.nih.gov/biosample/SAMN21582330;https://www.ncbi.nlm.nih.gov/bioproject/PRJNA549513	Traceable named isolate submission; source reviewed; no unresolved collision within frozen input; independent donor not inferred	ISOLATE_SAMN21582330	SEQ_fac23d1025d1b9d9	fac23d1025d1b9d9406f5add480e610dc9c4bb416e1a3fbe20b78c30a26bae35	Fusobacterium animalis	Fusobacterium animalis	76859	Fusobacterium animalis	Fa	accepted	GCA_056823795.1	96.58	78.1	73.56	3.5	skani 0.3.2 --medium; ANI>=95%, both AF>=65%; Bf divisions separate; anomalous Pm independently checked with bidirectional fastANI	fdeb8d7a108620392c36af15a1ee217210c8ba681638aa6865dca3d6eba5f3fd	../../remote/taxonomy/ani_to_refs.tsv	CheckM2 1.1.0	CheckM2 1.1.0; uniref100.KO.1.dmnd; sha256:1b86ef3eac0813c1853f53182c17657045e3763d66f384ec95747261a63ae46f	100.0	0.39	strict_95_2	1	2413802	2413802	0	Complete Genome	no_general_contig_count_exclusion; local_element_absence_requires_separate_assessment	/srv/CRC-PHIRE/projects/crc-pipeline/results/aimbeta_panel_freeze_20261002/final_genomes/GCF_037911875.1.fna	/srv/CRC-PHIRE/scratch/crc-phage/aimbeta_panel_freeze_20261002/fasta/GCF_037911875.1.fna	46f49a9a180dd41f1b654135d7ec3c74abf9321e959f38fdf702743f3459458a	exact_accession_cache	official_accession_version_and_BioSample_and_sequence_total_length_match	true	NA	2026-10-02	fd7cd683b937cce7290d478a2198e3b104d136176bcf9aef7df7d99028de5751	GCF_037911875.1	remote/ncbi_reports/reports_05.json	58360374e91a4446728ca2fcdc930bf7111cf3b860a512bd1ac2f1a45dae5270
AimBeta_final_v1_20261002	include	passed_source_identity_taxonomy_QC	research_catalog	GCF_037904575.1	GCA_037904575.1	KCOM3774	ISOLATE_SAMN19767292	SAMN19767292	PRJNA549513	unknown	Oral cavity	Homo sapiens	missing	unknown	unknown	unknown	none	false	catalog inclusion does not establish donor independence or comparable CRC/control design; published blood series only scoped exploration	cultured_isolate_supported	BioProject=Bacterial species cultivated from multiple sites across the human microbiota (oral, nasal, skin, gastrointestinal tract, reproductive tract). | 	https://www.ncbi.nlm.nih.gov/biosample/SAMN19767292;https://www.ncbi.nlm.nih.gov/bioproject/PRJNA549513	Traceable named isolate submission; source reviewed; no unresolved collision within frozen input; independent donor not inferred	ISOLATE_SAMN19767292	SEQ_64b19c6b4cadb8bb	64b19c6b4cadb8bb6e35ae224ed3b1784f75c63e74f5cf7e9e7169a6e609b418	Fusobacterium animalis	Fusobacterium animalis	76859	Fusobacterium animalis	Fa	accepted	GCA_056823795.1	96.69	79.07	79.57	3.71	skani 0.3.2 --medium; ANI>=95%, both AF>=65%; Bf divisions separate; anomalous Pm independently checked with bidirectional fastANI	fdeb8d7a108620392c36af15a1ee217210c8ba681638aa6865dca3d6eba5f3fd	../../remote/taxonomy/ani_to_refs.tsv	CheckM2 1.1.0	CheckM2 1.1.0; uniref100.KO.1.dmnd; sha256:1b86ef3eac0813c1853f53182c17657045e3763d66f384ec95747261a63ae46f	100.0	0.5	strict_95_2	1	2579120	2579120	0	Complete Genome	no_general_contig_count_exclusion; local_element_absence_requires_separate_assessment	/srv/CRC-PHIRE/projects/crc-pipeline/results/aimbeta_panel_freeze_20261002/final_genomes/GCF_037904575.1.fna	/srv/CRC-PHIRE/scratch/crc-phage/aimbeta_panel_freeze_20261002/fasta/GCF_037904575.1.fna	b9eb6e9041933ad093534712a8cd72b9ed3fd806d42adbae27503b95d39b1b52	exact_accession_cache	official_accession_version_and_BioSample_and_sequence_total_length_match	true	NA	2026-10-02	fd7cd683b937cce7290d478a2198e3b104d136176bcf9aef7df7d99028de5751	GCF_037904575.1	remote/ncbi_reports/reports_05.json	58360374e91a4446728ca2fcdc930bf7111cf3b860a512bd1ac2f1a45dae5270
AimBeta_final_v1_20261002	include	passed_source_identity_taxonomy_QC	research_catalog	GCF_001546435.1	GCA_001546435.1	MJR7757B	ISOLATE_SAMN03851012	SAMN03851012	PRJNA272113	unknown	Vagina	Homo sapiens	unknown	unknown	unknown	unknown	none	false	catalog inclusion does not establish donor independence or comparable CRC/control design; published blood series only scoped exploration	cultured_isolate_supported	"BioProject=HMP reference genome | Genomes of microorganisms that have been isolated in and on the human body, to be used as Reference Genomes for the Human Microbiome Project (HMP) | NIH Human Microbiome Project (HMP) Roadmap Project |  | assembly comment=Bacteria and source DNA were provide by Amanda Lewis, Ph.D. (lewis@borcim.wustl.edu), Washington University School of Medicine, Department of Molecular Microbiology and Obstetrics and Gynecology - Center for Women's Infectious Disease Research, Campus Box 8230 660 S. Euclid Ave. St. Louis, MO 63110. Collection of this isolate was part of the ###Polymicrobial Synergy Study,### which was funded in part by the National Institutes of Health grant P50 DK064540-11.

Coding sequences were predicted using GeneMark and Glimmer3. Intergenic regions not spanned by GeneMark and Glimmer3 were blasted against NCBI's non-redundant (NR) database and predictions generated based on protein alignments. tRNA genes were determined using tRNAscan-SE and non-coding RNA genes by RNAmmer and Rfam. The final gene set is processed through several programs such as Kegg, psortB and Interproscan to determine possible function. Gene product names are determined by BER. Gene names are generated at the contig level and may not necessarily reflect any known order or orientation between contigs.

This is a reference genomes for the Human Microbiome Project and the work was funded by the National Institutes of Health (NIH) grant U54 HG004968.
The annotation was added by the NCBI Prokaryotic Genome Annotation Pipeline (PGAP). Information about PGAP can be found here: https://www.ncbi.nlm.nih.gov/genome/annotation_prok/"	https://www.ncbi.nlm.nih.gov/biosample/SAMN03851012;https://www.ncbi.nlm.nih.gov/bioproject/PRJNA272113	Traceable named isolate submission; source reviewed; no unresolved collision within frozen input; independent donor not inferred	ISOLATE_SAMN03851012	SEQ_08477eeeb60ef6fe	08477eeeb60ef6fe814e8fc483e3e4b090ab80fcbaffd4686231917da535f298	Fusobacterium nucleatum	Fusobacterium nucleatum	851	Fusobacterium animalis	Fa	accepted	GCA_056823795.1	95.52	71.51	66.75	2.89	skani 0.3.2 --medium; ANI>=95%, both AF>=65%; Bf divisions separate; anomalous Pm independently checked with bidirectional fastANI	fdeb8d7a108620392c36af15a1ee217210c8ba681638aa6865dca3d6eba5f3fd	../../remote/taxonomy/ani_to_refs.tsv	CheckM2 1.1.0	CheckM2 1.1.0; uniref100.KO.1.dmnd; sha256:1b86ef3eac0813c1853f53182c17657045e3763d66f384ec95747261a63ae46f	100.0	0.19	strict_95_2	199	30887	2392347	9500	Scaffold	no_general_contig_count_exclusion; local_element_absence_requires_separate_assessment	/srv/CRC-PHIRE/projects/crc-pipeline/results/aimbeta_panel_freeze_20261002/final_genomes/GCF_001546435.1.fna	/srv/CRC-PHIRE/scratch/crc-phage/aimbeta_panel_freeze_20261002/fasta/GCF_001546435.1.fna	ee1d0375b85435ca80e728cf58138f345010db9fda43ebd4e0875b90c1f1d89e	exact_accession_cache	official_accession_version_and_BioSample_and_sequence_total_length_match	true	NA	2026-10-02	fd7cd683b937cce7290d478a2198e3b104d136176bcf9aef7df7d99028de5751	GCF_001546435.1	remote/ncbi_reports/reports_04.json	2ace3e6d68d38989c42086e880c77d4ef2403275ed5af712fff6717e317e174b
AimBeta_final_v1_20261002	include	passed_source_identity_taxonomy_QC	research_catalog	GCF_056823765.1	GCA_056823765.1	N10A10	ISOLATE_SAMN27745279	SAMN27745279	PRJNA549513	unknown	oral cavity	Homo sapiens	not collected	unknown	unknown	unknown	none	false	catalog inclusion does not establish donor independence or comparable CRC/control design; published blood series only scoped exploration	cultured_isolate_supported	BioProject=Bacterial species cultivated from multiple sites across the human microbiota (oral, nasal, skin, gastrointestinal tract, reproductive tract). | 	https://www.ncbi.nlm.nih.gov/biosample/SAMN27745279;https://www.ncbi.nlm.nih.gov/bioproject/PRJNA549513	Traceable named isolate submission; source reviewed; no unresolved collision within frozen input; independent donor not inferred	ISOLATE_SAMN27745279	SEQ_ccf9c612cc15ccac	ccf9c612cc15ccac63701c8bb18c2f63d003b4b9f94e72f0c5d9b30555bbfdbe	Fusobacterium animalis	Fusobacterium animalis	76859	Fusobacterium animalis	Fa	accepted	GCA_056823795.1	96.72	83.77	70.6	3.51	skani 0.3.2 --medium; ANI>=95%, both AF>=65%; Bf divisions separate; anomalous Pm independently checked with bidirectional fastANI	fdeb8d7a108620392c36af15a1ee217210c8ba681638aa6865dca3d6eba5f3fd	../../remote/taxonomy/ani_to_refs.tsv	CheckM2 1.1.0	CheckM2 1.1.0; uniref100.KO.1.dmnd; sha256:1b86ef3eac0813c1853f53182c17657045e3763d66f384ec95747261a63ae46f	100.0	0.04	strict_95_2	1	2159957	2159957	0	Complete Genome	no_general_contig_count_exclusion; local_element_absence_requires_separate_assessment	/srv/CRC-PHIRE/projects/crc-pipeline/results/aimbeta_panel_freeze_20261002/final_genomes/GCF_056823765.1.fna	/srv/CRC-PHIRE/scratch/crc-phage/aimbeta_panel_freeze_20261002/fasta/GCF_056823765.1.fna	b361cbc202814cdff4b9e8a04a19c7793eef23975dbd5fa7c6a32c1938bc8e56	exact_accession_cache	official_accession_version_and_BioSample_and_sequence_total_length_match	true	NA	2026-10-02	fd7cd683b937cce7290d478a2198e3b104d136176bcf9aef7df7d99028de5751	GCF_056823765.1	remote/ncbi_reports/reports_06.json	ba4b6fef68254676389bfcda535887695762ca551389eb78c13eac4ef48bd294
AimBeta_final_v1_20261002	include	passed_source_identity_taxonomy_QC	research_catalog	GCF_056823635.1	GCA_056823635.1	N11A2	ISOLATE_SAMN27745280	SAMN27745280	PRJNA549513	unknown	oral cavity	Homo sapiens	not collected	unknown	unknown	unknown	none	false	catalog inclusion does not establish donor independence or comparable CRC/control design; published blood series only scoped exploration	cultured_isolate_supported	BioProject=Bacterial species cultivated from multiple sites across the human microbiota (oral, nasal, skin, gastrointestinal tract, reproductive tract). | 	https://www.ncbi.nlm.nih.gov/biosample/SAMN27745280;https://www.ncbi.nlm.nih.gov/bioproject/PRJNA549513	Traceable named isolate submission; source reviewed; no unresolved collision within frozen input; independent donor not inferred	ISOLATE_SAMN27745280	SEQ_ca58a44464a2c43b	ca58a44464a2c43b29c4a371ff2df68be48d6d9c9c36f55e23ee9212f8290111	Fusobacterium animalis	Fusobacterium animalis	76859	Fusobacterium animalis	Fa	accepted	GCA_056823795.1	96.2	80.09	71.88	3.11	skani 0.3.2 --medium; ANI>=95%, both AF>=65%; Bf divisions separate; anomalous Pm independently checked with bidirectional fastANI	fdeb8d7a108620392c36af15a1ee217210c8ba681638aa6865dca3d6eba5f3fd	../../remote/taxonomy/ani_to_refs.tsv	CheckM2 1.1.0	CheckM2 1.1.0; uniref100.KO.1.dmnd; sha256:1b86ef3eac0813c1853f53182c17657045e3763d66f384ec95747261a63ae46f	100.0	0.08	strict_95_2	2	2286254	2300391	0	Complete Genome	no_general_contig_count_exclusion; local_element_absence_requires_separate_assessment	/srv/CRC-PHIRE/projects/crc-pipeline/results/aimbeta_panel_freeze_20261002/final_genomes/GCF_056823635.1.fna	/srv/CRC-PHIRE/scratch/crc-phage/aimbeta_panel_freeze_20261002/fasta/GCF_056823635.1.fna	0ee99355037fa5dd83dc4cf99ef7c67a63e2eeb7a4155802f04cc213a3cc0655	exact_accession_cache	official_accession_version_and_BioSample_and_sequence_total_length_match	true	NA	2026-10-02	fd7cd683b937cce7290d478a2198e3b104d136176bcf9aef7df7d99028de5751	GCF_056823635.1	remote/ncbi_reports/reports_06.json	ba4b6fef68254676389bfcda535887695762ca551389eb78c13eac4ef48bd294
AimBeta_final_v1_20261002	include	passed_source_identity_taxonomy_QC	research_catalog	GCF_056822985.1	GCA_056822985.1	N4A24	ISOLATE_SAMN27745285	SAMN27745285	PRJNA549513	unknown	oral cavity	Homo sapiens	not collected	unknown	unknown	unknown	none	false	catalog inclusion does not establish donor independence or comparable CRC/control design; published blood series only scoped exploration	cultured_isolate_supported	BioProject=Bacterial species cultivated from multiple sites across the human microbiota (oral, nasal, skin, gastrointestinal tract, reproductive tract). | 	https://www.ncbi.nlm.nih.gov/biosample/SAMN27745285;https://www.ncbi.nlm.nih.gov/bioproject/PRJNA549513	Traceable named isolate submission; source reviewed; no unresolved collision within frozen input; independent donor not inferred	ISOLATE_SAMN27745285	SEQ_bbe7b9083065ca9b	bbe7b9083065ca9bb727c960c3c2941950606e96bfbdd537e6cbb1ecf6f3e141	Fusobacterium animalis	Fusobacterium animalis	76859	Fusobacterium animalis	Fa	accepted	GCA_056823795.1	96.45	78.77	73.21	3.36	skani 0.3.2 --medium; ANI>=95%, both AF>=65%; Bf divisions separate; anomalous Pm independently checked with bidirectional fastANI	fdeb8d7a108620392c36af15a1ee217210c8ba681638aa6865dca3d6eba5f3fd	../../remote/taxonomy/ani_to_refs.tsv	CheckM2 1.1.0	CheckM2 1.1.0; uniref100.KO.1.dmnd; sha256:1b86ef3eac0813c1853f53182c17657045e3763d66f384ec95747261a63ae46f	100.0	0.08	strict_95_2	1	2382176	2382176	0	Complete Genome	no_general_contig_count_exclusion; local_element_absence_requires_separate_assessment	/srv/CRC-PHIRE/projects/crc-pipeline/results/aimbeta_panel_freeze_20261002/final_genomes/GCF_056822985.1.fna	/srv/CRC-PHIRE/scratch/crc-phage/aimbeta_panel_freeze_20261002/fasta/GCF_056822985.1.fna	eba62158f83da7bb3a4651ed51fde8b13cc58b957096af0b6a4ba2d38b7be7b2	exact_accession_cache	official_accession_version_and_BioSample_and_sequence_total_length_match	true	NA	2026-10-02	fd7cd683b937cce7290d478a2198e3b104d136176bcf9aef7df7d99028de5751	GCF_056822985.1	remote/ncbi_reports/reports_06.json	ba4b6fef68254676389bfcda535887695762ca551389eb78c13eac4ef48bd294
AimBeta_final_v1_20261002	include	passed_source_identity_taxonomy_QC	research_catalog	GCF_056822265.1	GCA_056822265.1	N5B24	ISOLATE_SAMN27745287	SAMN27745287	PRJNA549513	unknown	oral cavity	Homo sapiens	not collected	unknown	unknown	unknown	none	false	catalog inclusion does not establish donor independence or comparable CRC/control design; published blood series only scoped exploration	cultured_isolate_supported	BioProject=Bacterial species cultivated from multiple sites across the human microbiota (oral, nasal, skin, gastrointestinal tract, reproductive tract). | 	https://www.ncbi.nlm.nih.gov/biosample/SAMN27745287;https://www.ncbi.nlm.nih.gov/bioproject/PRJNA549513	Traceable named isolate submission; source reviewed; no unresolved collision within frozen input; independent donor not inferred	ISOLATE_SAMN27745287	SEQ_13e339a62d1cb881	13e339a62d1cb8813af5d702d937d7f32249c0df154cb52efb7092abb4d675a1	Fusobacterium animalis	Fusobacterium animalis	76859	Fusobacterium animalis	Fa	accepted	GCA_056823795.1	96.2	80.89	71.09	3.12	skani 0.3.2 --medium; ANI>=95%, both AF>=65%; Bf divisions separate; anomalous Pm independently checked with bidirectional fastANI	fdeb8d7a108620392c36af15a1ee217210c8ba681638aa6865dca3d6eba5f3fd	../../remote/taxonomy/ani_to_refs.tsv	CheckM2 1.1.0	CheckM2 1.1.0; uniref100.KO.1.dmnd; sha256:1b86ef3eac0813c1853f53182c17657045e3763d66f384ec95747261a63ae46f	99.99	0.05	strict_95_2	1	2252498	2252498	0	Complete Genome	no_general_contig_count_exclusion; local_element_absence_requires_separate_assessment	/srv/CRC-PHIRE/projects/crc-pipeline/results/aimbeta_panel_freeze_20261002/final_genomes/GCF_056822265.1.fna	/srv/CRC-PHIRE/scratch/crc-phage/aimbeta_panel_freeze_20261002/fasta/GCF_056822265.1.fna	8208a83b99aa8ea4510935dadbddf577852a815820430e11f0ab82cacb172d92	exact_accession_cache	official_accession_version_and_BioSample_and_sequence_total_length_match	true	NA	2026-10-02	fd7cd683b937cce7290d478a2198e3b104d136176bcf9aef7df7d99028de5751	GCF_056822265.1	remote/ncbi_reports/reports_06.json	ba4b6fef68254676389bfcda535887695762ca551389eb78c13eac4ef48bd294
AimBeta_final_v1_20261002	include	passed_source_identity_taxonomy_QC	research_catalog	GCF_002762005.1	GCA_002762005.1	P2_CP	ISOLATE_SAMN07448031	SAMN07448031	PRJNA362951	unknown	Colorectal primary tumor	Homo sapiens	Spain	Bullman2017:P2	CRC	https://doi.org/10.1126/science.aal5240; data availability exact accessions and patient P2	within_CRC_site_donor_descriptive	false	catalog inclusion does not establish donor independence or comparable CRC/control design; published blood series only scoped exploration	cultured_isolate_supported	Bullman2017 P2 primary tumor isolate	https://www.ncbi.nlm.nih.gov/biosample/SAMN07448031;https://doi.org/10.1126/science.aal5240	Traceable named isolate submission; source reviewed; no unresolved collision within frozen input; independent donor not inferred	ISOLATE_SAMN07448031	SEQ_f0cce4d2d21a20b9	f0cce4d2d21a20b90b0e67d8a0d751f9766c3fceef2a72df0bc60fb4ecec88cc	Fusobacterium animalis	Fusobacterium animalis	76859	Fusobacterium animalis	Fa	accepted	GCA_056823795.1	96.32	79.54	72.96	3.68	skani 0.3.2 --medium; ANI>=95%, both AF>=65%; Bf divisions separate; anomalous Pm independently checked with bidirectional fastANI	fdeb8d7a108620392c36af15a1ee217210c8ba681638aa6865dca3d6eba5f3fd	../../remote/taxonomy/ani_to_refs.tsv	CheckM2 1.1.0	CheckM2 1.1.0; uniref100.KO.1.dmnd; sha256:1b86ef3eac0813c1853f53182c17657045e3763d66f384ec95747261a63ae46f	100.0	0.07	strict_95_2	112	56186	2351018	0	Contig	no_general_contig_count_exclusion; local_element_absence_requires_separate_assessment	/srv/CRC-PHIRE/projects/crc-pipeline/results/aimbeta_panel_freeze_20261002/final_genomes/GCF_002762005.1.fna	/srv/CRC-PHIRE/scratch/crc-phage/aimbeta_panel_freeze_20261002/fasta/GCF_002762005.1.fna	084618abe1777360d047a41809cb1e89442d566fb8498dd6e60b70f54f6390e2	exact_accession_cache	official_accession_version_and_BioSample_and_sequence_total_length_match	true	NA	2026-10-02	fd7cd683b937cce7290d478a2198e3b104d136176bcf9aef7df7d99028de5751	GCF_002762005.1	remote/ncbi_reports/reports_04.json	2ace3e6d68d38989c42086e880c77d4ef2403275ed5af712fff6717e317e174b
AimBeta_final_v1_20261002	include	passed_source_identity_taxonomy_QC	research_catalog	GCF_002762015.1	GCA_002762015.1	P2_LM	ISOLATE_SAMN07448032	SAMN07448032	PRJNA362951	unknown	Liver metastasis	Homo sapiens	Spain	Bullman2017:P2	CRC	https://doi.org/10.1126/science.aal5240; data availability exact accessions and patient P2	within_CRC_site_donor_descriptive	false	catalog inclusion does not establish donor independence or comparable CRC/control design; published blood series only scoped exploration	cultured_isolate_supported	Bullman2017 P2 liver metastasis isolate	https://www.ncbi.nlm.nih.gov/biosample/SAMN07448032;https://doi.org/10.1126/science.aal5240	Traceable named isolate submission; source reviewed; no unresolved collision within frozen input; independent donor not inferred	ISOLATE_SAMN07448032	SEQ_ad0ed400ede1388c	ad0ed400ede1388c25fe4cc999053bb4141e1b2a7fb5bd76f95b2b3b9ca35622	Fusobacterium animalis	Fusobacterium animalis	76859	Fusobacterium animalis	Fa	accepted	GCA_056823795.1	96.4	79.65	72.91	3.79	skani 0.3.2 --medium; ANI>=95%, both AF>=65%; Bf divisions separate; anomalous Pm independently checked with bidirectional fastANI	fdeb8d7a108620392c36af15a1ee217210c8ba681638aa6865dca3d6eba5f3fd	../../remote/taxonomy/ani_to_refs.tsv	CheckM2 1.1.0	CheckM2 1.1.0; uniref100.KO.1.dmnd; sha256:1b86ef3eac0813c1853f53182c17657045e3763d66f384ec95747261a63ae46f	99.99	0.07	strict_95_2	150	37332	2346246	0	Contig	no_general_contig_count_exclusion; local_element_absence_requires_separate_assessment	/srv/CRC-PHIRE/projects/crc-pipeline/results/aimbeta_panel_freeze_20261002/final_genomes/GCF_002762015.1.fna	/srv/CRC-PHIRE/scratch/crc-phage/aimbeta_panel_freeze_20261002/fasta/GCF_002762015.1.fna	c7af83e603b587eed2f649839027b43c1f8d2ed119b8eafb54040785ffa421de	exact_accession_cache	official_accession_version_and_BioSample_and_sequence_total_length_match	true	NA	2026-10-02	fd7cd683b937cce7290d478a2198e3b104d136176bcf9aef7df7d99028de5751	GCF_002762015.1	remote/ncbi_reports/reports_04.json	2ace3e6d68d38989c42086e880c77d4ef2403275ed5af712fff6717e317e174b
AimBeta_final_v1_20261002	include	passed_source_identity_taxonomy_QC	research_catalog	GCF_036323215.1	GCA_036323215.1	S-A3	ISOLATE_SAMD00632030	SAMD00632030	PRJDB16243	unknown	saliva	Homo sapiens	Japan	unknown	unknown	unknown	none	false	catalog inclusion does not establish donor independence or comparable CRC/control design; published blood series only scoped exploration	cultured_isolate_supported	BioSample sample_type=cell culture | BioProject=Genome sequences of Fusobacterium nucleatum isolates obtained from patients with colorectal cancer | 	https://www.ncbi.nlm.nih.gov/biosample/SAMD00632030;https://www.ncbi.nlm.nih.gov/bioproject/PRJDB16243	Traceable named isolate submission; source reviewed; no unresolved collision within frozen input; independent donor not inferred	ISOLATE_SAMD00632030	SEQ_96b13b6749894884	96b13b6749894884243e9388af1c89a82cf7eefa862cbea9f3b11a23d69aebfd	Fusobacterium nucleatum	Fusobacterium nucleatum	851	Fusobacterium animalis	Fa	accepted	GCA_056823795.1	96.45	81.38	72.27	3.47	skani 0.3.2 --medium; ANI>=95%, both AF>=65%; Bf divisions separate; anomalous Pm independently checked with bidirectional fastANI	fdeb8d7a108620392c36af15a1ee217210c8ba681638aa6865dca3d6eba5f3fd	../../remote/taxonomy/ani_to_refs.tsv	CheckM2 1.1.0	CheckM2 1.1.0; uniref100.KO.1.dmnd; sha256:1b86ef3eac0813c1853f53182c17657045e3763d66f384ec95747261a63ae46f	100.0	0.11	strict_95_2	1	2275970	2275970	0	Complete Genome	no_general_contig_count_exclusion; local_element_absence_requires_separate_assessment	/srv/CRC-PHIRE/projects/crc-pipeline/results/aimbeta_panel_freeze_20261002/final_genomes/GCF_036323215.1.fna	/srv/CRC-PHIRE/scratch/crc-phage/aimbeta_panel_freeze_20261002/fasta/GCF_036323215.1.fna	8a098a0b2093c27e4cfd670fec1ba98db099909e228ad4559409c1a73b85fb0c	exact_accession_cache	official_accession_version_and_BioSample_and_sequence_total_length_match	true	NA	2026-10-02	fd7cd683b937cce7290d478a2198e3b104d136176bcf9aef7df7d99028de5751	GCF_036323215.1	remote/ncbi_reports/reports_03.json	8a5753bfcfcca71504fa1eb5612a7cdac1a8b9c740b317c90304e5861d8b3dfb
AimBeta_final_v1_20261002	include	passed_source_identity_taxonomy_QC	research_catalog	GCF_037889045.1	GCA_037889045.1	SB001	ISOLATE_SAMN15202564	SAMN15202564	PRJNA549513	unknown	Colorectal adenocarcinoma	Homo sapiens	missing	unknown	unknown	unknown	none	false	catalog inclusion does not establish donor independence or comparable CRC/control design; published blood series only scoped exploration	cultured_isolate_supported	BioSample sample_type=cell culture | BioProject=Bacterial species cultivated from multiple sites across the human microbiota (oral, nasal, skin, gastrointestinal tract, reproductive tract). | 	https://www.ncbi.nlm.nih.gov/biosample/SAMN15202564;https://www.ncbi.nlm.nih.gov/bioproject/PRJNA549513	Traceable named isolate submission; source reviewed; no unresolved collision within frozen input; independent donor not inferred	ISOLATE_SAMN15202564	SEQ_e1ae4a209ddc22e1	e1ae4a209ddc22e11dc1e00fd9d602ccf23478392d30e7cf3259ac14993fb356	Fusobacterium animalis	Fusobacterium animalis	76859	Fusobacterium animalis	Fa	accepted	GCA_056823795.1	96.16	79.65	75.35	3.18	skani 0.3.2 --medium; ANI>=95%, both AF>=65%; Bf divisions separate; anomalous Pm independently checked with bidirectional fastANI	fdeb8d7a108620392c36af15a1ee217210c8ba681638aa6865dca3d6eba5f3fd	../../remote/taxonomy/ani_to_refs.tsv	CheckM2 1.1.0	CheckM2 1.1.0; uniref100.KO.1.dmnd; sha256:1b86ef3eac0813c1853f53182c17657045e3763d66f384ec95747261a63ae46f	99.99	0.06	strict_95_2	1	2424816	2424816	0	Complete Genome	no_general_contig_count_exclusion; local_element_absence_requires_separate_assessment	/srv/CRC-PHIRE/projects/crc-pipeline/results/aimbeta_panel_freeze_20261002/final_genomes/GCF_037889045.1.fna	/srv/CRC-PHIRE/scratch/crc-phage/aimbeta_panel_freeze_20261002/fasta/GCF_037889045.1.fna	a02710162e45627a3024a73be5ee08876f9f45a91c6acb5e7c93d12fd26d6b66	exact_accession_cache	official_accession_version_and_BioSample_and_sequence_total_length_match	true	NA	2026-10-02	fd7cd683b937cce7290d478a2198e3b104d136176bcf9aef7df7d99028de5751	GCF_037889045.1	remote/ncbi_reports/reports_04.json	2ace3e6d68d38989c42086e880c77d4ef2403275ed5af712fff6717e317e174b
AimBeta_final_v1_20261002	include	passed_source_identity_taxonomy_QC	research_catalog	GCF_050219895.1	GCA_050219895.1	SB002	ISOLATE_SAMN15202565	SAMN15202565	PRJNA549513	unknown	Metastatic colorectal adenocarcinoma	Homo sapiens	missing	unknown	unknown	unknown	none	false	catalog inclusion does not establish donor independence or comparable CRC/control design; published blood series only scoped exploration	cultured_isolate_supported	BioSample sample_type=cell culture | BioProject=Bacterial species cultivated from multiple sites across the human microbiota (oral, nasal, skin, gastrointestinal tract, reproductive tract). | 	https://www.ncbi.nlm.nih.gov/biosample/SAMN15202565;https://www.ncbi.nlm.nih.gov/bioproject/PRJNA549513	Traceable named isolate submission; source reviewed; no unresolved collision within frozen input; independent donor not inferred	ISOLATE_SAMN15202565	SEQ_e29204ce0df3d787	e29204ce0df3d787b272d5d48820b9e5480376d4b11274ee967ddda55b00d8de	Fusobacterium animalis	Fusobacterium animalis	76859	Fusobacterium animalis	Fa	accepted	GCA_056823795.1	96.32	79.65	75.09	3.67	skani 0.3.2 --medium; ANI>=95%, both AF>=65%; Bf divisions separate; anomalous Pm independently checked with bidirectional fastANI	fdeb8d7a108620392c36af15a1ee217210c8ba681638aa6865dca3d6eba5f3fd	../../remote/taxonomy/ani_to_refs.tsv	CheckM2 1.1.0	CheckM2 1.1.0; uniref100.KO.1.dmnd; sha256:1b86ef3eac0813c1853f53182c17657045e3763d66f384ec95747261a63ae46f	99.97	0.1	strict_95_2	1	2416230	2416230	0	Complete Genome	no_general_contig_count_exclusion; local_element_absence_requires_separate_assessment	/srv/CRC-PHIRE/projects/crc-pipeline/results/aimbeta_panel_freeze_20261002/final_genomes/GCF_050219895.1.fna	/srv/CRC-PHIRE/scratch/crc-phage/aimbeta_panel_freeze_20261002/fasta/GCF_050219895.1.fna	8ce81193bdf5a3e101501279dfff3af405b61911784ee2456565a0f4afb1fe43	exact_accession_cache	official_accession_version_and_BioSample_and_sequence_total_length_match	true	NA	2026-10-02	fd7cd683b937cce7290d478a2198e3b104d136176bcf9aef7df7d99028de5751	GCF_050219895.1	remote/ncbi_reports/reports_04.json	2ace3e6d68d38989c42086e880c77d4ef2403275ed5af712fff6717e317e174b
AimBeta_final_v1_20261002	include	passed_source_identity_taxonomy_QC	research_catalog	GCF_037889035.1	GCA_037889035.1	SB003	ISOLATE_SAMN15202566	SAMN15202566	PRJNA549513	unknown	Colorectal adenocarcinoma	Homo sapiens	missing	unknown	unknown	unknown	none	false	catalog inclusion does not establish donor independence or comparable CRC/control design; published blood series only scoped exploration	cultured_isolate_supported	BioSample sample_type=cell culture | BioProject=Bacterial species cultivated from multiple sites across the human microbiota (oral, nasal, skin, gastrointestinal tract, reproductive tract). | 	https://www.ncbi.nlm.nih.gov/biosample/SAMN15202566;https://www.ncbi.nlm.nih.gov/bioproject/PRJNA549513	Traceable named isolate submission; source reviewed; no unresolved collision within frozen input; independent donor not inferred	ISOLATE_SAMN15202566	SEQ_ff9a8a8037135069	ff9a8a8037135069000472330b53bd0a49891b8b203e8b6e2a680363e14815f5	Fusobacterium animalis	Fusobacterium animalis	76859	Fusobacterium animalis	Fa	accepted	GCA_056823795.1	96.58	81.73	72.91	3.55	skani 0.3.2 --medium; ANI>=95%, both AF>=65%; Bf divisions separate; anomalous Pm independently checked with bidirectional fastANI	fdeb8d7a108620392c36af15a1ee217210c8ba681638aa6865dca3d6eba5f3fd	../../remote/taxonomy/ani_to_refs.tsv	CheckM2 1.1.0	CheckM2 1.1.0; uniref100.KO.1.dmnd; sha256:1b86ef3eac0813c1853f53182c17657045e3763d66f384ec95747261a63ae46f	100.0	0.03	strict_95_2	1	2286272	2286272	0	Complete Genome	no_general_contig_count_exclusion; local_element_absence_requires_separate_assessment	/srv/CRC-PHIRE/projects/crc-pipeline/results/aimbeta_panel_freeze_20261002/final_genomes/GCF_037889035.1.fna	/srv/CRC-PHIRE/scratch/crc-phage/aimbeta_panel_freeze_20261002/fasta/GCF_037889035.1.fna	6b9a7292b396cbd9168a360f6e907b4aa4d40f01c7ad7805a9b2c9bf4ce10c6b	exact_accession_cache	official_accession_version_and_BioSample_and_sequence_total_length_match	true	NA	2026-10-02	fd7cd683b937cce7290d478a2198e3b104d136176bcf9aef7df7d99028de5751	GCF_037889035.1	remote/ncbi_reports/reports_04.json	2ace3e6d68d38989c42086e880c77d4ef2403275ed5af712fff6717e317e174b
AimBeta_final_v1_20261002	include	passed_source_identity_taxonomy_QC	research_catalog	GCF_037906355.1	GCA_037906355.1	SB008	ISOLATE_SAMN21582177	SAMN21582177	PRJNA549513	unknown	resected colorectal tumor	Homo sapiens	missing	unknown	unknown	unknown	none	false	catalog inclusion does not establish donor independence or comparable CRC/control design; published blood series only scoped exploration	cultured_isolate_supported	BioProject=Bacterial species cultivated from multiple sites across the human microbiota (oral, nasal, skin, gastrointestinal tract, reproductive tract). | 	https://www.ncbi.nlm.nih.gov/biosample/SAMN21582177;https://www.ncbi.nlm.nih.gov/bioproject/PRJNA549513	Traceable named isolate submission; source reviewed; no unresolved collision within frozen input; independent donor not inferred	ISOLATE_SAMN21582177	SEQ_9e2553f761daa7cc	9e2553f761daa7cc691b41cd81bf1e261792f038c0ddb9efdeca1683210fa480	Fusobacterium animalis	Fusobacterium animalis	76859	Fusobacterium animalis	Fa	accepted	GCA_056823795.1	96.92	78.87	72.07	4.02	skani 0.3.2 --medium; ANI>=95%, both AF>=65%; Bf divisions separate; anomalous Pm independently checked with bidirectional fastANI	fdeb8d7a108620392c36af15a1ee217210c8ba681638aa6865dca3d6eba5f3fd	../../remote/taxonomy/ani_to_refs.tsv	CheckM2 1.1.0	CheckM2 1.1.0; uniref100.KO.1.dmnd; sha256:1b86ef3eac0813c1853f53182c17657045e3763d66f384ec95747261a63ae46f	100.0	2.07	core_90_5	1	2341829	2341829	0	Complete Genome	no_general_contig_count_exclusion; local_element_absence_requires_separate_assessment	/srv/CRC-PHIRE/projects/crc-pipeline/results/aimbeta_panel_freeze_20261002/final_genomes/GCF_037906355.1.fna	/srv/CRC-PHIRE/scratch/crc-phage/aimbeta_panel_freeze_20261002/fasta/GCF_037906355.1.fna	e62323f0da0d2a363e99515a1b3371146ba14b88e750d29f6db24fc190ed266b	exact_accession_cache	official_accession_version_and_BioSample_and_sequence_total_length_match	true	NA	2026-10-02	fd7cd683b937cce7290d478a2198e3b104d136176bcf9aef7df7d99028de5751	GCF_037906355.1	remote/ncbi_reports/reports_05.json	58360374e91a4446728ca2fcdc930bf7111cf3b860a512bd1ac2f1a45dae5270
AimBeta_final_v1_20261002	include	passed_source_identity_taxonomy_QC	research_catalog	GCF_037889015.1	GCA_037889015.1	SB010	ISOLATE_SAMN15202570	SAMN15202570	PRJNA549513	unknown	Colorectal adenocarcinoma	Homo sapiens	missing	unknown	unknown	unknown	none	false	catalog inclusion does not establish donor independence or comparable CRC/control design; published blood series only scoped exploration	cultured_isolate_supported	BioSample sample_type=cell culture | BioProject=Bacterial species cultivated from multiple sites across the human microbiota (oral, nasal, skin, gastrointestinal tract, reproductive tract). | 	https://www.ncbi.nlm.nih.gov/biosample/SAMN15202570;https://www.ncbi.nlm.nih.gov/bioproject/PRJNA549513	Traceable named isolate submission; source reviewed; no unresolved collision within frozen input; independent donor not inferred	ISOLATE_SAMN15202570	SEQ_1514c02ea4df7592	1514c02ea4df7592d150dc467c912dcaecf14e81d2444fc97a3554bf1dde0ded	Fusobacterium animalis	Fusobacterium animalis	76859	Fusobacterium animalis	Fa	accepted	GCA_056823795.1	96.2	81.79	72.7	2.99	skani 0.3.2 --medium; ANI>=95%, both AF>=65%; Bf divisions separate; anomalous Pm independently checked with bidirectional fastANI	fdeb8d7a108620392c36af15a1ee217210c8ba681638aa6865dca3d6eba5f3fd	../../remote/taxonomy/ani_to_refs.tsv	CheckM2 1.1.0	CheckM2 1.1.0; uniref100.KO.1.dmnd; sha256:1b86ef3eac0813c1853f53182c17657045e3763d66f384ec95747261a63ae46f	100.0	0.09	strict_95_2	2	2264321	2278067	0	Complete Genome	no_general_contig_count_exclusion; local_element_absence_requires_separate_assessment	/srv/CRC-PHIRE/projects/crc-pipeline/results/aimbeta_panel_freeze_20261002/final_genomes/GCF_037889015.1.fna	/srv/CRC-PHIRE/scratch/crc-phage/aimbeta_panel_freeze_20261002/fasta/GCF_037889015.1.fna	e347b49ab7bd6cc40e940805263aca1d603831fe36b10c29cf641ecc6879564a	exact_accession_cache	official_accession_version_and_BioSample_and_sequence_total_length_match	true	NA	2026-10-02	fd7cd683b937cce7290d478a2198e3b104d136176bcf9aef7df7d99028de5751	GCF_037889015.1	remote/ncbi_reports/reports_04.json	2ace3e6d68d38989c42086e880c77d4ef2403275ed5af712fff6717e317e174b
AimBeta_final_v1_20261002	include	passed_source_identity_taxonomy_QC	research_catalog	GCF_037888995.1	GCA_037888995.1	SB012	ISOLATE_SAMN15202572	SAMN15202572	PRJNA549513	unknown	Colorectal adenocarcinoma	Homo sapiens	missing	unknown	unknown	unknown	none	false	catalog inclusion does not establish donor independence or comparable CRC/control design; published blood series only scoped exploration	cultured_isolate_supported	BioSample sample_type=cell culture | BioProject=Bacterial species cultivated from multiple sites across the human microbiota (oral, nasal, skin, gastrointestinal tract, reproductive tract). | 	https://www.ncbi.nlm.nih.gov/biosample/SAMN15202572;https://www.ncbi.nlm.nih.gov/bioproject/PRJNA549513	Traceable named isolate submission; source reviewed; no unresolved collision within frozen input; independent donor not inferred	ISOLATE_SAMN15202572	SEQ_cc723c322662f3ad	cc723c322662f3ad343647d758805f69f998bae1a4a4a0a52021a5219ff65a3b	Fusobacterium animalis	Fusobacterium animalis	76859	Fusobacterium animalis	Fa	accepted	GCA_056823795.1	95.95	75.03	73.05	2.89	skani 0.3.2 --medium; ANI>=95%, both AF>=65%; Bf divisions separate; anomalous Pm independently checked with bidirectional fastANI	fdeb8d7a108620392c36af15a1ee217210c8ba681638aa6865dca3d6eba5f3fd	../../remote/taxonomy/ani_to_refs.tsv	CheckM2 1.1.0	CheckM2 1.1.0; uniref100.KO.1.dmnd; sha256:1b86ef3eac0813c1853f53182c17657045e3763d66f384ec95747261a63ae46f	100.0	0.06	strict_95_2	4	2453952	2495286	0	Complete Genome	no_general_contig_count_exclusion; local_element_absence_requires_separate_assessment	/srv/CRC-PHIRE/projects/crc-pipeline/results/aimbeta_panel_freeze_20261002/final_genomes/GCF_037888995.1.fna	/srv/CRC-PHIRE/scratch/crc-phage/aimbeta_panel_freeze_20261002/fasta/GCF_037888995.1.fna	f6de1490e6554774e6dc61962f716761b3ff6021f13c40d070378b8d50f92a1e	exact_accession_cache	official_accession_version_and_BioSample_and_sequence_total_length_match	true	NA	2026-10-02	fd7cd683b937cce7290d478a2198e3b104d136176bcf9aef7df7d99028de5751	GCF_037888995.1	remote/ncbi_reports/reports_04.json	2ace3e6d68d38989c42086e880c77d4ef2403275ed5af712fff6717e317e174b
AimBeta_final_v1_20261002	include	passed_source_identity_taxonomy_QC	research_catalog	GCF_037888975.1	GCA_037888975.1	SB014	ISOLATE_SAMN15202574	SAMN15202574	PRJNA549513	unknown	Colorectal adenocarcinoma	Homo sapiens	missing	unknown	unknown	unknown	none	false	catalog inclusion does not establish donor independence or comparable CRC/control design; published blood series only scoped exploration	cultured_isolate_supported	BioSample sample_type=cell culture | BioProject=Bacterial species cultivated from multiple sites across the human microbiota (oral, nasal, skin, gastrointestinal tract, reproductive tract). | 	https://www.ncbi.nlm.nih.gov/biosample/SAMN15202574;https://www.ncbi.nlm.nih.gov/bioproject/PRJNA549513	Traceable named isolate submission; source reviewed; no unresolved collision within frozen input; independent donor not inferred	ISOLATE_SAMN15202574	SEQ_9d91b42b5f1d650b	9d91b42b5f1d650ba286b26913228e970c515b05e8bd91adc457231f45031045	Fusobacterium animalis	Fusobacterium animalis	76859	Fusobacterium animalis	Fa	accepted	GCA_056823795.1	95.83	81.85	75.56	2.81	skani 0.3.2 --medium; ANI>=95%, both AF>=65%; Bf divisions separate; anomalous Pm independently checked with bidirectional fastANI	fdeb8d7a108620392c36af15a1ee217210c8ba681638aa6865dca3d6eba5f3fd	../../remote/taxonomy/ani_to_refs.tsv	CheckM2 1.1.0	CheckM2 1.1.0; uniref100.KO.1.dmnd; sha256:1b86ef3eac0813c1853f53182c17657045e3763d66f384ec95747261a63ae46f	99.99	3.35	core_90_5	1	2365912	2365912	0	Complete Genome	no_general_contig_count_exclusion; local_element_absence_requires_separate_assessment	/srv/CRC-PHIRE/projects/crc-pipeline/results/aimbeta_panel_freeze_20261002/final_genomes/GCF_037888975.1.fna	/srv/CRC-PHIRE/scratch/crc-phage/aimbeta_panel_freeze_20261002/fasta/GCF_037888975.1.fna	764ab0b9bfab317c103c119ff77312b8db27b360900a6ace152689f31e25b0f2	exact_accession_cache	official_accession_version_and_BioSample_and_sequence_total_length_match	true	NA	2026-10-02	fd7cd683b937cce7290d478a2198e3b104d136176bcf9aef7df7d99028de5751	GCF_037888975.1	remote/ncbi_reports/reports_04.json	2ace3e6d68d38989c42086e880c77d4ef2403275ed5af712fff6717e317e174b
AimBeta_final_v1_20261002	include	passed_source_identity_taxonomy_QC	research_catalog	GCA_037578015.1	NA	SB017	ISOLATE_SAMN22215921	SAMN22215921	PRJNA549513	unknown	resected colorectal tumor	Homo sapiens	missing	unknown	unknown	unknown	none	false	catalog inclusion does not establish donor independence or comparable CRC/control design; published blood series only scoped exploration	cultured_isolate_supported	BioProject=Bacterial species cultivated from multiple sites across the human microbiota (oral, nasal, skin, gastrointestinal tract, reproductive tract). | 	https://www.ncbi.nlm.nih.gov/biosample/SAMN22215921;https://www.ncbi.nlm.nih.gov/bioproject/PRJNA549513	Traceable named isolate submission; source reviewed; no unresolved collision within frozen input; independent donor not inferred	ISOLATE_SAMN22215921	SEQ_57550e6a0198bbb8	57550e6a0198bbb81d77c2010825c51c1039ce656634b1e667ca9fe655bfbe0c	Fusobacterium nucleatum	Fusobacterium nucleatum	851	Fusobacterium animalis	Fa	accepted	GCA_056823795.1	96.59	70.45	82.52	3.46	skani 0.3.2 --medium; ANI>=95%, both AF>=65%; Bf divisions separate; anomalous Pm independently checked with bidirectional fastANI	fdeb8d7a108620392c36af15a1ee217210c8ba681638aa6865dca3d6eba5f3fd	../../remote/taxonomy/ani_to_refs.tsv	CheckM2 1.1.0	CheckM2 1.1.0; uniref100.KO.1.dmnd; sha256:1b86ef3eac0813c1853f53182c17657045e3763d66f384ec95747261a63ae46f	100.0	0.99	strict_95_2	3	1756628	3001854	0	Contig	no_general_contig_count_exclusion; local_element_absence_requires_separate_assessment	/srv/CRC-PHIRE/projects/crc-pipeline/results/aimbeta_panel_freeze_20261002/final_genomes/GCA_037578015.1.fna	/srv/CRC-PHIRE/scratch/crc-phage/aimbeta_panel_freeze_20261002/fasta/GCA_037578015.1.fna	1474fc992a0d5c00a2fd637c9be7f478c03e372693604d60fdaa7977de78d759	exact_accession_cache	official_accession_version_and_BioSample_and_sequence_total_length_match	true	NA	2026-10-02	fd7cd683b937cce7290d478a2198e3b104d136176bcf9aef7df7d99028de5751	GCA_037578015.1	remote/ncbi_reports/reports_05.json	58360374e91a4446728ca2fcdc930bf7111cf3b860a512bd1ac2f1a45dae5270
AimBeta_final_v1_20261002	include	passed_source_identity_taxonomy_QC	research_catalog	GCF_037888955.1	GCA_037888955.1	SB018	ISOLATE_SAMN15202577	SAMN15202577	PRJNA549513	unknown	Colorectal adenocarcinoma	Homo sapiens	missing	unknown	unknown	unknown	none	false	catalog inclusion does not establish donor independence or comparable CRC/control design; published blood series only scoped exploration	cultured_isolate_supported	BioSample sample_type=cell culture | BioProject=Bacterial species cultivated from multiple sites across the human microbiota (oral, nasal, skin, gastrointestinal tract, reproductive tract). | 	https://www.ncbi.nlm.nih.gov/biosample/SAMN15202577;https://www.ncbi.nlm.nih.gov/bioproject/PRJNA549513	Traceable named isolate submission; source reviewed; no unresolved collision within frozen input; independent donor not inferred	ISOLATE_SAMN15202577	SEQ_fb2585823a8e5856	fb2585823a8e5856c2ce74414aaa1e6df211efa201b01cbb09f7dc0f7ab0c91f	Fusobacterium animalis	Fusobacterium animalis	76859	Fusobacterium animalis	Fa	accepted	GCA_056823795.1	96.75	81.71	70.46	3.43	skani 0.3.2 --medium; ANI>=95%, both AF>=65%; Bf divisions separate; anomalous Pm independently checked with bidirectional fastANI	fdeb8d7a108620392c36af15a1ee217210c8ba681638aa6865dca3d6eba5f3fd	../../remote/taxonomy/ani_to_refs.tsv	CheckM2 1.1.0	CheckM2 1.1.0; uniref100.KO.1.dmnd; sha256:1b86ef3eac0813c1853f53182c17657045e3763d66f384ec95747261a63ae46f	100.0	0.0	strict_95_2	1	2209938	2209938	0	Complete Genome	no_general_contig_count_exclusion; local_element_absence_requires_separate_assessment	/srv/CRC-PHIRE/projects/crc-pipeline/results/aimbeta_panel_freeze_20261002/final_genomes/GCF_037888955.1.fna	/srv/CRC-PHIRE/scratch/crc-phage/aimbeta_panel_freeze_20261002/fasta/GCF_037888955.1.fna	e31d55ce84250e5bb0204e58d9b35ff030c64560d573c275dc5801df225cb075	exact_accession_cache	official_accession_version_and_BioSample_and_sequence_total_length_match	true	NA	2026-10-02	fd7cd683b937cce7290d478a2198e3b104d136176bcf9aef7df7d99028de5751	GCF_037888955.1	remote/ncbi_reports/reports_04.json	2ace3e6d68d38989c42086e880c77d4ef2403275ed5af712fff6717e317e174b
AimBeta_final_v1_20261002	include	passed_source_identity_taxonomy_QC	research_catalog	GCF_037893335.1	GCA_037893335.1	SB020	ISOLATE_SAMN15202579	SAMN15202579	PRJNA549513	unknown	Adjacent normal colon	Homo sapiens	missing	unknown	unknown	unknown	none	false	catalog inclusion does not establish donor independence or comparable CRC/control design; published blood series only scoped exploration	cultured_isolate_supported	BioSample sample_type=cell culture | BioProject=Bacterial species cultivated from multiple sites across the human microbiota (oral, nasal, skin, gastrointestinal tract, reproductive tract). | 	https://www.ncbi.nlm.nih.gov/biosample/SAMN15202579;https://www.ncbi.nlm.nih.gov/bioproject/PRJNA549513	Traceable named isolate submission; source reviewed; no unresolved collision within frozen input; independent donor not inferred	ISOLATE_SAMN15202579	SEQ_141d094157191461	141d094157191461ba572eafdad8e04ff5f6c3d6cee3022fd9756af206334b8a	Fusobacterium animalis	Fusobacterium animalis	76859	Fusobacterium animalis	Fa	accepted	GCA_056823795.1	96.14	74.96	73.26	3.05	skani 0.3.2 --medium; ANI>=95%, both AF>=65%; Bf divisions separate; anomalous Pm independently checked with bidirectional fastANI	fdeb8d7a108620392c36af15a1ee217210c8ba681638aa6865dca3d6eba5f3fd	../../remote/taxonomy/ani_to_refs.tsv	CheckM2 1.1.0	CheckM2 1.1.0; uniref100.KO.1.dmnd; sha256:1b86ef3eac0813c1853f53182c17657045e3763d66f384ec95747261a63ae46f	100.0	0.5	strict_95_2	1	2504786	2504786	0	Complete Genome	no_general_contig_count_exclusion; local_element_absence_requires_separate_assessment	/srv/CRC-PHIRE/projects/crc-pipeline/results/aimbeta_panel_freeze_20261002/final_genomes/GCF_037893335.1.fna	/srv/CRC-PHIRE/scratch/crc-phage/aimbeta_panel_freeze_20261002/fasta/GCF_037893335.1.fna	27995efff65c4d4259499475c6a782112376fe10dcf15af0387b4fc379989cba	exact_accession_cache	official_accession_version_and_BioSample_and_sequence_total_length_match	true	NA	2026-10-02	fd7cd683b937cce7290d478a2198e3b104d136176bcf9aef7df7d99028de5751	GCF_037893335.1	remote/ncbi_reports/reports_04.json	2ace3e6d68d38989c42086e880c77d4ef2403275ed5af712fff6717e317e174b
AimBeta_final_v1_20261002	include	passed_source_identity_taxonomy_QC	research_catalog	GCF_037897545.1	GCA_037897545.1	SB024	ISOLATE_SAMN19765471	SAMN19765471	PRJNA549513	unknown	resected colorectal tumor	Homo sapiens	missing	unknown	unknown	unknown	none	false	catalog inclusion does not establish donor independence or comparable CRC/control design; published blood series only scoped exploration	cultured_isolate_supported	BioProject=Bacterial species cultivated from multiple sites across the human microbiota (oral, nasal, skin, gastrointestinal tract, reproductive tract). | 	https://www.ncbi.nlm.nih.gov/biosample/SAMN19765471;https://www.ncbi.nlm.nih.gov/bioproject/PRJNA549513	Traceable named isolate submission; source reviewed; no unresolved collision within frozen input; independent donor not inferred	ISOLATE_SAMN19765471	SEQ_305ef9d26ccf0d75	305ef9d26ccf0d758292c3244c7b5c9d96fc6b45f32b57b6752e4398abd49aaf	Fusobacterium animalis	Fusobacterium animalis	76859	Fusobacterium animalis	Fa	accepted	GCA_056823795.1	97.15	74.56	80.83	4.24	skani 0.3.2 --medium; ANI>=95%, both AF>=65%; Bf divisions separate; anomalous Pm independently checked with bidirectional fastANI	fdeb8d7a108620392c36af15a1ee217210c8ba681638aa6865dca3d6eba5f3fd	../../remote/taxonomy/ani_to_refs.tsv	CheckM2 1.1.0	CheckM2 1.1.0; uniref100.KO.1.dmnd; sha256:1b86ef3eac0813c1853f53182c17657045e3763d66f384ec95747261a63ae46f	100.0	0.18	strict_95_2	3	2755977	2778608	0	Complete Genome	no_general_contig_count_exclusion; local_element_absence_requires_separate_assessment	/srv/CRC-PHIRE/projects/crc-pipeline/results/aimbeta_panel_freeze_20261002/final_genomes/GCF_037897545.1.fna	/srv/CRC-PHIRE/scratch/crc-phage/aimbeta_panel_freeze_20261002/fasta/GCF_037897545.1.fna	3576dd3a6c70dfb1ab515db69f6c123ca5fcc771fdae402dd68e49008b5ad4bc	exact_accession_cache	official_accession_version_and_BioSample_and_sequence_total_length_match	true	NA	2026-10-02	fd7cd683b937cce7290d478a2198e3b104d136176bcf9aef7df7d99028de5751	GCF_037897545.1	remote/ncbi_reports/reports_04.json	2ace3e6d68d38989c42086e880c77d4ef2403275ed5af712fff6717e317e174b
AimBeta_final_v1_20261002	include	passed_source_identity_taxonomy_QC	research_catalog	GCF_037897535.1	GCA_037897535.1	SB025	ISOLATE_SAMN19765472	SAMN19765472	PRJNA549513	unknown	resected colorectal tumor	Homo sapiens	missing	unknown	unknown	unknown	none	false	catalog inclusion does not establish donor independence or comparable CRC/control design; published blood series only scoped exploration	cultured_isolate_supported	BioProject=Bacterial species cultivated from multiple sites across the human microbiota (oral, nasal, skin, gastrointestinal tract, reproductive tract). | 	https://www.ncbi.nlm.nih.gov/biosample/SAMN19765472;https://www.ncbi.nlm.nih.gov/bioproject/PRJNA549513	Traceable named isolate submission; source reviewed; no unresolved collision within frozen input; independent donor not inferred	ISOLATE_SAMN19765472	SEQ_c115ffe26dadde63	c115ffe26dadde63fbc68fc76472858ed93e0b82af1c6c9a9e3ac303159f5c56	Fusobacterium animalis	Fusobacterium animalis	76859	Fusobacterium animalis	Fa	accepted	GCA_056823795.1	96.2	79.68	69.1	2.88	skani 0.3.2 --medium; ANI>=95%, both AF>=65%; Bf divisions separate; anomalous Pm independently checked with bidirectional fastANI	fdeb8d7a108620392c36af15a1ee217210c8ba681638aa6865dca3d6eba5f3fd	../../remote/taxonomy/ani_to_refs.tsv	CheckM2 1.1.0	CheckM2 1.1.0; uniref100.KO.1.dmnd; sha256:1b86ef3eac0813c1853f53182c17657045e3763d66f384ec95747261a63ae46f	100.0	0.2	strict_95_2	1	2222684	2222684	0	Complete Genome	no_general_contig_count_exclusion; local_element_absence_requires_separate_assessment	/srv/CRC-PHIRE/projects/crc-pipeline/results/aimbeta_panel_freeze_20261002/final_genomes/GCF_037897535.1.fna	/srv/CRC-PHIRE/scratch/crc-phage/aimbeta_panel_freeze_20261002/fasta/GCF_037897535.1.fna	3bcf24963905e0c3b5a4aae3fd0869dba5c382ecae0ed33de70fca756f8786cb	exact_accession_cache	official_accession_version_and_BioSample_and_sequence_total_length_match	true	NA	2026-10-02	fd7cd683b937cce7290d478a2198e3b104d136176bcf9aef7df7d99028de5751	GCF_037897535.1	remote/ncbi_reports/reports_04.json	2ace3e6d68d38989c42086e880c77d4ef2403275ed5af712fff6717e317e174b
AimBeta_final_v1_20261002	include	passed_source_identity_taxonomy_QC	research_catalog	GCF_037897515.1	GCA_037897515.1	SB026	ISOLATE_SAMN19765473	SAMN19765473	PRJNA549513	unknown	resected colorectal tumor	Homo sapiens	missing	unknown	unknown	unknown	none	false	catalog inclusion does not establish donor independence or comparable CRC/control design; published blood series only scoped exploration	cultured_isolate_supported	BioProject=Bacterial species cultivated from multiple sites across the human microbiota (oral, nasal, skin, gastrointestinal tract, reproductive tract). | 	https://www.ncbi.nlm.nih.gov/biosample/SAMN19765473;https://www.ncbi.nlm.nih.gov/bioproject/PRJNA549513	Traceable named isolate submission; source reviewed; no unresolved collision within frozen input; independent donor not inferred	ISOLATE_SAMN19765473	SEQ_77f50405444f8a33	77f50405444f8a33114aafc2df0fb1b40d8929e7d479a14ddd68df758378dca1	Fusobacterium animalis	Fusobacterium animalis	76859	Fusobacterium animalis	Fa	accepted	GCA_056823795.1	96.45	78.79	74.95	3.55	skani 0.3.2 --medium; ANI>=95%, both AF>=65%; Bf divisions separate; anomalous Pm independently checked with bidirectional fastANI	fdeb8d7a108620392c36af15a1ee217210c8ba681638aa6865dca3d6eba5f3fd	../../remote/taxonomy/ani_to_refs.tsv	CheckM2 1.1.0	CheckM2 1.1.0; uniref100.KO.1.dmnd; sha256:1b86ef3eac0813c1853f53182c17657045e3763d66f384ec95747261a63ae46f	100.0	0.16	strict_95_2	1	2438255	2438255	0	Complete Genome	no_general_contig_count_exclusion; local_element_absence_requires_separate_assessment	/srv/CRC-PHIRE/projects/crc-pipeline/results/aimbeta_panel_freeze_20261002/final_genomes/GCF_037897515.1.fna	/srv/CRC-PHIRE/scratch/crc-phage/aimbeta_panel_freeze_20261002/fasta/GCF_037897515.1.fna	1b4b16fe0a2e241cae05b7618d25dbf1323a925f6bac16b25849102f3eaa046b	exact_accession_cache	official_accession_version_and_BioSample_and_sequence_total_length_match	true	NA	2026-10-02	fd7cd683b937cce7290d478a2198e3b104d136176bcf9aef7df7d99028de5751	GCF_037897515.1	remote/ncbi_reports/reports_04.json	2ace3e6d68d38989c42086e880c77d4ef2403275ed5af712fff6717e317e174b
AimBeta_final_v1_20261002	include	passed_source_identity_taxonomy_QC	research_catalog	GCF_037897505.1	GCA_037897505.1	SB027	ISOLATE_SAMN19765474	SAMN19765474	PRJNA549513	unknown	resected colorectal tumor	Homo sapiens	missing	unknown	unknown	unknown	none	false	catalog inclusion does not establish donor independence or comparable CRC/control design; published blood series only scoped exploration	cultured_isolate_supported	BioProject=Bacterial species cultivated from multiple sites across the human microbiota (oral, nasal, skin, gastrointestinal tract, reproductive tract). | 	https://www.ncbi.nlm.nih.gov/biosample/SAMN19765474;https://www.ncbi.nlm.nih.gov/bioproject/PRJNA549513	Traceable named isolate submission; source reviewed; no unresolved collision within frozen input; independent donor not inferred	ISOLATE_SAMN19765474	SEQ_46be5f096e80086d	46be5f096e80086d2ecc12d65e7c803ab9f5d853df0eb67719884be7046e7e1f	Fusobacterium animalis	Fusobacterium animalis	76859	Fusobacterium animalis	Fa	accepted	GCA_056823795.1	96.45	80.96	69.12	3.13	skani 0.3.2 --medium; ANI>=95%, both AF>=65%; Bf divisions separate; anomalous Pm independently checked with bidirectional fastANI	fdeb8d7a108620392c36af15a1ee217210c8ba681638aa6865dca3d6eba5f3fd	../../remote/taxonomy/ani_to_refs.tsv	CheckM2 1.1.0	CheckM2 1.1.0; uniref100.KO.1.dmnd; sha256:1b86ef3eac0813c1853f53182c17657045e3763d66f384ec95747261a63ae46f	100.0	0.17	strict_95_2	1	2188068	2188068	0	Complete Genome	no_general_contig_count_exclusion; local_element_absence_requires_separate_assessment	/srv/CRC-PHIRE/projects/crc-pipeline/results/aimbeta_panel_freeze_20261002/final_genomes/GCF_037897505.1.fna	/srv/CRC-PHIRE/scratch/crc-phage/aimbeta_panel_freeze_20261002/fasta/GCF_037897505.1.fna	9039af867aa0cf0bf46862abaf216208112a3ce17723375ee1164c5f52a480b7	exact_accession_cache	official_accession_version_and_BioSample_and_sequence_total_length_match	true	NA	2026-10-02	fd7cd683b937cce7290d478a2198e3b104d136176bcf9aef7df7d99028de5751	GCF_037897505.1	remote/ncbi_reports/reports_05.json	58360374e91a4446728ca2fcdc930bf7111cf3b860a512bd1ac2f1a45dae5270
AimBeta_final_v1_20261002	include	passed_source_identity_taxonomy_QC	research_catalog	GCF_037897485.1	GCA_037897485.1	SB029	ISOLATE_SAMN19765476	SAMN19765476	PRJNA549513	unknown	resected colorectal tumor	Homo sapiens	missing	unknown	unknown	unknown	none	false	catalog inclusion does not establish donor independence or comparable CRC/control design; published blood series only scoped exploration	cultured_isolate_supported	BioProject=Bacterial species cultivated from multiple sites across the human microbiota (oral, nasal, skin, gastrointestinal tract, reproductive tract). | 	https://www.ncbi.nlm.nih.gov/biosample/SAMN19765476;https://www.ncbi.nlm.nih.gov/bioproject/PRJNA549513	Traceable named isolate submission; source reviewed; no unresolved collision within frozen input; independent donor not inferred	ISOLATE_SAMN19765476	SEQ_548c4c5dc64a0bd9	548c4c5dc64a0bd9ebe5388b3fbefa415b4797abc684fb83fd0386eacdd8261a	Fusobacterium animalis	Fusobacterium animalis	76859	Fusobacterium animalis	Fa	accepted	GCA_056823795.1	96.58	74.07	70.49	3.52	skani 0.3.2 --medium; ANI>=95%, both AF>=65%; Bf divisions separate; anomalous Pm independently checked with bidirectional fastANI	fdeb8d7a108620392c36af15a1ee217210c8ba681638aa6865dca3d6eba5f3fd	../../remote/taxonomy/ani_to_refs.tsv	CheckM2 1.1.0	CheckM2 1.1.0; uniref100.KO.1.dmnd; sha256:1b86ef3eac0813c1853f53182c17657045e3763d66f384ec95747261a63ae46f	100.0	0.69	strict_95_2	3	2214101	2439165	0	Complete Genome	no_general_contig_count_exclusion; local_element_absence_requires_separate_assessment	/srv/CRC-PHIRE/projects/crc-pipeline/results/aimbeta_panel_freeze_20261002/final_genomes/GCF_037897485.1.fna	/srv/CRC-PHIRE/scratch/crc-phage/aimbeta_panel_freeze_20261002/fasta/GCF_037897485.1.fna	c302bfa13ddfae4e913a6ccc8d8b445dfa2df395d19602e03f178cae31f9bef1	exact_accession_cache	official_accession_version_and_BioSample_and_sequence_total_length_match	true	NA	2026-10-02	fd7cd683b937cce7290d478a2198e3b104d136176bcf9aef7df7d99028de5751	GCF_037897485.1	remote/ncbi_reports/reports_05.json	58360374e91a4446728ca2fcdc930bf7111cf3b860a512bd1ac2f1a45dae5270
AimBeta_final_v1_20261002	include	passed_source_identity_taxonomy_QC	research_catalog	GCF_037897425.1	GCA_037897425.1	SB031	ISOLATE_SAMN19765478	SAMN19765478	PRJNA549513	unknown	resected colorectal tumor	Homo sapiens	missing	unknown	unknown	unknown	none	false	catalog inclusion does not establish donor independence or comparable CRC/control design; published blood series only scoped exploration	cultured_isolate_supported	BioProject=Bacterial species cultivated from multiple sites across the human microbiota (oral, nasal, skin, gastrointestinal tract, reproductive tract). | 	https://www.ncbi.nlm.nih.gov/biosample/SAMN19765478;https://www.ncbi.nlm.nih.gov/bioproject/PRJNA549513	Traceable named isolate submission; source reviewed; no unresolved collision within frozen input; independent donor not inferred	ISOLATE_SAMN19765478	SEQ_f1e43995a1e3519b	f1e43995a1e3519b4d5d55db4e5272f8518bb0801ccffcee9aa4fbea17773aee	Fusobacterium animalis	Fusobacterium animalis	76859	Fusobacterium animalis	Fa	accepted	GCA_056823795.1	96.45	77.99	74.01	3.66	skani 0.3.2 --medium; ANI>=95%, both AF>=65%; Bf divisions separate; anomalous Pm independently checked with bidirectional fastANI	fdeb8d7a108620392c36af15a1ee217210c8ba681638aa6865dca3d6eba5f3fd	../../remote/taxonomy/ani_to_refs.tsv	CheckM2 1.1.0	CheckM2 1.1.0; uniref100.KO.1.dmnd; sha256:1b86ef3eac0813c1853f53182c17657045e3763d66f384ec95747261a63ae46f	100.0	0.28	strict_95_2	1	2432266	2432266	0	Complete Genome	no_general_contig_count_exclusion; local_element_absence_requires_separate_assessment	/srv/CRC-PHIRE/projects/crc-pipeline/results/aimbeta_panel_freeze_20261002/final_genomes/GCF_037897425.1.fna	/srv/CRC-PHIRE/scratch/crc-phage/aimbeta_panel_freeze_20261002/fasta/GCF_037897425.1.fna	f5d690a4199743b115887a40475bb419260da114a29586dcc1ee6ebda514015c	exact_accession_cache	official_accession_version_and_BioSample_and_sequence_total_length_match	true	NA	2026-10-02	fd7cd683b937cce7290d478a2198e3b104d136176bcf9aef7df7d99028de5751	GCF_037897425.1	remote/ncbi_reports/reports_05.json	58360374e91a4446728ca2fcdc930bf7111cf3b860a512bd1ac2f1a45dae5270
AimBeta_final_v1_20261002	include	passed_source_identity_taxonomy_QC	research_catalog	GCF_045159905.1	GCA_045159905.1	SB033	ISOLATE_SAMN19765480	SAMN19765480	PRJNA549513	unknown	resected colorectal tumor	Homo sapiens	missing	unknown	unknown	unknown	none	false	catalog inclusion does not establish donor independence or comparable CRC/control design; published blood series only scoped exploration	cultured_isolate_supported	BioProject=Bacterial species cultivated from multiple sites across the human microbiota (oral, nasal, skin, gastrointestinal tract, reproductive tract). | 	https://www.ncbi.nlm.nih.gov/biosample/SAMN19765480;https://www.ncbi.nlm.nih.gov/bioproject/PRJNA549513	Traceable named isolate submission; source reviewed; no unresolved collision within frozen input; independent donor not inferred	ISOLATE_SAMN19765480	SEQ_b16b3888a004b736	b16b3888a004b736f010e9a95c8083284d2ada296beb0a42dc87cf4d58f5def3	Fusobacterium animalis	Fusobacterium animalis	76859	Fusobacterium animalis	Fa	accepted	GCA_056823795.1	96.75	75.35	70.49	3.54	skani 0.3.2 --medium; ANI>=95%, both AF>=65%; Bf divisions separate; anomalous Pm independently checked with bidirectional fastANI	fdeb8d7a108620392c36af15a1ee217210c8ba681638aa6865dca3d6eba5f3fd	../../remote/taxonomy/ani_to_refs.tsv	CheckM2 1.1.0	CheckM2 1.1.0; uniref100.KO.1.dmnd; sha256:1b86ef3eac0813c1853f53182c17657045e3763d66f384ec95747261a63ae46f	100.0	0.78	strict_95_2	1	2397821	2397821	0	Complete Genome	no_general_contig_count_exclusion; local_element_absence_requires_separate_assessment	/srv/CRC-PHIRE/projects/crc-pipeline/results/aimbeta_panel_freeze_20261002/final_genomes/GCF_045159905.1.fna	/srv/CRC-PHIRE/scratch/crc-phage/aimbeta_panel_freeze_20261002/fasta/GCF_045159905.1.fna	bee9b79496afde5b8455fa822321dcdde22471fcfd3d9a2a7e781995d5d7502f	exact_accession_cache	official_accession_version_and_BioSample_and_sequence_total_length_match	true	NA	2026-10-02	fd7cd683b937cce7290d478a2198e3b104d136176bcf9aef7df7d99028de5751	GCF_045159905.1	remote/ncbi_reports/reports_05.json	58360374e91a4446728ca2fcdc930bf7111cf3b860a512bd1ac2f1a45dae5270
AimBeta_final_v1_20261002	include	passed_source_identity_taxonomy_QC	research_catalog	GCF_037897415.1	GCA_037897415.1	SB034	ISOLATE_SAMN19765481	SAMN19765481	PRJNA549513	unknown	resected colorectal tumor	Homo sapiens	missing	unknown	unknown	unknown	none	false	catalog inclusion does not establish donor independence or comparable CRC/control design; published blood series only scoped exploration	cultured_isolate_supported	BioProject=Bacterial species cultivated from multiple sites across the human microbiota (oral, nasal, skin, gastrointestinal tract, reproductive tract). | 	https://www.ncbi.nlm.nih.gov/biosample/SAMN19765481;https://www.ncbi.nlm.nih.gov/bioproject/PRJNA549513	Traceable named isolate submission; source reviewed; no unresolved collision within frozen input; independent donor not inferred	ISOLATE_SAMN19765481	SEQ_759a8e562fc28ab6	759a8e562fc28ab66e574eb10c28f73e8dc8f666284b3fba1470d652e50c6ec0	Fusobacterium animalis	Fusobacterium animalis	76859	Fusobacterium animalis	Fa	accepted	GCA_056823795.1	96.32	75.85	76.62	3.08	skani 0.3.2 --medium; ANI>=95%, both AF>=65%; Bf divisions separate; anomalous Pm independently checked with bidirectional fastANI	fdeb8d7a108620392c36af15a1ee217210c8ba681638aa6865dca3d6eba5f3fd	../../remote/taxonomy/ani_to_refs.tsv	CheckM2 1.1.0	CheckM2 1.1.0; uniref100.KO.1.dmnd; sha256:1b86ef3eac0813c1853f53182c17657045e3763d66f384ec95747261a63ae46f	99.98	0.1	strict_95_2	1	2588861	2588861	0	Complete Genome	no_general_contig_count_exclusion; local_element_absence_requires_separate_assessment	/srv/CRC-PHIRE/projects/crc-pipeline/results/aimbeta_panel_freeze_20261002/final_genomes/GCF_037897415.1.fna	/srv/CRC-PHIRE/scratch/crc-phage/aimbeta_panel_freeze_20261002/fasta/GCF_037897415.1.fna	91c5cd223586da3e2533e8f2907d5d08274180b729a21c0e339802c527983ace	exact_accession_cache	official_accession_version_and_BioSample_and_sequence_total_length_match	true	NA	2026-10-02	fd7cd683b937cce7290d478a2198e3b104d136176bcf9aef7df7d99028de5751	GCF_037897415.1	remote/ncbi_reports/reports_05.json	58360374e91a4446728ca2fcdc930bf7111cf3b860a512bd1ac2f1a45dae5270
AimBeta_final_v1_20261002	include	passed_source_identity_taxonomy_QC	research_catalog	GCF_037896705.1	GCA_037896705.1	SB035	ISOLATE_SAMN19765482	SAMN19765482	PRJNA549513	unknown	resected colorectal tumor	Homo sapiens	missing	unknown	unknown	unknown	none	false	catalog inclusion does not establish donor independence or comparable CRC/control design; published blood series only scoped exploration	cultured_isolate_supported	BioProject=Bacterial species cultivated from multiple sites across the human microbiota (oral, nasal, skin, gastrointestinal tract, reproductive tract). | 	https://www.ncbi.nlm.nih.gov/biosample/SAMN19765482;https://www.ncbi.nlm.nih.gov/bioproject/PRJNA549513	Traceable named isolate submission; source reviewed; no unresolved collision within frozen input; independent donor not inferred	ISOLATE_SAMN19765482	SEQ_47d5d2f80aea18bb	47d5d2f80aea18bb1f259f3bfb08aa5fbaa07d288668a50ad820e77e35fa613d	Fusobacterium nucleatum	Fusobacterium nucleatum	851	Fusobacterium animalis	Fa	accepted	GCA_056823795.1	96.58	82.73	73.43	3.71	skani 0.3.2 --medium; ANI>=95%, both AF>=65%; Bf divisions separate; anomalous Pm independently checked with bidirectional fastANI	fdeb8d7a108620392c36af15a1ee217210c8ba681638aa6865dca3d6eba5f3fd	../../remote/taxonomy/ani_to_refs.tsv	CheckM2 1.1.0	CheckM2 1.1.0; uniref100.KO.1.dmnd; sha256:1b86ef3eac0813c1853f53182c17657045e3763d66f384ec95747261a63ae46f	100.0	0.03	strict_95_2	2	2267671	2274778	0	Complete Genome	no_general_contig_count_exclusion; local_element_absence_requires_separate_assessment	/srv/CRC-PHIRE/projects/crc-pipeline/results/aimbeta_panel_freeze_20261002/final_genomes/GCF_037896705.1.fna	/srv/CRC-PHIRE/scratch/crc-phage/aimbeta_panel_freeze_20261002/fasta/GCF_037896705.1.fna	9b172ab6f09ad6dd7993b3446d495b60fae9ed447a43cbe43dda4ae28941df19	exact_accession_cache	official_accession_version_and_BioSample_and_sequence_total_length_match	true	NA	2026-10-02	fd7cd683b937cce7290d478a2198e3b104d136176bcf9aef7df7d99028de5751	GCF_037896705.1	remote/ncbi_reports/reports_05.json	58360374e91a4446728ca2fcdc930bf7111cf3b860a512bd1ac2f1a45dae5270
AimBeta_final_v1_20261002	include	passed_source_identity_taxonomy_QC	research_catalog	GCF_045159915.1	GCA_045159915.1	SB036	ISOLATE_SAMN19765483	SAMN19765483	PRJNA549513	unknown	resected colorectal tumor	Homo sapiens	missing	unknown	unknown	unknown	none	false	catalog inclusion does not establish donor independence or comparable CRC/control design; published blood series only scoped exploration	cultured_isolate_supported	BioProject=Bacterial species cultivated from multiple sites across the human microbiota (oral, nasal, skin, gastrointestinal tract, reproductive tract). | 	https://www.ncbi.nlm.nih.gov/biosample/SAMN19765483;https://www.ncbi.nlm.nih.gov/bioproject/PRJNA549513	Traceable named isolate submission; source reviewed; no unresolved collision within frozen input; independent donor not inferred	ISOLATE_SAMN19765483	SEQ_3c74a6345527c7d3	3c74a6345527c7d36c4c901244b7d48ca56484f7d2e84a262623e539d996a9f8	Fusobacterium animalis	Fusobacterium animalis	76859	Fusobacterium animalis	Fa	accepted	GCA_056823795.1	95.83	77.11	77.89	2.62	skani 0.3.2 --medium; ANI>=95%, both AF>=65%; Bf divisions separate; anomalous Pm independently checked with bidirectional fastANI	fdeb8d7a108620392c36af15a1ee217210c8ba681638aa6865dca3d6eba5f3fd	../../remote/taxonomy/ani_to_refs.tsv	CheckM2 1.1.0	CheckM2 1.1.0; uniref100.KO.1.dmnd; sha256:1b86ef3eac0813c1853f53182c17657045e3763d66f384ec95747261a63ae46f	99.99	0.18	strict_95_2	1	2588871	2588871	0	Complete Genome	no_general_contig_count_exclusion; local_element_absence_requires_separate_assessment	/srv/CRC-PHIRE/projects/crc-pipeline/results/aimbeta_panel_freeze_20261002/final_genomes/GCF_045159915.1.fna	/srv/CRC-PHIRE/scratch/crc-phage/aimbeta_panel_freeze_20261002/fasta/GCF_045159915.1.fna	b4372d6fc6fa50412641cffad38cd8f00005aa8ce698711e4cc54c668ca8d284	exact_accession_cache	official_accession_version_and_BioSample_and_sequence_total_length_match	true	NA	2026-10-02	fd7cd683b937cce7290d478a2198e3b104d136176bcf9aef7df7d99028de5751	GCF_045159915.1	remote/ncbi_reports/reports_05.json	58360374e91a4446728ca2fcdc930bf7111cf3b860a512bd1ac2f1a45dae5270
AimBeta_final_v1_20261002	include	passed_source_identity_taxonomy_QC	research_catalog	GCF_045159935.1	GCA_045159935.1	SB041	ISOLATE_SAMN19765488	SAMN19765488	PRJNA549513	unknown	resected colorectal tumor	Homo sapiens	missing	unknown	unknown	unknown	none	false	catalog inclusion does not establish donor independence or comparable CRC/control design; published blood series only scoped exploration	cultured_isolate_supported	BioProject=Bacterial species cultivated from multiple sites across the human microbiota (oral, nasal, skin, gastrointestinal tract, reproductive tract). | 	https://www.ncbi.nlm.nih.gov/biosample/SAMN19765488;https://www.ncbi.nlm.nih.gov/bioproject/PRJNA549513	Traceable named isolate submission; source reviewed; no unresolved collision within frozen input; independent donor not inferred	ISOLATE_SAMN19765488	SEQ_73f83092d63ac298	73f83092d63ac298d067439c08bb33c46618ae83ac3df01fa07f8d1ccddf6a8f	Fusobacterium animalis	Fusobacterium animalis	76859	Fusobacterium animalis	Fa	accepted	GCA_056823795.1	96.89	79.14	69.15	3.68	skani 0.3.2 --medium; ANI>=95%, both AF>=65%; Bf divisions separate; anomalous Pm independently checked with bidirectional fastANI	fdeb8d7a108620392c36af15a1ee217210c8ba681638aa6865dca3d6eba5f3fd	../../remote/taxonomy/ani_to_refs.tsv	CheckM2 1.1.0	CheckM2 1.1.0; uniref100.KO.1.dmnd; sha256:1b86ef3eac0813c1853f53182c17657045e3763d66f384ec95747261a63ae46f	100.0	0.03	strict_95_2	1	2239416	2239416	0	Complete Genome	no_general_contig_count_exclusion; local_element_absence_requires_separate_assessment	/srv/CRC-PHIRE/projects/crc-pipeline/results/aimbeta_panel_freeze_20261002/final_genomes/GCF_045159935.1.fna	/srv/CRC-PHIRE/scratch/crc-phage/aimbeta_panel_freeze_20261002/fasta/GCF_045159935.1.fna	f1c9a6ca0beb77672efb48c1963e27adcd24185e192468594ec8f7f980842555	exact_accession_cache	official_accession_version_and_BioSample_and_sequence_total_length_match	true	NA	2026-10-02	fd7cd683b937cce7290d478a2198e3b104d136176bcf9aef7df7d99028de5751	GCF_045159935.1	remote/ncbi_reports/reports_05.json	58360374e91a4446728ca2fcdc930bf7111cf3b860a512bd1ac2f1a45dae5270
AimBeta_final_v1_20261002	include	passed_source_identity_taxonomy_QC	research_catalog	GCF_045159945.1	GCA_045159945.1	SB043	ISOLATE_SAMN19765490	SAMN19765490	PRJNA549513	unknown	resected colorectal tumor	Homo sapiens	missing	unknown	unknown	unknown	none	false	catalog inclusion does not establish donor independence or comparable CRC/control design; published blood series only scoped exploration	cultured_isolate_supported	BioProject=Bacterial species cultivated from multiple sites across the human microbiota (oral, nasal, skin, gastrointestinal tract, reproductive tract). | 	https://www.ncbi.nlm.nih.gov/biosample/SAMN19765490;https://www.ncbi.nlm.nih.gov/bioproject/PRJNA549513	Traceable named isolate submission; source reviewed; no unresolved collision within frozen input; independent donor not inferred	ISOLATE_SAMN19765490	SEQ_eef79e2d65383bfb	eef79e2d65383bfbff97a19af71af4acc6f9c35d1487ac185f961e859aba7dec	Fusobacterium animalis	Fusobacterium animalis	76859	Fusobacterium animalis	Fa	accepted	GCA_056823795.1	95.83	76.79	76.66	2.74	skani 0.3.2 --medium; ANI>=95%, both AF>=65%; Bf divisions separate; anomalous Pm independently checked with bidirectional fastANI	fdeb8d7a108620392c36af15a1ee217210c8ba681638aa6865dca3d6eba5f3fd	../../remote/taxonomy/ani_to_refs.tsv	CheckM2 1.1.0	CheckM2 1.1.0; uniref100.KO.1.dmnd; sha256:1b86ef3eac0813c1853f53182c17657045e3763d66f384ec95747261a63ae46f	100.0	0.4	strict_95_2	1	2558877	2558877	0	Complete Genome	no_general_contig_count_exclusion; local_element_absence_requires_separate_assessment	/srv/CRC-PHIRE/projects/crc-pipeline/results/aimbeta_panel_freeze_20261002/final_genomes/GCF_045159945.1.fna	/srv/CRC-PHIRE/scratch/crc-phage/aimbeta_panel_freeze_20261002/fasta/GCF_045159945.1.fna	8527bf09fa6aa0702b688e64d13d9db1a87787f1e32acf5af4eb70a514693d25	exact_accession_cache	official_accession_version_and_BioSample_and_sequence_total_length_match	true	NA	2026-10-02	fd7cd683b937cce7290d478a2198e3b104d136176bcf9aef7df7d99028de5751	GCF_045159945.1	remote/ncbi_reports/reports_05.json	58360374e91a4446728ca2fcdc930bf7111cf3b860a512bd1ac2f1a45dae5270
AimBeta_final_v1_20261002	include	passed_source_identity_taxonomy_QC	research_catalog	GCF_045159955.1	GCA_045159955.1	SB045	ISOLATE_SAMN19765492	SAMN19765492	PRJNA549513	unknown	resected colorectal tumor	Homo sapiens	missing	unknown	unknown	unknown	none	false	catalog inclusion does not establish donor independence or comparable CRC/control design; published blood series only scoped exploration	cultured_isolate_supported	BioProject=Bacterial species cultivated from multiple sites across the human microbiota (oral, nasal, skin, gastrointestinal tract, reproductive tract). | 	https://www.ncbi.nlm.nih.gov/biosample/SAMN19765492;https://www.ncbi.nlm.nih.gov/bioproject/PRJNA549513	Traceable named isolate submission; source reviewed; no unresolved collision within frozen input; independent donor not inferred	ISOLATE_SAMN19765492	SEQ_0fc2c237f8bf832c	0fc2c237f8bf832c1e35f65b558cef8dc2616256a7097d245feb70b1c9c67858	Fusobacterium animalis	Fusobacterium animalis	76859	Fusobacterium animalis	Fa	accepted	GCA_056823795.1	96.58	79.38	74.16	3.37	skani 0.3.2 --medium; ANI>=95%, both AF>=65%; Bf divisions separate; anomalous Pm independently checked with bidirectional fastANI	fdeb8d7a108620392c36af15a1ee217210c8ba681638aa6865dca3d6eba5f3fd	../../remote/taxonomy/ani_to_refs.tsv	CheckM2 1.1.0	CheckM2 1.1.0; uniref100.KO.1.dmnd; sha256:1b86ef3eac0813c1853f53182c17657045e3763d66f384ec95747261a63ae46f	100.0	0.02	strict_95_2	2	2388224	2394557	0	Complete Genome	no_general_contig_count_exclusion; local_element_absence_requires_separate_assessment	/srv/CRC-PHIRE/projects/crc-pipeline/results/aimbeta_panel_freeze_20261002/final_genomes/GCF_045159955.1.fna	/srv/CRC-PHIRE/scratch/crc-phage/aimbeta_panel_freeze_20261002/fasta/GCF_045159955.1.fna	2aceccdc06ba46295be3514936d47648f97515a03508dcdd108f98faac28ff6a	exact_accession_cache	official_accession_version_and_BioSample_and_sequence_total_length_match	true	NA	2026-10-02	fd7cd683b937cce7290d478a2198e3b104d136176bcf9aef7df7d99028de5751	GCF_045159955.1	remote/ncbi_reports/reports_05.json	58360374e91a4446728ca2fcdc930bf7111cf3b860a512bd1ac2f1a45dae5270
AimBeta_final_v1_20261002	include	passed_source_identity_taxonomy_QC	research_catalog	GCF_045159985.1	GCA_045159985.1	SB050	ISOLATE_SAMN19765497	SAMN19765497	PRJNA549513	unknown	resected colorectal tumor	Homo sapiens	missing	unknown	unknown	unknown	none	false	catalog inclusion does not establish donor independence or comparable CRC/control design; published blood series only scoped exploration	cultured_isolate_supported	BioProject=Bacterial species cultivated from multiple sites across the human microbiota (oral, nasal, skin, gastrointestinal tract, reproductive tract). | 	https://www.ncbi.nlm.nih.gov/biosample/SAMN19765497;https://www.ncbi.nlm.nih.gov/bioproject/PRJNA549513	Traceable named isolate submission; source reviewed; no unresolved collision within frozen input; independent donor not inferred	ISOLATE_SAMN19765497	SEQ_963c906c5b6cbbd1	963c906c5b6cbbd1b127dc15891260630b79506f44c0de677776ed9a05de9d3e	Fusobacterium animalis	Fusobacterium animalis	76859	Fusobacterium animalis	Fa	accepted	GCA_056823795.1	96.75	78.92	72.11	3.85	skani 0.3.2 --medium; ANI>=95%, both AF>=65%; Bf divisions separate; anomalous Pm independently checked with bidirectional fastANI	fdeb8d7a108620392c36af15a1ee217210c8ba681638aa6865dca3d6eba5f3fd	../../remote/taxonomy/ani_to_refs.tsv	CheckM2 1.1.0	CheckM2 1.1.0; uniref100.KO.1.dmnd; sha256:1b86ef3eac0813c1853f53182c17657045e3763d66f384ec95747261a63ae46f	100.0	2.07	core_90_5	1	2341805	2341805	0	Complete Genome	no_general_contig_count_exclusion; local_element_absence_requires_separate_assessment	/srv/CRC-PHIRE/projects/crc-pipeline/results/aimbeta_panel_freeze_20261002/final_genomes/GCF_045159985.1.fna	/srv/CRC-PHIRE/scratch/crc-phage/aimbeta_panel_freeze_20261002/fasta/GCF_045159985.1.fna	bc37f1ab532365947238662cf9a8502db212cd3725a789c48f98fce3fd2e39d0	exact_accession_cache	official_accession_version_and_BioSample_and_sequence_total_length_match	true	NA	2026-10-02	fd7cd683b937cce7290d478a2198e3b104d136176bcf9aef7df7d99028de5751	GCF_045159985.1	remote/ncbi_reports/reports_05.json	58360374e91a4446728ca2fcdc930bf7111cf3b860a512bd1ac2f1a45dae5270
AimBeta_final_v1_20261002	include	passed_source_identity_taxonomy_QC	research_catalog	GCF_037911855.1	GCA_037911855.1	SB052	ISOLATE_SAMN21582163	SAMN21582163	PRJNA549513	unknown	resected colorectal tumor	Homo sapiens	missing	unknown	unknown	unknown	none	false	catalog inclusion does not establish donor independence or comparable CRC/control design; published blood series only scoped exploration	cultured_isolate_supported	BioProject=Bacterial species cultivated from multiple sites across the human microbiota (oral, nasal, skin, gastrointestinal tract, reproductive tract). | 	https://www.ncbi.nlm.nih.gov/biosample/SAMN21582163;https://www.ncbi.nlm.nih.gov/bioproject/PRJNA549513	Traceable named isolate submission; source reviewed; no unresolved collision within frozen input; independent donor not inferred	ISOLATE_SAMN21582163	SEQ_8810d9dfe2e73268	8810d9dfe2e732684eef76b920a5519c8619274c502526af560d8aa7fd2f91fe	Fusobacterium animalis	Fusobacterium animalis	76859	Fusobacterium animalis	Fa	accepted	GCA_056823795.1	96.2	80.17	72.83	2.99	skani 0.3.2 --medium; ANI>=95%, both AF>=65%; Bf divisions separate; anomalous Pm independently checked with bidirectional fastANI	fdeb8d7a108620392c36af15a1ee217210c8ba681638aa6865dca3d6eba5f3fd	../../remote/taxonomy/ani_to_refs.tsv	CheckM2 1.1.0	CheckM2 1.1.0; uniref100.KO.1.dmnd; sha256:1b86ef3eac0813c1853f53182c17657045e3763d66f384ec95747261a63ae46f	100.0	0.08	strict_95_2	1	2328368	2328368	0	Complete Genome	no_general_contig_count_exclusion; local_element_absence_requires_separate_assessment	/srv/CRC-PHIRE/projects/crc-pipeline/results/aimbeta_panel_freeze_20261002/final_genomes/GCF_037911855.1.fna	/srv/CRC-PHIRE/scratch/crc-phage/aimbeta_panel_freeze_20261002/fasta/GCF_037911855.1.fna	4c5c55245c0f9569a3164155987d1f6a6a1723913651c3ab575eb83826af42a1	exact_accession_cache	official_accession_version_and_BioSample_and_sequence_total_length_match	true	NA	2026-10-02	fd7cd683b937cce7290d478a2198e3b104d136176bcf9aef7df7d99028de5751	GCF_037911855.1	remote/ncbi_reports/reports_05.json	58360374e91a4446728ca2fcdc930bf7111cf3b860a512bd1ac2f1a45dae5270
AimBeta_final_v1_20261002	include	passed_source_identity_taxonomy_QC	research_catalog	GCF_037911845.1	GCA_037911845.1	SB053	ISOLATE_SAMN21582164	SAMN21582164	PRJNA549513	unknown	resected colorectal tumor	Homo sapiens	missing	unknown	unknown	unknown	none	false	catalog inclusion does not establish donor independence or comparable CRC/control design; published blood series only scoped exploration	cultured_isolate_supported	BioProject=Bacterial species cultivated from multiple sites across the human microbiota (oral, nasal, skin, gastrointestinal tract, reproductive tract). | 	https://www.ncbi.nlm.nih.gov/biosample/SAMN21582164;https://www.ncbi.nlm.nih.gov/bioproject/PRJNA549513	Traceable named isolate submission; source reviewed; no unresolved collision within frozen input; independent donor not inferred	ISOLATE_SAMN21582164	SEQ_6cd410d92ce050c1	6cd410d92ce050c16c6ad5fe3349a8408bb7c934ef5190ace9cd312df1584822	Fusobacterium animalis	Fusobacterium animalis	76859	Fusobacterium animalis	Fa	accepted	GCA_056823795.1	96.45	80.77	76.49	3.36	skani 0.3.2 --medium; ANI>=95%, both AF>=65%; Bf divisions separate; anomalous Pm independently checked with bidirectional fastANI	fdeb8d7a108620392c36af15a1ee217210c8ba681638aa6865dca3d6eba5f3fd	../../remote/taxonomy/ani_to_refs.tsv	CheckM2 1.1.0	CheckM2 1.1.0; uniref100.KO.1.dmnd; sha256:1b86ef3eac0813c1853f53182c17657045e3763d66f384ec95747261a63ae46f	100.0	0.44	strict_95_2	1	2427097	2427097	0	Complete Genome	no_general_contig_count_exclusion; local_element_absence_requires_separate_assessment	/srv/CRC-PHIRE/projects/crc-pipeline/results/aimbeta_panel_freeze_20261002/final_genomes/GCF_037911845.1.fna	/srv/CRC-PHIRE/scratch/crc-phage/aimbeta_panel_freeze_20261002/fasta/GCF_037911845.1.fna	22ba08b1a4cc160a844521481949ca81162a3d7c266a2194a715cb9305d6dba3	exact_accession_cache	official_accession_version_and_BioSample_and_sequence_total_length_match	true	NA	2026-10-02	fd7cd683b937cce7290d478a2198e3b104d136176bcf9aef7df7d99028de5751	GCF_037911845.1	remote/ncbi_reports/reports_05.json	58360374e91a4446728ca2fcdc930bf7111cf3b860a512bd1ac2f1a45dae5270
AimBeta_final_v1_20261002	include	passed_source_identity_taxonomy_QC	research_catalog	GCF_037911815.1	GCA_037911815.1	SB056	ISOLATE_SAMN21582167	SAMN21582167	PRJNA549513	unknown	resected colorectal tumor	Homo sapiens	missing	unknown	unknown	unknown	none	false	catalog inclusion does not establish donor independence or comparable CRC/control design; published blood series only scoped exploration	cultured_isolate_supported	BioProject=Bacterial species cultivated from multiple sites across the human microbiota (oral, nasal, skin, gastrointestinal tract, reproductive tract). | 	https://www.ncbi.nlm.nih.gov/biosample/SAMN21582167;https://www.ncbi.nlm.nih.gov/bioproject/PRJNA549513	Traceable named isolate submission; source reviewed; no unresolved collision within frozen input; independent donor not inferred	ISOLATE_SAMN21582167	SEQ_9754244cfe799a13	9754244cfe799a1364a89c2ec66541adab3af4fa43a2784b976af632b18474a2	Fusobacterium animalis	Fusobacterium animalis	76859	Fusobacterium animalis	Fa	accepted	GCA_056823795.1	96.89	82.7	68.88	3.46	skani 0.3.2 --medium; ANI>=95%, both AF>=65%; Bf divisions separate; anomalous Pm independently checked with bidirectional fastANI	fdeb8d7a108620392c36af15a1ee217210c8ba681638aa6865dca3d6eba5f3fd	../../remote/taxonomy/ani_to_refs.tsv	CheckM2 1.1.0	CheckM2 1.1.0; uniref100.KO.1.dmnd; sha256:1b86ef3eac0813c1853f53182c17657045e3763d66f384ec95747261a63ae46f	100.0	0.06	strict_95_2	1	2134784	2134784	0	Complete Genome	no_general_contig_count_exclusion; local_element_absence_requires_separate_assessment	/srv/CRC-PHIRE/projects/crc-pipeline/results/aimbeta_panel_freeze_20261002/final_genomes/GCF_037911815.1.fna	/srv/CRC-PHIRE/scratch/crc-phage/aimbeta_panel_freeze_20261002/fasta/GCF_037911815.1.fna	bf4ab0d0baa69f7dbfdef2cbf635ac29f18b76cfa8e372b5b24fa33a8b9467a1	exact_accession_cache	official_accession_version_and_BioSample_and_sequence_total_length_match	true	NA	2026-10-02	fd7cd683b937cce7290d478a2198e3b104d136176bcf9aef7df7d99028de5751	GCF_037911815.1	remote/ncbi_reports/reports_05.json	58360374e91a4446728ca2fcdc930bf7111cf3b860a512bd1ac2f1a45dae5270
AimBeta_final_v1_20261002	include	passed_source_identity_taxonomy_QC	research_catalog	GCF_037911025.1	GCA_037911025.1	SB058	ISOLATE_SAMN21582168	SAMN21582168	PRJNA549513	unknown	resected colorectal tumor	Homo sapiens	missing	unknown	unknown	unknown	none	false	catalog inclusion does not establish donor independence or comparable CRC/control design; published blood series only scoped exploration	cultured_isolate_supported	BioProject=Bacterial species cultivated from multiple sites across the human microbiota (oral, nasal, skin, gastrointestinal tract, reproductive tract). | 	https://www.ncbi.nlm.nih.gov/biosample/SAMN21582168;https://www.ncbi.nlm.nih.gov/bioproject/PRJNA549513	Traceable named isolate submission; source reviewed; no unresolved collision within frozen input; independent donor not inferred	ISOLATE_SAMN21582168	SEQ_b213dfccc3b82b89	b213dfccc3b82b89e6080c3c9afc95716ec743fde633de9ee9934d7eafa36145	Fusobacterium animalis	Fusobacterium animalis	76859	Fusobacterium animalis	Fa	accepted	GCA_056823795.1	95.99	77.61	75.4	3.2	skani 0.3.2 --medium; ANI>=95%, both AF>=65%; Bf divisions separate; anomalous Pm independently checked with bidirectional fastANI	fdeb8d7a108620392c36af15a1ee217210c8ba681638aa6865dca3d6eba5f3fd	../../remote/taxonomy/ani_to_refs.tsv	CheckM2 1.1.0	CheckM2 1.1.0; uniref100.KO.1.dmnd; sha256:1b86ef3eac0813c1853f53182c17657045e3763d66f384ec95747261a63ae46f	99.99	0.36	strict_95_2	1	2489800	2489800	0	Complete Genome	no_general_contig_count_exclusion; local_element_absence_requires_separate_assessment	/srv/CRC-PHIRE/projects/crc-pipeline/results/aimbeta_panel_freeze_20261002/final_genomes/GCF_037911025.1.fna	/srv/CRC-PHIRE/scratch/crc-phage/aimbeta_panel_freeze_20261002/fasta/GCF_037911025.1.fna	77e88cf2080cbe74a41e2284e057340537d5779d55ad1fe0fb694898c2e855f0	exact_accession_cache	official_accession_version_and_BioSample_and_sequence_total_length_match	true	NA	2026-10-02	fd7cd683b937cce7290d478a2198e3b104d136176bcf9aef7df7d99028de5751	GCF_037911025.1	remote/ncbi_reports/reports_05.json	58360374e91a4446728ca2fcdc930bf7111cf3b860a512bd1ac2f1a45dae5270
AimBeta_final_v1_20261002	include	passed_source_identity_taxonomy_QC	research_catalog	GCF_037906465.1	GCA_037906465.1	SB059	ISOLATE_SAMN21582169	SAMN21582169	PRJNA549513	unknown	resected colorectal tumor	Homo sapiens	missing	unknown	unknown	unknown	none	false	catalog inclusion does not establish donor independence or comparable CRC/control design; published blood series only scoped exploration	cultured_isolate_supported	BioProject=Bacterial species cultivated from multiple sites across the human microbiota (oral, nasal, skin, gastrointestinal tract, reproductive tract). | 	https://www.ncbi.nlm.nih.gov/biosample/SAMN21582169;https://www.ncbi.nlm.nih.gov/bioproject/PRJNA549513	Traceable named isolate submission; source reviewed; no unresolved collision within frozen input; independent donor not inferred	ISOLATE_SAMN21582169	SEQ_0e62d2a1b5a12c22	0e62d2a1b5a12c22994c0b52b2ad91010de0e95f5c1fd89bc0c1a1134e605fec	Fusobacterium animalis	Fusobacterium animalis	76859	Fusobacterium animalis	Fa	accepted	GCA_056823795.1	95.83	77.13	77.9	2.62	skani 0.3.2 --medium; ANI>=95%, both AF>=65%; Bf divisions separate; anomalous Pm independently checked with bidirectional fastANI	fdeb8d7a108620392c36af15a1ee217210c8ba681638aa6865dca3d6eba5f3fd	../../remote/taxonomy/ani_to_refs.tsv	CheckM2 1.1.0	CheckM2 1.1.0; uniref100.KO.1.dmnd; sha256:1b86ef3eac0813c1853f53182c17657045e3763d66f384ec95747261a63ae46f	99.99	0.18	strict_95_2	1	2588850	2588850	0	Complete Genome	no_general_contig_count_exclusion; local_element_absence_requires_separate_assessment	/srv/CRC-PHIRE/projects/crc-pipeline/results/aimbeta_panel_freeze_20261002/final_genomes/GCF_037906465.1.fna	/srv/CRC-PHIRE/scratch/crc-phage/aimbeta_panel_freeze_20261002/fasta/GCF_037906465.1.fna	2632d5be910b2cb5d8c76b2a39c894d9b795b0a029866dbc9f6e02843d144b2a	exact_accession_cache	official_accession_version_and_BioSample_and_sequence_total_length_match	true	NA	2026-10-02	fd7cd683b937cce7290d478a2198e3b104d136176bcf9aef7df7d99028de5751	GCF_037906465.1	remote/ncbi_reports/reports_05.json	58360374e91a4446728ca2fcdc930bf7111cf3b860a512bd1ac2f1a45dae5270
AimBeta_final_v1_20261002	include	passed_source_identity_taxonomy_QC	research_catalog	GCF_037909675.1	GCA_037909675.1	SB060	ISOLATE_SAMN21582170	SAMN21582170	PRJNA549513	unknown	resected colorectal tumor	Homo sapiens	missing	unknown	unknown	unknown	none	false	catalog inclusion does not establish donor independence or comparable CRC/control design; published blood series only scoped exploration	cultured_isolate_supported	BioProject=Bacterial species cultivated from multiple sites across the human microbiota (oral, nasal, skin, gastrointestinal tract, reproductive tract). | 	https://www.ncbi.nlm.nih.gov/biosample/SAMN21582170;https://www.ncbi.nlm.nih.gov/bioproject/PRJNA549513	Traceable named isolate submission; source reviewed; no unresolved collision within frozen input; independent donor not inferred	ISOLATE_SAMN21582170	SEQ_383217c29e609577	383217c29e609577aeb2820158a8c74be0c7b2d7b968c732699136ed6b46879f	Fusobacterium animalis	Fusobacterium animalis	76859	Fusobacterium animalis	Fa	accepted	GCA_056823795.1	96.45	83.76	70.01	3.24	skani 0.3.2 --medium; ANI>=95%, both AF>=65%; Bf divisions separate; anomalous Pm independently checked with bidirectional fastANI	fdeb8d7a108620392c36af15a1ee217210c8ba681638aa6865dca3d6eba5f3fd	../../remote/taxonomy/ani_to_refs.tsv	CheckM2 1.1.0	CheckM2 1.1.0; uniref100.KO.1.dmnd; sha256:1b86ef3eac0813c1853f53182c17657045e3763d66f384ec95747261a63ae46f	100.0	0.05	strict_95_2	1	2142132	2142132	0	Complete Genome	no_general_contig_count_exclusion; local_element_absence_requires_separate_assessment	/srv/CRC-PHIRE/projects/crc-pipeline/results/aimbeta_panel_freeze_20261002/final_genomes/GCF_037909675.1.fna	/srv/CRC-PHIRE/scratch/crc-phage/aimbeta_panel_freeze_20261002/fasta/GCF_037909675.1.fna	8cd4875ad0a34f5bc14d8b79a47b61eddb43b873c4cb554d19bd6aa706c56d9e	exact_accession_cache	official_accession_version_and_BioSample_and_sequence_total_length_match	true	NA	2026-10-02	fd7cd683b937cce7290d478a2198e3b104d136176bcf9aef7df7d99028de5751	GCF_037909675.1	remote/ncbi_reports/reports_05.json	58360374e91a4446728ca2fcdc930bf7111cf3b860a512bd1ac2f1a45dae5270
AimBeta_final_v1_20261002	include	passed_source_identity_taxonomy_QC	research_catalog	GCF_037908355.1	GCA_037908355.1	SB061	ISOLATE_SAMN21582171	SAMN21582171	PRJNA549513	unknown	resected colorectal tumor	Homo sapiens	missing	unknown	unknown	unknown	none	false	catalog inclusion does not establish donor independence or comparable CRC/control design; published blood series only scoped exploration	cultured_isolate_supported	BioProject=Bacterial species cultivated from multiple sites across the human microbiota (oral, nasal, skin, gastrointestinal tract, reproductive tract). | 	https://www.ncbi.nlm.nih.gov/biosample/SAMN21582171;https://www.ncbi.nlm.nih.gov/bioproject/PRJNA549513	Traceable named isolate submission; source reviewed; no unresolved collision within frozen input; independent donor not inferred	ISOLATE_SAMN21582171	SEQ_fe8e67a6ad8edfd8	fe8e67a6ad8edfd8e66655784b603a29db89721c431cb076a37c01d507dda2b3	Fusobacterium animalis	Fusobacterium animalis	76859	Fusobacterium animalis	Fa	accepted	GCA_056823795.1	96.58	77.62	69.44	3.15	skani 0.3.2 --medium; ANI>=95%, both AF>=65%; Bf divisions separate; anomalous Pm independently checked with bidirectional fastANI	fdeb8d7a108620392c36af15a1ee217210c8ba681638aa6865dca3d6eba5f3fd	../../remote/taxonomy/ani_to_refs.tsv	CheckM2 1.1.0	CheckM2 1.1.0; uniref100.KO.1.dmnd; sha256:1b86ef3eac0813c1853f53182c17657045e3763d66f384ec95747261a63ae46f	100.0	0.26	strict_95_2	1	2292958	2292958	0	Complete Genome	no_general_contig_count_exclusion; local_element_absence_requires_separate_assessment	/srv/CRC-PHIRE/projects/crc-pipeline/results/aimbeta_panel_freeze_20261002/final_genomes/GCF_037908355.1.fna	/srv/CRC-PHIRE/scratch/crc-phage/aimbeta_panel_freeze_20261002/fasta/GCF_037908355.1.fna	2cc98a32835229d1c9eca3c98fe2f55cbab2c74335476044646f675088105efc	exact_accession_cache	official_accession_version_and_BioSample_and_sequence_total_length_match	true	NA	2026-10-02	fd7cd683b937cce7290d478a2198e3b104d136176bcf9aef7df7d99028de5751	GCF_037908355.1	remote/ncbi_reports/reports_05.json	58360374e91a4446728ca2fcdc930bf7111cf3b860a512bd1ac2f1a45dae5270
AimBeta_final_v1_20261002	include	passed_source_identity_taxonomy_QC	research_catalog	GCF_037907055.1	GCA_037907055.1	SB062	ISOLATE_SAMN21582172	SAMN21582172	PRJNA549513	unknown	resected colorectal tumor	Homo sapiens	missing	unknown	unknown	unknown	none	false	catalog inclusion does not establish donor independence or comparable CRC/control design; published blood series only scoped exploration	cultured_isolate_supported	BioProject=Bacterial species cultivated from multiple sites across the human microbiota (oral, nasal, skin, gastrointestinal tract, reproductive tract). | 	https://www.ncbi.nlm.nih.gov/biosample/SAMN21582172;https://www.ncbi.nlm.nih.gov/bioproject/PRJNA549513	Traceable named isolate submission; source reviewed; no unresolved collision within frozen input; independent donor not inferred	ISOLATE_SAMN21582172	SEQ_a02bca94fef18dd2	a02bca94fef18dd24f3132f141954a5f1f45d033b3f906e71c1a77988d1c36d9	Fusobacterium animalis	Fusobacterium animalis	76859	Fusobacterium animalis	Fa	accepted	GCA_056823795.1	96.58	77.77	69.53	3.15	skani 0.3.2 --medium; ANI>=95%, both AF>=65%; Bf divisions separate; anomalous Pm independently checked with bidirectional fastANI	fdeb8d7a108620392c36af15a1ee217210c8ba681638aa6865dca3d6eba5f3fd	../../remote/taxonomy/ani_to_refs.tsv	CheckM2 1.1.0	CheckM2 1.1.0; uniref100.KO.1.dmnd; sha256:1b86ef3eac0813c1853f53182c17657045e3763d66f384ec95747261a63ae46f	100.0	0.25	strict_95_2	1	2291394	2291394	0	Complete Genome	no_general_contig_count_exclusion; local_element_absence_requires_separate_assessment	/srv/CRC-PHIRE/projects/crc-pipeline/results/aimbeta_panel_freeze_20261002/final_genomes/GCF_037907055.1.fna	/srv/CRC-PHIRE/scratch/crc-phage/aimbeta_panel_freeze_20261002/fasta/GCF_037907055.1.fna	dd91680b9fa3d5da7fc6aee97a72b3608ce46d4a43d0ba2cae8c497794d72870	exact_accession_cache	official_accession_version_and_BioSample_and_sequence_total_length_match	true	NA	2026-10-02	fd7cd683b937cce7290d478a2198e3b104d136176bcf9aef7df7d99028de5751	GCF_037907055.1	remote/ncbi_reports/reports_05.json	58360374e91a4446728ca2fcdc930bf7111cf3b860a512bd1ac2f1a45dae5270
AimBeta_final_v1_20261002	include	passed_source_identity_taxonomy_QC	research_catalog	GCF_037906395.1	GCA_037906395.1	SB063	ISOLATE_SAMN21582178	SAMN21582178	PRJNA549513	unknown	resected colorectal tumor	Homo sapiens	missing	unknown	unknown	unknown	none	false	catalog inclusion does not establish donor independence or comparable CRC/control design; published blood series only scoped exploration	cultured_isolate_supported	BioProject=Bacterial species cultivated from multiple sites across the human microbiota (oral, nasal, skin, gastrointestinal tract, reproductive tract). | 	https://www.ncbi.nlm.nih.gov/biosample/SAMN21582178;https://www.ncbi.nlm.nih.gov/bioproject/PRJNA549513	Traceable named isolate submission; source reviewed; no unresolved collision within frozen input; independent donor not inferred	ISOLATE_SAMN21582178	SEQ_51500f6699d34855	51500f6699d34855ea883de84804cf1b4835e299f008a9f902cd28da89b47409	Fusobacterium animalis	Fusobacterium animalis	76859	Fusobacterium animalis	Fa	accepted	GCA_056823795.1	96.58	80.9	69.05	3.13	skani 0.3.2 --medium; ANI>=95%, both AF>=65%; Bf divisions separate; anomalous Pm independently checked with bidirectional fastANI	fdeb8d7a108620392c36af15a1ee217210c8ba681638aa6865dca3d6eba5f3fd	../../remote/taxonomy/ani_to_refs.tsv	CheckM2 1.1.0	CheckM2 1.1.0; uniref100.KO.1.dmnd; sha256:1b86ef3eac0813c1853f53182c17657045e3763d66f384ec95747261a63ae46f	100.0	0.14	strict_95_2	1	2187441	2187441	0	Complete Genome	no_general_contig_count_exclusion; local_element_absence_requires_separate_assessment	/srv/CRC-PHIRE/projects/crc-pipeline/results/aimbeta_panel_freeze_20261002/final_genomes/GCF_037906395.1.fna	/srv/CRC-PHIRE/scratch/crc-phage/aimbeta_panel_freeze_20261002/fasta/GCF_037906395.1.fna	ef0ad3d835b6c869fdd67a3e515f84df661f306b1d702b4920747b78a95af90a	exact_accession_cache	official_accession_version_and_BioSample_and_sequence_total_length_match	true	NA	2026-10-02	fd7cd683b937cce7290d478a2198e3b104d136176bcf9aef7df7d99028de5751	GCF_037906395.1	remote/ncbi_reports/reports_05.json	58360374e91a4446728ca2fcdc930bf7111cf3b860a512bd1ac2f1a45dae5270
AimBeta_final_v1_20261002	include	passed_source_identity_taxonomy_QC	research_catalog	GCF_037578025.1	GCA_037578025.1	SB067	ISOLATE_SAMN22215920	SAMN22215920	PRJNA549513	unknown	resected colorectal tumor	Homo sapiens	missing	unknown	unknown	unknown	none	false	catalog inclusion does not establish donor independence or comparable CRC/control design; published blood series only scoped exploration	cultured_isolate_supported	BioProject=Bacterial species cultivated from multiple sites across the human microbiota (oral, nasal, skin, gastrointestinal tract, reproductive tract). | 	https://www.ncbi.nlm.nih.gov/biosample/SAMN22215920;https://www.ncbi.nlm.nih.gov/bioproject/PRJNA549513	Traceable named isolate submission; source reviewed; no unresolved collision within frozen input; independent donor not inferred	ISOLATE_SAMN22215920	SEQ_78cc5a3453a1e2e9	78cc5a3453a1e2e93e1034f614149afada31a4ec862405613c617edb9b652278	Fusobacterium nucleatum	Fusobacterium nucleatum	851	Fusobacterium animalis	Fa	accepted	GCA_056823795.1	96.58	74.36	71.86	3.83	skani 0.3.2 --medium; ANI>=95%, both AF>=65%; Bf divisions separate; anomalous Pm independently checked with bidirectional fastANI	fdeb8d7a108620392c36af15a1ee217210c8ba681638aa6865dca3d6eba5f3fd	../../remote/taxonomy/ani_to_refs.tsv	CheckM2 1.1.0	CheckM2 1.1.0; uniref100.KO.1.dmnd; sha256:1b86ef3eac0813c1853f53182c17657045e3763d66f384ec95747261a63ae46f	99.99	0.46	strict_95_2	4	1677481	2476946	0	Contig	no_general_contig_count_exclusion; local_element_absence_requires_separate_assessment	/srv/CRC-PHIRE/projects/crc-pipeline/results/aimbeta_panel_freeze_20261002/final_genomes/GCF_037578025.1.fna	/srv/CRC-PHIRE/scratch/crc-phage/aimbeta_panel_freeze_20261002/fasta/GCF_037578025.1.fna	32946c77b2dc286a83069e519792e82ba78ff5819dfdeb1f2a611a60223e60b9	exact_accession_cache	official_accession_version_and_BioSample_and_sequence_total_length_match	true	NA	2026-10-02	fd7cd683b937cce7290d478a2198e3b104d136176bcf9aef7df7d99028de5751	GCF_037578025.1	remote/ncbi_reports/reports_05.json	58360374e91a4446728ca2fcdc930bf7111cf3b860a512bd1ac2f1a45dae5270
AimBeta_final_v1_20261002	include	passed_source_identity_taxonomy_QC	research_catalog	GCF_019552125.1	GCA_019552125.1	THCT5A4	ISOLATE_SAMN18042963	SAMN18042963	PRJNA704481	unknown	Gut	Homo sapiens	China: Shanghai	unknown	unknown	unknown	none	false	catalog inclusion does not establish donor independence or comparable CRC/control design; published blood series only scoped exploration	cultured_isolate_supported	BioProject=Sequencing of Fusobacterium isolated from colorectal cancer tissues | 	https://www.ncbi.nlm.nih.gov/biosample/SAMN18042963;https://www.ncbi.nlm.nih.gov/bioproject/PRJNA704481	Traceable named isolate submission; source reviewed; no unresolved collision within frozen input; independent donor not inferred	ISOLATE_SAMN18042963	SEQ_54ebaeb8fbe73ddd	54ebaeb8fbe73ddd767146cefbfd2ac30e09186eddea94c126923e615aba3ce2	Fusobacterium animalis	Fusobacterium animalis	76859	Fusobacterium animalis	Fa	accepted	GCA_056823795.1	96.58	80.58	78.31	3.5	skani 0.3.2 --medium; ANI>=95%, both AF>=65%; Bf divisions separate; anomalous Pm independently checked with bidirectional fastANI	fdeb8d7a108620392c36af15a1ee217210c8ba681638aa6865dca3d6eba5f3fd	../../remote/taxonomy/ani_to_refs.tsv	CheckM2 1.1.0	CheckM2 1.1.0; uniref100.KO.1.dmnd; sha256:1b86ef3eac0813c1853f53182c17657045e3763d66f384ec95747261a63ae46f	100.0	0.2	strict_95_2	1	2490990	2490990	0	Complete Genome	no_general_contig_count_exclusion; local_element_absence_requires_separate_assessment	/srv/CRC-PHIRE/projects/crc-pipeline/results/aimbeta_panel_freeze_20261002/final_genomes/GCF_019552125.1.fna	/srv/CRC-PHIRE/scratch/crc-phage/aimbeta_panel_freeze_20261002/fasta/GCF_019552125.1.fna	41a2164922a4eff07b72ef9656e5115f57fe2d881c33159b7fad7db305d0b650	exact_accession_cache	official_accession_version_and_BioSample_and_sequence_total_length_match	true	NA	2026-10-02	fd7cd683b937cce7290d478a2198e3b104d136176bcf9aef7df7d99028de5751	GCF_019552125.1	remote/ncbi_reports/reports_04.json	2ace3e6d68d38989c42086e880c77d4ef2403275ed5af712fff6717e317e174b
AimBeta_final_v1_20261002	include	passed_source_identity_taxonomy_QC	research_catalog	GCF_019552105.1	GCA_019552105.1	THCT6B3	ISOLATE_SAMN18042964	SAMN18042964	PRJNA704481	unknown	Gut	Homo sapiens	China: Shanghai	unknown	unknown	unknown	none	false	catalog inclusion does not establish donor independence or comparable CRC/control design; published blood series only scoped exploration	cultured_isolate_supported	BioProject=Sequencing of Fusobacterium isolated from colorectal cancer tissues | 	https://www.ncbi.nlm.nih.gov/biosample/SAMN18042964;https://www.ncbi.nlm.nih.gov/bioproject/PRJNA704481	Traceable named isolate submission; source reviewed; no unresolved collision within frozen input; independent donor not inferred	ISOLATE_SAMN18042964	SEQ_e9c034ad8b306130	e9c034ad8b3061304fd1e7411e6ed2e8ce8bef8aeda69b595e91649b4853e809	Fusobacterium animalis	Fusobacterium animalis	76859	Fusobacterium animalis	Fa	accepted	GCA_056823795.1	96.45	81.58	72.21	3.47	skani 0.3.2 --medium; ANI>=95%, both AF>=65%; Bf divisions separate; anomalous Pm independently checked with bidirectional fastANI	fdeb8d7a108620392c36af15a1ee217210c8ba681638aa6865dca3d6eba5f3fd	../../remote/taxonomy/ani_to_refs.tsv	CheckM2 1.1.0	CheckM2 1.1.0; uniref100.KO.1.dmnd; sha256:1b86ef3eac0813c1853f53182c17657045e3763d66f384ec95747261a63ae46f	100.0	0.09	strict_95_2	1	2268559	2268559	0	Complete Genome	no_general_contig_count_exclusion; local_element_absence_requires_separate_assessment	/srv/CRC-PHIRE/projects/crc-pipeline/results/aimbeta_panel_freeze_20261002/final_genomes/GCF_019552105.1.fna	/srv/CRC-PHIRE/scratch/crc-phage/aimbeta_panel_freeze_20261002/fasta/GCF_019552105.1.fna	d329b6ad481640498647ceabe45bd300cc8646f4c5e236685423f184f4812cb3	exact_accession_cache	official_accession_version_and_BioSample_and_sequence_total_length_match	true	NA	2026-10-02	fd7cd683b937cce7290d478a2198e3b104d136176bcf9aef7df7d99028de5751	GCF_019552105.1	remote/ncbi_reports/reports_04.json	2ace3e6d68d38989c42086e880c77d4ef2403275ed5af712fff6717e317e174b
AimBeta_final_v1_20261002	include	passed_source_identity_taxonomy_QC	research_catalog	GCF_019552085.1	GCA_019552085.1	THCT7A2	ISOLATE_SAMN18042965	SAMN18042965	PRJNA704481	unknown	Gut	Homo sapiens	China: Shanghai	unknown	unknown	unknown	none	false	catalog inclusion does not establish donor independence or comparable CRC/control design; published blood series only scoped exploration	cultured_isolate_supported	BioProject=Sequencing of Fusobacterium isolated from colorectal cancer tissues | 	https://www.ncbi.nlm.nih.gov/biosample/SAMN18042965;https://www.ncbi.nlm.nih.gov/bioproject/PRJNA704481	Traceable named isolate submission; source reviewed; no unresolved collision within frozen input; independent donor not inferred	ISOLATE_SAMN18042965	SEQ_4f50ffe59c81aba3	4f50ffe59c81aba334d777e459d1f564ce49aa01800918708de9d83b38d9e700	Fusobacterium animalis	Fusobacterium animalis	76859	Fusobacterium animalis	Fa	accepted	GCA_056823795.1	95.83	77.33	75.89	2.62	skani 0.3.2 --medium; ANI>=95%, both AF>=65%; Bf divisions separate; anomalous Pm independently checked with bidirectional fastANI	fdeb8d7a108620392c36af15a1ee217210c8ba681638aa6865dca3d6eba5f3fd	../../remote/taxonomy/ani_to_refs.tsv	CheckM2 1.1.0	CheckM2 1.1.0; uniref100.KO.1.dmnd; sha256:1b86ef3eac0813c1853f53182c17657045e3763d66f384ec95747261a63ae46f	100.0	0.08	strict_95_2	1	2515153	2515153	0	Complete Genome	no_general_contig_count_exclusion; local_element_absence_requires_separate_assessment	/srv/CRC-PHIRE/projects/crc-pipeline/results/aimbeta_panel_freeze_20261002/final_genomes/GCF_019552085.1.fna	/srv/CRC-PHIRE/scratch/crc-phage/aimbeta_panel_freeze_20261002/fasta/GCF_019552085.1.fna	9a5068a67b40d58ee68a8a5ef82e4a59d73dac100bb7872964103d5fb210b72c	exact_accession_cache	official_accession_version_and_BioSample_and_sequence_total_length_match	true	NA	2026-10-02	fd7cd683b937cce7290d478a2198e3b104d136176bcf9aef7df7d99028de5751	GCF_019552085.1	remote/ncbi_reports/reports_04.json	2ace3e6d68d38989c42086e880c77d4ef2403275ed5af712fff6717e317e174b
AimBeta_final_v1_20261002	include	passed_source_identity_taxonomy_QC	research_catalog	GCF_002884895.1	GCA_002884895.1	UMB0249	ISOLATE_SAMN07511405	SAMN07511405	PRJNA316969	unknown	catheter	Homo sapiens	USA: Maywood, IL	unknown	unknown	unknown	none	false	catalog inclusion does not establish donor independence or comparable CRC/control design; published blood series only scoped exploration	cultured_isolate_supported	NCBI MIGS cultured bacteria package=MIGS.ba.host-associated.6.0 | isolation/growth reference=24371246	https://www.ncbi.nlm.nih.gov/biosample/SAMN07511405	Traceable named isolate submission; source reviewed; no unresolved collision within frozen input; independent donor not inferred	ISOLATE_SAMN07511405	SEQ_e432642ef2b7f2cf	e432642ef2b7f2cf3f6a142e217de2e827803492fb5675e7848926b23d2eabd5	Fusobacterium nucleatum	Fusobacterium nucleatum	851	Fusobacterium animalis	Fa	accepted	GCA_056823795.1	95.83	78.86	75.53	2.78	skani 0.3.2 --medium; ANI>=95%, both AF>=65%; Bf divisions separate; anomalous Pm independently checked with bidirectional fastANI	fdeb8d7a108620392c36af15a1ee217210c8ba681638aa6865dca3d6eba5f3fd	../../remote/taxonomy/ani_to_refs.tsv	CheckM2 1.1.0	CheckM2 1.1.0; uniref100.KO.1.dmnd; sha256:1b86ef3eac0813c1853f53182c17657045e3763d66f384ec95747261a63ae46f	100.0	0.39	strict_95_2	27	294517	2455598	196	Scaffold	no_general_contig_count_exclusion; local_element_absence_requires_separate_assessment	/srv/CRC-PHIRE/projects/crc-pipeline/results/aimbeta_panel_freeze_20261002/final_genomes/GCF_002884895.1.fna	/srv/CRC-PHIRE/scratch/crc-phage/aimbeta_panel_freeze_20261002/fasta/GCF_002884895.1.fna	d2753c4bd151f77989911e29d1b311f70de27f051f6db44011194aecb1a5d52e	exact_accession_cache	official_accession_version_and_BioSample_and_sequence_total_length_match	true	NA	2026-10-02	fd7cd683b937cce7290d478a2198e3b104d136176bcf9aef7df7d99028de5751	GCF_002884895.1	remote/ncbi_reports/reports_04.json	2ace3e6d68d38989c42086e880c77d4ef2403275ed5af712fff6717e317e174b
AimBeta_final_v1_20261002	include	passed_source_identity_taxonomy_QC	research_catalog	GCF_023383545.1	GCA_023383545.1	YWH7053	ISOLATE_SAMN07819092	SAMN07819092	PRJNA219457	unknown	placenta	Homo sapiens	USA: OH	unknown	unknown	unknown	none	false	catalog inclusion does not establish donor independence or comparable CRC/control design; published blood series only scoped exploration	cultured_isolate_supported	BioProject=Fusobacterium nucleatum YWH7053 Genome sequencing and assembly | Genome sequence of Fusobacterium nucleatum strain YWH7053 isolated from placenta.	https://www.ncbi.nlm.nih.gov/biosample/SAMN07819092;https://www.ncbi.nlm.nih.gov/bioproject/PRJNA219457	Traceable named isolate submission; source reviewed; no unresolved collision within frozen input; independent donor not inferred	ISOLATE_SAMN07819092	SEQ_fe4c24cfc0cd3adf	fe4c24cfc0cd3adf01526d33cba4a83ff7051e3769c2e2204ca115651df38322	Fusobacterium nucleatum YWH7053	Fusobacterium nucleatum YWH7053	1402202	Fusobacterium animalis	Fa	accepted	GCA_056823795.1	95.59	73.54	67.61	2.53	skani 0.3.2 --medium; ANI>=95%, both AF>=65%; Bf divisions separate; anomalous Pm independently checked with bidirectional fastANI	fdeb8d7a108620392c36af15a1ee217210c8ba681638aa6865dca3d6eba5f3fd	../../remote/taxonomy/ani_to_refs.tsv	CheckM2 1.1.0	CheckM2 1.1.0; uniref100.KO.1.dmnd; sha256:1b86ef3eac0813c1853f53182c17657045e3763d66f384ec95747261a63ae46f	100.0	0.09	strict_95_2	291	18669	2373650	0	Contig	no_general_contig_count_exclusion; local_element_absence_requires_separate_assessment	/srv/CRC-PHIRE/projects/crc-pipeline/results/aimbeta_panel_freeze_20261002/final_genomes/GCF_023383545.1.fna	/srv/CRC-PHIRE/scratch/crc-phage/aimbeta_panel_freeze_20261002/fasta/GCF_023383545.1.fna	7be06fabf12a1abdda90a11ecfcc47e11c68fe87c759acb309fd9f32eebf2968	exact_accession_cache	official_accession_version_and_BioSample_and_sequence_total_length_match	true	NA	2026-10-02	fd7cd683b937cce7290d478a2198e3b104d136176bcf9aef7df7d99028de5751	GCF_023383545.1	remote/ncbi_reports/reports_04.json	2ace3e6d68d38989c42086e880c77d4ef2403275ed5af712fff6717e317e174b
AimBeta_final_v1_20261002	include	passed_source_identity_taxonomy_QC	research_catalog	GCF_023383525.1	GCA_023383525.1	YWH7054	ISOLATE_SAMN07819091	SAMN07819091	PRJNA219458	unknown	placenta	Homo sapiens	USA: OH	unknown	unknown	unknown	none	false	catalog inclusion does not establish donor independence or comparable CRC/control design; published blood series only scoped exploration	cultured_isolate_supported	BioProject=Fusobacterium nucleatum YWH7054 Genome sequencing and assembly | Genome sequence of Fusobacterium nucleatum strain YWH7054 isolated from placenta.	https://www.ncbi.nlm.nih.gov/biosample/SAMN07819091;https://www.ncbi.nlm.nih.gov/bioproject/PRJNA219458	Traceable named isolate submission; source reviewed; no unresolved collision within frozen input; independent donor not inferred	ISOLATE_SAMN07819091	SEQ_9abeefc59c1fab4a	9abeefc59c1fab4ac4ac03b2461068928eac674cc571be271ff1bf9a3cee37af	Fusobacterium nucleatum YWH7054	Fusobacterium nucleatum YWH7054	1402203	Fusobacterium animalis	Fa	accepted	GCA_056823795.1	95.73	75.14	67.99	2.85	skani 0.3.2 --medium; ANI>=95%, both AF>=65%; Bf divisions separate; anomalous Pm independently checked with bidirectional fastANI	fdeb8d7a108620392c36af15a1ee217210c8ba681638aa6865dca3d6eba5f3fd	../../remote/taxonomy/ani_to_refs.tsv	CheckM2 1.1.0	CheckM2 1.1.0; uniref100.KO.1.dmnd; sha256:1b86ef3eac0813c1853f53182c17657045e3763d66f384ec95747261a63ae46f	100.0	0.08	strict_95_2	286	17829	2335092	0	Contig	no_general_contig_count_exclusion; local_element_absence_requires_separate_assessment	/srv/CRC-PHIRE/projects/crc-pipeline/results/aimbeta_panel_freeze_20261002/final_genomes/GCF_023383525.1.fna	/srv/CRC-PHIRE/scratch/crc-phage/aimbeta_panel_freeze_20261002/fasta/GCF_023383525.1.fna	716ade1ff1432a722ddfbee1fa949be6cc7ace0f49d52d6f27c629757bc445c3	exact_accession_cache	official_accession_version_and_BioSample_and_sequence_total_length_match	true	NA	2026-10-02	fd7cd683b937cce7290d478a2198e3b104d136176bcf9aef7df7d99028de5751	GCF_023383525.1	remote/ncbi_reports/reports_04.json	2ace3e6d68d38989c42086e880c77d4ef2403275ed5af712fff6717e317e174b
AimBeta_final_v1_20261002	include	passed_source_identity_taxonomy_QC	research_catalog	GCF_023383575.1	GCA_023383575.1	YWH7055	ISOLATE_SAMN07819090	SAMN07819090	PRJNA219459	unknown	amniotic fluid	Homo sapiens	USA: OH	unknown	unknown	unknown	none	false	catalog inclusion does not establish donor independence or comparable CRC/control design; published blood series only scoped exploration	cultured_isolate_supported	BioProject=Fusobacterium nucleatum YWH7055 Genome sequencing and assembly | Genome sequence of Fusobacterium nucleatum strain YWH7055 isolated from amniotic fluid.	https://www.ncbi.nlm.nih.gov/biosample/SAMN07819090;https://www.ncbi.nlm.nih.gov/bioproject/PRJNA219459	Traceable named isolate submission; source reviewed; no unresolved collision within frozen input; independent donor not inferred	ISOLATE_SAMN07819090	SEQ_805437d91a596a7c	805437d91a596a7ce8a6ba9484f5ea128367e18d2805ac69300d74a044e4683d	Fusobacterium nucleatum YWH7055	Fusobacterium nucleatum YWH7055	1402204	Fusobacterium animalis	Fa	accepted	GCA_056823795.1	96.6	78.62	67.47	3.4	skani 0.3.2 --medium; ANI>=95%, both AF>=65%; Bf divisions separate; anomalous Pm independently checked with bidirectional fastANI	fdeb8d7a108620392c36af15a1ee217210c8ba681638aa6865dca3d6eba5f3fd	../../remote/taxonomy/ani_to_refs.tsv	CheckM2 1.1.0	CheckM2 1.1.0; uniref100.KO.1.dmnd; sha256:1b86ef3eac0813c1853f53182c17657045e3763d66f384ec95747261a63ae46f	100.0	0.07	strict_95_2	165	24762	2204243	0	Contig	no_general_contig_count_exclusion; local_element_absence_requires_separate_assessment	/srv/CRC-PHIRE/projects/crc-pipeline/results/aimbeta_panel_freeze_20261002/final_genomes/GCF_023383575.1.fna	/srv/CRC-PHIRE/scratch/crc-phage/aimbeta_panel_freeze_20261002/fasta/GCF_023383575.1.fna	ef651711ffaa910aafb43c5554e681e3fb8c5f23c76ad0904029eadd0619d727	exact_accession_cache	official_accession_version_and_BioSample_and_sequence_total_length_match	true	NA	2026-10-02	fd7cd683b937cce7290d478a2198e3b104d136176bcf9aef7df7d99028de5751	GCF_023383575.1	remote/ncbi_reports/reports_04.json	2ace3e6d68d38989c42086e880c77d4ef2403275ed5af712fff6717e317e174b
AimBeta_final_v1_20261002	include	passed_source_identity_taxonomy_QC	research_catalog	GCF_023383605.1	GCA_023383605.1	YWH7056	ISOLATE_SAMN07819094	SAMN07819094	PRJNA219460	unknown	placenta	Homo sapiens	USA: OH	unknown	unknown	unknown	none	false	catalog inclusion does not establish donor independence or comparable CRC/control design; published blood series only scoped exploration	cultured_isolate_supported	BioProject=Fusobacterium nucleatum YWH7056 Genome sequencing and assembly | Genome sequence of Fusobacterium nucleatum strain YWH7056 isolated from placenta.	https://www.ncbi.nlm.nih.gov/biosample/SAMN07819094;https://www.ncbi.nlm.nih.gov/bioproject/PRJNA219460	Traceable named isolate submission; source reviewed; no unresolved collision within frozen input; independent donor not inferred	ISOLATE_SAMN07819094	SEQ_c35441cd9b3e1278	c35441cd9b3e12783aef29bce6f724318306115b175f4f855afd9cde0d2d8619	Fusobacterium nucleatum YWH7056	Fusobacterium nucleatum YWH7056	1402205	Fusobacterium animalis	Fa	accepted	GCA_056823795.1	95.57	75.31	67.42	2.75	skani 0.3.2 --medium; ANI>=95%, both AF>=65%; Bf divisions separate; anomalous Pm independently checked with bidirectional fastANI	fdeb8d7a108620392c36af15a1ee217210c8ba681638aa6865dca3d6eba5f3fd	../../remote/taxonomy/ani_to_refs.tsv	CheckM2 1.1.0	CheckM2 1.1.0; uniref100.KO.1.dmnd; sha256:1b86ef3eac0813c1853f53182c17657045e3763d66f384ec95747261a63ae46f	100.0	0.06	strict_95_2	279	17994	2311780	0	Contig	no_general_contig_count_exclusion; local_element_absence_requires_separate_assessment	/srv/CRC-PHIRE/projects/crc-pipeline/results/aimbeta_panel_freeze_20261002/final_genomes/GCF_023383605.1.fna	/srv/CRC-PHIRE/scratch/crc-phage/aimbeta_panel_freeze_20261002/fasta/GCF_023383605.1.fna	79a95cf6b4bade838ab671466e6fa8278f1540cd8e3d8cc262ffd9d393b57c6f	exact_accession_cache	official_accession_version_and_BioSample_and_sequence_total_length_match	true	NA	2026-10-02	fd7cd683b937cce7290d478a2198e3b104d136176bcf9aef7df7d99028de5751	GCF_023383605.1	remote/ncbi_reports/reports_04.json	2ace3e6d68d38989c42086e880c77d4ef2403275ed5af712fff6717e317e174b
AimBeta_final_v1_20261002	include	passed_source_identity_taxonomy_QC	research_catalog	GCF_023383645.1	GCA_023383645.1	YWH7199	ISOLATE_SAMN07819093	SAMN07819093	PRJNA219462	unknown	term stillborn infant	Homo sapiens	USA: OH	unknown	unknown	unknown	none	false	catalog inclusion does not establish donor independence or comparable CRC/control design; published blood series only scoped exploration	cultured_isolate_supported	BioProject=Fusobacterium nucleatum YWH7199 Genome sequencing and assembly | Genome sequence of Fusobacterium nucleatum strain YWH7199 isolated from stillborn infant	https://www.ncbi.nlm.nih.gov/biosample/SAMN07819093;https://www.ncbi.nlm.nih.gov/bioproject/PRJNA219462	Traceable named isolate submission; source reviewed; no unresolved collision within frozen input; independent donor not inferred	ISOLATE_SAMN07819093	SEQ_bdf8eed777737ca3	bdf8eed777737ca3caba09ee54f7fa33eda7d7ed42877d13b60f3dcca39a78f0	Fusobacterium nucleatum YWH7199	Fusobacterium nucleatum YWH7199	1402206	Fusobacterium animalis	Fa	accepted	GCA_056823795.1	95.88	73.16	66.36	2.82	skani 0.3.2 --medium; ANI>=95%, both AF>=65%; Bf divisions separate; anomalous Pm independently checked with bidirectional fastANI	fdeb8d7a108620392c36af15a1ee217210c8ba681638aa6865dca3d6eba5f3fd	../../remote/taxonomy/ani_to_refs.tsv	CheckM2 1.1.0	CheckM2 1.1.0; uniref100.KO.1.dmnd; sha256:1b86ef3eac0813c1853f53182c17657045e3763d66f384ec95747261a63ae46f	100.0	0.04	strict_95_2	276	21166	2342000	0	Contig	no_general_contig_count_exclusion; local_element_absence_requires_separate_assessment	/srv/CRC-PHIRE/projects/crc-pipeline/results/aimbeta_panel_freeze_20261002/final_genomes/GCF_023383645.1.fna	/srv/CRC-PHIRE/scratch/crc-phage/aimbeta_panel_freeze_20261002/fasta/GCF_023383645.1.fna	122d221a70f5303a4b567a7976875fb8f95f714e7452d72a863fe57b411ec658	exact_accession_cache	official_accession_version_and_BioSample_and_sequence_total_length_match	true	NA	2026-10-02	fd7cd683b937cce7290d478a2198e3b104d136176bcf9aef7df7d99028de5751	GCF_023383645.1	remote/ncbi_reports/reports_04.json	2ace3e6d68d38989c42086e880c77d4ef2403275ed5af712fff6717e317e174b
AimBeta_final_v1_20261002	include	passed_source_identity_taxonomy_QC	research_catalog	GCF_008633155.1	GCA_008633155.1	13-07-26	ISOLATE_SAMD00149547	SAMD00149547	PRJDB7095	unknown	pus	Homo sapiens	Japan:Hyougo, Himeji-city, National Hospital Organization Himeji Medical Center	unknown	unknown	unknown	none	false	catalog inclusion does not establish donor independence or comparable CRC/control design; published blood series only scoped exploration	cultured_isolate_supported	NCBI MIGS cultured bacteria package=MIGS.ba.human-associated.6.0 | project_name=Analysis of whole genome sequence collected from clinical isolate	https://www.ncbi.nlm.nih.gov/biosample/SAMD00149547;https://www.ncbi.nlm.nih.gov/bioproject/PRJDB7095	Traceable named isolate submission; source reviewed; no unresolved collision within frozen input; independent donor not inferred	ISOLATE_SAMD00149547	SEQ_326f31a1707278b5	326f31a1707278b5970bb84d36427dba7c0a9d71cf3d89a0f934b12fd2bfc56d	Parvimonas micra	Parvimonas micra	33033	Parvimonas micra	Pm	accepted	GCA_900637905.1	97.84	87.73	85.49	6.36	skani 0.3.2 --medium; ANI>=95%, both AF>=65%; Bf divisions separate; anomalous Pm independently checked with bidirectional fastANI	fdeb8d7a108620392c36af15a1ee217210c8ba681638aa6865dca3d6eba5f3fd	../../remote/taxonomy/ani_to_refs.tsv	CheckM2 1.1.0	CheckM2 1.1.0; uniref100.KO.1.dmnd; sha256:1b86ef3eac0813c1853f53182c17657045e3763d66f384ec95747261a63ae46f	98.56	0.68	strict_95_2	14	440314	1634483	419	Scaffold	no_general_contig_count_exclusion; local_element_absence_requires_separate_assessment	/srv/CRC-PHIRE/projects/crc-pipeline/results/aimbeta_panel_freeze_20261002/final_genomes/GCF_008633155.1.fna	/srv/CRC-PHIRE/scratch/crc-phage/aimbeta_panel_freeze_20261002/fasta/GCF_008633155.1.fna	730bd642f09c98558293a5b308c79f91649464305906b021b09150c85be09935	NCBI_Datasets_download	official_accession_version_and_BioSample_and_sequence_total_length_match	true	NA	2026-10-02	fd7cd683b937cce7290d478a2198e3b104d136176bcf9aef7df7d99028de5751	GCF_008633155.1	remote/ncbi_reports/reports_06.json	ba4b6fef68254676389bfcda535887695762ca551389eb78c13eac4ef48bd294
AimBeta_final_v1_20261002	include	passed_source_identity_taxonomy_QC	research_catalog	GCF_000493795.1	GCA_000493795.1	A293	ISOLATE_SAMN02471847	SAMN02471847	PRJNA222594	unknown	abdominal abscess	Homo sapiens	United Kingdom	unknown	unknown	unknown	none	false	catalog inclusion does not establish donor independence or comparable CRC/control design; published blood series only scoped exploration	cultured_isolate_supported	A293 isolate genome paper	https://www.ncbi.nlm.nih.gov/biosample/SAMN02471847;https://doi.org/10.1128/genomeA.01025-13	Traceable named isolate submission; source reviewed; no unresolved collision within frozen input; independent donor not inferred	ISOLATE_SAMN02471847	SEQ_864d7ecaebfe8ee6	864d7ecaebfe8ee62b5f9c1973440ab258c29c5b79546cb10e857fbb2b666312	Parvimonas micra A293	Parvimonas micra A293	1408286	Parvimonas micra	Pm	accepted	GCA_900637905.1	97.47	87.29	87.47	5.87	skani 0.3.2 --medium; ANI>=95%, both AF>=65%; Bf divisions separate; anomalous Pm independently checked with bidirectional fastANI	fdeb8d7a108620392c36af15a1ee217210c8ba681638aa6865dca3d6eba5f3fd	../../remote/taxonomy/ani_to_refs.tsv	CheckM2 1.1.0	CheckM2 1.1.0; uniref100.KO.1.dmnd; sha256:1b86ef3eac0813c1853f53182c17657045e3763d66f384ec95747261a63ae46f	98.95	0.77	strict_95_2	49	122624	1680794	26	Scaffold	no_general_contig_count_exclusion; local_element_absence_requires_separate_assessment	/srv/CRC-PHIRE/projects/crc-pipeline/results/aimbeta_panel_freeze_20261002/final_genomes/GCF_000493795.1.fna	/srv/CRC-PHIRE/scratch/crc-phage/aimbeta_panel_freeze_20261002/fasta/GCF_000493795.1.fna	ab4213ead59ccb5e19b14094f1a9efd474c13d8e388675d275a6e2d7225045d8	NCBI_Datasets_download	official_accession_version_and_BioSample_and_sequence_total_length_match	true	NA	2026-10-02	fd7cd683b937cce7290d478a2198e3b104d136176bcf9aef7df7d99028de5751	GCF_000493795.1	remote/ncbi_reports/reports_06.json	ba4b6fef68254676389bfcda535887695762ca551389eb78c13eac4ef48bd294
AimBeta_final_v1_20261002	include	passed_source_identity_taxonomy_QC	research_catalog	GCF_900637905.1	GCA_900637905.1	ATCC 33270 = NCTC 11808 = FDAARGOS_569	PM_TYPE_ATCC33270	SAMEA48415918	PRJEB6403	unknown	unknown	unknown	unknown	unknown	unknown	unknown	none	false	catalog inclusion does not establish donor independence or comparable CRC/control design; published blood series only scoped exploration	cultured_isolate_supported	culture_collection=NCTC:11808 | type-material=type strain of Peptostreptococcus micros	https://www.ncbi.nlm.nih.gov/biosample/SAMEA48415918	UKHSA NCTC11808 官方条目明确列出 ATCC33270 和 DSM20468 等价号。; https://www.culturecollections.org.uk/nop/product/parvimonas-micra;https://www.dsmz.de/collection/catalogue/details/culture/DSM-20468	PM_TYPE_ATCC33270	SEQ_37f9a6b0bb882c5c	37f9a6b0bb882c5c3cd4697d0dc8426ba4ff2c259b767bfa466add1678e4b892	Parvimonas micra	Parvimonas micra	33033	Parvimonas micra	Pm	accepted	GCA_900637905.1	100.0	100.0	100.0	8.5	skani 0.3.2 --medium; ANI>=95%, both AF>=65%; Bf divisions separate; anomalous Pm independently checked with bidirectional fastANI	fdeb8d7a108620392c36af15a1ee217210c8ba681638aa6865dca3d6eba5f3fd	../../remote/taxonomy/ani_to_refs.tsv	CheckM2 1.1.0	CheckM2 1.1.0; uniref100.KO.1.dmnd; sha256:1b86ef3eac0813c1853f53182c17657045e3763d66f384ec95747261a63ae46f	99.19	0.83	strict_95_2	1	1677398	1677398	0	Complete Genome	no_general_contig_count_exclusion; local_element_absence_requires_separate_assessment	/srv/CRC-PHIRE/projects/crc-pipeline/results/aimbeta_panel_freeze_20261002/final_genomes/GCF_900637905.1.fna	/srv/CRC-PHIRE/scratch/crc-phage/aimbeta_panel_freeze_20261002/fasta/GCF_900637905.1.fna	5ab15b3d145c2698031697c89b35e3188aa5af84099f48c1be131b85c7bd4a58	NCBI_Datasets_download	official_accession_version_and_BioSample_and_sequence_total_length_match	true	NA	2026-10-02	fd7cd683b937cce7290d478a2198e3b104d136176bcf9aef7df7d99028de5751	GCF_900637905.1	remote/ncbi_reports/reports_06.json	ba4b6fef68254676389bfcda535887695762ca551389eb78c13eac4ef48bd294
AimBeta_final_v1_20261002	include	passed_source_identity_taxonomy_QC	research_catalog	GCF_023148225.1	GCA_023148225.1	EYE_25	ISOLATE_SAMN19899803	SAMN19899803	PRJNA741708	unknown	ocular surface of healthy person	Homo sapiens	China:Shanxi	unknown	reported_healthy_no_CRC_screening_documented	https://doi.org/10.3389/fmicb.2022.950591	none	false	catalog inclusion does not establish donor independence or comparable CRC/control design; published blood series only scoped exploration	cultured_isolate_supported	NCBI MIGS cultured bacteria package=MIGS.ba.human-associated.6.0	https://www.ncbi.nlm.nih.gov/biosample/SAMN19899803	Traceable named isolate submission; source reviewed; no unresolved collision within frozen input; independent donor not inferred	ISOLATE_SAMN19899803	SEQ_ff8af1b2d1baeae9	ff8af1b2d1baeae9e912b649f9cbf338f491f2699ebd21c90f9f81606edec52a	Parvimonas micra	Parvimonas micra	33033	Parvimonas micra	Pm	accepted	GCA_900637905.1	97.76	87.37	86.36	6.23	skani 0.3.2 --medium; ANI>=95%, both AF>=65%; Bf divisions separate; anomalous Pm independently checked with bidirectional fastANI	fdeb8d7a108620392c36af15a1ee217210c8ba681638aa6865dca3d6eba5f3fd	../../remote/taxonomy/ani_to_refs.tsv	CheckM2 1.1.0	CheckM2 1.1.0; uniref100.KO.1.dmnd; sha256:1b86ef3eac0813c1853f53182c17657045e3763d66f384ec95747261a63ae46f	99.62	1.04	strict_95_2	17	225150	1658119	20	Scaffold	no_general_contig_count_exclusion; local_element_absence_requires_separate_assessment	/srv/CRC-PHIRE/projects/crc-pipeline/results/aimbeta_panel_freeze_20261002/final_genomes/GCF_023148225.1.fna	/srv/CRC-PHIRE/scratch/crc-phage/aimbeta_panel_freeze_20261002/fasta/GCF_023148225.1.fna	15ba34085c24401e7d6d0ee43ceeaa0735264d75f9343903e8f458892d5e832c	NCBI_Datasets_download	official_accession_version_and_BioSample_and_sequence_total_length_match	true	NA	2026-10-02	fd7cd683b937cce7290d478a2198e3b104d136176bcf9aef7df7d99028de5751	GCF_023148225.1	remote/ncbi_reports/reports_06.json	ba4b6fef68254676389bfcda535887695762ca551389eb78c13eac4ef48bd294
AimBeta_final_v1_20261002	include	passed_source_identity_taxonomy_QC	research_catalog	GCF_023148105.1	GCA_023148105.1	EYE_29	ISOLATE_SAMN19899807	SAMN19899807	PRJNA741708	unknown	ocular surface of healthy person	Homo sapiens	China:Shanxi	unknown	reported_healthy_no_CRC_screening_documented	https://doi.org/10.3389/fmicb.2022.950591	none	false	catalog inclusion does not establish donor independence or comparable CRC/control design; published blood series only scoped exploration	cultured_isolate_supported	NCBI MIGS cultured bacteria package=MIGS.ba.human-associated.6.0	https://www.ncbi.nlm.nih.gov/biosample/SAMN19899807	Traceable named isolate submission; source reviewed; no unresolved collision within frozen input; independent donor not inferred	ISOLATE_SAMN19899807	SEQ_85205592e7c92855	85205592e7c9285568daddcebd8d8cc00418ab94ae43f1a835d458530dcc817a	Parvimonas micra	Parvimonas micra	33033	Parvimonas micra	Pm	accepted	GCA_900637905.1	97.76	87.7	86.26	6.28	skani 0.3.2 --medium; ANI>=95%, both AF>=65%; Bf divisions separate; anomalous Pm independently checked with bidirectional fastANI	fdeb8d7a108620392c36af15a1ee217210c8ba681638aa6865dca3d6eba5f3fd	../../remote/taxonomy/ani_to_refs.tsv	CheckM2 1.1.0	CheckM2 1.1.0; uniref100.KO.1.dmnd; sha256:1b86ef3eac0813c1853f53182c17657045e3763d66f384ec95747261a63ae46f	99.59	1.01	strict_95_2	14	225150	1649822	10	Scaffold	no_general_contig_count_exclusion; local_element_absence_requires_separate_assessment	/srv/CRC-PHIRE/projects/crc-pipeline/results/aimbeta_panel_freeze_20261002/final_genomes/GCF_023148105.1.fna	/srv/CRC-PHIRE/scratch/crc-phage/aimbeta_panel_freeze_20261002/fasta/GCF_023148105.1.fna	9499f8841d1bd0f159930121135cab704b445722cb8489a7a55e18f787fd5c50	NCBI_Datasets_download	official_accession_version_and_BioSample_and_sequence_total_length_match	true	NA	2026-10-02	fd7cd683b937cce7290d478a2198e3b104d136176bcf9aef7df7d99028de5751	GCF_023148105.1	remote/ncbi_reports/reports_06.json	ba4b6fef68254676389bfcda535887695762ca551389eb78c13eac4ef48bd294
AimBeta_final_v1_20261002	include	passed_source_identity_taxonomy_QC	research_catalog	GCF_023148065.1	GCA_023148065.1	EYE_30	ISOLATE_SAMN19899808	SAMN19899808	PRJNA741708	unknown	ocular surface of healthy person	Homo sapiens	China:Shanxi	unknown	reported_healthy_no_CRC_screening_documented	https://doi.org/10.3389/fmicb.2022.950591	none	false	catalog inclusion does not establish donor independence or comparable CRC/control design; published blood series only scoped exploration	cultured_isolate_supported	NCBI MIGS cultured bacteria package=MIGS.ba.human-associated.6.0	https://www.ncbi.nlm.nih.gov/biosample/SAMN19899808	Traceable named isolate submission; source reviewed; no unresolved collision within frozen input; independent donor not inferred	ISOLATE_SAMN19899808	SEQ_30b3fe040fda3771	30b3fe040fda3771aacab1eee58e999644251c28be36c9cfbc0b0583490a3a4b	Parvimonas micra	Parvimonas micra	33033	Parvimonas micra	Pm	accepted	GCA_900637905.1	97.76	87.67	86.41	6.19	skani 0.3.2 --medium; ANI>=95%, both AF>=65%; Bf divisions separate; anomalous Pm independently checked with bidirectional fastANI	fdeb8d7a108620392c36af15a1ee217210c8ba681638aa6865dca3d6eba5f3fd	../../remote/taxonomy/ani_to_refs.tsv	CheckM2 1.1.0	CheckM2 1.1.0; uniref100.KO.1.dmnd; sha256:1b86ef3eac0813c1853f53182c17657045e3763d66f384ec95747261a63ae46f	99.62	0.99	strict_95_2	17	225150	1653180	10	Scaffold	no_general_contig_count_exclusion; local_element_absence_requires_separate_assessment	/srv/CRC-PHIRE/projects/crc-pipeline/results/aimbeta_panel_freeze_20261002/final_genomes/GCF_023148065.1.fna	/srv/CRC-PHIRE/scratch/crc-phage/aimbeta_panel_freeze_20261002/fasta/GCF_023148065.1.fna	a04990c35c5ec8ed28030ae6171f9f16660216366fef5278340c38f3b758cf01	NCBI_Datasets_download	official_accession_version_and_BioSample_and_sequence_total_length_match	true	NA	2026-10-02	fd7cd683b937cce7290d478a2198e3b104d136176bcf9aef7df7d99028de5751	GCF_023148065.1	remote/ncbi_reports/reports_06.json	ba4b6fef68254676389bfcda535887695762ca551389eb78c13eac4ef48bd294
AimBeta_final_v1_20261002	include	passed_source_identity_taxonomy_QC	research_catalog	GCF_023147965.1	GCA_023147965.1	EYE_66	ISOLATE_SAMN19899812	SAMN19899812	PRJNA741708	unknown	ocular surface of healthy person	Homo sapiens	China:Shanxi	unknown	reported_healthy_no_CRC_screening_documented	https://doi.org/10.3389/fmicb.2022.950591	none	false	catalog inclusion does not establish donor independence or comparable CRC/control design; published blood series only scoped exploration	cultured_isolate_supported	NCBI MIGS cultured bacteria package=MIGS.ba.human-associated.6.0	https://www.ncbi.nlm.nih.gov/biosample/SAMN19899812	Traceable named isolate submission; source reviewed; no unresolved collision within frozen input; independent donor not inferred	ISOLATE_SAMN19899812	SEQ_0de8d6bb2ae4492a	0de8d6bb2ae4492a1a390d3d4eeb50dcec1f18f5eead2fc8409b132df420b417	Parvimonas micra	Parvimonas micra	33033	Parvimonas micra	Pm	accepted	GCA_900637905.1	97.76	87.66	86.27	6.23	skani 0.3.2 --medium; ANI>=95%, both AF>=65%; Bf divisions separate; anomalous Pm independently checked with bidirectional fastANI	fdeb8d7a108620392c36af15a1ee217210c8ba681638aa6865dca3d6eba5f3fd	../../remote/taxonomy/ani_to_refs.tsv	CheckM2 1.1.0	CheckM2 1.1.0; uniref100.KO.1.dmnd; sha256:1b86ef3eac0813c1853f53182c17657045e3763d66f384ec95747261a63ae46f	99.62	0.99	strict_95_2	16	225150	1650841	0	Contig	no_general_contig_count_exclusion; local_element_absence_requires_separate_assessment	/srv/CRC-PHIRE/projects/crc-pipeline/results/aimbeta_panel_freeze_20261002/final_genomes/GCF_023147965.1.fna	/srv/CRC-PHIRE/scratch/crc-phage/aimbeta_panel_freeze_20261002/fasta/GCF_023147965.1.fna	88edc7a44c5f79a4219106b0e203cd4e11f4e32aa3bdd85df5e791d50c65e664	NCBI_Datasets_download	official_accession_version_and_BioSample_and_sequence_total_length_match	true	NA	2026-10-02	fd7cd683b937cce7290d478a2198e3b104d136176bcf9aef7df7d99028de5751	GCF_023147965.1	remote/ncbi_reports/reports_06.json	ba4b6fef68254676389bfcda535887695762ca551389eb78c13eac4ef48bd294
AimBeta_final_v1_20261002	include	passed_source_identity_taxonomy_QC	research_catalog	GCF_035282285.1	GCA_035282285.1	F13	ISOLATE_SAMN39058939	SAMN39058939	PRJNA1055608	unknown	unknown	Homo sapiens	missing	unknown	unknown	unknown	none	false	catalog inclusion does not establish donor independence or comparable CRC/control design; published blood series only scoped exploration	cultured_isolate_supported	NCBI MIGS cultured bacteria package=MIGS.ba.human-oral.6.0	https://www.ncbi.nlm.nih.gov/biosample/SAMN39058939	Traceable named isolate submission; source reviewed; no unresolved collision within frozen input; independent donor not inferred	ISOLATE_SAMN39058939	SEQ_e623a6026e5fa141	e623a6026e5fa141e9596d67f6ec0c3229a7ce2f70b1997b5640215399548049	Parvimonas micra	Parvimonas micra	33033	Parvimonas micra	Pm	accepted	GCA_900637905.1	97.74	90.28	88.53	6.28	skani 0.3.2 --medium; ANI>=95%, both AF>=65%; Bf divisions separate; anomalous Pm independently checked with bidirectional fastANI	fdeb8d7a108620392c36af15a1ee217210c8ba681638aa6865dca3d6eba5f3fd	../../remote/taxonomy/ani_to_refs.tsv	CheckM2 1.1.0	CheckM2 1.1.0; uniref100.KO.1.dmnd; sha256:1b86ef3eac0813c1853f53182c17657045e3763d66f384ec95747261a63ae46f	99.59	0.96	strict_95_2	403	293987	1740318	0	Contig	no_general_contig_count_exclusion; local_element_absence_requires_separate_assessment	/srv/CRC-PHIRE/projects/crc-pipeline/results/aimbeta_panel_freeze_20261002/final_genomes/GCF_035282285.1.fna	/srv/CRC-PHIRE/scratch/crc-phage/aimbeta_panel_freeze_20261002/fasta/GCF_035282285.1.fna	3ce6e07c20e8cdfcbbf912573e026de8091af6ed226d4961fb3898d13cb37375	NCBI_Datasets_download	official_accession_version_and_BioSample_and_sequence_total_length_match	true	NA	2026-10-02	fd7cd683b937cce7290d478a2198e3b104d136176bcf9aef7df7d99028de5751	GCF_035282285.1	remote/ncbi_reports/reports_07.json	67587dd3f3cbbff0070730b64c652cacda0127b7e78d013844374c09eed24440
AimBeta_final_v1_20261002	include	passed_source_identity_taxonomy_QC	research_catalog	GCF_035282305.1	GCA_035282305.1	F2	ISOLATE_SAMN39058938	SAMN39058938	PRJNA1055608	unknown	unknown	Homo sapiens	missing	unknown	unknown	unknown	none	false	catalog inclusion does not establish donor independence or comparable CRC/control design; published blood series only scoped exploration	cultured_isolate_supported	NCBI MIGS cultured bacteria package=MIGS.ba.human-oral.6.0	https://www.ncbi.nlm.nih.gov/biosample/SAMN39058938	Traceable named isolate submission; source reviewed; no unresolved collision within frozen input; independent donor not inferred	ISOLATE_SAMN39058938	SEQ_5bba5a3279dbcb87	5bba5a3279dbcb87ea8eedb41479a15f6e6baed947aa1fea8e674a0bee9db2fc	Parvimonas micra	Parvimonas micra	33033	Parvimonas micra	Pm	accepted	GCA_900637905.1	97.84	91.49	88.59	6.73	skani 0.3.2 --medium; ANI>=95%, both AF>=65%; Bf divisions separate; anomalous Pm independently checked with bidirectional fastANI	fdeb8d7a108620392c36af15a1ee217210c8ba681638aa6865dca3d6eba5f3fd	../../remote/taxonomy/ani_to_refs.tsv	CheckM2 1.1.0	CheckM2 1.1.0; uniref100.KO.1.dmnd; sha256:1b86ef3eac0813c1853f53182c17657045e3763d66f384ec95747261a63ae46f	99.44	0.96	strict_95_2	205	364516	1672964	0	Contig	no_general_contig_count_exclusion; local_element_absence_requires_separate_assessment	/srv/CRC-PHIRE/projects/crc-pipeline/results/aimbeta_panel_freeze_20261002/final_genomes/GCF_035282305.1.fna	/srv/CRC-PHIRE/scratch/crc-phage/aimbeta_panel_freeze_20261002/fasta/GCF_035282305.1.fna	68bbebd77ce40a87678ecf93414f25a92b6728861a700a67419b119e52d6d307	NCBI_Datasets_download	official_accession_version_and_BioSample_and_sequence_total_length_match	true	NA	2026-10-02	fd7cd683b937cce7290d478a2198e3b104d136176bcf9aef7df7d99028de5751	GCF_035282305.1	remote/ncbi_reports/reports_07.json	67587dd3f3cbbff0070730b64c652cacda0127b7e78d013844374c09eed24440
AimBeta_final_v1_20261002	include	passed_source_identity_taxonomy_QC	research_catalog	GCF_035282325.1	GCA_035282325.1	I4	ISOLATE_SAMN39058937	SAMN39058937	PRJNA1055608	unknown	unknown	Homo sapiens	missing	unknown	unknown	unknown	none	false	catalog inclusion does not establish donor independence or comparable CRC/control design; published blood series only scoped exploration	cultured_isolate_supported	NCBI MIGS cultured bacteria package=MIGS.ba.human-oral.6.0	https://www.ncbi.nlm.nih.gov/biosample/SAMN39058937	Traceable named isolate submission; source reviewed; no unresolved collision within frozen input; independent donor not inferred	ISOLATE_SAMN39058937	SEQ_2905ed8be3630f65	2905ed8be3630f656634022d628d71b3061cb31b6a5d2d2b46438863c39575c8	Parvimonas micra	Parvimonas micra	33033	Parvimonas micra	Pm	accepted	GCA_900637905.1	97.58	87.75	85.16	6.47	skani 0.3.2 --medium; ANI>=95%, both AF>=65%; Bf divisions separate; anomalous Pm independently checked with bidirectional fastANI	fdeb8d7a108620392c36af15a1ee217210c8ba681638aa6865dca3d6eba5f3fd	../../remote/taxonomy/ani_to_refs.tsv	CheckM2 1.1.0	CheckM2 1.1.0; uniref100.KO.1.dmnd; sha256:1b86ef3eac0813c1853f53182c17657045e3763d66f384ec95747261a63ae46f	99.69	1.83	strict_95_2	356	367582	1718535	0	Contig	no_general_contig_count_exclusion; local_element_absence_requires_separate_assessment	/srv/CRC-PHIRE/projects/crc-pipeline/results/aimbeta_panel_freeze_20261002/final_genomes/GCF_035282325.1.fna	/srv/CRC-PHIRE/scratch/crc-phage/aimbeta_panel_freeze_20261002/fasta/GCF_035282325.1.fna	0b66a1495c6110d83d7887c37169bd3450acadba73a2db4b389e704d4045139c	NCBI_Datasets_download	official_accession_version_and_BioSample_and_sequence_total_length_match	true	NA	2026-10-02	fd7cd683b937cce7290d478a2198e3b104d136176bcf9aef7df7d99028de5751	GCF_035282325.1	remote/ncbi_reports/reports_07.json	67587dd3f3cbbff0070730b64c652cacda0127b7e78d013844374c09eed24440
AimBeta_final_v1_20261002	include	passed_source_identity_taxonomy_QC	research_catalog	GCF_003454775.1	GCA_003454775.1	KCOM 1037	ISOLATE_SAMN09781070	SAMN09781070	PRJNA485032	unknown	Postoperative maxillary cyst	Homo sapiens	South Korea: Gwangju	unknown	unknown	unknown	none	false	catalog inclusion does not establish donor independence or comparable CRC/control design; published blood series only scoped exploration	cultured_isolate_supported	named strain in clinical/host-associated isolate submission; Postoperative maxillary cyst | culture_collection=KCOM:1037	https://www.ncbi.nlm.nih.gov/biosample/SAMN09781070	Traceable named isolate submission; source reviewed; no unresolved collision within frozen input; independent donor not inferred	ISOLATE_SAMN09781070	SEQ_856944ea416cc8f3	856944ea416cc8f31af393346525b1ef2f69c5e518eb7b6fab479884b5c098ba	Parvimonas micra	Parvimonas micra	33033	Parvimonas micra	Pm	accepted	GCA_900637905.1	97.84	86.12	85.32	6.45	skani 0.3.2 --medium; ANI>=95%, both AF>=65%; Bf divisions separate; anomalous Pm independently checked with bidirectional fastANI	fdeb8d7a108620392c36af15a1ee217210c8ba681638aa6865dca3d6eba5f3fd	../../remote/taxonomy/ani_to_refs.tsv	CheckM2 1.1.0	CheckM2 1.1.0; uniref100.KO.1.dmnd; sha256:1b86ef3eac0813c1853f53182c17657045e3763d66f384ec95747261a63ae46f	98.62	0.81	strict_95_2	1	1661863	1661863	0	Complete Genome	no_general_contig_count_exclusion; local_element_absence_requires_separate_assessment	/srv/CRC-PHIRE/projects/crc-pipeline/results/aimbeta_panel_freeze_20261002/final_genomes/GCF_003454775.1.fna	/srv/CRC-PHIRE/scratch/crc-phage/aimbeta_panel_freeze_20261002/fasta/GCF_003454775.1.fna	1d821f83d997635a496e9a5de5b7e8dcb1eb214e1fce2e8f89f0703e21df4f10	NCBI_Datasets_download	official_accession_version_and_BioSample_and_sequence_total_length_match	true	NA	2026-10-02	fd7cd683b937cce7290d478a2198e3b104d136176bcf9aef7df7d99028de5751	GCF_003454775.1	remote/ncbi_reports/reports_06.json	ba4b6fef68254676389bfcda535887695762ca551389eb78c13eac4ef48bd294
AimBeta_final_v1_20261002	include	passed_source_identity_taxonomy_QC	research_catalog	GCF_000800295.1	GCA_000800295.1	KCOM 1535 (=ChDC B708)	ISOLATE_SAMN03135876	SAMN03135876	PRJNA264589	unknown	periapical abscess	Homo sapiens	Korea: Gwangju	unknown	unknown	unknown	none	false	catalog inclusion does not establish donor independence or comparable CRC/control design; published blood series only scoped exploration	cultured_isolate_supported	NCBI MIGS cultured bacteria package=MIGS.ba.host-associated.6.0 | isolation/growth reference=Non	https://www.ncbi.nlm.nih.gov/biosample/SAMN03135876	Traceable named isolate submission; source reviewed; no unresolved collision within frozen input; independent donor not inferred	ISOLATE_SAMN03135876	SEQ_b5f0084ad8a605ea	b5f0084ad8a605eae0776fb268fa8e6fa2b1f6601c553317d592eb4e7d2ec174	Parvimonas micra	Parvimonas micra	33033	Parvimonas micra	Pm	accepted	GCA_900637905.1	97.3	89.29	86.61	5.7	skani 0.3.2 --medium; ANI>=95%, both AF>=65%; Bf divisions separate; anomalous Pm independently checked with bidirectional fastANI	fdeb8d7a108620392c36af15a1ee217210c8ba681638aa6865dca3d6eba5f3fd	../../remote/taxonomy/ani_to_refs.tsv	CheckM2 1.1.0	CheckM2 1.1.0; uniref100.KO.1.dmnd; sha256:1b86ef3eac0813c1853f53182c17657045e3763d66f384ec95747261a63ae46f	99.28	1.01	strict_95_2	1	1627009	1627009	0	Complete Genome	no_general_contig_count_exclusion; local_element_absence_requires_separate_assessment	/srv/CRC-PHIRE/projects/crc-pipeline/results/aimbeta_panel_freeze_20261002/final_genomes/GCF_000800295.1.fna	/srv/CRC-PHIRE/scratch/crc-phage/aimbeta_panel_freeze_20261002/fasta/GCF_000800295.1.fna	68aab531216cb84eb9a0ebc36bff2c9e7cb2c38d2ba64b3f49de2033be316e97	NCBI_Datasets_download	official_accession_version_and_BioSample_and_sequence_total_length_match	true	NA	2026-10-02	fd7cd683b937cce7290d478a2198e3b104d136176bcf9aef7df7d99028de5751	GCF_000800295.1	remote/ncbi_reports/reports_06.json	ba4b6fef68254676389bfcda535887695762ca551389eb78c13eac4ef48bd294
AimBeta_final_v1_20261002	include	passed_source_identity_taxonomy_QC	research_catalog	GCF_027475005.1	GCA_027475005.1	PM102KC-G-1	ISOLATE_SAMN29629862	SAMN29629862	PRJNA857572	unknown	gingival_crevicular_fluid	Homo sapiens	Spain: Galicia	CondePerez2024:P102	CRC_BioSample_documented	BioSample host_disease=Colorectal cancer	within_CRC_site_donor_descriptive	false	catalog inclusion does not establish donor independence or comparable CRC/control design; published blood series only scoped exploration	cultured_isolate_supported	original isolate paper sequence/BioSample/strain joined | named strain in clinical/host-associated isolate submission; Gingival crevicular fluid	https://www.ncbi.nlm.nih.gov/biosample/SAMN29629862;https://doi.org/10.1002/1878-0261.13506	Traceable named isolate submission; source reviewed; no unresolved collision within frozen input; independent donor not inferred	ISOLATE_SAMN29629862	SEQ_ecdf636e9e8729ff	ecdf636e9e8729ff157236ba47584ee57afcb63b6f4b60fb5d44ccea789c779d	Parvimonas micra	Parvimonas micra	33033	Parvimonas micra	Pm	accepted	GCA_900637905.1	97.69	85.13	87.98	6.09	skani 0.3.2 --medium; ANI>=95%, both AF>=65%; Bf divisions separate; anomalous Pm independently checked with bidirectional fastANI	fdeb8d7a108620392c36af15a1ee217210c8ba681638aa6865dca3d6eba5f3fd	../../remote/taxonomy/ani_to_refs.tsv	CheckM2 1.1.0	CheckM2 1.1.0; uniref100.KO.1.dmnd; sha256:1b86ef3eac0813c1853f53182c17657045e3763d66f384ec95747261a63ae46f	99.27	0.96	strict_95_2	1	1733605	1733605	0	Complete Genome	no_general_contig_count_exclusion; local_element_absence_requires_separate_assessment	/srv/CRC-PHIRE/projects/crc-pipeline/results/aimbeta_panel_freeze_20261002/final_genomes/GCF_027475005.1.fna	/srv/CRC-PHIRE/scratch/crc-phage/aimbeta_panel_freeze_20261002/fasta/GCF_027475005.1.fna	a6a0bdd0e1f0d126f2820454687e449c9ddf7c6509d675d2edfa373cb59272aa	NCBI_Datasets_download	official_accession_version_and_BioSample_and_sequence_total_length_match	true	NA	2026-10-02	fd7cd683b937cce7290d478a2198e3b104d136176bcf9aef7df7d99028de5751	GCF_027475005.1	remote/ncbi_reports/reports_07.json	67587dd3f3cbbff0070730b64c652cacda0127b7e78d013844374c09eed24440
AimBeta_final_v1_20261002	include	passed_source_identity_taxonomy_QC	research_catalog	GCF_027475025.1	GCA_027475025.1	PM114KC-AC-1	ISOLATE_SAMN29629863	SAMN29629863	PRJNA857572	unknown	adenocarcinoma	Homo sapiens	Spain: Galicia	CondePerez2024:P114	CRC_BioSample_documented	BioSample host_disease=Colorectal cancer	within_CRC_site_donor_descriptive	false	catalog inclusion does not establish donor independence or comparable CRC/control design; published blood series only scoped exploration	cultured_isolate_supported	original isolate paper sequence/BioSample/strain joined | named strain in clinical/host-associated isolate submission; Colon adenocarcinoma	https://www.ncbi.nlm.nih.gov/biosample/SAMN29629863;https://doi.org/10.1002/1878-0261.13506	Traceable named isolate submission; source reviewed; no unresolved collision within frozen input; independent donor not inferred	ISOLATE_SAMN29629863	SEQ_ddf5cea3ef7bf628	ddf5cea3ef7bf628b44cfc793c7361a3a53bd6359bf422e5877a25cecc3d9e11	Parvimonas micra	Parvimonas micra	33033	Parvimonas micra	Pm	accepted	GCA_900637905.1	97.73	92.01	84.08	6.74	skani 0.3.2 --medium; ANI>=95%, both AF>=65%; Bf divisions separate; anomalous Pm independently checked with bidirectional fastANI	fdeb8d7a108620392c36af15a1ee217210c8ba681638aa6865dca3d6eba5f3fd	../../remote/taxonomy/ani_to_refs.tsv	CheckM2 1.1.0	CheckM2 1.1.0; uniref100.KO.1.dmnd; sha256:1b86ef3eac0813c1853f53182c17657045e3763d66f384ec95747261a63ae46f	99.08	0.79	strict_95_2	1	1532745	1532745	0	Complete Genome	no_general_contig_count_exclusion; local_element_absence_requires_separate_assessment	/srv/CRC-PHIRE/projects/crc-pipeline/results/aimbeta_panel_freeze_20261002/final_genomes/GCF_027475025.1.fna	/srv/CRC-PHIRE/scratch/crc-phage/aimbeta_panel_freeze_20261002/fasta/GCF_027475025.1.fna	36bfae00962a966fc361efb783995f5d882a3f6768ab7b717007b0963c3f76cc	NCBI_Datasets_download	official_accession_version_and_BioSample_and_sequence_total_length_match	true	NA	2026-10-02	fd7cd683b937cce7290d478a2198e3b104d136176bcf9aef7df7d99028de5751	GCF_027475025.1	remote/ncbi_reports/reports_07.json	67587dd3f3cbbff0070730b64c652cacda0127b7e78d013844374c09eed24440
AimBeta_final_v1_20261002	include	passed_source_identity_taxonomy_QC	research_catalog	GCF_027460365.1	GCA_027460365.1	PM79KC-AC-1	ISOLATE_SAMN29629854	SAMN29629854	PRJNA857572	unknown	adenocarcinoma	Homo sapiens	Spain: Galicia	CondePerez2024:P79	CRC_BioSample_documented	BioSample host_disease=Colorectal cancer	within_CRC_site_donor_descriptive	false	catalog inclusion does not establish donor independence or comparable CRC/control design; published blood series only scoped exploration	cultured_isolate_supported	original isolate paper sequence/BioSample/strain joined | named strain in clinical/host-associated isolate submission; female 63 year old colorectal cancer patient 79 colon adenocarcinoma	https://www.ncbi.nlm.nih.gov/biosample/SAMN29629854;https://doi.org/10.1002/1878-0261.13506	Traceable named isolate submission; source reviewed; no unresolved collision within frozen input; independent donor not inferred	ISOLATE_SAMN29629854	SEQ_4be66fcfda8c8b66	4be66fcfda8c8b6678c9d6d6541027562eea4c6ad5525357177977308f2b1bfd	Parvimonas micra	Parvimonas micra	33033	Parvimonas micra	Pm	accepted	GCA_900637905.1	97.16	83.46	86.14	6.2	skani 0.3.2 --medium; ANI>=95%, both AF>=65%; Bf divisions separate; anomalous Pm independently checked with bidirectional fastANI	fdeb8d7a108620392c36af15a1ee217210c8ba681638aa6865dca3d6eba5f3fd	../../remote/taxonomy/ani_to_refs.tsv	CheckM2 1.1.0	CheckM2 1.1.0; uniref100.KO.1.dmnd; sha256:1b86ef3eac0813c1853f53182c17657045e3763d66f384ec95747261a63ae46f	99.6	1.7	strict_95_2	14	358780	1731212	0	Contig	no_general_contig_count_exclusion; local_element_absence_requires_separate_assessment	/srv/CRC-PHIRE/projects/crc-pipeline/results/aimbeta_panel_freeze_20261002/final_genomes/GCF_027460365.1.fna	/srv/CRC-PHIRE/scratch/crc-phage/aimbeta_panel_freeze_20261002/fasta/GCF_027460365.1.fna	a92aad65cd95a7dc06df4fd4c07add726ec4b95fe3f62e07da6314c8cee8cc06	NCBI_Datasets_download	official_accession_version_and_BioSample_and_sequence_total_length_match	true	NA	2026-10-02	fd7cd683b937cce7290d478a2198e3b104d136176bcf9aef7df7d99028de5751	GCF_027460365.1	remote/ncbi_reports/reports_06.json	ba4b6fef68254676389bfcda535887695762ca551389eb78c13eac4ef48bd294
AimBeta_final_v1_20261002	include	passed_source_identity_taxonomy_QC	research_catalog	GCF_027474925.1	GCA_027474925.1	PM79KC-AC-2	ISOLATE_SAMN29629855	SAMN29629855	PRJNA857572	unknown	adenocarcinoma	Homo sapiens	Spain: Galicia	CondePerez2024:P79	CRC_BioSample_documented	BioSample host_disease=Colorectal cancer	within_CRC_site_donor_descriptive	false	catalog inclusion does not establish donor independence or comparable CRC/control design; published blood series only scoped exploration	cultured_isolate_supported	original isolate paper sequence/BioSample/strain joined | named strain in clinical/host-associated isolate submission; Colon adenocarcinoma	https://www.ncbi.nlm.nih.gov/biosample/SAMN29629855;https://doi.org/10.1002/1878-0261.13506	Traceable named isolate submission; source reviewed; no unresolved collision within frozen input; independent donor not inferred	ISOLATE_SAMN29629855	SEQ_5a12c715661e1cdf	5a12c715661e1cdff455ffc1b73e7efcf5c957b8e2a2e68a1ac3e46ccb7050d4	Parvimonas micra	Parvimonas micra	33033	Parvimonas micra	Pm	accepted	GCA_900637905.1	97.31	83.27	87.15	6.32	skani 0.3.2 --medium; ANI>=95%, both AF>=65%; Bf divisions separate; anomalous Pm independently checked with bidirectional fastANI	fdeb8d7a108620392c36af15a1ee217210c8ba681638aa6865dca3d6eba5f3fd	../../remote/taxonomy/ani_to_refs.tsv	CheckM2 1.1.0	CheckM2 1.1.0; uniref100.KO.1.dmnd; sha256:1b86ef3eac0813c1853f53182c17657045e3763d66f384ec95747261a63ae46f	99.62	1.71	strict_95_2	1	1755474	1755474	0	Complete Genome	no_general_contig_count_exclusion; local_element_absence_requires_separate_assessment	/srv/CRC-PHIRE/projects/crc-pipeline/results/aimbeta_panel_freeze_20261002/final_genomes/GCF_027474925.1.fna	/srv/CRC-PHIRE/scratch/crc-phage/aimbeta_panel_freeze_20261002/fasta/GCF_027474925.1.fna	fed2af676d2ac57dc3c6b9a453845cf10502a4141556f9c0c947d7804164b082	NCBI_Datasets_download	official_accession_version_and_BioSample_and_sequence_total_length_match	true	NA	2026-10-02	fd7cd683b937cce7290d478a2198e3b104d136176bcf9aef7df7d99028de5751	GCF_027474925.1	remote/ncbi_reports/reports_06.json	ba4b6fef68254676389bfcda535887695762ca551389eb78c13eac4ef48bd294
AimBeta_final_v1_20261002	include	passed_source_identity_taxonomy_QC	research_catalog	GCF_027460345.1	GCA_027460345.1	PM79KC-AC-3	ISOLATE_SAMN29629856	SAMN29629856	PRJNA857572	unknown	adenocarcinoma	Homo sapiens	Spain: Galicia	CondePerez2024:P79	CRC_BioSample_documented	BioSample host_disease=Colorectal cancer	within_CRC_site_donor_descriptive	false	catalog inclusion does not establish donor independence or comparable CRC/control design; published blood series only scoped exploration	cultured_isolate_supported	original isolate paper sequence/BioSample/strain joined | named strain in clinical/host-associated isolate submission; female 63 year old colorectal cancer patient 79 colon adenocarcinoma	https://www.ncbi.nlm.nih.gov/biosample/SAMN29629856;https://doi.org/10.1002/1878-0261.13506	Traceable named isolate submission; source reviewed; no unresolved collision within frozen input; independent donor not inferred	ISOLATE_SAMN29629856	SEQ_2d9da73590641b61	2d9da73590641b612850227b6abed9c535152a092aee12cdf2c983be026532b5	Parvimonas micra	Parvimonas micra	33033	Parvimonas micra	Pm	accepted	GCA_900637905.1	97.02	83.36	85.96	5.99	skani 0.3.2 --medium; ANI>=95%, both AF>=65%; Bf divisions separate; anomalous Pm independently checked with bidirectional fastANI	fdeb8d7a108620392c36af15a1ee217210c8ba681638aa6865dca3d6eba5f3fd	../../remote/taxonomy/ani_to_refs.tsv	CheckM2 1.1.0	CheckM2 1.1.0; uniref100.KO.1.dmnd; sha256:1b86ef3eac0813c1853f53182c17657045e3763d66f384ec95747261a63ae46f	99.6	1.7	strict_95_2	21	240985	1729584	0	Contig	no_general_contig_count_exclusion; local_element_absence_requires_separate_assessment	/srv/CRC-PHIRE/projects/crc-pipeline/results/aimbeta_panel_freeze_20261002/final_genomes/GCF_027460345.1.fna	/srv/CRC-PHIRE/scratch/crc-phage/aimbeta_panel_freeze_20261002/fasta/GCF_027460345.1.fna	e50505a624ca185759d55a7c9459a9914efca406aabae7aace953b2293c7fe66	NCBI_Datasets_download	official_accession_version_and_BioSample_and_sequence_total_length_match	true	NA	2026-10-02	fd7cd683b937cce7290d478a2198e3b104d136176bcf9aef7df7d99028de5751	GCF_027460345.1	remote/ncbi_reports/reports_06.json	ba4b6fef68254676389bfcda535887695762ca551389eb78c13eac4ef48bd294
AimBeta_final_v1_20261002	include	passed_source_identity_taxonomy_QC	research_catalog	GCF_027460305.1	GCA_027460305.1	PM79KC-AC-4	ISOLATE_SAMN29629857	SAMN29629857	PRJNA857572	unknown	adenocarcinoma	Homo sapiens	Spain: Galicia	CondePerez2024:P79	CRC_BioSample_documented	BioSample host_disease=Colorectal cancer	within_CRC_site_donor_descriptive	false	catalog inclusion does not establish donor independence or comparable CRC/control design; published blood series only scoped exploration	cultured_isolate_supported	original isolate paper sequence/BioSample/strain joined | named strain in clinical/host-associated isolate submission; female 63 year old colorectal cancer patient 79 colon adenocarcinoma	https://www.ncbi.nlm.nih.gov/biosample/SAMN29629857;https://doi.org/10.1002/1878-0261.13506	Traceable named isolate submission; source reviewed; no unresolved collision within frozen input; independent donor not inferred	ISOLATE_SAMN29629857	SEQ_57a6a8d3d5aad2b6	57a6a8d3d5aad2b67152e275ad050614cc7b80d2944acd8cb3d460dcfd9e93da	Parvimonas micra	Parvimonas micra	33033	Parvimonas micra	Pm	accepted	GCA_900637905.1	97.02	83.62	86.33	6.06	skani 0.3.2 --medium; ANI>=95%, both AF>=65%; Bf divisions separate; anomalous Pm independently checked with bidirectional fastANI	fdeb8d7a108620392c36af15a1ee217210c8ba681638aa6865dca3d6eba5f3fd	../../remote/taxonomy/ani_to_refs.tsv	CheckM2 1.1.0	CheckM2 1.1.0; uniref100.KO.1.dmnd; sha256:1b86ef3eac0813c1853f53182c17657045e3763d66f384ec95747261a63ae46f	99.6	1.7	strict_95_2	20	366837	1731933	0	Contig	no_general_contig_count_exclusion; local_element_absence_requires_separate_assessment	/srv/CRC-PHIRE/projects/crc-pipeline/results/aimbeta_panel_freeze_20261002/final_genomes/GCF_027460305.1.fna	/srv/CRC-PHIRE/scratch/crc-phage/aimbeta_panel_freeze_20261002/fasta/GCF_027460305.1.fna	689a62feba5f3a01cfb310f4faa28b45313e987dad008970b8e6591492580130	NCBI_Datasets_download	official_accession_version_and_BioSample_and_sequence_total_length_match	true	NA	2026-10-02	fd7cd683b937cce7290d478a2198e3b104d136176bcf9aef7df7d99028de5751	GCF_027460305.1	remote/ncbi_reports/reports_06.json	ba4b6fef68254676389bfcda535887695762ca551389eb78c13eac4ef48bd294
AimBeta_final_v1_20261002	include	passed_source_identity_taxonomy_QC	research_catalog	GCF_027474905.1	GCA_027474905.1	PM79KC-G-1	ISOLATE_SAMN29629853	SAMN29629853	PRJNA857572	unknown	gingival_crevicular_fluid	Homo sapiens	Spain: Galicia	CondePerez2024:P79	CRC_BioSample_documented	BioSample host_disease=Colorectal cancer	within_CRC_site_donor_descriptive	false	catalog inclusion does not establish donor independence or comparable CRC/control design; published blood series only scoped exploration	cultured_isolate_supported	original isolate paper sequence/BioSample/strain joined | named strain in clinical/host-associated isolate submission; Gingival crevicular fluid	https://www.ncbi.nlm.nih.gov/biosample/SAMN29629853;https://doi.org/10.1002/1878-0261.13506	Traceable named isolate submission; source reviewed; no unresolved collision within frozen input; independent donor not inferred	ISOLATE_SAMN29629853	SEQ_cef6631a41c13b2d	cef6631a41c13b2dd893d21d55e88a8edaa1db2f127754687ba09cce275f7a7a	Parvimonas micra	Parvimonas micra	33033	Parvimonas micra	Pm	accepted	GCA_900637905.1	97.56	86.65	86.69	5.96	skani 0.3.2 --medium; ANI>=95%, both AF>=65%; Bf divisions separate; anomalous Pm independently checked with bidirectional fastANI	fdeb8d7a108620392c36af15a1ee217210c8ba681638aa6865dca3d6eba5f3fd	../../remote/taxonomy/ani_to_refs.tsv	CheckM2 1.1.0	CheckM2 1.1.0; uniref100.KO.1.dmnd; sha256:1b86ef3eac0813c1853f53182c17657045e3763d66f384ec95747261a63ae46f	99.7	0.94	strict_95_2	1	1678242	1678242	0	Complete Genome	no_general_contig_count_exclusion; local_element_absence_requires_separate_assessment	/srv/CRC-PHIRE/projects/crc-pipeline/results/aimbeta_panel_freeze_20261002/final_genomes/GCF_027474905.1.fna	/srv/CRC-PHIRE/scratch/crc-phage/aimbeta_panel_freeze_20261002/fasta/GCF_027474905.1.fna	46dabec18e4bf430db2e1fb88721070ebc67fec2d46ef0f80bf956ceadcfb751	NCBI_Datasets_download	official_accession_version_and_BioSample_and_sequence_total_length_match	true	NA	2026-10-02	fd7cd683b937cce7290d478a2198e3b104d136176bcf9aef7df7d99028de5751	GCF_027474905.1	remote/ncbi_reports/reports_06.json	ba4b6fef68254676389bfcda535887695762ca551389eb78c13eac4ef48bd294
AimBeta_final_v1_20261002	include	passed_source_identity_taxonomy_QC	research_catalog	GCF_027474985.1	GCA_027474985.1	PM89KC-AC-1	ISOLATE_SAMN29629860	SAMN29629860	PRJNA857572	unknown	adenocarcinoma	Homo sapiens	Spain: Galicia	CondePerez2024:P89	CRC_BioSample_documented	BioSample host_disease=Colorectal cancer	within_CRC_site_donor_descriptive	false	catalog inclusion does not establish donor independence or comparable CRC/control design; published blood series only scoped exploration	cultured_isolate_supported	original isolate paper sequence/BioSample/strain joined | named strain in clinical/host-associated isolate submission; Colon adenocarcinoma	https://www.ncbi.nlm.nih.gov/biosample/SAMN29629860;https://doi.org/10.1002/1878-0261.13506	Traceable named isolate submission; source reviewed; no unresolved collision within frozen input; independent donor not inferred	ISOLATE_SAMN29629860	SEQ_e906f75587d5ca57	e906f75587d5ca579e559c3f143a18e2b4558fba846d72acde8b46b782e4b522	Parvimonas micra	Parvimonas micra	33033	Parvimonas micra	Pm	accepted	GCA_900637905.1	97.3	86.71	86.0	6.31	skani 0.3.2 --medium; ANI>=95%, both AF>=65%; Bf divisions separate; anomalous Pm independently checked with bidirectional fastANI	fdeb8d7a108620392c36af15a1ee217210c8ba681638aa6865dca3d6eba5f3fd	../../remote/taxonomy/ani_to_refs.tsv	CheckM2 1.1.0	CheckM2 1.1.0; uniref100.KO.1.dmnd; sha256:1b86ef3eac0813c1853f53182c17657045e3763d66f384ec95747261a63ae46f	99.44	0.83	strict_95_2	1	1663572	1663572	0	Complete Genome	no_general_contig_count_exclusion; local_element_absence_requires_separate_assessment	/srv/CRC-PHIRE/projects/crc-pipeline/results/aimbeta_panel_freeze_20261002/final_genomes/GCF_027474985.1.fna	/srv/CRC-PHIRE/scratch/crc-phage/aimbeta_panel_freeze_20261002/fasta/GCF_027474985.1.fna	9892b33637ddccf65135fa7644be0743c9f85ef080d002201a18af0f592e524c	NCBI_Datasets_download	official_accession_version_and_BioSample_and_sequence_total_length_match	true	NA	2026-10-02	fd7cd683b937cce7290d478a2198e3b104d136176bcf9aef7df7d99028de5751	GCF_027474985.1	remote/ncbi_reports/reports_07.json	67587dd3f3cbbff0070730b64c652cacda0127b7e78d013844374c09eed24440
AimBeta_final_v1_20261002	include	passed_source_identity_taxonomy_QC	research_catalog	GCF_027474945.1	GCA_027474945.1	PM89KC-G-1	ISOLATE_SAMN29629858	SAMN29629858	PRJNA857572	unknown	gingival_crevicular_fluid	Homo sapiens	Spain: Galicia	CondePerez2024:P89	CRC_BioSample_documented	BioSample host_disease=Colorectal cancer	within_CRC_site_donor_descriptive	false	catalog inclusion does not establish donor independence or comparable CRC/control design; published blood series only scoped exploration	cultured_isolate_supported	original isolate paper sequence/BioSample/strain joined | named strain in clinical/host-associated isolate submission; Gingival crevicular fluid	https://www.ncbi.nlm.nih.gov/biosample/SAMN29629858;https://doi.org/10.1002/1878-0261.13506	Traceable named isolate submission; source reviewed; no unresolved collision within frozen input; independent donor not inferred	ISOLATE_SAMN29629858	SEQ_87437046d772f67f	87437046d772f67f7709f3b6ec01a888832fe10272e2abdf7c23f1605f7cb6aa	Parvimonas micra	Parvimonas micra	33033	Parvimonas micra	Pm	accepted	GCA_900637905.1	97.4	87.23	87.2	6.01	skani 0.3.2 --medium; ANI>=95%, both AF>=65%; Bf divisions separate; anomalous Pm independently checked with bidirectional fastANI	fdeb8d7a108620392c36af15a1ee217210c8ba681638aa6865dca3d6eba5f3fd	../../remote/taxonomy/ani_to_refs.tsv	CheckM2 1.1.0	CheckM2 1.1.0; uniref100.KO.1.dmnd; sha256:1b86ef3eac0813c1853f53182c17657045e3763d66f384ec95747261a63ae46f	99.25	0.89	strict_95_2	1	1676768	1676768	0	Complete Genome	no_general_contig_count_exclusion; local_element_absence_requires_separate_assessment	/srv/CRC-PHIRE/projects/crc-pipeline/results/aimbeta_panel_freeze_20261002/final_genomes/GCF_027474945.1.fna	/srv/CRC-PHIRE/scratch/crc-phage/aimbeta_panel_freeze_20261002/fasta/GCF_027474945.1.fna	9c71a548e24d34f224bfa4bda0655d972af0d63caf88ef12e549ee17ff35cce0	NCBI_Datasets_download	official_accession_version_and_BioSample_and_sequence_total_length_match	true	NA	2026-10-02	fd7cd683b937cce7290d478a2198e3b104d136176bcf9aef7df7d99028de5751	GCF_027474945.1	remote/ncbi_reports/reports_07.json	67587dd3f3cbbff0070730b64c652cacda0127b7e78d013844374c09eed24440
AimBeta_final_v1_20261002	include	passed_source_identity_taxonomy_QC	research_catalog	GCF_027474965.1	GCA_027474965.1	PM89KC-G-2	ISOLATE_SAMN29629859	SAMN29629859	PRJNA857572	unknown	gingival_crevicular_fluid	Homo sapiens	Spain: Galicia	CondePerez2024:P89	CRC_BioSample_documented	BioSample host_disease=Colorectal cancer	within_CRC_site_donor_descriptive	false	catalog inclusion does not establish donor independence or comparable CRC/control design; published blood series only scoped exploration	cultured_isolate_supported	original isolate paper sequence/BioSample/strain joined | named strain in clinical/host-associated isolate submission; Gingival crevicular fluid	https://www.ncbi.nlm.nih.gov/biosample/SAMN29629859;https://doi.org/10.1002/1878-0261.13506	Traceable named isolate submission; source reviewed; no unresolved collision within frozen input; independent donor not inferred	ISOLATE_SAMN29629859	SEQ_1b0847f093f7b317	1b0847f093f7b317bc185e9bc61e2b90582fe2ecb5ef8adbf5740bf653905fe1	Parvimonas micra	Parvimonas micra	33033	Parvimonas micra	Pm	accepted	GCA_900637905.1	97.4	87.23	87.19	6.01	skani 0.3.2 --medium; ANI>=95%, both AF>=65%; Bf divisions separate; anomalous Pm independently checked with bidirectional fastANI	fdeb8d7a108620392c36af15a1ee217210c8ba681638aa6865dca3d6eba5f3fd	../../remote/taxonomy/ani_to_refs.tsv	CheckM2 1.1.0	CheckM2 1.1.0; uniref100.KO.1.dmnd; sha256:1b86ef3eac0813c1853f53182c17657045e3763d66f384ec95747261a63ae46f	99.25	0.89	strict_95_2	1	1676568	1676568	0	Complete Genome	no_general_contig_count_exclusion; local_element_absence_requires_separate_assessment	/srv/CRC-PHIRE/projects/crc-pipeline/results/aimbeta_panel_freeze_20261002/final_genomes/GCF_027474965.1.fna	/srv/CRC-PHIRE/scratch/crc-phage/aimbeta_panel_freeze_20261002/fasta/GCF_027474965.1.fna	fa583a49c465aac471ac1bb0027adb74fec1753efb8ab9071493e287e35e67df	NCBI_Datasets_download	official_accession_version_and_BioSample_and_sequence_total_length_match	true	NA	2026-10-02	fd7cd683b937cce7290d478a2198e3b104d136176bcf9aef7df7d99028de5751	GCF_027474965.1	remote/ncbi_reports/reports_07.json	67587dd3f3cbbff0070730b64c652cacda0127b7e78d013844374c09eed24440
AimBeta_final_v1_20261002	include	passed_source_identity_taxonomy_QC	research_catalog	GCF_027460315.1	GCA_027460315.1	PM94KC-G-1	ISOLATE_SAMN29629861	SAMN29629861	PRJNA857572	unknown	gingival_crevicular_fluid	Homo sapiens	Spain: Galicia	CondePerez2024:P94	CRC_BioSample_documented	BioSample host_disease=Colorectal cancer	within_CRC_site_donor_descriptive	false	catalog inclusion does not establish donor independence or comparable CRC/control design; published blood series only scoped exploration	cultured_isolate_supported	original isolate paper sequence/BioSample/strain joined | named strain in clinical/host-associated isolate submission; male 66 year old colorectal cancer patient 94 gingival crevicular fluid	https://www.ncbi.nlm.nih.gov/biosample/SAMN29629861;https://doi.org/10.1002/1878-0261.13506	Traceable named isolate submission; source reviewed; no unresolved collision within frozen input; independent donor not inferred	ISOLATE_SAMN29629861	SEQ_e3615f733a036cd6	e3615f733a036cd6ba725a52c66226cc935943fdf1706608e332bab4f146f8a0	Parvimonas micra	Parvimonas micra	33033	Parvimonas micra	Pm	accepted	GCA_900637905.1	97.02	84.98	84.73	5.95	skani 0.3.2 --medium; ANI>=95%, both AF>=65%; Bf divisions separate; anomalous Pm independently checked with bidirectional fastANI	fdeb8d7a108620392c36af15a1ee217210c8ba681638aa6865dca3d6eba5f3fd	../../remote/taxonomy/ani_to_refs.tsv	CheckM2 1.1.0	CheckM2 1.1.0; uniref100.KO.1.dmnd; sha256:1b86ef3eac0813c1853f53182c17657045e3763d66f384ec95747261a63ae46f	99.24	0.99	strict_95_2	13	259566	1672481	0	Contig	no_general_contig_count_exclusion; local_element_absence_requires_separate_assessment	/srv/CRC-PHIRE/projects/crc-pipeline/results/aimbeta_panel_freeze_20261002/final_genomes/GCF_027460315.1.fna	/srv/CRC-PHIRE/scratch/crc-phage/aimbeta_panel_freeze_20261002/fasta/GCF_027460315.1.fna	915fc648497990752ae3d8a757e543be507078f83b755f648379131bd17f1840	NCBI_Datasets_download	official_accession_version_and_BioSample_and_sequence_total_length_match	true	NA	2026-10-02	fd7cd683b937cce7290d478a2198e3b104d136176bcf9aef7df7d99028de5751	GCF_027460315.1	remote/ncbi_reports/reports_07.json	67587dd3f3cbbff0070730b64c652cacda0127b7e78d013844374c09eed24440
